OBJECTID,MRN,Fatality,Injury,Latitude,Longitude,THP_District,Collision_Date,Collision_Year,Collision_Month,Collision_Day,Collision_Hour,Collision_Min,Collision_DOW,Collision_Time,Crash_Type,Light_Condition,Weather,First_Harmfu_Event,Work_Zone_Type,Agency_Name,THP,Unbelted,Distracted_Driver,Driver_Drinking,Driver_Drugged,Drowsy_Driver,Speeding_Involved,Pedalcyclist,Pedestrian,Other_Nonmotorist,ATV_Involved,LargeTruck_Involved,Motorcycle_Involved,SchoolBus,County,City,DOW_Nmb
2530,103944899,0,1,35.20641,-85.52042,2,2024-05-12 19:03:00,2024,5,12,19,3,Sunday,19:03,Suspected Serious Injury,Daylight,Clear,Ditch,None,WHITWELL POLICE DEPT,Other,Unbelted,-,-,-,-,-,-,-,-,-,-,-,-,Marion,Whitwell,1
2531,103944981,0,1,35.21309,-85.52437,2,2024-05-08 10:00:00,2024,5,8,10,0,Wednesday,10:00,Suspected Serious Injury,Daylight,Cloudy,"Over Turn, Roll Over",None,WHITWELL POLICE DEPT,Other,Unbelted,-,-,-,-,Speeding,-,-,-,-,-,-,-,Marion,Whitwell,4
2539,103945851,0,1,36.12221,-86.72754,3,2024-05-14 19:35:00,2024,5,14,19,35,Tuesday,19:35,Suspected Serious Injury,Daylight,Cloudy,Concrete Traffic Barrier,None,METROPOLITAN NASHVILLE POLICE DEPT,Other,Unbelted,-,-,-,-,-,-,-,-,-,-,-,-,Davidson,Nashville,3
2563,103948418,0,2,36.11154,-86.72324,3,2024-05-19 05:50:00,2024,5,19,5,50,Sunday,05:50,Suspected Serious Injury,Daylight,Clear,Concrete Traffic Barrier,None,METROPOLITAN NASHVILLE POLICE DEPT,Other,Unbelted,-,-,-,-,-,-,-,-,-,-,-,-,Davidson,Nashville,1
2573,103948860,0,1,35.26028,-89.00753,4,2024-05-17 18:12:00,2024,5,17,18,12,Friday,18:12,Suspected Serious Injury,Daylight,Clear,Motor Vehicle-In-Transport On Different Roadway,None,BOLIVAR POLICE DEPT,Other,Unbelted,-,-,-,-,-,-,-,-,-,-,-,-,Hardeman,Bolivar,6
2580,103949575,0,1,36.55954,-83.64755,5,2024-05-21 05:51:00,2024,5,21,5,51,Tuesday,05:51,Suspected Serious Injury,Dawn,Clear,Motor Vehicle-In-Transport On Same Roadway,None,CLAIBORNE CO SHERIFFS OFFICE,Other,Unbelted,-,-,-,-,Speeding,-,-,-,-,ATV_Involved,-,-,Claiborne,Harrogate,3
2588,103950236,0,1,35.21366,-86.13439,2,2024-05-17 17:09:00,2024,5,17,17,9,Friday,17:09,Suspected Serious Injury,Daylight,Cloudy,Paved Surface-Irregular,None,WINCHESTER POLICE DEPT,Other,-,Distracted,-,-,-,-,-,-,-,-,-,Motorcyclist,-,Franklin,Winchester,6
2590,103951063,0,1,36.15015,-86.85795,3,2024-05-23 14:57:00,2024,5,23,14,57,Thursday,14:57,Suspected Serious Injury,Daylight,Clear,Non-Motorist Personal Conveyance,None,METROPOLITAN NASHVILLE POLICE DEPT,Other,Unbelted,-,-,-,-,-,-,Pedestrian,-,-,-,-,-,Davidson,Nashville,5
2592,103951429,0,2,35.09192,-84.86467,2,2024-05-24 08:58:00,2024,5,24,8,58,Friday,08:58,Suspected Serious Injury,Daylight,Clear,Motor Vehicle-In-Transport On Same Roadway,None,BRADLEY CO SHERIFFS DEPT,Other,Unbelted,-,-,-,-,-,-,-,-,-,-,-,-,Bradley,Not in City Limit,6
2605,103953560,0,8,35.19119,-86.11786,2,2024-05-26 00:00:00,2024,5,26,24,0,Sunday,24:00,Suspected Serious Injury,Daylight,Clear,Motor Vehicle-In-Transport On Different Roadway,None,WINCHESTER POLICE DEPT,Other,Unbelted,-,-,-,-,-,-,-,-,-,-,-,-,Franklin,Winchester,1
2612,103955773,0,1,36.19284,-86.7777,3,2024-05-29 16:01:00,2024,5,29,16,1,Wednesday,16:01,Suspected Serious Injury,Daylight,Clear,Motor Vehicle-In-Transport On Same Roadway,None,METROPOLITAN NASHVILLE POLICE DEPT,Other,Unbelted,-,-,-,-,-,-,-,-,-,ATV_Involved,Motorcyclist,-,Davidson,Nashville,4
2618,103956740,0,1,36.2075,-86.73567,3,2024-05-30 18:40:00,2024,5,30,18,40,Thursday,18:40,Suspected Serious Injury,Daylight,Clear,Pedestrian,None,METROPOLITAN NASHVILLE POLICE DEPT,Other,Unbelted,-,-,-,-,-,-,Pedestrian,-,-,-,-,-,Davidson,Nashville,5
2623,103957743,0,2,35.64612,-86.67812,7,2024-05-31 15:43:00,2024,5,31,15,43,Friday,15:43,Suspected Serious Injury,Daylight,Clear,Motor Vehicle-In-Transport On Same Roadway,None,CHAPEL HILL POLICE DEPT,Other,Unbelted,-,-,-,-,-,-,-,-,-,-,-,-,Marshall,Chapel Hill,6
2679,103972145,0,1,36.3022,-88.34736,8,2024-06-20 22:38:00,2024,6,20,22,38,Thursday,22:38,Suspected Serious Injury,Dark-Not Lighted,Clear,Pedal-Cycle,None,PARIS POLICE DEPT,Other,Unbelted,-,-,-,-,-,Pedalcyclist,-,-,-,-,-,-,Henry,Paris,5
2687,103973431,0,1,36.60163,-85.05692,6,2024-06-22 00:00:00,2024,6,22,24,0,Saturday,24:00,Suspected Serious Injury,Daylight,Clear,Other Non-Collision,None,PICKETT CO SHERIFFS DEPT,Other,-,-,-,-,-,-,-,-,-,-,-,Motorcyclist,-,Pickett,Not in City Limit,7
2698,103976264,0,5,34.99543,-85.23538,2,2024-06-21 20:06:00,2024,6,21,20,6,Friday,20:06,Suspected Serious Injury,Daylight,Clear,Motor Vehicle-In-Transport On Same Roadway,None,EAST RIDGE POLICE DEPT,Other,Unbelted,Distracted,Drinking,Drug,-,-,-,-,-,-,-,-,-,Hamilton,East Ridge,6
2739,300933248,0,5,35.012665,-89.848656,4,2024-01-01 22:00:00,2024,1,1,22,0,Monday,22:00,Suspected Serious Injury,Dark-Lighted,Clear,Motor Vehicle-In-Transport On Same Roadway,None,MEMPHIS POLICE DEPT,Other,Unbelted,-,-,-,-,-,-,-,-,-,-,-,-,Shelby,Memphis,2
2740,300933253,0,1,35.203697,-89.97763,4,2024-01-01 22:30:00,2024,1,1,22,30,Monday,22:30,Suspected Serious Injury,Dark-Lighted,Clear,Motor Vehicle-In-Transport On Same Roadway,None,MEMPHIS POLICE DEPT,Other,Unbelted,-,-,-,-,-,-,-,-,-,-,-,-,Shelby,Memphis,2
2776,300933528,0,3,35.201717,-89.91898,4,2024-01-03 12:30:00,2024,1,3,12,30,Wednesday,12:30,Suspected Serious Injury,Daylight,Cloudy,Motor Vehicle-In-Transport On Same Roadway,None,MEMPHIS POLICE DEPT,Other,Unbelted,-,-,-,-,-,-,-,-,-,ATV_Involved,-,-,Shelby,Memphis,4
2777,300933529,1,0,35.048794,-89.92077,4,2024-01-03 18:25:00,2024,1,3,18,25,Wednesday,18:25,Fatal,Dark-Lighted,Clear,Pedestrian,None,MEMPHIS POLICE DEPT,Other,Unbelted,-,-,-,-,-,-,Pedestrian,-,-,-,-,-,Shelby,Memphis,4
2788,300933603,0,4,35.11825,-89.86914,4,2024-01-04 00:03:00,2024,1,4,0,3,Thursday,00:03,Suspected Serious Injury,Dark-Lighted,Clear,Motor Vehicle-In-Transport On Same Roadway,None,MEMPHIS POLICE DEPT,Other,Unbelted,-,Drinking,Drug,-,-,-,-,-,-,-,-,-,Shelby,Memphis,5
2795,300933627,0,3,35.221107,-89.96854,4,2024-01-04 06:40:00,2024,1,4,6,40,Thursday,06:40,Suspected Serious Injury,Dawn,Clear,Motor Vehicle-In-Transport On Same Roadway,None,MEMPHIS POLICE DEPT,Other,Unbelted,-,-,-,-,-,-,-,-,-,-,-,-,Shelby,Memphis,5
2799,300933636,1,1,35.137585,-90.024116,4,2024-01-04 14:11:00,2024,1,4,14,11,Thursday,14:11,Fatal,Daylight,Clear,Motor Vehicle-In-Transport On Same Roadway,None,MEMPHIS POLICE DEPT,Other,Unbelted,-,-,-,-,-,-,-,-,-,ATV_Involved,-,-,Shelby,Memphis,5
2811,300933672,0,1,35.041744,-89.830925,4,2024-01-04 23:05:00,2024,1,4,23,5,Thursday,23:05,Suspected Serious Injury,Dark-Lighted,Clear,Curb,None,MEMPHIS POLICE DEPT,Other,Unbelted,-,-,-,-,-,-,-,-,-,-,-,-,Shelby,Memphis,5
2843,300933860,0,1,36.364964,-82.411064,5,2024-01-06 02:50:00,2024,1,6,2,50,Saturday,02:50,Suspected Serious Injury,Dark-Not Lighted,Rain,Ditch,None,JOHNSON CITY POLICE DEPT,Other,Unbelted,-,-,-,-,-,-,-,-,-,-,-,-,Washington,Johnson City,7
2844,300933872,0,1,35.085983,-89.85877,4,2024-01-05 10:20:00,2024,1,5,10,20,Friday,10:20,Suspected Serious Injury,Daylight,Clear,Utility Pole,None,MEMPHIS POLICE DEPT,Other,Unbelted,-,-,-,-,-,-,-,-,-,-,-,-,Shelby,Memphis,6
2854,300933931,1,0,35.117207,-89.88791,4,2024-01-05 13:15:00,2024,1,5,13,15,Friday,13:15,Fatal,Daylight,Clear,Fire Hydrant,None,MEMPHIS POLICE DEPT,Other,Unbelted,-,-,-,-,-,-,-,-,-,ATV_Involved,-,-,Shelby,Memphis,6
2869,300934025,0,1,36.496277,-82.512406,5,2024-01-07 02:45:00,2024,1,7,2,45,Sunday,02:45,Suspected Serious Injury,Dark-Unknown Lighting,Rain,Shrubbery,None,KINGSPORT POLICE DEPARTMENT,Other,-,-,-,-,-,-,-,-,-,-,-,Motorcyclist,-,Sullivan,Kingsport,1
2928,300934381,0,2,35.244167,-89.92607,4,2024-01-08 09:55:00,2024,1,8,9,55,Monday,09:55,Suspected Serious Injury,Daylight,Clear,Motor Vehicle-In-Transport On Same Roadway,None,MEMPHIS POLICE DEPT,Other,Unbelted,-,-,-,-,-,-,-,-,-,-,-,-,Shelby,Memphis,2
2984,300934721,0,2,35.080093,-89.93132,4,2024-01-09 16:06:00,2024,1,9,16,6,Tuesday,16:06,Suspected Serious Injury,Daylight,Clear,Motor Vehicle-In-Transport On Same Roadway,None,MEMPHIS POLICE DEPT,Other,Unbelted,-,-,-,-,-,-,-,-,-,ATV_Involved,-,-,Shelby,Memphis,3
3000,300935286,0,1,35.046716,-85.309165,2,2024-01-11 11:20:00,2024,1,11,11,20,Thursday,11:20,Suspected Serious Injury,Daylight,Clear,Parked Motor Vehicle,None,CHATTANOOGA POLICE DEPT,Other,Unbelted,-,-,-,-,-,-,-,-,-,-,-,-,Hamilton,Chattanooga,5
3001,300935307,0,2,36.502277,-82.5602,5,2024-01-11 12:51:00,2024,1,11,12,51,Thursday,12:51,Suspected Serious Injury,Daylight,Clear,Standing Tree,None,KINGSPORT POLICE DEPARTMENT,Other,Unbelted,-,-,-,-,-,-,-,-,-,-,-,-,Sullivan,Kingsport,5
3013,300935364,0,2,35.062023,-89.952095,4,2024-01-11 17:32:00,2024,1,11,17,32,Thursday,17:32,Suspected Serious Injury,Dark-Lighted,Clear,Motor Vehicle-In-Transport On Same Roadway,None,MEMPHIS POLICE DEPT,Other,Unbelted,-,-,-,-,-,-,-,-,-,-,-,-,Shelby,Memphis,5
3019,300935406,0,1,35.117207,-89.88791,4,2024-01-11 23:15:00,2024,1,11,23,15,Thursday,23:15,Suspected Serious Injury,Dark-Lighted,Clear,Motor Vehicle-In-Transport On Same Roadway,None,MEMPHIS POLICE DEPT,Other,Unbelted,-,-,-,-,-,-,-,-,-,-,-,-,Shelby,Memphis,5
3033,300935482,0,2,36.562477,-82.46398,5,2024-01-12 12:09:00,2024,1,12,12,9,Friday,12:09,Suspected Serious Injury,Daylight,Clear,Culvert,None,KINGSPORT POLICE DEPARTMENT,Other,Unbelted,-,-,-,-,-,-,-,-,-,-,-,-,Sullivan,Kingsport,6
3055,300935582,0,4,36.316044,-82.433975,5,2024-01-12 21:03:00,2024,1,12,21,3,Friday,21:03,Suspected Serious Injury,Dark-Not Lighted,Rain,Standing Tree,None,WASHINGTON CO SHERIFFS DEPT,Other,Unbelted,-,Drinking,-,-,Speeding,-,-,-,-,-,-,-,Washington,Johnson City,6
3056,300935585,0,1,36.527016,-82.19849,5,2024-01-12 16:38:00,2024,1,12,16,38,Friday,16:38,Suspected Serious Injury,Daylight,Clear,Guard Rail End,None,BRISTOL POLICE DEPT,Other,Unbelted,-,-,-,-,-,-,-,-,-,-,-,-,Sullivan,Bristol,6
3057,300935597,0,2,35.193726,-84.85727,2,2024-01-12 16:02:00,2024,1,12,16,2,Friday,16:02,Suspected Serious Injury,Daylight,Rain,Motor Vehicle-In-Transport On Same Roadway,None,CLEVELAND POLICE DEPT,Other,Unbelted,-,-,-,-,-,-,-,-,-,-,-,-,Bradley,Cleveland,6
3063,300935623,0,1,35.069042,-89.92421,4,2024-01-12 12:45:00,2024,1,12,12,45,Friday,12:45,Suspected Serious Injury,Daylight,Cloudy,Utility Pole,None,MEMPHIS POLICE DEPT,Other,Unbelted,-,-,-,-,-,-,-,-,-,-,-,-,Shelby,Memphis,6
3069,300935639,0,3,35.042828,-90.06953,4,2024-01-11 23:18:00,2024,1,11,23,18,Thursday,23:18,Suspected Serious Injury,Dark-Lighted,Clear,Motor Vehicle-In-Transport On Same Roadway,None,MEMPHIS POLICE DEPT,Other,Unbelted,-,-,-,-,-,-,-,-,-,-,-,-,Shelby,Memphis,5
3099,300935810,0,3,35.047153,-85.235757,2,2024-01-13 15:48:00,2024,1,13,15,48,Saturday,15:48,Suspected Serious Injury,Daylight,Clear,Motor Vehicle-In-Transport On Same Roadway,None,CHATTANOOGA POLICE DEPT,Other,Unbelted,-,-,-,-,-,-,-,-,-,-,-,-,Hamilton,Chattanooga,7
3150,300936047,1,0,36.567374,-87.404751,3,2024-01-13 01:13:00,2024,1,13,1,13,Saturday,01:13,Fatal,Dark-Not Lighted,Clear,Pedestrian,None,CLARKSVILLE POLICE DEPT,Other,Unbelted,-,-,-,-,-,-,Pedestrian,-,-,-,-,-,Montgomery,Clarksville,7
3211,300936455,0,1,34.986772,-85.289602,2,2024-01-19 13:44:00,2024,1,19,13,44,Friday,13:44,Suspected Serious Injury,Daylight,Clear,Motor Vehicle-In-Transport On Same Roadway,None,CHATTANOOGA POLICE DEPT,Other,Unbelted,-,-,-,-,-,-,-,-,-,ATV_Involved,-,-,Hamilton,Chattanooga,6
3213,300936486,0,1,35.158005,-90.02074,4,2024-01-13 16:20:00,2024,1,13,16,20,Saturday,16:20,Suspected Serious Injury,Daylight,Clear,Wall,None,MEMPHIS POLICE DEPT,Other,Unbelted,-,-,-,-,-,-,-,-,-,-,-,-,Shelby,Memphis,7
3218,300936514,0,1,35.069016,-89.903175,4,2024-01-20 03:17:00,2024,1,20,3,17,Saturday,03:17,Suspected Serious Injury,Dark-Lighted,Snow,Utility Pole,None,MEMPHIS POLICE DEPT,Other,Unbelted,-,-,-,-,-,-,-,-,-,-,-,-,Shelby,Memphis,7
3236,300936623,0,1,35.187935,-84.826614,2,2024-01-21 08:08:00,2024,1,21,8,8,Sunday,08:08,Suspected Serious Injury,Daylight,Clear,Motor Vehicle-In-Transport On Same Roadway,None,CLEVELAND POLICE DEPT,Other,Unbelted,-,-,-,-,-,-,-,-,-,ATV_Involved,-,-,Bradley,Cleveland,1
3246,300936671,0,1,35.79459,-84.275906,1,2024-01-21 16:05:00,2024,1,21,16,5,Sunday,16:05,Suspected Serious Injury,Daylight,Clear,Other Non-Collision,None,LENOIR CITY POLICE DEPT,Other,Unbelted,-,-,-,-,-,-,-,-,-,-,-,-,Loudon,Lenoir City,1
3254,300936746,0,1,36.628257,-87.336121,3,2024-01-15 00:43:00,2024,1,15,0,43,Monday,00:43,Suspected Serious Injury,Dark-Not Lighted,Snow,Embankment Rock/Stone/Concrete,None,CLARKSVILLE POLICE DEPT,Other,Unbelted,-,-,-,-,-,-,-,-,-,-,-,-,Montgomery,Clarksville,2
3296,300937024,0,2,35.13645,-90.04188,4,2024-01-23 23:00:00,2024,1,23,23,0,Tuesday,23:00,Suspected Serious Injury,Dark-Lighted,Rain,Building,None,MEMPHIS POLICE DEPT,Other,Unbelted,-,-,-,-,-,-,-,-,-,-,-,-,Shelby,Memphis,3
3299,300937037,0,2,35.03407,-89.95452,4,2024-01-23 23:42:00,2024,1,23,23,42,Tuesday,23:42,Suspected Serious Injury,Dark-Not Lighted,Rain,Standing Tree,None,MEMPHIS POLICE DEPT,Other,Unbelted,-,-,Drug,-,-,-,-,-,-,-,-,-,Shelby,Memphis,3
3300,300937038,1,0,35.039467,-90.06915,4,2024-01-23 21:42:00,2024,1,23,21,42,Tuesday,21:42,Fatal,Dark-Lighted,Rain,Pedestrian,None,MEMPHIS POLICE DEPT,Other,-,-,-,-,-,-,-,Pedestrian,-,-,-,-,-,Shelby,Memphis,3
3307,300937075,0,3,36.323788,-82.33109,5,2024-01-23 17:05:00,2024,1,23,17,5,Tuesday,17:05,Suspected Serious Injury,Daylight,Clear,Pedestrian,None,JOHNSON CITY POLICE DEPT,Other,Unbelted,-,-,-,-,-,-,Pedestrian,-,-,-,-,-,Washington,Johnson City,3
3312,300937102,0,1,36.306393,-82.32401,5,2024-01-23 04:29:00,2024,1,23,4,29,Tuesday,04:29,Suspected Serious Injury,Dark-Unknown Lighting,Clear,Pedestrian,None,JOHNSON CITY POLICE DEPT,Other,-,-,-,-,-,-,-,Pedestrian,-,-,-,-,-,Washington,Johnson City,3
3315,300937121,0,1,35.225886,-89.865461,4,2024-01-23 14:03:00,2024,1,23,14,3,Tuesday,14:03,Suspected Serious Injury,Daylight,Rain,Standing Tree,None,BARTLETT POLICE DEPT,Other,Unbelted,-,-,-,-,-,-,-,-,-,-,-,-,Shelby,Bartlett,3
3329,300937236,0,2,35.146473,-90.03698,4,2024-01-24 19:37:00,2024,1,24,19,37,Wednesday,19:37,Suspected Serious Injury,Dark-Lighted,Fog,Motor Vehicle-In-Transport On Same Roadway,Construction Zone,MEMPHIS POLICE DEPT,Other,Unbelted,-,-,-,-,Speeding,-,-,-,-,-,Motorcyclist,-,Shelby,Memphis,4
3332,300937246,0,1,36.2163,-82.52468,5,2024-01-24 15:55:00,2024,1,24,15,55,Wednesday,15:55,Suspected Serious Injury,Daylight,Clear,Ditch,None,WASHINGTON CO SHERIFFS DEPT,Other,-,-,-,-,-,Speeding,-,-,-,-,-,Motorcyclist,-,Washington,Jonesborough,4
3352,300937348,0,1,36.27502,-82.527115,5,2024-01-24 12:45:00,2024,1,24,12,45,Wednesday,12:45,Suspected Serious Injury,Daylight,Clear,Ditch,None,WASHINGTON CO SHERIFFS DEPT,Other,Unbelted,-,-,-,-,-,-,-,-,-,-,-,-,Washington,Jonesborough,4
3367,300937420,1,0,35.21127,-89.923004,4,2024-01-24 20:06:00,2024,1,24,20,6,Wednesday,20:06,Fatal,Dark-Not Lighted,Clear,Pedestrian,None,MEMPHIS POLICE DEPT,Other,-,-,-,-,-,-,-,Pedestrian,-,-,-,-,-,Shelby,Memphis,4
3369,300937433,0,1,35.195827,-89.901505,4,2024-01-25 15:00:00,2024,1,25,15,0,Thursday,15:00,Suspected Serious Injury,Daylight,Rain,Motor Vehicle-In-Transport On Same Roadway,None,MEMPHIS POLICE DEPT,Other,Unbelted,-,-,-,-,-,-,-,-,-,-,-,-,Shelby,Memphis,5
3387,300937605,2,0,35.204903,-89.830315,4,2024-01-25 15:26:00,2024,1,25,15,26,Thursday,15:26,Fatal,Daylight,Rain,Motor Vehicle-In-Transport On Same Roadway,None,MEMPHIS POLICE DEPT,Other,Unbelted,-,-,Drug,-,Speeding,-,-,-,-,-,Motorcyclist,-,Shelby,Memphis,5
3411,300937731,0,3,35.023186,-89.83022,4,2024-01-26 17:58:00,2024,1,26,17,58,Friday,17:58,Suspected Serious Injury,Dark-Lighted,Clear,Motor Vehicle-In-Transport On Same Roadway,None,MEMPHIS POLICE DEPT,Other,Unbelted,-,-,-,-,-,-,-,-,-,-,-,-,Shelby,Memphis,6
3425,300937819,0,1,35.16183,-84.88051,2,2024-01-27 18:16:00,2024,1,27,18,16,Saturday,18:16,Suspected Serious Injury,Dark-Lighted,Rain,Motor Vehicle-In-Transport On Same Roadway,None,CLEVELAND POLICE DEPT,Other,Unbelted,-,-,-,-,-,-,-,-,-,-,-,-,Bradley,Cleveland,7
3427,300937822,0,1,36.550625,-82.52767,5,2024-01-27 19:42:00,2024,1,27,19,42,Saturday,19:42,Suspected Serious Injury,Dark-Lighted,Rain,Pedal-Cycle,None,KINGSPORT POLICE DEPARTMENT,Other,Unbelted,-,-,-,-,-,Pedalcyclist,-,-,-,-,-,-,Sullivan,Kingsport,7
3432,300937835,1,0,35.050365,-89.87785,4,2024-01-27 21:33:00,2024,1,27,21,33,Saturday,21:33,Fatal,Dark-Lighted,Rain,Motor Vehicle-In-Transport On Same Roadway,None,MEMPHIS POLICE DEPT,Other,Unbelted,-,Drinking,-,-,-,-,-,-,-,ATV_Involved,-,-,Shelby,Memphis,7
3439,300937866,0,2,36.292423,-82.5441,5,2024-01-26 16:30:00,2024,1,26,16,30,Friday,16:30,Suspected Serious Injury,Daylight,Clear,Motor Vehicle-In-Transport On Same Roadway,None,WASHINGTON CO SHERIFFS DEPT,Other,Unbelted,-,-,-,-,-,-,-,-,-,-,-,-,Washington,Jonesborough,6
3460,300937964,1,0,35.149868,-89.973045,4,2024-01-28 02:38:00,2024,1,28,2,38,Sunday,02:38,Fatal,Dark-Lighted,Rain,Motor Vehicle-In-Transport On Same Roadway,None,MEMPHIS POLICE DEPT,Other,Unbelted,-,Drinking,Drug,-,-,-,-,-,-,-,-,-,Shelby,Memphis,1
3461,300937965,0,1,36.341267,-82.41641,5,2024-01-28 01:00:00,2024,1,28,1,0,Sunday,01:00,Suspected Serious Injury,Dark-Not Lighted,Rain,Utility Pole,None,WASHINGTON CO SHERIFFS DEPT,Other,Unbelted,-,-,-,-,Speeding,-,-,-,-,-,-,-,Washington,Johnson City,1
3506,300938223,1,0,35.249806,-89.922503,4,2024-01-29 00:00:00,2024,1,29,24,0,Monday,24:00,Fatal,Dark-Not Lighted,Clear,Standing Tree,None,SHELBY CO SHERIFFS DEPT,Other,Unbelted,-,-,-,-,Speeding,-,-,-,-,-,-,-,Shelby,Not in City Limit,2
3521,300938338,0,2,35.064785,-89.94119,4,2024-01-30 13:41:00,2024,1,30,13,41,Tuesday,13:41,Suspected Serious Injury,Daylight,Clear,Motor Vehicle-In-Transport On Same Roadway,None,MEMPHIS POLICE DEPT,Other,Unbelted,-,-,-,-,-,-,-,-,-,ATV_Involved,-,-,Shelby,Memphis,3
3526,300938361,0,3,35.41559,-89.825714,4,2024-01-27 14:35:00,2024,1,27,14,35,Saturday,14:35,Suspected Serious Injury,Daylight,Rain,Motor Vehicle-In-Transport On Same Roadway,None,ATOKA POLICE DEPT,Other,Unbelted,-,-,-,-,-,-,-,-,-,-,-,-,Tipton,Atoka,7
3538,300938455,0,1,35.020603,-89.91906,4,2024-01-31 04:30:00,2024,1,31,4,30,Wednesday,04:30,Suspected Serious Injury,Dark-Lighted,Clear,Utility Pole,None,MEMPHIS POLICE DEPT,Other,Unbelted,-,-,-,-,-,-,-,-,-,ATV_Involved,-,-,Shelby,Memphis,4
3574,300938660,0,3,35.020916,-89.99704,4,2024-02-01 12:40:00,2024,2,1,12,40,Thursday,12:40,Suspected Serious Injury,Daylight,Clear,Motor Vehicle-In-Transport On Same Roadway,None,MEMPHIS POLICE DEPT,Other,Unbelted,-,-,-,-,-,-,-,-,-,-,-,-,Shelby,Memphis,5
3578,300938682,0,3,35.21924,-89.908226,4,2024-01-31 16:30:00,2024,1,31,16,30,Wednesday,16:30,Suspected Serious Injury,Daylight,Clear,Motor Vehicle-In-Transport On Same Roadway,None,MEMPHIS POLICE DEPT,Other,Unbelted,-,-,-,-,Speeding,-,-,-,-,-,-,-,Shelby,Memphis,4
3592,300938754,0,2,35.153778,-84.893486,2,2024-01-30 16:31:00,2024,1,30,16,31,Tuesday,16:31,Suspected Serious Injury,Daylight,Clear,Motor Vehicle-In-Transport On Same Roadway,None,CLEVELAND POLICE DEPT,Other,Unbelted,Distracted,-,-,Drowsy,-,-,-,-,-,-,-,-,Bradley,Cleveland,3
3607,300938798,0,2,35.236214,-90.01403,4,2024-01-31 09:09:00,2024,1,31,9,9,Wednesday,09:09,Suspected Serious Injury,Daylight,Clear,Motor Vehicle-In-Transport On Same Roadway,None,MEMPHIS POLICE DEPT,Other,Unbelted,-,-,-,-,-,-,-,-,-,-,-,-,Shelby,Memphis,4
3611,300938810,0,2,35.222786,-89.95613,4,2024-02-01 21:25:00,2024,2,1,21,25,Thursday,21:25,Suspected Serious Injury,Dark-Lighted,Clear,Motor Vehicle-In-Transport On Same Roadway,None,MEMPHIS POLICE DEPT,Other,Unbelted,-,-,-,-,-,-,-,-,-,-,-,-,Shelby,Memphis,5
3614,300938819,0,2,35.173313,-89.79301,4,2024-02-01 12:08:00,2024,2,1,12,8,Thursday,12:08,Suspected Serious Injury,Daylight,Clear,Motor Vehicle-In-Transport On Same Roadway,None,MEMPHIS POLICE DEPT,Other,Unbelted,-,-,-,-,-,-,-,-,-,-,-,-,Shelby,Memphis,5
3621,300938855,0,1,35.051125,-89.907745,4,2024-02-02 07:05:00,2024,2,2,7,5,Friday,07:05,Suspected Serious Injury,Dawn,Clear,Motor Vehicle-In-Transport On Same Roadway,None,MEMPHIS POLICE DEPT,Other,Unbelted,-,-,-,-,-,-,-,-,-,-,-,-,Shelby,Memphis,6
3626,300938880,0,1,35.189903,-89.83618,4,2024-02-02 16:50:00,2024,2,2,16,50,Friday,16:50,Suspected Serious Injury,Daylight,Clear,Motor Vehicle-In-Transport On Same Roadway,None,MEMPHIS POLICE DEPT,Other,Unbelted,-,-,-,-,-,-,-,-,-,-,-,-,Shelby,Memphis,6
3650,300939016,0,4,35.05527,-90.06011,4,2024-02-03 13:18:00,2024,2,3,13,18,Saturday,13:18,Suspected Serious Injury,Daylight,Clear,Motor Vehicle-In-Transport On Same Roadway,None,MEMPHIS POLICE DEPT,Other,Unbelted,-,-,-,-,-,-,-,-,-,-,-,-,Shelby,Memphis,7
3661,300939092,1,1,35.044376,-89.88595,4,2024-02-03 21:50:00,2024,2,3,21,50,Saturday,21:50,Fatal,Dark-Lighted,Rain,Motor Vehicle-In-Transport On Same Roadway,None,MEMPHIS POLICE DEPT,Other,Unbelted,-,-,-,-,-,-,-,-,-,-,-,-,Shelby,Memphis,7
3666,300939107,0,2,35.021023,-90.00268,4,2024-02-04 02:00:00,2024,2,4,2,0,Sunday,02:00,Suspected Serious Injury,Dark-Lighted,Rain,Motor Vehicle-In-Transport On Same Roadway,None,MEMPHIS POLICE DEPT,Other,Unbelted,-,-,-,-,-,-,-,-,-,-,-,-,Shelby,Memphis,1
3674,300939167,0,1,35.5698,-89.64661,4,2024-02-04 13:35:00,2024,2,4,13,35,Sunday,13:35,Suspected Serious Injury,Daylight,Clear,Motor Vehicle-In-Transport On Same Roadway,None,COVINGTON POLICE DEPT,Other,Unbelted,-,-,-,-,-,-,-,-,-,-,-,-,Tipton,Covington,1
3681,300939207,0,2,35.060993,-89.87608,4,2024-02-03 17:11:00,2024,2,3,17,11,Saturday,17:11,Suspected Serious Injury,Dark-Not Lighted,Clear,Motor Vehicle-In-Transport On Same Roadway,None,MEMPHIS POLICE DEPT,Other,Unbelted,-,-,-,-,-,-,-,-,-,-,-,-,Shelby,Memphis,7
3684,300939222,1,0,35.192802,-89.92614,4,2024-02-04 17:22:00,2024,2,4,17,22,Sunday,17:22,Fatal,Dark-Not Lighted,Rain,Motor Vehicle-In-Transport On Same Roadway,None,MEMPHIS POLICE DEPT,Other,Unbelted,-,-,-,-,-,-,-,-,-,-,-,-,Shelby,Memphis,1
3685,300939226,0,1,36.58895,-82.261345,5,2024-02-03 17:00:00,2024,2,3,17,0,Saturday,17:00,Suspected Serious Injury,Daylight,Clear,Other Non-Collision,None,BRISTOL POLICE DEPT,Other,-,-,-,-,-,-,-,-,-,-,-,Motorcyclist,-,Sullivan,Bristol,7
3686,300939227,0,1,35.15796,-84.88554,2,2024-02-04 19:27:00,2024,2,4,19,27,Sunday,19:27,Suspected Serious Injury,Daylight,Clear,Pedestrian,None,CLEVELAND POLICE DEPT,Other,Unbelted,-,-,-,-,-,-,Pedestrian,-,-,-,-,-,Bradley,Cleveland,1