OBJECTID,MRN,Fatality,Injury,Latitude,Longitude,THP_District,Collision_Date,Collision_Year,Collision_Month,Collision_Day,Collision_Hour,Collision_Min,Collision_DOW,Collision_Time,Crash_Type,Light_Condition,Weather,First_Harmfu_Event,Work_Zone_Type,Agency_Name,THP,Unbelted,Distracted_Driver,Driver_Drinking,Driver_Drugged,Drowsy_Driver,Speeding_Involved,Pedalcyclist,Pedestrian,Other_Nonmotorist,ATV_Involved,LargeTruck_Involved,Motorcycle_Involved,SchoolBus,County,City,DOW_Nmb
3695,300939278,0,3,35.10829,-89.970085,4,2024-02-04 20:16:00,2024,2,4,20,16,Sunday,20:16,Suspected Serious Injury,Dark-Lighted,Rain,Utility Pole,None,MEMPHIS POLICE DEPT,Other,Unbelted,Distracted,-,-,-,-,-,-,-,-,-,-,-,Shelby,Memphis,1
3718,300939423,0,2,35.163002,-89.87765,4,2024-02-05 06:04:00,2024,2,5,6,4,Monday,06:04,Suspected Serious Injury,Dawn,Clear,Motor Vehicle-In-Transport On Same Roadway,None,MEMPHIS POLICE DEPT,Other,Unbelted,-,-,-,-,-,-,-,-,-,-,-,-,Shelby,Memphis,2
3722,300939456,1,0,36.580225,-87.408626,3,2024-02-05 21:40:00,2024,2,5,21,40,Monday,21:40,Fatal,Dark-Not Lighted,Clear,Curb,None,CLARKSVILLE POLICE DEPT,Other,Unbelted,-,Drinking,Drug,-,-,-,-,-,-,-,-,-,Montgomery,Clarksville,2
3724,300939479,0,1,36.602768,-87.379299,3,2024-02-05 15:42:00,2024,2,5,15,42,Monday,15:42,Suspected Serious Injury,Daylight,Clear,Other Post/Pole Support,None,CLARKSVILLE POLICE DEPT,Other,-,-,-,-,-,-,-,-,-,-,-,Motorcyclist,-,Montgomery,Clarksville,2
3733,300939522,0,1,35.158783,-84.827065,2,2024-02-06 15:41:00,2024,2,6,15,41,Tuesday,15:41,Suspected Serious Injury,Daylight,Clear,"Over Turn, Roll Over",None,CLEVELAND POLICE DEPT,Other,Unbelted,-,-,-,-,-,-,-,-,-,-,-,-,Bradley,Cleveland,3
3747,300939605,1,0,35.152416,-89.88364,4,2024-02-06 12:21:00,2024,2,6,12,21,Tuesday,12:21,Fatal,Daylight,Clear,Impact Atten. Crash Cushion,None,MEMPHIS POLICE DEPT,Other,Unbelted,-,-,-,-,-,-,-,-,-,ATV_Involved,-,-,Shelby,Memphis,3
3748,300939616,0,1,35.342285,-89.90883,4,2024-02-06 20:44:00,2024,2,6,20,44,Tuesday,20:44,Suspected Serious Injury,Dark-Lighted,Clear,Pedestrian,None,MILLINGTON POLICE DEPT,Other,Unbelted,-,-,-,-,-,-,Pedestrian,-,-,-,-,-,Shelby,Millington,3
3779,300939831,0,1,36.420383,-82.62821,5,2024-02-07 18:15:00,2024,2,7,18,15,Wednesday,18:15,Suspected Serious Injury,Dark-Not Lighted,Clear,Embankment Earth,None,WASHINGTON CO SHERIFFS DEPT,Other,Unbelted,-,-,-,-,-,-,-,-,-,-,-,-,Washington,Fall Branch,4
3803,300939951,0,1,35.23399,-89.89301,4,2024-02-04 11:00:00,2024,2,4,11,0,Sunday,11:00,Suspected Serious Injury,Daylight,Unknown,Pedestrian,Unknown,MEMPHIS POLICE DEPT,Other,-,-,-,-,-,-,-,Pedestrian,-,-,-,-,-,Shelby,Memphis,1
3812,300939977,0,1,35.050153,-85.129544,2,2024-02-08 14:03:00,2024,2,8,14,3,Thursday,14:03,Suspected Serious Injury,Daylight,Clear,Motor Vehicle-In-Transport On Same Roadway,None,CHATTANOOGA POLICE DEPT,Other,Unbelted,-,-,-,-,-,-,-,-,-,-,Motorcyclist,-,Hamilton,Chattanooga,5
3816,300939992,0,1,35.021183,-89.82228,4,2024-02-08 08:10:00,2024,2,8,8,10,Thursday,08:10,Suspected Serious Injury,Daylight,Clear,Utility Pole,None,SHELBY CO SHERIFFS DEPT,Other,Unbelted,-,-,-,-,-,-,-,-,-,-,-,-,Shelby,Not in City Limit,5
3822,300940026,0,3,35.089302,-89.90697,4,2024-02-08 07:44:00,2024,2,8,7,44,Thursday,07:44,Suspected Serious Injury,Daylight,Clear,Motor Vehicle-In-Transport On Same Roadway,None,SHELBY CO SHERIFFS DEPT,Other,Unbelted,-,-,-,-,Speeding,-,-,-,-,-,-,-,Shelby,Memphis,5
3836,300940075,1,1,36.522127,-87.286565,3,2024-02-08 12:35:00,2024,2,8,12,35,Thursday,12:35,Fatal,Daylight,Clear,Motor Vehicle-In-Transport On Same Roadway,None,CLARKSVILLE POLICE DEPT,Other,Unbelted,-,-,-,-,-,-,-,-,-,-,-,-,Montgomery,Clarksville,5
3855,300940207,0,1,35.188793,-84.84433,2,2024-02-09 15:12:00,2024,2,9,15,12,Friday,15:12,Suspected Serious Injury,Daylight,Clear,Motor Vehicle-In-Transport On Same Roadway,None,CLEVELAND POLICE DEPT,Other,Unbelted,-,-,-,-,-,-,-,-,-,-,-,-,Bradley,Cleveland,6
3856,300940216,1,0,35.16718,-89.87861,4,2024-02-09 19:05:00,2024,2,9,19,5,Friday,19:05,Fatal,Dark-Not Lighted,Rain,Bridge/Pier Abutment,None,MEMPHIS POLICE DEPT,Other,Unbelted,-,-,-,-,-,-,-,-,-,-,-,-,Shelby,Memphis,6
3883,300940359,0,1,35.040261,-85.261779,2,2024-02-11 01:00:00,2024,2,11,1,0,Sunday,01:00,Suspected Serious Injury,Dark-Lighted,Rain,Curb,None,CHATTANOOGA POLICE DEPT,Other,Unbelted,-,-,-,Drowsy,-,-,-,-,-,-,-,-,Hamilton,Chattanooga,1
3885,300940362,0,5,36.556876,-87.262716,3,2024-02-10 21:59:00,2024,2,10,21,59,Saturday,21:59,Suspected Serious Injury,Dark-Lighted,Rain,Motor Vehicle-In-Transport On Same Roadway,None,CLARKSVILLE POLICE DEPT,Other,Unbelted,-,-,-,-,-,-,-,-,-,-,-,-,Montgomery,Clarksville,7
3914,300940502,0,1,35.565386,-89.652131,4,2024-02-10 05:20:00,2024,2,10,5,20,Saturday,05:20,Suspected Serious Injury,Dark-Lighted,Rain,Pedestrian,None,COVINGTON POLICE DEPT,Other,Unbelted,-,-,-,-,-,-,Pedestrian,-,-,-,-,-,Tipton,Covington,7
3919,300940514,0,1,35.219906,-89.97871,4,2024-02-11 18:07:00,2024,2,11,18,7,Sunday,18:07,Suspected Serious Injury,Daylight,Clear,Pedestrian,None,MEMPHIS POLICE DEPT,Other,Unbelted,-,-,-,-,-,-,Pedestrian,-,-,-,-,-,Shelby,Memphis,1
3923,300940540,0,1,36.56024,-82.557846,5,2024-02-12 00:00:00,2024,2,12,0,0,Monday,00:00,Suspected Serious Injury,Unknown,Clear,Motor Vehicle-In-Transport On Same Roadway,None,KINGSPORT POLICE DEPARTMENT,Other,Unbelted,-,-,-,-,-,-,-,-,-,-,-,-,Sullivan,Kingsport,2
3930,300940587,0,1,35.201115,-89.871966,4,2024-02-12 00:58:00,2024,2,12,0,58,Monday,00:58,Suspected Serious Injury,Dark-Lighted,Clear,Railway Train,None,BARTLETT POLICE DEPT,Other,Unbelted,-,-,-,-,-,-,-,-,-,-,-,-,Shelby,Bartlett,2
3954,300940746,1,1,35.00645,-89.99957,4,2024-02-13 07:17:00,2024,2,13,7,17,Tuesday,07:17,Fatal,Daylight,Other,Motor Vehicle-In-Transport On Same Roadway,None,MEMPHIS POLICE DEPT,Other,Unbelted,-,-,Drug,-,-,-,-,-,-,-,-,-,Shelby,Memphis,3
3967,300940818,0,1,35.020893,-90.06824,4,2024-02-11 12:18:00,2024,2,11,12,18,Sunday,12:18,Suspected Serious Injury,Daylight,Clear,Motor Vehicle-In-Transport On Same Roadway,None,MEMPHIS POLICE DEPT,Other,Unbelted,-,-,-,-,-,-,-,-,-,-,-,-,Shelby,Memphis,1
3977,300940903,0,1,35.083385,-89.9539,4,2024-02-13 21:45:00,2024,2,13,21,45,Tuesday,21:45,Suspected Serious Injury,Dark-Lighted,Clear,Standing Tree,None,MEMPHIS POLICE DEPT,Other,Unbelted,-,-,-,-,-,-,-,-,-,-,-,-,Shelby,Memphis,3
4010,300941110,1,0,35.1363,-90.01499,4,2024-02-14 23:37:00,2024,2,14,23,37,Wednesday,23:37,Fatal,Dark-Lighted,Clear,Pedestrian,None,MEMPHIS POLICE DEPT,Other,-,-,-,-,-,-,-,Pedestrian,-,-,-,-,-,Shelby,Memphis,4
4035,300941338,1,0,35.08633,-90.02518,4,2024-02-16 00:18:00,2024,2,16,0,18,Friday,00:18,Fatal,Dark-Lighted,Clear,Motor Vehicle-In-Transport On Same Roadway,None,MEMPHIS POLICE DEPT,Other,Unbelted,-,-,Drug,-,Speeding,-,-,-,-,ATV_Involved,-,-,Shelby,Memphis,6
4039,300941375,0,1,35.0293,-85.16872,2,2024-02-16 10:00:00,2024,2,16,10,0,Friday,10:00,Suspected Serious Injury,Daylight,Clear,Other Post/Pole Support,None,CHATTANOOGA POLICE DEPT,Other,Unbelted,-,-,-,-,-,-,-,-,-,-,-,-,Hamilton,Chattanooga,6
4042,300941387,0,1,35.080093,-89.93132,4,2024-02-14 14:35:00,2024,2,14,14,35,Wednesday,14:35,Suspected Serious Injury,Daylight,Clear,Motor Vehicle-In-Transport On Same Roadway,None,MEMPHIS POLICE DEPT,Other,Unbelted,-,-,-,-,-,-,-,-,-,-,-,-,Shelby,Memphis,4
4054,300941452,0,1,36.50931,-86.89044,3,2024-02-16 16:05:00,2024,2,16,16,5,Friday,16:05,Suspected Serious Injury,Daylight,Rain,Motor Vehicle-In-Transport On Same Roadway,None,SPRINGFIELD POLICE DEPT,Other,Unbelted,-,-,-,-,-,-,-,-,-,-,Motorcyclist,-,Robertson,Springfield,6
4063,300941508,0,2,36.50287,-86.88135,3,2024-02-17 02:47:00,2024,2,17,2,47,Saturday,02:47,Suspected Serious Injury,Dark-Lighted,Cloudy,Motor Vehicle-In-Transport On Same Roadway,None,SPRINGFIELD POLICE DEPT,Other,Unbelted,Distracted,-,-,-,-,-,-,-,-,-,-,-,Robertson,Springfield,7
4068,300941527,0,1,35.13934,-90.025444,4,2024-02-16 00:00:00,2024,2,16,24,0,Friday,24:00,Suspected Serious Injury,Unknown,Clear,Utility Pole,None,MEMPHIS POLICE DEPT,Other,Unbelted,-,-,-,-,-,-,-,-,-,-,-,-,Shelby,Memphis,6
4078,300941605,0,3,35.043006,-85.227419,2,2024-02-17 17:26:00,2024,2,17,17,26,Saturday,17:26,Suspected Serious Injury,Daylight,Clear,Motor Vehicle-In-Transport On Same Roadway,None,CHATTANOOGA POLICE DEPT,Other,Unbelted,-,-,-,-,-,-,-,-,-,-,-,-,Hamilton,Chattanooga,7
4090,300941661,0,2,35.080635,-89.95827,4,2024-02-18 00:13:00,2024,2,18,0,13,Sunday,00:13,Suspected Serious Injury,Dark-Lighted,Clear,Culvert,None,MEMPHIS POLICE DEPT,Other,Unbelted,-,-,-,-,-,-,-,-,-,-,-,-,Shelby,Memphis,1
4091,300941668,0,1,36.619368,-87.375877,3,2024-02-17 23:51:00,2024,2,17,23,51,Saturday,23:51,Suspected Serious Injury,Dark-Lighted,Clear,Utility Pole,None,CLARKSVILLE POLICE DEPT,Other,Unbelted,-,-,-,-,-,-,-,-,-,-,-,-,Montgomery,Clarksville,7
4093,300941673,0,2,36.341015,-82.37523,5,2024-02-17 16:00:00,2024,2,17,16,0,Saturday,16:00,Suspected Serious Injury,Daylight,Clear,Motor Vehicle-In-Transport On Same Roadway,None,JOHNSON CITY POLICE DEPT,Other,Unbelted,-,-,-,-,-,-,-,-,-,-,-,-,Washington,Johnson City,7
4094,300941680,0,1,35.14798,-89.90168,4,2024-02-17 09:00:00,2024,2,17,9,0,Saturday,09:00,Suspected Serious Injury,Daylight,Clear,Utility Pole,None,MEMPHIS POLICE DEPT,Other,Unbelted,-,-,-,-,-,-,-,-,-,-,-,-,Shelby,Memphis,7
4121,300941834,0,2,35.075077,-89.86151,4,2024-02-18 20:50:00,2024,2,18,20,50,Sunday,20:50,Suspected Serious Injury,Dawn,Clear,Motor Vehicle-In-Transport On Same Roadway,None,MEMPHIS POLICE DEPT,Other,Unbelted,-,-,-,-,-,-,-,-,-,-,-,-,Shelby,Memphis,1
4123,300941838,1,2,36.519196,-82.29293,5,2024-02-16 19:07:00,2024,2,16,19,7,Friday,19:07,Fatal,Dark-Not Lighted,Clear,Motor Vehicle-In-Transport On Same Roadway,None,BRISTOL POLICE DEPT,Other,Unbelted,-,Drinking,-,-,-,-,-,-,-,-,-,-,Sullivan,Bristol,6
4124,300941839,0,3,35.06049,-89.86029,4,2024-02-18 21:34:00,2024,2,18,21,34,Sunday,21:34,Suspected Serious Injury,Dark-Lighted,Clear,Motor Vehicle-In-Transport On Same Roadway,None,MEMPHIS POLICE DEPT,Other,Unbelted,-,-,-,-,-,-,-,-,-,-,-,-,Shelby,Memphis,1
4125,300941842,1,2,35.222996,-89.935008,4,2024-02-19 01:50:00,2024,2,19,1,50,Monday,01:50,Fatal,Dark-Lighted,Clear,Curb,None,MEMPHIS POLICE DEPT,Other,Unbelted,-,-,Drug,-,Speeding,-,-,-,-,-,-,-,Shelby,Memphis,2
4160,300942024,0,1,35.04483,-90.05732,4,2024-02-20 09:45:00,2024,2,20,9,45,Tuesday,09:45,Suspected Serious Injury,Daylight,Clear,Pedestrian,None,MEMPHIS POLICE DEPT,Other,Unbelted,-,-,-,-,-,-,Pedestrian,-,-,-,-,-,Shelby,Memphis,3
4187,300942193,1,0,35.019114,-89.822286,4,2024-02-02 12:30:00,2024,2,2,12,30,Friday,12:30,Fatal,Daylight,Cloudy,Paved Surface-Irregular,None,SHELBY CO SHERIFFS DEPT,Other,-,-,Drinking,Drug,-,Speeding,-,-,-,-,-,Motorcyclist,-,Shelby,Not in City Limit,6
4199,300942255,0,2,35.020986,-85.326719,2,2024-02-21 15:30:00,2024,2,21,15,30,Wednesday,15:30,Suspected Serious Injury,Daylight,Clear,Motor Vehicle-In-Transport On Same Roadway,None,CHATTANOOGA POLICE DEPT,Other,Unbelted,-,-,-,-,-,-,-,-,-,-,-,-,Hamilton,Chattanooga,4
4212,300942308,0,2,35.149464,-89.94453,4,2024-02-21 22:06:00,2024,2,21,22,6,Wednesday,22:06,Suspected Serious Injury,Dark-Lighted,Clear,Motor Vehicle-In-Transport On Same Roadway,None,MEMPHIS POLICE DEPT,Other,Unbelted,-,-,-,-,-,-,-,-,-,-,-,-,Shelby,Memphis,4
4225,300942355,0,1,36.567387,-87.286252,3,2024-02-21 10:53:00,2024,2,21,10,53,Wednesday,10:53,Suspected Serious Injury,Daylight,Clear,Fell/Jumped From Vehicle,None,CLARKSVILLE POLICE DEPT,Other,-,-,-,-,-,-,-,-,-,-,-,Motorcyclist,-,Montgomery,Clarksville,4
4237,300942450,0,1,35.010184,-85.271137,2,2024-02-21 21:17:00,2024,2,21,21,17,Wednesday,21:17,Suspected Serious Injury,Dark-Lighted,Clear,Fell/Jumped From Vehicle,None,CHATTANOOGA POLICE DEPT,Other,-,-,-,-,-,-,-,-,-,-,-,Motorcyclist,-,Hamilton,Chattanooga,4
4241,300942468,0,2,35.04951,-89.8438,4,2024-02-22 20:30:00,2024,2,22,20,30,Thursday,20:30,Suspected Serious Injury,Dark-Lighted,Rain,Motor Vehicle-In-Transport On Same Roadway,None,MEMPHIS POLICE DEPT,Other,Unbelted,-,-,-,-,-,-,-,-,-,-,-,-,Shelby,Memphis,5
4249,300942501,0,1,35.081497,-89.992226,4,2024-02-22 03:20:00,2024,2,22,3,20,Thursday,03:20,Suspected Serious Injury,Dark-Unknown Lighting,Clear,Embankment Rock/Stone/Concrete,None,MEMPHIS POLICE DEPT,Other,Unbelted,-,-,-,-,-,-,-,-,-,-,-,-,Shelby,Memphis,5
4276,300942668,0,1,36.219193,-82.930504,5,2024-02-23 21:56:00,2024,2,23,21,56,Friday,21:56,Suspected Serious Injury,Dark-Not Lighted,Clear,Bridge/Pier Abutment,None,GREENE CO SHERIFFS DEPT,Other,Unbelted,-,-,-,-,-,-,-,-,-,-,-,-,Greene,Not in City Limit,6
4281,300942678,1,0,35.109234,-90.013725,4,2024-02-23 21:26:00,2024,2,23,21,26,Friday,21:26,Fatal,Dark-Lighted,Clear,Standing Tree,None,MEMPHIS POLICE DEPT,Other,Unbelted,-,Drinking,Drug,-,-,-,-,-,-,-,-,-,Shelby,Memphis,6
4284,300942683,0,2,35.189957,-84.88285,2,2024-02-23 17:48:00,2024,2,23,17,48,Friday,17:48,Suspected Serious Injury,Dusk,Clear,Motor Vehicle-In-Transport On Same Roadway,None,CLEVELAND POLICE DEPT,Other,Unbelted,-,-,-,-,-,-,-,-,-,-,-,-,Bradley,Cleveland,6
4291,300942706,0,1,35.052597,-89.96399,4,2024-02-23 22:34:00,2024,2,23,22,34,Friday,22:34,Suspected Serious Injury,Dark-Lighted,Clear,Motor Vehicle-In-Transport On Same Roadway,None,MEMPHIS POLICE DEPT,Other,Unbelted,-,-,-,-,-,-,-,-,-,-,Motorcyclist,-,Shelby,Memphis,6
4296,300942729,0,1,35.069477,-90.05807,4,2024-02-22 22:40:00,2024,2,22,22,40,Thursday,22:40,Suspected Serious Injury,Dark-Lighted,Clear,Motor Vehicle-In-Transport On Same Roadway,None,MEMPHIS POLICE DEPT,Other,Unbelted,-,-,-,-,-,-,-,-,-,-,-,-,Shelby,Memphis,5
4299,300942744,0,1,35.074924,-89.86162,4,2024-02-24 09:08:00,2024,2,24,9,8,Saturday,09:08,Suspected Serious Injury,Daylight,Clear,Motor Vehicle-In-Transport On Same Roadway,None,MEMPHIS POLICE DEPT,Other,Unbelted,-,-,-,-,-,-,-,-,-,-,-,-,Shelby,Memphis,7
4314,300942816,0,1,35.152096,-89.89746,4,2024-02-24 19:15:00,2024,2,24,19,15,Saturday,19:15,Suspected Serious Injury,Dawn,Clear,Standing Tree,None,MEMPHIS POLICE DEPT,Other,Unbelted,-,-,-,-,-,-,-,-,-,-,-,-,Shelby,Memphis,7
4325,300942853,0,1,35.020708,-85.338691,2,2024-02-24 23:21:00,2024,2,24,23,21,Saturday,23:21,Suspected Serious Injury,Dark-Not Lighted,Clear,Fell/Jumped From Vehicle,None,CHATTANOOGA POLICE DEPT,Other,-,-,Drinking,-,-,-,-,-,-,-,-,Motorcyclist,-,Hamilton,Chattanooga,7
4341,300942904,0,1,36.5825,-87.411592,3,2024-02-24 21:36:00,2024,2,24,21,36,Saturday,21:36,Suspected Serious Injury,Dark-Lighted,Clear,Motor Vehicle-In-Transport On Same Roadway,None,CLARKSVILLE POLICE DEPT,Other,Unbelted,-,Drinking,-,-,-,-,-,-,-,-,-,-,Montgomery,Clarksville,7
4343,300942909,2,0,35.231155,-90.00581,4,2024-02-24 16:39:00,2024,2,24,16,39,Saturday,16:39,Fatal,Daylight,Clear,Utility Pole,None,MEMPHIS POLICE DEPT,Other,Unbelted,-,Drinking,Drug,-,-,-,-,-,-,-,-,-,Shelby,Memphis,7
4347,300942946,0,1,35.1347,-89.98194,4,2024-02-19 18:26:00,2024,2,19,18,26,Monday,18:26,Suspected Serious Injury,Daylight,Clear,Pedestrian,None,MEMPHIS POLICE DEPT,Other,Unbelted,-,-,-,-,-,-,Pedestrian,-,-,-,-,-,Shelby,Memphis,2
4363,300943012,0,1,35.027491,-85.241757,2,2024-02-25 23:30:00,2024,2,25,23,30,Sunday,23:30,Suspected Serious Injury,Dark-Not Lighted,Clear,Ditch,None,CHATTANOOGA POLICE DEPT,Other,Unbelted,-,-,-,-,-,-,-,-,-,-,-,-,Hamilton,Chattanooga,1
4366,300943020,1,0,35.13314,-90.05462,4,2024-02-25 22:35:00,2024,2,25,22,35,Sunday,22:35,Fatal,Dark-Lighted,Clear,Other Post/Pole Support,None,MEMPHIS POLICE DEPT,Other,Unbelted,-,Drinking,Drug,-,-,-,-,-,-,-,-,-,Shelby,Memphis,1
4370,300943042,0,1,35.222563,-89.733048,4,2024-02-24 15:00:00,2024,2,24,15,0,Saturday,15:00,Suspected Serious Injury,Daylight,Cloudy,Motor Vehicle-In-Transport On Same Roadway,None,SHELBY CO SHERIFFS DEPT,Other,Unbelted,-,-,-,-,-,-,-,-,-,-,-,-,Shelby,Not in City Limit,7
4381,300943088,0,1,35.17843,-84.86458,2,2024-02-26 09:30:00,2024,2,26,9,30,Monday,09:30,Suspected Serious Injury,Daylight,Clear,Utility Pole,None,CLEVELAND POLICE DEPT,Other,Unbelted,-,Drinking,-,-,-,-,-,-,-,-,-,-,Bradley,Cleveland,2
4387,300943138,0,1,35.14826,-90.043564,4,2024-02-26 03:00:00,2024,2,26,3,0,Monday,03:00,Suspected Serious Injury,Unknown,Clear,Pedestrian,None,MEMPHIS POLICE DEPT,Other,-,-,-,-,-,-,-,Pedestrian,-,-,-,-,-,Shelby,Memphis,2
4395,300943170,0,2,35.153175,-90.05442,4,2024-02-19 02:25:00,2024,2,19,2,25,Monday,02:25,Suspected Serious Injury,Dark-Lighted,Clear,Concrete Traffic Barrier,None,MEMPHIS POLICE DEPT,Other,Unbelted,-,-,-,-,-,-,-,-,-,-,-,-,Shelby,Memphis,2
4401,300943233,0,1,35.07365,-89.900955,4,2024-02-27 09:58:00,2024,2,27,9,58,Tuesday,09:58,Suspected Serious Injury,Daylight,Clear,Building,None,MEMPHIS POLICE DEPT,Other,Unbelted,-,-,-,-,-,-,-,-,-,-,-,-,Shelby,Memphis,3
4408,300943277,0,1,35.15904,-84.87056,2,2024-02-26 15:33:00,2024,2,26,15,33,Monday,15:33,Suspected Serious Injury,Daylight,Clear,Pedestrian,None,CLEVELAND POLICE DEPT,Other,Unbelted,-,-,-,-,-,-,Pedestrian,-,-,-,-,-,Bradley,Cleveland,2
4420,300943341,0,1,35.035255,-90.02121,4,2024-02-27 18:40:00,2024,2,27,18,40,Tuesday,18:40,Suspected Serious Injury,Dusk,Clear,Pedestrian,None,MEMPHIS POLICE DEPT,Other,Unbelted,-,-,-,-,-,-,Pedestrian,-,-,-,-,-,Shelby,Memphis,3
4425,300943382,0,1,35.057102,-89.93245,4,2024-02-27 17:45:00,2024,2,27,17,45,Tuesday,17:45,Suspected Serious Injury,Dark-Lighted,Clear,Bridge Rail,None,MEMPHIS POLICE DEPT,Other,Unbelted,-,-,-,-,-,-,-,-,-,-,-,-,Shelby,Memphis,3
4438,300943445,0,1,35.794849,-84.267862,1,2024-02-25 00:48:00,2024,2,25,0,48,Sunday,00:48,Suspected Serious Injury,Dark-Lighted,Clear,Guard Rail Face,None,LENOIR CITY POLICE DEPT,Other,Unbelted,-,Drinking,-,-,Speeding,-,-,-,-,-,-,-,Loudon,Lenoir City,1
4443,300943477,0,1,36.55209,-82.22134,5,2024-02-28 16:20:00,2024,2,28,16,20,Wednesday,16:20,Suspected Serious Injury,Daylight,Rain,Utility Pole,None,BRISTOL POLICE DEPT,Other,Unbelted,-,-,-,-,-,-,-,-,-,-,-,-,Sullivan,Bristol,4
4459,300943543,0,2,35.036156,-90.023926,4,2024-02-26 15:40:00,2024,2,26,15,40,Monday,15:40,Suspected Serious Injury,Daylight,Clear,Motor Vehicle-In-Transport On Same Roadway,None,MEMPHIS POLICE DEPT,Other,Unbelted,-,-,-,-,Speeding,-,-,-,-,-,-,-,Shelby,Memphis,2
4463,300943562,0,1,35.07265,-89.986336,4,2024-02-28 20:30:00,2024,2,28,20,30,Wednesday,20:30,Suspected Serious Injury,Dawn,Clear,Motor Vehicle-In-Transport On Same Roadway,None,MEMPHIS POLICE DEPT,Other,Unbelted,-,-,-,-,-,-,-,-,-,-,-,-,Shelby,Memphis,4
4465,300943577,0,2,35.185654,-89.975365,4,2024-02-28 23:35:00,2024,2,28,23,35,Wednesday,23:35,Suspected Serious Injury,Dark-Lighted,Clear,Motor Vehicle-In-Transport On Same Roadway,None,MEMPHIS POLICE DEPT,Other,Unbelted,-,-,-,-,-,-,-,-,-,-,-,-,Shelby,Memphis,4
4469,300943598,1,1,35.01292,-89.759646,4,2024-02-26 02:05:00,2024,2,26,2,5,Monday,02:05,Fatal,Dark-Not Lighted,Clear,Standing Tree,None,SHELBY CO SHERIFFS DEPT,Other,Unbelted,-,-,-,-,Speeding,-,-,-,-,-,-,-,Shelby,Not in City Limit,2
4476,300943652,2,0,35.158638,-84.87506,2,2024-02-29 02:40:00,2024,2,29,2,40,Thursday,02:40,Fatal,Dark-Lighted,Clear,Other Non-Fixed Object,Construction Zone,CLEVELAND POLICE DEPT,Other,Unbelted,-,Drinking,Drug,-,-,-,-,-,-,-,-,-,Bradley,Cleveland,5
4492,300943727,1,0,35.084778,-89.95135,4,2024-02-28 19:20:00,2024,2,28,19,20,Wednesday,19:20,Fatal,Dark-Not Lighted,Clear,Pedestrian,None,MEMPHIS POLICE DEPT,Other,Unbelted,-,-,-,-,-,-,Pedestrian,-,-,-,-,-,Shelby,Memphis,4
4500,300943756,0,3,35.20434,-89.7777,4,2024-02-29 21:55:00,2024,2,29,21,55,Thursday,21:55,Suspected Serious Injury,Dark-Lighted,Clear,Motor Vehicle-In-Transport On Same Roadway,None,MEMPHIS POLICE DEPT,Other,Unbelted,-,-,-,-,-,-,-,-,-,-,-,-,Shelby,Memphis,5
4510,300943804,0,2,35.026524,-89.903656,4,2024-03-01 06:00:00,2024,3,1,6,0,Friday,06:00,Suspected Serious Injury,Daylight,Clear,Motor Vehicle-In-Transport On Same Roadway,None,MEMPHIS POLICE DEPT,Other,Unbelted,-,-,-,-,-,-,-,-,-,-,-,-,Shelby,Memphis,6
4525,300943886,0,1,35.178932,-89.8357,4,2024-02-29 19:58:00,2024,2,29,19,58,Thursday,19:58,Suspected Serious Injury,Dark-Lighted,Clear,Motor Vehicle-In-Transport On Same Roadway,None,MEMPHIS POLICE DEPT,Other,Unbelted,Distracted,-,-,-,-,-,-,-,-,-,-,-,Shelby,Memphis,5
4538,300943988,0,1,35.078281,-85.09554,2,2024-02-28 21:36:00,2024,2,28,21,36,Wednesday,21:36,Suspected Serious Injury,Dark-Not Lighted,Clear,Motor Vehicle-In-Transport On Same Roadway,None,CHATTANOOGA POLICE DEPT,Other,Unbelted,-,-,-,-,-,-,-,-,-,ATV_Involved,-,-,Hamilton,Chattanooga,4
4544,300944021,0,4,35.049167,-85.213975,2,2024-03-02 15:00:00,2024,3,2,15,0,Saturday,15:00,Suspected Serious Injury,Daylight,Clear,Motor Vehicle-In-Transport On Same Roadway,None,CHATTANOOGA POLICE DEPT,Other,Unbelted,-,-,-,-,-,-,-,-,-,-,-,-,Hamilton,Chattanooga,7
4556,300944111,0,3,36.511994,-87.287522,3,2024-03-03 01:08:00,2024,3,3,1,8,Sunday,01:08,Suspected Serious Injury,Dark-Not Lighted,Clear,Ditch,None,CLARKSVILLE POLICE DEPT,Other,Unbelted,-,-,-,Drowsy,-,-,-,-,-,-,-,-,Montgomery,Clarksville,1
4565,300944147,0,1,35.020603,-89.91906,4,2024-03-02 21:05:00,2024,3,2,21,5,Saturday,21:05,Suspected Serious Injury,Dark-Lighted,Clear,Motor Vehicle-In-Transport On Same Roadway,None,MEMPHIS POLICE DEPT,Other,Unbelted,-,-,-,-,-,-,-,-,-,-,-,-,Shelby,Memphis,7
4576,300944207,0,1,35.044243,-85.363809,2,2024-03-03 14:50:00,2024,3,3,14,50,Sunday,14:50,Suspected Serious Injury,Daylight,Clear,Pedestrian,None,CHATTANOOGA POLICE DEPT,Other,Unbelted,-,-,-,-,-,-,Pedestrian,-,-,-,-,-,Hamilton,Chattanooga,1
4579,300944228,0,4,35.07904,-89.98586,4,2024-03-03 03:22:00,2024,3,3,3,22,Sunday,03:22,Suspected Serious Injury,Dark-Lighted,Clear,Guard Rail End,None,MEMPHIS POLICE DEPT,Other,Unbelted,-,-,-,-,-,-,-,-,-,-,-,-,Shelby,Memphis,1
4584,300944248,1,0,35.165207,-89.861404,4,2024-03-03 15:42:00,2024,3,3,15,42,Sunday,15:42,Fatal,Daylight,Clear,Motor Vehicle-In-Transport On Same Roadway,None,MEMPHIS POLICE DEPT,Other,Unbelted,-,-,-,-,Speeding,-,-,-,-,-,-,-,Shelby,Memphis,1
4585,300944252,0,1,35.077084,-89.99221,4,2024-03-03 19:10:00,2024,3,3,19,10,Sunday,19:10,Suspected Serious Injury,Dark-Lighted,Clear,Fell/Jumped From Vehicle,None,MEMPHIS POLICE DEPT,Other,-,-,-,-,-,-,-,-,-,-,-,Motorcyclist,-,Shelby,Memphis,1
4588,300944266,0,3,35.027196,-85.172415,2,2024-03-03 22:30:00,2024,3,3,22,30,Sunday,22:30,Suspected Serious Injury,Dark-Lighted,Clear,Motor Vehicle-In-Transport On Same Roadway,Construction Zone,CHATTANOOGA POLICE DEPT,Other,Unbelted,-,-,-,-,-,-,-,-,-,-,-,-,Hamilton,Chattanooga,1