OBJECTID,MRN,Fatality,Injury,Latitude,Longitude,THP_District,Collision_Date,Collision_Year,Collision_Month,Collision_Day,Collision_Hour,Collision_Min,Collision_DOW,Collision_Time,Crash_Type,Light_Condition,Weather,First_Harmfu_Event,Work_Zone_Type,Agency_Name,THP,Unbelted,Distracted_Driver,Driver_Drinking,Driver_Drugged,Drowsy_Driver,Speeding_Involved,Pedalcyclist,Pedestrian,Other_Nonmotorist,ATV_Involved,LargeTruck_Involved,Motorcycle_Involved,SchoolBus,County,City,DOW_Nmb
4590,300944271,0,1,35.140358,-90.05173,4,2024-03-03 03:00:00,2024,3,3,3,0,Sunday,03:00,Suspected Serious Injury,Dark-Lighted,Clear,Pedestrian,None,MEMPHIS POLICE DEPT,Other,Unbelted,-,-,-,-,-,-,Pedestrian,-,-,-,-,-,Shelby,Memphis,1
4592,300944275,0,1,35.080093,-89.93132,4,2024-03-04 02:10:00,2024,3,4,2,10,Monday,02:10,Suspected Serious Injury,Dark-Lighted,Clear,Concrete Traffic Barrier,None,MEMPHIS POLICE DEPT,Other,Unbelted,-,-,-,-,-,-,-,-,-,-,-,-,Shelby,Memphis,2
4601,300944307,0,2,35.093053,-85.18055,2,2024-03-02 10:55:00,2024,3,2,10,55,Saturday,10:55,Suspected Serious Injury,Daylight,Clear,Motor Vehicle-In-Transport On Same Roadway,None,CHATTANOOGA POLICE DEPT,Other,Unbelted,-,-,-,-,Speeding,-,-,-,-,-,-,-,Hamilton,Chattanooga,7
4607,300944325,0,1,35.08159,-89.98588,4,2024-03-04 08:56:00,2024,3,4,8,56,Monday,08:56,Suspected Serious Injury,Daylight,Clear,Curb,None,MEMPHIS POLICE DEPT,Other,Unbelted,-,-,-,-,-,-,-,-,-,-,-,-,Shelby,Memphis,2
4610,300944361,0,2,35.118618,-90.034874,4,2024-03-04 12:05:00,2024,3,4,12,5,Monday,12:05,Suspected Serious Injury,Daylight,Clear,Motor Vehicle-In-Transport On Same Roadway,None,MEMPHIS POLICE DEPT,Other,Unbelted,-,-,-,-,-,-,-,-,-,-,-,-,Shelby,Memphis,2
4613,300944369,0,7,35.19995,-89.959564,4,2024-03-03 20:23:00,2024,3,3,20,23,Sunday,20:23,Suspected Serious Injury,Dark-Lighted,Clear,Motor Vehicle-In-Transport On Same Roadway,None,MEMPHIS POLICE DEPT,Other,Unbelted,-,-,-,-,Speeding,-,-,-,-,ATV_Involved,-,-,Shelby,Memphis,1
4634,300944496,0,4,35.02035,-89.85964,4,2024-03-04 23:47:00,2024,3,4,23,47,Monday,23:47,Suspected Serious Injury,Dark-Lighted,Clear,Motor Vehicle-In-Transport On Same Roadway,None,MEMPHIS POLICE DEPT,Other,Unbelted,-,-,-,-,-,-,-,-,-,-,-,-,Shelby,Memphis,2
4638,300944518,0,1,35.014976,-85.275048,2,2024-03-05 08:29:00,2024,3,5,8,29,Tuesday,08:29,Suspected Serious Injury,Daylight,Rain,Concrete Traffic Barrier,None,CHATTANOOGA POLICE DEPT,Other,Unbelted,-,-,-,-,-,-,-,-,-,ATV_Involved,-,-,Hamilton,Chattanooga,3
4699,300944817,0,1,35.187492,-89.808685,4,2024-03-06 23:20:00,2024,3,6,23,20,Wednesday,23:20,Suspected Serious Injury,Dark-Not Lighted,Clear,Parked Motor Vehicle,None,MEMPHIS POLICE DEPT,Other,Unbelted,-,-,-,-,-,-,-,-,-,ATV_Involved,-,-,Shelby,Memphis,4
4714,300944915,0,1,35.20698,-89.89404,4,2024-03-07 09:00:00,2024,3,7,9,0,Thursday,09:00,Suspected Serious Injury,Daylight,Clear,Utility Pole,None,MEMPHIS POLICE DEPT,Other,Unbelted,-,-,-,-,-,-,-,-,-,-,-,-,Shelby,Memphis,5
4750,300945127,0,1,35.143852,-90.03178,4,2024-03-08 08:00:00,2024,3,8,8,0,Friday,08:00,Suspected Serious Injury,Daylight,Clear,Pedestrian,None,MEMPHIS POLICE DEPT,Other,Unbelted,-,-,-,-,-,-,Pedestrian,-,-,-,-,-,Shelby,Memphis,6
4758,300945170,0,2,35.052486,-89.81294,4,2024-03-09 02:55:00,2024,3,9,2,55,Saturday,02:55,Suspected Serious Injury,Dark-Lighted,Clear,Motor Vehicle-In-Transport On Same Roadway,None,MEMPHIS POLICE DEPT,Other,Unbelted,-,-,-,-,-,-,-,-,-,-,-,-,Shelby,Memphis,7
4773,300945246,0,1,36.294704,-82.484167,5,2024-03-09 07:45:00,2024,3,9,7,45,Saturday,07:45,Suspected Serious Injury,Daylight,Clear,Other Fixed Object,None,JONESBOROUGH POLICE DEPT,Other,Unbelted,-,-,-,-,-,-,-,-,-,ATV_Involved,-,-,Washington,Jonesborough,7
4780,300945300,0,1,35.050037,-90.02545,4,2024-03-09 03:33:00,2024,3,9,3,33,Saturday,03:33,Suspected Serious Injury,Dark-Lighted,Clear,Curb,Construction Zone,MEMPHIS POLICE DEPT,Other,Unbelted,-,Drinking,-,-,-,-,-,-,-,-,-,-,Shelby,Memphis,7
4784,300945308,1,0,35.069477,-90.05807,4,2024-03-09 21:04:00,2024,3,9,21,4,Saturday,21:04,Fatal,Dark-Lighted,Clear,Non-Motorist Personal Conveyance,None,MEMPHIS POLICE DEPT,Other,Unbelted,-,-,-,-,-,-,Pedestrian,-,-,-,-,-,Shelby,Memphis,7
4791,300945345,0,2,35.13901,-90.03783,4,2024-03-10 05:00:00,2024,3,10,5,0,Sunday,05:00,Suspected Serious Injury,Daylight,Clear,Motor Vehicle-In-Transport On Same Roadway,None,MEMPHIS POLICE DEPT,Other,Unbelted,-,Drinking,-,-,-,-,-,-,-,-,-,-,Shelby,Memphis,1
4792,300945359,0,1,35.1303,-90.0238,4,2024-03-10 06:50:00,2024,3,10,6,50,Sunday,06:50,Suspected Serious Injury,Daylight,Clear,Motor Vehicle-In-Transport On Same Roadway,None,MEMPHIS POLICE DEPT,Other,Unbelted,-,-,-,-,-,-,-,-,-,-,-,-,Shelby,Memphis,1
4805,300945424,0,2,36.57249,-87.408122,3,2024-03-10 19:00:00,2024,3,10,19,0,Sunday,19:00,Suspected Serious Injury,Dark-Lighted,Clear,Motor Vehicle-In-Transport On Same Roadway,None,CLARKSVILLE POLICE DEPT,Other,Unbelted,-,-,-,-,-,-,-,-,-,-,-,-,Montgomery,Clarksville,1
4825,300945548,0,3,36.172295,-82.81539,5,2024-03-11 11:18:00,2024,3,11,11,18,Monday,11:18,Suspected Serious Injury,Daylight,Clear,Motor Vehicle-In-Transport On Same Roadway,None,GREENEVILLE POLICE DEPT,Other,Unbelted,-,Drinking,-,-,-,-,-,-,-,-,-,-,Greene,Greeneville,2
4829,300945579,0,1,35.79177,-84.251712,1,2024-03-11 15:41:00,2024,3,11,15,41,Monday,15:41,Suspected Serious Injury,Daylight,Clear,Motor Vehicle-In-Transport On Same Roadway,None,LENOIR CITY POLICE DEPT,Other,Unbelted,-,-,-,-,-,-,-,-,-,-,Motorcyclist,-,Loudon,Lenoir City,2
4861,300945757,1,0,35.170456,-90.01853,4,2024-03-12 17:47:00,2024,3,12,17,47,Tuesday,17:47,Fatal,Daylight,Clear,Motor Vehicle-In-Transport On Same Roadway,None,MEMPHIS POLICE DEPT,Other,Unbelted,-,-,Drug,-,-,-,-,-,-,ATV_Involved,Motorcyclist,-,Shelby,Memphis,3
4867,300945782,0,1,36.424206,-82.46617,5,2024-03-12 14:20:00,2024,3,12,14,20,Tuesday,14:20,Suspected Serious Injury,Daylight,Clear,Embankment Earth,None,WASHINGTON CO SHERIFFS DEPT,Other,Unbelted,-,-,-,-,-,-,-,-,-,-,-,-,Washington,Gray,3
4870,300945797,0,1,36.54084,-87.364507,3,2024-03-12 15:45:00,2024,3,12,15,45,Tuesday,15:45,Suspected Serious Injury,Daylight,Clear,Motor Vehicle-In-Transport On Same Roadway,None,CLARKSVILLE POLICE DEPT,Other,Unbelted,-,-,-,-,-,-,-,-,-,-,-,-,Montgomery,Clarksville,3
4901,300945956,1,0,35.140537,-90.04451,4,2024-03-13 19:42:00,2024,3,13,19,42,Wednesday,19:42,Fatal,Dark-Lighted,Clear,Pedestrian,None,MEMPHIS POLICE DEPT,Other,Unbelted,-,-,-,-,Speeding,-,Pedestrian,-,-,-,-,-,Shelby,Memphis,4
4904,300945967,1,1,35.02035,-89.86624,4,2024-03-13 19:57:00,2024,3,13,19,57,Wednesday,19:57,Fatal,Dark-Lighted,Clear,Motor Vehicle-In-Transport On Same Roadway,None,MEMPHIS POLICE DEPT,Other,Unbelted,-,-,-,-,-,-,-,-,-,-,-,-,Shelby,Memphis,4
4910,300945988,0,2,36.509877,-87.28032,3,2024-03-13 11:27:00,2024,3,13,11,27,Wednesday,11:27,Suspected Serious Injury,Daylight,Clear,Motor Vehicle-In-Transport On Same Roadway,None,CLARKSVILLE POLICE DEPT,Other,Unbelted,-,Drinking,-,-,-,-,-,-,-,-,-,-,Montgomery,Clarksville,4
4917,300946022,0,1,35.13608,-90.0245,4,2024-03-14 06:30:00,2024,3,14,6,30,Thursday,06:30,Suspected Serious Injury,Dawn,Clear,Pedestrian,None,MEMPHIS POLICE DEPT,Other,Unbelted,-,-,-,-,-,-,Pedestrian,-,-,-,-,-,Shelby,Memphis,5
4932,300946093,0,1,35.05282,-90.00772,4,2024-03-14 13:30:00,2024,3,14,13,30,Thursday,13:30,Suspected Serious Injury,Daylight,Clear,Pedestrian,None,MEMPHIS POLICE DEPT,Other,Unbelted,-,-,-,-,-,-,Pedestrian,-,-,-,-,-,Shelby,Memphis,5
4939,300946137,0,2,35.083336,-89.89296,4,2024-03-14 20:27:00,2024,3,14,20,27,Thursday,20:27,Suspected Serious Injury,Dark-Lighted,Clear,Motor Vehicle-In-Transport On Same Roadway,None,MEMPHIS POLICE DEPT,Other,Unbelted,-,Drinking,-,-,-,-,-,-,-,-,-,-,Shelby,Memphis,5
4960,300946256,0,1,35.099272,-85.054319,2,2024-03-14 14:58:00,2024,3,14,14,58,Thursday,14:58,Suspected Serious Injury,Daylight,Clear,Motor Vehicle-In-Transport On Same Roadway,None,CHATTANOOGA POLICE DEPT,Other,Unbelted,-,-,-,-,-,-,-,-,-,-,-,-,Hamilton,Chattanooga,5
4962,300946267,0,2,35.096737,-85.173951,2,2024-03-13 11:17:00,2024,3,13,11,17,Wednesday,11:17,Suspected Serious Injury,Daylight,Clear,Motor Vehicle-In-Transport On Same Roadway,None,CHATTANOOGA POLICE DEPT,Other,Unbelted,-,-,-,-,-,-,-,-,-,-,-,-,Hamilton,Chattanooga,4
4975,300946316,0,1,35.17286,-90.036,4,2024-03-16 00:30:00,2024,3,16,0,30,Saturday,00:30,Suspected Serious Injury,Dark-Not Lighted,Clear,Pedestrian,None,MEMPHIS POLICE DEPT,Other,Unbelted,-,-,-,-,-,-,Pedestrian,-,-,-,-,-,Shelby,Memphis,7
4995,300946438,0,1,35.174133,-84.87863,2,2024-03-16 21:40:00,2024,3,16,21,40,Saturday,21:40,Suspected Serious Injury,Dark-Lighted,Clear,Motor Vehicle-In-Transport On Same Roadway,None,CLEVELAND POLICE DEPT,Other,Unbelted,-,-,-,-,-,-,-,-,-,-,Motorcyclist,-,Bradley,Cleveland,7
5007,300946477,0,1,36.109676,-82.86757,5,2024-03-16 11:06:00,2024,3,16,11,6,Saturday,11:06,Suspected Serious Injury,Daylight,Clear,Embankment Earth,None,GREENE CO SHERIFFS DEPT,Other,Unbelted,-,-,-,-,-,-,-,-,-,-,-,-,Greene,Not in City Limit,7
5010,300946496,0,3,35.000717,-85.131518,2,2024-03-17 11:52:00,2024,3,17,11,52,Sunday,11:52,Suspected Serious Injury,Daylight,Clear,Motor Vehicle-In-Transport On Same Roadway,None,CHATTANOOGA POLICE DEPT,Other,Unbelted,-,-,-,-,Speeding,-,-,-,-,-,-,-,Hamilton,Chattanooga,1
5012,300946502,0,2,35.332375,-89.919815,4,2024-03-16 17:26:00,2024,3,16,17,26,Saturday,17:26,Suspected Serious Injury,Daylight,Clear,Motor Vehicle-In-Transport On Same Roadway,None,MILLINGTON POLICE DEPT,Other,Unbelted,-,-,-,-,-,-,-,-,-,-,-,-,Shelby,Millington,7
5016,300946519,2,1,36.512257,-87.288634,3,2024-03-17 09:04:00,2024,3,17,9,4,Sunday,09:04,Fatal,Daylight,Clear,Motor Vehicle-In-Transport On Same Roadway,None,CLARKSVILLE POLICE DEPT,Other,Unbelted,-,Drinking,Drug,-,Speeding,-,-,-,-,-,Motorcyclist,-,Montgomery,Clarksville,1
5021,300946535,0,2,35.053073,-85.304088,2,2024-03-17 09:08:00,2024,3,17,9,8,Sunday,09:08,Suspected Serious Injury,Daylight,Cloudy,Motor Vehicle-In-Transport On Same Roadway,None,CHATTANOOGA POLICE DEPT,Other,Unbelted,-,-,-,-,-,-,-,-,-,-,-,-,Hamilton,Chattanooga,1
5031,300946588,1,0,35.100044,-90.0292,4,2024-03-17 01:15:00,2024,3,17,1,15,Sunday,01:15,Fatal,Dark-Lighted,Clear,Culvert,None,MEMPHIS POLICE DEPT,Other,Unbelted,-,Drinking,Drug,-,-,-,-,-,-,-,-,-,Shelby,Memphis,1
5039,300946620,0,4,35.20444,-89.758644,4,2024-03-16 12:39:00,2024,3,16,12,39,Saturday,12:39,Suspected Serious Injury,Daylight,Clear,Motor Vehicle-In-Transport On Same Roadway,None,SHELBY CO SHERIFFS DEPT,Other,Unbelted,-,-,-,-,-,-,-,-,-,-,-,-,Shelby,Lakeland,7
5040,300946632,0,2,36.308464,-82.38668,5,2024-03-15 16:03:00,2024,3,15,16,3,Friday,16:03,Suspected Serious Injury,Daylight,Clear,Motor Vehicle-In-Transport On Same Roadway,None,JOHNSON CITY POLICE DEPT,Other,Unbelted,-,-,-,-,-,-,-,-,-,-,-,-,Washington,Johnson City,6
5071,300946803,0,2,35.07968,-85.28964,2,2024-03-17 18:40:00,2024,3,17,18,40,Sunday,18:40,Suspected Serious Injury,Daylight,Clear,Utility Pole,None,CHATTANOOGA POLICE DEPT,Other,Unbelted,-,-,Drug,-,-,-,-,-,-,-,-,-,Hamilton,Chattanooga,1
5072,300946804,1,0,35.04423,-89.87543,4,2024-03-17 22:54:00,2024,3,17,22,54,Sunday,22:54,Fatal,Dark-Lighted,Clear,Curb,None,MEMPHIS POLICE DEPT,Other,Unbelted,-,Drinking,-,-,-,-,-,-,-,-,-,-,Shelby,Memphis,1
5073,300946805,1,0,35.020535,-89.89836,4,2024-03-19 00:00:00,2024,3,19,0,0,Tuesday,00:00,Fatal,Dark-Lighted,Clear,Motor Vehicle-In-Transport On Same Roadway,None,MEMPHIS POLICE DEPT,Other,Unbelted,-,Drinking,-,-,-,-,-,-,-,ATV_Involved,-,-,Shelby,Memphis,3
5091,300946927,1,1,35.075077,-89.86151,4,2024-03-19 17:10:00,2024,3,19,17,10,Tuesday,17:10,Fatal,Daylight,Clear,Motor Vehicle-In-Transport On Same Roadway,None,MEMPHIS POLICE DEPT,Other,Unbelted,-,-,-,-,Speeding,-,-,-,-,-,-,-,Shelby,Memphis,3
5121,300947069,0,1,35.063248,-90.02316,4,2024-03-17 23:45:00,2024,3,17,23,45,Sunday,23:45,Suspected Serious Injury,Dark-Lighted,Clear,"Over Turn, Roll Over",None,MEMPHIS POLICE DEPT,Other,Unbelted,-,-,-,-,-,-,-,-,-,-,-,-,Shelby,Memphis,1
5129,300947128,0,1,35.19614,-89.902054,4,2024-03-19 23:00:00,2024,3,19,23,0,Tuesday,23:00,Suspected Serious Injury,Dark-Lighted,Clear,Utility Pole,None,MEMPHIS POLICE DEPT,Other,Unbelted,-,-,-,-,-,-,-,-,-,-,-,-,Shelby,Memphis,3
5134,300947140,0,2,35.11559,-89.86933,4,2024-03-19 23:32:00,2024,3,19,23,32,Tuesday,23:32,Suspected Serious Injury,Dark-Lighted,Clear,Concrete Traffic Barrier,None,MEMPHIS POLICE DEPT,Other,Unbelted,-,-,-,-,-,-,-,-,-,-,-,-,Shelby,Memphis,3
5154,300947216,0,1,35.13023,-89.78529,4,2024-03-21 08:13:00,2024,3,21,8,13,Thursday,08:13,Suspected Serious Injury,Daylight,Clear,Motor Vehicle-In-Transport On Same Roadway,None,MEMPHIS POLICE DEPT,Other,Unbelted,Distracted,-,-,-,-,-,-,-,-,-,Motorcyclist,-,Shelby,Memphis,5
5156,300947228,0,2,35.020461,-89.812588,4,2024-02-22 16:20:00,2024,2,22,16,20,Thursday,16:20,Suspected Serious Injury,Daylight,Cloudy,Motor Vehicle-In-Transport On Different Roadway,None,SHELBY CO SHERIFFS DEPT,Other,Unbelted,-,Drinking,Drug,-,Speeding,-,-,-,-,-,-,-,Shelby,Not in City Limit,5
5179,300947350,0,2,36.17242,-82.85055,5,2024-03-21 21:31:00,2024,3,21,21,31,Thursday,21:31,Suspected Serious Injury,Dark-Unknown Lighting,Clear,Motor Vehicle-In-Transport On Same Roadway,None,GREENEVILLE POLICE DEPT,Other,Unbelted,-,-,-,-,-,-,-,-,-,-,-,-,Greene,Greeneville,5
5205,300947537,0,2,35.167114,-89.9454,4,2024-03-16 22:55:00,2024,3,16,22,55,Saturday,22:55,Suspected Serious Injury,Dark-Lighted,Clear,Motor Vehicle-In-Transport On Same Roadway,None,MEMPHIS POLICE DEPT,Other,Unbelted,-,-,-,-,-,-,-,-,-,-,-,-,Shelby,Memphis,7
5227,300947610,0,1,36.182423,-82.80686,5,2024-03-23 03:50:00,2024,3,23,3,50,Saturday,03:50,Suspected Serious Injury,Dark-Not Lighted,Rain,Pedestrian,None,GREENEVILLE POLICE DEPT,Other,Unbelted,-,-,-,-,-,-,Pedestrian,-,-,-,-,-,Greene,Greeneville,7
5231,300947629,1,1,35.05054,-89.88622,4,2024-03-23 02:52:00,2024,3,23,2,52,Saturday,02:52,Fatal,Dark-Lighted,Clear,Motor Vehicle-In-Transport On Same Roadway,None,MEMPHIS POLICE DEPT,Other,Unbelted,-,Drinking,Drug,-,Speeding,-,-,-,-,-,-,-,Shelby,Memphis,7
5259,300947757,1,0,36.597068,-87.286369,3,2024-03-23 12:50:00,2024,3,23,12,50,Saturday,12:50,Fatal,Daylight,Clear,Motor Vehicle-In-Transport On Same Roadway,None,CLARKSVILLE POLICE DEPT,Other,Unbelted,-,-,Drug,-,-,-,-,-,-,-,Motorcyclist,-,Montgomery,Clarksville,7
5274,300947863,1,0,36.253426,-83.04351,5,2024-03-23 22:45:00,2024,3,23,22,45,Saturday,22:45,Fatal,Dark-Not Lighted,Clear,Motor Vehicle-In-Transport On Same Roadway,None,GREENE CO SHERIFFS DEPT,Other,Unbelted,-,-,-,-,-,-,-,-,-,-,-,-,Greene,Not in City Limit,7
5282,300947910,0,2,35.276407,-89.694734,4,2024-03-22 16:45:00,2024,3,22,16,45,Friday,16:45,Suspected Serious Injury,Daylight,Rain,Motor Vehicle-In-Transport On Same Roadway,None,SHELBY CO SHERIFFS DEPT,Other,Unbelted,-,-,-,-,-,-,-,-,-,-,Motorcyclist,-,Shelby,Arlington,6
5298,300947990,0,2,36.17077,-82.87335,5,2024-03-25 14:36:00,2024,3,25,14,36,Monday,14:36,Suspected Serious Injury,Daylight,Clear,Motor Vehicle-In-Transport On Same Roadway,None,GREENEVILLE POLICE DEPT,Other,Unbelted,-,-,-,-,-,-,-,-,-,-,-,-,Greene,Greeneville,2
5301,300948006,0,2,35.3568,-89.89462,4,2024-03-25 18:00:00,2024,3,25,18,0,Monday,18:00,Suspected Serious Injury,Dusk,Rain,Motor Vehicle-In-Transport On Same Roadway,None,MILLINGTON POLICE DEPT,Other,Unbelted,-,-,-,-,-,-,-,-,-,-,-,-,Shelby,Millington,2
5357,300948324,0,5,35.052597,-89.96399,4,2024-03-26 10:15:00,2024,3,26,10,15,Tuesday,10:15,Suspected Serious Injury,Daylight,Clear,Motor Vehicle-In-Transport On Same Roadway,None,MEMPHIS POLICE DEPT,Other,Unbelted,-,-,-,-,-,-,-,-,-,-,-,-,Shelby,Memphis,3
5361,300948348,0,1,35.025917,-85.276693,2,2024-03-27 10:42:00,2024,3,27,10,42,Wednesday,10:42,Suspected Serious Injury,Daylight,Clear,Motor Vehicle-In-Transport On Same Roadway,None,CHATTANOOGA POLICE DEPT,Other,Unbelted,-,-,-,-,-,-,-,-,-,-,Motorcyclist,-,Hamilton,Chattanooga,4
5367,300948382,0,2,35.06488,-89.932434,4,2024-03-26 21:30:00,2024,3,26,21,30,Tuesday,21:30,Suspected Serious Injury,Dark-Not Lighted,Clear,Motor Vehicle-In-Transport On Same Roadway,None,MEMPHIS POLICE DEPT,Other,Unbelted,-,-,-,-,-,-,-,-,-,-,-,-,Shelby,Memphis,3
5393,300948531,0,1,35.02085,-89.96364,4,2024-03-27 13:38:00,2024,3,27,13,38,Wednesday,13:38,Suspected Serious Injury,Daylight,Clear,Motor Vehicle-In-Transport On Same Roadway,None,MEMPHIS POLICE DEPT,Other,Unbelted,-,-,-,-,-,-,-,-,-,-,-,-,Shelby,Memphis,4
5428,300948702,0,2,35.038645,-85.185013,2,2024-03-28 18:25:00,2024,3,28,18,25,Thursday,18:25,Suspected Serious Injury,Daylight,Clear,Motor Vehicle-In-Transport On Same Roadway,None,CHATTANOOGA POLICE DEPT,Other,Unbelted,-,-,-,-,-,-,-,-,-,-,-,-,Hamilton,Chattanooga,5
5429,300948706,0,1,36.570149,-87.33494,3,2024-03-28 01:20:00,2024,3,28,1,20,Thursday,01:20,Suspected Serious Injury,Dark-Not Lighted,Clear,Ditch,None,CLARKSVILLE POLICE DEPT,Other,Unbelted,-,-,-,-,-,-,-,-,-,-,-,-,Montgomery,Clarksville,5
5469,300948896,0,1,35.152416,-89.88364,4,2024-03-30 02:17:00,2024,3,30,2,17,Saturday,02:17,Suspected Serious Injury,Dark-Lighted,Clear,Impact Atten. Crash Cushion,None,MEMPHIS POLICE DEPT,Other,-,-,Drinking,-,-,-,-,-,-,-,-,Motorcyclist,-,Shelby,Memphis,7
5488,300949005,1,0,35.197906,-89.905525,4,2024-03-30 21:13:00,2024,3,30,21,13,Saturday,21:13,Fatal,Dark-Not Lighted,Clear,Pedestrian,None,MEMPHIS POLICE DEPT,Other,-,-,-,-,-,-,-,Pedestrian,-,-,-,-,-,Shelby,Memphis,7
5489,300949009,0,1,35.03514,-90.02263,4,2024-03-30 20:26:00,2024,3,30,20,26,Saturday,20:26,Suspected Serious Injury,Dark-Lighted,Clear,Utility Pole,None,MEMPHIS POLICE DEPT,Other,Unbelted,-,-,-,-,-,-,-,-,-,ATV_Involved,-,-,Shelby,Memphis,7
5493,300949024,0,2,35.15212,-90.03977,4,2024-03-30 23:59:00,2024,3,30,23,59,Saturday,23:59,Suspected Serious Injury,Dark-Lighted,Clear,Motor Vehicle-In-Transport On Same Roadway,None,MEMPHIS POLICE DEPT,Other,Unbelted,-,Drinking,-,-,-,-,-,-,-,-,-,-,Shelby,Memphis,7
5495,300949046,0,1,35.045784,-89.81879,4,2024-03-31 03:30:00,2024,3,31,3,30,Sunday,03:30,Suspected Serious Injury,Dark-Lighted,Clear,Parked Motor Vehicle,None,MEMPHIS POLICE DEPT,Other,-,-,-,-,-,Speeding,-,-,-,-,-,Motorcyclist,-,Shelby,Memphis,1
5509,300949111,1,0,36.22486,-83.04856,5,2024-03-31 02:32:00,2024,3,31,2,32,Sunday,02:32,Fatal,Dark-Not Lighted,Clear,Ditch,None,MOSHEIM POLICE DEPT,Other,Unbelted,-,Drinking,-,-,-,-,-,-,-,-,-,-,Greene,Mosheim,1
5514,300949130,0,1,35.059807,-90.05997,4,2024-03-30 22:29:00,2024,3,30,22,29,Saturday,22:29,Suspected Serious Injury,Dark-Lighted,Clear,Motor Vehicle-In-Transport On Same Roadway,None,MEMPHIS POLICE DEPT,Other,Unbelted,-,-,-,-,-,-,-,-,-,-,Motorcyclist,-,Shelby,Memphis,7
5517,300949141,0,5,35.153691,-85.24889,2,2024-03-31 19:47:00,2024,3,31,19,47,Sunday,19:47,Suspected Serious Injury,Dusk,Clear,Motor Vehicle-In-Transport On Same Roadway,None,CHATTANOOGA POLICE DEPT,Other,Unbelted,-,-,-,-,Speeding,-,-,-,-,-,-,-,Hamilton,Chattanooga,1
5534,300949198,1,5,35.381236,-90.06173,4,2024-03-23 23:35:00,2024,3,23,23,35,Saturday,23:35,Fatal,Dark-Not Lighted,Clear,Standing Tree,None,SHELBY CO SHERIFFS DEPT,Other,Unbelted,-,-,-,-,-,-,-,-,-,-,-,-,Shelby,Not in City Limit,7
5535,300949199,0,3,35.052032,-89.91862,4,2024-03-31 13:00:00,2024,3,31,13,0,Sunday,13:00,Suspected Serious Injury,Daylight,Clear,Motor Vehicle-In-Transport On Same Roadway,None,MEMPHIS POLICE DEPT,Other,Unbelted,-,-,-,-,-,-,-,-,-,-,-,-,Shelby,Memphis,1
5555,300949462,1,2,35.160081,-89.962702,4,2024-04-01 15:31:00,2024,4,1,15,31,Monday,15:31,Fatal,Daylight,Clear,Motor Vehicle-In-Transport On Same Roadway,None,MEMPHIS POLICE DEPT,Other,Unbelted,-,-,-,-,-,-,-,-,-,-,-,-,Shelby,Memphis,2
5565,300949514,0,1,35.10797,-89.933395,4,2024-04-02 02:32:00,2024,4,2,2,32,Tuesday,02:32,Suspected Serious Injury,Dark-Lighted,Clear,Motor Vehicle-In-Transport On Same Roadway,None,MEMPHIS POLICE DEPT,Other,Unbelted,-,-,-,-,-,-,-,-,-,-,-,-,Shelby,Memphis,3
5569,300949538,0,1,35.09345,-89.94938,4,2024-04-02 06:25:00,2024,4,2,6,25,Tuesday,06:25,Suspected Serious Injury,Dark-Lighted,Clear,Pedestrian,None,MEMPHIS POLICE DEPT,Other,Unbelted,-,-,-,-,-,-,Pedestrian,-,-,-,-,-,Shelby,Memphis,3
5570,300949552,1,6,35.237793,-89.95088,4,2024-04-02 06:30:00,2024,4,2,6,30,Tuesday,06:30,Fatal,Daylight,Clear,Motor Vehicle-In-Transport On Same Roadway,None,MEMPHIS POLICE DEPT,Other,Unbelted,-,-,-,-,Speeding,-,-,-,-,-,-,-,Shelby,Memphis,3
5583,300949640,0,3,35.141666,-89.951645,4,2024-04-02 15:25:00,2024,4,2,15,25,Tuesday,15:25,Suspected Serious Injury,Daylight,Clear,Fence,None,MEMPHIS POLICE DEPT,Other,Unbelted,-,-,-,-,-,-,-,-,-,-,-,-,Shelby,Memphis,3
5598,300949679,0,2,35.099888,-89.848595,4,2024-04-02 22:29:00,2024,4,2,22,29,Tuesday,22:29,Suspected Serious Injury,Dark-Lighted,Clear,Motor Vehicle-In-Transport On Same Roadway,None,MEMPHIS POLICE DEPT,Other,Unbelted,-,-,-,-,-,-,-,-,-,-,-,-,Shelby,Memphis,3
5620,300949812,1,1,35.5799,-89.642136,4,2024-04-03 10:51:00,2024,4,3,10,51,Wednesday,10:51,Fatal,Daylight,Clear,Motor Vehicle-In-Transport On Same Roadway,None,COVINGTON POLICE DEPT,Other,Unbelted,-,-,-,-,-,-,-,-,-,-,Motorcyclist,-,Tipton,Covington,4
5622,300949826,0,5,36.575129,-87.303083,3,2024-04-03 11:50:00,2024,4,3,11,50,Wednesday,11:50,Suspected Serious Injury,Daylight,Rain,Motor Vehicle-In-Transport On Same Roadway,None,CLARKSVILLE POLICE DEPT,Other,Unbelted,-,-,-,-,-,-,-,-,-,-,-,-,Montgomery,Clarksville,4
5633,300949876,0,1,36.504604,-82.431816,5,2024-04-03 22:53:00,2024,4,3,22,53,Wednesday,22:53,Suspected Serious Injury,Dark-Not Lighted,Cloudy,Pedestrian,None,KINGSPORT POLICE DEPARTMENT,Other,Unbelted,-,-,-,-,-,-,Pedestrian,-,-,-,-,-,Sullivan,Kingsport,4
5635,300949887,2,1,36.555252,-82.60535,5,2024-04-03 22:45:00,2024,4,3,22,45,Wednesday,22:45,Fatal,Dark-Not Lighted,Clear,Motor Vehicle-In-Transport On Same Roadway,None,KINGSPORT POLICE DEPARTMENT,Other,Unbelted,-,Drinking,Drug,-,Speeding,-,-,-,-,-,-,-,Sullivan,Kingsport,4
5638,300949898,0,1,35.039256,-85.235259,2,2024-04-04 03:00:00,2024,4,4,3,0,Thursday,03:00,Suspected Serious Injury,Dark-Lighted,Clear,Utility Pole,None,CHATTANOOGA POLICE DEPT,Other,Unbelted,-,-,-,Drowsy,-,-,-,-,-,-,-,-,Hamilton,Chattanooga,5