OBJECTID,MRN,Fatality,Injury,Latitude,Longitude,THP_District,Collision_Date,Collision_Year,Collision_Month,Collision_Day,Collision_Hour,Collision_Min,Collision_DOW,Collision_Time,Crash_Type,Light_Condition,Weather,First_Harmfu_Event,Work_Zone_Type,Agency_Name,THP,Unbelted,Distracted_Driver,Driver_Drinking,Driver_Drugged,Drowsy_Driver,Speeding_Involved,Pedalcyclist,Pedestrian,Other_Nonmotorist,ATV_Involved,LargeTruck_Involved,Motorcycle_Involved,SchoolBus,County,City,DOW_Nmb
5639,300949912,1,0,35.143044,-89.98258,4,2024-04-03 21:58:00,2024,4,3,21,58,Wednesday,21:58,Fatal,Dark-Lighted,Clear,Standing Tree,None,MEMPHIS POLICE DEPT,Other,Unbelted,-,-,-,-,-,-,-,-,-,-,-,-,Shelby,Memphis,4
5659,300950033,0,2,35.034528,-85.158706,2,2024-03-21 06:50:00,2024,3,21,6,50,Thursday,06:50,Suspected Serious Injury,Dawn,Clear,Motor Vehicle-In-Transport On Same Roadway,None,CHATTANOOGA POLICE DEPT,Other,Unbelted,-,-,-,-,-,-,-,-,-,-,-,-,Hamilton,Chattanooga,5
5663,300950052,2,5,35.02085,-89.96364,4,2024-04-04 00:35:00,2024,4,4,0,35,Thursday,00:35,Fatal,Dark-Lighted,Clear,Motor Vehicle-In-Transport On Same Roadway,None,MEMPHIS POLICE DEPT,Other,Unbelted,-,-,Drug,-,Speeding,-,-,-,-,-,-,-,Shelby,Memphis,5
5665,300950056,0,2,35.109985,-89.9918,4,2024-04-04 02:03:00,2024,4,4,2,3,Thursday,02:03,Suspected Serious Injury,Dark-Lighted,Clear,Motor Vehicle-In-Transport On Same Roadway,None,MEMPHIS POLICE DEPT,Other,Unbelted,-,-,-,-,-,-,-,-,-,-,-,-,Shelby,Memphis,5
5683,300950128,0,1,35.006454,-89.88765,4,2024-04-05 05:42:00,2024,4,5,5,42,Friday,05:42,Suspected Serious Injury,Daylight,Clear,Bridge/Pier Abutment,None,MEMPHIS POLICE DEPT,Other,Unbelted,-,-,-,Drowsy,-,-,-,-,-,-,-,-,Shelby,Memphis,6
5688,300950159,0,2,35.160923,-89.905846,4,2024-04-05 12:45:00,2024,4,5,12,45,Friday,12:45,Suspected Serious Injury,Daylight,Clear,Motor Vehicle-In-Transport On Same Roadway,None,MEMPHIS POLICE DEPT,Other,Unbelted,-,-,-,-,-,-,-,-,-,-,Motorcyclist,-,Shelby,Memphis,6
5712,300950272,0,1,35.077015,-89.98536,4,2024-04-06 01:05:00,2024,4,6,1,5,Saturday,01:05,Suspected Serious Injury,Dark-Lighted,Clear,Unknown,None,MEMPHIS POLICE DEPT,Other,Unbelted,-,-,-,-,-,-,-,-,-,-,-,-,Shelby,Memphis,7
5723,300950358,1,2,35.06073,-89.866005,4,2024-04-05 19:31:00,2024,4,5,19,31,Friday,19:31,Fatal,Daylight,Clear,Motor Vehicle-In-Transport On Same Roadway,None,MEMPHIS POLICE DEPT,Other,Unbelted,-,-,-,-,-,-,-,-,-,-,-,-,Shelby,Memphis,6
5725,300950361,0,1,35.09006,-89.965775,4,2024-04-06 19:58:00,2024,4,6,19,58,Saturday,19:58,Suspected Serious Injury,Dark-Lighted,Clear,Motor Vehicle-In-Transport On Same Roadway,None,MEMPHIS POLICE DEPT,Other,Unbelted,-,-,-,-,-,-,-,-,-,-,Motorcyclist,-,Shelby,Memphis,7
5729,300950385,0,1,35.080193,-89.95548,4,2024-04-06 16:50:00,2024,4,6,16,50,Saturday,16:50,Suspected Serious Injury,Daylight,Clear,Motor Vehicle-In-Transport On Same Roadway,None,MEMPHIS POLICE DEPT,Other,Unbelted,-,-,-,-,-,-,-,-,-,-,-,-,Shelby,Memphis,7
5735,300950405,1,1,35.148,-89.944565,4,2024-04-06 09:15:00,2024,4,6,9,15,Saturday,09:15,Fatal,Daylight,Clear,Motor Vehicle-In-Transport On Same Roadway,None,MEMPHIS POLICE DEPT,Other,Unbelted,-,-,Drug,-,-,-,-,-,-,-,-,-,Shelby,Memphis,7
5764,300950540,1,0,36.378048,-82.53932,5,2024-04-07 19:05:00,2024,4,7,19,5,Sunday,19:05,Fatal,Daylight,Clear,Struck an object at rest from or set in motion by other motor vehicle,None,WASHINGTON CO SHERIFFS DEPT,Other,Unbelted,-,-,-,-,-,-,-,-,-,ATV_Involved,-,-,Washington,Jonesborough,1
5769,300950555,1,1,35.173103,-89.94178,4,2024-04-07 03:28:00,2024,4,7,3,28,Sunday,03:28,Fatal,Dark-Lighted,Clear,Utility Pole,None,MEMPHIS POLICE DEPT,Other,Unbelted,-,-,-,-,Speeding,-,-,-,-,-,-,-,Shelby,Memphis,1
5792,300950664,0,2,35.00638,-90.02528,4,2024-04-06 17:15:00,2024,4,6,17,15,Saturday,17:15,Suspected Serious Injury,Dusk,Clear,Motor Vehicle-In-Transport On Same Roadway,None,MEMPHIS POLICE DEPT,Other,Unbelted,-,-,-,-,-,-,-,-,-,-,-,-,Shelby,Memphis,7
5796,300950685,0,2,35.070175,-89.864975,4,2024-04-08 06:40:00,2024,4,8,6,40,Monday,06:40,Suspected Serious Injury,Daylight,Clear,Motor Vehicle-In-Transport On Same Roadway,None,MEMPHIS POLICE DEPT,Other,Unbelted,-,-,-,-,-,-,-,-,-,-,-,Direct,Shelby,Memphis,2
5802,300950707,1,1,35.165207,-89.861404,4,2024-04-07 14:10:00,2024,4,7,14,10,Sunday,14:10,Fatal,Daylight,Clear,Motor Vehicle-In-Transport On Same Roadway,None,MEMPHIS POLICE DEPT,Other,Unbelted,-,-,-,-,-,-,-,-,-,ATV_Involved,-,-,Shelby,Memphis,1
5808,300950729,0,1,35.170456,-90.01853,4,2024-04-06 01:00:00,2024,4,6,1,0,Saturday,01:00,Suspected Serious Injury,Dark-Lighted,Clear,Pedestrian,None,MEMPHIS POLICE DEPT,Other,Unbelted,-,-,-,-,Speeding,-,Pedestrian,-,-,-,-,-,Shelby,Memphis,7
5811,300950747,0,1,35.02241,-90.01179,4,2024-04-08 17:26:00,2024,4,8,17,26,Monday,17:26,Suspected Serious Injury,Daylight,Clear,Motor Vehicle-In-Transport On Same Roadway,None,MEMPHIS POLICE DEPT,Other,Unbelted,-,-,-,-,-,-,-,-,-,-,-,-,Shelby,Memphis,2
5840,300950880,0,1,36.481564,-82.498856,5,2024-04-09 10:34:00,2024,4,9,10,34,Tuesday,10:34,Suspected Serious Injury,Daylight,Rain,Motor Vehicle-In-Transport On Same Roadway,None,KINGSPORT POLICE DEPARTMENT,Other,Unbelted,-,-,-,-,-,-,-,-,-,-,-,-,Sullivan,Kingsport,3
5868,300951055,1,0,35.134346,-90.005356,4,2024-04-10 01:15:00,2024,4,10,1,15,Wednesday,01:15,Fatal,Dark-Lighted,Rain,Curb,None,MEMPHIS POLICE DEPT,Other,Unbelted,-,Drinking,-,-,Speeding,-,-,-,-,-,-,-,Shelby,Memphis,4
5889,300951180,1,3,35.162346,-89.9313,4,2024-04-10 14:26:00,2024,4,10,14,26,Wednesday,14:26,Fatal,Daylight,Cloudy,Motor Vehicle-In-Transport On Same Roadway,None,MEMPHIS POLICE DEPT,Other,Unbelted,-,-,-,-,-,-,-,-,-,-,-,-,Shelby,Memphis,4
5893,300951207,0,1,35.190796,-90.01589,4,2024-04-09 23:54:00,2024,4,9,23,54,Tuesday,23:54,Suspected Serious Injury,Dark-Lighted,Rain,Motor Vehicle-In-Transport On Same Roadway,None,MEMPHIS POLICE DEPT,Other,Unbelted,-,-,-,-,-,-,-,-,-,-,-,-,Shelby,Memphis,3
5900,300951240,1,0,35.182008,-89.867021,4,2024-03-31 15:51:00,2024,3,31,15,51,Sunday,15:51,Fatal,Daylight,Clear,Standing Tree,None,SHELBY CO SHERIFFS DEPT,Other,Unbelted,-,-,-,-,-,-,-,-,-,-,-,-,Shelby,Arlington,1
5937,300951445,0,2,35.083454,-90.02547,4,2024-04-11 23:00:00,2024,4,11,23,0,Thursday,23:00,Suspected Serious Injury,Dark-Lighted,Clear,Motor Vehicle-In-Transport On Same Roadway,None,MEMPHIS POLICE DEPT,Other,Unbelted,-,-,-,-,-,-,-,-,-,-,-,-,Shelby,Memphis,5
5957,300951538,0,4,35.03558,-90.00245,4,2024-04-11 05:24:00,2024,4,11,5,24,Thursday,05:24,Suspected Serious Injury,Dark-Lighted,Rain,Motor Vehicle-In-Transport On Same Roadway,None,MEMPHIS POLICE DEPT,Other,Unbelted,-,-,-,-,-,-,-,-,-,-,-,-,Shelby,Memphis,5
5973,300951616,0,3,35.130943,-89.86757,4,2024-04-13 01:00:00,2024,4,13,1,0,Saturday,01:00,Suspected Serious Injury,Dark-Lighted,Clear,Motor Vehicle-In-Transport On Same Roadway,None,MEMPHIS POLICE DEPT,Other,Unbelted,-,-,-,-,-,-,-,-,-,-,-,-,Shelby,Memphis,7
5975,300951625,1,2,35.052597,-89.96399,4,2024-04-12 07:35:00,2024,4,12,7,35,Friday,07:35,Fatal,Daylight,Clear,Motor Vehicle-In-Transport On Same Roadway,None,MEMPHIS POLICE DEPT,Other,Unbelted,-,-,-,-,-,-,-,-,-,-,-,-,Shelby,Memphis,6
5983,300951686,0,5,35.005845,-85.219205,2,2024-04-13 14:03:00,2024,4,13,14,3,Saturday,14:03,Suspected Serious Injury,Daylight,Clear,Motor Vehicle-In-Transport On Same Roadway,None,CHATTANOOGA POLICE DEPT,Other,Unbelted,-,-,-,Drowsy,-,-,-,-,-,-,-,-,Hamilton,Chattanooga,7
6001,300951761,1,4,35.13266,-90.02075,4,2024-04-13 14:08:00,2024,4,13,14,8,Saturday,14:08,Fatal,Daylight,Clear,Motor Vehicle-In-Transport On Same Roadway,None,MEMPHIS POLICE DEPT,Other,Unbelted,-,-,-,-,-,-,-,-,-,-,-,-,Shelby,Memphis,7
6003,300951768,0,1,35.150173,-84.87064,2,2024-04-13 21:09:00,2024,4,13,21,9,Saturday,21:09,Suspected Serious Injury,Dark-Lighted,Clear,Pedestrian,None,CLEVELAND POLICE DEPT,Other,Unbelted,-,-,-,-,-,-,Pedestrian,-,-,-,-,-,Bradley,Cleveland,7
6008,300951786,0,2,35.140232,-90.05094,4,2024-04-13 23:15:00,2024,4,13,23,15,Saturday,23:15,Suspected Serious Injury,Dark-Lighted,Clear,Motor Vehicle-In-Transport On Same Roadway,None,MEMPHIS POLICE DEPT,Other,Unbelted,-,-,-,-,-,-,-,-,-,-,Motorcyclist,-,Shelby,Memphis,7
6045,300951942,1,0,35.175112,-89.836434,4,2024-04-14 04:44:00,2024,4,14,4,44,Sunday,04:44,Fatal,Dark-Lighted,Clear,Pedestrian,None,MEMPHIS POLICE DEPT,Other,Unbelted,-,Drinking,-,-,-,-,Pedestrian,-,-,-,-,-,Shelby,Memphis,1
6049,300951957,1,0,35.125019,-89.710466,4,2024-03-24 08:50:00,2024,3,24,8,50,Sunday,08:50,Fatal,Daylight,Cloudy,Standing Tree,None,SHELBY CO SHERIFFS DEPT,Other,Unbelted,-,-,-,-,Speeding,-,-,-,-,-,-,-,Shelby,Not in City Limit,1
6059,300952015,0,4,35.27667,-89.64713,4,2024-03-31 10:47:00,2024,3,31,10,47,Sunday,10:47,Suspected Serious Injury,Daylight,Clear,Motor Vehicle-In-Transport On Same Roadway,None,SHELBY CO SHERIFFS DEPT,Other,Unbelted,-,-,-,-,-,-,-,-,-,-,-,-,Shelby,Not in City Limit,1
6109,300952249,0,3,35.182594,-84.85965,2,2024-04-16 14:42:00,2024,4,16,14,42,Tuesday,14:42,Suspected Serious Injury,Daylight,Clear,Motor Vehicle-In-Transport On Same Roadway,None,CLEVELAND POLICE DEPT,Other,Unbelted,-,-,-,-,-,-,-,-,-,-,-,-,Bradley,Cleveland,3
6142,300952390,0,1,35.08729,-90.07675,4,2024-04-16 23:05:00,2024,4,16,23,5,Tuesday,23:05,Suspected Serious Injury,Dark-Lighted,Rain,Concrete Traffic Barrier,None,MEMPHIS POLICE DEPT,Other,Unbelted,-,-,-,-,-,-,-,-,-,ATV_Involved,-,-,Shelby,Memphis,3
6150,300952432,0,4,36.53309,-82.50818,5,2024-04-17 15:06:00,2024,4,17,15,6,Wednesday,15:06,Suspected Serious Injury,Daylight,Clear,Motor Vehicle-In-Transport On Same Roadway,None,KINGSPORT POLICE DEPARTMENT,Other,Unbelted,-,-,-,-,-,-,-,-,-,-,-,-,Sullivan,Kingsport,4
6184,300952661,1,1,36.504482,-82.43077,5,2024-04-18 14:56:00,2024,4,18,14,56,Thursday,14:56,Fatal,Daylight,Clear,Motor Vehicle-In-Transport On Same Roadway,None,KINGSPORT POLICE DEPARTMENT,Other,Unbelted,-,-,-,-,-,-,-,-,-,-,-,-,Sullivan,Kingsport,5
6202,300952739,0,1,36.193798,-83.00016,5,2024-04-18 16:00:00,2024,4,18,16,0,Thursday,16:00,Suspected Serious Injury,Daylight,Clear,Ditch,None,MOSHEIM POLICE DEPT,Other,Unbelted,-,-,-,-,-,-,-,-,-,ATV_Involved,-,-,Greene,Mosheim,5
6209,300952777,0,1,35.077015,-89.98536,4,2024-04-19 09:30:00,2024,4,19,9,30,Friday,09:30,Suspected Serious Injury,Daylight,Clear,Parked Motor Vehicle,None,MEMPHIS POLICE DEPT,Other,Unbelted,-,-,-,-,-,-,Pedestrian,-,-,-,-,-,Shelby,Memphis,6
6224,300952851,0,1,35.071568,-90.02111,4,2024-04-19 16:58:00,2024,4,19,16,58,Friday,16:58,Suspected Serious Injury,Daylight,Clear,Motor Vehicle-In-Transport On Same Roadway,None,MEMPHIS POLICE DEPT,Other,Unbelted,-,-,-,-,-,-,Pedestrian,-,-,-,-,-,Shelby,Memphis,6
6231,300952883,0,3,35.02078,-90.08785,4,2024-04-19 22:40:00,2024,4,19,22,40,Friday,22:40,Suspected Serious Injury,Dark-Lighted,Clear,Motor Vehicle-In-Transport On Same Roadway,None,MEMPHIS POLICE DEPT,Other,Unbelted,-,-,-,-,-,-,-,-,-,-,-,-,Shelby,Memphis,6
6233,300952900,0,2,35.127655,-89.86765,4,2024-04-20 01:10:00,2024,4,20,1,10,Saturday,01:10,Suspected Serious Injury,Dark-Not Lighted,Clear,Motor Vehicle-In-Transport On Same Roadway,None,MEMPHIS POLICE DEPT,Other,Unbelted,-,-,-,-,-,-,-,-,-,ATV_Involved,-,-,Shelby,Memphis,7
6242,300952942,0,1,35.20107,-84.845634,2,2024-04-20 15:17:00,2024,4,20,15,17,Saturday,15:17,Suspected Serious Injury,Daylight,Clear,Fence,None,CLEVELAND POLICE DEPT,Other,Unbelted,-,-,-,-,-,-,-,-,-,-,-,-,Bradley,Cleveland,7
6255,300952994,1,0,35.158936,-89.98421,4,2024-04-21 02:03:00,2024,4,21,2,3,Sunday,02:03,Fatal,Dark-Lighted,Rain,Utility Pole,None,MEMPHIS POLICE DEPT,Other,Unbelted,-,Drinking,-,-,Speeding,-,-,-,-,-,-,-,Shelby,Memphis,1
6267,300953046,1,1,35.051186,-89.91078,4,2024-04-21 10:58:00,2024,4,21,10,58,Sunday,10:58,Fatal,Daylight,Clear,Motor Vehicle-In-Transport On Same Roadway,None,MEMPHIS POLICE DEPT,Other,Unbelted,Distracted,-,-,-,-,-,-,-,-,-,-,-,Shelby,Memphis,1
6290,300953131,0,1,35.022346,-89.859344,4,2024-04-22 01:15:00,2024,4,22,1,15,Monday,01:15,Suspected Serious Injury,Dark-Lighted,Clear,Motor Vehicle-In-Transport On Same Roadway,None,MEMPHIS POLICE DEPT,Other,Unbelted,-,-,-,-,-,-,-,-,-,-,-,-,Shelby,Memphis,2
6314,300953233,0,1,35.203228,-89.958694,4,2024-04-22 16:26:00,2024,4,22,16,26,Monday,16:26,Suspected Serious Injury,Daylight,Clear,Pedal-Cycle,None,MEMPHIS POLICE DEPT,Other,Unbelted,-,-,-,-,-,Pedalcyclist,-,-,-,-,-,-,Shelby,Memphis,2
6322,300953270,0,1,35.045746,-89.8787,4,2024-04-22 17:50:00,2024,4,22,17,50,Monday,17:50,Suspected Serious Injury,Daylight,Clear,Fence,None,MEMPHIS POLICE DEPT,Other,Unbelted,-,-,-,-,-,-,-,-,-,-,-,-,Shelby,Memphis,2
6324,300953281,0,2,35.16908,-89.90226,4,2024-04-22 19:51:00,2024,4,22,19,51,Monday,19:51,Suspected Serious Injury,Dark-Lighted,Clear,Motor Vehicle-In-Transport On Same Roadway,None,MEMPHIS POLICE DEPT,Other,Unbelted,-,-,-,-,-,-,-,-,-,-,-,-,Shelby,Memphis,2
6339,300953380,0,1,35.231094,-90.00041,4,2024-04-23 13:57:00,2024,4,23,13,57,Tuesday,13:57,Suspected Serious Injury,Daylight,Clear,Utility Pole,None,MEMPHIS POLICE DEPT,Other,Unbelted,-,-,-,-,-,-,-,-,-,-,-,-,Shelby,Memphis,3
6363,300953495,0,2,35.037304,-89.795856,4,2024-04-22 01:18:00,2024,4,22,1,18,Monday,01:18,Suspected Serious Injury,Dark-Not Lighted,Clear,Motor Vehicle-In-Transport On Same Roadway,None,SHELBY CO SHERIFFS DEPT,Other,Unbelted,-,-,-,-,Speeding,-,-,-,-,-,-,-,Shelby,Memphis,2
6369,300953552,1,0,35.117786,-90.02662,4,2024-04-24 11:33:00,2024,4,24,11,33,Wednesday,11:33,Fatal,Daylight,Clear,Standing Tree,None,MEMPHIS POLICE DEPT,Other,Unbelted,-,Drinking,Drug,-,-,-,-,-,-,-,-,-,Shelby,Memphis,4
6370,300953556,0,1,35.051224,-85.299263,2,2024-04-17 15:25:00,2024,4,17,15,25,Wednesday,15:25,Suspected Serious Injury,Daylight,Rain,Motor Vehicle-In-Transport On Same Roadway,None,CHATTANOOGA POLICE DEPT,Other,Unbelted,-,-,-,-,-,-,-,-,-,-,-,-,Hamilton,Chattanooga,4
6377,300953579,0,1,35.051434,-85.131078,2,2024-04-22 18:14:00,2024,4,22,18,14,Monday,18:14,Suspected Serious Injury,Daylight,Clear,Motor Vehicle-In-Transport On Same Roadway,None,CHATTANOOGA POLICE DEPT,Other,Unbelted,-,-,-,-,-,-,-,-,-,-,Motorcyclist,-,Hamilton,Chattanooga,2
6385,300953626,1,0,35.177692,-89.93764,4,2024-04-24 23:05:00,2024,4,24,23,5,Wednesday,23:05,Fatal,Dark-Lighted,Clear,Pedestrian,None,MEMPHIS POLICE DEPT,Other,-,-,-,-,-,-,-,Pedestrian,-,-,-,-,-,Shelby,Memphis,4
6397,300953682,0,2,35.442265,-89.791355,4,2024-04-13 20:30:00,2024,4,13,20,30,Saturday,20:30,Suspected Serious Injury,Dark-Lighted,Clear,Motor Vehicle-In-Transport On Same Roadway,None,ATOKA POLICE DEPT,Other,Unbelted,-,-,-,-,-,-,-,-,-,-,-,-,Tipton,Atoka,7
6404,300953709,0,2,36.58108,-87.433238,3,2024-04-25 06:43:00,2024,4,25,6,43,Thursday,06:43,Suspected Serious Injury,Daylight,Clear,Motor Vehicle-In-Transport On Same Roadway,None,CLARKSVILLE POLICE DEPT,Other,Unbelted,-,-,-,-,-,-,-,-,-,-,-,-,Montgomery,Clarksville,5
6412,300953753,0,1,35.074954,-85.197947,2,2024-04-24 12:56:00,2024,4,24,12,56,Wednesday,12:56,Suspected Serious Injury,Daylight,Clear,Motor Vehicle-In-Transport On Same Roadway,None,CHATTANOOGA POLICE DEPT,Other,Unbelted,Distracted,-,-,-,-,-,-,-,-,-,-,-,Hamilton,Chattanooga,4
6421,300953801,0,3,35.10765,-90.04505,4,2024-04-24 20:30:00,2024,4,24,20,30,Wednesday,20:30,Suspected Serious Injury,Dark-Lighted,Clear,Standing Tree,None,MEMPHIS POLICE DEPT,Other,Unbelted,-,-,-,-,-,-,-,-,-,-,-,-,Shelby,Memphis,4
6443,300953891,0,2,35.204617,-89.80236,4,2024-04-24 13:35:00,2024,4,24,13,35,Wednesday,13:35,Suspected Serious Injury,Daylight,Clear,Motor Vehicle-In-Transport On Same Roadway,None,MEMPHIS POLICE DEPT,Other,Unbelted,-,-,-,-,-,-,-,-,-,-,-,-,Shelby,Memphis,4
6452,300953927,0,2,36.52455,-87.225011,3,2024-04-26 15:15:00,2024,4,26,15,15,Friday,15:15,Suspected Serious Injury,Daylight,Clear,Motor Vehicle-In-Transport On Same Roadway,None,CLARKSVILLE POLICE DEPT,Other,Unbelted,-,-,-,-,-,-,-,-,-,ATV_Involved,-,-,Montgomery,Clarksville,6
6455,300953964,0,2,35.06594,-90.058914,4,2024-04-26 07:10:00,2024,4,26,7,10,Friday,07:10,Suspected Serious Injury,Daylight,Clear,Motor Vehicle-In-Transport On Same Roadway,None,MEMPHIS POLICE DEPT,Other,Unbelted,-,-,-,-,-,-,-,-,-,-,-,-,Shelby,Memphis,6
6465,300954011,0,1,35.044098,-85.299424,2,2024-04-26 22:43:00,2024,4,26,22,43,Friday,22:43,Suspected Serious Injury,Dark-Lighted,Clear,Other Non-Collision,None,CHATTANOOGA POLICE DEPT,Other,-,-,-,-,-,-,-,-,-,-,-,Motorcyclist,-,Hamilton,Chattanooga,6
6486,300954114,0,2,36.177998,-82.79764,5,2024-04-27 16:45:00,2024,4,27,16,45,Saturday,16:45,Suspected Serious Injury,Daylight,Clear,Motor Vehicle-In-Transport On Same Roadway,None,GREENEVILLE POLICE DEPT,Other,Unbelted,-,-,-,-,-,-,-,-,-,-,-,-,Greene,Greeneville,7
6495,300954164,0,4,35.08578,-89.95179,4,2024-04-27 17:31:00,2024,4,27,17,31,Saturday,17:31,Suspected Serious Injury,Dusk,Clear,Motor Vehicle-In-Transport On Same Roadway,None,MEMPHIS POLICE DEPT,Other,Unbelted,-,-,-,-,-,-,-,-,-,-,-,-,Shelby,Memphis,7
6496,300954166,1,0,35.191666,-90.00798,4,2024-04-26 17:09:00,2024,4,26,17,9,Friday,17:09,Fatal,Daylight,Clear,Luminaire Light Support,None,MEMPHIS POLICE DEPT,Other,Unbelted,-,-,Drug,-,-,-,-,-,-,-,-,-,Shelby,Memphis,6
6500,300954180,0,1,35.10968,-90.028984,4,2024-04-27 21:50:00,2024,4,27,21,50,Saturday,21:50,Suspected Serious Injury,Dark-Lighted,Clear,Motor Vehicle-In-Transport On Same Roadway,None,MEMPHIS POLICE DEPT,Other,Unbelted,-,-,-,-,-,-,-,-,-,-,-,-,Shelby,Memphis,7
6517,300954269,0,2,36.378197,-82.407585,5,2024-04-28 18:38:00,2024,4,28,18,38,Sunday,18:38,Suspected Serious Injury,Daylight,Clear,Motor Vehicle-In-Transport On Same Roadway,None,JOHNSON CITY POLICE DEPT,Other,Unbelted,-,Drinking,-,-,-,-,-,-,-,-,Motorcyclist,-,Washington,Johnson City,1
6522,300954284,0,1,35.13576,-89.96992,4,2024-04-27 21:10:00,2024,4,27,21,10,Saturday,21:10,Suspected Serious Injury,Dusk,Clear,Pedal-Cycle,None,MEMPHIS POLICE DEPT,Other,Unbelted,-,-,-,-,-,Pedalcyclist,-,-,-,-,-,-,Shelby,Memphis,7
6523,300954285,1,0,35.21088,-89.9227,4,2024-04-28 15:09:00,2024,4,28,15,9,Sunday,15:09,Fatal,Daylight,Clear,Pedestrian,None,MEMPHIS POLICE DEPT,Other,Unbelted,-,-,-,-,-,-,Pedestrian,-,-,-,-,-,Shelby,Memphis,1
6525,300954290,0,1,35.13394,-89.96567,4,2024-04-27 21:59:00,2024,4,27,21,59,Saturday,21:59,Suspected Serious Injury,Dark-Not Lighted,Clear,Pedestrian,None,MEMPHIS POLICE DEPT,Other,-,-,-,-,-,-,-,Pedestrian,-,-,-,-,-,Shelby,Memphis,7
6530,300954309,0,1,36.180702,-82.8156,5,2024-04-28 19:05:00,2024,4,28,19,5,Sunday,19:05,Suspected Serious Injury,Daylight,Clear,Guard Rail Face,None,GREENEVILLE POLICE DEPT,Other,-,-,Drinking,Drug,-,-,-,-,-,-,-,Motorcyclist,-,Greene,Greeneville,1
6544,300954377,2,1,35.07456,-89.90182,4,2024-04-29 08:35:00,2024,4,29,8,35,Monday,08:35,Fatal,Daylight,Clear,Motor Vehicle-In-Transport On Same Roadway,None,MEMPHIS POLICE DEPT,Other,Unbelted,-,-,Drug,-,Speeding,-,-,-,-,-,-,-,Shelby,Memphis,2
6549,300954410,1,1,36.380802,-82.427216,5,2024-04-28 23:51:00,2024,4,28,23,51,Sunday,23:51,Fatal,Dark-Not Lighted,Clear,Motor Vehicle-In-Transport On Same Roadway,None,JOHNSON CITY POLICE DEPT,Other,Unbelted,-,Drinking,-,-,-,-,-,-,-,-,-,-,Washington,Johnson City,1
6568,300954513,0,2,35.042835,-89.9519,4,2024-04-29 23:15:00,2024,4,29,23,15,Monday,23:15,Suspected Serious Injury,Dark-Lighted,Clear,Motor Vehicle-In-Transport On Same Roadway,None,MEMPHIS POLICE DEPT,Other,Unbelted,-,-,-,-,-,-,-,-,-,-,-,-,Shelby,Memphis,2
6601,300954720,0,3,35.160454,-89.99636,4,2024-04-29 23:09:00,2024,4,29,23,9,Monday,23:09,Suspected Serious Injury,Dark-Not Lighted,Clear,Motor Vehicle-In-Transport On Same Roadway,None,MEMPHIS POLICE DEPT,Other,Unbelted,-,Drinking,-,-,-,-,-,-,-,ATV_Involved,-,-,Shelby,Memphis,2
6606,300954757,0,3,35.029106,-90.05678,4,2024-05-01 07:07:00,2024,5,1,7,7,Wednesday,07:07,Suspected Serious Injury,Daylight,Clear,Motor Vehicle-In-Transport On Same Roadway,None,MEMPHIS POLICE DEPT,Other,Unbelted,-,-,-,-,-,-,-,-,-,-,-,-,Shelby,Memphis,4
6609,300954777,0,3,36.547675,-82.521458,5,2024-05-01 13:53:00,2024,5,1,13,53,Wednesday,13:53,Suspected Serious Injury,Daylight,Clear,Motor Vehicle-In-Transport On Same Roadway,None,KINGSPORT POLICE DEPARTMENT,Other,Unbelted,-,-,-,-,-,-,-,-,-,-,-,-,Sullivan,Kingsport,4
6614,300954814,1,2,35.13176,-90.0284,4,2024-05-01 13:13:00,2024,5,1,13,13,Wednesday,13:13,Fatal,Daylight,Clear,Motor Vehicle-In-Transport On Same Roadway,None,MEMPHIS POLICE DEPT,Other,Unbelted,-,-,-,-,-,-,-,-,-,-,-,-,Shelby,Memphis,4
6635,300954901,0,2,35.185734,-89.81327,4,2024-05-01 07:26:00,2024,5,1,7,26,Wednesday,07:26,Suspected Serious Injury,Daylight,Clear,Motor Vehicle-In-Transport On Same Roadway,None,MEMPHIS POLICE DEPT,Other,Unbelted,-,-,-,-,-,-,-,-,-,ATV_Involved,-,-,Shelby,Memphis,4
6643,300954927,0,2,35.17699,-89.9753,4,2024-05-01 23:28:00,2024,5,1,23,28,Wednesday,23:28,Suspected Serious Injury,Dark-Lighted,Clear,Motor Vehicle-In-Transport On Same Roadway,None,MEMPHIS POLICE DEPT,Other,Unbelted,-,-,-,-,-,-,-,-,-,-,-,-,Shelby,Memphis,4
6644,300954931,0,2,36.540237,-82.53768,5,2024-05-01 10:58:00,2024,5,1,10,58,Wednesday,10:58,Suspected Serious Injury,Daylight,Clear,Motor Vehicle-In-Transport On Same Roadway,None,KINGSPORT POLICE DEPARTMENT,Other,Unbelted,-,-,-,-,-,-,-,-,-,-,-,-,Sullivan,Kingsport,4
6653,300954971,1,0,36.48931,-82.50818,5,2024-05-02 10:42:00,2024,5,2,10,42,Thursday,10:42,Fatal,Daylight,Clear,Motor Vehicle-In-Transport On Same Roadway,None,KINGSPORT POLICE DEPARTMENT,Other,Unbelted,-,-,-,-,Speeding,-,-,-,-,-,Motorcyclist,-,Sullivan,Kingsport,5
6665,300955061,1,0,35.148599,-89.897898,4,2024-05-02 20:25:00,2024,5,2,20,25,Thursday,20:25,Fatal,Dark-Lighted,Rain,Pedestrian,None,MEMPHIS POLICE DEPT,Other,Unbelted,-,-,-,-,-,-,Pedestrian,-,-,-,-,-,Shelby,Memphis,5
6667,300955072,0,2,35.161625,-89.91022,4,2024-05-02 21:25:00,2024,5,2,21,25,Thursday,21:25,Suspected Serious Injury,Dark-Lighted,Rain,Motor Vehicle-In-Transport On Same Roadway,None,MEMPHIS POLICE DEPT,Other,Unbelted,-,-,-,-,-,-,-,-,-,-,-,-,Shelby,Memphis,5
6669,300955078,0,1,36.576003,-87.439767,3,2024-05-02 19:32:00,2024,5,2,19,32,Thursday,19:32,Suspected Serious Injury,Dusk,Clear,Motor Vehicle-In-Transport On Same Roadway,None,CLARKSVILLE POLICE DEPT,Other,Unbelted,-,-,-,-,-,-,-,-,-,-,Motorcyclist,-,Montgomery,Clarksville,5