OBJECTID,MRN,Fatality,Injury,Latitude,Longitude,THP_District,Collision_Date,Collision_Year,Collision_Month,Collision_Day,Collision_Hour,Collision_Min,Collision_DOW,Collision_Time,Crash_Type,Light_Condition,Weather,First_Harmfu_Event,Work_Zone_Type,Agency_Name,THP,Unbelted,Distracted_Driver,Driver_Drinking,Driver_Drugged,Drowsy_Driver,Speeding_Involved,Pedalcyclist,Pedestrian,Other_Nonmotorist,ATV_Involved,LargeTruck_Involved,Motorcycle_Involved,SchoolBus,County,City,DOW_Nmb
6685,300955129,1,4,35.06725,-89.96054,4,2024-05-02 21:05:00,2024,5,2,21,5,Thursday,21:05,Fatal,Dark-Lighted,Rain,Motor Vehicle-In-Transport On Same Roadway,None,MEMPHIS POLICE DEPT,Other,Unbelted,-,-,-,-,-,-,-,-,-,-,-,-,Shelby,Memphis,5
6690,300955164,0,1,35.199696,-89.96185,4,2024-05-02 17:37:00,2024,5,2,17,37,Thursday,17:37,Suspected Serious Injury,Daylight,Clear,Utility Pole,None,MEMPHIS POLICE DEPT,Other,Unbelted,-,-,-,-,-,-,-,-,-,-,-,-,Shelby,Memphis,5
6730,300955323,0,4,35.133532,-89.98368,4,2024-05-03 15:05:00,2024,5,3,15,5,Friday,15:05,Suspected Serious Injury,Daylight,Clear,Motor Vehicle-In-Transport On Same Roadway,None,MEMPHIS POLICE DEPT,Other,Unbelted,-,-,-,-,-,-,Pedestrian,-,-,-,-,-,Shelby,Memphis,6
6747,300955405,0,4,36.578542,-87.320069,3,2024-05-03 20:30:00,2024,5,3,20,30,Friday,20:30,Suspected Serious Injury,Dark-Lighted,Clear,Motor Vehicle-In-Transport On Same Roadway,None,CLARKSVILLE POLICE DEPT,Other,Unbelted,-,-,-,-,-,-,-,-,-,-,-,-,Montgomery,Clarksville,6
6767,300955521,0,5,35.05213,-89.98066,4,2024-05-05 15:16:00,2024,5,5,15,16,Sunday,15:16,Suspected Serious Injury,Daylight,Rain,Motor Vehicle-In-Transport On Same Roadway,None,MEMPHIS POLICE DEPT,Other,Unbelted,-,-,-,-,-,-,-,-,-,-,-,-,Shelby,Memphis,1
6780,300955583,0,1,35.03552,-90.02223,4,2024-05-05 21:48:00,2024,5,5,21,48,Sunday,21:48,Suspected Serious Injury,Dark-Lighted,Clear,Pedestrian,None,MEMPHIS POLICE DEPT,Other,Unbelted,-,-,-,-,-,-,Pedestrian,-,-,-,-,-,Shelby,Memphis,1
6787,300955620,0,2,35.19259,-89.99345,4,2024-05-05 18:25:00,2024,5,5,18,25,Sunday,18:25,Suspected Serious Injury,Dusk,Rain,Motor Vehicle-In-Transport On Same Roadway,None,MEMPHIS POLICE DEPT,Other,Unbelted,-,-,-,-,-,-,-,-,-,ATV_Involved,-,-,Shelby,Memphis,1
6807,300955757,1,2,35.050488,-89.815254,4,2024-05-06 00:10:00,2024,5,6,0,10,Monday,00:10,Fatal,Dark-Lighted,Rain,Motor Vehicle-In-Transport On Same Roadway,None,MEMPHIS POLICE DEPT,Other,Unbelted,-,Drinking,-,-,-,-,-,-,-,-,-,-,Shelby,Memphis,2
6810,300955766,0,1,35.042038,-90.089806,4,2024-05-06 17:00:00,2024,5,6,17,0,Monday,17:00,Suspected Serious Injury,Dawn,Clear,Pedestrian,None,MEMPHIS POLICE DEPT,Other,Unbelted,-,-,-,-,-,-,Pedestrian,-,-,-,-,-,Shelby,Memphis,2
6826,300955885,0,1,35.223324,-89.773403,4,2024-05-07 12:49:00,2024,5,7,12,49,Tuesday,12:49,Suspected Serious Injury,Daylight,Clear,Motor Vehicle-In-Transport On Same Roadway,None,BARTLETT POLICE DEPT,Other,Unbelted,-,-,-,-,-,-,-,-,-,-,-,-,Shelby,Bartlett,3
6847,300955983,0,1,35.348525,-89.925588,4,2024-05-06 04:35:00,2024,5,6,4,35,Monday,04:35,Suspected Serious Injury,Dark-Not Lighted,Rain,Standing Tree,None,SHELBY CO SHERIFFS DEPT,Other,Unbelted,-,-,-,-,-,-,-,-,-,-,-,-,Shelby,Not in City Limit,2
6871,300956120,0,1,35.020429,-89.808982,4,2024-04-27 11:40:00,2024,4,27,11,40,Saturday,11:40,Suspected Serious Injury,Daylight,Clear,Motor Vehicle-In-Transport On Same Roadway,None,SHELBY CO SHERIFFS DEPT,Other,Unbelted,-,-,-,-,-,-,-,-,-,-,Motorcyclist,-,Shelby,Not in City Limit,7
6876,300956135,0,1,35.121605,-89.799675,4,2024-05-08 20:20:00,2024,5,8,20,20,Wednesday,20:20,Suspected Serious Injury,Dark-Lighted,Clear,Pedestrian,None,MEMPHIS POLICE DEPT,Other,Unbelted,-,-,-,-,-,-,Pedestrian,-,-,-,-,-,Shelby,Memphis,4
6879,300956144,0,4,35.147733,-90.049536,4,2024-05-04 17:50:00,2024,5,4,17,50,Saturday,17:50,Suspected Serious Injury,Daylight,Clear,Motor Vehicle-In-Transport On Same Roadway,None,SHELBY CO SHERIFFS DEPT,Other,Unbelted,-,Drinking,-,-,Speeding,-,-,-,-,-,-,-,Shelby,Not in City Limit,7
6928,300956431,0,2,35.517491,-86.580447,5,2024-05-10 19:28:00,2024,5,10,19,28,Friday,19:28,Suspected Serious Injury,Daylight,Clear,Other Fixed Object,None,GREENEVILLE POLICE DEPT,Other,-,-,-,-,-,-,-,-,-,-,-,Motorcyclist,-,Greene,Greeneville,6
6936,300956445,1,2,35.054134,-90.02041,4,2024-05-09 18:21:00,2024,5,9,18,21,Thursday,18:21,Fatal,Daylight,Clear,Pedestrian,None,MEMPHIS POLICE DEPT,Other,Unbelted,-,-,-,-,-,-,Pedestrian,-,-,-,-,-,Shelby,Memphis,5
6937,300956446,2,2,35.05955,-89.95035,4,2024-05-09 15:57:00,2024,5,9,15,57,Thursday,15:57,Fatal,Daylight,Clear,Motor Vehicle-In-Transport On Same Roadway,None,MEMPHIS POLICE DEPT,Other,Unbelted,-,-,-,-,Speeding,-,-,-,-,-,-,-,Shelby,Memphis,5
6938,300956447,1,1,35.10479,-89.97786,4,2024-05-10 19:52:00,2024,5,10,19,52,Friday,19:52,Fatal,Dark-Lighted,Clear,Motor Vehicle-In-Transport On Same Roadway,None,MEMPHIS POLICE DEPT,Other,Unbelted,-,-,Drug,-,-,-,-,-,-,-,-,-,Shelby,Memphis,6
6944,300956488,1,2,36.58132,-82.17929,5,2024-05-10 10:59:00,2024,5,10,10,59,Friday,10:59,Fatal,Daylight,Clear,Motor Vehicle-In-Transport On Same Roadway,None,BRISTOL POLICE DEPT,Other,Unbelted,-,-,-,-,-,-,-,-,-,-,-,-,Sullivan,Bristol,6
6949,300956511,0,1,35.223324,-89.99916,4,2024-05-09 15:30:00,2024,5,9,15,30,Thursday,15:30,Suspected Serious Injury,Daylight,Clear,Pedestrian,None,MEMPHIS POLICE DEPT,Other,-,-,-,-,-,-,-,Pedestrian,-,-,-,-,-,Shelby,Memphis,5
6958,300956563,0,2,36.550992,-87.382745,3,2024-05-10 14:24:00,2024,5,10,14,24,Friday,14:24,Suspected Serious Injury,Daylight,Clear,Motor Vehicle-In-Transport On Same Roadway,None,CLARKSVILLE POLICE DEPT,Other,Unbelted,-,-,-,-,-,-,-,-,-,-,-,-,Montgomery,Clarksville,6
6986,300956693,0,1,35.335857,-89.753445,4,2024-05-05 23:40:00,2024,5,5,23,40,Sunday,23:40,Suspected Serious Injury,Dark-Not Lighted,Rain,Embankment Earth,None,SHELBY CO SHERIFFS DEPT,Other,Unbelted,-,-,-,-,-,-,-,-,-,-,-,-,Shelby,Millington,1
6995,300956769,0,2,35.05136,-89.92251,4,2024-05-10 21:00:00,2024,5,10,21,0,Friday,21:00,Suspected Serious Injury,Dark-Lighted,Clear,Pedestrian,None,MEMPHIS POLICE DEPT,Other,Unbelted,-,-,-,-,-,-,Pedestrian,-,-,-,-,-,Shelby,Memphis,6
7000,300956784,0,5,35.105606,-89.87033,4,2024-05-12 01:11:00,2024,5,12,1,11,Sunday,01:11,Suspected Serious Injury,Dark-Lighted,Clear,Motor Vehicle-In-Transport On Same Roadway,None,MEMPHIS POLICE DEPT,Other,Unbelted,-,-,-,-,-,-,-,-,-,ATV_Involved,-,-,Shelby,Memphis,1
7011,300956821,0,1,36.579567,-87.361637,3,2024-05-12 20:20:00,2024,5,12,20,20,Sunday,20:20,Suspected Serious Injury,Dark-Not Lighted,Clear,Guard Rail End,None,CLARKSVILLE POLICE DEPT,Other,Unbelted,-,Drinking,-,-,-,-,-,-,-,-,-,-,Montgomery,Clarksville,1
7015,300956835,0,1,36.55225,-82.53922,5,2024-05-13 07:49:00,2024,5,13,7,49,Monday,07:49,Suspected Serious Injury,Daylight,Clear,Curb,None,KINGSPORT POLICE DEPARTMENT,Other,Unbelted,-,-,-,-,-,-,-,-,-,-,-,-,Sullivan,Kingsport,2
7042,300956973,0,1,36.628171,-87.409307,3,2024-05-13 04:41:00,2024,5,13,4,41,Monday,04:41,Suspected Serious Injury,Dark-Not Lighted,Clear,Ditch,None,CLARKSVILLE POLICE DEPT,Other,Unbelted,-,-,-,-,-,-,-,-,-,-,-,-,Montgomery,Clarksville,2
7063,300957104,0,1,35.134617,-89.840294,4,2024-05-14 13:55:00,2024,5,14,13,55,Tuesday,13:55,Suspected Serious Injury,Daylight,Clear,Motor Vehicle-In-Transport On Same Roadway,None,MEMPHIS POLICE DEPT,Other,Unbelted,-,-,-,-,-,-,-,-,-,-,-,-,Shelby,Memphis,3
7086,300957244,0,1,36.177433,-82.80353,5,2024-05-15 14:30:00,2024,5,15,14,30,Wednesday,14:30,Suspected Serious Injury,Daylight,Cloudy,Motor Vehicle-In-Transport On Same Roadway,None,GREENEVILLE POLICE DEPT,Other,Unbelted,-,-,-,-,Speeding,-,-,-,-,-,Motorcyclist,-,Greene,Greeneville,4
7091,300957267,0,2,35.220757,-89.96555,4,2024-05-15 05:25:00,2024,5,15,5,25,Wednesday,05:25,Suspected Serious Injury,Dawn,Clear,Motor Vehicle-In-Transport On Same Roadway,None,MEMPHIS POLICE DEPT,Other,Unbelted,-,-,-,-,-,-,-,-,-,-,-,-,Shelby,Memphis,4
7101,300957319,0,2,36.571336,-87.303667,3,2024-05-15 21:45:00,2024,5,15,21,45,Wednesday,21:45,Suspected Serious Injury,Dark-Lighted,Clear,Motor Vehicle-In-Transport On Same Roadway,None,CLARKSVILLE POLICE DEPT,Other,Unbelted,-,-,-,-,-,-,-,-,-,-,-,-,Montgomery,Clarksville,4
7103,300957331,1,1,35.146581,-89.961009,4,2024-05-15 12:13:00,2024,5,15,12,13,Wednesday,12:13,Fatal,Daylight,Clear,Motor Vehicle-In-Transport On Same Roadway,None,MEMPHIS POLICE DEPT,Other,Unbelted,-,-,Drug,-,Speeding,-,-,-,-,ATV_Involved,-,-,Shelby,Memphis,4
7106,300957351,0,1,36.50812,-82.55956,5,2024-05-16 11:02:00,2024,5,16,11,2,Thursday,11:02,Suspected Serious Injury,Daylight,Clear,Motor Vehicle-In-Transport On Same Roadway,None,KINGSPORT POLICE DEPARTMENT,Other,Unbelted,-,-,-,-,-,-,-,-,-,ATV_Involved,-,-,Sullivan,Kingsport,5
7120,300957442,0,3,35.173805,-90.00826,4,2024-05-16 03:01:00,2024,5,16,3,1,Thursday,03:01,Suspected Serious Injury,Dark-Lighted,Clear,Motor Vehicle-In-Transport On Same Roadway,None,MEMPHIS POLICE DEPT,Other,Unbelted,-,-,-,-,-,-,-,-,-,-,-,-,Shelby,Memphis,5
7126,300957460,1,0,35.114,-89.97395,4,2024-05-17 02:05:00,2024,5,17,2,5,Friday,02:05,Fatal,Dark-Lighted,Clear,Parked Motor Vehicle,None,MEMPHIS POLICE DEPT,Other,Unbelted,-,-,Drug,-,-,-,Pedestrian,-,-,-,-,-,Shelby,Memphis,6
7168,300957664,1,0,35.1073,-90.04194,4,2024-05-17 20:53:00,2024,5,17,20,53,Friday,20:53,Fatal,Dark-Lighted,Clear,Pedestrian,None,MEMPHIS POLICE DEPT,Other,Unbelted,-,-,-,-,-,-,Pedestrian,-,-,-,-,-,Shelby,Memphis,6
7169,300957667,0,2,35.220963,-89.97573,4,2024-05-15 10:00:00,2024,5,15,10,0,Wednesday,10:00,Suspected Serious Injury,Daylight,Clear,Motor Vehicle-In-Transport On Same Roadway,None,MEMPHIS POLICE DEPT,Other,Unbelted,-,-,-,-,-,-,-,-,-,-,-,-,Shelby,Memphis,4
7182,300957732,0,1,36.299034,-82.49109,5,2024-05-18 13:30:00,2024,5,18,13,30,Saturday,13:30,Suspected Serious Injury,Daylight,Clear,Motor Vehicle-In-Transport On Same Roadway,None,JONESBOROUGH POLICE DEPT,Other,Unbelted,-,-,-,-,-,-,-,-,-,-,-,-,Washington,Jonesborough,7
7183,300957734,0,1,36.3058,-82.44834,5,2024-05-18 13:47:00,2024,5,18,13,47,Saturday,13:47,Suspected Serious Injury,Daylight,Clear,Motor Vehicle-In-Transport On Same Roadway,None,JONESBOROUGH POLICE DEPT,Other,Unbelted,-,-,-,-,-,-,-,-,-,-,-,-,Washington,Jonesborough,7
7193,300957785,0,2,35.05573,-89.9309,4,2024-05-18 21:03:00,2024,5,18,21,3,Saturday,21:03,Suspected Serious Injury,Dark-Lighted,Clear,Motor Vehicle-In-Transport On Same Roadway,None,MEMPHIS POLICE DEPT,Other,Unbelted,-,-,-,-,-,-,-,-,-,-,-,-,Shelby,Memphis,7
7194,300957794,0,1,36.56672,-82.50477,5,2024-05-18 22:29:00,2024,5,18,22,29,Saturday,22:29,Suspected Serious Injury,Dark-Lighted,Clear,Motor Vehicle-In-Transport On Same Roadway,None,KINGSPORT POLICE DEPARTMENT,Other,Unbelted,-,-,-,-,-,-,-,-,-,-,-,-,Sullivan,Kingsport,7
7209,300957865,0,2,35.1647,-90.010376,4,2024-05-05 14:00:00,2024,5,5,14,0,Sunday,14:00,Suspected Serious Injury,Daylight,Clear,Motor Vehicle-In-Transport On Same Roadway,None,MEMPHIS POLICE DEPT,Other,Unbelted,-,-,-,-,-,-,-,-,-,-,-,-,Shelby,Memphis,1
7225,300957928,2,1,35.041565,-89.88647,4,2024-05-19 15:10:00,2024,5,19,15,10,Sunday,15:10,Fatal,Daylight,Clear,Luminaire Light Support,None,MEMPHIS POLICE DEPT,Other,Unbelted,-,-,Drug,-,Speeding,-,-,-,-,-,-,-,Shelby,Memphis,1
7242,300958050,0,5,35.192323,-89.854771,4,2024-05-16 23:21:00,2024,5,16,23,21,Thursday,23:21,Suspected Serious Injury,Dark-Lighted,Clear,Standing Tree,None,BARTLETT POLICE DEPT,Other,Unbelted,-,-,-,-,-,-,-,-,-,-,-,-,Shelby,Bartlett,5
7256,300958129,0,3,35.100777,-89.97813,4,2024-05-21 00:00:00,2024,5,21,0,0,Tuesday,00:00,Suspected Serious Injury,Dark-Lighted,Clear,Motor Vehicle-In-Transport On Same Roadway,None,MEMPHIS POLICE DEPT,Other,Unbelted,-,-,-,-,-,-,-,-,-,-,-,-,Shelby,Memphis,3
7258,300958139,0,2,36.503309,-87.323198,3,2024-05-20 07:45:00,2024,5,20,7,45,Monday,07:45,Suspected Serious Injury,Daylight,Clear,Motor Vehicle-In-Transport On Same Roadway,None,CLARKSVILLE POLICE DEPT,Other,Unbelted,-,-,-,-,-,-,-,-,-,-,-,-,Montgomery,Clarksville,2
7287,300958290,0,2,35.09062,-89.96149,4,2024-05-21 21:30:00,2024,5,21,21,30,Tuesday,21:30,Suspected Serious Injury,Dark-Lighted,Clear,Motor Vehicle-In-Transport On Same Roadway,None,MEMPHIS POLICE DEPT,Other,Unbelted,-,-,-,-,-,-,-,-,-,-,Motorcyclist,-,Shelby,Memphis,3
7293,300958315,0,1,35.17737,-89.87018,4,2024-05-18 16:00:00,2024,5,18,16,0,Saturday,16:00,Suspected Serious Injury,Daylight,Clear,Standing Tree,None,SHELBY CO SHERIFFS DEPT,Other,Unbelted,-,-,-,-,-,-,-,-,-,-,-,-,Shelby,Not in City Limit,7
7317,300958471,0,5,35.020446,-89.796005,4,2024-05-22 20:54:00,2024,5,22,20,54,Wednesday,20:54,Suspected Serious Injury,Dark-Not Lighted,Clear,Motor Vehicle-In-Transport On Same Roadway,None,SHELBY CO SHERIFFS DEPT,Other,Unbelted,-,-,-,-,-,-,-,-,-,-,-,-,Shelby,Not in City Limit,4
7322,300958486,0,1,36.609347,-87.320032,3,2024-05-22 22:53:00,2024,5,22,22,53,Wednesday,22:53,Suspected Serious Injury,Dark-Not Lighted,Cloudy,Pedal-Cycle,None,CLARKSVILLE POLICE DEPT,Other,Unbelted,-,-,-,-,-,Pedalcyclist,-,-,-,-,-,-,Montgomery,Clarksville,4
7329,300958520,0,4,35.10803,-90.07547,4,2024-05-23 09:35:00,2024,5,23,9,35,Thursday,09:35,Suspected Serious Injury,Daylight,Rain,Motor Vehicle-In-Transport On Same Roadway,None,MEMPHIS POLICE DEPT,Other,Unbelted,-,-,-,-,-,-,-,-,-,ATV_Involved,-,-,Shelby,Memphis,5
7341,300958606,1,2,35.035347,-89.99363,4,2024-05-23 15:51:00,2024,5,23,15,51,Thursday,15:51,Fatal,Daylight,Clear,Motor Vehicle-In-Transport On Same Roadway,None,MEMPHIS POLICE DEPT,Other,Unbelted,-,-,-,-,-,-,-,-,-,ATV_Involved,-,-,Shelby,Memphis,5
7346,300958637,0,3,35.07847,-89.907036,4,2024-05-23 20:40:00,2024,5,23,20,40,Thursday,20:40,Suspected Serious Injury,Dark-Lighted,Clear,Motor Vehicle-In-Transport On Same Roadway,None,MEMPHIS POLICE DEPT,Other,Unbelted,-,-,-,-,-,-,-,-,-,-,-,-,Shelby,Memphis,5
7356,300958664,0,1,36.593599,-87.385423,3,2024-05-24 02:17:00,2024,5,24,2,17,Friday,02:17,Suspected Serious Injury,Dark-Not Lighted,Clear,Curb,None,CLARKSVILLE POLICE DEPT,Other,-,-,-,-,-,Speeding,-,-,-,-,-,Motorcyclist,-,Montgomery,Clarksville,6
7359,300958688,0,1,35.561948,-89.651188,4,2024-05-23 16:43:00,2024,5,23,16,43,Thursday,16:43,Suspected Serious Injury,Daylight,Clear,Motor Vehicle-In-Transport On Same Roadway,None,COVINGTON POLICE DEPT,Other,Unbelted,-,-,-,-,-,-,-,-,-,-,-,-,Tipton,Covington,5
7371,300958744,0,3,36.55892,-82.558105,5,2024-05-24 14:49:00,2024,5,24,14,49,Friday,14:49,Suspected Serious Injury,Daylight,Clear,Motor Vehicle-In-Transport On Same Roadway,None,KINGSPORT POLICE DEPARTMENT,Other,Unbelted,-,-,-,-,-,-,-,-,-,-,-,-,Sullivan,Kingsport,6
7383,300958796,0,3,36.633083,-87.414233,3,2024-05-24 22:32:00,2024,5,24,22,32,Friday,22:32,Suspected Serious Injury,Dark-Lighted,Clear,Motor Vehicle-In-Transport On Same Roadway,None,CLARKSVILLE POLICE DEPT,Other,Unbelted,-,-,-,-,-,-,-,-,-,-,-,-,Montgomery,Clarksville,6
7403,300958899,0,1,35.17446,-90.023254,4,2024-05-25 15:30:00,2024,5,25,15,30,Saturday,15:30,Suspected Serious Injury,Daylight,Clear,Utility Pole,None,MEMPHIS POLICE DEPT,Other,Unbelted,-,-,-,-,-,-,-,-,-,-,-,-,Shelby,Memphis,7
7420,300958953,1,1,35.204327,-89.77222,4,2024-05-26 02:42:00,2024,5,26,2,42,Sunday,02:42,Fatal,Dark-Lighted,Clear,Parked Motor Vehicle,None,MEMPHIS POLICE DEPT,Other,Unbelted,Distracted,-,Drug,-,-,-,Pedestrian,-,-,-,-,-,Shelby,Memphis,1
7430,300959001,0,1,36.15142,-82.833275,5,2024-05-26 16:07:00,2024,5,26,16,7,Sunday,16:07,Suspected Serious Injury,Daylight,Clear,Mail Box,None,GREENEVILLE POLICE DEPT,Other,-,-,-,-,-,Speeding,-,-,-,-,-,Motorcyclist,-,Greene,Greeneville,1
7444,300959059,0,1,35.051174,-90.09771,4,2024-05-27 00:38:00,2024,5,27,0,38,Monday,00:38,Suspected Serious Injury,Dark-Lighted,Rain,Pedestrian,None,MEMPHIS POLICE DEPT,Other,-,-,-,-,-,-,-,Pedestrian,-,-,-,-,-,Shelby,Memphis,2
7453,300959086,0,1,35.2954,-89.91847,4,2024-05-25 13:30:00,2024,5,25,13,30,Saturday,13:30,Suspected Serious Injury,Daylight,Clear,Other Post/Pole Support,None,MILLINGTON POLICE DEPT,Other,Unbelted,-,-,-,-,-,-,-,-,-,-,-,-,Shelby,Millington,7
7480,300959186,0,1,35.191784,-89.933365,4,2024-05-27 19:27:00,2024,5,27,19,27,Monday,19:27,Suspected Serious Injury,Dark-Lighted,Clear,Motor Vehicle-In-Transport On Same Roadway,None,MEMPHIS POLICE DEPT,Other,Unbelted,-,-,-,-,-,-,-,-,-,ATV_Involved,-,-,Shelby,Memphis,2
7481,300959191,1,2,35.174343,-89.98358,4,2024-05-27 21:24:00,2024,5,27,21,24,Monday,21:24,Fatal,Dark-Lighted,Clear,Motor Vehicle-In-Transport On Same Roadway,None,MEMPHIS POLICE DEPT,Other,Unbelted,-,Drinking,Drug,-,-,-,-,-,-,-,-,-,Shelby,Memphis,2
7491,300959253,0,1,35.202065,-89.93475,4,2024-05-28 09:15:00,2024,5,28,9,15,Tuesday,09:15,Suspected Serious Injury,Daylight,Clear,Motor Vehicle-In-Transport On Same Roadway,None,MEMPHIS POLICE DEPT,Other,Unbelted,-,-,-,-,-,-,-,-,-,-,-,-,Shelby,Memphis,3
7500,300959280,0,1,35.190147,-89.93851,4,2024-05-27 20:10:00,2024,5,27,20,10,Monday,20:10,Suspected Serious Injury,Dark-Lighted,Clear,Ditch,None,MEMPHIS POLICE DEPT,Other,Unbelted,-,-,-,-,-,-,-,-,-,-,-,-,Shelby,Memphis,2
7513,300959353,4,1,35.11131,-89.86992,4,2024-05-29 01:20:00,2024,5,29,1,20,Wednesday,01:20,Fatal,Dark-Lighted,Clear,Motor Vehicle-In-Transport On Same Roadway,None,MEMPHIS POLICE DEPT,Other,Unbelted,-,Drinking,Drug,-,-,-,-,-,-,-,-,-,Shelby,Memphis,4
7517,300959374,0,1,35.352006,-89.743098,4,2024-05-27 00:55:00,2024,5,27,0,55,Monday,00:55,Suspected Serious Injury,Dark-Not Lighted,Rain,Other Non-Fixed Object,None,SHELBY CO SHERIFFS DEPT,Other,Unbelted,-,-,-,-,-,-,-,-,-,-,-,-,Shelby,Not in City Limit,2
7528,300959410,0,4,35.199184,-89.97582,4,2024-05-29 08:15:00,2024,5,29,8,15,Wednesday,08:15,Suspected Serious Injury,Daylight,Clear,Motor Vehicle-In-Transport On Same Roadway,None,MEMPHIS POLICE DEPT,Other,Unbelted,-,-,-,-,-,-,-,-,-,-,-,-,Shelby,Memphis,4
7536,300959446,0,1,36.302116,-82.45827,5,2024-05-29 16:50:00,2024,5,29,16,50,Wednesday,16:50,Suspected Serious Injury,Daylight,Clear,Motor Vehicle-In-Transport On Same Roadway,None,JONESBOROUGH POLICE DEPT,Other,Unbelted,-,-,-,-,-,-,-,-,-,-,Motorcyclist,-,Washington,Jonesborough,4
7543,300959487,0,1,35.08057,-89.88847,4,2024-05-29 22:00:00,2024,5,29,22,0,Wednesday,22:00,Suspected Serious Injury,Dark-Lighted,Clear,Pedestrian,None,MEMPHIS POLICE DEPT,Other,-,-,-,-,-,-,-,Pedestrian,-,-,-,-,-,Shelby,Memphis,4
7549,300959507,0,1,35.535108,-89.656524,4,2024-05-30 03:44:00,2024,5,30,3,44,Thursday,03:44,Suspected Serious Injury,Dark-Not Lighted,Clear,Ditch,None,COVINGTON POLICE DEPT,Other,Unbelted,-,-,-,-,-,-,-,-,-,-,-,-,Tipton,Covington,5
7582,300959681,0,1,36.550888,-82.625465,5,2024-05-30 21:50:00,2024,5,30,21,50,Thursday,21:50,Suspected Serious Injury,Dark-Lighted,Clear,Motor Vehicle-In-Transport On Same Roadway,None,KINGSPORT POLICE DEPARTMENT,Other,Unbelted,-,-,Drug,-,-,-,-,-,-,-,Motorcyclist,-,Sullivan,Kingsport,5
7618,300959847,0,1,35.106342,-89.95163,4,2024-06-01 07:00:00,2024,6,1,7,0,Saturday,07:00,Suspected Serious Injury,Daylight,Rain,Pedestrian,None,MEMPHIS POLICE DEPT,Other,-,-,-,-,-,-,-,Pedestrian,-,-,-,-,-,Shelby,Memphis,7
7638,300959949,0,1,35.241936,-89.99545,4,2024-06-01 22:15:00,2024,6,1,22,15,Saturday,22:15,Suspected Serious Injury,Dark-Not Lighted,Clear,Parked Motor Vehicle,None,MEMPHIS POLICE DEPT,Other,Unbelted,-,-,-,-,-,-,-,-,-,-,-,-,Shelby,Memphis,7
7642,300959960,0,2,35.141052,-90.04552,4,2024-06-02 01:30:00,2024,6,2,1,30,Sunday,01:30,Suspected Serious Injury,Dark-Lighted,Clear,Motor Vehicle-In-Transport On Same Roadway,None,MEMPHIS POLICE DEPT,Other,-,-,-,-,-,-,-,-,-,-,-,Motorcyclist,-,Shelby,Memphis,1
7663,300960034,1,1,35.15307,-89.88861,4,2024-06-01 19:33:00,2024,6,1,19,33,Saturday,19:33,Fatal,Daylight,Clear,Motor Vehicle-In-Transport On Same Roadway,None,MEMPHIS POLICE DEPT,Other,Unbelted,-,-,Drug,-,Speeding,-,-,-,-,-,Motorcyclist,-,Shelby,Memphis,7
7667,300960063,0,4,35.020542,-89.90463,4,2024-06-02 15:40:00,2024,6,2,15,40,Sunday,15:40,Suspected Serious Injury,Daylight,Clear,Motor Vehicle-In-Transport On Same Roadway,None,MEMPHIS POLICE DEPT,Other,Unbelted,-,-,-,-,-,-,-,-,-,-,-,-,Shelby,Memphis,1
7674,300960082,1,1,35.226294,-89.993809,4,2024-05-31 06:20:00,2024,5,31,6,20,Friday,06:20,Fatal,Dawn,Rain,Pedestrian,None,MEMPHIS POLICE DEPT,Other,Unbelted,-,-,-,-,-,-,Pedestrian,-,-,-,-,-,Shelby,Memphis,6
7675,300960083,0,2,35.07929,-89.984856,4,2024-06-02 21:00:00,2024,6,2,21,0,Sunday,21:00,Suspected Serious Injury,Dark-Lighted,Clear,Motor Vehicle-In-Transport On Same Roadway,None,MEMPHIS POLICE DEPT,Other,Unbelted,-,-,-,-,-,-,-,-,-,-,-,-,Shelby,Memphis,1
7680,300960118,0,8,35.006355,-89.9722,4,2024-06-02 21:05:00,2024,6,2,21,5,Sunday,21:05,Suspected Serious Injury,Dark-Lighted,Clear,Motor Vehicle-In-Transport On Same Roadway,None,MEMPHIS POLICE DEPT,Other,Unbelted,-,-,-,-,-,-,-,-,-,-,-,-,Shelby,Memphis,1
7691,300960193,0,1,35.127922,-89.76691,4,2024-06-02 18:44:00,2024,6,2,18,44,Sunday,18:44,Suspected Serious Injury,Dusk,Clear,Motor Vehicle-In-Transport On Same Roadway,None,MEMPHIS POLICE DEPT,Other,Unbelted,-,Drinking,-,-,Speeding,-,-,-,-,-,Motorcyclist,-,Shelby,Memphis,1
7692,300960194,1,0,35.185516,-89.75881,4,2024-06-02 16:35:00,2024,6,2,16,35,Sunday,16:35,Fatal,Daylight,Clear,Motor Vehicle-In-Transport On Same Roadway,None,MEMPHIS POLICE DEPT,Other,Unbelted,-,-,-,-,-,-,-,-,-,-,-,-,Shelby,Memphis,1
7694,300960198,1,0,35.22605,-89.940834,4,2024-06-02 20:06:00,2024,6,2,20,6,Sunday,20:06,Fatal,Dark-Lighted,Clear,Pedestrian,None,MEMPHIS POLICE DEPT,Other,Unbelted,-,-,-,-,-,-,Pedestrian,-,-,-,-,-,Shelby,Memphis,1
7699,300960234,0,7,35.098736,-89.89572,4,2024-06-02 15:46:00,2024,6,2,15,46,Sunday,15:46,Suspected Serious Injury,Daylight,Clear,Motor Vehicle-In-Transport On Same Roadway,None,MEMPHIS POLICE DEPT,Other,Unbelted,-,-,-,-,-,-,-,-,-,-,-,-,Shelby,Memphis,1
7722,300960363,0,2,36.578881,-87.300428,3,2024-06-04 15:00:00,2024,6,4,15,0,Tuesday,15:00,Suspected Serious Injury,Daylight,Clear,Motor Vehicle-In-Transport On Same Roadway,None,CLARKSVILLE POLICE DEPT,Other,Unbelted,-,-,-,-,-,-,-,-,-,-,Motorcyclist,-,Montgomery,Clarksville,3
7736,300960415,0,5,35.234222,-89.925735,4,2024-06-04 18:57:00,2024,6,4,18,57,Tuesday,18:57,Suspected Serious Injury,Dusk,Cloudy,Motor Vehicle-In-Transport On Same Roadway,None,MEMPHIS POLICE DEPT,Other,Unbelted,-,-,-,-,-,-,-,-,-,-,-,-,Shelby,Memphis,3