OBJECTID,MRN,Fatality,Injury,Latitude,Longitude,THP_District,Collision_Date,Collision_Year,Collision_Month,Collision_Day,Collision_Hour,Collision_Min,Collision_DOW,Collision_Time,Crash_Type,Light_Condition,Weather,First_Harmfu_Event,Work_Zone_Type,Agency_Name,THP,Unbelted,Distracted_Driver,Driver_Drinking,Driver_Drugged,Drowsy_Driver,Speeding_Involved,Pedalcyclist,Pedestrian,Other_Nonmotorist,ATV_Involved,LargeTruck_Involved,Motorcycle_Involved,SchoolBus,County,City,DOW_Nmb
7738,300960421,0,1,35.22522,-90.00313,4,2024-06-04 22:29:00,2024,6,4,22,29,Tuesday,22:29,Suspected Serious Injury,Dark-Lighted,Clear,Motor Vehicle-In-Transport On Same Roadway,None,MEMPHIS POLICE DEPT,Other,Unbelted,-,-,-,-,-,-,-,-,-,-,Motorcyclist,-,Shelby,Memphis,3
7757,300960540,0,1,35.137447,-90.009796,4,2024-06-04 07:54:00,2024,6,4,7,54,Tuesday,07:54,Suspected Serious Injury,Daylight,Clear,Pedal-Cycle,None,MEMPHIS POLICE DEPT,Other,Unbelted,-,-,-,-,-,Pedalcyclist,-,-,-,-,-,-,Shelby,Memphis,3
7765,300960585,1,0,35.02762,-90.0023,4,2024-06-05 23:11:00,2024,6,5,23,11,Wednesday,23:11,Fatal,Dark-Lighted,Clear,Concrete Traffic Barrier,None,MEMPHIS POLICE DEPT,Other,Unbelted,-,Drinking,-,-,-,-,-,-,-,-,-,-,Shelby,Memphis,4
7785,300960724,1,1,35.204625,-89.857332,4,2024-06-05 09:25:00,2024,6,5,9,25,Wednesday,09:25,Fatal,Daylight,Cloudy,Motor Vehicle-In-Transport On Same Roadway,None,BARTLETT POLICE DEPT,Other,Unbelted,-,-,-,-,-,-,-,-,-,-,-,-,Shelby,Bartlett,4
7791,300960760,0,2,35.192802,-89.92614,4,2024-06-06 20:18:00,2024,6,6,20,18,Thursday,20:18,Suspected Serious Injury,Dark-Lighted,Clear,Ditch,None,MEMPHIS POLICE DEPT,Other,Unbelted,-,-,-,-,-,-,-,-,-,-,-,-,Shelby,Memphis,5
7801,300960798,0,1,36.572136,-87.407044,3,2024-06-06 21:30:00,2024,6,6,21,30,Thursday,21:30,Suspected Serious Injury,Dark-Lighted,Clear,Pedestrian,None,CLARKSVILLE POLICE DEPT,Other,-,-,-,-,-,-,-,Pedestrian,-,-,-,-,-,Montgomery,Clarksville,5
7814,300960849,0,1,35.086475,-89.94785,4,2024-06-07 12:30:00,2024,6,7,12,30,Friday,12:30,Suspected Serious Injury,Daylight,Clear,Utility Pole,None,MEMPHIS POLICE DEPT,Other,Unbelted,-,-,-,-,-,-,-,-,-,-,-,-,Shelby,Memphis,6
7824,300960894,0,2,35.09297,-89.93103,4,2024-06-07 20:30:00,2024,6,7,20,30,Friday,20:30,Suspected Serious Injury,Dark-Lighted,Clear,Motor Vehicle-In-Transport On Same Roadway,None,MEMPHIS POLICE DEPT,Other,Unbelted,-,-,-,-,-,-,-,-,-,-,-,-,Shelby,Memphis,6
7831,300960913,0,1,35.207024,-84.873314,2,2024-06-07 18:46:00,2024,6,7,18,46,Friday,18:46,Suspected Serious Injury,Daylight,Clear,Pedestrian,None,CLEVELAND POLICE DEPT,Other,Unbelted,-,-,-,-,-,-,Pedestrian,-,-,-,-,-,Bradley,Cleveland,6
7835,300960940,0,1,35.107464,-89.8842,4,2024-06-08 04:18:00,2024,6,8,4,18,Saturday,04:18,Suspected Serious Injury,Dark-Lighted,Clear,Motor Vehicle-In-Transport On Same Roadway,None,MEMPHIS POLICE DEPT,Other,Unbelted,-,-,-,-,-,-,-,-,-,-,-,-,Shelby,Memphis,7
7836,300960941,0,1,35.16826,-89.86452,4,2024-06-08 04:03:00,2024,6,8,4,3,Saturday,04:03,Suspected Serious Injury,Dark-Not Lighted,Clear,Pedestrian,None,MEMPHIS POLICE DEPT,Other,Unbelted,-,-,-,-,-,-,Pedestrian,-,-,-,-,-,Shelby,Memphis,7
7837,300960946,0,1,36.594856,-82.18942,5,2024-06-07 16:40:00,2024,6,7,16,40,Friday,16:40,Suspected Serious Injury,Daylight,Clear,Motor Vehicle-In-Transport On Same Roadway,None,BRISTOL POLICE DEPT,Other,Unbelted,-,-,-,-,-,-,-,-,-,-,Motorcyclist,-,Sullivan,Bristol,6
7838,300960961,0,2,35.057102,-89.93245,4,2024-06-08 10:10:00,2024,6,8,10,10,Saturday,10:10,Suspected Serious Injury,Daylight,Clear,Bridge/Pier Abutment,None,MEMPHIS POLICE DEPT,Other,Unbelted,-,-,-,-,-,-,-,-,-,-,-,-,Shelby,Memphis,7
7858,300961034,1,1,35.101815,-89.87006,4,2024-06-08 03:16:00,2024,6,8,3,16,Saturday,03:16,Fatal,Dark-Lighted,Clear,Pedestrian,None,MEMPHIS POLICE DEPT,Other,Unbelted,-,-,-,-,-,-,Pedestrian,-,-,-,-,-,Shelby,Memphis,7
7861,300961048,0,1,36.05027,-82.83316,5,2024-06-08 22:40:00,2024,6,8,22,40,Saturday,22:40,Suspected Serious Injury,Dark-Not Lighted,Clear,Standing Tree,None,GREENE CO SHERIFFS DEPT,Other,Unbelted,-,-,-,-,-,-,-,-,-,-,-,-,Greene,Not in City Limit,7
7863,300961061,0,4,36.427097,-82.464066,5,2024-06-09 00:08:00,2024,6,9,0,8,Sunday,00:08,Suspected Serious Injury,Dark-Lighted,Clear,Mail Box,None,WASHINGTON CO SHERIFFS DEPT,Other,Unbelted,-,-,-,-,-,-,-,-,-,-,-,-,Washington,Gray,1
7869,300961075,0,1,36.540526,-87.365438,3,2024-06-08 23:00:00,2024,6,8,23,0,Saturday,23:00,Suspected Serious Injury,Dark-Lighted,Clear,Motor Vehicle-In-Transport On Same Roadway,None,CLARKSVILLE POLICE DEPT,Other,Unbelted,-,-,-,-,-,-,-,-,-,-,Motorcyclist,-,Montgomery,Clarksville,7
7870,300961076,1,0,35.189644,-89.92747,4,2024-06-09 01:18:00,2024,6,9,1,18,Sunday,01:18,Fatal,Dark-Not Lighted,Clear,Fence,None,MEMPHIS POLICE DEPT,Other,Unbelted,-,Drinking,-,-,-,-,-,-,-,-,-,-,Shelby,Memphis,1
7872,300961080,0,1,36.625403,-87.369931,3,2024-06-08 19:05:00,2024,6,8,19,5,Saturday,19:05,Suspected Serious Injury,Daylight,Clear,Motor Vehicle-In-Transport On Same Roadway,None,CLARKSVILLE POLICE DEPT,Other,Unbelted,-,-,-,-,-,-,-,-,-,-,Motorcyclist,-,Montgomery,Clarksville,7
7876,300961106,0,4,35.19067,-89.9566,4,2024-06-09 00:04:00,2024,6,9,0,4,Sunday,00:04,Suspected Serious Injury,Dark-Not Lighted,Clear,Motor Vehicle-In-Transport On Same Roadway,None,MEMPHIS POLICE DEPT,Other,Unbelted,-,-,-,-,Speeding,-,-,-,-,-,-,-,Shelby,Memphis,1
7889,300961170,0,1,35.0533,-90.02036,4,2024-06-09 20:59:00,2024,6,9,20,59,Sunday,20:59,Suspected Serious Injury,Dark-Lighted,Rain,Pedestrian,None,MEMPHIS POLICE DEPT,Other,-,-,-,-,-,-,-,Pedestrian,-,-,-,-,-,Shelby,Memphis,1
7890,300961175,1,1,35.08956,-89.87929,4,2024-06-09 17:08:00,2024,6,9,17,8,Sunday,17:08,Fatal,Dark-Lighted,Clear,Motor Vehicle-In-Transport On Same Roadway,None,MEMPHIS POLICE DEPT,Other,Unbelted,-,-,-,-,-,-,-,-,-,-,-,-,Shelby,Memphis,1
7911,300961351,0,1,35.134975,-89.96772,4,2024-06-11 07:37:00,2024,6,11,7,37,Tuesday,07:37,Suspected Serious Injury,Daylight,Clear,Other Post/Pole Support,None,MEMPHIS POLICE DEPT,Other,Unbelted,-,-,-,-,Speeding,-,-,-,-,-,-,-,Shelby,Memphis,3
7912,300961353,1,2,35.050542,-89.886221,4,2024-06-10 06:54:00,2024,6,10,6,54,Monday,06:54,Fatal,Daylight,Clear,Motor Vehicle-In-Transport On Same Roadway,None,MEMPHIS POLICE DEPT,Other,Unbelted,-,-,-,-,-,-,-,-,-,-,-,-,Shelby,Memphis,2
7918,300961381,0,3,35.05213,-89.98066,4,2024-06-10 11:10:00,2024,6,10,11,10,Monday,11:10,Suspected Serious Injury,Daylight,Clear,Motor Vehicle-In-Transport On Same Roadway,None,MEMPHIS POLICE DEPT,Other,Unbelted,-,-,-,-,-,-,-,-,-,ATV_Involved,-,-,Shelby,Memphis,2
7955,300961540,0,2,35.19797,-89.924965,4,2024-06-12 14:00:00,2024,6,12,14,0,Wednesday,14:00,Suspected Serious Injury,Daylight,Clear,Motor Vehicle-In-Transport On Same Roadway,None,MEMPHIS POLICE DEPT,Other,Unbelted,-,-,-,-,-,-,-,-,-,-,-,-,Shelby,Memphis,4
7979,300961644,0,3,36.543458,-82.485092,5,2024-06-13 09:18:00,2024,6,13,9,18,Thursday,09:18,Suspected Serious Injury,Daylight,Clear,Utility Pole,None,KINGSPORT POLICE DEPARTMENT,Other,Unbelted,-,-,-,-,Speeding,-,-,-,-,-,-,-,Sullivan,Kingsport,5
7994,300961741,0,1,35.14421,-90.02233,4,2024-06-13 17:30:00,2024,6,13,17,30,Thursday,17:30,Suspected Serious Injury,Daylight,Clear,Motor Vehicle-In-Transport On Same Roadway,None,MEMPHIS POLICE DEPT,Other,Unbelted,-,-,-,-,-,-,-,-,-,-,-,-,Shelby,Memphis,5
7999,300961753,0,1,35.03816,-90.02422,4,2024-06-13 15:52:00,2024,6,13,15,52,Thursday,15:52,Suspected Serious Injury,Daylight,Clear,Unknown,None,MEMPHIS POLICE DEPT,Other,Unbelted,-,-,-,-,-,-,-,-,-,-,-,-,Shelby,Memphis,5
8012,300961801,0,1,36.589491,-87.391044,3,2024-06-13 18:00:00,2024,6,13,18,0,Thursday,18:00,Suspected Serious Injury,Daylight,Clear,Other Non-Collision,None,CLARKSVILLE POLICE DEPT,Other,-,-,-,-,-,-,-,-,-,-,-,Motorcyclist,-,Montgomery,Clarksville,5
8035,300961966,0,1,35.13798,-90.02818,4,2024-06-14 21:35:00,2024,6,14,21,35,Friday,21:35,Suspected Serious Injury,Dark-Lighted,Clear,Motor Vehicle-In-Transport On Same Roadway,None,MEMPHIS POLICE DEPT,Other,Unbelted,-,-,-,-,-,-,-,-,-,-,-,-,Shelby,Memphis,6
8039,300961980,0,4,35.215744,-90.03002,4,2024-06-15 00:01:00,2024,6,15,0,1,Saturday,00:01,Suspected Serious Injury,Dark-Lighted,Clear,Motor Vehicle-In-Transport On Same Roadway,None,MEMPHIS POLICE DEPT,Other,Unbelted,-,-,-,-,-,-,-,-,-,-,-,-,Shelby,Memphis,7
8040,300961982,0,4,35.05527,-90.06011,4,2024-06-14 19:07:00,2024,6,14,19,7,Friday,19:07,Suspected Serious Injury,Daylight,Clear,Motor Vehicle-In-Transport On Same Roadway,None,MEMPHIS POLICE DEPT,Other,Unbelted,-,-,-,-,-,-,-,-,-,-,-,-,Shelby,Memphis,6
8044,300962002,0,1,35.19019,-89.94932,4,2024-06-14 06:54:00,2024,6,14,6,54,Friday,06:54,Suspected Serious Injury,Daylight,Clear,Motor Vehicle-In-Transport On Same Roadway,None,MEMPHIS POLICE DEPT,Other,Unbelted,-,-,-,-,-,-,-,-,-,ATV_Involved,-,-,Shelby,Memphis,6
8052,300962048,1,0,35.135967,-90.03721,4,2024-06-14 19:49:00,2024,6,14,19,49,Friday,19:49,Fatal,Daylight,Clear,Bridge/Pier Abutment,None,MEMPHIS POLICE DEPT,Other,Unbelted,-,-,Drug,-,-,-,-,-,-,ATV_Involved,-,-,Shelby,Memphis,6
8060,300962098,0,3,35.13412,-89.99034,4,2024-06-16 00:39:00,2024,6,16,0,39,Sunday,00:39,Suspected Serious Injury,Dark-Lighted,Clear,Motor Vehicle-In-Transport On Same Roadway,None,MEMPHIS POLICE DEPT,Other,Unbelted,-,-,-,-,-,-,-,-,-,-,-,-,Shelby,Memphis,1
8072,300962171,0,1,35.107765,-90.06345,4,2024-06-15 21:46:00,2024,6,15,21,46,Saturday,21:46,Suspected Serious Injury,Dark-Lighted,Clear,Pedestrian,None,MEMPHIS POLICE DEPT,Other,Unbelted,-,-,-,-,-,-,Pedestrian,-,-,-,-,-,Shelby,Memphis,7
8078,300962205,0,2,35.131256,-84.8773,2,2024-06-16 17:09:00,2024,6,16,17,9,Sunday,17:09,Suspected Serious Injury,Daylight,Clear,Motor Vehicle-In-Transport On Same Roadway,None,CLEVELAND POLICE DEPT,Other,Unbelted,-,-,-,-,-,-,-,-,-,-,-,-,Bradley,Cleveland,1
8082,300962234,1,0,36.602061,-87.379514,3,2024-06-16 19:49:00,2024,6,16,19,49,Sunday,19:49,Fatal,Dark-Lighted,Clear,Utility Pole,None,CLARKSVILLE POLICE DEPT,Other,Unbelted,-,Drinking,Drug,-,Speeding,-,-,-,-,-,-,-,Montgomery,Clarksville,1
8086,300962276,0,2,35.356876,-89.893486,4,2024-06-14 18:40:00,2024,6,14,18,40,Friday,18:40,Suspected Serious Injury,Daylight,Clear,Motor Vehicle-In-Transport On Same Roadway,None,MILLINGTON POLICE DEPT,Other,Unbelted,-,-,-,-,-,-,-,-,-,-,-,-,Shelby,Millington,6
8124,300962471,0,1,35.145103,-90.04396,4,2024-06-18 14:17:00,2024,6,18,14,17,Tuesday,14:17,Suspected Serious Injury,Daylight,Clear,Motor Vehicle-In-Transport On Same Roadway,None,MEMPHIS POLICE DEPT,Other,Unbelted,-,-,-,-,-,-,-,-,-,ATV_Involved,-,-,Shelby,Memphis,3
8139,300962531,1,0,35.035297,-90.03157,4,2024-06-18 20:43:00,2024,6,18,20,43,Tuesday,20:43,Fatal,Dark-Lighted,Clear,Pedestrian,None,MEMPHIS POLICE DEPT,Other,Unbelted,-,-,-,-,-,-,Pedestrian,-,-,-,-,-,Shelby,Memphis,3
8152,300962610,0,1,35.11334,-90.05244,4,2024-06-19 07:20:00,2024,6,19,7,20,Wednesday,07:20,Suspected Serious Injury,Dawn,Clear,Pedestrian,None,MEMPHIS POLICE DEPT,Other,-,-,-,-,-,-,-,Pedestrian,-,-,-,-,-,Shelby,Memphis,4
8161,300962662,1,1,35.108387,-90.03408,4,2024-06-19 22:52:00,2024,6,19,22,52,Wednesday,22:52,Fatal,Dark-Lighted,Clear,Motor Vehicle-In-Transport On Same Roadway,None,MEMPHIS POLICE DEPT,Other,Unbelted,-,Drinking,-,-,-,-,-,-,-,-,-,-,Shelby,Memphis,4
8166,300962679,0,1,36.549876,-87.265032,3,2024-06-18 08:05:00,2024,6,18,8,5,Tuesday,08:05,Suspected Serious Injury,Daylight,Clear,Motor Vehicle-In-Transport On Same Roadway,None,CLARKSVILLE POLICE DEPT,Other,Unbelted,-,-,-,-,-,-,-,-,-,ATV_Involved,-,-,Montgomery,Clarksville,3
8168,300962694,1,0,35.159723,-89.858915,4,2024-06-13 01:16:00,2024,6,13,1,16,Thursday,01:16,Fatal,Dark-Not Lighted,Clear,Pedestrian,None,SHELBY CO SHERIFFS DEPT,Other,Unbelted,-,-,-,-,-,-,Pedestrian,-,-,-,-,-,Shelby,Not in City Limit,5
8177,300962752,0,1,36.305187,-82.393265,5,2024-06-20 13:52:00,2024,6,20,13,52,Thursday,13:52,Suspected Serious Injury,Daylight,Clear,Other Post/Pole Support,None,JOHNSON CITY POLICE DEPT,Other,Unbelted,-,-,-,-,-,-,-,-,-,-,-,-,Washington,Johnson City,5
8188,300962801,0,2,35.179726,-84.87485,2,2024-06-20 22:09:00,2024,6,20,22,9,Thursday,22:09,Suspected Serious Injury,Dark-Lighted,Clear,Motor Vehicle-In-Transport On Same Roadway,None,CLEVELAND POLICE DEPT,Other,-,-,-,-,-,-,-,-,-,-,-,Motorcyclist,-,Bradley,Cleveland,5
8191,300962820,0,1,35.147435,-90.050481,4,2024-06-12 12:48:00,2024,6,12,12,48,Wednesday,12:48,Suspected Serious Injury,Daylight,Clear,Motor Vehicle-In-Transport On Same Roadway,None,SHELBY CO SHERIFFS DEPT,Other,Unbelted,-,-,-,-,-,-,-,-,-,-,Motorcyclist,-,Shelby,Not in City Limit,4
8233,300963051,0,2,35.05217,-89.95154,4,2024-06-22 18:18:00,2024,6,22,18,18,Saturday,18:18,Suspected Serious Injury,Dawn,Clear,Motor Vehicle-In-Transport On Same Roadway,None,MEMPHIS POLICE DEPT,Other,Unbelted,-,-,-,-,-,-,-,-,-,-,-,-,Shelby,Memphis,7
8244,300963099,1,1,35.1381,-90.02886,4,2024-06-23 02:00:00,2024,6,23,2,0,Sunday,02:00,Fatal,Dark-Lighted,Clear,Curb,None,MEMPHIS POLICE DEPT,Other,Unbelted,-,Drinking,-,-,-,-,Pedestrian,-,-,-,-,-,Shelby,Memphis,1
8248,300963112,1,0,35.17304,-89.99432,4,2024-06-23 00:00:00,2024,6,23,24,0,Sunday,24:00,Fatal,Unknown,Clear,Pedestrian,None,MEMPHIS POLICE DEPT,Other,Unbelted,-,-,-,-,-,-,Pedestrian,-,-,-,-,-,Shelby,Memphis,1
8251,300963124,0,1,35.127617,-89.85486,4,2024-06-23 00:00:00,2024,6,23,0,0,Sunday,00:00,Suspected Serious Injury,Unknown,Unknown,Pedestrian,Unknown,MEMPHIS POLICE DEPT,Other,Unbelted,-,-,-,-,-,-,Pedestrian,-,-,-,-,-,Shelby,Memphis,1
8254,300963154,0,1,35.13892,-90.05575,4,2024-06-23 00:00:00,2024,6,23,0,0,Sunday,00:00,Suspected Serious Injury,Dark-Lighted,Clear,Pedestrian,None,MEMPHIS POLICE DEPT,Other,Unbelted,-,-,-,-,-,-,Pedestrian,-,-,-,-,-,Shelby,Memphis,1
8258,300963174,1,1,35.012152,-90.096502,4,2024-06-23 17:11:00,2024,6,23,17,11,Sunday,17:11,Fatal,Daylight,Clear,Motor Vehicle-In-Transport On Same Roadway,None,MEMPHIS POLICE DEPT,Other,Unbelted,-,-,Drug,-,-,-,-,-,-,-,Motorcyclist,-,Shelby,Memphis,1
8259,300963178,0,3,35.023186,-90.007904,4,2024-06-23 17:03:00,2024,6,23,17,3,Sunday,17:03,Suspected Serious Injury,Daylight,Clear,Motor Vehicle-In-Transport On Same Roadway,None,MEMPHIS POLICE DEPT,Other,Unbelted,-,-,-,-,-,-,-,-,-,-,-,-,Shelby,Memphis,1
8268,300963212,0,1,35.036484,-90.00264,4,2024-06-23 22:54:00,2024,6,23,22,54,Sunday,22:54,Suspected Serious Injury,Dark-Not Lighted,Clear,Motor Vehicle-In-Transport On Same Roadway,None,MEMPHIS POLICE DEPT,Other,Unbelted,-,-,-,-,-,-,-,-,-,-,-,-,Shelby,Memphis,1
8276,300963258,0,2,35.136215,-84.90759,2,2024-06-24 14:00:00,2024,6,24,14,0,Monday,14:00,Suspected Serious Injury,Daylight,Clear,Motor Vehicle-In-Transport On Same Roadway,None,CLEVELAND POLICE DEPT,Other,Unbelted,-,-,-,-,-,-,-,-,-,-,-,-,Bradley,Cleveland,2
8277,300963260,0,1,36.287697,-82.58291,5,2024-06-24 13:14:00,2024,6,24,13,14,Monday,13:14,Suspected Serious Injury,Daylight,Clear,Motor Vehicle-In-Transport On Same Roadway,None,WASHINGTON CO SHERIFFS DEPT,Other,Unbelted,-,-,-,-,-,-,-,-,-,-,Motorcyclist,-,Washington,Telford,2
8284,300963300,0,1,35.139584,-89.964745,4,2024-06-23 19:00:00,2024,6,23,19,0,Sunday,19:00,Suspected Serious Injury,Daylight,Clear,Standing Tree,None,MEMPHIS POLICE DEPT,Other,Unbelted,-,-,-,-,-,-,-,-,-,-,-,-,Shelby,Memphis,1
8287,300963314,1,0,35.100246,-89.99124,4,2024-06-24 18:09:00,2024,6,24,18,9,Monday,18:09,Fatal,Daylight,Clear,Fence,None,MEMPHIS POLICE DEPT,Other,Unbelted,-,-,-,-,Speeding,-,-,-,-,-,-,-,Shelby,Memphis,2
8296,300963366,0,1,35.152416,-89.88364,4,2024-06-24 13:40:00,2024,6,24,13,40,Monday,13:40,Suspected Serious Injury,Daylight,Clear,Guard Rail End,None,MEMPHIS POLICE DEPT,Other,-,-,-,-,-,-,-,-,-,-,-,Motorcyclist,-,Shelby,Memphis,2
8298,300963369,1,2,35.15521,-89.95116,4,2024-06-24 10:09:00,2024,6,24,10,9,Monday,10:09,Fatal,Daylight,Clear,Motor Vehicle-In-Transport On Same Roadway,None,MEMPHIS POLICE DEPT,Other,Unbelted,-,-,Drug,-,-,-,-,-,-,-,-,-,Shelby,Memphis,2
8301,300963379,0,1,35.169091,-89.728936,4,2024-06-23 19:21:00,2024,6,23,19,21,Sunday,19:21,Suspected Serious Injury,Daylight,Clear,Motor Vehicle-In-Transport On Same Roadway,None,SHELBY CO SHERIFFS DEPT,Other,Unbelted,-,-,-,-,-,-,-,-,-,-,Motorcyclist,-,Shelby,Not in City Limit,1
8309,300963418,1,0,35.147762,-90.042755,4,2024-06-25 11:38:00,2024,6,25,11,38,Tuesday,11:38,Fatal,Daylight,Clear,Pedestrian,None,MEMPHIS POLICE DEPT,Other,Unbelted,-,-,-,-,-,-,Pedestrian,-,-,-,-,-,Shelby,Memphis,3
8313,300963452,0,5,35.107338,-90.04376,4,2024-06-25 11:20:00,2024,6,25,11,20,Tuesday,11:20,Suspected Serious Injury,Daylight,Clear,Motor Vehicle-In-Transport On Same Roadway,None,MEMPHIS POLICE DEPT,Other,Unbelted,-,-,-,-,-,-,-,-,-,-,-,-,Shelby,Memphis,3
8314,300963453,0,2,35.157955,-89.972664,4,2024-06-25 06:52:00,2024,6,25,6,52,Tuesday,06:52,Suspected Serious Injury,Daylight,Clear,Motor Vehicle-In-Transport On Same Roadway,None,MEMPHIS POLICE DEPT,Other,Unbelted,-,-,-,-,-,-,-,-,-,-,-,-,Shelby,Memphis,3
8320,300963504,0,1,35.076015,-89.98037,4,2024-06-24 17:00:00,2024,6,24,17,0,Monday,17:00,Suspected Serious Injury,Daylight,Clear,Motor Vehicle-In-Transport On Same Roadway,None,MEMPHIS POLICE DEPT,Other,Unbelted,-,-,-,-,-,-,-,-,-,-,-,-,Shelby,Memphis,2
8358,300963691,0,2,35.173374,-89.86953,4,2024-06-25 14:48:00,2024,6,25,14,48,Tuesday,14:48,Suspected Serious Injury,Daylight,Clear,Motor Vehicle-In-Transport On Same Roadway,None,MEMPHIS POLICE DEPT,Other,Unbelted,-,-,-,-,-,-,-,-,-,-,Motorcyclist,-,Shelby,Memphis,3
8363,300963709,0,1,36.565534,-87.30972,3,2024-06-26 17:05:00,2024,6,26,17,5,Wednesday,17:05,Suspected Serious Injury,Daylight,Rain,Motor Vehicle-In-Transport On Same Roadway,None,CLARKSVILLE POLICE DEPT,Other,Unbelted,-,-,Drug,-,-,-,-,-,-,-,Motorcyclist,-,Montgomery,Clarksville,4
8368,300963735,0,2,36.382256,-82.422615,5,2024-06-25 12:13:00,2024,6,25,12,13,Tuesday,12:13,Suspected Serious Injury,Daylight,Clear,Motor Vehicle-In-Transport On Same Roadway,None,JOHNSON CITY POLICE DEPT,Other,Unbelted,-,-,-,-,Speeding,-,-,-,-,-,-,-,Washington,Johnson City,3
8375,300963766,0,1,35.19099,-90.016205,4,2024-06-27 06:40:00,2024,6,27,6,40,Thursday,06:40,Suspected Serious Injury,Unknown,Unknown,Embankment Earth,None,MEMPHIS POLICE DEPT,Other,Unbelted,-,-,-,-,-,-,-,-,-,-,-,-,Shelby,Memphis,5
8380,300963782,0,2,35.216946,-89.836239,4,2024-06-16 13:55:00,2024,6,16,13,55,Sunday,13:55,Suspected Serious Injury,Daylight,Clear,Motor Vehicle-In-Transport On Same Roadway,None,BARTLETT POLICE DEPT,Other,Unbelted,-,-,-,-,-,-,-,-,-,-,-,-,Shelby,Bartlett,1
8396,300963857,0,1,35.020688,-89.76821,4,2024-06-06 18:25:00,2024,6,6,18,25,Thursday,18:25,Suspected Serious Injury,Daylight,Clear,Curb,None,SHELBY CO SHERIFFS DEPT,Other,Unbelted,-,-,-,-,Speeding,-,-,-,-,-,-,-,Shelby,Not in City Limit,5
8397,300963860,0,2,35.242669,-89.898132,4,2024-06-28 05:12:00,2024,6,28,5,12,Friday,05:12,Suspected Serious Injury,Dawn,Clear,Utility Pole,None,SHELBY CO SHERIFFS DEPT,Other,Unbelted,-,-,-,-,-,-,-,-,-,-,-,-,Shelby,Not in City Limit,6
8403,300963876,0,3,35.171948,-89.814578,4,2024-06-24 16:35:00,2024,6,24,16,35,Monday,16:35,Suspected Serious Injury,Daylight,Clear,Motor Vehicle-In-Transport On Same Roadway,None,SHELBY CO SHERIFFS DEPT,Other,Unbelted,-,-,-,-,-,-,-,-,-,-,-,-,Shelby,Not in City Limit,2
8415,300963964,0,1,35.09236,-90.060104,4,2024-06-28 21:00:00,2024,6,28,21,0,Friday,21:00,Suspected Serious Injury,Dark-Lighted,Clear,Pedestrian,None,MEMPHIS POLICE DEPT,Other,-,-,-,-,-,-,-,Pedestrian,-,-,-,-,-,Shelby,Memphis,6
8423,300963986,0,1,35.14915,-89.97711,4,2024-06-28 22:30:00,2024,6,28,22,30,Friday,22:30,Suspected Serious Injury,Dark-Lighted,Clear,Utility Pole,None,MEMPHIS POLICE DEPT,Other,Unbelted,-,-,-,-,-,-,-,-,-,-,-,-,Shelby,Memphis,6
8437,300964046,1,0,36.40153,-82.46688,5,2024-06-29 11:26:00,2024,6,29,11,26,Saturday,11:26,Fatal,Daylight,Clear,Cable Barrier,None,JOHNSON CITY POLICE DEPT,Other,-,-,-,Drug,-,-,-,-,-,-,-,Motorcyclist,-,Washington,Gray,7
8445,300964113,1,0,35.210777,-84.83522,2,2024-06-29 20:52:00,2024,6,29,20,52,Saturday,20:52,Fatal,Dusk,Clear,Motor Vehicle-In-Transport On Same Roadway,None,CLEVELAND POLICE DEPT,Other,Unbelted,-,-,-,-,Speeding,-,-,-,-,-,Motorcyclist,-,Bradley,Cleveland,7
8449,300964124,0,1,35.184933,-89.93227,4,2024-06-30 02:26:00,2024,6,30,2,26,Sunday,02:26,Suspected Serious Injury,Dark-Lighted,Clear,Pedestrian,None,MEMPHIS POLICE DEPT,Other,Unbelted,-,-,-,-,-,-,Pedestrian,-,-,-,-,-,Shelby,Memphis,1
8472,300964236,1,4,35.070088,-89.852726,4,2024-06-30 22:57:00,2024,6,30,22,57,Sunday,22:57,Fatal,Dark-Lighted,Clear,Motor Vehicle-In-Transport On Same Roadway,None,MEMPHIS POLICE DEPT,Other,Unbelted,-,-,-,-,-,-,-,-,-,-,-,-,Shelby,Memphis,1
8477,300964264,0,1,36.573105,-82.506996,5,2024-07-01 06:59:00,2024,7,1,6,59,Monday,06:59,Suspected Serious Injury,Daylight,Clear,Motor Vehicle-In-Transport On Same Roadway,None,KINGSPORT POLICE DEPARTMENT,Other,Unbelted,-,-,-,-,-,-,-,-,-,-,Motorcyclist,-,Sullivan,Kingsport,2
8496,300964400,0,1,36.624396,-87.371051,3,2024-07-02 02:58:00,2024,7,2,2,58,Tuesday,02:58,Suspected Serious Injury,Dark-Not Lighted,Clear,Motor Vehicle-In-Transport On Same Roadway,None,CLARKSVILLE POLICE DEPT,Other,Unbelted,-,-,-,-,-,-,-,-,-,-,Motorcyclist,-,Montgomery,Clarksville,3
8511,300964476,0,4,35.031246,-90.07737,4,2024-07-02 13:00:00,2024,7,2,13,0,Tuesday,13:00,Suspected Serious Injury,Daylight,Clear,Motor Vehicle-In-Transport On Same Roadway,None,MEMPHIS POLICE DEPT,Other,Unbelted,-,-,-,-,-,-,-,-,-,-,-,-,Shelby,Memphis,3
8522,300964552,0,1,35.063282,-90.07291,4,2024-07-02 22:59:00,2024,7,2,22,59,Tuesday,22:59,Suspected Serious Injury,Dark-Lighted,Clear,Pedestrian,None,MEMPHIS POLICE DEPT,Other,-,-,-,-,-,-,-,Pedestrian,-,-,-,-,-,Shelby,Memphis,3
8525,300964574,0,1,35.11456,-89.95398,4,2024-07-02 13:10:00,2024,7,2,13,10,Tuesday,13:10,Suspected Serious Injury,Daylight,Clear,Motor Vehicle-In-Transport On Same Roadway,None,MEMPHIS POLICE DEPT,Other,Unbelted,-,-,-,-,-,-,-,-,-,-,-,-,Shelby,Memphis,3
8534,300964645,0,1,35.258306,-89.867949,4,2024-06-27 10:16:00,2024,6,27,10,16,Thursday,10:16,Suspected Serious Injury,Daylight,Clear,Motor Vehicle-In-Transport On Same Roadway,None,BARTLETT POLICE DEPT,Other,Unbelted,-,-,-,-,-,-,-,-,-,-,-,-,Shelby,Bartlett,5
8553,300964773,0,1,35.015568,-89.89441,4,2024-07-03 00:12:00,2024,7,3,0,12,Wednesday,00:12,Suspected Serious Injury,Dark-Lighted,Clear,Pedestrian,None,MEMPHIS POLICE DEPT,Other,Unbelted,-,-,-,-,-,-,Pedestrian,-,-,-,-,-,Shelby,Memphis,4