OBJECTID,MRN,Fatality,Injury,Latitude,Longitude,THP_District,Collision_Date,Collision_Year,Collision_Month,Collision_Day,Collision_Hour,Collision_Min,Collision_DOW,Collision_Time,Crash_Type,Light_Condition,Weather,First_Harmfu_Event,Work_Zone_Type,Agency_Name,THP,Unbelted,Distracted_Driver,Driver_Drinking,Driver_Drugged,Drowsy_Driver,Speeding_Involved,Pedalcyclist,Pedestrian,Other_Nonmotorist,ATV_Involved,LargeTruck_Involved,Motorcycle_Involved,SchoolBus,County,City,DOW_Nmb
8556,300964813,1,0,35.092243,-89.97752,4,2024-07-04 19:56:00,2024,7,4,19,56,Thursday,19:56,Fatal,Daylight,Clear,Standing Tree,None,MEMPHIS POLICE DEPT,Other,-,-,-,-,-,-,-,-,-,-,-,Motorcyclist,-,Shelby,Memphis,5
8578,300964918,0,1,35.212906,-90.00558,4,2024-07-05 14:58:00,2024,7,5,14,58,Friday,14:58,Suspected Serious Injury,Daylight,Clear,Pedestrian,None,MEMPHIS POLICE DEPT,Other,Unbelted,-,-,-,-,-,-,Pedestrian,-,-,-,-,-,Shelby,Memphis,6
8590,300964951,1,1,35.16093,-90.00098,4,2024-07-05 01:26:00,2024,7,5,1,26,Friday,01:26,Fatal,Dark-Lighted,Clear,Standing Tree,None,MEMPHIS POLICE DEPT,Other,Unbelted,-,Drinking,-,-,-,-,-,-,-,-,-,-,Shelby,Memphis,6
8599,300964981,0,1,36.540054,-82.52432,5,2024-07-06 11:03:00,2024,7,6,11,3,Saturday,11:03,Suspected Serious Injury,Daylight,Clear,Ditch,None,KINGSPORT POLICE DEPARTMENT,Other,Unbelted,-,-,-,-,-,-,-,-,-,-,-,-,Sullivan,Kingsport,7
8638,300965178,0,1,35.167164,-89.98385,4,2024-07-07 20:05:00,2024,7,7,20,5,Sunday,20:05,Suspected Serious Injury,Dark-Lighted,Clear,Pedal-Cycle,None,MEMPHIS POLICE DEPT,Other,Unbelted,-,-,-,-,-,Pedalcyclist,-,-,-,-,-,-,Shelby,Memphis,1
8645,300965199,1,0,36.573289,-87.284563,3,2024-07-06 21:21:00,2024,7,6,21,21,Saturday,21:21,Fatal,Dark-Lighted,Clear,Guard Rail Face,None,CLARKSVILLE POLICE DEPT,Other,-,-,-,-,-,Speeding,-,-,-,-,-,Motorcyclist,-,Montgomery,Clarksville,7
8666,300965282,0,1,35.205357,-89.834566,4,2024-07-03 23:50:00,2024,7,3,23,50,Wednesday,23:50,Suspected Serious Injury,Dark-Lighted,Clear,Utility Pole,None,BARTLETT POLICE DEPT,Other,Unbelted,-,-,-,-,-,-,-,-,-,-,-,-,Shelby,Bartlett,4
8675,300965354,0,1,35.05054,-89.88622,4,2024-07-08 21:35:00,2024,7,8,21,35,Monday,21:35,Suspected Serious Injury,Dark-Unknown Lighting,Rain,Traffic Signal Support,None,MEMPHIS POLICE DEPT,Other,Unbelted,-,-,-,-,-,-,-,-,-,-,-,-,Shelby,Memphis,2
8679,300965374,1,0,35.053356,-89.98646,4,2024-07-07 04:59:00,2024,7,7,4,59,Sunday,04:59,Fatal,Dark-Lighted,Clear,Pedestrian,None,MEMPHIS POLICE DEPT,Other,Unbelted,-,-,-,-,-,-,Pedestrian,-,-,-,-,-,Shelby,Memphis,1
8723,300965557,0,1,35.288095,-89.679298,4,2024-06-27 18:00:00,2024,6,27,18,0,Thursday,18:00,Suspected Serious Injury,Daylight,Clear,Paved Surface-Irregular,None,SHELBY CO SHERIFFS DEPT,Other,-,-,-,-,-,-,-,-,-,-,-,Motorcyclist,-,Shelby,Arlington,5
8729,300965582,0,2,35.17218,-89.97511,4,2024-07-10 08:05:00,2024,7,10,8,5,Wednesday,08:05,Suspected Serious Injury,Daylight,Clear,Motor Vehicle-In-Transport On Same Roadway,None,MEMPHIS POLICE DEPT,Other,Unbelted,-,-,-,-,-,-,-,-,-,-,-,-,Shelby,Memphis,4
8730,300965593,0,1,36.119648,-83.02172,5,2024-07-07 14:56:00,2024,7,7,14,56,Sunday,14:56,Suspected Serious Injury,Daylight,Clear,Guard Rail Face,None,GREENE CO SHERIFFS DEPT,Other,-,-,-,-,-,-,-,-,-,-,-,Motorcyclist,-,Greene,Not in City Limit,1
8756,300965740,1,0,35.15712,-89.94788,4,2024-07-10 16:41:00,2024,7,10,16,41,Wednesday,16:41,Fatal,Daylight,Clear,Motor Vehicle-In-Transport On Same Roadway,None,MEMPHIS POLICE DEPT,Other,Unbelted,-,-,-,-,-,-,-,-,-,-,Motorcyclist,-,Shelby,Memphis,4
8766,300965816,0,1,35.22085,-89.88294,4,2024-07-10 23:18:00,2024,7,10,23,18,Wednesday,23:18,Suspected Serious Injury,Dark-Lighted,Clear,Utility Pole,None,MEMPHIS POLICE DEPT,Other,-,-,-,-,-,-,-,-,-,-,-,Motorcyclist,-,Shelby,Memphis,4
8774,300965838,0,1,36.294838,-82.478874,5,2024-07-11 14:25:00,2024,7,11,14,25,Thursday,14:25,Suspected Serious Injury,Daylight,Clear,Motor Vehicle-In-Transport On Same Roadway,None,JONESBOROUGH POLICE DEPT,Other,Unbelted,-,-,Drug,-,-,-,-,-,-,-,-,-,Washington,Jonesborough,5
8788,300965915,0,1,35.232586,-89.978935,4,2024-07-08 21:30:00,2024,7,8,21,30,Monday,21:30,Suspected Serious Injury,Dark-Not Lighted,Clear,Pedestrian,None,MEMPHIS POLICE DEPT,Other,-,-,-,-,-,-,-,Pedestrian,-,-,-,-,-,Shelby,Memphis,2
8812,300966025,0,1,35.163914,-89.86537,4,2024-07-13 10:00:00,2024,7,13,10,0,Saturday,10:00,Suspected Serious Injury,Daylight,Clear,Motor Vehicle-In-Transport On Same Roadway,None,MEMPHIS POLICE DEPT,Other,Unbelted,-,-,-,-,-,-,-,-,-,ATV_Involved,-,-,Shelby,Memphis,7
8817,300966051,1,0,35.035244,-89.90157,4,2024-07-13 17:25:00,2024,7,13,17,25,Saturday,17:25,Fatal,Daylight,Clear,Overhead Sign Support,None,MEMPHIS POLICE DEPT,Other,-,-,Drinking,Drug,-,Speeding,-,-,-,-,-,Motorcyclist,-,Shelby,Memphis,7
8830,300966115,0,3,36.517669,-87.250568,3,2024-07-14 09:30:00,2024,7,14,9,30,Sunday,09:30,Suspected Serious Injury,Daylight,Clear,Motor Vehicle-In-Transport On Same Roadway,None,CLARKSVILLE POLICE DEPT,Other,Unbelted,-,-,-,-,-,-,-,-,-,-,-,-,Montgomery,Clarksville,1
8833,300966159,0,1,35.077026,-89.93164,4,2024-07-13 22:45:00,2024,7,13,22,45,Saturday,22:45,Suspected Serious Injury,Dark-Lighted,Clear,Curb,None,MEMPHIS POLICE DEPT,Other,Unbelted,-,-,-,-,-,-,-,-,-,-,-,-,Shelby,Memphis,7
8835,300966162,0,1,36.552635,-82.578545,5,2024-07-14 19:40:00,2024,7,14,19,40,Sunday,19:40,Suspected Serious Injury,Daylight,Clear,Curb,None,KINGSPORT POLICE DEPARTMENT,Other,Unbelted,-,-,-,-,-,-,-,-,-,-,-,-,Sullivan,Kingsport,1
8841,300966202,0,1,35.205338,-89.88341,4,2024-06-25 07:15:00,2024,6,25,7,15,Tuesday,07:15,Suspected Serious Injury,Daylight,Clear,Motor Vehicle-In-Transport On Same Roadway,None,BARTLETT POLICE DEPT,Other,Unbelted,-,-,-,-,Speeding,-,-,-,-,-,-,-,Shelby,Bartlett,3
8858,300966276,0,1,35.192486,-89.792595,4,2024-07-14 15:00:00,2024,7,14,15,0,Sunday,15:00,Suspected Serious Injury,Daylight,Clear,Motor Vehicle-In-Transport On Same Roadway,None,MEMPHIS POLICE DEPT,Other,Unbelted,Distracted,Drinking,-,-,-,-,-,-,-,-,-,-,Shelby,Memphis,1
8875,300966374,0,2,35.006363,-90.01927,4,2024-07-15 11:30:00,2024,7,15,11,30,Monday,11:30,Suspected Serious Injury,Daylight,Clear,Motor Vehicle-In-Transport On Same Roadway,None,MEMPHIS POLICE DEPT,Other,Unbelted,-,-,-,-,-,-,Pedestrian,-,-,-,-,-,Shelby,Memphis,2
8876,300966389,0,1,36.58111,-87.426515,3,2024-07-16 15:50:00,2024,7,16,15,50,Tuesday,15:50,Suspected Serious Injury,Daylight,Clear,Motor Vehicle-In-Transport On Same Roadway,None,CLARKSVILLE POLICE DEPT,Other,Unbelted,-,-,-,-,-,-,-,-,-,-,Motorcyclist,-,Montgomery,Clarksville,3
8880,300966418,0,4,35.104122,-89.870224,4,2024-07-16 02:30:00,2024,7,16,2,30,Tuesday,02:30,Suspected Serious Injury,Dark-Lighted,Clear,Motor Vehicle-In-Transport On Same Roadway,None,MEMPHIS POLICE DEPT,Other,Unbelted,-,-,-,-,-,-,-,-,-,-,-,-,Shelby,Memphis,3
8883,300966435,1,0,35.153976,-89.88741,4,2024-07-16 21:40:00,2024,7,16,21,40,Tuesday,21:40,Fatal,Dark-Lighted,Clear,Pedestrian,None,MEMPHIS POLICE DEPT,Other,Unbelted,Distracted,-,-,-,-,-,Pedestrian,-,-,ATV_Involved,-,-,Shelby,Memphis,3
8889,300966464,1,0,35.035595,-89.98982,4,2024-07-17 06:50:00,2024,7,17,6,50,Wednesday,06:50,Fatal,Daylight,Clear,Pedestrian,None,MEMPHIS POLICE DEPT,Other,Unbelted,-,-,-,-,-,-,Pedestrian,-,-,-,-,-,Shelby,Memphis,4
8911,300966573,0,1,35.138954,-90.0459,4,2024-07-17 00:00:00,2024,7,17,24,0,Wednesday,24:00,Suspected Serious Injury,Unknown,Clear,Pedestrian,None,MEMPHIS POLICE DEPT,Other,-,-,-,-,-,-,-,Pedestrian,-,-,-,-,-,Shelby,Memphis,4
8933,300966719,0,2,36.534946,-87.348267,3,2024-07-18 03:16:00,2024,7,18,3,16,Thursday,03:16,Suspected Serious Injury,Dark-Lighted,Rain,Building,None,CLARKSVILLE POLICE DEPT,Other,Unbelted,-,-,-,-,Speeding,-,-,-,-,-,-,-,Montgomery,Clarksville,5
8938,300966759,1,0,36.51746,-82.52234,5,2024-07-19 04:46:00,2024,7,19,4,46,Friday,04:46,Fatal,Dark-Not Lighted,Clear,Bridge Rail,None,KINGSPORT POLICE DEPARTMENT,Other,Unbelted,-,Drinking,Drug,-,Speeding,-,-,-,-,-,-,-,Sullivan,Kingsport,6
8946,300966833,0,2,35.089653,-89.87789,4,2024-07-19 13:35:00,2024,7,19,13,35,Friday,13:35,Suspected Serious Injury,Daylight,Clear,Motor Vehicle-In-Transport On Same Roadway,None,MEMPHIS POLICE DEPT,Other,Unbelted,-,-,-,-,-,-,-,-,-,-,-,-,Shelby,Memphis,6
8948,300966846,1,2,35.012154,-90.096504,4,2024-07-18 17:25:00,2024,7,18,17,25,Thursday,17:25,Fatal,Daylight,Clear,Highway Traffic Sign Post,None,MEMPHIS POLICE DEPT,Other,Unbelted,-,-,-,-,Speeding,-,-,-,-,-,-,-,Shelby,Memphis,5
8951,300966854,0,1,36.541386,-82.54245,5,2024-07-20 00:38:00,2024,7,20,0,38,Saturday,00:38,Suspected Serious Injury,Dark-Lighted,Clear,Curb,None,KINGSPORT POLICE DEPARTMENT,Other,-,-,-,-,-,-,-,-,-,-,-,Motorcyclist,-,Sullivan,Kingsport,7
8960,300966892,0,2,35.06057,-90.05946,4,2024-07-19 23:41:00,2024,7,19,23,41,Friday,23:41,Suspected Serious Injury,Dark-Not Lighted,Clear,Motor Vehicle-In-Transport On Same Roadway,None,MEMPHIS POLICE DEPT,Other,Unbelted,-,-,-,-,-,-,-,-,-,-,-,-,Shelby,Memphis,6
8979,300966971,0,4,35.09972,-89.87033,4,2024-07-19 19:48:00,2024,7,19,19,48,Friday,19:48,Suspected Serious Injury,Dark-Lighted,Clear,Parked Motor Vehicle,None,MEMPHIS POLICE DEPT,Other,Unbelted,-,Drinking,Drug,-,-,-,-,Other_NM,-,-,-,-,Shelby,Memphis,6
8982,300966976,0,1,35.144863,-90.05154,4,2024-07-19 12:00:00,2024,7,19,12,0,Friday,12:00,Suspected Serious Injury,Daylight,Clear,Motor Vehicle-In-Transport On Same Roadway,None,MEMPHIS POLICE DEPT,Other,Unbelted,-,-,-,-,-,-,-,-,-,-,-,-,Shelby,Memphis,6
8995,300967016,1,0,35.094666,-89.87043,4,2024-07-21 04:12:00,2024,7,21,4,12,Sunday,04:12,Fatal,Dark-Lighted,Clear,Guard Rail Face,None,MEMPHIS POLICE DEPT,Other,Unbelted,-,Drinking,Drug,-,-,-,-,-,-,-,-,-,Shelby,Memphis,1
8998,300967025,0,4,35.057144,-89.932495,4,2024-07-19 10:29:00,2024,7,19,10,29,Friday,10:29,Suspected Serious Injury,Daylight,Clear,Motor Vehicle-In-Transport On Same Roadway,None,MEMPHIS POLICE DEPT,Other,Unbelted,-,-,-,-,-,-,-,-,-,ATV_Involved,-,-,Shelby,Memphis,6
9017,300967122,0,1,35.149532,-84.88261,2,2024-07-22 00:03:00,2024,7,22,0,3,Monday,00:03,Suspected Serious Injury,Dark-Unknown Lighting,Clear,Motor Vehicle-In-Transport On Same Roadway,None,CLEVELAND POLICE DEPT,Other,Unbelted,-,-,-,-,-,-,-,-,-,-,-,-,Bradley,Cleveland,2
9034,300967223,1,0,35.21236,-89.92312,4,2024-07-22 16:18:00,2024,7,22,16,18,Monday,16:18,Fatal,Daylight,Clear,Motor Vehicle-In-Transport On Same Roadway,None,MEMPHIS POLICE DEPT,Other,Unbelted,-,-,Drug,-,-,-,-,-,-,-,Motorcyclist,-,Shelby,Memphis,2
9039,300967273,0,2,35.027897,-89.795766,4,2024-07-12 20:10:00,2024,7,12,20,10,Friday,20:10,Suspected Serious Injury,Daylight,Clear,Motor Vehicle-In-Transport On Same Roadway,None,SHELBY CO SHERIFFS DEPT,Other,Unbelted,-,-,-,-,-,-,-,-,-,-,-,-,Shelby,Not in City Limit,6
9040,300967280,0,1,35.339947,-89.87061,4,2024-07-22 00:00:00,2024,7,22,24,0,Monday,24:00,Suspected Serious Injury,Daylight,Clear,Fence,None,MILLINGTON POLICE DEPT,Other,Unbelted,-,-,-,-,-,-,-,-,-,-,-,-,Shelby,Millington,2
9042,300967297,0,2,35.083454,-90.02569,4,2024-07-23 06:40:00,2024,7,23,6,40,Tuesday,06:40,Suspected Serious Injury,Dusk,Rain,Motor Vehicle-In-Transport On Same Roadway,None,MEMPHIS POLICE DEPT,Other,Unbelted,-,-,-,-,-,-,-,-,-,-,-,-,Shelby,Memphis,3
9059,300967401,0,1,35.005814,-89.864395,4,2024-07-23 15:30:00,2024,7,23,15,30,Tuesday,15:30,Suspected Serious Injury,Daylight,Clear,Motor Vehicle-In-Transport On Same Roadway,None,MEMPHIS POLICE DEPT,Other,Unbelted,-,-,-,-,-,-,-,-,-,ATV_Involved,-,-,Shelby,Memphis,3
9064,300967438,0,1,35.15863,-90.02266,4,2024-07-23 23:45:00,2024,7,23,23,45,Tuesday,23:45,Suspected Serious Injury,Dark-Lighted,Clear,Pedestrian,None,MEMPHIS POLICE DEPT,Other,-,-,-,-,-,-,-,Pedestrian,-,-,-,-,-,Shelby,Memphis,3
9067,300967453,0,1,36.313457,-82.42553,5,2024-07-23 01:40:00,2024,7,23,1,40,Tuesday,01:40,Suspected Serious Injury,Dark-Not Lighted,Clear,"Over Turn, Roll Over",None,JOHNSON CITY POLICE DEPT,Other,Unbelted,-,Drinking,-,-,-,-,-,-,-,-,-,-,Washington,Johnson City,3
9105,300967655,0,1,35.021027,-90.00244,4,2024-07-25 14:00:00,2024,7,25,14,0,Thursday,14:00,Suspected Serious Injury,Daylight,Cloudy,Concrete Traffic Barrier,None,MEMPHIS POLICE DEPT,Other,Unbelted,-,-,-,-,-,-,-,-,-,-,-,-,Shelby,Memphis,5
9115,300967703,0,4,35.199635,-84.84226,2,2024-07-25 18:25:00,2024,7,25,18,25,Thursday,18:25,Suspected Serious Injury,Daylight,Clear,Motor Vehicle-In-Transport On Same Roadway,None,CLEVELAND POLICE DEPT,Other,Unbelted,-,-,-,-,-,-,-,-,-,-,-,-,Bradley,Cleveland,5
9126,300967740,0,4,36.52989,-82.583494,5,2024-07-25 14:05:00,2024,7,25,14,5,Thursday,14:05,Suspected Serious Injury,Daylight,Cloudy,Motor Vehicle-In-Transport On Same Roadway,None,KINGSPORT POLICE DEPARTMENT,Other,Unbelted,-,-,-,-,-,-,-,-,-,-,-,-,Hawkins,Kingsport,5
9131,300967752,1,1,35.004402,-90.10827,4,2024-07-26 06:12:00,2024,7,26,6,12,Friday,06:12,Fatal,Daylight,Rain,Utility Pole,None,MEMPHIS POLICE DEPT,Other,Unbelted,-,-,-,-,-,-,-,-,-,-,-,-,Shelby,Memphis,6
9157,300967936,0,3,35.02075,-89.95456,4,2024-07-27 15:00:00,2024,7,27,15,0,Saturday,15:00,Suspected Serious Injury,Daylight,Clear,Motor Vehicle-In-Transport On Same Roadway,None,MEMPHIS POLICE DEPT,Other,Unbelted,-,-,-,-,-,-,-,-,-,-,-,-,Shelby,Memphis,7
9179,300968121,0,2,35.006159,-89.830606,4,2024-07-28 21:39:00,2024,7,28,21,39,Sunday,21:39,Suspected Serious Injury,Dark-Not Lighted,Clear,Motor Vehicle-In-Transport On Same Roadway,None,SHELBY CO SHERIFFS DEPT,Other,Unbelted,-,-,-,-,-,-,-,-,-,-,-,-,Shelby,Memphis,1
9233,300968447,1,0,35.038504,-89.917171,4,2024-07-31 05:45:00,2024,7,31,5,45,Wednesday,05:45,Fatal,Daylight,Clear,Pedestrian,None,MEMPHIS POLICE DEPT,Other,-,-,-,-,-,-,-,Pedestrian,-,-,-,-,-,Shelby,Memphis,4
9250,300968527,0,1,35.192802,-89.92614,4,2024-07-31 19:20:00,2024,7,31,19,20,Wednesday,19:20,Suspected Serious Injury,Dark-Lighted,Clear,Motor Vehicle-In-Transport On Same Roadway,None,MEMPHIS POLICE DEPT,Other,Unbelted,-,-,-,-,-,-,-,-,-,-,-,-,Shelby,Memphis,4
9254,300968559,0,1,35.175114,-89.83643,4,2024-07-31 23:07:00,2024,7,31,23,7,Wednesday,23:07,Suspected Serious Injury,Dark-Lighted,Clear,Motor Vehicle-In-Transport On Same Roadway,None,MEMPHIS POLICE DEPT,Other,Unbelted,-,-,-,-,-,-,-,-,-,-,Motorcyclist,-,Shelby,Memphis,4
9261,300968596,0,1,35.081375,-89.99929,4,2024-07-31 10:00:00,2024,7,31,10,0,Wednesday,10:00,Suspected Serious Injury,Daylight,Clear,Curb,None,MEMPHIS POLICE DEPT,Other,Unbelted,-,-,-,-,-,-,-,-,-,-,-,-,Shelby,Memphis,4
9282,300968711,0,3,35.055653,-90.068954,4,2024-08-01 02:31:00,2024,8,1,2,31,Thursday,02:31,Suspected Serious Injury,Dark-Lighted,Clear,Motor Vehicle-In-Transport On Same Roadway,None,MEMPHIS POLICE DEPT,Other,Unbelted,-,-,Drug,-,-,-,-,-,-,-,-,-,Shelby,Memphis,5
9284,300968733,1,0,35.066376,-90.06794,4,2024-08-01 12:05:00,2024,8,1,12,5,Thursday,12:05,Fatal,Daylight,Clear,Curb,None,MEMPHIS POLICE DEPT,Other,Unbelted,Distracted,-,-,-,Speeding,-,-,-,-,ATV_Involved,-,-,Shelby,Memphis,5
9293,300968771,3,4,35.02905,-89.86635,4,2024-07-28 20:01:00,2024,7,28,20,1,Sunday,20:01,Fatal,Dawn,Clear,Motor Vehicle-In-Transport On Same Roadway,None,MEMPHIS POLICE DEPT,Other,Unbelted,-,-,-,-,-,-,-,-,-,-,-,-,Shelby,Memphis,1
9308,300968837,1,0,35.153732,-89.96689,4,2024-08-02 14:13:00,2024,8,2,14,13,Friday,14:13,Fatal,Daylight,Clear,Railway Train,None,MEMPHIS POLICE DEPT,Other,Unbelted,-,-,-,-,-,-,-,-,-,-,-,-,Shelby,Memphis,6
9312,300968856,0,1,35.243095,-89.92586,4,2024-07-31 08:40:00,2024,7,31,8,40,Wednesday,08:40,Suspected Serious Injury,Daylight,Clear,Motor Vehicle-In-Transport On Same Roadway,None,MEMPHIS POLICE DEPT,Other,Unbelted,-,-,-,-,-,-,-,-,-,-,Motorcyclist,-,Shelby,Memphis,4
9335,300968971,0,1,35.177002,-89.943535,4,2024-07-30 21:12:00,2024,7,30,21,12,Tuesday,21:12,Suspected Serious Injury,Unknown,Clear,Other Non-Fixed Object,None,MEMPHIS POLICE DEPT,Other,-,-,-,-,-,-,-,-,-,-,-,Motorcyclist,-,Shelby,Memphis,3
9340,300968986,0,1,35.191666,-90.00798,4,2024-07-24 07:50:00,2024,7,24,7,50,Wednesday,07:50,Suspected Serious Injury,Daylight,Cloudy,Other Non-Collision,None,MEMPHIS POLICE DEPT,Other,-,-,-,-,-,-,-,-,-,-,-,Motorcyclist,-,Shelby,Memphis,4
9349,300969024,1,0,35.166473,-84.82509,2,2024-08-03 18:45:00,2024,8,3,18,45,Saturday,18:45,Fatal,Daylight,Clear,Motor Vehicle-In-Transport On Same Roadway,None,CLEVELAND POLICE DEPT,Other,Unbelted,-,Drinking,Drug,-,-,-,-,-,-,-,Motorcyclist,-,Bradley,Cleveland,7
9358,300969086,0,1,36.23006,-82.920494,5,2024-08-04 13:45:00,2024,8,4,13,45,Sunday,13:45,Suspected Serious Injury,Daylight,Clear,Standing Tree,None,GREENE CO SHERIFFS DEPT,Other,Unbelted,-,-,-,-,-,-,-,-,-,-,-,-,Greene,Not in City Limit,1
9363,300969107,0,1,36.27227,-82.387566,5,2024-08-04 17:36:00,2024,8,4,17,36,Sunday,17:36,Suspected Serious Injury,Daylight,Clear,Embankment Earth,None,WASHINGTON CO SHERIFFS DEPT,Other,Unbelted,-,-,-,-,-,-,-,-,-,-,-,-,Washington,Johnson City,1
9381,300969190,0,1,35.257077,-89.771653,4,2024-08-04 00:03:00,2024,8,4,0,3,Sunday,00:03,Suspected Serious Injury,Dark-Lighted,Clear,Other Non-Collision,None,BARTLETT POLICE DEPT,Other,Unbelted,-,-,-,-,-,-,-,-,-,-,-,-,Shelby,Bartlett,1
9387,300969234,0,1,35.157516,-89.85943,4,2024-08-05 11:05:00,2024,8,5,11,5,Monday,11:05,Suspected Serious Injury,Daylight,Clear,Motor Vehicle-In-Transport On Same Roadway,None,MEMPHIS POLICE DEPT,Other,Unbelted,-,-,-,-,-,-,-,-,-,-,-,-,Shelby,Memphis,2
9400,300969278,0,1,35.16373,-90.0367,4,2024-08-05 16:30:00,2024,8,5,16,30,Monday,16:30,Suspected Serious Injury,Daylight,Clear,Motor Vehicle-In-Transport On Same Roadway,None,MEMPHIS POLICE DEPT,Other,Unbelted,-,-,-,-,-,-,-,-,-,ATV_Involved,-,-,Shelby,Memphis,2
9403,300969294,0,1,36.310997,-82.45694,5,2024-08-05 00:00:00,2024,8,5,24,0,Monday,24:00,Suspected Serious Injury,Unknown,Clear,Ditch,None,WASHINGTON CO SHERIFFS DEPT,Other,-,-,-,-,-,-,-,-,-,-,-,Motorcyclist,-,Washington,Jonesborough,2
9433,300969439,1,0,35.02061,-89.93113,4,2024-08-06 18:00:00,2024,8,6,18,0,Tuesday,18:00,Fatal,Daylight,Clear,Motor Vehicle-In-Transport On Same Roadway,None,MEMPHIS POLICE DEPT,Other,Unbelted,-,-,-,-,Speeding,-,-,-,-,ATV_Involved,Motorcyclist,-,Shelby,Memphis,3
9451,300969592,0,1,35.35466,-89.896645,4,2024-08-07 21:00:00,2024,8,7,21,0,Wednesday,21:00,Suspected Serious Injury,Dark-Lighted,Clear,Pedal-Cycle,None,MILLINGTON POLICE DEPT,Other,Unbelted,-,-,-,-,-,Pedalcyclist,-,-,-,-,-,-,Shelby,Millington,4
9472,300969689,0,1,35.108366,-90.06292,4,2024-08-07 06:27:00,2024,8,7,6,27,Wednesday,06:27,Suspected Serious Injury,Dawn,Clear,Utility Pole,None,MEMPHIS POLICE DEPT,Other,Unbelted,-,-,-,-,-,-,-,-,-,ATV_Involved,-,-,Shelby,Memphis,4
9484,300969745,0,1,35.168007,-89.86424,4,2024-08-07 21:10:00,2024,8,7,21,10,Wednesday,21:10,Suspected Serious Injury,Dark-Lighted,Clear,Pedestrian,None,MEMPHIS POLICE DEPT,Other,Unbelted,-,-,-,-,-,-,Pedestrian,-,-,-,-,-,Shelby,Memphis,4
9486,300969755,0,1,36.578662,-87.437357,3,2024-08-08 21:24:00,2024,8,8,21,24,Thursday,21:24,Suspected Serious Injury,Dark-Lighted,Clear,Pedestrian,None,CLARKSVILLE POLICE DEPT,Other,Unbelted,-,-,-,-,-,-,Pedestrian,-,-,-,-,-,Montgomery,Clarksville,5
9517,300969934,0,3,35.244072,-89.94688,4,2024-08-09 12:00:00,2024,8,9,12,0,Friday,12:00,Suspected Serious Injury,Daylight,Clear,Motor Vehicle-In-Transport On Same Roadway,None,MEMPHIS POLICE DEPT,Other,Unbelted,-,-,-,-,-,-,-,-,-,-,-,-,Shelby,Memphis,6
9533,300970031,0,1,35.07989,-89.931335,4,2024-08-07 21:00:00,2024,8,7,21,0,Wednesday,21:00,Suspected Serious Injury,Daylight,Clear,Motor Vehicle-In-Transport On Same Roadway,None,MEMPHIS POLICE DEPT,Other,Unbelted,-,-,-,-,-,-,-,-,-,-,-,-,Shelby,Memphis,4
9534,300970032,0,1,35.076344,-89.93149,4,2024-08-10 20:54:00,2024,8,10,20,54,Saturday,20:54,Suspected Serious Injury,Dark-Lighted,Clear,Motor Vehicle-In-Transport On Same Roadway,None,MEMPHIS POLICE DEPT,Other,Unbelted,-,-,-,-,-,-,-,-,-,-,-,-,Shelby,Memphis,7
9538,300970051,0,1,35.035515,-90.0901,4,2024-08-10 23:19:00,2024,8,10,23,19,Saturday,23:19,Suspected Serious Injury,Dark-Lighted,Clear,Standing Tree,None,MEMPHIS POLICE DEPT,Other,Unbelted,-,-,-,-,-,-,-,-,-,-,-,-,Shelby,Memphis,7
9558,300970125,0,1,35.078857,-90.055725,4,2024-08-11 02:15:00,2024,8,11,2,15,Sunday,02:15,Suspected Serious Injury,Dark-Lighted,Clear,Concrete Traffic Barrier,None,MEMPHIS POLICE DEPT,Other,Unbelted,-,-,-,-,-,-,-,-,-,-,-,-,Shelby,Memphis,1
9565,300970145,1,2,35.06245,-89.90822,4,2024-08-11 02:04:00,2024,8,11,2,4,Sunday,02:04,Fatal,Dark-Lighted,Clear,Motor Vehicle-In-Transport On Same Roadway,None,MEMPHIS POLICE DEPT,Other,Unbelted,-,Drinking,Drug,-,-,-,-,-,-,-,-,-,Shelby,Memphis,1
9588,300970232,0,4,35.061405,-90.01951,4,2024-08-03 16:00:00,2024,8,3,16,0,Saturday,16:00,Suspected Serious Injury,Daylight,Clear,Guard Rail Face,None,MEMPHIS POLICE DEPT,Other,Unbelted,-,-,-,-,-,-,-,-,-,-,-,-,Shelby,Memphis,7
9601,300970300,0,1,36.425816,-82.316864,5,2024-08-12 23:15:00,2024,8,12,23,15,Monday,23:15,Suspected Serious Injury,Dark-Lighted,Clear,Pedal-Cycle,None,JOHNSON CITY POLICE DEPT,Other,Unbelted,-,-,-,-,-,Pedalcyclist,-,-,-,-,-,-,Sullivan,Piney Flats,2
9603,300970303,0,1,35.104996,-89.97768,4,2024-08-10 22:19:00,2024,8,10,22,19,Saturday,22:19,Suspected Serious Injury,Dark-Unknown Lighting,Clear,Pedestrian,None,MEMPHIS POLICE DEPT,Other,Unbelted,-,-,-,-,-,-,Pedestrian,-,-,-,-,-,Shelby,Memphis,7
9604,300970306,1,0,35.13782,-90.02203,4,2024-08-12 23:05:00,2024,8,12,23,5,Monday,23:05,Fatal,Dark-Not Lighted,Clear,Pedestrian,None,MEMPHIS POLICE DEPT,Other,Unbelted,-,-,-,-,-,-,Pedestrian,-,-,-,-,-,Shelby,Memphis,2
9654,300970616,0,2,35.031,-89.8002,4,2024-08-13 05:10:00,2024,8,13,5,10,Tuesday,05:10,Suspected Serious Injury,Dark-Not Lighted,Clear,Motor Vehicle-In-Transport On Same Roadway,None,SHELBY CO SHERIFFS DEPT,Other,Unbelted,-,-,-,-,-,-,-,-,-,-,-,-,Shelby,Not in City Limit,3
9658,300970637,0,1,35.00787,-89.90909,4,2024-08-14 19:00:00,2024,8,14,19,0,Wednesday,19:00,Suspected Serious Injury,Daylight,Clear,Utility Pole,None,MEMPHIS POLICE DEPT,Other,Unbelted,-,-,-,-,-,-,-,-,-,-,-,-,Shelby,Memphis,4
9668,300970709,1,1,35.011417,-90.09724,4,2024-08-15 13:13:00,2024,8,15,13,13,Thursday,13:13,Fatal,Daylight,Clear,Motor Vehicle-In-Transport On Same Roadway,None,MEMPHIS POLICE DEPT,Other,Unbelted,-,-,-,-,Speeding,-,-,-,-,-,-,-,Shelby,Memphis,5