OBJECTID,MRN,Fatality,Injury,Latitude,Longitude,THP_District,Collision_Date,Collision_Year,Collision_Month,Collision_Day,Collision_Hour,Collision_Min,Collision_DOW,Collision_Time,Crash_Type,Light_Condition,Weather,First_Harmfu_Event,Work_Zone_Type,Agency_Name,THP,Unbelted,Distracted_Driver,Driver_Drinking,Driver_Drugged,Drowsy_Driver,Speeding_Involved,Pedalcyclist,Pedestrian,Other_Nonmotorist,ATV_Involved,LargeTruck_Involved,Motorcycle_Involved,SchoolBus,County,City,DOW_Nmb
9676,300970769,1,0,35.25916,-89.92945,4,2024-08-16 09:23:00,2024,8,16,9,23,Friday,09:23,Fatal,Daylight,Clear,Motor Vehicle-In-Transport On Same Roadway,None,MEMPHIS POLICE DEPT,Other,Unbelted,-,-,-,-,-,-,-,-,-,-,-,-,Shelby,Memphis,6
9677,300970770,0,1,35.064396,-90.05854,4,2024-08-16 07:10:00,2024,8,16,7,10,Friday,07:10,Suspected Serious Injury,Daylight,Clear,Pedal-Cycle,None,MEMPHIS POLICE DEPT,Other,Unbelted,-,-,-,-,-,Pedalcyclist,-,-,-,ATV_Involved,-,-,Shelby,Memphis,6
9687,300970824,0,2,35.34127,-89.88848,4,2024-08-16 14:40:00,2024,8,16,14,40,Friday,14:40,Suspected Serious Injury,Daylight,Clear,Motor Vehicle-In-Transport On Same Roadway,None,MILLINGTON POLICE DEPT,Other,Unbelted,-,-,-,-,-,-,-,-,-,-,-,-,Shelby,Millington,6
9695,300970867,0,1,35.14318,-90.0071,4,2024-08-17 01:05:00,2024,8,17,1,5,Saturday,01:05,Suspected Serious Injury,Dark-Lighted,Clear,Pedestrian,None,MEMPHIS POLICE DEPT,Other,-,-,-,-,-,-,-,Pedestrian,-,-,-,-,-,Shelby,Memphis,7
9701,300970885,0,1,35.221397,-89.96972,4,2024-08-17 00:35:00,2024,8,17,0,35,Saturday,00:35,Suspected Serious Injury,Dark-Lighted,Clear,"Over Turn, Roll Over",None,MEMPHIS POLICE DEPT,Other,Unbelted,-,-,-,-,-,-,-,-,-,-,-,-,Shelby,Memphis,7
9714,300970987,0,1,35.044334,-89.84331,4,2024-08-17 02:35:00,2024,8,17,2,35,Saturday,02:35,Suspected Serious Injury,Dark-Lighted,Clear,Motor Vehicle-In-Transport On Same Roadway,None,MEMPHIS POLICE DEPT,Other,Unbelted,-,-,-,-,-,-,-,-,-,-,-,-,Shelby,Memphis,7
9716,300970993,0,1,35.026134,-90.00717,4,2024-08-17 00:01:00,2024,8,17,0,1,Saturday,00:01,Suspected Serious Injury,Dark-Lighted,Clear,Motor Vehicle-In-Transport On Same Roadway,None,MEMPHIS POLICE DEPT,Other,Unbelted,-,Drinking,-,-,-,-,-,-,-,-,-,-,Shelby,Memphis,7
9718,300971002,0,1,35.091476,-89.977516,4,2024-08-17 22:54:00,2024,8,17,22,54,Saturday,22:54,Suspected Serious Injury,Dark-Lighted,Clear,"Over Turn, Roll Over",None,MEMPHIS POLICE DEPT,Other,Unbelted,-,-,-,-,Speeding,-,-,-,-,-,-,-,Shelby,Memphis,7
9721,300971008,0,1,35.091835,-89.908585,4,2024-08-17 22:03:00,2024,8,17,22,3,Saturday,22:03,Suspected Serious Injury,Dark-Lighted,Clear,Pedestrian,None,MEMPHIS POLICE DEPT,Other,Unbelted,-,-,-,-,-,-,Pedestrian,-,-,-,-,-,Shelby,Memphis,7
9723,300971011,0,1,35.04702,-90.083275,4,2024-08-17 20:43:00,2024,8,17,20,43,Saturday,20:43,Suspected Serious Injury,Dark-Lighted,Clear,Motor Vehicle-In-Transport On Same Roadway,None,MEMPHIS POLICE DEPT,Other,Unbelted,-,-,-,-,-,-,-,-,-,-,Motorcyclist,-,Shelby,Memphis,7
9725,300971014,0,3,36.323368,-82.35079,5,2024-08-18 03:04:00,2024,8,18,3,4,Sunday,03:04,Suspected Serious Injury,Dark-Not Lighted,Clear,Bridge Rail,None,JOHNSON CITY POLICE DEPT,Other,Unbelted,-,-,-,-,-,-,-,-,-,ATV_Involved,-,-,Washington,Johnson City,1
9729,300971040,0,5,35.160104,-89.727475,4,2024-08-18 00:15:00,2024,8,18,0,15,Sunday,00:15,Suspected Serious Injury,Dark-Not Lighted,Clear,Motor Vehicle-In-Transport On Same Roadway,None,SHELBY CO SHERIFFS DEPT,Other,Unbelted,-,-,-,-,Speeding,-,-,-,-,-,-,-,Shelby,Not in City Limit,1
9735,300971060,0,2,35.02074,-89.94472,4,2024-08-18 05:00:00,2024,8,18,5,0,Sunday,05:00,Suspected Serious Injury,Dawn,Clear,Motor Vehicle-In-Transport On Same Roadway,None,MEMPHIS POLICE DEPT,Other,Unbelted,-,-,-,-,-,-,-,-,-,-,-,-,Shelby,Memphis,1
9737,300971080,0,1,35.218019,-89.752149,4,2024-08-11 14:10:00,2024,8,11,14,10,Sunday,14:10,Suspected Serious Injury,Daylight,Clear,Mail Box,None,BARTLETT POLICE DEPT,Other,Unbelted,-,-,-,-,-,-,-,-,-,-,-,-,Shelby,Bartlett,1
9745,300971111,0,2,35.217893,-89.858192,4,2024-07-21 22:20:00,2024,7,21,22,20,Sunday,22:20,Suspected Serious Injury,Dark-Lighted,Clear,Pedestrian,None,BARTLETT POLICE DEPT,Other,Unbelted,-,Drinking,-,-,-,-,Pedestrian,-,-,-,-,-,Shelby,Bartlett,1
9751,300971130,0,2,35.153458,-89.88818,4,2024-08-18 06:05:00,2024,8,18,6,5,Sunday,06:05,Suspected Serious Injury,Dawn,Clear,Motor Vehicle-In-Transport On Same Roadway,None,MEMPHIS POLICE DEPT,Other,Unbelted,-,-,-,-,-,-,-,-,-,-,-,-,Shelby,Memphis,1
9766,300971180,1,2,35.135088,-89.848645,4,2024-08-19 07:14:00,2024,8,19,7,14,Monday,07:14,Fatal,Daylight,Clear,Motor Vehicle-In-Transport On Same Roadway,None,MEMPHIS POLICE DEPT,Other,Unbelted,-,-,-,-,-,-,-,-,-,-,-,-,Shelby,Memphis,2
9774,300971192,0,5,35.239094,-89.95104,4,2024-08-18 18:50:00,2024,8,18,18,50,Sunday,18:50,Suspected Serious Injury,Dark-Not Lighted,Clear,Motor Vehicle-In-Transport On Same Roadway,None,MEMPHIS POLICE DEPT,Other,Unbelted,-,-,-,-,-,-,-,-,-,-,-,-,Shelby,Memphis,1
9788,300971277,0,2,35.147312,-89.96132,4,2024-08-19 15:45:00,2024,8,19,15,45,Monday,15:45,Suspected Serious Injury,Daylight,Clear,Motor Vehicle-In-Transport On Same Roadway,None,MEMPHIS POLICE DEPT,Other,Unbelted,-,-,-,-,-,-,-,-,-,-,-,-,Shelby,Memphis,2
9798,300971299,0,2,35.078274,-89.90699,4,2024-08-19 22:55:00,2024,8,19,22,55,Monday,22:55,Suspected Serious Injury,Dark-Lighted,Clear,Motor Vehicle-In-Transport On Same Roadway,None,MEMPHIS POLICE DEPT,Other,Unbelted,-,-,-,-,-,-,-,-,-,ATV_Involved,-,-,Shelby,Memphis,2
9816,300971400,0,1,35.361645,-89.89023,4,2024-08-20 06:30:00,2024,8,20,6,30,Tuesday,06:30,Suspected Serious Injury,Daylight,Clear,Motor Vehicle-In-Transport On Same Roadway,None,MILLINGTON POLICE DEPT,Other,Unbelted,-,-,-,-,-,-,-,-,-,-,Motorcyclist,-,Shelby,Millington,3
9835,300971467,3,6,35.034974,-89.847674,4,2024-08-20 22:06:00,2024,8,20,22,6,Tuesday,22:06,Fatal,Dark-Lighted,Clear,Motor Vehicle-In-Transport On Same Roadway,None,MEMPHIS POLICE DEPT,Other,Unbelted,-,-,-,-,-,-,-,-,-,-,-,-,Shelby,Memphis,3
9837,300971474,0,1,36.631467,-87.286603,3,2024-08-20 06:01:00,2024,8,20,6,1,Tuesday,06:01,Suspected Serious Injury,Dawn,Clear,Motor Vehicle-In-Transport On Same Roadway,None,CLARKSVILLE POLICE DEPT,Other,Unbelted,-,-,-,-,-,-,-,-,-,-,Motorcyclist,-,Montgomery,Clarksville,3
9838,300971475,0,1,36.534128,-87.342011,3,2024-08-20 10:05:00,2024,8,20,10,5,Tuesday,10:05,Suspected Serious Injury,Daylight,Clear,Motor Vehicle-In-Transport On Same Roadway,None,CLARKSVILLE POLICE DEPT,Other,Unbelted,-,-,-,-,-,-,-,-,-,-,Motorcyclist,-,Montgomery,Clarksville,3
9842,300971487,0,1,35.109524,-89.888245,4,2024-08-20 11:15:00,2024,8,20,11,15,Tuesday,11:15,Suspected Serious Injury,Daylight,Clear,Motor Vehicle-In-Transport On Same Roadway,None,MEMPHIS POLICE DEPT,Other,Unbelted,-,-,-,-,-,-,-,-,-,-,-,-,Shelby,Memphis,3
9855,300971607,0,2,35.05013,-89.866018,4,2024-08-21 20:30:00,2024,8,21,20,30,Wednesday,20:30,Suspected Serious Injury,Dark-Lighted,Clear,Motor Vehicle-In-Transport On Same Roadway,None,MEMPHIS POLICE DEPT,Other,Unbelted,-,-,-,-,-,-,-,-,-,-,-,-,Shelby,Memphis,4
9857,300971612,0,1,35.212795,-84.86847,2,2024-08-19 02:39:00,2024,8,19,2,39,Monday,02:39,Suspected Serious Injury,Dark-Lighted,Clear,Motor Vehicle-In-Transport On Same Roadway,None,CLEVELAND POLICE DEPT,Other,Unbelted,Distracted,-,-,-,-,-,-,-,-,-,Motorcyclist,-,Bradley,Cleveland,2
9861,300971618,0,1,35.04134,-90.00392,4,2024-08-21 01:34:00,2024,8,21,1,34,Wednesday,01:34,Suspected Serious Injury,Dark-Lighted,Clear,Other Fixed Object,None,MEMPHIS POLICE DEPT,Other,Unbelted,-,-,-,-,-,-,-,-,-,-,-,-,Shelby,Memphis,4
9862,300971619,1,0,35.819423,-84.266635,1,2024-08-21 22:04:00,2024,8,21,22,4,Wednesday,22:04,Fatal,Dark-Lighted,Clear,Pedestrian,None,LENOIR CITY POLICE DEPT,Other,Unbelted,-,-,-,-,-,-,Pedestrian,-,-,-,-,-,Loudon,Lenoir City,4
9889,300971766,0,4,35.07458,-89.90182,4,2024-08-22 16:32:00,2024,8,22,16,32,Thursday,16:32,Suspected Serious Injury,Daylight,Clear,Motor Vehicle-In-Transport On Same Roadway,None,MEMPHIS POLICE DEPT,Other,Unbelted,-,-,-,-,-,-,-,-,-,-,-,-,Shelby,Memphis,5
9906,300971844,1,0,35.170155,-89.97783,4,2024-08-22 20:30:00,2024,8,22,20,30,Thursday,20:30,Fatal,Dark-Lighted,Clear,Pedestrian,None,MEMPHIS POLICE DEPT,Other,Unbelted,-,-,-,-,-,-,Pedestrian,-,-,-,-,-,Shelby,Memphis,5
9916,300971887,0,3,35.10122,-89.84003,4,2024-08-23 14:35:00,2024,8,23,14,35,Friday,14:35,Suspected Serious Injury,Daylight,Clear,Motor Vehicle-In-Transport On Same Roadway,None,MEMPHIS POLICE DEPT,Other,Unbelted,-,Drinking,-,-,-,-,-,-,-,-,-,-,Shelby,Memphis,6
9921,300971897,0,1,35.243717,-89.92593,4,2024-08-23 20:15:00,2024,8,23,20,15,Friday,20:15,Suspected Serious Injury,Dark-Lighted,Clear,Pedestrian,None,MEMPHIS POLICE DEPT,Other,Unbelted,-,-,-,-,-,-,Pedestrian,-,-,-,-,-,Shelby,Memphis,6
9930,300971945,1,0,35.020615,-89.924805,4,2024-08-24 07:45:00,2024,8,24,7,45,Saturday,07:45,Fatal,Daylight,Clear,Motor Vehicle-In-Transport On Same Roadway,None,MEMPHIS POLICE DEPT,Other,Unbelted,-,Drinking,Drug,-,-,-,-,-,-,ATV_Involved,-,-,Shelby,Memphis,7
9939,300972001,0,1,35.137287,-90.02113,4,2024-08-24 19:38:00,2024,8,24,19,38,Saturday,19:38,Suspected Serious Injury,Dark-Lighted,Clear,Pedestrian,None,MEMPHIS POLICE DEPT,Other,-,-,-,-,-,-,-,Pedestrian,-,-,-,-,-,Shelby,Memphis,7
9941,300972003,0,1,35.111546,-90.02173,4,2024-08-24 21:55:00,2024,8,24,21,55,Saturday,21:55,Suspected Serious Injury,Dark-Not Lighted,Clear,Pedestrian,None,MEMPHIS POLICE DEPT,Other,Unbelted,-,-,-,-,-,-,Pedestrian,-,-,-,-,-,Shelby,Memphis,7
9965,300972137,1,1,35.151814,-90.04047,4,2024-08-24 01:00:00,2024,8,24,1,0,Saturday,01:00,Fatal,Dark-Lighted,Clear,Pedestrian,None,MEMPHIS POLICE DEPT,Other,Unbelted,-,-,-,-,-,-,Pedestrian,-,-,-,-,-,Shelby,Memphis,7
9966,300972138,0,1,35.145733,-90.05133,4,2024-08-24 01:13:00,2024,8,24,1,13,Saturday,01:13,Suspected Serious Injury,Dark-Lighted,Clear,Curb,None,MEMPHIS POLICE DEPT,Other,Unbelted,-,-,-,-,-,-,-,-,-,-,-,-,Shelby,Memphis,7
9973,300972163,1,0,36.593438,-87.386222,3,2024-08-22 18:34:00,2024,8,22,18,34,Thursday,18:34,Fatal,Daylight,Clear,Motor Vehicle-In-Transport On Same Roadway,None,CLARKSVILLE POLICE DEPT,Other,Unbelted,-,-,-,-,Speeding,-,-,-,-,-,Motorcyclist,-,Montgomery,Clarksville,5
9974,300972167,0,1,36.633278,-87.424051,3,2024-08-23 20:53:00,2024,8,23,20,53,Friday,20:53,Suspected Serious Injury,Dark-Lighted,Clear,Utility Pole,None,CLARKSVILLE POLICE DEPT,Other,Unbelted,-,-,-,-,-,-,-,-,-,-,-,-,Montgomery,Clarksville,6
10010,300972344,1,0,35.15281,-84.89515,2,2024-08-26 16:06:00,2024,8,26,16,6,Monday,16:06,Fatal,Daylight,Clear,Pedal-Cycle,None,CLEVELAND POLICE DEPT,Other,Unbelted,-,-,-,-,-,Pedalcyclist,-,-,-,-,-,-,Bradley,Cleveland,2
10022,300972403,0,3,35.087982,-89.964165,4,2024-08-27 15:48:00,2024,8,27,15,48,Tuesday,15:48,Suspected Serious Injury,Daylight,Clear,Motor Vehicle-In-Transport On Same Roadway,None,MEMPHIS POLICE DEPT,Other,Unbelted,-,-,-,-,-,-,-,-,-,-,-,-,Shelby,Memphis,3
10027,300972424,0,2,35.057884,-90.08113,4,2024-08-26 00:00:00,2024,8,26,0,0,Monday,00:00,Suspected Serious Injury,Dark-Lighted,Clear,Motor Vehicle-In-Transport On Same Roadway,None,MEMPHIS POLICE DEPT,Other,Unbelted,-,-,-,-,-,-,-,-,-,-,Motorcyclist,-,Shelby,Memphis,2
10032,300972433,0,2,35.066883,-89.843575,4,2024-08-23 21:50:00,2024,8,23,21,50,Friday,21:50,Suspected Serious Injury,Dark-Lighted,Clear,Pedestrian,None,MEMPHIS POLICE DEPT,Other,Unbelted,-,-,-,-,-,-,Pedestrian,-,-,-,-,-,Shelby,Memphis,6
10034,300972436,0,1,35.087689,-89.931496,4,2024-08-27 20:20:00,2024,8,27,20,20,Tuesday,20:20,Suspected Serious Injury,Dark-Lighted,Clear,Pedestrian,None,MEMPHIS POLICE DEPT,Other,Unbelted,-,-,-,-,-,-,Pedestrian,-,-,-,-,-,Shelby,Memphis,3
10037,300972447,0,1,36.312717,-82.38331,5,2024-08-27 21:41:00,2024,8,27,21,41,Tuesday,21:41,Suspected Serious Injury,Dark-Lighted,Clear,Pedestrian,None,JOHNSON CITY POLICE DEPT,Other,Unbelted,-,-,-,-,-,-,Pedestrian,-,-,-,-,-,Washington,Johnson City,3
10062,300972566,0,1,36.592994,-82.188867,5,2024-06-22 13:26:00,2024,6,22,13,26,Saturday,13:26,Suspected Serious Injury,Daylight,Clear,Curb,None,BRISTOL POLICE DEPT,Other,Unbelted,-,-,-,-,-,-,-,-,-,-,-,-,Sullivan,Bristol,7
10067,300972597,0,1,35.050297,-89.87499,4,2024-08-28 15:35:00,2024,8,28,15,35,Wednesday,15:35,Suspected Serious Injury,Daylight,Clear,Motor Vehicle-In-Transport On Same Roadway,None,MEMPHIS POLICE DEPT,Other,Unbelted,-,-,-,-,-,-,-,-,-,-,-,-,Shelby,Memphis,4
10077,300972675,1,1,35.10761,-89.95605,4,2024-08-29 02:06:00,2024,8,29,2,6,Thursday,02:06,Fatal,Dark-Lighted,Clear,Motor Vehicle-In-Transport On Same Roadway,None,MEMPHIS POLICE DEPT,Other,Unbelted,-,-,-,-,-,-,-,-,-,-,-,-,Shelby,Memphis,5
10084,300972723,0,1,36.591375,-87.432025,3,2024-08-27 15:51:00,2024,8,27,15,51,Tuesday,15:51,Suspected Serious Injury,Daylight,Clear,Pedestrian,None,CLARKSVILLE POLICE DEPT,Other,Unbelted,-,-,-,-,-,-,Pedestrian,-,-,-,-,-,Montgomery,Clarksville,3
10085,300972734,0,1,35.1869,-89.81215,4,2024-08-29 06:30:00,2024,8,29,6,30,Thursday,06:30,Suspected Serious Injury,Daylight,Clear,Embankment Earth,None,MEMPHIS POLICE DEPT,Other,-,-,-,-,-,-,-,-,-,-,-,Motorcyclist,-,Shelby,Memphis,5
10098,300972833,0,1,35.006207,-89.95456,4,2024-08-29 05:40:00,2024,8,29,5,40,Thursday,05:40,Suspected Serious Injury,Dawn,Clear,Fell/Jumped From Vehicle,None,MEMPHIS POLICE DEPT,Other,-,-,-,-,-,-,-,-,-,-,-,Motorcyclist,-,Shelby,Memphis,5
10105,300972875,1,0,36.551188,-87.391371,3,2024-08-30 00:05:00,2024,8,30,0,5,Friday,00:05,Fatal,Dark-Lighted,Clear,Ran Off Road-Left,None,CLARKSVILLE POLICE DEPT,Other,-,-,Drinking,Drug,-,-,-,-,-,-,-,Motorcyclist,-,Montgomery,Clarksville,6
10156,300973123,0,4,35.174885,-90.0359,4,2024-08-31 02:00:00,2024,8,31,2,0,Saturday,02:00,Suspected Serious Injury,Dark-Lighted,Clear,Building,None,MEMPHIS POLICE DEPT,Other,Unbelted,-,-,-,-,-,-,-,-,-,-,-,-,Shelby,Memphis,7
10160,300973133,1,0,35.109688,-90.02922,4,2024-09-01 00:12:00,2024,9,1,0,12,Sunday,00:12,Fatal,Dark-Lighted,Clear,Motor Vehicle-In-Transport On Same Roadway,None,MEMPHIS POLICE DEPT,Other,Unbelted,-,-,-,-,-,-,-,-,-,-,-,-,Shelby,Memphis,1
10173,300973181,0,2,36.13706,-82.74338,5,2024-08-31 16:22:00,2024,8,31,16,22,Saturday,16:22,Suspected Serious Injury,Daylight,Severe Cross-Winds,Embankment Earth,None,GREENE CO SHERIFFS DEPT,Other,-,-,-,-,-,-,-,-,-,-,-,Motorcyclist,-,Greene,Not in City Limit,7
10174,300973186,0,1,36.327496,-82.33683,5,2024-08-31 15:50:00,2024,8,31,15,50,Saturday,15:50,Suspected Serious Injury,Daylight,Clear,Curb,None,JOHNSON CITY POLICE DEPT,Other,-,-,-,-,-,-,-,-,-,-,-,Motorcyclist,-,Washington,Johnson City,7
10176,300973193,0,2,35.162758,-89.95598,4,2024-09-01 06:00:00,2024,9,1,6,0,Sunday,06:00,Suspected Serious Injury,Dawn,Clear,Motor Vehicle-In-Transport On Same Roadway,None,MEMPHIS POLICE DEPT,Other,Unbelted,-,Drinking,-,-,-,-,-,-,-,-,-,-,Shelby,Memphis,1
10178,300973198,2,0,36.18449,-82.76701,5,2024-09-01 14:45:00,2024,9,1,14,45,Sunday,14:45,Fatal,Daylight,Clear,Motor Vehicle-In-Transport On Same Roadway,None,GREENEVILLE POLICE DEPT,Other,Unbelted,-,-,-,-,-,-,-,-,-,-,-,-,Greene,Greeneville,1
10188,300973219,0,2,35.107445,-90.03765,4,2024-09-01 17:15:00,2024,9,1,17,15,Sunday,17:15,Suspected Serious Injury,Daylight,Rain,Utility Pole,None,MEMPHIS POLICE DEPT,Other,Unbelted,-,-,-,-,Speeding,-,-,-,-,-,-,-,Shelby,Memphis,1
10200,300973258,0,1,35.130943,-89.86757,4,2024-09-02 02:00:00,2024,9,2,2,0,Monday,02:00,Suspected Serious Injury,Dark-Lighted,Clear,Motor Vehicle-In-Transport On Same Roadway,None,MEMPHIS POLICE DEPT,Other,Unbelted,-,Drinking,-,-,-,-,-,-,-,-,-,-,Shelby,Memphis,2
10210,300973320,0,2,35.174595,-89.97438,4,2024-09-02 12:00:00,2024,9,2,12,0,Monday,12:00,Suspected Serious Injury,Daylight,Clear,Motor Vehicle-In-Transport On Same Roadway,None,MEMPHIS POLICE DEPT,Other,Unbelted,-,-,-,-,-,-,-,-,-,-,-,-,Shelby,Memphis,2
10215,300973349,0,2,35.02142,-90.02042,4,2024-09-02 18:17:00,2024,9,2,18,17,Monday,18:17,Suspected Serious Injury,Daylight,Clear,Motor Vehicle-In-Transport On Same Roadway,None,MEMPHIS POLICE DEPT,Other,Unbelted,-,-,-,-,-,-,-,-,-,-,-,-,Shelby,Memphis,2
10223,300973371,0,1,35.174175,-89.96229,4,2024-09-02 23:07:00,2024,9,2,23,7,Monday,23:07,Suspected Serious Injury,Dark-Lighted,Clear,Motor Vehicle-In-Transport On Same Roadway,None,MEMPHIS POLICE DEPT,Other,Unbelted,-,-,-,-,-,-,-,-,-,ATV_Involved,-,-,Shelby,Memphis,2
10224,300973373,0,1,36.585825,-87.392046,3,2024-09-02 20:03:00,2024,9,2,20,3,Monday,20:03,Suspected Serious Injury,Dark-Lighted,Clear,Motor Vehicle-In-Transport On Same Roadway,None,CLARKSVILLE POLICE DEPT,Other,Unbelted,-,-,-,-,-,-,-,-,-,-,Motorcyclist,-,Montgomery,Clarksville,2
10226,300973387,0,1,36.504014,-87.32083,3,2024-09-03 02:30:00,2024,9,3,2,30,Tuesday,02:30,Suspected Serious Injury,Dark-Not Lighted,Clear,Pedal-Cycle,None,CLARKSVILLE POLICE DEPT,Other,Unbelted,-,-,-,-,-,Pedalcyclist,-,-,-,-,-,-,Montgomery,Clarksville,3
10228,300973400,0,1,36.239365,-82.53953,5,2024-08-31 11:56:00,2024,8,31,11,56,Saturday,11:56,Suspected Serious Injury,Daylight,Clear,Utility Pole,None,WASHINGTON CO SHERIFFS DEPT,Other,Unbelted,-,-,-,-,-,-,-,-,-,-,-,-,Washington,Telford,7
10234,300973425,1,0,36.541073,-87.364626,3,2024-09-02 20:20:00,2024,9,2,20,20,Monday,20:20,Fatal,Dark-Lighted,Clear,Curb,None,CLARKSVILLE POLICE DEPT,Other,-,-,-,-,-,Speeding,-,-,-,-,-,Motorcyclist,-,Montgomery,Clarksville,2
10238,300973445,0,1,35.006386,-89.98584,4,2024-09-03 09:13:00,2024,9,3,9,13,Tuesday,09:13,Suspected Serious Injury,Daylight,Clear,Standing Tree,None,MEMPHIS POLICE DEPT,Other,Unbelted,-,-,-,-,-,-,-,-,-,-,-,-,Shelby,Memphis,3
10280,300973700,0,1,36.582124,-87.297358,3,2024-09-04 00:15:00,2024,9,4,0,15,Wednesday,00:15,Suspected Serious Injury,Dark-Not Lighted,Clear,Motor Vehicle-In-Transport On Same Roadway,None,CLARKSVILLE POLICE DEPT,Other,Unbelted,-,-,-,-,-,-,-,-,-,-,Motorcyclist,-,Montgomery,Clarksville,4
10288,300973747,0,1,35.365757,-89.739942,4,2024-09-03 07:35:00,2024,9,3,7,35,Tuesday,07:35,Suspected Serious Injury,Daylight,Clear,Embankment Earth,None,SHELBY CO SHERIFFS DEPT,Other,Unbelted,-,-,-,-,-,-,-,-,-,-,-,-,Shelby,Not in City Limit,3
10289,300973748,1,1,35.147663,-90.050352,4,2024-08-13 08:25:00,2024,8,13,8,25,Tuesday,08:25,Fatal,Daylight,Clear,Motor Vehicle-In-Transport On Same Roadway,None,SHELBY CO SHERIFFS DEPT,Other,Unbelted,-,-,-,-,-,-,-,-,-,-,-,-,Shelby,Not in City Limit,3
10291,300973759,0,1,36.13805,-82.85044,5,2024-09-05 11:23:00,2024,9,5,11,23,Thursday,11:23,Suspected Serious Injury,Daylight,Clear,Motor Vehicle-In-Transport On Same Roadway,None,GREENEVILLE POLICE DEPT,Other,Unbelted,Distracted,-,-,-,-,-,-,-,-,-,-,-,Greene,Greeneville,5
10319,300973916,0,4,35.375225,-89.755813,4,2024-08-30 23:09:00,2024,8,30,23,9,Friday,23:09,Suspected Serious Injury,Dark-Not Lighted,Clear,Motor Vehicle-In-Transport On Same Roadway,None,SHELBY CO SHERIFFS DEPT,Other,Unbelted,-,-,-,-,-,-,-,-,-,-,-,-,Shelby,Not in City Limit,6
10348,300974058,0,1,36.597235,-87.285626,3,2024-09-06 19:00:00,2024,9,6,19,0,Friday,19:00,Suspected Serious Injury,Dusk,Clear,Motor Vehicle-In-Transport On Same Roadway,None,CLARKSVILLE POLICE DEPT,Other,Unbelted,-,-,-,-,-,-,-,-,-,-,-,-,Montgomery,Clarksville,6
10370,300974134,0,3,35.020397,-89.848694,4,2024-09-07 14:12:00,2024,9,7,14,12,Saturday,14:12,Suspected Serious Injury,Daylight,Clear,Motor Vehicle-In-Transport On Same Roadway,None,MEMPHIS POLICE DEPT,Other,Unbelted,-,-,-,-,-,-,-,-,-,-,-,-,Shelby,Memphis,7
10385,300974199,2,1,35.361927,-89.89081,4,2024-08-22 15:49:00,2024,8,22,15,49,Thursday,15:49,Fatal,Daylight,Clear,Motor Vehicle-In-Transport On Same Roadway,None,MILLINGTON POLICE DEPT,Other,Unbelted,-,-,-,-,-,-,-,-,-,-,-,-,Shelby,Millington,5
10387,300974208,1,2,35.076736,-89.97277,4,2024-09-08 00:50:00,2024,9,8,0,50,Sunday,00:50,Fatal,Dark-Lighted,Clear,Motor Vehicle-In-Transport On Same Roadway,None,MEMPHIS POLICE DEPT,Other,Unbelted,-,Drinking,-,-,-,-,-,-,-,-,-,-,Shelby,Memphis,1
10390,300974213,1,2,35.163914,-89.86537,4,2024-09-08 02:18:00,2024,9,8,2,18,Sunday,02:18,Fatal,Dark-Lighted,Clear,Parked Motor Vehicle,None,MEMPHIS POLICE DEPT,Other,Unbelted,-,Drinking,-,-,-,-,Pedestrian,-,-,-,-,-,Shelby,Memphis,1
10396,300974260,0,2,35.05121,-89.897125,4,2024-09-07 23:00:00,2024,9,7,23,0,Saturday,23:00,Suspected Serious Injury,Dark-Lighted,Clear,Motor Vehicle-In-Transport On Same Roadway,None,MEMPHIS POLICE DEPT,Other,Unbelted,-,-,-,-,-,-,-,-,-,-,-,-,Shelby,Memphis,7
10413,300974332,0,1,36.604417,-87.414491,3,2024-09-08 18:53:00,2024,9,8,18,53,Sunday,18:53,Suspected Serious Injury,Daylight,Clear,Fell/Jumped From Vehicle,None,CLARKSVILLE POLICE DEPT,Other,-,-,-,-,-,-,-,-,-,-,-,Motorcyclist,-,Montgomery,Clarksville,1
10415,300974337,0,2,35.079453,-90.05734,4,2024-09-09 04:30:00,2024,9,9,4,30,Monday,04:30,Suspected Serious Injury,Dark-Lighted,Clear,Bridge Rail,None,MEMPHIS POLICE DEPT,Other,Unbelted,-,-,-,-,-,-,-,-,-,-,-,-,Shelby,Memphis,2
10416,300974342,0,3,36.50083,-86.88189,3,2024-09-06 07:58:00,2024,9,6,7,58,Friday,07:58,Suspected Serious Injury,Daylight,Clear,Motor Vehicle-In-Transport On Same Roadway,None,SPRINGFIELD POLICE DEPT,Other,Unbelted,-,-,-,-,-,-,-,-,-,-,-,-,Robertson,Springfield,6
10418,300974346,1,1,36.506242,-87.363753,3,2024-09-05 21:30:00,2024,9,5,21,30,Thursday,21:30,Fatal,Dark-Not Lighted,Clear,Motor Vehicle-In-Transport On Same Roadway,None,CLARKSVILLE POLICE DEPT,Other,Unbelted,-,Drinking,Drug,-,-,-,-,-,-,-,-,-,Montgomery,Clarksville,5
10452,300974608,0,1,35.075428,-89.93197,4,2024-09-10 05:44:00,2024,9,10,5,44,Tuesday,05:44,Suspected Serious Injury,Dawn,Clear,Pedestrian,None,MEMPHIS POLICE DEPT,Other,Unbelted,-,-,-,-,-,-,Pedestrian,-,-,-,-,-,Shelby,Memphis,3
10460,300974662,0,2,36.578838,-87.409943,3,2024-09-10 18:37:00,2024,9,10,18,37,Tuesday,18:37,Suspected Serious Injury,Dark-Lighted,Clear,Motor Vehicle-In-Transport On Same Roadway,None,CLARKSVILLE POLICE DEPT,Other,Unbelted,-,-,-,-,-,-,-,-,-,-,-,-,Montgomery,Clarksville,3
10510,300974883,1,0,35.056423,-89.96591,4,2024-09-12 10:27:00,2024,9,12,10,27,Thursday,10:27,Fatal,Daylight,Rain,Motor Vehicle-In-Transport On Same Roadway,None,MEMPHIS POLICE DEPT,Other,Unbelted,-,-,Drug,-,-,-,-,-,-,ATV_Involved,-,-,Shelby,Memphis,5