OBJECTID,MRN,Fatality,Injury,Latitude,Longitude,THP_District,Collision_Date,Collision_Year,Collision_Month,Collision_Day,Collision_Hour,Collision_Min,Collision_DOW,Collision_Time,Crash_Type,Light_Condition,Weather,First_Harmfu_Event,Work_Zone_Type,Agency_Name,THP,Unbelted,Distracted_Driver,Driver_Drinking,Driver_Drugged,Drowsy_Driver,Speeding_Involved,Pedalcyclist,Pedestrian,Other_Nonmotorist,ATV_Involved,LargeTruck_Involved,Motorcycle_Involved,SchoolBus,County,City,DOW_Nmb
10539,300975040,0,2,35.206905,-89.97537,4,2024-09-13 10:00:00,2024,9,13,10,0,Friday,10:00,Suspected Serious Injury,Daylight,Rain,Curb,None,MEMPHIS POLICE DEPT,Other,Unbelted,-,-,-,-,-,-,-,-,-,-,-,-,Shelby,Memphis,6
10559,300975158,0,1,35.019917,-90.02595,4,2024-09-13 19:12:00,2024,9,13,19,12,Friday,19:12,Suspected Serious Injury,Dark-Lighted,Rain,Pedestrian,None,MEMPHIS POLICE DEPT,Other,Unbelted,-,-,-,-,-,-,Pedestrian,-,-,-,-,-,Shelby,Memphis,6
10581,300975278,0,1,35.164803,-89.946724,4,2024-09-14 19:28:00,2024,9,14,19,28,Saturday,19:28,Suspected Serious Injury,Unknown,Clear,Pedestrian,None,MEMPHIS POLICE DEPT,Other,Unbelted,-,-,-,-,-,-,Pedestrian,-,-,-,-,-,Shelby,Memphis,7
10587,300975306,0,1,36.563013,-87.312543,3,2024-09-14 21:25:00,2024,9,14,21,25,Saturday,21:25,Suspected Serious Injury,Dark-Lighted,Rain,Motor Vehicle-In-Transport On Same Roadway,None,CLARKSVILLE POLICE DEPT,Other,Unbelted,-,-,-,-,-,-,-,-,-,-,-,-,Montgomery,Clarksville,7
10589,300975314,0,1,36.563644,-87.312871,3,2024-09-14 22:10:00,2024,9,14,22,10,Saturday,22:10,Suspected Serious Injury,Dark-Lighted,Other,Motor Vehicle-In-Transport On Same Roadway,None,CLARKSVILLE POLICE DEPT,Other,Unbelted,-,-,-,-,-,-,-,-,-,-,-,-,Montgomery,Clarksville,7
10629,300975518,0,1,35.206566,-84.840515,2,2024-09-16 10:32:00,2024,9,16,10,32,Monday,10:32,Suspected Serious Injury,Daylight,Clear,Motor Vehicle-In-Transport On Same Roadway,None,CLEVELAND POLICE DEPT,Other,Unbelted,-,-,-,-,-,-,-,-,-,-,Motorcyclist,-,Bradley,Cleveland,2
10644,300975596,1,1,35.0492,-89.84397,4,2024-09-15 03:10:00,2024,9,15,3,10,Sunday,03:10,Fatal,Dark-Lighted,Rain,Motor Vehicle-In-Transport On Same Roadway,None,MEMPHIS POLICE DEPT,Other,Unbelted,-,Drinking,-,-,-,-,-,-,-,-,-,-,Shelby,Memphis,1
10660,300975673,1,0,35.09189,-89.99505,4,2024-09-17 06:09:00,2024,9,17,6,9,Tuesday,06:09,Fatal,Dark-Lighted,Clear,Motor Vehicle-In-Transport On Same Roadway,None,MEMPHIS POLICE DEPT,Other,Unbelted,-,-,-,-,-,-,-,-,-,ATV_Involved,-,-,Shelby,Memphis,3
10681,300975790,1,0,35.15641,-89.91144,4,2024-09-17 18:58:00,2024,9,17,18,58,Tuesday,18:58,Fatal,Dark-Lighted,Clear,Motor Vehicle-In-Transport On Same Roadway,None,MEMPHIS POLICE DEPT,Other,Unbelted,-,-,-,-,-,-,-,-,-,-,Motorcyclist,-,Shelby,Memphis,3
10689,300975815,0,1,35.02104,-89.98982,4,2024-09-17 05:00:00,2024,9,17,5,0,Tuesday,05:00,Suspected Serious Injury,Dark-Lighted,Clear,Motor Vehicle-In-Transport On Same Roadway,None,MEMPHIS POLICE DEPT,Other,Unbelted,-,-,-,-,-,-,-,-,-,-,-,-,Shelby,Memphis,3
10705,300975894,0,2,36.170074,-82.873985,5,2024-09-18 13:44:00,2024,9,18,13,44,Wednesday,13:44,Suspected Serious Injury,Daylight,Clear,Motor Vehicle-In-Transport On Same Roadway,None,GREENEVILLE POLICE DEPT,Other,Unbelted,-,-,-,-,-,-,-,-,-,-,-,-,Greene,Greeneville,4
10709,300975930,0,1,35.07132,-89.905914,4,2024-09-18 17:01:00,2024,9,18,17,1,Wednesday,17:01,Suspected Serious Injury,Daylight,Clear,Motor Vehicle-In-Transport On Same Roadway,None,MEMPHIS POLICE DEPT,Other,Unbelted,-,-,-,-,-,-,-,-,-,-,-,-,Shelby,Memphis,4
10712,300975938,0,1,35.19199,-90.007965,4,2024-09-18 16:37:00,2024,9,18,16,37,Wednesday,16:37,Suspected Serious Injury,Daylight,Clear,Motor Vehicle-In-Transport On Same Roadway,None,MEMPHIS POLICE DEPT,Other,Unbelted,-,-,Drug,-,-,-,-,-,-,-,Motorcyclist,-,Shelby,Memphis,4
10726,300975983,0,1,35.37375,-89.87777,4,2024-09-17 12:15:00,2024,9,17,12,15,Tuesday,12:15,Suspected Serious Injury,Daylight,Clear,Motor Vehicle-In-Transport On Same Roadway,None,MILLINGTON POLICE DEPT,Other,Unbelted,-,-,-,-,-,-,-,-,-,-,-,-,Shelby,Millington,3
10729,300976006,0,2,35.035027,-89.79585,4,2024-09-13 14:00:00,2024,9,13,14,0,Friday,14:00,Suspected Serious Injury,Daylight,Rain,Motor Vehicle-In-Transport On Same Roadway,None,SHELBY CO SHERIFFS DEPT,Other,Unbelted,-,-,-,-,-,-,-,-,-,-,-,-,Shelby,Not in City Limit,6
10738,300976060,0,1,35.1367,-90.019356,4,2024-09-11 19:30:00,2024,9,11,19,30,Wednesday,19:30,Suspected Serious Injury,Dark-Not Lighted,Clear,Pedestrian,None,MEMPHIS POLICE DEPT,Other,-,-,-,-,-,-,-,Pedestrian,-,-,-,-,-,Shelby,Memphis,4
10755,300976160,1,1,35.08247,-89.89432,4,2024-09-19 23:12:00,2024,9,19,23,12,Thursday,23:12,Fatal,Dark-Not Lighted,Clear,Standing Tree,None,MEMPHIS POLICE DEPT,Other,Unbelted,-,Drinking,Drug,-,Speeding,-,-,-,-,-,-,-,Shelby,Memphis,5
10758,300976165,0,2,35.19199,-90.007965,4,2024-09-18 11:23:00,2024,9,18,11,23,Wednesday,11:23,Suspected Serious Injury,Daylight,Clear,Motor Vehicle-In-Transport On Same Roadway,None,MEMPHIS POLICE DEPT,Other,Unbelted,-,-,-,-,-,-,-,-,-,ATV_Involved,-,-,Shelby,Memphis,4
10773,300976293,1,0,35.06626,-90.06234,4,2024-09-20 16:08:00,2024,9,20,16,8,Friday,16:08,Fatal,Daylight,Clear,Motor Vehicle-In-Transport On Same Roadway,None,MEMPHIS POLICE DEPT,Other,Unbelted,-,-,-,-,Speeding,-,-,-,-,-,Motorcyclist,-,Shelby,Memphis,6
10778,300976307,0,2,35.16898,-89.94744,4,2024-09-20 19:42:00,2024,9,20,19,42,Friday,19:42,Suspected Serious Injury,Dark-Lighted,Clear,Luminaire Light Support,None,MEMPHIS POLICE DEPT,Other,Unbelted,-,-,-,-,-,-,-,-,-,-,-,-,Shelby,Memphis,6
10780,300976316,0,1,35.197346,-89.998856,4,2024-09-20 18:47:00,2024,9,20,18,47,Friday,18:47,Suspected Serious Injury,Dark-Not Lighted,Clear,Standing Tree,None,MEMPHIS POLICE DEPT,Other,Unbelted,-,-,-,-,-,-,-,-,-,-,-,-,Shelby,Memphis,6
10786,300976338,0,2,35.12391,-89.9715,4,2024-09-21 00:55:00,2024,9,21,0,55,Saturday,00:55,Suspected Serious Injury,Dark-Not Lighted,Clear,Pedestrian,None,MEMPHIS POLICE DEPT,Other,Unbelted,-,-,-,-,-,-,Pedestrian,-,-,-,-,-,Shelby,Memphis,7
10791,300976363,1,0,35.105145,-89.87494,4,2024-09-21 05:33:00,2024,9,21,5,33,Saturday,05:33,Fatal,Dark-Lighted,Rain,Luminaire Light Support,None,MEMPHIS POLICE DEPT,Other,Unbelted,-,Drinking,-,-,Speeding,-,-,-,-,-,-,-,Shelby,Memphis,7
10796,300976392,0,4,35.220608,-90.02995,4,2024-09-21 12:09:00,2024,9,21,12,9,Saturday,12:09,Suspected Serious Injury,Daylight,Clear,Pedestrian,None,MEMPHIS POLICE DEPT,Other,Unbelted,-,-,-,-,-,-,Pedestrian,-,-,-,-,-,Shelby,Memphis,7
10805,300976437,0,2,35.14337,-89.967255,4,2024-09-21 18:45:00,2024,9,21,18,45,Saturday,18:45,Suspected Serious Injury,Dark-Lighted,Clear,Motor Vehicle-In-Transport On Same Roadway,None,MEMPHIS POLICE DEPT,Other,Unbelted,-,-,-,-,-,-,-,-,-,-,Motorcyclist,-,Shelby,Memphis,7
10807,300976442,0,1,35.191784,-89.933365,4,2024-09-21 18:46:00,2024,9,21,18,46,Saturday,18:46,Suspected Serious Injury,Dusk,Clear,Embankment Earth,None,MEMPHIS POLICE DEPT,Other,-,-,-,-,-,-,-,-,-,-,-,Motorcyclist,-,Shelby,Memphis,7
10811,300976452,0,2,35.051388,-89.837074,4,2024-09-21 14:40:00,2024,9,21,14,40,Saturday,14:40,Suspected Serious Injury,Daylight,Clear,Motor Vehicle-In-Transport On Same Roadway,None,MEMPHIS POLICE DEPT,Other,Unbelted,-,-,-,-,-,-,-,-,-,-,-,-,Shelby,Memphis,7
10816,300976468,2,0,35.078144,-89.907391,4,2024-09-21 02:02:00,2024,9,21,2,2,Saturday,02:02,Fatal,Dark-Lighted,Clear,Motor Vehicle-In-Transport On Same Roadway,None,MEMPHIS POLICE DEPT,Other,Unbelted,-,Drinking,Drug,-,-,-,-,-,-,-,-,-,Shelby,Memphis,7
10832,300976556,0,1,35.163216,-90.03843,4,2024-09-22 19:18:00,2024,9,22,19,18,Sunday,19:18,Suspected Serious Injury,Dark-Lighted,Clear,Motor Vehicle-In-Transport On Same Roadway,None,MEMPHIS POLICE DEPT,Other,Unbelted,-,-,-,-,-,-,-,-,-,-,-,-,Shelby,Memphis,1
10838,300976583,0,1,35.21093,-84.86352,2,2024-09-22 19:26:00,2024,9,22,19,26,Sunday,19:26,Suspected Serious Injury,Dusk,Clear,Motor Vehicle-In-Transport On Same Roadway,None,CLEVELAND POLICE DEPT,Other,Unbelted,-,-,-,-,-,-,-,-,-,-,-,-,Bradley,Cleveland,1
10844,300976607,1,0,36.628638,-87.408155,3,2024-09-09 02:42:00,2024,9,9,2,42,Monday,02:42,Fatal,Dark-Not Lighted,Cloudy,Other Fixed Object,None,CLARKSVILLE POLICE DEPT,Other,-,-,-,-,-,Speeding,-,-,-,-,-,Motorcyclist,-,Montgomery,Clarksville,2
10858,300976680,0,1,35.216858,-84.82899,2,2024-09-19 16:23:00,2024,9,19,16,23,Thursday,16:23,Suspected Serious Injury,Daylight,Clear,Pedestrian,None,CLEVELAND POLICE DEPT,Other,Unbelted,-,-,-,-,-,-,Pedestrian,-,-,-,-,-,Bradley,Cleveland,5
10874,300976729,1,0,35.147797,-90.02086,4,2024-09-23 04:38:00,2024,9,23,4,38,Monday,04:38,Fatal,Dark-Lighted,Clear,Pedestrian,None,MEMPHIS POLICE DEPT,Other,Unbelted,-,-,-,-,-,-,Pedestrian,-,-,-,-,-,Shelby,Memphis,2
10881,300976776,0,2,35.148014,-90.050566,4,2024-09-20 09:45:00,2024,9,20,9,45,Friday,09:45,Suspected Serious Injury,Daylight,Clear,Motor Vehicle-In-Transport On Same Roadway,None,SHELBY CO SHERIFFS DEPT,Other,Unbelted,-,-,-,-,-,-,-,-,-,-,Motorcyclist,-,Shelby,Not in City Limit,6
10896,300976908,1,2,36.170074,-82.873985,5,2024-09-25 08:16:00,2024,9,25,8,16,Wednesday,08:16,Fatal,Daylight,Cloudy,Motor Vehicle-In-Transport On Same Roadway,None,GREENEVILLE POLICE DEPT,Other,Unbelted,-,-,-,-,-,-,-,-,-,-,-,-,Greene,Greeneville,4
10897,300976914,0,1,35.8947,-84.5379,1,2024-09-24 18:46:00,2024,9,24,18,46,Tuesday,18:46,Suspected Serious Injury,Daylight,Cloudy,Other Non-Fixed Object,None,KINGSTON POLICE DEPT,Other,-,-,-,-,-,-,-,-,-,-,-,Motorcyclist,-,Roane,Kingston,3
10898,300976919,0,1,34.994473,-89.83069,4,2024-09-23 06:35:00,2024,9,23,6,35,Monday,06:35,Suspected Serious Injury,Dawn,Clear,Motor Vehicle-In-Transport On Same Roadway,None,SHELBY CO SHERIFFS DEPT,Other,Unbelted,-,-,-,-,-,-,-,-,-,-,-,-,Shelby,Not in City Limit,2
10903,300976938,0,3,35.16399,-89.79354,4,2024-09-19 22:42:00,2024,9,19,22,42,Thursday,22:42,Suspected Serious Injury,Dark-Not Lighted,Clear,Other Post/Pole Support,None,SHELBY CO SHERIFFS DEPT,Other,Unbelted,-,-,-,-,Speeding,-,-,-,-,-,-,-,Shelby,Not in City Limit,5
10904,300976942,0,1,36.329903,-82.33811,5,2024-09-20 17:34:00,2024,9,20,17,34,Friday,17:34,Suspected Serious Injury,Daylight,Clear,Motor Vehicle-In-Transport On Same Roadway,None,JOHNSON CITY POLICE DEPT,Other,Unbelted,-,-,-,-,-,-,-,-,-,-,-,-,Washington,Johnson City,6
10907,300976958,0,2,35.123184,-89.945435,4,2024-09-25 10:51:00,2024,9,25,10,51,Wednesday,10:51,Suspected Serious Injury,Daylight,Clear,Motor Vehicle-In-Transport On Same Roadway,None,MEMPHIS POLICE DEPT,Other,Unbelted,-,-,-,-,-,-,-,-,-,-,Motorcyclist,-,Shelby,Memphis,4
10914,300977025,0,2,35.061043,-90.007225,4,2024-09-25 04:36:00,2024,9,25,4,36,Wednesday,04:36,Suspected Serious Injury,Dawn,Clear,Motor Vehicle-In-Transport On Same Roadway,None,MEMPHIS POLICE DEPT,Other,Unbelted,-,-,-,-,-,-,-,-,-,-,-,-,Shelby,Memphis,4
10916,300977032,0,2,36.17912,-82.80948,5,2024-09-25 06:40:00,2024,9,25,6,40,Wednesday,06:40,Suspected Serious Injury,Dark-Not Lighted,Rain,Motor Vehicle-In-Transport On Same Roadway,None,GREENEVILLE POLICE DEPT,Other,Unbelted,-,-,-,-,-,-,-,-,-,-,-,-,Greene,Greeneville,4
10920,300977075,0,1,35.412211,-89.970096,4,2024-09-21 02:18:00,2024,9,21,2,18,Saturday,02:18,Suspected Serious Injury,Dark-Not Lighted,Clear,Standing Tree,None,SHELBY CO SHERIFFS DEPT,Other,Unbelted,-,-,-,-,-,-,-,-,-,-,-,-,Shelby,Not in City Limit,7
10941,300977218,0,2,35.020382,-89.83125,4,2024-09-27 01:45:00,2024,9,27,1,45,Friday,01:45,Suspected Serious Injury,Dark-Lighted,Clear,Motor Vehicle-In-Transport On Same Roadway,None,MEMPHIS POLICE DEPT,Other,Unbelted,-,-,-,-,-,-,-,-,-,-,-,-,Shelby,Memphis,6
10950,300977278,0,2,35.147435,-90.054021,4,2024-09-12 21:00:00,2024,9,12,21,0,Thursday,21:00,Suspected Serious Injury,Dark-Not Lighted,Rain,Parked Motor Vehicle,None,SHELBY CO SHERIFFS DEPT,Other,Unbelted,-,-,-,-,-,-,-,-,-,ATV_Involved,-,-,Shelby,Not in City Limit,5
10955,300977289,0,1,36.312317,-82.38283,5,2024-09-27 13:18:00,2024,9,27,13,18,Friday,13:18,Suspected Serious Injury,Daylight,Clear,Pedestrian,None,JOHNSON CITY POLICE DEPT,Other,Unbelted,-,-,-,-,-,-,Pedestrian,-,-,-,-,-,Washington,Johnson City,6
10959,300977352,1,0,35.19989,-89.95876,4,2024-09-27 16:52:00,2024,9,27,16,52,Friday,16:52,Fatal,Daylight,Rain,Motor Vehicle-In-Transport On Same Roadway,None,MEMPHIS POLICE DEPT,Other,Unbelted,-,-,Drug,-,-,-,-,-,-,-,-,-,Shelby,Memphis,6
10977,300977438,0,2,35.05067,-89.89171,4,2024-09-28 03:50:00,2024,9,28,3,50,Saturday,03:50,Suspected Serious Injury,Dark-Lighted,Clear,Motor Vehicle-In-Transport On Same Roadway,None,MEMPHIS POLICE DEPT,Other,Unbelted,-,-,-,-,-,-,-,-,-,ATV_Involved,-,-,Shelby,Memphis,7
10980,300977450,0,2,35.079296,-90.057335,4,2024-09-28 01:42:00,2024,9,28,1,42,Saturday,01:42,Suspected Serious Injury,Dark-Lighted,Rain,Standing Tree,None,MEMPHIS POLICE DEPT,Other,Unbelted,-,-,-,-,-,-,-,-,-,-,-,-,Shelby,Memphis,7
10989,300977491,0,1,36.57752,-82.56781,5,2024-09-28 17:27:00,2024,9,28,17,27,Saturday,17:27,Suspected Serious Injury,Daylight,Clear,Motor Vehicle-In-Transport On Same Roadway,None,KINGSPORT POLICE DEPARTMENT,Other,Unbelted,-,-,-,-,-,-,-,-,-,-,Motorcyclist,-,Sullivan,Kingsport,7
11000,300977553,0,1,35.135178,-90.000084,4,2024-09-29 00:00:00,2024,9,29,0,0,Sunday,00:00,Suspected Serious Injury,Unknown,Unknown,Pedestrian,None,MEMPHIS POLICE DEPT,Other,Unbelted,-,-,-,-,-,-,Pedestrian,-,-,-,-,-,Shelby,Memphis,1
11002,300977561,1,0,35.135178,-90.000084,4,2024-09-29 00:48:00,2024,9,29,0,48,Sunday,00:48,Fatal,Dark-Lighted,Clear,Pedestrian,None,MEMPHIS POLICE DEPT,Other,Unbelted,-,-,-,-,-,-,Pedestrian,-,-,-,-,-,Shelby,Memphis,1
11007,300977582,2,0,35.160072,-90.00305,4,2024-09-28 19:34:00,2024,9,28,19,34,Saturday,19:34,Fatal,Dark-Lighted,Clear,Fence,None,MEMPHIS POLICE DEPT,Other,Unbelted,-,-,-,-,-,-,-,-,-,-,-,-,Shelby,Memphis,7
11011,300977591,0,1,35.107944,-89.98516,4,2024-09-29 13:20:00,2024,9,29,13,20,Sunday,13:20,Suspected Serious Injury,Daylight,Rain,Pedestrian,None,MEMPHIS POLICE DEPT,Other,Unbelted,-,-,-,-,-,-,Pedestrian,-,-,-,-,-,Shelby,Memphis,1
11022,300977644,0,6,36.59247,-82.221306,5,2024-09-28 20:18:00,2024,9,28,20,18,Saturday,20:18,Suspected Serious Injury,Dark-Lighted,Clear,Motor Vehicle-In-Transport On Same Roadway,None,BRISTOL POLICE DEPT,Other,Unbelted,-,Drinking,-,-,-,-,-,-,-,-,-,-,Sullivan,Bristol,7
11080,300977983,0,1,35.17683,-84.86231,2,2024-10-01 17:40:00,2024,10,1,17,40,Tuesday,17:40,Suspected Serious Injury,Daylight,Clear,Motor Vehicle-In-Transport On Same Roadway,None,CLEVELAND POLICE DEPT,Other,-,-,-,-,-,-,-,-,-,-,-,Motorcyclist,-,Bradley,Cleveland,3
11106,300978101,0,3,36.531791,-82.503514,5,2024-10-02 09:28:00,2024,10,2,9,28,Wednesday,09:28,Suspected Serious Injury,Daylight,Clear,Motor Vehicle-In-Transport On Same Roadway,None,KINGSPORT POLICE DEPARTMENT,Other,Unbelted,-,Drinking,Drug,-,-,-,-,-,-,ATV_Involved,-,-,Sullivan,Kingsport,4
11124,300978194,0,2,35.075096,-89.89911,4,2024-10-03 12:15:00,2024,10,3,12,15,Thursday,12:15,Suspected Serious Injury,Daylight,Clear,Motor Vehicle-In-Transport On Same Roadway,None,MEMPHIS POLICE DEPT,Other,Unbelted,-,-,-,-,-,-,-,-,-,-,-,-,Shelby,Memphis,5
11128,300978203,0,3,36.505314,-87.370382,3,2024-10-03 09:25:00,2024,10,3,9,25,Thursday,09:25,Suspected Serious Injury,Daylight,Clear,Motor Vehicle-In-Transport On Same Roadway,None,CLARKSVILLE POLICE DEPT,Other,Unbelted,-,-,-,-,-,-,-,-,-,-,-,-,Montgomery,Clarksville,5
11138,300978289,0,2,35.36191,-89.89085,4,2024-10-03 16:00:00,2024,10,3,16,0,Thursday,16:00,Suspected Serious Injury,Daylight,Clear,Motor Vehicle-In-Transport On Same Roadway,None,MILLINGTON POLICE DEPT,Other,Unbelted,-,-,-,-,-,-,-,-,-,-,-,-,Shelby,Millington,5
11145,300978321,0,2,35.167072,-90.01863,4,2024-10-03 04:00:00,2024,10,3,4,0,Thursday,04:00,Suspected Serious Injury,Dark-Not Lighted,Clear,Motor Vehicle-In-Transport On Same Roadway,None,MEMPHIS POLICE DEPT,Other,Unbelted,-,-,-,-,-,-,-,-,-,-,-,-,Shelby,Memphis,5
11146,300978324,0,1,35.051186,-89.91078,4,2024-10-04 02:00:00,2024,10,4,2,0,Friday,02:00,Suspected Serious Injury,Dark-Lighted,Clear,Pedestrian,None,MEMPHIS POLICE DEPT,Other,Unbelted,-,-,-,-,Speeding,-,Pedestrian,-,-,-,-,-,Shelby,Memphis,6
11150,300978357,0,1,35.262755,-89.722225,4,2024-10-02 15:02:00,2024,10,2,15,2,Wednesday,15:02,Suspected Serious Injury,Daylight,Clear,Motor Vehicle-In-Transport On Same Roadway,None,SHELBY CO SHERIFFS DEPT,Other,Unbelted,-,-,-,-,-,-,-,-,-,-,Motorcyclist,-,Shelby,Lakeland,4
11151,300978361,2,1,35.145119,-89.843338,4,2024-09-29 13:55:00,2024,9,29,13,55,Sunday,13:55,Fatal,Daylight,Cloudy,Motor Vehicle-In-Transport On Same Roadway,None,SHELBY CO SHERIFFS DEPT,Other,Unbelted,-,Drinking,Drug,-,Speeding,-,-,-,-,-,-,-,Shelby,Not in City Limit,1
11171,300978434,1,0,36.512468,-87.318326,3,2024-10-04 13:31:00,2024,10,4,13,31,Friday,13:31,Fatal,Daylight,Clear,Motor Vehicle-In-Transport On Same Roadway,None,CLARKSVILLE POLICE DEPT,Other,Unbelted,-,-,-,-,-,-,-,-,-,-,-,-,Montgomery,Clarksville,6
11175,300978459,0,1,35.06182,-90.035965,4,2024-10-03 17:00:00,2024,10,3,17,0,Thursday,17:00,Suspected Serious Injury,Dawn,Clear,Motor Vehicle-In-Transport On Same Roadway,None,MEMPHIS POLICE DEPT,Other,-,-,-,-,-,-,-,-,-,-,-,Motorcyclist,-,Shelby,Memphis,5
11190,300978520,1,0,35.107965,-89.966871,4,2024-10-04 22:18:00,2024,10,4,22,18,Friday,22:18,Fatal,Dark-Lighted,Clear,Pedestrian,None,MEMPHIS POLICE DEPT,Other,-,-,-,-,-,-,-,Pedestrian,-,-,-,-,-,Shelby,Memphis,6
11204,300978589,0,1,35.13647,-90.014465,4,2024-10-04 19:57:00,2024,10,4,19,57,Friday,19:57,Suspected Serious Injury,Dusk,Clear,Pedestrian,None,MEMPHIS POLICE DEPT,Other,Unbelted,-,-,-,-,-,-,Pedestrian,-,-,-,-,-,Shelby,Memphis,6
11217,300978648,0,1,35.11205,-89.984604,4,2024-10-05 13:30:00,2024,10,5,13,30,Saturday,13:30,Suspected Serious Injury,Daylight,Clear,Motor Vehicle-In-Transport On Same Roadway,None,MEMPHIS POLICE DEPT,Other,Unbelted,-,-,-,-,-,-,Pedestrian,-,-,-,-,-,Shelby,Memphis,7
11218,300978652,0,2,35.23122,-89.99352,4,2024-10-05 17:31:00,2024,10,5,17,31,Saturday,17:31,Suspected Serious Injury,Daylight,Clear,Motor Vehicle-In-Transport On Same Roadway,None,MEMPHIS POLICE DEPT,Other,Unbelted,-,-,-,-,-,-,-,-,-,-,-,-,Shelby,Memphis,7
11228,300978695,0,1,35.158936,-89.98421,4,2024-09-27 19:58:00,2024,9,27,19,58,Friday,19:58,Suspected Serious Injury,Dark-Lighted,Rain,Standing Tree,None,MEMPHIS POLICE DEPT,Other,Unbelted,-,-,-,-,-,-,-,-,-,-,-,-,Shelby,Memphis,6
11229,300978707,0,2,35.036858,-89.94359,4,2024-10-05 20:00:00,2024,10,5,20,0,Saturday,20:00,Suspected Serious Injury,Dusk,Clear,Motor Vehicle-In-Transport On Same Roadway,None,MEMPHIS POLICE DEPT,Other,Unbelted,-,-,-,-,-,-,-,-,-,-,-,-,Shelby,Memphis,7
11234,300978727,0,2,36.632637,-87.415171,3,2024-10-05 09:19:00,2024,10,5,9,19,Saturday,09:19,Suspected Serious Injury,Daylight,Clear,Motor Vehicle-In-Transport On Same Roadway,None,CLARKSVILLE POLICE DEPT,Other,Unbelted,-,-,-,-,-,-,-,-,-,-,-,-,Montgomery,Clarksville,7
11235,300978728,0,1,35.209473,-90.032715,4,2024-10-04 11:20:00,2024,10,4,11,20,Friday,11:20,Suspected Serious Injury,Daylight,Clear,Motor Vehicle-In-Transport On Same Roadway,None,MEMPHIS POLICE DEPT,Other,Unbelted,-,-,-,-,-,-,-,-,-,ATV_Involved,-,-,Shelby,Memphis,6
11242,300978743,0,1,35.15307,-89.88861,4,2024-10-03 15:25:00,2024,10,3,15,25,Thursday,15:25,Suspected Serious Injury,Daylight,Clear,Motor Vehicle-In-Transport On Same Roadway,None,MEMPHIS POLICE DEPT,Other,Unbelted,-,-,-,-,-,-,-,-,-,-,-,-,Shelby,Memphis,5
11254,300978790,0,3,36.13976,-82.781944,5,2024-10-04 19:45:00,2024,10,4,19,45,Friday,19:45,Suspected Serious Injury,Dark-Not Lighted,Clear,Ditch,None,GREENE CO SHERIFFS DEPT,Other,-,-,-,-,-,-,-,-,-,-,-,-,-,Greene,Not in City Limit,6
11258,300978812,0,1,35.067696,-89.84294,4,2024-10-07 01:00:00,2024,10,7,1,0,Monday,01:00,Suspected Serious Injury,Dark-Lighted,Clear,Fence,None,MEMPHIS POLICE DEPT,Other,Unbelted,-,-,-,-,-,-,-,-,-,-,-,-,Shelby,Memphis,2
11264,300978834,0,1,35.20434,-89.7777,4,2024-10-07 08:17:00,2024,10,7,8,17,Monday,08:17,Suspected Serious Injury,Daylight,Clear,Pedal-Cycle,None,MEMPHIS POLICE DEPT,Other,Unbelted,-,-,-,-,-,Pedalcyclist,-,-,-,-,-,-,Shelby,Memphis,2
11275,300978895,0,1,35.183918,-89.93281,4,2024-10-07 16:00:00,2024,10,7,16,0,Monday,16:00,Suspected Serious Injury,Daylight,Clear,Motor Vehicle-In-Transport On Same Roadway,None,MEMPHIS POLICE DEPT,Other,Unbelted,-,-,-,-,-,-,-,-,-,-,Motorcyclist,-,Shelby,Memphis,2
11280,300978920,0,2,35.082615,-89.950035,4,2024-10-07 18:30:00,2024,10,7,18,30,Monday,18:30,Suspected Serious Injury,Dark-Lighted,Clear,Motor Vehicle-In-Transport On Same Roadway,None,MEMPHIS POLICE DEPT,Other,Unbelted,-,-,-,-,-,-,-,-,-,-,Motorcyclist,-,Shelby,Memphis,2
11285,300978943,0,1,36.592344,-87.312762,3,2024-10-07 21:40:00,2024,10,7,21,40,Monday,21:40,Suspected Serious Injury,Dark-Not Lighted,Clear,Culvert,None,CLARKSVILLE POLICE DEPT,Other,Unbelted,-,Drinking,-,-,-,-,-,-,-,-,-,-,Montgomery,Clarksville,2
11286,300978951,0,1,36.49924,-86.88207,3,2024-10-04 12:30:00,2024,10,4,12,30,Friday,12:30,Suspected Serious Injury,Daylight,Clear,Pedal-Cycle,None,SPRINGFIELD POLICE DEPT,Other,Unbelted,-,-,-,-,-,Pedalcyclist,-,-,-,-,-,-,Robertson,Springfield,6
11315,300979069,0,3,35.044376,-89.88595,4,2024-10-07 17:50:00,2024,10,7,17,50,Monday,17:50,Suspected Serious Injury,Daylight,Clear,Motor Vehicle-In-Transport On Same Roadway,None,MEMPHIS POLICE DEPT,Other,Unbelted,-,-,-,-,-,-,-,-,-,-,-,-,Shelby,Memphis,2
11322,300979092,2,0,35.08672,-89.931175,4,2024-10-08 02:41:00,2024,10,8,2,41,Tuesday,02:41,Fatal,Dark-Lighted,Clear,Motor Vehicle-In-Transport On Same Roadway,None,MEMPHIS POLICE DEPT,Other,Unbelted,-,-,-,-,Speeding,-,-,-,-,-,-,-,Shelby,Memphis,3
11356,300979289,0,3,36.419693,-82.43442,5,2024-10-09 11:28:00,2024,10,9,11,28,Wednesday,11:28,Suspected Serious Injury,Daylight,Clear,Motor Vehicle-In-Transport On Same Roadway,None,WASHINGTON CO SHERIFFS DEPT,Other,Unbelted,-,-,-,-,-,-,-,-,-,-,-,-,Washington,Johnson City,4
11358,300979309,0,3,35.145645,-89.726295,4,2024-10-06 15:53:00,2024,10,6,15,53,Sunday,15:53,Suspected Serious Injury,Daylight,Clear,Motor Vehicle-In-Transport On Same Roadway,None,SHELBY CO SHERIFFS DEPT,Other,Unbelted,-,-,-,-,-,-,-,-,-,-,-,-,Shelby,Not in City Limit,1
11364,300979346,0,1,35.108894,-90.043976,4,2024-10-10 11:30:00,2024,10,10,11,30,Thursday,11:30,Suspected Serious Injury,Daylight,Clear,Pedal-Cycle,Construction Zone,MEMPHIS POLICE DEPT,Other,-,-,-,-,-,-,Pedalcyclist,-,-,-,-,-,-,Shelby,Memphis,5