OBJECTID,MRN,Fatality,Injury,Latitude,Longitude,THP_District,Collision_Date,Collision_Year,Collision_Month,Collision_Day,Collision_Hour,Collision_Min,Collision_DOW,Collision_Time,Crash_Type,Light_Condition,Weather,First_Harmfu_Event,Work_Zone_Type,Agency_Name,THP,Unbelted,Distracted_Driver,Driver_Drinking,Driver_Drugged,Drowsy_Driver,Speeding_Involved,Pedalcyclist,Pedestrian,Other_Nonmotorist,ATV_Involved,LargeTruck_Involved,Motorcycle_Involved,SchoolBus,County,City,DOW_Nmb
11376,300979412,0,3,36.59711,-87.286384,3,2024-10-09 22:25:00,2024,10,9,22,25,Wednesday,22:25,Suspected Serious Injury,Dark-Lighted,Clear,Motor Vehicle-In-Transport On Same Roadway,None,CLARKSVILLE POLICE DEPT,Other,Unbelted,-,-,-,-,-,-,-,-,-,-,-,-,Montgomery,Clarksville,4
11381,300979436,0,1,35.11604,-90.05522,4,2024-10-10 20:25:00,2024,10,10,20,25,Thursday,20:25,Suspected Serious Injury,Dark-Lighted,Clear,Motor Vehicle-In-Transport On Same Roadway,None,MEMPHIS POLICE DEPT,Other,Unbelted,-,-,-,-,-,-,-,-,-,-,-,-,Shelby,Memphis,5
11391,300979488,0,1,35.146027,-89.96339,4,2024-10-09 17:00:00,2024,10,9,17,0,Wednesday,17:00,Suspected Serious Injury,Daylight,Clear,Pedestrian,None,MEMPHIS POLICE DEPT,Other,Unbelted,-,-,-,-,-,-,Pedestrian,-,-,-,-,-,Shelby,Memphis,4
11426,300979694,1,0,36.312584,-82.3507,5,2024-10-12 21:48:00,2024,10,12,21,48,Saturday,21:48,Fatal,Dark-Not Lighted,Clear,Pedal-Cycle,None,JOHNSON CITY POLICE DEPT,Other,Unbelted,-,Drinking,-,-,-,Pedalcyclist,-,-,-,-,-,-,Washington,Johnson City,7
11428,300979709,1,0,35.117092,-90.021545,4,2024-10-12 21:39:00,2024,10,12,21,39,Saturday,21:39,Fatal,Dark-Lighted,Clear,Utility Pole,None,MEMPHIS POLICE DEPT,Other,Unbelted,-,-,-,-,Speeding,-,-,-,-,-,-,-,Shelby,Memphis,7
11437,300979732,1,0,35.190474,-90.008022,4,2024-10-12 19:11:00,2024,10,12,19,11,Saturday,19:11,Fatal,Dark-Not Lighted,Clear,Motor Vehicle-In-Transport On Same Roadway,None,MEMPHIS POLICE DEPT,Other,Unbelted,-,-,-,-,-,-,-,-,-,-,Motorcyclist,-,Shelby,Memphis,7
11448,300979779,0,2,35.020554,-89.93331,4,2024-10-12 23:35:00,2024,10,12,23,35,Saturday,23:35,Suspected Serious Injury,Dark-Not Lighted,Clear,Motor Vehicle-In-Transport On Same Roadway,None,MEMPHIS POLICE DEPT,Other,Unbelted,-,-,-,-,-,-,-,-,-,-,-,-,Shelby,Memphis,7
11454,300979802,1,0,35.133404,-89.96193,4,2024-10-13 15:26:00,2024,10,13,15,26,Sunday,15:26,Fatal,Daylight,Clear,Utility Pole,None,MEMPHIS POLICE DEPT,Other,Unbelted,-,-,-,-,-,-,-,-,-,-,-,-,Shelby,Memphis,1
11455,300979804,0,1,35.219162,-90.02852,4,2024-10-13 21:45:00,2024,10,13,21,45,Sunday,21:45,Suspected Serious Injury,Dark-Lighted,Clear,Pedestrian,None,MEMPHIS POLICE DEPT,Other,Unbelted,-,-,-,-,-,-,Pedestrian,-,-,-,-,-,Shelby,Memphis,1
11457,300979807,0,3,35.101814,-89.87006,4,2024-10-13 21:24:00,2024,10,13,21,24,Sunday,21:24,Suspected Serious Injury,Dark-Lighted,Clear,Motor Vehicle-In-Transport On Same Roadway,None,MEMPHIS POLICE DEPT,Other,Unbelted,-,-,-,-,-,-,-,-,-,-,-,-,Shelby,Memphis,1
11459,300979812,0,1,35.085995,-89.96237,4,2024-10-13 21:35:00,2024,10,13,21,35,Sunday,21:35,Suspected Serious Injury,Dark-Lighted,Clear,Utility Pole,None,MEMPHIS POLICE DEPT,Other,Unbelted,-,-,-,-,-,-,-,-,-,-,-,-,Shelby,Memphis,1
11462,300979824,1,0,36.388283,-82.34185,5,2024-10-13 20:06:00,2024,10,13,20,6,Sunday,20:06,Fatal,Dark-Not Lighted,Clear,Fell/Jumped From Vehicle,None,WASHINGTON CO SHERIFFS DEPT,Other,-,-,-,-,-,-,-,-,-,-,-,Motorcyclist,-,Washington,Johnson City,1
11463,300979828,0,3,35.09993,-89.85907,4,2024-10-14 00:12:00,2024,10,14,0,12,Monday,00:12,Suspected Serious Injury,Dark-Lighted,Clear,Motor Vehicle-In-Transport On Same Roadway,None,MEMPHIS POLICE DEPT,Other,Unbelted,-,-,-,-,-,-,-,-,-,-,-,-,Shelby,Memphis,2
11464,300979829,1,1,35.17534,-89.83642,4,2024-10-14 00:32:00,2024,10,14,0,32,Monday,00:32,Fatal,Dark-Not Lighted,Clear,Motor Vehicle-In-Transport On Same Roadway,None,MEMPHIS POLICE DEPT,Other,Unbelted,-,-,-,-,-,-,Pedestrian,-,-,-,-,-,Shelby,Memphis,2
11494,300979969,0,2,36.30283,-82.37438,5,2024-10-13 14:51:00,2024,10,13,14,51,Sunday,14:51,Suspected Serious Injury,Daylight,Clear,Fell/Jumped From Vehicle,None,JOHNSON CITY POLICE DEPT,Other,-,-,-,-,-,-,-,-,-,-,-,Motorcyclist,-,Washington,Johnson City,1
11498,300979989,1,0,36.597165,-87.285526,3,2024-10-14 12:02:00,2024,10,14,12,2,Monday,12:02,Fatal,Daylight,Clear,Motor Vehicle-In-Transport On Same Roadway,None,CLARKSVILLE POLICE DEPT,Other,Unbelted,-,-,-,-,Speeding,-,-,-,-,ATV_Involved,Motorcyclist,-,Montgomery,Clarksville,2
11499,300979990,0,3,36.624613,-87.317869,3,2024-10-12 00:15:00,2024,10,12,0,15,Saturday,00:15,Suspected Serious Injury,Dark-Lighted,Clear,Wall,None,CLARKSVILLE POLICE DEPT,Other,Unbelted,-,Drinking,Drug,-,-,-,-,-,-,-,-,-,Montgomery,Clarksville,7
11569,300980467,1,1,35.198715,-90.034805,4,2024-10-17 01:01:00,2024,10,17,1,1,Thursday,01:01,Fatal,Dark-Lighted,Clear,Motor Vehicle-In-Transport On Same Roadway,None,MEMPHIS POLICE DEPT,Other,Unbelted,-,Drinking,Drug,-,-,-,-,-,-,-,-,-,Shelby,Memphis,5
11573,300980495,0,2,35.106922,-90.02924,4,2024-10-18 02:25:00,2024,10,18,2,25,Friday,02:25,Suspected Serious Injury,Dark-Lighted,Clear,Guard Rail Face,None,MEMPHIS POLICE DEPT,Other,Unbelted,-,-,-,-,-,-,-,-,-,ATV_Involved,-,-,Shelby,Memphis,6
11574,300980499,0,1,35.148003,-89.96059,4,2024-10-16 23:49:00,2024,10,16,23,49,Wednesday,23:49,Suspected Serious Injury,Dark-Lighted,Clear,Pedestrian,None,MEMPHIS POLICE DEPT,Other,Unbelted,-,-,-,-,-,-,Pedestrian,-,-,-,-,-,Shelby,Memphis,4
11576,300980509,1,0,35.114505,-89.902893,4,2024-10-17 09:43:00,2024,10,17,9,43,Thursday,09:43,Fatal,Daylight,Clear,Pedestrian,None,MEMPHIS POLICE DEPT,Other,Unbelted,-,-,-,-,-,-,Pedestrian,-,-,-,-,-,Shelby,Memphis,5
11578,300980520,1,0,35.163025,-89.85633,4,2024-10-17 20:35:00,2024,10,17,20,35,Thursday,20:35,Fatal,Dark-Lighted,Clear,Pedestrian,None,MEMPHIS POLICE DEPT,Other,Unbelted,-,-,-,-,-,-,Pedestrian,-,-,-,-,-,Shelby,Memphis,5
11580,300980527,1,0,35.136784,-90.04561,4,2024-10-14 05:07:00,2024,10,14,5,7,Monday,05:07,Fatal,Dark-Lighted,Clear,Unknown,None,MEMPHIS POLICE DEPT,Other,-,-,-,-,-,-,-,Pedestrian,-,-,-,-,-,Shelby,Memphis,2
11587,300980584,1,0,35.053356,-89.98646,4,2024-10-11 20:38:00,2024,10,11,20,38,Friday,20:38,Fatal,Dark-Lighted,Clear,Other Post/Pole Support,None,MEMPHIS POLICE DEPT,Other,Unbelted,-,-,-,-,Speeding,-,-,-,-,-,-,-,Shelby,Memphis,6
11592,300980631,0,1,35.03196,-89.83986,4,2024-10-18 16:35:00,2024,10,18,16,35,Friday,16:35,Suspected Serious Injury,Daylight,Clear,Pedestrian,None,MEMPHIS POLICE DEPT,Other,Unbelted,-,-,-,-,-,-,Pedestrian,-,-,-,-,-,Shelby,Memphis,6
11596,300980648,0,2,35.251778,-89.92941,4,2024-10-18 14:00:00,2024,10,18,14,0,Friday,14:00,Suspected Serious Injury,Daylight,Clear,Motor Vehicle-In-Transport On Same Roadway,None,MEMPHIS POLICE DEPT,Other,Unbelted,-,-,-,-,-,-,-,-,-,-,-,-,Shelby,Memphis,6
11602,300980685,0,2,35.130943,-89.86757,4,2024-10-19 00:44:00,2024,10,19,0,44,Saturday,00:44,Suspected Serious Injury,Dark-Lighted,Clear,Motor Vehicle-In-Transport On Same Roadway,None,MEMPHIS POLICE DEPT,Other,Unbelted,-,-,-,-,-,-,-,-,-,-,-,-,Shelby,Memphis,7
11623,300980773,0,1,35.02035,-89.86624,4,2024-10-19 12:00:00,2024,10,19,12,0,Saturday,12:00,Suspected Serious Injury,Daylight,Clear,Fence,None,MEMPHIS POLICE DEPT,Other,Unbelted,-,-,-,-,-,-,-,-,-,-,-,-,Shelby,Memphis,7
11631,300980816,1,4,35.148598,-89.897896,4,2024-10-17 19:39:00,2024,10,17,19,39,Thursday,19:39,Fatal,Dark-Lighted,Clear,Motor Vehicle-In-Transport On Same Roadway,None,MEMPHIS POLICE DEPT,Other,Unbelted,-,-,-,-,-,-,-,-,-,-,-,-,Shelby,Memphis,5
11633,300980825,0,1,35.153038,-84.895615,2,2024-10-19 17:54:00,2024,10,19,17,54,Saturday,17:54,Suspected Serious Injury,Dawn,Clear,Motor Vehicle-In-Transport On Same Roadway,None,CLEVELAND POLICE DEPT,Other,Unbelted,-,-,-,-,-,-,-,-,-,-,Motorcyclist,-,Bradley,Cleveland,7
11647,300980921,1,0,35.140526,-90.0335,4,2024-10-20 14:14:00,2024,10,20,14,14,Sunday,14:14,Fatal,Daylight,Clear,Pedestrian,None,MEMPHIS POLICE DEPT,Other,Unbelted,-,-,-,-,-,-,Pedestrian,-,-,-,-,-,Shelby,Memphis,1
11661,300980968,1,0,35.206776,-89.904625,4,2024-10-20 00:19:00,2024,10,20,0,19,Sunday,00:19,Fatal,Dark-Lighted,Clear,Curb,None,MEMPHIS POLICE DEPT,Other,Unbelted,-,-,-,-,-,-,-,-,-,-,-,-,Shelby,Memphis,1
11668,300981029,0,1,36.48585,-86.88411,3,2024-10-17 14:20:00,2024,10,17,14,20,Thursday,14:20,Suspected Serious Injury,Daylight,Clear,Motor Vehicle-In-Transport On Same Roadway,None,SPRINGFIELD POLICE DEPT,Other,Unbelted,-,-,-,-,-,-,-,-,-,ATV_Involved,-,-,Robertson,Springfield,5
11679,300981066,0,3,35.18881,-89.81413,4,2024-10-21 12:40:00,2024,10,21,12,40,Monday,12:40,Suspected Serious Injury,Daylight,Clear,Motor Vehicle-In-Transport On Same Roadway,None,MEMPHIS POLICE DEPT,Other,Unbelted,-,-,-,-,-,-,-,-,-,-,-,-,Shelby,Memphis,2
11687,300981110,0,1,35.22417,-89.97555,4,2024-10-21 13:55:00,2024,10,21,13,55,Monday,13:55,Suspected Serious Injury,Daylight,Clear,Ditch,None,MEMPHIS POLICE DEPT,Other,Unbelted,-,-,-,-,-,-,-,-,-,-,-,-,Shelby,Memphis,2
11734,300981334,0,2,35.083385,-89.9539,4,2024-10-22 00:40:00,2024,10,22,0,40,Tuesday,00:40,Suspected Serious Injury,Dark-Lighted,Clear,Motor Vehicle-In-Transport On Same Roadway,None,MEMPHIS POLICE DEPT,Other,Unbelted,-,-,-,-,-,-,-,-,-,-,-,-,Shelby,Memphis,3
11737,300981352,0,1,35.12265,-89.92582,4,2024-10-22 13:53:00,2024,10,22,13,53,Tuesday,13:53,Suspected Serious Injury,Daylight,Clear,Motor Vehicle-In-Transport On Same Roadway,None,MEMPHIS POLICE DEPT,Other,Unbelted,-,-,-,-,-,-,-,-,-,-,-,-,Shelby,Memphis,3
11746,300981433,0,2,36.096422,-86.157251,3,2024-10-22 02:00:00,2024,10,22,2,0,Tuesday,02:00,Suspected Serious Injury,Dark-Not Lighted,Clear,Motor Vehicle-In-Transport On Same Roadway,None,WATERTOWN POLICE DEPT,Other,Unbelted,-,-,-,-,-,-,-,-,-,-,-,-,Wilson,Watertown,3
11756,300981501,0,1,35.144985,-90.026505,4,2024-10-23 21:30:00,2024,10,23,21,30,Wednesday,21:30,Suspected Serious Injury,Dark-Not Lighted,Clear,Pedestrian,None,MEMPHIS POLICE DEPT,Other,-,-,-,-,-,-,-,Pedestrian,-,-,-,-,-,Shelby,Memphis,4
11812,300981820,1,2,36.52134,-82.56141,5,2024-10-25 14:14:00,2024,10,25,14,14,Friday,14:14,Fatal,Daylight,Clear,Motor Vehicle-In-Transport On Same Roadway,None,KINGSPORT POLICE DEPARTMENT,Other,Unbelted,-,-,-,-,Speeding,-,-,-,-,-,-,-,Sullivan,Kingsport,6
11827,300981898,0,3,36.34338,-82.37651,5,2024-10-25 23:34:00,2024,10,25,23,34,Friday,23:34,Suspected Serious Injury,Dark-Lighted,Clear,Motor Vehicle-In-Transport On Same Roadway,None,JOHNSON CITY POLICE DEPT,Other,Unbelted,-,-,-,-,-,-,-,-,-,-,Motorcyclist,-,Washington,Johnson City,6
11829,300981903,1,0,35.217547,-90.003422,4,2024-10-25 22:50:00,2024,10,25,22,50,Friday,22:50,Fatal,Dark-Lighted,Clear,Pedestrian,None,MEMPHIS POLICE DEPT,Other,Unbelted,-,-,-,-,-,-,Pedestrian,-,-,-,-,-,Shelby,Memphis,6
11838,300981958,0,1,35.24356,-89.94674,4,2024-10-26 09:30:00,2024,10,26,9,30,Saturday,09:30,Suspected Serious Injury,Daylight,Clear,Motor Vehicle-In-Transport On Same Roadway,Construction Zone,MEMPHIS POLICE DEPT,Other,Unbelted,-,-,-,-,-,-,-,-,-,-,-,-,Shelby,Memphis,7
11843,300981988,0,2,35.012154,-90.096504,4,2024-10-26 11:08:00,2024,10,26,11,8,Saturday,11:08,Suspected Serious Injury,Daylight,Clear,Building,None,MEMPHIS POLICE DEPT,Other,Unbelted,-,-,-,-,-,-,-,-,-,-,-,-,Shelby,Memphis,7
11864,300982109,2,1,35.017573,-90.091074,4,2024-10-27 02:30:00,2024,10,27,2,30,Sunday,02:30,Fatal,Dark-Lighted,Clear,Motor Vehicle-In-Transport On Same Roadway,None,MEMPHIS POLICE DEPT,Other,Unbelted,-,Drinking,-,-,-,-,-,-,-,-,-,-,Shelby,Memphis,1
11887,300982272,1,0,35.192455,-89.89442,4,2024-10-28 03:54:00,2024,10,28,3,54,Monday,03:54,Fatal,Dark-Lighted,Clear,Pedestrian,None,MEMPHIS POLICE DEPT,Other,Unbelted,-,-,-,-,-,-,Pedestrian,-,-,ATV_Involved,-,-,Shelby,Memphis,2
11902,300982321,0,1,36.17311,-82.837395,5,2024-10-28 16:03:00,2024,10,28,16,3,Monday,16:03,Suspected Serious Injury,Daylight,Clear,Motor Vehicle-In-Transport On Same Roadway,None,GREENEVILLE POLICE DEPT,Other,Unbelted,-,-,-,-,-,-,-,-,-,-,-,-,Greene,Greeneville,2
11904,300982332,0,1,36.580883,-87.336509,3,2024-10-28 06:40:00,2024,10,28,6,40,Monday,06:40,Suspected Serious Injury,Dark-Lighted,Clear,Motor Vehicle-In-Transport On Same Roadway,None,CLARKSVILLE POLICE DEPT,Other,Unbelted,-,-,-,-,-,-,-,-,-,-,-,-,Montgomery,Clarksville,2
11916,300982395,0,2,35.078274,-89.90699,4,2024-10-28 07:22:00,2024,10,28,7,22,Monday,07:22,Suspected Serious Injury,Dusk,Clear,Motor Vehicle-In-Transport On Same Roadway,None,MEMPHIS POLICE DEPT,Other,Unbelted,-,-,-,-,-,-,-,-,-,-,-,-,Shelby,Memphis,2
11951,300982610,0,2,35.16008,-89.9627,4,2024-10-29 14:00:00,2024,10,29,14,0,Tuesday,14:00,Suspected Serious Injury,Daylight,Clear,Utility Pole,None,MEMPHIS POLICE DEPT,Other,Unbelted,-,-,-,-,-,-,-,-,-,-,-,-,Shelby,Memphis,3
11954,300982643,0,4,35.189316,-89.81362,4,2024-10-24 15:20:00,2024,10,24,15,20,Thursday,15:20,Suspected Serious Injury,Daylight,Clear,Motor Vehicle-In-Transport On Same Roadway,None,MEMPHIS POLICE DEPT,Other,Unbelted,-,-,-,-,-,-,-,-,-,-,-,-,Shelby,Memphis,5
11967,300982726,0,1,35.136993,-89.996,4,2024-10-29 15:40:00,2024,10,29,15,40,Tuesday,15:40,Suspected Serious Injury,Daylight,Clear,Pedestrian,None,MEMPHIS POLICE DEPT,Other,Unbelted,-,-,Drug,-,-,-,Pedestrian,-,-,-,-,-,Shelby,Memphis,3
11979,300982764,0,1,35.108086,-89.9625,4,2024-10-31 00:00:00,2024,10,31,0,0,Thursday,00:00,Suspected Serious Injury,Dark-Lighted,Clear,Motor Vehicle-In-Transport On Same Roadway,None,MEMPHIS POLICE DEPT,Other,Unbelted,Distracted,-,-,-,-,-,-,-,-,-,-,-,Shelby,Memphis,5
11984,300982798,0,1,35.083305,-90.01855,4,2024-10-31 11:17:00,2024,10,31,11,17,Thursday,11:17,Suspected Serious Injury,Daylight,Rain,Pedestrian,None,MEMPHIS POLICE DEPT,Other,Unbelted,-,-,-,-,-,-,Pedestrian,-,-,-,-,-,Shelby,Memphis,5
12002,300982929,0,1,35.147224,-90.04396,4,2024-10-31 21:20:00,2024,10,31,21,20,Thursday,21:20,Suspected Serious Injury,Dark-Not Lighted,Clear,Pedestrian,None,MEMPHIS POLICE DEPT,Other,Unbelted,-,-,-,-,-,-,Pedestrian,-,-,-,-,-,Shelby,Memphis,5
12012,300982966,1,1,35.210327,-90.03261,4,2024-11-01 01:56:00,2024,11,1,1,56,Friday,01:56,Fatal,Dark-Lighted,Clear,Utility Pole,None,MEMPHIS POLICE DEPT,Other,Unbelted,-,Drinking,Drug,-,-,-,-,-,-,-,-,-,Shelby,Memphis,6
12029,300983062,0,1,35.179077,-89.83291,4,2024-10-30 08:24:00,2024,10,30,8,24,Wednesday,08:24,Suspected Serious Injury,Daylight,Clear,Motor Vehicle-In-Transport On Same Roadway,None,MEMPHIS POLICE DEPT,Other,Unbelted,-,-,-,-,-,-,-,-,-,-,-,-,Shelby,Memphis,4
12035,300983084,0,2,35.06907,-89.931915,4,2024-11-01 14:20:00,2024,11,1,14,20,Friday,14:20,Suspected Serious Injury,Daylight,Clear,Motor Vehicle-In-Transport On Same Roadway,None,MEMPHIS POLICE DEPT,Other,Unbelted,-,-,-,-,-,-,-,-,-,-,-,-,Shelby,Memphis,6
12052,300983164,0,3,35.075077,-89.86151,4,2024-11-01 21:43:00,2024,11,1,21,43,Friday,21:43,Suspected Serious Injury,Dark-Lighted,Clear,Unknown,None,MEMPHIS POLICE DEPT,Other,Unbelted,-,-,-,-,-,-,-,-,-,-,-,-,Shelby,Memphis,6
12054,300983189,0,1,35.15811,-90.02024,4,2024-10-26 02:19:00,2024,10,26,2,19,Saturday,02:19,Suspected Serious Injury,Dark-Lighted,Clear,Motor Vehicle-In-Transport On Same Roadway,None,MEMPHIS POLICE DEPT,Other,Unbelted,-,-,-,-,-,-,-,-,-,-,-,-,Shelby,Memphis,7
12068,300983238,1,0,35.050297,-89.87499,4,2024-11-02 23:02:00,2024,11,2,23,2,Saturday,23:02,Fatal,Dark-Lighted,Clear,Pedestrian,None,MEMPHIS POLICE DEPT,Other,-,-,-,-,-,-,-,Pedestrian,-,-,-,-,-,Shelby,Memphis,7
12070,300983244,0,1,35.020397,-89.848694,4,2024-11-03 01:22:00,2024,11,3,1,22,Sunday,01:22,Suspected Serious Injury,Dark-Not Lighted,Clear,Motor Vehicle-In-Transport On Same Roadway,None,MEMPHIS POLICE DEPT,Other,Unbelted,-,-,-,-,-,-,-,-,-,-,-,-,Shelby,Memphis,1
12089,300983303,0,1,36.40134,-82.414406,5,2024-11-03 15:03:00,2024,11,3,15,3,Sunday,15:03,Suspected Serious Injury,Daylight,Cloudy,Curb,None,JOHNSON CITY POLICE DEPT,Other,Unbelted,-,-,-,-,-,-,-,-,-,-,-,-,Washington,Johnson City,1
12100,300983389,0,2,35.153521,-89.82358,4,2024-10-25 12:20:00,2024,10,25,12,20,Friday,12:20,Suspected Serious Injury,Daylight,Clear,Motor Vehicle-In-Transport On Same Roadway,None,SHELBY CO SHERIFFS DEPT,Other,Unbelted,-,-,-,-,-,-,-,-,-,-,Motorcyclist,-,Shelby,Not in City Limit,6
12109,300983419,1,0,36.513888,-87.312787,3,2024-11-02 19:19:00,2024,11,2,19,19,Saturday,19:19,Fatal,Dark-Lighted,Clear,Motor Vehicle-In-Transport On Same Roadway,None,CLARKSVILLE POLICE DEPT,Other,Unbelted,-,-,-,-,-,-,-,-,-,-,Motorcyclist,-,Montgomery,Clarksville,7
12111,300983456,0,5,35.168568,-84.89555,2,2024-10-31 15:53:00,2024,10,31,15,53,Thursday,15:53,Suspected Serious Injury,Daylight,Clear,Motor Vehicle-In-Transport On Same Roadway,None,CLEVELAND POLICE DEPT,Other,Unbelted,-,-,-,-,-,-,-,-,-,-,-,-,Bradley,Cleveland,5
12112,300983461,0,1,35.149464,-89.94453,4,2024-11-04 15:14:00,2024,11,4,15,14,Monday,15:14,Suspected Serious Injury,Daylight,Clear,Motor Vehicle-In-Transport On Same Roadway,None,MEMPHIS POLICE DEPT,Other,Unbelted,-,-,-,-,-,-,-,-,-,-,-,-,Shelby,Memphis,2
12119,300983510,0,1,35.080063,-89.98974,4,2024-11-04 20:35:00,2024,11,4,20,35,Monday,20:35,Suspected Serious Injury,Dark-Lighted,Clear,Utility Pole,None,MEMPHIS POLICE DEPT,Other,Unbelted,-,Drinking,-,-,-,-,-,-,-,-,-,-,Shelby,Memphis,2
12124,300983527,0,1,35.12305,-89.87646,4,2024-11-04 22:00:00,2024,11,4,22,0,Monday,22:00,Suspected Serious Injury,Dark-Lighted,Clear,Standing Tree,None,MEMPHIS POLICE DEPT,Other,Unbelted,-,-,-,-,-,-,-,-,-,-,-,-,Shelby,Memphis,2
12168,300983729,0,1,36.52412,-82.31147,5,2024-11-05 16:12:00,2024,11,5,16,12,Tuesday,16:12,Suspected Serious Injury,Daylight,Clear,Motor Vehicle-In-Transport On Same Roadway,None,BRISTOL POLICE DEPT,Other,Unbelted,-,-,-,-,-,-,-,-,-,-,-,-,Sullivan,Bristol,3
12183,300983808,0,1,35.16003,-89.727466,4,2024-11-01 11:36:00,2024,11,1,11,36,Friday,11:36,Suspected Serious Injury,Daylight,Cloudy,Motor Vehicle-In-Transport On Same Roadway,None,SHELBY CO SHERIFFS DEPT,Other,Unbelted,-,-,-,-,-,-,-,-,-,ATV_Involved,-,-,Shelby,Not in City Limit,6
12212,300983967,1,1,35.159477,-89.99104,4,2024-11-06 20:15:00,2024,11,6,20,15,Wednesday,20:15,Fatal,Dark-Lighted,Clear,Utility Pole,None,MEMPHIS POLICE DEPT,Other,Unbelted,-,-,-,-,-,-,-,-,-,-,-,-,Shelby,Memphis,4
12215,300983978,0,1,35.130943,-89.86757,4,2024-11-06 12:00:00,2024,11,6,12,0,Wednesday,12:00,Suspected Serious Injury,Daylight,Rain,Motor Vehicle-In-Transport On Same Roadway,None,MEMPHIS POLICE DEPT,Other,Unbelted,-,-,-,-,-,-,-,-,-,-,-,-,Shelby,Memphis,4
12276,300984336,0,1,36.38379,-82.36423,5,2024-11-08 18:43:00,2024,11,8,18,43,Friday,18:43,Suspected Serious Injury,Dark-Not Lighted,Clear,Deer,None,JOHNSON CITY POLICE DEPT,Other,Unbelted,-,-,-,-,-,-,-,-,-,-,-,-,Washington,Johnson City,6
12280,300984343,0,3,35.07131,-90.021576,4,2024-11-09 01:43:00,2024,11,9,1,43,Saturday,01:43,Suspected Serious Injury,Dark-Lighted,Rain,Guard Rail Face,None,MEMPHIS POLICE DEPT,Other,Unbelted,-,-,-,-,-,-,-,-,-,-,Motorcyclist,-,Shelby,Memphis,7
12294,300984394,0,4,36.18218,-82.8038,5,2024-11-09 15:00:00,2024,11,9,15,0,Saturday,15:00,Suspected Serious Injury,Daylight,Clear,Motor Vehicle-In-Transport On Same Roadway,None,GREENEVILLE POLICE DEPT,Other,Unbelted,-,-,-,-,-,-,-,-,-,-,-,-,Greene,Greeneville,7
12295,300984396,0,1,35.48198,-86.89295,3,2024-11-09 08:50:00,2024,11,9,8,50,Saturday,08:50,Suspected Serious Injury,Daylight,Clear,"Over Turn, Roll Over",None,SPRINGFIELD POLICE DEPT,Other,Unbelted,-,-,-,-,-,-,-,-,-,-,-,-,Robertson,Springfield,7
12302,300984450,0,1,36.479916,-82.49544,5,2024-11-09 19:00:00,2024,11,9,19,0,Saturday,19:00,Suspected Serious Injury,Dark-Not Lighted,Clear,Pedestrian,None,KINGSPORT POLICE DEPARTMENT,Other,Unbelted,-,-,-,-,-,-,Pedestrian,-,-,-,-,-,Sullivan,Kingsport,7
12336,300984635,1,2,35.259565,-89.878858,4,2024-11-01 06:30:00,2024,11,1,6,30,Friday,06:30,Fatal,Dark-Not Lighted,Clear,Motor Vehicle-In-Transport On Same Roadway,None,SHELBY CO SHERIFFS DEPT,Other,Unbelted,-,Drinking,Drug,-,-,-,-,-,-,-,-,-,Shelby,Not in City Limit,6
12350,300984734,0,2,35.159453,-89.911344,4,2024-11-10 15:20:00,2024,11,10,15,20,Sunday,15:20,Suspected Serious Injury,Daylight,Clear,Motor Vehicle-In-Transport On Same Roadway,None,MEMPHIS POLICE DEPT,Other,Unbelted,-,-,-,-,-,-,-,-,-,-,Motorcyclist,-,Shelby,Memphis,1
12359,300984780,0,1,35.07244,-89.93173,4,2024-11-11 18:07:00,2024,11,11,18,7,Monday,18:07,Suspected Serious Injury,Dark-Lighted,Clear,Motor Vehicle-In-Transport On Same Roadway,None,MEMPHIS POLICE DEPT,Other,Unbelted,-,-,-,-,-,-,-,-,-,-,-,-,Shelby,Memphis,2
12365,300984790,0,1,35.16042,-89.9974,4,2024-11-11 03:39:00,2024,11,11,3,39,Monday,03:39,Suspected Serious Injury,Dark-Lighted,Clear,Standing Tree,None,MEMPHIS POLICE DEPT,Other,Unbelted,-,-,-,-,-,-,-,-,-,-,-,-,Shelby,Memphis,2
12389,300984947,0,3,35.20308,-89.93553,4,2024-11-12 08:30:00,2024,11,12,8,30,Tuesday,08:30,Suspected Serious Injury,Daylight,Clear,Motor Vehicle-In-Transport On Same Roadway,None,MEMPHIS POLICE DEPT,Other,Unbelted,-,-,-,-,-,-,-,-,-,ATV_Involved,-,-,Shelby,Memphis,3
12391,300984953,0,2,35.145573,-89.96439,4,2024-11-12 15:10:00,2024,11,12,15,10,Tuesday,15:10,Suspected Serious Injury,Daylight,Clear,Motor Vehicle-In-Transport On Same Roadway,None,MEMPHIS POLICE DEPT,Other,Unbelted,-,-,-,-,-,-,-,-,-,-,-,-,Shelby,Memphis,3
12405,300984998,0,3,35.006264,-89.96828,4,2024-11-12 13:39:00,2024,11,12,13,39,Tuesday,13:39,Suspected Serious Injury,Daylight,Clear,Motor Vehicle-In-Transport On Same Roadway,None,MEMPHIS POLICE DEPT,Other,Unbelted,-,-,-,-,-,-,-,-,-,-,-,-,Shelby,Memphis,3
12435,300985189,0,3,35.55068,-89.65777,4,2024-11-02 00:00:00,2024,11,2,24,0,Saturday,24:00,Suspected Serious Injury,Unknown,Clear,Motor Vehicle-In-Transport On Same Roadway,None,COVINGTON POLICE DEPT,Other,Unbelted,-,-,-,-,-,-,-,-,-,-,-,-,Tipton,Covington,7
12436,300985205,1,0,35.134716,-89.84025,4,2024-11-13 14:20:00,2024,11,13,14,20,Wednesday,14:20,Fatal,Daylight,Rain,Motor Vehicle-In-Transport On Same Roadway,None,MEMPHIS POLICE DEPT,Other,Unbelted,-,-,-,-,Speeding,-,-,-,-,-,-,-,Shelby,Memphis,4
12476,300985463,0,1,35.198612,-89.74102,4,2024-11-15 03:09:00,2024,11,15,3,9,Friday,03:09,Suspected Serious Injury,Dark-Lighted,Clear,Utility Pole,None,MEMPHIS POLICE DEPT,Other,Unbelted,-,-,-,-,-,-,-,-,-,-,-,-,Shelby,Memphis,6