OBJECTID,MRN,Fatality,Injury,Latitude,Longitude,THP_District,Collision_Date,Collision_Year,Collision_Month,Collision_Day,Collision_Hour,Collision_Min,Collision_DOW,Collision_Time,Crash_Type,Light_Condition,Weather,First_Harmfu_Event,Work_Zone_Type,Agency_Name,THP,Unbelted,Distracted_Driver,Driver_Drinking,Driver_Drugged,Drowsy_Driver,Speeding_Involved,Pedalcyclist,Pedestrian,Other_Nonmotorist,ATV_Involved,LargeTruck_Involved,Motorcycle_Involved,SchoolBus,County,City,DOW_Nmb
12479,300985490,0,1,35.159657,-90.01109,4,2024-11-15 08:58:00,2024,11,15,8,58,Friday,08:58,Suspected Serious Injury,Daylight,Clear,Motor Vehicle-In-Transport On Same Roadway,None,MEMPHIS POLICE DEPT,Other,Unbelted,-,-,-,-,-,-,-,-,-,-,-,-,Shelby,Memphis,6
12488,300985525,0,3,35.03866,-90.02521,4,2024-11-14 17:08:00,2024,11,14,17,8,Thursday,17:08,Suspected Serious Injury,Dark-Lighted,Clear,Pedestrian,None,MEMPHIS POLICE DEPT,Other,Unbelted,-,-,-,-,-,-,Pedestrian,-,-,-,-,-,Shelby,Memphis,5
12511,300985677,0,3,35.0528,-89.97321,4,2024-11-16 12:00:00,2024,11,16,12,0,Saturday,12:00,Suspected Serious Injury,Daylight,Clear,Motor Vehicle-In-Transport On Same Roadway,None,MEMPHIS POLICE DEPT,Other,Unbelted,Distracted,-,-,-,-,-,-,-,-,ATV_Involved,-,-,Shelby,Memphis,7
12527,300985775,0,3,36.439378,-82.301379,5,2024-11-14 06:50:00,2024,11,14,6,50,Thursday,06:50,Suspected Serious Injury,Dawn,Freezing Rain/Freezing Drizzle,Motor Vehicle-In-Transport On Same Roadway,None,BLUFF CITY POLICE DEPT,Other,Unbelted,-,-,-,-,-,-,-,-,-,-,-,-,Sullivan,Bluff City,5
12530,300985784,0,1,36.28438,-82.32386,5,2024-11-14 22:21:00,2024,11,14,22,21,Thursday,22:21,Suspected Serious Injury,Dark-Lighted,Clear,Embankment Earth,None,JOHNSON CITY POLICE DEPT,Other,Unbelted,-,-,-,-,Speeding,-,-,-,-,-,-,-,Washington,Johnson City,5
12538,300985833,0,1,35.08624,-89.873856,4,2024-11-16 14:10:00,2024,11,16,14,10,Saturday,14:10,Suspected Serious Injury,Daylight,Clear,Motor Vehicle-In-Transport On Same Roadway,None,MEMPHIS POLICE DEPT,Other,Unbelted,-,-,-,-,-,-,-,-,-,-,Motorcyclist,-,Shelby,Memphis,7
12548,300985889,0,1,36.47437,-82.488754,5,2024-11-17 16:46:00,2024,11,17,16,46,Sunday,16:46,Suspected Serious Injury,Daylight,Clear,Motor Vehicle-In-Transport On Same Roadway,None,KINGSPORT POLICE DEPARTMENT,Other,Unbelted,Distracted,-,-,-,-,-,-,-,-,ATV_Involved,-,-,Sullivan,Kingsport,1
12550,300985893,1,0,35.175713,-90.00835,4,2024-11-17 17:00:00,2024,11,17,17,0,Sunday,17:00,Fatal,Dark-Lighted,Clear,Motor Vehicle-In-Transport On Same Roadway,None,MEMPHIS POLICE DEPT,Other,Unbelted,Distracted,-,-,-,-,-,-,-,-,-,-,-,Shelby,Memphis,1
12567,300986015,0,3,35.132656,-89.98375,4,2024-11-18 07:11:00,2024,11,18,7,11,Monday,07:11,Suspected Serious Injury,Daylight,Clear,Motor Vehicle-In-Transport On Same Roadway,None,MEMPHIS POLICE DEPT,Other,Unbelted,-,-,-,-,-,-,-,-,-,-,-,-,Shelby,Memphis,2
12620,300986357,1,0,35.09972,-89.87033,4,2024-11-19 23:22:00,2024,11,19,23,22,Tuesday,23:22,Fatal,Dark-Lighted,Clear,Concrete Traffic Barrier,None,MEMPHIS POLICE DEPT,Other,Unbelted,-,-,-,-,-,-,-,-,-,-,-,-,Shelby,Memphis,3
12633,300986443,0,1,35.130943,-89.86757,4,2024-11-19 19:17:00,2024,11,19,19,17,Tuesday,19:17,Suspected Serious Injury,Dark-Lighted,Clear,Motor Vehicle-In-Transport On Same Roadway,None,MEMPHIS POLICE DEPT,Other,Unbelted,-,-,-,-,-,-,-,-,-,-,-,-,Shelby,Memphis,3
12641,300986474,0,1,35.22114,-84.893295,2,2024-11-16 00:50:00,2024,11,16,0,50,Saturday,00:50,Suspected Serious Injury,Dark-Lighted,Clear,Standing Tree,None,CLEVELAND POLICE DEPT,Other,Unbelted,-,Drinking,-,-,-,-,-,-,-,ATV_Involved,-,-,Bradley,Cleveland,7
12650,300986565,0,1,36.57043,-87.37756,3,2024-11-20 22:21:00,2024,11,20,22,21,Wednesday,22:21,Suspected Serious Injury,Dark-Lighted,Clear,Ditch,None,CLARKSVILLE POLICE DEPT,Other,Unbelted,-,-,-,-,-,-,-,Other_NM,-,-,-,-,Montgomery,Clarksville,4
12672,300986656,0,4,36.50787,-82.25395,5,2024-11-20 15:30:00,2024,11,20,15,30,Wednesday,15:30,Suspected Serious Injury,Daylight,Clear,Motor Vehicle-In-Transport On Same Roadway,None,BRISTOL POLICE DEPT,Other,Unbelted,-,-,Drug,-,-,-,-,-,-,-,-,-,Sullivan,Bristol,4
12683,300986721,0,2,35.02796,-89.93699,4,2024-11-21 13:18:00,2024,11,21,13,18,Thursday,13:18,Suspected Serious Injury,Daylight,Clear,Motor Vehicle-In-Transport On Same Roadway,None,MEMPHIS POLICE DEPT,Other,Unbelted,-,-,-,-,Speeding,-,-,-,-,ATV_Involved,-,-,Shelby,Memphis,5
12687,300986735,0,1,35.080563,-89.95594,4,2024-11-20 07:30:00,2024,11,20,7,30,Wednesday,07:30,Suspected Serious Injury,Daylight,Clear,Guard Rail Face,None,MEMPHIS POLICE DEPT,Other,Unbelted,-,-,-,-,-,-,-,-,-,-,-,-,Shelby,Memphis,4
12695,300986759,0,3,35.053814,-90.00069,4,2024-11-22 02:53:00,2024,11,22,2,53,Friday,02:53,Suspected Serious Injury,Dark-Lighted,Clear,Curb,None,MEMPHIS POLICE DEPT,Other,Unbelted,Distracted,-,-,-,-,-,-,-,-,-,-,-,Shelby,Memphis,6
12697,300986769,0,1,35.566833,-89.647736,4,2024-10-30 10:00:00,2024,10,30,10,0,Wednesday,10:00,Suspected Serious Injury,Daylight,Clear,Motor Vehicle-In-Transport On Same Roadway,None,COVINGTON POLICE DEPT,Other,Unbelted,-,-,-,-,-,-,-,-,-,ATV_Involved,-,-,Tipton,Covington,4
12727,300986968,0,1,35.138756,-90.03589,4,2024-11-22 08:20:00,2024,11,22,8,20,Friday,08:20,Suspected Serious Injury,Daylight,Clear,Pedestrian,None,MEMPHIS POLICE DEPT,Other,Unbelted,-,-,-,-,-,-,Pedestrian,-,-,-,-,-,Shelby,Memphis,6
12729,300986974,0,3,36.178387,-82.80276,5,2024-11-22 14:07:00,2024,11,22,14,7,Friday,14:07,Suspected Serious Injury,Daylight,Clear,Motor Vehicle-In-Transport On Same Roadway,None,GREENEVILLE POLICE DEPT,Other,Unbelted,-,Drinking,-,-,-,-,-,-,-,ATV_Involved,-,-,Greene,Greeneville,6
12744,300987098,0,2,35.14829,-89.90143,4,2024-11-24 02:19:00,2024,11,24,2,19,Sunday,02:19,Suspected Serious Injury,Dark-Lighted,Clear,Fence,None,MEMPHIS POLICE DEPT,Other,Unbelted,-,-,-,-,-,-,-,-,-,-,-,-,Shelby,Memphis,1
12748,300987112,0,1,35.314632,-89.941185,4,2024-11-23 12:15:00,2024,11,23,12,15,Saturday,12:15,Suspected Serious Injury,Daylight,Clear,Injured In Vehicle,None,MILLINGTON POLICE DEPT,Other,Unbelted,-,-,-,-,-,-,-,-,-,-,-,-,Shelby,Millington,7
12771,300987243,0,1,35.13798,-90.02818,4,2024-11-24 03:30:00,2024,11,24,3,30,Sunday,03:30,Suspected Serious Injury,Dark-Lighted,Clear,Pedestrian,None,MEMPHIS POLICE DEPT,Other,Unbelted,-,-,-,-,-,-,Pedestrian,-,-,-,-,-,Shelby,Memphis,1
12789,300987345,1,1,35.080914,-89.907014,4,2024-11-23 20:44:00,2024,11,23,20,44,Saturday,20:44,Fatal,Dark-Lighted,Clear,Motor Vehicle-In-Transport On Same Roadway,None,MEMPHIS POLICE DEPT,Other,Unbelted,-,Drinking,Drug,-,-,-,-,-,-,ATV_Involved,-,-,Shelby,Memphis,7
12792,300987355,0,1,35.191666,-90.00798,4,2024-11-24 17:09:00,2024,11,24,17,9,Sunday,17:09,Suspected Serious Injury,Dark-Lighted,Clear,Other Non-Collision,None,MEMPHIS POLICE DEPT,Other,Unbelted,-,-,-,-,-,-,-,-,-,-,-,-,Shelby,Memphis,1
12828,300987596,0,1,35.10532,-89.98565,4,2024-11-24 00:00:00,2024,11,24,0,0,Sunday,00:00,Suspected Serious Injury,Dark-Not Lighted,Clear,Pedestrian,None,MEMPHIS POLICE DEPT,Other,-,-,-,-,-,-,-,Pedestrian,-,-,-,-,-,Shelby,Memphis,1
12857,300987710,0,1,35.095116,-90.05546,4,2024-11-26 19:21:00,2024,11,26,19,21,Tuesday,19:21,Suspected Serious Injury,Dark-Lighted,Clear,Pedestrian,None,MEMPHIS POLICE DEPT,Other,Unbelted,-,-,-,-,-,-,Pedestrian,-,-,-,-,-,Shelby,Memphis,3
12860,300987719,0,1,35.166576,-84.848045,2,2024-11-26 18:18:00,2024,11,26,18,18,Tuesday,18:18,Suspected Serious Injury,Dark-Lighted,Clear,Guard Rail End,None,CLEVELAND POLICE DEPT,Other,Unbelted,-,-,-,-,-,-,-,-,-,-,-,-,Bradley,Cleveland,3
12895,300987946,0,1,35.078472,-90.01871,4,2024-11-27 18:12:00,2024,11,27,18,12,Wednesday,18:12,Suspected Serious Injury,Dark-Lighted,Rain,Pedestrian,None,MEMPHIS POLICE DEPT,Other,Unbelted,-,-,-,-,-,-,Pedestrian,-,-,-,-,-,Shelby,Memphis,4
12899,300987969,1,0,35.223107,-89.940349,4,2024-11-26 23:19:00,2024,11,26,23,19,Tuesday,23:19,Fatal,Dark-Lighted,Clear,Motor Vehicle-In-Transport On Same Roadway,None,MEMPHIS POLICE DEPT,Other,Unbelted,-,-,-,-,-,-,Pedestrian,-,-,-,-,-,Shelby,Memphis,3
12903,300987996,0,1,35.014871,-85.274061,2,2024-11-28 00:40:00,2024,11,28,0,40,Thursday,00:40,Suspected Serious Injury,Dark-Lighted,Rain,Motor Vehicle-In-Transport On Same Roadway,None,CHATTANOOGA POLICE DEPT,Other,Unbelted,-,-,-,-,-,-,-,-,-,-,-,-,Hamilton,Chattanooga,5
12909,300988031,0,1,35.0182,-85.253592,2,2024-11-28 14:12:00,2024,11,28,14,12,Thursday,14:12,Suspected Serious Injury,Daylight,Cloudy,Motor Vehicle-In-Transport On Same Roadway,None,CHATTANOOGA POLICE DEPT,Other,Unbelted,-,-,-,-,-,-,-,-,-,-,Motorcyclist,-,Hamilton,Chattanooga,5
12913,300988070,0,1,35.195545,-84.85388,2,2024-11-27 20:19:00,2024,11,27,20,19,Wednesday,20:19,Suspected Serious Injury,Dark-Lighted,Clear,Motor Vehicle-In-Transport On Same Roadway,None,CLEVELAND POLICE DEPT,Other,Unbelted,-,-,-,-,-,-,-,-,-,-,-,-,Bradley,Cleveland,4
12944,300988249,0,1,35.13159,-90.02605,4,2024-11-26 23:39:00,2024,11,26,23,39,Tuesday,23:39,Suspected Serious Injury,Dark-Lighted,Clear,Fence,None,MEMPHIS POLICE DEPT,Other,Unbelted,-,-,-,-,-,-,-,-,-,-,-,-,Shelby,Memphis,3
12977,300988446,1,0,35.082558,-89.91861,4,2024-11-30 17:33:00,2024,11,30,17,33,Saturday,17:33,Fatal,Dark-Not Lighted,Clear,Pedestrian,None,MEMPHIS POLICE DEPT,Other,Unbelted,-,-,-,-,-,-,Pedestrian,-,-,ATV_Involved,-,-,Shelby,Memphis,7
12992,300988531,0,1,35.069575,-85.289504,2,2024-12-02 11:49:00,2024,12,2,11,49,Monday,11:49,Suspected Serious Injury,Daylight,Clear,Other Post/Pole Support,None,CHATTANOOGA POLICE DEPT,Other,Unbelted,-,-,-,-,-,-,-,-,-,-,-,-,Hamilton,Chattanooga,2
13003,300988589,0,2,35.226796,-89.865374,4,2024-11-28 12:48:00,2024,11,28,12,48,Thursday,12:48,Suspected Serious Injury,Daylight,Clear,Standing Tree,None,BARTLETT POLICE DEPT,Other,Unbelted,-,-,-,-,-,-,-,-,-,-,-,-,Shelby,Bartlett,5
13025,300988696,0,2,35.190163,-84.869606,2,2024-12-02 20:26:00,2024,12,2,20,26,Monday,20:26,Suspected Serious Injury,Dark-Lighted,Clear,Motor Vehicle-In-Transport On Same Roadway,None,CLEVELAND POLICE DEPT,Other,Unbelted,-,-,-,-,-,-,-,-,-,-,-,-,Bradley,Cleveland,2
13029,300988714,1,0,36.3919,-82.61483,5,2024-12-02 08:05:00,2024,12,2,8,5,Monday,08:05,Fatal,Daylight,Clear,Mail Box,None,WASHINGTON CO SHERIFFS DEPT,Other,Unbelted,-,-,-,-,-,-,-,-,-,-,-,-,Washington,Fall Branch,2
13054,300988849,0,1,35.19202,-84.87238,2,2024-12-03 09:29:00,2024,12,3,9,29,Tuesday,09:29,Suspected Serious Injury,Daylight,Clear,Standing Tree,None,CLEVELAND POLICE DEPT,Other,Unbelted,-,-,-,-,-,-,-,-,-,-,-,-,Bradley,Cleveland,3
13055,300988851,0,1,35.15616,-84.8697,2,2024-12-03 14:27:00,2024,12,3,14,27,Tuesday,14:27,Suspected Serious Injury,Daylight,Clear,Motor Vehicle-In-Transport On Same Roadway,None,CLEVELAND POLICE DEPT,Other,Unbelted,-,-,-,-,-,-,-,-,-,-,-,-,Bradley,Cleveland,3
13087,300989031,0,1,36.31891,-82.34742,5,2024-12-03 05:50:00,2024,12,3,5,50,Tuesday,05:50,Suspected Serious Injury,Dark-Lighted,Snow,Guard Rail Face,None,JOHNSON CITY POLICE DEPT,Other,Unbelted,-,Drinking,Drug,-,Speeding,-,-,-,-,-,-,-,Washington,Johnson City,3
13104,300989114,0,1,35.16819,-84.88012,2,2024-12-01 17:57:00,2024,12,1,17,57,Sunday,17:57,Suspected Serious Injury,Dusk,Clear,Ditch,None,CLEVELAND POLICE DEPT,Other,Unbelted,-,-,-,-,-,-,-,-,-,-,-,-,Bradley,Cleveland,1
13127,300989292,0,1,36.5758,-82.18678,5,2024-12-05 12:33:00,2024,12,5,12,33,Thursday,12:33,Suspected Serious Injury,Daylight,Clear,Utility Pole,None,BRISTOL POLICE DEPT,Other,Unbelted,Distracted,-,-,-,Speeding,-,-,-,-,-,-,-,Sullivan,Bristol,5
13129,300989308,0,2,35.12981,-90.021,4,2024-12-05 15:55:00,2024,12,5,15,55,Thursday,15:55,Suspected Serious Injury,Daylight,Clear,Motor Vehicle-In-Transport On Same Roadway,None,MEMPHIS POLICE DEPT,Other,Unbelted,-,-,-,-,-,-,-,-,-,-,-,-,Shelby,Memphis,5
13135,300989347,0,1,35.794193,-84.259585,1,2024-12-05 19:36:00,2024,12,5,19,36,Thursday,19:36,Suspected Serious Injury,Dark-Lighted,Clear,Pedestrian,None,LENOIR CITY POLICE DEPT,Other,Unbelted,-,-,-,-,-,-,Pedestrian,-,-,-,-,-,Loudon,Lenoir City,5
13144,300989390,0,1,35.233997,-89.92589,4,2024-12-05 21:27:00,2024,12,5,21,27,Thursday,21:27,Suspected Serious Injury,Dark-Lighted,Clear,Motor Vehicle-In-Transport On Same Roadway,None,MEMPHIS POLICE DEPT,Other,Unbelted,-,-,-,-,-,-,-,-,-,-,-,-,Shelby,Memphis,5
13157,300989471,0,1,35.02142,-85.380501,2,2024-12-06 13:00:00,2024,12,6,13,0,Friday,13:00,Suspected Serious Injury,Daylight,Clear,Fell/Jumped From Vehicle,None,CHATTANOOGA POLICE DEPT,Other,Unbelted,-,-,-,-,-,-,-,-,-,-,Motorcyclist,-,Hamilton,Chattanooga,6
13202,300989717,0,3,35.221176,-89.92012,4,2024-12-08 02:39:00,2024,12,8,2,39,Sunday,02:39,Suspected Serious Injury,Dark-Lighted,Clear,Curb,None,MEMPHIS POLICE DEPT,Other,Unbelted,-,-,-,-,-,-,-,-,-,-,-,-,Shelby,Memphis,1
13204,300989722,0,1,35.226154,-89.92596,4,2024-12-07 07:44:00,2024,12,7,7,44,Saturday,07:44,Suspected Serious Injury,Daylight,Clear,Motor Vehicle-In-Transport On Same Roadway,None,MEMPHIS POLICE DEPT,Other,Unbelted,-,-,-,-,-,-,-,-,-,-,-,-,Shelby,Memphis,7
13211,300989740,0,5,35.13246,-89.9262,4,2024-12-07 15:10:00,2024,12,7,15,10,Saturday,15:10,Suspected Serious Injury,Daylight,Clear,Motor Vehicle-In-Transport On Same Roadway,None,MEMPHIS POLICE DEPT,Other,Unbelted,-,-,-,-,-,-,-,-,-,-,-,-,Shelby,Memphis,7
13215,300989761,0,1,35.050976,-89.90152,4,2024-12-08 02:25:00,2024,12,8,2,25,Sunday,02:25,Suspected Serious Injury,Dark-Lighted,Clear,Utility Pole,None,MEMPHIS POLICE DEPT,Other,Unbelted,-,-,-,Drowsy,-,-,-,-,-,-,-,-,Shelby,Memphis,1
13242,300989900,0,1,35.137848,-90.02687,4,2024-12-08 17:25:00,2024,12,8,17,25,Sunday,17:25,Suspected Serious Injury,Dark-Lighted,Rain,Pedestrian,None,MEMPHIS POLICE DEPT,Other,Unbelted,-,-,-,-,-,-,Pedestrian,-,-,-,-,-,Shelby,Memphis,1
13252,300989953,1,0,35.255449,-89.8618,4,2024-12-03 23:09:00,2024,12,3,23,9,Tuesday,23:09,Fatal,Dark-Not Lighted,Clear,Standing Tree,None,SHELBY CO SHERIFFS DEPT,Other,Unbelted,-,-,-,-,-,-,-,-,-,-,-,-,Shelby,Not in City Limit,3
13265,300990049,0,1,35.242756,-90.00853,4,2024-12-09 08:13:00,2024,12,9,8,13,Monday,08:13,Suspected Serious Injury,Daylight,Other,Motor Vehicle-In-Transport On Same Roadway,None,MEMPHIS POLICE DEPT,Other,Unbelted,-,-,-,-,-,-,-,-,-,ATV_Involved,-,-,Shelby,Memphis,2
13275,300990116,0,1,35.011242,-89.95967,4,2024-12-09 16:00:00,2024,12,9,16,0,Monday,16:00,Suspected Serious Injury,Daylight,Clear,Motor Vehicle-In-Transport On Same Roadway,None,MEMPHIS POLICE DEPT,Other,Unbelted,-,-,-,-,-,-,-,-,-,-,-,-,Shelby,Memphis,2
13291,300990191,0,1,35.084446,-89.88003,4,2024-11-29 13:30:00,2024,11,29,13,30,Friday,13:30,Suspected Serious Injury,Daylight,Clear,Motor Vehicle-In-Transport On Same Roadway,None,MEMPHIS POLICE DEPT,Other,Unbelted,-,-,-,-,-,-,-,-,-,ATV_Involved,-,-,Shelby,Memphis,6
13297,300990237,0,3,35.017815,-85.178553,2,2024-12-10 01:12:00,2024,12,10,1,12,Tuesday,01:12,Suspected Serious Injury,Dark-Not Lighted,Rain,Motor Vehicle-In-Transport On Same Roadway,None,CHATTANOOGA POLICE DEPT,Other,Unbelted,-,-,-,-,-,-,-,-,-,ATV_Involved,-,-,Hamilton,Chattanooga,3
13312,300990337,0,2,35.228468,-89.841612,4,2024-12-10 09:35:00,2024,12,10,9,35,Tuesday,09:35,Suspected Serious Injury,Daylight,Clear,Motor Vehicle-In-Transport On Same Roadway,None,BARTLETT POLICE DEPT,Other,Unbelted,-,-,-,-,-,-,-,-,-,-,-,-,Shelby,Bartlett,3
13318,300990374,1,1,35.13176,-90.0284,4,2024-12-10 17:44:00,2024,12,10,17,44,Tuesday,17:44,Fatal,Dark-Lighted,Clear,Motor Vehicle-In-Transport On Same Roadway,None,MEMPHIS POLICE DEPT,Other,Unbelted,-,-,-,-,-,-,-,-,-,ATV_Involved,-,-,Shelby,Memphis,3
13328,300990434,1,0,35.002438,-90.06922,4,2024-12-10 23:03:00,2024,12,10,23,3,Tuesday,23:03,Fatal,Dark-Lighted,Rain,Curb,None,MEMPHIS POLICE DEPT,Other,Unbelted,-,Drinking,-,-,-,-,-,-,-,-,-,-,Shelby,Memphis,3
13331,300990447,0,1,36.335983,-82.34598,5,2024-12-10 16:42:00,2024,12,10,16,42,Tuesday,16:42,Suspected Serious Injury,Dusk,Clear,Motor Vehicle-In-Transport On Same Roadway,None,JOHNSON CITY POLICE DEPT,Other,Unbelted,-,-,-,-,-,-,-,-,-,-,Motorcyclist,-,Washington,Johnson City,3
13332,300990451,1,0,35.020836,-89.9897,4,2024-12-11 02:56:00,2024,12,11,2,56,Wednesday,02:56,Fatal,Dark-Lighted,Clear,Motor Vehicle-In-Transport On Same Roadway,None,MEMPHIS POLICE DEPT,Other,Unbelted,-,-,-,-,-,-,-,-,-,ATV_Involved,-,-,Shelby,Memphis,4
13353,300990561,1,0,35.086437,-90.052216,4,2024-12-11 12:05:00,2024,12,11,12,5,Wednesday,12:05,Fatal,Daylight,Clear,Pedestrian,None,MEMPHIS POLICE DEPT,Other,-,-,-,-,-,Speeding,-,Pedestrian,-,-,-,-,-,Shelby,Memphis,4
13360,300990630,0,1,35.139025,-89.978911,4,2024-12-11 09:21:00,2024,12,11,9,21,Wednesday,09:21,Suspected Serious Injury,Daylight,Clear,Motor Vehicle-In-Transport On Same Roadway,None,MEMPHIS POLICE DEPT,Other,Unbelted,-,-,-,-,-,-,-,-,-,-,Motorcyclist,-,Shelby,Memphis,4
13391,300990776,0,1,35.042025,-85.154608,2,2024-12-12 17:44:00,2024,12,12,17,44,Thursday,17:44,Suspected Serious Injury,Dark-Not Lighted,Clear,Pedal-Cycle,None,CHATTANOOGA POLICE DEPT,Other,Unbelted,-,-,-,-,-,Pedalcyclist,-,-,-,-,-,-,Hamilton,Chattanooga,5
13414,300990914,1,0,35.116175,-90.060941,4,2024-12-13 08:18:00,2024,12,13,8,18,Friday,08:18,Fatal,Daylight,Clear,Pedestrian,None,MEMPHIS POLICE DEPT,Other,Unbelted,-,-,-,-,-,-,Pedestrian,-,-,ATV_Involved,-,-,Shelby,Memphis,6
13415,300990919,1,0,35.061245,-89.866714,4,2024-12-12 18:50:00,2024,12,12,18,50,Thursday,18:50,Fatal,Dark-Not Lighted,Clear,Pedestrian,None,MEMPHIS POLICE DEPT,Other,Unbelted,-,-,-,-,-,-,Pedestrian,-,-,-,-,-,Shelby,Memphis,5
13416,300990922,1,2,35.058626,-85.192592,2,2024-12-13 06:21:00,2024,12,13,6,21,Friday,06:21,Fatal,Dark-Lighted,Clear,Motor Vehicle-In-Transport On Same Roadway,None,CHATTANOOGA POLICE DEPT,Other,Unbelted,-,-,-,-,-,-,-,-,-,ATV_Involved,-,-,Hamilton,Chattanooga,6
13429,300991007,1,2,35.166294,-89.946,4,2024-12-13 00:11:00,2024,12,13,0,11,Friday,00:11,Fatal,Dark-Lighted,Clear,Motor Vehicle-In-Transport On Same Roadway,None,MEMPHIS POLICE DEPT,Other,Unbelted,Distracted,-,-,-,-,-,-,-,-,-,-,-,Shelby,Memphis,6
13444,300991057,0,2,35.04951,-89.8438,4,2024-12-14 05:25:00,2024,12,14,5,25,Saturday,05:25,Suspected Serious Injury,Dark-Lighted,Clear,Motor Vehicle-In-Transport On Same Roadway,None,MEMPHIS POLICE DEPT,Other,Unbelted,-,-,-,-,-,-,-,-,-,-,-,-,Shelby,Memphis,7
13465,300991151,1,0,35.108807,-89.99425,4,2024-12-14 16:46:00,2024,12,14,16,46,Saturday,16:46,Fatal,Daylight,Rain,Standing Tree,None,MEMPHIS POLICE DEPT,Other,Unbelted,-,Drinking,-,-,-,-,-,-,-,-,-,-,Shelby,Memphis,7
13477,300991194,0,1,35.020996,-85.261193,2,2024-12-15 01:06:00,2024,12,15,1,6,Sunday,01:06,Suspected Serious Injury,Dark-Not Lighted,Rain,Concrete Traffic Barrier,None,CHATTANOOGA POLICE DEPT,Other,Unbelted,-,-,-,-,-,-,-,-,-,-,-,-,Hamilton,Chattanooga,1
13493,300991307,1,1,35.199184,-89.97582,4,2024-12-15 12:09:00,2024,12,15,12,9,Sunday,12:09,Fatal,Daylight,Rain,Pedestrian,None,MEMPHIS POLICE DEPT,Other,Unbelted,-,-,-,-,-,-,Pedestrian,-,-,-,-,-,Shelby,Memphis,1
13494,300991308,1,1,35.145622,-89.90795,4,2024-12-12 11:00:00,2024,12,12,11,0,Thursday,11:00,Fatal,Daylight,Clear,Motor Vehicle-In-Transport On Same Roadway,None,MEMPHIS POLICE DEPT,Other,Unbelted,-,-,Drug,-,-,-,-,-,-,ATV_Involved,-,-,Shelby,Memphis,5
13505,300991370,0,3,35.082203,-90.05723,4,2024-12-15 22:26:00,2024,12,15,22,26,Sunday,22:26,Suspected Serious Injury,Dark-Lighted,Rain,Standing Tree,None,MEMPHIS POLICE DEPT,Other,Unbelted,-,-,-,-,-,-,-,-,-,-,-,-,Shelby,Memphis,1
13536,300991535,0,1,35.114719,-85.263144,2,2024-12-16 09:22:00,2024,12,16,9,22,Monday,09:22,Suspected Serious Injury,Daylight,Cloudy,Pedestrian,None,CHATTANOOGA POLICE DEPT,Other,Unbelted,-,-,-,-,-,-,Pedestrian,-,-,-,-,-,Hamilton,Chattanooga,2
13549,300991589,0,1,35.082195,-89.95788,4,2024-12-15 18:20:00,2024,12,15,18,20,Sunday,18:20,Suspected Serious Injury,Dark-Lighted,Rain,Motor Vehicle-In-Transport On Same Roadway,None,MEMPHIS POLICE DEPT,Other,Unbelted,-,-,-,-,-,-,-,-,-,-,-,-,Shelby,Memphis,1
13572,300991700,0,2,35.06232,-89.92616,4,2024-12-14 12:30:00,2024,12,14,12,30,Saturday,12:30,Suspected Serious Injury,Daylight,Rain,Motor Vehicle-In-Transport On Same Roadway,None,MEMPHIS POLICE DEPT,Other,Unbelted,-,-,-,-,-,-,-,-,-,-,-,-,Shelby,Memphis,7
13575,300991710,1,1,35.12068,-89.91744,4,2024-12-16 11:56:00,2024,12,16,11,56,Monday,11:56,Fatal,Daylight,Clear,Motor Vehicle-In-Transport On Same Roadway,None,MEMPHIS POLICE DEPT,Other,Unbelted,-,-,Drug,-,-,-,-,-,-,-,-,-,Shelby,Memphis,2
13585,300991765,0,1,36.537893,-87.36735,3,2024-12-12 17:35:54,2024,12,12,17,35,Thursday,17:35,Suspected Serious Injury,Dark-Lighted,Clear,Motor Vehicle-In-Transport On Same Roadway,None,CLARKSVILLE POLICE DEPT,Other,Unbelted,-,-,-,-,-,-,-,-,-,-,-,-,Montgomery,Clarksville,5
13591,300991792,0,1,35.018469,-85.286938,2,2024-12-16 16:41:00,2024,12,16,16,41,Monday,16:41,Suspected Serious Injury,Daylight,Clear,Guard Rail End,None,CHATTANOOGA POLICE DEPT,Other,Unbelted,-,-,-,-,-,-,-,-,-,-,-,-,Hamilton,Chattanooga,2
13596,300991820,0,1,35.010871,-85.243683,2,2024-12-17 16:55:00,2024,12,17,16,55,Tuesday,16:55,Suspected Serious Injury,Daylight,Clear,Bridge/Overhead Structure,Construction Zone,CHATTANOOGA POLICE DEPT,Other,Unbelted,-,-,-,-,-,-,-,-,-,ATV_Involved,-,-,Hamilton,Chattanooga,3
13604,300991856,0,4,36.590042,-82.252135,5,2024-12-14 18:25:00,2024,12,14,18,25,Saturday,18:25,Suspected Serious Injury,Dark-Not Lighted,Clear,Motor Vehicle-In-Transport On Same Roadway,None,BRISTOL POLICE DEPT,Other,Unbelted,-,-,-,-,-,-,-,-,-,-,-,-,Sullivan,Bristol,7
13610,300991898,0,1,35.05527,-90.06011,4,2024-12-17 09:25:00,2024,12,17,9,25,Tuesday,09:25,Suspected Serious Injury,Daylight,Clear,Motor Vehicle-In-Transport On Same Roadway,None,MEMPHIS POLICE DEPT,Other,Unbelted,-,-,-,-,-,-,-,-,-,-,-,-,Shelby,Memphis,3
13613,300991906,1,0,35.148996,-90.048507,4,2024-12-04 19:25:00,2024,12,4,19,25,Wednesday,19:25,Fatal,Dark-Not Lighted,Clear,Pedestrian,None,SHELBY CO SHERIFFS DEPT,Other,Unbelted,-,-,-,-,-,-,Pedestrian,-,-,-,-,-,Shelby,Not in City Limit,4
13627,300991971,0,2,35.052597,-89.96399,4,2024-12-17 09:22:00,2024,12,17,9,22,Tuesday,09:22,Suspected Serious Injury,Daylight,Clear,Motor Vehicle-In-Transport On Same Roadway,None,MEMPHIS POLICE DEPT,Other,Unbelted,-,-,-,-,-,-,-,-,-,-,-,-,Shelby,Memphis,3