OBJECTID,MRN,Fatality,Injury,Latitude,Longitude,THP_District,Collision_Date,Collision_Year,Collision_Month,Collision_Day,Collision_Hour,Collision_Min,Collision_DOW,Collision_Time,Crash_Type,Light_Condition,Weather,First_Harmfu_Event,Work_Zone_Type,Agency_Name,THP,Unbelted,Distracted_Driver,Driver_Drinking,Driver_Drugged,Drowsy_Driver,Speeding_Involved,Pedalcyclist,Pedestrian,Other_Nonmotorist,ATV_Involved,LargeTruck_Involved,Motorcycle_Involved,SchoolBus,County,City,DOW_Nmb
13662,300992138,0,2,36.629606,-87.350796,3,2024-11-01 16:06:00,2024,11,1,16,6,Friday,16:06,Suspected Serious Injury,Daylight,Clear,Motor Vehicle-In-Transport On Same Roadway,None,CLARKSVILLE POLICE DEPT,Other,Unbelted,-,Drinking,-,-,-,-,-,-,-,-,-,-,Montgomery,Clarksville,6
13667,300992186,0,3,35.221333,-89.894196,4,2024-12-19 05:30:00,2024,12,19,5,30,Thursday,05:30,Suspected Serious Injury,Dark-Unknown Lighting,Clear,Motor Vehicle-In-Transport On Same Roadway,None,MEMPHIS POLICE DEPT,Other,Unbelted,-,-,-,-,-,-,-,-,-,-,-,-,Shelby,Memphis,5
13669,300992202,0,1,36.592472,-82.176315,5,2024-12-19 07:14:00,2024,12,19,7,14,Thursday,07:14,Suspected Serious Injury,Dark-Lighted,Clear,Pedestrian,None,BRISTOL POLICE DEPT,Other,Unbelted,-,-,-,-,-,-,Pedestrian,-,-,-,-,-,Sullivan,Bristol,5
13719,300992415,0,1,35.284865,-89.672395,4,2024-12-15 14:10:00,2024,12,15,14,10,Sunday,14:10,Suspected Serious Injury,Daylight,Clear,Culvert,None,SHELBY CO SHERIFFS DEPT,Other,Unbelted,-,-,-,-,Speeding,-,-,-,-,-,-,-,Shelby,Not in City Limit,1
13723,300992424,1,3,35.05375,-90.00742,4,2024-12-20 02:47:00,2024,12,20,2,47,Friday,02:47,Fatal,Dark-Lighted,Clear,Motor Vehicle-In-Transport On Same Roadway,None,MEMPHIS POLICE DEPT,Other,Unbelted,-,-,Drug,-,-,-,-,-,-,-,-,-,Shelby,Memphis,6
13728,300992450,0,1,35.027168,-85.190755,2,2024-12-19 09:05:00,2024,12,19,9,5,Thursday,09:05,Suspected Serious Injury,Daylight,Clear,Other Fixed Object,None,CHATTANOOGA POLICE DEPT,Other,Unbelted,-,-,-,-,-,-,-,-,-,-,-,-,Hamilton,Chattanooga,5
13736,300992500,0,2,36.09097,-82.76529,5,2024-12-20 15:15:00,2024,12,20,15,15,Friday,15:15,Suspected Serious Injury,Daylight,Sleet/Hail,Motor Vehicle-In-Transport On Same Roadway,None,GREENE CO SHERIFFS DEPT,Other,Unbelted,-,-,-,-,-,-,-,-,-,-,-,-,Greene,Not in City Limit,6
13741,300992553,0,3,35.208252,-90.03297,4,2024-12-20 16:45:00,2024,12,20,16,45,Friday,16:45,Suspected Serious Injury,Daylight,Clear,Motor Vehicle-In-Transport On Same Roadway,None,MEMPHIS POLICE DEPT,Other,Unbelted,-,-,-,-,-,-,-,-,-,-,-,-,Shelby,Memphis,6
13747,300992601,0,4,36.445884,-82.545474,5,2024-12-21 00:23:00,2024,12,21,0,23,Saturday,00:23,Suspected Serious Injury,Dark-Lighted,Clear,Ditch,None,KINGSPORT POLICE DEPARTMENT,Other,Unbelted,-,Drinking,-,-,-,-,-,-,-,-,-,-,Sullivan,Kingsport,7
13771,300992718,0,2,35.061123,-85.302407,2,2024-12-21 17:32:00,2024,12,21,17,32,Saturday,17:32,Suspected Serious Injury,Dark-Lighted,Clear,Motor Vehicle-In-Transport On Same Roadway,None,CHATTANOOGA POLICE DEPT,Other,Unbelted,-,-,-,-,-,-,-,-,-,-,-,-,Hamilton,Chattanooga,7
13776,300992772,0,2,35.085415,-85.194014,2,2024-12-21 19:50:00,2024,12,21,19,50,Saturday,19:50,Suspected Serious Injury,Dark-Not Lighted,Clear,Motor Vehicle-In-Transport On Same Roadway,None,CHATTANOOGA POLICE DEPT,Other,Unbelted,-,-,-,-,-,-,-,-,-,-,-,-,Hamilton,Chattanooga,7
13783,300992843,0,1,35.048506,-85.164347,2,2024-12-22 12:01:00,2024,12,22,12,1,Sunday,12:01,Suspected Serious Injury,Daylight,Clear,Motor Vehicle-In-Transport On Same Roadway,None,CHATTANOOGA POLICE DEPT,Other,Unbelted,-,-,-,-,-,-,-,-,-,-,-,-,Hamilton,Chattanooga,1
13799,300992925,0,1,35.20047,-89.97552,4,2024-12-22 15:25:00,2024,12,22,15,25,Sunday,15:25,Suspected Serious Injury,Daylight,Clear,Pedal-Cycle,None,MEMPHIS POLICE DEPT,Other,Unbelted,-,-,-,-,-,Pedalcyclist,-,-,-,-,-,-,Shelby,Memphis,1
13807,300992967,0,1,35.066723,-89.84361,4,2024-12-23 02:00:00,2024,12,23,2,0,Monday,02:00,Suspected Serious Injury,Dark-Lighted,Clear,Concrete Traffic Barrier,None,MEMPHIS POLICE DEPT,Other,Unbelted,-,-,-,-,-,-,-,-,-,-,-,-,Shelby,Memphis,2
13808,300992993,0,1,35.025595,-89.786922,4,2024-12-20 20:44:00,2024,12,20,20,44,Friday,20:44,Suspected Serious Injury,Dark-Not Lighted,Clear,Mail Box,None,SHELBY CO SHERIFFS DEPT,Other,Unbelted,-,-,-,-,-,-,-,-,-,-,-,-,Shelby,Not in City Limit,6
13816,300993028,0,3,35.02981,-90.00752,4,2024-12-21 11:42:00,2024,12,21,11,42,Saturday,11:42,Suspected Serious Injury,Daylight,Clear,Motor Vehicle-In-Transport On Same Roadway,None,MEMPHIS POLICE DEPT,Other,Unbelted,-,-,-,-,-,-,-,-,-,-,-,-,Shelby,Memphis,7
13817,300993029,0,4,35.214439,-89.825167,4,2024-12-21 17:45:00,2024,12,21,17,45,Saturday,17:45,Suspected Serious Injury,Dark-Lighted,Clear,Motor Vehicle-In-Transport On Same Roadway,None,BARTLETT POLICE DEPT,Other,Unbelted,-,-,-,-,-,-,-,-,-,-,-,-,Shelby,Bartlett,7
13826,300993096,0,2,36.569077,-87.314674,3,2024-12-23 13:19:00,2024,12,23,13,19,Monday,13:19,Suspected Serious Injury,Daylight,Clear,Standing Tree,None,CLARKSVILLE POLICE DEPT,Other,Unbelted,-,-,-,-,-,-,-,-,-,-,-,-,Montgomery,Clarksville,2
13835,300993133,0,1,35.04776,-85.290504,2,2024-12-23 17:00:00,2024,12,23,17,0,Monday,17:00,Suspected Serious Injury,Dark-Lighted,Clear,Motor Vehicle-In-Transport On Same Roadway,None,CHATTANOOGA POLICE DEPT,Other,Unbelted,-,-,-,-,-,-,-,-,-,-,-,-,Hamilton,Chattanooga,2
13851,300993243,0,2,36.1828,-82.770935,5,2024-12-24 12:53:00,2024,12,24,12,53,Tuesday,12:53,Suspected Serious Injury,Daylight,Clear,Motor Vehicle-In-Transport On Same Roadway,None,GREENEVILLE POLICE DEPT,Other,Unbelted,-,-,-,-,-,-,-,-,-,-,-,-,Greene,Greeneville,3
13874,300993376,0,1,35.17917,-89.93622,4,2024-12-24 21:15:00,2024,12,24,21,15,Tuesday,21:15,Suspected Serious Injury,Dark-Lighted,Clear,Motor Vehicle-In-Transport On Same Roadway,None,MEMPHIS POLICE DEPT,Other,Unbelted,-,-,-,-,-,-,-,-,-,ATV_Involved,-,-,Shelby,Memphis,3
13884,300993437,0,3,35.008674,-85.230552,2,2024-12-25 10:12:00,2024,12,25,10,12,Wednesday,10:12,Suspected Serious Injury,Daylight,Clear,Motor Vehicle-In-Transport On Same Roadway,None,CHATTANOOGA POLICE DEPT,Other,Unbelted,-,-,-,-,-,-,-,-,-,-,-,-,Hamilton,Chattanooga,4
13911,300993582,1,1,35.005672,-89.88628,4,2024-12-27 05:40:00,2024,12,27,5,40,Friday,05:40,Fatal,Dawn,Rain,Motor Vehicle-In-Transport On Same Roadway,None,MEMPHIS POLICE DEPT,Other,Unbelted,-,-,-,-,-,-,-,-,-,-,-,-,Shelby,Memphis,6
13912,300993592,0,1,35.061108,-90.009315,4,2024-12-26 19:10:00,2024,12,26,19,10,Thursday,19:10,Suspected Serious Injury,Dark-Lighted,Clear,Pedestrian,None,MEMPHIS POLICE DEPT,Other,Unbelted,-,-,-,-,-,-,Pedestrian,-,-,-,-,-,Shelby,Memphis,5
13913,300993611,0,2,35.579487,-89.642376,4,2024-12-08 17:04:00,2024,12,8,17,4,Sunday,17:04,Suspected Serious Injury,Dark-Lighted,Rain,Motor Vehicle-In-Transport On Same Roadway,None,COVINGTON POLICE DEPT,Other,Unbelted,-,-,-,-,-,-,-,-,-,-,-,-,Tipton,Covington,1
13933,300993723,1,0,35.203773,-89.77249,4,2024-12-27 04:08:00,2024,12,27,4,8,Friday,04:08,Fatal,Dark-Lighted,Rain,Guard Rail Face,None,MEMPHIS POLICE DEPT,Other,Unbelted,-,Drinking,-,-,-,-,-,-,-,-,-,-,Shelby,Memphis,6
13947,300993831,0,2,35.063107,-90.059204,4,2024-12-28 12:55:00,2024,12,28,12,55,Saturday,12:55,Suspected Serious Injury,Daylight,Rain,Motor Vehicle-In-Transport On Same Roadway,None,MEMPHIS POLICE DEPT,Other,Unbelted,-,-,-,-,-,-,-,-,-,-,-,-,Shelby,Memphis,7
13952,300993866,0,1,35.092278,-89.90964,4,2024-12-28 18:20:00,2024,12,28,18,20,Saturday,18:20,Suspected Serious Injury,Dawn,Rain,Pedestrian,None,MEMPHIS POLICE DEPT,Other,-,-,-,-,-,-,-,Pedestrian,-,-,-,-,-,Shelby,Memphis,7
13956,300993889,0,1,36.542656,-82.59707,5,2024-12-28 18:03:00,2024,12,28,18,3,Saturday,18:03,Suspected Serious Injury,Dark-Lighted,Clear,Pedal-Cycle,None,KINGSPORT POLICE DEPARTMENT,Other,Unbelted,-,-,-,-,-,Pedalcyclist,-,-,-,-,-,-,Sullivan,Kingsport,7
13958,300993894,1,1,35.043858,-90.06523,4,2024-12-28 22:12:00,2024,12,28,22,12,Saturday,22:12,Fatal,Dark-Lighted,Rain,Motor Vehicle-In-Transport On Same Roadway,None,MEMPHIS POLICE DEPT,Other,Unbelted,-,-,-,-,-,-,-,-,-,-,-,-,Shelby,Memphis,7
13964,300993909,0,2,35.161617,-89.90989,4,2024-12-28 22:55:00,2024,12,28,22,55,Saturday,22:55,Suspected Serious Injury,Dark-Lighted,Rain,Motor Vehicle-In-Transport On Same Roadway,None,MEMPHIS POLICE DEPT,Other,Unbelted,-,-,-,-,-,-,-,-,-,-,-,-,Shelby,Memphis,7
13965,300993910,0,2,35.049363,-85.321524,2,2024-12-27 21:30:00,2024,12,27,21,30,Friday,21:30,Suspected Serious Injury,Dark-Lighted,Rain,Motor Vehicle-In-Transport On Same Roadway,None,CHATTANOOGA POLICE DEPT,Other,Unbelted,-,-,-,-,-,-,-,-,-,ATV_Involved,-,-,Hamilton,Chattanooga,6
13987,300994040,0,1,35.3796,-89.86909,4,2024-12-28 23:00:00,2024,12,28,23,0,Saturday,23:00,Suspected Serious Injury,Dark-Not Lighted,Rain,Pedestrian,None,MILLINGTON POLICE DEPT,Other,Unbelted,-,-,-,-,-,-,Pedestrian,-,-,-,-,-,Shelby,Millington,7
13989,300994047,0,2,35.4429,-89.81687,4,2024-12-29 17:00:00,2024,12,29,17,0,Sunday,17:00,Suspected Serious Injury,Dawn,Clear,Motor Vehicle-In-Transport On Same Roadway,None,MUNFORD POLICE DEPT,Other,Unbelted,-,-,-,Drowsy,-,-,-,-,-,-,-,-,Tipton,Munford,1
13997,300994089,0,3,35.1782,-89.7799,4,2024-12-27 14:43:00,2024,12,27,14,43,Friday,14:43,Suspected Serious Injury,Daylight,Clear,Standing Tree,None,SHELBY CO SHERIFFS DEPT,Other,Unbelted,-,-,-,-,-,-,-,-,-,-,-,-,Shelby,Not in City Limit,6
14009,300994152,1,0,36.150707,-82.82466,5,2024-12-30 09:22:00,2024,12,30,9,22,Monday,09:22,Fatal,Daylight,Clear,Standing Tree,None,GREENEVILLE POLICE DEPT,Other,Unbelted,-,-,-,-,-,-,-,-,-,ATV_Involved,-,-,Greene,Greeneville,2
14033,300994286,0,2,35.071636,-89.89879,4,2024-12-31 06:50:00,2024,12,31,6,50,Tuesday,06:50,Suspected Serious Injury,Daylight,Clear,Motor Vehicle-In-Transport On Same Roadway,None,MEMPHIS POLICE DEPT,Other,Unbelted,-,-,-,-,-,-,-,-,-,-,-,-,Shelby,Memphis,3
14039,300994327,0,1,35.15902,-84.83463,2,2024-12-31 07:37:00,2024,12,31,7,37,Tuesday,07:37,Suspected Serious Injury,Daylight,Clear,Ditch,None,CLEVELAND POLICE DEPT,Other,Unbelted,-,-,-,Drowsy,-,-,-,-,-,-,-,-,Bradley,Cleveland,3
14054,300994411,0,4,35.03862,-89.85628,4,2024-12-31 23:02:00,2024,12,31,23,2,Tuesday,23:02,Suspected Serious Injury,Dark-Lighted,Cloudy,Motor Vehicle-In-Transport On Same Roadway,None,MEMPHIS POLICE DEPT,Other,Unbelted,-,Drinking,-,-,-,-,-,-,-,-,-,-,Shelby,Memphis,3
14055,300994415,0,2,35.131355,-90.0463,4,2025-01-01 02:52:00,2025,1,1,2,52,Wednesday,02:52,Suspected Serious Injury,Dark-Lighted,Clear,Embankment Earth,None,MEMPHIS POLICE DEPT,Other,Unbelted,-,-,-,-,-,-,-,-,-,-,-,-,Shelby,Memphis,4
14066,300994444,0,2,35.130943,-89.86757,4,2025-01-01 05:20:00,2025,1,1,5,20,Wednesday,05:20,Suspected Serious Injury,Dark-Lighted,Clear,Motor Vehicle-In-Transport On Same Roadway,None,MEMPHIS POLICE DEPT,Other,Unbelted,-,-,-,-,-,-,-,-,-,-,-,-,Shelby,Memphis,4
14089,300994558,0,1,35.018322,-90.04519,4,2025-01-01 00:00:00,2025,1,1,0,0,Wednesday,00:00,Suspected Serious Injury,Dark-Not Lighted,Clear,Pedestrian,None,MEMPHIS POLICE DEPT,Other,Unbelted,-,-,-,-,-,-,Pedestrian,-,-,-,-,-,Shelby,Memphis,4
14099,300994606,1,0,35.128716,-90.02108,4,2025-01-01 21:06:00,2025,1,1,21,6,Wednesday,21:06,Fatal,Dark-Lighted,Clear,Pedestrian,None,MEMPHIS POLICE DEPT,Other,Unbelted,-,-,-,-,-,-,Pedestrian,-,-,-,-,-,Shelby,Memphis,4
14118,300994717,0,3,35.1031,-89.986374,4,2025-01-02 23:35:00,2025,1,2,23,35,Thursday,23:35,Suspected Serious Injury,Dark-Lighted,Clear,Motor Vehicle-In-Transport On Same Roadway,None,MEMPHIS POLICE DEPT,Other,Unbelted,-,-,-,-,-,-,-,-,-,-,-,-,Shelby,Memphis,5
14181,300995182,0,1,36.533282,-87.365868,3,2024-12-30 15:24:00,2024,12,30,15,24,Monday,15:24,Suspected Serious Injury,Daylight,Clear,Motor Vehicle-In-Transport On Same Roadway,None,CLARKSVILLE POLICE DEPT,Other,Unbelted,-,-,-,-,Speeding,-,-,-,-,-,Motorcyclist,-,Montgomery,Clarksville,2
14187,300995201,0,1,35.024151,-85.246464,2,2025-01-06 08:14:00,2025,1,6,8,14,Monday,08:14,Suspected Serious Injury,Daylight,Clear,Motor Vehicle-In-Transport On Same Roadway,None,CHATTANOOGA POLICE DEPT,Other,Unbelted,-,-,-,-,-,-,-,-,-,-,-,-,Hamilton,Chattanooga,2
14192,300995221,1,0,35.243914,-89.777023,4,2025-01-05 16:00:00,2025,1,5,16,0,Sunday,16:00,Fatal,Daylight,Rain,Mail Box,None,BARTLETT POLICE DEPT,Other,Unbelted,-,-,-,-,-,-,-,-,-,-,-,-,Shelby,Bartlett,1
14199,300995275,1,0,35.22545,-90.03657,4,2025-01-06 16:38:00,2025,1,6,16,38,Monday,16:38,Fatal,Daylight,Clear,Motor Vehicle-In-Transport On Same Roadway,None,MEMPHIS POLICE DEPT,Other,Unbelted,-,Drinking,Drug,-,-,-,-,-,-,ATV_Involved,-,-,Shelby,Memphis,2
14207,300995341,0,3,36.627689,-87.35885,3,2025-01-06 16:47:49,2025,1,6,16,47,Monday,16:47,Suspected Serious Injury,Dusk,Cloudy,Motor Vehicle-In-Transport On Same Roadway,None,CLARKSVILLE POLICE DEPT,Other,Unbelted,-,-,-,-,-,-,-,-,-,-,-,-,Montgomery,Clarksville,2
14213,300995378,0,2,35.151985,-84.9464,2,2025-01-06 10:36:00,2025,1,6,10,36,Monday,10:36,Suspected Serious Injury,Daylight,Sleet/Hail,Motor Vehicle-In-Transport On Same Roadway,None,CLEVELAND POLICE DEPT,Other,Unbelted,-,-,-,-,-,-,-,-,-,ATV_Involved,-,-,Bradley,Cleveland,2
14215,300995399,1,0,35.044892,-85.312052,2,2025-01-07 17:22:00,2025,1,7,17,22,Tuesday,17:22,Fatal,Daylight,Clear,Pedal-Cycle,None,CHATTANOOGA POLICE DEPT,Other,Unbelted,-,-,-,-,-,Pedalcyclist,-,-,-,-,-,-,Hamilton,Chattanooga,3
14219,300995406,0,2,35.141262,-84.87189,2,2025-01-07 18:04:00,2025,1,7,18,4,Tuesday,18:04,Suspected Serious Injury,Dusk,Clear,Motor Vehicle-In-Transport On Same Roadway,None,CLEVELAND POLICE DEPT,Other,Unbelted,-,-,-,-,-,-,-,-,-,-,-,-,Bradley,Cleveland,3
14227,300995438,0,3,36.563225,-82.56919,5,2025-01-07 18:33:00,2025,1,7,18,33,Tuesday,18:33,Suspected Serious Injury,Dark-Lighted,Clear,Motor Vehicle-In-Transport On Same Roadway,None,KINGSPORT POLICE DEPARTMENT,Other,Unbelted,-,-,-,-,-,-,-,-,-,-,-,-,Sullivan,Kingsport,3
14228,300995439,0,1,35.00608,-89.93681,4,2025-01-07 20:00:00,2025,1,7,20,0,Tuesday,20:00,Suspected Serious Injury,Dark-Lighted,Clear,Motor Vehicle-In-Transport On Same Roadway,None,MEMPHIS POLICE DEPT,Other,Unbelted,-,-,-,-,-,-,-,-,-,-,-,-,Shelby,Memphis,3
14291,300995831,0,1,35.11482,-89.99287,4,2025-01-09 21:00:00,2025,1,9,21,0,Thursday,21:00,Suspected Serious Injury,Dark-Lighted,Clear,Motor Vehicle-In-Transport On Same Roadway,None,MEMPHIS POLICE DEPT,Other,Unbelted,-,-,-,-,-,-,-,-,-,-,-,-,Shelby,Memphis,5
14304,300995951,1,0,35.000919,-89.88357,4,2025-01-09 22:15:00,2025,1,9,22,15,Thursday,22:15,Fatal,Dark-Lighted,Clear,Motor Vehicle-In-Transport On Same Roadway,None,MEMPHIS POLICE DEPT,Other,Unbelted,-,Drinking,Drug,-,-,-,-,-,-,ATV_Involved,-,-,Shelby,Memphis,5
14310,300995972,0,1,35.07932,-89.98868,4,2025-01-10 11:15:00,2025,1,10,11,15,Friday,11:15,Suspected Serious Injury,Daylight,Snow,Utility Pole,None,MEMPHIS POLICE DEPT,Other,Unbelted,-,-,-,-,-,-,-,-,-,-,-,-,Shelby,Memphis,6
14318,300996027,0,1,35.229916,-89.925354,4,2025-01-10 10:00:00,2025,1,10,10,0,Friday,10:00,Suspected Serious Injury,Daylight,Snow,Utility Pole,None,MEMPHIS POLICE DEPT,Other,Unbelted,-,-,-,-,-,-,-,-,-,-,-,-,Shelby,Memphis,6
14328,300996077,0,1,35.15145,-90.04079,4,2025-01-12 00:50:00,2025,1,12,0,50,Sunday,00:50,Suspected Serious Injury,Dark-Lighted,Snow,Concrete Traffic Barrier,None,MEMPHIS POLICE DEPT,Other,Unbelted,-,-,-,-,-,-,-,-,-,-,-,-,Shelby,Memphis,1
14329,300996082,0,2,35.083187,-89.95907,4,2025-01-12 00:40:00,2025,1,12,0,40,Sunday,00:40,Suspected Serious Injury,Dark-Not Lighted,Clear,Motor Vehicle-In-Transport On Same Roadway,None,MEMPHIS POLICE DEPT,Other,Unbelted,-,-,-,-,-,-,-,-,-,-,-,-,Shelby,Memphis,1
14335,300996126,0,1,35.020386,-89.83988,4,2025-01-12 14:42:00,2025,1,12,14,42,Sunday,14:42,Suspected Serious Injury,Daylight,Clear,Motor Vehicle-In-Transport On Same Roadway,None,MEMPHIS POLICE DEPT,Other,Unbelted,-,-,-,-,-,-,-,-,-,-,-,-,Shelby,Memphis,1
14338,300996140,0,1,35.061832,-89.884315,4,2025-01-12 18:00:00,2025,1,12,18,0,Sunday,18:00,Suspected Serious Injury,Unknown,Clear,Pedestrian,None,MEMPHIS POLICE DEPT,Other,Unbelted,-,-,-,-,-,-,Pedestrian,-,-,-,-,-,Shelby,Memphis,1
14340,300996151,1,0,35.122568,-90.054533,4,2025-01-12 19:16:00,2025,1,12,19,16,Sunday,19:16,Fatal,Dark-Lighted,Clear,Pedestrian,None,MEMPHIS POLICE DEPT,Other,Unbelted,-,-,-,-,-,-,Pedestrian,-,-,ATV_Involved,-,-,Shelby,Memphis,1
14341,300996152,0,1,35.225437,-90.02319,4,2025-01-12 01:17:00,2025,1,12,1,17,Sunday,01:17,Suspected Serious Injury,Dark-Lighted,Clear,Motor Vehicle-In-Transport On Same Roadway,None,MEMPHIS POLICE DEPT,Other,Unbelted,-,-,-,-,-,-,-,-,-,-,-,-,Shelby,Memphis,1
14360,300996345,0,4,35.123558,-89.86841,4,2025-01-14 01:05:00,2025,1,14,1,5,Tuesday,01:05,Suspected Serious Injury,Dark-Lighted,Clear,Parked Motor Vehicle,None,MEMPHIS POLICE DEPT,Other,Unbelted,-,-,-,-,-,-,Pedestrian,-,-,-,-,-,Shelby,Memphis,3
14375,300996444,1,0,35.189926,-84.84673,2,2025-01-13 15:28:00,2025,1,13,15,28,Monday,15:28,Fatal,Daylight,Clear,Guard Rail Face,None,CLEVELAND POLICE DEPT,Other,Unbelted,-,-,-,-,-,-,-,-,-,-,-,-,Bradley,Cleveland,2
14379,300996461,0,3,35.115788,-90.04342,4,2025-01-14 15:15:00,2025,1,14,15,15,Tuesday,15:15,Suspected Serious Injury,Daylight,Clear,Motor Vehicle-In-Transport On Same Roadway,None,MEMPHIS POLICE DEPT,Other,Unbelted,-,-,-,-,-,-,-,-,-,-,-,-,Shelby,Memphis,3
14380,300996467,1,2,35.021023,-90.00753,4,2025-01-14 13:40:00,2025,1,14,13,40,Tuesday,13:40,Fatal,Daylight,Clear,Motor Vehicle-In-Transport On Same Roadway,None,MEMPHIS POLICE DEPT,Other,Unbelted,-,-,-,-,-,-,-,-,-,-,-,-,Shelby,Memphis,3
14395,300996571,1,2,35.071374,-85.106505,2,2025-01-14 12:58:00,2025,1,14,12,58,Tuesday,12:58,Fatal,Daylight,Clear,Motor Vehicle-In-Transport On Same Roadway,None,CHATTANOOGA POLICE DEPT,Other,Unbelted,-,-,-,-,-,-,-,-,-,ATV_Involved,-,-,Hamilton,Chattanooga,3
14409,300996659,1,1,35.44945,-89.78291,4,2025-01-13 19:59:00,2025,1,13,19,59,Monday,19:59,Fatal,Dark-Lighted,Clear,Motor Vehicle-In-Transport On Same Roadway,None,MUNFORD POLICE DEPT,Other,Unbelted,-,-,-,-,-,-,-,-,-,-,-,-,Tipton,Munford,2
14414,300996685,0,4,35.04233,-85.299667,2,2025-01-16 07:40:00,2025,1,16,7,40,Thursday,07:40,Suspected Serious Injury,Daylight,Clear,Parked Motor Vehicle,None,CHATTANOOGA POLICE DEPT,Other,Unbelted,-,-,-,Drowsy,-,-,-,-,-,-,-,-,Hamilton,Chattanooga,5
14428,300996755,0,3,35.051571,-85.253366,2,2025-01-15 21:20:00,2025,1,15,21,20,Wednesday,21:20,Suspected Serious Injury,Dark-Lighted,Clear,Motor Vehicle-In-Transport On Same Roadway,None,CHATTANOOGA POLICE DEPT,Other,Unbelted,-,Drinking,-,-,-,-,-,-,-,-,-,-,Hamilton,Chattanooga,4
14437,300996815,0,4,35.05527,-90.06011,4,2025-01-16 18:32:00,2025,1,16,18,32,Thursday,18:32,Suspected Serious Injury,Dawn,Clear,Motor Vehicle-In-Transport On Same Roadway,None,MEMPHIS POLICE DEPT,Other,Unbelted,-,-,-,-,-,-,-,-,-,-,-,-,Shelby,Memphis,5
14439,300996825,0,2,36.32592,-82.35348,5,2025-01-16 04:48:00,2025,1,16,4,48,Thursday,04:48,Suspected Serious Injury,Dark-Lighted,Clear,Motor Vehicle-In-Transport On Same Roadway,None,JOHNSON CITY POLICE DEPT,Other,Unbelted,-,-,-,-,-,-,-,-,-,-,-,-,Washington,Johnson City,5
14452,300996895,0,1,35.135574,-89.96227,4,2025-01-17 10:29:00,2025,1,17,10,29,Friday,10:29,Suspected Serious Injury,Daylight,Clear,Pedestrian,None,MEMPHIS POLICE DEPT,Other,Unbelted,-,-,-,-,-,-,Pedestrian,-,-,-,-,-,Shelby,Memphis,6
14476,300997018,1,0,35.107574,-89.93422,4,2025-01-17 19:26:00,2025,1,17,19,26,Friday,19:26,Fatal,Dark-Not Lighted,Rain,Pedestrian,None,MEMPHIS POLICE DEPT,Other,Unbelted,-,-,-,-,-,-,Pedestrian,-,-,-,-,-,Shelby,Memphis,6
14477,300997019,1,0,35.043083,-89.86638,4,2025-01-17 21:25:00,2025,1,17,21,25,Friday,21:25,Fatal,Dark-Lighted,Rain,Motor Vehicle-In-Transport On Same Roadway,None,MEMPHIS POLICE DEPT,Other,Unbelted,-,-,-,-,Speeding,-,-,-,-,-,-,-,Shelby,Memphis,6
14486,300997077,0,2,35.032364,-85.273214,2,2025-01-18 11:43:00,2025,1,18,11,43,Saturday,11:43,Suspected Serious Injury,Daylight,Rain,Pedestrian,None,CHATTANOOGA POLICE DEPT,Other,Unbelted,-,-,-,-,-,-,Pedestrian,-,-,-,-,-,Hamilton,Chattanooga,7
14499,300997162,0,1,35.173084,-89.79497,4,2025-01-18 15:20:00,2025,1,18,15,20,Saturday,15:20,Suspected Serious Injury,Daylight,Clear,Pedestrian,None,MEMPHIS POLICE DEPT,Other,Unbelted,-,-,-,-,-,-,Pedestrian,-,-,-,-,-,Shelby,Memphis,7
14520,300997288,0,2,36.625174,-87.366324,3,2025-01-04 23:50:00,2025,1,4,23,50,Saturday,23:50,Suspected Serious Injury,Dark-Not Lighted,Clear,"Over Turn, Roll Over",None,CLARKSVILLE POLICE DEPT,Other,Unbelted,-,Drinking,-,-,-,-,-,-,-,-,-,-,Montgomery,Clarksville,7
14536,300997377,0,3,35.08655,-90.06292,4,2025-01-19 21:37:00,2025,1,19,21,37,Sunday,21:37,Suspected Serious Injury,Dark-Lighted,Clear,Motor Vehicle-In-Transport On Same Roadway,None,MEMPHIS POLICE DEPT,Other,Unbelted,-,-,-,-,-,-,-,-,-,-,-,-,Shelby,Memphis,1
14537,300997378,0,3,35.08995,-85.19263,2,2025-01-16 14:59:00,2025,1,16,14,59,Thursday,14:59,Suspected Serious Injury,Daylight,Clear,Motor Vehicle-In-Transport On Same Roadway,None,CHATTANOOGA POLICE DEPT,Other,Unbelted,-,-,-,-,-,-,-,-,-,-,-,-,Hamilton,Chattanooga,5
14540,300997390,0,1,35.05229,-89.953426,4,2025-01-19 18:57:00,2025,1,19,18,57,Sunday,18:57,Suspected Serious Injury,Dark-Lighted,Clear,Motor Vehicle-In-Transport On Same Roadway,None,MEMPHIS POLICE DEPT,Other,Unbelted,Distracted,-,-,-,-,-,Pedestrian,-,-,-,-,-,Shelby,Memphis,1
14554,300997460,0,1,35.104794,-89.94756,4,2025-01-19 23:26:00,2025,1,19,23,26,Sunday,23:26,Suspected Serious Injury,Dark-Lighted,Clear,Standing Tree,None,MEMPHIS POLICE DEPT,Other,Unbelted,-,-,-,-,-,-,-,-,-,-,-,-,Shelby,Memphis,1
14561,300997495,1,0,35.127339,-85.242188,2,2025-01-18 18:34:00,2025,1,18,18,34,Saturday,18:34,Fatal,Dark-Not Lighted,Cloudy,Pedestrian,None,CHATTANOOGA POLICE DEPT,Other,Unbelted,-,-,-,-,-,-,Pedestrian,-,-,-,-,-,Hamilton,Chattanooga,7
14569,300997535,0,2,35.207024,-84.85209,2,2025-01-20 08:00:00,2025,1,20,8,0,Monday,08:00,Suspected Serious Injury,Daylight,Clear,Motor Vehicle-In-Transport On Same Roadway,None,CLEVELAND POLICE DEPT,Other,Unbelted,-,-,-,-,-,-,-,-,-,-,-,-,Bradley,Cleveland,2
14616,300997773,1,1,35.14511,-89.888084,4,2025-01-22 16:05:00,2025,1,22,16,5,Wednesday,16:05,Fatal,Daylight,Clear,Motor Vehicle-In-Transport On Same Roadway,None,MEMPHIS POLICE DEPT,Other,Unbelted,-,-,-,-,-,-,-,-,-,-,-,-,Shelby,Memphis,4