OBJECTID,MRN,Fatality,Injury,Latitude,Longitude,THP_District,Collision_Date,Collision_Year,Collision_Month,Collision_Day,Collision_Hour,Collision_Min,Collision_DOW,Collision_Time,Crash_Type,Light_Condition,Weather,First_Harmfu_Event,Work_Zone_Type,Agency_Name,THP,Unbelted,Distracted_Driver,Driver_Drinking,Driver_Drugged,Drowsy_Driver,Speeding_Involved,Pedalcyclist,Pedestrian,Other_Nonmotorist,ATV_Involved,LargeTruck_Involved,Motorcycle_Involved,SchoolBus,County,City,DOW_Nmb
14617,300997774,2,5,35.07762,-89.95247,4,2025-01-22 20:38:00,2025,1,22,20,38,Wednesday,20:38,Fatal,Dark-Lighted,Clear,Motor Vehicle-In-Transport On Same Roadway,None,MEMPHIS POLICE DEPT,Other,Unbelted,-,Drinking,Drug,-,-,-,-,-,-,-,-,-,Shelby,Memphis,4
14620,300997783,0,1,36.389084,-82.44141,5,2025-01-23 03:09:00,2025,1,23,3,9,Thursday,03:09,Suspected Serious Injury,Dark-Not Lighted,Clear,Motor Vehicle-In-Transport On Same Roadway,None,JOHNSON CITY POLICE DEPT,Other,Unbelted,-,Drinking,-,-,-,-,-,-,-,-,-,-,Washington,Johnson City,5
14661,300998084,0,1,35.178547,-90.00811,4,2025-01-24 08:03:00,2025,1,24,8,3,Friday,08:03,Suspected Serious Injury,Daylight,Clear,Motor Vehicle-In-Transport On Same Roadway,None,MEMPHIS POLICE DEPT,Other,Unbelted,-,-,-,-,-,-,-,-,-,-,-,-,Shelby,Memphis,6
14670,300998148,1,2,36.541604,-87.359223,3,2025-01-22 19:21:00,2025,1,22,19,21,Wednesday,19:21,Fatal,Dark-Lighted,Clear,Motor Vehicle-In-Transport On Same Roadway,None,CLARKSVILLE POLICE DEPT,Other,Unbelted,-,-,Drug,-,-,-,-,-,-,-,-,-,Montgomery,Clarksville,4
14672,300998156,0,1,35.200768,-90.0011,4,2025-01-25 01:33:00,2025,1,25,1,33,Saturday,01:33,Suspected Serious Injury,Dark-Lighted,Clear,Utility Pole,None,MEMPHIS POLICE DEPT,Other,Unbelted,-,-,-,-,-,-,-,-,-,-,-,-,Shelby,Memphis,7
14688,300998239,0,3,35.108263,-85.145157,2,2025-01-25 12:58:00,2025,1,25,12,58,Saturday,12:58,Suspected Serious Injury,Daylight,Clear,Motor Vehicle-In-Transport On Same Roadway,None,CHATTANOOGA POLICE DEPT,Other,Unbelted,-,-,-,-,-,-,-,-,-,-,-,-,Hamilton,Chattanooga,7
14698,300998302,0,2,35.074574,-89.86097,4,2025-01-26 02:00:00,2025,1,26,2,0,Sunday,02:00,Suspected Serious Injury,Dark-Lighted,Rain,Motor Vehicle-In-Transport On Same Roadway,None,MEMPHIS POLICE DEPT,Other,Unbelted,-,-,-,Drowsy,-,-,-,-,-,-,-,-,Shelby,Memphis,1
14701,300998325,0,3,35.062172,-89.85668,4,2025-01-26 04:23:00,2025,1,26,4,23,Sunday,04:23,Suspected Serious Injury,Dark-Not Lighted,Rain,Motor Vehicle-In-Transport On Same Roadway,None,MEMPHIS POLICE DEPT,Other,Unbelted,-,-,-,-,-,-,-,-,-,-,-,-,Shelby,Memphis,1
14711,300998385,0,2,35.052246,-89.979324,4,2025-01-26 15:22:00,2025,1,26,15,22,Sunday,15:22,Suspected Serious Injury,Daylight,Clear,Motor Vehicle-In-Transport On Same Roadway,None,MEMPHIS POLICE DEPT,Other,Unbelted,-,-,-,-,-,-,-,-,-,-,-,-,Shelby,Memphis,1
14712,300998387,0,1,35.168766,-85.237467,2,2025-01-26 17:25:00,2025,1,26,17,25,Sunday,17:25,Suspected Serious Injury,Dusk,Clear,Standing Tree,None,CHATTANOOGA POLICE DEPT,Other,Unbelted,-,-,-,-,-,-,-,-,-,-,-,-,Hamilton,Chattanooga,1
14715,300998409,0,1,35.199635,-89.970535,4,2025-01-26 19:58:00,2025,1,26,19,58,Sunday,19:58,Suspected Serious Injury,Dark-Not Lighted,Rain,Pedestrian,None,MEMPHIS POLICE DEPT,Other,Unbelted,-,-,-,-,-,-,Pedestrian,-,-,-,-,-,Shelby,Memphis,1
14721,300998431,0,1,35.14833,-90.05063,4,2025-01-26 18:00:00,2025,1,26,18,0,Sunday,18:00,Suspected Serious Injury,Dark-Lighted,Rain,Pedestrian,None,MEMPHIS POLICE DEPT,Other,-,-,-,-,-,-,-,Pedestrian,-,-,-,-,-,Shelby,Memphis,1
14743,300998563,0,1,35.030474,-85.284289,2,2025-01-27 15:25:00,2025,1,27,15,25,Monday,15:25,Suspected Serious Injury,Daylight,Clear,Pedal-Cycle,None,CHATTANOOGA POLICE DEPT,Other,Unbelted,-,-,-,-,-,Pedalcyclist,-,-,-,-,-,-,Hamilton,Chattanooga,2
14751,300998644,0,1,35.153526,-84.89457,2,2025-01-28 05:50:00,2025,1,28,5,50,Tuesday,05:50,Suspected Serious Injury,Dark-Lighted,Clear,Pedal-Cycle,None,CLEVELAND POLICE DEPT,Other,Unbelted,-,-,-,-,-,Pedalcyclist,-,-,-,ATV_Involved,-,-,Bradley,Cleveland,3
14766,300998721,1,0,35.171772,-90.015183,4,2025-01-28 18:05:00,2025,1,28,18,5,Tuesday,18:05,Fatal,Dark-Lighted,Clear,Utility Pole,None,MEMPHIS POLICE DEPT,Other,Unbelted,-,-,-,-,-,-,-,-,-,-,-,-,Shelby,Memphis,3
14776,300998766,0,1,35.43947,-84.61915,2,2025-01-28 12:58:00,2025,1,28,12,58,Tuesday,12:58,Suspected Serious Injury,Daylight,Clear,Motor Vehicle-In-Transport On Same Roadway,None,ATHENS POLICE DEPT,Other,Unbelted,-,-,-,Drowsy,-,-,-,-,-,-,-,-,McMinn,Athens,3
14781,300998785,0,2,35.147961,-90.053485,4,2025-01-24 08:00:00,2025,1,24,8,0,Friday,08:00,Suspected Serious Injury,Daylight,Clear,Motor Vehicle-In-Transport On Same Roadway,None,SHELBY CO SHERIFFS DEPT,Other,Unbelted,-,-,-,-,-,-,-,-,-,-,-,Direct,Shelby,Not in City Limit,6
14822,300998968,1,1,36.602432,-87.279975,3,2025-01-24 23:23:00,2025,1,24,23,23,Friday,23:23,Fatal,Dark-Lighted,Clear,Motor Vehicle-In-Transport On Same Roadway,None,CLARKSVILLE POLICE DEPT,Other,Unbelted,-,Drinking,Drug,-,-,-,-,-,-,ATV_Involved,-,-,Montgomery,Clarksville,6
14824,300998973,0,1,36.526795,-87.350433,3,2025-01-29 15:18:37,2025,1,29,15,18,Wednesday,15:18,Suspected Serious Injury,Daylight,Clear,Wall,None,CLARKSVILLE POLICE DEPT,Other,-,-,-,-,-,Speeding,-,-,-,-,-,Motorcyclist,-,Montgomery,Clarksville,4
14834,300999033,0,2,36.531765,-82.38555,5,2025-01-30 16:18:00,2025,1,30,16,18,Thursday,16:18,Suspected Serious Injury,Daylight,Rain,Motor Vehicle-In-Transport On Same Roadway,None,KINGSPORT POLICE DEPARTMENT,Other,Unbelted,-,-,-,-,-,-,-,-,-,-,-,-,Sullivan,Kingsport,5
14839,300999075,0,1,35.041022,-85.297957,2,2025-01-30 15:58:00,2025,1,30,15,58,Thursday,15:58,Suspected Serious Injury,Daylight,Clear,Luminaire Light Support,None,CHATTANOOGA POLICE DEPT,Other,Unbelted,-,-,-,-,-,-,-,-,-,-,-,-,Hamilton,Chattanooga,5
14852,300999147,0,1,35.136433,-84.87391,2,2025-01-27 20:32:00,2025,1,27,20,32,Monday,20:32,Suspected Serious Injury,Dark-Lighted,Clear,Embankment Earth,None,CLEVELAND POLICE DEPT,Other,Unbelted,-,-,-,-,-,-,-,-,-,-,-,-,Bradley,Cleveland,2
14860,300999173,0,1,36.170074,-82.873985,5,2025-01-31 08:00:00,2025,1,31,8,0,Friday,08:00,Suspected Serious Injury,Daylight,Clear,Motor Vehicle-In-Transport On Same Roadway,None,GREENEVILLE POLICE DEPT,Other,Unbelted,-,-,-,-,-,-,-,-,-,-,-,-,Greene,Greeneville,6
14888,300999319,0,2,35.06016,-89.84379,4,2025-01-31 22:20:00,2025,1,31,22,20,Friday,22:20,Suspected Serious Injury,Dark-Lighted,Clear,Motor Vehicle-In-Transport On Same Roadway,None,MEMPHIS POLICE DEPT,Other,Unbelted,-,-,-,-,-,-,-,-,-,-,-,-,Shelby,Memphis,6
14914,300999436,0,1,35.1746,-89.91715,4,2025-01-31 21:24:00,2025,1,31,21,24,Friday,21:24,Suspected Serious Injury,Dark-Lighted,Clear,Pedal-Cycle,None,MEMPHIS POLICE DEPT,Other,Unbelted,-,Drinking,-,-,-,Pedalcyclist,-,-,-,-,-,-,Shelby,Memphis,6
14915,300999437,1,0,35.13874,-89.775246,4,2025-02-01 02:45:00,2025,2,1,2,45,Saturday,02:45,Fatal,Dark-Lighted,Clear,Curb,None,MEMPHIS POLICE DEPT,Other,Unbelted,-,-,-,-,Speeding,-,-,-,-,-,-,-,Shelby,Memphis,7
14923,300999469,0,3,36.372967,-82.37382,5,2025-01-31 14:50:00,2025,1,31,14,50,Friday,14:50,Suspected Serious Injury,Daylight,Rain,Motor Vehicle-In-Transport On Same Roadway,None,JOHNSON CITY POLICE DEPT,Other,Unbelted,-,-,-,-,-,-,-,-,-,-,-,-,Washington,Johnson City,6
14957,300999641,0,2,35.018546,-85.29386,2,2025-02-01 00:57:00,2025,2,1,0,57,Saturday,00:57,Suspected Serious Injury,Dark-Lighted,Rain,Guard Rail Face,None,CHATTANOOGA POLICE DEPT,Other,Unbelted,-,-,-,-,Speeding,-,-,-,-,-,-,-,Hamilton,Chattanooga,7
14962,300999666,0,1,35.154545,-89.9733,4,2025-02-03 14:16:00,2025,2,3,14,16,Monday,14:16,Suspected Serious Injury,Daylight,Clear,Pedestrian,None,MEMPHIS POLICE DEPT,Other,Unbelted,-,-,-,-,-,-,Pedestrian,-,-,-,-,-,Shelby,Memphis,2
14972,300999727,0,2,35.008461,-85.238021,2,2025-02-02 18:35:00,2025,2,2,18,35,Sunday,18:35,Suspected Serious Injury,Dark-Not Lighted,Clear,Motor Vehicle-In-Transport On Same Roadway,None,CHATTANOOGA POLICE DEPT,Other,Unbelted,-,Drinking,Drug,-,-,-,-,-,-,-,-,-,Hamilton,Chattanooga,1
14980,300999762,1,1,35.04764,-90.00713,4,2025-02-03 22:41:00,2025,2,3,22,41,Monday,22:41,Fatal,Dark-Lighted,Clear,Motor Vehicle-In-Transport On Same Roadway,None,MEMPHIS POLICE DEPT,Other,Unbelted,-,-,Drug,-,-,-,-,-,-,-,-,-,Shelby,Memphis,2
14982,300999774,0,2,35.009239,-85.127942,2,2025-02-03 15:48:00,2025,2,3,15,48,Monday,15:48,Suspected Serious Injury,Daylight,Clear,Culvert,None,CHATTANOOGA POLICE DEPT,Other,Unbelted,-,-,-,-,-,-,-,-,-,-,-,-,Hamilton,Chattanooga,2
14996,300999872,0,1,35.030781,-85.260686,2,2025-02-03 15:40:00,2025,2,3,15,40,Monday,15:40,Suspected Serious Injury,Daylight,Clear,Concrete Traffic Barrier,None,CHATTANOOGA POLICE DEPT,Other,-,-,-,-,-,-,-,-,-,-,-,Motorcyclist,-,Hamilton,Chattanooga,2
15004,300999925,0,1,35.050526,-89.90229,4,2025-02-04 18:08:00,2025,2,4,18,8,Tuesday,18:08,Suspected Serious Injury,Dusk,Clear,Pedestrian,None,MEMPHIS POLICE DEPT,Other,Unbelted,-,-,-,-,-,-,Pedestrian,-,-,-,-,-,Shelby,Memphis,3
15009,300999941,1,0,35.13684,-90.01668,4,2025-02-05 00:27:00,2025,2,5,0,27,Wednesday,00:27,Fatal,Dark-Lighted,Clear,Pedestrian,None,MEMPHIS POLICE DEPT,Other,Unbelted,-,-,-,-,-,-,Pedestrian,-,-,-,-,-,Shelby,Memphis,4
15010,300999954,2,1,35.148,-89.944565,4,2025-02-04 10:45:00,2025,2,4,10,45,Tuesday,10:45,Fatal,Daylight,Rain,Guard Rail Face,None,MEMPHIS POLICE DEPT,Other,Unbelted,-,Drinking,Drug,-,Speeding,-,-,-,-,-,-,-,Shelby,Memphis,3
15014,300999966,1,1,36.629975,-87.403185,3,2025-01-31 18:38:00,2025,1,31,18,38,Friday,18:38,Fatal,Dark-Lighted,Clear,Pedestrian,None,CLARKSVILLE POLICE DEPT,Other,Unbelted,-,-,-,-,-,-,Pedestrian,-,-,-,-,-,Montgomery,Clarksville,6
15015,300999967,1,0,36.504526,-87.355535,3,2025-02-02 14:04:00,2025,2,2,14,4,Sunday,14:04,Fatal,Daylight,Clear,Motor Vehicle-In-Transport On Same Roadway,None,CLARKSVILLE POLICE DEPT,Other,Unbelted,-,-,-,-,-,-,-,-,-,-,Motorcyclist,-,Montgomery,Clarksville,1
15026,301000037,0,1,35.143063,-90.00561,4,2025-02-04 14:24:00,2025,2,4,14,24,Tuesday,14:24,Suspected Serious Injury,Daylight,Clear,Motor Vehicle-In-Transport On Same Roadway,None,MEMPHIS POLICE DEPT,Other,Unbelted,-,-,-,-,-,-,-,-,-,-,Motorcyclist,-,Shelby,Memphis,3
15033,301000083,0,1,35.080093,-89.93132,4,2025-02-05 21:04:00,2025,2,5,21,4,Wednesday,21:04,Suspected Serious Injury,Dark-Lighted,Clear,Motor Vehicle-In-Transport On Same Roadway,None,MEMPHIS POLICE DEPT,Other,Unbelted,-,-,-,-,-,-,-,-,-,-,-,-,Shelby,Memphis,4
15042,301000117,0,1,35.02598,-85.28009,2,2025-02-06 08:29:00,2025,2,6,8,29,Thursday,08:29,Suspected Serious Injury,Daylight,Clear,Motor Vehicle-In-Transport On Same Roadway,None,CHATTANOOGA POLICE DEPT,Other,Unbelted,-,-,-,-,-,-,-,-,-,-,-,-,Hamilton,Chattanooga,5
15044,301000130,0,1,35.049057,-89.82714,4,2025-02-05 20:29:00,2025,2,5,20,29,Wednesday,20:29,Suspected Serious Injury,Dark-Lighted,Clear,Pedestrian,None,MEMPHIS POLICE DEPT,Other,Unbelted,-,-,-,-,-,-,Pedestrian,-,-,-,-,-,Shelby,Memphis,4
15047,301000142,1,0,35.024187,-85.300494,2,2025-02-05 18:25:00,2025,2,5,18,25,Wednesday,18:25,Fatal,Dark-Lighted,Clear,Pedestrian,None,CHATTANOOGA POLICE DEPT,Other,Unbelted,-,-,-,-,-,-,Pedestrian,-,-,ATV_Involved,-,-,Hamilton,Chattanooga,4
15059,301000239,0,1,36.59129,-82.19369,5,2025-02-05 14:16:00,2025,2,5,14,16,Wednesday,14:16,Suspected Serious Injury,Daylight,Clear,Motor Vehicle-In-Transport On Same Roadway,None,BRISTOL POLICE DEPT,Other,Unbelted,-,-,-,-,-,-,-,-,-,-,-,-,Sullivan,Bristol,4
15060,301000252,0,1,35.56294,-89.65031,4,2025-02-07 02:06:00,2025,2,7,2,6,Friday,02:06,Suspected Serious Injury,Dark-Lighted,Clear,Utility Pole,None,COVINGTON POLICE DEPT,Other,Unbelted,-,Drinking,-,-,-,-,-,-,-,-,-,-,Tipton,Covington,6
15074,301000332,1,0,35.149387,-89.955986,4,2025-02-06 17:20:00,2025,2,6,17,20,Thursday,17:20,Fatal,Dark-Lighted,Clear,Other Post/Pole Support,None,MEMPHIS POLICE DEPT,Other,Unbelted,-,-,Drug,-,-,-,-,-,-,-,-,-,Shelby,Memphis,5
15082,301000369,2,1,34.984833,-85.287413,2,2025-02-08 02:07:00,2025,2,8,2,7,Saturday,02:07,Fatal,Dark-Lighted,Clear,Motor Vehicle-In-Transport On Same Roadway,None,CHATTANOOGA POLICE DEPT,Other,Unbelted,-,Drinking,-,-,-,-,-,-,-,-,-,-,Hamilton,Chattanooga,7
15094,301000444,1,0,35.146454,-89.96133,4,2025-02-08 18:30:00,2025,2,8,18,30,Saturday,18:30,Fatal,Dark-Lighted,Clear,Pedestrian,None,MEMPHIS POLICE DEPT,Other,Unbelted,-,-,-,-,-,-,Pedestrian,-,-,-,-,-,Shelby,Memphis,7
15096,301000450,0,3,35.071165,-85.302711,2,2025-02-08 14:50:00,2025,2,8,14,50,Saturday,14:50,Suspected Serious Injury,Daylight,Cloudy,Pedestrian,None,CHATTANOOGA POLICE DEPT,Other,Unbelted,-,-,-,-,Speeding,-,Pedestrian,-,-,-,-,-,Hamilton,Chattanooga,7
15134,301000642,0,3,35.204796,-89.877095,4,2025-02-05 18:20:00,2025,2,5,18,20,Wednesday,18:20,Suspected Serious Injury,Dark-Lighted,Rain,Motor Vehicle-In-Transport On Same Roadway,None,BARTLETT POLICE DEPT,Other,Unbelted,-,-,-,-,-,-,-,-,-,-,-,-,Shelby,Bartlett,4
15136,301000661,0,3,36.237637,-82.627075,5,2025-02-06 09:49:00,2025,2,6,9,49,Thursday,09:49,Suspected Serious Injury,Daylight,Clear,Motor Vehicle-In-Transport On Same Roadway,None,WASHINGTON CO SHERIFFS DEPT,Other,Unbelted,-,-,-,-,-,-,-,-,-,-,-,-,Washington,Not in City Limit,5
15142,301000689,0,1,35.157856,-84.86269,2,2025-02-10 13:38:00,2025,2,10,13,38,Monday,13:38,Suspected Serious Injury,Daylight,Clear,Paved Surface-Irregular,None,CLEVELAND POLICE DEPT,Other,-,-,-,-,-,-,-,-,-,-,-,Motorcyclist,-,Bradley,Cleveland,2
15149,301000711,0,3,35.214344,-90.03154,4,2025-02-10 14:00:00,2025,2,10,14,0,Monday,14:00,Suspected Serious Injury,Daylight,Clear,Motor Vehicle-In-Transport On Same Roadway,None,MEMPHIS POLICE DEPT,Other,Unbelted,-,-,Drug,-,-,-,-,-,-,-,-,-,Shelby,Memphis,2
15156,301000745,1,1,35.205658,-89.732796,4,2025-02-10 15:13:00,2025,2,10,15,13,Monday,15:13,Fatal,Daylight,Cloudy,Motor Vehicle-In-Transport On Same Roadway,None,MEMPHIS POLICE DEPT,Other,Unbelted,-,-,-,-,-,-,-,-,-,-,-,-,Shelby,Memphis,2
15171,301000833,1,0,35.009793,-85.292488,2,2025-02-10 18:50:00,2025,2,10,18,50,Monday,18:50,Fatal,Dark-Not Lighted,Clear,Motor Vehicle-In-Transport On Same Roadway,None,CHATTANOOGA POLICE DEPT,Other,Unbelted,-,-,-,Drowsy,-,-,-,-,-,-,-,-,Hamilton,Chattanooga,2
15177,301000880,0,1,35.062298,-89.88634,4,2025-02-06 10:40:00,2025,2,6,10,40,Thursday,10:40,Suspected Serious Injury,Daylight,Clear,Pedestrian,None,MEMPHIS POLICE DEPT,Other,-,-,-,-,-,-,-,Pedestrian,-,-,-,-,-,Shelby,Memphis,5
15195,301001012,0,2,35.006207,-89.95456,4,2025-02-10 04:49:00,2025,2,10,4,49,Monday,04:49,Suspected Serious Injury,Dark-Lighted,Clear,Motor Vehicle-In-Transport On Same Roadway,None,MEMPHIS POLICE DEPT,Other,Unbelted,-,-,-,-,-,-,-,-,-,-,-,-,Shelby,Memphis,2
15209,301001080,0,1,35.139027,-89.97891,4,2025-02-11 12:30:00,2025,2,11,12,30,Tuesday,12:30,Suspected Serious Injury,Daylight,Rain,Pedestrian,None,MEMPHIS POLICE DEPT,Other,Unbelted,-,-,-,-,-,-,Pedestrian,-,-,-,-,-,Shelby,Memphis,3
15210,301001084,0,1,35.112934,-90.02119,4,2025-02-11 23:30:00,2025,2,11,23,30,Tuesday,23:30,Suspected Serious Injury,Dark-Lighted,Clear,Pedestrian,None,MEMPHIS POLICE DEPT,Other,-,-,-,-,-,-,-,Pedestrian,-,-,-,-,-,Shelby,Memphis,3
15230,301001224,0,3,35.00608,-85.277137,2,2025-02-12 18:01:00,2025,2,12,18,1,Wednesday,18:01,Suspected Serious Injury,Dusk,Clear,Motor Vehicle-In-Transport On Same Roadway,None,CHATTANOOGA POLICE DEPT,Other,Unbelted,-,-,-,-,Speeding,-,-,-,-,-,-,-,Hamilton,Chattanooga,4
15242,301001286,0,1,35.22417,-89.97555,4,2025-02-13 07:38:00,2025,2,13,7,38,Thursday,07:38,Suspected Serious Injury,Daylight,Clear,Motor Vehicle-In-Transport On Same Roadway,None,MEMPHIS POLICE DEPT,Other,Unbelted,-,-,-,-,-,-,-,-,-,-,Motorcyclist,-,Shelby,Memphis,5
15246,301001297,0,1,35.210196,-89.829624,4,2025-02-11 17:25:00,2025,2,11,17,25,Tuesday,17:25,Suspected Serious Injury,Dusk,Rain,Motor Vehicle-In-Transport On Same Roadway,None,BARTLETT POLICE DEPT,Other,Unbelted,-,-,-,-,-,-,-,-,-,-,Motorcyclist,-,Shelby,Bartlett,3
15256,301001337,1,0,35.021038,-89.98985,4,2025-02-12 19:21:00,2025,2,12,19,21,Wednesday,19:21,Fatal,Dark-Lighted,Rain,Pedestrian,None,MEMPHIS POLICE DEPT,Other,Unbelted,-,-,-,-,-,-,Pedestrian,-,-,-,-,-,Shelby,Memphis,4
15267,301001397,0,2,35.06276,-89.91788,4,2025-02-12 20:49:00,2025,2,12,20,49,Wednesday,20:49,Suspected Serious Injury,Dawn,Clear,Motor Vehicle-In-Transport On Same Roadway,None,MEMPHIS POLICE DEPT,Other,Unbelted,-,-,-,-,-,-,-,-,-,-,-,-,Shelby,Memphis,4
15273,301001440,1,1,36.517723,-82.26056,5,2025-02-13 19:29:00,2025,2,13,19,29,Thursday,19:29,Fatal,Dark-Lighted,Clear,Motor Vehicle-In-Transport On Same Roadway,None,BRISTOL POLICE DEPT,Other,Unbelted,-,-,-,-,-,-,-,-,-,-,-,-,Sullivan,Bristol,5
15279,301001464,0,1,35.34368,-89.90754,4,2025-02-13 16:40:00,2025,2,13,16,40,Thursday,16:40,Suspected Serious Injury,Daylight,Clear,Motor Vehicle-In-Transport On Same Roadway,None,MILLINGTON POLICE DEPT,Other,Unbelted,-,-,Drug,-,-,-,-,-,-,-,-,-,Shelby,Millington,5
15349,301001861,0,2,35.093628,-89.9475,4,2025-02-15 11:57:00,2025,2,15,11,57,Saturday,11:57,Suspected Serious Injury,Daylight,Rain,Motor Vehicle-In-Transport On Same Roadway,None,MEMPHIS POLICE DEPT,Other,Unbelted,-,-,-,-,-,-,-,-,-,-,-,-,Shelby,Memphis,7
15351,301001867,0,3,36.231606,-82.64094,5,2025-02-15 06:52:00,2025,2,15,6,52,Saturday,06:52,Suspected Serious Injury,Dawn,Rain,Guard Rail End,None,WASHINGTON CO SHERIFFS DEPT,Other,Unbelted,-,-,-,-,-,-,-,-,-,-,-,-,Washington,Not in City Limit,7
15354,301001882,0,3,36.372795,-82.37403,5,2025-02-13 12:05:00,2025,2,13,12,5,Thursday,12:05,Suspected Serious Injury,Daylight,Clear,Motor Vehicle-In-Transport On Same Roadway,None,JOHNSON CITY POLICE DEPT,Other,Unbelted,-,-,-,-,-,-,-,-,-,-,-,-,Washington,Johnson City,5
15387,301002053,1,2,35.116045,-85.275181,2,2025-02-17 12:21:00,2025,2,17,12,21,Monday,12:21,Fatal,Daylight,Clear,Motor Vehicle-In-Transport On Same Roadway,None,CHATTANOOGA POLICE DEPT,Other,Unbelted,-,-,-,-,-,-,-,-,-,-,-,-,Hamilton,Chattanooga,2
15395,301002080,1,0,35.088028,-89.931046,4,2025-02-16 03:05:00,2025,2,16,3,5,Sunday,03:05,Fatal,Dark-Lighted,Rain,Pedestrian,None,MEMPHIS POLICE DEPT,Other,-,-,-,-,-,-,-,Pedestrian,-,-,-,-,-,Shelby,Memphis,1
15396,301002087,1,1,35.057102,-89.93245,4,2025-02-16 02:39:00,2025,2,16,2,39,Sunday,02:39,Fatal,Dark-Lighted,Rain,Motor Vehicle-In-Transport On Same Roadway,None,MEMPHIS POLICE DEPT,Other,Unbelted,-,-,-,-,-,-,-,-,-,-,-,-,Shelby,Memphis,1
15398,301002097,0,1,35.336407,-89.91596,4,2025-02-13 19:00:00,2025,2,13,19,0,Thursday,19:00,Suspected Serious Injury,Dark-Lighted,Clear,Utility Pole,None,MILLINGTON POLICE DEPT,Other,Unbelted,-,-,-,-,-,-,-,-,-,-,-,-,Shelby,Millington,5
15402,301002115,0,2,35.057102,-89.93245,4,2025-02-17 05:55:00,2025,2,17,5,55,Monday,05:55,Suspected Serious Injury,Dark-Lighted,Clear,Motor Vehicle-In-Transport On Same Roadway,None,MEMPHIS POLICE DEPT,Other,Unbelted,-,-,-,-,-,-,-,-,-,-,-,-,Shelby,Memphis,2
15404,301002123,0,1,35.243065,-89.924936,4,2025-02-17 13:00:00,2025,2,17,13,0,Monday,13:00,Suspected Serious Injury,Daylight,Clear,Other Fixed Object,None,MEMPHIS POLICE DEPT,Other,Unbelted,-,-,-,-,-,-,-,-,-,ATV_Involved,-,-,Shelby,Memphis,2
15408,301002143,0,1,36.56896,-87.304871,3,2025-02-17 18:54:33,2025,2,17,18,54,Monday,18:54,Suspected Serious Injury,Dark-Lighted,Cloudy,Pedestrian,None,CLARKSVILLE POLICE DEPT,Other,Unbelted,-,-,-,-,-,-,Pedestrian,-,-,-,-,-,Montgomery,Clarksville,2
15444,301002406,0,1,35.148197,-89.94765,4,2025-02-19 05:20:00,2025,2,19,5,20,Wednesday,05:20,Suspected Serious Injury,Dark-Lighted,Snow,Ditch,None,MEMPHIS POLICE DEPT,Other,Unbelted,-,-,-,-,-,-,-,-,-,-,-,-,Shelby,Memphis,4
15459,301002543,0,5,35.008531,-85.153223,2,2025-02-20 16:10:00,2025,2,20,16,10,Thursday,16:10,Suspected Serious Injury,Daylight,Clear,Motor Vehicle-In-Transport On Same Roadway,None,CHATTANOOGA POLICE DEPT,Other,Unbelted,-,-,-,-,-,-,-,-,-,-,-,-,Hamilton,Chattanooga,5
15475,301002660,1,3,36.52443,-82.31615,5,2025-02-18 15:38:00,2025,2,18,15,38,Tuesday,15:38,Fatal,Daylight,Clear,Motor Vehicle-In-Transport On Same Roadway,None,BRISTOL POLICE DEPT,Other,Unbelted,-,-,-,-,-,-,-,-,-,-,-,-,Sullivan,Bristol,3
15489,301002738,1,1,35.091125,-89.930725,4,2025-02-20 21:22:00,2025,2,20,21,22,Thursday,21:22,Fatal,Dark-Lighted,Clear,Motor Vehicle-In-Transport On Same Roadway,None,MEMPHIS POLICE DEPT,Other,Unbelted,-,Drinking,-,-,-,-,-,-,-,-,-,-,Shelby,Memphis,5
15500,301002798,1,5,35.18145,-89.82267,4,2025-02-21 05:15:00,2025,2,21,5,15,Friday,05:15,Fatal,Dark-Lighted,Clear,Motor Vehicle-In-Transport On Same Roadway,None,MEMPHIS POLICE DEPT,Other,Unbelted,-,-,Drug,-,-,-,-,-,-,-,-,-,Shelby,Memphis,6
15515,301002879,0,2,35.132343,-90.02576,4,2025-02-23 01:09:00,2025,2,23,1,9,Sunday,01:09,Suspected Serious Injury,Dark-Lighted,Clear,Bridge/Overhead Structure,None,MEMPHIS POLICE DEPT,Other,Unbelted,-,-,-,-,-,-,-,-,-,-,-,-,Shelby,Memphis,1
15518,301002891,0,1,35.061672,-90.02984,4,2025-02-23 02:35:00,2025,2,23,2,35,Sunday,02:35,Suspected Serious Injury,Dark-Lighted,Clear,Pedestrian,None,MEMPHIS POLICE DEPT,Other,Unbelted,-,-,-,-,-,-,Pedestrian,-,-,-,-,-,Shelby,Memphis,1
15524,301002907,0,6,35.07617,-89.98554,4,2025-02-22 02:48:00,2025,2,22,2,48,Saturday,02:48,Suspected Serious Injury,Dark-Not Lighted,Clear,Motor Vehicle-In-Transport On Same Roadway,None,MEMPHIS POLICE DEPT,Other,Unbelted,-,-,-,-,-,-,-,-,-,-,-,-,Shelby,Memphis,7
15572,301003204,0,1,35.047543,-90.0629,4,2025-02-24 00:00:00,2025,2,24,0,0,Monday,00:00,Suspected Serious Injury,Dark-Lighted,Clear,Motor Vehicle-In-Transport On Same Roadway,None,MEMPHIS POLICE DEPT,Other,-,-,-,-,-,-,-,-,-,-,-,-,-,Shelby,Memphis,2
15573,301003206,0,1,35.07989,-89.931335,4,2025-02-23 21:30:00,2025,2,23,21,30,Sunday,21:30,Suspected Serious Injury,Unknown,Clear,Other Non-Collision,None,MEMPHIS POLICE DEPT,Other,Unbelted,-,-,-,-,-,-,-,-,-,-,-,-,Shelby,Memphis,1
15604,301003387,0,1,35.00717,-85.231358,2,2025-02-25 23:15:00,2025,2,25,23,15,Tuesday,23:15,Suspected Serious Injury,Dark-Lighted,Clear,Pedestrian,None,CHATTANOOGA POLICE DEPT,Other,Unbelted,-,-,-,-,-,-,Pedestrian,-,-,-,-,-,Hamilton,Chattanooga,3
15616,301003453,0,2,35.20361,-84.850746,2,2025-02-26 08:02:00,2025,2,26,8,2,Wednesday,08:02,Suspected Serious Injury,Daylight,Clear,Motor Vehicle-In-Transport On Same Roadway,None,CLEVELAND POLICE DEPT,Other,Unbelted,-,-,-,-,-,-,-,-,-,-,-,-,Bradley,Cleveland,4