OBJECTID,MRN,Fatality,Injury,Latitude,Longitude,THP_District,Collision_Date,Collision_Year,Collision_Month,Collision_Day,Collision_Hour,Collision_Min,Collision_DOW,Collision_Time,Crash_Type,Light_Condition,Weather,First_Harmfu_Event,Work_Zone_Type,Agency_Name,THP,Unbelted,Distracted_Driver,Driver_Drinking,Driver_Drugged,Drowsy_Driver,Speeding_Involved,Pedalcyclist,Pedestrian,Other_Nonmotorist,ATV_Involved,LargeTruck_Involved,Motorcycle_Involved,SchoolBus,County,City,DOW_Nmb
15617,301003464,0,1,36.621677,-87.420318,3,2025-02-26 07:08:42,2025,2,26,7,8,Wednesday,07:08,Suspected Serious Injury,Daylight,Clear,Injured In Vehicle,None,CLARKSVILLE POLICE DEPT,Other,-,-,-,-,-,-,-,-,-,-,-,Motorcyclist,-,Montgomery,Clarksville,4
15631,301003551,0,1,35.146175,-89.97197,4,2025-02-26 18:59:00,2025,2,26,18,59,Wednesday,18:59,Suspected Serious Injury,Dark-Lighted,Clear,Motor Vehicle-In-Transport On Same Roadway,None,MEMPHIS POLICE DEPT,Other,Unbelted,-,-,-,-,-,-,-,-,-,-,-,-,Shelby,Memphis,4
15658,301003700,0,1,36.25874,-82.73068,5,2025-02-27 09:10:00,2025,2,27,9,10,Thursday,09:10,Suspected Serious Injury,Daylight,Clear,Standing Tree,None,GREENE CO SHERIFFS DEPT,Other,Unbelted,-,-,-,-,-,-,-,-,-,-,-,-,Greene,Not in City Limit,5
15667,301003772,0,2,35.057518,-90.016106,4,2025-02-27 00:35:00,2025,2,27,0,35,Thursday,00:35,Suspected Serious Injury,Dark-Lighted,Clear,"Over Turn, Roll Over",None,MEMPHIS POLICE DEPT,Other,Unbelted,-,Drinking,-,-,-,-,-,-,-,-,-,-,Shelby,Memphis,5
15675,301003832,0,1,36.58734,-82.26052,5,2025-02-27 19:44:00,2025,2,27,19,44,Thursday,19:44,Suspected Serious Injury,Dark-Lighted,Clear,Motor Vehicle-In-Transport On Same Roadway,None,BRISTOL POLICE DEPT,Other,Unbelted,-,-,-,-,-,-,-,-,-,-,-,-,Sullivan,Bristol,5
15704,301003990,0,1,35.076126,-85.204062,2,2025-02-28 06:58:00,2025,2,28,6,58,Friday,06:58,Suspected Serious Injury,Daylight,Clear,Pedestrian,None,CHATTANOOGA POLICE DEPT,Other,-,-,-,-,-,-,-,Pedestrian,-,-,-,-,-,Hamilton,Chattanooga,6
15708,301004009,1,0,34.99911,-90.05576,4,2025-02-27 17:10:00,2025,2,27,17,10,Thursday,17:10,Fatal,Daylight,Clear,Other Post/Pole Support,None,MEMPHIS POLICE DEPT,Other,Unbelted,-,-,-,-,-,-,-,-,-,-,-,-,Shelby,Memphis,5
15720,301004070,0,3,35.0533,-89.99128,4,2025-03-01 03:49:00,2025,3,1,3,49,Saturday,03:49,Suspected Serious Injury,Dark-Lighted,Clear,Motor Vehicle-In-Transport On Same Roadway,None,MEMPHIS POLICE DEPT,Other,Unbelted,-,-,-,-,-,-,-,-,-,-,-,-,Shelby,Memphis,7
15731,301004141,1,1,35.15517,-85.196987,2,2025-03-01 14:00:00,2025,3,1,14,0,Saturday,14:00,Fatal,Daylight,Clear,Motor Vehicle-In-Transport On Same Roadway,None,CHATTANOOGA POLICE DEPT,Other,Unbelted,-,-,-,-,-,-,-,-,-,-,-,-,Hamilton,Chattanooga,7
15735,301004160,0,4,35.10531,-90.06485,4,2025-02-28 14:25:00,2025,2,28,14,25,Friday,14:25,Suspected Serious Injury,Daylight,Clear,Motor Vehicle-In-Transport On Same Roadway,None,MEMPHIS POLICE DEPT,Other,Unbelted,-,-,-,-,-,-,-,-,-,-,-,-,Shelby,Memphis,6
15776,301004336,0,3,35.14888,-89.918465,4,2025-03-02 16:22:00,2025,3,2,16,22,Sunday,16:22,Suspected Serious Injury,Daylight,Clear,Motor Vehicle-In-Transport On Same Roadway,None,MEMPHIS POLICE DEPT,Other,Unbelted,-,-,-,-,-,-,-,-,-,-,-,-,Shelby,Memphis,1
15798,301004455,0,1,35.222786,-89.95613,4,2025-03-02 18:16:00,2025,3,2,18,16,Sunday,18:16,Suspected Serious Injury,Dark-Lighted,Clear,Fell/Jumped From Vehicle,None,MEMPHIS POLICE DEPT,Other,-,-,-,-,-,-,-,-,-,-,-,Motorcyclist,-,Shelby,Memphis,1
15821,301004568,0,3,35.146767,-89.93735,4,2025-02-27 22:15:00,2025,2,27,22,15,Thursday,22:15,Suspected Serious Injury,Dark-Lighted,Clear,Motor Vehicle-In-Transport On Same Roadway,None,MEMPHIS POLICE DEPT,Other,Unbelted,-,-,-,-,-,-,-,-,-,-,-,-,Shelby,Memphis,5
15825,301004591,1,0,35.12426,-89.743494,4,2025-02-28 20:02:00,2025,2,28,20,2,Friday,20:02,Fatal,Dark-Not Lighted,Clear,Immersion,None,SHELBY CO SHERIFFS DEPT,Other,Unbelted,-,-,-,-,-,-,-,-,-,-,-,-,Shelby,Not in City Limit,6
15848,301004688,0,1,35.150859,-85.202002,2,2025-03-04 18:18:00,2025,3,4,18,18,Tuesday,18:18,Suspected Serious Injury,Dusk,Clear,Motor Vehicle-In-Transport On Same Roadway,None,CHATTANOOGA POLICE DEPT,Other,Unbelted,-,-,-,-,-,-,-,-,-,-,Motorcyclist,-,Hamilton,Chattanooga,3
15849,301004689,0,1,36.549469,-87.380394,3,2025-03-03 15:10:22,2025,3,3,15,10,Monday,15:10,Suspected Serious Injury,Daylight,Clear,Motor Vehicle-In-Transport On Same Roadway,None,CLARKSVILLE POLICE DEPT,Other,Unbelted,-,-,-,-,-,-,-,-,-,-,-,-,Montgomery,Clarksville,2
15870,301004804,0,1,35.039467,-90.06915,4,2025-03-05 05:05:00,2025,3,5,5,5,Wednesday,05:05,Suspected Serious Injury,Dark-Lighted,Clear,Motor Vehicle-In-Transport On Same Roadway,None,MEMPHIS POLICE DEPT,Other,Unbelted,-,-,-,-,-,-,-,-,-,-,-,-,Shelby,Memphis,4
15876,301004850,0,3,35.021088,-89.96086,4,2025-03-05 10:30:00,2025,3,5,10,30,Wednesday,10:30,Suspected Serious Injury,Daylight,Clear,Motor Vehicle-In-Transport On Same Roadway,None,MEMPHIS POLICE DEPT,Other,Unbelted,-,-,-,-,Speeding,-,-,-,-,-,-,-,Shelby,Memphis,4
15885,301004908,0,1,35.09488,-90.02619,4,2025-03-04 19:41:00,2025,3,4,19,41,Tuesday,19:41,Suspected Serious Injury,Dark-Lighted,Clear,Motor Vehicle-In-Transport On Same Roadway,None,MEMPHIS POLICE DEPT,Other,Unbelted,-,-,-,-,-,-,-,-,-,ATV_Involved,-,-,Shelby,Memphis,3
15890,301004929,3,1,35.172848,-90.03599,4,2025-03-05 16:14:00,2025,3,5,16,14,Wednesday,16:14,Fatal,Daylight,Clear,Motor Vehicle-In-Transport On Same Roadway,None,MEMPHIS POLICE DEPT,Other,Unbelted,-,-,-,-,-,-,-,-,-,ATV_Involved,-,-,Shelby,Memphis,4
15893,301004964,0,1,36.306797,-82.38655,5,2025-03-05 00:46:00,2025,3,5,0,46,Wednesday,00:46,Suspected Serious Injury,Dark-Lighted,Rain,Curb,None,JOHNSON CITY POLICE DEPT,Other,-,-,Drinking,-,-,Speeding,-,-,-,-,-,Motorcyclist,-,Washington,Johnson City,4
15908,301005040,0,1,35.168658,-89.687808,4,2025-03-03 17:00:00,2025,3,3,17,0,Monday,17:00,Suspected Serious Injury,Daylight,Clear,"Over Turn, Roll Over",None,SHELBY CO SHERIFFS DEPT,Other,-,-,-,-,-,-,-,-,-,ATV_Involved,-,-,-,Shelby,Not in City Limit,2
15912,301005051,0,1,35.187935,-84.826614,2,2025-03-06 05:24:00,2025,3,6,5,24,Thursday,05:24,Suspected Serious Injury,Dark-Lighted,Clear,Motor Vehicle-In-Transport On Same Roadway,None,CLEVELAND POLICE DEPT,Other,Unbelted,-,-,-,-,-,-,-,-,-,-,-,-,Bradley,Cleveland,5
15935,301005145,0,1,36.54619,-87.37523,3,2025-03-06 18:53:00,2025,3,6,18,53,Thursday,18:53,Suspected Serious Injury,Dark-Lighted,Clear,Motor Vehicle-In-Transport On Same Roadway,None,CLARKSVILLE POLICE DEPT,Other,Unbelted,Distracted,-,-,-,-,-,Pedestrian,-,-,-,-,-,Montgomery,Clarksville,5
15946,301005210,0,1,35.146313,-89.95672,4,2025-03-06 21:40:00,2025,3,6,21,40,Thursday,21:40,Suspected Serious Injury,Dark-Lighted,Clear,Motor Vehicle-In-Transport On Same Roadway,None,MEMPHIS POLICE DEPT,Other,Unbelted,-,-,-,-,-,-,-,-,-,-,-,-,Shelby,Memphis,5
15972,301005348,0,1,35.323982,-89.904526,4,2025-03-03 16:06:00,2025,3,3,16,6,Monday,16:06,Suspected Serious Injury,Daylight,Clear,Pedal-Cycle,None,MILLINGTON POLICE DEPT,Other,Unbelted,-,Drinking,Drug,Drowsy,-,Pedalcyclist,-,-,-,-,-,-,Shelby,Millington,2
15980,301005391,0,2,35.421265,-89.81865,4,2025-03-06 14:25:00,2025,3,6,14,25,Thursday,14:25,Suspected Serious Injury,Daylight,Clear,Motor Vehicle-In-Transport On Same Roadway,None,ATOKA POLICE DEPT,Other,Unbelted,-,-,-,-,-,-,-,-,-,-,-,-,Tipton,Atoka,5
15982,301005401,0,1,35.018134,-85.335056,2,2025-03-08 13:40:00,2025,3,8,13,40,Saturday,13:40,Suspected Serious Injury,Daylight,Clear,Motor Vehicle-In-Transport On Same Roadway,None,CHATTANOOGA POLICE DEPT,Other,Unbelted,-,-,-,-,-,-,-,-,-,-,Motorcyclist,-,Hamilton,Chattanooga,7
15989,301005425,1,0,35.035034,-89.88466,4,2025-03-08 13:10:00,2025,3,8,13,10,Saturday,13:10,Fatal,Daylight,Clear,Bridge/Pier Abutment,None,MEMPHIS POLICE DEPT,Other,Unbelted,Distracted,-,Drug,-,Speeding,-,-,-,-,-,-,-,Shelby,Memphis,7
15995,301005472,0,4,36.308086,-82.36501,5,2025-03-07 22:00:00,2025,3,7,22,0,Friday,22:00,Suspected Serious Injury,Dark-Lighted,Clear,Motor Vehicle-In-Transport On Same Roadway,None,JOHNSON CITY POLICE DEPT,Other,Unbelted,-,-,-,-,-,-,-,-,-,-,-,-,Washington,Johnson City,6
15997,301005477,0,3,35.13601,-90.008194,4,2025-03-09 00:31:00,2025,3,9,0,31,Sunday,00:31,Suspected Serious Injury,Dark-Lighted,Clear,Motor Vehicle-In-Transport On Same Roadway,None,MEMPHIS POLICE DEPT,Other,Unbelted,-,-,-,-,-,-,-,-,-,-,-,-,Shelby,Memphis,1
16009,301005545,0,3,36.515541,-87.328305,3,2025-03-06 09:58:55,2025,3,6,9,58,Thursday,09:58,Suspected Serious Injury,Daylight,Clear,Motor Vehicle-In-Transport On Same Roadway,None,CLARKSVILLE POLICE DEPT,Other,Unbelted,-,-,-,-,-,-,-,-,-,-,-,-,Montgomery,Clarksville,5
16027,301005664,0,1,35.108543,-89.9849,4,2025-03-10 10:30:00,2025,3,10,10,30,Monday,10:30,Suspected Serious Injury,Daylight,Clear,Pedestrian,None,MEMPHIS POLICE DEPT,Other,Unbelted,-,-,-,-,-,-,Pedestrian,-,-,-,-,-,Shelby,Memphis,2
16028,301005668,1,0,36.24155,-82.5141,5,2025-03-10 08:36:00,2025,3,10,8,36,Monday,08:36,Fatal,Daylight,Clear,Motor Vehicle-In-Transport On Same Roadway,None,WASHINGTON CO SHERIFFS DEPT,Other,Unbelted,-,-,-,-,Speeding,-,-,-,-,-,-,-,Washington,Jonesborough,2
16055,301005817,0,1,36.581015,-87.420876,3,2025-03-10 13:23:44,2025,3,10,13,23,Monday,13:23,Suspected Serious Injury,Daylight,Clear,Motor Vehicle-In-Transport On Same Roadway,None,CLARKSVILLE POLICE DEPT,Other,Unbelted,-,-,-,-,-,-,-,-,-,-,-,-,Montgomery,Clarksville,2
16075,301005941,0,1,35.107628,-89.92691,4,2025-03-11 21:39:00,2025,3,11,21,39,Tuesday,21:39,Suspected Serious Injury,Dark-Lighted,Clear,Motor Vehicle-In-Transport On Same Roadway,None,MEMPHIS POLICE DEPT,Other,Unbelted,-,-,-,-,-,-,-,-,-,-,-,-,Shelby,Memphis,3
16097,301006064,0,1,35.02085,-89.96364,4,2025-03-12 21:00:00,2025,3,12,21,0,Wednesday,21:00,Suspected Serious Injury,Dark-Lighted,Clear,Standing Tree,None,MEMPHIS POLICE DEPT,Other,Unbelted,-,-,-,-,-,-,-,-,-,-,-,-,Shelby,Memphis,4
16106,301006106,0,1,35.16826,-89.86452,4,2025-03-12 07:00:00,2025,3,12,7,0,Wednesday,07:00,Suspected Serious Injury,Dawn,Clear,Motor Vehicle-In-Transport On Same Roadway,None,MEMPHIS POLICE DEPT,Other,Unbelted,-,-,-,-,-,-,-,-,-,-,-,-,Shelby,Memphis,4
16140,301006264,0,1,35.053234,-89.88645,4,2025-03-13 17:26:00,2025,3,13,17,26,Thursday,17:26,Suspected Serious Injury,Daylight,Clear,Pedestrian,None,MEMPHIS POLICE DEPT,Other,Unbelted,-,-,-,-,-,-,Pedestrian,-,-,-,-,-,Shelby,Memphis,5
16152,301006315,0,1,36.32029,-82.347626,5,2025-03-13 16:34:00,2025,3,13,16,34,Thursday,16:34,Suspected Serious Injury,Daylight,Clear,Guard Rail End,None,JOHNSON CITY POLICE DEPT,Other,-,-,-,-,-,-,-,-,-,-,-,Motorcyclist,-,Washington,Johnson City,5
16163,301006363,1,0,35.223553,-89.94719,4,2025-03-12 15:39:00,2025,3,12,15,39,Wednesday,15:39,Fatal,Daylight,Clear,Standing Tree,None,MEMPHIS POLICE DEPT,Other,Unbelted,-,-,-,-,-,-,-,-,-,-,-,-,Shelby,Memphis,4
16186,301006481,0,2,35.154156,-89.88741,4,2025-03-15 01:38:00,2025,3,15,1,38,Saturday,01:38,Suspected Serious Injury,Dark-Not Lighted,Clear,Motor Vehicle-In-Transport On Same Roadway,None,MEMPHIS POLICE DEPT,Other,Unbelted,-,-,-,-,-,-,-,-,-,-,-,-,Shelby,Memphis,7
16191,301006542,0,1,35.06872,-85.252958,2,2025-03-14 19:36:00,2025,3,14,19,36,Friday,19:36,Suspected Serious Injury,Dusk,Clear,Motor Vehicle-In-Transport On Same Roadway,None,CHATTANOOGA POLICE DEPT,Other,Unbelted,-,-,-,-,-,-,-,-,-,-,Motorcyclist,-,Hamilton,Chattanooga,6
16195,301006568,0,3,36.627682,-87.358845,3,2025-03-15 08:39:24,2025,3,15,8,39,Saturday,08:39,Suspected Serious Injury,Daylight,Cloudy,Motor Vehicle-In-Transport On Same Roadway,None,CLARKSVILLE POLICE DEPT,Other,Unbelted,Distracted,-,-,-,-,-,-,-,-,-,-,-,Montgomery,Clarksville,7
16208,301006644,1,0,35.168148,-89.86397,4,2025-03-16 01:59:00,2025,3,16,1,59,Sunday,01:59,Fatal,Dark-Lighted,Clear,Pedestrian,None,MEMPHIS POLICE DEPT,Other,-,-,-,-,-,-,-,Pedestrian,-,-,-,-,-,Shelby,Memphis,1
16223,301006689,0,1,35.011189,-85.151661,2,2025-03-09 01:17:00,2025,3,9,1,17,Sunday,01:17,Suspected Serious Injury,Dark-Lighted,Clear,Utility Pole,None,CHATTANOOGA POLICE DEPT,Other,Unbelted,-,-,-,-,-,-,-,-,-,-,-,-,Hamilton,Chattanooga,1
16227,301006703,0,1,35.13194,-89.94508,4,2025-03-16 08:10:00,2025,3,16,8,10,Sunday,08:10,Suspected Serious Injury,Daylight,Clear,Traffic Signal Support,None,MEMPHIS POLICE DEPT,Other,Unbelted,-,-,-,-,-,-,-,-,-,-,-,-,Shelby,Memphis,1
16229,301006718,0,1,35.33926,-89.8985,4,2025-03-11 15:19:00,2025,3,11,15,19,Tuesday,15:19,Suspected Serious Injury,Daylight,Clear,Unknown,None,MILLINGTON POLICE DEPT,Other,-,-,-,-,-,-,Pedalcyclist,-,-,-,-,-,-,Shelby,Millington,3
16231,301006726,1,1,35.05219,-89.94826,4,2025-03-16 13:00:00,2025,3,16,13,0,Sunday,13:00,Fatal,Daylight,Clear,Motor Vehicle-In-Transport On Same Roadway,None,MEMPHIS POLICE DEPT,Other,Unbelted,-,-,-,-,-,-,-,-,-,-,-,-,Shelby,Memphis,1
16241,301006781,0,2,36.34929,-82.40122,5,2025-03-15 01:05:00,2025,3,15,1,5,Saturday,01:05,Suspected Serious Injury,Dark-Lighted,Clear,Motor Vehicle-In-Transport On Same Roadway,None,JOHNSON CITY POLICE DEPT,Other,Unbelted,-,-,-,-,-,-,-,-,-,-,Motorcyclist,-,Washington,Johnson City,7
16251,301006828,0,1,34.987653,-85.289637,2,2025-03-17 09:49:00,2025,3,17,9,49,Monday,09:49,Suspected Serious Injury,Daylight,Clear,Motor Vehicle-In-Transport On Same Roadway,None,CHATTANOOGA POLICE DEPT,Other,Unbelted,-,-,-,-,-,-,-,-,-,-,-,-,Hamilton,Chattanooga,2
16254,301006835,0,1,35.309017,-89.821625,4,2025-03-14 18:30:00,2025,3,14,18,30,Friday,18:30,Suspected Serious Injury,Daylight,Clear,Motor Vehicle-In-Transport On Same Roadway,None,SHELBY CO SHERIFFS DEPT,Other,Unbelted,-,-,-,-,-,-,-,-,-,-,-,-,Shelby,Not in City Limit,6
16260,301006854,1,0,35.087456,-85.190747,2,2025-03-16 00:10:00,2025,3,16,0,10,Sunday,00:10,Fatal,Dark-Lighted,Rain,Pedestrian,None,CHATTANOOGA POLICE DEPT,Other,Unbelted,-,-,-,-,-,-,Pedestrian,-,-,-,-,-,Hamilton,Chattanooga,1
16291,301007036,0,2,35.03493,-85.19437,2,2025-03-18 08:05:00,2025,3,18,8,5,Tuesday,08:05,Suspected Serious Injury,Daylight,Clear,Standing Tree,None,CHATTANOOGA POLICE DEPT,Other,Unbelted,-,-,-,-,-,-,-,-,-,-,-,-,Hamilton,Chattanooga,3
16299,301007078,0,2,34.988572,-85.287671,2,2025-03-18 16:30:00,2025,3,18,16,30,Tuesday,16:30,Suspected Serious Injury,Daylight,Clear,Motor Vehicle-In-Transport On Same Roadway,None,CHATTANOOGA POLICE DEPT,Other,Unbelted,-,-,-,-,-,-,-,-,-,-,-,-,Hamilton,Chattanooga,3
16320,301007222,0,1,36.52593,-82.52095,5,2025-03-19 14:20:00,2025,3,19,14,20,Wednesday,14:20,Suspected Serious Injury,Daylight,Clear,Motor Vehicle-In-Transport On Same Roadway,None,KINGSPORT POLICE DEPARTMENT,Other,Unbelted,-,-,-,-,-,-,-,-,-,-,Motorcyclist,-,Sullivan,Kingsport,4
16332,301007288,0,1,35.073933,-89.94833,4,2025-03-19 21:40:00,2025,3,19,21,40,Wednesday,21:40,Suspected Serious Injury,Dark-Lighted,Clear,Pedestrian,None,MEMPHIS POLICE DEPT,Other,-,-,-,-,-,-,-,Pedestrian,-,-,-,-,-,Shelby,Memphis,4
16335,301007301,0,1,35.147896,-90.02627,4,2025-03-19 22:00:00,2025,3,19,22,0,Wednesday,22:00,Suspected Serious Injury,Dark-Lighted,Clear,Parked Motor Vehicle,None,MEMPHIS POLICE DEPT,Other,Unbelted,Distracted,-,-,-,-,-,-,-,-,-,-,-,Shelby,Memphis,4
16336,301007302,1,0,35.148705,-89.9071,4,2025-03-19 19:48:00,2025,3,19,19,48,Wednesday,19:48,Fatal,Dark-Lighted,Clear,Pedestrian,None,MEMPHIS POLICE DEPT,Other,Unbelted,-,-,-,-,-,-,Pedestrian,-,-,-,-,-,Shelby,Memphis,4
16337,301007303,1,3,35.08662,-89.9506,4,2025-03-19 17:35:00,2025,3,19,17,35,Wednesday,17:35,Fatal,Daylight,Clear,Other Post/Pole Support,None,MEMPHIS POLICE DEPT,Other,Unbelted,-,Drinking,Drug,-,-,-,-,-,-,-,-,-,Shelby,Memphis,4
16339,301007310,0,2,36.551914,-82.59962,5,2025-03-19 17:30:00,2025,3,19,17,30,Wednesday,17:30,Suspected Serious Injury,Daylight,Clear,Motor Vehicle-In-Transport On Same Roadway,None,KINGSPORT POLICE DEPARTMENT,Other,Unbelted,-,Drinking,-,-,-,-,-,-,-,-,-,-,Sullivan,Kingsport,4
16342,301007321,1,0,35.177765,-89.93772,4,2025-03-20 01:24:00,2025,3,20,1,24,Thursday,01:24,Fatal,Dark-Lighted,Clear,Pedal-Cycle,None,MEMPHIS POLICE DEPT,Other,-,-,-,-,-,-,Pedalcyclist,-,-,-,-,-,-,Shelby,Memphis,5
16360,301007405,0,2,35.232224,-89.89191,4,2025-03-20 07:40:00,2025,3,20,7,40,Thursday,07:40,Suspected Serious Injury,Daylight,Clear,Motor Vehicle-In-Transport On Same Roadway,None,MEMPHIS POLICE DEPT,Other,Unbelted,-,-,-,-,-,-,-,-,-,-,-,-,Shelby,Memphis,5
16370,301007497,0,2,35.17012,-89.97598,4,2025-03-20 15:35:00,2025,3,20,15,35,Thursday,15:35,Suspected Serious Injury,Daylight,Clear,Motor Vehicle-In-Transport On Same Roadway,None,MEMPHIS POLICE DEPT,Other,Unbelted,-,-,-,-,-,-,-,-,-,-,-,-,Shelby,Memphis,5
16377,301007536,0,2,36.552135,-82.60079,5,2025-03-20 19:15:00,2025,3,20,19,15,Thursday,19:15,Suspected Serious Injury,Dusk,Clear,Motor Vehicle-In-Transport On Same Roadway,None,KINGSPORT POLICE DEPARTMENT,Other,Unbelted,-,-,-,-,-,-,-,-,-,-,-,-,Sullivan,Kingsport,5
16419,301007724,0,3,35.037315,-89.83388,4,2025-03-21 23:53:00,2025,3,21,23,53,Friday,23:53,Suspected Serious Injury,Dark-Lighted,Clear,Motor Vehicle-In-Transport On Same Roadway,None,MEMPHIS POLICE DEPT,Other,Unbelted,-,-,-,-,-,-,-,-,-,-,-,-,Shelby,Memphis,6
16424,301007739,0,2,36.516636,-87.310249,3,2025-03-21 05:45:58,2025,3,21,5,45,Friday,05:45,Suspected Serious Injury,Dawn,Clear,Motor Vehicle-In-Motion Outside Trafficway,None,CLARKSVILLE POLICE DEPT,Other,Unbelted,-,-,-,Drowsy,-,-,-,-,-,-,-,-,Montgomery,Clarksville,6
16431,301007782,0,1,35.11965,-89.99108,4,2025-03-22 00:28:00,2025,3,22,0,28,Saturday,00:28,Suspected Serious Injury,Dark-Lighted,Clear,Pedestrian,None,MEMPHIS POLICE DEPT,Other,Unbelted,-,-,-,-,-,-,Pedestrian,-,-,-,-,-,Shelby,Memphis,7
16433,301007794,0,2,36.546333,-82.51453,5,2025-03-22 14:19:00,2025,3,22,14,19,Saturday,14:19,Suspected Serious Injury,Daylight,Clear,Motor Vehicle-In-Transport On Same Roadway,None,KINGSPORT POLICE DEPARTMENT,Other,Unbelted,-,-,-,-,-,-,-,-,-,-,Motorcyclist,-,Sullivan,Kingsport,7
16449,301007875,0,2,35.020973,-90.03866,4,2025-03-23 00:26:00,2025,3,23,0,26,Sunday,00:26,Suspected Serious Injury,Dark-Lighted,Clear,Motor Vehicle-In-Transport On Same Roadway,None,MEMPHIS POLICE DEPT,Other,Unbelted,-,-,-,Drowsy,-,-,-,-,-,-,Motorcyclist,-,Shelby,Memphis,1
16474,301007975,1,0,35.19155,-89.97579,4,2025-03-23 14:00:00,2025,3,23,14,0,Sunday,14:00,Fatal,Daylight,Cloudy,Pedestrian,None,MEMPHIS POLICE DEPT,Other,-,-,-,-,-,-,-,Pedestrian,-,-,-,-,-,Shelby,Memphis,1
16496,301008091,1,1,36.620958,-87.375381,3,2025-03-18 13:52:00,2025,3,18,13,52,Tuesday,13:52,Fatal,Daylight,Clear,Motor Vehicle-In-Transport On Same Roadway,None,CLARKSVILLE POLICE DEPT,Other,Unbelted,-,-,Drug,-,-,-,-,-,-,-,Motorcyclist,-,Montgomery,Clarksville,3
16514,301008180,0,1,35.082742,-85.058535,2,2025-03-24 21:21:00,2025,3,24,21,21,Monday,21:21,Suspected Serious Injury,Dark-Lighted,Clear,Motor Vehicle-In-Transport On Same Roadway,None,CHATTANOOGA POLICE DEPT,Other,Unbelted,-,-,-,-,-,-,-,-,-,-,-,-,Hamilton,Chattanooga,2
16521,301008222,1,4,35.020314,-89.822239,4,2025-02-28 16:50:00,2025,2,28,16,50,Friday,16:50,Fatal,Daylight,Clear,Motor Vehicle-In-Transport On Same Roadway,None,SHELBY CO SHERIFFS DEPT,Other,Unbelted,-,-,-,-,Speeding,-,-,-,-,-,-,-,Shelby,Not in City Limit,6
16522,301008229,0,1,35.180832,-89.733122,4,2025-03-22 20:50:00,2025,3,22,20,50,Saturday,20:50,Suspected Serious Injury,Dark-Not Lighted,Clear,Motor Vehicle-In-Transport On Same Roadway,None,SHELBY CO SHERIFFS DEPT,Other,Unbelted,-,-,-,-,-,-,-,-,-,-,Motorcyclist,-,Shelby,Not in City Limit,7
16528,301008255,0,1,36.579121,-87.382632,3,2025-03-22 01:19:00,2025,3,22,1,19,Saturday,01:19,Suspected Serious Injury,Dark-Not Lighted,Clear,Embankment Rock/Stone/Concrete,None,CLARKSVILLE POLICE DEPT,Other,Unbelted,-,Drinking,-,-,-,-,-,-,-,-,-,-,Montgomery,Clarksville,7
16534,301008294,0,8,35.042045,-85.24532,2,2025-03-12 16:00:00,2025,3,12,16,0,Wednesday,16:00,Suspected Serious Injury,Daylight,Clear,Motor Vehicle-In-Transport On Same Roadway,None,CHATTANOOGA POLICE DEPT,Other,Unbelted,-,-,-,-,-,-,-,-,-,-,-,Direct,Hamilton,Chattanooga,4
16535,301008295,1,2,35.108208,-85.145159,2,2025-03-21 18:45:00,2025,3,21,18,45,Friday,18:45,Fatal,Daylight,Clear,Motor Vehicle-In-Transport On Same Roadway,None,CHATTANOOGA POLICE DEPT,Other,Unbelted,-,-,-,-,-,-,-,-,-,-,-,-,Hamilton,Chattanooga,6
16545,301008385,1,0,35.137856,-90.001114,4,2025-03-25 15:35:00,2025,3,25,15,35,Tuesday,15:35,Fatal,Daylight,Clear,Pedestrian,None,MEMPHIS POLICE DEPT,Other,Unbelted,-,-,-,-,-,-,Pedestrian,-,-,-,-,-,Shelby,Memphis,3
16556,301008428,0,1,35.105018,-85.338766,2,2025-03-26 05:45:00,2025,3,26,5,45,Wednesday,05:45,Suspected Serious Injury,Dark-Lighted,Clear,Embankment Earth,None,CHATTANOOGA POLICE DEPT,Other,Unbelted,-,-,-,-,-,-,-,-,-,-,-,-,Hamilton,Chattanooga,4
16563,301008451,2,0,35.035126,-89.8878,4,2025-03-26 00:37:00,2025,3,26,0,37,Wednesday,00:37,Fatal,Dark-Lighted,Clear,Other Fixed Object,None,MEMPHIS POLICE DEPT,Other,Unbelted,-,-,Drug,-,-,-,-,-,-,-,-,-,Shelby,Memphis,4
16585,301008567,0,1,35.143955,-90.01564,4,2025-03-26 17:00:00,2025,3,26,17,0,Wednesday,17:00,Suspected Serious Injury,Daylight,Clear,Motor Vehicle-In-Transport On Same Roadway,None,MEMPHIS POLICE DEPT,Other,Unbelted,-,-,-,-,-,-,-,-,-,-,-,-,Shelby,Memphis,4
16613,301008704,0,1,34.999696,-85.151102,2,2025-03-26 22:53:00,2025,3,26,22,53,Wednesday,22:53,Suspected Serious Injury,Dark-Lighted,Clear,Pedestrian,None,CHATTANOOGA POLICE DEPT,Other,Unbelted,-,-,-,-,-,-,Pedestrian,-,-,-,-,-,Hamilton,Chattanooga,4
16617,301008726,0,1,35.452427,-84.62949,2,2025-03-21 18:00:00,2025,3,21,18,0,Friday,18:00,Suspected Serious Injury,Daylight,Clear,Other Non-Collision,None,ATHENS POLICE DEPT,Other,Unbelted,-,-,-,-,-,-,Pedestrian,-,-,-,-,-,McMinn,Athens,6
16624,301008752,0,1,35.23149,-89.98746,4,2025-03-27 15:30:00,2025,3,27,15,30,Thursday,15:30,Suspected Serious Injury,Daylight,Clear,Embankment Earth,None,MEMPHIS POLICE DEPT,Other,Unbelted,-,-,-,-,-,-,-,-,-,-,-,-,Shelby,Memphis,5
16639,301008824,0,1,35.06488,-89.932434,4,2025-03-28 01:30:00,2025,3,28,1,30,Friday,01:30,Suspected Serious Injury,Dark-Lighted,Clear,Concrete Traffic Barrier,None,MEMPHIS POLICE DEPT,Other,Unbelted,-,-,-,-,-,-,-,-,-,-,-,-,Shelby,Memphis,6