OBJECTID,MRN,Fatality,Injury,Latitude,Longitude,THP_District,Collision_Date,Collision_Year,Collision_Month,Collision_Day,Collision_Hour,Collision_Min,Collision_DOW,Collision_Time,Crash_Type,Light_Condition,Weather,First_Harmfu_Event,Work_Zone_Type,Agency_Name,THP,Unbelted,Distracted_Driver,Driver_Drinking,Driver_Drugged,Drowsy_Driver,Speeding_Involved,Pedalcyclist,Pedestrian,Other_Nonmotorist,ATV_Involved,LargeTruck_Involved,Motorcycle_Involved,SchoolBus,County,City,DOW_Nmb
16664,301008936,0,1,36.577965,-82.57798,5,2025-03-28 15:10:00,2025,3,28,15,10,Friday,15:10,Suspected Serious Injury,Daylight,Clear,Embankment Earth,None,KINGSPORT POLICE DEPARTMENT,Other,Unbelted,-,-,-,-,-,-,-,-,-,-,-,-,Sullivan,Kingsport,6
16669,301008947,0,1,35.203167,-90.00843,4,2025-03-28 16:30:00,2025,3,28,16,30,Friday,16:30,Suspected Serious Injury,Daylight,Clear,Motor Vehicle-In-Transport On Same Roadway,None,MEMPHIS POLICE DEPT,Other,Unbelted,-,-,-,-,-,-,-,-,-,-,-,-,Shelby,Memphis,6
16670,301008964,0,3,35.021023,-90.00753,4,2025-03-28 17:45:00,2025,3,28,17,45,Friday,17:45,Suspected Serious Injury,Daylight,Clear,Motor Vehicle-In-Transport On Same Roadway,None,MEMPHIS POLICE DEPT,Other,Unbelted,-,-,-,-,-,-,-,-,-,-,-,-,Shelby,Memphis,6
16675,301008995,0,4,35.02928,-90.10389,4,2025-03-28 11:00:00,2025,3,28,11,0,Friday,11:00,Suspected Serious Injury,Daylight,Clear,Motor Vehicle-In-Transport On Same Roadway,None,MEMPHIS POLICE DEPT,Other,Unbelted,-,-,-,-,-,-,Pedestrian,-,-,-,-,-,Shelby,Memphis,6
16683,301009037,0,1,35.050037,-89.817764,4,2025-03-28 01:42:00,2025,3,28,1,42,Friday,01:42,Suspected Serious Injury,Dark-Lighted,Clear,Curb,None,MEMPHIS POLICE DEPT,Other,Unbelted,-,-,-,-,-,-,-,-,-,-,-,-,Shelby,Memphis,6
16695,301009099,1,0,35.051848,-89.950757,4,2025-03-28 20:21:00,2025,3,28,20,21,Friday,20:21,Fatal,Dark-Not Lighted,Clear,Pedestrian,None,MEMPHIS POLICE DEPT,Other,Unbelted,-,-,-,-,-,-,Pedestrian,-,-,-,-,-,Shelby,Memphis,6
16699,301009112,0,3,35.110447,-89.979515,4,2025-03-28 21:19:00,2025,3,28,21,19,Friday,21:19,Suspected Serious Injury,Dark-Lighted,Clear,Motor Vehicle-In-Transport On Same Roadway,None,MEMPHIS POLICE DEPT,Other,Unbelted,-,-,-,-,-,-,-,-,-,-,-,-,Shelby,Memphis,6
16730,301009229,1,1,36.185944,-82.76498,5,2025-03-30 00:34:00,2025,3,30,0,34,Sunday,00:34,Fatal,Dark-Lighted,Clear,Motor Vehicle-In-Transport On Same Roadway,None,GREENEVILLE POLICE DEPT,Other,Unbelted,-,-,-,-,-,-,-,-,-,-,-,-,Greene,Greeneville,1
16746,301009293,1,0,35.422168,-89.783202,4,2025-03-29 16:02:00,2025,3,29,16,2,Saturday,16:02,Fatal,Daylight,Rain,Non-Motorist Personal Conveyance,None,ATOKA POLICE DEPT,Other,Unbelted,-,-,-,-,-,-,Pedestrian,-,-,-,-,-,Tipton,Atoka,7
16766,301009393,0,1,35.159607,-84.864136,2,2025-03-30 15:20:00,2025,3,30,15,20,Sunday,15:20,Suspected Serious Injury,Daylight,Clear,Pedestrian,None,CLEVELAND POLICE DEPT,Other,Unbelted,-,-,-,-,-,-,Pedestrian,-,-,-,-,-,Bradley,Cleveland,1
16772,301009405,0,1,35.139824,-90.00475,4,2025-03-30 21:10:00,2025,3,30,21,10,Sunday,21:10,Suspected Serious Injury,Dark-Lighted,Clear,Non-Motorist Personal Conveyance,None,MEMPHIS POLICE DEPT,Other,Unbelted,-,-,-,-,-,-,Pedestrian,-,-,-,-,-,Shelby,Memphis,1
16785,301009493,0,2,35.205284,-89.92359,4,2025-03-31 12:13:00,2025,3,31,12,13,Monday,12:13,Suspected Serious Injury,Daylight,Clear,Pedestrian,None,MEMPHIS POLICE DEPT,Other,Unbelted,-,-,-,-,-,-,Pedestrian,-,-,-,-,-,Shelby,Memphis,2
16792,301009516,0,3,35.055176,-90.06009,4,2025-03-30 16:00:00,2025,3,30,16,0,Sunday,16:00,Suspected Serious Injury,Daylight,Clear,Motor Vehicle-In-Transport On Same Roadway,None,MEMPHIS POLICE DEPT,Other,Unbelted,-,-,-,-,-,-,-,-,-,-,-,-,Shelby,Memphis,1
16796,301009561,0,1,35.149242,-89.95451,4,2025-03-31 15:51:00,2025,3,31,15,51,Monday,15:51,Suspected Serious Injury,Daylight,Clear,Motor Vehicle-In-Transport On Same Roadway,None,MEMPHIS POLICE DEPT,Other,Unbelted,-,-,-,-,-,-,-,-,-,-,-,-,Shelby,Memphis,2
16811,301009628,0,1,35.172096,-89.76078,4,2025-03-18 15:05:00,2025,3,18,15,5,Tuesday,15:05,Suspected Serious Injury,Daylight,Clear,Motor Vehicle-In-Transport On Same Roadway,None,SHELBY CO SHERIFFS DEPT,Other,Unbelted,-,-,-,-,-,-,-,-,-,-,Motorcyclist,-,Shelby,Not in City Limit,3
16821,301009664,0,3,35.084793,-90.018486,4,2025-03-31 19:50:00,2025,3,31,19,50,Monday,19:50,Suspected Serious Injury,Dark-Lighted,Clear,Motor Vehicle-In-Transport On Same Roadway,None,MEMPHIS POLICE DEPT,Other,Unbelted,-,-,-,-,-,-,-,-,-,-,-,-,Shelby,Memphis,2
16829,301009722,0,1,35.10955,-90.02173,4,2025-04-01 13:35:00,2025,4,1,13,35,Tuesday,13:35,Suspected Serious Injury,Daylight,Clear,Pedestrian,None,MEMPHIS POLICE DEPT,Other,Unbelted,-,-,-,-,-,-,Pedestrian,-,-,-,-,-,Shelby,Memphis,3
16835,301009739,0,3,35.17387,-89.95937,4,2025-04-01 16:10:00,2025,4,1,16,10,Tuesday,16:10,Suspected Serious Injury,Daylight,Clear,Motor Vehicle-In-Transport On Same Roadway,None,MEMPHIS POLICE DEPT,Other,Unbelted,-,-,-,-,-,-,-,-,-,-,-,-,Shelby,Memphis,3
16840,301009788,1,0,35.14281,-89.95136,4,2025-04-01 21:16:00,2025,4,1,21,16,Tuesday,21:16,Fatal,Dark-Lighted,Clear,Pedestrian,None,MEMPHIS POLICE DEPT,Other,-,-,-,-,-,-,-,Pedestrian,-,-,-,-,-,Shelby,Memphis,3
16848,301009823,0,1,35.085262,-90.01048,4,2025-04-01 15:20:00,2025,4,1,15,20,Tuesday,15:20,Suspected Serious Injury,Daylight,Clear,Utility Pole,None,MEMPHIS POLICE DEPT,Other,Unbelted,-,-,-,-,-,-,-,-,-,-,-,-,Shelby,Memphis,3
16869,301009898,0,2,35.0765,-89.939,4,2025-03-30 20:18:00,2025,3,30,20,18,Sunday,20:18,Suspected Serious Injury,Dark-Lighted,Clear,Pedestrian,None,MEMPHIS POLICE DEPT,Other,-,-,-,-,-,-,-,Pedestrian,-,-,-,-,-,Shelby,Memphis,1
16882,301009971,0,5,35.053303,-89.99127,4,2025-04-02 14:40:00,2025,4,2,14,40,Wednesday,14:40,Suspected Serious Injury,Daylight,Cloudy,Motor Vehicle-In-Transport On Same Roadway,None,MEMPHIS POLICE DEPT,Other,Unbelted,-,-,-,-,-,-,-,-,-,-,-,-,Shelby,Memphis,4
16885,301009980,1,0,35.022039,-85.274945,2,2025-04-01 20:35:00,2025,4,1,20,35,Tuesday,20:35,Fatal,Dark-Not Lighted,Clear,Pedestrian,None,CHATTANOOGA POLICE DEPT,Other,Unbelted,-,-,-,-,-,-,Pedestrian,-,-,-,-,-,Hamilton,Chattanooga,3
16888,301009994,0,1,36.164482,-82.85417,5,2025-04-02 19:10:00,2025,4,2,19,10,Wednesday,19:10,Suspected Serious Injury,Daylight,Clear,Motor Vehicle-In-Transport On Same Roadway,None,GREENEVILLE POLICE DEPT,Other,Unbelted,-,-,-,-,Speeding,-,-,-,-,-,Motorcyclist,-,Greene,Greeneville,4
16901,301010067,0,2,35.018616,-85.289699,2,2025-04-03 06:42:00,2025,4,3,6,42,Thursday,06:42,Suspected Serious Injury,Dawn,Clear,Other Non-Collision,None,CHATTANOOGA POLICE DEPT,Other,-,-,-,-,-,-,-,-,-,-,-,Motorcyclist,-,Hamilton,Chattanooga,5
16907,301010111,0,1,35.067623,-89.866325,4,2025-04-03 09:00:00,2025,4,3,9,0,Thursday,09:00,Suspected Serious Injury,Daylight,Rain,Motor Vehicle-In-Transport On Same Roadway,None,MEMPHIS POLICE DEPT,Other,Unbelted,-,-,-,-,-,-,-,-,-,-,-,-,Shelby,Memphis,5
16915,301010166,0,1,36.591621,-87.419135,3,2025-04-03 06:00:00,2025,4,3,6,0,Thursday,06:00,Suspected Serious Injury,Dark-Not Lighted,Rain,Motor Vehicle-In-Transport On Same Roadway,None,CLARKSVILLE POLICE DEPT,Other,Unbelted,-,-,-,-,-,-,-,-,-,-,-,-,Montgomery,Clarksville,5
16933,301010243,0,2,35.15738,-84.88705,2,2025-04-04 02:53:00,2025,4,4,2,53,Friday,02:53,Suspected Serious Injury,Dark-Lighted,Clear,Utility Pole,None,CLEVELAND POLICE DEPT,Other,Unbelted,-,-,-,-,-,-,-,-,-,-,-,-,Bradley,Cleveland,6
16960,301010374,0,1,35.08378,-85.262778,2,2025-04-04 13:50:00,2025,4,4,13,50,Friday,13:50,Suspected Serious Injury,Daylight,Clear,Motor Vehicle-In-Transport On Same Roadway,None,CHATTANOOGA POLICE DEPT,Other,Unbelted,-,-,-,-,-,-,-,-,-,-,-,-,Hamilton,Chattanooga,6
16985,301010533,0,1,35.151173,-89.90967,4,2025-04-05 18:36:00,2025,4,5,18,36,Saturday,18:36,Suspected Serious Injury,Dusk,Rain,Utility Pole,None,MEMPHIS POLICE DEPT,Other,Unbelted,-,-,-,-,-,-,-,-,-,-,-,-,Shelby,Memphis,7
16991,301010564,0,2,35.088148,-85.288618,2,2025-04-06 00:34:00,2025,4,6,0,34,Sunday,00:34,Suspected Serious Injury,Dark-Lighted,Clear,Motor Vehicle-In-Transport On Same Roadway,None,CHATTANOOGA POLICE DEPT,Other,Unbelted,-,-,-,-,Speeding,-,-,-,-,-,Motorcyclist,-,Hamilton,Chattanooga,1
17002,301010614,0,3,35.20583,-90.042725,4,2025-04-05 12:07:00,2025,4,5,12,7,Saturday,12:07,Suspected Serious Injury,Daylight,Rain,Motor Vehicle-In-Transport On Same Roadway,None,MEMPHIS POLICE DEPT,Other,Unbelted,-,-,-,-,-,-,-,-,-,-,-,-,Shelby,Memphis,7
17003,301010618,0,1,35.064472,-85.312332,2,2025-04-06 08:53:00,2025,4,6,8,53,Sunday,08:53,Suspected Serious Injury,Daylight,Rain,Standing Tree,None,CHATTANOOGA POLICE DEPT,Other,Unbelted,-,-,-,-,-,-,-,-,-,-,-,-,Hamilton,Chattanooga,1
17014,301010701,0,2,36.189495,-82.78672,5,2025-04-06 16:41:00,2025,4,6,16,41,Sunday,16:41,Suspected Serious Injury,Daylight,Rain,Parked Motor Vehicle,None,GREENEVILLE POLICE DEPT,Other,Unbelted,-,-,-,-,-,-,-,-,-,-,-,-,Greene,Greeneville,1
17040,301010792,0,1,36.520284,-87.3632,3,2025-04-06 22:23:34,2025,4,6,22,23,Sunday,22:23,Suspected Serious Injury,Dark-Lighted,Clear,Motor Vehicle-In-Transport On Same Roadway,None,CLARKSVILLE POLICE DEPT,Other,Unbelted,-,Drinking,-,-,-,-,-,-,-,-,-,-,Montgomery,Clarksville,1
17046,301010823,0,8,35.1737,-89.988945,4,2025-04-06 10:45:00,2025,4,6,10,45,Sunday,10:45,Suspected Serious Injury,Daylight,Rain,Motor Vehicle-In-Transport On Same Roadway,None,MEMPHIS POLICE DEPT,Other,Unbelted,-,-,-,-,-,-,-,-,-,-,-,-,Shelby,Memphis,1
17059,301010874,0,3,35.093834,-90.072655,4,2025-04-07 09:33:00,2025,4,7,9,33,Monday,09:33,Suspected Serious Injury,Daylight,Clear,Motor Vehicle-In-Transport On Same Roadway,None,MEMPHIS POLICE DEPT,Other,Unbelted,-,-,-,-,-,-,-,-,-,-,-,-,Shelby,Memphis,2
17061,301010890,0,2,36.548087,-87.290735,3,2025-03-31 11:45:00,2025,3,31,11,45,Monday,11:45,Suspected Serious Injury,Daylight,Cloudy,Motor Vehicle-In-Transport On Same Roadway,None,CLARKSVILLE POLICE DEPT,Other,Unbelted,-,-,-,Drowsy,-,-,-,-,-,-,-,-,Montgomery,Clarksville,2
17080,301010975,0,2,35.25239,-89.93953,4,2025-04-07 22:20:00,2025,4,7,22,20,Monday,22:20,Suspected Serious Injury,Dark-Lighted,Clear,Standing Tree,None,MEMPHIS POLICE DEPT,Other,Unbelted,-,-,-,-,-,-,-,-,-,-,-,-,Shelby,Memphis,2
17093,301011068,0,3,36.187664,-82.7595,5,2025-04-08 14:58:00,2025,4,8,14,58,Tuesday,14:58,Suspected Serious Injury,Daylight,Clear,Motor Vehicle-In-Transport On Same Roadway,None,GREENEVILLE POLICE DEPT,Other,Unbelted,-,-,-,-,-,-,-,-,-,-,-,-,Greene,Greeneville,3
17145,301011361,0,1,35.014556,-85.272971,2,2025-04-10 03:20:00,2025,4,10,3,20,Thursday,03:20,Suspected Serious Injury,Dark-Lighted,Clear,Motor Vehicle-In-Transport On Same Roadway,None,CHATTANOOGA POLICE DEPT,Other,Unbelted,-,-,-,-,-,-,-,-,-,-,-,-,Hamilton,Chattanooga,5
17178,301011519,0,3,35.243095,-89.92586,4,2025-04-10 16:15:00,2025,4,10,16,15,Thursday,16:15,Suspected Serious Injury,Daylight,Clear,Motor Vehicle-In-Transport On Same Roadway,None,MEMPHIS POLICE DEPT,Other,Unbelted,-,-,-,-,-,-,-,-,-,-,-,-,Shelby,Memphis,5
17181,301011536,0,2,35.021023,-90.00753,4,2025-04-09 14:15:00,2025,4,9,14,15,Wednesday,14:15,Suspected Serious Injury,Daylight,Clear,Motor Vehicle-In-Transport On Same Roadway,None,MEMPHIS POLICE DEPT,Other,Unbelted,-,-,-,-,-,-,-,-,-,-,-,-,Shelby,Memphis,4
17186,301011565,0,3,36.178417,-82.78297,5,2025-04-09 20:51:00,2025,4,9,20,51,Wednesday,20:51,Suspected Serious Injury,Dark-Lighted,Clear,Motor Vehicle-In-Transport On Same Roadway,None,GREENEVILLE POLICE DEPT,Other,Unbelted,-,-,Drug,-,-,-,-,-,-,-,-,-,Greene,Greeneville,4
17190,301011577,0,1,35.062966,-85.157188,2,2025-04-10 21:17:00,2025,4,10,21,17,Thursday,21:17,Suspected Serious Injury,Dark-Lighted,Rain,Utility Pole,None,CHATTANOOGA POLICE DEPT,Other,Unbelted,-,Drinking,-,-,Speeding,-,-,-,-,-,-,-,Hamilton,Chattanooga,5
17218,301011740,0,1,35.179314,-89.9764,4,2025-04-11 19:10:00,2025,4,11,19,10,Friday,19:10,Suspected Serious Injury,Daylight,Clear,Pedestrian,None,MEMPHIS POLICE DEPT,Other,Unbelted,-,-,-,-,-,-,Pedestrian,-,-,-,-,-,Shelby,Memphis,6
17220,301011750,0,1,35.115627,-89.96963,4,2025-04-11 17:01:00,2025,4,11,17,1,Friday,17:01,Suspected Serious Injury,Daylight,Clear,Motor Vehicle-In-Transport On Same Roadway,None,MEMPHIS POLICE DEPT,Other,Unbelted,-,-,-,-,-,-,-,-,-,-,Motorcyclist,-,Shelby,Memphis,6
17222,301011768,0,1,35.083336,-89.89296,4,2025-04-11 04:25:00,2025,4,11,4,25,Friday,04:25,Suspected Serious Injury,Daylight,Clear,Motor Vehicle-In-Transport On Same Roadway,None,MEMPHIS POLICE DEPT,Other,Unbelted,-,-,-,-,-,-,-,-,-,-,-,-,Shelby,Memphis,6
17228,301011796,1,0,35.14896,-89.920044,4,2025-04-11 10:51:00,2025,4,11,10,51,Friday,10:51,Fatal,Daylight,Clear,Motor Vehicle-In-Transport On Same Roadway,None,MEMPHIS POLICE DEPT,Other,Unbelted,-,-,-,-,-,-,-,-,-,-,Motorcyclist,-,Shelby,Memphis,6
17232,301011821,0,2,35.03498,-89.83984,4,2025-04-11 22:46:00,2025,4,11,22,46,Friday,22:46,Suspected Serious Injury,Dark-Lighted,Clear,Motor Vehicle-In-Transport On Same Roadway,None,MEMPHIS POLICE DEPT,Other,Unbelted,-,-,-,-,-,-,-,-,-,-,-,-,Shelby,Memphis,6
17239,301011870,0,2,36.407513,-82.45826,5,2025-04-11 14:30:00,2025,4,11,14,30,Friday,14:30,Suspected Serious Injury,Daylight,Rain,Motor Vehicle-In-Transport On Same Roadway,None,WASHINGTON CO SHERIFFS DEPT,Other,Unbelted,-,-,-,-,-,-,-,-,-,-,-,-,Washington,Not in City Limit,6
17280,301012091,0,1,35.14929,-89.93618,4,2025-04-13 22:48:00,2025,4,13,22,48,Sunday,22:48,Suspected Serious Injury,Dark-Lighted,Clear,Luminaire Light Support,None,MEMPHIS POLICE DEPT,Other,Unbelted,-,-,-,-,-,-,-,-,-,-,-,-,Shelby,Memphis,1
17281,301012092,0,2,35.13095,-89.86776,4,2025-04-13 03:45:00,2025,4,13,3,45,Sunday,03:45,Suspected Serious Injury,Dark-Lighted,Clear,Concrete Traffic Barrier,None,MEMPHIS POLICE DEPT,Other,Unbelted,-,-,-,-,-,-,-,-,-,-,-,-,Shelby,Memphis,1
17285,301012103,0,3,36.314037,-82.54344,5,2025-04-12 22:52:00,2025,4,12,22,52,Saturday,22:52,Suspected Serious Injury,Dark-Not Lighted,Clear,Motor Vehicle-In-Transport On Same Roadway,None,WASHINGTON CO SHERIFFS DEPT,Other,Unbelted,-,Drinking,-,-,-,-,-,-,-,-,-,-,Washington,Jonesborough,7
17297,301012142,0,1,35.15495,-90.028694,4,2025-04-13 15:48:00,2025,4,13,15,48,Sunday,15:48,Suspected Serious Injury,Daylight,Clear,Motor Vehicle-In-Transport On Same Roadway,None,MEMPHIS POLICE DEPT,Other,Unbelted,-,-,-,-,-,-,-,-,-,-,-,-,Shelby,Memphis,1
17304,301012183,1,0,36.505947,-87.25136,3,2025-04-12 22:00:00,2025,4,12,22,0,Saturday,22:00,Fatal,Dark-Not Lighted,Clear,Motor Vehicle-In-Transport On Same Roadway,None,CLARKSVILLE POLICE DEPT,Other,Unbelted,-,-,Drug,-,-,-,-,-,-,-,Motorcyclist,-,Montgomery,Clarksville,7
17311,301012204,1,0,35.053767,-90.007453,4,2025-04-12 20:10:00,2025,4,12,20,10,Saturday,20:10,Fatal,Dark-Lighted,Clear,Motor Vehicle-In-Transport On Same Roadway,None,MEMPHIS POLICE DEPT,Other,Unbelted,-,-,-,-,-,-,-,-,-,-,Motorcyclist,-,Shelby,Memphis,7
17323,301012294,0,1,35.17076,-90.01775,4,2025-04-14 15:32:00,2025,4,14,15,32,Monday,15:32,Suspected Serious Injury,Daylight,Clear,Pedal-Cycle,None,MEMPHIS POLICE DEPT,Other,-,-,-,-,-,-,Pedalcyclist,-,-,-,-,-,-,Shelby,Memphis,2
17351,301012460,0,2,35.06863,-89.8431,4,2025-04-15 16:15:00,2025,4,15,16,15,Tuesday,16:15,Suspected Serious Injury,Daylight,Clear,Motor Vehicle-In-Transport On Same Roadway,None,MEMPHIS POLICE DEPT,Other,Unbelted,-,-,-,-,-,-,-,-,-,-,-,-,Shelby,Memphis,3
17362,301012505,0,4,35.10908,-90.00604,4,2025-04-16 07:50:00,2025,4,16,7,50,Wednesday,07:50,Suspected Serious Injury,Dawn,Clear,Motor Vehicle-In-Transport On Same Roadway,None,MEMPHIS POLICE DEPT,Other,Unbelted,-,-,-,-,-,-,-,-,-,ATV_Involved,-,-,Shelby,Memphis,4
17376,301012597,1,0,35.02118,-89.9238,4,2025-04-16 12:05:00,2025,4,16,12,5,Wednesday,12:05,Fatal,Daylight,Clear,Parked Motor Vehicle,None,MEMPHIS POLICE DEPT,Other,-,-,-,-,-,-,-,-,-,-,ATV_Involved,Motorcyclist,-,Shelby,Memphis,4
17389,301012669,0,1,35.106138,-85.229273,2,2025-04-17 00:55:00,2025,4,17,0,55,Thursday,00:55,Suspected Serious Injury,Dark-Lighted,Clear,Concrete Traffic Barrier,None,CHATTANOOGA POLICE DEPT,Other,Unbelted,-,-,-,-,-,-,-,-,-,-,-,-,Hamilton,Chattanooga,5
17393,301012700,0,1,36.551188,-87.391371,3,2025-04-12 13:56:49,2025,4,12,13,56,Saturday,13:56,Suspected Serious Injury,Daylight,Clear,Motor Vehicle-In-Transport On Same Roadway,None,CLARKSVILLE POLICE DEPT,Other,Unbelted,-,-,-,-,-,-,-,-,-,-,Motorcyclist,-,Montgomery,Clarksville,7
17398,301012722,0,3,35.18564,-89.93036,4,2025-04-16 21:25:00,2025,4,16,21,25,Wednesday,21:25,Suspected Serious Injury,Dark-Lighted,Clear,Motor Vehicle-In-Transport On Same Roadway,None,MEMPHIS POLICE DEPT,Other,Unbelted,-,-,-,-,-,-,-,-,-,-,-,-,Shelby,Memphis,4
17400,301012731,0,1,35.018612,-90.06239,4,2025-04-16 03:15:00,2025,4,16,3,15,Wednesday,03:15,Suspected Serious Injury,Dark-Lighted,Clear,Utility Pole,None,MEMPHIS POLICE DEPT,Other,Unbelted,-,-,-,-,-,-,-,-,-,-,-,-,Shelby,Memphis,4
17418,301012854,1,0,35.180077,-90.01458,4,2025-04-17 22:02:00,2025,4,17,22,2,Thursday,22:02,Fatal,Dark-Lighted,Clear,Utility Pole,None,MEMPHIS POLICE DEPT,Other,Unbelted,-,-,-,-,-,-,-,-,-,-,-,-,Shelby,Memphis,5
17424,301012867,0,1,36.306637,-82.34114,5,2025-04-16 19:17:00,2025,4,16,19,17,Wednesday,19:17,Suspected Serious Injury,Dusk,Clear,Other Non-Collision,None,JOHNSON CITY POLICE DEPT,Other,-,-,-,-,-,-,-,-,-,-,-,Motorcyclist,-,Washington,Johnson City,4
17426,301012885,0,1,35.203964,-89.97794,4,2025-04-18 02:30:00,2025,4,18,2,30,Friday,02:30,Suspected Serious Injury,Dark-Lighted,Clear,Motor Vehicle-In-Transport On Same Roadway,None,MEMPHIS POLICE DEPT,Other,Unbelted,-,-,-,-,-,-,-,-,-,-,-,-,Shelby,Memphis,6
17443,301012990,0,1,36.427776,-82.45679,5,2025-04-18 15:20:00,2025,4,18,15,20,Friday,15:20,Suspected Serious Injury,Daylight,Clear,Motor Vehicle-In-Transport On Same Roadway,None,JOHNSON CITY POLICE DEPT,Other,Unbelted,-,-,-,-,-,-,-,-,-,-,Motorcyclist,-,Washington,Johnson City,6
17461,301013074,0,2,36.164852,-82.85504,5,2025-04-18 19:50:00,2025,4,18,19,50,Friday,19:50,Suspected Serious Injury,Dusk,Clear,Deer,None,GREENEVILLE POLICE DEPT,Other,-,-,-,-,-,-,-,-,-,-,-,Motorcyclist,-,Greene,Greeneville,6
17483,301013195,1,0,35.109466,-90.01841,4,2025-04-19 02:05:00,2025,4,19,2,5,Saturday,02:05,Fatal,Dark-Lighted,Clear,Motor Vehicle-In-Transport On Same Roadway,None,MEMPHIS POLICE DEPT,Other,Unbelted,-,-,Drug,-,Speeding,-,-,-,-,-,-,-,Shelby,Memphis,7
17484,301013196,2,2,35.185734,-89.81327,4,2025-04-18 23:11:00,2025,4,18,23,11,Friday,23:11,Fatal,Dark-Lighted,Clear,Motor Vehicle-In-Transport On Same Roadway,None,MEMPHIS POLICE DEPT,Other,Unbelted,-,Drinking,-,-,-,-,-,-,-,-,-,-,Shelby,Memphis,6
17498,301013289,0,1,36.092876,-82.86939,5,2025-04-20 13:22:00,2025,4,20,13,22,Sunday,13:22,Suspected Serious Injury,Daylight,Clear,Motor Vehicle-In-Transport On Same Roadway,None,GREENE CO SHERIFFS DEPT,Other,Unbelted,-,-,-,-,-,-,-,-,-,-,Motorcyclist,-,Greene,Not in City Limit,1
17509,301013342,0,3,35.077015,-89.98536,4,2025-04-20 17:39:00,2025,4,20,17,39,Sunday,17:39,Suspected Serious Injury,Daylight,Clear,Motor Vehicle-In-Transport On Same Roadway,None,MEMPHIS POLICE DEPT,Other,Unbelted,-,-,-,-,-,-,-,-,-,-,-,-,Shelby,Memphis,1
17514,301013380,0,1,35.176277,-90.01825,4,2025-04-21 01:05:00,2025,4,21,1,5,Monday,01:05,Suspected Serious Injury,Dark-Lighted,Rain,Guard Rail Face,None,MEMPHIS POLICE DEPT,Other,Unbelted,-,-,-,-,-,-,-,-,-,-,-,-,Shelby,Memphis,2
17515,301013381,0,3,35.170456,-90.01853,4,2025-04-21 01:13:00,2025,4,21,1,13,Monday,01:13,Suspected Serious Injury,Dark-Lighted,Rain,Motor Vehicle-In-Transport On Same Roadway,None,MEMPHIS POLICE DEPT,Other,Unbelted,-,-,-,-,-,-,-,-,-,-,-,-,Shelby,Memphis,2
17522,301013416,0,1,35.195849,-89.871203,4,2025-04-20 15:02:00,2025,4,20,15,2,Sunday,15:02,Suspected Serious Injury,Daylight,Clear,Pedestrian,None,BARTLETT POLICE DEPT,Other,Unbelted,-,-,-,-,-,-,Pedestrian,-,-,-,-,-,Shelby,Bartlett,1
17523,301013427,0,2,35.126167,-89.99831,4,2025-04-21 07:31:00,2025,4,21,7,31,Monday,07:31,Suspected Serious Injury,Daylight,Clear,Motor Vehicle-In-Transport On Same Roadway,None,MEMPHIS POLICE DEPT,Other,Unbelted,-,-,-,-,-,-,-,-,-,-,-,-,Shelby,Memphis,2
17528,301013452,0,1,35.074924,-89.86162,4,2025-04-21 10:35:00,2025,4,21,10,35,Monday,10:35,Suspected Serious Injury,Daylight,Clear,Pedal-Cycle,None,MEMPHIS POLICE DEPT,Other,Unbelted,-,-,-,-,-,Pedalcyclist,-,-,-,-,-,-,Shelby,Memphis,2
17532,301013463,1,3,35.115744,-89.926022,4,2025-04-21 08:22:00,2025,4,21,8,22,Monday,08:22,Fatal,Daylight,Clear,Motor Vehicle-In-Transport On Same Roadway,None,MEMPHIS POLICE DEPT,Other,Unbelted,-,Drinking,-,-,-,-,-,-,-,-,-,-,Shelby,Memphis,2
17534,301013466,0,1,35.156275,-89.727661,4,2025-04-21 09:50:00,2025,4,21,9,50,Monday,09:50,Suspected Serious Injury,Daylight,Cloudy,Standing Tree,None,SHELBY CO SHERIFFS DEPT,Other,Unbelted,-,-,-,-,-,-,-,-,-,-,-,-,Shelby,Not in City Limit,2
17536,301013474,0,1,36.579867,-87.422268,3,2025-04-19 17:37:00,2025,4,19,17,37,Saturday,17:37,Suspected Serious Injury,Daylight,Clear,Motor Vehicle-In-Transport On Same Roadway,None,CLARKSVILLE POLICE DEPT,Other,Unbelted,-,-,-,-,-,-,-,-,-,-,-,-,Montgomery,Clarksville,7
17537,301013494,0,7,35.2042,-89.868629,4,2025-04-17 11:55:00,2025,4,17,11,55,Thursday,11:55,Suspected Serious Injury,Daylight,Clear,Railway Train,None,BARTLETT POLICE DEPT,Other,-,-,-,-,-,-,-,-,-,-,-,-,-,Shelby,Bartlett,5
17547,301013568,1,0,35.224495,-84.89317,2,2025-04-21 17:58:00,2025,4,21,17,58,Monday,17:58,Fatal,Daylight,Rain,Standing Tree,None,CLEVELAND POLICE DEPT,Other,Unbelted,-,-,-,-,-,-,-,-,-,-,-,-,Bradley,Cleveland,2
17551,301013612,1,0,35.199146,-89.839071,4,2025-04-21 21:06:00,2025,4,21,21,6,Monday,21:06,Fatal,Dark-Lighted,Clear,Pedestrian,None,MEMPHIS POLICE DEPT,Other,Unbelted,-,-,-,-,-,-,Pedestrian,-,-,-,-,-,Shelby,Memphis,2
17569,301013724,0,1,35.142315,-89.996155,4,2025-04-22 14:00:00,2025,4,22,14,0,Tuesday,14:00,Suspected Serious Injury,Daylight,Clear,Parked Motor Vehicle,None,MEMPHIS POLICE DEPT,Other,Unbelted,-,-,-,-,-,-,-,-,-,ATV_Involved,-,-,Shelby,Memphis,3
17616,301014009,0,3,35.165631,-89.710833,4,2025-04-16 17:28:00,2025,4,16,17,28,Wednesday,17:28,Suspected Serious Injury,Daylight,Clear,Motor Vehicle-In-Transport On Same Roadway,None,SHELBY CO SHERIFFS DEPT,Other,Unbelted,-,-,-,-,-,-,-,-,-,-,-,-,Shelby,Not in City Limit,4