OBJECTID,MRN,Fatality,Injury,Latitude,Longitude,THP_District,Collision_Date,Collision_Year,Collision_Month,Collision_Day,Collision_Hour,Collision_Min,Collision_DOW,Collision_Time,Crash_Type,Light_Condition,Weather,First_Harmfu_Event,Work_Zone_Type,Agency_Name,THP,Unbelted,Distracted_Driver,Driver_Drinking,Driver_Drugged,Drowsy_Driver,Speeding_Involved,Pedalcyclist,Pedestrian,Other_Nonmotorist,ATV_Involved,LargeTruck_Involved,Motorcycle_Involved,SchoolBus,County,City,DOW_Nmb
17617,301014015,0,3,35.827776,-84.278414,1,2025-04-23 18:10:00,2025,4,23,18,10,Wednesday,18:10,Suspected Serious Injury,Daylight,Clear,Motor Vehicle-In-Transport On Same Roadway,None,LENOIR CITY POLICE DEPT,Other,Unbelted,-,-,-,-,-,-,-,-,-,-,-,-,Loudon,Lenoir City,4
17664,301014356,0,1,35.145622,-89.90795,4,2025-04-25 19:12:00,2025,4,25,19,12,Friday,19:12,Suspected Serious Injury,Daylight,Rain,Motor Vehicle-In-Transport On Same Roadway,None,MEMPHIS POLICE DEPT,Other,Unbelted,-,-,-,-,-,-,-,-,-,-,Motorcyclist,-,Shelby,Memphis,6
17692,301014505,1,0,35.072969,-90.027998,4,2025-04-26 12:50:00,2025,4,26,12,50,Saturday,12:50,Fatal,Daylight,Clear,Pedestrian,None,MEMPHIS POLICE DEPT,Other,Unbelted,-,-,-,-,-,-,Pedestrian,-,-,-,-,-,Shelby,Memphis,7
17699,301014519,0,1,35.133278,-89.97742,4,2025-04-26 18:38:00,2025,4,26,18,38,Saturday,18:38,Suspected Serious Injury,Daylight,Clear,Motor Vehicle-In-Transport On Same Roadway,None,MEMPHIS POLICE DEPT,Other,Unbelted,-,-,-,-,-,-,-,-,-,-,Motorcyclist,-,Shelby,Memphis,7
17710,301014579,0,1,35.190384,-89.95643,4,2025-04-26 14:14:00,2025,4,26,14,14,Saturday,14:14,Suspected Serious Injury,Daylight,Clear,Motor Vehicle-In-Transport On Same Roadway,None,MEMPHIS POLICE DEPT,Other,Unbelted,-,-,-,-,-,-,-,-,-,-,Motorcyclist,-,Shelby,Memphis,7
17724,301014659,0,2,35.07929,-89.984856,4,2025-04-26 22:43:00,2025,4,26,22,43,Saturday,22:43,Suspected Serious Injury,Dark-Lighted,Clear,Motor Vehicle-In-Transport On Same Roadway,None,MEMPHIS POLICE DEPT,Other,Unbelted,-,Drinking,-,-,-,-,-,-,-,-,-,-,Shelby,Memphis,7
17730,301014683,1,1,35.105923,-90.05506,4,2025-04-26 23:29:00,2025,4,26,23,29,Saturday,23:29,Fatal,Dark-Lighted,Clear,Motor Vehicle-In-Transport On Same Roadway,None,MEMPHIS POLICE DEPT,Other,Unbelted,-,Drinking,-,-,-,-,-,-,-,-,-,-,Shelby,Memphis,7
17732,301014691,0,1,36.206738,-82.430954,5,2025-04-27 18:50:00,2025,4,27,18,50,Sunday,18:50,Suspected Serious Injury,Daylight,Clear,Ditch,None,WASHINGTON CO SHERIFFS DEPT,Other,-,-,-,-,-,-,-,-,-,-,-,Motorcyclist,-,Washington,Not in City Limit,1
17738,301014717,0,1,35.020542,-90.099464,4,2025-04-28 01:40:00,2025,4,28,1,40,Monday,01:40,Suspected Serious Injury,Dark-Not Lighted,Clear,Unknown,None,MEMPHIS POLICE DEPT,Other,-,-,-,-,-,-,-,Pedestrian,-,-,-,-,-,Shelby,Memphis,2
17741,301014725,1,0,35.190384,-89.95643,4,2025-04-27 23:32:00,2025,4,27,23,32,Sunday,23:32,Fatal,Dark-Lighted,Clear,Motor Vehicle-In-Transport On Same Roadway,None,MEMPHIS POLICE DEPT,Other,Unbelted,-,-,Drug,-,-,-,-,-,-,-,-,-,Shelby,Memphis,1
17742,301014726,1,0,35.108875,-89.98901,4,2025-04-28 01:39:00,2025,4,28,1,39,Monday,01:39,Fatal,Dark-Lighted,Clear,Pedestrian,None,MEMPHIS POLICE DEPT,Other,-,-,-,-,-,-,-,Pedestrian,-,-,-,-,-,Shelby,Memphis,2
17749,301014782,0,1,35.046394,-85.312682,2,2025-04-28 11:33:00,2025,4,28,11,33,Monday,11:33,Suspected Serious Injury,Daylight,Clear,Pedestrian,None,CHATTANOOGA POLICE DEPT,Other,Unbelted,-,-,-,-,-,-,Pedestrian,-,-,-,-,-,Hamilton,Chattanooga,2
17754,301014827,0,1,35.051096,-85.21276,2,2025-04-28 14:52:00,2025,4,28,14,52,Monday,14:52,Suspected Serious Injury,Daylight,Clear,Motor Vehicle-In-Transport On Same Roadway,None,CHATTANOOGA POLICE DEPT,Other,Unbelted,-,-,-,-,-,-,-,-,-,-,-,-,Hamilton,Chattanooga,2
17765,301014888,1,0,35.06494,-89.90679,4,2025-04-28 22:48:00,2025,4,28,22,48,Monday,22:48,Fatal,Dark-Lighted,Clear,Pedestrian,None,MEMPHIS POLICE DEPT,Other,Unbelted,-,-,-,-,-,-,Pedestrian,-,-,-,-,-,Shelby,Memphis,2
17779,301014959,1,0,35.207382,-89.92265,4,2025-04-29 13:00:00,2025,4,29,13,0,Tuesday,13:00,Fatal,Daylight,Clear,Paved Surface-Irregular,None,MEMPHIS POLICE DEPT,Other,-,-,-,-,-,-,-,-,-,-,-,Motorcyclist,-,Shelby,Memphis,3
17782,301014964,0,2,35.148914,-89.91774,4,2025-04-28 21:05:00,2025,4,28,21,5,Monday,21:05,Suspected Serious Injury,Dark-Lighted,Clear,Pedestrian,None,MEMPHIS POLICE DEPT,Other,Unbelted,-,-,-,-,-,-,Pedestrian,-,-,-,-,-,Shelby,Memphis,2
17796,301015023,0,3,35.21724,-89.993576,4,2025-04-29 16:30:00,2025,4,29,16,30,Tuesday,16:30,Suspected Serious Injury,Daylight,Clear,Motor Vehicle-In-Transport On Same Roadway,None,MEMPHIS POLICE DEPT,Other,Unbelted,-,-,-,-,-,-,-,-,-,-,-,-,Shelby,Memphis,3
17804,301015072,0,1,35.035324,-90.028435,4,2025-04-30 01:46:00,2025,4,30,1,46,Wednesday,01:46,Suspected Serious Injury,Dark-Unknown Lighting,Clear,Pedestrian,None,MEMPHIS POLICE DEPT,Other,-,-,-,-,-,-,-,Pedestrian,-,-,-,-,-,Shelby,Memphis,4
17817,301015136,1,3,36.570871,-87.356862,3,2025-04-28 18:19:00,2025,4,28,18,19,Monday,18:19,Fatal,Daylight,Clear,Ditch,None,CLARKSVILLE POLICE DEPT,Other,Unbelted,-,-,Drug,-,-,-,-,-,-,-,-,-,Montgomery,Clarksville,2
17829,301015194,0,2,35.225094,-90.01472,4,2025-04-30 18:55:00,2025,4,30,18,55,Wednesday,18:55,Suspected Serious Injury,Daylight,Cloudy,Building,None,MEMPHIS POLICE DEPT,Other,Unbelted,-,-,-,-,Speeding,-,-,-,-,-,-,-,Shelby,Memphis,4
17834,301015225,0,1,35.111393,-89.94591,4,2025-04-29 20:53:00,2025,4,29,20,53,Tuesday,20:53,Suspected Serious Injury,Dark-Lighted,Clear,Pedestrian,None,MEMPHIS POLICE DEPT,Other,Unbelted,-,-,-,-,-,-,Pedestrian,-,-,-,-,-,Shelby,Memphis,3
17838,301015246,0,1,36.586823,-82.18751,5,2025-04-30 21:19:00,2025,4,30,21,19,Wednesday,21:19,Suspected Serious Injury,Dark-Lighted,Clear,Utility Pole,None,BRISTOL POLICE DEPT,Other,Unbelted,-,Drinking,Drug,-,Speeding,-,-,-,-,-,-,-,Sullivan,Bristol,4
17840,301015250,0,1,35.096233,-85.239685,2,2025-04-30 21:42:00,2025,4,30,21,42,Wednesday,21:42,Suspected Serious Injury,Dark-Lighted,Clear,Motor Vehicle-In-Transport On Same Roadway,None,CHATTANOOGA POLICE DEPT,Other,Unbelted,-,-,-,-,-,-,-,-,-,-,Motorcyclist,-,Hamilton,Chattanooga,4
17887,301015532,0,1,36.49483,-86.87916,3,2025-05-02 09:00:00,2025,5,2,9,0,Friday,09:00,Suspected Serious Injury,Daylight,Cloudy,Motor Vehicle-In-Transport On Same Roadway,None,SPRINGFIELD POLICE DEPT,Other,Unbelted,-,-,-,-,-,-,-,-,-,-,-,-,Robertson,Springfield,6
17911,301015655,0,1,36.23919,-82.43051,5,2025-05-02 11:36:00,2025,5,2,11,36,Friday,11:36,Suspected Serious Injury,Daylight,Clear,Motor Vehicle-In-Transport On Same Roadway,None,WASHINGTON CO SHERIFFS DEPT,Other,Unbelted,-,-,-,-,-,-,-,-,-,ATV_Involved,-,-,Washington,Not in City Limit,6
17913,301015693,0,2,35.15817,-89.79532,4,2025-05-02 09:32:00,2025,5,2,9,32,Friday,09:32,Suspected Serious Injury,Daylight,Rain,Motor Vehicle-In-Transport On Same Roadway,None,MEMPHIS POLICE DEPT,Other,Unbelted,-,-,-,-,-,-,-,-,-,-,-,-,Shelby,Memphis,6
17919,301015742,0,1,36.55936,-82.16023,5,2025-05-02 13:46:00,2025,5,2,13,46,Friday,13:46,Suspected Serious Injury,Daylight,Clear,Other Non-Collision,None,BRISTOL POLICE DEPT,Other,-,-,-,-,-,-,-,-,-,-,-,Motorcyclist,-,Sullivan,Bristol,6
17924,301015796,0,2,35.020893,-90.06824,4,2025-05-03 18:20:00,2025,5,3,18,20,Saturday,18:20,Suspected Serious Injury,Daylight,Clear,Motor Vehicle-In-Transport On Same Roadway,None,MEMPHIS POLICE DEPT,Other,Unbelted,-,-,-,-,-,-,-,-,-,-,-,-,Shelby,Memphis,7
17925,301015799,0,1,35.101543,-90.056496,4,2025-05-03 19:30:00,2025,5,3,19,30,Saturday,19:30,Suspected Serious Injury,Daylight,Clear,Embankment Rock/Stone/Concrete,None,MEMPHIS POLICE DEPT,Other,-,-,-,-,-,-,-,-,-,ATV_Involved,-,-,-,Shelby,Memphis,7
17931,301015820,0,1,35.126647,-85.240166,2,2025-05-03 19:40:00,2025,5,3,19,40,Saturday,19:40,Suspected Serious Injury,Dusk,Clear,Wall,None,CHATTANOOGA POLICE DEPT,Other,Unbelted,-,-,-,Drowsy,-,-,-,-,-,-,-,-,Hamilton,Chattanooga,7
17935,301015828,0,1,36.57988,-87.35949,3,2025-05-02 21:42:00,2025,5,2,21,42,Friday,21:42,Suspected Serious Injury,Dark-Not Lighted,Clear,Motor Vehicle-In-Transport On Different Roadway,None,CLARKSVILLE POLICE DEPT,Other,Unbelted,-,-,-,-,-,-,-,-,-,-,-,-,Montgomery,Clarksville,6
17963,301015953,0,1,36.545082,-82.51846,5,2025-05-04 15:44:00,2025,5,4,15,44,Sunday,15:44,Suspected Serious Injury,Daylight,Clear,Motor Vehicle-In-Transport On Same Roadway,None,KINGSPORT POLICE DEPARTMENT,Other,Unbelted,-,-,-,-,-,-,-,-,-,-,Motorcyclist,-,Sullivan,Kingsport,1
17979,301016024,0,1,35.8854,-84.4985,1,2025-05-04 15:35:00,2025,5,4,15,35,Sunday,15:35,Suspected Serious Injury,Daylight,Clear,"Over Turn, Roll Over",None,KINGSTON POLICE DEPT,Other,-,-,-,-,-,Speeding,-,-,-,-,-,Motorcyclist,-,Roane,Kingston,1
17983,301016036,1,1,36.559665,-87.415196,3,2025-05-02 00:31:00,2025,5,2,0,31,Friday,00:31,Fatal,Dark-Not Lighted,Clear,Parked Motor Vehicle,None,CLARKSVILLE POLICE DEPT,Other,-,-,Drinking,-,-,-,-,-,-,-,-,Motorcyclist,-,Montgomery,Clarksville,6
17989,301016061,1,0,35.148259,-90.043566,4,2025-05-05 05:34:00,2025,5,5,5,34,Monday,05:34,Fatal,Dark-Lighted,Clear,Pedestrian,None,MEMPHIS POLICE DEPT,Other,Unbelted,-,-,-,-,-,-,Pedestrian,-,-,-,-,-,Shelby,Memphis,2
17992,301016082,0,2,36.563019,-87.312556,3,2025-05-04 19:01:00,2025,5,4,19,1,Sunday,19:01,Suspected Serious Injury,Daylight,Rain,Motor Vehicle-In-Transport On Same Roadway,None,CLARKSVILLE POLICE DEPT,Other,Unbelted,-,-,-,-,-,-,-,-,-,-,-,-,Montgomery,Clarksville,1
18023,301016228,0,2,35.259024,-89.834697,4,2025-05-01 10:53:00,2025,5,1,10,53,Thursday,10:53,Suspected Serious Injury,Daylight,Clear,Motor Vehicle-In-Transport On Same Roadway,None,BARTLETT POLICE DEPT,Other,Unbelted,-,-,-,-,-,-,-,-,-,-,-,-,Shelby,Bartlett,5
18050,301016347,0,2,35.071462,-85.245678,2,2025-05-06 18:01:00,2025,5,6,18,1,Tuesday,18:01,Suspected Serious Injury,Daylight,Clear,Motor Vehicle-In-Transport On Same Roadway,None,CHATTANOOGA POLICE DEPT,Other,Unbelted,-,-,-,-,-,-,-,-,-,-,Motorcyclist,-,Hamilton,Chattanooga,3
18053,301016358,0,1,36.172832,-82.89851,5,2025-05-06 20:17:00,2025,5,6,20,17,Tuesday,20:17,Suspected Serious Injury,Dusk,Clear,Motor Vehicle-In-Transport On Same Roadway,None,GREENEVILLE POLICE DEPT,Other,Unbelted,-,-,-,-,-,-,-,-,-,-,-,-,Greene,Greeneville,3
18073,301016487,0,1,36.390976,-82.358406,5,2025-05-06 16:44:00,2025,5,6,16,44,Tuesday,16:44,Suspected Serious Injury,Daylight,Clear,Motor Vehicle-In-Transport On Same Roadway,None,JOHNSON CITY POLICE DEPT,Other,Unbelted,-,-,-,-,-,-,-,-,-,ATV_Involved,-,-,Washington,Johnson City,3
18083,301016531,0,1,35.043925,-85.310328,2,2025-05-06 21:38:00,2025,5,6,21,38,Tuesday,21:38,Suspected Serious Injury,Dark-Lighted,Clear,Motor Vehicle-In-Transport On Same Roadway,None,CHATTANOOGA POLICE DEPT,Other,Unbelted,-,-,-,-,-,-,-,-,-,-,Motorcyclist,-,Hamilton,Chattanooga,3
18092,301016576,0,2,36.550503,-82.59018,5,2025-05-07 16:52:00,2025,5,7,16,52,Wednesday,16:52,Suspected Serious Injury,Daylight,Clear,Motor Vehicle-In-Transport On Same Roadway,None,KINGSPORT POLICE DEPARTMENT,Other,Unbelted,-,-,-,-,-,-,-,-,-,-,-,-,Sullivan,Kingsport,4
18107,301016677,0,2,35.159336,-85.193992,2,2025-05-08 13:45:00,2025,5,8,13,45,Thursday,13:45,Suspected Serious Injury,Daylight,Clear,Motor Vehicle-In-Transport On Same Roadway,None,CHATTANOOGA POLICE DEPT,Other,Unbelted,-,-,-,-,-,-,-,-,-,-,-,-,Hamilton,Chattanooga,5
18142,301016967,0,2,35.020479,-85.286715,2,2025-05-09 18:38:00,2025,5,9,18,38,Friday,18:38,Suspected Serious Injury,Daylight,Clear,Motor Vehicle-In-Transport On Same Roadway,None,CHATTANOOGA POLICE DEPT,Other,Unbelted,-,-,-,-,-,-,-,-,-,-,-,-,Hamilton,Chattanooga,6
18144,301016980,0,1,36.201977,-82.87962,5,2025-05-09 00:00:00,2025,5,9,24,0,Friday,24:00,Suspected Serious Injury,Dark-Not Lighted,Clear,Embankment Earth,None,GREENE CO SHERIFFS DEPT,Other,Unbelted,Distracted,-,-,-,-,-,-,-,-,-,-,-,Greene,Not in City Limit,6
18203,301017286,0,1,36.082092,-83.0494,5,2025-05-09 18:56:00,2025,5,9,18,56,Friday,18:56,Suspected Serious Injury,Daylight,Clear,Standing Tree,None,GREENE CO SHERIFFS DEPT,Other,Unbelted,-,Drinking,-,-,Speeding,-,-,-,-,-,-,-,Greene,Not in City Limit,6
18204,301017287,0,1,35.151276,-89.94446,4,2025-05-11 23:42:00,2025,5,11,23,42,Sunday,23:42,Suspected Serious Injury,Dark-Lighted,Rain,Pedestrian,None,MEMPHIS POLICE DEPT,Other,-,-,-,-,-,-,-,Pedestrian,-,-,-,-,-,Shelby,Memphis,1
18221,301017367,0,1,35.000144,-85.291917,2,2025-05-11 11:00:00,2025,5,11,11,0,Sunday,11:00,Suspected Serious Injury,Daylight,Clear,Pedestrian,None,CHATTANOOGA POLICE DEPT,Other,Unbelted,-,-,-,-,-,-,Pedestrian,-,-,-,-,-,Hamilton,Chattanooga,1
18227,301017397,1,0,35.085034,-85.2031,2,2025-05-09 07:10:00,2025,5,9,7,10,Friday,07:10,Fatal,Daylight,Clear,Pedal-Cycle,None,CHATTANOOGA POLICE DEPT,Other,Unbelted,-,-,-,-,-,Pedalcyclist,-,-,-,-,-,-,Hamilton,Chattanooga,6
18254,301017537,0,1,35.074513,-85.195394,2,2025-05-13 04:38:00,2025,5,13,4,38,Tuesday,04:38,Suspected Serious Injury,Dark-Not Lighted,Rain,Parked Motor Vehicle,None,CHATTANOOGA POLICE DEPT,Other,Unbelted,-,-,-,Drowsy,-,-,-,-,-,-,-,-,Hamilton,Chattanooga,3
18259,301017554,1,1,35.27714,-89.767039,4,2025-05-06 00:45:00,2025,5,6,0,45,Tuesday,00:45,Fatal,Dark-Not Lighted,Clear,Motor Vehicle-In-Transport On Same Roadway,None,SHELBY CO SHERIFFS DEPT,Other,Unbelted,-,Drinking,Drug,-,-,-,-,-,-,-,-,-,Shelby,Not in City Limit,3
18263,301017566,0,1,36.625392,-87.322539,3,2025-05-12 10:44:50,2025,5,12,10,44,Monday,10:44,Suspected Serious Injury,Daylight,Clear,Motor Vehicle-In-Transport On Same Roadway,None,CLARKSVILLE POLICE DEPT,Other,Unbelted,-,-,-,-,-,-,-,-,-,-,Motorcyclist,-,Montgomery,Clarksville,2
18265,301017568,0,2,35.220085,-89.9769,4,2025-05-12 20:50:00,2025,5,12,20,50,Monday,20:50,Suspected Serious Injury,Dark-Lighted,Rain,Motor Vehicle-In-Transport On Same Roadway,None,MEMPHIS POLICE DEPT,Other,Unbelted,-,-,-,-,-,-,-,-,-,-,-,-,Shelby,Memphis,2
18266,301017581,0,1,35.141963,-85.241857,2,2025-05-13 00:35:00,2025,5,13,0,35,Tuesday,00:35,Suspected Serious Injury,Dark-Not Lighted,Rain,Ditch,None,CHATTANOOGA POLICE DEPT,Other,Unbelted,-,Drinking,Drug,-,-,-,-,-,-,-,-,-,Hamilton,Chattanooga,3
18276,301017644,0,1,36.314377,-82.33524,5,2025-05-12 09:25:00,2025,5,12,9,25,Monday,09:25,Suspected Serious Injury,Daylight,Rain,Embankment Earth,None,JOHNSON CITY POLICE DEPT,Other,Unbelted,-,-,-,-,-,-,-,-,-,-,-,-,Washington,Johnson City,2
18284,301017697,0,2,35.163002,-89.87765,4,2025-05-13 17:29:00,2025,5,13,17,29,Tuesday,17:29,Suspected Serious Injury,Daylight,Clear,Motor Vehicle-In-Transport On Same Roadway,None,MEMPHIS POLICE DEPT,Other,Unbelted,-,-,-,-,-,-,-,-,-,-,-,-,Shelby,Memphis,3
18295,301017734,0,1,35.054779,-85.309712,2,2025-05-13 17:35:00,2025,5,13,17,35,Tuesday,17:35,Suspected Serious Injury,Daylight,Clear,Motor Vehicle-In-Transport On Same Roadway,None,CHATTANOOGA POLICE DEPT,Other,Unbelted,-,-,-,-,-,-,-,-,-,-,-,-,Hamilton,Chattanooga,3
18311,301017833,0,2,36.569162,-87.426004,3,2025-05-14 06:15:00,2025,5,14,6,15,Wednesday,06:15,Suspected Serious Injury,Dawn,Clear,Motor Vehicle-In-Transport On Same Roadway,None,CLARKSVILLE POLICE DEPT,Other,Unbelted,-,-,-,-,-,-,-,-,-,-,-,-,Montgomery,Clarksville,4
18323,301017901,1,2,36.571601,-87.293299,3,2025-05-14 14:30:00,2025,5,14,14,30,Wednesday,14:30,Fatal,Daylight,Clear,Motor Vehicle-In-Transport On Same Roadway,None,CLARKSVILLE POLICE DEPT,Other,Unbelted,-,-,-,-,-,-,-,-,-,-,-,-,Montgomery,Clarksville,4
18344,301018006,0,1,35.180794,-89.859505,4,2025-05-15 05:40:00,2025,5,15,5,40,Thursday,05:40,Suspected Serious Injury,Dawn,Clear,Motor Vehicle-In-Transport On Same Roadway,None,MEMPHIS POLICE DEPT,Other,Unbelted,-,-,-,-,-,-,-,-,-,-,-,-,Shelby,Memphis,5
18351,301018045,0,1,35.34521,-89.896645,4,2025-05-14 20:00:00,2025,5,14,20,0,Wednesday,20:00,Suspected Serious Injury,Daylight,Clear,Other Fixed Object,None,MILLINGTON POLICE DEPT,Other,-,-,-,-,-,-,-,-,-,-,-,Motorcyclist,-,Shelby,Millington,4
18356,301018084,0,2,36.178406,-82.822556,5,2025-05-15 15:34:00,2025,5,15,15,34,Thursday,15:34,Suspected Serious Injury,Daylight,Clear,Motor Vehicle-In-Transport On Same Roadway,None,GREENEVILLE POLICE DEPT,Other,Unbelted,-,-,-,-,-,-,-,-,-,-,-,-,Greene,Greeneville,5
18374,301018193,0,2,36.386765,-82.437454,5,2025-05-13 18:44:00,2025,5,13,18,44,Tuesday,18:44,Suspected Serious Injury,Daylight,Clear,Motor Vehicle-In-Transport On Same Roadway,None,JOHNSON CITY POLICE DEPT,Other,Unbelted,-,Drinking,Drug,-,-,-,-,-,-,ATV_Involved,-,-,Washington,Gray,3
18377,301018237,0,1,35.020866,-90.04294,4,2025-05-15 21:00:00,2025,5,15,21,0,Thursday,21:00,Suspected Serious Injury,Dark-Not Lighted,Clear,Pedestrian,None,MEMPHIS POLICE DEPT,Other,-,-,-,-,-,-,-,Pedestrian,-,-,-,-,-,Shelby,Memphis,5
18389,301018340,1,0,35.142204,-90.03157,4,2025-05-15 22:10:00,2025,5,15,22,10,Thursday,22:10,Fatal,Dark-Lighted,Clear,Pedestrian,None,MEMPHIS POLICE DEPT,Other,Unbelted,-,-,-,-,-,-,Pedestrian,-,-,-,-,-,Shelby,Memphis,5
18406,301018430,0,2,35.004622,-85.225423,2,2025-05-17 10:55:00,2025,5,17,10,55,Saturday,10:55,Suspected Serious Injury,Daylight,Clear,Motor Vehicle-In-Transport On Same Roadway,Construction Zone,CHATTANOOGA POLICE DEPT,Other,Unbelted,-,-,-,-,-,-,-,-,-,ATV_Involved,-,-,Hamilton,Chattanooga,7
18418,301018501,0,3,35.037399,-85.155239,2,2025-05-16 17:22:00,2025,5,16,17,22,Friday,17:22,Suspected Serious Injury,Daylight,Clear,Motor Vehicle-In-Transport On Same Roadway,None,CHATTANOOGA POLICE DEPT,Other,Unbelted,-,-,-,-,-,-,-,-,-,-,-,-,Hamilton,Chattanooga,6
18427,301018532,1,0,35.174452,-89.926674,4,2025-05-17 04:13:00,2025,5,17,4,13,Saturday,04:13,Fatal,Dark-Lighted,Clear,Building,None,MEMPHIS POLICE DEPT,Other,Unbelted,-,Drinking,Drug,-,-,-,-,-,-,-,-,-,Shelby,Memphis,7
18450,301018662,1,0,35.106117,-89.98578,4,2025-05-17 20:00:00,2025,5,17,20,0,Saturday,20:00,Fatal,Dusk,Clear,Pedestrian,None,MEMPHIS POLICE DEPT,Other,-,-,-,-,-,-,-,Pedestrian,-,-,-,-,-,Shelby,Memphis,7
18453,301018672,0,1,35.126534,-90.07434,4,2025-05-18 18:55:00,2025,5,18,18,55,Sunday,18:55,Suspected Serious Injury,Dusk,Clear,Motor Vehicle-In-Transport On Same Roadway,None,MEMPHIS POLICE DEPT,Other,Unbelted,-,-,-,-,-,-,-,-,-,-,-,-,Shelby,Memphis,1
18474,301018797,0,1,35.05377,-90.007454,4,2025-05-19 08:30:00,2025,5,19,8,30,Monday,08:30,Suspected Serious Injury,Daylight,Clear,Motor Vehicle-In-Transport On Same Roadway,None,MEMPHIS POLICE DEPT,Other,Unbelted,-,-,-,-,-,-,-,-,-,-,-,-,Shelby,Memphis,2
18481,301018842,0,3,36.264637,-82.545845,5,2025-05-19 13:31:00,2025,5,19,13,31,Monday,13:31,Suspected Serious Injury,Daylight,Clear,Motor Vehicle-In-Transport On Same Roadway,None,WASHINGTON CO SHERIFFS DEPT,Other,Unbelted,-,-,-,-,-,-,-,-,-,-,-,-,Washington,Not in City Limit,2
18505,301018945,0,3,35.35037,-89.90036,4,2025-05-14 22:08:00,2025,5,14,22,8,Wednesday,22:08,Suspected Serious Injury,Dark-Lighted,Clear,Motor Vehicle-In-Transport On Same Roadway,None,MILLINGTON POLICE DEPT,Other,Unbelted,-,-,-,-,-,-,-,-,-,-,-,-,Shelby,Millington,4
18516,301019002,0,3,35.12136,-90.03284,4,2025-05-18 21:00:00,2025,5,18,21,0,Sunday,21:00,Suspected Serious Injury,Dark-Lighted,Rain,Parked Motor Vehicle,None,MEMPHIS POLICE DEPT,Other,Unbelted,-,-,-,-,-,-,-,-,-,-,-,-,Shelby,Memphis,1
18532,301019100,0,1,35.247196,-89.996,4,2025-05-20 18:51:00,2025,5,20,18,51,Tuesday,18:51,Suspected Serious Injury,Daylight,Other,Ditch,None,MEMPHIS POLICE DEPT,Other,Unbelted,-,-,-,-,-,-,-,-,-,-,-,-,Shelby,Memphis,3
18533,301019114,0,2,35.010392,-85.294249,2,2025-05-17 23:14:00,2025,5,17,23,14,Saturday,23:14,Suspected Serious Injury,Dark-Lighted,Clear,Fence,None,CHATTANOOGA POLICE DEPT,Other,Unbelted,-,-,-,-,-,-,-,-,-,-,-,-,Hamilton,Chattanooga,7
18573,301019372,0,1,34.991267,-85.289441,2,2025-05-22 12:05:00,2025,5,22,12,5,Thursday,12:05,Suspected Serious Injury,Daylight,Clear,Utility Pole,None,CHATTANOOGA POLICE DEPT,Other,Unbelted,-,-,-,-,-,-,-,-,-,-,-,-,Hamilton,Chattanooga,5
18574,301019385,0,1,35.019039,-85.334554,2,2025-05-22 04:57:00,2025,5,22,4,57,Thursday,04:57,Suspected Serious Injury,Dark-Not Lighted,Clear,Motor Vehicle-In-Motion Outside Trafficway,None,CHATTANOOGA POLICE DEPT,Other,Unbelted,-,-,-,Drowsy,-,-,-,-,-,ATV_Involved,-,-,Hamilton,Chattanooga,5
18575,301019392,0,1,36.251434,-82.3644,5,2025-05-20 16:25:00,2025,5,20,16,25,Tuesday,16:25,Suspected Serious Injury,Daylight,Clear,Guard Rail Face,None,WASHINGTON CO SHERIFFS DEPT,Other,-,-,-,-,-,Speeding,-,-,-,-,-,Motorcyclist,-,Washington,Not in City Limit,3
18583,301019436,1,0,35.109,-90.00362,4,2025-05-21 19:08:00,2025,5,21,19,8,Wednesday,19:08,Fatal,Daylight,Clear,Other Fixed Object,None,MEMPHIS POLICE DEPT,Other,Unbelted,-,-,-,-,-,-,-,-,-,-,-,-,Shelby,Memphis,4
18589,301019475,1,0,35.131256,-84.877293,2,2025-05-22 14:16:00,2025,5,22,14,16,Thursday,14:16,Fatal,Daylight,Clear,Motor Vehicle-In-Transport On Same Roadway,None,CLEVELAND POLICE DEPT,Other,Unbelted,-,-,-,-,-,-,-,-,-,-,Motorcyclist,-,Bradley,Cleveland,5
18590,301019488,0,3,35.156296,-90.045265,4,2025-05-22 20:26:00,2025,5,22,20,26,Thursday,20:26,Suspected Serious Injury,Dark-Lighted,Clear,Motor Vehicle-In-Transport On Same Roadway,None,MEMPHIS POLICE DEPT,Other,Unbelted,-,-,-,-,-,-,-,-,-,-,-,-,Shelby,Memphis,5
18592,301019499,1,0,35.167316,-89.94523,4,2025-05-22 21:48:00,2025,5,22,21,48,Thursday,21:48,Fatal,Dark-Lighted,Clear,Pedestrian,None,MEMPHIS POLICE DEPT,Other,Unbelted,-,-,-,-,-,-,Pedestrian,-,-,-,-,-,Shelby,Memphis,5
18600,301019537,0,2,35.1782,-89.7799,4,2025-05-17 21:40:00,2025,5,17,21,40,Saturday,21:40,Suspected Serious Injury,Dark-Not Lighted,Clear,Motor Vehicle-In-Transport On Same Roadway,None,SHELBY CO SHERIFFS DEPT,Other,Unbelted,-,-,-,-,-,-,-,-,-,-,-,-,Shelby,Not in City Limit,7
18616,301019626,0,2,35.01839,-85.161937,2,2025-05-23 15:45:00,2025,5,23,15,45,Friday,15:45,Suspected Serious Injury,Daylight,Clear,Motor Vehicle-In-Transport On Same Roadway,None,CHATTANOOGA POLICE DEPT,Other,Unbelted,-,-,-,-,-,-,-,-,-,-,-,-,Hamilton,Chattanooga,6
18635,301019693,0,2,35.07848,-89.88398,4,2025-05-24 00:30:00,2025,5,24,0,30,Saturday,00:30,Suspected Serious Injury,Dark-Lighted,Clear,Motor Vehicle-In-Transport On Same Roadway,None,MEMPHIS POLICE DEPT,Other,Unbelted,-,-,-,-,-,-,Pedestrian,-,-,-,-,-,Shelby,Memphis,7
18639,301019726,0,1,35.19512,-89.79239,4,2025-05-23 12:00:00,2025,5,23,12,0,Friday,12:00,Suspected Serious Injury,Daylight,Clear,Motor Vehicle-In-Transport On Same Roadway,None,MEMPHIS POLICE DEPT,Other,Unbelted,-,-,-,-,-,-,-,-,-,-,-,-,Shelby,Memphis,6