OBJECTID,MRN,Fatality,Injury,Latitude,Longitude,THP_District,Collision_Date,Collision_Year,Collision_Month,Collision_Day,Collision_Hour,Collision_Min,Collision_DOW,Collision_Time,Crash_Type,Light_Condition,Weather,First_Harmfu_Event,Work_Zone_Type,Agency_Name,THP,Unbelted,Distracted_Driver,Driver_Drinking,Driver_Drugged,Drowsy_Driver,Speeding_Involved,Pedalcyclist,Pedestrian,Other_Nonmotorist,ATV_Involved,LargeTruck_Involved,Motorcycle_Involved,SchoolBus,County,City,DOW_Nmb
18665,301019868,0,1,35.10915,-89.98218,4,2025-05-24 20:50:00,2025,5,24,20,50,Saturday,20:50,Suspected Serious Injury,Unknown,Unknown,Pedestrian,Unknown,MEMPHIS POLICE DEPT,Other,-,-,-,-,-,-,-,Pedestrian,-,-,-,-,-,Shelby,Memphis,7
18667,301019888,1,1,35.07429,-90.00193,4,2025-05-24 16:03:00,2025,5,24,16,3,Saturday,16:03,Fatal,Daylight,Clear,Utility Pole,None,MEMPHIS POLICE DEPT,Other,Unbelted,-,-,-,-,-,-,-,-,-,-,-,-,Shelby,Memphis,7
18673,301019920,0,1,36.625929,-87.364775,3,2025-05-21 04:30:44,2025,5,21,4,30,Wednesday,04:30,Suspected Serious Injury,Dark-Lighted,Clear,Other Fixed Object,None,CLARKSVILLE POLICE DEPT,Other,Unbelted,-,Drinking,-,-,-,-,-,-,-,-,-,-,Montgomery,Clarksville,4
18687,301019977,1,0,36.435684,-82.44744,5,2025-05-22 17:00:00,2025,5,22,17,0,Thursday,17:00,Fatal,Daylight,Clear,Curb,None,JOHNSON CITY POLICE DEPT,Other,Unbelted,-,-,-,-,-,-,-,-,-,-,-,-,Washington,Gray,5
18696,301020039,0,2,35.047825,-90.02524,4,2025-05-23 14:25:00,2025,5,23,14,25,Friday,14:25,Suspected Serious Injury,Daylight,Clear,Other Fixed Object,None,MEMPHIS POLICE DEPT,Other,Unbelted,-,-,-,-,-,-,-,-,-,-,-,-,Shelby,Memphis,6
18713,301020107,0,1,35.005596,-89.830953,4,2025-05-18 03:00:00,2025,5,18,3,0,Sunday,03:00,Suspected Serious Injury,Dark-Not Lighted,Rain,Pedestrian,None,SHELBY CO SHERIFFS DEPT,Other,Unbelted,-,-,-,-,-,-,Pedestrian,-,-,-,-,-,Shelby,Not in City Limit,1
18741,301020285,0,2,35.05377,-90.007454,4,2025-05-28 01:03:00,2025,5,28,1,3,Wednesday,01:03,Suspected Serious Injury,Dark-Lighted,Clear,Motor Vehicle-In-Transport On Same Roadway,None,MEMPHIS POLICE DEPT,Other,Unbelted,-,-,-,-,-,-,-,-,-,-,-,-,Shelby,Memphis,4
18749,301020297,0,1,36.59365,-87.41709,3,2025-05-21 12:10:10,2025,5,21,12,10,Wednesday,12:10,Suspected Serious Injury,Daylight,Clear,Motor Vehicle-In-Transport On Same Roadway,None,CLARKSVILLE POLICE DEPT,Other,Unbelted,-,-,-,-,-,-,-,-,-,-,Motorcyclist,-,Montgomery,Clarksville,4
18756,301020348,0,1,35.22268,-89.602646,4,2025-05-27 12:02:00,2025,5,27,12,2,Tuesday,12:02,Suspected Serious Injury,Daylight,Cloudy,Highway Traffic Sign Post,None,OAKLAND POLICE DEPT,Other,Unbelted,-,-,-,-,-,-,-,-,-,-,-,-,Fayette,Oakland,3
18775,301020464,2,1,36.581015,-87.420876,3,2025-05-28 11:21:00,2025,5,28,11,21,Wednesday,11:21,Fatal,Daylight,Cloudy,Motor Vehicle-In-Transport On Same Roadway,None,CLARKSVILLE POLICE DEPT,Other,Unbelted,-,-,Drug,-,-,-,-,-,-,-,-,-,Montgomery,Clarksville,4
18778,301020484,0,2,36.316315,-82.466644,5,2025-05-29 08:00:00,2025,5,29,8,0,Thursday,08:00,Suspected Serious Injury,Daylight,Cloudy,Motor Vehicle-In-Transport On Same Roadway,None,JONESBOROUGH POLICE DEPT,Other,Unbelted,-,-,-,-,-,-,-,-,-,-,-,-,Washington,Jonesborough,5
18789,301020540,0,1,35.014556,-85.272971,2,2025-05-29 16:30:00,2025,5,29,16,30,Thursday,16:30,Suspected Serious Injury,Daylight,Clear,Motor Vehicle-In-Transport On Same Roadway,None,CHATTANOOGA POLICE DEPT,Other,-,-,-,-,-,-,-,-,-,-,-,Motorcyclist,-,Hamilton,Chattanooga,5
18798,301020578,0,2,36.53358,-82.53497,5,2025-05-29 17:45:00,2025,5,29,17,45,Thursday,17:45,Suspected Serious Injury,Daylight,Rain,Standing Tree,None,KINGSPORT POLICE DEPARTMENT,Other,Unbelted,-,Drinking,Drug,-,Speeding,-,-,-,-,-,-,-,Sullivan,Kingsport,5
18807,301020618,0,2,35.171,-84.86591,2,2025-05-28 16:50:00,2025,5,28,16,50,Wednesday,16:50,Suspected Serious Injury,Daylight,Clear,Motor Vehicle-In-Transport On Same Roadway,None,CLEVELAND POLICE DEPT,Other,Unbelted,-,-,-,-,-,-,-,-,-,-,-,-,Bradley,Cleveland,4
18812,301020635,1,0,36.403564,-82.429,5,2025-05-30 07:22:00,2025,5,30,7,22,Friday,07:22,Fatal,Daylight,Clear,Other Non-Collision,None,JOHNSON CITY POLICE DEPT,Other,Unbelted,-,-,-,-,-,-,-,-,-,ATV_Involved,-,-,Washington,Johnson City,6
18825,301020692,0,2,36.48779,-82.57344,5,2025-05-30 13:45:00,2025,5,30,13,45,Friday,13:45,Suspected Serious Injury,Daylight,Clear,Motor Vehicle-In-Transport On Same Roadway,None,KINGSPORT POLICE DEPARTMENT,Other,Unbelted,-,-,-,-,-,-,-,-,-,-,-,-,Sullivan,Kingsport,6
18838,301020787,0,3,34.992583,-85.305528,2,2025-05-30 19:52:00,2025,5,30,19,52,Friday,19:52,Suspected Serious Injury,Daylight,Clear,Motor Vehicle-In-Transport On Same Roadway,None,CHATTANOOGA POLICE DEPT,Other,Unbelted,-,-,-,-,-,-,-,-,-,-,-,-,Hamilton,Chattanooga,6
18864,301020936,0,1,35.014509,-85.252055,2,2025-05-31 19:56:00,2025,5,31,19,56,Saturday,19:56,Suspected Serious Injury,Daylight,Clear,Concrete Traffic Barrier,Construction Zone,CHATTANOOGA POLICE DEPT,Other,-,-,-,-,-,Speeding,-,-,-,-,-,Motorcyclist,-,Hamilton,Chattanooga,7
18866,301020947,0,2,36.30854,-82.3865,5,2025-05-31 18:15:00,2025,5,31,18,15,Saturday,18:15,Suspected Serious Injury,Dusk,Clear,Motor Vehicle-In-Transport On Same Roadway,None,JOHNSON CITY POLICE DEPT,Other,Unbelted,-,-,-,-,-,-,-,-,-,-,-,-,Washington,Johnson City,7
18870,301020970,0,1,36.621677,-87.420318,3,2025-06-01 01:18:00,2025,6,1,1,18,Sunday,01:18,Suspected Serious Injury,Dark-Lighted,Clear,Utility Pole,None,CLARKSVILLE POLICE DEPT,Other,Unbelted,Distracted,-,-,-,-,-,-,-,-,-,-,-,Montgomery,Clarksville,1
18871,301020973,0,1,35.418552,-89.77086,4,2025-05-31 18:05:00,2025,5,31,18,5,Saturday,18:05,Suspected Serious Injury,Daylight,Clear,Pedal-Cycle,None,ATOKA POLICE DEPT,Other,Unbelted,-,-,-,-,-,Pedalcyclist,-,-,-,-,-,-,Tipton,Atoka,7
18876,301021004,0,6,36.50141,-86.88183,3,2025-06-01 14:20:00,2025,6,1,14,20,Sunday,14:20,Suspected Serious Injury,Daylight,Clear,Motor Vehicle-In-Transport On Same Roadway,None,SPRINGFIELD POLICE DEPT,Other,Unbelted,-,-,-,-,-,-,-,-,-,-,-,-,Robertson,Springfield,1
18879,301021010,0,3,35.213737,-89.91653,4,2025-05-22 17:55:00,2025,5,22,17,55,Thursday,17:55,Suspected Serious Injury,Daylight,Clear,Motor Vehicle-In-Transport On Same Roadway,None,SHELBY CO SHERIFFS DEPT,Other,Unbelted,-,-,-,-,-,-,-,-,-,-,-,-,Shelby,Memphis,5
18889,301021069,1,0,35.076221,-85.104362,2,2025-06-02 00:05:00,2025,6,2,0,5,Monday,00:05,Fatal,Dark-Lighted,Clear,Embankment Earth,None,CHATTANOOGA POLICE DEPT,Other,Unbelted,-,Drinking,Drug,-,Speeding,-,-,-,-,-,-,-,Hamilton,Chattanooga,2
18898,301021141,0,1,35.093368,-85.22666,2,2025-06-03 12:48:00,2025,6,3,12,48,Tuesday,12:48,Suspected Serious Injury,Daylight,Clear,Motor Vehicle-In-Transport On Same Roadway,None,CHATTANOOGA POLICE DEPT,Other,Unbelted,-,-,-,-,-,-,-,-,-,-,-,-,Hamilton,Chattanooga,3
18920,301021273,1,0,35.159634,-89.875534,4,2025-06-02 07:50:00,2025,6,2,7,50,Monday,07:50,Fatal,Daylight,Clear,Motor Vehicle-In-Transport On Same Roadway,None,MEMPHIS POLICE DEPT,Other,Unbelted,-,-,-,-,-,-,-,-,-,-,-,-,Shelby,Memphis,2
18933,301021307,3,1,35.193043,-89.973114,4,2025-05-31 15:15:00,2025,5,31,15,15,Saturday,15:15,Fatal,Daylight,Clear,Motor Vehicle-In-Transport On Same Roadway,None,MEMPHIS POLICE DEPT,Other,Unbelted,-,-,-,-,-,-,-,-,-,ATV_Involved,-,-,Shelby,Memphis,7
18936,301021313,0,1,35.137783,-89.99986,4,2025-05-31 01:42:00,2025,5,31,1,42,Saturday,01:42,Suspected Serious Injury,Dark-Lighted,Clear,Motor Vehicle-In-Transport On Same Roadway,None,MEMPHIS POLICE DEPT,Other,Unbelted,-,Drinking,Drug,-,-,-,-,-,-,-,Motorcyclist,-,Shelby,Memphis,7
18948,301021363,0,1,35.17622,-90.050285,4,2025-06-02 12:38:00,2025,6,2,12,38,Monday,12:38,Suspected Serious Injury,Daylight,Clear,Mail Box,None,MEMPHIS POLICE DEPT,Other,Unbelted,-,-,-,-,-,-,-,-,-,-,-,-,Shelby,Memphis,2
18949,301021371,0,1,35.09942,-90.02872,4,2025-06-01 22:14:00,2025,6,1,22,14,Sunday,22:14,Suspected Serious Injury,Dark-Lighted,Clear,Standing Tree,None,MEMPHIS POLICE DEPT,Other,Unbelted,-,-,-,-,-,-,-,-,-,-,-,-,Shelby,Memphis,1
18965,301021460,1,0,35.0613,-90.05918,4,2025-05-31 23:45:00,2025,5,31,23,45,Saturday,23:45,Fatal,Dark-Lighted,Clear,Pedestrian,None,MEMPHIS POLICE DEPT,Other,Unbelted,-,-,-,-,-,-,Pedestrian,-,-,-,-,-,Shelby,Memphis,7
18966,301021464,0,1,35.105476,-89.876236,4,2025-05-30 13:00:00,2025,5,30,13,0,Friday,13:00,Suspected Serious Injury,Daylight,Clear,Motor Vehicle-In-Transport On Same Roadway,None,MEMPHIS POLICE DEPT,Other,Unbelted,-,-,-,-,-,-,-,-,-,-,-,-,Shelby,Memphis,6
18987,301021553,0,2,36.552044,-82.62544,5,2025-06-04 11:52:00,2025,6,4,11,52,Wednesday,11:52,Suspected Serious Injury,Daylight,Clear,Motor Vehicle-In-Transport On Same Roadway,None,KINGSPORT POLICE DEPARTMENT,Other,Unbelted,-,-,-,-,-,-,-,-,-,-,-,-,Hawkins,Kingsport,4
18995,301021608,0,1,35.137108,-89.96174,4,2025-06-04 13:36:00,2025,6,4,13,36,Wednesday,13:36,Suspected Serious Injury,Daylight,Clear,Pedal-Cycle,None,MEMPHIS POLICE DEPT,Other,Unbelted,-,-,-,-,-,Pedalcyclist,-,-,-,-,-,-,Shelby,Memphis,4
19001,301021651,0,1,35.053333,-89.88613,4,2025-06-04 20:08:00,2025,6,4,20,8,Wednesday,20:08,Suspected Serious Injury,Dark-Lighted,Clear,Pedestrian,None,MEMPHIS POLICE DEPT,Other,Unbelted,-,-,-,-,-,-,Pedestrian,-,-,-,-,-,Shelby,Memphis,4
19003,301021661,0,1,35.145836,-89.90794,4,2025-06-04 16:10:00,2025,6,4,16,10,Wednesday,16:10,Suspected Serious Injury,Daylight,Clear,Ditch,None,MEMPHIS POLICE DEPT,Other,Unbelted,-,-,-,-,-,-,-,-,-,-,-,-,Shelby,Memphis,4
19006,301021670,0,1,35.16615,-84.847694,2,2025-06-04 23:17:00,2025,6,4,23,17,Wednesday,23:17,Suspected Serious Injury,Dark-Not Lighted,Clear,Pedestrian,None,CLEVELAND POLICE DEPT,Other,Unbelted,-,-,-,-,-,-,Pedestrian,-,-,-,-,-,Bradley,Cleveland,4
19013,301021699,0,5,35.129158,-89.740379,4,2025-05-30 20:12:00,2025,5,30,20,12,Friday,20:12,Suspected Serious Injury,Dark-Not Lighted,Clear,Motor Vehicle-In-Transport On Same Roadway,None,SHELBY CO SHERIFFS DEPT,Other,Unbelted,Distracted,-,-,-,-,-,-,-,-,-,-,-,Shelby,Not in City Limit,6
19016,301021705,0,1,35.170788,-89.814817,4,2025-06-01 21:00:00,2025,6,1,21,0,Sunday,21:00,Suspected Serious Injury,Dark-Not Lighted,Clear,Motor Vehicle-In-Transport On Same Roadway,None,SHELBY CO SHERIFFS DEPT,Other,Unbelted,-,-,-,-,-,-,-,-,-,-,Motorcyclist,-,Shelby,Not in City Limit,1
19022,301021729,0,1,35.320866,-90.016945,4,2025-05-21 14:17:00,2025,5,21,14,17,Wednesday,14:17,Suspected Serious Injury,Daylight,Clear,Pedal-Cycle,None,SHELBY CO SHERIFFS DEPT,Other,Unbelted,-,-,-,-,-,Pedalcyclist,-,-,-,-,-,-,Shelby,Not in City Limit,4
19033,301021777,0,2,36.547318,-87.377007,3,2025-06-04 14:35:00,2025,6,4,14,35,Wednesday,14:35,Suspected Serious Injury,Daylight,Clear,Motor Vehicle-In-Transport On Same Roadway,None,CLARKSVILLE POLICE DEPT,Other,Unbelted,-,-,-,-,-,-,-,-,-,-,-,-,Montgomery,Clarksville,4
19036,301021788,0,1,35.83658,-84.29213,1,2025-06-05 12:33:00,2025,6,5,12,33,Thursday,12:33,Suspected Serious Injury,Daylight,Cloudy,Motor Vehicle-In-Transport On Same Roadway,None,LENOIR CITY POLICE DEPT,Other,Unbelted,-,-,-,-,-,-,-,-,-,-,-,-,Loudon,Lenoir City,5
19040,301021805,0,1,36.559634,-87.40646,3,2025-06-04 08:49:00,2025,6,4,8,49,Wednesday,08:49,Suspected Serious Injury,Daylight,Clear,Motor Vehicle-In-Transport On Same Roadway,None,CLARKSVILLE POLICE DEPT,Other,Unbelted,-,-,-,-,-,-,-,-,-,-,-,-,Montgomery,Clarksville,4
19069,301021955,0,1,35.06046,-85.12654,2,2025-06-05 12:49:00,2025,6,5,12,49,Thursday,12:49,Suspected Serious Injury,Daylight,Clear,Curb,None,CHATTANOOGA POLICE DEPT,Other,-,-,-,-,-,-,-,-,-,-,-,Motorcyclist,-,Hamilton,Chattanooga,5
19087,301022051,0,1,35.208195,-90.0072,4,2025-06-06 20:58:00,2025,6,6,20,58,Friday,20:58,Suspected Serious Injury,Dark-Not Lighted,Clear,Parked Motor Vehicle,None,MEMPHIS POLICE DEPT,Other,Unbelted,-,-,-,-,-,-,-,-,-,-,-,-,Shelby,Memphis,6
19088,301022054,0,2,35.049439,-85.25775,2,2025-06-06 18:15:00,2025,6,6,18,15,Friday,18:15,Suspected Serious Injury,Daylight,Rain,Motor Vehicle-In-Transport On Same Roadway,None,CHATTANOOGA POLICE DEPT,Other,Unbelted,-,-,Drug,-,Speeding,-,-,-,-,-,-,-,Hamilton,Chattanooga,6
19093,301022065,0,2,35.150869,-85.249628,2,2025-06-06 18:40:00,2025,6,6,18,40,Friday,18:40,Suspected Serious Injury,Daylight,Clear,Motor Vehicle-In-Transport On Same Roadway,None,CHATTANOOGA POLICE DEPT,Other,Unbelted,-,-,-,-,-,-,-,-,-,-,-,-,Hamilton,Chattanooga,6
19095,301022068,0,1,36.290092,-82.51902,5,2025-06-07 00:30:00,2025,6,7,0,30,Saturday,00:30,Suspected Serious Injury,Unknown,Rain,Embankment Rock/Stone/Concrete,None,WASHINGTON CO SHERIFFS DEPT,Other,Unbelted,-,-,-,-,Speeding,-,-,-,-,-,-,-,Washington,Jonesborough,7
19116,301022188,0,4,35.17427,-89.94412,4,2025-06-07 04:00:00,2025,6,7,4,0,Saturday,04:00,Suspected Serious Injury,Dark-Lighted,Clear,Utility Pole,None,MEMPHIS POLICE DEPT,Other,Unbelted,-,-,-,-,-,-,-,-,-,-,-,-,Shelby,Memphis,7
19140,301022338,0,1,35.029007,-85.352009,2,2025-06-08 11:40:00,2025,6,8,11,40,Sunday,11:40,Suspected Serious Injury,Daylight,Clear,"Over Turn, Roll Over",None,CHATTANOOGA POLICE DEPT,Other,Unbelted,-,-,-,-,-,-,-,-,-,-,-,-,Hamilton,Chattanooga,1
19152,301022390,1,2,35.088875,-85.188821,2,2025-06-06 14:03:00,2025,6,6,14,3,Friday,14:03,Fatal,Daylight,Clear,Motor Vehicle-In-Transport On Same Roadway,None,CHATTANOOGA POLICE DEPT,Other,Unbelted,-,-,Drug,-,-,-,-,-,-,-,-,-,Hamilton,Chattanooga,6
19153,301022398,0,2,35.020433,-89.796024,4,2025-06-03 07:40:00,2025,6,3,7,40,Tuesday,07:40,Suspected Serious Injury,Dawn,Clear,Motor Vehicle-In-Transport On Same Roadway,None,SHELBY CO SHERIFFS DEPT,Other,Unbelted,-,-,-,-,-,-,-,-,-,-,-,-,Shelby,Not in City Limit,3
19160,301022419,1,1,35.021109,-85.202741,2,2025-06-08 16:40:00,2025,6,8,16,40,Sunday,16:40,Fatal,Daylight,Clear,Motor Vehicle-In-Transport On Same Roadway,None,CHATTANOOGA POLICE DEPT,Other,-,-,-,-,-,-,-,-,-,-,-,Motorcyclist,-,Hamilton,Chattanooga,1
19174,301022468,1,2,35.07851,-89.85198,4,2025-06-08 17:20:00,2025,6,8,17,20,Sunday,17:20,Fatal,Daylight,Clear,Motor Vehicle-In-Transport On Same Roadway,None,MEMPHIS POLICE DEPT,Other,Unbelted,-,-,-,-,-,-,-,-,-,-,-,-,Shelby,Memphis,1
19200,301022578,0,1,35.008849,-85.276891,2,2025-06-09 16:35:00,2025,6,9,16,35,Monday,16:35,Suspected Serious Injury,Daylight,Clear,Pedal-Cycle,None,CHATTANOOGA POLICE DEPT,Other,Unbelted,-,-,-,-,-,Pedalcyclist,-,-,-,-,-,-,Hamilton,Chattanooga,2
19231,301022767,0,2,35.101475,-90.10536,4,2025-06-11 07:23:00,2025,6,11,7,23,Wednesday,07:23,Suspected Serious Injury,Daylight,Clear,Motor Vehicle-In-Transport On Same Roadway,None,MEMPHIS POLICE DEPT,Other,Unbelted,-,-,-,-,-,-,-,-,-,-,-,-,Shelby,Memphis,4
19256,301022929,0,1,36.523468,-87.229476,3,2025-06-10 15:23:00,2025,6,10,15,23,Tuesday,15:23,Suspected Serious Injury,Daylight,Clear,Pedal-Cycle,None,CLARKSVILLE POLICE DEPT,Other,Unbelted,Distracted,-,-,-,-,Pedalcyclist,-,-,-,ATV_Involved,-,-,Montgomery,Clarksville,3
19262,301022975,0,1,35.446002,-89.795327,4,2025-06-10 15:31:00,2025,6,10,15,31,Tuesday,15:31,Suspected Serious Injury,Daylight,Clear,Motor Vehicle-In-Transport On Same Roadway,None,MUNFORD POLICE DEPT,Other,Unbelted,-,-,-,-,-,-,-,-,-,-,Motorcyclist,-,Tipton,Munford,3
19264,301022983,0,1,35.091385,-89.969215,4,2025-06-10 00:00:00,2025,6,10,24,0,Tuesday,24:00,Suspected Serious Injury,Unknown,Clear,Unknown,Unknown,MEMPHIS POLICE DEPT,Other,Unbelted,-,-,-,-,-,-,-,-,-,-,-,-,Shelby,Memphis,3
19266,301022990,0,1,35.047198,-85.256333,2,2025-06-12 18:26:00,2025,6,12,18,26,Thursday,18:26,Suspected Serious Injury,Daylight,Clear,Fell/Jumped From Vehicle,None,CHATTANOOGA POLICE DEPT,Other,-,-,-,-,-,Speeding,-,-,-,-,-,Motorcyclist,-,Hamilton,Chattanooga,5
19290,301023083,0,1,36.612194,-87.360158,3,2025-06-12 18:22:12,2025,6,12,18,22,Thursday,18:22,Suspected Serious Injury,Daylight,Clear,Pedestrian,None,CLARKSVILLE POLICE DEPT,Other,Unbelted,-,-,-,-,-,-,Pedestrian,-,-,-,-,-,Montgomery,Clarksville,5
19295,301023104,0,1,36.513453,-87.309556,3,2025-06-11 15:13:00,2025,6,11,15,13,Wednesday,15:13,Suspected Serious Injury,Daylight,Clear,Pedestrian,None,CLARKSVILLE POLICE DEPT,Other,Unbelted,-,-,-,-,-,-,Pedestrian,-,-,-,-,-,Montgomery,Clarksville,4
19302,301023168,0,1,36.57711,-82.574326,5,2025-06-13 18:05:00,2025,6,13,18,5,Friday,18:05,Suspected Serious Injury,Daylight,Clear,Pedestrian,None,KINGSPORT POLICE DEPARTMENT,Other,-,-,-,-,-,-,-,Pedestrian,-,-,-,-,-,Sullivan,Kingsport,6
19319,301023252,0,2,35.10831,-89.98267,4,2025-06-13 22:12:00,2025,6,13,22,12,Friday,22:12,Suspected Serious Injury,Dark-Lighted,Rain,Motor Vehicle-In-Transport On Same Roadway,None,MEMPHIS POLICE DEPT,Other,Unbelted,-,-,-,-,-,-,-,-,-,-,-,-,Shelby,Memphis,6
19320,301023254,0,1,35.174446,-89.97065,4,2025-06-13 22:20:00,2025,6,13,22,20,Friday,22:20,Suspected Serious Injury,Dark-Lighted,Rain,Pedal-Cycle,None,MEMPHIS POLICE DEPT,Other,Unbelted,-,-,-,-,-,Pedalcyclist,-,-,-,-,-,-,Shelby,Memphis,6
19323,301023257,0,1,35.128716,-90.02108,4,2025-06-13 21:30:00,2025,6,13,21,30,Friday,21:30,Suspected Serious Injury,Dark-Lighted,Rain,Pedestrian,None,MEMPHIS POLICE DEPT,Other,-,-,-,-,-,-,-,Pedestrian,-,-,-,-,-,Shelby,Memphis,6
19333,301023291,1,0,35.10749,-89.930664,4,2025-06-14 05:15:00,2025,6,14,5,15,Saturday,05:15,Fatal,Dark-Lighted,Rain,Pedestrian,None,MEMPHIS POLICE DEPT,Other,Unbelted,-,-,-,-,-,-,Pedestrian,-,-,-,-,-,Shelby,Memphis,7
19356,301023395,0,2,35.185726,-89.8963,4,2025-06-15 01:20:00,2025,6,15,1,20,Sunday,01:20,Suspected Serious Injury,Dark-Lighted,Clear,Motor Vehicle-In-Transport On Same Roadway,None,MEMPHIS POLICE DEPT,Other,Unbelted,-,-,-,-,-,-,-,-,-,-,Motorcyclist,-,Shelby,Memphis,1
19359,301023400,0,5,35.020915,-85.240398,2,2025-06-15 03:29:00,2025,6,15,3,29,Sunday,03:29,Suspected Serious Injury,Dark-Lighted,Clear,Motor Vehicle-In-Transport On Same Roadway,None,CHATTANOOGA POLICE DEPT,Other,Unbelted,-,Drinking,-,-,-,-,-,-,-,-,-,-,Hamilton,Chattanooga,1
19366,301023427,0,1,35.05527,-90.06011,4,2025-06-14 18:25:00,2025,6,14,18,25,Saturday,18:25,Suspected Serious Injury,Daylight,Clear,Motor Vehicle-In-Transport On Same Roadway,None,MEMPHIS POLICE DEPT,Other,Unbelted,-,Drinking,-,-,-,-,-,-,-,-,-,-,Shelby,Memphis,7
19399,301023594,0,1,36.526281,-87.217563,3,2025-06-15 08:43:41,2025,6,15,8,43,Sunday,08:43,Suspected Serious Injury,Daylight,Clear,Motor Vehicle-In-Transport On Same Roadway,None,CLARKSVILLE POLICE DEPT,Other,Unbelted,-,-,-,-,-,-,-,-,-,-,Motorcyclist,-,Montgomery,Clarksville,1
19423,301023749,0,1,35.17304,-90.00733,4,2025-06-16 12:06:00,2025,6,16,12,6,Monday,12:06,Suspected Serious Injury,Daylight,Clear,Motor Vehicle-In-Transport On Same Roadway,None,MEMPHIS POLICE DEPT,Other,Unbelted,-,-,-,-,-,-,-,-,-,-,-,-,Shelby,Memphis,2
19429,301023788,0,1,35.1077,-89.95741,4,2025-06-17 11:40:00,2025,6,17,11,40,Tuesday,11:40,Suspected Serious Injury,Daylight,Clear,Utility Pole,None,MEMPHIS POLICE DEPT,Other,Unbelted,-,-,-,-,-,-,-,-,-,-,-,-,Shelby,Memphis,3
19432,301023811,1,0,35.217363,-89.763307,4,2025-06-16 17:45:00,2025,6,16,17,45,Monday,17:45,Fatal,Daylight,Clear,Culvert,None,BARTLETT POLICE DEPT,Other,-,-,-,-,-,-,-,-,-,-,-,Motorcyclist,-,Shelby,Bartlett,2
19482,301024157,0,1,36.417057,-82.54172,5,2025-06-19 08:00:00,2025,6,19,8,0,Thursday,08:00,Suspected Serious Injury,Daylight,Rain,Ditch,None,WASHINGTON CO SHERIFFS DEPT,Other,Unbelted,-,-,-,-,-,-,-,-,-,-,-,-,Washington,Not in City Limit,5
19499,301024246,0,1,35.208195,-90.0072,4,2025-06-19 19:37:00,2025,6,19,19,37,Thursday,19:37,Suspected Serious Injury,Dusk,Clear,Utility Pole,None,MEMPHIS POLICE DEPT,Other,Unbelted,-,-,-,-,-,-,-,-,-,-,-,-,Shelby,Memphis,5
19528,301024375,1,0,35.47011,-84.603195,2,2025-06-18 05:03:00,2025,6,18,5,3,Wednesday,05:03,Fatal,Dark-Lighted,Clear,Motor Vehicle-In-Transport On Same Roadway,None,ATHENS POLICE DEPT,Other,Unbelted,-,-,-,-,-,-,-,-,-,ATV_Involved,Motorcyclist,-,McMinn,Athens,4
19553,301024538,0,1,36.586539,-87.412968,3,2025-06-21 12:19:46,2025,6,21,12,19,Saturday,12:19,Suspected Serious Injury,Daylight,Clear,Motor Vehicle-In-Transport On Same Roadway,None,CLARKSVILLE POLICE DEPT,Other,Unbelted,Distracted,-,-,-,-,-,-,-,-,-,Motorcyclist,-,Montgomery,Clarksville,7
19556,301024545,0,2,35.043277,-85.21973,2,2025-06-21 15:06:00,2025,6,21,15,6,Saturday,15:06,Suspected Serious Injury,Daylight,Clear,Motor Vehicle-In-Transport On Same Roadway,None,CHATTANOOGA POLICE DEPT,Other,Unbelted,-,-,-,-,-,-,-,-,-,-,-,-,Hamilton,Chattanooga,7
19562,301024583,0,1,35.244022,-89.98823,4,2025-06-21 18:00:00,2025,6,21,18,0,Saturday,18:00,Suspected Serious Injury,Daylight,Clear,Embankment Earth,None,MEMPHIS POLICE DEPT,Other,Unbelted,-,-,-,-,-,-,-,-,-,-,-,-,Shelby,Memphis,7
19563,301024587,0,1,35.12443,-85.240969,2,2025-06-21 22:13:00,2025,6,21,22,13,Saturday,22:13,Suspected Serious Injury,Dark-Not Lighted,Clear,Pedestrian,None,CHATTANOOGA POLICE DEPT,Other,Unbelted,-,-,-,-,-,-,Pedestrian,-,-,-,-,-,Hamilton,Chattanooga,7
19586,301024713,0,2,36.489857,-82.50602,5,2025-06-22 21:22:00,2025,6,22,21,22,Sunday,21:22,Suspected Serious Injury,Dark-Lighted,Clear,Motor Vehicle-In-Transport On Same Roadway,None,KINGSPORT POLICE DEPARTMENT,Other,Unbelted,-,-,-,-,-,-,-,-,-,ATV_Involved,-,-,Sullivan,Kingsport,1
19589,301024744,0,1,35.062366,-90.04997,4,2025-06-22 21:30:00,2025,6,22,21,30,Sunday,21:30,Suspected Serious Injury,Dark-Lighted,Clear,Utility Pole,None,MEMPHIS POLICE DEPT,Other,Unbelted,-,-,-,-,-,-,-,-,-,-,-,-,Shelby,Memphis,1
19600,301024811,0,3,35.100727,-90.01887,4,2025-06-23 13:13:00,2025,6,23,13,13,Monday,13:13,Suspected Serious Injury,Daylight,Clear,Motor Vehicle-In-Transport On Same Roadway,None,MEMPHIS POLICE DEPT,Other,Unbelted,-,-,-,-,-,-,-,-,-,-,-,-,Shelby,Memphis,2
19620,301024906,0,1,36.215084,-82.6133,5,2025-06-23 23:03:00,2025,6,23,23,3,Monday,23:03,Suspected Serious Injury,Dark-Lighted,Clear,Motor Vehicle-In-Transport On Same Roadway,None,WASHINGTON CO SHERIFFS DEPT,Other,Unbelted,-,-,-,-,-,-,-,-,-,-,-,-,Washington,Not in City Limit,2
19628,301024942,0,2,35.190384,-89.95643,4,2025-06-24 06:00:00,2025,6,24,6,0,Tuesday,06:00,Suspected Serious Injury,Daylight,Clear,Motor Vehicle-In-Transport On Same Roadway,None,MEMPHIS POLICE DEPT,Other,Unbelted,-,-,-,-,-,-,-,-,-,-,-,-,Shelby,Memphis,3
19650,301025045,0,1,35.160713,-89.837685,4,2025-06-24 14:00:00,2025,6,24,14,0,Tuesday,14:00,Suspected Serious Injury,Daylight,Clear,Standing Tree,None,MEMPHIS POLICE DEPT,Other,Unbelted,-,-,-,-,-,-,-,-,-,-,-,-,Shelby,Memphis,3