OBJECTID,MRN,Fatality,Injury,Latitude,Longitude,THP_District,Collision_Date,Collision_Year,Collision_Month,Collision_Day,Collision_Hour,Collision_Min,Collision_DOW,Collision_Time,Crash_Type,Light_Condition,Weather,First_Harmfu_Event,Work_Zone_Type,Agency_Name,THP,Unbelted,Distracted_Driver,Driver_Drinking,Driver_Drugged,Drowsy_Driver,Speeding_Involved,Pedalcyclist,Pedestrian,Other_Nonmotorist,ATV_Involved,LargeTruck_Involved,Motorcycle_Involved,SchoolBus,County,City,DOW_Nmb
19663,301025115,0,1,36.62563,-87.377534,3,2025-06-23 01:09:00,2025,6,23,1,9,Monday,01:09,Suspected Serious Injury,Dark-Not Lighted,Clear,Pedestrian,None,CLARKSVILLE POLICE DEPT,Other,Unbelted,Distracted,-,-,-,Speeding,-,Pedestrian,-,-,-,-,-,Montgomery,Clarksville,2
19668,301025131,0,1,36.1719,-82.857025,5,2025-06-25 11:20:00,2025,6,25,11,20,Wednesday,11:20,Suspected Serious Injury,Daylight,Clear,Motor Vehicle-In-Transport On Same Roadway,None,GREENEVILLE POLICE DEPT,Other,Unbelted,-,-,-,-,-,-,-,-,-,-,-,-,Greene,Greeneville,4
19674,301025163,0,1,36.49343,-86.85387,3,2025-06-25 06:45:00,2025,6,25,6,45,Wednesday,06:45,Suspected Serious Injury,Daylight,Clear,Standing Tree,None,SPRINGFIELD POLICE DEPT,Other,Unbelted,-,-,-,Drowsy,-,-,-,-,-,-,-,-,Robertson,Springfield,4
19687,301025246,0,1,35.145294,-90.03004,4,2025-06-25 20:54:00,2025,6,25,20,54,Wednesday,20:54,Suspected Serious Injury,Dark-Lighted,Clear,Motor Vehicle-In-Transport On Same Roadway,None,MEMPHIS POLICE DEPT,Other,Unbelted,-,-,-,-,-,-,-,-,-,-,-,-,Shelby,Memphis,4
19695,301025278,1,0,35.083027,-89.92271,4,2025-06-25 22:21:00,2025,6,25,22,21,Wednesday,22:21,Fatal,Dark-Lighted,Clear,Non-Motorist Personal Conveyance,None,MEMPHIS POLICE DEPT,Other,Unbelted,-,-,-,-,-,-,Pedestrian,-,-,-,-,-,Shelby,Memphis,4
19696,301025279,1,0,35.131836,-90.03111,4,2025-06-26 02:27:00,2025,6,26,2,27,Thursday,02:27,Fatal,Dark-Lighted,Clear,Motor Vehicle-In-Transport On Same Roadway,None,MEMPHIS POLICE DEPT,Other,Unbelted,-,-,-,-,-,-,-,-,-,-,-,-,Shelby,Memphis,5
19710,301025376,1,0,35.02889,-90.00712,4,2025-06-25 18:49:00,2025,6,25,18,49,Wednesday,18:49,Fatal,Dusk,Clear,Motor Vehicle-In-Transport On Same Roadway,None,MEMPHIS POLICE DEPT,Other,Unbelted,-,-,-,-,-,-,-,-,-,-,-,-,Shelby,Memphis,4
19720,301025435,0,1,35.072482,-85.265289,2,2025-06-26 19:07:00,2025,6,26,19,7,Thursday,19:07,Suspected Serious Injury,Daylight,Clear,Standing Tree,None,CHATTANOOGA POLICE DEPT,Other,Unbelted,-,-,-,-,-,-,-,-,-,-,-,-,Hamilton,Chattanooga,5
19722,301025448,1,2,35.18536,-89.93079,4,2025-06-26 00:51:00,2025,6,26,0,51,Thursday,00:51,Fatal,Dark-Lighted,Clear,Motor Vehicle-In-Transport On Same Roadway,None,MEMPHIS POLICE DEPT,Other,Unbelted,-,Drinking,Drug,-,-,-,-,-,-,-,-,-,Shelby,Memphis,5
19724,301025453,0,1,35.226032,-89.995285,4,2025-06-25 20:30:00,2025,6,25,20,30,Wednesday,20:30,Suspected Serious Injury,Dark-Lighted,Clear,Motor Vehicle-In-Transport On Same Roadway,None,MEMPHIS POLICE DEPT,Other,Unbelted,-,-,-,-,Speeding,-,-,-,-,-,Motorcyclist,-,Shelby,Memphis,4
19745,301025590,1,0,35.19067,-89.9566,4,2025-06-27 17:41:00,2025,6,27,17,41,Friday,17:41,Fatal,Daylight,Clear,Motor Vehicle-In-Transport On Same Roadway,None,MEMPHIS POLICE DEPT,Other,Unbelted,-,-,-,-,Speeding,-,-,-,-,-,-,-,Shelby,Memphis,6
19746,301025622,0,2,35.985172,-82.84305,5,2025-06-27 18:54:00,2025,6,27,18,54,Friday,18:54,Suspected Serious Injury,Daylight,Rain,Standing Tree,None,GREENE CO SHERIFFS DEPT,Other,Unbelted,-,-,-,-,Speeding,-,-,-,-,-,-,-,Greene,Not in City Limit,6
19752,301025660,1,0,35.167934,-90.00019,4,2025-06-28 04:39:00,2025,6,28,4,39,Saturday,04:39,Fatal,Dark-Unknown Lighting,Clear,Pedestrian,None,MEMPHIS POLICE DEPT,Other,-,-,-,-,-,-,-,Pedestrian,-,-,-,-,-,Shelby,Memphis,7
19767,301025726,0,1,35.05136,-85.29866,2,2025-06-28 13:00:00,2025,6,28,13,0,Saturday,13:00,Suspected Serious Injury,Daylight,Clear,Wall,None,CHATTANOOGA POLICE DEPT,Other,-,-,-,-,-,Speeding,-,-,-,-,-,Motorcyclist,-,Hamilton,Chattanooga,7
19776,301025747,0,1,35.15456,-89.94772,4,2025-06-28 20:53:00,2025,6,28,20,53,Saturday,20:53,Suspected Serious Injury,Dark-Unknown Lighting,Clear,Pedestrian,None,MEMPHIS POLICE DEPT,Other,-,-,-,-,-,-,-,Pedestrian,-,-,-,-,-,Shelby,Memphis,7
19807,301025880,0,2,36.503156,-87.28207,3,2025-06-28 13:37:00,2025,6,28,13,37,Saturday,13:37,Suspected Serious Injury,Daylight,Cloudy,Motor Vehicle-In-Transport On Same Roadway,None,CLARKSVILLE POLICE DEPT,Other,Unbelted,-,-,-,Drowsy,-,-,-,-,-,-,-,-,Montgomery,Clarksville,7
19825,301025999,0,2,35.02677,-90.02519,4,2025-06-29 00:00:00,2025,6,29,24,0,Sunday,24:00,Suspected Serious Injury,Unknown,Clear,Motor Vehicle-In-Transport On Same Roadway,None,MEMPHIS POLICE DEPT,Other,Unbelted,-,-,-,-,-,-,-,-,-,-,Motorcyclist,-,Shelby,Memphis,1
19855,301026131,0,2,35.143635,-84.89973,2,2025-06-22 00:41:00,2025,6,22,0,41,Sunday,00:41,Suspected Serious Injury,Dark-Not Lighted,Clear,Ditch,None,CLEVELAND POLICE DEPT,Other,Unbelted,-,Drinking,-,-,-,-,-,-,-,-,-,-,Bradley,Cleveland,1
19858,301026139,0,1,36.265617,-82.31779,5,2025-06-22 17:20:00,2025,6,22,17,20,Sunday,17:20,Suspected Serious Injury,Daylight,Clear,Motor Vehicle-In-Transport On Same Roadway,None,JOHNSON CITY POLICE DEPT,Other,Unbelted,-,-,-,-,-,-,-,-,-,-,Motorcyclist,-,Washington,Johnson City,1
19863,301026166,0,1,36.522856,-82.258481,5,2025-06-30 11:40:00,2025,6,30,11,40,Monday,11:40,Suspected Serious Injury,Daylight,Clear,Motor Vehicle-In-Transport On Same Roadway,None,BRISTOL POLICE DEPT,Other,Unbelted,-,-,-,-,-,-,-,-,-,-,-,-,Sullivan,Bristol,2
19904,301026397,0,1,35.033394,-90.02169,4,2025-06-29 12:00:00,2025,6,29,12,0,Sunday,12:00,Suspected Serious Injury,Daylight,Clear,Pedestrian,None,MEMPHIS POLICE DEPT,Other,-,-,-,-,-,-,-,Pedestrian,-,-,-,-,-,Shelby,Memphis,1
19926,301026499,0,4,35.071764,-85.264567,2,2025-07-02 23:18:00,2025,7,2,23,18,Wednesday,23:18,Suspected Serious Injury,Dark-Lighted,Clear,Motor Vehicle-In-Transport On Same Roadway,None,CHATTANOOGA POLICE DEPT,Other,Unbelted,-,-,-,-,Speeding,-,-,-,-,-,-,-,Hamilton,Chattanooga,4
19928,301026502,1,2,36.35242,-82.32987,5,2025-07-01 15:24:00,2025,7,1,15,24,Tuesday,15:24,Fatal,Daylight,Clear,Motor Vehicle-In-Transport On Same Roadway,None,JOHNSON CITY POLICE DEPT,Other,Unbelted,-,-,Drug,-,-,-,-,-,-,-,-,-,Washington,Johnson City,3
19930,301026505,0,3,35.28925,-89.965682,4,2025-07-01 23:30:00,2025,7,1,23,30,Tuesday,23:30,Suspected Serious Injury,Dark-Not Lighted,Clear,Motor Vehicle-In-Transport On Different Roadway,None,SHELBY CO SHERIFFS DEPT,Other,Unbelted,-,Drinking,-,-,-,-,-,-,-,-,-,-,Shelby,Not in City Limit,3
19935,301026559,0,1,35.039423,-85.35817,2,2025-07-03 08:20:00,2025,7,3,8,20,Thursday,08:20,Suspected Serious Injury,Daylight,Clear,Mail Box,None,CHATTANOOGA POLICE DEPT,Other,Unbelted,-,-,-,-,-,-,-,-,-,-,-,-,Hamilton,Chattanooga,5
19944,301026599,0,2,36.22238,-82.760666,5,2025-07-03 14:07:00,2025,7,3,14,7,Thursday,14:07,Suspected Serious Injury,Daylight,Clear,"Over Turn, Roll Over",None,GREENE CO SHERIFFS DEPT,Other,Unbelted,-,-,-,-,-,-,-,-,-,-,-,-,Greene,Not in City Limit,5
19949,301026633,0,1,35.082757,-85.078017,2,2025-07-03 17:55:00,2025,7,3,17,55,Thursday,17:55,Suspected Serious Injury,Daylight,Clear,Guard Rail Face,None,CHATTANOOGA POLICE DEPT,Other,Unbelted,-,-,-,-,-,-,-,-,-,-,-,-,Hamilton,Chattanooga,5
19950,301026644,0,2,35.106457,-89.89908,4,2025-07-03 16:07:00,2025,7,3,16,7,Thursday,16:07,Suspected Serious Injury,Daylight,Clear,Motor Vehicle-In-Transport On Same Roadway,None,MEMPHIS POLICE DEPT,Other,Unbelted,-,-,-,-,-,-,-,-,-,-,-,-,Shelby,Memphis,5
19953,301026668,0,2,35.052755,-85.148454,2,2025-07-03 23:00:00,2025,7,3,23,0,Thursday,23:00,Suspected Serious Injury,Dark-Not Lighted,Clear,Motor Vehicle-In-Transport On Same Roadway,None,CHATTANOOGA POLICE DEPT,Other,Unbelted,-,-,-,-,-,-,-,-,-,-,Motorcyclist,-,Hamilton,Chattanooga,5
19965,301026707,0,1,35.0522,-89.94639,4,2025-07-03 21:25:00,2025,7,3,21,25,Thursday,21:25,Suspected Serious Injury,Dark-Lighted,Clear,Pedestrian,None,MEMPHIS POLICE DEPT,Other,Unbelted,-,-,-,-,-,-,Pedestrian,-,-,-,-,-,Shelby,Memphis,5
19969,301026741,0,1,35.132805,-90.02332,4,2025-07-03 14:32:00,2025,7,3,14,32,Thursday,14:32,Suspected Serious Injury,Daylight,Clear,Motor Vehicle-In-Transport On Same Roadway,None,MEMPHIS POLICE DEPT,Other,Unbelted,-,-,-,-,-,-,-,-,-,-,-,-,Shelby,Memphis,5
19996,301026868,0,2,35.05085,-89.89741,4,2025-07-04 14:44:00,2025,7,4,14,44,Friday,14:44,Suspected Serious Injury,Daylight,Clear,Motor Vehicle-In-Transport On Same Roadway,None,MEMPHIS POLICE DEPT,Other,Unbelted,-,-,-,-,-,-,-,-,-,-,Motorcyclist,-,Shelby,Memphis,6
20003,301026894,0,1,35.008532,-85.128662,2,2025-07-05 15:32:00,2025,7,5,15,32,Saturday,15:32,Suspected Serious Injury,Daylight,Clear,Fell/Jumped From Vehicle,None,CHATTANOOGA POLICE DEPT,Other,-,-,-,-,-,-,-,-,-,-,-,Motorcyclist,-,Hamilton,Chattanooga,7
20020,301026968,1,0,35.19006,-89.97591,4,2025-07-06 02:14:00,2025,7,6,2,14,Sunday,02:14,Fatal,Dark-Lighted,Clear,Curb,None,MEMPHIS POLICE DEPT,Other,Unbelted,-,Drinking,Drug,-,-,-,-,-,-,-,-,-,Shelby,Memphis,1
20032,301027019,0,2,36.557888,-82.57658,5,2025-07-06 11:48:00,2025,7,6,11,48,Sunday,11:48,Suspected Serious Injury,Daylight,Clear,Motor Vehicle-In-Transport On Same Roadway,None,KINGSPORT POLICE DEPARTMENT,Other,Unbelted,-,-,-,-,-,-,-,-,-,-,-,-,Sullivan,Kingsport,1
20051,301027090,1,1,35.07884,-89.92414,4,2025-07-06 22:36:00,2025,7,6,22,36,Sunday,22:36,Fatal,Dark-Lighted,Clear,Motor Vehicle-In-Transport On Same Roadway,None,MEMPHIS POLICE DEPT,Other,Unbelted,-,Drinking,-,-,Speeding,-,-,-,-,-,Motorcyclist,-,Shelby,Memphis,1
20053,301027109,0,2,36.218277,-82.70544,5,2025-07-05 18:30:00,2025,7,5,18,30,Saturday,18:30,Suspected Serious Injury,Daylight,Clear,Other Fixed Object,None,GREENE CO SHERIFFS DEPT,Other,-,-,-,-,-,-,-,-,-,-,-,Motorcyclist,-,Greene,Not in City Limit,7
20067,301027171,0,1,36.550907,-82.52727,5,2025-07-07 11:42:00,2025,7,7,11,42,Monday,11:42,Suspected Serious Injury,Daylight,Clear,Motor Vehicle-In-Transport On Same Roadway,None,KINGSPORT POLICE DEPARTMENT,Other,Unbelted,-,-,-,-,-,-,-,-,-,-,-,-,Sullivan,Kingsport,2
20083,301027263,0,4,35.085545,-89.961845,4,2025-07-06 13:25:00,2025,7,6,13,25,Sunday,13:25,Suspected Serious Injury,Daylight,Clear,Motor Vehicle-In-Transport On Same Roadway,None,MEMPHIS POLICE DEPT,Other,Unbelted,-,-,-,-,-,-,-,-,-,-,-,-,Shelby,Memphis,1
20091,301027285,0,2,35.053662,-85.140487,2,2025-07-07 05:08:00,2025,7,7,5,8,Monday,05:08,Suspected Serious Injury,Dark-Lighted,Clear,Deer,None,CHATTANOOGA POLICE DEPT,Other,Unbelted,-,-,-,-,-,-,-,-,-,-,-,-,Hamilton,Chattanooga,2
20132,301027527,0,1,35.016799,-85.179265,2,2025-07-08 13:18:00,2025,7,8,13,18,Tuesday,13:18,Suspected Serious Injury,Daylight,Clear,Other Non-Fixed Object,Construction Zone,CHATTANOOGA POLICE DEPT,Other,-,-,-,-,-,-,-,-,-,-,-,Motorcyclist,-,Hamilton,Chattanooga,3
20134,301027534,0,3,35.180313,-90.00881,4,2025-07-04 19:10:00,2025,7,4,19,10,Friday,19:10,Suspected Serious Injury,Daylight,Clear,Motor Vehicle-In-Transport On Same Roadway,None,MEMPHIS POLICE DEPT,Other,Unbelted,-,-,-,-,-,-,-,-,-,-,-,-,Shelby,Memphis,6
20135,301027535,0,4,36.308098,-82.36492,5,2025-07-06 12:57:00,2025,7,6,12,57,Sunday,12:57,Suspected Serious Injury,Daylight,Clear,Motor Vehicle-In-Transport On Same Roadway,None,JOHNSON CITY POLICE DEPT,Other,Unbelted,-,-,-,-,-,-,-,-,-,-,-,-,Washington,Johnson City,1
20141,301027592,0,2,35.064884,-89.93243,4,2025-07-09 23:37:00,2025,7,9,23,37,Wednesday,23:37,Suspected Serious Injury,Dark-Lighted,Clear,Pedestrian,None,MEMPHIS POLICE DEPT,Other,-,-,-,-,-,-,-,Pedestrian,-,-,-,-,-,Shelby,Memphis,4
20161,301027677,0,1,36.316948,-82.35275,5,2025-07-10 13:04:00,2025,7,10,13,4,Thursday,13:04,Suspected Serious Injury,Daylight,Clear,Pedal-Cycle,None,JOHNSON CITY POLICE DEPT,Other,Unbelted,-,-,-,-,-,Pedalcyclist,-,-,-,-,-,-,Washington,Johnson City,5
20163,301027686,0,1,35.211544,-90.03271,4,2025-07-09 13:26:00,2025,7,9,13,26,Wednesday,13:26,Suspected Serious Injury,Daylight,Clear,Pedal-Cycle,None,MEMPHIS POLICE DEPT,Other,Unbelted,-,-,-,-,-,Pedalcyclist,-,-,-,-,-,-,Shelby,Memphis,4
20180,301027786,0,2,35.13366,-89.95719,4,2025-07-10 22:25:00,2025,7,10,22,25,Thursday,22:25,Suspected Serious Injury,Dark-Lighted,Clear,Pedestrian,None,MEMPHIS POLICE DEPT,Other,-,-,-,-,-,Speeding,-,Pedestrian,-,-,-,-,-,Shelby,Memphis,5
20185,301027801,0,2,35.442851,-84.592989,2,2025-07-09 20:47:00,2025,7,9,20,47,Wednesday,20:47,Suspected Serious Injury,Dusk,Rain,Pedestrian,None,ATHENS POLICE DEPT,Other,Unbelted,-,-,-,-,-,-,Pedestrian,-,-,-,-,-,McMinn,Athens,4
20196,301027856,0,2,35.060318,-89.84364,4,2025-07-11 08:11:00,2025,7,11,8,11,Friday,08:11,Suspected Serious Injury,Daylight,Clear,Motor Vehicle-In-Transport On Same Roadway,None,MEMPHIS POLICE DEPT,Other,Unbelted,-,-,-,-,-,-,-,-,-,-,Motorcyclist,-,Shelby,Memphis,6
20216,301027982,1,0,35.067787,-90.021614,4,2025-07-10 22:14:00,2025,7,10,22,14,Thursday,22:14,Fatal,Dark-Lighted,Clear,Curb,None,MEMPHIS POLICE DEPT,Other,Unbelted,-,Drinking,-,-,-,-,-,-,-,-,-,-,Shelby,Memphis,5
20227,301028020,0,1,35.13695,-90.019646,4,2025-07-12 02:45:00,2025,7,12,2,45,Saturday,02:45,Suspected Serious Injury,Dark-Not Lighted,Clear,Pedestrian,None,MEMPHIS POLICE DEPT,Other,Unbelted,-,-,-,-,-,-,Pedestrian,-,-,-,-,-,Shelby,Memphis,7
20235,301028080,0,2,35.023015,-85.222393,2,2025-07-12 15:00:00,2025,7,12,15,0,Saturday,15:00,Suspected Serious Injury,Daylight,Clear,Motor Vehicle-In-Transport On Same Roadway,None,CHATTANOOGA POLICE DEPT,Other,Unbelted,-,-,-,-,-,-,-,-,-,-,-,-,Hamilton,Chattanooga,7
20248,301028135,0,2,35.16139,-89.90933,4,2025-07-13 07:40:00,2025,7,13,7,40,Sunday,07:40,Suspected Serious Injury,Daylight,Clear,Curb,None,MEMPHIS POLICE DEPT,Other,Unbelted,-,-,-,-,Speeding,-,-,-,-,-,-,-,Shelby,Memphis,1
20257,301028167,0,1,35.094532,-89.83128,4,2025-07-13 14:05:00,2025,7,13,14,5,Sunday,14:05,Suspected Serious Injury,Daylight,Rain,Standing Tree,None,MEMPHIS POLICE DEPT,Other,Unbelted,-,-,-,-,-,-,-,-,-,-,-,-,Shelby,Memphis,1
20267,301028220,1,0,36.31329,-82.38826,5,2025-07-13 21:35:00,2025,7,13,21,35,Sunday,21:35,Fatal,Dark-Lighted,Clear,Curb,None,JOHNSON CITY POLICE DEPT,Other,-,-,Drinking,-,-,Speeding,-,-,-,-,-,Motorcyclist,-,Washington,Johnson City,1
20269,301028225,0,1,35.090973,-89.966515,4,2025-07-14 00:42:00,2025,7,14,0,42,Monday,00:42,Suspected Serious Injury,Dark-Lighted,Clear,Pedestrian,None,MEMPHIS POLICE DEPT,Other,-,-,-,-,-,-,-,Pedestrian,-,-,-,-,-,Shelby,Memphis,2
20284,301028305,0,1,35.213139,-89.868415,4,2025-07-12 18:23:00,2025,7,12,18,23,Saturday,18:23,Suspected Serious Injury,Daylight,Clear,Motor Vehicle-In-Transport On Same Roadway,None,BARTLETT POLICE DEPT,Other,Unbelted,-,Drinking,-,-,-,-,-,-,-,-,-,-,Shelby,Bartlett,7
20292,301028338,1,0,36.26545,-82.40286,5,2025-07-14 10:50:00,2025,7,14,10,50,Monday,10:50,Fatal,Daylight,Clear,Motor Vehicle-In-Transport On Same Roadway,None,JOHNSON CITY POLICE DEPT,Other,Unbelted,-,-,-,-,-,-,-,-,-,-,-,-,Washington,Johnson City,2
20294,301028359,0,1,35.145565,-90.05003,4,2025-07-12 17:15:00,2025,7,12,17,15,Saturday,17:15,Suspected Serious Injury,Daylight,Clear,Motor Vehicle-In-Transport On Same Roadway,None,MEMPHIS POLICE DEPT,Other,Unbelted,-,-,-,-,-,-,-,-,-,-,-,-,Shelby,Memphis,7
20307,301028443,0,1,36.639152,-87.414425,3,2025-07-12 21:56:36,2025,7,12,21,56,Saturday,21:56,Suspected Serious Injury,Dark-Not Lighted,Cloudy,"Over Turn, Roll Over",None,CLARKSVILLE POLICE DEPT,Other,Unbelted,-,Drinking,-,-,-,-,-,-,-,-,-,-,Montgomery,Clarksville,7
20309,301028475,0,4,35.061882,-89.865974,4,2025-07-15 10:26:00,2025,7,15,10,26,Tuesday,10:26,Suspected Serious Injury,Daylight,Clear,Motor Vehicle-In-Transport On Same Roadway,None,MEMPHIS POLICE DEPT,Other,Unbelted,-,-,-,-,-,-,-,-,-,-,-,-,Shelby,Memphis,3
20322,301028565,1,0,35.101875,-89.859383,4,2025-07-15 20:00:00,2025,7,15,20,0,Tuesday,20:00,Fatal,Dusk,Clear,Pedestrian,None,MEMPHIS POLICE DEPT,Other,Unbelted,-,-,-,-,-,-,Pedestrian,-,-,-,-,-,Shelby,Memphis,3
20334,301028624,0,1,35.001232,-85.293389,2,2025-07-16 09:36:00,2025,7,16,9,36,Wednesday,09:36,Suspected Serious Injury,Daylight,Clear,Pedestrian,None,CHATTANOOGA POLICE DEPT,Other,Unbelted,-,-,-,-,-,-,Pedestrian,-,-,-,-,-,Hamilton,Chattanooga,4
20343,301028669,0,1,35.147083,-90.02573,4,2025-07-12 20:57:00,2025,7,12,20,57,Saturday,20:57,Suspected Serious Injury,Dark-Lighted,Clear,Motor Vehicle-In-Transport On Same Roadway,None,MEMPHIS POLICE DEPT,Other,Unbelted,-,-,-,-,Speeding,-,-,-,-,-,-,-,Shelby,Memphis,7
20366,301028782,0,1,36.565128,-87.402963,3,2025-07-15 21:52:00,2025,7,15,21,52,Tuesday,21:52,Suspected Serious Injury,Dark-Lighted,Cloudy,Pedestrian,None,CLARKSVILLE POLICE DEPT,Other,Unbelted,-,-,-,-,-,-,Pedestrian,-,-,-,-,-,Montgomery,Clarksville,3
20368,301028787,0,1,36.37143,-82.429214,5,2025-07-16 17:23:00,2025,7,16,17,23,Wednesday,17:23,Suspected Serious Injury,Daylight,Clear,Motor Vehicle-In-Transport On Same Roadway,None,JOHNSON CITY POLICE DEPT,Other,Unbelted,-,-,-,-,-,-,-,-,-,-,-,-,Washington,Johnson City,4
20377,301028852,0,1,35.035595,-89.989815,4,2025-07-17 10:30:00,2025,7,17,10,30,Thursday,10:30,Suspected Serious Injury,Daylight,Clear,Pedestrian,None,MEMPHIS POLICE DEPT,Other,-,-,-,-,-,-,-,Pedestrian,-,-,-,-,-,Shelby,Memphis,5
20380,301028871,0,3,36.55931,-82.56916,5,2025-07-17 15:23:00,2025,7,17,15,23,Thursday,15:23,Suspected Serious Injury,Daylight,Clear,Motor Vehicle-In-Transport On Same Roadway,None,KINGSPORT POLICE DEPARTMENT,Other,Unbelted,-,-,Drug,-,-,-,-,-,-,-,-,-,Sullivan,Kingsport,5
20387,301028907,0,4,35.10713,-90.04372,4,2025-07-16 18:12:00,2025,7,16,18,12,Wednesday,18:12,Suspected Serious Injury,Daylight,Clear,Motor Vehicle-In-Transport On Same Roadway,None,MEMPHIS POLICE DEPT,Other,Unbelted,-,-,-,-,-,-,-,-,-,-,-,-,Shelby,Memphis,4
20414,301029018,0,1,35.24228,-89.900086,4,2025-07-13 06:14:00,2025,7,13,6,14,Sunday,06:14,Suspected Serious Injury,Dawn,Clear,Utility Pole,None,SHELBY CO SHERIFFS DEPT,Other,Unbelted,Distracted,-,Drug,-,-,-,-,-,-,-,-,-,Shelby,Not in City Limit,1
20430,301029106,0,1,36.50965,-82.51612,5,2025-07-18 16:41:00,2025,7,18,16,41,Friday,16:41,Suspected Serious Injury,Daylight,Clear,Motor Vehicle-In-Transport On Same Roadway,None,KINGSPORT POLICE DEPARTMENT,Other,Unbelted,-,-,Drug,-,-,-,-,-,-,-,Motorcyclist,-,Sullivan,Kingsport,6
20434,301029125,0,5,35.132603,-90.01685,4,2025-07-18 17:10:00,2025,7,18,17,10,Friday,17:10,Suspected Serious Injury,Daylight,Rain,Motor Vehicle-In-Transport On Same Roadway,None,MEMPHIS POLICE DEPT,Other,Unbelted,-,-,-,-,-,-,-,-,-,-,-,-,Shelby,Memphis,6
20450,301029174,0,1,35.026073,-85.248955,2,2025-07-18 20:30:00,2025,7,18,20,30,Friday,20:30,Suspected Serious Injury,Dawn,Clear,Pedal-Cycle,None,CHATTANOOGA POLICE DEPT,Other,Unbelted,-,-,-,-,-,Pedalcyclist,-,-,-,-,-,-,Hamilton,Chattanooga,6
20469,301029272,0,1,35.194355,-89.924644,4,2025-07-19 14:30:00,2025,7,19,14,30,Saturday,14:30,Suspected Serious Injury,Daylight,Clear,Fell/Jumped From Vehicle,None,MEMPHIS POLICE DEPT,Other,-,-,-,-,-,-,-,-,-,ATV_Involved,-,-,-,Shelby,Memphis,7
20472,301029292,0,1,35.143955,-90.01564,4,2025-07-19 12:00:00,2025,7,19,12,0,Saturday,12:00,Suspected Serious Injury,Daylight,Clear,Motor Vehicle-In-Transport On Same Roadway,None,MEMPHIS POLICE DEPT,Other,Unbelted,-,-,-,-,-,-,-,-,-,-,-,-,Shelby,Memphis,7
20476,301029312,0,1,35.130947,-89.867546,4,2025-07-19 23:50:00,2025,7,19,23,50,Saturday,23:50,Suspected Serious Injury,Dark-Lighted,Clear,Motor Vehicle-In-Transport On Same Roadway,None,MEMPHIS POLICE DEPT,Other,Unbelted,-,-,-,-,-,-,-,-,-,ATV_Involved,-,-,Shelby,Memphis,7
20493,301029368,0,1,36.38091,-82.35564,5,2025-07-20 08:52:00,2025,7,20,8,52,Sunday,08:52,Suspected Serious Injury,Daylight,Clear,Pedal-Cycle,None,WASHINGTON CO SHERIFFS DEPT,Other,Unbelted,-,-,-,-,-,Pedalcyclist,-,-,-,-,-,-,Washington,Johnson City,1
20496,301029388,0,3,35.097469,-89.949215,4,2025-07-20 16:30:00,2025,7,20,16,30,Sunday,16:30,Suspected Serious Injury,Daylight,Clear,Motor Vehicle-In-Transport On Same Roadway,None,MEMPHIS POLICE DEPT,Other,Unbelted,-,-,-,-,-,-,-,-,-,-,-,-,Shelby,Memphis,1
20499,301029403,0,1,35.019692,-85.257664,2,2025-07-20 20:52:00,2025,7,20,20,52,Sunday,20:52,Suspected Serious Injury,Dark-Lighted,Clear,Shrubbery,None,CHATTANOOGA POLICE DEPT,Other,-,-,-,-,-,-,-,-,-,-,-,Motorcyclist,-,Hamilton,Chattanooga,1
20504,301029432,0,1,35.443295,-84.589521,2,2025-07-20 20:43:00,2025,7,20,20,43,Sunday,20:43,Suspected Serious Injury,Dusk,Clear,Embankment Earth,None,ATHENS POLICE DEPT,Other,Unbelted,-,Drinking,Drug,-,Speeding,-,-,-,-,-,-,-,McMinn,Athens,1
20505,301029449,0,1,36.520803,-87.235445,3,2025-07-15 16:27:00,2025,7,15,16,27,Tuesday,16:27,Suspected Serious Injury,Daylight,Clear,Motor Vehicle-In-Transport On Same Roadway,None,CLARKSVILLE POLICE DEPT,Other,Unbelted,-,-,-,-,-,-,-,-,-,-,-,-,Montgomery,Clarksville,3
20514,301029490,0,1,35.219112,-90.02793,4,2025-07-21 09:14:00,2025,7,21,9,14,Monday,09:14,Suspected Serious Injury,Daylight,Clear,Pedal-Cycle,None,MEMPHIS POLICE DEPT,Other,Unbelted,-,-,-,-,-,Pedalcyclist,-,-,-,-,-,-,Shelby,Memphis,2
20521,301029530,0,1,35.001554,-85.290974,2,2025-07-21 13:25:00,2025,7,21,13,25,Monday,13:25,Suspected Serious Injury,Daylight,Clear,Motor Vehicle-In-Transport On Same Roadway,None,CHATTANOOGA POLICE DEPT,Other,Unbelted,-,-,-,-,-,-,-,-,-,-,Motorcyclist,-,Hamilton,Chattanooga,2
20523,301029536,0,1,36.524124,-87.341613,3,2025-07-19 03:14:49,2025,7,19,3,14,Saturday,03:14,Suspected Serious Injury,Dark-Lighted,Rain,Standing Tree,None,CLARKSVILLE POLICE DEPT,Other,Unbelted,-,-,-,Drowsy,-,-,-,-,-,-,-,-,Montgomery,Clarksville,7
20537,301029586,0,1,35.152752,-89.951546,4,2025-07-17 00:16:00,2025,7,17,0,16,Thursday,00:16,Suspected Serious Injury,Dark-Lighted,Clear,Pedestrian,None,MEMPHIS POLICE DEPT,Other,Unbelted,-,-,-,-,-,-,Pedestrian,-,-,-,-,-,Shelby,Memphis,5
20589,301029952,0,1,35.161407,-89.95899,4,2025-07-23 18:47:00,2025,7,23,18,47,Wednesday,18:47,Suspected Serious Injury,Daylight,Clear,Utility Pole,None,MEMPHIS POLICE DEPT,Other,Unbelted,-,-,-,-,-,-,-,-,-,-,-,-,Shelby,Memphis,4
20598,301029977,0,1,35.130947,-89.867546,4,2025-07-23 23:05:00,2025,7,23,23,5,Wednesday,23:05,Suspected Serious Injury,Dark-Lighted,Clear,Motor Vehicle-In-Transport On Same Roadway,Construction Zone,MEMPHIS POLICE DEPT,Other,Unbelted,-,-,-,-,Speeding,-,-,-,-,-,-,-,Shelby,Memphis,4