OBJECTID,MRN,Fatality,Injury,Latitude,Longitude,THP_District,Collision_Date,Collision_Year,Collision_Month,Collision_Day,Collision_Hour,Collision_Min,Collision_DOW,Collision_Time,Crash_Type,Light_Condition,Weather,First_Harmfu_Event,Work_Zone_Type,Agency_Name,THP,Unbelted,Distracted_Driver,Driver_Drinking,Driver_Drugged,Drowsy_Driver,Speeding_Involved,Pedalcyclist,Pedestrian,Other_Nonmotorist,ATV_Involved,LargeTruck_Involved,Motorcycle_Involved,SchoolBus,County,City,DOW_Nmb
20606,301030034,0,1,36.225845,-82.63114,5,2025-07-24 10:54:00,2025,7,24,10,54,Thursday,10:54,Suspected Serious Injury,Daylight,Clear,Guard Rail Face,None,WASHINGTON CO SHERIFFS DEPT,Other,Unbelted,-,-,-,-,-,-,-,-,-,-,-,-,Washington,Not in City Limit,5
20612,301030067,0,1,35.015437,-85.179848,2,2025-07-24 18:00:00,2025,7,24,18,0,Thursday,18:00,Suspected Serious Injury,Daylight,Clear,Other Non-Collision,None,CHATTANOOGA POLICE DEPT,Other,-,-,-,-,-,Speeding,-,-,-,-,-,Motorcyclist,-,Hamilton,Chattanooga,5
20621,301030118,0,2,35.132046,-90.02955,4,2025-07-25 02:57:00,2025,7,25,2,57,Friday,02:57,Suspected Serious Injury,Dark-Lighted,Clear,Utility Pole,None,MEMPHIS POLICE DEPT,Other,Unbelted,-,-,-,-,-,-,-,-,-,-,-,-,Shelby,Memphis,6
20633,301030240,0,1,35.057636,-90.0079,4,2025-07-24 16:59:00,2025,7,24,16,59,Thursday,16:59,Suspected Serious Injury,Daylight,Clear,Pedestrian,None,MEMPHIS POLICE DEPT,Other,Unbelted,-,-,-,-,-,-,Pedestrian,-,-,ATV_Involved,-,-,Shelby,Memphis,5
20637,301030257,0,1,35.13471,-84.90205,2,2025-07-25 16:45:00,2025,7,25,16,45,Friday,16:45,Suspected Serious Injury,Daylight,Clear,Motor Vehicle-In-Transport On Same Roadway,None,CLEVELAND POLICE DEPT,Other,Unbelted,-,-,-,-,-,-,-,-,-,ATV_Involved,-,-,Bradley,Cleveland,6
20641,301030271,1,0,35.145624,-89.907947,4,2025-07-25 00:00:00,2025,7,25,0,0,Friday,00:00,Fatal,Dark-Lighted,Clear,Curb,None,MEMPHIS POLICE DEPT,Other,Unbelted,-,-,-,-,-,-,-,-,-,-,-,-,Shelby,Memphis,6
20645,301030303,0,1,35.170383,-89.86749,4,2025-07-26 04:59:00,2025,7,26,4,59,Saturday,04:59,Suspected Serious Injury,Dark-Not Lighted,Clear,Pedestrian,None,MEMPHIS POLICE DEPT,Other,Unbelted,-,-,-,-,-,-,Pedestrian,-,-,-,-,-,Shelby,Memphis,7
20647,301030308,0,3,36.325302,-82.330894,5,2025-07-26 09:55:00,2025,7,26,9,55,Saturday,09:55,Suspected Serious Injury,Daylight,Clear,Motor Vehicle-In-Transport On Same Roadway,None,JOHNSON CITY POLICE DEPT,Other,Unbelted,-,-,-,-,Speeding,-,-,-,-,-,-,-,Washington,Johnson City,7
20664,301030402,0,2,35.142853,-90.002884,4,2025-07-26 14:55:00,2025,7,26,14,55,Saturday,14:55,Suspected Serious Injury,Daylight,Clear,Motor Vehicle-In-Transport On Same Roadway,None,MEMPHIS POLICE DEPT,Other,Unbelted,-,-,-,-,-,-,-,-,-,-,-,-,Shelby,Memphis,7
20669,301030420,0,6,35.151615,-90.04061,4,2025-07-26 22:46:00,2025,7,26,22,46,Saturday,22:46,Suspected Serious Injury,Dark-Lighted,Clear,Unknown,None,MEMPHIS POLICE DEPT,Other,Unbelted,-,-,-,Drowsy,-,-,-,-,-,-,-,-,Shelby,Memphis,7
20698,301030567,0,1,36.532932,-87.346495,3,2025-07-26 01:41:48,2025,7,26,1,41,Saturday,01:41,Suspected Serious Injury,Dark-Lighted,Clear,Utility Pole,None,CLARKSVILLE POLICE DEPT,Other,Unbelted,-,-,Drug,-,-,-,-,-,-,-,-,-,Montgomery,Clarksville,7
20721,301030696,0,3,35.02174,-85.268822,2,2025-07-28 17:15:00,2025,7,28,17,15,Monday,17:15,Suspected Serious Injury,Daylight,Clear,Motor Vehicle-In-Transport On Same Roadway,None,CHATTANOOGA POLICE DEPT,Other,Unbelted,-,-,-,-,-,-,-,-,-,-,-,-,Hamilton,Chattanooga,2
20727,301030705,0,2,36.53257,-82.52739,5,2025-07-28 20:56:00,2025,7,28,20,56,Monday,20:56,Suspected Serious Injury,Dark-Lighted,Clear,Motor Vehicle-In-Transport On Same Roadway,None,KINGSPORT POLICE DEPARTMENT,Other,Unbelted,-,Drinking,-,-,-,-,-,-,-,-,-,-,Sullivan,Kingsport,2
20729,301030707,0,1,35.205147,-84.88794,2,2025-07-28 23:26:00,2025,7,28,23,26,Monday,23:26,Suspected Serious Injury,Dark-Lighted,Clear,Occupant Struck By Own Vehicle,None,CLEVELAND POLICE DEPT,Other,-,-,-,-,-,Speeding,-,-,-,-,-,Motorcyclist,-,Bradley,Cleveland,2
20779,301030965,0,1,35.083336,-89.89295,4,2025-07-30 06:00:00,2025,7,30,6,0,Wednesday,06:00,Suspected Serious Injury,Dawn,Clear,Concrete Traffic Barrier,None,MEMPHIS POLICE DEPT,Other,Unbelted,-,-,-,-,-,-,-,-,-,-,-,-,Shelby,Memphis,4
20787,301030996,0,2,35.122665,-89.89488,4,2025-07-30 11:07:00,2025,7,30,11,7,Wednesday,11:07,Suspected Serious Injury,Daylight,Clear,Motor Vehicle-In-Transport On Same Roadway,None,MEMPHIS POLICE DEPT,Other,Unbelted,-,-,-,-,-,-,-,-,-,-,-,-,Shelby,Memphis,4
20803,301031052,0,1,36.557713,-82.577934,5,2025-07-30 18:40:00,2025,7,30,18,40,Wednesday,18:40,Suspected Serious Injury,Daylight,Rain,Motor Vehicle-In-Transport On Same Roadway,None,KINGSPORT POLICE DEPARTMENT,Other,Unbelted,-,-,-,-,-,-,-,-,-,-,-,-,Sullivan,Kingsport,4
20812,301031120,0,1,35.080193,-89.955475,4,2025-07-23 03:00:00,2025,7,23,3,0,Wednesday,03:00,Suspected Serious Injury,Dark-Lighted,Clear,Guard Rail Face,None,MEMPHIS POLICE DEPT,Other,Unbelted,-,-,-,-,-,-,-,-,-,-,-,-,Shelby,Memphis,4
20820,301031160,0,1,36.147224,-82.84555,5,2025-07-31 09:04:00,2025,7,31,9,4,Thursday,09:04,Suspected Serious Injury,Daylight,Clear,Motor Vehicle-In-Transport On Same Roadway,None,GREENEVILLE POLICE DEPT,Other,Unbelted,-,-,-,-,-,-,-,-,-,-,Motorcyclist,-,Greene,Greeneville,5
20828,301031181,0,1,35.283898,-89.672791,4,2025-07-16 20:45:00,2025,7,16,20,45,Wednesday,20:45,Suspected Serious Injury,Dark-Not Lighted,Clear,Motor Vehicle-In-Transport On Same Roadway,None,SHELBY CO SHERIFFS DEPT,Other,Unbelted,-,-,-,-,-,-,-,-,-,ATV_Involved,-,-,Shelby,Not in City Limit,4
20846,301031283,0,1,35.05067,-89.89171,4,2025-07-31 04:17:00,2025,7,31,4,17,Thursday,04:17,Suspected Serious Injury,Dark-Lighted,Clear,Motor Vehicle-In-Transport On Same Roadway,None,MEMPHIS POLICE DEPT,Other,Unbelted,-,-,-,-,-,-,-,-,-,-,-,-,Shelby,Memphis,5
20859,301031335,0,1,36.157024,-82.58933,5,2025-07-31 00:00:00,2025,7,31,24,0,Thursday,24:00,Suspected Serious Injury,Unknown,Clear,Culvert,Construction Zone,WASHINGTON CO SHERIFFS DEPT,Other,Unbelted,-,-,-,-,-,-,-,-,-,-,-,-,Washington,Not in City Limit,5
20864,301031378,0,3,35.13933,-89.96168,4,2025-07-31 11:11:00,2025,7,31,11,11,Thursday,11:11,Suspected Serious Injury,Daylight,Clear,Motor Vehicle-In-Transport On Same Roadway,None,MEMPHIS POLICE DEPT,Other,Unbelted,-,-,-,-,-,-,-,-,-,-,-,-,Shelby,Memphis,5
20897,301031557,0,2,35.053221,-85.314094,2,2025-08-02 02:53:00,2025,8,2,2,53,Saturday,02:53,Suspected Serious Injury,Dark-Lighted,Clear,Concrete Traffic Barrier,None,CHATTANOOGA POLICE DEPT,Other,-,-,-,-,-,-,-,-,-,-,-,Motorcyclist,-,Hamilton,Chattanooga,7
20898,301031572,0,1,35.091537,-89.98759,4,2025-08-02 01:56:00,2025,8,2,1,56,Saturday,01:56,Suspected Serious Injury,Dark-Not Lighted,Clear,Utility Pole,None,MEMPHIS POLICE DEPT,Other,Unbelted,-,-,-,-,-,-,-,-,-,-,-,-,Shelby,Memphis,7
20901,301031599,1,0,35.209473,-90.03271,4,2025-08-01 20:12:00,2025,8,1,20,12,Friday,20:12,Fatal,Dark-Lighted,Clear,Motor Vehicle-In-Transport On Same Roadway,None,MEMPHIS POLICE DEPT,Other,Unbelted,-,-,-,-,-,-,-,-,-,-,Motorcyclist,-,Shelby,Memphis,6
20907,301031623,0,2,36.500076,-82.56636,5,2025-08-02 14:49:00,2025,8,2,14,49,Saturday,14:49,Suspected Serious Injury,Daylight,Clear,Motor Vehicle-In-Transport On Same Roadway,None,KINGSPORT POLICE DEPARTMENT,Other,Unbelted,-,-,-,-,-,-,-,-,-,-,Motorcyclist,-,Sullivan,Kingsport,7
20919,301031687,0,1,35.104187,-90.05545,4,2025-08-02 23:07:00,2025,8,2,23,7,Saturday,23:07,Suspected Serious Injury,Dark-Lighted,Clear,Other Non-Collision,None,MEMPHIS POLICE DEPT,Other,-,-,-,-,-,-,-,Pedestrian,-,-,-,-,-,Shelby,Memphis,7
20932,301031765,0,3,35.014952,-85.274964,2,2025-08-03 14:34:00,2025,8,3,14,34,Sunday,14:34,Suspected Serious Injury,Daylight,Rain,Motor Vehicle-In-Transport On Same Roadway,None,CHATTANOOGA POLICE DEPT,Other,Unbelted,-,-,-,-,Speeding,-,-,-,-,-,-,-,Hamilton,Chattanooga,1
20968,301031937,0,1,36.560936,-82.54225,5,2025-08-04 07:02:00,2025,8,4,7,2,Monday,07:02,Suspected Serious Injury,Daylight,Clear,Motor Vehicle-In-Transport On Same Roadway,None,KINGSPORT POLICE DEPARTMENT,Other,Unbelted,-,-,Drug,-,-,-,-,-,-,-,-,-,Sullivan,Kingsport,2
20976,301031973,0,3,36.550516,-87.400738,3,2025-07-25 18:13:21,2025,7,25,18,13,Friday,18:13,Suspected Serious Injury,Daylight,Clear,Motor Vehicle-In-Transport On Same Roadway,None,CLARKSVILLE POLICE DEPT,Other,-,Distracted,-,-,-,Speeding,-,-,-,-,-,Motorcyclist,-,Montgomery,Clarksville,6
20995,301032129,0,2,35.040918,-85.151559,2,2025-08-02 19:09:00,2025,8,2,19,9,Saturday,19:09,Suspected Serious Injury,Dusk,Clear,Motor Vehicle-In-Transport On Same Roadway,None,CHATTANOOGA POLICE DEPT,Other,Unbelted,-,-,-,-,-,-,-,-,-,-,Motorcyclist,-,Hamilton,Chattanooga,7
21007,301032198,0,4,36.484936,-82.50338,5,2025-08-05 16:20:00,2025,8,5,16,20,Tuesday,16:20,Suspected Serious Injury,Daylight,Clear,Motor Vehicle-In-Transport On Same Roadway,None,KINGSPORT POLICE DEPARTMENT,Other,Unbelted,-,-,-,-,-,-,-,-,-,-,-,-,Sullivan,Kingsport,3
21019,301032288,1,0,35.105316,-89.87507,4,2025-08-06 03:59:00,2025,8,6,3,59,Wednesday,03:59,Fatal,Dark-Not Lighted,Clear,Pedestrian,None,MEMPHIS POLICE DEPT,Other,-,-,-,-,-,-,-,Pedestrian,-,-,-,-,-,Shelby,Memphis,4
21038,301032396,0,2,35.020447,-85.327393,2,2025-08-06 13:40:00,2025,8,6,13,40,Wednesday,13:40,Suspected Serious Injury,Daylight,Clear,Motor Vehicle-In-Transport On Same Roadway,None,CHATTANOOGA POLICE DEPT,Other,Unbelted,-,-,-,-,-,-,-,-,-,-,-,-,Hamilton,Chattanooga,4
21041,301032428,0,3,35.168324,-84.89533,2,2025-08-06 16:43:00,2025,8,6,16,43,Wednesday,16:43,Suspected Serious Injury,Daylight,Clear,Motor Vehicle-In-Transport On Same Roadway,None,CLEVELAND POLICE DEPT,Other,Unbelted,-,-,-,-,-,-,-,-,-,-,-,-,Bradley,Cleveland,4
21050,301032468,1,0,35.15228,-90.04579,4,2025-08-07 04:07:00,2025,8,7,4,7,Thursday,04:07,Fatal,Dark-Lighted,Clear,Pedestrian,None,MEMPHIS POLICE DEPT,Other,-,-,-,-,-,-,-,Pedestrian,-,-,-,-,-,Shelby,Memphis,5
21067,301032569,0,2,35.078572,-85.095136,2,2025-08-06 12:40:00,2025,8,6,12,40,Wednesday,12:40,Suspected Serious Injury,Daylight,Clear,Motor Vehicle-In-Transport On Same Roadway,None,CHATTANOOGA POLICE DEPT,Other,Unbelted,-,-,-,-,-,-,-,-,-,ATV_Involved,-,-,Hamilton,Chattanooga,4
21071,301032605,1,1,36.18556,-82.76185,5,2025-08-06 21:20:00,2025,8,6,21,20,Wednesday,21:20,Fatal,Dark-Lighted,Clear,Motor Vehicle-In-Transport On Same Roadway,None,GREENEVILLE POLICE DEPT,Other,Unbelted,-,Drinking,Drug,-,-,-,-,-,-,-,Motorcyclist,-,Greene,Greeneville,4
21075,301032621,0,3,35.115646,-90.03716,4,2025-08-07 02:16:00,2025,8,7,2,16,Thursday,02:16,Suspected Serious Injury,Dark-Lighted,Clear,Motor Vehicle-In-Transport On Same Roadway,None,MEMPHIS POLICE DEPT,Other,Unbelted,-,-,-,-,-,-,-,-,-,ATV_Involved,-,-,Shelby,Memphis,5
21088,301032663,0,4,36.098557,-86.1299,3,2025-08-07 14:48:00,2025,8,7,14,48,Thursday,14:48,Suspected Serious Injury,Daylight,Clear,Motor Vehicle-In-Transport On Same Roadway,None,WATERTOWN POLICE DEPT,Other,Unbelted,-,-,-,-,-,-,-,-,-,-,-,-,Wilson,Watertown,5
21106,301032747,0,7,36.545273,-82.51848,5,2025-08-08 16:31:00,2025,8,8,16,31,Friday,16:31,Suspected Serious Injury,Daylight,Clear,Motor Vehicle-In-Transport On Same Roadway,None,KINGSPORT POLICE DEPARTMENT,Other,Unbelted,-,-,-,-,-,-,-,-,-,-,-,-,Sullivan,Kingsport,6
21125,301032821,0,1,35.16908,-89.90226,4,2025-08-01 21:05:00,2025,8,1,21,5,Friday,21:05,Suspected Serious Injury,Dawn,Clear,Motor Vehicle-In-Transport On Same Roadway,None,MEMPHIS POLICE DEPT,Other,Unbelted,-,-,-,-,-,-,-,-,-,-,-,-,Shelby,Memphis,6
21135,301032866,1,0,35.190854,-89.964125,4,2025-08-09 04:18:00,2025,8,9,4,18,Saturday,04:18,Fatal,Dark-Lighted,Clear,Parked Motor Vehicle,None,MEMPHIS POLICE DEPT,Other,-,-,-,Drug,-,-,-,-,-,-,-,Motorcyclist,-,Shelby,Memphis,7
21136,301032871,0,4,35.36784,-89.88621,4,2025-08-05 16:10:00,2025,8,5,16,10,Tuesday,16:10,Suspected Serious Injury,Daylight,Clear,Standing Tree,None,MILLINGTON POLICE DEPT,Other,Unbelted,-,-,-,-,-,-,-,-,-,-,-,-,Shelby,Millington,3
21141,301032912,0,1,35.204086,-89.94772,4,2025-08-09 05:15:00,2025,8,9,5,15,Saturday,05:15,Suspected Serious Injury,Dark-Lighted,Clear,Culvert,None,MEMPHIS POLICE DEPT,Other,Unbelted,-,-,-,-,-,-,-,-,-,-,-,-,Shelby,Memphis,7
21149,301032946,0,1,35.1792,-89.922325,4,2025-08-09 19:00:00,2025,8,9,19,0,Saturday,19:00,Suspected Serious Injury,Daylight,Clear,Parked Motor Vehicle,None,MEMPHIS POLICE DEPT,Other,-,-,-,-,-,-,-,-,-,ATV_Involved,-,-,-,Shelby,Memphis,7
21150,301032951,0,1,34.987209,-85.169964,2,2025-08-09 14:05:00,2025,8,9,14,5,Saturday,14:05,Suspected Serious Injury,Daylight,Clear,Pedal-Cycle,None,CHATTANOOGA POLICE DEPT,Other,Unbelted,-,-,-,-,-,Pedalcyclist,-,-,-,-,-,-,Hamilton,Chattanooga,7
21163,301033012,1,2,35.054753,-89.8291,4,2025-08-10 01:02:00,2025,8,10,1,2,Sunday,01:02,Fatal,Dark-Lighted,Clear,Motor Vehicle-In-Transport On Same Roadway,None,MEMPHIS POLICE DEPT,Other,Unbelted,-,-,-,-,-,-,Pedestrian,-,-,-,-,-,Shelby,Memphis,1
21167,301033024,0,1,35.15796,-89.97498,4,2025-08-09 21:00:00,2025,8,9,21,0,Saturday,21:00,Suspected Serious Injury,Dark-Lighted,Clear,Pedestrian,None,MEMPHIS POLICE DEPT,Other,-,-,-,-,-,-,-,Pedestrian,-,-,-,-,-,Shelby,Memphis,7
21172,301033053,0,1,35.1217,-90.009796,4,2025-08-09 07:32:00,2025,8,9,7,32,Saturday,07:32,Suspected Serious Injury,Daylight,Clear,Utility Pole,None,MEMPHIS POLICE DEPT,Other,Unbelted,-,-,-,-,-,-,-,-,-,-,-,-,Shelby,Memphis,7
21174,301033070,0,1,36.591743,-82.572,5,2025-08-10 13:30:00,2025,8,10,13,30,Sunday,13:30,Suspected Serious Injury,Daylight,Clear,Pedal-Cycle,None,KINGSPORT POLICE DEPARTMENT,Other,Unbelted,-,-,-,-,-,Pedalcyclist,-,-,-,-,-,-,Sullivan,Kingsport,1
21185,301033139,0,4,35.13237,-84.90404,2,2025-08-10 22:50:00,2025,8,10,22,50,Sunday,22:50,Suspected Serious Injury,Dark-Lighted,Clear,Motor Vehicle-In-Transport On Same Roadway,None,CLEVELAND POLICE DEPT,Other,Unbelted,-,-,-,-,-,-,-,-,-,-,-,-,Bradley,Cleveland,1
21188,301033148,0,2,35.143787,-90.035126,4,2025-08-08 23:56:00,2025,8,8,23,56,Friday,23:56,Suspected Serious Injury,Dark-Lighted,Clear,Pedestrian,None,MEMPHIS POLICE DEPT,Other,Unbelted,-,-,-,-,-,-,Pedestrian,-,-,-,-,-,Shelby,Memphis,6
21207,301033233,0,1,36.51001,-86.89857,3,2025-08-09 14:36:00,2025,8,9,14,36,Saturday,14:36,Suspected Serious Injury,Daylight,Clear,Standing Tree,None,SPRINGFIELD POLICE DEPT,Other,Unbelted,-,-,-,-,-,-,-,-,-,-,-,-,Robertson,Springfield,7
21240,301033349,0,2,35.872452,-84.516057,1,2025-08-11 22:43:00,2025,8,11,22,43,Monday,22:43,Suspected Serious Injury,Dark-Lighted,Clear,Motor Vehicle-In-Transport On Same Roadway,None,KINGSTON POLICE DEPT,Other,Unbelted,-,-,-,-,-,-,-,-,-,-,Motorcyclist,-,Roane,Kingston,2
21242,301033358,1,1,35.06889,-89.885529,4,2025-08-11 12:47:00,2025,8,11,12,47,Monday,12:47,Fatal,Daylight,Clear,Motor Vehicle-In-Transport On Same Roadway,None,MEMPHIS POLICE DEPT,Other,Unbelted,-,-,Drug,-,Speeding,-,-,-,-,ATV_Involved,-,-,Shelby,Memphis,2
21245,301033371,1,1,36.58337,-82.1718,5,2025-08-11 13:08:00,2025,8,11,13,8,Monday,13:08,Fatal,Daylight,Clear,Motor Vehicle-In-Transport On Same Roadway,None,BRISTOL POLICE DEPT,Other,Unbelted,-,-,-,-,-,-,-,-,-,-,-,-,Sullivan,Bristol,2
21251,301033394,0,2,35.341263,-89.88855,4,2025-08-11 13:30:00,2025,8,11,13,30,Monday,13:30,Suspected Serious Injury,Daylight,Clear,Motor Vehicle-In-Transport On Same Roadway,None,MILLINGTON POLICE DEPT,Other,Unbelted,-,-,-,-,-,-,-,-,-,-,-,-,Shelby,Millington,2
21259,301033443,0,1,35.10968,-90.02898,4,2025-08-12 07:50:00,2025,8,12,7,50,Tuesday,07:50,Suspected Serious Injury,Daylight,Clear,Motor Vehicle-In-Transport On Same Roadway,None,MEMPHIS POLICE DEPT,Other,Unbelted,-,-,-,-,-,-,-,-,-,-,-,-,Shelby,Memphis,3
21284,301033596,0,2,35.161183,-89.780489,4,2025-08-13 09:35:00,2025,8,13,9,35,Wednesday,09:35,Suspected Serious Injury,Daylight,Clear,Motor Vehicle-In-Transport On Same Roadway,None,MEMPHIS POLICE DEPT,Other,Unbelted,-,-,-,-,-,-,-,-,-,-,-,-,Shelby,Memphis,4
21295,301033648,0,3,35.133257,-85.242408,2,2025-08-13 19:35:00,2025,8,13,19,35,Wednesday,19:35,Suspected Serious Injury,Daylight,Clear,Motor Vehicle-In-Transport On Same Roadway,None,CHATTANOOGA POLICE DEPT,Other,Unbelted,-,-,-,-,Speeding,-,-,-,-,-,-,-,Hamilton,Chattanooga,4
21303,301033677,0,1,35.149117,-89.92804,4,2025-08-13 14:40:00,2025,8,13,14,40,Wednesday,14:40,Suspected Serious Injury,Daylight,Clear,Utility Pole,None,MEMPHIS POLICE DEPT,Other,Unbelted,-,-,-,-,-,-,-,-,-,-,-,-,Shelby,Memphis,4
21316,301033736,0,2,35.171013,-89.73087,4,2025-08-04 15:00:00,2025,8,4,15,0,Monday,15:00,Suspected Serious Injury,Daylight,Clear,Curb,None,SHELBY CO SHERIFFS DEPT,Other,Unbelted,-,-,-,-,-,-,-,-,-,-,-,-,Shelby,Not in City Limit,2
21323,301033765,0,2,35.073431,-85.237689,2,2025-08-14 08:10:00,2025,8,14,8,10,Thursday,08:10,Suspected Serious Injury,Daylight,Clear,Standing Tree,None,CHATTANOOGA POLICE DEPT,Other,-,-,-,-,-,-,-,-,-,-,-,-,-,Hamilton,Chattanooga,5
21340,301033870,0,1,35.170525,-90.01836,4,2025-08-14 10:20:00,2025,8,14,10,20,Thursday,10:20,Suspected Serious Injury,Daylight,Clear,Other Non-Fixed Object,None,MEMPHIS POLICE DEPT,Other,Unbelted,-,-,-,-,-,-,-,-,-,-,Motorcyclist,-,Shelby,Memphis,5
21355,301033934,0,1,35.12846,-89.88738,4,2025-08-15 02:33:00,2025,8,15,2,33,Friday,02:33,Suspected Serious Injury,Dark-Not Lighted,Clear,Motor Vehicle-In-Transport On Same Roadway,None,MEMPHIS POLICE DEPT,Other,Unbelted,-,-,-,-,Speeding,-,-,-,-,-,-,-,Shelby,Memphis,6
21387,301034122,0,1,35.060993,-89.87608,4,2025-08-16 08:19:00,2025,8,16,8,19,Saturday,08:19,Suspected Serious Injury,Daylight,Clear,Motor Vehicle-In-Transport On Same Roadway,None,MEMPHIS POLICE DEPT,Other,Unbelted,-,-,-,-,-,-,-,-,-,-,-,-,Shelby,Memphis,7
21398,301034184,1,2,35.07118,-89.843025,4,2025-08-16 14:15:00,2025,8,16,14,15,Saturday,14:15,Fatal,Daylight,Clear,Motor Vehicle-In-Transport On Same Roadway,None,MEMPHIS POLICE DEPT,Other,Unbelted,-,-,-,-,-,-,-,-,-,-,-,-,Shelby,Memphis,7
21408,301034236,1,0,35.187468,-89.809193,4,2025-08-16 22:39:00,2025,8,16,22,39,Saturday,22:39,Fatal,Dark-Not Lighted,Clear,Pedestrian,None,MEMPHIS POLICE DEPT,Other,Unbelted,-,-,-,-,-,-,Pedestrian,-,-,-,-,-,Shelby,Memphis,7
21410,301034239,0,1,35.345924,-89.90519,4,2025-08-14 11:10:00,2025,8,14,11,10,Thursday,11:10,Suspected Serious Injury,Daylight,Clear,Pedal-Cycle,None,MILLINGTON POLICE DEPT,Other,Unbelted,-,-,-,-,-,Pedalcyclist,-,-,-,-,-,-,Shelby,Millington,5
21419,301034303,0,3,36.13023,-82.85486,5,2025-08-17 15:30:00,2025,8,17,15,30,Sunday,15:30,Suspected Serious Injury,Daylight,Clear,Motor Vehicle-In-Transport On Same Roadway,None,GREENE CO SHERIFFS DEPT,Other,Unbelted,Distracted,-,-,-,-,-,-,-,-,-,-,-,Greene,Not in City Limit,1
21430,301034346,1,0,35.076591,-89.951198,4,2025-08-17 22:57:00,2025,8,17,22,57,Sunday,22:57,Fatal,Dark-Lighted,Clear,Pedestrian,None,MEMPHIS POLICE DEPT,Other,Unbelted,-,-,-,-,-,-,Pedestrian,-,-,-,-,-,Shelby,Memphis,1
21436,301034372,0,1,35.226541,-89.736765,4,2025-08-06 15:12:00,2025,8,6,15,12,Wednesday,15:12,Suspected Serious Injury,Daylight,Cloudy,Motor Vehicle-In-Transport On Same Roadway,None,SHELBY CO SHERIFFS DEPT,Other,Unbelted,-,-,-,-,-,-,-,-,-,-,-,-,Shelby,Lakeland,4
21440,301034398,0,1,36.570136,-87.334941,3,2025-08-16 01:08:22,2025,8,16,1,8,Saturday,01:08,Suspected Serious Injury,Dark-Not Lighted,Clear,Ditch,None,CLARKSVILLE POLICE DEPT,Other,Unbelted,-,Drinking,-,-,-,-,-,-,-,-,-,-,Montgomery,Clarksville,7
21446,301034420,0,1,35.003883,-89.79549,4,2025-08-15 13:45:00,2025,8,15,13,45,Friday,13:45,Suspected Serious Injury,Daylight,Clear,Motor Vehicle-In-Transport On Same Roadway,None,SHELBY CO SHERIFFS DEPT,Other,Unbelted,-,-,-,-,-,-,-,-,-,-,-,-,Shelby,Not in City Limit,6
21450,301034428,0,2,35.163475,-89.743004,4,2025-08-05 15:53:00,2025,8,5,15,53,Tuesday,15:53,Suspected Serious Injury,Daylight,Clear,Motor Vehicle-In-Transport On Same Roadway,None,SHELBY CO SHERIFFS DEPT,Other,Unbelted,-,-,-,-,-,-,-,-,-,-,-,-,Shelby,Not in City Limit,3
21457,301034460,0,2,35.011407,-85.38863,2,2025-08-18 09:35:00,2025,8,18,9,35,Monday,09:35,Suspected Serious Injury,Daylight,Clear,Motor Vehicle-In-Transport On Same Roadway,None,CHATTANOOGA POLICE DEPT,Other,Unbelted,-,-,-,-,-,-,-,-,-,-,-,-,Hamilton,Chattanooga,2
21462,301034491,0,1,35.82809,-84.27547,1,2025-08-18 11:17:00,2025,8,18,11,17,Monday,11:17,Suspected Serious Injury,Daylight,Clear,Motor Vehicle-In-Transport On Same Roadway,None,LENOIR CITY POLICE DEPT,Other,Unbelted,-,-,-,-,-,-,-,-,-,ATV_Involved,-,-,Loudon,Lenoir City,2
21464,301034497,0,2,35.043575,-85.302852,2,2025-08-18 07:50:00,2025,8,18,7,50,Monday,07:50,Suspected Serious Injury,Daylight,Clear,Motor Vehicle-In-Transport On Same Roadway,None,CHATTANOOGA POLICE DEPT,Other,Unbelted,-,-,-,-,-,-,-,-,-,-,-,-,Hamilton,Chattanooga,2
21472,301034536,0,1,35.22867,-89.954994,4,2025-08-18 17:35:00,2025,8,18,17,35,Monday,17:35,Suspected Serious Injury,Daylight,Clear,Motor Vehicle-In-Transport On Same Roadway,None,MEMPHIS POLICE DEPT,Other,Unbelted,-,-,-,-,-,-,-,-,-,-,-,-,Shelby,Memphis,2
21477,301034555,0,1,35.127802,-85.207597,2,2025-08-18 16:13:00,2025,8,18,16,13,Monday,16:13,Suspected Serious Injury,Daylight,Clear,Standing Tree,None,CHATTANOOGA POLICE DEPT,Other,Unbelted,-,-,-,-,-,-,-,-,-,-,-,-,Hamilton,Chattanooga,2
21480,301034574,1,2,35.165207,-89.861404,4,2025-08-19 01:25:00,2025,8,19,1,25,Tuesday,01:25,Fatal,Dark-Lighted,Clear,Motor Vehicle-In-Transport On Same Roadway,None,MEMPHIS POLICE DEPT,Other,Unbelted,-,-,-,-,-,-,-,-,-,-,Motorcyclist,-,Shelby,Memphis,3
21481,301034576,1,3,35.431892,-89.806595,4,2025-08-17 12:57:00,2025,8,17,12,57,Sunday,12:57,Fatal,Daylight,Clear,Motor Vehicle-In-Transport On Same Roadway,None,MUNFORD POLICE DEPT,Other,Unbelted,-,-,-,-,-,-,-,-,-,-,-,-,Tipton,Munford,1
21493,301034645,1,0,35.148137,-90.051403,4,2025-08-14 08:15:00,2025,8,14,8,15,Thursday,08:15,Fatal,Daylight,Clear,Standing Tree,None,SHELBY CO SHERIFFS DEPT,Other,Unbelted,-,-,-,-,-,-,-,-,-,-,-,-,Shelby,Not in City Limit,5
21504,301034706,0,1,36.594682,-82.188867,5,2025-08-18 08:08:00,2025,8,18,8,8,Monday,08:08,Suspected Serious Injury,Daylight,Clear,Motor Vehicle-In-Transport On Same Roadway,None,BRISTOL POLICE DEPT,Other,Unbelted,-,-,-,-,-,-,-,-,-,-,Motorcyclist,-,Sullivan,Bristol,2