OBJECTID,MRN,Fatality,Injury,Latitude,Longitude,THP_District,Collision_Date,Collision_Year,Collision_Month,Collision_Day,Collision_Hour,Collision_Min,Collision_DOW,Collision_Time,Crash_Type,Light_Condition,Weather,First_Harmfu_Event,Work_Zone_Type,Agency_Name,THP,Unbelted,Distracted_Driver,Driver_Drinking,Driver_Drugged,Drowsy_Driver,Speeding_Involved,Pedalcyclist,Pedestrian,Other_Nonmotorist,ATV_Involved,LargeTruck_Involved,Motorcycle_Involved,SchoolBus,County,City,DOW_Nmb
21512,301034738,0,3,35.077015,-89.98535,4,2025-08-19 17:21:00,2025,8,19,17,21,Tuesday,17:21,Suspected Serious Injury,Daylight,Clear,Motor Vehicle-In-Transport On Same Roadway,None,MEMPHIS POLICE DEPT,Other,Unbelted,Distracted,-,-,-,-,-,-,-,-,ATV_Involved,-,-,Shelby,Memphis,3
21518,301034772,0,1,35.079296,-90.05733,4,2025-08-19 17:00:00,2025,8,19,17,0,Tuesday,17:00,Suspected Serious Injury,Dawn,Clear,Ditch,None,MEMPHIS POLICE DEPT,Other,Unbelted,-,-,-,-,-,-,-,-,-,-,-,-,Shelby,Memphis,3
21530,301034875,0,1,35.072555,-85.191652,2,2025-08-19 14:59:00,2025,8,19,14,59,Tuesday,14:59,Suspected Serious Injury,Daylight,Clear,Motor Vehicle-In-Transport On Same Roadway,None,CHATTANOOGA POLICE DEPT,Other,Unbelted,-,-,-,-,-,-,-,-,-,-,-,-,Hamilton,Chattanooga,3
21532,301034882,2,1,36.519953,-87.263068,3,2025-08-12 14:03:00,2025,8,12,14,3,Tuesday,14:03,Fatal,Daylight,Clear,Motor Vehicle-In-Transport On Same Roadway,None,CLARKSVILLE POLICE DEPT,Other,Unbelted,-,-,Drug,-,-,-,-,-,-,ATV_Involved,-,-,Montgomery,Clarksville,3
21601,301035184,0,1,35.127823,-90.020195,4,2025-08-22 03:30:00,2025,8,22,3,30,Friday,03:30,Suspected Serious Injury,Dark-Lighted,Clear,Utility Pole,None,MEMPHIS POLICE DEPT,Other,Unbelted,-,-,-,Drowsy,-,-,-,-,-,-,-,-,Shelby,Memphis,6
21615,301035241,0,1,35.107265,-90.03995,4,2025-08-22 10:38:00,2025,8,22,10,38,Friday,10:38,Suspected Serious Injury,Daylight,Clear,Pedestrian,None,MEMPHIS POLICE DEPT,Other,Unbelted,-,-,-,-,-,-,Pedestrian,-,-,-,-,-,Shelby,Memphis,6
21618,301035266,0,1,36.29214,-82.50197,5,2025-08-22 12:35:00,2025,8,22,12,35,Friday,12:35,Suspected Serious Injury,Daylight,Clear,Motor Vehicle-In-Transport On Same Roadway,None,JONESBOROUGH POLICE DEPT,Other,Unbelted,-,Drinking,-,-,-,-,-,-,-,-,-,-,Washington,Jonesborough,6
21622,301035278,0,1,35.05753,-85.302511,2,2025-08-22 16:57:00,2025,8,22,16,57,Friday,16:57,Suspected Serious Injury,Daylight,Clear,Fell/Jumped From Vehicle,None,CHATTANOOGA POLICE DEPT,Other,-,-,-,-,-,-,-,-,-,-,-,Motorcyclist,-,Hamilton,Chattanooga,6
21633,301035334,0,3,35.126022,-89.99074,4,2025-08-19 19:58:00,2025,8,19,19,58,Tuesday,19:58,Suspected Serious Injury,Dawn,Clear,Motor Vehicle-In-Transport On Same Roadway,None,MEMPHIS POLICE DEPT,Other,Unbelted,-,-,-,-,-,-,-,-,-,-,-,-,Shelby,Memphis,3
21655,301035467,0,1,35.158894,-84.86116,2,2025-08-23 20:20:00,2025,8,23,20,20,Saturday,20:20,Suspected Serious Injury,Dark-Lighted,Clear,Pedestrian,None,CLEVELAND POLICE DEPT,Other,Unbelted,-,-,-,-,-,-,Pedestrian,-,-,-,-,-,Bradley,Cleveland,7
21659,301035476,0,1,36.230907,-82.60442,5,2025-08-24 03:26:00,2025,8,24,3,26,Sunday,03:26,Suspected Serious Injury,Dark-Not Lighted,Rain,Fence,None,WASHINGTON CO SHERIFFS DEPT,Other,Unbelted,-,-,-,-,-,-,-,-,-,-,-,-,Washington,Not in City Limit,1
21662,301035488,0,1,35.091557,-89.94945,4,2025-08-23 23:23:00,2025,8,23,23,23,Saturday,23:23,Suspected Serious Injury,Dark-Lighted,Clear,Motor Vehicle-In-Transport On Same Roadway,None,MEMPHIS POLICE DEPT,Other,Unbelted,-,-,-,-,-,-,-,-,-,-,-,-,Shelby,Memphis,7
21675,301035558,0,2,35.026134,-85.363726,2,2025-08-24 16:35:00,2025,8,24,16,35,Sunday,16:35,Suspected Serious Injury,Daylight,Clear,Motor Vehicle-In-Transport On Same Roadway,None,CHATTANOOGA POLICE DEPT,Other,Unbelted,-,-,-,-,-,-,-,-,-,ATV_Involved,-,-,Hamilton,Chattanooga,1
21677,301035569,0,2,35.131836,-90.03109,4,2025-08-24 15:45:00,2025,8,24,15,45,Sunday,15:45,Suspected Serious Injury,Daylight,Clear,Motor Vehicle-In-Transport On Same Roadway,None,MEMPHIS POLICE DEPT,Other,Unbelted,-,-,-,-,-,-,-,-,-,-,-,-,Shelby,Memphis,1
21678,301035572,1,0,35.091473,-89.949425,4,2025-08-23 23:23:00,2025,8,23,23,23,Saturday,23:23,Fatal,Dark-Lighted,Clear,Motor Vehicle-In-Transport On Same Roadway,None,MEMPHIS POLICE DEPT,Other,Unbelted,-,-,-,-,-,-,Pedestrian,-,-,-,-,-,Shelby,Memphis,7
21680,301035576,1,1,35.032363,-90.025189,4,2025-08-23 23:50:00,2025,8,23,23,50,Saturday,23:50,Fatal,Dark-Lighted,Clear,Motor Vehicle-In-Transport On Same Roadway,None,MEMPHIS POLICE DEPT,Other,Unbelted,-,-,-,-,-,-,-,-,-,-,Motorcyclist,-,Shelby,Memphis,7
21683,301035588,0,1,35.01711,-85.207471,2,2025-08-20 15:01:00,2025,8,20,15,1,Wednesday,15:01,Suspected Serious Injury,Daylight,Clear,Motor Vehicle-In-Transport On Same Roadway,None,CHATTANOOGA POLICE DEPT,Other,Unbelted,-,-,-,-,-,Pedalcyclist,-,-,-,-,-,-,Hamilton,Chattanooga,4
21689,301035635,0,1,35.107735,-89.94111,4,2025-08-24 23:10:00,2025,8,24,23,10,Sunday,23:10,Suspected Serious Injury,Dark-Lighted,Clear,Motor Vehicle-In-Transport On Same Roadway,None,MEMPHIS POLICE DEPT,Other,Unbelted,-,-,-,-,-,-,-,-,-,ATV_Involved,-,-,Shelby,Memphis,1
21696,301035660,0,1,35.079895,-89.93133,4,2025-08-24 12:00:00,2025,8,24,12,0,Sunday,12:00,Suspected Serious Injury,Daylight,Clear,Motor Vehicle-In-Transport On Same Roadway,None,MEMPHIS POLICE DEPT,Other,Unbelted,-,-,-,-,-,-,-,-,-,-,Motorcyclist,-,Shelby,Memphis,1
21697,301035664,1,1,35.151695,-84.85643,2,2025-08-22 12:44:00,2025,8,22,12,44,Friday,12:44,Fatal,Daylight,Clear,Motor Vehicle-In-Transport On Same Roadway,None,CLEVELAND POLICE DEPT,Other,Unbelted,-,-,-,-,-,-,-,-,-,ATV_Involved,-,-,Bradley,Cleveland,6
21709,301035748,0,1,36.556435,-82.616486,5,2025-08-24 13:28:00,2025,8,24,13,28,Sunday,13:28,Suspected Serious Injury,Daylight,Clear,Embankment Rock/Stone/Concrete,None,KINGSPORT POLICE DEPARTMENT,Other,-,-,-,-,-,Speeding,-,-,-,-,-,Motorcyclist,-,Hawkins,Kingsport,1
21718,301035796,0,1,36.168583,-82.85447,5,2025-08-25 20:56:00,2025,8,25,20,56,Monday,20:56,Suspected Serious Injury,Dark-Lighted,Clear,Pedestrian,None,GREENEVILLE POLICE DEPT,Other,-,-,-,-,-,-,-,Pedestrian,-,-,-,-,-,Greene,Greeneville,2
21720,301035802,0,1,35.14348,-90.01052,4,2025-08-25 21:01:00,2025,8,25,21,1,Monday,21:01,Suspected Serious Injury,Dark-Lighted,Clear,Pedestrian,None,MEMPHIS POLICE DEPT,Other,Unbelted,-,-,-,-,-,-,Pedestrian,-,-,-,-,-,Shelby,Memphis,2
21742,301035921,1,0,36.497018,-87.295571,3,2025-08-25 13:39:00,2025,8,25,13,39,Monday,13:39,Fatal,Daylight,Clear,Building,None,CLARKSVILLE POLICE DEPT,Other,Unbelted,-,-,-,-,-,-,-,-,-,-,-,-,Montgomery,Clarksville,2
21754,301035971,0,1,36.495457,-82.511406,5,2025-08-26 17:03:00,2025,8,26,17,3,Tuesday,17:03,Suspected Serious Injury,Daylight,Clear,Utility Pole,None,KINGSPORT POLICE DEPARTMENT,Other,Unbelted,-,-,-,-,-,-,-,-,-,ATV_Involved,-,-,Sullivan,Kingsport,3
21762,301036020,0,1,35.086807,-89.93405,4,2025-08-26 23:41:00,2025,8,26,23,41,Tuesday,23:41,Suspected Serious Injury,Dark-Lighted,Clear,Pedestrian,None,MEMPHIS POLICE DEPT,Other,Unbelted,-,-,-,-,-,-,Pedestrian,-,-,-,-,-,Shelby,Memphis,3
21788,301036192,2,0,35.191992,-90.007963,4,2025-08-26 22:59:00,2025,8,26,22,59,Tuesday,22:59,Fatal,Dark-Lighted,Clear,Bridge/Pier Abutment,None,MEMPHIS POLICE DEPT,Other,Unbelted,-,Drinking,-,-,-,-,-,-,-,ATV_Involved,-,-,Shelby,Memphis,3
21790,301036207,1,0,35.031097,-90.043579,4,2025-08-27 21:03:00,2025,8,27,21,3,Wednesday,21:03,Fatal,Dark-Lighted,Clear,Curb,None,MEMPHIS POLICE DEPT,Other,Unbelted,-,-,Drug,-,-,-,-,-,-,-,-,-,Shelby,Memphis,4
21827,301036404,0,2,36.169987,-82.87162,5,2025-08-28 05:42:00,2025,8,28,5,42,Thursday,05:42,Suspected Serious Injury,Dark-Not Lighted,Clear,Motor Vehicle-In-Transport On Same Roadway,None,GREENEVILLE POLICE DEPT,Other,Unbelted,-,-,-,-,-,-,-,-,-,-,-,-,Greene,Greeneville,5
21831,301036423,0,1,35.32043,-89.87237,4,2025-08-27 08:00:00,2025,8,27,8,0,Wednesday,08:00,Suspected Serious Injury,Daylight,Clear,Motor Vehicle-In-Transport On Same Roadway,None,MILLINGTON POLICE DEPT,Other,Unbelted,-,-,-,-,-,-,-,-,-,-,-,-,Shelby,Millington,4
21833,301036428,0,1,35.223057,-89.734023,4,2025-08-15 04:45:00,2025,8,15,4,45,Friday,04:45,Suspected Serious Injury,Daylight,Rain,Pedestrian,None,SHELBY CO SHERIFFS DEPT,Other,-,-,-,-,-,-,-,Pedestrian,-,-,-,-,-,Shelby,Not in City Limit,6
21846,301036539,0,1,35.035427,-90.00755,4,2025-08-29 14:28:00,2025,8,29,14,28,Friday,14:28,Suspected Serious Injury,Daylight,Clear,Pedestrian,None,MEMPHIS POLICE DEPT,Other,Unbelted,-,-,-,-,-,-,Pedestrian,-,-,-,-,-,Shelby,Memphis,6
21852,301036595,1,0,35.06132,-90.029419,4,2025-08-29 20:39:00,2025,8,29,20,39,Friday,20:39,Fatal,Dark-Not Lighted,Clear,Pedestrian,None,MEMPHIS POLICE DEPT,Other,Unbelted,-,-,-,-,-,-,Pedestrian,-,-,-,-,-,Shelby,Memphis,6
21859,301036631,0,1,35.078316,-89.87049,4,2025-08-30 01:20:00,2025,8,30,1,20,Saturday,01:20,Suspected Serious Injury,Dark-Lighted,Clear,Motor Vehicle-In-Transport On Same Roadway,None,MEMPHIS POLICE DEPT,Other,Unbelted,Distracted,-,-,-,-,-,-,-,-,-,-,-,Shelby,Memphis,7
21868,301036720,0,1,35.139866,-90.04583,4,2025-08-31 00:00:00,2025,8,31,24,0,Sunday,24:00,Suspected Serious Injury,Dark-Not Lighted,Clear,Pedestrian,None,MEMPHIS POLICE DEPT,Other,-,-,-,-,-,-,-,Pedestrian,-,-,-,-,-,Shelby,Memphis,1
21871,301036728,1,1,35.163704,-89.87705,4,2025-08-30 22:01:00,2025,8,30,22,1,Saturday,22:01,Fatal,Dark-Lighted,Clear,Motor Vehicle-In-Transport On Same Roadway,None,MEMPHIS POLICE DEPT,Other,Unbelted,-,-,-,-,-,-,-,-,ATV_Involved,-,-,-,Shelby,Memphis,7
21876,301036735,2,0,36.25891,-82.56784,5,2025-08-30 13:50:00,2025,8,30,13,50,Saturday,13:50,Fatal,Daylight,Clear,Motor Vehicle-In-Transport On Same Roadway,None,WASHINGTON CO SHERIFFS DEPT,Other,Unbelted,-,Drinking,-,-,-,-,-,-,-,-,Motorcyclist,-,Washington,Johnson City,7
21903,301036873,0,2,35.219166,-90.02851,4,2025-09-01 07:14:00,2025,9,1,7,14,Monday,07:14,Suspected Serious Injury,Daylight,Clear,Motor Vehicle-In-Transport On Same Roadway,None,MEMPHIS POLICE DEPT,Other,Unbelted,-,-,-,-,-,-,-,-,-,-,-,-,Shelby,Memphis,2
21923,301036961,0,1,35.177515,-89.861159,4,2025-09-01 23:10:00,2025,9,1,23,10,Monday,23:10,Suspected Serious Injury,Dark-Lighted,Clear,Pedestrian,None,MEMPHIS POLICE DEPT,Other,Unbelted,-,-,-,-,-,-,Pedestrian,-,-,-,-,-,Shelby,Memphis,2
21934,301037020,0,1,36.557942,-87.263763,3,2025-08-10 05:51:00,2025,8,10,5,51,Sunday,05:51,Suspected Serious Injury,Daylight,Clear,Motor Vehicle-In-Transport On Same Roadway,None,CLARKSVILLE POLICE DEPT,Other,Unbelted,-,-,-,-,-,-,-,-,-,-,-,-,Montgomery,Clarksville,1
21949,301037098,0,1,35.13601,-90.00819,4,2025-09-02 06:45:00,2025,9,2,6,45,Tuesday,06:45,Suspected Serious Injury,Daylight,Rain,Motor Vehicle-In-Transport On Same Roadway,None,MEMPHIS POLICE DEPT,Other,Unbelted,-,-,-,-,-,-,-,-,-,-,-,-,Shelby,Memphis,3
21950,301037110,0,2,36.571945,-87.426741,3,2025-08-28 06:04:00,2025,8,28,6,4,Thursday,06:04,Suspected Serious Injury,Daylight,Clear,Motor Vehicle-In-Transport On Same Roadway,None,CLARKSVILLE POLICE DEPT,Other,Unbelted,-,-,-,-,-,-,-,-,-,-,-,-,Montgomery,Clarksville,5
21953,301037134,0,2,35.083164,-90.02154,4,2025-09-01 21:47:00,2025,9,1,21,47,Monday,21:47,Suspected Serious Injury,Dark-Lighted,Clear,Parked Motor Vehicle,None,MEMPHIS POLICE DEPT,Other,-,-,-,-,-,-,-,-,-,ATV_Involved,-,-,-,Shelby,Memphis,2
21960,301037170,1,1,35.072372,-89.86343,4,2025-09-02 16:52:00,2025,9,2,16,52,Tuesday,16:52,Fatal,Daylight,Clear,Motor Vehicle-In-Transport On Same Roadway,None,MEMPHIS POLICE DEPT,Other,Unbelted,-,-,-,-,-,-,-,-,-,-,-,-,Shelby,Memphis,3
21982,301037269,0,1,35.020878,-90.02629,4,2025-08-30 00:00:00,2025,8,30,24,0,Saturday,24:00,Suspected Serious Injury,Unknown,Clear,Pedestrian,None,MEMPHIS POLICE DEPT,Other,-,-,-,-,-,-,-,Pedestrian,-,-,-,-,-,Shelby,Memphis,7
21984,301037281,0,1,36.545486,-87.374223,3,2025-08-21 20:30:30,2025,8,21,20,30,Thursday,20:30,Suspected Serious Injury,Dark-Not Lighted,Clear,Pedestrian,None,CLARKSVILLE POLICE DEPT,Other,Unbelted,-,-,-,-,-,-,Pedestrian,-,-,-,-,-,Montgomery,Clarksville,5
21992,301037323,0,2,36.491386,-82.50561,5,2025-09-02 16:45:00,2025,9,2,16,45,Tuesday,16:45,Suspected Serious Injury,Daylight,Clear,Motor Vehicle-In-Transport On Same Roadway,None,KINGSPORT POLICE DEPARTMENT,Other,Unbelted,-,-,-,-,-,-,-,-,-,-,-,-,Sullivan,Kingsport,3
22003,301037362,0,1,35.546806,-89.66036,4,2025-09-03 08:55:00,2025,9,3,8,55,Wednesday,08:55,Suspected Serious Injury,Daylight,Clear,Other Non-Collision,None,COVINGTON POLICE DEPT,Other,Unbelted,-,-,-,-,Speeding,-,-,-,-,-,-,-,Tipton,Covington,4
22017,301037418,0,3,35.16843,-89.90302,4,2025-09-01 22:57:00,2025,9,1,22,57,Monday,22:57,Suspected Serious Injury,Dark-Lighted,Clear,Motor Vehicle-In-Transport On Same Roadway,None,MEMPHIS POLICE DEPT,Other,Unbelted,-,-,-,-,-,-,-,-,-,-,-,-,Shelby,Memphis,2
22021,301037432,0,3,35.05263,-85.260803,2,2025-09-03 17:45:00,2025,9,3,17,45,Wednesday,17:45,Suspected Serious Injury,Daylight,Clear,Motor Vehicle-In-Transport On Same Roadway,None,CHATTANOOGA POLICE DEPT,Other,Unbelted,-,-,-,-,-,-,-,-,-,-,-,-,Hamilton,Chattanooga,4
22041,301037524,0,3,36.604013,-87.42504,3,2025-09-03 09:11:49,2025,9,3,9,11,Wednesday,09:11,Suspected Serious Injury,Daylight,Clear,Motor Vehicle-In-Transport On Same Roadway,None,CLARKSVILLE POLICE DEPT,Other,Unbelted,-,-,-,-,-,-,-,-,-,-,-,-,Montgomery,Clarksville,4
22045,301037535,0,1,35.02066,-89.93995,4,2025-09-04 08:15:00,2025,9,4,8,15,Thursday,08:15,Suspected Serious Injury,Daylight,Clear,Motor Vehicle-In-Transport On Same Roadway,None,MEMPHIS POLICE DEPT,Other,Unbelted,-,-,-,-,-,-,-,-,-,-,Motorcyclist,-,Shelby,Memphis,5
22049,301037568,0,2,35.177555,-84.84752,2,2025-09-04 15:05:00,2025,9,4,15,5,Thursday,15:05,Suspected Serious Injury,Daylight,Clear,Standing Tree,None,CLEVELAND POLICE DEPT,Other,Unbelted,-,-,-,-,Speeding,-,-,-,-,-,-,-,Bradley,Cleveland,5
22079,301037738,0,2,35.146976,-89.79543,4,2025-09-04 20:50:00,2025,9,4,20,50,Thursday,20:50,Suspected Serious Injury,Dawn,Clear,Motor Vehicle-In-Transport On Same Roadway,None,MEMPHIS POLICE DEPT,Other,Unbelted,-,-,-,-,-,-,-,-,-,-,-,-,Shelby,Memphis,5
22099,301037848,0,4,35.18284,-89.87134,4,2025-09-05 16:50:00,2025,9,5,16,50,Friday,16:50,Suspected Serious Injury,Daylight,Clear,Motor Vehicle-In-Transport On Same Roadway,None,MEMPHIS POLICE DEPT,Other,Unbelted,-,Drinking,-,-,-,-,-,-,-,-,-,-,Shelby,Memphis,6
22126,301037973,0,1,35.03558,-90.007515,4,2025-09-06 19:54:00,2025,9,6,19,54,Saturday,19:54,Suspected Serious Injury,Dark-Lighted,Clear,Pedestrian,None,MEMPHIS POLICE DEPT,Other,-,-,-,-,-,-,-,Pedestrian,-,-,-,-,-,Shelby,Memphis,7
22157,301038098,1,1,35.057327,-89.886008,4,2025-09-06 22:43:00,2025,9,6,22,43,Saturday,22:43,Fatal,Dark-Lighted,Clear,Motor Vehicle-In-Transport On Same Roadway,None,MEMPHIS POLICE DEPT,Other,Unbelted,-,-,Drug,-,Speeding,-,-,-,-,ATV_Involved,-,-,Shelby,Memphis,7
22163,301038120,1,2,35.210217,-90.022156,4,2025-09-08 01:20:00,2025,9,8,1,20,Monday,01:20,Fatal,Dark-Lighted,Clear,Curb,None,MEMPHIS POLICE DEPT,Other,Unbelted,-,-,-,-,-,-,-,-,-,-,-,-,Shelby,Memphis,2
22164,301038126,0,1,35.104721,-85.15964,2,2025-09-07 11:15:00,2025,9,7,11,15,Sunday,11:15,Suspected Serious Injury,Daylight,Clear,Other Non-Collision,None,CHATTANOOGA POLICE DEPT,Other,-,-,-,-,-,-,-,-,-,-,-,Motorcyclist,-,Hamilton,Chattanooga,1
22168,301038145,0,1,34.990442,-85.28938,2,2025-09-08 07:37:00,2025,9,8,7,37,Monday,07:37,Suspected Serious Injury,Daylight,Clear,Motor Vehicle-In-Transport On Same Roadway,Construction Zone,CHATTANOOGA POLICE DEPT,Other,Unbelted,-,-,-,-,-,-,-,-,-,-,-,-,Hamilton,Chattanooga,2
22224,301038421,0,1,36.631547,-87.296943,3,2025-09-03 16:07:20,2025,9,3,16,7,Wednesday,16:07,Suspected Serious Injury,Daylight,Clear,Motor Vehicle-In-Transport On Same Roadway,None,CLARKSVILLE POLICE DEPT,Other,Unbelted,-,-,-,-,-,-,-,-,-,-,Motorcyclist,-,Montgomery,Clarksville,4
22274,301038667,0,2,35.010427,-85.295368,2,2025-09-09 15:19:00,2025,9,9,15,19,Tuesday,15:19,Suspected Serious Injury,Daylight,Clear,Motor Vehicle-In-Transport On Same Roadway,None,CHATTANOOGA POLICE DEPT,Other,Unbelted,-,-,-,-,-,-,-,-,-,-,-,-,Hamilton,Chattanooga,3
22281,301038704,0,1,35.020397,-89.84869,4,2025-09-10 23:51:00,2025,9,10,23,51,Wednesday,23:51,Suspected Serious Injury,Dark-Not Lighted,Clear,Pedestrian,None,MEMPHIS POLICE DEPT,Other,Unbelted,-,-,-,-,-,-,Pedestrian,-,-,-,-,-,Shelby,Memphis,4
22286,301038731,1,0,35.133981,-89.832253,4,2025-09-01 00:00:00,2025,9,1,0,0,Monday,00:00,Fatal,Dark-Not Lighted,Clear,Standing Tree,None,SHELBY CO SHERIFFS DEPT,Other,Unbelted,-,-,Drug,-,-,-,-,-,-,-,-,-,Shelby,Not in City Limit,2
22335,301039046,0,1,36.512703,-82.53475,5,2025-09-12 19:20:00,2025,9,12,19,20,Friday,19:20,Suspected Serious Injury,Dawn,Clear,Other Non-Collision,None,KINGSPORT POLICE DEPARTMENT,Other,-,-,-,-,-,-,-,-,-,-,-,Motorcyclist,-,Sullivan,Kingsport,6
22336,301039049,1,0,35.251929,-89.83689,4,2025-09-12 18:49:00,2025,9,12,18,49,Friday,18:49,Fatal,Daylight,Clear,Utility Pole,None,BARTLETT POLICE DEPT,Other,-,-,-,-,-,Speeding,-,-,-,-,-,Motorcyclist,-,Shelby,Bartlett,6
22340,301039056,0,1,35.12992,-89.95318,4,2025-09-12 17:23:00,2025,9,12,17,23,Friday,17:23,Suspected Serious Injury,Daylight,Clear,Motor Vehicle-In-Transport On Same Roadway,None,MEMPHIS POLICE DEPT,Other,Unbelted,-,-,-,-,-,-,-,-,-,-,Motorcyclist,-,Shelby,Memphis,6
22361,301039152,1,0,35.045776,-90.00757,4,2025-09-13 05:26:00,2025,9,13,5,26,Saturday,05:26,Fatal,Dark-Lighted,Clear,Motor Vehicle-In-Transport On Same Roadway,None,MEMPHIS POLICE DEPT,Other,Unbelted,-,-,-,-,-,-,-,-,-,-,-,-,Shelby,Memphis,7
22373,301039207,1,1,35.1261,-89.994194,4,2025-09-13 18:23:00,2025,9,13,18,23,Saturday,18:23,Fatal,Dawn,Clear,Motor Vehicle-In-Transport On Same Roadway,None,MEMPHIS POLICE DEPT,Other,Unbelted,-,-,-,-,-,-,-,-,-,-,Motorcyclist,-,Shelby,Memphis,7
22401,301039324,1,2,35.006474,-89.98988,4,2025-09-14 17:34:00,2025,9,14,17,34,Sunday,17:34,Fatal,Daylight,Clear,Motor Vehicle-In-Transport On Same Roadway,None,MEMPHIS POLICE DEPT,Other,Unbelted,-,Drinking,Drug,-,-,-,-,-,-,-,-,-,Shelby,Memphis,1
22402,301039325,0,1,35.080193,-89.955475,4,2025-09-13 00:09:00,2025,9,13,0,9,Saturday,00:09,Suspected Serious Injury,Dark-Lighted,Clear,Motor Vehicle-In-Transport On Same Roadway,None,MEMPHIS POLICE DEPT,Other,Unbelted,-,-,-,-,-,-,-,-,-,-,-,-,Shelby,Memphis,7
22428,301039474,0,1,35.066723,-89.843605,4,2025-09-14 19:34:00,2025,9,14,19,34,Sunday,19:34,Suspected Serious Injury,Dark-Lighted,Clear,Unknown,None,MEMPHIS POLICE DEPT,Other,-,-,-,-,-,-,-,Pedestrian,-,-,-,-,-,Shelby,Memphis,1
22447,301039584,1,0,35.190674,-89.9566,4,2025-09-03 10:00:00,2025,9,3,10,0,Wednesday,10:00,Fatal,Daylight,Clear,Other Post/Pole Support,None,MEMPHIS POLICE DEPT,Other,Unbelted,-,-,-,-,-,-,-,-,-,-,-,-,Shelby,Memphis,4
22453,301039616,0,2,35.008976,-85.292434,2,2025-09-16 09:39:00,2025,9,16,9,39,Tuesday,09:39,Suspected Serious Injury,Daylight,Clear,Motor Vehicle-In-Transport On Same Roadway,None,CHATTANOOGA POLICE DEPT,Other,Unbelted,-,-,-,-,-,-,-,-,-,-,-,-,Hamilton,Chattanooga,3
22459,301039666,0,2,35.092012,-85.190526,2,2025-09-16 16:44:00,2025,9,16,16,44,Tuesday,16:44,Suspected Serious Injury,Daylight,Clear,Motor Vehicle-In-Transport On Same Roadway,None,CHATTANOOGA POLICE DEPT,Other,Unbelted,-,-,-,-,-,-,-,-,-,-,-,-,Hamilton,Chattanooga,3
22491,301039834,0,2,36.494625,-82.50967,5,2025-09-16 16:16:00,2025,9,16,16,16,Tuesday,16:16,Suspected Serious Injury,Daylight,Clear,Motor Vehicle-In-Transport On Same Roadway,None,KINGSPORT POLICE DEPARTMENT,Other,Unbelted,-,-,-,-,-,-,-,-,-,-,Motorcyclist,-,Sullivan,Kingsport,3
22492,301039835,0,2,36.55102,-82.63478,5,2025-09-16 11:46:00,2025,9,16,11,46,Tuesday,11:46,Suspected Serious Injury,Daylight,Clear,Motor Vehicle-In-Transport On Same Roadway,None,KINGSPORT POLICE DEPARTMENT,Other,Unbelted,-,-,-,-,-,-,-,-,-,-,-,-,Sullivan,Kingsport,3
22509,301039922,0,1,36.1185,-82.9041,5,2025-09-17 21:20:00,2025,9,17,21,20,Wednesday,21:20,Suspected Serious Injury,Dark-Not Lighted,Clear,Ditch,None,GREENE CO SHERIFFS DEPT,Other,Unbelted,-,-,-,-,-,-,-,-,-,-,-,-,Greene,Not in City Limit,4
22542,301040094,0,5,35.014522,-85.227084,2,2025-09-18 15:00:00,2025,9,18,15,0,Thursday,15:00,Suspected Serious Injury,Daylight,Clear,Motor Vehicle-In-Transport On Same Roadway,None,CHATTANOOGA POLICE DEPT,Other,Unbelted,-,-,-,-,Speeding,-,-,-,-,-,-,-,Hamilton,Chattanooga,5
22556,301040183,0,1,35.052525,-89.89914,4,2025-09-17 16:30:00,2025,9,17,16,30,Wednesday,16:30,Suspected Serious Injury,Daylight,Clear,Pedestrian,None,MEMPHIS POLICE DEPT,Other,-,-,-,-,-,-,-,Pedestrian,-,-,-,-,-,Shelby,Memphis,4
22563,301040214,0,2,35.19152,-89.92046,4,2025-09-18 14:00:00,2025,9,18,14,0,Thursday,14:00,Suspected Serious Injury,Daylight,Clear,Motor Vehicle-In-Transport On Same Roadway,None,MEMPHIS POLICE DEPT,Other,Unbelted,-,-,-,-,-,-,-,-,-,ATV_Involved,-,-,Shelby,Memphis,5
22575,301040254,0,1,35.081777,-85.263205,2,2025-09-19 17:21:00,2025,9,19,17,21,Friday,17:21,Suspected Serious Injury,Daylight,Clear,Motor Vehicle-In-Transport On Same Roadway,None,CHATTANOOGA POLICE DEPT,Other,Unbelted,-,-,-,-,-,-,-,-,-,ATV_Involved,-,-,Hamilton,Chattanooga,6
22581,301040289,0,1,35.042998,-85.384074,2,2025-09-19 19:00:00,2025,9,19,19,0,Friday,19:00,Suspected Serious Injury,Daylight,Clear,Guard Rail Face,None,CHATTANOOGA POLICE DEPT,Other,-,-,-,-,-,-,-,-,-,-,-,Motorcyclist,-,Hamilton,Chattanooga,6
22600,301040380,0,2,36.253895,-82.4348,5,2025-09-20 09:05:00,2025,9,20,9,5,Saturday,09:05,Suspected Serious Injury,Daylight,Clear,Motor Vehicle-In-Transport On Same Roadway,None,WASHINGTON CO SHERIFFS DEPT,Other,Unbelted,-,-,-,-,-,-,-,-,-,-,-,-,Washington,Not in City Limit,7
22602,301040384,0,1,35.107742,-89.94052,4,2025-09-19 14:51:00,2025,9,19,14,51,Friday,14:51,Suspected Serious Injury,Daylight,Clear,Pedestrian,None,MEMPHIS POLICE DEPT,Other,Unbelted,-,-,-,-,-,-,Pedestrian,-,-,-,-,-,Shelby,Memphis,6
22610,301040416,0,1,35.128716,-90.02107,4,2025-09-20 15:50:00,2025,9,20,15,50,Saturday,15:50,Suspected Serious Injury,Daylight,Clear,Pedestrian,None,MEMPHIS POLICE DEPT,Other,-,-,-,-,-,-,-,Pedestrian,-,-,-,-,-,Shelby,Memphis,7
22620,301040463,0,2,35.43137,-84.578255,2,2025-09-17 17:34:00,2025,9,17,17,34,Wednesday,17:34,Suspected Serious Injury,Daylight,Clear,Culvert,None,ATHENS POLICE DEPT,Other,Unbelted,-,-,-,-,-,-,-,-,-,-,-,-,McMinn,Athens,4