OBJECTID,MRN,Fatality,Injury,Latitude,Longitude,THP_District,Collision_Date,Collision_Year,Collision_Month,Collision_Day,Collision_Hour,Collision_Min,Collision_DOW,Collision_Time,Crash_Type,Light_Condition,Weather,First_Harmfu_Event,Work_Zone_Type,Agency_Name,THP,Unbelted,Distracted_Driver,Driver_Drinking,Driver_Drugged,Drowsy_Driver,Speeding_Involved,Pedalcyclist,Pedestrian,Other_Nonmotorist,ATV_Involved,LargeTruck_Involved,Motorcycle_Involved,SchoolBus,County,City,DOW_Nmb
22623,301040467,0,2,35.162434,-89.79474,4,2025-09-20 23:50:00,2025,9,20,23,50,Saturday,23:50,Suspected Serious Injury,Dark-Lighted,Clear,Motor Vehicle-In-Transport On Same Roadway,None,MEMPHIS POLICE DEPT,Other,Unbelted,-,-,-,-,-,-,-,-,-,-,-,-,Shelby,Memphis,7
22624,301040469,0,3,35.081245,-90.05719,4,2025-09-21 00:05:00,2025,9,21,0,5,Sunday,00:05,Suspected Serious Injury,Dark-Lighted,Clear,Motor Vehicle-In-Transport On Same Roadway,None,MEMPHIS POLICE DEPT,Other,Unbelted,-,-,-,-,Speeding,-,-,-,-,-,Motorcyclist,-,Shelby,Memphis,1
22628,301040495,0,1,35.13282,-90.02395,4,2025-09-20 18:26:00,2025,9,20,18,26,Saturday,18:26,Suspected Serious Injury,Daylight,Clear,Concrete Traffic Barrier,None,MEMPHIS POLICE DEPT,Other,Unbelted,-,-,-,-,-,-,-,-,-,-,-,-,Shelby,Memphis,7
22632,301040521,0,1,36.209805,-82.438675,5,2025-09-20 18:10:00,2025,9,20,18,10,Saturday,18:10,Suspected Serious Injury,Daylight,Clear,Fence,None,WASHINGTON CO SHERIFFS DEPT,Other,-,-,-,-,-,-,-,-,-,-,-,Motorcyclist,-,Washington,Not in City Limit,7
22644,301040568,1,0,35.08113,-89.93783,4,2025-09-21 01:48:00,2025,9,21,1,48,Sunday,01:48,Fatal,Dark-Lighted,Clear,Motor Vehicle-In-Transport On Same Roadway,None,MEMPHIS POLICE DEPT,Other,Unbelted,-,-,-,-,-,-,-,-,-,-,Motorcyclist,-,Shelby,Memphis,1
22697,301040872,0,1,36.270107,-82.32321,5,2025-09-22 21:05:00,2025,9,22,21,5,Monday,21:05,Suspected Serious Injury,Dark-Not Lighted,Clear,Curb,None,JOHNSON CITY POLICE DEPT,Other,Unbelted,-,-,-,-,Speeding,-,-,-,-,-,-,-,Carter,Johnson City,2
22704,301040912,0,1,35.226534,-89.846818,4,2025-09-18 07:32:00,2025,9,18,7,32,Thursday,07:32,Suspected Serious Injury,Daylight,Clear,Pedestrian,None,BARTLETT POLICE DEPT,Other,Unbelted,-,-,-,-,-,-,Pedestrian,-,-,-,-,-,Shelby,Bartlett,5
22744,301041106,0,6,35.0103,-85.19185,2,2025-09-22 11:00:00,2025,9,22,11,0,Monday,11:00,Suspected Serious Injury,Daylight,Clear,Motor Vehicle-In-Transport On Same Roadway,Construction Zone,CHATTANOOGA POLICE DEPT,Other,Unbelted,-,-,-,-,-,-,-,-,-,ATV_Involved,-,-,Hamilton,Chattanooga,2
22747,301041116,0,1,35.19489,-89.79239,4,2025-09-24 04:00:00,2025,9,24,4,0,Wednesday,04:00,Suspected Serious Injury,Dark-Not Lighted,Unknown,Motor Vehicle-In-Transport On Same Roadway,None,MEMPHIS POLICE DEPT,Other,Unbelted,-,-,-,-,-,-,-,-,-,-,-,-,Shelby,Memphis,4
22749,301041123,0,1,35.020973,-90.03863,4,2025-09-24 13:25:00,2025,9,24,13,25,Wednesday,13:25,Suspected Serious Injury,Daylight,Clear,Utility Pole,None,MEMPHIS POLICE DEPT,Other,Unbelted,-,-,-,-,-,-,-,-,-,-,-,-,Shelby,Memphis,4
22772,301041263,0,1,34.984279,-85.333391,2,2025-09-25 14:57:00,2025,9,25,14,57,Thursday,14:57,Suspected Serious Injury,Daylight,Clear,Pedal-Cycle,None,CHATTANOOGA POLICE DEPT,Other,Unbelted,-,-,-,-,-,Pedalcyclist,-,-,-,ATV_Involved,-,-,Hamilton,Chattanooga,5
22776,301041285,0,1,35.109913,-90.02783,4,2025-09-25 17:20:00,2025,9,25,17,20,Thursday,17:20,Suspected Serious Injury,Daylight,Clear,Motor Vehicle-In-Transport On Same Roadway,None,MEMPHIS POLICE DEPT,Other,Unbelted,-,-,-,-,-,-,-,-,-,-,-,-,Shelby,Memphis,5
22782,301041334,0,2,35.041897,-89.936165,4,2025-09-25 23:15:00,2025,9,25,23,15,Thursday,23:15,Suspected Serious Injury,Dark-Lighted,Clear,Motor Vehicle-In-Transport On Same Roadway,None,MEMPHIS POLICE DEPT,Other,Unbelted,-,-,-,-,-,-,-,-,-,-,-,-,Shelby,Memphis,5
22785,301041358,0,1,36.616934,-87.288513,3,2025-09-19 06:10:00,2025,9,19,6,10,Friday,06:10,Suspected Serious Injury,Dawn,Clear,Ditch,None,CLARKSVILLE POLICE DEPT,Other,-,-,-,-,-,-,-,-,-,-,-,Motorcyclist,-,Montgomery,Clarksville,6
22794,301041400,1,1,35.00734,-85.2198,2,2025-09-25 19:57:00,2025,9,25,19,57,Thursday,19:57,Fatal,Dark-Lighted,Rain,Standing Tree,None,CHATTANOOGA POLICE DEPT,Other,Unbelted,-,Drinking,-,-,Speeding,-,-,-,-,-,-,-,Hamilton,Chattanooga,5
22804,301041442,0,1,35.036477,-85.284238,2,2025-09-26 16:45:00,2025,9,26,16,45,Friday,16:45,Suspected Serious Injury,Daylight,Clear,Pedal-Cycle,None,CHATTANOOGA POLICE DEPT,Other,-,-,-,-,-,-,Pedalcyclist,-,-,-,-,-,-,Hamilton,Chattanooga,6
22818,301041506,0,1,35.068794,-89.944374,4,2025-09-26 23:45:00,2025,9,26,23,45,Friday,23:45,Suspected Serious Injury,Dark-Lighted,Clear,Motor Vehicle-In-Transport On Same Roadway,None,MEMPHIS POLICE DEPT,Other,-,-,-,-,-,-,-,-,-,-,-,Motorcyclist,-,Shelby,Memphis,6
22823,301041530,0,1,35.11481,-90.0732,4,2025-09-27 00:00:00,2025,9,27,24,0,Saturday,24:00,Suspected Serious Injury,Unknown,Clear,Concrete Traffic Barrier,None,MEMPHIS POLICE DEPT,Other,Unbelted,-,-,-,-,-,-,-,-,-,-,-,-,Shelby,Memphis,7
22827,301041544,0,1,36.562206,-82.57008,5,2025-09-27 08:20:00,2025,9,27,8,20,Saturday,08:20,Suspected Serious Injury,Daylight,Clear,Standing Tree,None,KINGSPORT POLICE DEPARTMENT,Other,Unbelted,-,-,-,-,-,-,-,-,-,-,-,-,Sullivan,Kingsport,7
22839,301041588,0,1,36.55779,-82.20986,5,2025-09-26 17:40:00,2025,9,26,17,40,Friday,17:40,Suspected Serious Injury,Daylight,Clear,Motor Vehicle-In-Transport On Same Roadway,None,BRISTOL POLICE DEPT,Other,Unbelted,-,-,-,-,-,-,-,-,-,-,-,-,Sullivan,Bristol,6
22849,301041619,0,1,35.023842,-85.273373,2,2025-09-27 18:50:00,2025,9,27,18,50,Saturday,18:50,Suspected Serious Injury,Daylight,Clear,Pedal-Cycle,None,CHATTANOOGA POLICE DEPT,Other,Unbelted,-,-,-,-,-,Pedalcyclist,-,-,-,-,-,-,Hamilton,Chattanooga,7
22851,301041638,0,1,36.273422,-82.59363,5,2025-09-27 21:25:00,2025,9,27,21,25,Saturday,21:25,Suspected Serious Injury,Dark-Not Lighted,Clear,Standing Tree,None,WASHINGTON CO SHERIFFS DEPT,Other,Unbelted,-,Drinking,-,-,-,-,-,-,-,-,-,-,Washington,Telford,7
22852,301041646,0,10,35.050545,-89.886215,4,2025-09-27 20:57:00,2025,9,27,20,57,Saturday,20:57,Suspected Serious Injury,Dark-Lighted,Clear,Motor Vehicle-In-Transport On Same Roadway,None,MEMPHIS POLICE DEPT,Other,Unbelted,-,-,-,-,-,-,-,-,-,-,-,-,Shelby,Memphis,7
22860,301041664,0,1,35.04951,-89.843796,4,2025-09-28 05:25:00,2025,9,28,5,25,Sunday,05:25,Suspected Serious Injury,Dark-Lighted,Clear,Pedestrian,None,MEMPHIS POLICE DEPT,Other,-,-,-,-,-,-,-,Pedestrian,-,-,-,-,-,Shelby,Memphis,1
22864,301041672,1,0,35.058415,-85.309303,2,2025-09-28 01:54:00,2025,9,28,1,54,Sunday,01:54,Fatal,Dark-Lighted,Clear,Pedestrian,None,CHATTANOOGA POLICE DEPT,Other,Unbelted,-,-,-,-,-,-,Pedestrian,-,-,-,-,-,Hamilton,Chattanooga,1
22889,301041822,0,1,36.585998,-87.391046,3,2025-09-27 17:30:00,2025,9,27,17,30,Saturday,17:30,Suspected Serious Injury,Daylight,Clear,Guard Rail Face,None,CLARKSVILLE POLICE DEPT,Other,Unbelted,-,-,-,-,-,-,-,-,-,-,-,-,Montgomery,Clarksville,7
22898,301041869,0,1,35.026612,-85.272991,2,2025-09-29 11:05:00,2025,9,29,11,5,Monday,11:05,Suspected Serious Injury,Daylight,Clear,Motor Vehicle-In-Transport On Same Roadway,None,CHATTANOOGA POLICE DEPT,Other,Unbelted,-,-,-,-,-,-,-,-,-,-,Motorcyclist,-,Hamilton,Chattanooga,2
22900,301041883,0,2,35.56849,-89.64737,4,2025-09-19 15:15:00,2025,9,19,15,15,Friday,15:15,Suspected Serious Injury,Daylight,Clear,Motor Vehicle-In-Transport On Same Roadway,None,COVINGTON POLICE DEPT,Other,Unbelted,-,-,-,-,-,-,-,-,-,-,-,-,Tipton,Covington,6
22908,301041921,0,1,35.111654,-85.250261,2,2025-09-28 19:23:00,2025,9,28,19,23,Sunday,19:23,Suspected Serious Injury,Dusk,Clear,Paved Surface-Irregular,None,CHATTANOOGA POLICE DEPT,Other,-,-,-,-,-,-,-,-,-,-,-,Motorcyclist,-,Hamilton,Chattanooga,1
22916,301041975,0,2,35.082241,-85.18562,2,2025-09-29 14:58:00,2025,9,29,14,58,Monday,14:58,Suspected Serious Injury,Daylight,Clear,Motor Vehicle-In-Transport On Same Roadway,None,CHATTANOOGA POLICE DEPT,Other,Unbelted,-,-,-,-,-,-,-,-,-,-,-,-,Hamilton,Chattanooga,2
22941,301042159,0,1,35.05639,-89.99057,4,2025-09-30 17:45:00,2025,9,30,17,45,Tuesday,17:45,Suspected Serious Injury,Daylight,Clear,Standing Tree,None,MEMPHIS POLICE DEPT,Other,Unbelted,-,-,-,-,-,-,-,-,-,-,-,-,Shelby,Memphis,3
22944,301042193,0,1,35.056751,-85.352601,2,2025-09-30 17:00:00,2025,9,30,17,0,Tuesday,17:00,Suspected Serious Injury,Daylight,Clear,Mail Box,None,CHATTANOOGA POLICE DEPT,Other,-,-,Drinking,-,-,-,-,-,-,-,-,Motorcyclist,-,Hamilton,Chattanooga,3
22947,301042201,0,3,36.301674,-82.37715,5,2025-09-27 16:50:00,2025,9,27,16,50,Saturday,16:50,Suspected Serious Injury,Daylight,Clear,Motor Vehicle-In-Transport On Same Roadway,None,JOHNSON CITY POLICE DEPT,Other,Unbelted,-,-,-,-,-,-,-,-,-,-,-,-,Washington,Johnson City,7
22954,301042225,0,3,36.560959,-87.287942,3,2025-09-25 19:23:00,2025,9,25,19,23,Thursday,19:23,Suspected Serious Injury,Dark-Lighted,Clear,Motor Vehicle-In-Transport On Same Roadway,None,CLARKSVILLE POLICE DEPT,Other,Unbelted,-,-,-,-,-,-,-,-,-,-,-,-,Montgomery,Clarksville,5
22960,301042254,0,1,35.006352,-85.231417,2,2025-09-27 15:11:00,2025,9,27,15,11,Saturday,15:11,Suspected Serious Injury,Daylight,Clear,Motor Vehicle-In-Transport On Same Roadway,Construction Zone,CHATTANOOGA POLICE DEPT,Other,Unbelted,-,-,-,-,Speeding,-,-,-,-,ATV_Involved,-,-,Hamilton,Chattanooga,7
22964,301042262,0,2,35.085653,-85.261711,2,2025-09-30 13:50:00,2025,9,30,13,50,Tuesday,13:50,Suspected Serious Injury,Daylight,Clear,Motor Vehicle-In-Transport On Same Roadway,None,CHATTANOOGA POLICE DEPT,Other,Unbelted,-,-,-,-,-,-,-,-,-,ATV_Involved,-,-,Hamilton,Chattanooga,3
22985,301042426,0,1,36.179226,-82.82001,5,2025-10-01 14:53:00,2025,10,1,14,53,Wednesday,14:53,Suspected Serious Injury,Daylight,Clear,Pedal-Cycle,None,GREENEVILLE POLICE DEPT,Other,Unbelted,-,-,-,-,-,Pedalcyclist,-,-,-,-,-,-,Greene,Greeneville,4
22986,301042429,0,2,35.55315,-89.65665,4,2025-09-30 15:50:00,2025,9,30,15,50,Tuesday,15:50,Suspected Serious Injury,Daylight,Clear,Motor Vehicle-In-Transport On Same Roadway,None,COVINGTON POLICE DEPT,Other,Unbelted,-,-,-,-,-,-,-,-,-,-,-,-,Tipton,Covington,3
22998,301042496,0,2,35.229084,-89.810401,4,2025-09-27 19:50:00,2025,9,27,19,50,Saturday,19:50,Suspected Serious Injury,Dark-Lighted,Clear,Motor Vehicle-In-Transport On Same Roadway,None,BARTLETT POLICE DEPT,Other,Unbelted,-,-,-,-,-,-,-,-,-,-,Motorcyclist,-,Shelby,Bartlett,7
23006,301042549,0,2,36.5501,-82.49284,5,2025-10-02 17:55:00,2025,10,2,17,55,Thursday,17:55,Suspected Serious Injury,Dusk,Clear,Motor Vehicle-In-Transport On Same Roadway,None,KINGSPORT POLICE DEPARTMENT,Other,Unbelted,-,-,-,-,-,-,-,-,-,-,-,-,Sullivan,Kingsport,5
23011,301042587,0,3,35.00616,-90.04453,4,2025-10-02 18:21:00,2025,10,2,18,21,Thursday,18:21,Suspected Serious Injury,Dawn,Clear,Motor Vehicle-In-Transport On Same Roadway,None,MEMPHIS POLICE DEPT,Other,Unbelted,-,-,-,-,-,-,-,-,-,-,-,-,Shelby,Memphis,5
23019,301042627,1,1,36.585094,-82.230545,5,2025-10-02 20:51:00,2025,10,2,20,51,Thursday,20:51,Fatal,Dark-Lighted,Clear,Pedestrian,None,BRISTOL POLICE DEPT,Other,Unbelted,-,-,-,-,-,-,Pedestrian,-,-,-,-,-,Sullivan,Bristol,5
23029,301042686,0,1,36.55862,-82.47963,5,2025-10-03 08:15:00,2025,10,3,8,15,Friday,08:15,Suspected Serious Injury,Daylight,Clear,Motor Vehicle-In-Transport On Same Roadway,None,KINGSPORT POLICE DEPARTMENT,Other,Unbelted,-,-,Drug,-,-,-,-,-,-,-,-,-,Sullivan,Kingsport,6
23042,301042759,1,1,36.50803,-82.254036,5,2025-10-02 17:06:00,2025,10,2,17,6,Thursday,17:06,Fatal,Daylight,Clear,Motor Vehicle-In-Transport On Same Roadway,None,BRISTOL POLICE DEPT,Other,Unbelted,-,-,-,-,-,-,-,-,-,-,Motorcyclist,-,Sullivan,Bristol,5
23048,301042777,0,1,35.10475,-89.97009,4,2025-10-03 07:40:00,2025,10,3,7,40,Friday,07:40,Suspected Serious Injury,Daylight,Clear,Motor Vehicle-In-Transport On Same Roadway,None,MEMPHIS POLICE DEPT,Other,Unbelted,-,-,-,-,-,-,-,-,-,-,Motorcyclist,-,Shelby,Memphis,6
23055,301042813,1,1,35.11538,-89.99917,4,2025-10-02 20:05:00,2025,10,2,20,5,Thursday,20:05,Fatal,Dark-Lighted,Clear,Pedestrian,None,MEMPHIS POLICE DEPT,Other,Unbelted,-,-,-,-,-,-,Pedestrian,-,-,-,-,-,Shelby,Memphis,5
23058,301042830,0,1,36.176533,-82.82888,5,2025-10-03 23:45:00,2025,10,3,23,45,Friday,23:45,Suspected Serious Injury,Dark-Lighted,Clear,Pedal-Cycle,None,GREENEVILLE POLICE DEPT,Other,Unbelted,-,-,-,-,-,Pedalcyclist,-,-,-,-,-,-,Greene,Greeneville,6
23076,301042910,0,1,36.567776,-82.44812,5,2025-10-04 13:00:00,2025,10,4,13,0,Saturday,13:00,Suspected Serious Injury,Daylight,Clear,Deer,None,KINGSPORT POLICE DEPARTMENT,Other,-,-,-,-,-,-,-,-,-,-,-,Motorcyclist,-,Sullivan,Kingsport,7
23079,301042915,0,4,0.0,0.0,5,2025-10-04 13:39:00,2025,10,4,13,39,Saturday,13:39,Suspected Serious Injury,Daylight,Clear,Motor Vehicle-In-Transport On Same Roadway,None,KINGSPORT POLICE DEPARTMENT,Other,Unbelted,-,-,-,-,-,-,-,-,-,-,-,-,Sullivan,Kingsport,7
23107,301043073,0,1,35.073722,-85.198377,2,2025-10-05 21:17:00,2025,10,5,21,17,Sunday,21:17,Suspected Serious Injury,Dark-Lighted,Clear,Motor Vehicle-In-Transport On Same Roadway,None,CHATTANOOGA POLICE DEPT,Other,Unbelted,-,-,-,-,Speeding,-,-,-,-,-,Motorcyclist,-,Hamilton,Chattanooga,1
23116,301043111,0,4,36.521592,-87.28335,3,2025-09-26 17:38:00,2025,9,26,17,38,Friday,17:38,Suspected Serious Injury,Daylight,Clear,Motor Vehicle-In-Transport On Same Roadway,None,CLARKSVILLE POLICE DEPT,Other,Unbelted,-,-,-,-,Speeding,-,-,-,-,-,-,-,Montgomery,Clarksville,6
23120,301043140,0,2,36.573999,-87.407072,3,2025-09-29 17:29:46,2025,9,29,17,29,Monday,17:29,Suspected Serious Injury,Daylight,Clear,Motor Vehicle-In-Transport On Same Roadway,None,CLARKSVILLE POLICE DEPT,Other,Unbelted,-,-,-,-,-,-,-,-,-,-,-,-,Montgomery,Clarksville,2
23123,301043163,1,3,35.030709,-85.155895,2,2025-10-05 20:17:00,2025,10,5,20,17,Sunday,20:17,Fatal,Dark-Lighted,Clear,Pedestrian,None,CHATTANOOGA POLICE DEPT,Other,Unbelted,-,Drinking,Drug,-,Speeding,-,Pedestrian,-,-,-,-,-,Hamilton,Chattanooga,1
23135,301043246,0,3,35.036941,-89.795289,4,2025-09-20 17:35:00,2025,9,20,17,35,Saturday,17:35,Suspected Serious Injury,Daylight,Clear,Motor Vehicle-In-Transport On Same Roadway,None,SHELBY CO SHERIFFS DEPT,Other,Unbelted,-,-,-,-,-,-,-,-,-,-,-,-,Shelby,Not in City Limit,7
23146,301043304,0,1,36.550156,-82.541145,5,2025-10-06 16:30:00,2025,10,6,16,30,Monday,16:30,Suspected Serious Injury,Daylight,Clear,Motor Vehicle-In-Transport On Same Roadway,None,KINGSPORT POLICE DEPARTMENT,Other,Unbelted,-,-,-,-,-,-,-,-,-,ATV_Involved,Motorcyclist,-,Sullivan,Kingsport,2
23152,301043332,0,1,36.173946,-82.910934,5,2025-10-02 20:50:00,2025,10,2,20,50,Thursday,20:50,Suspected Serious Injury,Dark-Not Lighted,Clear,Standing Tree,None,GREENEVILLE POLICE DEPT,Other,Unbelted,-,-,-,-,-,-,-,-,-,-,-,-,Greene,Greeneville,5
23171,301043449,0,3,35.035275,-90.040436,4,2025-10-07 07:14:00,2025,10,7,7,14,Tuesday,07:14,Suspected Serious Injury,Dark-Not Lighted,Rain,Motor Vehicle-In-Transport On Same Roadway,None,MEMPHIS POLICE DEPT,Other,Unbelted,-,-,-,-,-,-,-,-,-,-,-,-,Shelby,Memphis,3
23173,301043469,0,1,35.202427,-89.77594,4,2025-10-07 16:20:00,2025,10,7,16,20,Tuesday,16:20,Suspected Serious Injury,Daylight,Clear,Motor Vehicle-In-Transport On Same Roadway,None,MEMPHIS POLICE DEPT,Other,Unbelted,-,-,-,-,-,-,-,-,-,-,-,-,Shelby,Memphis,3
23215,301043700,0,1,35.242428,-90.02056,4,2025-10-03 22:50:00,2025,10,3,22,50,Friday,22:50,Suspected Serious Injury,Dark-Not Lighted,Clear,Ditch,None,SHELBY CO SHERIFFS DEPT,Other,Unbelted,-,-,-,-,-,-,-,-,-,-,-,-,Shelby,Not in City Limit,6
23218,301043716,1,0,35.078824,-89.923669,4,2025-10-09 05:40:00,2025,10,9,5,40,Thursday,05:40,Fatal,Dark-Lighted,Clear,Motor Vehicle-In-Transport On Same Roadway,None,MEMPHIS POLICE DEPT,Other,Unbelted,-,-,-,-,-,-,-,-,-,ATV_Involved,-,-,Shelby,Memphis,5
23244,301043853,0,1,36.172585,-82.85017,5,2025-10-07 05:45:00,2025,10,7,5,45,Tuesday,05:45,Suspected Serious Injury,Dark-Lighted,Clear,Pedestrian,None,GREENEVILLE POLICE DEPT,Other,Unbelted,-,-,-,-,-,-,Pedestrian,-,-,-,-,-,Greene,Greeneville,3
23264,301043964,0,2,35.048459,-85.271181,2,2025-10-10 15:14:00,2025,10,10,15,14,Friday,15:14,Suspected Serious Injury,Daylight,Clear,Motor Vehicle-In-Transport On Same Roadway,None,CHATTANOOGA POLICE DEPT,Other,Unbelted,-,-,-,-,-,-,-,-,-,-,-,-,Hamilton,Chattanooga,6
23311,301044233,1,0,35.191196,-84.8642,2,2025-10-12 19:06:00,2025,10,12,19,6,Sunday,19:06,Fatal,Dark-Lighted,Clear,Motor Vehicle-In-Transport On Same Roadway,None,CLEVELAND POLICE DEPT,Other,Unbelted,-,Drinking,-,-,-,-,-,-,-,-,Motorcyclist,-,Bradley,Cleveland,1
23315,301044243,0,1,35.053684,-90.00487,4,2025-10-12 03:32:00,2025,10,12,3,32,Sunday,03:32,Suspected Serious Injury,Dark-Lighted,Clear,Motor Vehicle-In-Transport On Same Roadway,None,MEMPHIS POLICE DEPT,Other,Unbelted,-,-,-,-,-,-,-,-,-,-,-,-,Shelby,Memphis,1
23321,301044292,0,1,35.104858,-85.34267,2,2025-10-13 11:20:00,2025,10,13,11,20,Monday,11:20,Suspected Serious Injury,Daylight,Clear,Motor Vehicle-In-Transport On Same Roadway,None,CHATTANOOGA POLICE DEPT,Other,Unbelted,-,-,-,-,-,-,-,-,-,-,-,-,Hamilton,Chattanooga,2
23348,301044438,0,2,35.437824,-84.58981,2,2025-10-13 13:00:00,2025,10,13,13,0,Monday,13:00,Suspected Serious Injury,Daylight,Clear,Motor Vehicle-In-Transport On Same Roadway,None,ATHENS POLICE DEPT,Other,Unbelted,-,-,-,-,-,-,-,-,-,ATV_Involved,-,-,McMinn,Athens,2
23352,301044447,1,0,36.21304,-83.01805,5,2025-10-13 07:10:00,2025,10,13,7,10,Monday,07:10,Fatal,Dawn,Clear,Motor Vehicle-In-Transport On Same Roadway,None,MOSHEIM POLICE DEPT,Other,Unbelted,-,-,-,-,-,-,-,-,-,ATV_Involved,-,-,Greene,Mosheim,2
23361,301044494,0,1,35.166492,-84.87215,2,2025-10-13 12:40:00,2025,10,13,12,40,Monday,12:40,Suspected Serious Injury,Daylight,Clear,Utility Pole,None,CLEVELAND POLICE DEPT,Other,Unbelted,-,-,-,-,-,-,-,-,-,-,-,-,Bradley,Cleveland,2
23366,301044535,0,1,35.451416,-84.60715,2,2025-10-14 11:25:00,2025,10,14,11,25,Tuesday,11:25,Suspected Serious Injury,Daylight,Clear,Pedal-Cycle,None,ATHENS POLICE DEPT,Other,Unbelted,-,-,-,-,-,Pedalcyclist,-,-,-,-,-,-,McMinn,Athens,3
23379,301044583,0,1,35.139034,-85.251707,2,2025-10-15 01:19:00,2025,10,15,1,19,Wednesday,01:19,Suspected Serious Injury,Dark-Lighted,Clear,Pedestrian,None,CHATTANOOGA POLICE DEPT,Other,-,-,-,-,-,-,-,Pedestrian,-,-,-,-,-,Hamilton,Chattanooga,4
23380,301044586,0,2,35.182537,-84.87303,2,2025-10-14 21:47:00,2025,10,14,21,47,Tuesday,21:47,Suspected Serious Injury,Dark-Lighted,Clear,Motor Vehicle-In-Transport On Same Roadway,None,CLEVELAND POLICE DEPT,Other,Unbelted,-,-,-,-,-,-,-,-,-,-,-,-,Bradley,Cleveland,3
23383,301044596,0,1,36.405525,-82.55455,5,2025-10-14 04:54:00,2025,10,14,4,54,Tuesday,04:54,Suspected Serious Injury,Dark-Not Lighted,Clear,Ditch,None,WASHINGTON CO SHERIFFS DEPT,Other,Unbelted,-,Drinking,-,-,-,-,-,-,-,-,-,-,Washington,Not in City Limit,3
23449,301044984,0,1,35.200893,-84.84364,2,2025-10-14 16:46:00,2025,10,14,16,46,Tuesday,16:46,Suspected Serious Injury,Daylight,Clear,Pedestrian,None,CLEVELAND POLICE DEPT,Other,Unbelted,-,-,-,-,-,-,Pedestrian,-,-,-,-,-,Bradley,Cleveland,3
23457,301045036,0,2,36.161636,-82.81984,5,2025-10-17 05:25:00,2025,10,17,5,25,Friday,05:25,Suspected Serious Injury,Dark-Lighted,Clear,Motor Vehicle-In-Transport On Same Roadway,None,GREENEVILLE POLICE DEPT,Other,Unbelted,-,-,-,-,-,-,-,-,-,-,-,-,Greene,Greeneville,6
23461,301045048,0,1,35.195755,-84.85454,2,2025-10-17 13:19:00,2025,10,17,13,19,Friday,13:19,Suspected Serious Injury,Daylight,Clear,Fence,None,CLEVELAND POLICE DEPT,Other,Unbelted,-,-,-,-,-,-,-,-,-,-,-,-,Bradley,Cleveland,6
23472,301045126,1,1,36.17234,-82.88356,5,2025-10-16 16:31:00,2025,10,16,16,31,Thursday,16:31,Fatal,Daylight,Clear,Motor Vehicle-In-Transport On Same Roadway,None,GREENEVILLE POLICE DEPT,Other,Unbelted,-,-,-,-,-,-,-,-,-,-,-,-,Greene,Greeneville,5
23495,301045252,0,1,35.101803,-89.85853,4,2025-10-19 02:10:00,2025,10,19,2,10,Sunday,02:10,Suspected Serious Injury,Dark-Lighted,Rain,Utility Pole,None,MEMPHIS POLICE DEPT,Other,Unbelted,-,-,-,-,-,-,-,-,-,-,-,-,Shelby,Memphis,1
23497,301045260,0,2,35.064785,-89.94119,4,2025-10-18 23:48:00,2025,10,18,23,48,Saturday,23:48,Suspected Serious Injury,Dark-Lighted,Rain,Motor Vehicle-In-Transport On Same Roadway,None,MEMPHIS POLICE DEPT,Other,Unbelted,-,Drinking,-,-,-,-,-,-,-,ATV_Involved,-,-,Shelby,Memphis,7
23504,301045288,0,5,35.16202,-89.91735,4,2025-10-19 00:06:00,2025,10,19,0,6,Sunday,00:06,Suspected Serious Injury,Dark-Lighted,Rain,Motor Vehicle-In-Transport On Same Roadway,None,MEMPHIS POLICE DEPT,Other,Unbelted,-,Drinking,-,-,-,-,-,-,-,-,-,-,Shelby,Memphis,1
23525,301045520,0,1,36.53074,-82.52637,5,2025-10-20 18:50:00,2025,10,20,18,50,Monday,18:50,Suspected Serious Injury,Dark-Lighted,Clear,Motor Vehicle-In-Transport On Same Roadway,None,KINGSPORT POLICE DEPARTMENT,Other,Unbelted,-,-,-,-,-,-,-,-,-,-,Motorcyclist,-,Sullivan,Kingsport,2
23565,301045800,0,8,36.183514,-82.8859,5,2025-10-22 21:00:00,2025,10,22,21,0,Wednesday,21:00,Suspected Serious Injury,Dark-Not Lighted,Clear,Motor Vehicle-In-Transport On Same Roadway,None,MOSHEIM POLICE DEPT,Other,Unbelted,-,-,-,-,-,-,-,-,-,-,-,-,Greene,Mosheim,4
23591,301045948,1,0,35.137028,-89.973434,4,2025-10-20 11:15:00,2025,10,20,11,15,Monday,11:15,Fatal,Daylight,Clear,Parked Motor Vehicle,None,MEMPHIS POLICE DEPT,Other,Unbelted,-,-,-,-,-,-,Pedestrian,-,-,-,-,-,Shelby,Memphis,2
23607,301046015,0,1,35.09238,-89.91944,4,2025-10-19 22:04:00,2025,10,19,22,4,Sunday,22:04,Suspected Serious Injury,Dark-Not Lighted,Clear,Utility Pole,None,MEMPHIS POLICE DEPT,Other,Unbelted,-,-,-,-,-,-,-,-,-,-,-,-,Shelby,Memphis,1
23641,301046217,0,2,35.0177,-85.384506,2,2025-10-24 15:34:00,2025,10,24,15,34,Friday,15:34,Suspected Serious Injury,Daylight,Clear,Motor Vehicle-In-Transport On Same Roadway,None,CHATTANOOGA POLICE DEPT,Other,Unbelted,-,-,-,-,Speeding,-,-,-,-,ATV_Involved,-,-,Hamilton,Chattanooga,6
23675,301046389,0,2,36.15715,-82.6505,5,2025-10-25 21:51:00,2025,10,25,21,51,Saturday,21:51,Suspected Serious Injury,Dark-Not Lighted,Clear,Ditch,None,GREENE CO SHERIFFS DEPT,Other,Unbelted,-,-,-,-,-,-,-,-,-,-,-,-,Greene,Not in City Limit,7
23704,301046639,0,2,35.141262,-84.87189,2,2025-10-26 20:33:00,2025,10,26,20,33,Sunday,20:33,Suspected Serious Injury,Dark-Lighted,Rain,Motor Vehicle-In-Transport On Same Roadway,None,CLEVELAND POLICE DEPT,Other,Unbelted,Distracted,Drinking,-,-,-,-,-,-,-,-,-,-,Bradley,Cleveland,1