OBJECTID,MRN,Fatality,Injury,Latitude,Longitude,THP_District,Collision_Date,Collision_Year,Collision_Month,Collision_Day,Collision_Hour,Collision_Min,Collision_DOW,Collision_Time,Crash_Type,Light_Condition,Weather,First_Harmfu_Event,Work_Zone_Type,Agency_Name,THP,Unbelted,Distracted_Driver,Driver_Drinking,Driver_Drugged,Drowsy_Driver,Speeding_Involved,Pedalcyclist,Pedestrian,Other_Nonmotorist,ATV_Involved,LargeTruck_Involved,Motorcycle_Involved,SchoolBus,County,City,DOW_Nmb
23743,301046855,1,3,35.020916,-89.9683,4,2025-10-25 21:31:00,2025,10,25,21,31,Saturday,21:31,Fatal,Dark-Lighted,Rain,Motor Vehicle-In-Transport On Same Roadway,None,MEMPHIS POLICE DEPT,Other,Unbelted,-,Drinking,-,-,-,-,-,-,-,-,-,-,Shelby,Memphis,7
23790,301047126,1,0,35.162174,-89.92386,4,2025-10-26 12:15:00,2025,10,26,12,15,Sunday,12:15,Fatal,Daylight,Rain,Motor Vehicle-In-Transport On Same Roadway,None,MEMPHIS POLICE DEPT,Other,Unbelted,-,Drinking,-,-,-,-,-,-,-,-,-,-,Shelby,Memphis,1
23799,301047194,0,1,35.055904,-85.138161,2,2025-10-29 11:39:00,2025,10,29,11,39,Wednesday,11:39,Suspected Serious Injury,Daylight,Clear,Motor Vehicle-In-Transport On Same Roadway,None,CHATTANOOGA POLICE DEPT,Other,Unbelted,-,-,-,-,-,-,-,-,-,-,-,-,Hamilton,Chattanooga,4
23804,301047256,0,1,35.030081,-85.153146,2,2025-10-29 18:10:00,2025,10,29,18,10,Wednesday,18:10,Suspected Serious Injury,Daylight,Rain,Motor Vehicle-In-Transport On Same Roadway,None,CHATTANOOGA POLICE DEPT,Other,Unbelted,-,-,-,-,-,-,-,-,-,-,Motorcyclist,-,Hamilton,Chattanooga,4
23806,301047266,0,2,35.10106,-89.83936,4,2025-10-29 16:10:00,2025,10,29,16,10,Wednesday,16:10,Suspected Serious Injury,Daylight,Rain,Motor Vehicle-In-Transport On Same Roadway,None,MEMPHIS POLICE DEPT,Other,Unbelted,-,-,-,-,-,-,-,-,-,-,-,-,Shelby,Memphis,4
23816,301047323,0,1,35.168697,-84.82427,2,2025-10-29 17:40:00,2025,10,29,17,40,Wednesday,17:40,Suspected Serious Injury,Dark-Not Lighted,Rain,Motor Vehicle-In-Transport On Same Roadway,None,CLEVELAND POLICE DEPT,Other,Unbelted,-,-,-,-,-,-,-,-,-,-,-,-,Bradley,Cleveland,4
23829,301047401,1,0,35.03556,-90.11113,4,2025-10-28 06:50:00,2025,10,28,6,50,Tuesday,06:50,Fatal,Dark-Not Lighted,Unknown,Railway Train,None,MEMPHIS POLICE DEPT,Other,Unbelted,-,-,-,-,-,-,-,-,-,-,-,-,Shelby,Memphis,3
23841,301047465,0,1,36.405853,-82.47742,5,2025-10-30 15:38:00,2025,10,30,15,38,Thursday,15:38,Suspected Serious Injury,Daylight,Clear,Curb,None,JOHNSON CITY POLICE DEPT,Other,Unbelted,-,Drinking,Drug,-,Speeding,-,-,-,-,-,-,-,Washington,Johnson City,5
23843,301047487,2,1,35.045534,-85.154344,2,2025-10-30 15:30:00,2025,10,30,15,30,Thursday,15:30,Fatal,Daylight,Rain,Motor Vehicle-In-Transport On Same Roadway,None,CHATTANOOGA POLICE DEPT,Other,Unbelted,-,-,Drug,-,Speeding,-,-,-,-,-,-,-,Hamilton,Chattanooga,5
23849,301047539,0,1,35.23621,-90.00019,4,2025-10-29 15:22:00,2025,10,29,15,22,Wednesday,15:22,Suspected Serious Injury,Daylight,Rain,Pedestrian,None,MEMPHIS POLICE DEPT,Other,Unbelted,-,-,-,-,-,-,Pedestrian,-,-,-,-,-,Shelby,Memphis,4
23875,301047670,0,1,35.140488,-89.98287,4,2025-10-31 13:18:00,2025,10,31,13,18,Friday,13:18,Suspected Serious Injury,Daylight,Clear,Motor Vehicle-In-Transport On Same Roadway,None,MEMPHIS POLICE DEPT,Other,Unbelted,-,-,-,-,-,-,-,-,-,-,-,-,Shelby,Memphis,6
23900,301047778,0,2,35.159348,-89.87627,4,2025-11-01 02:10:00,2025,11,1,2,10,Saturday,02:10,Suspected Serious Injury,Dark-Lighted,Clear,Boulder,None,MEMPHIS POLICE DEPT,Other,Unbelted,-,-,-,-,-,-,-,-,-,-,-,-,Shelby,Memphis,7
23906,301047802,2,4,35.094126,-90.02662,4,2025-11-01 01:40:00,2025,11,1,1,40,Saturday,01:40,Fatal,Dark-Lighted,Clear,Guard Rail Face,None,MEMPHIS POLICE DEPT,Other,Unbelted,-,-,-,-,-,-,-,-,-,-,-,-,Shelby,Memphis,7
23909,301047813,0,1,36.48311,-82.50058,5,2025-11-01 08:10:00,2025,11,1,8,10,Saturday,08:10,Suspected Serious Injury,Daylight,Fog,Motor Vehicle-In-Transport On Same Roadway,None,KINGSPORT POLICE DEPARTMENT,Other,Unbelted,-,-,-,-,-,-,-,-,-,-,-,-,Sullivan,Kingsport,7
23912,301047837,0,1,35.029057,-85.186682,2,2025-11-01 13:30:00,2025,11,1,13,30,Saturday,13:30,Suspected Serious Injury,Daylight,Clear,Motor Vehicle-In-Transport On Same Roadway,None,CHATTANOOGA POLICE DEPT,Other,Unbelted,-,-,-,-,-,-,-,-,-,-,Motorcyclist,-,Hamilton,Chattanooga,7
23939,301048007,0,2,36.299843,-82.46808,5,2025-11-02 11:34:00,2025,11,2,11,34,Sunday,11:34,Suspected Serious Injury,Daylight,Clear,Motor Vehicle-In-Transport On Same Roadway,None,JONESBOROUGH POLICE DEPT,Other,Unbelted,-,-,-,-,Speeding,-,-,-,-,-,-,-,Washington,Jonesborough,1
23965,301048157,0,2,35.14896,-89.91581,4,2025-11-02 11:14:00,2025,11,2,11,14,Sunday,11:14,Suspected Serious Injury,Daylight,Clear,Motor Vehicle-In-Transport On Same Roadway,None,MEMPHIS POLICE DEPT,Other,Unbelted,-,-,-,-,-,-,-,-,-,-,-,-,Shelby,Memphis,1
23967,301048168,0,1,35.16646,-89.836555,4,2025-11-03 06:30:00,2025,11,3,6,30,Monday,06:30,Suspected Serious Injury,Daylight,Clear,Motor Vehicle-In-Transport On Same Roadway,None,MEMPHIS POLICE DEPT,Other,Unbelted,-,-,-,-,-,-,-,-,-,-,-,-,Shelby,Memphis,2
23979,301048240,0,1,35.03679,-90.05421,4,2025-11-03 15:03:00,2025,11,3,15,3,Monday,15:03,Suspected Serious Injury,Daylight,Clear,Ditch,None,MEMPHIS POLICE DEPT,Other,Unbelted,-,-,-,-,-,-,-,-,-,-,-,-,Shelby,Memphis,2
23981,301048242,0,1,35.149467,-89.94452,4,2025-11-03 16:19:00,2025,11,3,16,19,Monday,16:19,Suspected Serious Injury,Daylight,Clear,Pedestrian,None,MEMPHIS POLICE DEPT,Other,Unbelted,-,-,-,-,-,-,Pedestrian,-,-,-,-,-,Shelby,Memphis,2
23989,301048289,0,2,35.054571,-85.200011,2,2025-11-03 16:00:00,2025,11,3,16,0,Monday,16:00,Suspected Serious Injury,Daylight,Clear,Motor Vehicle-In-Transport On Same Roadway,None,CHATTANOOGA POLICE DEPT,Other,Unbelted,-,-,-,-,-,-,-,-,-,-,-,-,Hamilton,Chattanooga,2
24000,301048358,0,1,35.574703,-89.65195,4,2025-10-04 16:25:00,2025,10,4,16,25,Saturday,16:25,Suspected Serious Injury,Dusk,Clear,Pedestrian,None,COVINGTON POLICE DEPT,Other,Unbelted,-,-,-,-,-,-,Pedestrian,-,-,-,-,-,Tipton,Covington,7
24006,301048400,0,1,35.16806,-89.97571,4,2025-11-03 07:15:00,2025,11,3,7,15,Monday,07:15,Suspected Serious Injury,Dawn,Clear,Pedal-Cycle,None,MEMPHIS POLICE DEPT,Other,-,-,-,-,-,-,Pedalcyclist,-,-,-,-,-,-,Shelby,Memphis,2
24012,301048445,0,1,36.54515,-82.518425,5,2025-11-04 15:50:00,2025,11,4,15,50,Tuesday,15:50,Suspected Serious Injury,Daylight,Clear,Motor Vehicle-In-Transport On Same Roadway,None,KINGSPORT POLICE DEPARTMENT,Other,Unbelted,-,-,-,-,-,-,-,-,-,-,-,-,Sullivan,Kingsport,3
24027,301048552,0,1,36.52702,-87.350942,3,2025-10-22 13:24:53,2025,10,22,13,24,Wednesday,13:24,Suspected Serious Injury,Daylight,Clear,Embankment Earth,None,CLARKSVILLE POLICE DEPT,Other,-,-,-,-,-,-,-,-,-,-,-,Motorcyclist,-,Montgomery,Clarksville,4
24038,301048625,0,3,36.31767,-82.46616,5,2025-11-04 17:44:00,2025,11,4,17,44,Tuesday,17:44,Suspected Serious Injury,Daylight,Clear,Motor Vehicle-In-Transport On Same Roadway,None,JONESBOROUGH POLICE DEPT,Other,Unbelted,-,-,-,-,-,-,-,-,-,-,-,-,Washington,Jonesborough,3
24058,301048731,0,4,35.4509,-84.62345,2,2025-11-05 18:55:00,2025,11,5,18,55,Wednesday,18:55,Suspected Serious Injury,Dark-Not Lighted,Clear,Motor Vehicle-In-Transport On Same Roadway,None,ATHENS POLICE DEPT,Other,Unbelted,-,-,-,-,-,-,-,-,-,-,-,-,McMinn,Athens,4
24065,301048784,1,1,35.37628,-89.922877,4,2025-11-01 03:48:00,2025,11,1,3,48,Saturday,03:48,Fatal,Dark-Not Lighted,Clear,Ditch,None,SHELBY CO SHERIFFS DEPT,Other,Unbelted,-,Drinking,Drug,-,-,-,-,-,-,-,-,-,Shelby,Not in City Limit,7
24086,301048938,0,1,36.520615,-82.518135,5,2025-11-06 17:50:00,2025,11,6,17,50,Thursday,17:50,Suspected Serious Injury,Dusk,Clear,Motor Vehicle-In-Transport On Same Roadway,None,KINGSPORT POLICE DEPARTMENT,Other,Unbelted,-,-,-,-,-,-,-,-,-,-,Motorcyclist,-,Sullivan,Kingsport,5
24113,301049136,1,0,35.111393,-89.9459,4,2025-11-07 18:38:00,2025,11,7,18,38,Friday,18:38,Fatal,Dark-Lighted,Clear,Pedestrian,None,MEMPHIS POLICE DEPT,Other,Unbelted,-,-,-,-,-,-,Pedestrian,-,-,-,-,-,Shelby,Memphis,6
24120,301049159,0,1,36.39722,-82.52756,5,2025-11-07 20:40:00,2025,11,7,20,40,Friday,20:40,Suspected Serious Injury,Dark-Not Lighted,Clear,Ditch,None,WASHINGTON CO SHERIFFS DEPT,Other,Unbelted,-,Drinking,-,Drowsy,-,-,-,-,-,-,-,-,Washington,Not in City Limit,6
24128,301049204,0,2,35.187935,-84.826614,2,2025-11-08 12:16:00,2025,11,8,12,16,Saturday,12:16,Suspected Serious Injury,Daylight,Clear,Motor Vehicle-In-Transport On Same Roadway,None,CLEVELAND POLICE DEPT,Other,Unbelted,-,-,-,-,-,-,-,-,-,-,-,-,Bradley,Cleveland,7
24129,301049205,0,1,35.14287,-90.05234,4,2025-11-07 21:38:00,2025,11,7,21,38,Friday,21:38,Suspected Serious Injury,Dark-Lighted,Clear,Pedestrian,None,MEMPHIS POLICE DEPT,Other,Unbelted,-,-,-,-,-,-,Pedestrian,-,-,-,-,-,Shelby,Memphis,6
24137,301049242,0,1,35.16192,-89.91128,4,2025-11-08 18:45:00,2025,11,8,18,45,Saturday,18:45,Suspected Serious Injury,Dark-Lighted,Clear,Pedestrian,None,MEMPHIS POLICE DEPT,Other,Unbelted,-,-,-,-,-,-,Pedestrian,-,-,-,-,-,Shelby,Memphis,7
24153,301049305,0,1,35.101185,-89.85937,4,2025-11-08 07:45:00,2025,11,8,7,45,Saturday,07:45,Suspected Serious Injury,Daylight,Clear,Motor Vehicle-In-Transport On Same Roadway,None,MEMPHIS POLICE DEPT,Other,Unbelted,-,-,-,-,-,-,-,-,-,-,-,-,Shelby,Memphis,7
24160,301049317,0,3,35.123068,-85.239486,2,2025-11-09 08:13:00,2025,11,9,8,13,Sunday,08:13,Suspected Serious Injury,Daylight,Clear,Motor Vehicle-In-Transport On Same Roadway,None,CHATTANOOGA POLICE DEPT,Other,Unbelted,-,-,-,-,-,-,-,-,-,-,-,-,Hamilton,Chattanooga,1
24163,301049362,1,1,35.14743,-90.02614,4,2025-11-08 17:03:00,2025,11,8,17,3,Saturday,17:03,Fatal,Daylight,Clear,Pedestrian,None,MEMPHIS POLICE DEPT,Other,Unbelted,-,-,Drug,-,Speeding,-,Pedestrian,-,-,-,-,-,Shelby,Memphis,7
24165,301049373,0,3,35.115913,-89.973495,4,2025-11-09 03:30:00,2025,11,9,3,30,Sunday,03:30,Suspected Serious Injury,Dark-Unknown Lighting,Clear,Motor Vehicle-In-Transport On Same Roadway,None,MEMPHIS POLICE DEPT,Other,Unbelted,-,-,-,-,-,-,-,-,-,-,-,-,Shelby,Memphis,1
24170,301049389,0,2,35.02085,-89.96364,4,2025-11-09 00:00:00,2025,11,9,0,0,Sunday,00:00,Suspected Serious Injury,Dark-Lighted,Clear,Motor Vehicle-In-Transport On Same Roadway,None,MEMPHIS POLICE DEPT,Other,Unbelted,-,-,-,-,-,-,-,-,-,ATV_Involved,-,-,Shelby,Memphis,1
24190,301049579,0,1,35.03552,-90.06169,4,2025-11-09 18:47:00,2025,11,9,18,47,Sunday,18:47,Suspected Serious Injury,Dark-Lighted,Clear,Motor Vehicle-In-Transport On Same Roadway,None,MEMPHIS POLICE DEPT,Other,Unbelted,-,-,-,-,-,-,-,-,-,-,-,-,Shelby,Memphis,1
24213,301049742,0,3,36.571313,-87.303663,3,2025-11-09 17:28:40,2025,11,9,17,28,Sunday,17:28,Suspected Serious Injury,Dark-Lighted,Clear,Motor Vehicle-In-Transport On Same Roadway,None,CLARKSVILLE POLICE DEPT,Other,Unbelted,-,Drinking,-,-,-,-,-,-,-,-,-,-,Montgomery,Clarksville,1
24243,301049932,0,2,35.149127,-85.205491,2,2025-11-12 18:35:00,2025,11,12,18,35,Wednesday,18:35,Suspected Serious Injury,Dark-Lighted,Clear,Motor Vehicle-In-Transport On Same Roadway,None,CHATTANOOGA POLICE DEPT,Other,Unbelted,-,-,-,-,-,-,-,-,-,-,-,-,Hamilton,Chattanooga,4
24247,301049951,0,2,35.020479,-85.286715,2,2025-11-13 05:53:00,2025,11,13,5,53,Thursday,05:53,Suspected Serious Injury,Dark-Lighted,Clear,Motor Vehicle-In-Transport On Same Roadway,None,CHATTANOOGA POLICE DEPT,Other,Unbelted,-,-,-,-,-,-,-,-,-,-,-,-,Hamilton,Chattanooga,5
24248,301049959,0,1,35.346634,-89.8841,4,2025-11-09 08:10:00,2025,11,9,8,10,Sunday,08:10,Suspected Serious Injury,Daylight,Clear,Other Fixed Object,None,MILLINGTON POLICE DEPT,Other,Unbelted,-,-,-,-,-,-,-,-,-,-,-,-,Shelby,Millington,1
24252,301049982,1,0,35.086807,-89.93405,4,2025-11-13 05:15:00,2025,11,13,5,15,Thursday,05:15,Fatal,Dark-Lighted,Clear,Pedal-Cycle,None,MEMPHIS POLICE DEPT,Other,-,-,-,-,-,-,Pedalcyclist,-,-,-,-,-,-,Shelby,Memphis,5
24272,301050117,0,2,35.185734,-89.81326,4,2025-11-13 19:02:00,2025,11,13,19,2,Thursday,19:02,Suspected Serious Injury,Dark-Not Lighted,Clear,Motor Vehicle-In-Transport On Same Roadway,None,MEMPHIS POLICE DEPT,Other,Unbelted,-,-,-,-,-,-,-,-,-,-,-,-,Shelby,Memphis,5
24292,301050226,0,1,35.037216,-85.310234,2,2025-11-14 07:50:00,2025,11,14,7,50,Friday,07:50,Suspected Serious Injury,Daylight,Clear,Pedestrian,None,CHATTANOOGA POLICE DEPT,Other,Unbelted,-,-,-,-,-,-,Pedestrian,-,-,-,-,-,Hamilton,Chattanooga,6
24293,301050227,0,1,35.083417,-85.204012,2,2025-11-13 14:22:00,2025,11,13,14,22,Thursday,14:22,Suspected Serious Injury,Daylight,Clear,Motor Vehicle-In-Transport On Same Roadway,None,CHATTANOOGA POLICE DEPT,Other,Unbelted,-,-,-,-,-,-,-,-,-,-,Motorcyclist,-,Hamilton,Chattanooga,5
24298,301050259,0,2,35.157528,-89.795105,4,2025-11-14 10:39:00,2025,11,14,10,39,Friday,10:39,Suspected Serious Injury,Daylight,Clear,Motor Vehicle-In-Transport On Same Roadway,None,MEMPHIS POLICE DEPT,Other,Unbelted,-,-,-,-,-,-,-,-,-,-,-,-,Shelby,Memphis,6
24311,301050332,0,1,35.02669,-85.1748,2,2025-11-14 21:00:00,2025,11,14,21,0,Friday,21:00,Suspected Serious Injury,Dark-Not Lighted,Clear,Unknown,None,CHATTANOOGA POLICE DEPT,Other,-,-,-,-,-,-,-,-,-,-,-,Motorcyclist,-,Hamilton,Chattanooga,6
24312,301050333,0,1,36.51178,-82.433136,5,2025-11-14 19:43:00,2025,11,14,19,43,Friday,19:43,Suspected Serious Injury,Dark-Lighted,Clear,Unknown,None,KINGSPORT POLICE DEPARTMENT,Other,Unbelted,-,Drinking,-,-,-,-,-,-,-,-,-,-,Sullivan,Kingsport,6
24315,301050345,1,3,35.197773,-90.00776,4,2025-11-14 22:49:00,2025,11,14,22,49,Friday,22:49,Fatal,Dark-Lighted,Clear,Motor Vehicle-In-Transport On Same Roadway,None,MEMPHIS POLICE DEPT,Other,Unbelted,-,Drinking,Drug,-,Speeding,-,-,-,-,-,-,-,Shelby,Memphis,6
24318,301050365,0,2,35.056496,-90.1045,4,2025-11-12 14:00:00,2025,11,12,14,0,Wednesday,14:00,Suspected Serious Injury,Daylight,Clear,Motor Vehicle-In-Transport On Same Roadway,None,MEMPHIS POLICE DEPT,Other,Unbelted,-,-,-,-,-,-,-,-,-,-,-,-,Shelby,Memphis,4
24335,301050462,0,2,35.17857,-89.8363,4,2025-11-15 17:09:00,2025,11,15,17,9,Saturday,17:09,Suspected Serious Injury,Dark-Lighted,Clear,Motor Vehicle-In-Transport On Same Roadway,None,MEMPHIS POLICE DEPT,Other,Unbelted,-,-,-,-,-,-,-,-,-,-,Motorcyclist,-,Shelby,Memphis,7
24341,301050488,0,1,35.012027,-85.186655,2,2025-11-15 18:00:00,2025,11,15,18,0,Saturday,18:00,Suspected Serious Injury,Dark-Not Lighted,Clear,Motor Vehicle-In-Transport On Same Roadway,None,CHATTANOOGA POLICE DEPT,Other,Unbelted,-,-,-,-,Speeding,-,-,-,-,-,-,-,Hamilton,Chattanooga,7
24350,301050527,0,2,35.180798,-89.8595,4,2025-11-15 10:48:00,2025,11,15,10,48,Saturday,10:48,Suspected Serious Injury,Daylight,Clear,Motor Vehicle-In-Transport On Same Roadway,None,MEMPHIS POLICE DEPT,Other,Unbelted,-,-,-,-,-,-,-,-,-,-,-,-,Shelby,Memphis,7
24352,301050532,1,0,35.182857,-89.856219,4,2025-11-15 09:00:00,2025,11,15,9,0,Saturday,09:00,Fatal,Daylight,Clear,Pedestrian,None,MEMPHIS POLICE DEPT,Other,Unbelted,-,-,-,-,-,-,Pedestrian,-,-,-,-,-,Shelby,Memphis,7
24367,301050603,0,1,35.053898,-90.01333,4,2025-11-16 17:20:00,2025,11,16,17,20,Sunday,17:20,Suspected Serious Injury,Dark-Lighted,Clear,Motor Vehicle-In-Transport On Same Roadway,None,MEMPHIS POLICE DEPT,Other,Unbelted,-,-,-,-,-,-,-,-,-,-,-,-,Shelby,Memphis,1
24375,301050619,1,0,35.135696,-90.00856,4,2025-11-16 21:23:00,2025,11,16,21,23,Sunday,21:23,Fatal,Dark-Not Lighted,Clear,Pedestrian,None,MEMPHIS POLICE DEPT,Other,Unbelted,-,-,Drug,-,-,-,Pedestrian,-,-,-,-,-,Shelby,Memphis,1
24376,301050622,0,4,35.01457,-85.314506,2,2025-11-17 00:00:00,2025,11,17,24,0,Monday,24:00,Suspected Serious Injury,Unknown,Clear,Utility Pole,None,CHATTANOOGA POLICE DEPT,Other,Unbelted,-,-,-,-,-,-,-,-,-,-,-,-,Hamilton,Chattanooga,2
24378,301050627,0,1,35.754511,-84.441037,1,2025-11-12 19:35:00,2025,11,12,19,35,Wednesday,19:35,Suspected Serious Injury,Dark-Not Lighted,Clear,Curb,None,KINGSTON POLICE DEPT,Other,-,-,-,-,-,-,-,-,-,-,-,Motorcyclist,-,Roane,Kingston,4
24404,301050826,0,1,35.1069,-90.02119,4,2025-11-16 16:30:00,2025,11,16,16,30,Sunday,16:30,Suspected Serious Injury,Daylight,Clear,Pedestrian,None,MEMPHIS POLICE DEPT,Other,Unbelted,-,-,-,-,-,-,Pedestrian,-,-,-,-,-,Shelby,Memphis,1
24420,301050918,0,1,36.564545,-87.312867,3,2025-11-17 18:11:40,2025,11,17,18,11,Monday,18:11,Suspected Serious Injury,Dark-Not Lighted,Clear,Pedestrian,None,CLARKSVILLE POLICE DEPT,Other,Unbelted,-,-,-,-,-,-,Pedestrian,-,-,-,-,-,Montgomery,Clarksville,2
24436,301050997,0,2,35.106483,-89.98698,4,2025-11-18 17:25:00,2025,11,18,17,25,Tuesday,17:25,Suspected Serious Injury,Dark-Lighted,Clear,Motor Vehicle-In-Transport On Same Roadway,None,MEMPHIS POLICE DEPT,Other,Unbelted,-,-,-,-,-,-,-,-,-,-,-,-,Shelby,Memphis,3
24484,301051263,0,1,36.17723,-82.78657,5,2025-11-19 20:11:00,2025,11,19,20,11,Wednesday,20:11,Suspected Serious Injury,Dark-Lighted,Clear,Motor Vehicle-In-Transport On Same Roadway,None,GREENEVILLE POLICE DEPT,Other,Unbelted,-,-,-,-,-,-,-,-,-,-,-,-,Greene,Greeneville,4
24487,301051272,0,1,36.15304,-82.6021,5,2025-11-19 21:45:00,2025,11,19,21,45,Wednesday,21:45,Suspected Serious Injury,Dark-Not Lighted,Clear,Culvert,None,WASHINGTON CO SHERIFFS DEPT,Other,Unbelted,-,-,-,Drowsy,Speeding,-,-,-,-,-,-,-,Washington,Not in City Limit,4
24502,301051394,0,2,36.35726,-82.59988,5,2025-11-20 07:45:00,2025,11,20,7,45,Thursday,07:45,Suspected Serious Injury,Daylight,Fog,Motor Vehicle-In-Transport On Same Roadway,None,WASHINGTON CO SHERIFFS DEPT,Other,Unbelted,-,-,-,-,-,-,-,-,-,-,-,-,Washington,Not in City Limit,5
24517,301051473,0,1,35.220684,-89.89256,4,2025-11-20 18:47:00,2025,11,20,18,47,Thursday,18:47,Suspected Serious Injury,Dark-Lighted,Fog,Pedestrian,None,MEMPHIS POLICE DEPT,Other,-,-,-,-,-,-,-,Pedestrian,-,-,-,-,-,Shelby,Memphis,5
24574,301051763,0,1,35.020836,-90.075714,4,2025-11-21 04:19:00,2025,11,21,4,19,Friday,04:19,Suspected Serious Injury,Dark-Lighted,Rain,Curb,None,MEMPHIS POLICE DEPT,Other,Unbelted,Distracted,-,-,-,-,-,-,-,-,-,-,-,Shelby,Memphis,6
24576,301051770,0,1,36.356895,-82.619804,5,2025-11-21 14:09:00,2025,11,21,14,9,Friday,14:09,Suspected Serious Injury,Daylight,Rain,Deer,None,WASHINGTON CO SHERIFFS DEPT,Other,Unbelted,-,-,-,-,-,-,-,-,-,-,-,-,Washington,Not in City Limit,6
24578,301051801,0,4,35.211243,-90.003685,4,2025-11-21 08:44:00,2025,11,21,8,44,Friday,08:44,Suspected Serious Injury,Daylight,Rain,Motor Vehicle-In-Transport On Same Roadway,None,MEMPHIS POLICE DEPT,Other,Unbelted,-,-,-,-,-,-,Pedestrian,-,-,-,-,-,Shelby,Memphis,6
24608,301051924,0,1,35.344902,-89.90651,4,2025-11-18 17:21:00,2025,11,18,17,21,Tuesday,17:21,Suspected Serious Injury,Daylight,Clear,Motor Vehicle-In-Transport On Same Roadway,None,MILLINGTON POLICE DEPT,Other,Unbelted,-,-,-,-,-,-,-,-,-,-,Motorcyclist,-,Shelby,Millington,3
24623,301051994,0,1,35.462871,-84.644842,2,2025-11-23 16:13:00,2025,11,23,16,13,Sunday,16:13,Suspected Serious Injury,Daylight,Clear,Motor Vehicle-In-Transport On Same Roadway,None,ATHENS POLICE DEPT,Other,Unbelted,-,-,-,-,-,-,-,-,-,-,Motorcyclist,-,McMinn,Athens,1
24642,301052089,0,1,36.588348,-87.413836,3,2025-11-18 06:05:23,2025,11,18,6,5,Tuesday,06:05,Suspected Serious Injury,Dark-Unknown Lighting,Cloudy,Motor Vehicle-In-Transport On Same Roadway,None,CLARKSVILLE POLICE DEPT,Other,Unbelted,-,-,Drug,-,-,-,-,-,-,ATV_Involved,-,-,Montgomery,Clarksville,3
24659,301052205,1,0,35.138255,-85.24776,2,2025-11-22 20:30:00,2025,11,22,20,30,Saturday,20:30,Fatal,Dark-Lighted,Clear,Motor Vehicle-In-Transport On Same Roadway,None,CHATTANOOGA POLICE DEPT,Other,Unbelted,-,-,Drug,-,-,-,-,-,-,-,Motorcyclist,-,Hamilton,Chattanooga,7
24696,301052486,0,2,35.045734,-85.310455,2,2025-11-25 18:07:00,2025,11,25,18,7,Tuesday,18:07,Suspected Serious Injury,Dark-Lighted,Rain,Motor Vehicle-In-Transport On Same Roadway,None,CHATTANOOGA POLICE DEPT,Other,Unbelted,-,-,-,-,-,-,-,-,-,-,-,-,Hamilton,Chattanooga,3
24713,301052594,1,2,35.074295,-90.00193,4,2025-11-26 05:37:00,2025,11,26,5,37,Wednesday,05:37,Fatal,Dark-Lighted,Clear,Motor Vehicle-In-Transport On Same Roadway,None,MEMPHIS POLICE DEPT,Other,Unbelted,-,-,-,-,-,-,Pedestrian,-,-,ATV_Involved,-,-,Shelby,Memphis,4
24716,301052627,0,1,36.603427,-87.350102,3,2025-11-26 02:00:52,2025,11,26,2,0,Wednesday,02:00,Suspected Serious Injury,Dark-Not Lighted,Clear,Embankment Earth,None,CLARKSVILLE POLICE DEPT,Other,-,-,-,-,-,-,-,-,-,-,-,Motorcyclist,-,Montgomery,Clarksville,4
24722,301052657,0,3,35.562454,-89.65058,4,2025-11-21 13:05:00,2025,11,21,13,5,Friday,13:05,Suspected Serious Injury,Daylight,Rain,Motor Vehicle-In-Transport On Same Roadway,None,COVINGTON POLICE DEPT,Other,Unbelted,-,-,-,-,-,-,-,-,-,-,-,-,Tipton,Covington,6
24733,301052730,0,4,35.189903,-89.83618,4,2025-11-26 19:53:00,2025,11,26,19,53,Wednesday,19:53,Suspected Serious Injury,Dark-Lighted,Clear,Motor Vehicle-In-Transport On Same Roadway,None,MEMPHIS POLICE DEPT,Other,Unbelted,-,-,-,-,-,-,-,-,-,-,-,-,Shelby,Memphis,4
24740,301052757,0,3,36.559628,-82.586,5,2025-11-27 01:16:00,2025,11,27,1,16,Thursday,01:16,Suspected Serious Injury,Dark-Lighted,Clear,Utility Pole,None,KINGSPORT POLICE DEPARTMENT,Other,Unbelted,-,Drinking,-,-,Speeding,-,-,-,-,-,-,-,Sullivan,Kingsport,5
24742,301052769,0,1,35.200716,-89.657495,4,2025-11-23 15:35:00,2025,11,23,15,35,Sunday,15:35,Suspected Serious Injury,Daylight,Clear,Standing Tree,None,SHELBY CO SHERIFFS DEPT,Other,-,-,-,-,-,-,-,-,-,-,-,Motorcyclist,-,Shelby,Not in City Limit,1
24744,301052782,0,2,35.188236,-84.828514,2,2025-11-26 14:25:00,2025,11,26,14,25,Wednesday,14:25,Suspected Serious Injury,Daylight,Clear,Motor Vehicle-In-Transport On Same Roadway,None,CLEVELAND POLICE DEPT,Other,Unbelted,-,-,-,-,-,-,-,-,-,-,-,-,Bradley,Cleveland,4
24754,301052842,0,2,35.24956,-89.92802,4,2025-11-27 18:56:00,2025,11,27,18,56,Thursday,18:56,Suspected Serious Injury,Dark-Lighted,Clear,Standing Tree,None,MEMPHIS POLICE DEPT,Other,Unbelted,-,-,-,-,-,-,-,-,-,-,-,-,Shelby,Memphis,5
24769,301052908,0,1,35.028694,-89.64639,4,2025-11-28 11:14:00,2025,11,28,11,14,Friday,11:14,Suspected Serious Injury,Daylight,Clear,Wall,None,MEMPHIS POLICE DEPT,Other,Unbelted,-,-,-,-,-,-,-,-,-,-,-,-,Shelby,Memphis,6
24782,301052976,1,0,35.14359,-90.027725,4,2025-11-28 22:33:00,2025,11,28,22,33,Friday,22:33,Fatal,Dark-Lighted,Clear,Curb,None,MEMPHIS POLICE DEPT,Other,-,-,-,-,-,-,-,-,-,-,-,-,-,Shelby,Memphis,6