OBJECTID,MRN,Fatality,Injury,Latitude,Longitude,THP_District,Collision_Date,Collision_Year,Collision_Month,Collision_Day,Collision_Hour,Collision_Min,Collision_DOW,Collision_Time,Crash_Type,Light_Condition,Weather,First_Harmfu_Event,Work_Zone_Type,Agency_Name,THP,Unbelted,Distracted_Driver,Driver_Drinking,Driver_Drugged,Drowsy_Driver,Speeding_Involved,Pedalcyclist,Pedestrian,Other_Nonmotorist,ATV_Involved,LargeTruck_Involved,Motorcycle_Involved,SchoolBus,County,City,DOW_Nmb
24798,301053060,0,2,35.232937,-89.915016,4,2025-11-29 19:30:00,2025,11,29,19,30,Saturday,19:30,Suspected Serious Injury,Dark-Lighted,Rain,Standing Tree,None,MEMPHIS POLICE DEPT,Other,Unbelted,-,-,-,-,-,-,-,-,-,-,-,-,Shelby,Memphis,7
24804,301053102,0,1,35.244102,-90.00605,4,2025-11-30 00:00:00,2025,11,30,24,0,Sunday,24:00,Suspected Serious Injury,Unknown,Unknown,Pedestrian,None,MEMPHIS POLICE DEPT,Other,-,-,-,-,-,-,-,Pedestrian,-,-,-,-,-,Shelby,Memphis,1
24805,301053116,0,1,35.091557,-89.94945,4,2025-11-30 11:40:00,2025,11,30,11,40,Sunday,11:40,Suspected Serious Injury,Daylight,Clear,Pedestrian,None,MEMPHIS POLICE DEPT,Other,Unbelted,-,-,-,-,-,-,Pedestrian,-,-,-,-,-,Shelby,Memphis,1
24811,301053148,0,2,35.052796,-85.314845,2,2025-11-30 16:05:00,2025,11,30,16,5,Sunday,16:05,Suspected Serious Injury,Daylight,Rain,Motor Vehicle-In-Transport On Same Roadway,None,CHATTANOOGA POLICE DEPT,Other,Unbelted,-,-,-,-,-,-,-,-,-,-,-,-,Hamilton,Chattanooga,1
24821,301053200,0,1,36.19491,-82.76055,5,2025-11-30 18:30:00,2025,11,30,18,30,Sunday,18:30,Suspected Serious Injury,Dark-Not Lighted,Rain,Motor Vehicle-In-Transport On Same Roadway,None,GREENEVILLE POLICE DEPT,Other,Unbelted,-,-,-,-,-,-,-,-,-,-,-,-,Greene,Greeneville,1
24822,301053203,0,1,35.13471,-89.84028,4,2025-11-30 23:00:00,2025,11,30,23,0,Sunday,23:00,Suspected Serious Injury,Dark-Not Lighted,Clear,Motor Vehicle-In-Transport On Same Roadway,None,MEMPHIS POLICE DEPT,Other,Unbelted,-,-,-,-,-,-,-,-,-,-,-,-,Shelby,Memphis,1
24832,301053246,0,3,36.187664,-82.7595,5,2025-11-26 16:47:00,2025,11,26,16,47,Wednesday,16:47,Suspected Serious Injury,Daylight,Clear,Motor Vehicle-In-Transport On Same Roadway,None,GREENEVILLE POLICE DEPT,Other,Unbelted,-,-,-,-,-,-,-,-,-,-,-,-,Greene,Greeneville,4
24836,301053274,1,1,36.501618,-87.309033,3,2025-11-13 09:03:00,2025,11,13,9,3,Thursday,09:03,Fatal,Daylight,Clear,Motor Vehicle-In-Transport On Same Roadway,None,CLARKSVILLE POLICE DEPT,Other,Unbelted,Distracted,-,-,-,-,-,-,-,-,ATV_Involved,-,-,Montgomery,Clarksville,5
24839,301053286,0,1,35.160122,-89.72758,4,2025-11-29 21:30:00,2025,11,29,21,30,Saturday,21:30,Suspected Serious Injury,Dark-Not Lighted,Rain,Motor Vehicle-In-Transport On Same Roadway,None,SHELBY CO SHERIFFS DEPT,Other,Unbelted,-,-,-,-,-,-,-,-,-,-,-,-,Shelby,Not in City Limit,7
24885,301053597,0,1,35.035587,-89.96668,4,2025-12-03 00:00:00,2025,12,3,0,0,Wednesday,00:00,Suspected Serious Injury,Dark-Not Lighted,Clear,Utility Pole,None,MEMPHIS POLICE DEPT,Other,Unbelted,-,-,-,-,-,-,-,-,-,-,-,-,Shelby,Memphis,4
24914,301053763,1,0,36.545479,-87.374218,3,2025-11-22 00:08:00,2025,11,22,0,8,Saturday,00:08,Fatal,Dark-Not Lighted,Fog,Pedestrian,None,CLARKSVILLE POLICE DEPT,Other,Unbelted,-,-,-,-,-,-,Pedestrian,-,-,-,-,-,Montgomery,Clarksville,7
24915,301053766,0,2,35.204634,-89.864214,4,2025-11-30 00:05:00,2025,11,30,0,5,Sunday,00:05,Suspected Serious Injury,Dark-Lighted,Rain,Motor Vehicle-In-Transport On Same Roadway,None,BARTLETT POLICE DEPT,Other,Unbelted,-,Drinking,-,-,-,-,-,-,-,-,-,-,Shelby,Bartlett,1
24929,301053863,1,0,36.540971,-87.365671,3,2025-11-22 20:40:00,2025,11,22,20,40,Saturday,20:40,Fatal,Dark-Lighted,Cloudy,Pedestrian,None,CLARKSVILLE POLICE DEPT,Other,Unbelted,-,-,-,-,-,-,Pedestrian,-,-,-,-,-,Montgomery,Clarksville,7
24933,301053880,0,1,35.027894,-89.796275,4,2025-12-02 18:27:00,2025,12,2,18,27,Tuesday,18:27,Suspected Serious Injury,Dark-Not Lighted,Clear,Utility Pole,None,SHELBY CO SHERIFFS DEPT,Other,Unbelted,-,-,-,-,-,-,-,-,-,-,-,-,Shelby,Not in City Limit,3
24954,301053991,0,1,35.054268,-90.024994,4,2025-12-04 15:40:00,2025,12,4,15,40,Thursday,15:40,Suspected Serious Injury,Daylight,Rain,Pedestrian,None,MEMPHIS POLICE DEPT,Other,Unbelted,-,-,-,-,-,-,Pedestrian,-,-,-,-,-,Shelby,Memphis,5
24955,301053999,0,1,35.227028,-90.02816,4,2025-12-04 16:29:00,2025,12,4,16,29,Thursday,16:29,Suspected Serious Injury,Daylight,Rain,Utility Pole,None,MEMPHIS POLICE DEPT,Other,Unbelted,-,-,-,-,-,-,-,-,-,-,-,-,Shelby,Memphis,5
24959,301054028,0,3,35.190384,-89.95643,4,2025-12-04 19:03:00,2025,12,4,19,3,Thursday,19:03,Suspected Serious Injury,Dark-Lighted,Rain,Motor Vehicle-In-Transport On Same Roadway,None,MEMPHIS POLICE DEPT,Other,Unbelted,-,-,-,-,-,-,-,-,-,-,-,-,Shelby,Memphis,5
24971,301054121,1,0,35.437781,-84.600581,2,2025-12-04 17:25:00,2025,12,4,17,25,Thursday,17:25,Fatal,Dusk,Cloudy,Curb,None,ATHENS POLICE DEPT,Other,Unbelted,-,-,-,-,-,-,-,-,-,-,-,-,McMinn,Athens,5
24975,301054140,0,4,36.255535,-82.58706,5,2025-12-05 11:40:00,2025,12,5,11,40,Friday,11:40,Suspected Serious Injury,Daylight,Rain,Motor Vehicle-In-Transport On Same Roadway,None,WASHINGTON CO SHERIFFS DEPT,Other,Unbelted,-,-,-,-,-,-,-,-,-,-,-,-,Washington,Limestone,6
24984,301054197,0,3,35.078435,-85.246807,2,2025-12-05 15:25:00,2025,12,5,15,25,Friday,15:25,Suspected Serious Injury,Daylight,Rain,Motor Vehicle-In-Transport On Same Roadway,None,CHATTANOOGA POLICE DEPT,Other,Unbelted,-,-,-,-,-,-,-,-,-,-,-,-,Hamilton,Chattanooga,6
24992,301054243,0,1,35.225365,-90.0149,4,2025-12-05 15:30:00,2025,12,5,15,30,Friday,15:30,Suspected Serious Injury,Daylight,Clear,Pedestrian,None,MEMPHIS POLICE DEPT,Other,Unbelted,-,-,-,-,-,-,Pedestrian,-,-,-,-,-,Shelby,Memphis,6
24997,301054261,0,2,35.013214,-89.98987,4,2025-12-05 05:05:00,2025,12,5,5,5,Friday,05:05,Suspected Serious Injury,Dark-Lighted,Clear,Motor Vehicle-In-Transport On Same Roadway,None,MEMPHIS POLICE DEPT,Other,Unbelted,-,Drinking,-,-,-,-,-,-,-,ATV_Involved,-,-,Shelby,Memphis,6
25023,301054416,0,1,35.17183,-89.80911,4,2025-12-07 04:50:00,2025,12,7,4,50,Sunday,04:50,Suspected Serious Injury,Dark-Not Lighted,Clear,Ditch,None,MEMPHIS POLICE DEPT,Other,Unbelted,-,-,-,-,-,-,-,-,-,-,-,-,Shelby,Memphis,1
25059,301054620,0,2,35.183506,-84.82906,2,2025-12-08 06:52:00,2025,12,8,6,52,Monday,06:52,Suspected Serious Injury,Dark-Not Lighted,Cloudy,Motor Vehicle-In-Transport On Same Roadway,None,CLEVELAND POLICE DEPT,Other,Unbelted,-,-,-,Drowsy,-,-,-,-,-,-,-,-,Bradley,Cleveland,2
25068,301054693,0,1,35.135834,-90.00624,4,2025-12-08 14:30:00,2025,12,8,14,30,Monday,14:30,Suspected Serious Injury,Daylight,Clear,Pedal-Cycle,None,MEMPHIS POLICE DEPT,Other,Unbelted,-,-,-,-,-,Pedalcyclist,-,-,-,ATV_Involved,-,-,Shelby,Memphis,2
25080,301054747,0,1,36.624868,-87.432803,3,2025-12-07 18:11:10,2025,12,7,18,11,Sunday,18:11,Suspected Serious Injury,Dark-Not Lighted,Cloudy,Motor Vehicle-In-Transport On Same Roadway,None,CLARKSVILLE POLICE DEPT,Other,Unbelted,-,-,-,-,-,-,-,-,-,-,Motorcyclist,-,Montgomery,Clarksville,1
25086,301054831,0,2,36.228237,-82.44811,5,2025-12-08 07:12:00,2025,12,8,7,12,Monday,07:12,Suspected Serious Injury,Daylight,Rain,Motor Vehicle-In-Transport On Same Roadway,None,WASHINGTON CO SHERIFFS DEPT,Other,Unbelted,-,-,-,-,-,-,-,-,-,-,-,-,Washington,Jonesborough,2
25094,301054868,0,3,35.086548,-85.178342,2,2025-12-09 15:13:00,2025,12,9,15,13,Tuesday,15:13,Suspected Serious Injury,Daylight,Clear,Motor Vehicle-In-Transport On Same Roadway,None,CHATTANOOGA POLICE DEPT,Other,Unbelted,-,Drinking,Drug,-,-,-,-,-,-,-,-,-,Hamilton,Chattanooga,3
25103,301054931,0,2,35.078228,-89.88507,4,2025-12-09 15:45:00,2025,12,9,15,45,Tuesday,15:45,Suspected Serious Injury,Daylight,Clear,Motor Vehicle-In-Transport On Same Roadway,None,MEMPHIS POLICE DEPT,Other,Unbelted,-,Drinking,-,-,-,-,-,-,-,ATV_Involved,-,-,Shelby,Memphis,3
25127,301055054,0,1,35.20884,-90.023155,4,2025-12-10 12:10:00,2025,12,10,12,10,Wednesday,12:10,Suspected Serious Injury,Daylight,Clear,Pedestrian,None,MEMPHIS POLICE DEPT,Other,-,-,-,-,-,-,-,Pedestrian,-,-,-,-,-,Shelby,Memphis,4
25151,301055232,0,1,35.130814,-89.898476,4,2025-12-11 07:05:00,2025,12,11,7,5,Thursday,07:05,Suspected Serious Injury,Daylight,Clear,Utility Pole,None,MEMPHIS POLICE DEPT,Other,Unbelted,-,Drinking,-,-,-,-,-,-,-,-,-,-,Shelby,Memphis,5
25165,301055319,1,0,35.02042,-89.82671,4,2025-12-11 18:50:00,2025,12,11,18,50,Thursday,18:50,Fatal,Daylight,Clear,Pedestrian,None,MEMPHIS POLICE DEPT,Other,Unbelted,-,-,-,-,-,-,Pedestrian,-,-,-,-,-,Shelby,Memphis,5
25168,301055327,0,1,35.101883,-89.87028,4,2025-12-11 13:47:00,2025,12,11,13,47,Thursday,13:47,Suspected Serious Injury,Daylight,Clear,Guard Rail Face,None,MEMPHIS POLICE DEPT,Other,Unbelted,-,-,-,-,-,-,-,-,-,ATV_Involved,-,-,Shelby,Memphis,5
25211,301055563,0,1,35.128468,-84.89066,2,2025-12-13 13:03:00,2025,12,13,13,3,Saturday,13:03,Suspected Serious Injury,Daylight,Clear,Pedestrian,None,CLEVELAND POLICE DEPT,Other,Unbelted,-,-,-,-,-,-,Pedestrian,-,-,-,-,-,Bradley,Cleveland,7
25221,301055620,0,1,35.046189,-85.200133,2,2025-12-13 13:00:00,2025,12,13,13,0,Saturday,13:00,Suspected Serious Injury,Daylight,Clear,Pedal-Cycle,None,CHATTANOOGA POLICE DEPT,Other,Unbelted,-,-,-,-,-,Pedalcyclist,-,-,-,-,-,-,Hamilton,Chattanooga,7
25246,301055759,0,1,35.217113,-89.989784,4,2025-12-13 22:25:00,2025,12,13,22,25,Saturday,22:25,Suspected Serious Injury,Dark-Lighted,Clear,Motor Vehicle-In-Transport On Same Roadway,None,MEMPHIS POLICE DEPT,Other,Unbelted,-,-,-,-,-,-,-,-,-,-,-,-,Shelby,Memphis,7
25271,301055955,1,0,35.010757,-85.22203,2,2025-12-13 18:30:00,2025,12,13,18,30,Saturday,18:30,Fatal,Dark-Not Lighted,Clear,Pedestrian,None,CHATTANOOGA POLICE DEPT,Other,Unbelted,-,-,-,-,-,-,Pedestrian,-,-,-,-,-,Hamilton,Chattanooga,7
25273,301055990,1,0,35.020514,-90.126269,4,2025-12-15 20:35:00,2025,12,15,20,35,Monday,20:35,Fatal,Dark-Not Lighted,Clear,Railway Train,None,MEMPHIS POLICE DEPT,Other,Unbelted,-,Drinking,-,Drowsy,-,-,-,-,-,-,-,-,Shelby,Memphis,2
25303,301056160,1,0,35.000644,-85.29202,2,2025-12-13 18:00:00,2025,12,13,18,0,Saturday,18:00,Fatal,Dark-Lighted,Clear,Other Non-Collision,None,CHATTANOOGA POLICE DEPT,Other,Unbelted,-,-,-,-,-,-,Pedestrian,-,-,-,-,-,Hamilton,Chattanooga,7
25334,301056397,0,5,35.034227,-89.795839,4,2025-12-15 12:59:00,2025,12,15,12,59,Monday,12:59,Suspected Serious Injury,Daylight,Clear,Motor Vehicle-In-Transport On Same Roadway,None,SHELBY CO SHERIFFS DEPT,Other,Unbelted,-,-,-,-,-,-,-,-,-,-,-,-,Shelby,Not in City Limit,2
25365,301056597,0,2,35.18509,-89.73133,4,2025-12-07 17:48:00,2025,12,7,17,48,Sunday,17:48,Suspected Serious Injury,Dark-Lighted,Clear,Motor Vehicle-In-Transport On Same Roadway,None,SHELBY CO SHERIFFS DEPT,Other,Unbelted,-,-,-,-,-,-,-,-,-,-,-,-,Shelby,Not in City Limit,1
25375,301056642,0,1,35.082966,-90.01901,4,2025-12-18 14:00:00,2025,12,18,14,0,Thursday,14:00,Suspected Serious Injury,Daylight,Rain,Motor Vehicle-In-Transport On Same Roadway,None,MEMPHIS POLICE DEPT,Other,Unbelted,-,-,-,-,-,-,-,-,-,-,-,-,Shelby,Memphis,5
25377,301056658,0,2,35.134594,-89.99443,4,2025-12-18 17:09:00,2025,12,18,17,9,Thursday,17:09,Suspected Serious Injury,Dark-Lighted,Rain,Motor Vehicle-In-Transport On Same Roadway,None,MEMPHIS POLICE DEPT,Other,Unbelted,-,-,-,-,-,-,-,-,-,-,-,-,Shelby,Memphis,5
25391,301056749,0,2,35.149713,-85.207802,2,2025-12-19 17:01:00,2025,12,19,17,1,Friday,17:01,Suspected Serious Injury,Daylight,Clear,Motor Vehicle-In-Transport On Same Roadway,None,CHATTANOOGA POLICE DEPT,Other,Unbelted,-,-,-,-,-,-,-,-,-,-,-,-,Hamilton,Chattanooga,6
25396,301056781,0,3,35.163914,-89.865364,4,2025-12-17 21:50:00,2025,12,17,21,50,Wednesday,21:50,Suspected Serious Injury,Dark-Lighted,Clear,Motor Vehicle-In-Transport On Same Roadway,None,MEMPHIS POLICE DEPT,Other,Unbelted,-,-,-,-,-,-,-,-,-,-,-,-,Shelby,Memphis,4
25408,301056869,0,3,36.333355,-82.402695,5,2025-12-20 10:04:00,2025,12,20,10,4,Saturday,10:04,Suspected Serious Injury,Daylight,Clear,Motor Vehicle-In-Transport On Same Roadway,None,JOHNSON CITY POLICE DEPT,Other,Unbelted,-,-,-,-,-,-,-,-,-,-,-,-,Washington,Johnson City,7
25419,301056911,0,2,34.984467,-85.286802,2,2025-12-20 16:33:00,2025,12,20,16,33,Saturday,16:33,Suspected Serious Injury,Daylight,Clear,Concrete Traffic Barrier,None,CHATTANOOGA POLICE DEPT,Other,Unbelted,-,Drinking,Drug,-,-,-,-,-,-,-,-,-,Hamilton,Chattanooga,7
25444,301057030,0,2,35.07498,-89.861725,4,2025-12-21 16:15:00,2025,12,21,16,15,Sunday,16:15,Suspected Serious Injury,Daylight,Clear,Motor Vehicle-In-Transport On Same Roadway,None,MEMPHIS POLICE DEPT,Other,Unbelted,-,-,-,-,Speeding,-,-,-,-,-,Motorcyclist,-,Shelby,Memphis,1
25450,301057062,0,3,35.067165,-89.93123,4,2025-12-21 19:00:00,2025,12,21,19,0,Sunday,19:00,Suspected Serious Injury,Dark-Lighted,Clear,Motor Vehicle-In-Transport On Same Roadway,None,MEMPHIS POLICE DEPT,Other,Unbelted,-,-,-,-,-,-,-,-,-,-,-,-,Shelby,Memphis,1
25458,301057091,0,1,35.143856,-90.03177,4,2025-12-21 18:10:00,2025,12,21,18,10,Sunday,18:10,Suspected Serious Injury,Dark-Lighted,Clear,Pedestrian,None,MEMPHIS POLICE DEPT,Other,-,-,-,-,-,-,-,Pedestrian,-,-,-,-,-,Shelby,Memphis,1
25489,301057234,0,2,35.146073,-85.252215,2,2025-12-18 05:07:00,2025,12,18,5,7,Thursday,05:07,Suspected Serious Injury,Dark-Lighted,Clear,Motor Vehicle-In-Transport On Same Roadway,None,CHATTANOOGA POLICE DEPT,Other,Unbelted,-,-,-,Drowsy,-,-,-,-,-,-,-,-,Hamilton,Chattanooga,5
25507,301057303,0,1,36.50038,-87.294936,3,2025-11-26 20:57:43,2025,11,26,20,57,Wednesday,20:57,Suspected Serious Injury,Dark-Not Lighted,Clear,Deer,None,CLARKSVILLE POLICE DEPT,Other,-,-,-,-,-,-,-,-,-,-,-,Motorcyclist,-,Montgomery,Clarksville,4
25516,301057361,0,1,35.06371,-90.05863,4,2025-12-22 20:30:00,2025,12,22,20,30,Monday,20:30,Suspected Serious Injury,Dawn,Clear,Pedestrian,None,MEMPHIS POLICE DEPT,Other,Unbelted,-,-,-,-,-,-,Pedestrian,-,-,-,-,-,Shelby,Memphis,2
25537,301057500,0,2,36.50875,-82.264694,5,2025-12-23 18:29:00,2025,12,23,18,29,Tuesday,18:29,Suspected Serious Injury,Dark-Lighted,Clear,Motor Vehicle-In-Transport On Same Roadway,None,BRISTOL POLICE DEPT,Other,Unbelted,-,-,-,-,-,-,-,-,-,-,Motorcyclist,-,Sullivan,Bristol,3
25543,301057515,1,1,35.337866,-89.851757,4,2025-12-18 15:30:00,2025,12,18,15,30,Thursday,15:30,Fatal,Daylight,Rain,Motor Vehicle-In-Transport On Same Roadway,None,SHELBY CO SHERIFFS DEPT,Other,Unbelted,-,-,-,-,-,-,-,-,-,-,-,-,Shelby,Not in City Limit,5
25556,301057572,1,0,35.0176,-85.284456,2,2025-12-14 03:33:00,2025,12,14,3,33,Sunday,03:33,Fatal,Dark-Lighted,Clear,Guard Rail End,None,CHATTANOOGA POLICE DEPT,Other,Unbelted,-,-,-,-,-,-,-,-,-,-,-,-,Hamilton,Chattanooga,1
25567,301057659,0,3,35.005817,-89.8872,4,2025-12-25 07:15:00,2025,12,25,7,15,Thursday,07:15,Suspected Serious Injury,Dawn,Clear,Motor Vehicle-In-Transport On Same Roadway,None,MEMPHIS POLICE DEPT,Other,Unbelted,-,-,-,-,-,-,-,-,-,-,-,-,Shelby,Memphis,5
25579,301057720,0,3,35.14603,-89.96338,4,2025-12-24 23:47:00,2025,12,24,23,47,Wednesday,23:47,Suspected Serious Injury,Dark-Lighted,Clear,Motor Vehicle-In-Transport On Same Roadway,None,MEMPHIS POLICE DEPT,Other,Unbelted,-,-,-,-,-,-,-,-,-,-,-,-,Shelby,Memphis,4
25593,301057811,1,1,36.284157,-82.51397,5,2025-12-26 19:23:00,2025,12,26,19,23,Friday,19:23,Fatal,Dark-Not Lighted,Clear,Motor Vehicle-In-Transport On Same Roadway,None,WASHINGTON CO SHERIFFS DEPT,Other,Unbelted,-,-,-,-,-,-,-,-,-,-,-,-,Washington,Not in City Limit,6
25596,301057819,1,0,35.072655,-89.98633,4,2025-12-26 21:42:00,2025,12,26,21,42,Friday,21:42,Fatal,Dark-Lighted,Clear,Pedestrian,None,MEMPHIS POLICE DEPT,Other,-,-,-,-,-,-,-,Pedestrian,-,-,-,-,-,Shelby,Memphis,6
25597,301057831,0,1,34.991404,-85.290429,2,2025-12-27 06:34:00,2025,12,27,6,34,Saturday,06:34,Suspected Serious Injury,Dark-Lighted,Clear,Other Post/Pole Support,None,CHATTANOOGA POLICE DEPT,Other,Unbelted,-,-,-,Drowsy,-,-,-,-,-,-,-,-,Hamilton,Chattanooga,7
25603,301057859,0,1,35.021244,-89.99944,4,2025-12-27 04:50:00,2025,12,27,4,50,Saturday,04:50,Suspected Serious Injury,Dark-Lighted,Clear,Standing Tree,None,MEMPHIS POLICE DEPT,Other,Unbelted,-,Drinking,-,-,-,-,-,-,-,-,-,-,Shelby,Memphis,7
25608,301057899,0,1,35.035698,-90.007935,4,2025-12-27 17:20:00,2025,12,27,17,20,Saturday,17:20,Suspected Serious Injury,Dark-Lighted,Clear,Pedestrian,None,MEMPHIS POLICE DEPT,Other,-,-,-,-,-,-,-,Pedestrian,-,-,-,-,-,Shelby,Memphis,7
25652,301058135,0,1,36.565463,-87.3941,3,2025-12-26 17:22:58,2025,12,26,17,22,Friday,17:22,Suspected Serious Injury,Dark-Not Lighted,Clear,Pedestrian,None,CLARKSVILLE POLICE DEPT,Other,Unbelted,-,-,-,-,-,-,Pedestrian,-,-,-,-,-,Montgomery,Clarksville,6
25678,301058297,0,1,36.137478,-82.60473,5,2025-12-30 07:40:00,2025,12,30,7,40,Tuesday,07:40,Suspected Serious Injury,Daylight,Cloudy,Motor Vehicle-In-Transport On Same Roadway,None,WASHINGTON CO SHERIFFS DEPT,Other,Unbelted,-,-,-,-,-,-,-,-,-,-,-,-,Washington,Not in City Limit,3
25684,301058349,0,3,35.004622,-85.225423,2,2025-12-30 16:54:00,2025,12,30,16,54,Tuesday,16:54,Suspected Serious Injury,Daylight,Clear,Motor Vehicle-In-Transport On Same Roadway,None,CHATTANOOGA POLICE DEPT,Other,Unbelted,-,-,-,-,-,-,-,-,-,-,-,-,Hamilton,Chattanooga,3
25690,301058394,0,1,35.194008,-84.88674,2,2025-12-31 06:25:00,2025,12,31,6,25,Wednesday,06:25,Suspected Serious Injury,Dawn,Clear,Motor Vehicle-In-Transport On Same Roadway,None,CLEVELAND POLICE DEPT,Other,Unbelted,-,-,-,Drowsy,Speeding,-,-,-,-,-,-,-,Bradley,Cleveland,4
25693,301058414,1,0,35.242894,-89.920229,4,2025-12-20 18:55:00,2025,12,20,18,55,Saturday,18:55,Fatal,Dark-Lighted,Clear,Pedestrian,None,SHELBY CO SHERIFFS DEPT,Other,Unbelted,-,-,-,-,-,-,Pedestrian,-,-,-,-,-,Shelby,Not in City Limit,7
25699,301058454,0,1,35.129612,-89.73684,4,2025-12-27 11:45:00,2025,12,27,11,45,Saturday,11:45,Suspected Serious Injury,Daylight,Clear,Motor Vehicle-In-Transport On Same Roadway,None,SHELBY CO SHERIFFS DEPT,Other,Unbelted,-,-,-,-,-,-,-,-,-,-,-,-,Shelby,Not in City Limit,7
25702,301058466,1,0,35.383941,-90.001622,4,2025-12-24 16:21:00,2025,12,24,16,21,Wednesday,16:21,Fatal,Daylight,Clear,Standing Tree,None,SHELBY CO SHERIFFS DEPT,Other,-,-,-,-,-,Speeding,-,-,-,-,-,Motorcyclist,-,Shelby,Not in City Limit,4
25717,301058531,0,5,35.270148,-90.035129,4,2025-12-24 15:52:00,2025,12,24,15,52,Wednesday,15:52,Suspected Serious Injury,Daylight,Clear,Curb,None,SHELBY CO SHERIFFS DEPT,Other,Unbelted,-,-,-,-,Speeding,-,-,-,-,-,-,-,Shelby,Not in City Limit,4
25743,301058624,0,1,36.177074,-82.453125,5,2026-01-01 07:00:00,2026,1,1,7,0,Thursday,07:00,Suspected Serious Injury,Dark-Not Lighted,Clear,Motor Vehicle-In-Transport On Same Roadway,None,WASHINGTON CO SHERIFFS DEPT,Other,Unbelted,-,Drinking,Drug,-,Speeding,-,-,-,-,-,-,-,Washington,Not in City Limit,5
25761,301058720,0,2,35.558662,-89.65342,4,2025-12-14 18:32:00,2025,12,14,18,32,Sunday,18:32,Suspected Serious Injury,Dark-Lighted,Clear,Motor Vehicle-In-Transport On Same Roadway,None,COVINGTON POLICE DEPT,Other,Unbelted,-,-,-,-,-,-,-,-,-,-,-,-,Tipton,Covington,1
25789,301058832,0,4,35.057106,-89.93244,4,2026-01-03 12:00:00,2026,1,3,12,0,Saturday,12:00,Suspected Serious Injury,Daylight,Clear,Motor Vehicle-In-Transport On Same Roadway,None,MEMPHIS POLICE DEPT,Other,Unbelted,-,-,-,-,-,-,-,-,-,-,-,-,Shelby,Memphis,7
25812,301058975,2,0,35.076127,-89.985553,4,2026-01-04 01:53:00,2026,1,4,1,53,Sunday,01:53,Fatal,Dark-Lighted,Clear,Motor Vehicle-In-Transport On Same Roadway,None,MEMPHIS POLICE DEPT,Other,Unbelted,-,Drinking,-,-,-,-,-,-,-,-,-,-,Shelby,Memphis,1
25818,301058991,0,2,35.09118,-89.895996,4,2026-01-03 13:00:00,2026,1,3,13,0,Saturday,13:00,Suspected Serious Injury,Daylight,Clear,Motor Vehicle-In-Transport On Same Roadway,None,MEMPHIS POLICE DEPT,Other,Unbelted,-,-,-,-,-,-,-,-,-,-,-,-,Shelby,Memphis,7
25841,301059146,1,3,36.579928,-87.359349,3,2025-12-19 17:45:00,2025,12,19,17,45,Friday,17:45,Fatal,Dark-Not Lighted,Clear,Motor Vehicle-In-Transport On Same Roadway,None,CLARKSVILLE POLICE DEPT,Other,Unbelted,Distracted,Drinking,-,-,-,-,-,-,-,-,-,-,Montgomery,Clarksville,6
25853,301059223,1,0,35.15912,-89.98513,4,2026-01-05 23:30:00,2026,1,5,23,30,Monday,23:30,Fatal,Dark-Lighted,Clear,Curb,None,MEMPHIS POLICE DEPT,Other,Unbelted,-,Drinking,Drug,-,-,-,-,-,-,-,-,-,Shelby,Memphis,2
25902,301059483,0,1,35.020714,-89.95033,4,2026-01-06 23:20:00,2026,1,6,23,20,Tuesday,23:20,Suspected Serious Injury,Dark-Not Lighted,Clear,Curb,None,MEMPHIS POLICE DEPT,Other,Unbelted,Distracted,-,-,-,-,-,-,-,-,-,-,-,Shelby,Memphis,3
25928,301059603,0,2,36.580697,-87.33646,3,2025-12-27 02:00:00,2025,12,27,2,0,Saturday,02:00,Suspected Serious Injury,Dark-Lighted,Clear,Motor Vehicle-In-Transport On Same Roadway,None,CLARKSVILLE POLICE DEPT,Other,Unbelted,-,Drinking,Drug,-,-,-,-,-,-,-,-,-,Montgomery,Clarksville,7
25942,301059669,0,1,35.313463,-89.946854,4,2025-12-27 12:35:00,2025,12,27,12,35,Saturday,12:35,Suspected Serious Injury,Daylight,Cloudy,Standing Tree,None,SHELBY CO SHERIFFS DEPT,Other,Unbelted,-,-,-,-,Speeding,-,-,-,-,-,-,-,Shelby,Not in City Limit,7
25990,301059945,1,2,35.006466,-89.9926,4,2026-01-09 20:05:00,2026,1,9,20,5,Friday,20:05,Fatal,Dark-Lighted,Rain,Utility Pole,None,MEMPHIS POLICE DEPT,Other,Unbelted,-,-,Drug,-,-,-,-,-,-,-,-,-,Shelby,Memphis,6
25991,301059952,0,1,35.078274,-89.90698,4,2026-01-09 20:00:00,2026,1,9,20,0,Friday,20:00,Suspected Serious Injury,Dark-Lighted,Clear,Motor Vehicle-In-Transport On Same Roadway,None,MEMPHIS POLICE DEPT,Other,Unbelted,-,-,-,-,-,-,-,-,-,-,-,-,Shelby,Memphis,6
25997,301059980,0,2,35.074499,-85.170785,2,2026-01-07 16:04:00,2026,1,7,16,4,Wednesday,16:04,Suspected Serious Injury,Daylight,Clear,Motor Vehicle-In-Transport On Same Roadway,None,CHATTANOOGA POLICE DEPT,Other,Unbelted,-,-,-,-,-,-,-,-,-,-,-,-,Hamilton,Chattanooga,4
26029,301060182,0,1,35.159492,-89.84363,4,2026-01-11 15:55:00,2026,1,11,15,55,Sunday,15:55,Suspected Serious Injury,Daylight,Clear,Motor Vehicle-In-Transport On Same Roadway,None,MEMPHIS POLICE DEPT,Other,Unbelted,-,-,-,-,-,-,-,-,-,-,Motorcyclist,-,Shelby,Memphis,1
26030,301060190,0,5,35.051186,-89.91078,4,2026-01-11 19:35:00,2026,1,11,19,35,Sunday,19:35,Suspected Serious Injury,Dark-Lighted,Clear,Motor Vehicle-In-Transport On Same Roadway,None,MEMPHIS POLICE DEPT,Other,Unbelted,-,-,-,-,-,-,-,-,-,-,-,-,Shelby,Memphis,1