OBJECTID,MRN,Fatality,Injury,Latitude,Longitude,THP_District,Collision_Date,Collision_Year,Collision_Month,Collision_Day,Collision_Hour,Collision_Min,Collision_DOW,Collision_Time,Crash_Type,Light_Condition,Weather,First_Harmfu_Event,Work_Zone_Type,Agency_Name,THP,Unbelted,Distracted_Driver,Driver_Drinking,Driver_Drugged,Drowsy_Driver,Speeding_Involved,Pedalcyclist,Pedestrian,Other_Nonmotorist,ATV_Involved,LargeTruck_Involved,Motorcycle_Involved,SchoolBus,County,City,DOW_Nmb
26060,301060382,0,1,35.048355,-89.80907,4,2026-01-12 21:30:00,2026,1,12,21,30,Monday,21:30,Suspected Serious Injury,Dark-Lighted,Clear,Bridge Rail,None,MEMPHIS POLICE DEPT,Other,Unbelted,-,-,-,-,-,-,-,-,-,-,-,-,Shelby,Memphis,2
26132,301060868,0,1,36.549923,-82.56238,5,2026-01-12 07:11:00,2026,1,12,7,11,Monday,07:11,Suspected Serious Injury,Dark-Lighted,Clear,Pedestrian,None,KINGSPORT POLICE DEPARTMENT,Other,Unbelted,-,-,-,-,-,-,Pedestrian,-,-,-,-,-,Sullivan,Kingsport,2
26140,301060948,0,1,35.260149,-89.88579,4,2025-12-31 23:00:00,2025,12,31,23,0,Wednesday,23:00,Suspected Serious Injury,Dark-Not Lighted,Clear,Standing Tree,None,SHELBY CO SHERIFFS DEPT,Other,Unbelted,-,Drinking,Drug,-,Speeding,-,-,-,-,-,-,-,Shelby,Not in City Limit,4
26152,301060994,1,5,36.500727,-87.341307,3,2025-11-28 17:19:00,2025,11,28,17,19,Friday,17:19,Fatal,Dark-Not Lighted,Clear,Motor Vehicle-In-Transport On Same Roadway,None,CLARKSVILLE POLICE DEPT,Other,Unbelted,-,Drinking,Drug,-,-,-,-,-,-,-,-,-,Montgomery,Clarksville,6
26158,301061008,0,1,35.06813,-89.952995,4,2026-01-16 10:00:00,2026,1,16,10,0,Friday,10:00,Suspected Serious Injury,Daylight,Clear,Motor Vehicle-In-Transport On Same Roadway,None,MEMPHIS POLICE DEPT,Other,Unbelted,-,-,-,-,-,-,-,-,-,ATV_Involved,-,-,Shelby,Memphis,6
26163,301061045,0,3,35.115814,-89.973464,4,2026-01-15 16:30:00,2026,1,15,16,30,Thursday,16:30,Suspected Serious Injury,Daylight,Clear,Motor Vehicle-In-Transport On Same Roadway,None,MEMPHIS POLICE DEPT,Other,Unbelted,-,Drinking,-,-,-,-,-,-,-,-,-,-,Shelby,Memphis,5
26165,301061048,0,3,35.217556,-90.00342,4,2026-01-15 18:00:00,2026,1,15,18,0,Thursday,18:00,Suspected Serious Injury,Dark-Lighted,Clear,Motor Vehicle-In-Transport On Same Roadway,None,MEMPHIS POLICE DEPT,Other,Unbelted,-,-,-,-,-,-,-,-,-,-,-,-,Shelby,Memphis,5
26183,301061148,1,0,35.07157,-90.0211,4,2026-01-17 10:00:00,2026,1,17,10,0,Saturday,10:00,Fatal,Daylight,Clear,Pedestrian,None,MEMPHIS POLICE DEPT,Other,Unbelted,-,-,-,-,-,-,Pedestrian,-,-,-,-,-,Shelby,Memphis,7
26194,301061220,0,1,35.162056,-89.91883,4,2026-01-17 22:45:00,2026,1,17,22,45,Saturday,22:45,Suspected Serious Injury,Dark-Lighted,Clear,Motor Vehicle-In-Transport On Same Roadway,None,MEMPHIS POLICE DEPT,Other,Unbelted,-,-,-,-,-,-,-,-,-,-,Motorcyclist,-,Shelby,Memphis,7
26200,301061264,2,3,35.105713,-90.07612,4,2026-01-14 16:30:00,2026,1,14,16,30,Wednesday,16:30,Fatal,Daylight,Clear,Motor Vehicle-In-Transport On Same Roadway,None,MEMPHIS POLICE DEPT,Other,Unbelted,-,-,-,-,-,-,-,-,-,ATV_Involved,-,-,Shelby,Memphis,4
26219,301061345,0,2,35.080414,-89.95705,4,2026-01-19 03:42:00,2026,1,19,3,42,Monday,03:42,Suspected Serious Injury,Dark-Lighted,Clear,Culvert,None,MEMPHIS POLICE DEPT,Other,Unbelted,-,-,-,-,-,-,-,-,-,-,-,-,Shelby,Memphis,2
26235,301061423,0,4,35.19167,-90.00797,4,2026-01-19 13:30:00,2026,1,19,13,30,Monday,13:30,Suspected Serious Injury,Daylight,Clear,Concrete Traffic Barrier,None,MEMPHIS POLICE DEPT,Other,Unbelted,-,-,-,Drowsy,-,-,-,-,-,-,-,-,Shelby,Memphis,2
26248,301061512,0,1,36.542503,-87.369786,3,2026-01-10 03:45:00,2026,1,10,3,45,Saturday,03:45,Suspected Serious Injury,Dark-Not Lighted,Rain,"Over Turn, Roll Over",None,CLARKSVILLE POLICE DEPT,Other,Unbelted,-,-,-,-,-,-,-,-,-,-,-,-,Montgomery,Clarksville,7
26275,301061695,1,0,35.07659,-89.951195,4,2026-01-20 12:50:00,2026,1,20,12,50,Tuesday,12:50,Fatal,Daylight,Clear,Pedestrian,None,MEMPHIS POLICE DEPT,Other,Unbelted,-,-,-,-,-,-,Pedestrian,-,-,ATV_Involved,-,-,Shelby,Memphis,3
26283,301061737,0,1,35.1461,-84.92028,2,2026-01-21 14:40:00,2026,1,21,14,40,Wednesday,14:40,Suspected Serious Injury,Daylight,Clear,Motor Vehicle-In-Transport On Same Roadway,None,CLEVELAND POLICE DEPT,Other,Unbelted,-,-,-,-,-,-,-,-,-,-,-,-,Bradley,Cleveland,4
26293,301061809,0,1,35.199963,-90.03449,4,2026-01-21 08:00:00,2026,1,21,8,0,Wednesday,08:00,Suspected Serious Injury,Daylight,Rain,Guard Rail End,None,MEMPHIS POLICE DEPT,Other,Unbelted,-,-,-,-,-,-,-,-,-,-,-,-,Shelby,Memphis,4
26298,301061839,2,1,35.074497,-89.88479,4,2026-01-20 12:05:00,2026,1,20,12,5,Tuesday,12:05,Fatal,Daylight,Clear,Motor Vehicle-In-Transport On Same Roadway,None,MEMPHIS POLICE DEPT,Other,Unbelted,-,-,Drug,-,-,-,-,-,-,-,-,-,Shelby,Memphis,3
26305,301061878,0,1,35.137608,-90.02432,4,2026-01-20 11:50:00,2026,1,20,11,50,Tuesday,11:50,Suspected Serious Injury,Daylight,Clear,Motor Vehicle-In-Transport On Same Roadway,None,MEMPHIS POLICE DEPT,Other,Unbelted,-,-,-,-,-,-,-,-,-,-,-,-,Shelby,Memphis,3
26308,301061899,0,2,35.032526,-85.26639,2,2026-01-22 10:00:00,2026,1,22,10,0,Thursday,10:00,Suspected Serious Injury,Daylight,Fog,Motor Vehicle-In-Transport On Same Roadway,None,CHATTANOOGA POLICE DEPT,Other,Unbelted,-,-,-,-,-,-,-,-,-,-,-,-,Hamilton,Chattanooga,5
26322,301061986,0,2,35.409523,-89.83441,4,2026-01-21 06:26:00,2026,1,21,6,26,Wednesday,06:26,Suspected Serious Injury,Daylight,Clear,Motor Vehicle-In-Transport On Same Roadway,None,MUNFORD POLICE DEPT,Other,Unbelted,Distracted,-,-,-,-,-,-,-,-,ATV_Involved,-,-,Tipton,Munford,4
26347,301062169,0,2,35.031575,-85.16561,2,2026-01-23 10:55:00,2026,1,23,10,55,Friday,10:55,Suspected Serious Injury,Daylight,Clear,Motor Vehicle-In-Transport On Same Roadway,None,CHATTANOOGA POLICE DEPT,Other,Unbelted,-,-,-,-,-,-,-,-,-,-,-,-,Hamilton,Chattanooga,6
26380,301062318,0,1,35.012563,-85.316144,2,2026-01-24 23:04:00,2026,1,24,23,4,Saturday,23:04,Suspected Serious Injury,Dark-Lighted,Rain,Bridge/Pier Abutment,None,CHATTANOOGA POLICE DEPT,Other,Unbelted,-,Drinking,-,-,-,-,-,-,-,-,-,-,Hamilton,Chattanooga,7
26412,301062527,0,1,36.575582,-82.238137,5,2026-01-28 02:17:00,2026,1,28,2,17,Wednesday,02:17,Suspected Serious Injury,Dark-Lighted,Clear,Mail Box,None,BRISTOL POLICE DEPT,Other,Unbelted,-,Drinking,-,-,Speeding,-,-,-,-,-,-,-,Sullivan,Bristol,4
26427,301062634,0,1,35.141705,-89.98942,4,2026-01-27 00:00:00,2026,1,27,0,0,Tuesday,00:00,Suspected Serious Injury,Dark-Lighted,Snow,Ditch,None,MEMPHIS POLICE DEPT,Other,-,-,-,-,-,-,-,-,-,ATV_Involved,-,-,-,Shelby,Memphis,3
26550,301063527,1,1,35.051617,-89.92612,4,2026-02-04 23:11:00,2026,2,4,23,11,Wednesday,23:11,Fatal,Dark-Lighted,Clear,Motor Vehicle-In-Transport On Same Roadway,None,MEMPHIS POLICE DEPT,Other,Unbelted,-,-,Drug,-,-,-,-,-,-,-,-,-,Shelby,Memphis,4
26566,301063678,0,3,35.02043,-89.88005,4,2026-02-05 12:03:00,2026,2,5,12,3,Thursday,12:03,Suspected Serious Injury,Daylight,Clear,Motor Vehicle-In-Transport On Same Roadway,None,MEMPHIS POLICE DEPT,Other,Unbelted,-,-,-,-,-,-,-,-,-,-,-,-,Shelby,Memphis,5
26575,301063752,1,0,36.585004,-82.266785,5,2026-02-05 04:34:00,2026,2,5,4,34,Thursday,04:34,Fatal,Daylight,Clear,Pedal-Cycle,None,BRISTOL POLICE DEPT,Other,-,-,-,-,-,-,Pedalcyclist,-,-,-,-,-,-,Sullivan,Bristol,5
26610,301063953,0,3,35.106865,-89.90462,4,2026-02-06 23:00:00,2026,2,6,23,0,Friday,23:00,Suspected Serious Injury,Dark-Lighted,Clear,Wall,None,MEMPHIS POLICE DEPT,Other,Unbelted,-,-,-,Drowsy,-,-,-,-,-,-,-,-,Shelby,Memphis,6
26614,301063964,0,1,36.376045,-82.425865,5,2026-02-06 17:35:00,2026,2,6,17,35,Friday,17:35,Suspected Serious Injury,Dusk,Clear,Other Non-Fixed Object,None,JOHNSON CITY POLICE DEPT,Other,Unbelted,-,-,-,-,-,-,-,-,-,-,-,-,Washington,Johnson City,6
26625,301064048,0,1,35.125748,-89.97763,4,2026-02-07 15:40:00,2026,2,7,15,40,Saturday,15:40,Suspected Serious Injury,Daylight,Clear,Motor Vehicle-In-Transport On Same Roadway,None,MEMPHIS POLICE DEPT,Other,Unbelted,-,-,-,-,-,-,-,-,-,ATV_Involved,-,-,Shelby,Memphis,7
26628,301064054,0,1,35.076214,-89.849785,4,2026-02-07 20:14:00,2026,2,7,20,14,Saturday,20:14,Suspected Serious Injury,Dark-Lighted,Clear,Standing Tree,None,MEMPHIS POLICE DEPT,Other,Unbelted,-,-,-,-,-,-,-,-,-,-,-,-,Shelby,Memphis,7
26633,301064076,0,1,35.00717,-85.231358,2,2026-02-08 00:29:00,2026,2,8,0,29,Sunday,00:29,Suspected Serious Injury,Dark-Lighted,Clear,Motor Vehicle-In-Transport On Same Roadway,None,CHATTANOOGA POLICE DEPT,Other,Unbelted,-,-,-,-,-,-,-,-,-,-,-,-,Hamilton,Chattanooga,1
26634,301064079,0,1,35.080193,-89.955475,4,2026-02-08 02:30:00,2026,2,8,2,30,Sunday,02:30,Suspected Serious Injury,Dark-Lighted,Clear,Concrete Traffic Barrier,None,MEMPHIS POLICE DEPT,Other,Unbelted,-,-,-,-,-,-,-,-,-,-,-,-,Shelby,Memphis,1
26664,301064216,0,1,36.403584,-82.49206,5,2026-02-07 00:15:00,2026,2,7,0,15,Saturday,00:15,Suspected Serious Injury,Dark-Not Lighted,Other,Ditch,None,WASHINGTON CO SHERIFFS DEPT,Other,Unbelted,-,-,-,-,-,-,-,-,-,-,-,-,Washington,Not in City Limit,7
26666,301064225,0,1,36.404778,-82.60759,5,2026-02-05 00:53:00,2026,2,5,0,53,Thursday,00:53,Suspected Serious Injury,Dark-Not Lighted,Blowing Snow,Motor Vehicle-In-Transport On Same Roadway,None,WASHINGTON CO SHERIFFS DEPT,Other,Unbelted,-,-,-,Drowsy,-,-,-,-,-,ATV_Involved,-,-,Washington,Not in City Limit,5
26702,301064408,0,1,35.011059,-85.214812,2,2026-02-10 06:43:00,2026,2,10,6,43,Tuesday,06:43,Suspected Serious Injury,Dark-Lighted,Clear,Motor Vehicle-In-Transport On Same Roadway,None,CHATTANOOGA POLICE DEPT,Other,Unbelted,-,-,-,-,-,-,-,-,-,-,Motorcyclist,-,Hamilton,Chattanooga,3
26750,301064743,0,2,36.268331,-82.496805,5,2026-02-11 07:28:00,2026,2,11,7,28,Wednesday,07:28,Suspected Serious Injury,Daylight,Rain,Embankment Earth,None,WASHINGTON CO SHERIFFS DEPT,Other,Unbelted,-,-,-,-,-,-,-,-,-,-,-,-,Washington,Not in City Limit,4
26761,301064822,0,1,35.197662,-90.03473,4,2026-02-11 20:14:00,2026,2,11,20,14,Wednesday,20:14,Suspected Serious Injury,Dark-Not Lighted,Clear,Motor Vehicle-In-Transport On Same Roadway,None,MEMPHIS POLICE DEPT,Other,Unbelted,-,-,-,-,-,-,-,-,-,-,Motorcyclist,-,Shelby,Memphis,4
26776,301064924,1,0,35.08683,-90.05254,4,2026-02-11 18:36:00,2026,2,11,18,36,Wednesday,18:36,Fatal,Dark-Not Lighted,Clear,Pedal-Cycle,None,MEMPHIS POLICE DEPT,Other,-,-,-,-,-,-,Pedalcyclist,-,-,-,-,-,-,Shelby,Memphis,4
26788,301064991,0,2,35.07498,-89.861725,4,2026-02-12 23:15:00,2026,2,12,23,15,Thursday,23:15,Suspected Serious Injury,Dark-Lighted,Clear,Motor Vehicle-In-Transport On Same Roadway,None,MEMPHIS POLICE DEPT,Other,Unbelted,-,-,-,-,-,-,-,-,-,-,-,-,Shelby,Memphis,5
26797,301065053,0,1,35.18573,-89.8963,4,2026-02-13 06:40:00,2026,2,13,6,40,Friday,06:40,Suspected Serious Injury,Dusk,Clear,Curb,None,MEMPHIS POLICE DEPT,Other,Unbelted,-,-,-,-,-,-,-,-,-,-,-,-,Shelby,Memphis,6
26813,301065173,0,2,35.049081,-85.230655,2,2026-02-14 09:41:00,2026,2,14,9,41,Saturday,09:41,Suspected Serious Injury,Daylight,Clear,Standing Tree,None,CHATTANOOGA POLICE DEPT,Other,Unbelted,-,-,-,-,-,-,-,-,-,-,-,-,Hamilton,Chattanooga,7
26843,301065358,0,2,36.323017,-82.338,5,2026-02-15 07:37:00,2026,2,15,7,37,Sunday,07:37,Suspected Serious Injury,Dawn,Rain,Curb,None,JOHNSON CITY POLICE DEPT,Other,Unbelted,-,-,-,-,-,-,-,-,-,-,-,-,Washington,Johnson City,1
26844,301065360,0,3,36.28515,-82.37384,5,2026-02-14 12:47:00,2026,2,14,12,47,Saturday,12:47,Suspected Serious Injury,Daylight,Clear,Motor Vehicle-In-Transport On Same Roadway,None,JOHNSON CITY POLICE DEPT,Other,Unbelted,-,-,-,-,-,-,-,-,-,-,-,-,Washington,Johnson City,7
26850,301065411,1,0,35.339016,-89.90554,4,2026-01-19 16:44:00,2026,1,19,16,44,Monday,16:44,Fatal,Daylight,Cloudy,Parked Motor Vehicle,None,MILLINGTON POLICE DEPT,Other,-,-,Drinking,Drug,-,-,-,-,-,-,-,Motorcyclist,-,Shelby,Millington,2
26851,301065412,0,1,35.452324,-84.627491,2,2026-02-15 21:31:00,2026,2,15,21,31,Sunday,21:31,Suspected Serious Injury,Dark-Not Lighted,Cloudy,Pedestrian,None,ATHENS POLICE DEPT,Other,Unbelted,-,-,-,-,-,-,Pedestrian,-,-,-,-,-,McMinn,Athens,1
26861,301065478,1,1,35.063701,-85.126336,2,2026-02-14 20:33:00,2026,2,14,20,33,Saturday,20:33,Fatal,Dark-Not Lighted,Clear,Motor Vehicle-In-Transport On Same Roadway,None,CHATTANOOGA POLICE DEPT,Other,Unbelted,-,-,-,-,-,-,-,-,-,-,-,-,Hamilton,Chattanooga,7
26877,301065564,0,1,36.304646,-82.33906,5,2026-02-16 16:22:00,2026,2,16,16,22,Monday,16:22,Suspected Serious Injury,Daylight,Clear,Motor Vehicle-In-Transport On Same Roadway,None,JOHNSON CITY POLICE DEPT,Other,Unbelted,-,-,-,-,-,-,-,-,-,-,Motorcyclist,-,Washington,Johnson City,2
26885,301065621,0,2,35.175728,-90.00837,4,2026-02-13 13:20:00,2026,2,13,13,20,Friday,13:20,Suspected Serious Injury,Daylight,Clear,Motor Vehicle-In-Transport On Same Roadway,None,MEMPHIS POLICE DEPT,Other,Unbelted,-,-,-,-,-,-,-,-,-,-,-,-,Shelby,Memphis,6
26888,301065632,0,1,36.633559,-87.316381,3,2026-02-08 18:20:57,2026,2,8,18,20,Sunday,18:20,Suspected Serious Injury,Dark-Lighted,Clear,Motor Vehicle-In-Transport On Same Roadway,None,CLARKSVILLE POLICE DEPT,Other,Unbelted,-,-,-,-,-,-,-,-,-,-,-,-,Montgomery,Clarksville,1
26905,301065747,0,2,35.450902,-84.62345,2,2026-02-17 14:58:00,2026,2,17,14,58,Tuesday,14:58,Suspected Serious Injury,Daylight,Clear,Guard Rail Face,None,ATHENS POLICE DEPT,Other,Unbelted,-,-,-,-,-,-,-,-,-,-,-,-,McMinn,Athens,3
26909,301065759,0,1,36.440212,-82.45422,5,2026-02-16 15:30:00,2026,2,16,15,30,Monday,15:30,Suspected Serious Injury,Daylight,Clear,Motor Vehicle-In-Transport On Same Roadway,None,WASHINGTON CO SHERIFFS DEPT,Other,Unbelted,-,-,-,-,-,-,-,-,-,-,Motorcyclist,-,Washington,Not in City Limit,2
26921,301065830,1,0,35.109688,-90.02922,4,2026-02-18 06:52:00,2026,2,18,6,52,Wednesday,06:52,Fatal,Dawn,Clear,Pedestrian,None,MEMPHIS POLICE DEPT,Other,Unbelted,-,-,Drug,-,-,-,Pedestrian,-,-,-,-,-,Shelby,Memphis,4
26930,301065862,0,1,35.044487,-89.60256,4,2026-02-18 06:51:00,2026,2,18,6,51,Wednesday,06:51,Suspected Serious Injury,Dawn,Clear,Motor Vehicle-In-Transport On Same Roadway,None,PIPERTON POLICE DEPARTMENT,Other,Unbelted,-,-,-,-,-,-,-,-,-,-,-,-,Fayette,Piperton,4
26931,301065875,0,1,35.03306,-89.956154,4,2026-02-18 15:13:00,2026,2,18,15,13,Wednesday,15:13,Suspected Serious Injury,Daylight,Clear,Fell/Jumped From Vehicle,None,MEMPHIS POLICE DEPT,Other,-,-,-,-,-,-,-,-,-,-,-,Motorcyclist,-,Shelby,Memphis,4
26936,301065903,1,0,35.143955,-90.01564,4,2026-02-18 18:40:00,2026,2,18,18,40,Wednesday,18:40,Fatal,Dark-Lighted,Clear,Pedestrian,None,MEMPHIS POLICE DEPT,Other,Unbelted,-,-,-,-,-,-,Pedestrian,-,-,-,-,-,Shelby,Memphis,4
26939,301065922,0,1,35.136402,-90.01229,4,2026-02-18 19:25:00,2026,2,18,19,25,Wednesday,19:25,Suspected Serious Injury,Dark-Lighted,Clear,Pedestrian,None,MEMPHIS POLICE DEPT,Other,Unbelted,-,-,-,-,-,-,Pedestrian,-,-,-,-,-,Shelby,Memphis,4
26965,301066094,0,2,36.592518,-82.22131,5,2026-02-18 18:33:00,2026,2,18,18,33,Wednesday,18:33,Suspected Serious Injury,Dark-Lighted,Clear,Motor Vehicle-In-Transport On Same Roadway,None,BRISTOL POLICE DEPT,Other,Unbelted,-,-,-,-,-,-,-,-,-,-,-,-,Sullivan,Bristol,4
26979,301066189,0,3,35.004601,-85.220557,2,2026-02-20 11:40:00,2026,2,20,11,40,Friday,11:40,Suspected Serious Injury,Daylight,Clear,Motor Vehicle-In-Transport On Same Roadway,Construction Zone,CHATTANOOGA POLICE DEPT,Other,Unbelted,-,-,-,-,-,-,-,-,-,ATV_Involved,-,-,Hamilton,Chattanooga,6
27012,301066342,0,1,35.822586,-84.269863,1,2026-02-21 14:40:00,2026,2,21,14,40,Saturday,14:40,Suspected Serious Injury,Daylight,Clear,Other Non-Collision,None,LENOIR CITY POLICE DEPT,Other,Unbelted,-,-,-,-,-,-,-,-,-,-,-,-,Loudon,Lenoir City,7
27013,301066343,1,1,36.179077,-82.82098,5,2026-02-21 14:21:00,2026,2,21,14,21,Saturday,14:21,Fatal,Daylight,Clear,Motor Vehicle-In-Transport On Same Roadway,None,GREENEVILLE POLICE DEPT,Other,Unbelted,-,-,Drug,-,-,-,-,-,-,-,-,-,Greene,Greeneville,7
27021,301066410,1,0,35.06015,-89.85708,4,2026-02-21 16:59:00,2026,2,21,16,59,Saturday,16:59,Fatal,Daylight,Clear,Motor Vehicle-In-Transport On Same Roadway,None,MEMPHIS POLICE DEPT,Other,Unbelted,-,-,-,-,-,-,-,-,-,-,Motorcyclist,-,Shelby,Memphis,7
27022,301066412,2,1,35.18969,-90.01401,4,2026-02-21 21:07:00,2026,2,21,21,7,Saturday,21:07,Fatal,Dark-Lighted,Clear,Motor Vehicle-In-Transport On Same Roadway,None,MEMPHIS POLICE DEPT,Other,Unbelted,-,Drinking,-,Drowsy,Speeding,-,-,-,-,-,-,-,Shelby,Memphis,7
27023,301066413,0,1,35.138095,-90.023438,4,2026-02-21 21:10:00,2026,2,21,21,10,Saturday,21:10,Suspected Serious Injury,Dark-Lighted,Clear,Embankment Earth,None,MEMPHIS POLICE DEPT,Other,-,-,-,-,-,Speeding,-,-,-,-,-,Motorcyclist,-,Shelby,Memphis,7
27032,301066444,0,2,35.158016,-89.971565,4,2026-02-22 05:26:00,2026,2,22,5,26,Sunday,05:26,Suspected Serious Injury,Dark-Lighted,Clear,Curb,None,MEMPHIS POLICE DEPT,Other,Unbelted,-,-,-,-,-,-,-,-,-,-,-,-,Shelby,Memphis,1
27040,301066488,0,1,35.092426,-89.916664,4,2026-02-22 16:20:00,2026,2,22,16,20,Sunday,16:20,Suspected Serious Injury,Daylight,Clear,Motor Vehicle-In-Transport On Same Roadway,None,MEMPHIS POLICE DEPT,Other,Unbelted,-,-,-,-,-,-,-,-,-,-,-,-,Shelby,Memphis,1
27044,301066513,0,3,35.07498,-89.861725,4,2026-02-22 22:21:00,2026,2,22,22,21,Sunday,22:21,Suspected Serious Injury,Dark-Lighted,Clear,Utility Pole,None,MEMPHIS POLICE DEPT,Other,Unbelted,-,-,-,-,-,-,-,-,-,-,-,-,Shelby,Memphis,1
27052,301066556,0,2,35.422913,-89.81604,4,2026-02-19 22:00:00,2026,2,19,22,0,Thursday,22:00,Suspected Serious Injury,Dark-Lighted,Clear,Motor Vehicle-In-Transport On Same Roadway,None,ATOKA POLICE DEPT,Other,Unbelted,-,-,-,-,-,-,-,-,-,-,-,-,Tipton,Atoka,5
27058,301066597,0,1,35.083549,-85.295479,2,2026-02-22 02:03:00,2026,2,22,2,3,Sunday,02:03,Suspected Serious Injury,Dark-Lighted,Clear,Culvert,None,CHATTANOOGA POLICE DEPT,Other,Unbelted,-,Drinking,Drug,-,Speeding,-,-,-,-,-,-,-,Hamilton,Chattanooga,1
27064,301066633,0,1,35.2196,-90.00334,4,2026-02-23 15:40:00,2026,2,23,15,40,Monday,15:40,Suspected Serious Injury,Daylight,Clear,Pedestrian,None,MEMPHIS POLICE DEPT,Other,Unbelted,-,-,-,-,-,-,Pedestrian,-,-,-,-,-,Shelby,Memphis,2
27076,301066689,0,1,35.06469,-89.92144,4,2026-02-23 22:30:00,2026,2,23,22,30,Monday,22:30,Suspected Serious Injury,Dark-Lighted,Clear,Motor Vehicle-In-Transport On Same Roadway,None,MEMPHIS POLICE DEPT,Other,Unbelted,-,-,-,-,-,-,-,-,-,-,-,-,Shelby,Memphis,2
27078,301066701,1,0,35.19489,-89.79239,4,2026-02-23 22:18:00,2026,2,23,22,18,Monday,22:18,Fatal,Dark-Not Lighted,Clear,Pedestrian,None,MEMPHIS POLICE DEPT,Other,Unbelted,-,-,-,-,-,-,Pedestrian,-,-,-,-,-,Shelby,Memphis,2
27080,301066722,0,4,35.149435,-90.054944,4,2026-02-22 17:20:00,2026,2,22,17,20,Sunday,17:20,Suspected Serious Injury,Daylight,Clear,Motor Vehicle-In-Transport On Same Roadway,None,SHELBY CO SHERIFFS DEPT,Other,Unbelted,-,-,-,-,-,-,-,-,-,-,-,-,Shelby,Not in City Limit,1
27082,301066731,0,2,35.148542,-90.047679,4,2026-02-19 11:00:00,2026,2,19,11,0,Thursday,11:00,Suspected Serious Injury,Daylight,Clear,Motor Vehicle-In-Transport On Same Roadway,None,MEMPHIS POLICE DEPT,Other,Unbelted,-,-,-,-,-,-,-,-,-,-,-,-,Shelby,Memphis,5
27103,301066825,0,1,35.205045,-89.859643,4,2026-02-20 08:25:00,2026,2,20,8,25,Friday,08:25,Suspected Serious Injury,Daylight,Clear,Pedestrian,None,BARTLETT POLICE DEPT,Other,Unbelted,-,-,-,-,-,-,Pedestrian,-,-,-,-,-,Shelby,Bartlett,6
27105,301066866,0,1,35.047794,-85.314041,2,2026-02-24 16:25:00,2026,2,24,16,25,Tuesday,16:25,Suspected Serious Injury,Daylight,Clear,Concrete Traffic Barrier,None,CHATTANOOGA POLICE DEPT,Other,Unbelted,-,-,-,-,-,-,-,-,-,-,-,-,Hamilton,Chattanooga,3
27121,301066964,0,1,35.055685,-85.208784,2,2026-02-25 00:00:00,2026,2,25,24,0,Wednesday,24:00,Suspected Serious Injury,Unknown,Clear,Standing Tree,None,CHATTANOOGA POLICE DEPT,Other,Unbelted,-,-,-,-,-,-,-,-,-,-,-,-,Hamilton,Chattanooga,4
27125,301066972,0,1,35.043089,-85.219116,2,2026-02-25 13:40:00,2026,2,25,13,40,Wednesday,13:40,Suspected Serious Injury,Daylight,Cloudy,Motor Vehicle-In-Transport On Same Roadway,None,CHATTANOOGA POLICE DEPT,Other,Unbelted,-,-,-,-,-,-,-,-,-,-,-,-,Hamilton,Chattanooga,4
27135,301067054,0,1,35.22974,-89.92471,4,2026-02-25 15:20:00,2026,2,25,15,20,Wednesday,15:20,Suspected Serious Injury,Daylight,Clear,Curb,None,MEMPHIS POLICE DEPT,Other,Unbelted,-,-,-,-,-,-,-,-,-,-,-,-,Shelby,Memphis,4
27141,301067089,0,5,35.05527,-90.060104,4,2026-02-25 22:52:00,2026,2,25,22,52,Wednesday,22:52,Suspected Serious Injury,Dark-Lighted,Clear,Motor Vehicle-In-Transport On Same Roadway,None,MEMPHIS POLICE DEPT,Other,Unbelted,-,-,-,-,-,-,-,-,-,-,-,-,Shelby,Memphis,4
27149,301067121,0,2,35.010583,-85.191121,2,2026-02-25 13:48:00,2026,2,25,13,48,Wednesday,13:48,Suspected Serious Injury,Daylight,Cloudy,Motor Vehicle-In-Transport On Same Roadway,None,CHATTANOOGA POLICE DEPT,Other,Unbelted,-,-,-,-,Speeding,-,-,-,-,-,-,-,Hamilton,Chattanooga,4
27174,301067283,0,1,35.07259,-89.94726,4,2026-02-27 08:30:00,2026,2,27,8,30,Friday,08:30,Suspected Serious Injury,Daylight,Clear,Luminaire Light Support,None,MEMPHIS POLICE DEPT,Other,Unbelted,-,-,-,-,-,-,-,-,-,-,-,-,Shelby,Memphis,6
27229,301067580,0,1,35.157608,-89.89275,4,2026-03-01 00:48:00,2026,3,1,0,48,Sunday,00:48,Suspected Serious Injury,Dark-Lighted,Clear,Embankment Rock/Stone/Concrete,None,MEMPHIS POLICE DEPT,Other,Unbelted,-,-,-,-,-,-,-,-,-,-,-,-,Shelby,Memphis,1
27231,301067598,1,1,35.04891,-89.82338,4,2026-03-01 01:09:00,2026,3,1,1,9,Sunday,01:09,Fatal,Dark-Lighted,Clear,Motor Vehicle-In-Transport On Same Roadway,None,MEMPHIS POLICE DEPT,Other,Unbelted,-,Drinking,Drug,-,-,-,-,-,-,-,-,-,Shelby,Memphis,1
27232,301067599,0,2,35.184593,-89.894196,4,2026-03-01 04:35:00,2026,3,1,4,35,Sunday,04:35,Suspected Serious Injury,Dark-Lighted,Clear,Motor Vehicle-In-Transport On Same Roadway,None,MEMPHIS POLICE DEPT,Other,Unbelted,-,-,-,-,-,-,-,-,-,-,-,-,Shelby,Memphis,1
27253,301067698,0,1,36.504963,-82.55549,5,2026-03-01 16:26:00,2026,3,1,16,26,Sunday,16:26,Suspected Serious Injury,Daylight,Clear,Motor Vehicle-In-Transport On Same Roadway,None,KINGSPORT POLICE DEPARTMENT,Other,Unbelted,-,-,-,-,-,-,-,-,-,-,-,-,Sullivan,Kingsport,1
27269,301067757,0,1,36.52929,-87.363707,3,2026-02-19 20:02:18,2026,2,19,20,2,Thursday,20:02,Suspected Serious Injury,Dark-Unknown Lighting,Cloudy,Pedestrian,None,CLARKSVILLE POLICE DEPT,Other,Unbelted,-,-,-,-,-,-,Pedestrian,-,-,-,-,-,Montgomery,Clarksville,5