OBJECTID,MRN,Fatality,Injury,Latitude,Longitude,THP_District,Collision_Date,Collision_Year,Collision_Month,Collision_Day,Collision_Hour,Collision_Min,Collision_DOW,Collision_Time,Crash_Type,Light_Condition,Weather,First_Harmfu_Event,Work_Zone_Type,Agency_Name,THP,Unbelted,Distracted_Driver,Driver_Drinking,Driver_Drugged,Drowsy_Driver,Speeding_Involved,Pedalcyclist,Pedestrian,Other_Nonmotorist,ATV_Involved,LargeTruck_Involved,Motorcycle_Involved,SchoolBus,County,City,DOW_Nmb
27293,301067927,0,1,35.109688,-90.02922,4,2026-03-02 13:00:00,2026,3,2,13,0,Monday,13:00,Suspected Serious Injury,Daylight,Clear,Motor Vehicle-In-Transport On Same Roadway,None,MEMPHIS POLICE DEPT,Other,Unbelted,-,-,-,-,-,-,-,-,-,ATV_Involved,-,-,Shelby,Memphis,2
27310,301068024,0,2,35.05377,-90.00745,4,2026-03-03 15:36:00,2026,3,3,15,36,Tuesday,15:36,Suspected Serious Injury,Daylight,Clear,Motor Vehicle-In-Transport On Same Roadway,None,MEMPHIS POLICE DEPT,Other,Unbelted,-,-,-,-,-,-,-,-,-,-,-,-,Shelby,Memphis,3
27361,301068310,0,1,35.01706,-90.00196,4,2026-03-04 21:14:00,2026,3,4,21,14,Wednesday,21:14,Suspected Serious Injury,Dark-Lighted,Clear,Motor Vehicle-In-Transport On Same Roadway,None,MEMPHIS POLICE DEPT,Other,Unbelted,-,-,-,-,-,-,-,-,-,-,-,-,Shelby,Memphis,4
27372,301068382,1,0,35.026073,-85.248955,2,2026-03-04 22:22:00,2026,3,4,22,22,Wednesday,22:22,Fatal,Dark-Lighted,Clear,Parked Motor Vehicle,None,CHATTANOOGA POLICE DEPT,Other,-,-,-,-,-,Speeding,-,-,-,-,-,Motorcyclist,-,Hamilton,Chattanooga,4
27376,301068410,1,0,35.137707,-89.999671,4,2026-03-05 15:47:00,2026,3,5,15,47,Thursday,15:47,Fatal,Daylight,Clear,Pedestrian,None,MEMPHIS POLICE DEPT,Other,-,-,-,-,-,-,-,Pedestrian,-,-,-,-,-,Shelby,Memphis,5
27383,301068433,0,1,36.51251,-82.275919,5,2026-03-05 18:50:00,2026,3,5,18,50,Thursday,18:50,Suspected Serious Injury,Dusk,Clear,Motor Vehicle-In-Transport On Same Roadway,None,BRISTOL POLICE DEPT,Other,Unbelted,-,-,-,-,-,-,-,-,-,-,Motorcyclist,-,Sullivan,Bristol,5
27389,301068497,0,1,35.167168,-89.9504,4,2026-03-05 15:52:00,2026,3,5,15,52,Thursday,15:52,Suspected Serious Injury,Daylight,Clear,Motor Vehicle-In-Transport On Same Roadway,None,MEMPHIS POLICE DEPT,Other,Unbelted,-,-,-,-,-,-,-,-,-,-,Motorcyclist,-,Shelby,Memphis,5
27393,301068523,1,1,35.180115,-84.81876,2,2026-03-06 12:00:00,2026,3,6,12,0,Friday,12:00,Fatal,Daylight,Clear,Pedestrian,None,CLEVELAND POLICE DEPT,Other,Unbelted,-,-,-,-,-,-,Pedestrian,-,-,-,-,-,Bradley,Cleveland,6
27411,301068591,0,2,35.13527,-90.05003,4,2026-03-06 18:09:00,2026,3,6,18,9,Friday,18:09,Suspected Serious Injury,Dawn,Clear,Motor Vehicle-In-Transport On Same Roadway,None,MEMPHIS POLICE DEPT,Other,Unbelted,-,-,-,-,-,-,-,-,-,-,-,-,Shelby,Memphis,6
27419,301068617,1,0,35.446738,-84.629433,2,2026-03-06 17:19:00,2026,3,6,17,19,Friday,17:19,Fatal,Daylight,Clear,Traffic Signal Support,None,ATHENS POLICE DEPT,Other,Unbelted,-,-,Drug,-,-,-,-,-,-,-,-,-,McMinn,Athens,6
27431,301068654,0,1,36.55432,-82.48596,5,2026-03-06 08:38:00,2026,3,6,8,38,Friday,08:38,Suspected Serious Injury,Daylight,Clear,Motor Vehicle-In-Transport On Same Roadway,None,KINGSPORT POLICE DEPARTMENT,Other,Unbelted,-,-,-,-,-,-,-,-,-,-,Motorcyclist,-,Sullivan,Kingsport,6
27436,301068678,0,1,35.18592,-84.87615,2,2026-03-06 13:42:00,2026,3,6,13,42,Friday,13:42,Suspected Serious Injury,Daylight,Clear,Pedal-Cycle,None,CLEVELAND POLICE DEPT,Other,Unbelted,-,-,-,-,-,Pedalcyclist,-,-,-,-,-,-,Bradley,Cleveland,6
27449,301068741,1,0,35.077866,-90.05739,4,2026-03-07 03:24:00,2026,3,7,3,24,Saturday,03:24,Fatal,Dark-Lighted,Clear,Luminaire Light Support,Construction Zone,MEMPHIS POLICE DEPT,Other,Unbelted,-,Drinking,Drug,-,-,-,-,-,-,-,-,-,Shelby,Memphis,7
27454,301068762,0,1,35.049849,-85.15344,2,2026-03-07 18:57:00,2026,3,7,18,57,Saturday,18:57,Suspected Serious Injury,Dark-Lighted,Clear,Motor Vehicle-In-Transport On Same Roadway,None,CHATTANOOGA POLICE DEPT,Other,Unbelted,-,-,-,-,-,-,-,-,-,-,Motorcyclist,-,Hamilton,Chattanooga,7
27455,301068767,0,1,35.044179,-85.161584,2,2026-03-07 18:38:00,2026,3,7,18,38,Saturday,18:38,Suspected Serious Injury,Dark-Lighted,Cloudy,Motor Vehicle-In-Transport On Same Roadway,None,CHATTANOOGA POLICE DEPT,Other,Unbelted,-,-,-,-,-,-,-,-,-,-,Motorcyclist,-,Hamilton,Chattanooga,7
27460,301068787,0,1,35.107857,-89.962135,4,2026-03-07 21:25:00,2026,3,7,21,25,Saturday,21:25,Suspected Serious Injury,Dark-Unknown Lighting,Rain,Pedestrian,None,MEMPHIS POLICE DEPT,Other,Unbelted,-,-,-,-,-,-,Pedestrian,-,-,-,-,-,Shelby,Memphis,7
27469,301068839,0,1,35.052563,-89.90911,4,2026-03-08 09:36:00,2026,3,8,9,36,Sunday,09:36,Suspected Serious Injury,Daylight,Clear,Motor Vehicle-In-Transport On Same Roadway,None,MEMPHIS POLICE DEPT,Other,Unbelted,-,-,-,-,-,-,-,-,-,-,-,-,Shelby,Memphis,1
27470,301068852,0,1,35.17534,-89.83641,4,2026-03-08 18:10:00,2026,3,8,18,10,Sunday,18:10,Suspected Serious Injury,Daylight,Clear,Motor Vehicle-In-Transport On Same Roadway,None,MEMPHIS POLICE DEPT,Other,Unbelted,-,-,-,-,-,-,-,-,-,-,Motorcyclist,-,Shelby,Memphis,1
27479,301068882,0,2,36.31446,-82.34831,5,2026-03-03 19:39:00,2026,3,3,19,39,Tuesday,19:39,Suspected Serious Injury,Dark-Lighted,Clear,Motor Vehicle-In-Transport On Same Roadway,None,JOHNSON CITY POLICE DEPT,Other,Unbelted,-,-,-,-,-,-,-,-,-,-,Motorcyclist,-,Washington,Johnson City,3
27486,301068925,0,3,36.164677,-82.854324,5,2026-03-09 07:21:00,2026,3,9,7,21,Monday,07:21,Suspected Serious Injury,Dawn,Clear,Motor Vehicle-In-Transport On Same Roadway,None,GREENEVILLE POLICE DEPT,Other,Unbelted,-,-,-,-,-,-,-,-,-,-,-,-,Greene,Greeneville,2
27496,301068977,1,1,35.199368,-84.84821,2,2026-03-05 08:38:00,2026,3,5,8,38,Thursday,08:38,Fatal,Daylight,Clear,Motor Vehicle-In-Transport On Same Roadway,None,CLEVELAND POLICE DEPT,Other,Unbelted,-,-,-,-,-,-,-,-,-,-,-,-,Bradley,Cleveland,5
27497,301068981,0,1,35.042567,-85.185722,2,2026-03-02 16:06:00,2026,3,2,16,6,Monday,16:06,Suspected Serious Injury,Daylight,Clear,Motor Vehicle-In-Transport On Same Roadway,None,CHATTANOOGA POLICE DEPT,Other,Unbelted,-,-,-,-,Speeding,-,-,-,-,-,-,-,Hamilton,Chattanooga,2
27500,301068996,1,0,35.02081,-90.04957,4,2026-03-08 19:11:00,2026,3,8,19,11,Sunday,19:11,Fatal,Daylight,Clear,Motor Vehicle-In-Transport On Same Roadway,None,MEMPHIS POLICE DEPT,Other,Unbelted,-,-,-,-,-,-,-,-,-,-,-,-,Shelby,Memphis,1
27530,301069106,1,0,35.175415,-89.97533,4,2026-03-10 05:00:00,2026,3,10,5,0,Tuesday,05:00,Fatal,Dark-Lighted,Clear,Pedestrian,None,MEMPHIS POLICE DEPT,Other,-,-,-,-,-,-,-,Pedestrian,-,-,-,-,-,Shelby,Memphis,3
27534,301069134,0,3,35.465042,-84.60854,2,2026-03-09 12:19:00,2026,3,9,12,19,Monday,12:19,Suspected Serious Injury,Daylight,Clear,Motor Vehicle-In-Transport On Same Roadway,None,ATHENS POLICE DEPT,Other,Unbelted,-,-,-,-,-,-,-,-,-,-,-,-,McMinn,Athens,2
27540,301069180,0,2,36.63998,-87.298393,3,2026-03-08 07:00:00,2026,3,8,7,0,Sunday,07:00,Suspected Serious Injury,Dark-Lighted,Clear,Other Non-Fixed Object,None,CLARKSVILLE POLICE DEPT,Other,Unbelted,Distracted,Drinking,Drug,-,-,-,-,-,-,-,-,-,Montgomery,Clarksville,1
27551,301069240,0,2,35.068775,-89.95419,4,2026-03-10 20:56:00,2026,3,10,20,56,Tuesday,20:56,Suspected Serious Injury,Dark-Lighted,Clear,Motor Vehicle-In-Transport On Same Roadway,None,MEMPHIS POLICE DEPT,Other,Unbelted,-,-,-,-,-,-,-,-,-,-,-,-,Shelby,Memphis,3
27554,301069254,0,2,35.091467,-85.181294,2,2026-03-10 19:32:00,2026,3,10,19,32,Tuesday,19:32,Suspected Serious Injury,Dusk,Clear,Motor Vehicle-In-Transport On Same Roadway,None,CHATTANOOGA POLICE DEPT,Other,Unbelted,-,-,-,-,-,-,-,-,-,-,Motorcyclist,-,Hamilton,Chattanooga,3
27571,301069382,1,1,36.18505,-82.7645,5,2026-03-11 16:06:00,2026,3,11,16,6,Wednesday,16:06,Fatal,Daylight,Clear,Motor Vehicle-In-Transport On Same Roadway,None,GREENEVILLE POLICE DEPT,Other,Unbelted,-,-,-,-,-,-,-,-,-,-,-,-,Greene,Greeneville,4
27589,301069451,0,1,35.110071,-85.140947,2,2026-03-10 19:30:00,2026,3,10,19,30,Tuesday,19:30,Suspected Serious Injury,Dusk,Clear,Motor Vehicle-In-Transport On Same Roadway,None,CHATTANOOGA POLICE DEPT,Other,Unbelted,-,-,-,-,-,-,-,-,-,-,-,-,Hamilton,Chattanooga,3
27594,301069477,0,1,36.24151,-82.48945,5,2026-03-06 17:58:00,2026,3,6,17,58,Friday,17:58,Suspected Serious Injury,Daylight,Clear,Ditch,None,WASHINGTON CO SHERIFFS DEPT,Other,-,-,-,-,-,-,-,-,-,-,-,Motorcyclist,-,Washington,Not in City Limit,6
27629,301069623,1,0,35.208828,-90.011665,4,2026-03-12 16:20:00,2026,3,12,16,20,Thursday,16:20,Fatal,Daylight,Clear,Pedestrian,None,MEMPHIS POLICE DEPT,Other,Unbelted,-,-,Drug,-,Speeding,-,Pedestrian,-,-,-,-,-,Shelby,Memphis,5
27642,301069672,0,1,35.06103,-90.08665,4,2026-03-12 18:25:00,2026,3,12,18,25,Thursday,18:25,Suspected Serious Injury,Daylight,Clear,Motor Vehicle-In-Transport On Same Roadway,None,MEMPHIS POLICE DEPT,Other,Unbelted,-,-,-,-,-,-,-,-,-,-,-,-,Shelby,Memphis,5
27644,301069688,0,1,35.034996,-89.8315,4,2026-03-13 07:10:00,2026,3,13,7,10,Friday,07:10,Suspected Serious Injury,Daylight,Clear,Motor Vehicle-In-Transport On Same Roadway,None,MEMPHIS POLICE DEPT,Other,Unbelted,-,-,-,-,-,-,-,-,-,-,-,-,Shelby,Memphis,6
27658,301069756,0,5,35.118874,-90.02836,4,2026-03-13 09:05:00,2026,3,13,9,5,Friday,09:05,Suspected Serious Injury,Daylight,Clear,Utility Pole,None,MEMPHIS POLICE DEPT,Other,Unbelted,-,-,-,-,-,-,-,-,-,-,-,-,Shelby,Memphis,6
27659,301069759,0,1,36.17303,-82.8374,5,2026-03-13 12:20:00,2026,3,13,12,20,Friday,12:20,Suspected Serious Injury,Daylight,Clear,Motor Vehicle-In-Transport On Same Roadway,None,GREENEVILLE POLICE DEPT,Other,Unbelted,-,-,-,-,-,-,-,-,-,-,-,-,Greene,Greeneville,6
27662,301069808,0,1,35.044091,-85.279026,2,2026-03-13 00:00:00,2026,3,13,24,0,Friday,24:00,Suspected Serious Injury,Daylight,Clear,Motor Vehicle-In-Transport On Same Roadway,None,CHATTANOOGA POLICE DEPT,Other,Unbelted,-,-,-,-,-,-,-,-,-,-,-,-,Hamilton,Chattanooga,6
27671,301069859,0,1,35.08154,-89.993126,4,2026-03-12 07:42:00,2026,3,12,7,42,Thursday,07:42,Suspected Serious Injury,Daylight,Clear,Motor Vehicle-In-Transport On Same Roadway,None,MEMPHIS POLICE DEPT,Other,Unbelted,-,-,-,-,-,-,-,-,-,-,-,-,Shelby,Memphis,5
27676,301069894,0,1,36.390335,-82.44322,5,2026-03-05 16:23:00,2026,3,5,16,23,Thursday,16:23,Suspected Serious Injury,Daylight,Clear,Motor Vehicle-In-Transport On Same Roadway,None,JOHNSON CITY POLICE DEPT,Other,Unbelted,-,-,-,-,-,-,-,-,-,ATV_Involved,-,-,Washington,Johnson City,5
27689,301069953,0,4,35.023476,-85.32509,2,2026-03-14 15:28:00,2026,3,14,15,28,Saturday,15:28,Suspected Serious Injury,Daylight,Clear,Motor Vehicle-In-Transport On Same Roadway,None,CHATTANOOGA POLICE DEPT,Other,Unbelted,-,-,-,-,-,-,-,-,-,-,-,-,Hamilton,Chattanooga,7
27722,301070124,0,2,35.293005,-89.919307,4,2026-03-13 14:10:00,2026,3,13,14,10,Friday,14:10,Suspected Serious Injury,Daylight,Clear,Motor Vehicle-In-Transport On Same Roadway,None,SHELBY CO SHERIFFS DEPT,Other,Unbelted,-,-,-,-,-,-,-,-,-,-,-,-,Shelby,Not in City Limit,6
27724,301070134,0,2,35.365144,-89.967437,4,2026-03-14 13:00:00,2026,3,14,13,0,Saturday,13:00,Suspected Serious Injury,Daylight,Clear,Standing Tree,None,SHELBY CO SHERIFFS DEPT,Other,Unbelted,-,-,-,-,-,-,-,-,-,-,-,-,Shelby,Not in City Limit,7
27736,301070210,0,1,35.46749,-84.605965,2,2026-03-16 07:13:00,2026,3,16,7,13,Monday,07:13,Suspected Serious Injury,Dark-Lighted,Rain,Pedestrian,None,ATHENS POLICE DEPT,Other,Unbelted,-,-,-,-,-,-,Pedestrian,-,-,-,-,-,McMinn,Athens,2
27739,301070225,0,1,35.045734,-85.310455,2,2026-03-16 13:15:00,2026,3,16,13,15,Monday,13:15,Suspected Serious Injury,Daylight,Blowing Snow,Pedestrian,None,CHATTANOOGA POLICE DEPT,Other,Unbelted,-,-,-,-,-,-,Pedestrian,-,-,-,-,-,Hamilton,Chattanooga,2
27743,301070255,0,1,35.802413,-84.295166,1,2026-03-16 12:05:00,2026,3,16,12,5,Monday,12:05,Suspected Serious Injury,Daylight,Cloudy,"Over Turn, Roll Over",None,LENOIR CITY POLICE DEPT,Other,-,-,-,-,-,-,-,-,-,-,-,Motorcyclist,-,Loudon,Lenoir City,2
27769,301070366,0,2,35.279392,-89.687181,4,2026-03-10 20:40:00,2026,3,10,20,40,Tuesday,20:40,Suspected Serious Injury,Dark-Lighted,Clear,Parked Motor Vehicle,None,SHELBY CO SHERIFFS DEPT,Other,Unbelted,-,Drinking,Drug,-,Speeding,-,-,-,-,-,-,-,Shelby,Arlington,3
27777,301070418,0,2,35.172024,-89.868416,4,2026-03-16 16:25:00,2026,3,16,16,25,Monday,16:25,Suspected Serious Injury,Daylight,Clear,Motor Vehicle-In-Transport On Same Roadway,None,MEMPHIS POLICE DEPT,Other,Unbelted,-,-,-,-,-,-,-,-,-,ATV_Involved,-,-,Shelby,Memphis,2
27804,301070555,0,2,35.021619,-85.297721,2,2026-03-18 13:15:00,2026,3,18,13,15,Wednesday,13:15,Suspected Serious Injury,Daylight,Cloudy,Motor Vehicle-In-Transport On Same Roadway,None,CHATTANOOGA POLICE DEPT,Other,Unbelted,-,-,-,-,-,-,-,-,-,-,-,-,Hamilton,Chattanooga,4
27805,301070557,0,1,35.03987,-85.269215,2,2026-03-18 09:47:00,2026,3,18,9,47,Wednesday,09:47,Suspected Serious Injury,Daylight,Cloudy,Motor Vehicle-In-Transport On Same Roadway,None,CHATTANOOGA POLICE DEPT,Other,Unbelted,-,-,-,-,-,-,-,-,-,-,-,-,Hamilton,Chattanooga,4
27817,301070613,0,3,35.109688,-90.02922,4,2026-03-18 16:32:00,2026,3,18,16,32,Wednesday,16:32,Suspected Serious Injury,Daylight,Clear,Motor Vehicle-In-Transport On Same Roadway,None,MEMPHIS POLICE DEPT,Other,Unbelted,-,-,-,-,-,-,-,-,-,-,-,-,Shelby,Memphis,4
27821,301070623,1,0,35.149406,-89.94793,4,2026-03-14 00:31:00,2026,3,14,0,31,Saturday,00:31,Fatal,Dark-Lighted,Clear,Motor Vehicle-In-Transport On Same Roadway,None,MEMPHIS POLICE DEPT,Other,Unbelted,-,Drinking,Drug,-,-,-,-,-,-,-,-,-,Shelby,Memphis,7
27824,301070632,0,2,35.082184,-89.98549,4,2026-03-18 22:40:00,2026,3,18,22,40,Wednesday,22:40,Suspected Serious Injury,Dark-Lighted,Clear,Motor Vehicle-In-Transport On Same Roadway,None,MEMPHIS POLICE DEPT,Other,Unbelted,-,-,-,-,-,-,-,-,-,-,-,-,Shelby,Memphis,4
27826,301070642,0,1,35.03096,-89.831381,4,2026-03-18 13:07:00,2026,3,18,13,7,Wednesday,13:07,Suspected Serious Injury,Daylight,Clear,Motor Vehicle-In-Transport On Same Roadway,None,SHELBY CO SHERIFFS DEPT,Other,Unbelted,-,-,-,-,-,-,-,-,-,-,Motorcyclist,-,Shelby,Memphis,4
27831,301070672,0,1,35.10738,-85.22929,2,2026-03-07 01:21:00,2026,3,7,1,21,Saturday,01:21,Suspected Serious Injury,Dark-Lighted,Clear,Concrete Traffic Barrier,None,CHATTANOOGA POLICE DEPT,Other,-,-,-,-,-,-,-,-,-,-,-,Motorcyclist,-,Hamilton,Chattanooga,7
27833,301070676,0,2,35.22135,-89.86387,4,2026-03-18 11:40:00,2026,3,18,11,40,Wednesday,11:40,Suspected Serious Injury,Daylight,Clear,Motor Vehicle-In-Transport On Same Roadway,None,BARTLETT POLICE DEPT,Other,Unbelted,-,-,-,-,-,-,-,-,-,-,-,-,Shelby,Bartlett,4
27854,301070812,0,1,35.074257,-90.00141,4,2026-03-19 07:55:00,2026,3,19,7,55,Thursday,07:55,Suspected Serious Injury,Daylight,Clear,Motor Vehicle-In-Transport On Same Roadway,None,MEMPHIS POLICE DEPT,Other,Unbelted,-,-,-,-,-,-,-,-,-,-,-,-,Shelby,Memphis,5
27866,301070896,0,3,35.043045,-90.08389,4,2026-03-20 12:12:00,2026,3,20,12,12,Friday,12:12,Suspected Serious Injury,Daylight,Clear,Embankment Earth,None,MEMPHIS POLICE DEPT,Other,Unbelted,-,-,-,-,-,-,-,-,-,-,-,-,Shelby,Memphis,6
27874,301070964,0,1,35.1069,-90.02119,4,2026-03-21 02:32:00,2026,3,21,2,32,Saturday,02:32,Suspected Serious Injury,Dark-Lighted,Clear,Motor Vehicle-In-Transport On Same Roadway,None,MEMPHIS POLICE DEPT,Other,Unbelted,-,-,-,-,-,-,-,-,-,-,-,-,Shelby,Memphis,7
27893,301071051,1,0,35.064884,-89.93243,4,2026-03-21 21:20:00,2026,3,21,21,20,Saturday,21:20,Fatal,Dark-Lighted,Clear,Pedestrian,None,MEMPHIS POLICE DEPT,Other,Unbelted,-,-,-,-,-,-,Pedestrian,-,-,-,-,-,Shelby,Memphis,7
27897,301071062,0,1,35.013342,-85.160352,2,2026-03-21 19:07:00,2026,3,21,19,7,Saturday,19:07,Suspected Serious Injury,Daylight,Clear,Curb,None,CHATTANOOGA POLICE DEPT,Other,Unbelted,-,-,-,-,-,-,-,-,-,-,-,-,Hamilton,Chattanooga,7
27908,301071113,0,1,35.020687,-89.95011,4,2026-03-22 01:30:00,2026,3,22,1,30,Sunday,01:30,Suspected Serious Injury,Dark-Lighted,Clear,Pedestrian,None,MEMPHIS POLICE DEPT,Other,-,-,-,-,-,-,-,Pedestrian,-,-,-,-,-,Shelby,Memphis,1
27916,301071164,0,2,35.236214,-90.01403,4,2026-03-22 15:10:00,2026,3,22,15,10,Sunday,15:10,Suspected Serious Injury,Daylight,Clear,Motor Vehicle-In-Transport On Same Roadway,None,MEMPHIS POLICE DEPT,Other,Unbelted,-,-,-,-,-,-,-,-,-,-,Motorcyclist,-,Shelby,Memphis,1
27925,301071188,0,3,35.122185,-89.9909,4,2026-03-22 19:29:00,2026,3,22,19,29,Sunday,19:29,Suspected Serious Injury,Daylight,Clear,Motor Vehicle-In-Transport On Same Roadway,None,MEMPHIS POLICE DEPT,Other,Unbelted,-,-,-,-,-,-,-,-,-,-,-,-,Shelby,Memphis,1
27927,301071191,0,1,36.50856,-86.89191,3,2026-03-22 02:36:00,2026,3,22,2,36,Sunday,02:36,Suspected Serious Injury,Dark-Lighted,Clear,Standing Tree,None,SPRINGFIELD POLICE DEPT,Other,Unbelted,-,-,-,-,-,-,-,-,-,-,-,-,Robertson,Springfield,1
27931,301071209,1,0,35.183582,-89.87671,4,2026-03-23 03:18:00,2026,3,23,3,18,Monday,03:18,Fatal,Dark-Lighted,Clear,Pedestrian,None,MEMPHIS POLICE DEPT,Other,Unbelted,-,-,-,-,-,-,Pedestrian,-,-,-,-,-,Shelby,Memphis,2
27933,301071211,0,1,35.046436,-89.84326,4,2026-03-23 02:23:00,2026,3,23,2,23,Monday,02:23,Suspected Serious Injury,Dark-Lighted,Clear,Utility Pole,None,MEMPHIS POLICE DEPT,Other,Unbelted,-,-,-,-,-,-,-,-,-,-,-,-,Shelby,Memphis,2
27950,301071284,0,3,35.17534,-89.83641,4,2026-03-17 22:31:00,2026,3,17,22,31,Tuesday,22:31,Suspected Serious Injury,Dark-Lighted,Clear,Motor Vehicle-In-Transport On Same Roadway,None,MEMPHIS POLICE DEPT,Other,Unbelted,-,Drinking,-,-,-,-,-,-,-,-,-,-,Shelby,Memphis,3
27953,301071296,0,1,36.560794,-87.39986,3,2026-03-08 18:16:33,2026,3,8,18,16,Sunday,18:16,Suspected Serious Injury,Daylight,Clear,Motor Vehicle-In-Transport On Same Roadway,None,CLARKSVILLE POLICE DEPT,Other,Unbelted,-,-,-,-,Speeding,-,-,-,-,-,Motorcyclist,-,Montgomery,Clarksville,1
27970,301071383,1,1,35.211468,-84.83568,2,2026-03-23 20:14:00,2026,3,23,20,14,Monday,20:14,Fatal,Dark-Lighted,Clear,Motor Vehicle-In-Transport On Same Roadway,None,CLEVELAND POLICE DEPT,Other,Unbelted,-,-,-,-,Speeding,-,-,-,-,-,-,-,Bradley,Cleveland,2
27974,301071405,1,0,35.094196,-89.96017,4,2026-03-23 10:20:00,2026,3,23,10,20,Monday,10:20,Fatal,Daylight,Clear,Utility Pole,None,MEMPHIS POLICE DEPT,Other,Unbelted,-,-,Drug,-,-,-,-,-,-,-,-,-,Shelby,Memphis,2
27975,301071408,0,1,35.342686,-89.8913,4,2026-03-09 14:02:00,2026,3,9,14,2,Monday,14:02,Suspected Serious Injury,Daylight,Rain,Motor Vehicle-In-Transport On Same Roadway,None,MILLINGTON POLICE DEPT,Other,Unbelted,-,-,-,-,-,-,-,-,-,ATV_Involved,-,-,Shelby,Millington,2
27977,301071416,0,1,35.04892,-89.82339,4,2026-03-23 07:15:00,2026,3,23,7,15,Monday,07:15,Suspected Serious Injury,Daylight,Clear,Motor Vehicle-In-Transport On Same Roadway,None,SHELBY CO SHERIFFS DEPT,Other,Unbelted,-,-,-,-,-,-,-,-,-,-,Motorcyclist,-,Shelby,Memphis,2
27983,301071451,0,1,35.060683,-85.134235,2,2026-03-24 08:50:00,2026,3,24,8,50,Tuesday,08:50,Suspected Serious Injury,Daylight,Clear,Motor Vehicle-In-Transport On Same Roadway,None,CHATTANOOGA POLICE DEPT,Other,Unbelted,-,-,-,-,-,-,-,-,-,-,-,-,Hamilton,Chattanooga,3
27988,301071470,0,1,35.059093,-89.88594,4,2026-03-24 07:35:00,2026,3,24,7,35,Tuesday,07:35,Suspected Serious Injury,Daylight,Clear,Motor Vehicle-In-Transport On Same Roadway,None,MEMPHIS POLICE DEPT,Other,Unbelted,-,-,-,-,-,-,-,-,-,-,-,-,Shelby,Memphis,3
27990,301071484,1,0,36.554182,-87.39559,3,2026-03-14 18:38:00,2026,3,14,18,38,Saturday,18:38,Fatal,Daylight,Clear,Motor Vehicle-In-Transport On Same Roadway,None,CLARKSVILLE POLICE DEPT,Other,Unbelted,-,-,Drug,-,-,-,-,-,-,ATV_Involved,Motorcyclist,-,Montgomery,Clarksville,7
27998,301071547,0,5,36.53074,-82.52134,5,2026-03-24 16:48:00,2026,3,24,16,48,Tuesday,16:48,Suspected Serious Injury,Daylight,Clear,Motor Vehicle-In-Transport On Same Roadway,None,KINGSPORT POLICE DEPARTMENT,Other,Unbelted,-,-,-,-,-,-,-,-,-,-,-,-,Sullivan,Kingsport,3
28004,301071573,0,5,35.21724,-89.99357,4,2026-03-24 13:15:00,2026,3,24,13,15,Tuesday,13:15,Suspected Serious Injury,Daylight,Clear,Motor Vehicle-In-Transport On Same Roadway,Construction Zone,MEMPHIS POLICE DEPT,Other,Unbelted,-,-,-,Drowsy,-,-,-,-,-,-,-,-,Shelby,Memphis,3
28033,301071727,0,1,35.456104,-84.61797,2,2026-03-25 11:40:00,2026,3,25,11,40,Wednesday,11:40,Suspected Serious Injury,Daylight,Clear,Motor Vehicle-In-Transport On Same Roadway,None,ATHENS POLICE DEPT,Other,Unbelted,-,-,-,-,-,-,-,-,-,ATV_Involved,-,-,McMinn,Athens,4
28041,301071787,0,1,36.36199,-82.70273,5,2026-03-22 14:07:00,2026,3,22,14,7,Sunday,14:07,Suspected Serious Injury,Daylight,Clear,Guard Rail Face,None,GREENE CO SHERIFFS DEPT,Other,-,-,-,-,-,-,-,-,-,-,-,Motorcyclist,-,Greene,Not in City Limit,1
28045,301071809,0,2,36.574664,-87.302606,3,2026-03-18 04:10:00,2026,3,18,4,10,Wednesday,04:10,Suspected Serious Injury,Dark-Not Lighted,Clear,Motor Vehicle-In-Transport On Same Roadway,None,CLARKSVILLE POLICE DEPT,Other,Unbelted,-,Drinking,Drug,-,-,-,-,-,-,-,-,-,Montgomery,Clarksville,4
28050,301071842,0,1,35.099379,-85.279821,2,2026-03-24 20:56:00,2026,3,24,20,56,Tuesday,20:56,Suspected Serious Injury,Dark-Lighted,Clear,Curb,None,CHATTANOOGA POLICE DEPT,Other,-,-,-,-,-,-,-,-,-,-,-,Motorcyclist,-,Hamilton,Chattanooga,3
28051,301071843,0,1,35.203485,-89.840275,4,2026-03-21 16:00:00,2026,3,21,16,0,Saturday,16:00,Suspected Serious Injury,Daylight,Clear,Curb,None,BARTLETT POLICE DEPT,Other,Unbelted,-,-,-,-,-,-,-,-,-,-,-,-,Shelby,Bartlett,7
28061,301071914,0,4,36.159824,-82.81366,5,2026-03-26 14:30:00,2026,3,26,14,30,Thursday,14:30,Suspected Serious Injury,Daylight,Clear,Motor Vehicle-In-Transport On Same Roadway,None,GREENEVILLE POLICE DEPT,Other,Unbelted,-,-,-,-,Speeding,-,-,-,-,-,-,-,Greene,Greeneville,5
28070,301071977,0,1,35.07205,-89.93236,4,2026-03-26 21:05:00,2026,3,26,21,5,Thursday,21:05,Suspected Serious Injury,Dark-Lighted,Clear,Pedestrian,None,MEMPHIS POLICE DEPT,Other,-,-,-,-,-,-,-,Pedestrian,-,-,-,-,-,Shelby,Memphis,5
28083,301072025,0,2,36.545741,-87.375127,3,2026-03-25 17:36:13,2026,3,25,17,36,Wednesday,17:36,Suspected Serious Injury,Daylight,Clear,Motor Vehicle-In-Transport On Same Roadway,None,CLARKSVILLE POLICE DEPT,Other,Unbelted,-,-,-,-,-,-,-,-,-,-,Motorcyclist,-,Montgomery,Clarksville,4
28084,301072026,0,1,35.201702,-90.007706,4,2026-03-27 00:05:00,2026,3,27,0,5,Friday,00:05,Suspected Serious Injury,Dark-Lighted,Clear,Utility Pole,None,MEMPHIS POLICE DEPT,Other,Unbelted,-,-,-,-,-,-,-,-,-,-,-,-,Shelby,Memphis,6