OBJECTID,MRN,Fatality,Injury,Latitude,Longitude,THP_District,Collision_Date,Collision_Year,Collision_Month,Collision_Day,Collision_Hour,Collision_Min,Collision_DOW,Collision_Time,Crash_Type,Light_Condition,Weather,First_Harmfu_Event,Work_Zone_Type,Agency_Name,THP,Unbelted,Distracted_Driver,Driver_Drinking,Driver_Drugged,Drowsy_Driver,Speeding_Involved,Pedalcyclist,Pedestrian,Other_Nonmotorist,ATV_Involved,LargeTruck_Involved,Motorcycle_Involved,SchoolBus,County,City,DOW_Nmb
28118,301072209,0,1,35.054432,-89.85636,4,2026-03-28 03:10:00,2026,3,28,3,10,Saturday,03:10,Suspected Serious Injury,Dark-Lighted,Clear,Fence,None,MEMPHIS POLICE DEPT,Other,Unbelted,-,-,-,-,-,-,-,-,-,-,-,-,Shelby,Memphis,7
28131,301072311,0,5,35.134845,-84.901978,2,2026-03-28 17:25:00,2026,3,28,17,25,Saturday,17:25,Suspected Serious Injury,Daylight,Clear,Motor Vehicle-In-Transport On Same Roadway,None,CLEVELAND POLICE DEPT,Other,Unbelted,-,-,-,-,-,-,-,-,-,-,-,-,Bradley,Cleveland,7
28140,301072372,0,2,35.10757,-90.05481,4,2026-03-29 07:17:00,2026,3,29,7,17,Sunday,07:17,Suspected Serious Injury,Dawn,Clear,Motor Vehicle-In-Transport On Same Roadway,Construction Zone,MEMPHIS POLICE DEPT,Other,Unbelted,-,-,-,-,-,-,-,-,-,-,-,-,Shelby,Memphis,1
28155,301072422,1,0,35.14176,-90.04817,4,2026-03-29 20:40:00,2026,3,29,20,40,Sunday,20:40,Fatal,Dawn,Clear,Pedestrian,None,MEMPHIS POLICE DEPT,Other,Unbelted,-,-,-,-,-,-,Pedestrian,-,-,-,-,-,Shelby,Memphis,1
28159,301072440,0,1,35.024847,-85.27585,2,2026-03-29 16:22:00,2026,3,29,16,22,Sunday,16:22,Suspected Serious Injury,Daylight,Clear,Motor Vehicle-In-Transport On Same Roadway,None,CHATTANOOGA POLICE DEPT,Other,Unbelted,-,-,-,-,-,-,-,-,-,-,-,-,Hamilton,Chattanooga,1
28161,301072445,0,1,35.356117,-89.89518,4,2026-03-29 19:01:00,2026,3,29,19,1,Sunday,19:01,Suspected Serious Injury,Daylight,Clear,Motor Vehicle-In-Transport On Same Roadway,None,MILLINGTON POLICE DEPT,Other,Unbelted,-,-,-,-,Speeding,-,-,-,-,-,Motorcyclist,-,Shelby,Millington,1
28165,301072483,0,1,36.541655,-87.352935,3,2026-03-27 20:28:19,2026,3,27,20,28,Friday,20:28,Suspected Serious Injury,Dark-Not Lighted,Clear,Pedestrian,None,CLARKSVILLE POLICE DEPT,Other,Unbelted,-,-,-,-,-,-,Pedestrian,-,-,-,-,-,Montgomery,Clarksville,6
28181,301072616,0,2,36.27388,-82.54624,5,2026-03-29 01:54:00,2026,3,29,1,54,Sunday,01:54,Suspected Serious Injury,Dark-Not Lighted,Clear,"Over Turn, Roll Over",None,WASHINGTON CO SHERIFFS DEPT,Other,Unbelted,-,Drinking,Drug,-,-,-,-,-,-,-,-,-,Washington,Not in City Limit,1
28182,301072617,0,1,36.51813,-82.28294,5,2026-03-29 18:12:00,2026,3,29,18,12,Sunday,18:12,Suspected Serious Injury,Daylight,Clear,Motor Vehicle-In-Transport On Same Roadway,None,BRISTOL POLICE DEPT,Other,Unbelted,-,-,-,-,-,-,-,-,-,-,Motorcyclist,-,Sullivan,Bristol,1
28184,301072619,0,4,36.583843,-82.18587,5,2026-03-30 07:01:00,2026,3,30,7,1,Monday,07:01,Suspected Serious Injury,Dawn,Clear,Motor Vehicle-In-Transport On Same Roadway,None,BRISTOL POLICE DEPT,Other,Unbelted,-,-,-,-,-,-,-,-,-,-,-,-,Sullivan,Bristol,2
28186,301072630,0,1,35.071524,-85.156374,2,2026-03-31 06:28:00,2026,3,31,6,28,Tuesday,06:28,Suspected Serious Injury,Dark-Lighted,Clear,Motor Vehicle-In-Transport On Same Roadway,None,CHATTANOOGA POLICE DEPT,Other,Unbelted,-,-,-,-,-,-,-,-,-,-,-,-,Hamilton,Chattanooga,3
28196,301072695,0,1,35.201324,-90.02332,4,2026-03-31 15:15:00,2026,3,31,15,15,Tuesday,15:15,Suspected Serious Injury,Daylight,Clear,Unknown,None,MEMPHIS POLICE DEPT,Other,Unbelted,-,-,-,-,-,-,-,-,-,-,-,-,Shelby,Memphis,3
28209,301072757,1,0,35.099113,-89.8451,4,2026-03-31 19:54:00,2026,3,31,19,54,Tuesday,19:54,Fatal,Dark-Lighted,Clear,Pedestrian,None,MEMPHIS POLICE DEPT,Other,Unbelted,-,-,-,-,-,-,Pedestrian,-,-,-,-,-,Shelby,Memphis,3
28254,301073003,0,2,35.050192,-85.296114,2,2026-04-02 07:22:00,2026,4,2,7,22,Thursday,07:22,Suspected Serious Injury,Daylight,Clear,Motor Vehicle-In-Transport On Same Roadway,None,CHATTANOOGA POLICE DEPT,Other,Unbelted,-,-,-,-,Speeding,-,-,-,-,-,Motorcyclist,-,Hamilton,Chattanooga,5
28258,301073014,0,2,36.34731,-82.378456,5,2026-03-30 16:41:00,2026,3,30,16,41,Monday,16:41,Suspected Serious Injury,Daylight,Clear,Motor Vehicle-In-Transport On Same Roadway,None,JOHNSON CITY POLICE DEPT,Other,Unbelted,-,-,-,-,-,-,-,-,-,-,Motorcyclist,-,Washington,Johnson City,2
28269,301073069,0,1,36.55955,-82.56689,5,2026-04-02 14:05:00,2026,4,2,14,5,Thursday,14:05,Suspected Serious Injury,Daylight,Clear,Motor Vehicle-In-Transport On Same Roadway,None,KINGSPORT POLICE DEPARTMENT,Other,Unbelted,-,-,-,-,-,-,-,-,-,-,-,-,Sullivan,Kingsport,5
28291,301073157,0,1,35.051453,-90.00747,4,2026-04-02 20:32:00,2026,4,2,20,32,Thursday,20:32,Suspected Serious Injury,Dark-Lighted,Clear,Pedestrian,None,MEMPHIS POLICE DEPT,Other,Unbelted,-,-,-,-,-,-,Pedestrian,-,-,-,-,-,Shelby,Memphis,5
28319,301073292,0,3,35.01138,-85.243678,2,2026-04-02 10:55:00,2026,4,2,10,55,Thursday,10:55,Suspected Serious Injury,Daylight,Clear,Motor Vehicle-In-Transport On Same Roadway,None,CHATTANOOGA POLICE DEPT,Other,Unbelted,-,-,-,-,-,-,-,-,-,-,-,-,Hamilton,Chattanooga,5
28356,301073436,0,2,35.46749,-84.605965,2,2026-04-04 13:13:00,2026,4,4,13,13,Saturday,13:13,Suspected Serious Injury,Daylight,Clear,Motor Vehicle-In-Transport On Same Roadway,None,ATHENS POLICE DEPT,Other,Unbelted,-,-,-,-,-,-,-,-,-,-,-,-,McMinn,Athens,7
28379,301073531,0,2,35.09451,-90.01938,4,2026-04-05 00:55:00,2026,4,5,0,55,Sunday,00:55,Suspected Serious Injury,Dark-Lighted,Clear,Motor Vehicle-In-Transport On Same Roadway,None,MEMPHIS POLICE DEPT,Other,Unbelted,-,-,-,-,-,-,-,-,-,-,-,-,Shelby,Memphis,1
28382,301073538,0,2,36.589424,-82.2628,5,2026-04-04 14:32:00,2026,4,4,14,32,Saturday,14:32,Suspected Serious Injury,Daylight,Clear,Motor Vehicle-In-Transport On Same Roadway,None,BRISTOL POLICE DEPT,Other,Unbelted,-,-,-,-,-,-,-,-,-,-,Motorcyclist,-,Sullivan,Bristol,7
28383,301073540,0,2,36.543007,-82.235016,5,2026-04-03 15:57:00,2026,4,3,15,57,Friday,15:57,Suspected Serious Injury,Daylight,Clear,Motor Vehicle-In-Transport On Same Roadway,None,BRISTOL POLICE DEPT,Other,Unbelted,-,-,-,-,-,-,-,-,-,-,-,-,Sullivan,Bristol,6
28403,301073640,0,3,35.013819,-85.252073,2,2026-04-05 15:00:00,2026,4,5,15,0,Sunday,15:00,Suspected Serious Injury,Daylight,Clear,Motor Vehicle-In-Transport On Same Roadway,None,CHATTANOOGA POLICE DEPT,Other,Unbelted,-,-,-,-,-,-,-,-,-,-,-,-,Hamilton,Chattanooga,1
28406,301073645,0,1,35.092426,-89.916664,4,2026-04-05 20:45:00,2026,4,5,20,45,Sunday,20:45,Suspected Serious Injury,Dark-Lighted,Clear,Motor Vehicle-In-Transport On Same Roadway,None,MEMPHIS POLICE DEPT,Other,Unbelted,-,-,-,-,-,-,-,-,-,-,Motorcyclist,-,Shelby,Memphis,1
28409,301073662,1,0,35.18703,-89.86927,4,2026-04-06 00:24:00,2026,4,6,0,24,Monday,00:24,Fatal,Dark-Lighted,Clear,Curb,None,MEMPHIS POLICE DEPT,Other,-,-,Drinking,Drug,-,-,-,-,-,-,-,Motorcyclist,-,Shelby,Memphis,2
28410,301073663,0,1,36.291187,-82.38819,5,2026-04-04 20:10:00,2026,4,4,20,10,Saturday,20:10,Suspected Serious Injury,Dark-Lighted,Rain,Pedal-Cycle,None,JOHNSON CITY POLICE DEPT,Other,Unbelted,-,-,-,-,-,Pedalcyclist,-,-,-,-,-,-,Washington,Johnson City,7
28434,301073803,0,2,35.109882,-89.99474,4,2026-04-06 14:08:00,2026,4,6,14,8,Monday,14:08,Suspected Serious Injury,Daylight,Clear,Motor Vehicle-In-Transport On Same Roadway,None,MEMPHIS POLICE DEPT,Other,Unbelted,-,-,-,-,-,-,-,-,-,-,-,-,Shelby,Memphis,2
28438,301073827,1,0,35.215113,-90.003464,4,2026-04-06 23:34:00,2026,4,6,23,34,Monday,23:34,Fatal,Dark-Lighted,Clear,Pedestrian,None,MEMPHIS POLICE DEPT,Other,Unbelted,-,-,-,-,-,-,Pedestrian,-,-,-,-,-,Shelby,Memphis,2
28453,301073940,0,1,36.553075,-87.395809,3,2026-03-10 15:00:00,2026,3,10,15,0,Tuesday,15:00,Suspected Serious Injury,Daylight,Clear,Motor Vehicle-In-Transport On Same Roadway,None,CLARKSVILLE POLICE DEPT,Other,Unbelted,-,-,-,-,-,-,-,-,-,-,Motorcyclist,-,Montgomery,Clarksville,3
28509,301074187,0,2,35.005802,-89.84858,4,2026-04-08 11:53:00,2026,4,8,11,53,Wednesday,11:53,Suspected Serious Injury,Daylight,Clear,Motor Vehicle-In-Transport On Same Roadway,None,MEMPHIS POLICE DEPT,Other,Unbelted,-,-,-,-,-,-,-,-,-,-,-,-,Shelby,Memphis,4
28511,301074199,0,5,35.041273,-85.272415,2,2026-04-08 16:10:00,2026,4,8,16,10,Wednesday,16:10,Suspected Serious Injury,Daylight,Clear,Motor Vehicle-In-Transport On Same Roadway,None,CHATTANOOGA POLICE DEPT,Other,Unbelted,-,-,-,-,-,-,-,-,-,-,-,-,Hamilton,Chattanooga,4
28516,301074226,0,5,35.204735,-89.93105,4,2026-04-08 15:15:00,2026,4,8,15,15,Wednesday,15:15,Suspected Serious Injury,Daylight,Clear,Motor Vehicle-In-Transport On Same Roadway,None,MEMPHIS POLICE DEPT,Other,Unbelted,-,-,-,-,-,-,-,-,-,-,-,-,Shelby,Memphis,4
28536,301074334,1,0,35.101926,-89.85968,4,2026-04-09 06:50:00,2026,4,9,6,50,Thursday,06:50,Fatal,Daylight,Clear,Motor Vehicle-In-Transport On Same Roadway,None,MEMPHIS POLICE DEPT,Other,Unbelted,-,-,Drug,-,-,-,-,-,-,-,Motorcyclist,-,Shelby,Memphis,5
28541,301074369,1,2,35.105724,-89.87722,4,2026-04-08 18:50:00,2026,4,8,18,50,Wednesday,18:50,Fatal,Daylight,Clear,Motor Vehicle-In-Transport On Same Roadway,None,MEMPHIS POLICE DEPT,Other,Unbelted,-,-,-,-,Speeding,-,-,-,-,-,-,-,Shelby,Memphis,4
28567,301074476,0,1,36.406105,-82.64691,5,2026-04-09 20:55:00,2026,4,9,20,55,Thursday,20:55,Suspected Serious Injury,Dark-Not Lighted,Clear,Standing Tree,None,GREENE CO SHERIFFS DEPT,Other,Unbelted,-,Drinking,-,-,-,-,-,-,-,-,-,-,Greene,Not in City Limit,5
28591,301074656,0,3,35.086533,-90.05678,4,2026-04-10 18:18:00,2026,4,10,18,18,Friday,18:18,Suspected Serious Injury,Daylight,Clear,Motor Vehicle-In-Transport On Same Roadway,None,MEMPHIS POLICE DEPT,Other,Unbelted,-,-,-,-,-,-,-,-,-,-,-,-,Shelby,Memphis,6
28614,301074782,0,1,35.048958,-89.865265,4,2026-04-11 19:31:00,2026,4,11,19,31,Saturday,19:31,Suspected Serious Injury,Dark-Not Lighted,Clear,Motor Vehicle-In-Transport On Same Roadway,None,MEMPHIS POLICE DEPT,Other,Unbelted,-,-,-,-,-,-,-,-,-,ATV_Involved,-,-,Shelby,Memphis,7
28621,301074808,0,2,35.015086,-85.293494,2,2026-04-11 14:33:00,2026,4,11,14,33,Saturday,14:33,Suspected Serious Injury,Daylight,Clear,Motor Vehicle-In-Transport On Same Roadway,None,CHATTANOOGA POLICE DEPT,Other,Unbelted,-,-,-,-,-,-,-,-,-,-,Motorcyclist,-,Hamilton,Chattanooga,7
28633,301074859,0,1,35.042451,-85.2383,2,2026-04-12 09:20:00,2026,4,12,9,20,Sunday,09:20,Suspected Serious Injury,Daylight,Clear,Standing Tree,None,CHATTANOOGA POLICE DEPT,Other,Unbelted,-,-,-,-,-,-,-,-,-,-,-,-,Hamilton,Chattanooga,1
28634,301074861,0,2,35.121605,-89.799675,4,2026-04-12 06:40:00,2026,4,12,6,40,Sunday,06:40,Suspected Serious Injury,Daylight,Clear,Other Post/Pole Support,None,MEMPHIS POLICE DEPT,Other,Unbelted,-,-,-,-,Speeding,-,-,-,-,-,-,-,Shelby,Memphis,1
28640,301074870,0,1,36.34794,-82.33303,5,2026-04-11 14:08:00,2026,4,11,14,8,Saturday,14:08,Suspected Serious Injury,Daylight,Clear,Motor Vehicle-In-Transport On Same Roadway,None,JOHNSON CITY POLICE DEPT,Other,Unbelted,-,-,-,-,-,-,-,-,-,-,Motorcyclist,-,Washington,Johnson City,7
28651,301074948,0,1,35.125786,-90.00115,4,2026-04-12 21:32:00,2026,4,12,21,32,Sunday,21:32,Suspected Serious Injury,Dark-Lighted,Clear,Pedestrian,None,MEMPHIS POLICE DEPT,Other,Unbelted,-,-,-,-,Speeding,-,Pedestrian,-,-,-,-,-,Shelby,Memphis,1
28668,301075035,0,1,35.007371,-85.230896,2,2026-04-13 11:29:00,2026,4,13,11,29,Monday,11:29,Suspected Serious Injury,Daylight,Clear,Motor Vehicle-In-Transport On Same Roadway,None,CHATTANOOGA POLICE DEPT,Other,Unbelted,-,-,-,-,-,-,-,-,-,-,-,-,Hamilton,Chattanooga,2
28689,301075128,0,1,35.050831,-85.133053,2,2026-04-13 15:18:00,2026,4,13,15,18,Monday,15:18,Suspected Serious Injury,Daylight,Clear,Motor Vehicle-In-Transport On Same Roadway,None,CHATTANOOGA POLICE DEPT,Other,Unbelted,-,-,-,-,-,-,-,-,-,-,-,-,Hamilton,Chattanooga,2
28695,301075161,0,3,35.06901,-89.97316,4,2026-04-14 03:39:00,2026,4,14,3,39,Tuesday,03:39,Suspected Serious Injury,Dark-Lighted,Clear,Motor Vehicle-In-Transport On Same Roadway,None,MEMPHIS POLICE DEPT,Other,Unbelted,-,Drinking,-,-,-,-,-,-,-,ATV_Involved,-,-,Shelby,Memphis,3
28705,301075215,0,3,35.48971,-89.7313,4,2026-04-03 11:44:00,2026,4,3,11,44,Friday,11:44,Suspected Serious Injury,Daylight,Clear,Motor Vehicle-In-Transport On Same Roadway,None,BRIGHTON POLICE DEPT,Other,Unbelted,-,-,-,-,-,-,-,-,-,-,-,-,Tipton,Brighton,6
28709,301075234,0,1,35.15248,-90.04631,4,2026-04-11 16:30:00,2026,4,11,16,30,Saturday,16:30,Suspected Serious Injury,Daylight,Clear,Motor Vehicle-In-Transport On Same Roadway,None,MEMPHIS POLICE DEPT,Other,Unbelted,-,-,-,-,-,-,-,-,-,-,-,-,Shelby,Memphis,7
28724,301075320,0,1,35.086666,-85.212473,2,2026-04-14 17:08:00,2026,4,14,17,8,Tuesday,17:08,Suspected Serious Injury,Daylight,Clear,Motor Vehicle-In-Transport On Same Roadway,None,CHATTANOOGA POLICE DEPT,Other,Unbelted,-,-,-,-,-,-,-,-,-,-,Motorcyclist,-,Hamilton,Chattanooga,3
28731,301075347,0,1,35.20799,-89.91052,4,2026-04-14 20:20:00,2026,4,14,20,20,Tuesday,20:20,Suspected Serious Injury,Dark-Unknown Lighting,Clear,Pedestrian,None,MEMPHIS POLICE DEPT,Other,Unbelted,-,-,-,-,-,-,Pedestrian,-,-,-,-,-,Shelby,Memphis,3
28736,301075370,0,1,35.08259,-89.94853,4,2026-04-14 22:24:00,2026,4,14,22,24,Tuesday,22:24,Suspected Serious Injury,Dark-Lighted,Clear,Motor Vehicle-In-Transport On Same Roadway,Construction Zone,MEMPHIS POLICE DEPT,Other,Unbelted,-,-,-,-,-,-,-,-,-,-,Motorcyclist,-,Shelby,Memphis,3
28738,301075378,1,0,35.035583,-89.996605,4,2026-04-14 22:34:00,2026,4,14,22,34,Tuesday,22:34,Fatal,Dark-Lighted,Clear,Curb,None,MEMPHIS POLICE DEPT,Other,Unbelted,-,-,-,-,-,-,-,-,-,-,-,-,Shelby,Memphis,3
28763,301075560,0,3,36.10927,-82.878136,5,2026-04-15 20:02:00,2026,4,15,20,2,Wednesday,20:02,Suspected Serious Injury,Dusk,Clear,Embankment Earth,None,GREENE CO SHERIFFS DEPT,Other,Unbelted,-,-,-,-,-,-,-,-,-,ATV_Involved,-,-,Greene,Not in City Limit,4
28775,301075596,0,2,35.129072,-89.757368,4,2026-04-16 09:50:00,2026,4,16,9,50,Thursday,09:50,Suspected Serious Injury,Daylight,Clear,Motor Vehicle-In-Transport On Same Roadway,None,SHELBY CO SHERIFFS DEPT,Other,Unbelted,-,-,-,-,-,-,-,-,-,-,-,-,Shelby,Not in City Limit,5
28808,301075773,0,2,35.163467,-89.744225,4,2026-04-15 17:20:00,2026,4,15,17,20,Wednesday,17:20,Suspected Serious Injury,Daylight,Clear,Motor Vehicle-In-Transport On Same Roadway,None,SHELBY CO SHERIFFS DEPT,Other,Unbelted,Distracted,-,-,-,-,-,-,-,-,-,-,-,Shelby,Not in City Limit,4
28830,301075943,0,1,35.033943,-85.295302,2,2026-04-17 23:41:00,2026,4,17,23,41,Friday,23:41,Suspected Serious Injury,Dark-Not Lighted,Clear,Pedestrian,None,CHATTANOOGA POLICE DEPT,Other,Unbelted,-,-,-,-,-,-,Pedestrian,-,-,-,-,-,Hamilton,Chattanooga,6
28850,301076047,0,2,35.235046,-89.89535,4,2026-04-18 19:02:00,2026,4,18,19,2,Saturday,19:02,Suspected Serious Injury,Dusk,Clear,Motor Vehicle-In-Transport On Same Roadway,None,MEMPHIS POLICE DEPT,Other,Unbelted,-,-,-,-,-,-,-,-,-,-,-,-,Shelby,Memphis,7
28856,301076080,0,1,35.115795,-90.04454,4,2026-04-18 23:25:00,2026,4,18,23,25,Saturday,23:25,Suspected Serious Injury,Dark-Lighted,Clear,Pedestrian,None,MEMPHIS POLICE DEPT,Other,-,-,-,-,-,-,-,Pedestrian,-,-,-,-,-,Shelby,Memphis,7
28858,301076087,0,3,35.029565,-85.313278,2,2026-04-18 18:02:00,2026,4,18,18,2,Saturday,18:02,Suspected Serious Injury,Daylight,Clear,Motor Vehicle-In-Transport On Same Roadway,None,CHATTANOOGA POLICE DEPT,Other,Unbelted,-,-,-,-,-,-,-,-,-,-,-,-,Hamilton,Chattanooga,7
28867,301076133,0,1,35.016603,-85.333197,2,2026-04-19 12:44:00,2026,4,19,12,44,Sunday,12:44,Suspected Serious Injury,Daylight,Clear,Boulder,None,CHATTANOOGA POLICE DEPT,Other,-,-,-,-,-,-,-,-,-,-,-,Motorcyclist,-,Hamilton,Chattanooga,1
28875,301076165,0,2,36.14389,-82.84757,5,2026-04-19 17:19:00,2026,4,19,17,19,Sunday,17:19,Suspected Serious Injury,Daylight,Clear,Motor Vehicle-In-Transport On Same Roadway,None,GREENEVILLE POLICE DEPT,Other,Unbelted,-,-,-,-,-,-,-,-,-,-,-,-,Greene,Greeneville,1
28884,301076207,0,1,35.030674,-85.306735,2,2026-04-19 16:05:00,2026,4,19,16,5,Sunday,16:05,Suspected Serious Injury,Daylight,Clear,Pedestrian,None,CHATTANOOGA POLICE DEPT,Other,Unbelted,-,-,-,-,-,-,Pedestrian,-,-,-,-,-,Hamilton,Chattanooga,1
28891,301076231,1,1,35.221153,-89.96322,4,2026-04-19 20:09:00,2026,4,19,20,9,Sunday,20:09,Fatal,Dark-Lighted,Clear,Curb,None,MEMPHIS POLICE DEPT,Other,Unbelted,-,-,-,-,-,-,-,-,-,-,-,-,Shelby,Memphis,1
28918,301076345,0,1,35.06133,-89.928825,4,2026-04-20 08:40:00,2026,4,20,8,40,Monday,08:40,Suspected Serious Injury,Daylight,Clear,Pedestrian,None,MEMPHIS POLICE DEPT,Other,Unbelted,-,-,-,-,-,-,Pedestrian,-,-,-,-,-,Shelby,Memphis,2
28929,301076426,0,2,35.22176,-89.89354,4,2026-04-20 14:15:00,2026,4,20,14,15,Monday,14:15,Suspected Serious Injury,Daylight,Clear,Motor Vehicle-In-Transport On Same Roadway,None,MEMPHIS POLICE DEPT,Other,Unbelted,-,-,-,-,-,-,-,-,-,-,-,-,Shelby,Memphis,2
28930,301076428,0,1,35.805025,-84.289498,1,2026-04-20 19:33:00,2026,4,20,19,33,Monday,19:33,Suspected Serious Injury,Daylight,Clear,Standing Tree,None,LENOIR CITY POLICE DEPT,Other,Unbelted,-,-,-,-,Speeding,-,-,-,-,-,-,-,Loudon,Lenoir City,2
28941,301076496,0,1,35.02142,-85.380501,2,2026-04-21 07:53:00,2026,4,21,7,53,Tuesday,07:53,Suspected Serious Injury,Daylight,Clear,Cable Barrier,None,CHATTANOOGA POLICE DEPT,Other,Unbelted,-,-,-,Drowsy,-,-,-,-,-,-,-,-,Hamilton,Chattanooga,3
28945,301076512,0,1,35.15894,-89.9842,4,2026-04-21 06:22:00,2026,4,21,6,22,Tuesday,06:22,Suspected Serious Injury,Dawn,Clear,Traffic Signal Support,None,MEMPHIS POLICE DEPT,Other,Unbelted,-,-,-,-,-,-,-,-,-,-,-,-,Shelby,Memphis,3
28962,301076596,1,0,35.010017,-90.0995,4,2026-04-21 18:14:00,2026,4,21,18,14,Tuesday,18:14,Fatal,Daylight,Clear,Ditch,None,MEMPHIS POLICE DEPT,Other,Unbelted,-,-,-,-,-,-,-,-,-,-,-,-,Shelby,Memphis,3
28980,301076662,0,1,36.475443,-82.263699,5,2026-04-18 08:20:00,2026,4,18,8,20,Saturday,08:20,Suspected Serious Injury,Daylight,Clear,Motor Vehicle-In-Transport On Same Roadway,None,BLUFF CITY POLICE DEPT,Other,Unbelted,-,-,-,-,-,-,-,-,-,-,Motorcyclist,-,Sullivan,Bluff City,7
28994,301076748,0,2,36.547688,-82.49869,5,2026-04-22 13:36:00,2026,4,22,13,36,Wednesday,13:36,Suspected Serious Injury,Daylight,Clear,Motor Vehicle-In-Transport On Same Roadway,None,KINGSPORT POLICE DEPARTMENT,Other,Unbelted,-,-,-,-,-,-,-,-,-,-,-,-,Sullivan,Kingsport,4
29005,301076821,0,2,35.132828,-90.02421,4,2026-04-21 20:52:00,2026,4,21,20,52,Tuesday,20:52,Suspected Serious Injury,Dark-Lighted,Clear,Motor Vehicle-In-Transport On Same Roadway,None,MEMPHIS POLICE DEPT,Other,Unbelted,-,-,-,-,-,-,-,-,-,-,-,-,Shelby,Memphis,3
29008,301076835,0,1,35.202003,-89.9202,4,2026-04-21 23:58:00,2026,4,21,23,58,Tuesday,23:58,Suspected Serious Injury,Dark-Lighted,Clear,Motor Vehicle-In-Transport On Same Roadway,None,MEMPHIS POLICE DEPT,Other,Unbelted,-,Drinking,Drug,-,-,-,-,-,-,-,-,-,Shelby,Memphis,3
29026,301076957,2,0,35.004333,-85.222168,2,2026-04-21 23:11:00,2026,4,21,23,11,Tuesday,23:11,Fatal,Dark-Lighted,Clear,Motor Vehicle-In-Transport On Same Roadway,None,CHATTANOOGA POLICE DEPT,Other,Unbelted,-,-,Drug,-,-,-,-,-,-,ATV_Involved,-,-,Hamilton,Chattanooga,3
29030,301076976,0,1,36.209984,-83.0138,5,2026-04-20 22:37:00,2026,4,20,22,37,Monday,22:37,Suspected Serious Injury,Dark-Lighted,Clear,Motor Vehicle-In-Transport On Same Roadway,None,MOSHEIM POLICE DEPT,Other,Unbelted,-,-,-,-,-,-,-,-,-,ATV_Involved,-,-,Greene,Mosheim,2
29038,301077017,0,1,35.01894,-90.04959,4,2026-04-23 20:20:00,2026,4,23,20,20,Thursday,20:20,Suspected Serious Injury,Dark-Lighted,Clear,Pedestrian,None,MEMPHIS POLICE DEPT,Other,-,-,-,-,-,-,-,Pedestrian,-,-,-,-,-,Shelby,Memphis,5
29041,301077024,0,1,36.552174,-82.62309,5,2026-04-23 17:15:00,2026,4,23,17,15,Thursday,17:15,Suspected Serious Injury,Daylight,Clear,Motor Vehicle-In-Transport On Same Roadway,None,KINGSPORT POLICE DEPARTMENT,Other,Unbelted,-,-,-,-,-,-,-,-,-,-,-,-,Hawkins,Kingsport,5
29042,301077034,1,0,35.10871,-89.97572,4,2026-04-23 22:42:00,2026,4,23,22,42,Thursday,22:42,Fatal,Dark-Lighted,Clear,Pedestrian,None,MEMPHIS POLICE DEPT,Other,-,-,-,-,-,-,-,Pedestrian,-,-,-,-,-,Shelby,Memphis,5
29048,301077055,0,1,36.529903,-82.52501,5,2026-04-24 08:04:00,2026,4,24,8,4,Friday,08:04,Suspected Serious Injury,Daylight,Clear,Motor Vehicle-In-Transport On Same Roadway,None,KINGSPORT POLICE DEPARTMENT,Other,Unbelted,-,-,-,-,-,-,-,-,-,-,Motorcyclist,-,Sullivan,Kingsport,6
29051,301077068,0,1,35.04236,-85.226668,2,2026-04-24 11:40:00,2026,4,24,11,40,Friday,11:40,Suspected Serious Injury,Daylight,Clear,Mail Box,None,CHATTANOOGA POLICE DEPT,Other,Unbelted,-,-,-,Drowsy,-,-,-,-,-,-,-,-,Hamilton,Chattanooga,6
29058,301077119,1,1,35.1334,-89.980545,4,2026-04-23 20:40:00,2026,4,23,20,40,Thursday,20:40,Fatal,Dark-Lighted,Clear,Parked Motor Vehicle,None,MEMPHIS POLICE DEPT,Other,Unbelted,-,-,-,-,-,-,Pedestrian,-,-,-,-,-,Shelby,Memphis,5
29087,301077242,0,3,36.55154,-82.62839,5,2026-04-24 16:32:00,2026,4,24,16,32,Friday,16:32,Suspected Serious Injury,Daylight,Clear,Motor Vehicle-In-Transport On Same Roadway,None,KINGSPORT POLICE DEPARTMENT,Other,Unbelted,-,-,-,-,Speeding,-,-,-,-,-,-,-,Hawkins,Kingsport,6
29092,301077273,0,1,35.048357,-85.310538,2,2026-04-25 14:35:00,2026,4,25,14,35,Saturday,14:35,Suspected Serious Injury,Daylight,Clear,Pedal-Cycle,None,CHATTANOOGA POLICE DEPT,Other,Unbelted,-,-,-,-,-,Pedalcyclist,-,-,-,-,-,-,Hamilton,Chattanooga,7
29158,301077643,0,2,36.294327,-82.49168,5,2026-04-27 11:16:00,2026,4,27,11,16,Monday,11:16,Suspected Serious Injury,Daylight,Clear,Motor Vehicle-In-Transport On Same Roadway,None,JONESBOROUGH POLICE DEPT,Other,Unbelted,-,-,-,-,-,-,-,-,-,-,-,-,Washington,Jonesborough,2
29168,301077686,0,1,35.31063,-89.957092,4,2026-04-26 04:04:00,2026,4,26,4,4,Sunday,04:04,Suspected Serious Injury,Dark-Not Lighted,Clear,Embankment Earth,None,SHELBY CO SHERIFFS DEPT,Other,-,-,-,-,-,Speeding,-,-,-,-,-,Motorcyclist,-,Shelby,Not in City Limit,1
29178,301077739,0,1,35.016429,-85.2805,2,2026-04-28 12:15:00,2026,4,28,12,15,Tuesday,12:15,Suspected Serious Injury,Daylight,Cloudy,Motor Vehicle-In-Transport On Same Roadway,None,CHATTANOOGA POLICE DEPT,Other,Unbelted,-,-,-,-,-,-,-,-,-,-,-,-,Hamilton,Chattanooga,3
29188,301077782,0,1,35.021362,-85.359754,2,2026-04-28 12:51:00,2026,4,28,12,51,Tuesday,12:51,Suspected Serious Injury,Daylight,Cloudy,Motor Vehicle-In-Transport On Same Roadway,None,CHATTANOOGA POLICE DEPT,Other,Unbelted,-,-,-,-,-,-,-,-,-,-,-,-,Hamilton,Chattanooga,3