OBJECTID,MRN,Fatality,Injury,Latitude,Longitude,THP_District,Collision_Date,Collision_Year,Collision_Month,Collision_Day,Collision_Hour,Collision_Min,Collision_DOW,Collision_Time,Crash_Type,Light_Condition,Weather,First_Harmfu_Event,Work_Zone_Type,Agency_Name,THP,Unbelted,Distracted_Driver,Driver_Drinking,Driver_Drugged,Drowsy_Driver,Speeding_Involved,Pedalcyclist,Pedestrian,Other_Nonmotorist,ATV_Involved,LargeTruck_Involved,Motorcycle_Involved,SchoolBus,County,City,DOW_Nmb
29204,301077866,0,1,35.091776,-85.221327,2,2026-04-27 22:27:00,2026,4,27,22,27,Monday,22:27,Suspected Serious Injury,Dark-Lighted,Clear,Working Motor Vehicle,Work Zone,CHATTANOOGA POLICE DEPT,Other,Unbelted,-,-,-,-,-,-,-,-,-,-,-,-,Hamilton,Chattanooga,2
29214,301077913,0,2,35.373413,-89.87769,4,2026-04-17 12:58:00,2026,4,17,12,58,Friday,12:58,Suspected Serious Injury,Daylight,Clear,Motor Vehicle-In-Transport On Same Roadway,None,MILLINGTON POLICE DEPT,Other,Unbelted,-,-,-,-,-,-,-,-,-,-,-,-,Shelby,Millington,6
29215,301077918,0,2,35.020546,-89.904625,4,2026-04-29 06:00:00,2026,4,29,6,0,Wednesday,06:00,Suspected Serious Injury,Daylight,Clear,Motor Vehicle-In-Transport On Same Roadway,None,MEMPHIS POLICE DEPT,Other,Unbelted,-,-,-,-,-,-,-,-,-,-,-,-,Shelby,Memphis,4
29230,301078037,0,2,36.257496,-82.36276,5,2026-04-29 02:17:00,2026,4,29,2,17,Wednesday,02:17,Suspected Serious Injury,Dark-Not Lighted,Clear,Embankment Earth,None,WASHINGTON CO SHERIFFS DEPT,Other,Unbelted,-,-,-,-,Speeding,-,-,-,-,-,-,-,Washington,Not in City Limit,4
29243,301078118,0,1,35.034527,-85.295364,2,2026-04-30 08:00:00,2026,4,30,8,0,Thursday,08:00,Suspected Serious Injury,Daylight,Clear,Pedal-Cycle,None,CHATTANOOGA POLICE DEPT,Other,Unbelted,-,-,-,-,-,Pedalcyclist,-,-,-,-,-,-,Hamilton,Chattanooga,5
29252,301078167,0,1,36.551815,-82.62568,5,2026-04-30 15:18:00,2026,4,30,15,18,Thursday,15:18,Suspected Serious Injury,Daylight,Clear,Motor Vehicle-In-Transport On Same Roadway,None,KINGSPORT POLICE DEPARTMENT,Other,Unbelted,-,-,-,-,-,-,-,-,-,-,-,-,Hawkins,Kingsport,5
29253,301078169,0,1,36.06224,-82.8675,5,2026-04-30 16:32:00,2026,4,30,16,32,Thursday,16:32,Suspected Serious Injury,Daylight,Clear,Motor Vehicle-In-Transport On Same Roadway,None,GREENE CO SHERIFFS DEPT,Other,Unbelted,-,-,-,-,-,-,-,-,-,-,-,-,Greene,Not in City Limit,5
29255,301078175,0,1,35.362606,-89.8905,4,2026-04-25 16:32:00,2026,4,25,16,32,Saturday,16:32,Suspected Serious Injury,Daylight,Clear,Motor Vehicle-In-Transport On Same Roadway,None,MILLINGTON POLICE DEPT,Other,Unbelted,-,-,-,-,-,-,-,-,-,-,Motorcyclist,-,Shelby,Millington,7
29268,301078247,1,3,35.206627,-89.90824,4,2026-04-30 21:29:00,2026,4,30,21,29,Thursday,21:29,Fatal,Dark-Lighted,Clear,Curb,None,MEMPHIS POLICE DEPT,Other,Unbelted,-,Drinking,-,-,-,-,-,-,-,-,-,-,Shelby,Memphis,5
29269,301078249,0,1,36.316704,-82.8586,5,2026-04-30 22:25:00,2026,4,30,22,25,Thursday,22:25,Suspected Serious Injury,Dark-Not Lighted,Clear,Guard Rail Face,None,GREENE CO SHERIFFS DEPT,Other,-,-,-,-,-,Speeding,-,-,-,-,-,Motorcyclist,-,Greene,Not in City Limit,5
29285,301078330,0,1,35.141262,-90.03774,4,2026-05-01 08:51:00,2026,5,1,8,51,Friday,08:51,Suspected Serious Injury,Daylight,Clear,Parked Motor Vehicle,None,MEMPHIS POLICE DEPT,Other,Unbelted,-,-,-,-,-,-,-,-,-,-,-,-,Shelby,Memphis,6
29293,301078384,0,1,35.150913,-89.98125,4,2026-04-30 20:49:00,2026,4,30,20,49,Thursday,20:49,Suspected Serious Injury,Daylight,Clear,Pedestrian,None,MEMPHIS POLICE DEPT,Other,Unbelted,-,-,-,-,-,-,Pedestrian,-,-,-,-,-,Shelby,Memphis,5
29300,301078419,0,3,35.154644,-90.02509,4,2026-05-01 20:40:00,2026,5,1,20,40,Friday,20:40,Suspected Serious Injury,Dark-Lighted,Clear,Motor Vehicle-In-Transport On Same Roadway,None,MEMPHIS POLICE DEPT,Other,Unbelted,-,-,-,-,-,-,-,-,-,-,-,-,Shelby,Memphis,6
29346,301078671,0,1,35.161133,-89.917366,4,2026-05-03 19:10:00,2026,5,3,19,10,Sunday,19:10,Suspected Serious Injury,Daylight,Clear,Pedestrian,None,MEMPHIS POLICE DEPT,Other,-,-,-,-,-,-,-,Pedestrian,-,-,-,-,-,Shelby,Memphis,1
29359,301078735,0,1,36.499222,-87.338237,3,2026-05-02 05:38:04,2026,5,2,5,38,Saturday,05:38,Suspected Serious Injury,Dawn,Clear,Ditch,None,CLARKSVILLE POLICE DEPT,Other,Unbelted,-,-,-,-,-,-,-,-,-,-,-,-,Montgomery,Clarksville,7
29382,301078876,1,0,35.156944,-90.04743,4,2026-05-04 16:01:00,2026,5,4,16,1,Monday,16:01,Fatal,Daylight,Clear,Pedestrian,None,MEMPHIS POLICE DEPT,Other,Unbelted,-,-,-,-,-,-,Pedestrian,-,-,-,-,-,Shelby,Memphis,2
29392,301078925,0,2,36.5015,-86.8845,3,2026-05-04 17:32:00,2026,5,4,17,32,Monday,17:32,Suspected Serious Injury,Daylight,Clear,Motor Vehicle-In-Transport On Same Roadway,None,SPRINGFIELD POLICE DEPT,Other,Unbelted,-,-,-,-,-,-,-,-,-,-,Motorcyclist,-,Robertson,Springfield,2
29394,301078941,0,1,36.582133,-87.297379,3,2026-04-28 20:26:00,2026,4,28,20,26,Tuesday,20:26,Suspected Serious Injury,Dark-Not Lighted,Rain,Motor Vehicle-In-Transport On Same Roadway,None,CLARKSVILLE POLICE DEPT,Other,Unbelted,-,-,-,-,-,-,-,-,-,-,-,-,Montgomery,Clarksville,3
29395,301078942,0,2,36.595665,-87.285076,3,2026-04-09 06:00:00,2026,4,9,6,0,Thursday,06:00,Suspected Serious Injury,Daylight,Clear,Motor Vehicle-In-Transport On Same Roadway,None,CLARKSVILLE POLICE DEPT,Other,Unbelted,-,-,-,-,-,-,-,-,-,-,-,-,Montgomery,Clarksville,5
29397,301078947,0,1,35.106583,-89.89539,4,2026-05-03 12:01:00,2026,5,3,12,1,Sunday,12:01,Suspected Serious Injury,Daylight,Clear,Pedestrian,None,MEMPHIS POLICE DEPT,Other,Unbelted,-,-,-,-,-,-,Pedestrian,-,-,-,-,-,Shelby,Memphis,1
29400,301078957,1,0,36.602315,-87.423352,3,2026-04-27 21:14:00,2026,4,27,21,14,Monday,21:14,Fatal,Dark-Lighted,Cloudy,Pedal-Cycle,None,CLARKSVILLE POLICE DEPT,Other,Unbelted,-,-,-,-,-,Pedalcyclist,-,-,-,-,-,-,Montgomery,Clarksville,2
29442,301079210,0,1,35.106472,-85.272357,2,2026-05-04 21:05:00,2026,5,4,21,5,Monday,21:05,Suspected Serious Injury,Dark-Lighted,Clear,Pedestrian,None,CHATTANOOGA POLICE DEPT,Other,Unbelted,-,-,-,-,-,-,Pedestrian,-,-,-,-,-,Hamilton,Chattanooga,2
29476,301079375,0,2,35.107754,-89.93224,4,2026-05-06 00:00:00,2026,5,6,0,0,Wednesday,00:00,Suspected Serious Injury,Dark-Lighted,Rain,Motor Vehicle-In-Transport On Same Roadway,None,MEMPHIS POLICE DEPT,Other,Unbelted,-,-,-,-,-,-,-,-,-,-,-,-,Shelby,Memphis,4
29482,301079403,0,4,35.03894,-85.282855,2,2026-05-01 02:15:00,2026,5,1,2,15,Friday,02:15,Suspected Serious Injury,Dark-Lighted,Clear,Motor Vehicle-In-Transport On Same Roadway,None,CHATTANOOGA POLICE DEPT,Other,Unbelted,-,-,Drug,-,Speeding,-,-,-,-,-,-,-,Hamilton,Chattanooga,6
29501,301079511,0,1,35.204483,-89.777744,4,2026-05-05 19:55:00,2026,5,5,19,55,Tuesday,19:55,Suspected Serious Injury,Dark-Lighted,Rain,Motor Vehicle-In-Transport On Same Roadway,None,BARTLETT POLICE DEPT,Other,Unbelted,-,-,-,-,-,-,-,-,-,-,-,-,Shelby,Bartlett,3
29520,301079628,0,1,35.005634,-85.21736,2,2026-05-07 22:48:00,2026,5,7,22,48,Thursday,22:48,Suspected Serious Injury,Dark-Lighted,Clear,Other Non-Collision,None,CHATTANOOGA POLICE DEPT,Other,-,-,Drinking,-,-,-,-,-,-,-,-,Motorcyclist,-,Hamilton,Chattanooga,5
29533,301079729,0,3,35.026093,-85.251242,2,2026-05-08 13:21:00,2026,5,8,13,21,Friday,13:21,Suspected Serious Injury,Daylight,Clear,Motor Vehicle-In-Transport On Same Roadway,None,CHATTANOOGA POLICE DEPT,Other,Unbelted,-,-,-,-,-,-,-,-,-,-,-,-,Hamilton,Chattanooga,6
29538,301079748,0,4,35.182594,-84.85965,2,2026-05-08 13:15:00,2026,5,8,13,15,Friday,13:15,Suspected Serious Injury,Daylight,Clear,Motor Vehicle-In-Transport On Same Roadway,None,CLEVELAND POLICE DEPT,Other,Unbelted,-,-,-,-,-,-,-,-,-,-,-,-,Bradley,Cleveland,6
29548,301079808,0,2,35.037857,-90.026085,4,2026-05-08 14:40:00,2026,5,8,14,40,Friday,14:40,Suspected Serious Injury,Daylight,Clear,Motor Vehicle-In-Transport On Same Roadway,None,MEMPHIS POLICE DEPT,Other,Unbelted,-,-,-,-,-,-,-,-,-,-,Motorcyclist,-,Shelby,Memphis,6
29552,301079833,0,1,35.221107,-89.97553,4,2026-05-08 20:48:00,2026,5,8,20,48,Friday,20:48,Suspected Serious Injury,Dusk,Clear,Pedestrian,None,MEMPHIS POLICE DEPT,Other,Unbelted,-,-,-,-,-,-,Pedestrian,-,-,-,-,-,Shelby,Memphis,6
29569,301079937,0,1,36.215435,-82.52533,5,2026-04-30 17:28:00,2026,4,30,17,28,Thursday,17:28,Suspected Serious Injury,Daylight,Clear,Ditch,None,WASHINGTON CO SHERIFFS DEPT,Other,-,-,-,-,-,-,-,-,-,-,-,Motorcyclist,-,Washington,Not in City Limit,5
29581,301079997,1,3,35.218235,-89.97553,4,2026-05-09 22:40:00,2026,5,9,22,40,Saturday,22:40,Fatal,Dark-Lighted,Clear,Motor Vehicle-In-Transport On Same Roadway,None,MEMPHIS POLICE DEPT,Other,Unbelted,-,-,-,-,-,-,-,-,-,-,Motorcyclist,-,Shelby,Memphis,7
29587,301080009,0,1,36.54553,-82.504295,5,2026-05-10 00:02:00,2026,5,10,0,2,Sunday,00:02,Suspected Serious Injury,Dark-Lighted,Clear,Motor Vehicle-In-Transport On Same Roadway,None,KINGSPORT POLICE DEPARTMENT,Other,Unbelted,-,-,-,-,-,-,-,-,-,-,Motorcyclist,-,Sullivan,Kingsport,1
29589,301080021,0,1,35.00603,-89.919075,4,2026-05-10 01:30:00,2026,5,10,1,30,Sunday,01:30,Suspected Serious Injury,Dark-Lighted,Clear,Standing Tree,None,MEMPHIS POLICE DEPT,Other,Unbelted,-,-,-,-,-,-,-,-,-,-,-,-,Shelby,Memphis,1
29593,301080030,0,2,36.17912,-82.80948,5,2026-05-09 18:19:00,2026,5,9,18,19,Saturday,18:19,Suspected Serious Injury,Daylight,Clear,Motor Vehicle-In-Transport On Same Roadway,None,GREENEVILLE POLICE DEPT,Other,Unbelted,-,-,-,-,-,-,-,-,-,-,-,-,Greene,Greeneville,7
29608,301080096,0,1,35.353703,-89.86132,4,2026-05-04 11:35:00,2026,5,4,11,35,Monday,11:35,Suspected Serious Injury,Daylight,Clear,Motor Vehicle-In-Transport On Same Roadway,None,MILLINGTON POLICE DEPT,Other,Unbelted,-,-,Drug,-,-,-,-,-,-,-,-,-,Shelby,Millington,2
29613,301080110,0,2,36.536205,-82.548965,5,2026-05-10 04:56:00,2026,5,10,4,56,Sunday,04:56,Suspected Serious Injury,Dawn,Clear,Wall,None,KINGSPORT POLICE DEPARTMENT,Other,Unbelted,-,Drinking,-,-,-,-,-,-,-,-,-,-,Sullivan,Kingsport,1
29621,301080143,1,3,35.13483,-89.84029,4,2026-05-10 01:56:00,2026,5,10,1,56,Sunday,01:56,Fatal,Dark-Not Lighted,Clear,Motor Vehicle-In-Transport On Same Roadway,None,MEMPHIS POLICE DEPT,Other,Unbelted,-,-,-,-,-,-,-,-,-,-,-,-,Shelby,Memphis,1
29629,301080165,0,2,36.283123,-82.32395,5,2026-05-09 23:16:00,2026,5,9,23,16,Saturday,23:16,Suspected Serious Injury,Dark-Not Lighted,Clear,Ditch,None,JOHNSON CITY POLICE DEPT,Other,Unbelted,-,Drinking,Drug,-,-,-,-,-,-,-,-,-,Carter,Johnson City,7
29635,301080181,0,1,35.094985,-85.329092,2,2026-05-08 21:05:00,2026,5,8,21,5,Friday,21:05,Suspected Serious Injury,Dark-Lighted,Clear,Motor Vehicle-In-Transport On Same Roadway,None,CHATTANOOGA POLICE DEPT,Other,Unbelted,-,-,-,-,-,-,-,-,-,-,-,-,Hamilton,Chattanooga,6
29640,301080196,0,2,36.271687,-82.43733,5,2026-05-08 21:50:00,2026,5,8,21,50,Friday,21:50,Suspected Serious Injury,Dark-Not Lighted,Clear,Culvert,None,WASHINGTON CO SHERIFFS DEPT,Other,Unbelted,-,Drinking,-,-,Speeding,-,-,-,-,-,-,-,Washington,Not in City Limit,6
29666,301080358,1,0,35.049057,-89.82714,4,2026-05-11 15:50:00,2026,5,11,15,50,Monday,15:50,Fatal,Daylight,Clear,Motor Vehicle-In-Transport On Same Roadway,None,MEMPHIS POLICE DEPT,Other,Unbelted,-,-,-,-,-,-,-,-,-,-,Motorcyclist,-,Shelby,Memphis,2
29667,301080359,0,1,35.104248,-90.02048,4,2026-05-10 13:00:00,2026,5,10,13,0,Sunday,13:00,Suspected Serious Injury,Daylight,Clear,Motor Vehicle-In-Transport On Same Roadway,None,MEMPHIS POLICE DEPT,Other,Unbelted,-,-,-,-,-,-,-,-,-,-,-,-,Shelby,Memphis,1
29668,301080361,0,1,35.200912,-89.91247,4,2026-05-11 16:10:00,2026,5,11,16,10,Monday,16:10,Suspected Serious Injury,Daylight,Clear,Motor Vehicle-In-Transport On Same Roadway,None,MEMPHIS POLICE DEPT,Other,Unbelted,-,-,-,-,-,-,-,-,-,-,-,-,Shelby,Memphis,2
29671,301080388,0,1,35.06311,-90.0592,4,2026-05-11 21:24:00,2026,5,11,21,24,Monday,21:24,Suspected Serious Injury,Dark-Not Lighted,Clear,Motor Vehicle-In-Transport On Same Roadway,None,MEMPHIS POLICE DEPT,Other,Unbelted,-,-,-,-,-,-,-,-,-,-,-,-,Shelby,Memphis,2
29697,301080530,0,1,36.402115,-82.61731,5,2026-05-10 06:47:00,2026,5,10,6,47,Sunday,06:47,Suspected Serious Injury,Dawn,Clear,Guard Rail Face,None,WASHINGTON CO SHERIFFS DEPT,Other,Unbelted,-,Drinking,-,-,-,-,-,-,-,-,-,-,Washington,Not in City Limit,1
29701,301080581,1,1,35.07221,-90.025699,4,2026-05-12 22:22:00,2026,5,12,22,22,Tuesday,22:22,Fatal,Dark-Lighted,Clear,Motor Vehicle-In-Transport On Same Roadway,None,MEMPHIS POLICE DEPT,Other,-,-,Drinking,-,-,-,-,-,-,-,-,Motorcyclist,-,Shelby,Memphis,3
29704,301080596,0,1,35.203625,-89.92263,4,2026-05-12 13:46:00,2026,5,12,13,46,Tuesday,13:46,Suspected Serious Injury,Daylight,Clear,Motor Vehicle-In-Transport On Same Roadway,None,MEMPHIS POLICE DEPT,Other,Unbelted,-,-,-,-,-,-,-,-,-,-,Motorcyclist,-,Shelby,Memphis,3
29709,301080628,0,2,35.163914,-89.865364,4,2026-05-12 07:34:00,2026,5,12,7,34,Tuesday,07:34,Suspected Serious Injury,Daylight,Clear,Motor Vehicle-In-Transport On Same Roadway,None,MEMPHIS POLICE DEPT,Other,-,-,-,-,-,-,-,-,-,-,-,Motorcyclist,-,Shelby,Memphis,3
29733,301080769,0,1,35.109867,-90.02921,4,2026-05-13 04:00:00,2026,5,13,4,0,Wednesday,04:00,Suspected Serious Injury,Dark-Lighted,Clear,Parked Motor Vehicle,Construction Zone,MEMPHIS POLICE DEPT,Other,Unbelted,-,-,-,-,-,-,-,-,-,-,-,-,Shelby,Memphis,4
29735,301080771,0,6,35.215385,-89.99412,4,2026-05-13 15:35:00,2026,5,13,15,35,Wednesday,15:35,Suspected Serious Injury,Daylight,Clear,Motor Vehicle-In-Transport On Same Roadway,Utility Zone,MEMPHIS POLICE DEPT,Other,Unbelted,-,-,-,-,-,-,-,-,-,-,-,-,Shelby,Memphis,4
29737,301080777,0,1,36.4847,-86.8849,3,2026-05-13 20:40:00,2026,5,13,20,40,Wednesday,20:40,Suspected Serious Injury,Dark-Lighted,Clear,Motor Vehicle-In-Transport On Same Roadway,None,SPRINGFIELD POLICE DEPT,Other,Unbelted,-,-,-,-,-,-,-,-,-,-,-,-,Robertson,Springfield,4
29738,301080780,0,2,35.19183,-89.97579,4,2026-05-13 04:00:00,2026,5,13,4,0,Wednesday,04:00,Suspected Serious Injury,Dark-Lighted,Clear,Motor Vehicle-In-Transport On Same Roadway,None,MEMPHIS POLICE DEPT,Other,Unbelted,-,-,-,-,-,-,-,-,-,-,-,-,Shelby,Memphis,4
29751,301080852,1,1,35.04031,-85.300452,2,2026-05-12 14:42:00,2026,5,12,14,42,Tuesday,14:42,Fatal,Daylight,Clear,Motor Vehicle-In-Transport On Same Roadway,None,CHATTANOOGA POLICE DEPT,Other,Unbelted,-,-,-,-,Speeding,-,-,-,-,-,Motorcyclist,-,Hamilton,Chattanooga,3
29763,301080911,0,1,36.114006,-82.86891,5,2026-05-14 11:59:00,2026,5,14,11,59,Thursday,11:59,Suspected Serious Injury,Daylight,Clear,Other Animal,None,GREENE CO SHERIFFS DEPT,Other,-,-,-,-,-,-,-,-,-,-,-,Motorcyclist,-,Greene,Not in City Limit,5
29768,301080935,0,2,35.159798,-89.99112,4,2026-05-14 08:41:00,2026,5,14,8,41,Thursday,08:41,Suspected Serious Injury,Daylight,Clear,Utility Pole,None,MEMPHIS POLICE DEPT,Other,Unbelted,-,-,-,-,-,-,-,-,-,-,-,-,Shelby,Memphis,5
29775,301080962,0,1,35.203469,-84.842445,2,2026-05-14 16:45:00,2026,5,14,16,45,Thursday,16:45,Suspected Serious Injury,Daylight,Clear,Motor Vehicle-In-Transport On Same Roadway,None,CLEVELAND POLICE DEPT,Other,Unbelted,-,-,-,-,-,-,-,-,-,-,Motorcyclist,-,Bradley,Cleveland,5
29782,301081002,0,1,36.178074,-82.78208,5,2026-05-14 17:30:00,2026,5,14,17,30,Thursday,17:30,Suspected Serious Injury,Daylight,Clear,Motor Vehicle-In-Transport On Same Roadway,None,GREENEVILLE POLICE DEPT,Other,Unbelted,-,-,-,-,Speeding,-,-,-,-,-,-,-,Greene,Greeneville,5
29787,301081017,0,1,36.554836,-82.53515,5,2026-05-14 20:09:00,2026,5,14,20,9,Thursday,20:09,Suspected Serious Injury,Dark-Not Lighted,Clear,Boulder,None,KINGSPORT POLICE DEPARTMENT,Other,Unbelted,-,-,-,-,-,-,-,-,-,-,-,-,Sullivan,Kingsport,5
29817,301081218,0,2,35.14586,-84.87809,2,2026-05-15 20:45:00,2026,5,15,20,45,Friday,20:45,Suspected Serious Injury,Dusk,Clear,Shrubbery,None,CLEVELAND POLICE DEPT,Other,Unbelted,-,-,-,-,-,-,-,-,-,-,-,-,Bradley,Cleveland,6
29823,301081235,0,1,35.006207,-89.95455,4,2026-05-15 00:19:00,2026,5,15,0,19,Friday,00:19,Suspected Serious Injury,Dark-Lighted,Clear,Pedal-Cycle,None,MEMPHIS POLICE DEPT,Other,Unbelted,-,-,-,-,-,Pedalcyclist,-,-,-,-,-,-,Shelby,Memphis,6
29824,301081240,0,2,35.039769,-85.292115,2,2026-05-16 04:41:00,2026,5,16,4,41,Saturday,04:41,Suspected Serious Injury,Dark-Lighted,Clear,Motor Vehicle-In-Transport On Same Roadway,None,CHATTANOOGA POLICE DEPT,Other,Unbelted,-,-,-,-,-,-,-,-,-,-,-,-,Hamilton,Chattanooga,7
29837,301081296,1,0,35.021027,-90.00267,4,2026-05-16 12:35:00,2026,5,16,12,35,Saturday,12:35,Fatal,Daylight,Clear,Motor Vehicle-In-Transport On Same Roadway,None,MEMPHIS POLICE DEPT,Other,Unbelted,-,-,-,-,-,-,-,-,-,-,Motorcyclist,-,Shelby,Memphis,7
29848,301081343,0,2,35.44968,-84.62475,2,2026-05-16 12:32:00,2026,5,16,12,32,Saturday,12:32,Suspected Serious Injury,Daylight,Clear,Motor Vehicle-In-Transport On Same Roadway,None,ATHENS POLICE DEPT,Other,Unbelted,-,-,-,-,-,-,-,-,-,-,-,-,McMinn,Athens,7
29868,301081414,0,1,36.174957,-82.52079,5,2026-05-16 21:25:00,2026,5,16,21,25,Saturday,21:25,Suspected Serious Injury,Dark-Not Lighted,Clear,Motor Vehicle-In-Transport On Same Roadway,None,WASHINGTON CO SHERIFFS DEPT,Other,Unbelted,-,-,-,-,Speeding,-,-,-,-,-,Motorcyclist,-,Washington,Not in City Limit,7
29876,301081473,0,2,35.08684,-85.06975,2,2026-05-17 16:10:00,2026,5,17,16,10,Sunday,16:10,Suspected Serious Injury,Daylight,Clear,Motor Vehicle-In-Transport On Same Roadway,None,CHATTANOOGA POLICE DEPT,Other,Unbelted,-,-,-,-,-,-,-,-,-,-,-,-,Hamilton,Chattanooga,1
29893,301081577,0,1,35.132877,-90.02603,4,2026-05-18 09:45:00,2026,5,18,9,45,Monday,09:45,Suspected Serious Injury,Daylight,Clear,Motor Vehicle-In-Transport On Same Roadway,None,MEMPHIS POLICE DEPT,Other,Unbelted,-,-,-,-,-,-,-,-,-,-,Motorcyclist,-,Shelby,Memphis,2
29896,301081598,0,3,35.234589,-89.837991,4,2026-05-14 15:05:00,2026,5,14,15,5,Thursday,15:05,Suspected Serious Injury,Daylight,Clear,Pedestrian,None,BARTLETT POLICE DEPT,Other,Unbelted,-,-,-,-,-,-,Pedestrian,-,-,-,-,-,Shelby,Bartlett,5
29913,301081667,1,0,35.07929,-89.98485,4,2026-05-18 12:54:00,2026,5,18,12,54,Monday,12:54,Fatal,Daylight,Clear,Pedestrian,None,MEMPHIS POLICE DEPT,Other,Unbelted,-,-,-,-,-,-,Pedestrian,-,-,-,-,-,Shelby,Memphis,2
29924,301081731,0,1,35.198265,-90.03482,4,2026-05-18 17:00:00,2026,5,18,17,0,Monday,17:00,Suspected Serious Injury,Dusk,Clear,Motor Vehicle-In-Transport On Same Roadway,None,MEMPHIS POLICE DEPT,Other,Unbelted,-,-,-,-,-,-,-,-,-,-,-,-,Shelby,Memphis,2
29927,301081747,1,0,35.020447,-85.327393,2,2026-05-16 13:25:00,2026,5,16,13,25,Saturday,13:25,Fatal,Daylight,Clear,Motor Vehicle-In-Transport On Same Roadway,None,CHATTANOOGA POLICE DEPT,Other,Unbelted,-,-,-,-,-,-,-,-,-,-,Motorcyclist,-,Hamilton,Chattanooga,7
29941,301081827,0,1,36.590466,-82.22828,5,2026-05-18 14:57:00,2026,5,18,14,57,Monday,14:57,Suspected Serious Injury,Daylight,Clear,Utility Pole,None,BRISTOL POLICE DEPT,Other,Unbelted,-,-,-,-,-,-,-,-,-,-,-,-,Sullivan,Bristol,2
29947,301081854,1,0,36.302822,-82.460815,5,2026-05-19 11:26:00,2026,5,19,11,26,Tuesday,11:26,Fatal,Daylight,Clear,Pedestrian,None,JONESBOROUGH POLICE DEPT,Other,Unbelted,-,-,-,-,-,-,Pedestrian,-,-,-,-,-,Washington,Jonesborough,3
29958,301081932,0,1,35.146618,-85.273462,2,2026-05-19 18:30:00,2026,5,19,18,30,Tuesday,18:30,Suspected Serious Injury,Daylight,Clear,Motor Vehicle-In-Transport On Same Roadway,None,CHATTANOOGA POLICE DEPT,Other,Unbelted,-,-,-,-,-,-,-,-,-,-,-,-,Hamilton,Chattanooga,3
29977,301082020,0,3,35.21031,-84.857635,2,2026-05-20 06:31:00,2026,5,20,6,31,Wednesday,06:31,Suspected Serious Injury,Daylight,Clear,Motor Vehicle-In-Transport On Same Roadway,None,CLEVELAND POLICE DEPT,Other,Unbelted,-,-,-,-,-,-,-,-,-,ATV_Involved,-,-,Bradley,Cleveland,4
30025,301082314,0,1,36.38527,-82.432915,5,2026-05-20 13:09:00,2026,5,20,13,9,Wednesday,13:09,Suspected Serious Injury,Daylight,Clear,Motor Vehicle-In-Transport On Same Roadway,None,JOHNSON CITY POLICE DEPT,Other,Unbelted,-,-,-,-,-,-,-,-,-,-,-,-,Washington,Johnson City,4
30046,301082413,1,0,35.131866,-89.79709,4,2026-05-21 06:19:00,2026,5,21,6,19,Thursday,06:19,Fatal,Daylight,Clear,Motor Vehicle-In-Transport On Same Roadway,None,MEMPHIS POLICE DEPT,Other,Unbelted,-,-,-,-,-,-,-,-,-,-,Motorcyclist,-,Shelby,Memphis,5
30050,301082457,0,3,35.015673,-85.277391,2,2026-05-22 06:24:00,2026,5,22,6,24,Friday,06:24,Suspected Serious Injury,Dawn,Rain,Concrete Traffic Barrier,None,CHATTANOOGA POLICE DEPT,Other,Unbelted,-,-,-,Drowsy,-,-,-,-,-,-,-,-,Hamilton,Chattanooga,6
30051,301082462,0,1,35.34531,-89.907646,4,2026-05-18 16:35:00,2026,5,18,16,35,Monday,16:35,Suspected Serious Injury,Daylight,Clear,Motor Vehicle-In-Transport On Same Roadway,None,MILLINGTON POLICE DEPT,Other,Unbelted,-,-,-,-,Speeding,-,-,-,-,-,Motorcyclist,-,Shelby,Millington,2
30058,301082517,0,2,35.05359,-85.30662,2,2026-05-22 16:50:00,2026,5,22,16,50,Friday,16:50,Suspected Serious Injury,Daylight,Clear,Motor Vehicle-In-Transport On Same Roadway,None,CHATTANOOGA POLICE DEPT,Other,Unbelted,-,-,-,-,-,-,-,-,-,-,-,-,Hamilton,Chattanooga,6
30063,301082537,0,2,35.175114,-89.836426,4,2026-05-22 14:15:00,2026,5,22,14,15,Friday,14:15,Suspected Serious Injury,Daylight,Clear,Ditch,None,MEMPHIS POLICE DEPT,Other,Unbelted,-,-,-,-,-,-,-,-,-,-,-,-,Shelby,Memphis,6
30066,301082549,0,1,35.17474,-89.979675,4,2026-05-22 02:50:00,2026,5,22,2,50,Friday,02:50,Suspected Serious Injury,Dark-Lighted,Rain,Pedestrian,None,MEMPHIS POLICE DEPT,Other,-,-,-,-,-,-,-,Pedestrian,-,-,-,-,-,Shelby,Memphis,6
30083,301082624,0,1,36.524036,-82.26343,5,2026-05-22 15:54:00,2026,5,22,15,54,Friday,15:54,Suspected Serious Injury,Daylight,Clear,Motor Vehicle-In-Transport On Same Roadway,None,BRISTOL POLICE DEPT,Other,Unbelted,-,-,-,-,-,-,-,-,-,-,-,-,Sullivan,Bristol,6
30087,301082647,0,2,35.79944,-84.27155,1,2026-05-22 18:12:00,2026,5,22,18,12,Friday,18:12,Suspected Serious Injury,Daylight,Cloudy,Motor Vehicle-In-Transport On Same Roadway,None,LENOIR CITY POLICE DEPT,Other,Unbelted,Distracted,-,-,-,-,-,-,-,-,-,-,-,Loudon,Lenoir City,6
30093,301082671,1,0,35.107063,-89.9145,4,2026-05-23 20:42:00,2026,5,23,20,42,Saturday,20:42,Fatal,Dark-Lighted,Rain,Utility Pole,None,MEMPHIS POLICE DEPT,Other,Unbelted,-,-,-,-,-,-,-,-,-,-,-,-,Shelby,Memphis,7
30100,301082733,0,1,35.141342,-89.87091,4,2026-05-24 08:50:00,2026,5,24,8,50,Sunday,08:50,Suspected Serious Injury,Daylight,Clear,Guard Rail Face,None,MEMPHIS POLICE DEPT,Other,Unbelted,-,-,-,-,-,-,-,-,-,-,-,-,Shelby,Memphis,1