OBJECTID,MRN,Fatality,Injury,Latitude,Longitude,THP_District,Collision_Date,Collision_Year,Collision_Month,Collision_Day,Collision_Hour,Collision_Min,Collision_DOW,Collision_Time,Crash_Type,Light_Condition,Weather,First_Harmfu_Event,Work_Zone_Type,Agency_Name,THP,Unbelted,Distracted_Driver,Driver_Drinking,Driver_Drugged,Drowsy_Driver,Speeding_Involved,Pedalcyclist,Pedestrian,Other_Nonmotorist,ATV_Involved,LargeTruck_Involved,Motorcycle_Involved,SchoolBus,County,City,DOW_Nmb
30104,301082748,0,4,35.128773,-89.949135,4,2026-05-23 17:52:00,2026,5,23,17,52,Saturday,17:52,Suspected Serious Injury,Daylight,Clear,Motor Vehicle-In-Transport On Same Roadway,None,MEMPHIS POLICE DEPT,Other,Unbelted,-,-,-,-,-,-,-,-,-,-,-,-,Shelby,Memphis,7
30114,301082802,0,1,35.07397,-89.905876,4,2026-05-24 20:30:00,2026,5,24,20,30,Sunday,20:30,Suspected Serious Injury,Dusk,Clear,Pedestrian,None,MEMPHIS POLICE DEPT,Other,-,-,-,-,-,-,-,Pedestrian,-,-,-,-,-,Shelby,Memphis,1
30117,301082823,0,2,35.18304,-84.829414,2,2026-05-23 19:52:00,2026,5,23,19,52,Saturday,19:52,Suspected Serious Injury,Daylight,Clear,Utility Pole,None,CLEVELAND POLICE DEPT,Other,Unbelted,-,-,-,-,-,-,-,-,-,-,-,-,Bradley,Cleveland,7
30122,301082844,0,1,35.108906,-90.00335,4,2026-05-25 00:00:00,2026,5,25,24,0,Monday,24:00,Suspected Serious Injury,Unknown,Unknown,Unknown,Unknown,MEMPHIS POLICE DEPT,Other,-,-,-,-,-,-,-,Pedestrian,-,-,-,-,-,Shelby,Memphis,2
30141,301082915,0,1,35.05968,-89.78361,4,2026-05-25 19:12:00,2026,5,25,19,12,Monday,19:12,Suspected Serious Injury,Daylight,Clear,Motor Vehicle-In-Transport On Same Roadway,None,MEMPHIS POLICE DEPT,Other,Unbelted,-,-,-,-,-,-,-,-,-,-,-,-,Shelby,Memphis,2
30153,301083016,0,1,36.547565,-82.5546,5,2026-05-26 12:19:00,2026,5,26,12,19,Tuesday,12:19,Suspected Serious Injury,Daylight,Clear,Pedal-Cycle,None,KINGSPORT POLICE DEPARTMENT,Other,Unbelted,-,Drinking,Drug,-,-,Pedalcyclist,-,-,-,-,-,-,Sullivan,Kingsport,3
30170,301083130,0,2,35.064816,-89.929436,4,2026-05-26 17:18:00,2026,5,26,17,18,Tuesday,17:18,Suspected Serious Injury,Daylight,Rain,Motor Vehicle-In-Transport On Same Roadway,None,MEMPHIS POLICE DEPT,Other,Unbelted,-,-,-,-,-,-,Pedestrian,-,-,-,-,-,Shelby,Memphis,3
30179,301083176,0,1,35.120179,-89.7714,4,2026-05-21 19:42:00,2026,5,21,19,42,Thursday,19:42,Suspected Serious Injury,Dark-Lighted,Clear,Parked Motor Vehicle,None,SHELBY CO SHERIFFS DEPT,Other,Unbelted,-,-,-,-,-,-,-,-,-,-,-,-,Shelby,Not in City Limit,5
30211,301083315,1,0,35.45624,-89.772766,4,2026-05-27 17:30:00,2026,5,27,17,30,Wednesday,17:30,Fatal,Daylight,Clear,Curb,Construction Zone,ATOKA POLICE DEPT,Other,Unbelted,-,-,-,-,-,-,-,-,-,-,-,-,Tipton,Atoka,4
30214,301083328,0,1,35.115685,-90.03888,4,2026-05-27 19:30:00,2026,5,27,19,30,Wednesday,19:30,Suspected Serious Injury,Daylight,Clear,Utility Pole,None,MEMPHIS POLICE DEPT,Other,Unbelted,-,-,-,-,-,-,-,-,-,-,-,-,Shelby,Memphis,4
30232,301083404,1,4,35.03125,-90.07737,4,2026-05-27 06:36:00,2026,5,27,6,36,Wednesday,06:36,Fatal,Daylight,Clear,Motor Vehicle-In-Transport On Same Roadway,None,MEMPHIS POLICE DEPT,Other,Unbelted,-,-,-,-,-,-,-,-,-,-,-,-,Shelby,Memphis,4
30234,301083418,0,1,35.367245,-89.886894,4,2026-05-26 13:29:00,2026,5,26,13,29,Tuesday,13:29,Suspected Serious Injury,Daylight,Clear,Standing Tree,None,MILLINGTON POLICE DEPT,Other,Unbelted,-,Drinking,-,-,-,-,-,-,-,-,-,-,Shelby,Millington,3
30236,301083423,1,1,35.07617,-89.985535,4,2026-05-28 07:21:00,2026,5,28,7,21,Thursday,07:21,Fatal,Daylight,Clear,Motor Vehicle-In-Transport On Same Roadway,None,MEMPHIS POLICE DEPT,Other,Unbelted,-,-,-,-,-,-,-,-,-,-,-,-,Shelby,Memphis,5
30238,301083441,0,1,36.547516,-82.517494,5,2026-05-28 13:30:00,2026,5,28,13,30,Thursday,13:30,Suspected Serious Injury,Daylight,Clear,Motor Vehicle-In-Transport On Same Roadway,None,KINGSPORT POLICE DEPARTMENT,Other,Unbelted,-,Drinking,-,-,-,-,-,-,-,-,-,-,Sullivan,Kingsport,5
30266,301083557,0,1,35.182827,-89.872,4,2026-05-29 02:30:00,2026,5,29,2,30,Friday,02:30,Suspected Serious Injury,Dark-Not Lighted,Clear,Utility Pole,None,MEMPHIS POLICE DEPT,Other,Unbelted,-,-,-,-,-,-,-,-,-,-,-,-,Shelby,Memphis,6
30285,301083677,0,1,36.555202,-82.62001,5,2026-05-29 18:04:00,2026,5,29,18,4,Friday,18:04,Suspected Serious Injury,Daylight,Clear,Wall,None,KINGSPORT POLICE DEPARTMENT,Other,-,-,-,-,-,-,-,-,-,-,-,Motorcyclist,-,Hawkins,Kingsport,6
30299,301083723,1,0,35.109856,-89.88973,4,2026-05-30 00:50:00,2026,5,30,0,50,Saturday,00:50,Fatal,Dark-Lighted,Clear,Pedestrian,None,MEMPHIS POLICE DEPT,Other,Unbelted,-,-,-,-,-,-,Pedestrian,-,-,-,-,-,Shelby,Memphis,7
30311,301083775,0,3,36.588623,-82.2583,5,2026-05-29 15:35:00,2026,5,29,15,35,Friday,15:35,Suspected Serious Injury,Daylight,Clear,Concrete Traffic Barrier,None,BRISTOL POLICE DEPT,Other,Unbelted,-,-,-,-,-,-,-,-,-,-,-,-,Sullivan,Bristol,6
30314,301083785,0,1,36.260834,-82.55837,5,2026-05-28 15:56:00,2026,5,28,15,56,Thursday,15:56,Suspected Serious Injury,Daylight,Clear,Motor Vehicle-In-Transport On Same Roadway,None,WASHINGTON CO SHERIFFS DEPT,Other,Unbelted,-,-,-,-,-,-,-,-,-,ATV_Involved,-,-,Washington,Not in City Limit,5
30326,301083849,0,4,35.092175,-90.010282,4,2026-05-30 04:48:00,2026,5,30,4,48,Saturday,04:48,Suspected Serious Injury,Dark-Unknown Lighting,Clear,Curb,None,MEMPHIS POLICE DEPT,Other,Unbelted,-,-,-,-,-,-,-,-,-,-,-,-,Shelby,Memphis,7
30340,301083909,0,2,36.524006,-82.26339,5,2026-05-30 19:28:00,2026,5,30,19,28,Saturday,19:28,Suspected Serious Injury,Daylight,Clear,Motor Vehicle-In-Transport On Same Roadway,None,BRISTOL POLICE DEPT,Other,Unbelted,-,-,-,-,-,-,-,-,-,-,-,-,Sullivan,Bristol,7
30341,301083918,0,1,36.55832,-82.57483,5,2026-05-29 22:02:00,2026,5,29,22,2,Friday,22:02,Suspected Serious Injury,Dark-Lighted,Clear,Motor Vehicle-In-Transport On Same Roadway,None,KINGSPORT POLICE DEPARTMENT,Other,Unbelted,-,-,-,-,-,-,-,-,-,-,Motorcyclist,-,Sullivan,Kingsport,6
30346,301083932,0,2,35.361713,-89.89089,4,2026-05-22 12:00:00,2026,5,22,12,0,Friday,12:00,Suspected Serious Injury,Daylight,Clear,Motor Vehicle-In-Transport On Same Roadway,None,MILLINGTON POLICE DEPT,Other,Unbelted,-,-,-,-,-,-,-,-,-,-,-,-,Shelby,Millington,6
30348,301083936,0,2,35.236168,-90.013942,4,2026-05-23 14:50:00,2026,5,23,14,50,Saturday,14:50,Suspected Serious Injury,Daylight,Clear,Motor Vehicle-In-Transport On Same Roadway,None,SHELBY CO SHERIFFS DEPT,Other,Unbelted,-,-,-,-,-,-,-,-,-,ATV_Involved,-,-,Shelby,Not in City Limit,7
30391,301084108,0,2,36.517445,-82.51879,5,2026-06-01 12:45:00,2026,6,1,12,45,Monday,12:45,Suspected Serious Injury,Daylight,Clear,Curb,None,KINGSPORT POLICE DEPARTMENT,Other,Unbelted,-,-,-,-,-,-,-,-,-,-,-,-,Sullivan,Kingsport,2
30410,301084184,1,0,35.085995,-89.962364,4,2026-06-01 22:30:00,2026,6,1,22,30,Monday,22:30,Fatal,Dark-Lighted,Rain,Pedestrian,None,MEMPHIS POLICE DEPT,Other,Unbelted,-,-,-,-,-,-,Pedestrian,-,-,-,-,-,Shelby,Memphis,2
30414,301084215,2,1,35.052532,-89.96393,4,2026-06-02 02:30:00,2026,6,2,2,30,Tuesday,02:30,Fatal,Dark-Lighted,Clear,Motor Vehicle-In-Transport On Same Roadway,None,MEMPHIS POLICE DEPT,Other,Unbelted,-,-,-,-,Speeding,-,-,-,-,-,-,-,Shelby,Memphis,3
30417,301084245,0,1,35.03455,-89.79584,4,2026-06-01 15:45:00,2026,6,1,15,45,Monday,15:45,Suspected Serious Injury,Daylight,Clear,Motor Vehicle-In-Transport On Same Roadway,None,SHELBY CO SHERIFFS DEPT,Other,Unbelted,-,-,-,-,-,-,-,-,-,-,-,-,Shelby,Not in City Limit,2
30437,301084334,0,3,35.146755,-90.01537,4,2026-06-01 21:58:00,2026,6,1,21,58,Monday,21:58,Suspected Serious Injury,Dark-Lighted,Rain,Utility Pole,None,MEMPHIS POLICE DEPT,Other,Unbelted,-,-,-,-,-,-,-,-,-,-,-,-,Shelby,Memphis,2
30458,301084458,0,1,35.137985,-90.028175,4,2026-06-03 15:19:00,2026,6,3,15,19,Wednesday,15:19,Suspected Serious Injury,Daylight,Clear,Pedestrian,None,MEMPHIS POLICE DEPT,Other,Unbelted,-,-,-,-,-,-,Pedestrian,-,-,-,-,-,Shelby,Memphis,4
30466,301084499,0,1,36.51427,-82.51947,5,2026-06-03 20:26:00,2026,6,3,20,26,Wednesday,20:26,Suspected Serious Injury,Dark-Lighted,Clear,Utility Pole,None,KINGSPORT POLICE DEPARTMENT,Other,Unbelted,-,-,-,-,-,-,-,-,-,-,-,-,Sullivan,Kingsport,4
30471,301084518,1,1,35.04283,-90.06604,4,2026-06-03 23:18:00,2026,6,3,23,18,Wednesday,23:18,Fatal,Dark-Lighted,Clear,Motor Vehicle-In-Transport On Same Roadway,None,MEMPHIS POLICE DEPT,Other,Unbelted,-,-,-,-,-,-,-,-,-,-,-,-,Shelby,Memphis,4
30477,301084538,1,1,36.512264,-87.271659,3,2026-05-28 18:25:00,2026,5,28,18,25,Thursday,18:25,Fatal,Daylight,Cloudy,Motor Vehicle-In-Transport On Same Roadway,None,CLARKSVILLE POLICE DEPT,Other,Unbelted,Distracted,-,-,-,Speeding,-,-,-,-,-,Motorcyclist,-,Montgomery,Clarksville,5
30479,301084559,0,1,36.57052,-87.303837,3,2026-06-03 09:39:06,2026,6,3,9,39,Wednesday,09:39,Suspected Serious Injury,Daylight,Clear,Motor Vehicle-In-Transport On Same Roadway,None,CLARKSVILLE POLICE DEPT,Other,Unbelted,-,-,-,-,-,-,-,-,-,-,-,-,Montgomery,Clarksville,4
30489,301084625,0,1,35.185097,-84.8434,2,2026-06-04 16:56:00,2026,6,4,16,56,Thursday,16:56,Suspected Serious Injury,Daylight,Clear,Utility Pole,None,CLEVELAND POLICE DEPT,Other,Unbelted,-,-,-,Drowsy,-,-,-,-,-,-,-,-,Bradley,Cleveland,5
30490,301084628,0,1,34.997438,-85.283197,2,2026-06-02 21:15:00,2026,6,2,21,15,Tuesday,21:15,Suspected Serious Injury,Dark-Lighted,Clear,Motor Vehicle-In-Transport On Same Roadway,None,CHATTANOOGA POLICE DEPT,Other,Unbelted,-,-,-,-,-,-,-,-,-,-,Motorcyclist,-,Hamilton,Chattanooga,3
30503,301084710,0,2,35.177692,-89.93763,4,2026-06-04 22:18:00,2026,6,4,22,18,Thursday,22:18,Suspected Serious Injury,Dark-Lighted,Clear,Motor Vehicle-In-Transport On Same Roadway,None,MEMPHIS POLICE DEPT,Other,Unbelted,-,-,-,-,-,-,-,-,-,-,-,-,Shelby,Memphis,5
30510,301084740,0,1,36.593223,-87.289346,3,2026-05-31 13:05:10,2026,5,31,13,5,Sunday,13:05,Suspected Serious Injury,Daylight,Clear,Motor Vehicle-In-Transport On Same Roadway,None,CLARKSVILLE POLICE DEPT,Other,Unbelted,-,-,-,-,-,-,-,-,-,-,Motorcyclist,-,Montgomery,Clarksville,1
30515,301084775,1,1,35.16698,-89.95007,4,2026-06-05 03:03:00,2026,6,5,3,3,Friday,03:03,Fatal,Dark-Lighted,Clear,Pedal-Cycle,None,MEMPHIS POLICE DEPT,Other,Unbelted,-,-,Drug,-,-,Pedalcyclist,-,-,-,-,-,-,Shelby,Memphis,6
30519,301084806,0,1,35.148033,-90.02969,4,2026-06-05 12:21:00,2026,6,5,12,21,Friday,12:21,Suspected Serious Injury,Daylight,Clear,Motor Vehicle-In-Transport On Same Roadway,None,MEMPHIS POLICE DEPT,Other,-,-,-,-,-,-,-,-,-,-,-,Motorcyclist,-,Shelby,Memphis,6
30524,301084818,0,2,35.023586,-89.95099,4,2026-06-05 14:44:00,2026,6,5,14,44,Friday,14:44,Suspected Serious Injury,Daylight,Clear,Motor Vehicle-In-Transport On Same Roadway,None,MEMPHIS POLICE DEPT,Other,Unbelted,-,-,-,-,-,-,-,-,-,-,-,-,Shelby,Memphis,6
30535,301084891,0,2,35.094637,-89.949334,4,2026-06-05 21:00:00,2026,6,5,21,0,Friday,21:00,Suspected Serious Injury,Dark-Lighted,Clear,Motor Vehicle-In-Transport On Same Roadway,None,MEMPHIS POLICE DEPT,Other,Unbelted,-,-,-,-,-,-,-,-,-,-,-,-,Shelby,Memphis,6
30556,301084997,0,1,35.09137,-90.02517,4,2026-06-06 19:48:00,2026,6,6,19,48,Saturday,19:48,Suspected Serious Injury,Dusk,Clear,Standing Tree,None,MEMPHIS POLICE DEPT,Other,Unbelted,-,-,-,-,-,-,-,-,-,-,-,-,Shelby,Memphis,7
30561,301085015,1,0,35.06263,-89.91606,4,2026-06-07 01:05:00,2026,6,7,1,5,Sunday,01:05,Fatal,Dark-Lighted,Clear,Pedestrian,None,MEMPHIS POLICE DEPT,Other,-,-,-,-,-,-,-,Pedestrian,-,-,-,-,-,Shelby,Memphis,1
30569,301085030,0,3,35.076319,-85.266908,2,2026-06-07 02:21:00,2026,6,7,2,21,Sunday,02:21,Suspected Serious Injury,Dark-Lighted,Clear,Motor Vehicle-In-Transport On Same Roadway,None,CHATTANOOGA POLICE DEPT,Other,Unbelted,-,Drinking,Drug,-,-,-,-,-,-,-,-,-,Hamilton,Chattanooga,1
30581,301085096,0,1,35.15793,-89.9811,4,2026-06-07 06:09:00,2026,6,7,6,9,Sunday,06:09,Suspected Serious Injury,Daylight,Clear,Other Post/Pole Support,None,MEMPHIS POLICE DEPT,Other,Unbelted,-,-,-,Drowsy,-,-,-,-,-,-,-,-,Shelby,Memphis,1
30584,301085111,0,1,36.172752,-82.825294,5,2026-06-07 17:42:00,2026,6,7,17,42,Sunday,17:42,Suspected Serious Injury,Daylight,Clear,Pedal-Cycle,None,GREENEVILLE POLICE DEPT,Other,Unbelted,-,-,-,-,-,Pedalcyclist,-,-,-,-,-,-,Greene,Greeneville,1
30586,301085130,0,1,35.09702,-89.93052,4,2026-06-07 20:38:00,2026,6,7,20,38,Sunday,20:38,Suspected Serious Injury,Dark-Lighted,Clear,Pedestrian,None,MEMPHIS POLICE DEPT,Other,-,-,-,-,-,-,-,Pedestrian,-,-,-,-,-,Shelby,Memphis,1
30596,301085165,0,1,36.178497,-82.45424,5,2026-06-07 20:59:00,2026,6,7,20,59,Sunday,20:59,Suspected Serious Injury,Dusk,Clear,Embankment Earth,None,WASHINGTON CO SHERIFFS DEPT,Other,-,-,Drinking,Drug,-,Speeding,-,-,-,-,-,Motorcyclist,-,Washington,Not in City Limit,1
30601,301085173,1,0,36.40657,-82.621475,5,2026-06-05 19:30:00,2026,6,5,19,30,Friday,19:30,Fatal,Dusk,Clear,Guard Rail Face,None,WASHINGTON CO SHERIFFS DEPT,Other,-,-,Drinking,-,-,Speeding,-,-,-,-,-,Motorcyclist,-,Washington,Not in City Limit,6
30607,301085196,0,3,36.524875,-87.225038,3,2026-06-06 15:46:07,2026,6,6,15,46,Saturday,15:46,Suspected Serious Injury,Daylight,Clear,Motor Vehicle-In-Transport On Same Roadway,None,CLARKSVILLE POLICE DEPT,Other,Unbelted,-,-,-,-,-,-,-,-,-,-,-,-,Montgomery,Clarksville,7
30612,301085213,0,3,35.192413,-89.92126,4,2026-06-06 06:41:00,2026,6,6,6,41,Saturday,06:41,Suspected Serious Injury,Daylight,Clear,Other Post/Pole Support,None,MEMPHIS POLICE DEPT,Other,Unbelted,-,-,-,-,-,-,-,-,-,-,-,-,Shelby,Memphis,7
30633,301085364,0,3,35.018725,-85.272229,2,2026-06-08 16:15:00,2026,6,8,16,15,Monday,16:15,Suspected Serious Injury,Daylight,Clear,Utility Pole,None,CHATTANOOGA POLICE DEPT,Other,Unbelted,-,-,-,-,-,-,-,-,-,-,-,-,Hamilton,Chattanooga,2
30695,301085831,0,1,35.061825,-90.035965,4,2026-06-11 12:09:00,2026,6,11,12,9,Thursday,12:09,Suspected Serious Injury,Daylight,Clear,Motor Vehicle-In-Transport On Same Roadway,None,MEMPHIS POLICE DEPT,Other,Unbelted,-,-,-,-,-,-,-,-,-,-,-,-,Shelby,Memphis,5
30698,301085839,0,1,35.191994,-90.007965,4,2026-06-11 06:30:00,2026,6,11,6,30,Thursday,06:30,Suspected Serious Injury,Daylight,Clear,Motor Vehicle-In-Transport On Same Roadway,Construction Zone,MEMPHIS POLICE DEPT,Other,Unbelted,-,-,-,-,-,-,-,-,-,ATV_Involved,-,-,Shelby,Memphis,5
30713,301085919,0,1,35.115646,-90.03716,4,2026-06-11 22:50:00,2026,6,11,22,50,Thursday,22:50,Suspected Serious Injury,Dark-Lighted,Clear,Pedestrian,None,MEMPHIS POLICE DEPT,Other,-,-,-,-,-,-,-,Pedestrian,-,-,-,-,-,Shelby,Memphis,5
30718,301085933,0,1,35.03998,-89.86641,4,2026-06-11 12:41:00,2026,6,11,12,41,Thursday,12:41,Suspected Serious Injury,Daylight,Clear,Pedal-Cycle,None,MEMPHIS POLICE DEPT,Other,-,-,-,-,-,-,Pedalcyclist,-,-,-,-,-,-,Shelby,Memphis,5
30719,301085938,0,1,36.246353,-82.60903,5,2026-06-12 01:25:00,2026,6,12,1,25,Friday,01:25,Suspected Serious Injury,Dark-Lighted,Clear,Deer,None,WASHINGTON CO SHERIFFS DEPT,Other,-,-,Drinking,Drug,-,-,-,-,-,-,-,Motorcyclist,-,Washington,Not in City Limit,6
30725,301085946,1,1,36.1742,-82.9077,5,2026-06-11 05:48:00,2026,6,11,5,48,Thursday,05:48,Fatal,Dawn,Clear,Motor Vehicle-In-Transport On Same Roadway,None,GREENEVILLE POLICE DEPT,Other,Unbelted,-,-,-,-,-,-,-,-,-,-,-,-,Greene,Greeneville,5
30742,301086048,1,3,35.23537,-90.01265,4,2026-06-12 12:37:00,2026,6,12,12,37,Friday,12:37,Fatal,Daylight,Rain,Motor Vehicle-In-Transport On Same Roadway,None,MEMPHIS POLICE DEPT,Other,Unbelted,-,Drinking,Drug,-,-,-,-,-,-,ATV_Involved,-,-,Shelby,Memphis,6
30747,301086068,0,2,35.04387,-89.88543,4,2026-06-12 18:10:00,2026,6,12,18,10,Friday,18:10,Suspected Serious Injury,Daylight,Clear,Motor Vehicle-In-Transport On Same Roadway,None,MEMPHIS POLICE DEPT,Other,Unbelted,-,-,-,-,-,-,-,-,-,-,-,-,Shelby,Memphis,6
30750,301086077,0,5,35.132023,-90.044075,4,2026-06-12 19:24:00,2026,6,12,19,24,Friday,19:24,Suspected Serious Injury,Dusk,Clear,Motor Vehicle-In-Transport On Same Roadway,None,MEMPHIS POLICE DEPT,Other,Unbelted,-,-,-,-,-,-,-,-,-,-,-,-,Shelby,Memphis,6
30754,301086107,0,1,35.142544,-89.998955,4,2026-06-12 12:44:00,2026,6,12,12,44,Friday,12:44,Suspected Serious Injury,Daylight,Rain,Motor Vehicle-In-Transport On Same Roadway,None,MEMPHIS POLICE DEPT,Other,Unbelted,-,-,-,-,-,-,-,-,-,-,-,-,Shelby,Memphis,6
30756,301086116,0,1,35.05453,-85.19181,2,2026-06-13 00:03:00,2026,6,13,0,3,Saturday,00:03,Suspected Serious Injury,Dark-Lighted,Clear,Motor Vehicle-In-Transport On Same Roadway,None,CHATTANOOGA POLICE DEPT,Other,Unbelted,-,-,-,-,-,-,-,-,-,-,Motorcyclist,-,Hamilton,Chattanooga,7
30763,301086144,0,1,36.393173,-82.67741,5,2026-06-12 13:45:00,2026,6,12,13,45,Friday,13:45,Suspected Serious Injury,Daylight,Clear,Ditch,None,GREENE CO SHERIFFS DEPT,Other,-,-,-,-,-,-,-,-,-,-,-,Motorcyclist,-,Greene,Not in City Limit,6
30770,301086179,1,0,35.034172,-90.02463,4,2026-06-12 15:28:00,2026,6,12,15,28,Friday,15:28,Fatal,Daylight,Clear,Pedestrian,None,MEMPHIS POLICE DEPT,Other,Unbelted,-,-,-,-,-,-,Pedestrian,-,-,-,-,-,Shelby,Memphis,6
30777,301086224,1,0,35.030217,-85.259158,2,2026-06-13 18:46:00,2026,6,13,18,46,Saturday,18:46,Fatal,Daylight,Clear,Concrete Traffic Barrier,None,CHATTANOOGA POLICE DEPT,Other,Unbelted,-,-,-,-,-,-,-,-,-,-,-,-,Hamilton,Chattanooga,7
30778,301086226,0,1,35.10014,-89.987175,4,2026-06-13 11:35:00,2026,6,13,11,35,Saturday,11:35,Suspected Serious Injury,Daylight,Clear,Pedestrian,None,MEMPHIS POLICE DEPT,Other,Unbelted,-,-,-,-,-,-,Pedestrian,-,-,-,-,-,Shelby,Memphis,7
30783,301086241,1,1,35.1069,-89.91436,4,2026-06-13 21:53:00,2026,6,13,21,53,Saturday,21:53,Fatal,Dark-Lighted,Unknown,Motor Vehicle-In-Transport On Same Roadway,None,MEMPHIS POLICE DEPT,Other,Unbelted,-,Drinking,Drug,-,-,-,-,-,-,-,-,-,Shelby,Memphis,7
30789,301086272,0,1,35.171463,-89.836655,4,2026-06-14 04:25:00,2026,6,14,4,25,Sunday,04:25,Suspected Serious Injury,Dark-Lighted,Clear,Other Non-Collision,None,MEMPHIS POLICE DEPT,Other,Unbelted,Distracted,-,-,-,-,-,-,-,-,-,-,-,Shelby,Memphis,1
30793,301086290,0,2,35.125713,-89.975876,4,2026-06-14 10:37:00,2026,6,14,10,37,Sunday,10:37,Suspected Serious Injury,Daylight,Clear,Motor Vehicle-In-Transport On Same Roadway,None,MEMPHIS POLICE DEPT,Other,Unbelted,-,-,-,-,-,-,-,-,ATV_Involved,-,-,-,Shelby,Memphis,1
30820,301086393,0,3,35.170544,-90.017,4,2026-06-14 00:55:00,2026,6,14,0,55,Sunday,00:55,Suspected Serious Injury,Dark-Lighted,Clear,Motor Vehicle-In-Transport On Same Roadway,None,MEMPHIS POLICE DEPT,Other,Unbelted,-,-,-,-,-,-,-,-,-,-,-,-,Shelby,Memphis,1
30861,301086605,2,4,35.192516,-89.98815,4,2026-06-15 23:55:00,2026,6,15,23,55,Monday,23:55,Fatal,Dark-Lighted,Clear,Other Post/Pole Support,Construction Zone,MEMPHIS POLICE DEPT,Other,Unbelted,-,Drinking,-,-,-,-,-,-,-,-,-,-,Shelby,Memphis,2
30864,301086616,0,1,35.356789,-89.894887,4,2026-06-04 21:00:00,2026,6,4,21,0,Thursday,21:00,Suspected Serious Injury,Dark-Lighted,Clear,Pedestrian,None,MILLINGTON POLICE DEPT,Other,Unbelted,-,-,-,-,-,-,Pedestrian,-,-,-,-,-,Shelby,Millington,5
30891,301086764,0,2,35.043706,-89.795957,4,2026-06-07 05:45:00,2026,6,7,5,45,Sunday,05:45,Suspected Serious Injury,Dark-Lighted,Cloudy,Motor Vehicle-In-Transport On Same Roadway,None,SHELBY CO SHERIFFS DEPT,Other,Unbelted,-,-,-,-,Speeding,-,-,-,-,-,-,-,Shelby,Not in City Limit,1
30898,301086806,0,3,35.456905,-89.77221,4,2026-06-16 17:48:00,2026,6,16,17,48,Tuesday,17:48,Suspected Serious Injury,Daylight,Clear,Motor Vehicle-In-Transport On Same Roadway,None,ATOKA POLICE DEPT,Other,Unbelted,-,-,-,-,-,-,-,-,-,-,-,-,Tipton,Atoka,3
30904,301086846,0,1,35.016517,-85.273078,2,2026-06-17 20:18:00,2026,6,17,20,18,Wednesday,20:18,Suspected Serious Injury,Dusk,Clear,Pedal-Cycle,None,CHATTANOOGA POLICE DEPT,Other,Unbelted,-,-,-,-,-,Pedalcyclist,-,-,-,-,-,-,Hamilton,Chattanooga,4
30909,301086876,0,1,35.46621,-84.60732,2,2026-06-17 22:17:00,2026,6,17,22,17,Wednesday,22:17,Suspected Serious Injury,Dark-Not Lighted,Clear,Culvert,None,ATHENS POLICE DEPT,Other,Unbelted,Distracted,Drinking,-,-,-,-,-,-,-,-,-,-,McMinn,Athens,4
30933,301086991,0,1,35.107895,-89.98464,4,2026-06-16 23:20:00,2026,6,16,23,20,Tuesday,23:20,Suspected Serious Injury,Dark-Lighted,Clear,Pedestrian,None,MEMPHIS POLICE DEPT,Other,Unbelted,-,-,-,-,-,-,Pedestrian,-,-,-,-,-,Shelby,Memphis,3
30946,301087069,0,1,36.530917,-87.356019,3,2026-06-17 17:04:00,2026,6,17,17,4,Wednesday,17:04,Suspected Serious Injury,Daylight,Clear,Utility Pole,None,CLARKSVILLE POLICE DEPT,Other,-,-,-,-,-,Speeding,-,-,-,-,-,Motorcyclist,-,Montgomery,Clarksville,4
30971,301087214,0,1,35.064842,-89.92936,4,2026-06-18 05:09:00,2026,6,18,5,9,Thursday,05:09,Suspected Serious Injury,Dawn,Clear,Pedestrian,None,MEMPHIS POLICE DEPT,Other,-,-,-,-,-,-,-,Pedestrian,-,-,-,-,-,Shelby,Memphis,5
30981,301087280,0,1,35.18284,-89.87134,4,2026-06-19 06:30:00,2026,6,19,6,30,Friday,06:30,Suspected Serious Injury,Daylight,Clear,Motor Vehicle-In-Transport On Same Roadway,None,MEMPHIS POLICE DEPT,Other,Unbelted,-,-,-,-,-,-,-,-,-,-,-,-,Shelby,Memphis,6
31004,301087380,0,1,36.566013,-82.45219,5,2026-06-20 04:47:00,2026,6,20,4,47,Saturday,04:47,Suspected Serious Injury,Dark-Lighted,Clear,Bridge Rail,None,KINGSPORT POLICE DEPARTMENT,Other,Unbelted,-,-,-,-,-,-,-,-,-,-,-,-,Sullivan,Kingsport,7
31008,301087393,0,1,36.024616,-82.736336,5,2026-06-19 17:47:00,2026,6,19,17,47,Friday,17:47,Suspected Serious Injury,Daylight,Clear,Standing Tree,None,GREENE CO SHERIFFS DEPT,Other,Unbelted,-,-,-,-,-,-,-,-,-,-,-,-,Greene,Not in City Limit,6
31020,301087488,0,1,35.179955,-90.03591,4,2026-06-20 21:26:00,2026,6,20,21,26,Saturday,21:26,Suspected Serious Injury,Dark-Lighted,Clear,Motor Vehicle-In-Transport On Same Roadway,None,MEMPHIS POLICE DEPT,Other,Unbelted,-,-,-,-,-,-,-,-,-,-,-,-,Shelby,Memphis,7
31027,301087523,1,0,35.049842,-89.839516,4,2026-06-21 04:19:00,2026,6,21,4,19,Sunday,04:19,Fatal,Dark-Lighted,Clear,Building,None,MEMPHIS POLICE DEPT,Other,Unbelted,-,-,Drug,-,-,-,-,-,-,-,-,-,Shelby,Memphis,1
31029,301087534,0,1,36.560265,-82.16018,5,2026-06-20 17:27:00,2026,6,20,17,27,Saturday,17:27,Suspected Serious Injury,Daylight,Clear,Motor Vehicle-In-Transport On Same Roadway,None,BRISTOL POLICE DEPT,Other,Unbelted,-,-,-,-,-,-,-,-,-,-,-,-,Sullivan,Bristol,7
31040,301087585,0,3,35.088254,-85.329554,2,2026-06-20 21:18:00,2026,6,20,21,18,Saturday,21:18,Suspected Serious Injury,Dusk,Clear,Motor Vehicle-In-Transport On Same Roadway,None,CHATTANOOGA POLICE DEPT,Other,Unbelted,-,-,-,-,-,-,-,-,-,-,-,-,Hamilton,Chattanooga,7