OBJECTID,MRN,Fatality,Injury,Latitude,Longitude,THP_District,Collision_Date,Collision_Year,Collision_Month,Collision_Day,Collision_Hour,Collision_Min,Collision_DOW,Collision_Time,Crash_Type,Light_Condition,Weather,First_Harmfu_Event,Work_Zone_Type,Agency_Name,THP,Unbelted,Distracted_Driver,Driver_Drinking,Driver_Drugged,Drowsy_Driver,Speeding_Involved,Pedalcyclist,Pedestrian,Other_Nonmotorist,ATV_Involved,LargeTruck_Involved,Motorcycle_Involved,SchoolBus,County,City,DOW_Nmb
31060,301087668,0,2,35.074637,-85.167999,2,2026-06-22 03:35:00,2026,6,22,3,35,Monday,03:35,Suspected Serious Injury,Dark-Not Lighted,Clear,Standing Tree,None,CHATTANOOGA POLICE DEPT,Other,Unbelted,-,-,-,-,-,-,-,-,-,-,-,-,Hamilton,Chattanooga,2
31066,301087704,0,3,35.13878,-84.96812,2,2026-06-22 06:35:00,2026,6,22,6,35,Monday,06:35,Suspected Serious Injury,Daylight,Clear,Motor Vehicle-In-Transport On Same Roadway,None,CLEVELAND POLICE DEPT,Other,Unbelted,-,-,-,-,-,-,-,-,-,ATV_Involved,-,-,Bradley,Cleveland,2
31086,301087838,0,1,35.019156,-85.266874,2,2026-06-18 22:40:00,2026,6,18,22,40,Thursday,22:40,Suspected Serious Injury,Dark-Lighted,Clear,Parked Motor Vehicle,None,CHATTANOOGA POLICE DEPT,Other,Unbelted,-,Drinking,-,-,-,-,-,-,-,ATV_Involved,-,-,Hamilton,Chattanooga,5
31087,301087845,0,1,35.217344,-89.909178,4,2026-06-22 22:46:00,2026,6,22,22,46,Monday,22:46,Suspected Serious Injury,Dark-Not Lighted,Clear,Other Post/Pole Support,None,MEMPHIS POLICE DEPT,Other,-,-,-,-,-,-,-,-,-,-,-,Motorcyclist,-,Shelby,Memphis,2
31110,301087978,0,1,35.198704,-89.908745,4,2026-06-23 19:30:00,2026,6,23,19,30,Tuesday,19:30,Suspected Serious Injury,Daylight,Clear,Motor Vehicle-In-Transport On Same Roadway,None,MEMPHIS POLICE DEPT,Other,Unbelted,-,-,-,-,-,-,-,-,-,-,Motorcyclist,-,Shelby,Memphis,3
31122,301088062,1,2,35.172024,-89.868416,4,2026-06-24 03:05:00,2026,6,24,3,5,Wednesday,03:05,Fatal,Dark-Lighted,Clear,Curb,None,MEMPHIS POLICE DEPT,Other,Unbelted,-,Drinking,Drug,-,Speeding,-,-,-,-,-,-,-,Shelby,Memphis,4
31145,301088154,0,1,35.099163,-90.07169,4,2026-06-24 16:00:00,2026,6,24,16,0,Wednesday,16:00,Suspected Serious Injury,Daylight,Clear,Pedal-Cycle,None,MEMPHIS POLICE DEPT,Other,Unbelted,-,-,-,-,-,Pedalcyclist,-,-,-,-,-,-,Shelby,Memphis,4
31153,301088182,0,1,35.130989,-85.244669,2,2026-06-25 03:00:00,2026,6,25,3,0,Thursday,03:00,Suspected Serious Injury,Dark-Not Lighted,Clear,Other Non-Collision,None,CHATTANOOGA POLICE DEPT,Other,-,-,-,-,-,Speeding,-,-,-,-,-,Motorcyclist,-,Hamilton,Chattanooga,5
31176,301088307,1,0,35.13185,-90.03109,4,2026-06-25 17:04:00,2026,6,25,17,4,Thursday,17:04,Fatal,Daylight,Clear,Embankment Earth,None,MEMPHIS POLICE DEPT,Other,Unbelted,-,-,-,-,-,-,-,-,-,-,-,-,Shelby,Memphis,5
31201,301088415,0,2,35.241096,-89.9257,4,2026-06-25 09:00:00,2026,6,25,9,0,Thursday,09:00,Suspected Serious Injury,Daylight,Clear,Motor Vehicle-In-Transport On Same Roadway,None,MEMPHIS POLICE DEPT,Other,Unbelted,-,-,-,-,-,-,-,-,-,-,Motorcyclist,-,Shelby,Memphis,5
31226,301088544,0,4,35.006474,-89.98988,4,2026-06-26 00:30:00,2026,6,26,0,30,Friday,00:30,Suspected Serious Injury,Dark-Lighted,Clear,Motor Vehicle-In-Transport On Same Roadway,None,MEMPHIS POLICE DEPT,Other,Unbelted,-,-,-,-,-,-,-,-,-,ATV_Involved,-,-,Shelby,Memphis,6
31237,301088616,0,4,35.163591,-89.748206,4,2026-06-27 11:30:00,2026,6,27,11,30,Saturday,11:30,Suspected Serious Injury,Daylight,Clear,Motor Vehicle-In-Transport On Same Roadway,None,SHELBY CO SHERIFFS DEPT,Other,Unbelted,-,-,-,-,-,-,-,-,-,-,-,-,Shelby,Not in City Limit,7
31239,301088626,0,2,35.048084,-89.78391,4,2026-06-27 16:38:00,2026,6,27,16,38,Saturday,16:38,Suspected Serious Injury,Daylight,Clear,Motor Vehicle-In-Transport On Same Roadway,None,MEMPHIS POLICE DEPT,Other,Unbelted,-,-,-,-,-,-,-,-,-,-,-,-,Shelby,Memphis,7
31258,301088693,1,0,35.162476,-89.9559,4,2026-06-27 22:30:00,2026,6,27,22,30,Saturday,22:30,Fatal,Dark-Lighted,Clear,Pedestrian,None,MEMPHIS POLICE DEPT,Other,-,-,-,-,-,-,-,Pedestrian,-,-,-,-,-,Shelby,Memphis,7
31270,301088761,0,1,36.19403,-82.79222,5,2026-06-28 13:16:00,2026,6,28,13,16,Sunday,13:16,Suspected Serious Injury,Daylight,Rain,"Over Turn, Roll Over",None,GREENEVILLE POLICE DEPT,Other,Unbelted,-,-,-,-,-,-,-,-,-,-,-,-,Greene,Greeneville,1
31272,301088768,0,1,35.038394,-85.313391,2,2026-06-28 09:35:00,2026,6,28,9,35,Sunday,09:35,Suspected Serious Injury,Daylight,Clear,Motor Vehicle-In-Transport On Same Roadway,None,CHATTANOOGA POLICE DEPT,Other,Unbelted,-,-,-,-,-,-,-,-,-,-,Motorcyclist,-,Hamilton,Chattanooga,1
31273,301088783,0,3,35.224754,-89.976,4,2026-06-28 04:00:00,2026,6,28,4,0,Sunday,04:00,Suspected Serious Injury,Dark-Lighted,Clear,Utility Pole,None,MEMPHIS POLICE DEPT,Other,Unbelted,-,-,-,-,-,-,-,-,-,-,-,-,Shelby,Memphis,1
31279,301088814,0,1,35.035024,-85.304411,2,2026-06-28 22:29:00,2026,6,28,22,29,Sunday,22:29,Suspected Serious Injury,Dark-Lighted,Clear,Motor Vehicle-In-Transport On Same Roadway,None,CHATTANOOGA POLICE DEPT,Other,Unbelted,-,-,-,-,-,-,-,-,-,-,-,-,Hamilton,Chattanooga,1
31308,301088970,0,1,35.1098,-90.02772,4,2026-06-26 18:00:00,2026,6,26,18,0,Friday,18:00,Suspected Serious Injury,Daylight,Clear,Motor Vehicle-In-Transport On Same Roadway,None,MEMPHIS POLICE DEPT,Other,Unbelted,-,-,-,-,-,-,-,-,-,-,Motorcyclist,-,Shelby,Memphis,6
31312,301088991,0,1,35.050545,-89.886215,4,2026-06-29 17:05:00,2026,6,29,17,5,Monday,17:05,Suspected Serious Injury,Daylight,Clear,Motor Vehicle-In-Transport On Same Roadway,None,MEMPHIS POLICE DEPT,Other,Unbelted,-,-,-,-,-,-,-,-,-,-,Motorcyclist,-,Shelby,Memphis,2
31355,301089239,1,0,35.26483,-89.706955,4,2026-06-18 20:45:00,2026,6,18,20,45,Thursday,20:45,Fatal,Dark-Not Lighted,Clear,Culvert,None,SHELBY CO SHERIFFS DEPT,Other,Unbelted,-,Drinking,-,-,-,-,-,-,-,-,-,-,Shelby,Lakeland,5
31380,301089394,1,1,35.115803,-90.014046,4,2026-07-01 16:15:00,2026,7,1,16,15,Wednesday,16:15,Fatal,Daylight,Clear,Other Fixed Object,None,MEMPHIS POLICE DEPT,Other,Unbelted,-,-,-,-,-,-,-,-,-,-,-,-,Shelby,Memphis,4
31406,301089510,0,3,35.113624,-85.255486,2,2026-07-02 13:50:00,2026,7,2,13,50,Thursday,13:50,Suspected Serious Injury,Daylight,Clear,Motor Vehicle-In-Transport On Same Roadway,None,CHATTANOOGA POLICE DEPT,Other,Unbelted,-,-,-,Drowsy,-,-,-,-,-,-,-,-,Hamilton,Chattanooga,5
31446,301089702,0,1,36.561096,-82.481,5,2026-07-03 16:36:00,2026,7,3,16,36,Friday,16:36,Suspected Serious Injury,Daylight,Clear,Mail Box,None,KINGSPORT POLICE DEPARTMENT,Other,Unbelted,-,-,-,-,-,-,-,-,-,-,-,-,Sullivan,Kingsport,6
31451,301089727,0,1,35.076416,-89.931526,4,2026-07-03 20:32:00,2026,7,3,20,32,Friday,20:32,Suspected Serious Injury,Daylight,Clear,Motor Vehicle-In-Transport On Same Roadway,None,MEMPHIS POLICE DEPT,Other,Unbelted,-,-,-,-,-,-,-,-,-,-,-,-,Shelby,Memphis,6
31452,301089734,0,1,35.021046,-89.989815,4,2026-07-03 20:50:00,2026,7,3,20,50,Friday,20:50,Suspected Serious Injury,Dark-Lighted,Clear,Motor Vehicle-In-Transport On Same Roadway,None,MEMPHIS POLICE DEPT,Other,Unbelted,-,-,-,-,-,-,-,-,-,-,-,-,Shelby,Memphis,6
31460,301089777,1,0,35.16908,-89.90226,4,2026-07-03 12:10:00,2026,7,3,12,10,Friday,12:10,Fatal,Daylight,Clear,Wall,None,MEMPHIS POLICE DEPT,Other,Unbelted,-,-,-,-,-,-,-,-,-,-,-,-,Shelby,Memphis,6
31463,301089797,1,0,35.078471,-89.907032,4,2026-07-04 00:01:00,2026,7,4,0,1,Saturday,00:01,Fatal,Unknown,Unknown,Wall,None,MEMPHIS POLICE DEPT,Other,Unbelted,-,-,-,-,-,-,-,-,-,-,-,-,Shelby,Memphis,7
31485,301089883,1,2,35.085697,-89.90715,4,2026-07-05 00:20:00,2026,7,5,0,20,Sunday,00:20,Fatal,Dark-Lighted,Clear,Motor Vehicle-In-Transport On Same Roadway,None,MEMPHIS POLICE DEPT,Other,Unbelted,-,Drinking,-,-,-,-,-,-,-,-,-,-,Shelby,Memphis,1
31508,301089995,0,1,35.21314,-90.00916,4,2026-07-05 21:30:00,2026,7,5,21,30,Sunday,21:30,Suspected Serious Injury,Dark-Lighted,Clear,Pedestrian,None,MEMPHIS POLICE DEPT,Other,-,-,-,-,-,-,-,Pedestrian,-,-,-,-,-,Shelby,Memphis,1
31526,301090186,0,1,35.108857,-89.995672,4,2026-07-06 22:34:00,2026,7,6,22,34,Monday,22:34,Suspected Serious Injury,Dark-Lighted,Clear,Pedestrian,None,MEMPHIS POLICE DEPT,Other,Unbelted,-,-,-,-,-,-,Pedestrian,-,-,-,-,-,Shelby,Memphis,2
31542,301090264,0,1,35.125496,-89.93433,4,2026-07-06 05:57:00,2026,7,6,5,57,Monday,05:57,Suspected Serious Injury,Daylight,Clear,Curb,None,MEMPHIS POLICE DEPT,Other,Unbelted,-,-,-,-,-,-,-,-,-,-,-,-,Shelby,Memphis,2
31563,301090389,1,0,36.171436,-82.817,5,2026-07-07 16:21:00,2026,7,7,16,21,Tuesday,16:21,Fatal,Daylight,Clear,Motor Vehicle-In-Transport On Same Roadway,None,GREENEVILLE POLICE DEPT,Other,Unbelted,-,-,-,-,-,-,-,-,-,-,Motorcyclist,-,Greene,Greeneville,3
31566,301090395,1,0,36.172585,-82.53308,5,2026-07-07 14:00:00,2026,7,7,14,0,Tuesday,14:00,Fatal,Daylight,Clear,Motor Vehicle-In-Transport On Same Roadway,None,WASHINGTON CO SHERIFFS DEPT,Other,Unbelted,-,Drinking,Drug,-,-,-,-,-,-,-,Motorcyclist,-,Washington,Not in City Limit,3
31568,301090402,0,4,35.06148,-85.193674,2,2026-07-07 15:55:00,2026,7,7,15,55,Tuesday,15:55,Suspected Serious Injury,Daylight,Clear,Motor Vehicle-In-Transport On Same Roadway,None,CHATTANOOGA POLICE DEPT,Other,Unbelted,-,-,-,-,-,-,-,-,-,-,-,-,Hamilton,Chattanooga,3
31569,301090407,0,2,35.101252,-85.170552,2,2026-07-08 06:54:00,2026,7,8,6,54,Wednesday,06:54,Suspected Serious Injury,Daylight,Clear,Ditch,None,CHATTANOOGA POLICE DEPT,Other,Unbelted,-,-,-,-,-,-,-,-,-,-,-,-,Hamilton,Chattanooga,4
31591,301090513,0,1,35.192345,-89.98252,4,2026-07-08 17:00:00,2026,7,8,17,0,Wednesday,17:00,Suspected Serious Injury,Daylight,Clear,Luminaire Light Support,None,MEMPHIS POLICE DEPT,Other,Unbelted,-,-,-,Drowsy,-,-,-,-,-,-,-,-,Shelby,Memphis,4
31605,301090595,0,1,36.251293,-82.41863,5,2026-07-08 15:00:00,2026,7,8,15,0,Wednesday,15:00,Suspected Serious Injury,Daylight,Clear,Bridge/Pier Abutment,None,WASHINGTON CO SHERIFFS DEPT,Other,Unbelted,-,-,-,-,Speeding,-,-,-,-,-,-,-,Washington,Not in City Limit,4
31619,301090690,0,5,35.20825,-90.00381,4,2026-07-08 12:00:00,2026,7,8,12,0,Wednesday,12:00,Suspected Serious Injury,Daylight,Clear,Motor Vehicle-In-Transport On Different Roadway,None,MEMPHIS POLICE DEPT,Other,Unbelted,-,-,-,-,-,-,-,-,-,-,-,-,Shelby,Memphis,4
31635,301090770,1,4,35.06108,-89.86543,4,2026-07-09 11:04:00,2026,7,9,11,4,Thursday,11:04,Fatal,Daylight,Clear,Motor Vehicle-In-Transport On Same Roadway,None,MEMPHIS POLICE DEPT,Other,Unbelted,-,-,-,-,-,-,-,-,-,-,-,-,Shelby,Memphis,5
31637,301090786,0,1,36.35959,-82.379036,5,2026-07-09 17:21:00,2026,7,9,17,21,Thursday,17:21,Suspected Serious Injury,Dawn,Clear,Motor Vehicle-In-Transport On Same Roadway,None,JOHNSON CITY POLICE DEPT,Other,Unbelted,-,-,-,-,-,-,-,-,-,-,Motorcyclist,-,Washington,Johnson City,5
31641,301090801,0,3,35.12392,-89.88763,4,2026-07-08 07:47:00,2026,7,8,7,47,Wednesday,07:47,Suspected Serious Injury,Daylight,Clear,Motor Vehicle-In-Transport On Same Roadway,None,MEMPHIS POLICE DEPT,Other,Unbelted,-,-,-,-,-,-,-,-,-,-,-,-,Shelby,Memphis,4
31644,301090811,0,1,36.545116,-82.56988,5,2026-07-10 08:30:00,2026,7,10,8,30,Friday,08:30,Suspected Serious Injury,Daylight,Clear,Bridge/Overhead Structure,None,KINGSPORT POLICE DEPARTMENT,Other,Unbelted,-,-,-,-,-,-,-,-,-,ATV_Involved,-,-,Sullivan,Kingsport,6
31673,301090928,0,1,36.179386,-82.802025,5,2026-07-10 21:27:00,2026,7,10,21,27,Friday,21:27,Suspected Serious Injury,Dark-Not Lighted,Clear,Pedestrian,None,GREENEVILLE POLICE DEPT,Other,Unbelted,-,-,-,-,-,-,Pedestrian,-,-,-,-,-,Greene,Greeneville,6
31678,301090941,0,3,35.14588,-89.91735,4,2026-07-11 00:25:00,2026,7,11,0,25,Saturday,00:25,Suspected Serious Injury,Dark-Lighted,Clear,Motor Vehicle-In-Transport On Same Roadway,None,MEMPHIS POLICE DEPT,Other,Unbelted,-,-,-,-,-,-,-,-,-,-,-,-,Shelby,Memphis,7
31682,301090962,0,2,36.15715,-82.61606,5,2026-07-08 19:48:00,2026,7,8,19,48,Wednesday,19:48,Suspected Serious Injury,Daylight,Clear,Motor Vehicle-In-Transport On Same Roadway,None,WASHINGTON CO SHERIFFS DEPT,Other,Unbelted,-,-,-,-,-,-,-,-,-,-,Motorcyclist,-,Washington,Not in City Limit,4
31683,301090964,0,2,35.193733,-89.92329,4,2026-07-11 02:47:00,2026,7,11,2,47,Saturday,02:47,Suspected Serious Injury,Dark-Lighted,Clear,Motor Vehicle-In-Transport On Same Roadway,None,MEMPHIS POLICE DEPT,Other,-,-,Drinking,-,-,-,-,-,-,-,-,-,-,Shelby,Memphis,7
31706,301091075,2,0,35.09817,-90.0559,4,2026-07-12 00:30:00,2026,7,12,0,30,Sunday,00:30,Fatal,Dark-Lighted,Clear,Motor Vehicle-In-Transport On Same Roadway,None,MEMPHIS POLICE DEPT,Other,Unbelted,-,-,-,-,-,-,-,-,-,-,-,-,Shelby,Memphis,1
31730,301091216,0,1,35.03422,-89.87574,4,2026-07-13 06:46:00,2026,7,13,6,46,Monday,06:46,Suspected Serious Injury,Daylight,Clear,Curb,None,MEMPHIS POLICE DEPT,Other,Unbelted,-,-,-,-,-,-,-,-,-,-,-,-,Shelby,Memphis,2
31731,301091217,0,3,35.15938,-84.83613,2,2026-07-11 18:00:00,2026,7,11,18,0,Saturday,18:00,Suspected Serious Injury,Daylight,Clear,Culvert,None,CLEVELAND POLICE DEPT,Other,Unbelted,Distracted,-,-,-,-,-,-,-,-,-,-,-,Bradley,Cleveland,7
31735,301091236,0,5,35.005718,-89.843503,4,2026-07-12 13:10:00,2026,7,12,13,10,Sunday,13:10,Suspected Serious Injury,Daylight,Clear,Other Post/Pole Support,None,SHELBY CO SHERIFFS DEPT,Other,Unbelted,-,-,-,-,-,-,-,-,-,-,-,-,Shelby,Not in City Limit,1
31768,301091413,0,1,36.633367,-87.428653,3,2026-07-07 00:47:26,2026,7,7,0,47,Tuesday,00:47,Suspected Serious Injury,Dark-Not Lighted,Clear,Ditch,None,CLARKSVILLE POLICE DEPT,Other,Unbelted,Distracted,-,-,Drowsy,-,-,-,-,-,-,-,-,Montgomery,Clarksville,3
31808,301091648,1,2,36.268368,-82.54006,5,2026-07-14 16:03:00,2026,7,14,16,3,Tuesday,16:03,Fatal,Daylight,Clear,Utility Pole,None,WASHINGTON CO SHERIFFS DEPT,Other,Unbelted,-,-,-,-,-,-,-,-,-,-,-,-,Washington,Not in City Limit,3
31849,301091830,0,1,35.01349,-89.95978,4,2026-07-12 22:25:00,2026,7,12,22,25,Sunday,22:25,Suspected Serious Injury,Dark-Lighted,Clear,Motor Vehicle-In-Transport On Same Roadway,None,MEMPHIS POLICE DEPT,Other,Unbelted,-,-,-,-,-,-,-,-,-,-,Motorcyclist,-,Shelby,Memphis,1
31851,301091845,0,1,36.529808,-82.524994,5,2026-07-16 10:08:00,2026,7,16,10,8,Thursday,10:08,Suspected Serious Injury,Daylight,Clear,Pedestrian,None,KINGSPORT POLICE DEPARTMENT,Other,Unbelted,-,-,-,-,-,-,Pedestrian,-,-,-,-,-,Sullivan,Kingsport,5
31856,301091878,0,2,35.19135,-84.88427,2,2026-07-16 13:15:00,2026,7,16,13,15,Thursday,13:15,Suspected Serious Injury,Daylight,Clear,Motor Vehicle-In-Transport On Same Roadway,None,CLEVELAND POLICE DEPT,Other,Unbelted,Distracted,-,-,-,-,-,-,-,-,-,-,-,Bradley,Cleveland,5
31859,301091894,0,2,35.186142,-84.869804,2,2026-07-16 16:21:00,2026,7,16,16,21,Thursday,16:21,Suspected Serious Injury,Daylight,Clear,Motor Vehicle-In-Transport On Same Roadway,None,CLEVELAND POLICE DEPT,Other,Unbelted,-,-,-,-,-,-,-,-,-,-,-,-,Bradley,Cleveland,5
31861,301091900,1,0,36.529074,-82.249892,5,2026-07-16 06:10:00,2026,7,16,6,10,Thursday,06:10,Fatal,Dawn,Clear,Motor Vehicle-In-Transport On Same Roadway,None,BRISTOL POLICE DEPT,Other,Unbelted,-,-,-,-,Speeding,-,-,-,-,-,Motorcyclist,-,Sullivan,Bristol,5
31871,301091952,1,0,35.029057,-85.186682,2,2026-07-11 23:07:00,2026,7,11,23,7,Saturday,23:07,Fatal,Dark-Not Lighted,Cloudy,Pedestrian,None,CHATTANOOGA POLICE DEPT,Other,Unbelted,-,-,-,-,-,-,Pedestrian,-,-,-,-,-,Hamilton,Chattanooga,7
31896,301092070,0,2,35.16373,-90.0367,4,2026-07-17 10:18:00,2026,7,17,10,18,Friday,10:18,Suspected Serious Injury,Daylight,Clear,Motor Vehicle-In-Transport On Same Roadway,None,MEMPHIS POLICE DEPT,Other,Unbelted,-,-,-,-,-,-,-,-,-,-,-,-,Shelby,Memphis,6
31904,301092095,0,3,35.017815,-85.178553,2,2026-07-17 16:00:00,2026,7,17,16,0,Friday,16:00,Suspected Serious Injury,Daylight,Clear,Motor Vehicle-In-Transport On Same Roadway,None,CHATTANOOGA POLICE DEPT,Other,Unbelted,-,-,-,-,-,-,-,-,-,ATV_Involved,-,-,Hamilton,Chattanooga,6
31917,301092156,1,0,35.109688,-90.02922,4,2026-07-18 03:26:00,2026,7,18,3,26,Saturday,03:26,Fatal,Dark-Lighted,Clear,Working Motor Vehicle,Construction Zone,MEMPHIS POLICE DEPT,Other,-,-,-,-,-,-,-,-,-,-,ATV_Involved,Motorcyclist,-,Shelby,Memphis,7
31920,301092166,0,1,35.022,-90.00709,4,2026-07-18 00:57:00,2026,7,18,0,57,Saturday,00:57,Suspected Serious Injury,Dark-Not Lighted,Clear,Pedestrian,None,MEMPHIS POLICE DEPT,Other,Unbelted,-,-,-,-,-,-,Pedestrian,-,-,-,-,-,Shelby,Memphis,7
31929,301092206,0,2,35.20461,-89.81429,4,2026-07-17 21:40:00,2026,7,17,21,40,Friday,21:40,Suspected Serious Injury,Dark-Lighted,Clear,Motor Vehicle-In-Transport On Same Roadway,None,MEMPHIS POLICE DEPT,Other,Unbelted,-,-,-,-,-,-,-,-,-,-,-,-,Shelby,Memphis,6
31937,301092260,0,2,35.143253,-84.92344,2,2026-07-18 16:33:00,2026,7,18,16,33,Saturday,16:33,Suspected Serious Injury,Daylight,Clear,Motor Vehicle-In-Transport On Same Roadway,None,CLEVELAND POLICE DEPT,Other,Unbelted,-,-,-,-,-,-,-,-,-,-,-,-,Bradley,Cleveland,7
31943,301092281,0,1,35.174805,-89.98089,4,2026-07-18 22:24:00,2026,7,18,22,24,Saturday,22:24,Suspected Serious Injury,Dark-Unknown Lighting,Clear,Pedal-Cycle,None,MEMPHIS POLICE DEPT,Other,Unbelted,-,-,-,-,-,Pedalcyclist,-,-,-,-,-,-,Shelby,Memphis,7
31944,301092284,1,0,35.19117,-90.01599,4,2026-07-19 01:15:00,2026,7,19,1,15,Sunday,01:15,Fatal,Dark-Lighted,Clear,Paved Surface-Irregular,Construction Zone,MEMPHIS POLICE DEPT,Other,Unbelted,-,-,-,-,-,-,-,-,-,-,-,-,Shelby,Memphis,1
31963,301092403,0,1,35.08613,-89.93971,4,2026-07-19 00:00:00,2026,7,19,24,0,Sunday,24:00,Suspected Serious Injury,Unknown,Clear,Pedestrian,None,MEMPHIS POLICE DEPT,Other,-,-,-,-,-,-,-,Pedestrian,-,-,-,-,-,Shelby,Memphis,1
31965,301092422,1,2,35.076416,-89.931526,4,2026-07-19 23:57:00,2026,7,19,23,57,Sunday,23:57,Fatal,Dark-Lighted,Clear,Motor Vehicle-In-Transport On Same Roadway,None,MEMPHIS POLICE DEPT,Other,Unbelted,-,-,-,-,-,-,-,-,-,-,-,-,Shelby,Memphis,1
31977,301092479,0,1,36.563012,-87.312551,3,2026-07-18 12:55:22,2026,7,18,12,55,Saturday,12:55,Suspected Serious Injury,Daylight,Clear,Motor Vehicle-In-Transport On Same Roadway,None,CLARKSVILLE POLICE DEPT,Other,Unbelted,-,-,-,-,-,-,-,-,-,-,Motorcyclist,-,Montgomery,Clarksville,7
31983,301092536,0,2,35.228846,-89.836237,4,2026-07-17 00:50:00,2026,7,17,0,50,Friday,00:50,Suspected Serious Injury,Dark-Lighted,Clear,Motor Vehicle-In-Transport On Same Roadway,None,BARTLETT POLICE DEPT,Other,Unbelted,-,-,-,-,-,-,-,-,-,-,-,-,Shelby,Bartlett,6
31985,301092549,0,1,35.153484,-84.86271,2,2026-07-20 15:30:00,2026,7,20,15,30,Monday,15:30,Suspected Serious Injury,Daylight,Clear,Pedal-Cycle,None,CLEVELAND POLICE DEPT,Other,Unbelted,-,-,-,-,-,Pedalcyclist,-,-,-,-,-,-,Bradley,Cleveland,2
31986,301092556,0,5,35.15302,-85.24144,2,2026-07-19 10:46:00,2026,7,19,10,46,Sunday,10:46,Suspected Serious Injury,Daylight,Clear,Motor Vehicle-In-Transport On Same Roadway,None,CHATTANOOGA POLICE DEPT,Other,Unbelted,-,-,-,-,-,-,-,-,-,-,-,-,Hamilton,Chattanooga,1
32005,301092666,1,0,36.627682,-87.358845,3,2026-07-10 03:33:00,2026,7,10,3,33,Friday,03:33,Fatal,Dark-Not Lighted,Rain,Pedestrian,None,CLARKSVILLE POLICE DEPT,Other,Unbelted,-,-,-,-,-,-,Pedestrian,-,-,-,-,-,Montgomery,Clarksville,6
32024,301092794,0,1,35.240894,-89.9271,4,2026-07-21 06:44:00,2026,7,21,6,44,Tuesday,06:44,Suspected Serious Injury,Daylight,Clear,Parked Motor Vehicle,None,MEMPHIS POLICE DEPT,Other,Unbelted,-,-,-,-,-,-,-,-,-,-,-,-,Shelby,Memphis,3
32029,301092819,0,2,35.120205,-89.98419,4,2026-07-22 01:30:00,2026,7,22,1,30,Wednesday,01:30,Suspected Serious Injury,Dark-Lighted,Clear,Curb,None,MEMPHIS POLICE DEPT,Other,Unbelted,-,-,-,-,-,-,-,-,-,-,-,-,Shelby,Memphis,4
32061,301092958,0,1,35.04357,-85.31285,2,2026-07-22 16:30:00,2026,7,22,16,30,Wednesday,16:30,Suspected Serious Injury,Daylight,Clear,Pedal-Cycle,None,CHATTANOOGA POLICE DEPT,Other,Unbelted,-,-,-,-,-,Pedalcyclist,-,-,-,-,-,-,Hamilton,Chattanooga,4
32082,301093089,1,0,35.24324,-89.931481,4,2026-07-23 05:15:00,2026,7,23,5,15,Thursday,05:15,Fatal,Dark-Lighted,Clear,Pedestrian,None,MEMPHIS POLICE DEPT,Other,Unbelted,-,-,-,-,-,-,Pedestrian,-,-,-,-,-,Shelby,Memphis,5
32094,301093148,0,1,35.02085,-89.96364,4,2026-07-22 21:09:00,2026,7,22,21,9,Wednesday,21:09,Suspected Serious Injury,Dark-Lighted,Clear,Motor Vehicle-In-Transport On Same Roadway,None,MEMPHIS POLICE DEPT,Other,Unbelted,-,-,-,-,-,-,-,Other_NM,-,-,-,-,Shelby,Memphis,4
32113,301093228,1,0,36.32264,-82.43127,5,2026-07-22 21:23:00,2026,7,22,21,23,Wednesday,21:23,Fatal,Dark-Not Lighted,Cloudy,Standing Tree,None,WASHINGTON CO SHERIFFS DEPT,Other,Unbelted,-,-,-,Drowsy,-,-,-,-,-,-,-,-,Washington,Not in City Limit,4
32151,301093360,0,2,35.05956,-85.131534,2,2026-07-24 15:50:00,2026,7,24,15,50,Friday,15:50,Suspected Serious Injury,Daylight,Clear,Motor Vehicle-In-Transport On Same Roadway,None,CHATTANOOGA POLICE DEPT,Other,Unbelted,-,-,-,-,-,-,-,-,-,-,-,-,Hamilton,Chattanooga,6
32156,301093390,1,0,35.135464,-90.002884,4,2026-07-24 22:10:00,2026,7,24,22,10,Friday,22:10,Fatal,Dark-Lighted,Clear,Pedestrian,None,MEMPHIS POLICE DEPT,Other,Unbelted,-,-,-,-,-,-,Pedestrian,-,-,-,-,-,Shelby,Memphis,6
32166,301093429,1,0,35.035313,-89.9586,4,2026-07-24 10:02:00,2026,7,24,10,2,Friday,10:02,Fatal,Daylight,Clear,Motor Vehicle-In-Transport On Same Roadway,None,MEMPHIS POLICE DEPT,Other,Unbelted,-,-,-,-,-,-,-,-,-,-,-,-,Shelby,Memphis,6
32182,301093531,0,1,35.09921,-89.94504,4,2026-07-25 18:36:00,2026,7,25,18,36,Saturday,18:36,Suspected Serious Injury,Unknown,Rain,Pedal-Cycle,None,MEMPHIS POLICE DEPT,Other,Unbelted,-,-,-,-,-,Pedalcyclist,-,-,-,-,-,-,Shelby,Memphis,7
32183,301093532,0,1,35.159217,-85.194907,2,2026-07-25 15:10:00,2026,7,25,15,10,Saturday,15:10,Suspected Serious Injury,Daylight,Clear,Motor Vehicle-In-Transport On Same Roadway,None,CHATTANOOGA POLICE DEPT,Other,Unbelted,-,-,-,-,-,-,-,-,-,-,Motorcyclist,-,Hamilton,Chattanooga,7
32188,301093544,1,0,35.11426,-85.128658,2,2026-07-25 21:48:00,2026,7,25,21,48,Saturday,21:48,Fatal,Dark-Not Lighted,Clear,Pedestrian,None,CHATTANOOGA POLICE DEPT,Other,Unbelted,-,-,-,-,-,-,Pedestrian,-,-,-,-,-,Hamilton,Chattanooga,7
32194,301093566,1,0,35.104927,-89.9826,4,2026-07-25 05:33:00,2026,7,25,5,33,Saturday,05:33,Fatal,Dark-Lighted,Clear,Pedestrian,None,MEMPHIS POLICE DEPT,Other,-,-,-,-,-,-,-,Pedestrian,-,-,-,-,-,Shelby,Memphis,7
32207,301093643,0,4,35.142963,-90.00425,4,2026-07-26 14:00:00,2026,7,26,14,0,Sunday,14:00,Suspected Serious Injury,Daylight,Clear,Motor Vehicle-In-Transport On Same Roadway,None,MEMPHIS POLICE DEPT,Other,Unbelted,-,-,-,-,-,-,-,-,-,-,-,-,Shelby,Memphis,1