OBJECTID,MRN,Fatality,Injury,Latitude,Longitude,THP_District,Collision_Date,Collision_Year,Collision_Month,Collision_Day,Collision_Hour,Collision_Min,Collision_DOW,Collision_Time,Crash_Type,Light_Condition,Weather,First_Harmfu_Event,Work_Zone_Type,Agency_Name,THP,Unbelted,Distracted_Driver,Driver_Drinking,Driver_Drugged,Drowsy_Driver,Speeding_Involved,Pedalcyclist,Pedestrian,Other_Nonmotorist,ATV_Involved,LargeTruck_Involved,Motorcycle_Involved,SchoolBus,County,City,DOW_Nmb
32215,301093662,0,1,35.065007,-90.006952,4,2026-07-26 23:41:00,2026,7,26,23,41,Sunday,23:41,Suspected Serious Injury,Dark-Lighted,Clear,Curb,None,MEMPHIS POLICE DEPT,Other,-,-,-,-,-,-,-,-,-,-,-,Motorcyclist,-,Shelby,Memphis,1
32232,301093752,0,1,35.143253,-84.92344,2,2026-07-27 15:00:00,2026,7,27,15,0,Monday,15:00,Suspected Serious Injury,Daylight,Clear,Motor Vehicle-In-Transport On Same Roadway,None,CLEVELAND POLICE DEPT,Other,Unbelted,-,-,-,-,-,-,-,-,-,-,Motorcyclist,-,Bradley,Cleveland,2
32235,301093767,0,2,35.053263,-85.260921,2,2026-07-27 15:10:00,2026,7,27,15,10,Monday,15:10,Suspected Serious Injury,Daylight,Clear,Motor Vehicle-In-Transport On Same Roadway,None,CHATTANOOGA POLICE DEPT,Other,Unbelted,-,-,-,-,-,-,-,-,-,-,-,-,Hamilton,Chattanooga,2
32239,301093813,0,1,35.195087,-89.89963,4,2026-07-27 22:05:00,2026,7,27,22,5,Monday,22:05,Suspected Serious Injury,Dark-Not Lighted,Clear,Pedestrian,None,MEMPHIS POLICE DEPT,Other,-,-,-,-,-,-,-,Pedestrian,-,-,-,-,-,Shelby,Memphis,2
32245,301093843,1,0,35.294968,-89.964516,4,2026-07-22 17:05:00,2026,7,22,17,5,Wednesday,17:05,Fatal,Daylight,Clear,Pedestrian,None,SHELBY CO SHERIFFS DEPT,Other,Unbelted,-,-,-,-,Speeding,-,Pedestrian,-,-,ATV_Involved,-,-,Shelby,Not in City Limit,4
32258,301093929,0,3,35.1542,-89.72764,4,2026-07-22 22:05:00,2026,7,22,22,5,Wednesday,22:05,Suspected Serious Injury,Dark-Not Lighted,Clear,Motor Vehicle-In-Transport On Same Roadway,None,SHELBY CO SHERIFFS DEPT,Other,Unbelted,-,-,-,-,-,-,-,-,-,-,-,-,Shelby,Not in City Limit,4
32259,301093931,0,2,35.288604,-89.97701,4,2026-07-27 21:24:00,2026,7,27,21,24,Monday,21:24,Suspected Serious Injury,Dark-Not Lighted,Clear,Mail Box,None,SHELBY CO SHERIFFS DEPT,Other,Unbelted,-,Drinking,-,-,-,-,-,-,-,-,-,-,Shelby,Not in City Limit,2
32281,301094045,0,1,36.548418,-87.378692,3,2026-07-29 18:42:58,2026,7,29,18,42,Wednesday,18:42,Suspected Serious Injury,Daylight,Clear,Curb,None,CLARKSVILLE POLICE DEPT,Other,Unbelted,Distracted,-,-,-,-,-,-,-,-,-,Motorcyclist,-,Montgomery,Clarksville,4
32282,301094046,0,1,35.565495,-89.65728,4,2026-07-24 18:42:00,2026,7,24,18,42,Friday,18:42,Suspected Serious Injury,Daylight,Clear,Motor Vehicle-In-Transport On Same Roadway,None,COVINGTON POLICE DEPT,Other,Unbelted,-,-,-,-,-,-,-,-,-,-,-,-,Tipton,Covington,6
32297,301094136,0,1,35.169,-89.865364,4,2026-07-29 22:03:00,2026,7,29,22,3,Wednesday,22:03,Suspected Serious Injury,Dark-Not Lighted,Clear,Pedestrian,None,MEMPHIS POLICE DEPT,Other,Unbelted,-,-,-,-,-,-,Pedestrian,-,-,-,-,-,Shelby,Memphis,4
32304,301094179,0,1,35.56179,-89.651527,4,2026-07-30 08:05:00,2026,7,30,8,5,Thursday,08:05,Suspected Serious Injury,Daylight,Clear,Other Fixed Object,None,COVINGTON POLICE DEPT,Other,Unbelted,-,-,-,-,-,-,-,-,-,-,-,-,Tipton,Covington,5
32344,301094375,0,1,35.040873,-85.271986,2,2026-07-31 20:57:00,2026,7,31,20,57,Friday,20:57,Suspected Serious Injury,Dusk,Clear,Motor Vehicle-In-Transport On Same Roadway,None,CHATTANOOGA POLICE DEPT,Other,Unbelted,-,-,-,-,-,-,-,-,-,-,-,-,Hamilton,Chattanooga,6
32350,301094421,0,1,35.138239,-85.24772,2,2026-07-31 15:00:00,2026,7,31,15,0,Friday,15:00,Suspected Serious Injury,Daylight,Clear,Motor Vehicle-In-Transport On Same Roadway,None,CHATTANOOGA POLICE DEPT,Other,Unbelted,-,-,-,-,-,-,-,-,-,ATV_Involved,-,-,Hamilton,Chattanooga,6
32352,301094432,0,5,35.008654,-85.237704,2,2026-07-31 21:15:00,2026,7,31,21,15,Friday,21:15,Suspected Serious Injury,Dark-Lighted,Clear,Motor Vehicle-In-Transport On Same Roadway,None,CHATTANOOGA POLICE DEPT,Other,Unbelted,-,-,-,-,-,-,-,-,-,-,-,-,Hamilton,Chattanooga,6
32356,301094450,0,1,35.191555,-89.975784,4,2026-08-01 02:20:00,2026,8,1,2,20,Saturday,02:20,Suspected Serious Injury,Dark-Lighted,Clear,Parked Motor Vehicle,None,MEMPHIS POLICE DEPT,Other,Unbelted,-,-,-,-,-,-,-,-,-,-,-,-,Shelby,Memphis,7
32358,301094454,1,1,35.064785,-89.94119,4,2026-08-01 04:10:00,2026,8,1,4,10,Saturday,04:10,Fatal,Dark-Lighted,Rain,Pedal-Cycle,None,MEMPHIS POLICE DEPT,Other,Unbelted,-,-,-,-,-,Pedalcyclist,-,-,-,-,-,-,Shelby,Memphis,7
32359,301094459,0,1,35.060954,-85.301484,2,2026-08-01 09:40:00,2026,8,1,9,40,Saturday,09:40,Suspected Serious Injury,Daylight,Rain,Pedestrian,None,CHATTANOOGA POLICE DEPT,Other,Unbelted,-,-,-,-,-,-,Pedestrian,-,-,-,-,-,Hamilton,Chattanooga,7
32368,301094510,0,3,36.471695,-82.485275,5,2026-08-01 15:46:00,2026,8,1,15,46,Saturday,15:46,Suspected Serious Injury,Daylight,Clear,Motor Vehicle-In-Transport On Same Roadway,None,KINGSPORT POLICE DEPARTMENT,Other,Unbelted,-,-,-,-,-,-,-,-,-,-,-,-,Sullivan,Kingsport,7
32387,301094615,0,1,35.06163,-90.02371,4,2026-08-01 19:37:00,2026,8,1,19,37,Saturday,19:37,Suspected Serious Injury,Daylight,Clear,Pedestrian,None,MEMPHIS POLICE DEPT,Other,-,-,-,-,-,-,-,Pedestrian,-,-,-,-,-,Shelby,Memphis,7
32400,301094686,0,1,35.080789,-85.233545,2,2026-08-02 17:20:00,2026,8,2,17,20,Sunday,17:20,Suspected Serious Injury,Daylight,Clear,Motor Vehicle-In-Transport On Same Roadway,None,CHATTANOOGA POLICE DEPT,Other,Unbelted,-,-,-,-,-,-,-,-,-,-,Motorcyclist,-,Hamilton,Chattanooga,1
32401,301094687,0,1,36.59476,-82.16175,5,2026-07-31 20:43:00,2026,7,31,20,43,Friday,20:43,Suspected Serious Injury,Dark-Not Lighted,Clear,Unknown,None,BRISTOL POLICE DEPT,Other,-,-,Drinking,-,-,-,-,-,-,-,-,Motorcyclist,-,Sullivan,Bristol,6
32405,301094706,0,2,35.19071,-89.96283,4,2026-08-02 00:30:00,2026,8,2,0,30,Sunday,00:30,Suspected Serious Injury,Dark-Lighted,Clear,Motor Vehicle-In-Transport On Same Roadway,None,MEMPHIS POLICE DEPT,Other,Unbelted,-,-,-,-,-,-,-,-,-,ATV_Involved,-,-,Shelby,Memphis,1
32406,301094710,0,1,35.181942,-89.97655,4,2026-08-01 22:12:00,2026,8,1,22,12,Saturday,22:12,Suspected Serious Injury,Dark-Lighted,Clear,Pedestrian,None,MEMPHIS POLICE DEPT,Other,Unbelted,-,-,-,-,-,-,Pedestrian,-,-,-,-,-,Shelby,Memphis,7
32412,301094725,1,0,36.16509,-82.82985,5,2026-06-08 07:54:00,2026,6,8,7,54,Monday,07:54,Fatal,Unknown,Clear,Fell/Jumped From Vehicle,None,GREENEVILLE POLICE DEPT,Other,Unbelted,-,-,-,-,-,-,-,-,-,-,-,-,Greene,Greeneville,2
32424,301094775,0,2,36.355618,-82.383,5,2026-07-31 17:54:00,2026,7,31,17,54,Friday,17:54,Suspected Serious Injury,Daylight,Clear,Motor Vehicle-In-Transport On Same Roadway,None,JOHNSON CITY POLICE DEPT,Other,Unbelted,-,-,-,-,-,-,-,-,-,-,-,-,Washington,Johnson City,6
32454,301094920,1,0,35.049637,-89.854536,4,2026-08-03 22:08:00,2026,8,3,22,8,Monday,22:08,Fatal,Dark-Lighted,Clear,Motor Vehicle-In-Transport On Same Roadway,None,MEMPHIS POLICE DEPT,Other,Unbelted,-,-,-,-,-,-,-,-,-,-,Motorcyclist,-,Shelby,Memphis,2
32468,301094995,1,0,35.123283,-89.85785,4,2026-08-04 05:33:00,2026,8,4,5,33,Tuesday,05:33,Fatal,Dark-Lighted,Clear,Shrubbery,None,MEMPHIS POLICE DEPT,Other,Unbelted,-,-,-,-,-,-,-,-,-,-,-,-,Shelby,Memphis,3
32484,301095063,0,1,35.130547,-84.87715,2,2026-08-04 04:30:00,2026,8,4,4,30,Tuesday,04:30,Suspected Serious Injury,Dark-Lighted,Clear,Motor Vehicle-In-Transport On Same Roadway,None,CLEVELAND POLICE DEPT,Other,Unbelted,-,-,-,-,-,-,-,-,-,-,-,-,Bradley,Cleveland,3
32502,301095135,0,1,35.174644,-89.97543,4,2026-08-05 03:10:00,2026,8,5,3,10,Wednesday,03:10,Suspected Serious Injury,Dark-Lighted,Clear,Pedestrian,None,MEMPHIS POLICE DEPT,Other,-,-,-,-,-,-,-,Pedestrian,-,-,-,-,-,Shelby,Memphis,4
32584,301095525,1,0,35.157948,-89.976425,4,2026-08-06 13:17:00,2026,8,6,13,17,Thursday,13:17,Fatal,Daylight,Clear,Motor Vehicle-In-Transport On Same Roadway,None,MEMPHIS POLICE DEPT,Other,Unbelted,-,-,-,-,-,-,-,-,-,-,Motorcyclist,-,Shelby,Memphis,5
32588,301095546,0,1,35.171684,-89.975235,4,2026-08-07 00:00:00,2026,8,7,0,0,Friday,00:00,Suspected Serious Injury,Dark-Lighted,Clear,Pedestrian,None,MEMPHIS POLICE DEPT,Other,-,-,-,-,-,-,-,Pedestrian,-,-,-,-,-,Shelby,Memphis,6
32590,301095557,0,1,35.146767,-89.93735,4,2026-08-07 00:36:00,2026,8,7,0,36,Friday,00:36,Suspected Serious Injury,Dark-Lighted,Clear,Other Fixed Object,None,MEMPHIS POLICE DEPT,Other,Unbelted,-,-,-,Drowsy,-,-,-,-,-,-,-,-,Shelby,Memphis,6
32643,301095830,0,1,35.13601,-90.00821,4,2026-08-08 19:15:00,2026,8,8,19,15,Saturday,19:15,Suspected Serious Injury,Dusk,Clear,Motor Vehicle-In-Transport On Same Roadway,None,MEMPHIS POLICE DEPT,Other,Unbelted,-,-,-,-,-,-,-,-,-,-,-,-,Shelby,Memphis,7
32693,301096084,0,2,36.558528,-87.305651,3,2026-08-07 02:51:34,2026,8,7,2,51,Friday,02:51,Suspected Serious Injury,Dark-Not Lighted,Clear,Ditch,None,CLARKSVILLE POLICE DEPT,Other,Unbelted,-,-,-,-,-,-,-,-,-,-,-,-,Montgomery,Clarksville,6
32712,301096172,1,2,35.105747,-90.02935,4,2026-08-10 04:11:00,2026,8,10,4,11,Monday,04:11,Fatal,Dark-Lighted,Clear,Motor Vehicle-In-Transport On Same Roadway,None,MEMPHIS POLICE DEPT,Other,Unbelted,-,-,-,-,-,-,-,-,-,-,-,-,Shelby,Memphis,2
32717,301096205,1,0,35.142082,-90.03187,4,2026-08-10 21:00:00,2026,8,10,21,0,Monday,21:00,Fatal,Dark-Lighted,Clear,Concrete Traffic Barrier,None,MEMPHIS POLICE DEPT,Other,Unbelted,-,-,-,Drowsy,-,-,-,-,-,-,-,-,Shelby,Memphis,2
32718,301096206,0,1,35.162594,-84.88312,2,2026-08-06 20:44:00,2026,8,6,20,44,Thursday,20:44,Suspected Serious Injury,Daylight,Clear,Pedestrian,None,CLEVELAND POLICE DEPT,Other,Unbelted,-,-,-,-,-,-,Pedestrian,-,-,-,-,-,Bradley,Cleveland,5
32719,301096212,1,0,36.59178,-82.57171,5,2026-08-10 17:58:00,2026,8,10,17,58,Monday,17:58,Fatal,Daylight,Clear,Motor Vehicle-In-Transport On Same Roadway,None,KINGSPORT POLICE DEPARTMENT,Other,Unbelted,-,-,-,-,-,-,-,-,-,-,-,-,Sullivan,Kingsport,2
32726,301096232,0,4,35.070995,-90.007545,4,2026-08-10 22:12:00,2026,8,10,22,12,Monday,22:12,Suspected Serious Injury,Dark-Lighted,Clear,Motor Vehicle-In-Transport On Same Roadway,None,MEMPHIS POLICE DEPT,Other,Unbelted,-,-,-,-,-,-,-,-,-,-,-,-,Shelby,Memphis,2
32730,301096252,0,1,35.191227,-90.01605,4,2026-08-08 00:44:00,2026,8,8,0,44,Saturday,00:44,Suspected Serious Injury,Dark-Lighted,Clear,Unknown,None,MEMPHIS POLICE DEPT,Other,Unbelted,-,-,-,-,Speeding,-,-,-,-,-,-,-,Shelby,Memphis,7
32733,301096257,0,4,36.612122,-87.429406,3,2026-06-25 15:19:00,2026,6,25,15,19,Thursday,15:19,Suspected Serious Injury,Daylight,Clear,Motor Vehicle-In-Transport On Same Roadway,None,CLARKSVILLE POLICE DEPT,Other,Unbelted,-,-,-,-,-,-,-,-,-,-,-,-,Montgomery,Clarksville,5
32759,301096399,0,1,35.04977,-89.85747,4,2026-08-11 21:17:00,2026,8,11,21,17,Tuesday,21:17,Suspected Serious Injury,Dark-Lighted,Clear,Pedestrian,None,MEMPHIS POLICE DEPT,Other,Unbelted,-,-,-,-,-,-,Pedestrian,-,-,-,-,-,Shelby,Memphis,3
32800,301096599,1,0,36.503048,-82.5125,5,2026-08-12 22:17:00,2026,8,12,22,17,Wednesday,22:17,Fatal,Dark-Not Lighted,Clear,Motor Vehicle-In-Transport On Same Roadway,None,KINGSPORT POLICE DEPARTMENT,Other,Unbelted,-,Drinking,-,-,-,-,-,-,-,-,Motorcyclist,-,Sullivan,Kingsport,4
32806,301096614,0,2,36.179092,-82.6587,5,2026-08-09 16:24:00,2026,8,9,16,24,Sunday,16:24,Suspected Serious Injury,Daylight,Clear,Motor Vehicle-In-Transport On Same Roadway,None,GREENE CO SHERIFFS DEPT,Other,Unbelted,-,-,-,-,Speeding,-,-,-,ATV_Involved,-,-,-,Greene,Not in City Limit,1
32812,301096632,1,1,35.169876,-89.84904,4,2026-08-12 22:15:00,2026,8,12,22,15,Wednesday,22:15,Fatal,Dark-Lighted,Clear,Motor Vehicle-In-Transport On Same Roadway,Construction Zone,MEMPHIS POLICE DEPT,Other,Unbelted,-,-,-,-,-,-,-,-,-,ATV_Involved,Motorcyclist,-,Shelby,Memphis,4
32820,301096666,0,1,35.128879,-85.225431,2,2026-08-13 09:40:00,2026,8,13,9,40,Thursday,09:40,Suspected Serious Injury,Daylight,Clear,Motor Vehicle-In-Transport On Same Roadway,None,CHATTANOOGA POLICE DEPT,Other,Unbelted,-,-,-,-,-,-,-,-,-,-,-,-,Hamilton,Chattanooga,5
32835,301096754,0,1,35.080097,-89.93132,4,2026-08-09 22:00:00,2026,8,9,22,0,Sunday,22:00,Suspected Serious Injury,Dark-Lighted,Clear,Unknown,Construction Zone,MEMPHIS POLICE DEPT,Other,Unbelted,-,-,-,-,-,-,-,-,-,-,-,-,Shelby,Memphis,1
32857,301096869,0,4,35.173885,-84.82242,2,2026-08-11 17:05:00,2026,8,11,17,5,Tuesday,17:05,Suspected Serious Injury,Daylight,Cloudy,Motor Vehicle-In-Transport On Same Roadway,None,CLEVELAND POLICE DEPT,Other,Unbelted,-,-,-,-,Speeding,-,-,-,-,-,-,-,Bradley,Cleveland,3
32882,301097006,0,1,35.077981,-85.288533,2,2026-08-14 23:57:00,2026,8,14,23,57,Friday,23:57,Suspected Serious Injury,Dark-Lighted,Clear,Mail Box,None,CHATTANOOGA POLICE DEPT,Other,-,-,-,-,-,Speeding,-,-,-,-,-,Motorcyclist,-,Hamilton,Chattanooga,6
32883,301097007,0,1,36.3203,-82.347855,5,2026-08-12 23:29:00,2026,8,12,23,29,Wednesday,23:29,Suspected Serious Injury,Dark-Lighted,Clear,Cable Barrier,None,JOHNSON CITY POLICE DEPT,Other,-,-,-,-,-,Speeding,-,-,-,-,-,Motorcyclist,-,Washington,Johnson City,4
32903,301097131,0,1,35.002182,-85.275971,2,2026-08-15 15:02:00,2026,8,15,15,2,Saturday,15:02,Suspected Serious Injury,Daylight,Clear,Curb,None,CHATTANOOGA POLICE DEPT,Other,-,-,-,-,-,-,-,-,-,-,-,Motorcyclist,-,Hamilton,Chattanooga,7
32906,301097141,0,1,35.07271,-90.02804,4,2026-08-15 16:34:00,2026,8,15,16,34,Saturday,16:34,Suspected Serious Injury,Daylight,Clear,Motor Vehicle-In-Transport On Same Roadway,None,MEMPHIS POLICE DEPT,Other,Unbelted,-,-,-,-,-,-,-,-,-,-,Motorcyclist,-,Shelby,Memphis,7
32915,301097170,0,1,35.033569,-85.308387,2,2026-08-16 02:34:00,2026,8,16,2,34,Sunday,02:34,Suspected Serious Injury,Dark-Lighted,Clear,Standing Tree,None,CHATTANOOGA POLICE DEPT,Other,Unbelted,-,-,-,-,-,-,-,-,-,-,-,-,Hamilton,Chattanooga,1
32920,301097192,1,0,35.065907,-89.942213,4,2026-08-16 03:40:00,2026,8,16,3,40,Sunday,03:40,Fatal,Dark-Not Lighted,Clear,Pedestrian,None,MEMPHIS POLICE DEPT,Other,Unbelted,-,-,-,-,-,-,Pedestrian,-,-,-,-,-,Shelby,Memphis,1
32927,301097251,0,1,35.065065,-85.29545,2,2026-08-16 21:26:00,2026,8,16,21,26,Sunday,21:26,Suspected Serious Injury,Dark-Lighted,Clear,Motor Vehicle-In-Transport On Same Roadway,None,CHATTANOOGA POLICE DEPT,Other,Unbelted,-,-,-,-,-,-,-,-,-,-,Motorcyclist,-,Hamilton,Chattanooga,1
32930,301097264,0,1,35.094719,-85.238204,2,2026-08-17 02:05:00,2026,8,17,2,5,Monday,02:05,Suspected Serious Injury,Dark-Lighted,Clear,Standing Tree,None,CHATTANOOGA POLICE DEPT,Other,Unbelted,-,-,-,-,-,-,-,-,-,-,-,-,Hamilton,Chattanooga,2
32931,301097275,0,2,35.000633,-90.09639,4,2026-08-15 23:30:00,2026,8,15,23,30,Saturday,23:30,Suspected Serious Injury,Dark-Lighted,Clear,Curb,None,MEMPHIS POLICE DEPT,Other,Unbelted,-,-,-,-,-,-,-,-,-,-,-,-,Shelby,Memphis,7
32974,301097510,0,1,35.12776,-89.74711,4,2026-08-07 01:15:00,2026,8,7,1,15,Friday,01:15,Suspected Serious Injury,Dark-Lighted,Clear,Standing Tree,None,SHELBY CO SHERIFFS DEPT,Other,Unbelted,-,-,-,-,-,-,-,-,-,-,-,-,Shelby,Memphis,6
32975,301097514,0,1,35.255282,-89.861094,4,2026-08-13 21:46:00,2026,8,13,21,46,Thursday,21:46,Suspected Serious Injury,Dark-Not Lighted,Clear,Standing Tree,None,SHELBY CO SHERIFFS DEPT,Other,Unbelted,-,Drinking,-,-,-,-,-,-,-,-,-,-,Shelby,Bartlett,5
32980,301097522,0,1,36.55755,-82.2134,5,2026-08-17 17:11:00,2026,8,17,17,11,Monday,17:11,Suspected Serious Injury,Dark-Lighted,Rain,Motor Vehicle-In-Transport On Same Roadway,None,BRISTOL POLICE DEPT,Other,Unbelted,-,-,-,-,-,-,-,-,-,-,-,-,Sullivan,Bristol,2
32999,301097604,1,1,35.054238,-85.18993,2,2026-08-17 14:55:00,2026,8,17,14,55,Monday,14:55,Fatal,Daylight,Clear,Motor Vehicle-In-Transport On Same Roadway,None,CHATTANOOGA POLICE DEPT,Other,Unbelted,-,-,-,-,-,-,-,-,-,-,-,-,Hamilton,Chattanooga,2
33019,301097701,0,3,36.16352,-82.549194,5,2026-08-14 17:21:00,2026,8,14,17,21,Friday,17:21,Suspected Serious Injury,Daylight,Clear,Motor Vehicle-In-Transport On Same Roadway,None,WASHINGTON CO SHERIFFS DEPT,Other,Unbelted,-,Drinking,-,-,-,-,-,-,-,-,-,-,Washington,Not in City Limit,6
33021,301097713,0,1,35.211334,-89.75837,4,2026-08-15 13:10:00,2026,8,15,13,10,Saturday,13:10,Suspected Serious Injury,Daylight,Clear,Motor Vehicle-In-Transport On Same Roadway,None,SHELBY CO SHERIFFS DEPT,Other,Unbelted,-,-,-,-,-,-,-,-,-,ATV_Involved,-,-,Shelby,Lakeland,7
33044,301097879,0,1,35.14679,-84.955246,2,2026-08-16 22:15:00,2026,8,16,22,15,Sunday,22:15,Suspected Serious Injury,Dark-Not Lighted,Clear,Ditch,None,CLEVELAND POLICE DEPT,Other,-,-,-,-,-,Speeding,-,-,-,-,-,Motorcyclist,-,Bradley,Cleveland,1
33054,301097914,0,1,35.27726,-89.66668,4,2026-08-19 14:05:00,2026,8,19,14,5,Wednesday,14:05,Suspected Serious Injury,Daylight,Clear,Motor Vehicle-In-Transport On Same Roadway,None,SHELBY CO SHERIFFS DEPT,Other,Unbelted,-,-,-,-,-,-,-,-,-,-,-,-,Shelby,Arlington,4
33056,301097917,0,1,36.558784,-82.56798,5,2026-08-17 17:00:00,2026,8,17,17,0,Monday,17:00,Suspected Serious Injury,Dawn,Rain,Utility Pole,None,KINGSPORT POLICE DEPARTMENT,Other,Unbelted,-,-,-,-,-,-,-,-,-,-,-,-,Sullivan,Kingsport,2
33066,301097991,0,1,35.085487,-90.01843,4,2026-08-20 15:00:00,2026,8,20,15,0,Thursday,15:00,Suspected Serious Injury,Daylight,Clear,Other Post/Pole Support,None,MEMPHIS POLICE DEPT,Other,Unbelted,-,-,-,-,-,-,-,-,-,-,-,-,Shelby,Memphis,5
33067,301097995,0,2,35.1079,-89.94604,4,2026-08-20 14:20:00,2026,8,20,14,20,Thursday,14:20,Suspected Serious Injury,Daylight,Clear,Motor Vehicle-In-Transport On Same Roadway,None,MEMPHIS POLICE DEPT,Other,Unbelted,-,-,-,-,-,-,-,-,-,-,Motorcyclist,-,Shelby,Memphis,5
33096,301098159,0,1,35.21477,-89.90736,4,2026-08-20 14:00:00,2026,8,20,14,0,Thursday,14:00,Suspected Serious Injury,Daylight,Clear,Curb,None,MEMPHIS POLICE DEPT,Other,Unbelted,-,-,-,-,-,-,-,-,-,-,-,-,Shelby,Memphis,5
33115,301098234,0,1,35.06491,-85.251239,2,2026-08-21 22:12:00,2026,8,21,22,12,Friday,22:12,Suspected Serious Injury,Dark-Lighted,Clear,Motor Vehicle-In-Transport On Same Roadway,None,CHATTANOOGA POLICE DEPT,Other,Unbelted,-,-,-,-,-,-,-,-,-,-,Motorcyclist,-,Hamilton,Chattanooga,6
33119,301098262,0,1,35.130714,-89.79375,4,2026-08-22 00:30:00,2026,8,22,0,30,Saturday,00:30,Suspected Serious Injury,Dark-Lighted,Clear,Pedal-Cycle,None,MEMPHIS POLICE DEPT,Other,-,-,-,-,-,-,Pedalcyclist,-,-,-,-,-,-,Shelby,Memphis,7
33120,301098264,0,1,35.16826,-89.86452,4,2026-08-22 03:20:00,2026,8,22,3,20,Saturday,03:20,Suspected Serious Injury,Dark-Lighted,Clear,Pedestrian,None,MEMPHIS POLICE DEPT,Other,Unbelted,-,-,-,-,-,-,Pedestrian,-,-,-,-,-,Shelby,Memphis,7
33126,301098290,1,0,35.030919,-85.181811,2,2026-08-22 01:35:00,2026,8,22,1,35,Saturday,01:35,Fatal,Dark-Not Lighted,Clear,Embankment Earth,None,CHATTANOOGA POLICE DEPT,Other,-,-,-,-,-,-,-,-,-,-,-,Motorcyclist,-,Hamilton,Chattanooga,7
33138,301098354,0,1,35.18268,-89.87135,4,2026-08-22 17:45:00,2026,8,22,17,45,Saturday,17:45,Suspected Serious Injury,Daylight,Rain,Motor Vehicle-In-Transport On Same Roadway,None,MEMPHIS POLICE DEPT,Other,Unbelted,-,-,-,-,-,-,-,-,-,-,Motorcyclist,-,Shelby,Memphis,7
33178,301098564,0,3,35.141132,-84.886154,2,2026-08-23 18:18:00,2026,8,23,18,18,Sunday,18:18,Suspected Serious Injury,Daylight,Clear,Motor Vehicle-In-Transport On Same Roadway,None,CLEVELAND POLICE DEPT,Other,Unbelted,Distracted,-,-,-,-,-,-,-,-,-,-,-,Bradley,Cleveland,1
33183,301098601,0,3,35.065018,-89.95351,4,2026-08-22 03:55:00,2026,8,22,3,55,Saturday,03:55,Suspected Serious Injury,Dark-Lighted,Clear,Motor Vehicle-In-Transport On Same Roadway,None,MEMPHIS POLICE DEPT,Other,Unbelted,-,-,-,-,-,-,-,-,-,-,-,-,Shelby,Memphis,7
33188,301098639,1,0,36.624032,-87.426679,3,2026-08-10 21:08:00,2026,8,10,21,8,Monday,21:08,Fatal,Dusk,Clear,Pedestrian,None,CLARKSVILLE POLICE DEPT,Other,Unbelted,-,-,-,-,-,-,Pedestrian,-,-,-,-,-,Montgomery,Clarksville,2
33199,301098725,1,0,35.132137,-89.856064,4,2026-08-24 12:38:00,2026,8,24,12,38,Monday,12:38,Fatal,Daylight,Clear,Pedestrian,None,MEMPHIS POLICE DEPT,Other,Unbelted,-,-,-,-,-,-,Pedestrian,-,-,-,-,-,Shelby,Memphis,2
33206,301098768,1,0,35.146996,-89.95639,4,2026-08-24 01:23:00,2026,8,24,1,23,Monday,01:23,Fatal,Dark-Lighted,Clear,Other Fixed Object,None,MEMPHIS POLICE DEPT,Other,Unbelted,-,-,-,-,-,-,-,-,-,-,-,-,Shelby,Memphis,2
33211,301098782,0,2,36.559166,-82.55136,5,2026-08-24 11:47:00,2026,8,24,11,47,Monday,11:47,Suspected Serious Injury,Daylight,Clear,Motor Vehicle-In-Transport On Same Roadway,None,KINGSPORT POLICE DEPARTMENT,Other,Unbelted,-,-,-,-,-,-,-,-,-,-,-,-,Sullivan,Kingsport,2
33217,301098802,0,1,35.078472,-89.90703,4,2026-08-25 01:37:00,2026,8,25,1,37,Tuesday,01:37,Suspected Serious Injury,Dark-Lighted,Clear,Motor Vehicle-In-Transport On Same Roadway,None,MEMPHIS POLICE DEPT,Other,Unbelted,-,-,-,-,-,-,-,-,-,-,-,-,Shelby,Memphis,3
33218,301098803,0,1,35.464928,-89.830055,4,2026-08-24 12:25:00,2026,8,24,12,25,Monday,12:25,Suspected Serious Injury,Daylight,Clear,Standing Tree,None,MUNFORD POLICE DEPT,Other,Unbelted,-,-,-,-,-,-,-,-,-,-,-,-,Tipton,Munford,2
33244,301098977,0,1,34.992507,-85.29041,2,2026-08-25 21:33:00,2026,8,25,21,33,Tuesday,21:33,Suspected Serious Injury,Dark-Lighted,Clear,Unknown,None,CHATTANOOGA POLICE DEPT,Other,Unbelted,-,-,-,-,-,Pedalcyclist,-,-,-,-,-,-,Hamilton,Chattanooga,3
33253,301099008,0,1,35.06311,-90.0592,4,2026-08-25 22:35:00,2026,8,25,22,35,Tuesday,22:35,Suspected Serious Injury,Dark-Lighted,Clear,Pedestrian,None,MEMPHIS POLICE DEPT,Other,Unbelted,-,-,-,-,-,-,Pedestrian,-,-,-,-,-,Shelby,Memphis,3
33255,301099015,0,1,36.597212,-87.285571,3,2026-08-25 05:52:00,2026,8,25,5,52,Tuesday,05:52,Suspected Serious Injury,Dark-Lighted,Clear,Pedestrian,None,CLARKSVILLE POLICE DEPT,Other,Unbelted,-,-,-,-,-,-,Pedestrian,-,-,-,-,-,Montgomery,Clarksville,3
33256,301099016,0,2,36.551234,-87.39806,3,2026-08-23 20:46:47,2026,8,23,20,46,Sunday,20:46,Suspected Serious Injury,Dark-Lighted,Clear,Motor Vehicle-In-Transport On Same Roadway,None,CLARKSVILLE POLICE DEPT,Other,Unbelted,-,-,-,-,-,-,-,-,-,-,Motorcyclist,-,Montgomery,Clarksville,1
33269,301099105,0,2,35.17945,-84.867165,2,2026-08-26 13:10:00,2026,8,26,13,10,Wednesday,13:10,Suspected Serious Injury,Daylight,Clear,Motor Vehicle-In-Transport On Same Roadway,None,CLEVELAND POLICE DEPT,Other,Unbelted,-,-,-,-,-,-,-,-,-,-,-,-,Bradley,Cleveland,4
33283,301099167,1,2,35.006416,-89.98122,4,2026-08-26 18:48:00,2026,8,26,18,48,Wednesday,18:48,Fatal,Dusk,Clear,Motor Vehicle-In-Transport On Same Roadway,None,MEMPHIS POLICE DEPT,Other,Unbelted,-,-,-,-,-,-,-,-,-,ATV_Involved,-,-,Shelby,Memphis,4