OBJECTID,MRN,Fatality,Injury,Latitude,Longitude,THP_District,Collision_Date,Collision_Year,Collision_Month,Collision_Day,Collision_Hour,Collision_Min,Collision_DOW,Collision_Time,Crash_Type,Light_Condition,Weather,First_Harmfu_Event,Work_Zone_Type,Agency_Name,THP,Unbelted,Distracted_Driver,Driver_Drinking,Driver_Drugged,Drowsy_Driver,Speeding_Involved,Pedalcyclist,Pedestrian,Other_Nonmotorist,ATV_Involved,LargeTruck_Involved,Motorcycle_Involved,SchoolBus,County,City,DOW_Nmb
33285,301099178,1,0,35.005844,-90.104,4,2026-08-26 23:58:00,2026,8,26,23,58,Wednesday,23:58,Fatal,Dark-Lighted,Clear,Other Non-Fixed Object,None,MEMPHIS POLICE DEPT,Other,Unbelted,-,Drinking,Drug,-,-,-,-,-,-,-,-,-,Shelby,Memphis,4
33287,301099189,0,1,35.070735,-85.295828,2,2026-08-26 23:09:00,2026,8,26,23,9,Wednesday,23:09,Suspected Serious Injury,Dark-Lighted,Clear,Curb,None,CHATTANOOGA POLICE DEPT,Other,-,-,-,-,-,Speeding,-,-,-,-,-,Motorcyclist,-,Hamilton,Chattanooga,4
33293,301099237,1,0,36.577452,-87.315088,3,2026-08-21 05:23:00,2026,8,21,5,23,Friday,05:23,Fatal,Daylight,Clear,Standing Tree,None,CLARKSVILLE POLICE DEPT,Other,-,-,-,-,-,-,-,-,-,-,-,-,-,Montgomery,Clarksville,6
33302,301099273,0,6,35.12002,-90.021416,4,2026-08-26 19:52:00,2026,8,26,19,52,Wednesday,19:52,Suspected Serious Injury,Dark-Lighted,Clear,Motor Vehicle-In-Transport On Same Roadway,Construction Zone,MEMPHIS POLICE DEPT,Other,Unbelted,-,-,-,-,-,-,-,-,-,-,-,-,Shelby,Memphis,4
33305,301099290,0,1,35.226652,-89.846779,4,2026-08-18 14:10:00,2026,8,18,14,10,Tuesday,14:10,Suspected Serious Injury,Daylight,Clear,Motor Vehicle-In-Transport On Same Roadway,None,BARTLETT POLICE DEPT,Other,Unbelted,-,-,-,-,-,-,-,-,-,-,-,-,Shelby,Bartlett,3
33310,301099316,0,2,35.13417,-89.99037,4,2026-08-26 13:50:00,2026,8,26,13,50,Wednesday,13:50,Suspected Serious Injury,Daylight,Clear,Motor Vehicle-In-Transport On Same Roadway,None,MEMPHIS POLICE DEPT,Other,Unbelted,-,-,-,-,-,-,-,-,-,-,-,-,Shelby,Memphis,4
33316,301099354,0,1,35.107685,-89.93854,4,2026-08-27 16:25:00,2026,8,27,16,25,Thursday,16:25,Suspected Serious Injury,Daylight,Clear,Motor Vehicle-In-Transport On Same Roadway,None,MEMPHIS POLICE DEPT,Other,Unbelted,-,-,-,-,-,-,-,-,-,ATV_Involved,-,-,Shelby,Memphis,5
33338,301099490,0,1,35.106135,-85.143827,2,2026-08-28 14:04:00,2026,8,28,14,4,Friday,14:04,Suspected Serious Injury,Daylight,Clear,Ditch,None,CHATTANOOGA POLICE DEPT,Other,Unbelted,-,-,-,-,-,-,-,-,-,ATV_Involved,-,-,Hamilton,Chattanooga,6
33349,301099545,1,3,35.05213,-89.98065,4,2026-08-28 17:00:00,2026,8,28,17,0,Friday,17:00,Fatal,Daylight,Clear,Motor Vehicle-In-Transport On Same Roadway,None,MEMPHIS POLICE DEPT,Other,Unbelted,-,-,-,Drowsy,-,-,-,-,-,-,-,-,Shelby,Memphis,6
33372,301099646,0,1,35.149117,-89.92804,4,2026-08-29 07:40:00,2026,8,29,7,40,Saturday,07:40,Suspected Serious Injury,Dawn,Clear,Other Post/Pole Support,None,MEMPHIS POLICE DEPT,Other,Unbelted,-,-,-,-,-,-,-,-,-,-,-,-,Shelby,Memphis,7
33382,301099694,0,1,35.18236,-89.93399,4,2026-08-29 17:36:00,2026,8,29,17,36,Saturday,17:36,Suspected Serious Injury,Daylight,Clear,Fell/Jumped From Vehicle,None,MEMPHIS POLICE DEPT,Other,-,-,-,-,-,-,-,-,-,-,-,Motorcyclist,-,Shelby,Memphis,7
33383,301099706,0,1,35.052307,-85.309628,2,2026-08-29 21:25:00,2026,8,29,21,25,Saturday,21:25,Suspected Serious Injury,Dark-Lighted,Clear,Motor Vehicle-In-Transport On Same Roadway,None,CHATTANOOGA POLICE DEPT,Other,Unbelted,-,-,-,-,-,-,-,-,-,-,Motorcyclist,-,Hamilton,Chattanooga,7
33396,301099771,0,3,35.13188,-89.9955,4,2026-08-29 18:33:00,2026,8,29,18,33,Saturday,18:33,Suspected Serious Injury,Daylight,Clear,Motor Vehicle-In-Transport On Same Roadway,None,MEMPHIS POLICE DEPT,Other,Unbelted,-,-,-,-,-,-,-,-,-,-,-,-,Shelby,Memphis,7
33397,301099774,0,2,35.02081,-90.04957,4,2026-08-29 23:11:00,2026,8,29,23,11,Saturday,23:11,Suspected Serious Injury,Dark-Lighted,Clear,Motor Vehicle-In-Transport On Same Roadway,None,MEMPHIS POLICE DEPT,Other,Unbelted,-,-,-,-,-,-,-,-,-,-,-,-,Shelby,Memphis,7
33413,301099834,0,2,35.148434,-90.00267,4,2026-08-30 20:28:00,2026,8,30,20,28,Sunday,20:28,Suspected Serious Injury,Unknown,Clear,Motor Vehicle-In-Transport On Same Roadway,None,MEMPHIS POLICE DEPT,Other,Unbelted,-,-,-,-,-,-,-,-,-,ATV_Involved,-,-,Shelby,Memphis,1
33445,301100085,0,2,35.012947,-85.228272,2,2026-08-31 11:15:00,2026,8,31,11,15,Monday,11:15,Suspected Serious Injury,Daylight,Clear,Motor Vehicle-In-Transport On Same Roadway,None,CHATTANOOGA POLICE DEPT,Other,Unbelted,-,-,-,-,-,-,-,-,-,-,-,-,Hamilton,Chattanooga,2
33453,301100144,0,1,35.128664,-89.75886,4,2026-08-26 12:30:00,2026,8,26,12,30,Wednesday,12:30,Suspected Serious Injury,Daylight,Clear,Embankment Earth,None,SHELBY CO SHERIFFS DEPT,Other,Unbelted,-,-,-,-,-,-,-,-,-,-,-,-,Shelby,Not in City Limit,4
33481,301100322,0,1,35.177,-89.97524,4,2026-09-01 21:14:00,2026,9,1,21,14,Tuesday,21:14,Suspected Serious Injury,Dark-Lighted,Clear,Motor Vehicle-In-Transport On Same Roadway,None,MEMPHIS POLICE DEPT,Other,Unbelted,-,-,-,-,-,-,-,-,-,-,-,-,Shelby,Memphis,3
33504,301100471,0,1,35.081412,-85.266377,2,2026-09-02 14:20:00,2026,9,2,14,20,Wednesday,14:20,Suspected Serious Injury,Daylight,Clear,Pedal-Cycle,None,CHATTANOOGA POLICE DEPT,Other,Unbelted,-,-,-,-,-,Pedalcyclist,-,-,-,-,-,-,Hamilton,Chattanooga,4
33515,301100540,0,1,35.15837,-90.01507,4,2026-08-31 21:12:00,2026,8,31,21,12,Monday,21:12,Suspected Serious Injury,Dark-Lighted,Clear,Pedestrian,None,MEMPHIS POLICE DEPT,Other,Unbelted,-,-,-,-,-,-,Pedestrian,-,-,-,-,-,Shelby,Memphis,2
33527,301100599,0,1,36.266582,-82.367645,5,2026-09-03 02:13:00,2026,9,3,2,13,Thursday,02:13,Suspected Serious Injury,Dark-Not Lighted,Clear,Standing Tree,None,WASHINGTON CO SHERIFFS DEPT,Other,Unbelted,-,Drinking,Drug,-,-,-,-,-,-,-,-,-,Washington,Not in City Limit,5
33539,301100657,0,1,36.517766,-87.309704,3,2026-08-30 17:00:00,2026,8,30,17,0,Sunday,17:00,Suspected Serious Injury,Daylight,Clear,Fell/Jumped From Vehicle,None,CLARKSVILLE POLICE DEPT,Other,-,-,Drinking,-,-,-,-,-,-,-,-,Motorcyclist,-,Montgomery,Clarksville,1
33540,400040829,0,2,36.38039,-89.35596,8,2024-01-01 02:00:00,2024,1,1,2,0,Monday,02:00,Suspected Serious Injury,Dark-Not Lighted,Cloudy,Standing Tree,None,THP District 8 - Jackson,THP,Unbelted,-,Drinking,-,-,Speeding,-,-,-,-,-,-,-,Obion,Samburg,2
33541,400040840,1,0,36.31321,-84.14623,1,2024-01-01 03:46:00,2024,1,1,3,46,Monday,03:46,Fatal,Dark-Not Lighted,Clear,Standing Tree,None,THP District 1 - Knoxville,THP,Unbelted,-,Drinking,-,-,-,-,-,-,-,-,-,-,Campbell,Not in City Limit,2
33556,400040941,1,0,35.21071,-85.13836,2,2024-01-01 18:30:00,2024,1,1,18,30,Monday,18:30,Fatal,Dark-Not Lighted,Clear,Parked Motor Vehicle,None,HAMILTON COUNTY SHERIFF'S OFFICE,Other,Unbelted,-,-,-,-,-,-,-,-,-,-,-,-,Hamilton,Not in City Limit,2
33558,400040948,0,1,35.81832,-84.03168,1,2024-01-01 12:35:00,2024,1,1,12,35,Monday,12:35,Suspected Serious Injury,Daylight,Cloudy,Standing Tree,None,BLOUNT CO SHERIFFS DEPT,Other,Unbelted,-,-,-,Drowsy,-,-,-,-,-,-,-,-,Blount,Louisville,2
33561,400040955,0,1,35.60447,-89.31977,4,2024-01-01 19:15:00,2024,1,1,19,15,Monday,19:15,Suspected Serious Injury,Dark-Not Lighted,Clear,Motor Vehicle-In-Transport On Same Roadway,None,THP District 4 - Memphis,THP,Unbelted,-,-,-,-,-,-,-,-,-,-,-,-,Haywood,Not in City Limit,2
33562,400040956,0,1,36.51268,-82.41558,5,2024-01-01 01:21:00,2024,1,1,1,21,Monday,01:21,Suspected Serious Injury,Dark-Not Lighted,Clear,Embankment Earth,None,THP District 5 - Fall Branch,THP,Unbelted,-,Drinking,Drug,-,-,-,-,-,-,-,-,-,Sullivan,Kingsport,2
33563,400040985,0,1,35.6676,-86.83527,7,2024-01-01 00:18:00,2024,1,1,0,18,Monday,00:18,Suspected Serious Injury,Dark-Not Lighted,Clear,Culvert,None,THP District 7 - Lawrenceburg,THP,-,-,Drinking,-,-,-,-,-,-,-,-,-,-,Maury,Not in City Limit,2
33572,400041026,0,1,36.06706,-86.69002,3,2024-01-01 07:32:00,2024,1,1,7,32,Monday,07:32,Suspected Serious Injury,Daylight,Clear,Parked Motor Vehicle,None,METROPOLITAN NASHVILLE POLICE DEPT,Other,Unbelted,-,Drinking,Drug,-,-,-,-,-,-,-,-,-,Davidson,Nashville,2
33575,400041060,0,1,36.05141,-83.35333,5,2024-01-02 07:19:00,2024,1,2,7,19,Tuesday,07:19,Suspected Serious Injury,Dusk,Clear,Embankment Earth,None,THP District 5 - Fall Branch,THP,Unbelted,-,-,-,-,-,-,-,-,-,-,-,-,Jefferson,Not in City Limit,3
33576,400041069,0,1,35.42501,-84.58359,2,2024-01-02 10:20:00,2024,1,2,10,20,Tuesday,10:20,Suspected Serious Injury,Daylight,Clear,Motor Vehicle-In-Transport On Different Roadway,None,ATHENS POLICE DEPT,Other,Unbelted,-,-,-,-,-,-,-,-,-,-,-,-,McMinn,Athens,3
33579,400041099,0,4,36.37968,-82.14945,5,2024-01-02 09:48:00,2024,1,2,9,48,Tuesday,09:48,Suspected Serious Injury,Daylight,Clear,Motor Vehicle-In-Transport On Same Roadway,None,CARTER CO SHERIFFS DEPT,Other,Unbelted,-,-,-,-,-,-,-,-,-,-,-,-,Carter,Not in City Limit,3
33583,400041142,0,1,35.52373,-87.55154,7,2024-01-02 13:10:00,2024,1,2,13,10,Tuesday,13:10,Suspected Serious Injury,Daylight,Clear,Ditch,None,THP District 7 - Lawrenceburg,THP,Unbelted,-,-,-,-,-,-,-,-,-,-,-,-,Lewis,Not in City Limit,3
33589,400041177,0,1,36.12323,-83.47336,5,2024-01-02 08:51:00,2024,1,2,8,51,Tuesday,08:51,Suspected Serious Injury,Daylight,Clear,Motor Vehicle-In-Transport On Same Roadway,None,JEFFERSON CITY POLICE DEPT,Other,Unbelted,-,-,-,-,-,-,-,-,-,-,-,-,Jefferson,Jefferson City,3
33595,400041243,0,3,35.70157,-88.57648,8,2024-01-02 17:13:00,2024,1,2,17,13,Tuesday,17:13,Suspected Serious Injury,Dusk,Clear,Motor Vehicle-In-Transport On Same Roadway,None,THP District 8 - Jackson,THP,Unbelted,-,-,-,-,-,-,-,-,-,-,-,-,Henderson,Not in City Limit,3
33602,400041276,1,0,35.93797,-83.90816,1,2024-01-02 18:10:00,2024,1,2,18,10,Tuesday,18:10,Fatal,Dark-Lighted,Clear,Pedestrian,None,KNOXVILLE POLICE DEPT,Other,Unbelted,-,-,-,-,-,-,Pedestrian,-,-,-,-,-,Knox,Knoxville,3
33611,400041381,1,0,35.34533,-85.17533,2,2024-01-02 16:05:00,2024,1,2,16,5,Tuesday,16:05,Fatal,Daylight,Clear,Standing Tree,None,HAMILTON COUNTY SHERIFF'S OFFICE,Other,Unbelted,-,-,-,-,-,-,-,-,-,-,-,-,Hamilton,Not in City Limit,3
33613,400041387,0,2,36.53981,-86.52888,3,2024-01-03 11:21:00,2024,1,3,11,21,Wednesday,11:21,Suspected Serious Injury,Daylight,Cloudy,Motor Vehicle-In-Transport On Same Roadway,None,THP District 3 - Nashville,THP,Unbelted,-,-,-,-,-,-,-,-,-,-,-,-,Sumner,Not in City Limit,4
33624,400041453,0,1,36.05269,-89.4037,8,2024-01-03 14:49:00,2024,1,3,14,49,Wednesday,14:49,Suspected Serious Injury,Daylight,Clear,Motor Vehicle-In-Transport On Same Roadway,None,DYERSBURG POLICE DEPT,Other,Unbelted,-,-,-,-,-,-,-,-,-,-,Motorcyclist,-,Dyer,Dyersburg,4
33637,400041519,0,2,35.05306,-86.57355,7,2024-01-03 15:35:00,2024,1,3,15,35,Wednesday,15:35,Suspected Serious Injury,Daylight,Clear,Motor Vehicle-In-Transport On Same Roadway,None,THP District 7 - Lawrenceburg,THP,Unbelted,-,-,-,-,-,-,-,-,-,-,-,-,Lincoln,Not in City Limit,4
33638,400041523,0,1,35.57233,-88.66039,8,2024-01-02 21:10:00,2024,1,2,21,10,Tuesday,21:10,Suspected Serious Injury,Dark-Not Lighted,Clear,Standing Tree,None,THP District 8 - Jackson,THP,Unbelted,-,Drinking,-,-,-,-,-,-,-,-,-,-,Madison,Not in City Limit,3
33639,400041525,1,3,35.1493,-85.39258,2,2024-01-03 14:16:00,2024,1,3,14,16,Wednesday,14:16,Fatal,Daylight,Cloudy,Motor Vehicle-In-Transport On Same Roadway,None,THP District 2 - Chattanooga,THP,Unbelted,-,-,-,-,-,-,-,-,-,-,-,-,Marion,Not in City Limit,4
33643,400041536,0,2,36.53639,-82.31602,5,2024-01-03 17:48:00,2024,1,3,17,48,Wednesday,17:48,Suspected Serious Injury,Dark-Lighted,Cloudy,Motor Vehicle-In-Transport On Same Roadway,None,THP District 5 - Fall Branch,THP,Unbelted,-,-,-,-,-,-,-,-,-,-,-,-,Sullivan,Not in City Limit,4
33644,400041544,0,3,36.0073,-83.99176,1,2024-01-03 15:32:00,2024,1,3,15,32,Wednesday,15:32,Suspected Serious Injury,Daylight,Cloudy,Motor Vehicle-In-Transport On Same Roadway,None,KNOXVILLE POLICE DEPT,Other,Unbelted,-,-,-,-,-,-,-,-,-,-,-,-,Knox,Knoxville,4
33648,400041567,0,1,36.05787,-83.92591,1,2024-01-04 00:37:00,2024,1,4,0,37,Thursday,00:37,Suspected Serious Injury,Dark-Lighted,Clear,Motor Vehicle-In-Transport On Same Roadway,None,KNOX CO SHERIFFS OFFICE,Other,Unbelted,-,-,-,-,-,-,-,-,-,-,-,-,Knox,Not in City Limit,5
33662,400041665,1,0,35.75425,-89.65768,4,2024-01-03 09:11:00,2024,1,3,9,11,Wednesday,09:11,Fatal,Daylight,Clear,Standing Tree,None,THP District 4 - Memphis,THP,Unbelted,-,-,-,-,-,-,-,-,-,-,-,-,Lauderdale,Not in City Limit,4
33679,400041788,0,1,35.66952,-85.77195,6,2024-01-04 08:31:00,2024,1,4,8,31,Thursday,08:31,Suspected Serious Injury,Daylight,Clear,Ditch,None,MCMINNVILLE POLICE DEPT,Other,Unbelted,-,-,-,-,-,-,-,-,-,-,-,-,Warren,McMinnville,5
33681,400041795,0,3,36.43184,-86.65611,3,2024-01-04 14:18:00,2024,1,4,14,18,Thursday,14:18,Suspected Serious Injury,Daylight,Clear,Motor Vehicle-In-Transport On Same Roadway,None,THP District 3 - Nashville,THP,Unbelted,-,-,-,-,-,-,-,-,-,-,-,-,Sumner,Not in City Limit,5
33683,400041815,0,1,35.71675,-86.41559,3,2024-01-04 18:14:00,2024,1,4,18,14,Thursday,18:14,Suspected Serious Injury,Dark-Not Lighted,Clear,Motor Vehicle-In-Transport On Same Roadway,None,THP District 3 - Nashville,THP,Unbelted,-,-,-,-,-,-,-,-,-,-,-,-,Rutherford,Not in City Limit,5
33706,400041895,0,1,36.30108,-86.63673,3,2024-01-04 16:29:00,2024,1,4,16,29,Thursday,16:29,Suspected Serious Injury,Dusk,Clear,Motor Vehicle-In-Transport On Same Roadway,None,HENDERSONVILLE POLICE DEPT,Other,Unbelted,-,-,-,-,-,-,-,-,-,-,Motorcyclist,-,Sumner,Hendersonville,5
33707,400041896,0,1,36.59584,-87.27946,3,2024-01-02 12:06:00,2024,1,2,12,6,Tuesday,12:06,Suspected Serious Injury,Daylight,Clear,Motor Vehicle-In-Transport On Same Roadway,None,THP District 3 - Nashville,THP,Unbelted,Distracted,-,-,-,-,-,-,-,-,ATV_Involved,-,-,Montgomery,Clarksville,3
33713,400041945,0,1,35.61659,-89.44747,4,2024-01-04 00:00:00,2024,1,4,24,0,Thursday,24:00,Suspected Serious Injury,Daylight,Clear,Embankment Earth,None,THP District 4 - Memphis,THP,Unbelted,-,-,-,-,-,-,-,-,-,-,-,-,Haywood,Not in City Limit,5
33723,400041990,0,1,34.99615,-85.62496,2,2024-01-04 00:00:00,2024,1,4,24,0,Thursday,24:00,Suspected Serious Injury,Dark-Lighted,Clear,Guard Rail Face,None,THP District 2 - Chattanooga,THP,Unbelted,-,-,-,-,-,-,-,-,-,-,-,-,Marion,New Hope,5
33726,400042021,0,5,36.30068,-82.00098,5,2024-01-05 06:19:00,2024,1,5,6,19,Friday,06:19,Suspected Serious Injury,Dark-Not Lighted,Cloudy,Motor Vehicle-In-Transport On Same Roadway,None,THP District 5 - Fall Branch,THP,Unbelted,-,Drinking,Drug,-,-,-,-,-,-,-,-,-,Carter,Not in City Limit,6
33769,400042287,1,1,35.93793,-86.38147,3,2024-01-05 18:47:00,2024,1,5,18,47,Friday,18:47,Fatal,Dark-Not Lighted,Clear,Motor Vehicle-In-Transport On Same Roadway,None,THP District 3 - Nashville,THP,Unbelted,-,-,-,-,-,-,-,-,-,-,-,-,Rutherford,Not in City Limit,6
33781,400042347,0,1,35.82949,-89.42562,4,2024-01-06 14:59:00,2024,1,6,14,59,Saturday,14:59,Suspected Serious Injury,Daylight,Clear,Ditch,None,THP District 4 - Memphis,THP,Unbelted,-,Drinking,Drug,-,-,-,-,-,-,-,-,-,Lauderdale,Not in City Limit,7
33784,400042367,0,2,35.72005,-88.4562,8,2024-01-06 14:00:00,2024,1,6,14,0,Saturday,14:00,Suspected Serious Injury,Daylight,Cloudy,Standing Tree,None,THP District 8 - Jackson,THP,Unbelted,-,-,-,-,-,-,-,-,-,-,-,-,Henderson,Not in City Limit,7
33803,400042482,0,1,36.24562,-88.07136,8,2024-01-07 05:56:00,2024,1,7,5,56,Sunday,05:56,Suspected Serious Injury,Dark-Not Lighted,Clear,Utility Pole,None,THP District 8 - Jackson,THP,Unbelted,-,Drinking,-,-,Speeding,-,-,-,-,-,-,-,Benton,Not in City Limit,1
33809,400042519,0,2,35.13509,-87.51194,7,2024-01-07 08:28:00,2024,1,7,8,28,Sunday,08:28,Suspected Serious Injury,Daylight,Clear,Standing Tree,None,THP District 7 - Lawrenceburg,THP,Unbelted,-,Drinking,-,Drowsy,-,-,-,-,-,-,-,-,Lawrence,Not in City Limit,1
33814,400042559,0,1,35.93931,-83.72541,1,2024-01-07 14:50:00,2024,1,7,14,50,Sunday,14:50,Suspected Serious Injury,Daylight,Cloudy,Fence,None,KNOX CO SHERIFFS OFFICE,Other,Unbelted,-,-,-,-,Speeding,-,-,-,-,-,-,-,Knox,Not in City Limit,1
33819,400042579,0,1,35.47219,-87.10656,7,2024-01-07 15:15:00,2024,1,7,15,15,Sunday,15:15,Suspected Serious Injury,Daylight,Clear,Standing Tree,None,THP District 9 - Administrative,THP,Unbelted,-,-,-,-,-,-,-,-,-,-,-,-,Maury,Not in City Limit,1
33820,400042581,0,2,36.17784,-86.51264,3,2024-01-07 14:25:00,2024,1,7,14,25,Sunday,14:25,Suspected Serious Injury,Daylight,Clear,Motor Vehicle-In-Transport On Same Roadway,None,MOUNT JULIET POLICE DEPT,Other,Unbelted,-,-,-,-,-,-,-,-,-,-,-,-,Wilson,Mount Juliet,1
33826,400042601,0,1,35.99562,-86.52986,3,2024-01-02 14:12:00,2024,1,2,14,12,Tuesday,14:12,Suspected Serious Injury,Daylight,Clear,Motor Vehicle-In-Transport On Same Roadway,None,SMYRNA POLICE DEPT,Other,Unbelted,-,-,-,-,-,-,-,-,-,-,-,-,Rutherford,Smyrna,3
33830,400042623,1,0,35.07394,-85.18101,2,2024-01-07 16:51:00,2024,1,7,16,51,Sunday,16:51,Fatal,Dusk,Clear,Embankment Earth,None,CHATTANOOGA POLICE DEPT,Other,Unbelted,-,Drinking,-,-,-,-,-,-,-,-,-,-,Hamilton,Chattanooga,1
33841,400042673,1,1,35.33715,-89.5428,4,2024-01-07 03:00:00,2024,1,7,3,0,Sunday,03:00,Fatal,Dark-Not Lighted,Clear,Embankment Earth,None,THP District 4 - Memphis,THP,Unbelted,-,Drinking,-,-,-,-,-,-,-,-,-,-,Fayette,Not in City Limit,1
33861,400042821,0,2,36.13038,-88.50751,8,2024-01-04 11:38:00,2024,1,4,11,38,Thursday,11:38,Suspected Serious Injury,Daylight,Clear,Motor Vehicle-In-Transport On Same Roadway,None,MCKENZIE POLICE DEPT,Other,Unbelted,-,-,-,-,-,-,-,-,-,-,-,-,Carroll,McKenzie,5
33864,400042828,0,1,35.63842,-88.08117,8,2024-01-08 13:35:00,2024,1,8,13,35,Monday,13:35,Suspected Serious Injury,Daylight,Cloudy,"Over Turn, Roll Over",None,THP District 8 - Jackson,THP,-,-,-,-,-,-,-,-,-,-,-,Motorcyclist,-,Decatur,Not in City Limit,2
33867,400042849,0,7,35.66536,-85.78333,6,2024-01-05 14:58:00,2024,1,5,14,58,Friday,14:58,Suspected Serious Injury,Daylight,Clear,Motor Vehicle-In-Transport On Same Roadway,None,MCMINNVILLE POLICE DEPT,Other,Unbelted,-,-,Drug,-,-,-,-,-,-,-,-,Direct,Warren,McMinnville,6
33874,400042901,0,1,35.30009,-89.59906,4,2024-01-07 17:45:00,2024,1,7,17,45,Sunday,17:45,Suspected Serious Injury,Dark-Not Lighted,Clear,Embankment Earth,None,THP District 4 - Memphis,THP,Unbelted,-,-,-,-,-,-,-,-,-,-,-,-,Fayette,Not in City Limit,1
33876,400042914,0,3,35.92944,-83.8103,1,2024-01-08 17:16:00,2024,1,8,17,16,Monday,17:16,Suspected Serious Injury,Daylight,Clear,Motor Vehicle-In-Transport On Same Roadway,None,KNOX CO SHERIFFS OFFICE,Other,Unbelted,-,-,-,-,Speeding,-,-,-,-,-,-,-,Knox,Not in City Limit,2
33916,400043137,0,1,35.77611,-85.61296,6,2024-01-08 17:20:00,2024,1,8,17,20,Monday,17:20,Suspected Serious Injury,Dark-Not Lighted,Clear,Motor Vehicle-In-Transport On Same Roadway,None,THP District 6 - Cookeville,THP,Unbelted,-,-,-,-,-,-,-,-,-,-,-,-,Warren,Not in City Limit,2
33933,400043232,0,1,35.88673,-84.21815,1,2024-01-09 13:51:00,2024,1,9,13,51,Tuesday,13:51,Suspected Serious Injury,Daylight,Cloudy,Pedestrian,None,THP District 1 - Knoxville,THP,Unbelted,-,-,-,-,-,-,Pedestrian,-,-,ATV_Involved,-,-,Knox,Farragut,3
33935,400043257,1,1,36.27635,-84.20419,1,2024-01-08 14:49:00,2024,1,8,14,49,Monday,14:49,Fatal,Daylight,Clear,Motor Vehicle-In-Transport On Same Roadway,None,THP District 1 - Knoxville,THP,Unbelted,-,Drinking,Drug,-,-,-,-,-,-,-,-,-,Campbell,Not in City Limit,2
33942,400043308,0,2,36.2344,-83.2611,5,2024-01-09 16:37:00,2024,1,9,16,37,Tuesday,16:37,Suspected Serious Injury,Daylight,Cloudy,Motor Vehicle-In-Transport On Same Roadway,None,MORRISTOWN POLICE DEPT,Other,Unbelted,-,Drinking,-,-,-,-,-,-,-,-,-,-,Hamblen,Morristown,3
33949,400043343,0,1,35.02458,-88.89601,4,2024-01-09 17:12:00,2024,1,9,17,12,Tuesday,17:12,Suspected Serious Injury,Dark-Not Lighted,Freezing Rain/Freezing Drizzle,"Over Turn, Roll Over",None,THP District 4 - Memphis,THP,Unbelted,-,-,-,-,-,-,-,-,-,-,-,-,Hardeman,Not in City Limit,3
33950,400043347,0,1,36.07666,-86.72542,3,2024-01-09 17:56:00,2024,1,9,17,56,Tuesday,17:56,Suspected Serious Injury,Dark-Lighted,Rain,Pedestrian,None,METROPOLITAN NASHVILLE POLICE DEPT,Other,-,-,-,-,-,-,-,Pedestrian,-,-,-,-,-,Davidson,Nashville,3
33952,400043369,1,2,35.9382,-85.02921,6,2024-01-08 11:30:00,2024,1,8,11,30,Monday,11:30,Fatal,Daylight,Clear,Motor Vehicle-In-Transport On Same Roadway,None,THP District 6 - Cookeville,THP,Unbelted,-,-,-,-,-,-,-,-,-,ATV_Involved,-,-,Cumberland,Crossville,2
33972,400043481,1,0,35.41952,-86.69866,7,2024-01-10 05:48:00,2024,1,10,5,48,Wednesday,05:48,Fatal,Dark-Not Lighted,Cloudy,Bridge Rail,None,THP District 7 - Lawrenceburg,THP,Unbelted,-,-,Drug,-,-,-,-,-,-,-,-,-,Marshall,Not in City Limit,4
33979,400043543,0,2,35.84358,-86.69894,3,2024-01-07 13:29:00,2024,1,7,13,29,Sunday,13:29,Suspected Serious Injury,Daylight,Clear,Motor Vehicle-In-Transport On Same Roadway,None,THP District 3 - Nashville,THP,Unbelted,Distracted,Drinking,Drug,-,-,-,-,-,-,-,-,-,Williamson,Not in City Limit,1
33990,400043614,1,2,35.73504,-89.0952,4,2024-01-08 18:41:00,2024,1,8,18,41,Monday,18:41,Fatal,Dark-Not Lighted,Rain,Motor Vehicle-In-Transport On Same Roadway,None,THP District 4 - Memphis,THP,Unbelted,-,-,Drug,-,-,-,-,-,-,-,-,-,Crockett,Not in City Limit,2
33991,400043616,0,1,36.2638,-82.72626,5,2024-01-10 14:27:00,2024,1,10,14,27,Wednesday,14:27,Suspected Serious Injury,Daylight,Clear,Ditch,None,THP District 5 - Fall Branch,THP,Unbelted,-,-,-,-,-,-,-,-,-,-,-,-,Greene,Not in City Limit,4
33995,400043627,0,2,35.08908,-85.21978,2,2024-01-10 15:00:00,2024,1,10,15,0,Wednesday,15:00,Suspected Serious Injury,Daylight,Clear,Motor Vehicle-In-Transport On Same Roadway,None,CHATTANOOGA POLICE DEPT,Other,Unbelted,-,-,-,-,-,-,-,-,-,-,-,-,Hamilton,Chattanooga,4
33999,400043666,0,2,35.74589,-83.90433,1,2024-01-09 19:02:00,2024,1,9,19,2,Tuesday,19:02,Suspected Serious Injury,Dark-Not Lighted,Sleet/Hail,Embankment Earth,None,BLOUNT CO SHERIFFS DEPT,Other,Unbelted,-,Drinking,-,-,-,-,-,-,-,-,-,-,Blount,Not in City Limit,3
34001,400043683,0,1,36.13416,-85.44936,6,2024-01-10 18:08:00,2024,1,10,18,8,Wednesday,18:08,Suspected Serious Injury,Dark-Lighted,Clear,Guard Rail Face,None,COOKEVILLE POLICE DEPT,Other,Unbelted,-,-,-,-,-,-,-,-,-,-,-,-,Putnam,Cookeville,4