OBJECTID,MRN,Fatality,Injury,Latitude,Longitude,THP_District,Collision_Date,Collision_Year,Collision_Month,Collision_Day,Collision_Hour,Collision_Min,Collision_DOW,Collision_Time,Crash_Type,Light_Condition,Weather,First_Harmfu_Event,Work_Zone_Type,Agency_Name,THP,Unbelted,Distracted_Driver,Driver_Drinking,Driver_Drugged,Drowsy_Driver,Speeding_Involved,Pedalcyclist,Pedestrian,Other_Nonmotorist,ATV_Involved,LargeTruck_Involved,Motorcycle_Involved,SchoolBus,County,City,DOW_Nmb
34004,400043696,1,0,35.92078,-85.85882,6,2024-01-10 01:43:00,2024,1,10,1,43,Wednesday,01:43,Fatal,Dark-Lighted,Freezing Rain/Freezing Drizzle,Utility Pole,None,THP District 6 - Cookeville,THP,Unbelted,-,Drinking,-,-,-,-,-,-,-,-,-,-,DeKalb,Not in City Limit,4
34005,400043702,0,3,36.3298,-88.26183,8,2024-01-08 16:51:00,2024,1,8,16,51,Monday,16:51,Suspected Serious Injury,Dusk,Rain,Motor Vehicle-In-Transport On Same Roadway,None,THP District 8 - Jackson,THP,Unbelted,-,-,-,-,-,-,-,-,-,-,-,-,Henry,Not in City Limit,2
34006,400043707,0,1,35.86489,-86.47616,3,2024-01-10 19:17:00,2024,1,10,19,17,Wednesday,19:17,Suspected Serious Injury,Dark-Lighted,Clear,Other Non-Collision,None,MURFREESBORO POLICE DEPT,Other,-,-,-,-,-,-,-,-,-,-,-,Motorcyclist,-,Rutherford,Murfreesboro,4
34010,400043744,0,1,35.5286,-86.9014,7,2024-01-10 17:50:00,2024,1,10,17,50,Wednesday,17:50,Suspected Serious Injury,Dark-Not Lighted,Clear,Parked Motor Vehicle,None,THP District 7 - Lawrenceburg,THP,Unbelted,-,Drinking,Drug,-,-,-,-,-,-,-,-,-,Maury,Not in City Limit,4
34014,400043763,0,2,35.67854,-88.83029,8,2024-01-10 16:45:00,2024,1,10,16,45,Wednesday,16:45,Suspected Serious Injury,Dusk,Clear,Motor Vehicle-In-Transport On Same Roadway,None,JACKSON POLICE DEPT,Other,Unbelted,-,-,-,-,-,-,-,-,-,-,Motorcyclist,-,Madison,Jackson,4
34030,400043880,0,3,35.25638,-88.99625,4,2024-01-10 09:25:00,2024,1,10,9,25,Wednesday,09:25,Suspected Serious Injury,Daylight,Clear,Motor Vehicle-In-Transport On Same Roadway,None,THP District 4 - Memphis,THP,Unbelted,-,-,-,-,-,-,-,-,-,-,-,-,Hardeman,Bolivar,4
34039,400043955,0,1,36.40036,-87.09513,3,2024-01-11 13:12:00,2024,1,11,13,12,Thursday,13:12,Suspected Serious Injury,Daylight,Clear,Motor Vehicle-In-Transport On Same Roadway,None,THP District 3 - Nashville,THP,Unbelted,-,-,-,-,-,-,-,-,-,-,-,-,Cheatham,Not in City Limit,5
34041,400043964,0,2,36.24767,-86.97757,3,2024-01-10 15:56:00,2024,1,10,15,56,Wednesday,15:56,Suspected Serious Injury,Daylight,Clear,Motor Vehicle-In-Transport On Same Roadway,None,THP District 3 - Nashville,THP,Unbelted,-,-,-,-,Speeding,-,-,-,-,-,-,-,Cheatham,Not in City Limit,4
34046,400043989,0,1,35.87422,-84.24592,1,2024-01-11 07:50:00,2024,1,11,7,50,Thursday,07:50,Suspected Serious Injury,Dawn,Clear,Pedestrian,None,THP District 1 - Knoxville,THP,Unbelted,-,-,-,-,-,-,Pedestrian,-,-,ATV_Involved,-,-,Loudon,Not in City Limit,5
34052,400044010,0,2,36.03298,-84.23073,1,2024-01-11 14:10:00,2024,1,11,14,10,Thursday,14:10,Suspected Serious Injury,Daylight,Clear,Motor Vehicle-In-Transport On Same Roadway,None,OAK RIDGE POLICE DEPT,Other,Unbelted,-,-,-,-,-,-,-,-,-,-,-,-,Anderson,Oak Ridge,5
34058,400044042,0,1,36.5162,-87.22316,3,2024-01-11 16:54:00,2024,1,11,16,54,Thursday,16:54,Suspected Serious Injury,Daylight,Clear,Motor Vehicle-In-Transport On Same Roadway,None,THP District 3 - Nashville,THP,Unbelted,-,-,-,-,-,-,-,-,-,-,Motorcyclist,-,Montgomery,Clarksville,5
34059,400044049,0,2,36.06897,-89.40276,8,2024-01-11 17:19:00,2024,1,11,17,19,Thursday,17:19,Suspected Serious Injury,Dark-Not Lighted,Clear,Motor Vehicle-In-Transport On Different Roadway,None,DYERSBURG POLICE DEPT,Other,Unbelted,-,-,-,-,-,-,-,-,-,-,-,-,Dyer,Not in City Limit,5
34060,400044062,0,1,35.64162,-87.0143,7,2024-01-11 16:45:00,2024,1,11,16,45,Thursday,16:45,Suspected Serious Injury,Daylight,Clear,Motor Vehicle-In-Transport On Same Roadway,None,COLUMBIA POLICE DEPT,Other,Unbelted,-,-,-,-,-,-,-,-,-,-,Motorcyclist,-,Maury,Columbia,5
34063,400044065,0,1,35.45152,-86.62988,7,2024-01-07 21:48:00,2024,1,7,21,48,Sunday,21:48,Suspected Serious Injury,Dark-Not Lighted,Clear,Ditch,None,THP District 7 - Lawrenceburg,THP,Unbelted,-,Drinking,-,-,-,-,-,-,-,-,-,-,Bedford,Not in City Limit,1
34066,400044072,1,2,35.68981,-88.69047,8,2024-01-10 19:19:00,2024,1,10,19,19,Wednesday,19:19,Fatal,Dark-Not Lighted,Clear,Motor Vehicle-In-Transport On Same Roadway,None,THP District 8 - Jackson,THP,Unbelted,-,Drinking,Drug,-,-,-,-,-,-,-,-,-,Madison,Not in City Limit,4
34080,400044148,0,1,35.34794,-86.88128,7,2024-01-11 03:12:00,2024,1,11,3,12,Thursday,03:12,Suspected Serious Injury,Dark-Not Lighted,Clear,Standing Tree,None,THP District 7 - Lawrenceburg,THP,Unbelted,-,-,-,Drowsy,-,-,-,-,-,-,-,-,Marshall,Not in City Limit,5
34083,400044162,0,1,36.318,-89.285,8,2024-01-10 05:30:00,2024,1,10,5,30,Wednesday,05:30,Suspected Serious Injury,Dark-Not Lighted,Clear,Ditch,None,THP District 8 - Jackson,THP,Unbelted,-,-,-,-,-,-,-,-,-,-,-,-,Obion,Not in City Limit,4
34095,400044241,0,1,35.22199,-89.65604,4,2024-01-12 08:01:00,2024,1,12,8,1,Friday,08:01,Suspected Serious Injury,Daylight,Rain,Guard Rail End,None,THP District 4 - Memphis,THP,Unbelted,-,-,-,-,-,-,-,-,-,-,-,-,Shelby,Arlington,6
34096,400044243,0,2,35.83607,-86.37343,3,2024-01-12 06:58:00,2024,1,12,6,58,Friday,06:58,Suspected Serious Injury,Dark-Lighted,Rain,Motor Vehicle-In-Transport On Same Roadway,None,MURFREESBORO POLICE DEPT,Other,Unbelted,Distracted,-,-,-,-,-,-,-,-,-,-,-,Rutherford,Murfreesboro,6
34098,400044249,0,1,35.07806,-89.98602,4,2024-01-09 10:07:00,2024,1,9,10,7,Tuesday,10:07,Suspected Serious Injury,Daylight,Clear,Guard Rail Face,None,THP District 4 - Memphis,THP,Unbelted,Distracted,-,-,-,-,-,-,-,-,-,-,-,Shelby,Memphis,3
34127,400044446,0,1,36.46436,-87.15172,3,2024-01-11 18:50:00,2024,1,11,18,50,Thursday,18:50,Suspected Serious Injury,Dark-Not Lighted,Cloudy,Motor Vehicle-In-Transport On Same Roadway,None,THP District 3 - Nashville,THP,Unbelted,-,-,-,Drowsy,-,-,-,-,-,-,-,-,Montgomery,Not in City Limit,5
34136,400044528,0,1,35.70853,-84.34629,1,2024-01-07 18:22:00,2024,1,7,18,22,Sunday,18:22,Suspected Serious Injury,Dark-Not Lighted,Clear,Embankment Earth,None,THP District 1 - Knoxville,THP,Unbelted,-,-,-,-,-,-,-,-,-,-,-,-,Loudon,Not in City Limit,1
34147,400044575,0,2,35.16123,-84.85535,2,2024-01-11 01:18:00,2024,1,11,1,18,Thursday,01:18,Suspected Serious Injury,Dark-Lighted,Clear,Standing Tree,None,THP District 2 - Chattanooga,THP,Unbelted,-,-,-,-,-,-,-,-,-,-,-,-,Bradley,Not in City Limit,5
34148,400044577,0,2,35.96606,-88.68883,8,2024-01-13 00:34:00,2024,1,13,0,34,Saturday,00:34,Suspected Serious Injury,Dark-Not Lighted,Clear,Standing Tree,None,THP District 8 - Jackson,THP,Unbelted,Distracted,-,-,-,-,-,-,-,-,-,-,-,Carroll,Atwood,7
34152,400044587,1,0,35.64999,-88.8296,8,2024-01-13 02:30:00,2024,1,13,2,30,Saturday,02:30,Fatal,Dark-Lighted,Clear,"Over Turn, Roll Over",None,JACKSON POLICE DEPT,Other,Unbelted,-,-,-,-,-,-,-,-,-,-,-,-,Madison,Jackson,7
34153,400044595,0,1,35.98074,-87.18422,3,2024-01-12 23:37:00,2024,1,12,23,37,Friday,23:37,Suspected Serious Injury,Dark-Not Lighted,Clear,Utility Pole,None,THP District 3 - Nashville,THP,Unbelted,-,Drinking,-,-,-,-,-,-,-,-,-,-,Williamson,Not in City Limit,6
34155,400044598,1,4,35.55478,-84.5599,2,2024-01-13 01:05:00,2024,1,13,1,5,Saturday,01:05,Fatal,Dark-Not Lighted,Clear,Motor Vehicle-In-Transport On Same Roadway,None,THP District 2 - Chattanooga,THP,Unbelted,-,Drinking,Drug,-,-,-,-,-,-,-,-,-,McMinn,Not in City Limit,7
34163,400044647,0,1,35.54658,-87.19893,7,2024-01-13 12:00:00,2024,1,13,12,0,Saturday,12:00,Suspected Serious Injury,Daylight,Clear,Motor Vehicle-In-Transport On Same Roadway,None,MOUNT PLEASANT POLICE DEPT,Other,Unbelted,-,-,-,-,-,-,-,-,-,-,-,-,Maury,Mount Pleasant,7
34165,400044666,0,1,35.69813,-88.82967,8,2024-01-13 12:26:00,2024,1,13,12,26,Saturday,12:26,Suspected Serious Injury,Daylight,Clear,Pedestrian,None,JACKSON POLICE DEPT,Other,Unbelted,-,-,-,-,-,-,Pedestrian,-,-,-,-,-,Madison,Jackson,7
34171,400044699,0,1,35.92708,-86.54865,3,2024-01-10 21:32:00,2024,1,10,21,32,Wednesday,21:32,Suspected Serious Injury,Dark-Lighted,Clear,Motor Vehicle-In-Transport On Same Roadway,None,SMYRNA POLICE DEPT,Other,Unbelted,-,-,-,-,-,-,-,-,-,-,-,-,Rutherford,Smyrna,4
34184,400044737,0,1,35.80304,-86.57399,3,2024-01-13 16:39:00,2024,1,13,16,39,Saturday,16:39,Suspected Serious Injury,Dusk,Clear,Utility Pole,None,THP District 3 - Nashville,THP,Unbelted,-,-,-,-,-,-,-,-,-,-,-,-,Rutherford,Not in City Limit,7
34192,400044780,0,2,35.85516,-86.73372,3,2024-01-13 20:30:00,2024,1,13,20,30,Saturday,20:30,Suspected Serious Injury,Dark-Not Lighted,Clear,Fence,None,WILLIAMSON CO SHERIFFS OFFICE,Other,Unbelted,-,-,-,-,Speeding,-,-,-,-,-,-,-,Williamson,Not in City Limit,7
34197,400044795,0,1,36.5124,-82.77111,5,2024-01-13 19:28:00,2024,1,13,19,28,Saturday,19:28,Suspected Serious Injury,Dark-Not Lighted,Clear,Motor Vehicle-In-Transport On Same Roadway,None,THP District 5 - Fall Branch,THP,Unbelted,-,-,Drug,-,-,-,-,-,-,-,Motorcyclist,-,Hawkins,Church Hill,7
34198,400044805,0,1,35.59511,-89.06004,8,2024-01-13 22:30:00,2024,1,13,22,30,Saturday,22:30,Suspected Serious Injury,Dark-Not Lighted,Clear,Ditch,None,THP District 8 - Jackson,THP,Unbelted,-,-,-,-,-,-,-,-,-,ATV_Involved,-,-,Madison,Not in City Limit,7
34200,400044815,0,1,35.18514,-85.34488,2,2024-01-14 00:00:00,2024,1,14,24,0,Sunday,24:00,Suspected Serious Injury,Dark-Not Lighted,Clear,Standing Tree,None,HAMILTON COUNTY SHERIFF'S OFFICE,Other,Unbelted,-,Drinking,Drug,-,-,-,-,-,-,-,-,-,Hamilton,Not in City Limit,1
34203,400044833,1,4,36.44007,-84.46086,1,2024-01-13 10:40:00,2024,1,13,10,40,Saturday,10:40,Fatal,Daylight,Clear,Motor Vehicle-In-Transport On Same Roadway,None,THP District 1 - Knoxville,THP,Unbelted,-,Drinking,Drug,-,-,-,-,-,-,-,-,-,Scott,Not in City Limit,7
34209,400044864,1,3,35.70055,-85.77582,6,2024-01-14 00:19:00,2024,1,14,0,19,Sunday,00:19,Fatal,Dark-Lighted,Clear,Motor Vehicle-In-Transport On Same Roadway,None,THP District 6 - Cookeville,THP,Unbelted,-,Drinking,Drug,-,-,-,-,-,-,-,-,-,Warren,McMinnville,1
34217,400044933,0,1,35.61262,-88.86565,8,2024-01-14 05:52:00,2024,1,14,5,52,Sunday,05:52,Suspected Serious Injury,Other,Snow,Other Fixed Object,None,MADISON CO SHERIFFS DEPT,Other,Unbelted,-,-,-,-,-,-,-,-,-,-,-,-,Madison,Not in City Limit,1
34220,400044949,0,1,36.17206,-87.74504,3,2024-01-14 18:32:00,2024,1,14,18,32,Sunday,18:32,Suspected Serious Injury,Daylight,Blowing Snow,Bridge/Overhead Structure,None,THP District 3 - Nashville,THP,Unbelted,-,-,-,-,-,-,-,-,-,-,-,-,Humphreys,Not in City Limit,1
34221,400044950,0,3,35.35367,-85.03977,2,2024-01-14 17:20:00,2024,1,14,17,20,Sunday,17:20,Suspected Serious Injury,Dusk,Cloudy,"Over Turn, Roll Over",None,HAMILTON COUNTY SHERIFF'S OFFICE,Other,Unbelted,-,-,-,-,-,-,-,-,-,-,-,-,Hamilton,Not in City Limit,1
34229,400044994,0,2,36.06895,-86.43017,3,2024-01-14 18:46:00,2024,1,14,18,46,Sunday,18:46,Suspected Serious Injury,Dark-Not Lighted,Snow,Motor Vehicle-In-Transport On Same Roadway,None,THP District 3 - Nashville,THP,Unbelted,-,-,-,-,-,-,-,-,-,ATV_Involved,-,-,Wilson,Not in City Limit,1
34232,400045013,0,1,36.07759,-83.87961,1,2024-01-14 18:42:00,2024,1,14,18,42,Sunday,18:42,Suspected Serious Injury,Dark-Not Lighted,Clear,Motor Vehicle-In-Transport On Same Roadway,None,KNOX CO SHERIFFS OFFICE,Other,Unbelted,-,-,-,-,-,-,-,-,-,-,-,-,Knox,Not in City Limit,1
34236,400045031,0,2,35.86981,-86.38608,3,2024-01-14 00:00:00,2024,1,14,24,0,Sunday,24:00,Suspected Serious Injury,Dark-Lighted,Clear,Motor Vehicle-In-Transport On Same Roadway,None,MURFREESBORO POLICE DEPT,Other,Unbelted,-,Drinking,-,-,-,-,-,-,-,-,-,-,Rutherford,Murfreesboro,1
34245,400045134,0,1,36.38983,-86.56316,3,2024-01-14 00:47:00,2024,1,14,0,47,Sunday,00:47,Suspected Serious Injury,Dark-Not Lighted,Clear,Standing Tree,None,THP District 3 - Nashville,THP,Unbelted,-,Drinking,-,-,Speeding,-,-,-,-,-,-,-,Sumner,Not in City Limit,1
34249,400045188,0,2,36.41453,-82.94683,5,2024-01-13 12:23:00,2024,1,13,12,23,Saturday,12:23,Suspected Serious Injury,Daylight,Clear,Motor Vehicle-In-Transport On Same Roadway,None,THP District 5 - Fall Branch,THP,Unbelted,-,Drinking,Drug,-,-,-,-,-,-,-,-,-,Hawkins,Not in City Limit,7
34262,400045333,0,1,36.30395,-82.87081,5,2024-01-15 13:09:00,2024,1,15,13,9,Monday,13:09,Suspected Serious Injury,Daylight,Blowing Snow,Ditch,None,THP District 5 - Fall Branch,THP,Unbelted,-,-,-,-,-,-,-,-,-,-,-,-,Greene,Not in City Limit,2
34279,400045470,0,1,35.79335,-83.91086,1,2024-01-15 00:00:00,2024,1,15,24,0,Monday,24:00,Suspected Serious Injury,Daylight,Snow,Other Post/Pole Support,None,BLOUNT CO SHERIFFS DEPT,Other,Unbelted,-,-,-,-,-,-,-,-,-,-,-,-,Blount,Not in City Limit,2
34281,400045480,0,1,36.16849,-85.50619,6,2024-01-15 14:12:00,2024,1,15,14,12,Monday,14:12,Suspected Serious Injury,Daylight,Snow,Fell/Jumped From Vehicle,None,COOKEVILLE POLICE DEPT,Other,Unbelted,-,-,Drug,-,-,-,-,-,-,-,-,-,Putnam,Cookeville,2
34289,400045527,2,2,36.20144,-82.47381,5,2024-01-15 12:54:00,2024,1,15,12,54,Monday,12:54,Fatal,Daylight,Snow,Motor Vehicle-In-Transport On Same Roadway,None,THP District 5 - Fall Branch,THP,Unbelted,-,-,-,-,-,-,-,-,-,ATV_Involved,-,-,Washington,Not in City Limit,2
34293,400045552,0,7,35.57535,-86.44364,7,2024-01-15 03:17:00,2024,1,15,3,17,Monday,03:17,Suspected Serious Injury,Dark-Not Lighted,Snow,Motor Vehicle-In-Transport On Same Roadway,None,THP District 7 - Lawrenceburg,THP,Unbelted,-,-,-,-,-,-,-,-,-,ATV_Involved,-,-,Bedford,Not in City Limit,2
34295,400045564,0,1,35.00821,-85.31792,2,2024-01-15 04:39:00,2024,1,15,4,39,Monday,04:39,Suspected Serious Injury,Dark-Lighted,Cloudy,Motor Vehicle-In-Transport On Same Roadway,None,THP District 2 - Chattanooga,THP,Unbelted,Distracted,Drinking,-,-,-,-,-,-,-,-,Motorcyclist,-,Hamilton,Chattanooga,2
34297,400045578,1,0,36.0221,-83.99503,1,2024-01-15 19:02:00,2024,1,15,19,2,Monday,19:02,Fatal,Dark-Lighted,Snow,Motor Vehicle-In-Transport On Same Roadway,None,KNOXVILLE POLICE DEPT,Other,Unbelted,-,-,-,-,Speeding,-,-,-,-,ATV_Involved,-,-,Knox,Knoxville,2
34299,400045583,0,1,35.85085,-84.26812,1,2024-01-12 18:37:00,2024,1,12,18,37,Friday,18:37,Suspected Serious Injury,Dark-Not Lighted,Clear,Other Non-Fixed Object,None,THP District 1 - Knoxville,THP,Unbelted,-,Drinking,-,-,-,-,-,-,-,-,-,-,Loudon,Not in City Limit,6
34300,400045586,0,1,36.03732,-88.11759,8,2024-01-09 14:57:00,2024,1,9,14,57,Tuesday,14:57,Suspected Serious Injury,Daylight,Cloudy,Motor Vehicle-In-Transport On Same Roadway,None,THP District 8 - Jackson,THP,Unbelted,-,-,-,-,-,-,-,-,-,-,-,-,Benton,Not in City Limit,3
34311,400045657,0,1,35.66909,-88.37766,8,2024-01-15 13:06:00,2024,1,15,13,6,Monday,13:06,Suspected Serious Injury,Daylight,Snow,Unknown,None,LEXINGTON POLICE DEPT,Other,-,-,-,-,-,-,-,-,-,ATV_Involved,-,-,-,Henderson,Lexington,2
34312,400045662,0,2,35.45517,-84.41644,1,2024-01-15 00:00:00,2024,1,15,24,0,Monday,24:00,Suspected Serious Injury,Daylight,Snow,Boulder,None,MONROE CO SHERIFFS DEPT,Other,Unbelted,-,-,-,-,-,-,-,-,-,-,-,-,Monroe,Not in City Limit,2
34328,400045762,0,1,35.96699,-83.92435,1,2024-01-16 13:23:00,2024,1,16,13,23,Tuesday,13:23,Suspected Serious Injury,Daylight,Cloudy,Pedestrian,None,KNOXVILLE POLICE DEPT,Other,Unbelted,-,-,-,-,-,-,Pedestrian,-,-,-,-,-,Knox,Knoxville,3
34331,400045791,1,0,36.18473,-86.39522,3,2024-01-16 11:58:00,2024,1,16,11,58,Tuesday,11:58,Fatal,Daylight,Cloudy,Motor Vehicle-In-Transport On Same Roadway,None,THP District 3 - Nashville,THP,Unbelted,-,-,-,-,-,-,-,-,-,ATV_Involved,-,-,Wilson,Lebanon,3
34332,400045795,0,3,36.28366,-81.93295,5,2024-01-12 18:59:00,2024,1,12,18,59,Friday,18:59,Suspected Serious Injury,Dark-Not Lighted,Clear,Motor Vehicle-In-Transport On Same Roadway,None,THP District 5 - Fall Branch,THP,Unbelted,-,Drinking,Drug,-,-,-,-,-,-,-,-,-,Johnson,Not in City Limit,6
34335,400045808,1,0,35.40651,-86.76609,7,2024-01-15 17:25:00,2024,1,15,17,25,Monday,17:25,Fatal,Dark-Not Lighted,Snow,Ditch,None,THP District 7 - Lawrenceburg,THP,Unbelted,-,Drinking,-,-,-,-,-,-,-,-,-,-,Marshall,Not in City Limit,2
34338,400045822,0,2,36.01831,-87.33546,3,2024-01-10 16:26:00,2024,1,10,16,26,Wednesday,16:26,Suspected Serious Injury,Dusk,Clear,Motor Vehicle-In-Transport On Same Roadway,None,DICKSON POLICE DEPT,Other,Unbelted,Distracted,Drinking,Drug,-,-,-,-,-,-,-,-,-,Dickson,Dickson,4
34342,400045877,1,2,35.79013,-86.15485,6,2024-01-13 01:31:00,2024,1,13,1,31,Saturday,01:31,Fatal,Dark-Not Lighted,Clear,Embankment Earth,None,THP District 6 - Cookeville,THP,Unbelted,-,Drinking,-,-,-,-,-,-,-,-,-,-,Cannon,Not in City Limit,7
34343,400045881,0,1,36.08452,-87.77277,3,2024-01-16 19:00:00,2024,1,16,19,0,Tuesday,19:00,Suspected Serious Injury,Dark-Not Lighted,Clear,Pedal-Cycle,None,WAVERLY POLICE DEPT,Other,Unbelted,-,-,-,-,-,Pedalcyclist,-,-,-,-,-,-,Humphreys,Waverly,3
34347,400045903,0,1,36.22068,-82.57562,5,2024-01-16 08:29:00,2024,1,16,8,29,Tuesday,08:29,Suspected Serious Injury,Daylight,Snow,"Over Turn, Roll Over",None,THP District 5 - Fall Branch,THP,Unbelted,-,-,-,-,-,-,-,-,-,ATV_Involved,-,-,Washington,Not in City Limit,3
34357,400045967,0,1,35.70698,-88.63475,8,2024-01-14 14:03:00,2024,1,14,14,3,Sunday,14:03,Suspected Serious Injury,Daylight,Clear,Motor Vehicle-In-Transport On Same Roadway,None,THP District 8 - Jackson,THP,Unbelted,-,-,-,-,-,-,-,-,-,-,-,-,Madison,Not in City Limit,1
34358,400046002,1,0,35.59263,-87.95599,7,2024-01-12 23:30:00,2024,1,12,23,30,Friday,23:30,Fatal,Dark-Not Lighted,Cloudy,Standing Tree,None,THP District 7 - Lawrenceburg,THP,Unbelted,-,Drinking,Drug,-,Speeding,-,-,-,-,-,-,-,Perry,Not in City Limit,6
34372,400046088,0,1,36.59271,-82.60869,5,2024-01-15 14:15:00,2024,1,15,14,15,Monday,14:15,Suspected Serious Injury,Daylight,Snow,"Over Turn, Roll Over",None,MOUNT CARMEL POLICE DEPT,Other,Unbelted,-,-,-,-,-,-,-,-,-,-,-,-,Hawkins,Not in City Limit,2
34374,400046098,0,2,35.81814,-83.93669,1,2024-01-15 12:25:00,2024,1,15,12,25,Monday,12:25,Suspected Serious Injury,Daylight,Snow,Motor Vehicle-In-Transport On Same Roadway,None,THP District 10 - Motor Carrier Plus,THP,Unbelted,-,-,-,-,-,-,-,-,-,-,-,-,Blount,Rockford,2
34383,400046183,0,1,36.32896,-88.27536,8,2024-01-17 01:30:00,2024,1,17,1,30,Wednesday,01:30,Suspected Serious Injury,Dark-Not Lighted,Clear,Culvert,None,THP District 8 - Jackson,THP,Unbelted,-,-,-,-,-,-,-,-,-,-,-,-,Henry,Not in City Limit,4
34386,400046199,0,2,36.36905,-82.16299,5,2024-01-17 18:44:00,2024,1,17,18,44,Wednesday,18:44,Suspected Serious Injury,Dark-Not Lighted,Clear,Motor Vehicle-In-Transport On Same Roadway,None,CARTER CO SHERIFFS DEPT,Other,Unbelted,-,-,-,-,-,-,-,-,-,-,-,-,Carter,Not in City Limit,4
34408,400046377,1,0,35.09154,-85.32388,2,2024-01-18 10:47:00,2024,1,18,10,47,Thursday,10:47,Fatal,Daylight,Cloudy,Standing Tree,None,THP District 2 - Chattanooga,THP,Unbelted,-,-,-,-,Speeding,-,-,-,-,-,-,-,Hamilton,Red Bank,5
34413,400046404,1,0,35.05,-85.63458,2,2024-01-17 13:00:00,2024,1,17,13,0,Wednesday,13:00,Fatal,Daylight,Clear,Motor Vehicle-In-Transport On Same Roadway,None,THP District 2 - Chattanooga,THP,Unbelted,-,-,-,-,-,-,-,-,-,ATV_Involved,-,-,Marion,Jasper,4
34423,400046518,1,0,36.23884,-86.72391,3,2024-01-10 18:50:00,2024,1,10,18,50,Wednesday,18:50,Fatal,Dark-Lighted,Clear,Motor Vehicle-In-Transport On Same Roadway,None,METROPOLITAN NASHVILLE POLICE DEPT,Other,Unbelted,-,-,Drug,-,-,-,-,-,-,-,-,-,Davidson,Nashville,4
34433,400046639,1,0,35.06997,-85.11954,2,2024-01-18 23:04:00,2024,1,18,23,4,Thursday,23:04,Fatal,Dark-Not Lighted,Rain,Motor Vehicle-In-Transport On Same Roadway,None,CHATTANOOGA POLICE DEPT,Other,Unbelted,-,-,-,-,Speeding,-,Pedestrian,-,-,-,-,-,Hamilton,Chattanooga,5
34456,400046826,1,0,35.52089,-85.90805,2,2024-01-19 13:00:00,2024,1,19,13,0,Friday,13:00,Fatal,Daylight,Freezing Rain/Freezing Drizzle,Other Post/Pole Support,None,THP District 2 - Chattanooga,THP,Unbelted,-,-,-,-,-,-,-,-,-,ATV_Involved,-,-,Coffee,Not in City Limit,6
34467,400046916,0,6,36.52426,-82.31411,5,2024-01-18 18:32:00,2024,1,18,18,32,Thursday,18:32,Suspected Serious Injury,Dark-Lighted,Snow,Parked Motor Vehicle,None,THP District 5 - Fall Branch,THP,Unbelted,-,Drinking,Drug,-,-,-,Pedestrian,-,-,-,-,-,Sullivan,Bristol,5
34477,400047056,0,1,35.50556,-89.82782,4,2024-01-20 13:04:00,2024,1,20,13,4,Saturday,13:04,Suspected Serious Injury,Daylight,Snow,Standing Tree,None,THP District 4 - Memphis,THP,Unbelted,-,-,-,-,Speeding,-,-,-,-,-,-,-,Tipton,Not in City Limit,7
34483,400047115,1,1,35.58451,-88.67694,8,2024-01-20 12:37:00,2024,1,20,12,37,Saturday,12:37,Fatal,Daylight,Clear,Motor Vehicle-In-Transport On Same Roadway,None,MADISON CO SHERIFFS DEPT,Other,Unbelted,-,-,-,-,Speeding,-,-,-,-,-,-,-,Madison,Not in City Limit,7
34495,400047215,1,0,36.03457,-83.84186,1,2024-01-21 06:52:00,2024,1,21,6,52,Sunday,06:52,Fatal,Dawn,Clear,Ditch,None,KNOXVILLE POLICE DEPT,Other,Unbelted,-,-,Drug,-,-,-,-,-,-,-,-,-,Knox,Knoxville,1
34504,400047352,0,2,35.49392,-86.46742,7,2024-01-21 12:22:00,2024,1,21,12,22,Sunday,12:22,Suspected Serious Injury,Daylight,Clear,Utility Pole,None,SHELBYVILLE POLICE DEPT,Other,Unbelted,-,-,-,-,-,-,-,-,-,-,-,-,Bedford,Shelbyville,1
34506,400047394,0,2,36.21259,-88.24053,8,2024-01-16 18:35:00,2024,1,16,18,35,Tuesday,18:35,Suspected Serious Injury,Dark-Not Lighted,Cloudy,"Over Turn, Roll Over",None,THP District 8 - Jackson,THP,Unbelted,-,-,-,-,-,-,-,-,-,-,-,-,Henry,Not in City Limit,3
34513,400047438,0,2,35.53962,-86.45167,7,2024-01-21 03:10:00,2024,1,21,3,10,Sunday,03:10,Suspected Serious Injury,Dark-Not Lighted,Clear,Motor Vehicle-In-Transport On Same Roadway,None,SHELBYVILLE POLICE DEPT,Other,Unbelted,-,Drinking,Drug,-,-,-,-,-,-,-,-,-,Bedford,Shelbyville,1
34519,400047473,0,1,36.45967,-86.95295,3,2024-01-21 10:13:00,2024,1,21,10,13,Sunday,10:13,Suspected Serious Injury,Daylight,Clear,Motor Vehicle-In-Transport On Same Roadway,None,THP District 3 - Nashville,THP,Unbelted,-,-,-,-,-,-,-,-,-,-,-,-,Robertson,Coopertown,1
34525,400047589,0,1,36.09535,-87.17852,3,2024-01-22 11:50:00,2024,1,22,11,50,Monday,11:50,Suspected Serious Injury,Daylight,Clear,Ditch,None,THP District 3 - Nashville,THP,Unbelted,-,-,-,-,-,-,-,-,-,-,-,-,Dickson,Not in City Limit,2
34538,400047685,1,0,35.74878,-86.53156,3,2024-01-22 13:21:00,2024,1,22,13,21,Monday,13:21,Fatal,Daylight,Clear,"Over Turn, Roll Over",None,THP District 3 - Nashville,THP,Unbelted,-,-,-,-,Speeding,-,-,-,-,-,-,-,Rutherford,Not in City Limit,2