OBJECTID,MRN,Fatality,Injury,Latitude,Longitude,THP_District,Collision_Date,Collision_Year,Collision_Month,Collision_Day,Collision_Hour,Collision_Min,Collision_DOW,Collision_Time,Crash_Type,Light_Condition,Weather,First_Harmfu_Event,Work_Zone_Type,Agency_Name,THP,Unbelted,Distracted_Driver,Driver_Drinking,Driver_Drugged,Drowsy_Driver,Speeding_Involved,Pedalcyclist,Pedestrian,Other_Nonmotorist,ATV_Involved,LargeTruck_Involved,Motorcycle_Involved,SchoolBus,County,City,DOW_Nmb
34549,400047759,0,1,34.99994,-89.62359,4,2024-01-22 18:27:00,2024,1,22,18,27,Monday,18:27,Suspected Serious Injury,Dark-Not Lighted,Rain,Motor Vehicle-In-Transport On Same Roadway,None,THP District 4 - Memphis,THP,Unbelted,-,-,-,-,-,-,-,-,-,ATV_Involved,-,-,Fayette,Piperton,2
34571,400047880,0,2,35.62322,-84.75466,2,2024-01-23 06:15:00,2024,1,23,6,15,Tuesday,06:15,Suspected Serious Injury,Dark-Not Lighted,Clear,Motor Vehicle-In-Transport On Same Roadway,None,THP District 2 - Chattanooga,THP,Unbelted,-,-,-,-,-,-,-,-,-,-,-,-,Meigs,Not in City Limit,3
34576,400047926,0,1,35.48,-87.237,7,2024-01-23 09:31:00,2024,1,23,9,31,Tuesday,09:31,Suspected Serious Injury,Daylight,Rain,Embankment Earth,None,THP District 7 - Lawrenceburg,THP,Unbelted,-,-,-,-,Speeding,-,-,-,-,-,-,-,Maury,Not in City Limit,3
34585,400048006,0,1,35.18956,-85.26613,2,2024-01-23 14:27:00,2024,1,23,14,27,Tuesday,14:27,Suspected Serious Injury,Daylight,Cloudy,Utility Pole,None,HAMILTON COUNTY SHERIFF'S OFFICE,Other,Unbelted,Distracted,-,-,-,-,-,-,-,-,-,-,-,Hamilton,Not in City Limit,3
34586,400048011,0,4,36.03976,-86.76357,3,2024-01-20 17:59:00,2024,1,20,17,59,Saturday,17:59,Suspected Serious Injury,Dark-Lighted,Clear,Motor Vehicle-In-Transport On Same Roadway,None,METROPOLITAN NASHVILLE POLICE DEPT,Other,Unbelted,-,-,-,-,-,-,-,-,-,-,-,-,Davidson,Nashville,7
34599,400048123,0,1,35.41291,-89.53465,4,2024-01-23 18:08:00,2024,1,23,18,8,Tuesday,18:08,Suspected Serious Injury,Dark-Lighted,Rain,Pedestrian,None,THP District 4 - Memphis,THP,Unbelted,-,-,-,-,-,-,Pedestrian,-,-,-,-,-,Tipton,Mason,3
34609,400048168,0,1,35.6714,-86.44785,3,2024-01-23 23:00:00,2024,1,23,23,0,Tuesday,23:00,Suspected Serious Injury,Dark-Lighted,Clear,Standing Tree,None,THP District 3 - Nashville,THP,Unbelted,-,Drinking,Drug,-,-,-,-,-,-,-,-,-,Rutherford,Not in City Limit,3
34623,400048282,0,1,35.85269,-83.63854,1,2024-01-23 06:24:00,2024,1,23,6,24,Tuesday,06:24,Suspected Serious Injury,Dark-Lighted,Clear,Motor Vehicle-In-Transport On Same Roadway,None,THP District 1 - Knoxville,THP,Unbelted,-,-,Drug,-,-,-,-,-,-,-,-,-,Sevier,Not in City Limit,3
34625,400048285,0,3,35.25137,-85.18017,2,2024-01-24 07:00:00,2024,1,24,7,0,Wednesday,07:00,Suspected Serious Injury,Dark-Lighted,Fog,Motor Vehicle-In-Transport On Same Roadway,None,SODDY DAISY POLICE DEPT,Other,Unbelted,-,-,-,-,-,-,-,-,-,-,-,-,Hamilton,Soddy-Daisy,4
34628,400048318,0,1,36.42276,-81.82519,5,2024-01-24 11:35:00,2024,1,24,11,35,Wednesday,11:35,Suspected Serious Injury,Daylight,Cloudy,Motor Vehicle-In-Transport On Same Roadway,None,JOHNSON CO SHERIFFS DEPT,Other,Unbelted,-,-,-,-,-,-,-,-,-,-,-,-,Johnson,Not in City Limit,4
34633,400048339,1,0,35.96902,-83.37179,5,2024-01-23 09:32:00,2024,1,23,9,32,Tuesday,09:32,Fatal,Daylight,Cloudy,"Over Turn, Roll Over",None,THP District 5 - Fall Branch,THP,Unbelted,-,-,Drug,-,-,-,-,-,-,ATV_Involved,-,-,Jefferson,Not in City Limit,3
34650,400048488,0,2,36.62978,-87.21758,3,2024-01-24 18:39:00,2024,1,24,18,39,Wednesday,18:39,Suspected Serious Injury,Dark-Not Lighted,Rain,Motor Vehicle-In-Transport On Same Roadway,None,THP District 3 - Nashville,THP,Unbelted,-,-,-,-,-,-,-,-,-,-,-,-,Montgomery,Not in City Limit,4
34664,400048572,1,0,36.31549,-82.19883,5,2024-01-24 10:31:00,2024,1,24,10,31,Wednesday,10:31,Fatal,Daylight,Rain,Pedestrian,None,THP District 5 - Fall Branch,THP,Unbelted,-,-,Drug,-,-,-,Pedestrian,-,-,-,-,-,Carter,Not in City Limit,4
34669,400048612,0,1,35.45683,-87.97159,7,2024-01-19 07:28:00,2024,1,19,7,28,Friday,07:28,Suspected Serious Injury,Daylight,Freezing Rain/Freezing Drizzle,Standing Tree,None,THP District 7 - Lawrenceburg,THP,Unbelted,-,-,-,-,-,-,-,-,-,-,-,-,Wayne,Not in City Limit,6
34673,400048644,0,3,36.14356,-83.6539,5,2024-01-25 09:55:00,2024,1,25,9,55,Thursday,09:55,Suspected Serious Injury,Daylight,Rain,Motor Vehicle-In-Transport On Same Roadway,None,THP District 5 - Fall Branch,THP,Unbelted,-,-,-,-,-,-,-,-,-,-,-,-,Grainger,Not in City Limit,5
34674,400048662,0,1,36.37544,-86.47426,3,2024-01-24 21:02:00,2024,1,24,21,2,Wednesday,21:02,Suspected Serious Injury,Dark-Lighted,Cloudy,Motor Vehicle-In-Transport On Same Roadway,None,GALLATIN POLICE DEPT,Other,Unbelted,-,-,-,-,-,-,-,-,-,-,Motorcyclist,-,Sumner,Gallatin,4
34675,400048663,0,3,35.10862,-85.32501,2,2024-01-25 08:24:00,2024,1,25,8,24,Thursday,08:24,Suspected Serious Injury,Daylight,Rain,Motor Vehicle-In-Transport On Same Roadway,None,CHATTANOOGA POLICE DEPT,Other,Unbelted,-,-,-,-,-,-,-,-,-,-,-,-,Hamilton,Chattanooga,5
34682,400048710,1,1,36.01188,-85.50472,6,2024-01-25 07:55:00,2024,1,25,7,55,Thursday,07:55,Fatal,Daylight,Rain,Motor Vehicle-In-Transport On Same Roadway,None,THP District 6 - Cookeville,THP,Unbelted,Distracted,-,-,-,Speeding,-,-,-,-,-,-,-,White,Not in City Limit,5
34692,400048786,0,1,36.63241,-87.2832,3,2024-01-24 19:16:00,2024,1,24,19,16,Wednesday,19:16,Suspected Serious Injury,Dark-Not Lighted,Fog,Utility Pole,None,THP District 3 - Nashville,THP,Unbelted,-,-,Drug,-,-,-,-,-,-,-,-,-,Montgomery,Not in City Limit,4
34705,400048908,0,1,36.00193,-83.50015,5,2024-01-25 19:13:00,2024,1,25,19,13,Thursday,19:13,Suspected Serious Injury,Dark-Not Lighted,Rain,Pedestrian,None,JEFFERSON CO SHERIFFS DEPT,Other,Unbelted,-,-,-,-,-,-,Pedestrian,-,-,-,-,-,Jefferson,Not in City Limit,5
34710,400048928,0,2,35.88893,-83.93316,1,2024-01-25 18:00:00,2024,1,25,18,0,Thursday,18:00,Suspected Serious Injury,Dark-Not Lighted,Rain,Motor Vehicle-In-Transport On Same Roadway,None,THP District 1 - Knoxville,THP,Unbelted,-,-,-,-,-,-,-,-,-,-,-,-,Knox,Not in City Limit,5
34717,400048966,0,2,36.20926,-83.26365,5,2024-01-25 19:13:00,2024,1,25,19,13,Thursday,19:13,Suspected Serious Injury,Dark-Lighted,Rain,Guard Rail Face,None,MORRISTOWN POLICE DEPT,Other,Unbelted,-,-,-,-,-,-,-,-,-,-,-,-,Hamblen,Morristown,5
34725,400049013,1,0,35.08686,-89.79689,4,2024-01-25 17:45:00,2024,1,25,17,45,Thursday,17:45,Fatal,Dark-Lighted,Rain,Pedestrian,None,GERMANTOWN POLICE DEPT,Other,Unbelted,-,-,-,-,-,-,Pedestrian,-,-,-,-,-,Shelby,Germantown,5
34733,400049070,0,2,36.47409,-82.54301,5,2024-01-26 07:34:00,2024,1,26,7,34,Friday,07:34,Suspected Serious Injury,Daylight,Clear,Motor Vehicle-In-Transport On Same Roadway,None,THP District 5 - Fall Branch,THP,Unbelted,-,-,-,-,-,-,-,-,-,-,-,-,Sullivan,Kingsport,6
34738,400049104,0,1,35.85464,-84.54022,1,2024-01-24 10:47:00,2024,1,24,10,47,Wednesday,10:47,Suspected Serious Injury,Daylight,Cloudy,Embankment Earth,None,THP District 1 - Knoxville,THP,Unbelted,Distracted,-,-,-,-,-,-,-,-,-,-,-,Roane,Kingston,4
34742,400049147,1,1,35.1111,-87.40556,7,2024-01-26 07:55:00,2024,1,26,7,55,Friday,07:55,Fatal,Daylight,Fog,Motor Vehicle-In-Transport On Same Roadway,None,LORETTO POLICE DEPT,Other,Unbelted,-,-,-,-,-,-,-,-,-,-,-,-,Lawrence,Loretto,6
34745,400049158,0,1,36.48167,-84.53746,1,2024-01-26 13:49:00,2024,1,26,13,49,Friday,13:49,Suspected Serious Injury,Daylight,Clear,Motor Vehicle-In-Transport On Same Roadway,None,ONEIDA POLICE DEPT,Other,Unbelted,-,-,-,-,-,-,-,-,-,-,-,-,Scott,Oneida,6
34761,400049260,0,2,35.7679,-83.98874,1,2024-01-26 18:40:00,2024,1,26,18,40,Friday,18:40,Suspected Serious Injury,Dark-Lighted,Clear,Motor Vehicle-In-Transport On Same Roadway,None,ALCOA POLICE DEPARTMENT,Other,Unbelted,-,-,-,-,-,-,-,-,-,-,-,-,Blount,Alcoa,6
34764,400049268,1,1,35.91217,-86.50712,3,2024-01-26 18:06:00,2024,1,26,18,6,Friday,18:06,Fatal,Dark-Not Lighted,Clear,Motor Vehicle-In-Transport On Same Roadway,None,THP District 3 - Nashville,THP,Unbelted,-,-,-,-,-,-,-,-,-,ATV_Involved,-,-,Rutherford,Not in City Limit,6
34765,400049283,0,4,36.50365,-86.2714,3,2024-01-26 18:00:00,2024,1,26,18,0,Friday,18:00,Suspected Serious Injury,Dark-Not Lighted,Clear,Motor Vehicle-In-Transport On Same Roadway,None,THP District 3 - Nashville,THP,Unbelted,-,-,-,-,-,-,-,-,-,-,-,-,Sumner,Not in City Limit,6
34768,400049291,0,1,35.87493,-86.49853,3,2024-01-26 17:57:00,2024,1,26,17,57,Friday,17:57,Suspected Serious Injury,Dark-Not Lighted,Clear,Motor Vehicle-In-Transport On Different Roadway,None,MURFREESBORO POLICE DEPT,Other,Unbelted,Distracted,-,-,-,-,-,-,-,-,-,-,-,Rutherford,Murfreesboro,6
34770,400049324,0,3,35.82956,-86.40741,3,2024-01-26 21:41:00,2024,1,26,21,41,Friday,21:41,Suspected Serious Injury,Dark-Lighted,Clear,Motor Vehicle-In-Transport On Same Roadway,None,MURFREESBORO POLICE DEPT,Other,Unbelted,-,-,-,-,Speeding,-,-,-,-,-,-,-,Rutherford,Murfreesboro,6
34774,400049338,0,1,36.14947,-87.52847,3,2024-01-27 02:42:00,2024,1,27,2,42,Saturday,02:42,Suspected Serious Injury,Dark-Not Lighted,Cloudy,Fence,None,THP District 3 - Nashville,THP,Unbelted,-,Drinking,-,-,-,-,-,-,-,-,-,-,Dickson,Not in City Limit,7
34775,400049339,1,4,36.18821,-83.30455,5,2024-01-26 15:26:00,2024,1,26,15,26,Friday,15:26,Fatal,Daylight,Clear,Motor Vehicle-In-Transport On Same Roadway,None,MORRISTOWN POLICE DEPT,Other,Unbelted,-,-,-,-,-,-,-,-,-,-,-,-,Hamblen,Morristown,6
34779,400049349,0,1,36.13835,-83.27987,5,2024-01-27 02:46:00,2024,1,27,2,46,Saturday,02:46,Suspected Serious Injury,Dark-Lighted,Cloudy,Motor Vehicle-In-Transport On Same Roadway,None,THP District 5 - Fall Branch,THP,Unbelted,-,-,-,-,-,-,-,-,-,ATV_Involved,-,-,Hamblen,Not in City Limit,7
34787,400049399,0,1,36.46867,-86.69213,3,2024-01-27 05:59:00,2024,1,27,5,59,Saturday,05:59,Suspected Serious Injury,Dark-Not Lighted,Rain,Culvert,None,WHITE HOUSE POLICE DEPT,Other,Unbelted,-,Drinking,-,-,-,-,-,Other_NM,-,-,-,-,Robertson,White House,7
34805,400049543,0,1,36.01721,-83.41376,5,2024-01-25 12:35:00,2024,1,25,12,35,Thursday,12:35,Suspected Serious Injury,Daylight,Rain,Motor Vehicle-In-Transport On Different Roadway,None,DANDRIDGE POLICE DEPT,Other,Unbelted,-,-,-,-,Speeding,-,-,-,-,-,-,-,Jefferson,Dandridge,5
34806,400049547,0,4,35.1277,-84.72049,2,2024-01-27 16:45:00,2024,1,27,16,45,Saturday,16:45,Suspected Serious Injury,Daylight,Clear,Motor Vehicle-In-Transport On Same Roadway,None,THP District 2 - Chattanooga,THP,Unbelted,-,Drinking,Drug,-,-,-,-,-,-,-,-,-,Polk,Not in City Limit,7
34807,400049548,0,2,35.77601,-85.61301,6,2024-01-26 12:49:00,2024,1,26,12,49,Friday,12:49,Suspected Serious Injury,Daylight,Clear,Motor Vehicle-In-Transport On Same Roadway,None,THP District 6 - Cookeville,THP,Unbelted,-,-,-,-,-,-,-,-,-,-,-,-,Warren,Not in City Limit,6
34812,400049578,1,1,35.2737,-88.9805,4,2024-01-27 14:30:00,2024,1,27,14,30,Saturday,14:30,Fatal,Daylight,Cloudy,Standing Tree,None,THP District 4 - Memphis,THP,Unbelted,-,Drinking,-,-,-,-,-,-,-,-,-,-,Hardeman,Not in City Limit,7
34814,400049590,0,1,35.6371,-88.823,8,2024-01-27 19:30:00,2024,1,27,19,30,Saturday,19:30,Suspected Serious Injury,Dark-Lighted,Rain,Pedestrian,None,JACKSON POLICE DEPT,Other,Unbelted,-,-,-,-,-,-,Pedestrian,-,-,-,-,-,Madison,Jackson,7
34817,400049600,0,1,36.07849,-89.34001,8,2024-01-26 16:45:00,2024,1,26,16,45,Friday,16:45,Suspected Serious Injury,Daylight,Cloudy,Motor Vehicle-In-Transport On Same Roadway,Work Zone,THP District 8 - Jackson,THP,Unbelted,Distracted,-,-,-,-,-,-,-,-,ATV_Involved,-,-,Dyer,Not in City Limit,6
34819,400049609,0,1,35.77177,-86.91724,3,2024-01-27 18:12:00,2024,1,27,18,12,Saturday,18:12,Suspected Serious Injury,Dark-Lighted,Rain,Motor Vehicle-In-Transport On Same Roadway,None,SPRING HILL POLICE DEPT,Other,Unbelted,-,-,-,-,Speeding,-,-,-,-,-,-,-,Williamson,Spring Hill,7
34822,400049626,0,1,35.54699,-86.48941,7,2024-01-27 17:43:00,2024,1,27,17,43,Saturday,17:43,Suspected Serious Injury,Dusk,Rain,Standing Tree,None,THP District 7 - Lawrenceburg,THP,Unbelted,-,-,-,-,-,-,-,-,-,-,-,-,Bedford,Not in City Limit,7
34828,400049648,0,1,35.69443,-84.02215,1,2024-01-28 03:08:00,2024,1,28,3,8,Sunday,03:08,Suspected Serious Injury,Dark-Not Lighted,Rain,Utility Pole,None,BLOUNT CO SHERIFFS DEPT,Other,-,-,-,-,-,-,-,-,-,-,-,Motorcyclist,-,Blount,Not in City Limit,1
34832,400049655,1,3,35.97738,-83.979,1,2024-01-28 02:59:00,2024,1,28,2,59,Sunday,02:59,Fatal,Dark-Not Lighted,Cloudy,Motor Vehicle-In-Transport On Same Roadway,None,KNOXVILLE POLICE DEPT,Other,Unbelted,-,-,-,-,-,-,-,-,-,-,-,-,Knox,Knoxville,1
34837,400049664,0,2,35.73585,-86.945,7,2024-01-28 03:15:00,2024,1,28,3,15,Sunday,03:15,Suspected Serious Injury,Dark-Not Lighted,Rain,Motor Vehicle-In-Transport On Same Roadway,None,SPRING HILL POLICE DEPT,Other,Unbelted,-,-,-,-,-,-,-,-,-,-,-,-,Maury,Spring Hill,1
34845,400049715,0,4,35.72458,-83.49942,1,2024-01-28 10:10:00,2024,1,28,10,10,Sunday,10:10,Suspected Serious Injury,Daylight,Rain,Injured In Vehicle,None,GATLINBURG POLICE DEPT,Other,Unbelted,-,-,-,-,-,-,-,-,-,-,-,-,Sevier,Gatlinburg,1
34850,400049736,1,0,36.40186,-86.40444,3,2024-01-28 06:16:00,2024,1,28,6,16,Sunday,06:16,Fatal,Dark-Lighted,Rain,Motor Vehicle-In-Transport On Same Roadway,None,GALLATIN POLICE DEPT,Other,Unbelted,-,Drinking,-,-,-,-,-,-,-,-,-,-,Sumner,Gallatin,1
34859,400049790,1,1,35.13112,-86.4973,7,2024-01-28 00:01:00,2024,1,28,0,1,Sunday,00:01,Fatal,Dark-Not Lighted,Rain,Embankment Earth,None,THP District 7 - Lawrenceburg,THP,Unbelted,-,-,-,-,Speeding,-,-,-,-,-,-,-,Lincoln,Not in City Limit,1
34860,400049791,0,2,35.21434,-87.90038,7,2024-01-28 15:12:00,2024,1,28,15,12,Sunday,15:12,Suspected Serious Injury,Daylight,Cloudy,Fence,None,THP District 7 - Lawrenceburg,THP,-,-,-,-,-,-,-,-,-,-,-,-,-,Wayne,Not in City Limit,1
34869,400049848,0,1,36.40092,-84.08899,1,2024-01-24 23:20:00,2024,1,24,23,20,Wednesday,23:20,Suspected Serious Injury,Dark-Not Lighted,Rain,Culvert,None,LAFOLLETTE POLICE DEPT,Other,Unbelted,Distracted,Drinking,Drug,-,Speeding,-,-,-,-,-,-,-,Campbell,Not in City Limit,4
34871,400049862,0,1,35.10636,-86.12431,2,2024-01-28 00:00:00,2024,1,28,24,0,Sunday,24:00,Suspected Serious Injury,Dark-Not Lighted,Rain,Guard Rail Face,None,THP District 2 - Chattanooga,THP,Unbelted,-,-,Drug,-,-,-,-,-,-,-,-,-,Franklin,Not in City Limit,1
34877,400049917,0,2,35.46514,-84.55499,2,2024-01-27 04:00:00,2024,1,27,4,0,Saturday,04:00,Suspected Serious Injury,Dark-Not Lighted,Clear,"Over Turn, Roll Over",None,THP District 2 - Chattanooga,THP,Unbelted,-,Drinking,-,-,-,-,-,-,-,-,-,-,McMinn,Not in City Limit,7
34878,400049925,1,0,36.08267,-86.71052,3,2024-01-24 06:00:00,2024,1,24,6,0,Wednesday,06:00,Fatal,Dawn,Rain,Motor Vehicle-In-Transport On Same Roadway,None,METROPOLITAN NASHVILLE POLICE DEPT,Other,Unbelted,-,-,-,-,-,-,-,-,-,ATV_Involved,-,-,Davidson,Nashville,4
34880,400049943,1,3,36.1014,-86.66084,3,2024-01-28 03:56:00,2024,1,28,3,56,Sunday,03:56,Fatal,Dark-Lighted,Rain,Motor Vehicle-In-Transport On Same Roadway,None,METROPOLITAN NASHVILLE POLICE DEPT,Other,Unbelted,-,Drinking,-,-,-,-,-,-,-,-,-,-,Davidson,Nashville,1
34883,400049979,0,1,35.78012,-84.70249,1,2024-01-26 07:13:00,2024,1,26,7,13,Friday,07:13,Suspected Serious Injury,Dawn,Fog,Ditch,None,THP District 1 - Knoxville,THP,Unbelted,-,-,-,-,-,-,-,-,-,-,-,-,Roane,Not in City Limit,6
34886,400050012,0,2,35.11862,-85.31681,2,2024-01-29 09:19:00,2024,1,29,9,19,Monday,09:19,Suspected Serious Injury,Daylight,Clear,Motor Vehicle-In-Transport On Same Roadway,None,CHATTANOOGA POLICE DEPT,Other,Unbelted,-,-,-,-,-,-,-,-,-,-,-,-,Hamilton,Chattanooga,2
34899,400050120,0,1,36.29705,-87.60609,3,2024-01-19 21:48:00,2024,1,19,21,48,Friday,21:48,Suspected Serious Injury,Dark-Not Lighted,Clear,Ditch,None,THP District 3 - Nashville,THP,Unbelted,-,Drinking,-,-,Speeding,-,-,-,-,-,-,-,Houston,Not in City Limit,6
34900,400050122,0,1,35.21112,-86.56629,7,2024-01-19 15:40:00,2024,1,19,15,40,Friday,15:40,Suspected Serious Injury,Dusk,Cloudy,Embankment Rock/Stone/Concrete,None,THP District 7 - Lawrenceburg,THP,Unbelted,-,-,-,-,-,-,-,-,-,-,-,-,Lincoln,Not in City Limit,6
34904,400050130,0,7,35.60416,-88.8139,8,2024-01-29 15:10:00,2024,1,29,15,10,Monday,15:10,Suspected Serious Injury,Daylight,Clear,Motor Vehicle-In-Transport On Same Roadway,None,JACKSON POLICE DEPT,Other,Unbelted,-,-,-,-,-,-,-,-,-,-,-,-,Madison,Jackson,2
34906,400050150,0,1,36.01819,-88.09281,8,2024-01-29 19:08:00,2024,1,29,19,8,Monday,19:08,Suspected Serious Injury,Dark-Not Lighted,Clear,Standing Tree,None,THP District 8 - Jackson,THP,Unbelted,-,-,-,-,Speeding,-,-,-,-,-,-,-,Benton,Not in City Limit,2
34912,400050201,1,1,35.72039,-88.78329,8,2024-01-28 00:06:00,2024,1,28,0,6,Sunday,00:06,Fatal,Dark-Not Lighted,Clear,Standing Tree,None,THP District 8 - Jackson,THP,Unbelted,-,-,Drug,-,Speeding,-,-,-,-,-,-,-,Madison,Not in City Limit,1
34916,400050221,0,1,35.70862,-88.38796,8,2024-01-29 16:26:00,2024,1,29,16,26,Monday,16:26,Suspected Serious Injury,Daylight,Clear,Pedestrian,None,LEXINGTON POLICE DEPT,Other,Unbelted,-,-,-,-,-,-,Pedestrian,-,-,ATV_Involved,-,-,Henderson,Lexington,2
34921,400050278,1,1,35.7994,-86.38245,3,2024-01-30 05:35:00,2024,1,30,5,35,Tuesday,05:35,Fatal,Dark-Not Lighted,Clear,Motor Vehicle-In-Transport On Same Roadway,None,THP District 3 - Nashville,THP,Unbelted,-,-,-,-,-,-,-,-,-,-,-,-,Rutherford,Murfreesboro,3
34928,400050298,0,5,36.02398,-83.719,1,2024-01-30 07:15:00,2024,1,30,7,15,Tuesday,07:15,Suspected Serious Injury,Daylight,Clear,Motor Vehicle-In-Transport On Same Roadway,None,THP District 1 - Knoxville,THP,Unbelted,-,-,-,-,-,-,-,-,-,-,-,-,Knox,Not in City Limit,3
34929,400050299,0,1,36.24522,-85.61505,6,2024-01-30 06:42:00,2024,1,30,6,42,Tuesday,06:42,Suspected Serious Injury,Daylight,Clear,Motor Vehicle-In-Transport On Same Roadway,None,THP District 6 - Cookeville,THP,Unbelted,-,-,-,-,-,-,-,-,-,-,-,-,Jackson,Not in City Limit,3
34938,400050379,0,2,36.24199,-83.26495,5,2024-01-30 12:27:00,2024,1,30,12,27,Tuesday,12:27,Suspected Serious Injury,Daylight,Cloudy,Motor Vehicle-In-Transport On Same Roadway,None,MORRISTOWN POLICE DEPT,Other,Unbelted,-,-,-,-,-,-,-,-,-,-,-,-,Hamblen,Morristown,3
34942,400050423,0,2,35.97817,-85.05236,6,2024-01-30 14:33:00,2024,1,30,14,33,Tuesday,14:33,Suspected Serious Injury,Daylight,Clear,Motor Vehicle-In-Transport On Same Roadway,None,CROSSVILLE POLICE DEPT,Other,Unbelted,-,-,-,-,-,-,-,-,-,-,-,-,Cumberland,Crossville,3
34944,400050430,0,1,35.3291,-85.13254,2,2024-01-30 00:00:00,2024,1,30,24,0,Tuesday,24:00,Suspected Serious Injury,Daylight,Cloudy,Motor Vehicle-In-Transport On Same Roadway,None,SODDY DAISY POLICE DEPT,Other,Unbelted,-,-,-,-,-,-,-,-,-,-,-,-,Hamilton,Soddy-Daisy,3
34953,400050492,0,6,35.09253,-88.70052,8,2024-01-28 14:24:00,2024,1,28,14,24,Sunday,14:24,Suspected Serious Injury,Daylight,Clear,Standing Tree,None,THP District 8 - Jackson,THP,Unbelted,-,-,Drug,-,Speeding,-,-,-,-,-,-,-,McNairy,Not in City Limit,1
34955,400050497,0,5,35.69923,-86.88304,7,2024-01-26 10:23:00,2024,1,26,10,23,Friday,10:23,Suspected Serious Injury,Daylight,Clear,Motor Vehicle-In-Transport On Same Roadway,None,THP District 7 - Lawrenceburg,THP,Unbelted,-,-,-,-,Speeding,-,-,-,-,ATV_Involved,-,-,Maury,Spring Hill,6
34960,400050520,0,5,36.02081,-83.99373,1,2024-01-30 18:51:00,2024,1,30,18,51,Tuesday,18:51,Suspected Serious Injury,Dark-Lighted,Rain,Motor Vehicle-In-Transport On Same Roadway,None,KNOXVILLE POLICE DEPT,Other,Unbelted,Distracted,-,-,-,-,-,-,-,-,-,-,-,Knox,Knoxville,3
34967,400050556,0,1,35.85931,-86.42307,3,2024-01-31 01:47:00,2024,1,31,1,47,Wednesday,01:47,Suspected Serious Injury,Dark-Lighted,Clear,Standing Tree,None,MURFREESBORO POLICE DEPT,Other,Unbelted,-,-,-,-,-,-,-,-,-,-,-,-,Rutherford,Murfreesboro,4
34969,400050580,0,2,36.20903,-82.11301,5,2024-01-30 06:35:00,2024,1,30,6,35,Tuesday,06:35,Suspected Serious Injury,Dark-Not Lighted,Clear,Motor Vehicle-In-Transport On Same Roadway,None,THP District 5 - Fall Branch,THP,Unbelted,-,-,-,-,Speeding,-,-,-,-,-,-,-,Carter,Not in City Limit,3
34975,400050632,1,0,35.97319,-84.02013,1,2024-01-31 08:16:00,2024,1,31,8,16,Wednesday,08:16,Fatal,Daylight,Cloudy,Motor Vehicle-In-Transport On Same Roadway,None,KNOXVILLE POLICE DEPT,Other,Unbelted,-,-,-,-,-,-,-,-,-,ATV_Involved,Motorcyclist,-,Knox,Knoxville,4
34977,400050646,0,1,36.54927,-83.6395,5,2024-01-31 05:30:00,2024,1,31,5,30,Wednesday,05:30,Suspected Serious Injury,Dark-Not Lighted,Rain,Motor Vehicle-In-Transport On Same Roadway,None,THP District 5 - Fall Branch,THP,Unbelted,-,Drinking,-,-,-,-,-,-,-,ATV_Involved,-,-,Claiborne,Harrogate,4
34988,400050721,0,1,36.04053,-83.36581,5,2024-01-31 15:12:00,2024,1,31,15,12,Wednesday,15:12,Suspected Serious Injury,Daylight,Cloudy,Embankment Earth,None,THP District 5 - Fall Branch,THP,Unbelted,-,-,-,-,-,-,-,-,-,-,-,-,Jefferson,Not in City Limit,4
34998,400050788,1,0,35.59427,-88.15028,8,2024-01-31 15:30:00,2024,1,31,15,30,Wednesday,15:30,Fatal,Daylight,Clear,Other Animal,None,THP District 8 - Jackson,THP,-,-,-,-,-,-,-,-,-,-,-,Motorcyclist,-,Decatur,Not in City Limit,4
35006,400050809,0,1,35.91654,-87.28198,7,2024-01-31 18:45:00,2024,1,31,18,45,Wednesday,18:45,Suspected Serious Injury,Dark-Not Lighted,Clear,Motor Vehicle-In-Transport On Same Roadway,None,THP District 7 - Lawrenceburg,THP,Unbelted,-,-,-,-,-,-,-,-,-,-,-,-,Hickman,Not in City Limit,4
35017,400050880,1,0,35.07328,-88.25126,8,2024-01-31 04:25:00,2024,1,31,4,25,Wednesday,04:25,Fatal,Dark-Lighted,Clear,"Over Turn, Roll Over",None,THP District 8 - Jackson,THP,Unbelted,-,-,-,-,-,-,-,-,-,-,-,-,Hardin,Not in City Limit,4
35024,400050933,0,3,35.3937,-86.24215,2,2024-02-01 08:50:00,2024,2,1,8,50,Thursday,08:50,Suspected Serious Injury,Daylight,Clear,Motor Vehicle-In-Transport On Same Roadway,None,TULLAHOMA POLICE DEPT,Other,Unbelted,-,-,-,-,-,-,-,-,-,-,-,-,Coffee,Tullahoma,5
35028,400050950,0,1,35.9595,-85.81124,6,2024-02-01 07:52:00,2024,2,1,7,52,Thursday,07:52,Suspected Serious Injury,Daylight,Clear,Motor Vehicle-In-Transport On Different Roadway,None,SMITHVILLE POLICE DEPT,Other,Unbelted,Distracted,-,-,-,-,-,-,-,-,-,-,-,DeKalb,Smithville,5
35033,400050979,0,1,35.96216,-88.83444,8,2024-02-01 11:17:00,2024,2,1,11,17,Thursday,11:17,Suspected Serious Injury,Daylight,Clear,Ditch,None,THP District 8 - Jackson,THP,Unbelted,-,-,Drug,-,-,-,-,-,-,-,-,-,Gibson,Not in City Limit,5