OBJECTID,MRN,Fatality,Injury,Latitude,Longitude,THP_District,Collision_Date,Collision_Year,Collision_Month,Collision_Day,Collision_Hour,Collision_Min,Collision_DOW,Collision_Time,Crash_Type,Light_Condition,Weather,First_Harmfu_Event,Work_Zone_Type,Agency_Name,THP,Unbelted,Distracted_Driver,Driver_Drinking,Driver_Drugged,Drowsy_Driver,Speeding_Involved,Pedalcyclist,Pedestrian,Other_Nonmotorist,ATV_Involved,LargeTruck_Involved,Motorcycle_Involved,SchoolBus,County,City,DOW_Nmb
35041,400051033,1,0,36.12121,-82.90125,5,2024-01-29 03:36:00,2024,1,29,3,36,Monday,03:36,Fatal,Dark-Not Lighted,Clear,Pedestrian,None,THP District 5 - Fall Branch,THP,Unbelted,-,-,Drug,-,-,-,Pedestrian,-,-,-,-,-,Greene,Not in City Limit,2
35042,400051034,0,1,36.08236,-83.92999,1,2024-01-30 14:15:00,2024,1,30,14,15,Tuesday,14:15,Suspected Serious Injury,Daylight,Clear,Motor Vehicle-In-Transport On Different Roadway,None,THP District 1 - Knoxville,THP,Unbelted,-,-,-,-,-,-,-,-,-,-,Motorcyclist,-,Knox,Not in City Limit,3
35046,400051050,0,1,35.99279,-84.00659,1,2024-02-01 08:00:00,2024,2,1,8,0,Thursday,08:00,Suspected Serious Injury,Dawn,Clear,Motor Vehicle-In-Transport On Same Roadway,None,KNOXVILLE POLICE DEPT,Other,Unbelted,-,-,-,-,-,-,-,-,-,-,-,-,Knox,Knoxville,5
35051,400051098,0,1,36.1347,-83.28069,5,2024-02-01 15:46:00,2024,2,1,15,46,Thursday,15:46,Suspected Serious Injury,Daylight,Clear,Motor Vehicle-In-Transport On Same Roadway,None,THP District 5 - Fall Branch,THP,Unbelted,Distracted,-,-,-,-,-,-,-,-,-,-,-,Hamblen,Not in City Limit,5
35052,400051104,0,2,35.9023,-84.14011,1,2024-02-01 18:32:00,2024,2,1,18,32,Thursday,18:32,Suspected Serious Injury,Dark-Lighted,Clear,Motor Vehicle-In-Transport On Same Roadway,None,KNOX CO SHERIFFS OFFICE,Other,Unbelted,-,-,-,-,-,-,-,-,-,-,-,-,Knox,Not in City Limit,5
35054,400051117,0,1,35.63812,-87.01616,7,2024-02-01 12:10:00,2024,2,1,12,10,Thursday,12:10,Suspected Serious Injury,Daylight,Clear,Standing Tree,None,COLUMBIA POLICE DEPT,Other,Unbelted,-,Drinking,-,-,-,-,-,-,-,-,-,-,Maury,Columbia,5
35056,400051123,0,1,35.93643,-87.26948,7,2024-02-01 17:35:00,2024,2,1,17,35,Thursday,17:35,Suspected Serious Injury,Dark-Not Lighted,Clear,Pedestrian,None,THP District 7 - Lawrenceburg,THP,Unbelted,-,-,-,-,-,-,Pedestrian,-,-,-,-,-,Hickman,Not in City Limit,5
35074,400051185,1,0,36.22649,-83.26573,5,2024-02-01 21:25:00,2024,2,1,21,25,Thursday,21:25,Fatal,Dark-Not Lighted,Clear,Motor Vehicle-In-Transport On Same Roadway,None,MORRISTOWN POLICE DEPT,Other,Unbelted,Distracted,-,-,-,-,-,-,-,-,-,-,-,Hamblen,Morristown,5
35075,400051203,0,1,36.58208,-86.56682,3,2024-02-01 16:13:00,2024,2,1,16,13,Thursday,16:13,Suspected Serious Injury,Daylight,Clear,Motor Vehicle-In-Transport On Same Roadway,None,PORTLAND POLICE DEPT,Other,Unbelted,-,-,-,-,-,-,-,-,-,-,Motorcyclist,-,Sumner,Portland,5
35078,400051215,0,2,36.18438,-86.38206,3,2024-02-01 22:37:00,2024,2,1,22,37,Thursday,22:37,Suspected Serious Injury,Dark-Not Lighted,Cloudy,Fence,None,THP District 3 - Nashville,THP,Unbelted,-,-,-,-,-,-,-,-,-,-,-,-,Wilson,Lebanon,5
35083,400051291,1,0,35.60464,-86.66603,7,2024-01-31 14:45:00,2024,1,31,14,45,Wednesday,14:45,Fatal,Daylight,Clear,"Over Turn, Roll Over",None,THP District 7 - Lawrenceburg,THP,Unbelted,-,-,Drug,-,-,-,-,-,-,ATV_Involved,-,-,Marshall,Not in City Limit,4
35092,400051355,0,1,36.16882,-85.90939,6,2024-02-02 12:54:00,2024,2,2,12,54,Friday,12:54,Suspected Serious Injury,Daylight,Clear,Embankment Earth,None,THP District 6 - Cookeville,THP,Unbelted,-,-,-,Drowsy,-,-,-,-,-,ATV_Involved,-,-,Smith,Not in City Limit,6
35097,400051383,0,1,35.8999,-84.17477,1,2024-02-02 15:09:00,2024,2,2,15,9,Friday,15:09,Suspected Serious Injury,Daylight,Clear,Motor Vehicle-In-Transport On Same Roadway,None,KNOX CO SHERIFFS OFFICE,Other,Unbelted,-,-,-,-,-,-,-,-,-,-,-,-,Knox,Farragut,6
35098,400051389,0,1,35.99995,-89.39674,8,2024-01-26 07:32:00,2024,1,26,7,32,Friday,07:32,Suspected Serious Injury,Daylight,Cloudy,Motor Vehicle-In-Transport On Same Roadway,None,THP District 8 - Jackson,THP,Unbelted,Distracted,-,-,-,Speeding,-,-,-,-,ATV_Involved,-,-,Dyer,Not in City Limit,6
35102,400051410,0,2,36.50206,-86.08435,6,2024-02-01 19:45:00,2024,2,1,19,45,Thursday,19:45,Suspected Serious Injury,Dark-Not Lighted,Clear,Motor Vehicle-In-Transport On Same Roadway,None,THP District 6 - Cookeville,THP,Unbelted,-,-,-,-,-,-,-,-,-,-,-,-,Macon,Not in City Limit,5
35119,400051526,0,1,35.79457,-84.57054,1,2024-02-02 20:14:00,2024,2,2,20,14,Friday,20:14,Suspected Serious Injury,Dark-Not Lighted,Clear,Culvert,None,THP District 1 - Knoxville,THP,Unbelted,-,-,-,-,-,-,-,-,-,ATV_Involved,-,-,Roane,Not in City Limit,6
35126,400051560,0,1,35.96354,-83.93838,1,2024-02-03 00:00:00,2024,2,3,24,0,Saturday,24:00,Suspected Serious Injury,Dark-Lighted,Clear,Highway Traffic Sign Post,None,KNOXVILLE POLICE DEPT,Other,Unbelted,-,-,-,-,-,-,-,-,-,-,-,-,Knox,Knoxville,7
35131,400051579,0,1,35.93827,-84.17456,1,2024-02-02 23:45:00,2024,2,2,23,45,Friday,23:45,Suspected Serious Injury,Dark-Not Lighted,Clear,Curb,None,KNOX CO SHERIFFS OFFICE,Other,-,-,-,-,-,-,-,-,-,-,-,Motorcyclist,-,Knox,Not in City Limit,6
35137,400051615,0,1,36.03803,-83.43871,5,2024-02-02 09:30:00,2024,2,2,9,30,Friday,09:30,Suspected Serious Injury,Daylight,Clear,Motor Vehicle-In-Transport On Same Roadway,None,DANDRIDGE POLICE DEPT,Other,Unbelted,-,-,-,-,-,-,-,-,-,-,-,-,Jefferson,Dandridge,6
35146,400051650,0,1,35.14144,-87.81801,7,2024-02-03 11:15:00,2024,2,3,11,15,Saturday,11:15,Suspected Serious Injury,Daylight,Clear,Guard Rail Face,None,THP District 7 - Lawrenceburg,THP,-,-,-,-,-,-,-,-,-,-,-,Motorcyclist,-,Wayne,Not in City Limit,7
35153,400051673,1,2,35.85779,-86.42759,3,2024-02-03 11:49:00,2024,2,3,11,49,Saturday,11:49,Fatal,Daylight,Clear,Pedal-Cycle,None,MURFREESBORO POLICE DEPT,Other,Unbelted,-,-,-,-,-,Pedalcyclist,-,-,-,-,-,-,Rutherford,Murfreesboro,7
35157,400051701,0,1,36.22988,-83.85035,5,2024-02-03 15:50:00,2024,2,3,15,50,Saturday,15:50,Suspected Serious Injury,Daylight,Clear,"Over Turn, Roll Over",None,THP District 5 - Fall Branch,THP,-,-,-,-,-,-,-,-,-,-,-,Motorcyclist,-,Union,Not in City Limit,7
35161,400051715,0,1,35.9694,-83.26616,5,2024-02-03 16:09:00,2024,2,3,16,9,Saturday,16:09,Suspected Serious Injury,Daylight,Clear,Motor Vehicle-In-Transport On Same Roadway,None,NEWPORT POLICE DEPT,Other,Unbelted,-,-,-,Drowsy,Speeding,-,-,-,-,-,-,-,Cocke,Newport,7
35162,400051720,0,1,36.03884,-83.44174,5,2024-02-03 00:00:00,2024,2,3,24,0,Saturday,24:00,Suspected Serious Injury,Daylight,Clear,Motor Vehicle-In-Transport On Same Roadway,None,DANDRIDGE POLICE DEPT,Other,Unbelted,-,-,-,-,-,-,-,-,-,-,-,-,Jefferson,Dandridge,7
35163,400051732,0,1,35.01096,-87.94005,7,2024-02-03 15:50:00,2024,2,3,15,50,Saturday,15:50,Suspected Serious Injury,Daylight,Cloudy,Utility Pole,None,THP District 7 - Lawrenceburg,THP,Unbelted,-,-,-,-,-,-,-,-,-,-,-,-,Wayne,Not in City Limit,7
35164,400051738,0,6,35.22125,-88.22603,8,2024-02-02 21:48:00,2024,2,2,21,48,Friday,21:48,Suspected Serious Injury,Dark-Lighted,Cloudy,Motor Vehicle-In-Transport On Same Roadway,None,SAVANNAH POLICE DEPT,Other,Unbelted,Distracted,-,-,-,-,-,-,-,-,-,-,-,Hardin,Savannah,6
35165,400051758,0,1,36.00742,-83.87252,1,2024-02-03 20:05:00,2024,2,3,20,5,Saturday,20:05,Suspected Serious Injury,Dark-Lighted,Clear,"Over Turn, Roll Over",None,KNOXVILLE POLICE DEPT,Other,Unbelted,-,Drinking,-,-,Speeding,-,-,-,-,-,-,-,Knox,Knoxville,7
35172,400051773,0,1,36.25806,-87.22289,3,2024-02-03 19:03:00,2024,2,3,19,3,Saturday,19:03,Suspected Serious Injury,Dark-Not Lighted,Clear,"Over Turn, Roll Over",None,THP District 3 - Nashville,THP,Unbelted,-,-,-,-,-,-,-,-,-,-,-,-,Dickson,Not in City Limit,7
35174,400051786,0,1,35.84255,-86.40821,3,2024-02-03 17:36:00,2024,2,3,17,36,Saturday,17:36,Suspected Serious Injury,Dark-Unknown Lighting,Clear,Motor Vehicle-In-Transport On Same Roadway,Construction Zone,MURFREESBORO POLICE DEPT,Other,Unbelted,-,-,-,-,-,-,-,-,-,-,-,-,Rutherford,Murfreesboro,7
35181,400051805,0,1,36.12332,-86.24696,3,2024-02-03 22:48:00,2024,2,3,22,48,Saturday,22:48,Suspected Serious Injury,Dark-Not Lighted,Clear,Standing Tree,None,THP District 3 - Nashville,THP,Unbelted,-,-,-,-,-,-,-,-,-,-,-,-,Wilson,Not in City Limit,7
35183,400051809,0,1,35.36824,-86.88561,7,2024-02-03 23:05:00,2024,2,3,23,5,Saturday,23:05,Suspected Serious Injury,Dark-Not Lighted,Clear,Pedestrian,None,THP District 7 - Lawrenceburg,THP,Unbelted,-,-,-,-,-,-,Pedestrian,-,-,-,-,-,Marshall,Not in City Limit,7
35185,400051822,0,1,35.97531,-84.00447,1,2024-02-03 18:30:00,2024,2,3,18,30,Saturday,18:30,Suspected Serious Injury,Dark-Lighted,Clear,Pedestrian,None,KNOXVILLE POLICE DEPT,Other,Unbelted,-,-,-,-,-,-,Pedestrian,-,-,-,-,-,Knox,Knoxville,7
35187,400051824,0,1,36.3938,-89.46053,8,2024-02-03 22:00:00,2024,2,3,22,0,Saturday,22:00,Suspected Serious Injury,Dark-Not Lighted,Clear,Utility Pole,None,THP District 8 - Jackson,THP,Unbelted,-,-,-,-,-,-,-,-,-,-,-,-,Lake,Not in City Limit,7
35190,400051852,0,1,35.17357,-84.91064,2,2024-02-02 09:10:00,2024,2,2,9,10,Friday,09:10,Suspected Serious Injury,Daylight,Clear,Motor Vehicle-In-Transport On Same Roadway,None,THP District 2 - Chattanooga,THP,Unbelted,-,-,-,-,-,-,-,-,-,-,-,-,Bradley,Not in City Limit,6
35192,400051863,0,1,35.40228,-89.17072,4,2024-02-04 05:26:00,2024,2,4,5,26,Sunday,05:26,Suspected Serious Injury,Dark-Not Lighted,Rain,Utility Pole,None,HARDEMAN CO SHERIFFS DEPT,Other,Unbelted,-,-,-,-,-,-,-,-,-,-,-,-,Hardeman,Not in City Limit,1
35210,400051937,1,3,36.16839,-84.54795,1,2024-02-04 00:35:00,2024,2,4,0,35,Sunday,00:35,Fatal,Dark-Not Lighted,Clear,Standing Tree,None,THP District 1 - Knoxville,THP,Unbelted,-,Drinking,Drug,-,-,-,-,-,-,-,-,-,Morgan,Not in City Limit,1
35217,400051990,0,1,35.23732,-88.39074,8,2024-02-04 17:31:00,2024,2,4,17,31,Sunday,17:31,Suspected Serious Injury,Dark-Lighted,Rain,Pedestrian,None,ADAMSVILLE POLICE DEPT,Other,Unbelted,-,-,-,-,-,-,Pedestrian,-,-,ATV_Involved,-,-,McNairy,Adamsville,1
35218,400051991,0,1,35.51665,-84.59749,2,2024-02-04 18:03:00,2024,2,4,18,3,Sunday,18:03,Suspected Serious Injury,Dusk,Clear,"Over Turn, Roll Over",None,THP District 2 - Chattanooga,THP,Unbelted,-,Drinking,Drug,-,-,-,-,-,-,-,-,-,McMinn,Not in City Limit,1
35220,400051996,1,4,36.10124,-83.89859,1,2024-02-04 16:18:00,2024,2,4,16,18,Sunday,16:18,Fatal,Daylight,Clear,Motor Vehicle-In-Transport On Same Roadway,None,THP District 1 - Knoxville,THP,Unbelted,Distracted,-,-,-,-,-,-,-,-,-,-,-,Knox,Not in City Limit,1
35224,400052015,0,1,35.64096,-88.23285,8,2024-02-03 04:38:00,2024,2,3,4,38,Saturday,04:38,Suspected Serious Injury,Dark-Not Lighted,Clear,Ditch,None,THP District 8 - Jackson,THP,Unbelted,-,Drinking,Drug,-,-,-,-,-,-,-,-,-,Henderson,Not in City Limit,7
35226,400052022,0,1,35.58393,-88.45098,8,2024-02-03 22:14:00,2024,2,3,22,14,Saturday,22:14,Suspected Serious Injury,Dark-Lighted,Cloudy,Ditch,None,THP District 8 - Jackson,THP,Unbelted,Distracted,Drinking,-,-,-,-,-,-,-,-,-,-,Henderson,Not in City Limit,7
35228,400052029,0,1,36.17464,-82.91686,5,2024-02-04 03:46:00,2024,2,4,3,46,Sunday,03:46,Suspected Serious Injury,Dark-Not Lighted,Clear,Motor Vehicle-In-Transport On Same Roadway,None,THP District 5 - Fall Branch,THP,Unbelted,-,Drinking,Drug,-,-,-,-,-,-,-,-,-,Greene,Mosheim,1
35232,400052046,0,1,36.00855,-83.997,1,2024-02-05 02:10:00,2024,2,5,2,10,Monday,02:10,Suspected Serious Injury,Dark-Not Lighted,Clear,Ditch,None,KNOXVILLE POLICE DEPT,Other,Unbelted,-,-,-,-,-,-,-,-,-,-,-,-,Knox,Knoxville,2
35234,400052054,0,1,35.97031,-83.90659,1,2024-02-05 00:29:00,2024,2,5,0,29,Monday,00:29,Suspected Serious Injury,Dark-Lighted,Clear,Traffic Signal Support,None,KNOXVILLE POLICE DEPT,Other,Unbelted,-,-,-,Drowsy,-,-,-,-,-,-,-,-,Knox,Knoxville,2
35235,400052062,0,1,35.06688,-86.53301,7,2024-02-04 00:45:00,2024,2,4,0,45,Sunday,00:45,Suspected Serious Injury,Dark-Not Lighted,Clear,Standing Tree,None,THP District 7 - Lawrenceburg,THP,Unbelted,-,-,-,Drowsy,-,-,-,-,-,-,-,-,Lincoln,Not in City Limit,1
35240,400052086,1,0,35.83798,-85.78548,6,2024-02-02 18:27:00,2024,2,2,18,27,Friday,18:27,Fatal,Dusk,Clear,Fence,None,THP District 6 - Cookeville,THP,Unbelted,-,Drinking,Drug,-,-,-,-,-,-,-,-,-,Warren,Not in City Limit,6
35249,400052122,0,1,35.57181,-88.81484,8,2024-02-05 08:00:00,2024,2,5,8,0,Monday,08:00,Suspected Serious Injury,Daylight,Clear,Motor Vehicle-In-Transport On Same Roadway,None,JACKSON POLICE DEPT,Other,Unbelted,-,-,-,-,-,-,-,-,-,-,-,-,Madison,Jackson,2
35261,400052252,0,1,35.64264,-86.89291,7,2024-02-05 16:13:00,2024,2,5,16,13,Monday,16:13,Suspected Serious Injury,Daylight,Clear,Motor Vehicle-In-Transport On Same Roadway,None,COLUMBIA POLICE DEPT,Other,Unbelted,Distracted,-,-,-,-,-,-,-,-,ATV_Involved,-,-,Maury,Columbia,2
35268,400052276,1,1,35.88898,-86.43661,3,2024-02-03 16:53:00,2024,2,3,16,53,Saturday,16:53,Fatal,Daylight,Clear,Motor Vehicle-In-Transport On Same Roadway,None,MURFREESBORO POLICE DEPT,Other,Unbelted,-,-,-,-,-,-,-,-,-,-,Motorcyclist,-,Rutherford,Murfreesboro,7
35269,400052278,1,0,36.04483,-86.66266,3,2024-02-01 20:52:00,2024,2,1,20,52,Thursday,20:52,Fatal,Dark-Not Lighted,Clear,Pedestrian,None,METROPOLITAN NASHVILLE POLICE DEPT,Other,Unbelted,-,-,-,-,-,-,Pedestrian,-,-,-,-,-,Davidson,Nashville,5
35272,400052293,0,2,36.5591,-87.25184,3,2024-02-02 09:50:00,2024,2,2,9,50,Friday,09:50,Suspected Serious Injury,Daylight,Clear,Motor Vehicle-In-Transport On Same Roadway,Construction Zone,THP District 3 - Nashville,THP,Unbelted,-,-,-,-,-,-,-,-,-,ATV_Involved,-,-,Montgomery,Clarksville,6
35276,400052306,0,1,35.92693,-84.05884,1,2024-02-05 18:07:00,2024,2,5,18,7,Monday,18:07,Suspected Serious Injury,Dark-Lighted,Clear,Pedestrian,None,KNOXVILLE POLICE DEPT,Other,Unbelted,-,-,-,-,-,-,Pedestrian,-,-,-,-,-,Knox,Knoxville,2
35279,400052317,0,2,35.81233,-84.30096,1,2024-02-05 16:10:00,2024,2,5,16,10,Monday,16:10,Suspected Serious Injury,Daylight,Clear,"Over Turn, Roll Over",None,THP District 1 - Knoxville,THP,Unbelted,-,-,-,-,-,-,-,-,-,-,-,-,Loudon,Not in City Limit,2
35289,400052372,0,1,35.87225,-85.18385,6,2024-02-05 00:00:00,2024,2,5,24,0,Monday,24:00,Suspected Serious Injury,Daylight,Clear,Motor Vehicle-In-Transport On Same Roadway,None,CUMBERLAND CO SHERIFFS OFFICE,Other,Unbelted,-,-,-,-,Speeding,-,-,-,-,-,Motorcyclist,-,Cumberland,Not in City Limit,2
35291,400052389,0,2,35.27698,-87.31707,7,2024-02-05 13:57:00,2024,2,5,13,57,Monday,13:57,Suspected Serious Injury,Daylight,Clear,Motor Vehicle-In-Transport On Same Roadway,None,LAWRENCEBURG POLICE DEPT,Other,Unbelted,-,-,-,-,-,-,-,-,-,-,-,-,Lawrence,Lawrenceburg,2
35307,400052465,0,1,36.08366,-87.40611,3,2024-02-06 11:00:00,2024,2,6,11,0,Tuesday,11:00,Suspected Serious Injury,Daylight,Clear,Ditch,None,DICKSON POLICE DEPT,Other,Unbelted,-,-,-,-,-,-,-,-,-,-,-,-,Dickson,Dickson,3
35312,400052507,0,1,36.01739,-86.78622,3,2024-02-06 07:47:00,2024,2,6,7,47,Tuesday,07:47,Suspected Serious Injury,Daylight,Clear,Guard Rail Face,None,THP District 3 - Nashville,THP,Unbelted,-,-,-,-,-,-,-,-,-,-,-,-,Williamson,Brentwood,3
35318,400052547,0,1,35.9306,-84.05303,1,2024-02-06 15:04:00,2024,2,6,15,4,Tuesday,15:04,Suspected Serious Injury,Daylight,Clear,Fire Hydrant,None,KNOXVILLE POLICE DEPT,Other,Unbelted,-,-,-,-,-,-,-,-,-,-,-,-,Knox,Knoxville,3
35319,400052564,0,1,35.8211,-86.87038,3,2024-02-06 15:33:00,2024,2,6,15,33,Tuesday,15:33,Suspected Serious Injury,Daylight,Clear,"Over Turn, Roll Over",None,WILLIAMSON CO SHERIFFS OFFICE,Other,Unbelted,-,-,-,-,-,-,-,-,-,-,-,-,Williamson,Thompson's Station,3
35323,400052595,0,1,35.08317,-86.05757,2,2024-02-03 17:00:00,2024,2,3,17,0,Saturday,17:00,Suspected Serious Injury,Dark-Not Lighted,Clear,Embankment Earth,None,THP District 2 - Chattanooga,THP,-,-,Drinking,-,-,-,-,-,-,-,-,-,-,Franklin,Not in City Limit,7
35346,400052708,1,0,36.18868,-86.26661,3,2024-02-06 22:35:00,2024,2,6,22,35,Tuesday,22:35,Fatal,Dark-Not Lighted,Clear,Motor Vehicle-In-Transport On Same Roadway,None,THP District 3 - Nashville,THP,Unbelted,-,-,-,-,-,-,-,-,-,ATV_Involved,-,-,Wilson,Lebanon,3
35358,400052798,0,1,35.62166,-87.06715,7,2024-02-06 15:35:00,2024,2,6,15,35,Tuesday,15:35,Suspected Serious Injury,Daylight,Clear,Utility Pole,None,COLUMBIA POLICE DEPT,Other,Unbelted,-,-,-,-,-,-,-,-,-,-,-,-,Maury,Columbia,3
35368,400052850,0,3,36.23449,-83.52039,5,2024-02-07 14:27:00,2024,2,7,14,27,Wednesday,14:27,Suspected Serious Injury,Daylight,Clear,Motor Vehicle-In-Transport On Same Roadway,None,THP District 5 - Fall Branch,THP,Unbelted,-,-,-,-,-,-,-,-,-,-,-,-,Grainger,Not in City Limit,4
35377,400052881,1,0,36.08416,-86.70585,3,2024-02-07 06:39:00,2024,2,7,6,39,Wednesday,06:39,Fatal,Daylight,Clear,Pedestrian,None,METROPOLITAN NASHVILLE POLICE DEPT,Other,Unbelted,-,-,-,-,-,-,Pedestrian,-,-,-,-,-,Davidson,Nashville,4
35380,400052899,1,2,35.25447,-88.97476,4,2024-02-06 17:26:00,2024,2,6,17,26,Tuesday,17:26,Fatal,Dusk,Clear,Motor Vehicle-In-Transport On Same Roadway,None,THP District 4 - Memphis,THP,Unbelted,-,-,-,-,-,-,-,-,-,-,Motorcyclist,-,Hardeman,Not in City Limit,3
35384,400052926,0,1,36.014,-86.002,6,2024-02-07 14:05:00,2024,2,7,14,5,Wednesday,14:05,Suspected Serious Injury,Daylight,Clear,"Over Turn, Roll Over",None,THP District 6 - Cookeville,THP,-,-,-,-,-,-,-,-,-,-,-,Motorcyclist,-,DeKalb,Not in City Limit,4
35393,400052978,1,1,35.6115,-84.56731,2,2024-02-07 16:00:00,2024,2,7,16,0,Wednesday,16:00,Fatal,Daylight,Clear,Motor Vehicle-In-Transport On Same Roadway,None,THP District 2 - Chattanooga,THP,Unbelted,-,-,-,-,-,-,-,-,-,-,Motorcyclist,-,McMinn,Not in City Limit,4
35395,400052991,0,1,35.71582,-88.64194,8,2024-02-07 20:27:00,2024,2,7,20,27,Wednesday,20:27,Suspected Serious Injury,Dark-Not Lighted,Clear,"Over Turn, Roll Over",None,THP District 8 - Jackson,THP,-,-,-,-,-,-,-,-,-,-,-,Motorcyclist,-,Madison,Not in City Limit,4
35396,400052993,0,1,35.28158,-87.08051,7,2024-02-07 04:08:00,2024,2,7,4,8,Wednesday,04:08,Suspected Serious Injury,Dark-Not Lighted,Clear,Ditch,None,THP District 7 - Lawrenceburg,THP,Unbelted,-,-,-,-,-,-,-,-,-,-,-,-,Giles,Not in City Limit,4
35401,400053007,0,1,36.49354,-82.8215,5,2024-02-07 17:45:00,2024,2,7,17,45,Wednesday,17:45,Suspected Serious Injury,Daylight,Clear,Motor Vehicle-In-Transport On Same Roadway,None,THP District 5 - Fall Branch,THP,Unbelted,-,-,-,-,-,-,-,-,-,ATV_Involved,-,-,Hawkins,Surgoinsville,4
35403,400053009,0,1,35.59087,-87.03502,7,2024-02-07 17:40:00,2024,2,7,17,40,Wednesday,17:40,Suspected Serious Injury,Dusk,Clear,Pedestrian,None,COLUMBIA POLICE DEPT,Other,Unbelted,-,-,-,-,-,-,-,-,-,-,-,-,Maury,Columbia,4
35414,400053133,0,1,35.90021,-84.77378,6,2024-02-08 09:20:00,2024,2,8,9,20,Thursday,09:20,Suspected Serious Injury,Daylight,Clear,"Over Turn, Roll Over",None,THP District 6 - Cookeville,THP,Unbelted,-,-,-,Drowsy,-,-,-,-,-,-,-,-,Cumberland,Not in City Limit,5
35415,400053138,0,3,35.82928,-88.82479,8,2024-02-08 07:40:00,2024,2,8,7,40,Thursday,07:40,Suspected Serious Injury,Daylight,Clear,Motor Vehicle-In-Transport On Same Roadway,None,THP District 8 - Jackson,THP,Unbelted,-,-,-,-,-,-,-,-,-,-,-,-,Gibson,Not in City Limit,5
35416,400053140,0,1,36.14971,-87.61569,3,2024-02-07 10:58:00,2024,2,7,10,58,Wednesday,10:58,Suspected Serious Injury,Daylight,Clear,Other Non-Collision,None,THP District 3 - Nashville,THP,-,-,-,-,-,-,-,-,-,-,-,Motorcyclist,-,Humphreys,Not in City Limit,4
35419,400053163,0,1,36.57945,-83.62227,5,2024-02-04 16:00:00,2024,2,4,16,0,Sunday,16:00,Suspected Serious Injury,Daylight,Clear,"Over Turn, Roll Over",None,THP District 5 - Fall Branch,THP,Unbelted,-,Drinking,-,-,-,-,-,-,-,-,-,-,Claiborne,Not in City Limit,1
35421,400053171,1,1,35.9847,-86.37478,3,2024-02-07 19:49:00,2024,2,7,19,49,Wednesday,19:49,Fatal,Dark-Not Lighted,Clear,Motor Vehicle-In-Transport On Same Roadway,None,THP District 3 - Nashville,THP,Unbelted,-,Drinking,-,-,-,-,-,-,-,-,-,-,Rutherford,Not in City Limit,4
35425,400053212,0,1,36.46905,-86.68486,3,2024-02-08 13:38:00,2024,2,8,13,38,Thursday,13:38,Suspected Serious Injury,Daylight,Clear,Motor Vehicle-In-Transport On Same Roadway,None,WHITE HOUSE POLICE DEPT,Other,Unbelted,-,-,-,-,-,-,-,-,-,-,-,-,Robertson,White House,5
35426,400053216,0,2,36.17065,-85.60081,6,2024-02-08 13:39:00,2024,2,8,13,39,Thursday,13:39,Suspected Serious Injury,Daylight,Clear,Motor Vehicle-In-Transport On Same Roadway,None,THP District 6 - Cookeville,THP,Unbelted,-,-,-,-,-,-,-,-,-,-,-,-,Putnam,Not in City Limit,5
35436,400053269,1,3,36.17203,-86.06276,6,2024-02-08 11:40:00,2024,2,8,11,40,Thursday,11:40,Fatal,Daylight,Clear,Embankment Earth,None,THP District 6 - Cookeville,THP,Unbelted,-,-,-,-,-,-,-,-,-,ATV_Involved,-,-,Smith,Not in City Limit,5
35439,400053274,0,2,36.02233,-86.36098,3,2024-02-08 16:32:00,2024,2,8,16,32,Thursday,16:32,Suspected Serious Injury,Daylight,Cloudy,Motor Vehicle-In-Transport On Same Roadway,None,THP District 3 - Nashville,THP,Unbelted,-,-,-,-,-,-,-,-,-,-,-,-,Wilson,Not in City Limit,5
35440,400053275,0,1,35.70166,-88.65788,8,2024-02-08 15:57:00,2024,2,8,15,57,Thursday,15:57,Suspected Serious Injury,Daylight,Clear,Embankment Earth,None,THP District 8 - Jackson,THP,Unbelted,-,-,-,-,-,-,-,-,-,ATV_Involved,-,-,Madison,Not in City Limit,5
35453,400053326,0,3,35.57663,-86.54847,7,2024-02-08 17:46:00,2024,2,8,17,46,Thursday,17:46,Suspected Serious Injury,Daylight,Clear,Motor Vehicle-In-Transport On Same Roadway,None,THP District 7 - Lawrenceburg,THP,Unbelted,-,-,-,-,-,-,-,-,-,-,-,-,Bedford,Not in City Limit,5
35457,400053368,0,7,35.70036,-85.77561,6,2024-02-08 17:58:00,2024,2,8,17,58,Thursday,17:58,Suspected Serious Injury,Dark-Lighted,Clear,Motor Vehicle-In-Transport On Same Roadway,None,MCMINNVILLE POLICE DEPT,Other,Unbelted,-,-,-,-,-,-,-,-,-,-,-,-,Warren,McMinnville,5
35468,400053428,0,1,35.63497,-87.01821,7,2024-02-09 07:35:00,2024,2,9,7,35,Friday,07:35,Suspected Serious Injury,,Clear,Motor Vehicle-In-Transport On Same Roadway,None,COLUMBIA POLICE DEPT,Other,Unbelted,-,-,-,-,-,-,-,-,-,-,-,-,Maury,Columbia,6
35474,400053457,1,1,36.02184,-87.33883,3,2024-01-08 06:40:00,2024,1,8,6,40,Monday,06:40,Fatal,Dawn,Clear,Pedestrian,None,DICKSON POLICE DEPT,Other,Unbelted,-,-,-,-,-,-,Pedestrian,-,-,-,-,-,Dickson,Dickson,2