OBJECTID,MRN,Fatality,Injury,Latitude,Longitude,THP_District,Collision_Date,Collision_Year,Collision_Month,Collision_Day,Collision_Hour,Collision_Min,Collision_DOW,Collision_Time,Crash_Type,Light_Condition,Weather,First_Harmfu_Event,Work_Zone_Type,Agency_Name,THP,Unbelted,Distracted_Driver,Driver_Drinking,Driver_Drugged,Drowsy_Driver,Speeding_Involved,Pedalcyclist,Pedestrian,Other_Nonmotorist,ATV_Involved,LargeTruck_Involved,Motorcycle_Involved,SchoolBus,County,City,DOW_Nmb
35475,400053468,0,2,35.81705,-86.38659,3,2024-02-09 09:03:00,2024,2,9,9,3,Friday,09:03,Suspected Serious Injury,Daylight,Rain,Motor Vehicle-In-Transport On Same Roadway,None,MURFREESBORO POLICE DEPT,Other,Unbelted,-,-,-,-,-,-,-,-,-,-,-,-,Rutherford,Murfreesboro,6
35480,400053497,0,1,36.08628,-87.4077,3,2024-02-09 10:45:00,2024,2,9,10,45,Friday,10:45,Suspected Serious Injury,Daylight,Cloudy,Motor Vehicle-In-Transport On Same Roadway,None,DICKSON POLICE DEPT,Other,Unbelted,-,-,-,-,-,-,-,-,-,-,-,-,Dickson,Dickson,6
35487,400053537,0,4,35.66205,-87.82021,7,2024-02-09 12:33:00,2024,2,9,12,33,Friday,12:33,Suspected Serious Injury,Daylight,Rain,Standing Tree,None,THP District 7 - Lawrenceburg,THP,Unbelted,-,-,-,-,-,-,-,-,-,-,-,-,Perry,Not in City Limit,6
35494,400053572,0,1,36.31962,-82.05597,5,2024-02-07 11:00:00,2024,2,7,11,0,Wednesday,11:00,Suspected Serious Injury,Daylight,Clear,"Over Turn, Roll Over",None,THP District 5 - Fall Branch,THP,Unbelted,-,Drinking,Drug,-,Speeding,-,-,-,-,-,-,-,Carter,Not in City Limit,4
35498,400053600,0,1,35.99835,-86.60169,3,2024-02-09 11:34:00,2024,2,9,11,34,Friday,11:34,Suspected Serious Injury,Daylight,Rain,"Over Turn, Roll Over",None,THP District 3 - Nashville,THP,Unbelted,-,-,-,-,Speeding,-,-,-,-,-,-,-,Rutherford,Lavergne,6
35506,400053660,0,3,35.24963,-87.32522,7,2024-02-05 19:10:00,2024,2,5,19,10,Monday,19:10,Suspected Serious Injury,Dark-Lighted,Clear,Motor Vehicle-In-Transport On Same Roadway,None,LAWRENCEBURG POLICE DEPT,Other,Unbelted,Distracted,Drinking,-,-,-,-,-,-,-,ATV_Involved,-,-,Lawrence,Lawrenceburg,2
35507,400053665,1,1,36.45599,-88.01347,3,2024-02-07 19:37:00,2024,2,7,19,37,Wednesday,19:37,Fatal,Dark-Not Lighted,Clear,Motor Vehicle-In-Transport On Same Roadway,None,THP District 3 - Nashville,THP,Unbelted,-,-,-,-,-,-,-,-,-,ATV_Involved,-,-,Stewart,Not in City Limit,4
35517,400053690,0,1,35.84745,-86.68831,3,2024-02-04 21:12:00,2024,2,4,21,12,Sunday,21:12,Suspected Serious Injury,Dark-Not Lighted,Clear,"Over Turn, Roll Over",None,THP District 3 - Nashville,THP,Unbelted,-,Drinking,-,-,-,-,-,-,-,-,-,-,Williamson,Not in City Limit,1
35520,400053705,0,1,35.26847,-84.77476,2,2024-02-08 20:00:00,2024,2,8,20,0,Thursday,20:00,Suspected Serious Injury,Dark-Not Lighted,Clear,Mail Box,None,THP District 2 - Chattanooga,THP,Unbelted,-,Drinking,Drug,-,-,-,-,-,-,-,-,-,Bradley,Not in City Limit,5
35523,400053724,0,1,36.49203,-82.82395,5,2024-02-09 14:39:00,2024,2,9,14,39,Friday,14:39,Suspected Serious Injury,Daylight,Rain,Motor Vehicle-In-Transport On Same Roadway,None,THP District 5 - Fall Branch,THP,Unbelted,-,-,-,-,-,-,-,-,-,-,-,-,Hawkins,Surgoinsville,6
35533,400053762,0,1,35.65356,-84.46208,1,2024-02-09 21:48:00,2024,2,9,21,48,Friday,21:48,Suspected Serious Injury,Dark-Not Lighted,Clear,Motor Vehicle-In-Transport On Same Roadway,None,MONROE CO SHERIFFS DEPT,Other,Unbelted,-,-,-,-,-,-,-,-,-,-,-,-,Monroe,Not in City Limit,6
35538,400053793,0,1,35.95934,-85.60595,6,2024-02-10 00:59:00,2024,2,10,0,59,Saturday,00:59,Suspected Serious Injury,Dark-Not Lighted,Cloudy,Embankment Earth,None,THP District 6 - Cookeville,THP,Unbelted,-,-,-,-,-,-,-,-,-,-,-,-,White,Not in City Limit,7
35549,400053880,0,1,35.97937,-84.05486,1,2024-02-10 14:11:00,2024,2,10,14,11,Saturday,14:11,Suspected Serious Injury,Daylight,Rain,Motor Vehicle-In-Transport On Same Roadway,None,KNOX CO SHERIFFS OFFICE,Other,Unbelted,-,-,-,-,-,-,-,-,-,-,-,-,Knox,Not in City Limit,7
35563,400053969,0,1,36.00719,-83.97733,1,2024-02-10 19:30:00,2024,2,10,19,30,Saturday,19:30,Suspected Serious Injury,Dark-Lighted,Rain,Pedestrian,None,KNOXVILLE POLICE DEPT,Other,Unbelted,-,-,-,-,-,-,Pedestrian,-,-,-,-,-,Knox,Knoxville,7
35579,400054058,2,0,35.70012,-88.6873,8,2024-02-10 05:00:00,2024,2,10,5,0,Saturday,05:00,Fatal,Dark-Not Lighted,Rain,Motor Vehicle-In-Transport On Same Roadway,None,THP District 8 - Jackson,THP,Unbelted,-,-,Drug,-,-,-,-,-,-,ATV_Involved,-,-,Madison,Not in City Limit,7
35580,400054065,0,1,35.96977,-83.91819,1,2024-02-11 02:47:00,2024,2,11,2,47,Sunday,02:47,Suspected Serious Injury,Dark-Lighted,Rain,Pedestrian,None,KNOXVILLE POLICE DEPT,Other,Unbelted,-,-,-,-,-,-,Pedestrian,-,-,-,-,-,Knox,Knoxville,1
35581,400054069,0,3,35.06689,-88.91624,4,2024-02-11 01:10:00,2024,2,11,1,10,Sunday,01:10,Suspected Serious Injury,Dark-Not Lighted,Rain,Standing Tree,None,HARDEMAN CO SHERIFFS DEPT,Other,Unbelted,-,-,-,-,Speeding,-,-,-,-,-,-,-,Hardeman,Not in City Limit,1
35593,400054131,0,1,36.09101,-87.80325,3,2024-02-10 11:53:00,2024,2,10,11,53,Saturday,11:53,Suspected Serious Injury,Daylight,Rain,Utility Pole,None,WAVERLY POLICE DEPT,Other,Unbelted,-,-,-,-,-,-,-,-,-,-,-,-,Humphreys,Waverly,7
35600,400054191,0,4,36.23987,-88.23607,8,2024-02-10 20:19:00,2024,2,10,20,19,Saturday,20:19,Suspected Serious Injury,Dark-Not Lighted,Rain,Motor Vehicle-In-Transport On Same Roadway,None,THP District 8 - Jackson,THP,Unbelted,-,Drinking,-,-,-,-,-,-,-,-,-,-,Henry,Not in City Limit,7
35606,400054223,0,1,35.26809,-84.54718,2,2024-02-16 21:48:00,2024,2,16,21,48,Friday,21:48,Suspected Serious Injury,Dark-Not Lighted,Clear,Motor Vehicle-In-Transport On Same Roadway,None,THP District 2 - Chattanooga,THP,Unbelted,-,Drinking,Drug,-,-,-,-,-,-,-,-,-,McMinn,Not in City Limit,6
35607,400054229,0,1,36.37514,-85.40219,6,2024-02-11 15:15:00,2024,2,11,15,15,Sunday,15:15,Suspected Serious Injury,Daylight,Cloudy,Motor Vehicle-In-Transport On Same Roadway,None,THP District 6 - Cookeville,THP,Unbelted,-,-,-,-,-,-,-,-,-,-,-,-,Overton,Not in City Limit,1
35608,400054231,0,5,35.6855,-85.76631,6,2024-02-10 17:32:00,2024,2,10,17,32,Saturday,17:32,Suspected Serious Injury,Dark-Lighted,Rain,Motor Vehicle-In-Transport On Same Roadway,None,MCMINNVILLE POLICE DEPT,Other,Unbelted,-,Drinking,Drug,-,-,-,-,-,-,-,-,-,Warren,McMinnville,7
35611,400054248,1,0,35.34828,-84.40054,1,2024-02-11 13:09:00,2024,2,11,13,9,Sunday,13:09,Fatal,Daylight,Cloudy,Embankment Earth,None,THP District 1 - Knoxville,THP,Unbelted,-,-,Drug,-,-,-,-,-,-,-,-,-,Monroe,Not in City Limit,1
35612,400054250,0,3,35.81886,-86.23757,3,2024-02-11 19:17:00,2024,2,11,19,17,Sunday,19:17,Suspected Serious Injury,Dark-Not Lighted,Clear,Motor Vehicle-In-Transport On Same Roadway,None,THP District 3 - Nashville,THP,Unbelted,-,-,-,-,-,-,-,-,-,-,-,-,Rutherford,Not in City Limit,1
35623,400054296,0,1,35.61219,-88.80712,8,2024-02-11 02:15:00,2024,2,11,2,15,Sunday,02:15,Suspected Serious Injury,Dark-Lighted,Clear,Motor Vehicle-In-Transport On Same Roadway,None,JACKSON POLICE DEPT,Other,Unbelted,-,-,-,-,-,-,-,-,-,-,-,-,Madison,Jackson,1
35631,400054333,4,1,36.04678,-86.68265,3,2024-02-11 06:45:00,2024,2,11,6,45,Sunday,06:45,Fatal,Dawn,Cloudy,Motor Vehicle-In-Transport On Same Roadway,None,METROPOLITAN NASHVILLE POLICE DEPT,Other,Unbelted,-,Drinking,Drug,-,Speeding,-,-,-,-,-,-,-,Davidson,Nashville,1
35644,400054419,1,2,35.08216,-85.0803,2,2024-02-08 16:00:00,2024,2,8,16,0,Thursday,16:00,Fatal,Daylight,Clear,Parked Motor Vehicle,None,CHATTANOOGA POLICE DEPT,Other,Unbelted,-,-,-,-,-,-,-,-,-,-,-,-,Hamilton,Chattanooga,5
35647,400054438,0,2,35.52964,-84.4283,1,2024-02-08 19:09:00,2024,2,8,19,9,Thursday,19:09,Suspected Serious Injury,Dark-Not Lighted,Clear,Motor Vehicle-In-Transport On Same Roadway,None,THP District 1 - Knoxville,THP,Unbelted,-,Drinking,Drug,-,-,-,-,-,-,-,-,-,Monroe,Not in City Limit,5
35651,400054461,0,1,36.13141,-86.7273,3,2024-02-10 11:22:00,2024,2,10,11,22,Saturday,11:22,Suspected Serious Injury,Daylight,Rain,Motor Vehicle-In-Transport On Same Roadway,None,THP District 3 - Nashville,THP,Unbelted,Distracted,-,-,-,Speeding,-,-,-,-,-,-,-,Davidson,Nashville,7
35653,400054468,0,1,35.97446,-85.18036,6,2024-02-12 13:41:00,2024,2,12,13,41,Monday,13:41,Suspected Serious Injury,Daylight,Rain,Ditch,None,THP District 6 - Cookeville,THP,Unbelted,-,-,-,-,-,-,-,-,-,-,-,-,Cumberland,Pleasant Hill,2
35656,400054492,0,1,35.80987,-86.46423,3,2024-02-12 12:36:00,2024,2,12,12,36,Monday,12:36,Suspected Serious Injury,Daylight,Cloudy,Fence,None,RUTHERFORD CO SHERIFFS DEPT,Other,Unbelted,-,-,Drug,-,Speeding,-,-,-,-,-,-,-,Rutherford,Murfreesboro,2
35665,400054551,0,3,36.48114,-86.62068,3,2024-02-12 15:40:00,2024,2,12,15,40,Monday,15:40,Suspected Serious Injury,Daylight,Rain,Motor Vehicle-In-Transport On Same Roadway,None,THP District 3 - Nashville,THP,Unbelted,-,-,-,-,-,-,-,-,-,-,-,-,Sumner,Not in City Limit,2
35671,400054578,0,1,35.95792,-83.25634,5,2024-02-12 20:20:00,2024,2,12,20,20,Monday,20:20,Suspected Serious Injury,Dark-Not Lighted,Rain,Pedal-Cycle,None,THP District 5 - Fall Branch,THP,Unbelted,-,-,-,-,-,Pedalcyclist,-,-,-,-,-,-,Cocke,Not in City Limit,2
35678,400054619,0,2,35.80581,-86.85038,3,2024-02-12 03:33:00,2024,2,12,3,33,Monday,03:33,Suspected Serious Injury,Dark-Not Lighted,Rain,Motor Vehicle-In-Transport On Same Roadway,None,THP District 3 - Nashville,THP,Unbelted,Distracted,Drinking,-,-,-,-,-,-,-,ATV_Involved,-,-,Williamson,Not in City Limit,2
35697,400054732,0,1,35.83537,-86.40413,3,2024-02-13 05:53:00,2024,2,13,5,53,Tuesday,05:53,Suspected Serious Injury,Dark-Not Lighted,Rain,Pedal-Cycle,None,MURFREESBORO POLICE DEPT,Other,Unbelted,-,-,-,-,-,Pedalcyclist,-,-,-,-,-,-,Rutherford,Murfreesboro,3
35713,400054793,1,0,35.69531,-83.90681,1,2024-02-12 09:15:00,2024,2,12,9,15,Monday,09:15,Fatal,Daylight,Rain,Ditch,None,THP District 1 - Knoxville,THP,Unbelted,-,-,-,-,-,-,-,-,-,-,-,-,Blount,Not in City Limit,2
35724,400054894,0,1,36.04714,-87.85476,3,2024-02-13 14:46:00,2024,2,13,14,46,Tuesday,14:46,Suspected Serious Injury,Daylight,Clear,Embankment Earth,None,THP District 3 - Nashville,THP,Unbelted,-,Drinking,Drug,-,-,-,-,-,-,-,-,-,Humphreys,Not in City Limit,3
35725,400054897,0,1,36.19541,-89.45553,8,2024-02-08 18:17:00,2024,2,8,18,17,Thursday,18:17,Suspected Serious Injury,Dark-Not Lighted,Cloudy,Parked Motor Vehicle,None,THP District 8 - Jackson,THP,Unbelted,-,-,-,-,-,-,-,-,-,-,-,-,Dyer,Not in City Limit,5
35728,400054917,0,1,36.45333,-86.67166,3,2024-02-13 16:48:00,2024,2,13,16,48,Tuesday,16:48,Suspected Serious Injury,Daylight,Clear,Motor Vehicle-In-Transport On Same Roadway,None,WHITE HOUSE POLICE DEPT,Other,Unbelted,-,-,-,-,-,-,-,-,-,-,-,-,Sumner,White House,3
35729,400054918,1,0,36.25759,-86.67778,3,2024-02-10 01:49:00,2024,2,10,1,49,Saturday,01:49,Fatal,Dark-Lighted,Cloudy,Pedestrian,None,METROPOLITAN NASHVILLE POLICE DEPT,Other,-,-,-,-,-,-,-,Pedestrian,-,-,-,-,-,Davidson,Nashville,7
35731,400054944,0,1,36.06946,-86.69298,3,2024-02-09 22:26:00,2024,2,9,22,26,Friday,22:26,Suspected Serious Injury,Dark-Lighted,Cloudy,Pedestrian,None,METROPOLITAN NASHVILLE POLICE DEPT,Other,Unbelted,-,-,-,-,-,-,Pedestrian,-,-,-,-,-,Davidson,Nashville,6
35734,400054965,0,1,35.92702,-86.54859,3,2024-02-13 16:10:00,2024,2,13,16,10,Tuesday,16:10,Suspected Serious Injury,Daylight,Clear,Motor Vehicle-In-Transport On Same Roadway,None,SMYRNA POLICE DEPT,Other,Unbelted,-,-,-,-,-,-,-,-,-,-,-,-,Rutherford,Smyrna,3
35739,400054989,1,0,35.45414,-84.65613,2,2024-01-23 22:13:00,2024,1,23,22,13,Tuesday,22:13,Fatal,Dark-Not Lighted,Cloudy,Pedestrian,None,THP District 2 - Chattanooga,THP,-,-,-,-,-,-,-,Pedestrian,-,-,-,-,-,McMinn,Not in City Limit,3
35746,400055038,0,1,35.8719,-84.06489,1,2024-02-14 06:37:00,2024,2,14,6,37,Wednesday,06:37,Suspected Serious Injury,Dark-Not Lighted,Clear,Motor Vehicle-In-Transport On Same Roadway,None,KNOX CO SHERIFFS OFFICE,Other,Unbelted,-,-,-,-,-,-,-,-,-,-,-,-,Knox,Not in City Limit,4
35748,400055043,1,1,36.37632,-86.59314,3,2024-02-13 12:10:00,2024,2,13,12,10,Tuesday,12:10,Fatal,Daylight,Cloudy,Ditch,None,THP District 3 - Nashville,THP,Unbelted,-,-,-,-,-,-,-,-,-,-,-,-,Sumner,Not in City Limit,3
35768,400055153,0,2,36.53195,-87.23062,3,2024-02-14 08:46:00,2024,2,14,8,46,Wednesday,08:46,Suspected Serious Injury,Daylight,Clear,Motor Vehicle-In-Transport On Same Roadway,None,THP District 3 - Nashville,THP,Unbelted,-,-,-,-,-,-,-,-,-,-,-,-,Montgomery,Clarksville,4
35769,400055156,0,1,36.16861,-85.51097,6,2024-02-14 11:14:00,2024,2,14,11,14,Wednesday,11:14,Suspected Serious Injury,Daylight,Clear,Pedestrian,None,COOKEVILLE POLICE DEPT,Other,Unbelted,-,-,-,-,-,-,Pedestrian,-,-,-,-,-,Putnam,Cookeville,4
35774,400055184,0,3,36.07448,-86.34029,3,2024-02-10 04:00:00,2024,2,10,4,0,Saturday,04:00,Suspected Serious Injury,Dark-Not Lighted,Clear,Ditch,None,THP District 3 - Nashville,THP,Unbelted,-,-,-,-,-,-,-,-,-,-,-,-,Wilson,Not in City Limit,7
35775,400055188,0,4,35.60527,-86.74804,7,2024-02-14 07:10:00,2024,2,14,7,10,Wednesday,07:10,Suspected Serious Injury,Daylight,Clear,Motor Vehicle-In-Transport On Same Roadway,None,THP District 7 - Lawrenceburg,THP,Unbelted,-,-,-,-,-,-,-,-,-,-,-,-,Marshall,Not in City Limit,4
35799,400055305,0,1,35.7622,-89.56028,4,2024-02-14 15:20:00,2024,2,14,15,20,Wednesday,15:20,Suspected Serious Injury,Daylight,Clear,Fence,None,THP District 4 - Memphis,THP,Unbelted,-,-,-,-,-,-,-,-,-,-,-,-,Lauderdale,Not in City Limit,4
35800,400055307,0,2,35.07657,-84.75615,2,2024-02-14 17:20:00,2024,2,14,17,20,Wednesday,17:20,Suspected Serious Injury,Daylight,Clear,Mail Box,None,THP District 2 - Chattanooga,THP,-,-,-,-,-,-,-,-,-,-,-,Motorcyclist,-,Bradley,Not in City Limit,4
35803,400055317,0,1,36.03117,-82.84923,5,2024-02-14 18:44:00,2024,2,14,18,44,Wednesday,18:44,Suspected Serious Injury,Dark-Not Lighted,Clear,Standing Tree,None,THP District 5 - Fall Branch,THP,-,-,-,-,-,Speeding,-,-,-,-,-,Motorcyclist,-,Greene,Not in City Limit,4
35806,400055325,0,1,36.30636,-86.70021,3,2024-02-14 17:05:00,2024,2,14,17,5,Wednesday,17:05,Suspected Serious Injury,Daylight,Clear,Motor Vehicle-In-Transport On Same Roadway,None,GOODLETTSVILLE POLICE DEPT,Other,Unbelted,-,-,-,-,-,-,-,-,-,-,-,-,Davidson,Goodlettsville,4
35812,400055372,0,1,35.91145,-83.90127,1,2024-02-14 21:16:00,2024,2,14,21,16,Wednesday,21:16,Suspected Serious Injury,Dark-Not Lighted,Clear,Embankment Earth,None,KNOX CO SHERIFFS OFFICE,Other,Unbelted,-,-,-,-,-,-,-,-,-,-,-,-,Knox,Not in City Limit,4
35815,400055386,0,4,36.05155,-89.36516,8,2024-02-14 17:40:00,2024,2,14,17,40,Wednesday,17:40,Suspected Serious Injury,Dusk,Clear,Motor Vehicle-In-Transport On Same Roadway,None,DYERSBURG POLICE DEPT,Other,Unbelted,-,-,-,-,-,-,-,-,-,-,-,-,Dyer,Dyersburg,4
35816,400055395,0,1,35.82845,-86.88638,3,2024-02-14 20:25:00,2024,2,14,20,25,Wednesday,20:25,Suspected Serious Injury,Dark-Lighted,Clear,Motor Vehicle-In-Transport On Same Roadway,None,WILLIAMSON CO SHERIFFS OFFICE,Other,Unbelted,-,-,-,-,-,-,-,-,-,-,Motorcyclist,-,Williamson,Thompson's Station,4
35838,400055593,0,1,36.19969,-86.56813,3,2024-02-14 16:53:00,2024,2,14,16,53,Wednesday,16:53,Suspected Serious Injury,Daylight,Clear,Utility Pole,None,THP District 3 - Nashville,THP,Unbelted,-,-,-,-,-,-,-,-,-,-,-,-,Wilson,Mount Juliet,4
35839,400055594,0,1,35.06409,-85.10011,2,2024-02-15 13:30:00,2024,2,15,13,30,Thursday,13:30,Suspected Serious Injury,Daylight,Clear,Mail Box,None,HAMILTON COUNTY SHERIFF'S OFFICE,Other,Unbelted,-,-,-,-,-,-,-,-,-,-,-,-,Hamilton,Not in City Limit,5
35841,400055601,0,1,35.69839,-85.76069,6,2024-02-15 13:07:00,2024,2,15,13,7,Thursday,13:07,Suspected Serious Injury,Daylight,Clear,Motor Vehicle-In-Transport On Same Roadway,None,MCMINNVILLE POLICE DEPT,Other,Unbelted,-,-,-,-,-,-,-,-,-,-,-,-,Warren,McMinnville,5
35844,400055623,0,6,36.09529,-89.31576,8,2024-02-14 14:14:00,2024,2,14,14,14,Wednesday,14:14,Suspected Serious Injury,Daylight,Clear,Motor Vehicle-In-Transport On Same Roadway,Maintenance Zone,THP District 8 - Jackson,THP,Unbelted,Distracted,-,-,-,-,-,-,-,-,ATV_Involved,-,-,Dyer,Not in City Limit,4
35847,400055651,0,3,35.9252,-83.88735,1,2024-02-15 16:35:00,2024,2,15,16,35,Thursday,16:35,Suspected Serious Injury,Daylight,Clear,Motor Vehicle-In-Transport On Same Roadway,None,KNOXVILLE POLICE DEPT,Other,Unbelted,-,-,-,-,-,-,-,-,-,ATV_Involved,-,-,Knox,Knoxville,5
35851,400055659,0,1,36.23781,-86.17456,3,2024-02-15 13:50:00,2024,2,15,13,50,Thursday,13:50,Suspected Serious Injury,Daylight,Clear,Motor Vehicle-In-Transport On Same Roadway,Work Zone,THP District 3 - Nashville,THP,Unbelted,-,-,-,-,-,-,-,-,-,-,-,-,Wilson,Not in City Limit,5
35854,400055684,0,2,36.03637,-88.19216,8,2024-02-14 20:15:00,2024,2,14,20,15,Wednesday,20:15,Suspected Serious Injury,Dark-Not Lighted,Clear,Motor Vehicle-In-Transport On Same Roadway,None,THP District 8 - Jackson,THP,Unbelted,-,Drinking,Drug,-,-,-,-,-,-,-,-,-,Benton,Not in City Limit,4
35858,400055693,0,3,36.22037,-86.56624,3,2024-02-07 08:04:00,2024,2,7,8,4,Wednesday,08:04,Suspected Serious Injury,Daylight,Clear,Motor Vehicle-In-Transport On Same Roadway,None,THP District 3 - Nashville,THP,Unbelted,-,-,-,-,-,-,-,-,-,-,-,-,Wilson,Mount Juliet,4
35861,400055718,0,3,35.28069,-85.75389,2,2024-02-14 15:29:00,2024,2,14,15,29,Wednesday,15:29,Suspected Serious Injury,Daylight,Clear,Motor Vehicle-In-Transport On Same Roadway,None,THP District 2 - Chattanooga,THP,Unbelted,-,Drinking,-,-,-,-,-,-,-,-,-,-,Grundy,Not in City Limit,4
35864,400055735,1,0,36.37236,-86.46324,3,2024-02-15 04:57:00,2024,2,15,4,57,Thursday,04:57,Fatal,Dark-Lighted,Clear,Motor Vehicle-In-Transport On Same Roadway,None,THP District 3 - Nashville,THP,Unbelted,-,-,-,-,Speeding,-,-,-,-,ATV_Involved,-,-,Sumner,Gallatin,5
35876,400055804,1,1,35.53672,-86.16719,2,2024-02-15 11:38:00,2024,2,15,11,38,Thursday,11:38,Fatal,Daylight,Clear,Motor Vehicle-In-Transport On Same Roadway,Construction Zone,THP District 2 - Chattanooga,THP,Unbelted,-,-,-,-,-,-,-,-,-,ATV_Involved,-,-,Coffee,Not in City Limit,5
35886,400055897,0,2,35.82279,-86.37558,3,2024-02-16 11:12:00,2024,2,16,11,12,Friday,11:12,Suspected Serious Injury,Daylight,Cloudy,Motor Vehicle-In-Transport On Same Roadway,None,MURFREESBORO POLICE DEPT,Other,Unbelted,-,-,-,-,-,-,-,-,-,-,-,-,Rutherford,Murfreesboro,6
35887,400055898,0,2,35.55258,-88.77799,8,2024-02-16 00:00:00,2024,2,16,24,0,Friday,24:00,Suspected Serious Injury,Daylight,Clear,Motor Vehicle-In-Transport On Same Roadway,None,MADISON CO SHERIFFS DEPT,Other,Unbelted,-,-,-,-,-,-,-,-,-,-,-,-,Madison,Not in City Limit,6
35891,400055915,0,2,35.46562,-88.54549,8,2024-02-14 15:48:00,2024,2,14,15,48,Wednesday,15:48,Suspected Serious Injury,Daylight,Clear,Motor Vehicle-In-Transport On Same Roadway,None,THP District 8 - Jackson,THP,Unbelted,-,-,-,-,-,-,-,-,-,-,-,-,Chester,Not in City Limit,4
35895,400055925,0,2,36.00194,-88.61334,8,2024-02-16 10:50:00,2024,2,16,10,50,Friday,10:50,Suspected Serious Injury,Daylight,Clear,Culvert,None,THP District 8 - Jackson,THP,Unbelted,-,-,-,-,-,-,-,-,-,-,-,-,Carroll,Trezevant,6
35906,400056004,0,2,35.77706,-87.05178,7,2024-02-15 21:16:00,2024,2,15,21,16,Thursday,21:16,Suspected Serious Injury,Dark-Not Lighted,Cloudy,Wall,None,THP District 7 - Lawrenceburg,THP,Unbelted,-,Drinking,-,-,-,-,-,-,-,-,-,-,Maury,Not in City Limit,5
35919,400056079,0,2,36.15545,-84.0687,1,2024-02-15 23:09:00,2024,2,15,23,9,Thursday,23:09,Suspected Serious Injury,Dark-Not Lighted,Clear,Motor Vehicle-In-Transport On Same Roadway,None,THP District 1 - Knoxville,THP,Unbelted,-,-,-,-,-,-,-,-,-,-,-,-,Anderson,Not in City Limit,5
35920,400056085,2,0,35.40953,-85.00875,2,2024-02-14 22:03:00,2024,2,14,22,3,Wednesday,22:03,Fatal,Dark-Not Lighted,Clear,Immersion,None,THP District 2 - Chattanooga,THP,Unbelted,-,-,-,-,-,-,-,-,-,-,-,-,Meigs,Not in City Limit,4
35922,400056087,0,1,35.88438,-86.37364,3,2024-02-16 18:53:00,2024,2,16,18,53,Friday,18:53,Suspected Serious Injury,Dark-Not Lighted,Rain,Mail Box,None,MURFREESBORO POLICE DEPT,Other,Unbelted,-,-,-,-,-,-,-,-,-,-,-,-,Rutherford,Murfreesboro,6
35928,400056118,0,1,36.16281,-84.06864,1,2024-02-16 19:21:00,2024,2,16,19,21,Friday,19:21,Suspected Serious Injury,Dark-Not Lighted,Clear,Standing Tree,None,THP District 1 - Knoxville,THP,Unbelted,-,Drinking,Drug,-,-,-,-,-,-,-,-,-,Anderson,Not in City Limit,6
35936,400056160,0,1,36.15577,-86.79396,3,2024-02-16 23:51:00,2024,2,16,23,51,Friday,23:51,Suspected Serious Injury,Dark-Lighted,Clear,Pedestrian,None,METROPOLITAN NASHVILLE POLICE DEPT,Other,Unbelted,-,-,-,-,-,-,Pedestrian,-,-,-,-,-,Davidson,Nashville,6
35937,400056161,1,1,35.43241,-86.29258,7,2024-02-16 21:08:00,2024,2,16,21,8,Friday,21:08,Fatal,Dark-Not Lighted,Rain,Motor Vehicle-In-Transport On Same Roadway,None,THP District 7 - Lawrenceburg,THP,Unbelted,-,Drinking,-,-,-,-,-,-,-,-,-,-,Bedford,Not in City Limit,6
35938,400056164,0,2,36.11235,-86.76699,3,2024-02-16 23:42:00,2024,2,16,23,42,Friday,23:42,Suspected Serious Injury,Dark-Lighted,Clear,Motor Vehicle-In-Transport On Different Roadway,None,METROPOLITAN NASHVILLE POLICE DEPT,Other,Unbelted,-,Drinking,-,-,-,-,-,-,-,-,-,-,Davidson,Nashville,6
35949,400056221,0,1,35.88681,-83.74317,1,2024-02-17 11:03:00,2024,2,17,11,3,Saturday,11:03,Suspected Serious Injury,Daylight,Clear,Other Non-Collision,None,SEVIER CO SHERIFFS OFFICE,Other,Unbelted,-,-,-,-,-,-,-,-,-,-,-,-,Sevier,Not in City Limit,7
35950,400056224,0,4,35.83212,-84.01538,1,2024-02-17 11:16:00,2024,2,17,11,16,Saturday,11:16,Suspected Serious Injury,Daylight,Clear,Motor Vehicle-In-Transport On Same Roadway,None,THP District 1 - Knoxville,THP,Unbelted,-,-,-,-,-,-,-,-,-,-,-,-,Blount,Louisville,7
35952,400056239,0,5,36.20333,-83.26726,5,2024-02-17 12:39:00,2024,2,17,12,39,Saturday,12:39,Suspected Serious Injury,Daylight,Cloudy,Motor Vehicle-In-Transport On Same Roadway,None,MORRISTOWN POLICE DEPT,Other,Unbelted,-,-,-,-,-,-,-,-,-,-,-,-,Hamblen,Morristown,7
35956,400056261,0,2,35.62194,-88.08679,8,2024-02-17 13:00:00,2024,2,17,13,0,Saturday,13:00,Suspected Serious Injury,Daylight,Clear,Standing Tree,None,THP District 8 - Jackson,THP,Unbelted,-,-,-,-,Speeding,-,-,-,-,-,-,-,Decatur,Not in City Limit,7
35958,400056269,0,1,35.64159,-84.57166,1,2024-02-17 14:11:00,2024,2,17,14,11,Saturday,14:11,Suspected Serious Injury,Daylight,Clear,Embankment Earth,None,LOUDON CO SHERIFFS DEPT,Other,Unbelted,-,-,-,-,-,-,-,-,-,-,-,-,Loudon,Not in City Limit,7