OBJECTID,MRN,Fatality,Injury,Latitude,Longitude,THP_District,Collision_Date,Collision_Year,Collision_Month,Collision_Day,Collision_Hour,Collision_Min,Collision_DOW,Collision_Time,Crash_Type,Light_Condition,Weather,First_Harmfu_Event,Work_Zone_Type,Agency_Name,THP,Unbelted,Distracted_Driver,Driver_Drinking,Driver_Drugged,Drowsy_Driver,Speeding_Involved,Pedalcyclist,Pedestrian,Other_Nonmotorist,ATV_Involved,LargeTruck_Involved,Motorcycle_Involved,SchoolBus,County,City,DOW_Nmb
35962,400056288,0,1,36.12191,-86.76209,3,2024-02-16 13:38:00,2024,2,16,13,38,Friday,13:38,Suspected Serious Injury,Daylight,Clear,Motor Vehicle-In-Transport On Same Roadway,None,THP District 3 - Nashville,THP,Unbelted,-,-,-,-,-,-,-,-,-,ATV_Involved,-,-,Davidson,Berry Hill,6
35973,400056334,0,1,35.72585,-86.97924,7,2024-02-17 16:39:00,2024,2,17,16,39,Saturday,16:39,Suspected Serious Injury,Daylight,Cloudy,Other Fixed Object,None,THP District 7 - Lawrenceburg,THP,Unbelted,-,-,-,-,Speeding,-,-,-,-,-,-,-,Maury,Not in City Limit,7
35983,400056373,0,1,36.442,-82.756,5,2024-02-17 18:20:00,2024,2,17,18,20,Saturday,18:20,Suspected Serious Injury,Dusk,Clear,Standing Tree,None,THP District 5 - Fall Branch,THP,-,-,-,-,-,-,-,-,-,ATV_Involved,-,-,-,Hawkins,Not in City Limit,7
35987,400056404,0,1,35.90304,-88.52461,8,2024-02-16 05:36:00,2024,2,16,5,36,Friday,05:36,Suspected Serious Injury,Dark-Not Lighted,Clear,Standing Tree,None,THP District 8 - Jackson,THP,Unbelted,-,-,Drug,-,-,-,-,-,-,-,-,-,Carroll,Not in City Limit,6
35993,400056423,0,1,36.42517,-87.06119,3,2024-02-18 03:45:00,2024,2,18,3,45,Sunday,03:45,Suspected Serious Injury,Dark-Not Lighted,Clear,Standing Tree,None,THP District 3 - Nashville,THP,Unbelted,Distracted,-,-,-,-,-,-,-,-,-,-,-,Robertson,Not in City Limit,1
35994,400056432,0,2,35.95425,-85.03859,6,2024-02-17 12:20:00,2024,2,17,12,20,Saturday,12:20,Suspected Serious Injury,Daylight,Clear,Motor Vehicle-In-Transport On Same Roadway,None,THP District 6 - Cookeville,THP,Unbelted,-,-,-,-,-,-,-,-,-,-,-,-,Cumberland,Crossville,7
35998,400056457,0,1,35.92506,-86.86888,3,2024-02-16 19:12:00,2024,2,16,19,12,Friday,19:12,Suspected Serious Injury,Dark-Lighted,Rain,Pedestrian,None,FRANKLIN POLICE DEPT,Other,Unbelted,-,-,-,-,-,-,Pedestrian,-,-,-,-,-,Williamson,Franklin,6
36012,400056525,0,1,35.22286,-87.33648,7,2024-02-18 00:00:00,2024,2,18,24,0,Sunday,24:00,Suspected Serious Injury,Daylight,Clear,Pedestrian,None,LAWRENCEBURG POLICE DEPT,Other,Unbelted,-,-,-,-,-,-,Pedestrian,-,-,-,-,-,Lawrence,Lawrenceburg,1
36020,400056563,1,0,35.67548,-89.13739,4,2024-02-18 13:13:00,2024,2,18,13,13,Sunday,13:13,Fatal,Unknown,Clear,Immersion,None,THP District 4 - Memphis,THP,Unbelted,-,Drinking,-,-,-,-,-,-,-,-,-,-,Haywood,Not in City Limit,1
36025,400056586,0,1,36.45243,-83.64027,5,2024-02-18 16:33:00,2024,2,18,16,33,Sunday,16:33,Suspected Serious Injury,Daylight,Clear,Guard Rail Face,None,THP District 5 - Fall Branch,THP,-,-,-,-,-,-,-,-,-,-,-,Motorcyclist,-,Claiborne,Not in City Limit,1
36030,400056617,1,0,36.34125,-88.76536,8,2024-02-18 00:00:00,2024,2,18,24,0,Sunday,24:00,Fatal,Dark-Not Lighted,Clear,"Over Turn, Roll Over",None,THP District 8 - Jackson,THP,Unbelted,-,Drinking,Drug,-,-,-,-,-,-,-,-,-,Weakley,Not in City Limit,1
36036,400056634,0,2,35.51995,-89.34956,4,2024-02-18 00:50:00,2024,2,18,0,50,Sunday,00:50,Suspected Serious Injury,Dark-Not Lighted,Clear,Standing Tree,None,THP District 4 - Memphis,THP,Unbelted,-,-,-,-,-,-,-,-,-,-,-,-,Haywood,Not in City Limit,1
36042,400056674,0,1,35.61968,-87.0844,7,2024-02-18 16:49:00,2024,2,18,16,49,Sunday,16:49,Suspected Serious Injury,Daylight,Clear,Motor Vehicle-In-Transport On Same Roadway,None,COLUMBIA POLICE DEPT,Other,Unbelted,-,-,-,-,-,-,-,-,-,-,Motorcyclist,-,Maury,Columbia,1
36046,400056690,0,1,36.03322,-86.7853,3,2024-02-19 07:31:00,2024,2,19,7,31,Monday,07:31,Suspected Serious Injury,,Clear,Motor Vehicle-In-Transport On Same Roadway,None,BRENTWOOD POLICE DEPT,Other,Unbelted,-,-,-,-,-,-,-,-,-,-,-,-,Williamson,Brentwood,2
36047,400056693,0,1,35.5234,-88.86371,8,2024-02-19 06:27:00,2024,2,19,6,27,Monday,06:27,Suspected Serious Injury,Daylight,Clear,Embankment Earth,None,MADISON CO SHERIFFS DEPT,Other,Unbelted,-,-,-,-,-,-,-,-,-,-,-,-,Madison,Not in City Limit,2
36048,400056697,0,4,35.96732,-86.52881,3,2024-02-19 06:50:00,2024,2,19,6,50,Monday,06:50,Suspected Serious Injury,Daylight,Clear,Motor Vehicle-In-Transport On Same Roadway,None,SMYRNA POLICE DEPT,Other,Unbelted,-,Drinking,-,-,-,-,-,-,-,-,-,-,Rutherford,Smyrna,2
36057,400056735,0,1,35.00579,-84.41857,2,2024-02-19 11:00:00,2024,2,19,11,0,Monday,11:00,Suspected Serious Injury,Daylight,Clear,Embankment Earth,None,THP District 2 - Chattanooga,THP,Unbelted,-,-,-,-,Speeding,-,-,-,-,ATV_Involved,-,-,Polk,Not in City Limit,2
36063,400056811,1,0,35.14094,-88.5721,8,2024-02-19 00:00:00,2024,2,19,24,0,Monday,24:00,Fatal,Daylight,Clear,Motor Vehicle-In-Transport On Same Roadway,None,SELMER POLICE DEPT,Other,Unbelted,-,-,-,-,-,-,-,-,-,ATV_Involved,-,-,McNairy,Selmer,2
36067,400056832,0,1,35.93678,-84.01259,1,2024-02-19 17:22:00,2024,2,19,17,22,Monday,17:22,Suspected Serious Injury,Daylight,Clear,Motor Vehicle-In-Transport On Same Roadway,None,KNOXVILLE POLICE DEPT,Other,Unbelted,-,-,-,-,-,-,-,-,-,-,-,-,Knox,Knoxville,2
36075,400056861,0,3,35.93076,-84.02698,1,2024-02-19 17:44:00,2024,2,19,17,44,Monday,17:44,Suspected Serious Injury,Daylight,Clear,Motor Vehicle-In-Transport On Same Roadway,None,KNOXVILLE POLICE DEPT,Other,Unbelted,-,-,-,-,-,-,-,-,-,-,-,-,Knox,Knoxville,2
36079,400056890,0,5,35.59701,-84.51561,1,2024-02-19 20:12:00,2024,2,19,20,12,Monday,20:12,Suspected Serious Injury,Dark-Not Lighted,Clear,"Over Turn, Roll Over",None,MONROE CO SHERIFFS DEPT,Other,Unbelted,-,-,-,-,-,-,-,-,-,-,-,-,Monroe,Not in City Limit,2
36098,400057000,0,2,35.46687,-86.46456,7,2024-02-20 07:03:00,2024,2,20,7,3,Tuesday,07:03,Suspected Serious Injury,Daylight,Cloudy,Motor Vehicle-In-Transport On Same Roadway,None,SHELBYVILLE POLICE DEPT,Other,Unbelted,-,-,-,-,-,-,-,-,-,-,-,-,Bedford,Shelbyville,3
36108,400057050,0,2,36.22368,-86.29033,3,2024-02-18 12:54:00,2024,2,18,12,54,Sunday,12:54,Suspected Serious Injury,Daylight,Clear,Motor Vehicle-In-Transport On Same Roadway,None,LEBANON POLICE DEPT,Other,Unbelted,-,-,-,-,-,-,-,-,-,-,-,-,Wilson,Lebanon,1
36126,400057152,0,1,35.87663,-85.72234,6,2024-02-20 14:45:00,2024,2,20,14,45,Tuesday,14:45,Suspected Serious Injury,Daylight,Clear,Standing Tree,None,THP District 6 - Cookeville,THP,Unbelted,-,-,-,-,-,-,-,-,-,-,-,-,DeKalb,Not in City Limit,3
36134,400057211,0,1,36.42453,-88.24062,8,2024-02-20 16:29:00,2024,2,20,16,29,Tuesday,16:29,Suspected Serious Injury,Daylight,Clear,Ditch,None,THP District 8 - Jackson,THP,Unbelted,-,-,-,-,-,-,-,-,-,ATV_Involved,-,-,Henry,Not in City Limit,3
36146,400057247,0,1,35.92495,-84.05937,1,2024-02-20 21:16:00,2024,2,20,21,16,Tuesday,21:16,Suspected Serious Injury,Dark-Lighted,Clear,Motor Vehicle-In-Transport On Same Roadway,None,KNOXVILLE POLICE DEPT,Other,Unbelted,Distracted,-,-,-,-,-,-,-,-,-,-,-,Knox,Knoxville,3
36151,400057281,0,1,35.00615,-89.74198,4,2024-02-20 23:15:00,2024,2,20,23,15,Tuesday,23:15,Suspected Serious Injury,Dark-Lighted,Clear,Ditch,None,COLLIERVILLE POLICE DEPT,Other,Unbelted,Distracted,-,-,-,-,-,-,-,-,-,-,-,Shelby,Collierville,3
36158,400057292,0,2,35.59032,-86.20899,2,2024-02-15 14:23:00,2024,2,15,14,23,Thursday,14:23,Suspected Serious Injury,Daylight,Clear,Motor Vehicle-In-Transport On Same Roadway,None,THP District 2 - Chattanooga,THP,Unbelted,-,-,-,-,-,-,-,-,-,ATV_Involved,-,-,Coffee,Not in City Limit,5
36162,400057299,0,1,35.06421,-88.61384,8,2024-02-20 22:51:00,2024,2,20,22,51,Tuesday,22:51,Suspected Serious Injury,Dark-Not Lighted,Clear,Other Fixed Object,None,THP District 8 - Jackson,THP,Unbelted,-,Drinking,-,-,-,-,-,-,-,-,-,-,McNairy,Ramer,3
36186,400057461,0,1,36.1347,-86.40195,3,2024-02-21 10:50:00,2024,2,21,10,50,Wednesday,10:50,Suspected Serious Injury,Daylight,Clear,Embankment Earth,None,LEBANON POLICE DEPT,Other,-,-,-,-,-,-,-,-,-,-,-,Motorcyclist,-,Wilson,Lebanon,4
36190,400057476,0,1,36.32643,-86.63269,3,2024-02-21 11:51:00,2024,2,21,11,51,Wednesday,11:51,Suspected Serious Injury,Daylight,Clear,Guard Rail Face,None,HENDERSONVILLE POLICE DEPT,Other,Unbelted,-,-,-,-,-,-,-,-,-,-,-,-,Sumner,Hendersonville,4
36191,400057486,1,0,35.97895,-83.99192,1,2024-02-21 12:02:00,2024,2,21,12,2,Wednesday,12:02,Fatal,Daylight,Clear,Mail Box,None,KNOXVILLE POLICE DEPT,Other,Unbelted,-,-,Drug,-,Speeding,-,-,-,-,-,-,-,Knox,Knoxville,4
36194,400057505,0,1,36.29736,-83.35587,5,2024-02-21 15:45:00,2024,2,21,15,45,Wednesday,15:45,Suspected Serious Injury,Daylight,Clear,Pedal-Cycle,None,THP District 5 - Fall Branch,THP,Unbelted,-,-,-,-,-,-,-,-,-,-,-,-,Grainger,Not in City Limit,4
36207,400057572,0,1,36.45063,-83.56984,5,2024-02-21 15:02:00,2024,2,21,15,2,Wednesday,15:02,Suspected Serious Injury,Daylight,Clear,Motor Vehicle-In-Transport On Same Roadway,None,THP District 5 - Fall Branch,THP,Unbelted,-,-,-,-,-,-,-,-,-,-,Motorcyclist,-,Claiborne,Tazewell,4
36210,400057592,0,2,35.83159,-84.54507,1,2024-02-18 21:00:00,2024,2,18,21,0,Sunday,21:00,Suspected Serious Injury,Dark-Not Lighted,Clear,Motor Vehicle-In-Transport On Same Roadway,None,THP District 1 - Knoxville,THP,Unbelted,-,-,-,-,-,-,-,-,-,-,-,-,Roane,Not in City Limit,1
36221,400057656,0,2,35.9228,-84.13051,1,2024-02-22 07:33:00,2024,2,22,7,33,Thursday,07:33,Suspected Serious Injury,Daylight,Clear,Motor Vehicle-In-Transport On Same Roadway,None,KNOXVILLE POLICE DEPT,Other,Unbelted,-,-,-,-,-,-,-,-,-,-,-,-,Knox,Knoxville,5
36224,400057678,3,5,36.1691,-86.77217,3,2024-02-17 20:39:00,2024,2,17,20,39,Saturday,20:39,Fatal,Dark-Lighted,Clear,Motor Vehicle-In-Transport On Same Roadway,None,METROPOLITAN NASHVILLE POLICE DEPT,Other,Unbelted,-,-,-,-,Speeding,-,-,-,-,-,-,-,Davidson,Nashville,7
36230,400057705,0,2,36.18212,-86.60812,3,2024-02-18 08:41:00,2024,2,18,8,41,Sunday,08:41,Suspected Serious Injury,Daylight,Clear,Motor Vehicle-In-Transport On Same Roadway,None,METROPOLITAN NASHVILLE POLICE DEPT,Other,Unbelted,-,-,-,-,Speeding,-,-,-,-,-,-,-,Davidson,Nashville,1
36233,400057729,0,1,36.54419,-87.50917,3,2024-02-22 10:00:00,2024,2,22,10,0,Thursday,10:00,Suspected Serious Injury,Daylight,Cloudy,Utility Pole,None,MONTGOMERY CO SHERIFFS OFFICE,Other,Unbelted,Distracted,-,-,-,-,-,-,-,-,-,-,-,Montgomery,Not in City Limit,5
36236,400057741,0,2,35.12839,-86.4672,7,2024-02-22 06:12:00,2024,2,22,6,12,Thursday,06:12,Suspected Serious Injury,Daylight,Clear,Motor Vehicle-In-Transport On Same Roadway,None,THP District 7 - Lawrenceburg,THP,Unbelted,-,-,-,-,-,-,-,-,-,-,-,-,Lincoln,Not in City Limit,5
36240,400057755,0,1,35.90908,-84.51914,1,2024-02-18 11:40:00,2024,2,18,11,40,Sunday,11:40,Suspected Serious Injury,Daylight,Clear,"Over Turn, Roll Over",None,THP District 1 - Knoxville,THP,-,-,-,-,-,-,-,-,-,-,-,Motorcyclist,-,Roane,Not in City Limit,1
36248,400057796,0,2,35.81072,-88.2989,8,2024-02-21 22:10:00,2024,2,21,22,10,Wednesday,22:10,Suspected Serious Injury,Dark-Not Lighted,Clear,Embankment Earth,None,THP District 8 - Jackson,THP,Unbelted,-,-,-,-,-,-,-,-,-,-,-,-,Henderson,Not in City Limit,4
36251,400057834,0,1,35.35942,-86.19978,2,2024-02-22 00:00:00,2024,2,22,24,0,Thursday,24:00,Suspected Serious Injury,Daylight,Rain,Fell/Jumped From Vehicle,None,TULLAHOMA POLICE DEPT,Other,-,-,-,-,-,-,-,-,-,-,-,Motorcyclist,-,Coffee,Tullahoma,5
36253,400057859,0,3,35.39307,-84.34057,1,2024-02-21 19:07:00,2024,2,21,19,7,Wednesday,19:07,Suspected Serious Injury,Dark-Not Lighted,Clear,Motor Vehicle-In-Transport On Same Roadway,None,THP District 1 - Knoxville,THP,Unbelted,-,-,-,-,-,-,-,-,-,-,-,-,Monroe,Not in City Limit,4
36259,400057896,0,3,34.99515,-85.29097,2,2024-02-22 13:30:00,2024,2,22,13,30,Thursday,13:30,Suspected Serious Injury,Daylight,Clear,Motor Vehicle-In-Transport On Same Roadway,None,CHATTANOOGA POLICE DEPT,Other,Unbelted,-,-,-,-,-,-,-,-,-,-,-,-,Hamilton,Chattanooga,5
36261,400057911,0,1,36.55712,-81.74886,5,2024-02-22 16:44:00,2024,2,22,16,44,Thursday,16:44,Suspected Serious Injury,Daylight,Clear,Motor Vehicle-In-Transport On Same Roadway,None,JOHNSON CO SHERIFFS DEPT,Other,Unbelted,-,-,-,-,-,-,-,-,-,-,Motorcyclist,-,Johnson,Not in City Limit,5
36265,400057923,0,1,35.26125,-89.6655,4,2024-02-20 17:14:00,2024,2,20,17,14,Tuesday,17:14,Suspected Serious Injury,Daylight,Clear,Motor Vehicle-In-Transport On Same Roadway,None,THP District 4 - Memphis,THP,Unbelted,-,-,-,-,-,-,-,-,-,-,-,-,Shelby,Arlington,3
36274,400057945,0,2,36.02917,-86.57412,3,2024-02-22 18:40:00,2024,2,22,18,40,Thursday,18:40,Suspected Serious Injury,Dark-Lighted,Cloudy,Motor Vehicle-In-Transport On Same Roadway,None,LAVERGNE POLICE DEPT,Other,Unbelted,Distracted,Drinking,Drug,-,-,-,-,-,-,-,-,-,Rutherford,Lavergne,5
36277,400057951,1,1,36.24089,-83.23019,5,2024-02-22 19:36:00,2024,2,22,19,36,Thursday,19:36,Fatal,Dark-Lighted,Rain,Motor Vehicle-In-Transport On Same Roadway,None,MORRISTOWN POLICE DEPT,Other,Unbelted,-,Drinking,-,-,-,-,-,-,-,-,-,-,Hamblen,Morristown,5
36279,400057960,0,1,35.69081,-88.83973,8,2024-02-22 05:23:00,2024,2,22,5,23,Thursday,05:23,Suspected Serious Injury,Dark-Lighted,Clear,Mail Box,None,JACKSON POLICE DEPT,Other,Unbelted,-,-,-,-,-,-,-,-,-,-,-,-,Madison,Jackson,5
36286,400057981,0,1,36.01948,-89.39827,8,2024-02-22 00:00:00,2024,2,22,24,0,Thursday,24:00,Suspected Serious Injury,Dark-Lighted,Rain,Culvert,None,DYERSBURG POLICE DEPT,Other,Unbelted,-,Drinking,-,-,-,-,-,-,-,-,-,-,Dyer,Dyersburg,5
36308,400058165,0,1,35.97149,-85.85922,6,2024-02-19 13:40:00,2024,2,19,13,40,Monday,13:40,Suspected Serious Injury,Daylight,Clear,Ditch,None,THP District 6 - Cookeville,THP,Unbelted,-,-,-,-,-,-,-,-,-,-,-,-,DeKalb,Not in City Limit,2
36325,400058277,1,1,35.8303,-86.31525,3,2024-02-23 14:43:00,2024,2,23,14,43,Friday,14:43,Fatal,Daylight,Clear,Motor Vehicle-In-Transport On Same Roadway,None,RUTHERFORD CO SHERIFFS DEPT,Other,Unbelted,-,-,-,-,-,-,-,-,-,-,-,-,Rutherford,Not in City Limit,6
36327,400058289,0,3,35.07446,-85.16619,2,2024-02-23 16:10:00,2024,2,23,16,10,Friday,16:10,Suspected Serious Injury,Daylight,Clear,Motor Vehicle-In-Transport On Same Roadway,None,CHATTANOOGA POLICE DEPT,Other,Unbelted,-,-,-,-,-,-,-,-,-,-,-,-,Hamilton,Chattanooga,6
36331,400058306,0,1,35.28353,-84.795,2,2024-02-23 15:59:00,2024,2,23,15,59,Friday,15:59,Suspected Serious Injury,Daylight,Clear,Motor Vehicle-In-Transport On Same Roadway,None,BRADLEY CO SHERIFFS DEPT,Other,Unbelted,Distracted,-,-,-,-,-,-,-,-,-,-,-,Bradley,Not in City Limit,6
36339,400058330,1,1,36.37447,-85.3399,6,2024-02-21 02:00:00,2024,2,21,2,0,Wednesday,02:00,Fatal,Dark-Not Lighted,Clear,Motor Vehicle-In-Transport On Same Roadway,None,THP District 6 - Cookeville,THP,Unbelted,-,-,-,-,-,-,-,-,-,-,-,-,Overton,Livingston,4
36340,400058334,1,0,35.9905,-86.49335,3,2024-02-23 13:19:00,2024,2,23,13,19,Friday,13:19,Fatal,Daylight,Clear,Motor Vehicle-In-Transport On Same Roadway,None,THP District 3 - Nashville,THP,Unbelted,-,-,-,-,-,-,-,-,-,ATV_Involved,-,-,Rutherford,Smyrna,6
36357,400058392,0,1,35.73645,-84.66673,1,2024-02-22 23:00:00,2024,2,22,23,0,Thursday,23:00,Suspected Serious Injury,Dark-Not Lighted,Rain,Deer,None,THP District 1 - Knoxville,THP,-,-,-,-,-,-,-,-,-,-,-,Motorcyclist,-,Roane,Not in City Limit,5
36359,400058402,0,1,35.81834,-89.22704,4,2024-02-23 20:37:00,2024,2,23,20,37,Friday,20:37,Suspected Serious Injury,Dark-Lighted,Clear,Standing Tree,None,THP District 4 - Memphis,THP,Unbelted,-,-,-,-,-,-,-,-,-,-,-,-,Crockett,Maury City,6
36363,400058425,0,1,36.34133,-84.16823,1,2024-02-22 23:07:00,2024,2,22,23,7,Thursday,23:07,Suspected Serious Injury,Dark-Lighted,Clear,Motor Vehicle-In-Transport On Same Roadway,None,LAFOLLETTE POLICE DEPT,Other,Unbelted,-,-,-,Drowsy,-,-,-,-,-,-,-,-,Campbell,LaFollette,5
36366,400058439,1,0,36.00155,-88.51225,8,2024-02-24 01:59:00,2024,2,24,1,59,Saturday,01:59,Fatal,Dark-Not Lighted,Clear,Standing Tree,None,THP District 8 - Jackson,THP,Unbelted,Distracted,Drinking,Drug,-,-,-,-,-,-,-,-,-,Carroll,Not in City Limit,7
36376,400058501,0,1,35.72522,-87.12704,7,2024-02-24 09:03:00,2024,2,24,9,3,Saturday,09:03,Suspected Serious Injury,Daylight,Cloudy,Embankment Earth,None,THP District 7 - Lawrenceburg,THP,Unbelted,-,-,-,-,-,-,-,-,-,-,-,-,Maury,Not in City Limit,7
36381,400058529,0,2,35.24569,-85.1777,2,2024-02-24 00:00:00,2024,2,24,24,0,Saturday,24:00,Suspected Serious Injury,Daylight,Clear,Utility Pole,None,SODDY DAISY POLICE DEPT,Other,Unbelted,Distracted,-,Drug,-,-,-,-,-,-,-,-,-,Hamilton,Soddy-Daisy,7
36391,400058583,0,1,35.6195,-87.11938,7,2024-02-24 13:00:00,2024,2,24,13,0,Saturday,13:00,Suspected Serious Injury,Daylight,Clear,Guard Rail End,None,COLUMBIA POLICE DEPT,Other,Unbelted,-,-,-,-,-,-,-,-,-,-,-,-,Maury,Not in City Limit,7
36394,400058607,0,1,35.90224,-86.62743,3,2024-02-24 15:40:00,2024,2,24,15,40,Saturday,15:40,Suspected Serious Injury,Daylight,Clear,Ditch,None,WILLIAMSON CO SHERIFFS OFFICE,Other,-,-,-,-,-,-,-,-,-,-,-,Motorcyclist,-,Williamson,Not in City Limit,7
36396,400058615,0,2,35.91925,-86.8167,3,2024-02-23 13:25:00,2024,2,23,13,25,Friday,13:25,Suspected Serious Injury,Daylight,Clear,Motor Vehicle-In-Transport On Same Roadway,None,FRANKLIN POLICE DEPT,Other,Unbelted,-,-,-,-,-,-,-,-,-,-,-,-,Williamson,Franklin,6
36399,400058623,2,0,36.23409,-86.58152,3,2024-02-24 12:55:00,2024,2,24,12,55,Saturday,12:55,Fatal,Daylight,Clear,Mail Box,None,THP District 3 - Nashville,THP,Unbelted,-,-,-,-,-,-,-,-,-,-,-,-,Wilson,Not in City Limit,7
36404,400058652,0,1,35.67809,-88.83044,8,2024-02-24 19:46:00,2024,2,24,19,46,Saturday,19:46,Suspected Serious Injury,Dark-Lighted,Clear,Pedestrian,None,JACKSON POLICE DEPT,Other,Unbelted,-,-,-,-,-,-,Pedestrian,-,-,-,-,-,Madison,Jackson,7
36405,400058654,0,1,36.32497,-86.87401,3,2024-02-24 16:39:00,2024,2,24,16,39,Saturday,16:39,Suspected Serious Injury,Daylight,Clear,Paved Surface-Irregular,None,THP District 3 - Nashville,THP,-,-,-,-,-,-,-,-,-,-,-,Motorcyclist,-,Davidson,Nashville,7
36407,400058665,0,2,36.15601,-83.52059,5,2024-02-24 17:37:00,2024,2,24,17,37,Saturday,17:37,Suspected Serious Injury,Daylight,Cloudy,Motor Vehicle-In-Transport On Same Roadway,None,THP District 5 - Fall Branch,THP,Unbelted,-,-,-,-,-,-,-,-,-,-,-,-,Jefferson,Not in City Limit,7
36427,400058777,0,1,36.26335,-82.01951,5,2024-02-24 00:00:00,2024,2,24,24,0,Saturday,24:00,Suspected Serious Injury,Unknown,Unknown,Embankment Earth,None,CARTER CO SHERIFFS DEPT,Other,Unbelted,-,-,-,-,-,-,-,-,-,-,-,-,Carter,Not in City Limit,7
36435,400058821,0,2,35.14958,-86.55834,7,2024-02-24 13:43:00,2024,2,24,13,43,Saturday,13:43,Suspected Serious Injury,Daylight,Clear,Standing Tree,None,FAYETTEVILLE POLICE DEPT,Other,Unbelted,-,-,-,-,Speeding,-,-,-,-,-,-,-,Lincoln,Fayetteville,7
36437,400058824,1,2,35.53465,-86.45276,7,2024-02-24 15:02:00,2024,2,24,15,2,Saturday,15:02,Fatal,Daylight,Cloudy,Motor Vehicle-In-Transport On Same Roadway,None,SHELBYVILLE POLICE DEPT,Other,Unbelted,-,-,-,-,-,-,-,-,-,-,-,-,Bedford,Shelbyville,7
36440,400058840,0,1,36.33275,-82.26298,5,2024-02-25 14:10:00,2024,2,25,14,10,Sunday,14:10,Suspected Serious Injury,Daylight,Clear,Motor Vehicle-In-Transport On Same Roadway,None,ELIZABETHTON POLICE DEPT,Other,Unbelted,-,-,-,-,-,-,-,-,-,-,Motorcyclist,-,Carter,Elizabethton,1
36450,400058889,0,1,35.46585,-84.51453,2,2024-02-25 17:30:00,2024,2,25,17,30,Sunday,17:30,Suspected Serious Injury,Daylight,Clear,Other Non-Collision,None,THP District 2 - Chattanooga,THP,Unbelted,-,-,-,-,-,-,-,-,-,-,-,-,McMinn,Not in City Limit,1
36455,400058903,0,6,35.33147,-89.5554,4,2024-02-24 13:57:00,2024,2,24,13,57,Saturday,13:57,Suspected Serious Injury,Daylight,Clear,Motor Vehicle-In-Transport On Same Roadway,None,THP District 4 - Memphis,THP,Unbelted,-,Drinking,Drug,-,-,-,-,-,-,-,-,-,Fayette,Not in City Limit,7
36456,400058907,1,2,35.10294,-84.87146,2,2024-02-21 09:15:00,2024,2,21,9,15,Wednesday,09:15,Fatal,Daylight,Clear,Motor Vehicle-In-Transport On Same Roadway,None,THP District 2 - Chattanooga,THP,Unbelted,-,-,-,-,-,-,-,-,-,-,-,-,Bradley,Not in City Limit,4
36462,400058935,1,1,35.97274,-84.62495,1,2024-02-25 19:16:00,2024,2,25,19,16,Sunday,19:16,Fatal,Dark-Not Lighted,Clear,Ditch,None,THP District 1 - Knoxville,THP,Unbelted,-,-,Drug,-,-,-,-,-,-,-,-,-,Morgan,Not in City Limit,1
36474,400058989,0,2,35.17119,-85.17704,2,2024-02-24 02:44:00,2024,2,24,2,44,Saturday,02:44,Suspected Serious Injury,Dark-Lighted,Clear,Motor Vehicle-In-Transport On Same Roadway,None,HAMILTON COUNTY SHERIFF'S OFFICE,Other,Unbelted,-,Drinking,Drug,-,-,-,-,-,-,-,-,-,Hamilton,Not in City Limit,7
36485,400059039,0,3,35.0469,-85.28818,2,2024-02-26 07:58:00,2024,2,26,7,58,Monday,07:58,Suspected Serious Injury,Daylight,Clear,Motor Vehicle-In-Transport On Same Roadway,None,CHATTANOOGA POLICE DEPT,Other,Unbelted,-,-,-,-,-,-,-,-,-,-,-,-,Hamilton,Chattanooga,2
36486,400059048,1,3,36.43911,-82.98936,5,2024-02-26 07:28:00,2024,2,26,7,28,Monday,07:28,Fatal,Daylight,Cloudy,Motor Vehicle-In-Transport On Same Roadway,None,THP District 5 - Fall Branch,THP,Unbelted,-,-,Drug,-,-,-,-,-,-,-,-,Direct,Hawkins,Not in City Limit,2
36492,400059078,0,1,35.45562,-87.6974,7,2024-02-26 10:15:00,2024,2,26,10,15,Monday,10:15,Suspected Serious Injury,Daylight,Clear,Standing Tree,None,THP District 7 - Lawrenceburg,THP,Unbelted,-,-,-,Drowsy,-,-,-,-,-,-,-,-,Wayne,Not in City Limit,2
36495,400059099,0,2,36.14817,-86.02719,6,2024-02-26 05:20:00,2024,2,26,5,20,Monday,05:20,Suspected Serious Injury,Dark-Not Lighted,Clear,Motor Vehicle-In-Transport On Same Roadway,None,THP District 6 - Cookeville,THP,Unbelted,-,Drinking,-,-,-,-,-,-,-,-,-,-,Smith,Not in City Limit,2
36497,400059105,0,1,35.589,-88.059,8,2024-02-25 20:55:00,2024,2,25,20,55,Sunday,20:55,Suspected Serious Injury,Dark-Not Lighted,Clear,Ditch,None,THP District 8 - Jackson,THP,Unbelted,-,-,-,-,-,-,-,-,-,-,-,-,Decatur,Not in City Limit,1
36509,400059163,0,1,35.30405,-84.39003,1,2024-02-26 15:07:00,2024,2,26,15,7,Monday,15:07,Suspected Serious Injury,Daylight,Clear,"Over Turn, Roll Over",None,THP District 1 - Knoxville,THP,-,-,-,-,-,-,-,-,-,-,-,Motorcyclist,-,Monroe,Not in City Limit,2
36514,400059209,1,0,36.22861,-83.29192,5,2024-02-26 18:58:00,2024,2,26,18,58,Monday,18:58,Fatal,Dark-Lighted,Clear,Pedestrian,None,MORRISTOWN POLICE DEPT,Other,Unbelted,-,-,-,-,-,-,Pedestrian,-,-,-,-,-,Hamblen,Morristown,2