OBJECTID,MRN,Fatality,Injury,Latitude,Longitude,THP_District,Collision_Date,Collision_Year,Collision_Month,Collision_Day,Collision_Hour,Collision_Min,Collision_DOW,Collision_Time,Crash_Type,Light_Condition,Weather,First_Harmfu_Event,Work_Zone_Type,Agency_Name,THP,Unbelted,Distracted_Driver,Driver_Drinking,Driver_Drugged,Drowsy_Driver,Speeding_Involved,Pedalcyclist,Pedestrian,Other_Nonmotorist,ATV_Involved,LargeTruck_Involved,Motorcycle_Involved,SchoolBus,County,City,DOW_Nmb
36524,400059257,1,0,35.20093,-84.87519,2,2024-02-24 00:26:00,2024,2,24,0,26,Saturday,00:26,Fatal,Dark-Not Lighted,Clear,"Over Turn, Roll Over",None,THP District 2 - Chattanooga,THP,Unbelted,-,-,-,-,-,-,-,-,-,ATV_Involved,-,-,Bradley,Cleveland,7
36526,400059265,1,0,36.57458,-86.6164,3,2024-02-26 20:38:00,2024,2,26,20,38,Monday,20:38,Fatal,Dark-Not Lighted,Clear,Pedestrian,Construction Zone,THP District 3 - Nashville,THP,Unbelted,-,-,-,-,-,-,Pedestrian,-,-,ATV_Involved,-,-,Robertson,Not in City Limit,2
36532,400059300,0,1,35.57724,-87.32197,7,2024-02-23 21:35:00,2024,2,23,21,35,Friday,21:35,Suspected Serious Injury,Dark-Not Lighted,Clear,Ditch,None,THP District 7 - Lawrenceburg,THP,Unbelted,-,-,Drug,-,-,-,-,-,-,-,-,-,Maury,Not in City Limit,6
36535,400059320,0,1,35.94979,-83.97284,1,2024-02-27 08:03:00,2024,2,27,8,3,Tuesday,08:03,Suspected Serious Injury,Daylight,Rain,Pedestrian,None,KNOXVILLE POLICE DEPT,Other,Unbelted,-,-,-,-,-,-,Pedestrian,-,-,-,-,-,Knox,Knoxville,3
36537,400059327,0,2,35.25467,-85.18253,2,2024-02-27 06:30:00,2024,2,27,6,30,Tuesday,06:30,Suspected Serious Injury,Dark-Lighted,Cloudy,Motor Vehicle-In-Transport On Same Roadway,None,SODDY DAISY POLICE DEPT,Other,Unbelted,Distracted,-,-,-,-,-,-,-,-,-,-,-,Hamilton,Soddy-Daisy,3
36539,400059333,0,1,35.73891,-86.89371,7,2024-02-25 14:32:00,2024,2,25,14,32,Sunday,14:32,Suspected Serious Injury,Daylight,Clear,Motor Vehicle-In-Transport On Same Roadway,None,SPRING HILL POLICE DEPT,Other,Unbelted,Distracted,-,-,-,-,-,-,-,-,-,-,-,Maury,Spring Hill,1
36546,400059365,0,1,36.62468,-86.56908,3,2024-02-27 06:43:00,2024,2,27,6,43,Tuesday,06:43,Suspected Serious Injury,Dawn,Rain,Mail Box,None,PORTLAND POLICE DEPT,Other,Unbelted,-,-,-,-,-,-,-,-,-,-,-,-,Sumner,Portland,3
36548,400059368,0,1,35.37048,-84.31515,1,2024-02-26 10:00:00,2024,2,26,10,0,Monday,10:00,Suspected Serious Injury,Daylight,Clear,Motor Vehicle-In-Transport On Same Roadway,None,THP District 1 - Knoxville,THP,Unbelted,-,-,-,-,-,-,-,-,-,-,-,-,Monroe,Tellico Plains,2
36549,400059369,0,1,36.50442,-87.19002,3,2024-02-22 22:00:00,2024,2,22,22,0,Thursday,22:00,Suspected Serious Injury,Dark-Not Lighted,Rain,Motor Vehicle-In-Transport On Same Roadway,None,THP District 3 - Nashville,THP,Unbelted,-,-,-,-,-,-,-,-,-,-,-,-,Montgomery,Not in City Limit,5
36558,400059424,0,2,35.90068,-89.2494,4,2024-02-21 20:29:00,2024,2,21,20,29,Wednesday,20:29,Suspected Serious Injury,Dark-Not Lighted,Clear,Motor Vehicle-In-Transport On Same Roadway,None,THP District 4 - Memphis,THP,Unbelted,-,Drinking,-,-,-,-,-,-,-,-,-,-,Crockett,Friendship,4
36561,400059455,1,0,36.30356,-82.33695,5,2024-02-27 15:39:00,2024,2,27,15,39,Tuesday,15:39,Fatal,Daylight,Cloudy,Motor Vehicle-In-Transport On Same Roadway,None,THP District 5 - Fall Branch,THP,Unbelted,-,-,-,-,-,-,-,-,-,-,-,-,Washington,Johnson City,3
36565,400059475,1,0,35.3752,-89.75589,4,2024-02-27 14:35:00,2024,2,27,14,35,Tuesday,14:35,Fatal,Daylight,Clear,Motor Vehicle-In-Transport On Same Roadway,None,THP District 4 - Memphis,THP,Unbelted,-,-,-,-,-,-,-,-,-,ATV_Involved,-,-,Shelby,Not in City Limit,3
36586,400059624,0,3,36.0016,-88.44698,8,2024-02-27 17:55:00,2024,2,27,17,55,Tuesday,17:55,Suspected Serious Injury,Dusk,Clear,Motor Vehicle-In-Transport On Same Roadway,None,HUNTINGDON POLICE DEPT,Other,Unbelted,-,-,-,-,-,-,-,-,-,-,-,-,Carroll,Huntingdon,3
36604,400059764,0,1,35.94537,-83.8954,1,2024-02-28 12:27:00,2024,2,28,12,27,Wednesday,12:27,Suspected Serious Injury,Daylight,Rain,Bridge Rail,None,KNOXVILLE POLICE DEPT,Other,Unbelted,-,Drinking,-,-,Speeding,-,-,-,-,-,-,-,Knox,Knoxville,4
36605,400059770,0,4,36.36487,-87.6174,3,2024-02-27 12:41:00,2024,2,27,12,41,Tuesday,12:41,Suspected Serious Injury,Daylight,Clear,Motor Vehicle-In-Transport On Same Roadway,None,THP District 3 - Nashville,THP,Unbelted,-,-,-,-,Speeding,-,-,-,-,-,Motorcyclist,-,Houston,Not in City Limit,3
36606,400059780,0,1,35.78383,-83.98735,1,2024-02-28 13:01:00,2024,2,28,13,1,Wednesday,13:01,Suspected Serious Injury,Daylight,Rain,Standing Tree,None,ALCOA POLICE DEPARTMENT,Other,Unbelted,-,-,-,-,-,-,-,-,-,-,-,-,Blount,Alcoa,4
36611,400059821,1,0,36.0918,-86.99604,3,2024-02-26 22:29:00,2024,2,26,22,29,Monday,22:29,Fatal,Dark-Lighted,Clear,Utility Pole,None,METROPOLITAN NASHVILLE POLICE DEPT,Other,Unbelted,-,Drinking,-,-,Speeding,-,-,-,-,-,-,-,Davidson,Nashville,2
36632,400059919,0,1,35.5842,-84.57672,2,2024-02-28 17:47:00,2024,2,28,17,47,Wednesday,17:47,Suspected Serious Injury,Dark-Not Lighted,Cloudy,Embankment Earth,None,THP District 2 - Chattanooga,THP,Unbelted,-,-,-,-,-,-,-,-,-,-,-,-,McMinn,Not in City Limit,4
36638,400059950,0,1,35.9751,-84.17835,1,2024-02-23 16:14:00,2024,2,23,16,14,Friday,16:14,Suspected Serious Injury,Daylight,Clear,Motor Vehicle-In-Transport On Same Roadway,None,THP District 1 - Knoxville,THP,Unbelted,-,-,-,-,-,-,-,-,-,-,-,-,Knox,Not in City Limit,6
36639,400059953,0,1,36.13672,-85.50242,6,2024-02-28 19:55:00,2024,2,28,19,55,Wednesday,19:55,Suspected Serious Injury,Dark-Lighted,Clear,Motor Vehicle-In-Transport On Same Roadway,None,COOKEVILLE POLICE DEPT,Other,Unbelted,-,-,-,-,-,-,-,-,-,-,-,-,Putnam,Cookeville,4
36641,400059957,0,1,36.3218,-82.85367,5,2024-02-28 21:00:00,2024,2,28,21,0,Wednesday,21:00,Suspected Serious Injury,Dark-Not Lighted,Clear,Standing Tree,None,THP District 5 - Fall Branch,THP,Unbelted,-,Drinking,-,-,Speeding,-,-,-,-,-,-,-,Greene,Not in City Limit,4
36642,400059973,1,0,35.74675,-84.0034,1,2024-02-29 01:37:00,2024,2,29,1,37,Thursday,01:37,Fatal,Dark-Not Lighted,Clear,Standing Tree,None,MARYVILLE POLICE DEPT,Other,Unbelted,-,Drinking,-,-,Speeding,-,-,-,-,-,-,-,Blount,Maryville,5
36646,400059983,0,1,35.95844,-86.81053,3,2024-02-28 18:39:00,2024,2,28,18,39,Wednesday,18:39,Suspected Serious Injury,Dark-Not Lighted,Clear,Wall,None,FRANKLIN POLICE DEPT,Other,Unbelted,-,-,-,-,-,-,-,-,-,-,-,-,Williamson,Franklin,4
36652,400060020,0,1,35.79986,-88.35278,8,2024-02-26 12:01:00,2024,2,26,12,1,Monday,12:01,Suspected Serious Injury,Daylight,Clear,Motor Vehicle-In-Transport On Same Roadway,None,THP District 8 - Jackson,THP,Unbelted,-,-,-,-,-,-,-,-,-,ATV_Involved,-,-,Henderson,Not in City Limit,2
36657,400060043,1,1,35.42407,-88.67061,8,2024-02-28 15:52:00,2024,2,28,15,52,Wednesday,15:52,Fatal,Daylight,Clear,Motor Vehicle-In-Transport On Same Roadway,None,HENDERSON POLICE DEPT,Other,Unbelted,Distracted,-,Drug,-,-,-,-,-,-,-,-,-,Chester,Henderson,4
36662,400060082,0,1,35.61449,-88.90038,8,2024-02-24 16:57:00,2024,2,24,16,57,Saturday,16:57,Suspected Serious Injury,Daylight,Clear,Bridge/Pier Abutment,None,THP District 8 - Jackson,THP,Unbelted,-,-,-,-,-,-,-,-,-,-,-,-,Madison,Not in City Limit,7
36670,400060118,1,0,36.52068,-86.93774,3,2024-02-27 19:04:00,2024,2,27,19,4,Tuesday,19:04,Fatal,Dark-Not Lighted,Clear,Other Non-Fixed Object,None,THP District 3 - Nashville,THP,Unbelted,-,-,-,-,-,-,-,-,-,-,-,-,Robertson,Not in City Limit,3
36683,400060204,0,2,35.92116,-83.86446,1,2024-02-29 18:50:00,2024,2,29,18,50,Thursday,18:50,Suspected Serious Injury,Dark-Lighted,Clear,Motor Vehicle-In-Transport On Same Roadway,None,KNOXVILLE POLICE DEPT,Other,Unbelted,-,-,-,-,-,-,-,-,-,-,-,-,Knox,Knoxville,5
36684,400060207,1,0,35.49774,-86.9119,7,2024-02-28 19:16:00,2024,2,28,19,16,Wednesday,19:16,Fatal,Dark-Not Lighted,Clear,Ditch,None,THP District 7 - Lawrenceburg,THP,Unbelted,-,-,-,-,-,-,-,-,-,-,-,-,Maury,Not in City Limit,4
36685,400060210,0,1,35.36204,-86.21075,2,2024-02-22 00:00:00,2024,2,22,24,0,Thursday,24:00,Suspected Serious Injury,Dark-Lighted,Clear,Pedestrian,None,TULLAHOMA POLICE DEPT,Other,Unbelted,-,-,-,-,-,-,Pedestrian,-,-,-,-,-,Coffee,Tullahoma,5
36691,400060249,0,1,36.05311,-87.05275,3,2024-02-29 00:45:00,2024,2,29,0,45,Thursday,00:45,Suspected Serious Injury,Dark-Not Lighted,Clear,Standing Tree,None,THP District 3 - Nashville,THP,Unbelted,-,Drinking,Drug,-,-,-,-,-,-,-,-,-,Cheatham,Not in City Limit,5
36693,400060272,0,2,36.11845,-83.8703,1,2024-02-24 16:06:00,2024,2,24,16,6,Saturday,16:06,Suspected Serious Injury,Daylight,Clear,Wall,None,THP District 1 - Knoxville,THP,Unbelted,-,-,-,-,-,-,-,-,-,-,-,-,Knox,Not in City Limit,7
36695,400060274,0,3,35.91855,-84.09093,1,2024-02-29 20:55:00,2024,2,29,20,55,Thursday,20:55,Suspected Serious Injury,Dark-Lighted,Clear,Motor Vehicle-In-Transport On Same Roadway,None,KNOXVILLE POLICE DEPT,Other,Unbelted,-,-,-,-,-,-,-,-,-,-,-,-,Knox,Knoxville,5
36714,400060365,0,1,36.11126,-83.33432,5,2024-03-01 06:22:00,2024,3,1,6,22,Friday,06:22,Suspected Serious Injury,Dark-Not Lighted,Clear,Guard Rail End,None,THP District 5 - Fall Branch,THP,Unbelted,-,-,-,-,-,-,-,-,-,-,-,-,Jefferson,White Pine,6
36715,400060368,0,1,35.86062,-83.56595,1,2024-02-29 16:53:00,2024,2,29,16,53,Thursday,16:53,Suspected Serious Injury,Daylight,Clear,Pedal-Cycle,None,SEVIERVILLE POLICE DEPT,Other,Unbelted,-,-,-,-,-,Pedalcyclist,-,-,-,-,-,-,Sevier,Sevierville,5
36717,400060380,0,1,35.17791,-85.0695,2,2024-02-29 10:54:00,2024,2,29,10,54,Thursday,10:54,Suspected Serious Injury,Daylight,Clear,"Over Turn, Roll Over",None,HAMILTON COUNTY SHERIFF'S OFFICE,Other,Unbelted,-,-,-,-,-,-,-,-,-,-,-,-,Hamilton,Not in City Limit,5
36731,400060543,0,3,35.44884,-86.86672,7,2024-02-26 15:20:00,2024,2,26,15,20,Monday,15:20,Suspected Serious Injury,Daylight,Clear,Motor Vehicle-In-Transport On Same Roadway,None,LEWISBURG POLICE DEPT,Other,Unbelted,-,-,-,-,-,-,-,-,-,-,-,-,Marshall,Lewisburg,2
36739,400060611,0,2,36.1416,-85.38494,6,2024-03-01 15:10:00,2024,3,1,15,10,Friday,15:10,Suspected Serious Injury,Daylight,Clear,Motor Vehicle-In-Transport On Same Roadway,None,THP District 6 - Cookeville,THP,Unbelted,-,-,-,-,-,-,-,-,-,-,-,-,Putnam,Not in City Limit,6
36746,400060654,0,1,35.96627,-83.92154,1,2024-03-01 19:42:00,2024,3,1,19,42,Friday,19:42,Suspected Serious Injury,Dark-Lighted,Clear,Pedestrian,None,KNOXVILLE POLICE DEPT,Other,Unbelted,-,-,-,-,-,-,Pedestrian,-,-,-,-,-,Knox,Knoxville,6
36752,400060671,0,1,36.03283,-84.88219,6,2024-03-01 00:00:00,2024,3,1,24,0,Friday,24:00,Suspected Serious Injury,Dark-Not Lighted,Rain,"Over Turn, Roll Over",None,FAIRFIELD GLADE POLICE DEPT,Other,Unbelted,-,Drinking,-,-,-,-,-,-,-,-,-,-,Cumberland,Fairfield Glade,6
36764,400060728,0,6,36.14165,-85.38248,6,2024-03-01 20:43:00,2024,3,1,20,43,Friday,20:43,Suspected Serious Injury,Dark-Not Lighted,Cloudy,Parked Motor Vehicle,None,THP District 6 - Cookeville,THP,Unbelted,-,-,-,-,-,-,-,-,-,ATV_Involved,-,-,Putnam,Not in City Limit,6
36775,400060764,0,1,35.89972,-86.83322,3,2024-03-02 00:25:00,2024,3,2,0,25,Saturday,00:25,Suspected Serious Injury,Dark-Not Lighted,Rain,Ditch,None,FRANKLIN POLICE DEPT,Other,Unbelted,Distracted,Drinking,-,-,-,-,-,-,-,-,-,-,Williamson,Franklin,7
36785,400060816,0,1,35.31809,-85.16111,2,2024-02-26 12:46:00,2024,2,26,12,46,Monday,12:46,Suspected Serious Injury,Daylight,Clear,Motor Vehicle-In-Transport On Same Roadway,None,THP District 2 - Chattanooga,THP,Unbelted,Distracted,-,-,-,-,-,-,-,-,ATV_Involved,-,-,Hamilton,Not in City Limit,2
36795,400060885,0,2,35.97183,-83.60376,1,2024-03-02 15:13:00,2024,3,2,15,13,Saturday,15:13,Suspected Serious Injury,Daylight,Cloudy,Motor Vehicle-In-Transport On Same Roadway,None,SEVIERVILLE POLICE DEPT,Other,Unbelted,-,-,-,-,-,-,-,-,-,-,-,-,Sevier,Sevierville,7
36807,400060976,0,1,36.15907,-86.788,3,2024-03-02 00:00:00,2024,3,2,24,0,Saturday,24:00,Suspected Serious Injury,Dark-Lighted,Clear,Pedestrian,None,METROPOLITAN NASHVILLE POLICE DEPT,Other,Unbelted,-,-,-,-,-,-,Pedestrian,-,-,-,-,-,Davidson,Nashville,7
36824,400061048,0,1,35.126,-86.56597,7,2024-03-02 16:50:00,2024,3,2,16,50,Saturday,16:50,Suspected Serious Injury,Daylight,Clear,Motor Vehicle-In-Transport On Same Roadway,None,FAYETTEVILLE POLICE DEPT,Other,Unbelted,-,-,-,-,-,-,-,-,-,-,Motorcyclist,-,Lincoln,Fayetteville,7
36828,400061067,1,1,35.99928,-84.08929,1,2024-03-03 05:57:00,2024,3,3,5,57,Sunday,05:57,Fatal,Dark-Lighted,Clear,Motor Vehicle-In-Transport On Same Roadway,None,THP District 1 - Knoxville,THP,Unbelted,-,-,Drug,-,Speeding,-,-,-,-,-,Motorcyclist,-,Knox,Not in City Limit,1
36830,400061077,0,2,35.30749,-84.96778,2,2024-03-03 10:33:00,2024,3,3,10,33,Sunday,10:33,Suspected Serious Injury,Daylight,Cloudy,"Over Turn, Roll Over",None,HAMILTON COUNTY SHERIFF'S OFFICE,Other,Unbelted,-,-,-,-,-,-,-,-,-,-,-,-,Hamilton,Not in City Limit,1
36831,400061078,0,1,35.88316,-84.81441,6,2024-03-03 09:20:00,2024,3,3,9,20,Sunday,09:20,Suspected Serious Injury,Daylight,Cloudy,"Over Turn, Roll Over",None,THP District 6 - Cookeville,THP,Unbelted,Distracted,-,-,-,Speeding,-,-,-,-,ATV_Involved,-,-,Cumberland,Not in City Limit,1
36837,400061129,0,1,36.11095,-82.37053,5,2024-03-03 13:35:00,2024,3,3,13,35,Sunday,13:35,Suspected Serious Injury,Daylight,Clear,Guard Rail Face,None,THP District 5 - Fall Branch,THP,-,-,-,-,-,-,-,-,-,-,-,Motorcyclist,-,Unicoi,Not in City Limit,1
36838,400061137,0,1,35.8548,-86.40069,3,2024-03-03 14:22:00,2024,3,3,14,22,Sunday,14:22,Suspected Serious Injury,Daylight,Clear,Other Non-Collision,None,MURFREESBORO POLICE DEPT,Other,Unbelted,-,-,-,-,-,-,-,-,-,-,-,-,Rutherford,Murfreesboro,1
36852,400061218,0,3,36.54103,-87.60895,3,2024-03-03 15:38:00,2024,3,3,15,38,Sunday,15:38,Suspected Serious Injury,Daylight,Clear,Motor Vehicle-In-Transport On Same Roadway,None,THP District 3 - Nashville,THP,Unbelted,-,-,-,-,-,-,-,-,-,-,-,-,Montgomery,Not in City Limit,1
36856,400061225,0,2,36.2315,-86.4989,3,2024-03-02 20:14:00,2024,3,2,20,14,Saturday,20:14,Suspected Serious Injury,Dark-Not Lighted,Cloudy,Motor Vehicle-In-Transport On Same Roadway,None,THP District 3 - Nashville,THP,Unbelted,-,-,-,-,-,-,-,-,-,-,-,-,Wilson,Mount Juliet,7
36858,400061236,0,1,35.38579,-89.46196,4,2024-03-03 20:40:00,2024,3,3,20,40,Sunday,20:40,Suspected Serious Injury,Dark-Not Lighted,Clear,Ditch,None,THP District 4 - Memphis,THP,Unbelted,-,-,-,-,-,-,-,-,-,-,-,-,Fayette,Not in City Limit,1
36866,400061271,0,1,35.4943,-87.23418,7,2024-03-02 04:30:00,2024,3,2,4,30,Saturday,04:30,Suspected Serious Injury,Dark-Not Lighted,Clear,Utility Pole,None,THP District 7 - Lawrenceburg,THP,Unbelted,-,-,-,-,-,-,-,-,-,-,-,-,Maury,Not in City Limit,7
36868,400061273,0,1,35.64907,-88.81611,8,2024-03-03 05:20:00,2024,3,3,5,20,Sunday,05:20,Suspected Serious Injury,Dark-Lighted,Clear,Fire Hydrant,None,JACKSON POLICE DEPT,Other,Unbelted,-,-,-,-,-,-,-,-,-,-,-,-,Madison,Jackson,1
36869,400061276,0,1,36.3456,-87.18595,3,2024-03-02 00:00:00,2024,3,2,24,0,Saturday,24:00,Suspected Serious Injury,Daylight,Clear,Fence,None,CHEATHAM CO SHERIFFS OFFICE,Other,Unbelted,-,Drinking,-,-,Speeding,-,-,-,-,-,-,-,Cheatham,Not in City Limit,7
36870,400061278,1,0,35.64266,-86.90378,7,2024-03-02 00:00:00,2024,3,2,24,0,Saturday,24:00,Fatal,Dark-Lighted,Clear,Pedestrian,None,COLUMBIA POLICE DEPT,Other,Unbelted,-,-,-,-,-,-,Pedestrian,-,-,-,-,-,Maury,Columbia,7
36871,400061283,0,1,35.60724,-88.39561,8,2024-03-04 04:40:00,2024,3,4,4,40,Monday,04:40,Suspected Serious Injury,Dark-Not Lighted,Clear,Mail Box,None,THP District 8 - Jackson,THP,Unbelted,-,-,-,-,-,-,-,-,-,-,-,-,Henderson,Not in City Limit,2
36877,400061311,0,2,36.13448,-82.88262,5,2024-03-04 06:26:00,2024,3,4,6,26,Monday,06:26,Suspected Serious Injury,Dawn,Clear,Utility Pole,None,THP District 5 - Fall Branch,THP,Unbelted,-,-,Drug,-,-,-,-,-,-,-,-,-,Greene,Not in City Limit,2
36888,400061370,1,0,35.70104,-85.78781,6,2024-03-04 05:10:00,2024,3,4,5,10,Monday,05:10,Fatal,Dark-Lighted,Clear,Pedestrian,None,MCMINNVILLE POLICE DEPT,Other,Unbelted,-,-,Drug,-,-,-,Pedestrian,-,-,-,-,-,Warren,McMinnville,2
36889,400061376,0,1,36.47034,-82.24882,5,2024-03-04 08:09:00,2024,3,4,8,9,Monday,08:09,Suspected Serious Injury,Daylight,Clear,Utility Pole,None,THP District 5 - Fall Branch,THP,Unbelted,Distracted,-,-,-,-,-,-,-,-,-,-,-,Sullivan,Not in City Limit,2
36890,400061381,0,1,36.11147,-85.74995,6,2024-03-04 06:41:00,2024,3,4,6,41,Monday,06:41,Suspected Serious Injury,Daylight,Clear,Ditch,None,PUTNAM COUNTY SHERIFF'S OFFICE,Other,Unbelted,-,-,-,-,-,-,-,-,-,-,-,-,Putnam,Not in City Limit,2
36893,400061390,1,0,36.38017,-84.93076,6,2024-02-29 17:15:00,2024,2,29,17,15,Thursday,17:15,Fatal,Dark-Not Lighted,Clear,Standing Tree,None,THP District 6 - Cookeville,THP,Unbelted,-,-,-,-,-,-,-,-,-,-,-,-,Fentress,Not in City Limit,5
36896,400061416,0,1,35.19839,-87.03694,7,2024-03-04 11:58:00,2024,3,4,11,58,Monday,11:58,Suspected Serious Injury,Daylight,Clear,Pedestrian,None,PULASKI POLICE DEPT,Other,Unbelted,-,-,-,-,-,-,Pedestrian,-,-,-,-,-,Giles,Pulaski,2
36905,400061440,0,1,35.82397,-83.27329,1,2024-03-04 00:00:00,2024,3,4,24,0,Monday,24:00,Suspected Serious Injury,Daylight,Clear,"Over Turn, Roll Over",None,SEVIER CO SHERIFFS OFFICE,Other,Unbelted,-,-,-,-,-,-,-,-,-,-,-,-,Sevier,Not in City Limit,2
36909,400061476,1,0,35.27111,-89.98399,4,2024-03-03 19:29:00,2024,3,3,19,29,Sunday,19:29,Fatal,Dark-Not Lighted,Clear,Pedestrian,None,THP District 4 - Memphis,THP,Unbelted,-,-,-,-,-,-,Pedestrian,-,-,-,-,-,Shelby,Not in City Limit,1
36911,400061511,1,2,35.77598,-89.13069,4,2024-03-03 15:06:00,2024,3,3,15,6,Sunday,15:06,Fatal,Daylight,Clear,Motor Vehicle-In-Transport On Same Roadway,None,THP District 4 - Memphis,THP,Unbelted,-,-,-,-,-,-,-,-,-,-,-,-,Crockett,Not in City Limit,1
36914,400061523,0,2,35.23002,-85.20955,2,2024-03-04 00:00:00,2024,3,4,24,0,Monday,24:00,Suspected Serious Injury,Daylight,Clear,Motor Vehicle-In-Transport On Same Roadway,None,SODDY DAISY POLICE DEPT,Other,Unbelted,-,-,-,-,-,-,-,-,-,-,-,-,Hamilton,Soddy-Daisy,2
36918,400061543,0,1,35.9288,-89.08306,8,2024-03-02 00:00:00,2024,3,2,24,0,Saturday,24:00,Suspected Serious Injury,Dark-Not Lighted,Clear,Standing Tree,None,THP District 8 - Jackson,THP,Unbelted,-,-,Drug,-,-,-,-,-,-,-,-,-,Gibson,Not in City Limit,7
36924,400061555,1,1,35.28974,-89.61396,4,2024-03-04 14:55:00,2024,3,4,14,55,Monday,14:55,Fatal,Daylight,Clear,Embankment Earth,None,THP District 4 - Memphis,THP,Unbelted,-,-,-,-,-,-,-,-,-,ATV_Involved,-,-,Fayette,Gallaway,2
36931,400061582,0,2,36.36885,-81.98548,5,2024-03-04 03:04:00,2024,3,4,3,4,Monday,03:04,Suspected Serious Injury,Dark-Not Lighted,Clear,Ditch,None,JOHNSON CO SHERIFFS DEPT,Other,Unbelted,-,-,-,-,-,-,-,-,-,-,-,-,Johnson,Not in City Limit,2
36938,400061601,0,1,36.57941,-83.55916,5,2024-02-29 17:30:00,2024,2,29,17,30,Thursday,17:30,Suspected Serious Injury,Daylight,Clear,Embankment Earth,None,THP District 5 - Fall Branch,THP,-,-,-,-,-,-,-,-,-,-,-,Motorcyclist,-,Claiborne,Not in City Limit,5
36941,400061607,0,5,36.4323,-82.45647,5,2024-03-03 22:31:00,2024,3,3,22,31,Sunday,22:31,Suspected Serious Injury,Dark-Not Lighted,Clear,Motor Vehicle-In-Transport On Same Roadway,None,THP District 5 - Fall Branch,THP,Unbelted,-,Drinking,Drug,-,-,-,-,-,-,-,Motorcyclist,-,Washington,Not in City Limit,1
36954,400061662,0,4,35.21606,-85.18664,2,2024-03-04 11:20:00,2024,3,4,11,20,Monday,11:20,Suspected Serious Injury,Daylight,Clear,Motor Vehicle-In-Transport On Same Roadway,None,SODDY DAISY POLICE DEPT,Other,Unbelted,-,-,-,-,-,-,-,-,-,-,-,-,Hamilton,Soddy-Daisy,2
36956,400061675,1,1,36.13497,-83.91338,1,2024-03-05 06:32:00,2024,3,5,6,32,Tuesday,06:32,Fatal,Dawn,Clear,Motor Vehicle-In-Transport On Same Roadway,None,THP District 1 - Knoxville,THP,Unbelted,-,-,-,-,-,-,-,-,-,-,-,-,Knox,Not in City Limit,3
36966,400061736,0,1,35.38989,-86.17488,2,2024-03-05 09:17:00,2024,3,5,9,17,Tuesday,09:17,Suspected Serious Injury,Daylight,Rain,Ditch,None,THP District 2 - Chattanooga,THP,Unbelted,-,-,-,-,Speeding,-,-,-,-,-,-,-,Coffee,Not in City Limit,3
36969,400061757,0,1,35.77551,-83.25537,5,2024-03-05 09:10:00,2024,3,5,9,10,Tuesday,09:10,Suspected Serious Injury,Daylight,Clear,Guard Rail End,None,THP District 5 - Fall Branch,THP,Unbelted,-,-,-,-,-,-,-,-,-,-,-,-,Cocke,Not in City Limit,3
36980,400061801,0,2,35.98286,-83.80788,1,2024-03-05 12:05:00,2024,3,5,12,5,Tuesday,12:05,Suspected Serious Injury,Daylight,Clear,Motor Vehicle-In-Transport On Same Roadway,None,KNOX CO SHERIFFS OFFICE,Other,Unbelted,-,-,-,-,-,-,-,-,-,-,-,-,Knox,Not in City Limit,3
36990,400061854,0,5,35.92552,-84.05766,1,2024-03-05 13:31:00,2024,3,5,13,31,Tuesday,13:31,Suspected Serious Injury,Daylight,Clear,Motor Vehicle-In-Transport On Same Roadway,None,KNOXVILLE POLICE DEPT,Other,Unbelted,-,-,-,-,-,-,-,-,-,-,-,-,Knox,Knoxville,3
36997,400061923,1,2,36.09785,-86.70952,3,2024-03-02 03:37:00,2024,3,2,3,37,Saturday,03:37,Fatal,Dark-Not Lighted,Rain,Motor Vehicle-In-Transport On Same Roadway,None,METROPOLITAN NASHVILLE POLICE DEPT,Other,Unbelted,-,Drinking,Drug,-,Speeding,-,-,-,-,-,-,-,Davidson,Nashville,7
36998,400061935,0,1,35.84179,-83.22573,5,2024-03-05 00:00:00,2024,3,5,24,0,Tuesday,24:00,Suspected Serious Injury,Daylight,Clear,Embankment Earth,None,COCKE CO SHERIFFS DEPT,Other,Unbelted,-,-,-,Drowsy,-,-,-,-,-,-,-,-,Cocke,Not in City Limit,3
37001,400061960,0,1,35.76383,-87.78463,7,2024-03-03 20:09:00,2024,3,3,20,9,Sunday,20:09,Suspected Serious Injury,Dark-Not Lighted,Clear,Ditch,None,THP District 7 - Lawrenceburg,THP,-,-,-,-,-,Speeding,-,-,-,-,-,Motorcyclist,-,Perry,Lobelville,1
37002,400061961,1,0,36.00005,-86.56186,3,2024-03-05 15:52:00,2024,3,5,15,52,Tuesday,15:52,Fatal,Daylight,Rain,Guard Rail End,None,THP District 3 - Nashville,THP,Unbelted,Distracted,-,Drug,-,-,-,-,-,-,-,-,-,Rutherford,Lavergne,3
37006,400061982,0,1,35.06355,-85.31027,2,2024-03-05 18:48:00,2024,3,5,18,48,Tuesday,18:48,Suspected Serious Injury,Dark-Lighted,Rain,Pedestrian,None,CHATTANOOGA POLICE DEPT,Other,Unbelted,-,-,-,-,-,-,Pedestrian,-,-,-,-,-,Hamilton,Chattanooga,3
37014,400062014,1,0,36.48553,-86.88448,3,2024-03-05 18:34:00,2024,3,5,18,34,Tuesday,18:34,Fatal,Dusk,Cloudy,Pedestrian,None,THP District 3 - Nashville,THP,Unbelted,-,-,-,-,-,-,Pedestrian,-,-,-,-,-,Robertson,Springfield,3