OBJECTID,MRN,Fatality,Injury,Latitude,Longitude,THP_District,Collision_Date,Collision_Year,Collision_Month,Collision_Day,Collision_Hour,Collision_Min,Collision_DOW,Collision_Time,Crash_Type,Light_Condition,Weather,First_Harmfu_Event,Work_Zone_Type,Agency_Name,THP,Unbelted,Distracted_Driver,Driver_Drinking,Driver_Drugged,Drowsy_Driver,Speeding_Involved,Pedalcyclist,Pedestrian,Other_Nonmotorist,ATV_Involved,LargeTruck_Involved,Motorcycle_Involved,SchoolBus,County,City,DOW_Nmb
37017,400062022,0,1,35.48412,-86.45221,7,2024-03-05 17:39:00,2024,3,5,17,39,Tuesday,17:39,Suspected Serious Injury,Dusk,Cloudy,Motor Vehicle-In-Transport On Same Roadway,None,SHELBYVILLE POLICE DEPT,Other,Unbelted,-,-,-,-,Speeding,-,-,-,-,-,-,-,Bedford,Shelbyville,3
37032,400062122,0,1,35.89906,-84.02582,1,2024-03-03 16:53:00,2024,3,3,16,53,Sunday,16:53,Suspected Serious Injury,Daylight,Clear,Motor Vehicle-In-Transport On Same Roadway,None,KNOXVILLE POLICE DEPT,Other,Unbelted,-,-,-,-,-,-,-,-,-,-,-,-,Knox,Knoxville,1
37033,400062136,1,1,35.75212,-87.47005,7,2024-03-05 12:55:00,2024,3,5,12,55,Tuesday,12:55,Fatal,Daylight,Rain,Motor Vehicle-In-Transport On Same Roadway,None,THP District 7 - Lawrenceburg,THP,Unbelted,-,Drinking,Drug,-,-,-,-,-,-,ATV_Involved,-,-,Hickman,Not in City Limit,3
37040,400062172,1,3,35.35764,-86.07415,2,2024-03-06 06:53:00,2024,3,6,6,53,Wednesday,06:53,Fatal,Daylight,Rain,Motor Vehicle-In-Transport On Same Roadway,None,THP District 2 - Chattanooga,THP,Unbelted,Distracted,-,-,-,Speeding,-,-,-,-,-,-,-,Coffee,Arnold AFB,4
37045,400062204,0,1,35.51152,-88.75212,8,2024-03-06 07:17:00,2024,3,6,7,17,Wednesday,07:17,Suspected Serious Injury,Daylight,Fog,Standing Tree,None,THP District 8 - Jackson,THP,Unbelted,-,-,-,-,-,-,-,-,-,-,-,-,Madison,Not in City Limit,4
37049,400062240,1,1,36.25575,-83.28002,5,2024-03-06 08:47:00,2024,3,6,8,47,Wednesday,08:47,Fatal,Daylight,Rain,Motor Vehicle-In-Transport On Same Roadway,None,MORRISTOWN POLICE DEPT,Other,Unbelted,-,-,-,-,-,-,-,-,-,-,-,-,Hamblen,Morristown,4
37051,400062250,0,2,35.62775,-84.48557,1,2024-03-06 12:35:00,2024,3,6,12,35,Wednesday,12:35,Suspected Serious Injury,Daylight,Rain,Standing Tree,None,THP District 1 - Knoxville,THP,Unbelted,-,-,-,-,Speeding,-,-,-,-,-,-,-,Monroe,Not in City Limit,4
37064,400062302,0,2,35.15028,-86.5733,7,2024-03-06 11:31:00,2024,3,6,11,31,Wednesday,11:31,Suspected Serious Injury,Daylight,Cloudy,Utility Pole,None,FAYETTEVILLE POLICE DEPT,Other,Unbelted,-,-,-,-,-,-,-,-,-,-,-,-,Lincoln,Fayetteville,4
37067,400062318,0,2,35.46294,-86.00884,2,2024-03-05 17:09:00,2024,3,5,17,9,Tuesday,17:09,Suspected Serious Injury,Daylight,Rain,Motor Vehicle-In-Transport On Same Roadway,None,THP District 2 - Chattanooga,THP,Unbelted,-,-,-,-,-,-,-,-,-,-,-,-,Coffee,Manchester,3
37078,400062371,0,1,35.84422,-85.96009,6,2024-03-06 16:30:00,2024,3,6,16,30,Wednesday,16:30,Suspected Serious Injury,Daylight,Cloudy,Bridge/Parapet End,None,THP District 6 - Cookeville,THP,Unbelted,-,Drinking,-,-,-,-,-,-,-,-,-,-,Cannon,Not in City Limit,4
37079,400062373,0,1,35.98502,-83.15634,5,2024-03-05 18:29:00,2024,3,5,18,29,Tuesday,18:29,Suspected Serious Injury,Dusk,Cloudy,Embankment Material Unknown,Construction Zone,THP District 5 - Fall Branch,THP,-,-,Drinking,Drug,-,Speeding,-,-,-,-,-,Motorcyclist,-,Cocke,Not in City Limit,3
37102,400062500,0,1,36.07726,-86.02253,6,2024-03-06 10:32:00,2024,3,6,10,32,Wednesday,10:32,Suspected Serious Injury,Daylight,Cloudy,Motor Vehicle-In-Transport On Same Roadway,None,THP District 6 - Cookeville,THP,Unbelted,-,-,-,-,-,-,-,-,-,-,-,-,DeKalb,Alexandria,4
37115,400062569,1,1,35.46312,-85.32658,2,2024-03-06 16:40:00,2024,3,6,16,40,Wednesday,16:40,Fatal,Daylight,Cloudy,Motor Vehicle-In-Transport On Same Roadway,None,THP District 2 - Chattanooga,THP,Unbelted,-,-,-,-,-,-,-,-,-,ATV_Involved,-,-,Bledsoe,Not in City Limit,4
37140,400062709,0,3,35.95858,-83.90026,1,2024-03-07 15:37:00,2024,3,7,15,37,Thursday,15:37,Suspected Serious Injury,Daylight,Clear,Motor Vehicle-In-Transport On Same Roadway,None,KNOXVILLE POLICE DEPT,Other,Unbelted,-,-,-,-,Speeding,-,-,-,-,-,-,-,Knox,Knoxville,5
37146,400062727,0,3,35.80625,-86.15079,6,2024-03-07 14:10:00,2024,3,7,14,10,Thursday,14:10,Suspected Serious Injury,Daylight,Clear,Motor Vehicle-In-Transport On Same Roadway,None,THP District 6 - Cookeville,THP,Unbelted,-,-,-,-,-,-,-,-,-,-,-,-,Cannon,Not in City Limit,5
37150,400062777,0,2,35.22001,-88.79492,4,2024-03-06 19:04:00,2024,3,6,19,4,Wednesday,19:04,Suspected Serious Injury,Dark-Not Lighted,Clear,Motor Vehicle-In-Transport On Same Roadway,None,THP District 4 - Memphis,THP,Unbelted,-,-,-,-,-,-,-,-,-,-,-,-,Hardeman,Not in City Limit,4
37152,400062783,0,1,36.54904,-85.16607,6,2024-03-07 15:20:00,2024,3,7,15,20,Thursday,15:20,Suspected Serious Injury,Daylight,Cloudy,Motor Vehicle-In-Transport On Same Roadway,None,THP District 6 - Cookeville,THP,Unbelted,Distracted,-,-,-,-,-,-,-,-,-,-,-,Pickett,Not in City Limit,5
37157,400062803,0,1,35.24349,-89.35803,4,2024-03-03 12:29:00,2024,3,3,12,29,Sunday,12:29,Suspected Serious Injury,Daylight,Clear,Motor Vehicle-In-Transport On Same Roadway,None,THP District 4 - Memphis,THP,Unbelted,-,-,-,-,Speeding,-,-,-,-,-,Motorcyclist,-,Fayette,Somerville,1
37163,400062831,0,2,35.68965,-88.51942,8,2024-03-07 19:14:00,2024,3,7,19,14,Thursday,19:14,Suspected Serious Injury,Dark-Lighted,Clear,Highway Traffic Sign Post,None,THP District 8 - Jackson,THP,Unbelted,-,-,Drug,-,-,-,-,-,-,-,-,-,Henderson,Not in City Limit,5
37164,400062834,1,0,35.62864,-86.12242,2,2024-03-06 23:19:00,2024,3,6,23,19,Wednesday,23:19,Fatal,Dark-Not Lighted,Rain,Ditch,None,THP District 2 - Chattanooga,THP,Unbelted,-,-,-,-,-,-,-,-,-,-,-,-,Coffee,Not in City Limit,4
37179,400062908,0,1,35.93742,-89.41577,4,2024-03-08 05:51:00,2024,3,8,5,51,Friday,05:51,Suspected Serious Injury,Dusk,Rain,Culvert,None,THP District 4 - Memphis,THP,Unbelted,-,-,-,-,-,-,-,-,-,-,-,-,Lauderdale,Not in City Limit,6
37181,400062924,0,1,36.12988,-84.031,1,2024-03-07 10:01:00,2024,3,7,10,1,Thursday,10:01,Suspected Serious Injury,Daylight,Cloudy,Ditch,None,THP District 1 - Knoxville,THP,Unbelted,-,-,-,-,-,-,-,-,-,-,-,-,Anderson,Not in City Limit,5
37188,400063040,0,1,35.81767,-88.23861,8,2024-03-08 09:25:00,2024,3,8,9,25,Friday,09:25,Suspected Serious Injury,Daylight,Cloudy,Fell/Jumped From Vehicle,None,THP District 8 - Jackson,THP,Unbelted,-,-,-,-,-,-,-,-,-,-,-,-,Henderson,Not in City Limit,6
37199,400063100,1,0,36.42368,-83.47413,5,2024-03-05 12:52:00,2024,3,5,12,52,Tuesday,12:52,Fatal,Daylight,Clear,Utility Pole,None,THP District 5 - Fall Branch,THP,Unbelted,-,-,Drug,-,-,-,-,-,-,-,-,-,Claiborne,Not in City Limit,3
37204,400063121,0,4,35.20508,-89.72028,4,2024-03-08 07:36:00,2024,3,8,7,36,Friday,07:36,Suspected Serious Injury,Dark-Lighted,Clear,Motor Vehicle-In-Transport On Same Roadway,None,THP District 4 - Memphis,THP,Unbelted,-,-,-,-,-,-,-,-,-,-,-,-,Shelby,Memphis,6
37213,400063168,0,5,35.40716,-86.88006,7,2024-03-07 23:20:00,2024,3,7,23,20,Thursday,23:20,Suspected Serious Injury,Dark-Not Lighted,Cloudy,Motor Vehicle-In-Transport On Same Roadway,None,THP District 7 - Lawrenceburg,THP,Unbelted,-,-,-,-,-,-,-,-,-,-,-,-,Marshall,Not in City Limit,5
37222,400063220,0,4,35.93212,-86.40817,3,2024-03-07 19:30:00,2024,3,7,19,30,Thursday,19:30,Suspected Serious Injury,Dark-Not Lighted,Clear,Motor Vehicle-In-Transport On Same Roadway,None,RUTHERFORD CO SHERIFFS DEPT,Other,Unbelted,-,Drinking,-,-,-,-,-,-,-,-,-,-,Rutherford,Not in City Limit,5
37243,400063365,0,1,36.34505,-86.67747,3,2024-03-07 18:39:00,2024,3,7,18,39,Thursday,18:39,Suspected Serious Injury,Dark-Lighted,Clear,Fell/Jumped From Vehicle,None,GOODLETTSVILLE POLICE DEPT,Other,-,-,-,-,-,Speeding,-,-,-,-,-,Motorcyclist,-,Sumner,Not in City Limit,5
37246,400063378,0,2,36.28637,-86.74517,3,2024-03-08 14:06:00,2024,3,8,14,6,Friday,14:06,Suspected Serious Injury,Daylight,Cloudy,Motor Vehicle-In-Transport On Same Roadway,None,METROPOLITAN NASHVILLE POLICE DEPT,Other,Unbelted,-,Drinking,Drug,-,-,-,-,-,-,-,-,-,Davidson,Nashville,6
37249,400063387,0,1,36.31279,-83.30814,5,2024-03-09 00:00:00,2024,3,9,24,0,Saturday,24:00,Suspected Serious Injury,Dark-Not Lighted,Cloudy,Mail Box,None,THP District 5 - Fall Branch,THP,Unbelted,-,-,-,-,-,-,-,-,-,-,-,-,Grainger,Not in City Limit,7
37251,400063423,0,1,35.55612,-88.84855,8,2024-03-09 09:02:00,2024,3,9,9,2,Saturday,09:02,Suspected Serious Injury,Daylight,Cloudy,Embankment Earth,None,MADISON CO SHERIFFS DEPT,Other,Unbelted,-,-,-,-,-,-,-,-,-,-,-,-,Madison,Not in City Limit,7
37254,400063447,0,2,36.05419,-89.40292,8,2024-03-09 13:00:00,2024,3,9,13,0,Saturday,13:00,Suspected Serious Injury,Daylight,Rain,Motor Vehicle-In-Transport On Same Roadway,None,DYERSBURG POLICE DEPT,Other,Unbelted,-,-,-,-,Speeding,-,-,-,-,-,-,-,Dyer,Dyersburg,7
37259,400063496,1,1,36.51832,-82.40682,5,2024-03-08 21:06:00,2024,3,8,21,6,Friday,21:06,Fatal,Dark-Not Lighted,Rain,Motor Vehicle-In-Transport On Same Roadway,None,THP District 5 - Fall Branch,THP,Unbelted,-,-,Drug,-,-,-,-,-,-,ATV_Involved,-,-,Sullivan,Kingsport,6
37272,400063555,0,1,35.794,-85.792,6,2024-03-09 19:15:00,2024,3,9,19,15,Saturday,19:15,Suspected Serious Injury,Dark-Not Lighted,Cloudy,"Over Turn, Roll Over",None,THP District 6 - Cookeville,THP,Unbelted,-,-,-,-,-,-,-,-,-,-,-,-,Warren,Not in City Limit,7
37275,400063565,1,0,35.14607,-85.2493,2,2024-03-09 12:35:00,2024,3,9,12,35,Saturday,12:35,Fatal,Daylight,Clear,Motor Vehicle-In-Transport On Same Roadway,None,CHATTANOOGA POLICE DEPT,Other,Unbelted,-,-,-,-,-,-,-,-,-,-,Motorcyclist,-,Hamilton,Chattanooga,7
37276,400063567,1,0,35.08284,-85.05849,2,2024-03-09 16:23:00,2024,3,9,16,23,Saturday,16:23,Fatal,Daylight,Cloudy,Motor Vehicle-In-Transport On Same Roadway,None,CHATTANOOGA POLICE DEPT,Other,Unbelted,-,Drinking,Drug,-,-,-,-,-,-,-,Motorcyclist,-,Hamilton,Chattanooga,7
37277,400063590,0,4,35.86453,-84.39087,1,2024-03-09 21:51:00,2024,3,9,21,51,Saturday,21:51,Suspected Serious Injury,Dark-Not Lighted,Rain,Cable Barrier,None,THP District 1 - Knoxville,THP,Unbelted,-,-,-,-,-,-,-,-,-,-,-,-,Roane,Not in City Limit,7
37279,400063602,0,1,35.0615,-84.80817,2,2024-03-10 01:13:00,2024,3,10,1,13,Sunday,01:13,Suspected Serious Injury,Dark-Not Lighted,Clear,Utility Pole,None,THP District 2 - Chattanooga,THP,Unbelted,-,-,-,Drowsy,-,-,-,-,-,-,-,-,Bradley,Not in City Limit,1
37284,400063641,0,1,36.14971,-83.77842,1,2024-03-04 11:24:00,2024,3,4,11,24,Monday,11:24,Suspected Serious Injury,Daylight,Clear,Motor Vehicle-In-Transport On Same Roadway,None,THP District 1 - Knoxville,THP,Unbelted,-,-,-,-,-,-,-,-,-,-,-,-,Knox,Not in City Limit,2
37295,400063676,0,1,36.14289,-88.48534,8,2024-03-09 14:17:00,2024,3,9,14,17,Saturday,14:17,Suspected Serious Injury,Daylight,Clear,Embankment Earth,None,MCKENZIE POLICE DEPT,Other,Unbelted,-,-,-,Drowsy,-,-,-,-,-,-,-,-,Carroll,McKenzie,7
37296,400063681,0,1,35.53641,-84.57867,2,2024-03-10 09:20:00,2024,3,10,9,20,Sunday,09:20,Suspected Serious Injury,Daylight,Clear,Standing Tree,None,THP District 2 - Chattanooga,THP,Unbelted,-,-,-,-,-,-,-,-,-,-,-,-,McMinn,Not in City Limit,1
37298,400063688,0,2,35.05801,-85.31648,2,2024-03-10 11:00:00,2024,3,10,11,0,Sunday,11:00,Suspected Serious Injury,Daylight,Clear,Concrete Traffic Barrier,None,CHATTANOOGA POLICE DEPT,Other,Unbelted,-,-,-,-,-,-,-,-,-,-,-,-,Hamilton,Chattanooga,1
37302,400063708,0,5,35.95093,-83.91438,1,2024-03-10 12:45:00,2024,3,10,12,45,Sunday,12:45,Suspected Serious Injury,Daylight,Clear,Motor Vehicle-In-Transport On Same Roadway,None,KNOXVILLE POLICE DEPT,Other,Unbelted,-,-,-,-,-,-,-,-,-,-,-,-,Knox,Knoxville,1
37304,400063716,0,3,35.42248,-88.67378,8,2024-03-10 12:10:00,2024,3,10,12,10,Sunday,12:10,Suspected Serious Injury,Daylight,Clear,Motor Vehicle-In-Transport On Same Roadway,None,HENDERSON POLICE DEPT,Other,Unbelted,-,Drinking,-,-,-,-,-,-,-,-,-,-,Chester,Henderson,1
37315,400063810,0,2,35.20497,-89.7138,4,2024-03-10 18:15:00,2024,3,10,18,15,Sunday,18:15,Suspected Serious Injury,Daylight,Clear,Mail Box,None,THP District 4 - Memphis,THP,Unbelted,Distracted,-,-,-,-,-,-,-,-,-,-,-,Shelby,Not in City Limit,1
37319,400063843,0,1,36.2983,-86.70592,3,2024-03-10 21:35:00,2024,3,10,21,35,Sunday,21:35,Suspected Serious Injury,Dark-Lighted,Clear,Standing Tree,None,GOODLETTSVILLE POLICE DEPT,Other,Unbelted,-,-,-,-,Speeding,-,-,-,-,-,-,-,Davidson,Goodlettsville,1
37321,400063862,0,1,35.78416,-86.97868,3,2024-03-10 22:40:00,2024,3,10,22,40,Sunday,22:40,Suspected Serious Injury,Dark-Not Lighted,Clear,Ditch,None,THP District 3 - Nashville,THP,Unbelted,-,-,-,-,-,-,-,-,-,-,-,-,Williamson,Not in City Limit,1
37325,400063877,0,1,35.52028,-84.35519,1,2024-03-10 18:18:00,2024,3,10,18,18,Sunday,18:18,Suspected Serious Injury,Daylight,Clear,Motor Vehicle-In-Transport On Same Roadway,None,MADISONVILLE POLICE DEPT,Other,Unbelted,-,-,-,-,-,-,-,-,-,-,Motorcyclist,-,Monroe,Madisonville,1
37335,400063931,1,0,35.89678,-86.48948,3,2024-03-11 08:06:00,2024,3,11,8,6,Monday,08:06,Fatal,Daylight,Clear,Pedestrian,None,THP District 3 - Nashville,THP,Unbelted,-,-,Drug,-,-,-,Pedestrian,-,-,-,-,-,Rutherford,Murfreesboro,2
37356,400064082,0,1,35.11812,-89.6366,4,2024-03-11 17:25:00,2024,3,11,17,25,Monday,17:25,Suspected Serious Injury,Daylight,Clear,Motor Vehicle-In-Transport On Same Roadway,None,THP District 4 - Memphis,THP,Unbelted,-,-,-,-,-,-,-,-,-,-,-,-,Fayette,Not in City Limit,2
37362,400064124,1,0,35.55345,-88.80959,8,2024-03-11 18:53:00,2024,3,11,18,53,Monday,18:53,Fatal,Daylight,Clear,Motor Vehicle-In-Transport On Same Roadway,None,JACKSON POLICE DEPT,Other,Unbelted,-,-,-,-,Speeding,-,-,-,-,ATV_Involved,Motorcyclist,-,Madison,Jackson,2
37364,400064131,1,0,36.09883,-84.5829,1,2024-03-11 20:26:00,2024,3,11,20,26,Monday,20:26,Fatal,Dark-Not Lighted,Clear,Motor Vehicle-In-Transport On Same Roadway,None,WARTBURG POLICE DEPT,Other,Unbelted,-,Drinking,Drug,-,-,-,-,-,-,-,Motorcyclist,-,Morgan,Wartburg,2
37371,400064177,0,1,35.97678,-85.86424,6,2024-03-07 10:44:00,2024,3,7,10,44,Thursday,10:44,Suspected Serious Injury,Daylight,Clear,Motor Vehicle-In-Transport On Same Roadway,None,THP District 6 - Cookeville,THP,Unbelted,-,-,-,-,-,-,-,-,-,ATV_Involved,-,-,DeKalb,Not in City Limit,5
37372,400064178,0,1,35.62213,-88.80286,8,2024-03-11 13:40:00,2024,3,11,13,40,Monday,13:40,Suspected Serious Injury,Daylight,Clear,Motor Vehicle-In-Transport On Same Roadway,None,JACKSON POLICE DEPT,Other,Unbelted,Distracted,-,-,-,-,-,-,-,-,-,-,-,Madison,Jackson,2
37399,400064371,0,2,35.02355,-85.15916,2,2024-03-12 14:50:00,2024,3,12,14,50,Tuesday,14:50,Suspected Serious Injury,Daylight,Clear,Motor Vehicle-In-Transport On Same Roadway,None,CHATTANOOGA POLICE DEPT,Other,Unbelted,-,-,-,-,-,-,-,-,-,-,-,-,Hamilton,Chattanooga,3
37403,400064394,0,2,35.48856,-87.43232,7,2024-03-10 20:45:00,2024,3,10,20,45,Sunday,20:45,Suspected Serious Injury,Dark-Not Lighted,Clear,Motor Vehicle-In-Transport On Same Roadway,None,THP District 7 - Lawrenceburg,THP,Unbelted,-,-,-,-,-,-,-,-,-,-,-,-,Lewis,Not in City Limit,1
37407,400064405,0,2,36.37403,-85.45518,6,2024-03-12 15:47:00,2024,3,12,15,47,Tuesday,15:47,Suspected Serious Injury,Daylight,Clear,Motor Vehicle-In-Transport On Same Roadway,None,THP District 6 - Cookeville,THP,Unbelted,-,-,-,-,-,-,-,-,-,-,-,-,Overton,Not in City Limit,3
37414,400064456,0,1,36.11875,-85.35094,6,2024-03-12 17:59:00,2024,3,12,17,59,Tuesday,17:59,Suspected Serious Injury,Daylight,Clear,Ditch,None,THP District 6 - Cookeville,THP,-,-,-,-,-,-,-,-,-,-,-,Motorcyclist,-,Putnam,Not in City Limit,3
37415,400064458,0,1,35.88437,-84.22463,1,2024-03-10 13:14:00,2024,3,10,13,14,Sunday,13:14,Suspected Serious Injury,Daylight,Clear,Motor Vehicle-In-Transport On Same Roadway,None,THP District 1 - Knoxville,THP,Unbelted,-,-,-,-,-,-,-,-,-,-,-,-,Knox,Not in City Limit,1
37420,400064477,1,1,35.94063,-86.94064,3,2024-03-12 17:25:00,2024,3,12,17,25,Tuesday,17:25,Fatal,Daylight,Clear,Motor Vehicle-In-Transport On Same Roadway,None,FRANKLIN POLICE DEPT,Other,Unbelted,-,-,-,-,-,-,-,-,-,ATV_Involved,-,-,Williamson,Not in City Limit,3
37428,400064498,0,1,36.35393,-87.13018,3,2024-03-12 18:18:00,2024,3,12,18,18,Tuesday,18:18,Suspected Serious Injury,Daylight,Clear,Standing Tree,None,THP District 3 - Nashville,THP,-,-,-,-,-,-,-,-,-,-,-,Motorcyclist,-,Cheatham,Not in City Limit,3
37430,400064527,0,1,35.47434,-88.69677,8,2024-03-12 21:20:00,2024,3,12,21,20,Tuesday,21:20,Suspected Serious Injury,Dark-Not Lighted,Clear,Motor Vehicle-In-Transport On Same Roadway,None,HENDERSON POLICE DEPT,Other,Unbelted,-,-,-,-,-,-,-,-,-,-,-,-,Chester,Not in City Limit,3
37460,400064736,0,1,35.54664,-84.96752,2,2024-03-13 09:05:00,2024,3,13,9,5,Wednesday,09:05,Suspected Serious Injury,Daylight,Clear,Motor Vehicle-In-Transport On Same Roadway,None,THP District 2 - Chattanooga,THP,Unbelted,-,-,Drug,-,-,-,-,-,-,-,-,-,Rhea,Not in City Limit,4
37461,400064739,1,0,35.48617,-84.4935,2,2024-03-13 06:25:00,2024,3,13,6,25,Wednesday,06:25,Fatal,Dark-Not Lighted,Clear,Ditch,None,THP District 2 - Chattanooga,THP,Unbelted,-,-,-,-,-,-,-,-,-,-,-,-,McMinn,Not in City Limit,4
37465,400064772,0,1,35.90214,-84.15202,1,2024-03-13 18:30:00,2024,3,13,18,30,Wednesday,18:30,Suspected Serious Injury,Daylight,Clear,Motor Vehicle-In-Transport On Same Roadway,None,KNOXVILLE POLICE DEPT,Other,Unbelted,-,-,-,-,-,-,-,-,-,-,-,-,Knox,Knoxville,4
37467,400064779,0,3,35.05406,-85.18837,2,2024-03-13 17:28:00,2024,3,13,17,28,Wednesday,17:28,Suspected Serious Injury,Daylight,Clear,Curb,None,CHATTANOOGA POLICE DEPT,Other,Unbelted,-,-,Drug,-,-,-,-,-,-,-,-,-,Hamilton,Chattanooga,4
37468,400064783,0,1,36.23624,-85.40126,6,2024-03-13 17:54:00,2024,3,13,17,54,Wednesday,17:54,Suspected Serious Injury,Daylight,Clear,Motor Vehicle-In-Transport On Same Roadway,None,THP District 6 - Cookeville,THP,Unbelted,-,-,-,-,-,-,-,-,-,-,-,-,Overton,Not in City Limit,4
37469,400064790,0,1,36.23202,-83.01925,5,2024-03-13 20:11:00,2024,3,13,20,11,Wednesday,20:11,Suspected Serious Injury,Dark-Lighted,Clear,Motor Vehicle-In-Transport On Same Roadway,None,THP District 5 - Fall Branch,THP,Unbelted,-,-,-,-,-,-,-,-,-,ATV_Involved,-,-,Greene,Not in City Limit,4
37470,400064805,0,1,35.37585,-84.37305,1,2024-03-13 17:27:00,2024,3,13,17,27,Wednesday,17:27,Suspected Serious Injury,Daylight,Clear,Motor Vehicle-In-Transport On Different Roadway,None,THP District 1 - Knoxville,THP,Unbelted,-,-,-,-,-,-,-,-,-,-,Motorcyclist,-,Monroe,Not in City Limit,4
37472,400064816,0,1,35.93965,-84.17889,1,2024-03-13 19:16:00,2024,3,13,19,16,Wednesday,19:16,Suspected Serious Injury,Daylight,Cloudy,Mail Box,None,KNOX CO SHERIFFS OFFICE,Other,-,-,-,-,-,Speeding,-,-,-,-,-,Motorcyclist,-,Knox,Not in City Limit,4
37476,400064829,1,0,36.21409,-83.07004,5,2024-03-13 17:34:00,2024,3,13,17,34,Wednesday,17:34,Fatal,Daylight,Clear,Guard Rail Face,None,THP District 9 - Administrative,THP,Unbelted,-,-,-,-,-,-,-,-,-,-,-,-,Greene,Not in City Limit,4
37477,400064832,1,0,35.59728,-89.05358,8,2024-03-12 00:00:00,2024,3,12,24,0,Tuesday,24:00,Fatal,Dark-Not Lighted,Clear,Pedestrian,None,THP District 8 - Jackson,THP,Unbelted,-,-,-,-,-,-,Pedestrian,-,-,-,-,-,Madison,Not in City Limit,3
37479,400064838,0,1,36.04091,-86.75091,3,2024-03-13 21:45:00,2024,3,13,21,45,Wednesday,21:45,Suspected Serious Injury,Dark-Lighted,Clear,Standing Tree,None,METROPOLITAN NASHVILLE POLICE DEPT,Other,Unbelted,-,-,-,-,-,-,-,-,-,-,-,-,Davidson,Nashville,4
37485,400064869,0,1,35.87239,-86.47064,3,2024-03-14 00:53:00,2024,3,14,0,53,Thursday,00:53,Suspected Serious Injury,Dark-Lighted,Clear,Standing Tree,None,MURFREESBORO POLICE DEPT,Other,Unbelted,-,-,-,-,Speeding,-,-,-,-,-,-,-,Rutherford,Murfreesboro,5
37494,400064959,1,0,35.80693,-86.16285,6,2024-03-13 09:26:00,2024,3,13,9,26,Wednesday,09:26,Fatal,Daylight,Clear,Motor Vehicle-In-Transport On Same Roadway,None,THP District 6 - Cookeville,THP,Unbelted,-,Drinking,-,-,-,-,-,-,-,-,-,-,Cannon,Not in City Limit,4
37496,400064970,0,2,36.15435,-83.52391,5,2024-03-13 16:35:00,2024,3,13,16,35,Wednesday,16:35,Suspected Serious Injury,Daylight,Clear,Motor Vehicle-In-Transport On Same Roadway,None,THP District 5 - Fall Branch,THP,Unbelted,-,-,-,-,-,-,-,-,-,-,-,-,Jefferson,Not in City Limit,4
37499,400064973,0,3,36.45637,-86.04772,6,2024-03-14 07:00:00,2024,3,14,7,0,Thursday,07:00,Suspected Serious Injury,Daylight,Clear,Motor Vehicle-In-Transport On Same Roadway,None,THP District 6 - Cookeville,THP,Unbelted,Distracted,-,-,-,-,-,-,-,-,-,-,-,Macon,Not in City Limit,5
37501,400064977,0,2,36.22385,-86.35127,3,2024-03-09 06:20:00,2024,3,9,6,20,Saturday,06:20,Suspected Serious Injury,Dawn,Rain,Motor Vehicle-In-Transport On Same Roadway,None,LEBANON POLICE DEPT,Other,Unbelted,-,-,-,-,Speeding,-,-,-,-,-,-,-,Wilson,Lebanon,7
37504,400065013,0,1,35.2116,-88.2011,8,2024-03-14 12:39:00,2024,3,14,12,39,Thursday,12:39,Suspected Serious Injury,Daylight,Clear,"Over Turn, Roll Over",None,THP District 8 - Jackson,THP,-,-,-,-,-,-,-,-,-,-,-,Motorcyclist,-,Hardin,Not in City Limit,5
37507,400065033,0,1,36.06111,-83.63817,5,2024-03-14 12:01:00,2024,3,14,12,1,Thursday,12:01,Suspected Serious Injury,Daylight,Clear,Motor Vehicle-In-Transport On Same Roadway,None,THP District 5 - Fall Branch,THP,Unbelted,-,-,-,-,-,-,-,-,-,-,Motorcyclist,-,Jefferson,Not in City Limit,5
37516,400065079,1,0,35.88758,-86.02785,6,2024-03-14 09:00:00,2024,3,14,9,0,Thursday,09:00,Fatal,Daylight,Clear,Standing Tree,None,THP District 6 - Cookeville,THP,Unbelted,-,-,Drug,-,-,-,-,-,-,-,-,-,Cannon,Not in City Limit,5
37527,400065112,1,0,35.96259,-83.20115,5,2024-03-14 16:15:00,2024,3,14,16,15,Thursday,16:15,Fatal,Daylight,Clear,Pedestrian,None,NEWPORT POLICE DEPT,Other,Unbelted,Distracted,-,Drug,-,-,-,Pedestrian,-,-,-,-,-,Cocke,Newport,5
37528,400065113,0,1,35.90924,-86.83206,3,2024-03-14 16:20:00,2024,3,14,16,20,Thursday,16:20,Suspected Serious Injury,Daylight,Clear,Motor Vehicle-In-Transport On Same Roadway,None,FRANKLIN POLICE DEPT,Other,Unbelted,-,-,-,-,-,-,-,-,-,-,Motorcyclist,-,Williamson,Franklin,5
37535,400065144,0,2,35.88152,-87.00062,3,2024-03-14 16:52:00,2024,3,14,16,52,Thursday,16:52,Suspected Serious Injury,Daylight,Clear,Bridge/Pier Abutment,None,WILLIAMSON CO SHERIFFS OFFICE,Other,-,Distracted,-,-,-,-,-,-,-,-,-,Motorcyclist,-,Williamson,Not in City Limit,5