OBJECTID,MRN,Fatality,Injury,Latitude,Longitude,THP_District,Collision_Date,Collision_Year,Collision_Month,Collision_Day,Collision_Hour,Collision_Min,Collision_DOW,Collision_Time,Crash_Type,Light_Condition,Weather,First_Harmfu_Event,Work_Zone_Type,Agency_Name,THP,Unbelted,Distracted_Driver,Driver_Drinking,Driver_Drugged,Drowsy_Driver,Speeding_Involved,Pedalcyclist,Pedestrian,Other_Nonmotorist,ATV_Involved,LargeTruck_Involved,Motorcycle_Involved,SchoolBus,County,City,DOW_Nmb
37538,400065151,0,2,36.19697,-85.61678,6,2024-03-14 17:00:00,2024,3,14,17,0,Thursday,17:00,Suspected Serious Injury,Daylight,Clear,Motor Vehicle-In-Transport On Same Roadway,None,THP District 6 - Cookeville,THP,Unbelted,-,-,-,-,-,-,-,-,-,-,-,-,Putnam,Not in City Limit,5
37540,400065173,1,0,36.02466,-83.86092,1,2024-03-14 15:39:00,2024,3,14,15,39,Thursday,15:39,Fatal,Daylight,Clear,Guard Rail Face,None,KNOXVILLE POLICE DEPT,Other,Unbelted,-,-,-,-,-,-,-,-,-,-,-,-,Knox,Knoxville,5
37547,400065199,1,2,36.16616,-83.37614,5,2024-03-14 18:21:00,2024,3,14,18,21,Thursday,18:21,Fatal,Daylight,Clear,Motor Vehicle-In-Transport On Same Roadway,None,MORRISTOWN POLICE DEPT,Other,Unbelted,-,-,-,-,-,-,-,-,-,-,-,-,Hamblen,Morristown,5
37548,400065202,0,1,35.99772,-83.87731,1,2024-03-14 20:32:00,2024,3,14,20,32,Thursday,20:32,Suspected Serious Injury,Dark-Lighted,Clear,Motor Vehicle-In-Transport On Same Roadway,None,KNOXVILLE POLICE DEPT,Other,Unbelted,-,-,-,-,-,-,-,-,-,-,Motorcyclist,-,Knox,Knoxville,5
37559,400065281,0,1,35.86402,-83.75946,1,2024-03-12 16:45:00,2024,3,12,16,45,Tuesday,16:45,Suspected Serious Injury,Daylight,Clear,Culvert,None,SEVIER CO SHERIFFS OFFICE,Other,Unbelted,-,-,-,-,-,-,-,-,-,-,-,-,Sevier,Not in City Limit,3
37566,400065308,0,3,36.13728,-83.27769,5,2024-03-15 05:25:00,2024,3,15,5,25,Friday,05:25,Suspected Serious Injury,Dark-Not Lighted,Rain,Cable Barrier,None,THP District 5 - Fall Branch,THP,Unbelted,-,-,-,-,-,-,-,-,-,-,-,-,Hamblen,Not in City Limit,6
37571,400065355,0,2,36.24313,-82.4679,5,2024-03-15 07:34:00,2024,3,15,7,34,Friday,07:34,Suspected Serious Injury,Dawn,Rain,Motor Vehicle-In-Transport On Same Roadway,None,THP District 5 - Fall Branch,THP,Unbelted,-,-,-,-,-,-,-,-,-,-,-,Direct,Washington,Not in City Limit,6
37580,400065381,1,1,36.23366,-85.00787,6,2024-03-15 04:03:00,2024,3,15,4,3,Friday,04:03,Fatal,Dark-Not Lighted,Rain,Motor Vehicle-In-Transport On Same Roadway,None,THP District 6 - Cookeville,THP,Unbelted,-,Drinking,-,-,-,-,-,-,-,-,-,-,Fentress,Not in City Limit,6
37588,400065423,0,1,36.47395,-82.49305,5,2024-03-15 10:45:00,2024,3,15,10,45,Friday,10:45,Suspected Serious Injury,Daylight,Rain,Guard Rail End,None,THP District 5 - Fall Branch,THP,Unbelted,-,-,-,-,Speeding,-,-,-,-,-,-,-,Sullivan,Kingsport,6
37590,400065438,0,3,35.33451,-86.02655,2,2024-03-14 16:35:00,2024,3,14,16,35,Thursday,16:35,Suspected Serious Injury,Daylight,Clear,Ditch,None,THP District 2 - Chattanooga,THP,Unbelted,-,Drinking,-,-,Speeding,-,-,-,-,-,-,-,Coffee,Not in City Limit,5
37600,400065482,1,1,36.30304,-85.71249,6,2024-03-14 12:18:00,2024,3,14,12,18,Thursday,12:18,Fatal,Daylight,Clear,Motor Vehicle-In-Transport On Same Roadway,None,THP District 6 - Cookeville,THP,Unbelted,-,-,Drug,-,-,-,-,-,-,-,Motorcyclist,-,Jackson,Not in City Limit,5
37606,400065508,0,1,35.17416,-88.91289,4,2024-03-15 15:49:00,2024,3,15,15,49,Friday,15:49,Suspected Serious Injury,Daylight,Cloudy,Standing Tree,None,HARDEMAN CO SHERIFFS DEPT,Other,Unbelted,-,-,-,Drowsy,-,-,-,-,-,-,-,-,Hardeman,Not in City Limit,6
37609,400065520,0,3,35.42169,-89.69288,4,2024-03-13 17:41:00,2024,3,13,17,41,Wednesday,17:41,Suspected Serious Injury,Dark-Lighted,Clear,Motor Vehicle-In-Transport On Same Roadway,None,THP District 4 - Memphis,THP,Unbelted,-,-,-,-,-,-,-,-,-,-,-,-,Tipton,Not in City Limit,4
37613,400065533,1,0,36.37286,-84.78492,6,2024-03-15 11:30:00,2024,3,15,11,30,Friday,11:30,Fatal,Daylight,Cloudy,Standing Tree,None,THP District 6 - Cookeville,THP,Unbelted,-,-,-,-,Speeding,-,-,-,-,-,-,-,Fentress,Not in City Limit,6
37615,400065543,0,1,35.948,-84.15598,1,2024-03-15 20:46:00,2024,3,15,20,46,Friday,20:46,Suspected Serious Injury,Dark-Not Lighted,Cloudy,Concrete Traffic Barrier,None,THP District 1 - Knoxville,THP,-,-,-,-,-,-,-,-,-,-,-,Motorcyclist,-,Knox,Not in City Limit,6
37622,400065586,0,3,35.69013,-84.70009,2,2024-03-12 20:24:00,2024,3,12,20,24,Tuesday,20:24,Suspected Serious Injury,Dark-Not Lighted,Clear,"Over Turn, Roll Over",None,THP District 2 - Chattanooga,THP,Unbelted,-,Drinking,Drug,-,-,-,-,-,-,-,-,-,Meigs,Not in City Limit,3
37623,400065593,0,2,35.80985,-83.93759,1,2024-03-15 23:08:00,2024,3,15,23,8,Friday,23:08,Suspected Serious Injury,Dark-Not Lighted,Clear,Guard Rail End,None,ALCOA POLICE DEPARTMENT,Other,Unbelted,-,Drinking,Drug,-,-,-,-,-,-,-,-,-,Blount,Not in City Limit,6
37624,400065600,0,1,35.57357,-84.49467,1,2024-03-10 19:42:00,2024,3,10,19,42,Sunday,19:42,Suspected Serious Injury,Daylight,Clear,Motor Vehicle-In-Transport On Same Roadway,None,THP District 1 - Knoxville,THP,-,-,-,Drug,-,-,-,-,-,-,-,Motorcyclist,-,Monroe,Not in City Limit,1
37627,400065604,0,3,36.469,-83.024,5,2024-03-15 17:50:00,2024,3,15,17,50,Friday,17:50,Suspected Serious Injury,Daylight,Cloudy,"Over Turn, Roll Over",None,THP District 5 - Fall Branch,THP,Unbelted,-,-,-,-,-,-,-,-,-,-,-,-,Hawkins,Not in City Limit,6
37633,400065627,0,1,36.21692,-83.27807,5,2024-03-15 21:59:00,2024,3,15,21,59,Friday,21:59,Suspected Serious Injury,Dark-Lighted,Rain,Curb,None,MORRISTOWN POLICE DEPT,Other,Unbelted,-,Drinking,-,-,Speeding,-,-,-,-,-,-,-,Hamblen,Morristown,6
37636,400065634,0,1,35.77192,-86.64461,3,2024-03-16 02:06:00,2024,3,16,2,6,Saturday,02:06,Suspected Serious Injury,Dark-Not Lighted,Cloudy,Other Fixed Object,None,RUTHERFORD CO SHERIFFS DEPT,Other,Unbelted,Distracted,Drinking,-,-,-,-,-,-,-,-,-,-,Rutherford,Eagleville,7
37637,400065637,0,2,36.279,-83.391,5,2024-03-16 04:25:00,2024,3,16,4,25,Saturday,04:25,Suspected Serious Injury,Dark-Not Lighted,Clear,Standing Tree,None,THP District 5 - Fall Branch,THP,Unbelted,-,-,-,-,Speeding,-,-,-,-,-,-,-,Grainger,Not in City Limit,7
37658,400065714,0,1,36.37905,-84.39626,1,2024-03-16 13:27:00,2024,3,16,13,27,Saturday,13:27,Suspected Serious Injury,Daylight,Clear,Motor Vehicle-In-Transport On Same Roadway,Construction Zone,THP District 1 - Knoxville,THP,Unbelted,-,-,-,-,-,-,-,-,-,-,Motorcyclist,-,Scott,Not in City Limit,7
37674,400065772,0,4,36.35409,-86.61242,3,2024-03-16 14:31:00,2024,3,16,14,31,Saturday,14:31,Suspected Serious Injury,Daylight,Clear,Motor Vehicle-In-Transport On Same Roadway,None,THP District 3 - Nashville,THP,Unbelted,-,-,-,-,-,-,-,-,-,-,-,-,Sumner,Not in City Limit,7
37678,400065802,0,4,36.38564,-89.10653,8,2024-03-09 14:50:00,2024,3,9,14,50,Saturday,14:50,Suspected Serious Injury,Daylight,Clear,Motor Vehicle-In-Transport On Same Roadway,None,THP District 8 - Jackson,THP,Unbelted,-,-,-,-,-,-,-,-,-,-,-,-,Obion,Not in City Limit,7
37680,400065809,0,1,35.33052,-89.14582,4,2024-03-16 19:00:00,2024,3,16,19,0,Saturday,19:00,Suspected Serious Injury,Dark-Not Lighted,Clear,Standing Tree,None,THP District 4 - Memphis,THP,Unbelted,-,-,-,-,-,-,-,-,-,-,-,-,Hardeman,Whiteville,7
37683,400065822,0,1,36.55352,-87.78689,3,2024-03-13 13:31:00,2024,3,13,13,31,Wednesday,13:31,Suspected Serious Injury,Daylight,Clear,Motor Vehicle-In-Transport On Same Roadway,None,THP District 3 - Nashville,THP,Unbelted,-,-,-,-,-,-,-,-,-,ATV_Involved,-,-,Stewart,Not in City Limit,4
37691,400065856,0,3,35.36797,-87.27189,7,2024-03-16 19:17:00,2024,3,16,19,17,Saturday,19:17,Suspected Serious Injury,Daylight,Cloudy,Motor Vehicle-In-Transport On Same Roadway,None,THP District 7 - Lawrenceburg,THP,Unbelted,-,-,-,-,-,-,-,-,-,-,-,-,Lawrence,Not in City Limit,7
37693,400065867,1,2,36.09672,-89.36742,8,2024-03-11 17:55:00,2024,3,11,17,55,Monday,17:55,Fatal,Daylight,Clear,Motor Vehicle-In-Transport On Same Roadway,None,THP District 8 - Jackson,THP,Unbelted,-,Drinking,-,-,-,-,-,-,-,-,-,-,Dyer,Not in City Limit,2
37694,400065872,0,2,35.90996,-86.89224,3,2024-03-16 23:45:00,2024,3,16,23,45,Saturday,23:45,Suspected Serious Injury,Dark-Lighted,Clear,Motor Vehicle-In-Transport On Same Roadway,None,FRANKLIN POLICE DEPT,Other,Unbelted,-,-,-,-,-,-,-,-,-,-,-,-,Williamson,Franklin,7
37695,400065877,1,0,35.89047,-83.93751,1,2024-03-16 20:14:00,2024,3,16,20,14,Saturday,20:14,Fatal,Dark-Not Lighted,Clear,Motor Vehicle-In-Transport On Same Roadway,None,THP District 1 - Knoxville,THP,Unbelted,-,Drinking,Drug,-,-,-,-,-,-,-,Motorcyclist,-,Knox,Not in City Limit,7
37698,400065898,0,1,35.6595,-84.11374,1,2024-03-17 05:05:00,2024,3,17,5,5,Sunday,05:05,Suspected Serious Injury,Dark-Not Lighted,Cloudy,Guard Rail Face,None,THP District 1 - Knoxville,THP,Unbelted,-,Drinking,-,-,-,-,-,-,-,-,-,-,Blount,Not in City Limit,1
37709,400065936,0,1,35.1163,-89.8232,4,2024-03-14 12:30:00,2024,3,14,12,30,Thursday,12:30,Suspected Serious Injury,Daylight,Clear,Motor Vehicle-In-Transport On Same Roadway,None,GERMANTOWN POLICE DEPT,Other,Unbelted,-,-,-,-,-,-,-,-,-,-,-,-,Shelby,Germantown,5
37716,400065981,0,1,36.39152,-81.75816,5,2024-03-16 06:35:00,2024,3,16,6,35,Saturday,06:35,Suspected Serious Injury,Dark-Lighted,Clear,"Over Turn, Roll Over",None,THP District 5 - Fall Branch,THP,Unbelted,-,-,Drug,-,-,-,-,-,-,-,-,-,Johnson,Not in City Limit,7
37721,400065998,0,2,36.24121,-83.07726,5,2024-03-17 00:29:00,2024,3,17,0,29,Sunday,00:29,Suspected Serious Injury,Dark-Not Lighted,Clear,Embankment Earth,None,THP District 5 - Fall Branch,THP,Unbelted,-,-,-,-,-,-,-,-,-,-,-,-,Greene,Mosheim,1
37748,400066127,0,1,35.98441,-88.05696,8,2024-03-17 17:23:00,2024,3,17,17,23,Sunday,17:23,Suspected Serious Injury,Daylight,Clear,Ditch,None,THP District 8 - Jackson,THP,-,-,Drinking,-,-,Speeding,-,-,-,-,-,Motorcyclist,-,Benton,Not in City Limit,1
37749,400066128,0,1,35.33474,-86.37459,7,2024-03-17 03:32:00,2024,3,17,3,32,Sunday,03:32,Suspected Serious Injury,Dark-Not Lighted,Rain,Ditch,None,THP District 7 - Lawrenceburg,THP,Unbelted,-,Drinking,-,-,Speeding,-,-,-,-,-,-,-,Moore,Lynchburg,1
37751,400066132,1,0,35.18266,-85.24655,2,2024-03-17 00:18:00,2024,3,17,0,18,Sunday,00:18,Fatal,Dark-Not Lighted,Clear,Pedestrian,None,CHATTANOOGA POLICE DEPT,Other,Unbelted,-,-,-,-,-,-,Pedestrian,-,-,-,-,-,Hamilton,Chattanooga,1
37760,400066162,1,1,36.24127,-83.07729,5,2024-03-17 00:29:00,2024,3,17,0,29,Sunday,00:29,Fatal,Dark-Not Lighted,Clear,Ditch,None,THP District 5 - Fall Branch,THP,Unbelted,-,Drinking,Drug,-,Speeding,-,-,-,-,-,-,-,Greene,Mosheim,1
37762,400066188,0,1,35.49681,-86.80626,7,2024-03-17 17:20:00,2024,3,17,17,20,Sunday,17:20,Suspected Serious Injury,Daylight,Clear,Unknown,None,LEWISBURG POLICE DEPT,Other,Unbelted,Distracted,-,-,-,-,-,-,-,-,-,Motorcyclist,-,Marshall,Lewisburg,1
37766,400066201,1,7,35.8184,-86.40364,3,2024-03-17 04:54:00,2024,3,17,4,54,Sunday,04:54,Fatal,Dark-Lighted,Clear,Motor Vehicle-In-Transport On Same Roadway,None,THP District 3 - Nashville,THP,Unbelted,-,Drinking,Drug,-,-,-,-,-,-,-,-,-,Rutherford,Murfreesboro,1
37771,400066225,0,2,35.13862,-85.2441,2,2024-03-16 19:10:00,2024,3,16,19,10,Saturday,19:10,Suspected Serious Injury,Daylight,Clear,Motor Vehicle-In-Transport On Same Roadway,None,CHATTANOOGA POLICE DEPT,Other,Unbelted,-,-,-,-,-,-,-,-,-,-,Motorcyclist,-,Hamilton,Chattanooga,7
37776,400066258,0,3,35.85987,-83.95947,1,2024-03-14 22:26:00,2024,3,14,22,26,Thursday,22:26,Suspected Serious Injury,Dark-Lighted,Clear,Motor Vehicle-In-Transport On Same Roadway,None,THP District 1 - Knoxville,THP,Unbelted,-,Drinking,Drug,-,-,-,-,-,-,-,-,-,Blount,Alcoa,5
37789,400066307,1,1,35.88086,-87.78445,3,2024-03-18 10:05:00,2024,3,18,10,5,Monday,10:05,Fatal,Daylight,Clear,Embankment Earth,None,THP District 3 - Nashville,THP,Unbelted,-,-,Drug,-,Speeding,-,-,-,-,-,-,-,Humphreys,Not in City Limit,2
37794,400066357,0,1,36.34185,-83.22236,5,2024-03-18 14:00:00,2024,3,18,14,0,Monday,14:00,Suspected Serious Injury,Daylight,Clear,Motor Vehicle-In-Transport On Same Roadway,None,THP District 5 - Fall Branch,THP,Unbelted,-,-,-,-,-,-,-,-,-,ATV_Involved,-,-,Hawkins,Not in City Limit,2
37804,400066403,1,0,36.25327,-86.71674,3,2024-03-14 22:32:00,2024,3,14,22,32,Thursday,22:32,Fatal,Dark-Lighted,Rain,Pedestrian,None,METROPOLITAN NASHVILLE POLICE DEPT,Other,Unbelted,-,-,-,-,-,-,Pedestrian,-,-,-,-,-,Davidson,Nashville,5
37813,400066446,0,2,35.66414,-84.54001,1,2024-03-14 19:48:00,2024,3,14,19,48,Thursday,19:48,Suspected Serious Injury,Daylight,Clear,Embankment Rock/Stone/Concrete,None,THP District 1 - Knoxville,THP,-,-,-,-,-,-,-,-,-,-,-,Motorcyclist,-,Loudon,Not in City Limit,5
37816,400066457,2,3,35.7956,-88.87798,8,2024-03-13 17:23:00,2024,3,13,17,23,Wednesday,17:23,Fatal,Daylight,Clear,Motor Vehicle-In-Transport On Same Roadway,None,HUMBOLDT POLICE DEPT,Other,Unbelted,-,-,-,-,Speeding,-,-,-,-,-,-,-,Gibson,Humboldt,4
37822,400066480,0,1,36.48245,-84.50738,1,2024-03-18 17:23:00,2024,3,18,17,23,Monday,17:23,Suspected Serious Injury,Daylight,Clear,Ditch,None,ONEIDA POLICE DEPT,Other,Unbelted,-,-,-,-,-,-,-,-,-,-,-,-,Scott,Oneida,2
37825,400066491,0,2,36.44392,-87.37086,3,2024-03-18 16:45:00,2024,3,18,16,45,Monday,16:45,Suspected Serious Injury,Daylight,Clear,Motor Vehicle-In-Transport On Same Roadway,None,THP District 3 - Nashville,THP,Unbelted,-,-,-,-,-,-,-,-,-,-,-,-,Montgomery,Not in City Limit,2
37847,400066633,0,2,35.16838,-84.92654,2,2024-03-18 10:40:00,2024,3,18,10,40,Monday,10:40,Suspected Serious Injury,Daylight,Clear,Motor Vehicle-In-Transport On Same Roadway,None,THP District 2 - Chattanooga,THP,Unbelted,-,-,-,-,-,-,-,-,-,-,-,-,Bradley,Not in City Limit,2
37848,400066651,0,2,35.04775,-85.24636,2,2024-03-19 09:15:00,2024,3,19,9,15,Tuesday,09:15,Suspected Serious Injury,Daylight,Clear,Motor Vehicle-In-Transport On Same Roadway,Utility Zone,CHATTANOOGA POLICE DEPT,Other,Unbelted,Distracted,-,-,-,-,-,-,-,-,ATV_Involved,-,-,Hamilton,Chattanooga,3
37856,400066691,0,1,36.31581,-88.84189,8,2024-03-19 08:00:00,2024,3,19,8,0,Tuesday,08:00,Suspected Serious Injury,Daylight,Clear,Motor Vehicle-In-Transport On Same Roadway,None,THP District 8 - Jackson,THP,Unbelted,-,-,-,-,-,-,-,-,-,-,-,-,Weakley,Not in City Limit,3
37860,400066709,0,2,35.332,-88.357,8,2024-03-19 11:46:00,2024,3,19,11,46,Tuesday,11:46,Suspected Serious Injury,Daylight,Clear,Motor Vehicle-In-Transport On Same Roadway,None,THP District 8 - Jackson,THP,Unbelted,-,-,Drug,-,-,-,-,-,-,-,-,-,Hardin,Not in City Limit,3
37863,400066728,1,1,36.25795,-86.83027,3,2024-03-06 17:50:00,2024,3,6,17,50,Wednesday,17:50,Fatal,Dark-Lighted,Cloudy,Motor Vehicle-In-Transport On Same Roadway,None,METROPOLITAN NASHVILLE POLICE DEPT,Other,Unbelted,-,-,Drug,-,-,-,-,-,-,-,-,-,Davidson,Nashville,4
37870,400066755,0,2,35.94212,-84.00143,1,2024-03-19 16:01:00,2024,3,19,16,1,Tuesday,16:01,Suspected Serious Injury,Daylight,Clear,Motor Vehicle-In-Transport On Same Roadway,None,KNOXVILLE POLICE DEPT,Other,Unbelted,-,-,-,-,-,-,-,-,-,-,-,-,Knox,Knoxville,3
37883,400066836,0,2,35.60661,-86.35231,7,2024-03-19 15:28:00,2024,3,19,15,28,Tuesday,15:28,Suspected Serious Injury,Daylight,Clear,Standing Tree,None,THP District 7 - Lawrenceburg,THP,Unbelted,-,-,-,-,-,-,-,-,-,-,-,-,Bedford,Not in City Limit,3
37890,400066859,0,3,35.88719,-84.14971,1,2024-03-19 20:15:00,2024,3,19,20,15,Tuesday,20:15,Suspected Serious Injury,Dark-Lighted,Clear,Motor Vehicle-In-Transport On Different Roadway,None,THP District 1 - Knoxville,THP,Unbelted,Distracted,-,-,-,-,-,-,-,-,-,-,-,Knox,Farragut,3
37893,400066865,0,2,36.56968,-87.75993,3,2024-03-19 14:59:00,2024,3,19,14,59,Tuesday,14:59,Suspected Serious Injury,Daylight,Clear,Parked Motor Vehicle,None,THP District 3 - Nashville,THP,Unbelted,Distracted,-,-,-,Speeding,-,-,-,-,-,-,-,Stewart,Not in City Limit,3
37895,400066875,0,1,35.12371,-85.29604,2,2024-03-14 00:00:00,2024,3,14,24,0,Thursday,24:00,Suspected Serious Injury,Dark-Not Lighted,Clear,"Over Turn, Roll Over",None,RED BANK POLICE DEPT,Other,-,-,-,-,-,Speeding,-,-,-,-,-,Motorcyclist,-,Hamilton,Red Bank,5
37896,400066878,0,1,35.43205,-88.65238,8,2024-03-19 19:05:00,2024,3,19,19,5,Tuesday,19:05,Suspected Serious Injury,Dark-Lighted,Clear,Ditch,None,HENDERSON POLICE DEPT,Other,Unbelted,-,-,-,-,-,-,-,-,-,-,-,-,Chester,Henderson,3
37899,400066896,0,1,36.24354,-83.714,5,2024-03-19 21:53:00,2024,3,19,21,53,Tuesday,21:53,Suspected Serious Injury,Dark-Not Lighted,Clear,Ditch,None,THP District 5 - Fall Branch,THP,Unbelted,-,-,-,-,-,-,-,-,-,-,-,-,Union,Not in City Limit,3
37908,400066953,0,4,36.33707,-84.22899,1,2024-03-16 03:00:00,2024,3,16,3,0,Saturday,03:00,Suspected Serious Injury,Dark-Not Lighted,Clear,Ditch,None,THP District 1 - Knoxville,THP,Unbelted,-,Drinking,Drug,-,-,-,-,-,-,-,-,-,Campbell,Not in City Limit,7
37911,400066976,0,1,36.07903,-86.72032,3,2024-03-20 04:19:00,2024,3,20,4,19,Wednesday,04:19,Suspected Serious Injury,Dark-Lighted,Clear,Fire Hydrant,None,METROPOLITAN NASHVILLE POLICE DEPT,Other,Unbelted,-,-,Drug,-,-,-,-,-,-,-,-,-,Davidson,Nashville,4
37919,400067020,2,1,35.61491,-87.12006,7,2024-03-08 19:00:00,2024,3,8,19,0,Friday,19:00,Fatal,Dark-Not Lighted,Clear,Motor Vehicle-In-Transport On Same Roadway,None,THP District 7 - Lawrenceburg,THP,Unbelted,-,-,-,-,Speeding,-,-,-,-,-,-,-,Maury,Not in City Limit,6
37925,400067058,0,1,35.49362,-86.50597,7,2024-03-17 17:20:00,2024,3,17,17,20,Sunday,17:20,Suspected Serious Injury,Daylight,Clear,Motor Vehicle-In-Transport On Same Roadway,None,THP District 7 - Lawrenceburg,THP,Unbelted,-,-,-,-,-,-,-,-,-,-,Motorcyclist,-,Bedford,Not in City Limit,1
37928,400067074,1,1,36.16872,-83.21785,5,2024-03-20 08:36:00,2024,3,20,8,36,Wednesday,08:36,Fatal,Daylight,Clear,Embankment Earth,None,THP District 5 - Fall Branch,THP,Unbelted,-,-,-,-,-,-,-,-,-,-,-,-,Hamblen,Not in City Limit,4
37929,400067075,0,3,35.31226,-87.76938,7,2024-03-18 10:00:00,2024,3,18,10,0,Monday,10:00,Suspected Serious Injury,Daylight,Clear,Immersion,None,WAYNESBORO POLICE DEPT,Other,Unbelted,-,-,-,-,-,-,-,-,-,ATV_Involved,-,-,Wayne,Waynesboro,2
37942,400067139,0,1,35.85052,-86.39844,3,2024-03-20 16:11:00,2024,3,20,16,11,Wednesday,16:11,Suspected Serious Injury,Daylight,Clear,Pedal-Cycle,None,MURFREESBORO POLICE DEPT,Other,Unbelted,-,-,-,-,-,Pedalcyclist,-,-,-,-,-,-,Rutherford,Murfreesboro,4
37944,400067152,0,1,35.98937,-86.79957,3,2024-03-20 16:35:00,2024,3,20,16,35,Wednesday,16:35,Suspected Serious Injury,Daylight,Clear,"Over Turn, Roll Over",None,THP District 3 - Nashville,THP,-,-,-,-,-,-,-,-,-,-,-,Motorcyclist,-,Williamson,Brentwood,4
37948,400067187,0,1,35.08147,-89.78591,4,2024-03-20 17:54:00,2024,3,20,17,54,Wednesday,17:54,Suspected Serious Injury,Daylight,Clear,Motor Vehicle-In-Transport On Same Roadway,None,GERMANTOWN POLICE DEPT,Other,Unbelted,-,-,-,-,-,-,-,-,-,-,-,-,Shelby,Germantown,4
37957,400067223,0,1,36.04854,-86.54606,3,2024-03-20 18:45:00,2024,3,20,18,45,Wednesday,18:45,Suspected Serious Injury,Daylight,Clear,Pedal-Cycle,None,LAVERGNE POLICE DEPT,Other,Unbelted,-,-,-,-,-,Pedalcyclist,-,-,-,-,-,-,Rutherford,Lavergne,4
37962,400067257,0,1,35.9724,-83.99053,1,2024-03-20 18:29:00,2024,3,20,18,29,Wednesday,18:29,Suspected Serious Injury,Daylight,Clear,Culvert,None,KNOXVILLE POLICE DEPT,Other,Unbelted,-,Drinking,Drug,-,-,-,-,-,-,-,-,-,Knox,Knoxville,4
37964,400067261,1,3,36.43327,-87.71062,3,2024-03-20 15:33:00,2024,3,20,15,33,Wednesday,15:33,Fatal,Daylight,Clear,Motor Vehicle-In-Transport On Same Roadway,None,THP District 3 - Nashville,THP,Unbelted,-,-,Drug,-,-,-,-,-,-,-,-,-,Stewart,Not in City Limit,4
37969,400067289,0,2,36.44009,-83.64597,5,2024-03-20 07:10:00,2024,3,20,7,10,Wednesday,07:10,Suspected Serious Injury,Dawn,Clear,Standing Tree,None,THP District 5 - Fall Branch,THP,Unbelted,-,-,Drug,-,-,-,-,-,-,-,-,-,Claiborne,Not in City Limit,4
37970,400067292,0,1,35.59781,-84.46921,1,2024-03-17 03:26:00,2024,3,17,3,26,Sunday,03:26,Suspected Serious Injury,Dark-Lighted,Clear,Guard Rail End,None,THP District 1 - Knoxville,THP,Unbelted,-,Drinking,Drug,-,Speeding,-,-,-,-,-,-,-,Monroe,Sweetwater,1
37973,400067303,0,1,35.35646,-86.22785,2,2024-03-20 15:56:00,2024,3,20,15,56,Wednesday,15:56,Suspected Serious Injury,Daylight,Clear,Ditch,None,TULLAHOMA POLICE DEPT,Other,Unbelted,-,Drinking,-,-,-,-,-,-,-,-,-,-,Coffee,Tullahoma,4
38006,400067474,0,1,36.12921,-86.2142,3,2024-03-17 18:55:00,2024,3,17,18,55,Sunday,18:55,Suspected Serious Injury,Dusk,Clear,Mail Box,None,THP District 3 - Nashville,THP,Unbelted,-,-,-,-,-,-,-,-,-,-,-,-,Wilson,Not in City Limit,1
38015,400067545,0,1,35.72265,-83.81882,1,2024-03-21 17:26:00,2024,3,21,17,26,Thursday,17:26,Suspected Serious Injury,Daylight,Clear,Other Non-Collision,None,BLOUNT CO SHERIFFS DEPT,Other,-,-,-,-,-,-,-,-,-,-,-,Motorcyclist,-,Blount,Not in City Limit,5
38018,400067551,0,2,36.28959,-89.20185,8,2024-03-20 16:40:00,2024,3,20,16,40,Wednesday,16:40,Suspected Serious Injury,Daylight,Clear,Motor Vehicle-In-Transport On Same Roadway,None,THP District 8 - Jackson,THP,Unbelted,Distracted,-,-,-,-,-,-,-,-,-,-,-,Obion,Not in City Limit,4
38022,400067561,0,1,35.64575,-88.85089,8,2024-03-21 16:55:00,2024,3,21,16,55,Thursday,16:55,Suspected Serious Injury,,Clear,Motor Vehicle-In-Transport On Same Roadway,None,JACKSON POLICE DEPT,Other,Unbelted,-,-,-,-,-,-,-,-,-,ATV_Involved,-,-,Madison,Jackson,5
38026,400067577,0,1,35.93327,-86.8148,3,2024-03-21 17:07:00,2024,3,21,17,7,Thursday,17:07,Suspected Serious Injury,Daylight,Clear,Motor Vehicle-In-Transport On Same Roadway,None,FRANKLIN POLICE DEPT,Other,Unbelted,-,-,-,-,-,-,-,-,-,-,Motorcyclist,-,Williamson,Franklin,5
38029,400067596,1,6,36.18816,-83.30456,5,2024-03-21 14:21:00,2024,3,21,14,21,Thursday,14:21,Fatal,Daylight,Clear,Motor Vehicle-In-Transport On Same Roadway,None,MORRISTOWN POLICE DEPT,Other,Unbelted,-,-,-,-,-,-,-,-,-,-,-,-,Hamblen,Morristown,5
38031,400067603,1,0,35.37126,-86.88503,7,2024-03-16 07:55:00,2024,3,16,7,55,Saturday,07:55,Fatal,Daylight,Clear,Guard Rail Face,None,THP District 7 - Lawrenceburg,THP,-,-,-,-,-,Speeding,-,-,-,-,-,Motorcyclist,-,Marshall,Cornersville,7
38035,400067617,0,1,36.08721,-84.18422,1,2024-03-21 16:20:00,2024,3,21,16,20,Thursday,16:20,Suspected Serious Injury,Daylight,Clear,Culvert,None,THP District 1 - Knoxville,THP,-,-,-,-,-,-,-,-,-,-,-,Motorcyclist,-,Anderson,Not in City Limit,5
38037,400067634,0,1,36.23506,-86.27863,3,2024-03-21 18:03:00,2024,3,21,18,3,Thursday,18:03,Suspected Serious Injury,Dusk,Clear,Pedestrian,None,LEBANON POLICE DEPT,Other,Unbelted,-,-,-,-,-,-,Pedestrian,-,-,-,-,-,Wilson,Lebanon,5