OBJECTID,MRN,Fatality,Injury,Latitude,Longitude,THP_District,Collision_Date,Collision_Year,Collision_Month,Collision_Day,Collision_Hour,Collision_Min,Collision_DOW,Collision_Time,Crash_Type,Light_Condition,Weather,First_Harmfu_Event,Work_Zone_Type,Agency_Name,THP,Unbelted,Distracted_Driver,Driver_Drinking,Driver_Drugged,Drowsy_Driver,Speeding_Involved,Pedalcyclist,Pedestrian,Other_Nonmotorist,ATV_Involved,LargeTruck_Involved,Motorcycle_Involved,SchoolBus,County,City,DOW_Nmb
38042,400067656,0,1,36.06284,-86.62632,3,2024-03-21 21:13:00,2024,3,21,21,13,Thursday,21:13,Suspected Serious Injury,Dark-Lighted,Clear,Pedestrian,None,METROPOLITAN NASHVILLE POLICE DEPT,Other,Unbelted,-,-,-,-,-,-,Pedestrian,-,-,-,-,-,Davidson,Nashville,5
38045,400067662,0,2,35.58499,-88.81443,8,2024-03-21 23:40:00,2024,3,21,23,40,Thursday,23:40,Suspected Serious Injury,Dark-Lighted,Cloudy,Motor Vehicle-In-Transport On Same Roadway,None,JACKSON POLICE DEPT,Other,Unbelted,-,-,-,-,-,-,-,-,-,-,-,-,Madison,Jackson,5
38053,400067696,1,0,36.08361,-85.64616,6,2024-03-20 13:49:00,2024,3,20,13,49,Wednesday,13:49,Fatal,Daylight,Clear,Fence,None,PUTNAM COUNTY SHERIFF'S OFFICE,Other,-,-,-,-,-,Speeding,-,-,-,-,-,Motorcyclist,-,Putnam,Not in City Limit,4
38055,400067730,0,1,35.94267,-83.97359,1,2024-03-22 08:15:00,2024,3,22,8,15,Friday,08:15,Suspected Serious Injury,Daylight,Cloudy,Motor Vehicle-In-Transport On Same Roadway,None,KNOXVILLE POLICE DEPT,Other,Unbelted,-,-,-,-,-,-,-,-,-,-,Motorcyclist,-,Knox,Knoxville,6
38056,400067731,0,1,35.82814,-86.96854,3,2024-03-22 08:30:00,2024,3,22,8,30,Friday,08:30,Suspected Serious Injury,Daylight,Clear,Standing Tree,None,WILLIAMSON CO SHERIFFS OFFICE,Other,Unbelted,-,-,-,-,-,-,-,-,-,-,-,-,Williamson,Not in City Limit,6
38059,400067749,1,2,35.76685,-83.97279,1,2024-03-22 05:43:00,2024,3,22,5,43,Friday,05:43,Fatal,Dark-Lighted,Clear,Motor Vehicle-In-Transport On Same Roadway,None,ALCOA POLICE DEPARTMENT,Other,Unbelted,-,Drinking,Drug,-,-,-,-,-,-,-,-,-,Blount,Alcoa,6
38061,400067802,0,1,35.86252,-83.65493,1,2024-03-22 07:39:00,2024,3,22,7,39,Friday,07:39,Suspected Serious Injury,Daylight,Cloudy,Motor Vehicle-In-Transport On Same Roadway,None,THP District 1 - Knoxville,THP,Unbelted,-,-,-,-,-,-,-,-,-,ATV_Involved,-,-,Sevier,Not in City Limit,6
38062,400067810,0,2,35.92884,-84.12633,1,2024-03-22 10:54:00,2024,3,22,10,54,Friday,10:54,Suspected Serious Injury,Daylight,Cloudy,Motor Vehicle-In-Transport On Same Roadway,None,KNOXVILLE POLICE DEPT,Other,Unbelted,-,-,-,-,-,-,-,-,-,-,-,-,Knox,Knoxville,6
38063,400067812,0,2,35.93648,-84.14386,1,2024-03-22 12:02:00,2024,3,22,12,2,Friday,12:02,Suspected Serious Injury,Daylight,Clear,Motor Vehicle-In-Transport On Same Roadway,None,THP District 1 - Knoxville,THP,Unbelted,Distracted,-,-,-,-,-,-,-,-,-,-,-,Knox,Not in City Limit,6
38073,400067859,0,3,36.07084,-87.12427,3,2024-03-22 09:04:00,2024,3,22,9,4,Friday,09:04,Suspected Serious Injury,Daylight,Clear,Motor Vehicle-In-Transport On Same Roadway,None,THP District 3 - Nashville,THP,Unbelted,-,Drinking,Drug,-,-,-,-,-,-,-,-,-,Cheatham,Kingston Springs,6
38075,400067875,0,1,35.07164,-84.8682,2,2024-03-16 18:45:00,2024,3,16,18,45,Saturday,18:45,Suspected Serious Injury,Daylight,Clear,Ditch,None,THP District 2 - Chattanooga,THP,-,-,-,-,-,-,-,-,-,-,-,Motorcyclist,-,Bradley,Not in City Limit,7
38077,400067898,1,0,35.73936,-87.95453,7,2024-03-22 10:01:00,2024,3,22,10,1,Friday,10:01,Fatal,Daylight,Cloudy,"Over Turn, Roll Over",None,THP District 7 - Lawrenceburg,THP,Unbelted,-,-,Drug,-,-,-,-,-,-,-,-,-,Perry,Not in City Limit,6
38089,400067971,0,1,35.51715,-86.4084,7,2024-03-19 15:49:00,2024,3,19,15,49,Tuesday,15:49,Suspected Serious Injury,Daylight,Clear,Embankment Earth,None,THP District 7 - Lawrenceburg,THP,Unbelted,-,-,-,-,-,-,-,-,-,-,-,-,Bedford,Not in City Limit,3
38096,400068011,0,1,36.54068,-85.169,6,2024-03-22 15:17:00,2024,3,22,15,17,Friday,15:17,Suspected Serious Injury,Daylight,Clear,Fell/Jumped From Vehicle,None,THP District 6 - Cookeville,THP,-,-,-,-,-,-,-,-,-,ATV_Involved,-,-,-,Pickett,Not in City Limit,6
38099,400068023,0,1,35.56981,-84.4635,1,2024-03-22 15:23:00,2024,3,22,15,23,Friday,15:23,Suspected Serious Injury,Daylight,Clear,Culvert,None,THP District 1 - Knoxville,THP,Unbelted,-,-,-,-,-,-,-,-,-,-,-,-,Monroe,Not in City Limit,6
38102,400068033,0,2,36.57074,-82.69422,5,2024-03-22 16:08:00,2024,3,22,16,8,Friday,16:08,Suspected Serious Injury,Daylight,Cloudy,Motor Vehicle-In-Transport On Same Roadway,None,THP District 5 - Fall Branch,THP,Unbelted,-,-,-,-,-,-,-,-,-,-,-,-,Hawkins,Not in City Limit,6
38110,400068073,0,3,36.46883,-89.03882,8,2024-03-22 17:50:00,2024,3,22,17,50,Friday,17:50,Suspected Serious Injury,Daylight,Cloudy,Motor Vehicle-In-Transport On Same Roadway,None,THP District 8 - Jackson,THP,Unbelted,-,-,-,-,-,-,-,-,-,-,-,-,Obion,Not in City Limit,6
38126,400068143,0,1,35.94949,-83.20193,5,2024-03-22 23:04:00,2024,3,22,23,4,Friday,23:04,Suspected Serious Injury,Dark-Lighted,Rain,Pedestrian,None,NEWPORT POLICE DEPT,Other,Unbelted,-,-,-,-,-,-,Pedestrian,-,-,-,-,-,Cocke,Newport,6
38128,400068154,0,2,36.18809,-81.99285,5,2024-03-23 01:25:00,2024,3,23,1,25,Saturday,01:25,Suspected Serious Injury,Dark-Not Lighted,Rain,Embankment Earth,None,CARTER CO SHERIFFS DEPT,Other,Unbelted,Distracted,-,-,-,-,-,-,-,-,-,-,-,Carter,Not in City Limit,7
38145,400068288,0,2,35.63017,-87.05918,7,2024-03-23 09:35:00,2024,3,23,9,35,Saturday,09:35,Suspected Serious Injury,Daylight,Clear,"Over Turn, Roll Over",None,COLUMBIA POLICE DEPT,Other,Unbelted,-,-,-,-,-,-,-,-,-,-,-,-,Maury,Columbia,7
38147,400068294,0,1,35.68115,-88.73963,8,2024-03-21 08:54:00,2024,3,21,8,54,Thursday,08:54,Suspected Serious Injury,Daylight,Clear,Motor Vehicle-In-Transport On Same Roadway,None,THP District 8 - Jackson,THP,Unbelted,Distracted,-,-,-,-,-,-,-,-,ATV_Involved,-,-,Madison,Jackson,5
38151,400068304,0,1,36.20021,-85.51172,6,2024-03-22 22:15:00,2024,3,22,22,15,Friday,22:15,Suspected Serious Injury,Dark-Not Lighted,Rain,Pedestrian,None,THP District 6 - Cookeville,THP,Unbelted,-,-,-,-,-,-,Pedestrian,-,-,-,-,-,Putnam,Not in City Limit,6
38162,400068362,0,1,35.70949,-89.04684,4,2024-03-23 00:02:00,2024,3,23,0,2,Saturday,00:02,Suspected Serious Injury,Dark-Not Lighted,Clear,Culvert,None,THP District 4 - Memphis,THP,Unbelted,-,Drinking,Drug,-,Speeding,-,-,-,-,-,-,-,Crockett,Not in City Limit,7
38164,400068370,0,2,35.94333,-83.30521,5,2024-03-23 17:05:00,2024,3,23,17,5,Saturday,17:05,Suspected Serious Injury,Daylight,Cloudy,Utility Pole,None,THP District 5 - Fall Branch,THP,Unbelted,Distracted,-,-,-,-,-,-,-,-,-,-,-,Jefferson,Not in City Limit,7
38167,400068390,1,0,35.98873,-84.21708,1,2024-03-23 18:13:00,2024,3,23,18,13,Saturday,18:13,Fatal,Daylight,Clear,Motor Vehicle-In-Transport On Same Roadway,None,OAK RIDGE POLICE DEPT,Other,Unbelted,-,Drinking,-,-,-,-,-,-,-,-,Motorcyclist,-,Anderson,Oak Ridge,7
38168,400068399,0,1,35.88151,-87.83764,3,2024-03-23 18:42:00,2024,3,23,18,42,Saturday,18:42,Suspected Serious Injury,Daylight,Clear,Paved Surface-Irregular,None,THP District 3 - Nashville,THP,-,-,-,-,-,-,-,-,-,-,-,Motorcyclist,-,Humphreys,Not in City Limit,7
38169,400068400,1,0,35.0435,-89.13172,4,2024-03-23 18:57:00,2024,3,23,18,57,Saturday,18:57,Fatal,Daylight,Clear,"Fire, Explosion",None,THP District 4 - Memphis,THP,Unbelted,-,-,-,-,-,-,-,-,-,-,-,-,Hardeman,Not in City Limit,7
38172,400068422,0,6,35.70689,-88.83276,8,2024-03-23 18:33:00,2024,3,23,18,33,Saturday,18:33,Suspected Serious Injury,Daylight,Clear,Motor Vehicle-In-Transport On Same Roadway,None,JACKSON POLICE DEPT,Other,Unbelted,-,-,-,-,-,-,-,-,-,-,-,-,Madison,Jackson,7
38180,400068441,0,1,36.30541,-83.4454,5,2024-03-23 19:32:00,2024,3,23,19,32,Saturday,19:32,Suspected Serious Injury,Dark-Not Lighted,Clear,Embankment Earth,None,THP District 5 - Fall Branch,THP,Unbelted,Distracted,Drinking,Drug,-,-,-,-,-,-,-,-,-,Grainger,Not in City Limit,7
38184,400068464,0,3,35.25261,-85.00097,2,2024-03-23 21:18:00,2024,3,23,21,18,Saturday,21:18,Suspected Serious Injury,Dark-Not Lighted,Clear,Motor Vehicle-In-Transport On Same Roadway,None,HAMILTON COUNTY SHERIFF'S OFFICE,Other,Unbelted,-,-,-,-,-,-,-,-,-,-,-,-,Hamilton,Not in City Limit,7
38186,400068468,0,1,36.07014,-87.38049,3,2024-03-22 18:07:00,2024,3,22,18,7,Friday,18:07,Suspected Serious Injury,Daylight,Rain,Motor Vehicle-In-Transport On Same Roadway,None,DICKSON POLICE DEPT,Other,Unbelted,-,-,-,-,Speeding,-,-,-,-,-,-,-,Dickson,Dickson,6
38187,400068469,0,1,36.1272,-87.77959,3,2024-03-24 00:08:00,2024,3,24,0,8,Sunday,00:08,Suspected Serious Injury,Dark-Not Lighted,Clear,Ditch,None,HUMPHREYS CO SHERIFFS DEPT,Other,Unbelted,-,-,-,-,-,-,-,-,-,-,-,-,Humphreys,Not in City Limit,1
38191,400068478,0,2,36.29536,-86.72736,3,2024-03-23 23:19:00,2024,3,23,23,19,Saturday,23:19,Suspected Serious Injury,Dark-Lighted,Clear,Standing Tree,None,GOODLETTSVILLE POLICE DEPT,Other,Unbelted,Distracted,Drinking,-,-,-,-,-,-,-,-,-,-,Davidson,Nashville,7
38192,400068479,0,2,36.13581,-85.50175,6,2024-03-24 03:43:00,2024,3,24,3,43,Sunday,03:43,Suspected Serious Injury,Dark-Not Lighted,Clear,Embankment Earth,None,THP District 6 - Cookeville,THP,Unbelted,-,-,-,-,Speeding,-,-,-,-,-,-,-,Putnam,Cookeville,1
38204,400068559,0,3,35.52966,-86.45375,7,2024-03-24 10:54:00,2024,3,24,10,54,Sunday,10:54,Suspected Serious Injury,Daylight,Cloudy,Motor Vehicle-In-Transport On Same Roadway,None,SHELBYVILLE POLICE DEPT,Other,Unbelted,-,-,-,-,-,-,-,-,-,-,-,-,Bedford,Shelbyville,1
38211,400068589,0,1,35.11274,-84.72551,2,2024-03-24 14:30:00,2024,3,24,14,30,Sunday,14:30,Suspected Serious Injury,Daylight,Clear,Motor Vehicle-In-Transport On Same Roadway,None,THP District 2 - Chattanooga,THP,Unbelted,-,-,-,-,-,-,-,-,-,-,-,-,Polk,Not in City Limit,1
38215,400068596,0,2,36.14426,-86.44483,3,2024-03-24 11:32:00,2024,3,24,11,32,Sunday,11:32,Suspected Serious Injury,Daylight,Clear,Ditch,None,THP District 3 - Nashville,THP,-,-,-,-,-,-,-,-,-,-,-,Motorcyclist,-,Wilson,Not in City Limit,1
38220,400068618,0,5,35.58266,-89.75396,4,2024-03-17 16:54:00,2024,3,17,16,54,Sunday,16:54,Suspected Serious Injury,Daylight,Clear,Motor Vehicle-In-Transport On Same Roadway,None,THP District 4 - Memphis,THP,Unbelted,-,-,-,-,-,-,-,-,-,-,-,-,Tipton,Garland,1
38221,400068623,0,2,35.4805,-84.73263,2,2024-03-24 17:01:00,2024,3,24,17,1,Sunday,17:01,Suspected Serious Injury,Daylight,Clear,"Over Turn, Roll Over",None,THP District 2 - Chattanooga,THP,-,-,-,-,-,-,-,-,-,-,-,Motorcyclist,-,McMinn,Not in City Limit,1
38223,400068632,0,1,36.14712,-86.80798,3,2024-03-24 16:00:00,2024,3,24,16,0,Sunday,16:00,Suspected Serious Injury,Daylight,Clear,Motor Vehicle-In-Transport On Same Roadway,None,VANDERBILT UNIVERSITY POLICE,Other,-,-,-,-,-,-,-,-,-,-,-,Motorcyclist,-,Davidson,Nashville,1
38229,400068643,0,1,35.78909,-89.15397,4,2024-03-24 16:53:00,2024,3,24,16,53,Sunday,16:53,Suspected Serious Injury,Daylight,Clear,Standing Tree,None,THP District 4 - Memphis,THP,Unbelted,-,Drinking,Drug,-,-,-,-,-,-,-,-,-,Crockett,Not in City Limit,1
38248,400068717,0,1,35.50713,-86.45672,7,2024-03-22 19:58:00,2024,3,22,19,58,Friday,19:58,Suspected Serious Injury,Dark-Lighted,Rain,Motor Vehicle-In-Transport On Same Roadway,None,SHELBYVILLE POLICE DEPT,Other,Unbelted,Distracted,Drinking,-,-,-,-,-,-,-,-,-,-,Bedford,Shelbyville,6
38255,400068738,0,1,35.96862,-84.05166,1,2024-03-24 23:58:00,2024,3,24,23,58,Sunday,23:58,Suspected Serious Injury,Dark-Lighted,Clear,Standing Tree,None,KNOXVILLE POLICE DEPT,Other,Unbelted,-,Drinking,-,-,-,-,-,-,-,-,-,-,Knox,Knoxville,1
38259,400068767,0,3,35.83506,-88.09582,8,2024-03-22 13:52:00,2024,3,22,13,52,Friday,13:52,Suspected Serious Injury,Daylight,Clear,Motor Vehicle-In-Transport On Same Roadway,Work Zone,THP District 8 - Jackson,THP,Unbelted,-,-,-,-,-,-,-,-,-,ATV_Involved,-,-,Decatur,Not in City Limit,6
38260,400068778,0,3,35.04698,-85.15112,2,2024-03-24 12:55:00,2024,3,24,12,55,Sunday,12:55,Suspected Serious Injury,Daylight,Clear,Motor Vehicle-In-Transport On Same Roadway,Construction Zone,CHATTANOOGA POLICE DEPT,Other,Unbelted,-,-,-,-,Speeding,-,-,-,-,-,-,-,Hamilton,Chattanooga,1
38261,400068779,0,4,35.49715,-87.83292,7,2024-03-23 23:15:00,2024,3,23,23,15,Saturday,23:15,Suspected Serious Injury,Dark-Not Lighted,Clear,Standing Tree,None,THP District 7 - Lawrenceburg,THP,Unbelted,-,-,-,-,Speeding,-,-,-,-,-,-,-,Perry,Not in City Limit,7
38266,400068823,0,1,36.09422,-86.2383,3,2024-03-25 09:41:00,2024,3,25,9,41,Monday,09:41,Suspected Serious Injury,,Clear,Standing Tree,None,THP District 3 - Nashville,THP,Unbelted,-,-,-,-,-,-,-,-,-,-,-,-,Wilson,Not in City Limit,2
38270,400068849,0,1,35.08896,-87.72701,7,2024-03-20 15:43:00,2024,3,20,15,43,Wednesday,15:43,Suspected Serious Injury,Daylight,Clear,Embankment Earth,None,THP District 7 - Lawrenceburg,THP,Unbelted,-,-,-,-,-,-,-,-,-,-,-,-,Wayne,Not in City Limit,4
38285,400068919,1,3,35.89822,-83.82944,1,2024-03-24 00:26:00,2024,3,24,0,26,Sunday,00:26,Fatal,Dark-Lighted,Clear,Utility Pole,None,KNOX CO SHERIFFS OFFICE,Other,Unbelted,-,Drinking,Drug,-,Speeding,-,-,-,-,-,-,-,Knox,Not in City Limit,1
38295,400068968,0,1,36.4375,-89.10864,8,2024-03-24 18:45:00,2024,3,24,18,45,Sunday,18:45,Suspected Serious Injury,Dusk,Cloudy,"Over Turn, Roll Over",None,THP District 8 - Jackson,THP,Unbelted,-,Drinking,-,-,-,-,-,-,-,-,-,-,Obion,Not in City Limit,1
38296,400068974,0,2,35.58835,-86.44028,7,2024-03-25 16:08:00,2024,3,25,16,8,Monday,16:08,Suspected Serious Injury,Daylight,Clear,Motor Vehicle-In-Transport On Same Roadway,None,THP District 7 - Lawrenceburg,THP,Unbelted,-,-,-,-,-,-,-,-,-,-,-,-,Bedford,Not in City Limit,2
38300,400068989,0,1,35.09592,-87.1389,7,2024-03-25 17:31:00,2024,3,25,17,31,Monday,17:31,Suspected Serious Injury,Daylight,Cloudy,Standing Tree,None,THP District 7 - Lawrenceburg,THP,Unbelted,-,-,-,-,-,-,-,-,-,-,-,-,Giles,Minor Hill,2
38302,400068997,0,1,36.57656,-82.35403,5,2024-03-25 15:37:00,2024,3,25,15,37,Monday,15:37,Suspected Serious Injury,Daylight,Clear,Motor Vehicle-In-Transport On Same Roadway,None,THP District 5 - Fall Branch,THP,Unbelted,-,-,-,-,-,-,-,-,-,-,-,-,Sullivan,Not in City Limit,2
38312,400069037,0,1,35.82689,-85.09438,6,2024-03-25 18:25:00,2024,3,25,18,25,Monday,18:25,Suspected Serious Injury,Daylight,Clear,"Over Turn, Roll Over",None,CUMBERLAND CO SHERIFFS OFFICE,Other,-,-,-,-,-,-,-,-,-,-,-,Motorcyclist,-,Cumberland,Not in City Limit,2
38313,400069041,0,1,35.09714,-84.76631,2,2024-03-25 23:13:00,2024,3,25,23,13,Monday,23:13,Suspected Serious Injury,Dark-Not Lighted,Clear,Standing Tree,None,THP District 2 - Chattanooga,THP,Unbelted,-,Drinking,Drug,Drowsy,-,-,-,-,-,-,-,-,Bradley,Not in City Limit,2
38320,400069059,0,1,36.36283,-82.27995,5,2024-03-26 01:00:00,2024,3,26,1,0,Tuesday,01:00,Suspected Serious Injury,Dark-Not Lighted,Clear,Fence,None,THP District 5 - Fall Branch,THP,Unbelted,-,-,-,-,-,-,-,-,-,-,-,-,Carter,Watauga,3
38326,400069088,1,1,35.89319,-84.1429,1,2024-03-25 12:47:00,2024,3,25,12,47,Monday,12:47,Fatal,Daylight,Clear,Motor Vehicle-In-Transport On Same Roadway,None,THP District 1 - Knoxville,THP,Unbelted,-,-,Drug,-,-,-,-,-,-,ATV_Involved,-,-,Knox,Not in City Limit,2
38328,400069093,0,4,36.36695,-85.34092,6,2024-03-25 15:06:00,2024,3,25,15,6,Monday,15:06,Suspected Serious Injury,Daylight,Clear,Motor Vehicle-In-Transport On Same Roadway,None,LIVINGSTON POLICE DEPT,Other,Unbelted,Distracted,-,-,-,-,-,-,-,-,-,-,-,Overton,Livingston,2
38329,400069097,0,1,35.58399,-86.40012,7,2024-03-26 03:34:00,2024,3,26,3,34,Tuesday,03:34,Suspected Serious Injury,Dark-Not Lighted,Rain,Standing Tree,None,THP District 7 - Lawrenceburg,THP,Unbelted,-,-,-,-,Speeding,-,-,-,-,-,-,-,Bedford,Not in City Limit,3
38330,400069108,0,5,35.93236,-84.01636,1,2024-03-25 17:20:00,2024,3,25,17,20,Monday,17:20,Suspected Serious Injury,Daylight,Clear,Motor Vehicle-In-Transport On Same Roadway,None,KNOXVILLE POLICE DEPT,Other,Unbelted,-,-,-,-,-,-,-,-,-,-,-,-,Knox,Knoxville,2
38336,400069164,0,1,35.88766,-84.2157,1,2024-03-26 09:25:00,2024,3,26,9,25,Tuesday,09:25,Suspected Serious Injury,Daylight,Rain,Motor Vehicle-In-Transport On Same Roadway,None,THP District 1 - Knoxville,THP,Unbelted,-,-,-,-,Speeding,-,-,-,-,ATV_Involved,-,-,Knox,Farragut,3
38340,400069174,0,3,35.21543,-85.03061,2,2024-03-26 06:19:00,2024,3,26,6,19,Tuesday,06:19,Suspected Serious Injury,Dark-Not Lighted,Rain,Motor Vehicle-In-Transport On Same Roadway,None,HAMILTON COUNTY SHERIFF'S OFFICE,Other,Unbelted,-,-,-,-,-,-,-,-,-,-,-,-,Hamilton,Not in City Limit,3
38343,400069198,1,1,36.20142,-85.55555,6,2024-03-26 00:00:00,2024,3,26,24,0,Tuesday,24:00,Fatal,Daylight,Rain,Standing Tree,None,THP District 6 - Cookeville,THP,Unbelted,-,-,-,-,-,-,-,-,-,-,-,-,Putnam,Not in City Limit,3
38354,400069292,0,1,36.15564,-86.78972,3,2024-03-22 11:40:00,2024,3,22,11,40,Friday,11:40,Suspected Serious Injury,Daylight,Clear,Pedestrian,None,METROPOLITAN NASHVILLE POLICE DEPT,Other,Unbelted,-,-,-,-,-,-,Pedestrian,-,-,ATV_Involved,-,-,Davidson,Nashville,6
38359,400069348,1,4,35.20478,-89.74097,4,2024-03-26 14:20:00,2024,3,26,14,20,Tuesday,14:20,Fatal,Daylight,Clear,Motor Vehicle-In-Transport On Same Roadway,None,THP District 4 - Memphis,THP,Unbelted,-,-,-,-,-,-,-,-,-,-,-,-,Shelby,Not in City Limit,3
38364,400069378,0,1,35.75753,-83.4396,1,2024-03-26 15:33:00,2024,3,26,15,33,Tuesday,15:33,Suspected Serious Injury,Daylight,Rain,Guard Rail Face,None,GATLINBURG POLICE DEPT,Other,Unbelted,-,-,-,-,Speeding,-,-,-,-,-,-,-,Sevier,Gatlinburg,3
38378,400069483,0,2,36.0234,-83.92582,1,2024-03-26 15:51:00,2024,3,26,15,51,Tuesday,15:51,Suspected Serious Injury,Daylight,Rain,Motor Vehicle-In-Transport On Same Roadway,None,KNOXVILLE POLICE DEPT,Other,Unbelted,-,-,-,-,-,-,-,-,-,ATV_Involved,-,-,Knox,Knoxville,3
38386,400069500,0,2,35.85989,-83.95956,1,2024-03-26 17:04:00,2024,3,26,17,4,Tuesday,17:04,Suspected Serious Injury,Daylight,Clear,Motor Vehicle-In-Transport On Same Roadway,None,ALCOA POLICE DEPARTMENT,Other,Unbelted,-,-,-,-,-,-,-,-,-,-,-,-,Blount,Alcoa,3
38388,400069502,0,4,36.16502,-86.6978,3,2024-03-26 14:16:00,2024,3,26,14,16,Tuesday,14:16,Suspected Serious Injury,Daylight,Clear,Motor Vehicle-In-Transport On Same Roadway,None,METROPOLITAN NASHVILLE POLICE DEPT,Other,Unbelted,-,-,-,-,-,-,-,-,-,-,-,-,Davidson,Nashville,3
38407,400069611,0,3,35.11381,-85.26009,2,2024-03-27 07:55:00,2024,3,27,7,55,Wednesday,07:55,Suspected Serious Injury,Daylight,Clear,Motor Vehicle-In-Transport On Same Roadway,None,CHATTANOOGA POLICE DEPT,Other,Unbelted,-,-,-,-,-,-,-,-,-,-,-,-,Hamilton,Chattanooga,4
38428,400069718,2,3,35.31013,-85.13457,2,2024-03-23 01:25:00,2024,3,23,1,25,Saturday,01:25,Fatal,Dark-Not Lighted,Rain,Embankment Earth,None,THP District 2 - Chattanooga,THP,Unbelted,Distracted,Drinking,Drug,-,Speeding,-,-,-,-,-,-,-,Hamilton,Soddy-Daisy,7
38432,400069733,0,1,35.8932,-83.89263,1,2024-03-26 00:00:00,2024,3,26,0,0,Tuesday,00:00,Suspected Serious Injury,Other,Rain,Motor Vehicle-In-Transport On Same Roadway,None,THP District 1 - Knoxville,THP,Unbelted,-,Drinking,Drug,-,-,-,-,-,-,ATV_Involved,-,-,Knox,Not in City Limit,3
38455,400069887,0,1,36.24784,-82.97475,5,2024-03-27 17:43:00,2024,3,27,17,43,Wednesday,17:43,Suspected Serious Injury,Daylight,Cloudy,Embankment Earth,None,THP District 5 - Fall Branch,THP,Unbelted,-,-,-,-,-,-,-,-,-,-,-,-,Greene,Not in City Limit,4
38457,400069890,0,4,35.91619,-84.1001,1,2024-03-27 18:06:00,2024,3,27,18,6,Wednesday,18:06,Suspected Serious Injury,Daylight,Clear,Motor Vehicle-In-Transport On Same Roadway,None,KNOXVILLE POLICE DEPT,Other,Unbelted,-,-,-,-,-,-,-,-,-,-,-,-,Knox,Knoxville,4
38472,400069966,0,1,36.10868,-86.74432,3,2024-03-27 21:15:00,2024,3,27,21,15,Wednesday,21:15,Suspected Serious Injury,Dark-Lighted,Clear,Motor Vehicle-In-Transport On Same Roadway,None,METROPOLITAN NASHVILLE POLICE DEPT,Other,Unbelted,-,-,-,-,-,-,-,-,-,-,Motorcyclist,-,Davidson,Nashville,4
38475,400069974,0,3,36.29886,-84.21371,1,2024-03-24 16:16:00,2024,3,24,16,16,Sunday,16:16,Suspected Serious Injury,Daylight,Clear,Motor Vehicle-In-Transport On Same Roadway,None,THP District 1 - Knoxville,THP,Unbelted,-,-,Drug,-,-,-,-,-,-,ATV_Involved,-,-,Campbell,Caryville,1
38481,400069987,0,1,35.39935,-86.81017,7,2024-03-27 22:11:00,2024,3,27,22,11,Wednesday,22:11,Suspected Serious Injury,Dark-Not Lighted,Clear,Motor Vehicle-In-Transport On Same Roadway,None,THP District 7 - Lawrenceburg,THP,Unbelted,-,-,-,-,-,-,-,-,-,ATV_Involved,-,-,Marshall,Not in City Limit,4
38485,400070009,0,1,35.92186,-84.09279,1,2024-03-27 06:59:00,2024,3,27,6,59,Wednesday,06:59,Suspected Serious Injury,Dark-Lighted,Clear,Motor Vehicle-In-Transport On Same Roadway,None,THP District 1 - Knoxville,THP,Unbelted,-,-,-,-,-,-,-,-,-,-,Motorcyclist,-,Knox,Knoxville,4
38489,400070030,0,1,36.1506,-85.517,6,2024-03-27 05:52:00,2024,3,27,5,52,Wednesday,05:52,Suspected Serious Injury,Dark-Lighted,Clear,Pedestrian,None,COOKEVILLE POLICE DEPT,Other,Unbelted,-,-,-,-,-,-,Pedestrian,-,-,-,-,-,Putnam,Cookeville,4
38495,400070050,1,0,36.24712,-87.52525,3,2024-03-28 07:00:00,2024,3,28,7,0,Thursday,07:00,Fatal,Daylight,Clear,Standing Tree,None,THP District 3 - Nashville,THP,Unbelted,-,-,-,-,-,-,-,-,-,-,-,-,Dickson,Not in City Limit,5
38498,400070077,0,1,36.28532,-86.57783,3,2024-03-26 13:34:00,2024,3,26,13,34,Tuesday,13:34,Suspected Serious Injury,Daylight,Rain,Embankment Earth,None,HENDERSONVILLE POLICE DEPT,Other,Unbelted,Distracted,-,-,-,Speeding,-,-,-,-,-,-,-,Sumner,Hendersonville,3
38499,400070078,0,2,36.22338,-86.31935,3,2024-03-27 06:39:00,2024,3,27,6,39,Wednesday,06:39,Suspected Serious Injury,Daylight,Clear,Motor Vehicle-In-Transport On Same Roadway,None,LEBANON POLICE DEPT,Other,Unbelted,-,-,-,-,-,-,-,-,-,-,Motorcyclist,-,Wilson,Lebanon,4
38504,400070096,0,1,36.2887,-86.70463,3,2024-03-28 05:36:00,2024,3,28,5,36,Thursday,05:36,Suspected Serious Injury,Dark-Not Lighted,Clear,Pedestrian,None,METROPOLITAN NASHVILLE POLICE DEPT,Other,Unbelted,-,-,-,-,-,-,Pedestrian,-,-,-,-,-,Davidson,Nashville,5
38506,400070112,0,1,36.10408,-83.89326,1,2024-03-28 10:11:00,2024,3,28,10,11,Thursday,10:11,Suspected Serious Injury,Daylight,Clear,Motor Vehicle-In-Transport On Same Roadway,None,THP District 1 - Knoxville,THP,Unbelted,-,-,-,-,-,-,-,-,-,ATV_Involved,-,-,Knox,Not in City Limit,5