OBJECTID,MRN,Fatality,Injury,Latitude,Longitude,THP_District,Collision_Date,Collision_Year,Collision_Month,Collision_Day,Collision_Hour,Collision_Min,Collision_DOW,Collision_Time,Crash_Type,Light_Condition,Weather,First_Harmfu_Event,Work_Zone_Type,Agency_Name,THP,Unbelted,Distracted_Driver,Driver_Drinking,Driver_Drugged,Drowsy_Driver,Speeding_Involved,Pedalcyclist,Pedestrian,Other_Nonmotorist,ATV_Involved,LargeTruck_Involved,Motorcycle_Involved,SchoolBus,County,City,DOW_Nmb
38509,400070151,1,0,36.15762,-86.78508,3,2024-03-26 20:07:00,2024,3,26,20,7,Tuesday,20:07,Fatal,Dark-Lighted,Clear,Pedestrian,None,METROPOLITAN NASHVILLE POLICE DEPT,Other,Unbelted,-,-,-,-,-,-,Pedestrian,-,-,-,-,-,Davidson,Nashville,3
38525,400070255,2,0,36.33933,-84.17061,1,2024-03-27 16:05:00,2024,3,27,16,5,Wednesday,16:05,Fatal,Daylight,Clear,Motor Vehicle-In-Transport On Same Roadway,None,THP District 1 - Knoxville,THP,Unbelted,-,-,-,-,-,-,-,-,-,-,-,-,Campbell,LaFollette,4
38527,400070272,1,0,36.08926,-86.61624,3,2024-03-27 22:05:00,2024,3,27,22,5,Wednesday,22:05,Fatal,Dark-Not Lighted,Clear,Pedestrian,None,METROPOLITAN NASHVILLE POLICE DEPT,Other,Unbelted,-,-,-,-,-,-,Pedestrian,-,-,-,-,-,Davidson,Nashville,4
38530,400070294,0,1,35.75805,-84.13564,1,2024-03-28 17:47:00,2024,3,28,17,47,Thursday,17:47,Suspected Serious Injury,Daylight,Clear,Pedal-Cycle,None,BLOUNT CO SHERIFFS DEPT,Other,Unbelted,-,-,-,-,-,Pedalcyclist,-,-,-,-,-,-,Blount,Friendsville,5
38541,400070343,0,1,36.02091,-84.0555,1,2024-03-28 18:23:00,2024,3,28,18,23,Thursday,18:23,Suspected Serious Injury,Daylight,Clear,Motor Vehicle-In-Transport On Same Roadway,None,KNOX CO SHERIFFS OFFICE,Other,Unbelted,-,-,-,-,-,-,-,-,-,-,-,-,Knox,Not in City Limit,5
38550,400070393,0,2,35.0957,-89.80214,4,2024-03-28 18:29:00,2024,3,28,18,29,Thursday,18:29,Suspected Serious Injury,Daylight,Clear,Motor Vehicle-In-Transport On Same Roadway,None,GERMANTOWN POLICE DEPT,Other,Unbelted,-,Drinking,-,-,-,-,-,-,-,-,-,-,Shelby,Germantown,5
38554,400070415,0,1,36.42773,-86.46246,3,2024-03-24 01:23:00,2024,3,24,1,23,Sunday,01:23,Suspected Serious Injury,Dark-Not Lighted,Clear,Ditch,None,THP District 3 - Nashville,THP,Unbelted,-,Drinking,-,-,-,-,-,-,-,-,-,-,Sumner,Not in City Limit,1
38561,400070432,0,1,35.55743,-86.44769,7,2024-03-27 18:06:00,2024,3,27,18,6,Wednesday,18:06,Suspected Serious Injury,Dusk,Clear,Motor Vehicle-In-Transport On Same Roadway,None,SHELBYVILLE POLICE DEPT,Other,Unbelted,-,-,-,-,-,-,-,-,-,-,-,-,Bedford,Shelbyville,4
38563,400070435,0,1,36.09656,-89.25892,8,2024-03-28 22:20:00,2024,3,28,22,20,Thursday,22:20,Suspected Serious Injury,Dark-Not Lighted,Clear,Embankment Earth,None,THP District 8 - Jackson,THP,Unbelted,-,-,-,-,-,-,-,-,-,-,-,-,Dyer,Not in City Limit,5
38572,400070470,0,1,35.1206,-85.28505,2,2024-03-26 15:06:00,2024,3,26,15,6,Tuesday,15:06,Suspected Serious Injury,Daylight,Cloudy,Motor Vehicle-In-Transport On Same Roadway,None,RED BANK POLICE DEPT,Other,Unbelted,-,-,-,-,-,-,-,-,-,-,-,-,Hamilton,Red Bank,3
38575,400070487,0,2,35.972,-89.41383,8,2024-03-27 13:10:00,2024,3,27,13,10,Wednesday,13:10,Suspected Serious Injury,Daylight,Clear,Ditch,None,THP District 8 - Jackson,THP,Unbelted,-,-,-,-,-,-,-,-,-,-,-,-,Dyer,Not in City Limit,4
38580,400070541,0,2,36.07434,-86.03975,6,2024-03-25 12:29:00,2024,3,25,12,29,Monday,12:29,Suspected Serious Injury,Daylight,Clear,Embankment Earth,None,THP District 6 - Cookeville,THP,Unbelted,-,-,-,-,-,-,-,-,-,-,-,-,DeKalb,Alexandria,2
38587,400070568,0,2,35.8922,-84.54649,1,2024-03-26 17:24:00,2024,3,26,17,24,Tuesday,17:24,Suspected Serious Injury,Daylight,Clear,Motor Vehicle-In-Transport On Same Roadway,None,HARRIMAN POLICE DEPT,Other,Unbelted,-,-,-,-,-,-,-,-,-,-,-,-,Roane,Harriman,3
38602,400070649,0,1,36.26178,-82.77486,5,2024-03-29 13:35:00,2024,3,29,13,35,Friday,13:35,Suspected Serious Injury,Daylight,Clear,Ditch,None,THP District 5 - Fall Branch,THP,Unbelted,-,-,-,-,-,-,-,-,-,-,-,-,Greene,Not in City Limit,6
38619,400070766,0,1,35.99098,-85.39362,6,2024-03-29 00:00:00,2024,3,29,24,0,Friday,24:00,Suspected Serious Injury,Daylight,Clear,Fell/Jumped From Vehicle,None,WHITE CO SHERIFFS DEPT,Other,-,-,-,-,-,Speeding,-,-,-,-,-,Motorcyclist,-,White,Not in City Limit,6
38626,400070790,0,1,36.32306,-86.70752,3,2024-03-29 20:19:00,2024,3,29,20,19,Friday,20:19,Suspected Serious Injury,Dark-Lighted,Clear,Pedestrian,None,GOODLETTSVILLE POLICE DEPT,Other,Unbelted,-,-,-,-,-,-,Pedestrian,-,-,-,-,-,Davidson,Goodlettsville,6
38627,400070798,0,1,35.08491,-89.8114,4,2024-03-29 23:20:00,2024,3,29,23,20,Friday,23:20,Suspected Serious Injury,Dark-Not Lighted,Clear,Motor Vehicle-In-Transport On Same Roadway,None,GERMANTOWN POLICE DEPT,Other,Unbelted,-,-,-,-,-,-,-,-,-,-,Motorcyclist,-,Shelby,Germantown,6
38632,400070825,1,0,35.15764,-88.22425,8,2024-03-28 01:29:00,2024,3,28,1,29,Thursday,01:29,Fatal,Dark-Not Lighted,Clear,"Over Turn, Roll Over",None,THP District 8 - Jackson,THP,Unbelted,-,-,Drug,-,-,-,-,-,-,-,-,-,Hardin,Not in City Limit,5
38634,400070830,0,4,35.91514,-84.10486,1,2024-03-30 06:10:00,2024,3,30,6,10,Saturday,06:10,Suspected Serious Injury,Dark-Lighted,Clear,Motor Vehicle-In-Transport On Same Roadway,None,KNOXVILLE POLICE DEPT,Other,Unbelted,-,-,-,-,-,-,-,-,-,-,-,-,Knox,Knoxville,7
38636,400070844,0,2,35.4857,-86.43294,7,2024-03-29 08:03:00,2024,3,29,8,3,Friday,08:03,Suspected Serious Injury,Daylight,Clear,Motor Vehicle-In-Transport On Same Roadway,None,SHELBYVILLE POLICE DEPT,Other,Unbelted,-,-,-,-,-,-,-,-,-,ATV_Involved,-,-,Bedford,Shelbyville,6
38637,400070850,0,1,36.62118,-86.01095,6,2024-03-29 14:35:00,2024,3,29,14,35,Friday,14:35,Suspected Serious Injury,Daylight,Clear,Embankment Earth,None,MACON CO SHERIFFS OFFICE,Other,-,Distracted,-,-,-,-,-,-,-,-,-,Motorcyclist,-,Macon,Not in City Limit,6
38650,400070913,0,1,35.95969,-88.69705,8,2024-03-29 19:50:00,2024,3,29,19,50,Friday,19:50,Suspected Serious Injury,Dark-Not Lighted,Clear,Motor Vehicle-In-Transport On Same Roadway,None,THP District 8 - Jackson,THP,-,Distracted,Drinking,-,-,-,-,-,-,-,-,Motorcyclist,-,Gibson,Not in City Limit,6
38659,400070948,0,1,35.60429,-84.47504,1,2024-03-30 09:07:00,2024,3,30,9,7,Saturday,09:07,Suspected Serious Injury,Daylight,Clear,Other Non-Fixed Object,None,SWEETWATER POLICE DEPT,Other,Unbelted,-,-,-,-,-,-,Pedestrian,Other_NM,-,-,-,-,Monroe,Sweetwater,7
38667,400070994,0,2,35.703,-86.05938,6,2024-03-28 16:37:00,2024,3,28,16,37,Thursday,16:37,Suspected Serious Injury,Daylight,Clear,Motor Vehicle-In-Transport On Same Roadway,None,THP District 6 - Cookeville,THP,Unbelted,-,-,-,-,-,-,-,-,-,-,-,-,Cannon,Not in City Limit,5
38670,400070999,0,1,35.47585,-86.98978,7,2024-03-30 15:30:00,2024,3,30,15,30,Saturday,15:30,Suspected Serious Injury,Daylight,Clear,Ditch,None,MAURY CO SHERIFFS DEPT,Other,-,-,-,-,-,Speeding,-,-,-,-,-,Motorcyclist,-,Maury,Not in City Limit,7
38672,400071004,0,1,35.81337,-84.29551,1,2024-03-30 21:45:00,2024,3,30,21,45,Saturday,21:45,Suspected Serious Injury,Dark-Not Lighted,Clear,Standing Tree,None,THP District 1 - Knoxville,THP,Unbelted,-,-,-,-,-,-,-,-,-,-,-,-,Loudon,Not in City Limit,7
38673,400071005,0,1,35.2367,-85.19407,2,2024-03-30 17:15:00,2024,3,30,17,15,Saturday,17:15,Suspected Serious Injury,Daylight,Clear,Motor Vehicle-In-Transport On Same Roadway,None,SODDY DAISY POLICE DEPT,Other,Unbelted,-,-,-,-,-,-,-,-,-,-,Motorcyclist,-,Hamilton,Soddy-Daisy,7
38681,400071031,0,1,35.78764,-84.33653,1,2024-03-29 16:31:00,2024,3,29,16,31,Friday,16:31,Suspected Serious Injury,Daylight,Clear,Motor Vehicle-In-Transport On Same Roadway,None,THP District 1 - Knoxville,THP,Unbelted,Distracted,-,-,-,-,-,-,-,-,-,-,-,Loudon,Not in City Limit,6
38682,400071033,0,1,35.63634,-88.8213,8,2024-03-30 00:00:00,2024,3,30,24,0,Saturday,24:00,Suspected Serious Injury,Daylight,Clear,Motor Vehicle-In-Transport On Same Roadway,None,JACKSON POLICE DEPT,Other,Unbelted,-,-,-,-,-,-,-,-,-,-,Motorcyclist,-,Madison,Jackson,7
38684,400071046,0,1,36.01085,-83.92465,1,2024-03-30 13:34:00,2024,3,30,13,34,Saturday,13:34,Suspected Serious Injury,Daylight,Clear,Motor Vehicle-In-Transport On Same Roadway,None,KNOXVILLE POLICE DEPT,Other,Unbelted,-,-,-,-,-,-,-,-,-,-,Motorcyclist,-,Knox,Knoxville,7
38690,400071067,0,5,35.94335,-84.08513,1,2024-03-29 22:31:00,2024,3,29,22,31,Friday,22:31,Suspected Serious Injury,Dark-Lighted,Clear,Motor Vehicle-In-Transport On Same Roadway,None,THP District 1 - Knoxville,THP,Unbelted,-,Drinking,Drug,-,-,-,-,-,-,-,-,-,Knox,Not in City Limit,6
38699,400071108,0,2,35.84103,-83.2165,5,2024-03-31 01:16:00,2024,3,31,1,16,Sunday,01:16,Suspected Serious Injury,Dark-Not Lighted,Clear,Utility Pole,None,COCKE CO SHERIFFS DEPT,Other,Unbelted,-,-,-,-,-,-,-,-,-,-,-,-,Cocke,Not in City Limit,1
38703,400071123,0,2,35.43758,-85.04007,2,2024-03-30 19:44:00,2024,3,30,19,44,Saturday,19:44,Suspected Serious Injury,Daylight,Clear,Ditch,None,RHEA CO SHERIFFS DEPT,Other,Unbelted,-,Drinking,Drug,-,-,-,-,-,-,-,-,-,Rhea,Not in City Limit,7
38710,400071153,1,0,36.55008,-87.46404,3,2024-03-30 09:50:00,2024,3,30,9,50,Saturday,09:50,Fatal,Daylight,Clear,Motor Vehicle-In-Transport On Same Roadway,None,THP District 3 - Nashville,THP,Unbelted,Distracted,-,Drug,-,-,-,-,-,-,-,Motorcyclist,-,Montgomery,Not in City Limit,7
38715,400071180,0,1,35.75071,-86.92353,7,2024-03-31 00:00:00,2024,3,31,24,0,Sunday,24:00,Suspected Serious Injury,Dawn,Clear,Mail Box,None,SPRING HILL POLICE DEPT,Other,Unbelted,-,Drinking,-,-,-,-,-,-,-,-,-,-,Maury,Spring Hill,1
38729,400071238,1,3,36.54217,-81.7763,5,2024-03-31 12:45:00,2024,3,31,12,45,Sunday,12:45,Fatal,Daylight,Clear,Motor Vehicle-In-Transport On Same Roadway,None,THP District 5 - Fall Branch,THP,Unbelted,-,-,-,-,-,-,-,-,-,-,-,-,Johnson,Not in City Limit,1
38731,400071256,0,2,36.33348,-86.71713,3,2024-03-31 12:20:00,2024,3,31,12,20,Sunday,12:20,Suspected Serious Injury,,Clear,Motor Vehicle-In-Transport On Same Roadway,None,GOODLETTSVILLE POLICE DEPT,Other,Unbelted,-,-,-,-,Speeding,-,-,-,-,-,-,-,Davidson,Goodlettsville,1
38742,400071316,1,1,36.38965,-86.24184,6,2024-03-31 13:29:00,2024,3,31,13,29,Sunday,13:29,Fatal,Daylight,Clear,Motor Vehicle-In-Transport On Same Roadway,None,THP District 6 - Cookeville,THP,Unbelted,-,-,-,-,-,-,-,-,-,-,Motorcyclist,-,Trousdale,Hartsville,1
38777,400071491,1,1,35.89779,-84.76439,6,2024-03-31 09:11:00,2024,3,31,9,11,Sunday,09:11,Fatal,Daylight,Clear,Motor Vehicle-In-Transport On Same Roadway,None,THP District 6 - Cookeville,THP,Unbelted,Distracted,-,Drug,-,-,-,-,-,-,-,Motorcyclist,-,Cumberland,Not in City Limit,1
38781,400071511,0,2,35.45841,-85.92921,2,2024-03-31 20:14:00,2024,3,31,20,14,Sunday,20:14,Suspected Serious Injury,Dark-Not Lighted,Clear,Motor Vehicle-In-Transport On Same Roadway,None,THP District 2 - Chattanooga,THP,Unbelted,-,-,-,-,-,-,-,-,-,-,-,-,Coffee,Not in City Limit,1
38783,400071518,0,1,35.91203,-83.43454,1,2024-04-01 11:52:00,2024,4,1,11,52,Monday,11:52,Suspected Serious Injury,Daylight,Clear,"Over Turn, Roll Over",None,THP District 1 - Knoxville,THP,-,-,-,-,-,-,-,-,-,-,-,Motorcyclist,-,Sevier,Not in City Limit,2
38786,400071526,0,2,36.31245,-86.43966,3,2024-03-31 08:12:00,2024,3,31,8,12,Sunday,08:12,Suspected Serious Injury,Daylight,Clear,Motor Vehicle-In-Transport On Same Roadway,None,THP District 3 - Nashville,THP,Unbelted,-,Drinking,Drug,-,-,-,-,-,-,-,-,-,Wilson,Not in City Limit,1
38795,400071605,0,1,35.53352,-87.54064,7,2024-04-01 14:45:00,2024,4,1,14,45,Monday,14:45,Suspected Serious Injury,Daylight,Cloudy,Pedestrian,None,HOHENWALD POLICE DEPT,Other,Unbelted,-,-,-,-,-,-,Pedestrian,-,-,-,-,-,Lewis,Hohenwald,2
38800,400071627,1,0,35.18948,-85.8158,2,2024-03-31 00:00:00,2024,3,31,24,0,Sunday,24:00,Fatal,Dark-Not Lighted,Clear,Pedestrian,None,THP District 2 - Chattanooga,THP,-,-,-,-,-,-,-,Pedestrian,-,-,-,-,-,Marion,Not in City Limit,1
38801,400071633,0,1,35.89823,-87.63426,7,2024-04-01 15:57:00,2024,4,1,15,57,Monday,15:57,Suspected Serious Injury,Daylight,Clear,Motor Vehicle-In-Transport On Same Roadway,Construction Zone,THP District 7 - Lawrenceburg,THP,Unbelted,-,-,-,-,-,-,Pedestrian,-,-,ATV_Involved,-,-,Hickman,Not in City Limit,2
38808,400071654,0,1,36.00241,-87.25296,3,2024-04-01 17:42:00,2024,4,1,17,42,Monday,17:42,Suspected Serious Injury,Daylight,Cloudy,Guard Rail End,None,THP District 9 - Administrative,THP,Unbelted,Distracted,-,-,-,-,-,-,-,-,-,-,-,Dickson,Not in City Limit,2
38812,400071671,0,3,36.33956,-88.37386,8,2024-03-31 13:01:00,2024,3,31,13,1,Sunday,13:01,Suspected Serious Injury,Daylight,Cloudy,Motor Vehicle-In-Transport On Same Roadway,None,THP District 8 - Jackson,THP,Unbelted,-,-,-,-,-,-,-,-,-,-,-,-,Henry,Not in City Limit,1
38815,400071678,0,1,36.333,-82.302,5,2024-03-31 16:45:00,2024,3,31,16,45,Sunday,16:45,Suspected Serious Injury,Daylight,Clear,Standing Tree,None,THP District 5 - Fall Branch,THP,Unbelted,-,Drinking,Drug,-,-,-,-,-,-,-,-,-,Carter,Not in City Limit,1
38817,400071683,0,2,35.7798,-83.54836,1,2024-04-01 13:54:00,2024,4,1,13,54,Monday,13:54,Suspected Serious Injury,Daylight,Clear,Motor Vehicle-In-Transport On Same Roadway,None,PIGEON FORGE POLICE DEPT,Other,Unbelted,-,-,-,-,-,-,-,-,-,-,Motorcyclist,-,Sevier,Pigeon Forge,2
38818,400071687,1,5,35.05286,-85.26436,2,2024-04-01 00:12:00,2024,4,1,0,12,Monday,00:12,Fatal,Dark-Lighted,Clear,Utility Pole,None,CHATTANOOGA POLICE DEPT,Other,Unbelted,-,Drinking,-,-,-,-,-,-,-,-,-,-,Hamilton,Chattanooga,2
38829,400071716,0,1,35.70628,-83.69917,1,2024-04-01 17:59:00,2024,4,1,17,59,Monday,17:59,Suspected Serious Injury,Daylight,Cloudy,Other Fixed Object,None,BLOUNT CO SHERIFFS DEPT,Other,-,-,-,-,-,-,-,-,-,-,-,Motorcyclist,-,Blount,Not in City Limit,2
38834,400071743,0,1,35.09528,-89.78784,4,2024-04-02 01:30:00,2024,4,2,1,30,Tuesday,01:30,Suspected Serious Injury,Dark-Lighted,Clear,Curb,None,GERMANTOWN POLICE DEPT,Other,Unbelted,Distracted,-,-,Drowsy,-,-,-,-,-,-,-,-,Shelby,Germantown,3
38846,400071801,0,2,35.96648,-85.65531,6,2024-04-02 07:04:00,2024,4,2,7,4,Tuesday,07:04,Suspected Serious Injury,Dark-Lighted,Cloudy,Motor Vehicle-In-Transport On Same Roadway,None,THP District 6 - Cookeville,THP,Unbelted,-,-,-,-,-,-,-,-,-,-,-,Direct,White,Not in City Limit,3
38848,400071822,0,7,36.0581,-83.92417,1,2024-04-02 07:22:00,2024,4,2,7,22,Tuesday,07:22,Suspected Serious Injury,Daylight,Clear,Motor Vehicle-In-Transport On Same Roadway,None,KNOXVILLE POLICE DEPT,Other,Unbelted,-,-,-,-,-,-,-,-,-,-,-,-,Knox,Knoxville,3
38852,400071848,0,1,36.14898,-83.24963,5,2024-04-02 08:42:00,2024,4,2,8,42,Tuesday,08:42,Suspected Serious Injury,Daylight,Cloudy,Motor Vehicle-In-Transport On Same Roadway,None,THP District 5 - Fall Branch,THP,Unbelted,Distracted,-,-,-,-,-,-,-,-,ATV_Involved,-,-,Hamblen,Not in City Limit,3
38854,400071855,0,3,36.46645,-86.13431,6,2024-03-31 17:15:00,2024,3,31,17,15,Sunday,17:15,Suspected Serious Injury,Daylight,Clear,Culvert,None,MACON CO SHERIFFS OFFICE,Other,Unbelted,-,-,-,-,-,-,-,-,-,-,-,-,Macon,Not in City Limit,1
38867,400071972,0,1,35.05483,-85.15687,2,2024-04-02 13:00:00,2024,4,2,13,0,Tuesday,13:00,Suspected Serious Injury,Daylight,Cloudy,Pedal-Cycle,None,CHATTANOOGA POLICE DEPT,Other,Unbelted,-,-,-,-,-,-,Pedestrian,-,-,-,-,-,Hamilton,Chattanooga,3
38874,400071999,0,1,35.98101,-84.43748,1,2024-04-02 11:24:00,2024,4,2,11,24,Tuesday,11:24,Suspected Serious Injury,Daylight,Cloudy,Motor Vehicle-In-Transport On Same Roadway,None,ROANE CO SHERIFFS DEPT,Other,Unbelted,-,-,-,-,-,-,-,-,-,ATV_Involved,-,-,Roane,Not in City Limit,3
38890,400072090,0,3,36.26936,-86.75644,3,2024-03-30 03:21:00,2024,3,30,3,21,Saturday,03:21,Suspected Serious Injury,Dark-Lighted,Clear,Motor Vehicle-In-Transport On Same Roadway,None,THP District 3 - Nashville,THP,Unbelted,-,-,-,-,-,-,-,-,-,-,-,-,Davidson,Nashville,7
38891,400072094,1,0,36.03544,-87.23174,3,2024-04-02 16:20:00,2024,4,2,16,20,Tuesday,16:20,Fatal,Daylight,Cloudy,Embankment Earth,None,THP District 3 - Nashville,THP,Unbelted,-,Drinking,-,-,-,-,-,-,-,-,-,-,Dickson,Not in City Limit,3
38892,400072095,0,1,35.95746,-83.9717,1,2024-04-02 18:12:00,2024,4,2,18,12,Tuesday,18:12,Suspected Serious Injury,Daylight,Clear,"Over Turn, Roll Over",None,KNOXVILLE POLICE DEPT,Other,Unbelted,-,-,-,-,-,-,-,-,-,ATV_Involved,-,-,Knox,Knoxville,3
38894,400072106,0,2,36.45933,-82.53193,5,2024-04-02 17:40:00,2024,4,2,17,40,Tuesday,17:40,Suspected Serious Injury,Daylight,Cloudy,Cable Barrier,None,THP District 5 - Fall Branch,THP,Unbelted,-,-,-,-,-,-,-,-,-,-,-,-,Sullivan,Kingsport,3
38900,400072129,0,1,35.87317,-87.18411,3,2024-04-02 17:47:00,2024,4,2,17,47,Tuesday,17:47,Suspected Serious Injury,Daylight,Rain,"Over Turn, Roll Over",None,THP District 3 - Nashville,THP,Unbelted,-,-,-,-,-,-,-,-,-,ATV_Involved,-,-,Williamson,Not in City Limit,3
38905,400072147,0,1,35.18985,-85.24285,2,2024-04-02 23:14:00,2024,4,2,23,14,Tuesday,23:14,Suspected Serious Injury,Dark-Not Lighted,Rain,Motor Vehicle-In-Transport On Same Roadway,None,CHATTANOOGA POLICE DEPT,Other,Unbelted,-,-,-,-,-,-,-,-,-,ATV_Involved,-,-,Hamilton,Chattanooga,3
38913,400072203,0,1,35.48665,-84.33464,1,2024-03-31 20:33:00,2024,3,31,20,33,Sunday,20:33,Suspected Serious Injury,Dark-Not Lighted,Clear,Motor Vehicle-In-Transport On Same Roadway,None,THP District 1 - Knoxville,THP,Unbelted,-,-,-,-,-,-,-,-,-,-,Motorcyclist,-,Monroe,Not in City Limit,1
38916,400072208,0,3,36.22967,-88.36872,8,2024-03-29 15:57:00,2024,3,29,15,57,Friday,15:57,Suspected Serious Injury,Daylight,Clear,Motor Vehicle-In-Transport On Same Roadway,None,THP District 8 - Jackson,THP,Unbelted,-,-,-,-,-,-,-,-,-,-,-,-,Henry,Not in City Limit,6
38943,400072349,0,1,36.2661,-86.71098,3,2024-03-29 21:07:00,2024,3,29,21,7,Friday,21:07,Suspected Serious Injury,Dark-Lighted,Clear,Motor Vehicle-In-Transport On Same Roadway,None,METROPOLITAN NASHVILLE POLICE DEPT,Other,Unbelted,-,-,-,-,Speeding,-,-,-,-,-,-,-,Davidson,Nashville,6
38946,400072374,0,1,35.3531,-86.33037,7,2024-04-03 07:45:00,2024,4,3,7,45,Wednesday,07:45,Suspected Serious Injury,Daylight,Clear,Motor Vehicle-In-Transport On Same Roadway,None,THP District 7 - Lawrenceburg,THP,Unbelted,-,-,-,-,-,-,-,-,-,ATV_Involved,-,-,Moore,Lynchburg,4
38955,400072423,0,2,35.96522,-83.93308,1,2024-04-03 17:05:00,2024,4,3,17,5,Wednesday,17:05,Suspected Serious Injury,Daylight,Cloudy,Motor Vehicle-In-Transport On Same Roadway,None,KNOXVILLE POLICE DEPT,Other,Unbelted,-,-,-,-,-,-,-,-,-,-,-,-,Knox,Knoxville,4
38962,400072468,0,1,35.97693,-87.51498,7,2024-04-02 19:38:00,2024,4,2,19,38,Tuesday,19:38,Suspected Serious Injury,Dusk,Rain,Motor Vehicle-In-Transport On Same Roadway,None,THP District 7 - Lawrenceburg,THP,Unbelted,-,-,-,-,-,-,-,-,-,ATV_Involved,-,-,Hickman,Not in City Limit,3
38963,400072475,0,1,35.36046,-89.49308,4,2024-04-03 18:00:00,2024,4,3,18,0,Wednesday,18:00,Suspected Serious Injury,Daylight,Cloudy,Standing Tree,None,THP District 4 - Memphis,THP,Unbelted,-,-,-,-,-,-,-,-,-,ATV_Involved,-,-,Fayette,Not in City Limit,4
38966,400072493,0,1,36.3047,-86.81443,3,2024-04-03 18:04:00,2024,4,3,18,4,Wednesday,18:04,Suspected Serious Injury,Daylight,Clear,Ditch,None,THP District 3 - Nashville,THP,Unbelted,-,-,-,-,-,-,-,-,-,-,-,-,Davidson,Nashville,4
38969,400072515,0,1,35.42587,-85.99219,2,2024-04-03 15:44:00,2024,4,3,15,44,Wednesday,15:44,Suspected Serious Injury,Daylight,Cloudy,Motor Vehicle-In-Transport On Different Roadway,None,THP District 2 - Chattanooga,THP,Unbelted,-,-,Drug,-,-,-,-,-,-,-,-,-,Coffee,Not in City Limit,4
38983,400072605,0,1,35.35654,-84.99233,2,2024-04-03 16:09:00,2024,4,3,16,9,Wednesday,16:09,Suspected Serious Injury,Daylight,Cloudy,Motor Vehicle-In-Transport On Same Roadway,None,HAMILTON COUNTY SHERIFF'S OFFICE,Other,Unbelted,-,-,-,-,-,-,-,-,-,-,-,-,Hamilton,Not in City Limit,4
38988,400072643,1,1,35.60413,-87.01065,7,2024-04-04 06:00:00,2024,4,4,6,0,Thursday,06:00,Fatal,Daylight,Clear,Motor Vehicle-In-Transport On Same Roadway,None,THP District 7 - Lawrenceburg,THP,Unbelted,-,-,Drug,-,-,-,-,-,-,-,-,-,Maury,Not in City Limit,5
38994,400072676,0,1,35.14726,-89.51774,4,2024-04-04 07:20:00,2024,4,4,7,20,Thursday,07:20,Suspected Serious Injury,Daylight,Clear,Motor Vehicle-In-Transport On Same Roadway,None,THP District 4 - Memphis,THP,Unbelted,-,-,-,-,-,-,-,-,-,-,-,-,Fayette,Not in City Limit,5
38996,400072682,0,1,35.42859,-89.89514,4,2024-02-28 13:02:00,2024,2,28,13,2,Wednesday,13:02,Suspected Serious Injury,Daylight,Clear,"Over Turn, Roll Over",None,THP District 4 - Memphis,THP,Unbelted,-,-,-,-,-,-,-,-,-,-,-,-,Tipton,Not in City Limit,4
38999,400072722,0,2,35.88338,-83.90633,1,2024-04-04 07:49:00,2024,4,4,7,49,Thursday,07:49,Suspected Serious Injury,Daylight,Cloudy,Motor Vehicle-In-Transport On Same Roadway,None,KNOX CO SHERIFFS OFFICE,Other,Unbelted,-,-,-,-,-,-,-,-,-,-,-,-,Knox,Not in City Limit,5
39014,400072789,0,5,35.95791,-83.59375,1,2024-04-04 15:15:00,2024,4,4,15,15,Thursday,15:15,Suspected Serious Injury,Daylight,Cloudy,Motor Vehicle-In-Transport On Same Roadway,None,SEVIERVILLE POLICE DEPT,Other,Unbelted,-,-,-,-,-,-,-,-,-,-,-,-,Sevier,Sevierville,5
39034,400072880,0,3,35.0406,-85.16933,2,2024-04-04 18:34:00,2024,4,4,18,34,Thursday,18:34,Suspected Serious Injury,Daylight,Clear,Motor Vehicle-In-Transport On Same Roadway,None,CHATTANOOGA POLICE DEPT,Other,Unbelted,-,-,-,-,-,-,-,-,-,-,-,-,Hamilton,Chattanooga,5
39035,400072881,1,0,35.59862,-84.46293,1,2024-04-04 15:03:00,2024,4,4,15,3,Thursday,15:03,Fatal,Daylight,Clear,Railway Train,None,SWEETWATER POLICE DEPT,Other,Unbelted,Distracted,-,-,-,-,-,-,-,-,-,-,-,Monroe,Sweetwater,5
39045,400072929,0,1,35.07674,-85.28837,2,2024-04-04 19:57:00,2024,4,4,19,57,Thursday,19:57,Suspected Serious Injury,Dark-Lighted,Clear,Motor Vehicle-In-Transport On Same Roadway,None,CHATTANOOGA POLICE DEPT,Other,Unbelted,-,Drinking,-,-,-,-,-,-,-,-,-,-,Hamilton,Chattanooga,5
39050,400072953,0,6,36.0073,-84.01437,1,2024-04-04 21:45:00,2024,4,4,21,45,Thursday,21:45,Suspected Serious Injury,Dark-Lighted,Clear,Motor Vehicle-In-Transport On Same Roadway,None,KNOXVILLE POLICE DEPT,Other,Unbelted,-,Drinking,Drug,-,-,-,-,-,-,-,-,-,Knox,Knoxville,5
39053,400072970,1,3,36.11799,-84.23242,1,2024-04-01 01:09:00,2024,4,1,1,9,Monday,01:09,Fatal,Dark-Not Lighted,Clear,Embankment Earth,None,THP District 1 - Knoxville,THP,Unbelted,-,-,-,-,-,-,-,-,-,-,-,-,Anderson,Not in City Limit,2