OBJECTID,MRN,Fatality,Injury,Latitude,Longitude,THP_District,Collision_Date,Collision_Year,Collision_Month,Collision_Day,Collision_Hour,Collision_Min,Collision_DOW,Collision_Time,Crash_Type,Light_Condition,Weather,First_Harmfu_Event,Work_Zone_Type,Agency_Name,THP,Unbelted,Distracted_Driver,Driver_Drinking,Driver_Drugged,Drowsy_Driver,Speeding_Involved,Pedalcyclist,Pedestrian,Other_Nonmotorist,ATV_Involved,LargeTruck_Involved,Motorcycle_Involved,SchoolBus,County,City,DOW_Nmb
39055,400072975,2,1,35.71405,-83.82023,1,2024-04-04 08:52:00,2024,4,4,8,52,Thursday,08:52,Fatal,Daylight,Clear,Ditch,None,THP District 1 - Knoxville,THP,Unbelted,-,-,-,-,-,-,-,-,-,-,-,-,Blount,Not in City Limit,5
39059,400072998,0,2,36.03894,-84.4327,1,2024-04-02 19:14:00,2024,4,2,19,14,Tuesday,19:14,Suspected Serious Injury,Daylight,Cloudy,Motor Vehicle-In-Transport On Same Roadway,None,THP District 1 - Knoxville,THP,Unbelted,-,-,Drug,-,-,-,-,-,-,-,-,-,Morgan,Not in City Limit,3
39060,400073009,0,2,35.78558,-84.3413,1,2024-04-03 12:52:00,2024,4,3,12,52,Wednesday,12:52,Suspected Serious Injury,Daylight,Clear,"Over Turn, Roll Over",None,THP District 1 - Knoxville,THP,Unbelted,-,-,-,-,-,-,-,-,-,-,-,-,Loudon,Not in City Limit,4
39064,400073036,0,1,35.28877,-88.63569,8,2024-04-03 21:04:00,2024,4,3,21,4,Wednesday,21:04,Suspected Serious Injury,Dark-Not Lighted,Cloudy,"Fire, Explosion",None,THP District 8 - Jackson,THP,Unbelted,-,-,-,-,-,-,-,-,-,-,-,-,McNairy,Not in City Limit,4
39100,400073238,0,1,35.05043,-89.14816,4,2024-04-05 17:10:00,2024,4,5,17,10,Friday,17:10,Suspected Serious Injury,Daylight,Clear,Parked Motor Vehicle,None,THP District 4 - Memphis,THP,Unbelted,-,-,-,-,-,-,-,-,-,-,-,-,Hardeman,Not in City Limit,6
39107,400073273,0,1,36.26601,-88.27511,8,2024-04-05 13:39:00,2024,4,5,13,39,Friday,13:39,Suspected Serious Injury,Daylight,Clear,"Over Turn, Roll Over",None,THP District 8 - Jackson,THP,Unbelted,Distracted,-,Drug,-,-,-,-,-,-,-,-,-,Henry,Not in City Limit,6
39109,400073280,0,1,36.32752,-83.37791,5,2024-04-02 14:10:00,2024,4,2,14,10,Tuesday,14:10,Suspected Serious Injury,Daylight,Cloudy,Motor Vehicle-In-Transport On Same Roadway,None,THP District 5 - Fall Branch,THP,Unbelted,-,-,-,-,-,-,-,-,-,ATV_Involved,-,-,Grainger,Not in City Limit,3
39115,400073300,0,5,36.22803,-83.24863,5,2024-04-05 22:12:00,2024,4,5,22,12,Friday,22:12,Suspected Serious Injury,Dark-Lighted,Clear,Embankment Rock/Stone/Concrete,None,MORRISTOWN POLICE DEPT,Other,Unbelted,Distracted,-,-,-,Speeding,-,-,-,-,-,-,-,Hamblen,Morristown,6
39121,400073337,0,3,36.15044,-86.77032,3,2024-04-06 00:00:00,2024,4,6,24,0,Saturday,24:00,Suspected Serious Injury,Dark-Lighted,Clear,Motor Vehicle-In-Transport On Same Roadway,None,METROPOLITAN NASHVILLE POLICE DEPT,Other,Unbelted,-,-,-,-,-,-,-,-,-,-,-,-,Davidson,Nashville,7
39133,400073395,0,1,36.04683,-83.45831,5,2024-04-05 10:35:00,2024,4,5,10,35,Friday,10:35,Suspected Serious Injury,Daylight,Clear,Motor Vehicle-In-Transport On Same Roadway,None,DANDRIDGE POLICE DEPT,Other,Unbelted,-,-,-,-,-,-,-,-,-,-,-,-,Jefferson,Dandridge,6
39139,400073446,0,2,35.14444,-85.26972,2,2024-04-06 12:58:00,2024,4,6,12,58,Saturday,12:58,Suspected Serious Injury,Daylight,Clear,Motor Vehicle-In-Transport On Same Roadway,None,CHATTANOOGA POLICE DEPT,Other,-,-,-,-,-,-,-,-,-,-,-,Motorcyclist,-,Hamilton,Chattanooga,7
39140,400073447,1,1,36.39917,-81.75662,5,2024-04-04 10:18:00,2024,4,4,10,18,Thursday,10:18,Fatal,Daylight,Snow,Motor Vehicle-In-Transport On Same Roadway,None,THP District 5 - Fall Branch,THP,Unbelted,-,-,-,-,-,-,-,-,-,-,-,-,Johnson,Not in City Limit,5
39141,400073451,0,3,36.10838,-84.02265,1,2024-04-06 10:48:00,2024,4,6,10,48,Saturday,10:48,Suspected Serious Injury,Daylight,Clear,Motor Vehicle-In-Transport On Same Roadway,None,THP District 1 - Knoxville,THP,Unbelted,-,-,-,-,-,-,-,-,-,-,-,-,Knox,Not in City Limit,7
39144,400073460,0,1,36.04549,-88.15821,8,2024-04-03 08:53:00,2024,4,3,8,53,Wednesday,08:53,Suspected Serious Injury,Daylight,Clear,"Over Turn, Roll Over",None,THP District 8 - Jackson,THP,Unbelted,Distracted,-,-,-,-,-,-,-,-,-,-,-,Benton,Not in City Limit,4
39146,400073477,0,1,35.87688,-85.56003,6,2024-04-06 09:11:00,2024,4,6,9,11,Saturday,09:11,Suspected Serious Injury,Daylight,Clear,Culvert,None,THP District 6 - Cookeville,THP,Unbelted,-,-,-,-,-,-,-,-,-,-,-,-,White,Not in City Limit,7
39150,400073489,0,1,35.83261,-86.36908,3,2024-04-06 09:35:00,2024,4,6,9,35,Saturday,09:35,Suspected Serious Injury,Daylight,Clear,Utility Pole,None,MURFREESBORO POLICE DEPT,Other,Unbelted,-,-,-,Drowsy,-,-,-,-,-,-,-,-,Rutherford,Murfreesboro,7
39158,400073552,0,1,36.06257,-83.97757,1,2024-04-01 12:10:00,2024,4,1,12,10,Monday,12:10,Suspected Serious Injury,Daylight,Clear,Motor Vehicle-In-Transport On Same Roadway,None,THP District 1 - Knoxville,THP,Unbelted,-,-,-,-,-,-,-,-,-,-,-,-,Knox,Not in City Limit,2
39160,400073557,0,1,35.20517,-85.89063,2,2024-04-06 01:49:00,2024,4,6,1,49,Saturday,01:49,Suspected Serious Injury,Dark-Not Lighted,Clear,Standing Tree,None,FRANKLIN CO SHERIFFS DEPT,Other,Unbelted,-,-,-,-,-,-,-,-,-,-,-,-,Franklin,Not in City Limit,7
39165,400073581,0,2,35.92146,-87.34403,7,2024-04-05 22:30:00,2024,4,5,22,30,Friday,22:30,Suspected Serious Injury,Dark-Not Lighted,Clear,Motor Vehicle-In-Transport On Same Roadway,None,THP District 7 - Lawrenceburg,THP,Unbelted,-,Drinking,Drug,-,-,-,-,-,-,-,-,-,Hickman,Not in City Limit,6
39166,400073582,0,2,35.13486,-89.03071,4,2024-04-06 18:19:00,2024,4,6,18,19,Saturday,18:19,Suspected Serious Injury,Daylight,Clear,Motor Vehicle-In-Transport On Same Roadway,None,THP District 4 - Memphis,THP,Unbelted,-,-,-,-,-,-,-,-,-,-,-,-,Hardeman,Not in City Limit,7
39169,400073586,0,1,35.44723,-86.86987,7,2024-04-02 00:00:00,2024,4,2,24,0,Tuesday,24:00,Suspected Serious Injury,Dark-Not Lighted,Clear,Ditch,None,LEWISBURG POLICE DEPT,Other,Unbelted,-,-,Drug,Drowsy,-,-,-,-,-,-,-,-,Marshall,Not in City Limit,3
39173,400073623,1,0,35.96913,-83.26022,5,2024-04-06 01:50:00,2024,4,6,1,50,Saturday,01:50,Fatal,Dark-Lighted,Clear,Motor Vehicle-In-Transport On Same Roadway,None,THP District 5 - Fall Branch,THP,Unbelted,-,Drinking,Drug,-,-,-,-,-,-,-,Motorcyclist,-,Cocke,Newport,7
39174,400073625,0,1,36.23698,-86.17778,3,2024-04-06 23:31:00,2024,4,6,23,31,Saturday,23:31,Suspected Serious Injury,Dark-Not Lighted,Clear,Mail Box,None,THP District 3 - Nashville,THP,Unbelted,-,-,-,-,-,-,-,-,-,-,-,-,Wilson,Not in City Limit,7
39175,400073626,0,1,36.07801,-86.72592,3,2024-04-06 22:49:00,2024,4,6,22,49,Saturday,22:49,Suspected Serious Injury,Dark-Lighted,Clear,Pedestrian,None,METROPOLITAN NASHVILLE POLICE DEPT,Other,Unbelted,-,-,-,-,-,-,Pedestrian,-,-,-,-,-,Davidson,Nashville,7
39178,400073663,0,1,36.02882,-83.8665,1,2024-04-07 04:28:00,2024,4,7,4,28,Sunday,04:28,Suspected Serious Injury,Dark-Not Lighted,Clear,Pedestrian,None,KNOXVILLE POLICE DEPT,Other,Unbelted,-,-,-,-,-,-,Pedestrian,-,-,-,-,-,Knox,Knoxville,1
39183,400073702,0,1,36.21633,-85.61396,6,2024-04-06 15:00:00,2024,4,6,15,0,Saturday,15:00,Suspected Serious Injury,Daylight,Clear,Motor Vehicle-In-Transport On Same Roadway,None,THP District 6 - Cookeville,THP,Unbelted,-,-,-,-,-,-,-,-,-,-,Motorcyclist,-,Jackson,Not in City Limit,7
39185,400073718,0,2,36.02696,-86.57714,3,2024-04-07 03:10:00,2024,4,7,3,10,Sunday,03:10,Suspected Serious Injury,Dark-Lighted,Clear,Utility Pole,None,LAVERGNE POLICE DEPT,Other,Unbelted,-,Drinking,-,-,-,-,-,-,-,-,-,-,Rutherford,Lavergne,1
39194,400073764,0,1,35.39447,-88.6404,8,2024-04-07 10:23:00,2024,4,7,10,23,Sunday,10:23,Suspected Serious Injury,Daylight,Clear,Standing Tree,None,THP District 8 - Jackson,THP,Unbelted,-,-,Drug,-,-,-,-,-,-,-,-,-,Chester,Not in City Limit,1
39195,400073771,0,1,35.8447,-86.44037,3,2024-04-07 00:00:00,2024,4,7,24,0,Sunday,24:00,Suspected Serious Injury,Daylight,Clear,Pedestrian,None,MURFREESBORO POLICE DEPT,Other,Unbelted,-,-,-,-,-,-,Pedestrian,-,-,-,-,-,Rutherford,Murfreesboro,1
39198,400073794,0,1,36.11924,-86.49672,3,2024-02-15 09:50:00,2024,2,15,9,50,Thursday,09:50,Suspected Serious Injury,Daylight,Clear,Mail Box,None,THP District 3 - Nashville,THP,Unbelted,-,Drinking,-,-,-,-,-,-,-,-,-,-,Wilson,Not in City Limit,5
39208,400073845,0,1,36.1616,-83.34465,5,2024-04-07 15:58:00,2024,4,7,15,58,Sunday,15:58,Suspected Serious Injury,Daylight,Clear,Embankment Rock/Stone/Concrete,None,THP District 5 - Fall Branch,THP,-,-,-,-,-,-,-,-,-,-,-,Motorcyclist,-,Hamblen,Not in City Limit,1
39212,400073861,0,1,35.8606,-84.47806,1,2024-04-07 16:30:00,2024,4,7,16,30,Sunday,16:30,Suspected Serious Injury,Daylight,Clear,Guard Rail Face,None,THP District 1 - Knoxville,THP,-,-,-,-,-,-,-,-,-,-,-,Motorcyclist,-,Roane,Not in City Limit,1
39222,400073910,1,0,35.04732,-87.49128,7,2024-04-07 02:18:00,2024,4,7,2,18,Sunday,02:18,Fatal,Dark-Not Lighted,Clear,Curb,None,THP District 7 - Lawrenceburg,THP,Unbelted,-,-,-,-,Speeding,-,-,-,-,-,-,-,Lawrence,Saint Joseph,1
39225,400073932,0,4,36.37564,-84.12908,1,2024-04-07 20:30:00,2024,4,7,20,30,Sunday,20:30,Suspected Serious Injury,Dark-Lighted,Clear,Motor Vehicle-In-Transport On Same Roadway,None,LAFOLLETTE POLICE DEPT,Other,Unbelted,-,-,-,-,-,-,-,-,-,-,-,-,Campbell,LaFollette,1
39228,400073941,3,0,36.338,-83.742,5,2024-04-06 17:50:00,2024,4,6,17,50,Saturday,17:50,Fatal,Daylight,Clear,Motor Vehicle-In-Transport On Same Roadway,None,THP District 5 - Fall Branch,THP,Unbelted,-,Drinking,-,-,-,-,-,-,-,-,-,-,Union,Not in City Limit,7
39237,400073971,0,1,35.55273,-87.52285,7,2024-04-07 22:00:00,2024,4,7,22,0,Sunday,22:00,Suspected Serious Injury,Dark-Lighted,Clear,Standing Tree,None,THP District 7 - Lawrenceburg,THP,Unbelted,-,-,-,-,-,-,-,-,-,-,-,-,Lewis,Not in City Limit,1
39239,400073981,0,1,35.46453,-86.82214,7,2024-04-07 22:14:00,2024,4,7,22,14,Sunday,22:14,Suspected Serious Injury,Dark-Not Lighted,Clear,Pedestrian,None,THP District 7 - Lawrenceburg,THP,Unbelted,-,-,-,-,-,-,-,-,-,-,-,-,Marshall,Not in City Limit,1
39243,400074036,0,1,35.31008,-89.48848,4,2024-04-05 14:34:00,2024,4,5,14,34,Friday,14:34,Suspected Serious Injury,Daylight,Clear,Standing Tree,None,THP District 4 - Memphis,THP,Unbelted,-,Drinking,-,-,-,-,-,-,-,-,-,-,Fayette,Not in City Limit,6
39245,400074048,0,2,35.92678,-88.76063,8,2024-04-01 07:05:00,2024,4,1,7,5,Monday,07:05,Suspected Serious Injury,Daylight,Clear,Standing Tree,None,MILAN POLICE DEPT,Other,Unbelted,-,-,-,-,-,-,-,-,-,-,-,-,Gibson,Milan,2
39259,400074093,0,1,36.0656,-85.59592,6,2024-04-07 17:25:00,2024,4,7,17,25,Sunday,17:25,Suspected Serious Injury,Daylight,Clear,Ditch,None,THP District 6 - Cookeville,THP,-,-,-,-,-,-,-,-,-,-,-,Motorcyclist,-,Putnam,Not in City Limit,1
39260,400074094,0,1,35.91703,-84.05578,1,2024-04-08 10:30:00,2024,4,8,10,30,Monday,10:30,Suspected Serious Injury,Daylight,Rain,Ditch,None,KNOXVILLE POLICE DEPT,Other,Unbelted,-,-,-,-,-,-,-,-,-,-,-,-,Knox,Knoxville,2
39265,400074121,0,2,35.61209,-84.69043,2,2024-04-08 07:50:00,2024,4,8,7,50,Monday,07:50,Suspected Serious Injury,Daylight,Cloudy,Motor Vehicle-In-Transport On Same Roadway,None,THP District 2 - Chattanooga,THP,Unbelted,-,-,-,-,-,-,-,-,-,-,-,-,Meigs,Not in City Limit,2
39269,400074159,0,1,36.09879,-86.71857,3,2024-04-08 00:00:00,2024,4,8,24,0,Monday,24:00,Suspected Serious Injury,Dawn,Cloudy,Pedestrian,None,METROPOLITAN NASHVILLE POLICE DEPT,Other,Unbelted,-,-,-,-,-,-,Pedestrian,-,-,-,-,-,Davidson,Nashville,2
39271,400074167,1,0,36.03586,-86.97554,3,2024-04-07 14:45:00,2024,4,7,14,45,Sunday,14:45,Fatal,Daylight,Clear,"Over Turn, Roll Over",None,METROPOLITAN NASHVILLE POLICE DEPT,Other,-,-,Drinking,Drug,-,-,-,-,-,-,-,Motorcyclist,-,Davidson,Nashville,1
39274,400074175,0,3,36.28477,-86.40635,3,2024-04-08 13:06:00,2024,4,8,13,6,Monday,13:06,Suspected Serious Injury,Daylight,Cloudy,Motor Vehicle-In-Transport On Same Roadway,None,THP District 3 - Nashville,THP,Unbelted,-,-,-,-,-,-,-,-,-,-,-,-,Wilson,Not in City Limit,2
39283,400074199,0,1,35.01653,-85.20804,2,2024-04-01 19:06:00,2024,4,1,19,6,Monday,19:06,Suspected Serious Injury,Daylight,Clear,Fence,None,CHATTANOOGA POLICE DEPT,Other,Unbelted,-,-,-,-,-,-,-,-,-,-,-,-,Hamilton,Chattanooga,2
39295,400074240,0,1,36.13687,-87.80994,3,2024-04-08 16:55:00,2024,4,8,16,55,Monday,16:55,Suspected Serious Injury,Daylight,Clear,Ditch,None,THP District 3 - Nashville,THP,-,-,-,-,-,Speeding,-,-,-,-,-,Motorcyclist,-,Humphreys,Not in City Limit,2
39297,400074251,0,2,35.3058,-84.80736,2,2024-04-07 18:30:00,2024,4,7,18,30,Sunday,18:30,Suspected Serious Injury,Dark-Not Lighted,Clear,Motor Vehicle-In-Transport On Same Roadway,None,THP District 2 - Chattanooga,THP,Unbelted,-,-,-,-,-,-,-,-,-,ATV_Involved,-,-,Bradley,Not in City Limit,1
39302,400074267,0,1,35.33935,-86.85383,7,2024-04-08 18:02:00,2024,4,8,18,2,Monday,18:02,Suspected Serious Injury,Daylight,Cloudy,Embankment Earth,None,CORNERSVILLE POLICE DEPT,Other,Unbelted,-,-,-,-,-,-,-,-,-,-,-,-,Marshall,Not in City Limit,2
39306,400074277,0,1,35.44996,-85.28874,2,2024-04-08 18:48:00,2024,4,8,18,48,Monday,18:48,Suspected Serious Injury,Dusk,Cloudy,Motor Vehicle-In-Transport On Same Roadway,None,THP District 2 - Chattanooga,THP,Unbelted,-,-,-,-,-,-,-,-,-,-,-,-,Bledsoe,Not in City Limit,2
39311,400074304,0,1,35.65125,-88.83297,8,2024-04-08 21:00:00,2024,4,8,21,0,Monday,21:00,Suspected Serious Injury,Dark-Lighted,Cloudy,Pedestrian,None,JACKSON POLICE DEPT,Other,Unbelted,-,-,-,-,-,-,Pedestrian,-,-,-,-,-,Madison,Jackson,2
39315,400074331,0,2,36.29325,-89.12731,8,2024-04-07 19:55:00,2024,4,7,19,55,Sunday,19:55,Suspected Serious Injury,Dark-Not Lighted,Cloudy,Motor Vehicle-In-Transport On Same Roadway,None,THP District 8 - Jackson,THP,Unbelted,-,-,-,Drowsy,-,-,-,-,-,-,-,-,Obion,Not in City Limit,1
39317,400074342,0,2,36.55137,-87.39459,3,2024-04-09 01:31:00,2024,4,9,1,31,Tuesday,01:31,Suspected Serious Injury,Dark-Lighted,Cloudy,Ditch,None,MONTGOMERY CO SHERIFFS OFFICE,Other,-,-,-,-,-,-,-,-,-,-,-,Motorcyclist,-,Montgomery,Clarksville,3
39338,400074473,0,1,36.62075,-87.2326,3,2024-04-09 06:19:00,2024,4,9,6,19,Tuesday,06:19,Suspected Serious Injury,Dawn,Cloudy,Motor Vehicle-In-Transport On Same Roadway,None,THP District 3 - Nashville,THP,Unbelted,-,-,-,-,-,-,-,-,-,ATV_Involved,-,-,Montgomery,Not in City Limit,3
39340,400074479,0,1,35.07851,-85.08135,2,2024-04-08 16:09:00,2024,4,8,16,9,Monday,16:09,Suspected Serious Injury,Daylight,Clear,Motor Vehicle-In-Transport On Same Roadway,None,HAMILTON COUNTY SHERIFF'S OFFICE,Other,Unbelted,-,-,-,-,-,-,-,-,-,-,Motorcyclist,-,Hamilton,Not in City Limit,2
39358,400074540,0,2,36.15361,-86.77237,3,2024-04-06 17:35:00,2024,4,6,17,35,Saturday,17:35,Suspected Serious Injury,Daylight,Clear,Non-Motorist Personal Conveyance,None,METROPOLITAN NASHVILLE POLICE DEPT,Other,Unbelted,-,Drinking,-,-,-,-,Pedestrian,-,-,-,-,-,Davidson,Nashville,7
39366,400074568,0,1,35.81747,-83.61869,1,2024-04-08 20:25:00,2024,4,8,20,25,Monday,20:25,Suspected Serious Injury,Dark-Not Lighted,Rain,Embankment Earth,None,THP District 1 - Knoxville,THP,Unbelted,-,-,-,-,-,-,-,-,-,-,-,-,Sevier,Not in City Limit,2
39396,400074764,0,1,35.45657,-84.60189,2,2024-04-09 15:31:00,2024,4,9,15,31,Tuesday,15:31,Suspected Serious Injury,Daylight,Cloudy,Motor Vehicle-In-Transport On Same Roadway,None,ATHENS POLICE DEPT,Other,Unbelted,-,-,-,-,-,-,-,-,-,-,-,-,McMinn,Athens,3
39404,400074786,0,1,35.85225,-84.10514,1,2024-03-24 01:30:00,2024,3,24,1,30,Sunday,01:30,Suspected Serious Injury,Dark-Not Lighted,Clear,Standing Tree,None,THP District 1 - Knoxville,THP,Unbelted,-,Drinking,-,-,-,-,-,-,-,-,-,-,Knox,Not in City Limit,1
39409,400074807,0,1,35.58138,-87.14263,7,2024-04-06 16:51:00,2024,4,6,16,51,Saturday,16:51,Suspected Serious Injury,Daylight,Clear,Fell/Jumped From Vehicle,None,MOUNT PLEASANT POLICE DEPT,Other,-,-,-,-,-,-,-,-,-,-,-,Motorcyclist,-,Maury,Mount Pleasant,7
39437,400074982,1,0,36.09324,-86.70544,3,2024-04-10 00:00:00,2024,4,10,24,0,Wednesday,24:00,Fatal,Dark-Lighted,Rain,Other Fixed Object,None,METROPOLITAN NASHVILLE POLICE DEPT,Other,Unbelted,-,-,Drug,-,Speeding,-,-,-,-,-,-,-,Davidson,Nashville,4
39445,400075020,0,1,35.96734,-86.81361,3,2024-04-06 10:58:00,2024,4,6,10,58,Saturday,10:58,Suspected Serious Injury,Daylight,Clear,Utility Pole,None,BRENTWOOD POLICE DEPT,Other,-,-,-,-,-,-,-,-,-,-,-,Motorcyclist,-,Williamson,Brentwood,7
39459,400075104,0,1,35.63776,-88.81979,8,2024-04-10 16:30:00,2024,4,10,16,30,Wednesday,16:30,Suspected Serious Injury,Daylight,Clear,Parked Motor Vehicle,None,JACKSON POLICE DEPT,Other,Unbelted,-,-,-,-,-,-,Pedestrian,-,-,-,-,-,Madison,Jackson,4
39463,400075134,1,0,35.72037,-88.32408,8,2024-04-10 17:15:00,2024,4,10,17,15,Wednesday,17:15,Fatal,Daylight,Cloudy,Standing Tree,None,THP District 8 - Jackson,THP,Unbelted,-,-,-,-,-,-,-,-,-,-,-,-,Henderson,Not in City Limit,4
39465,400075143,0,1,36.2804,-83.75867,5,2024-04-06 17:02:00,2024,4,6,17,2,Saturday,17:02,Suspected Serious Injury,Daylight,Clear,"Over Turn, Roll Over",None,THP District 5 - Fall Branch,THP,-,-,-,-,-,-,-,-,-,-,-,Motorcyclist,-,Union,Not in City Limit,7
39467,400075152,0,2,36.44309,-85.22926,6,2024-04-07 19:45:00,2024,4,7,19,45,Sunday,19:45,Suspected Serious Injury,Dark-Not Lighted,Clear,Motor Vehicle-In-Transport On Same Roadway,None,THP District 6 - Cookeville,THP,Unbelted,-,-,-,-,-,-,-,-,-,-,-,-,Overton,Not in City Limit,1
39469,400075154,0,1,36.15094,-88.16285,8,2024-04-10 17:20:00,2024,4,10,17,20,Wednesday,17:20,Suspected Serious Injury,Daylight,Clear,Standing Tree,None,THP District 8 - Jackson,THP,Unbelted,-,-,-,-,-,-,-,-,-,-,-,-,Benton,Not in City Limit,4
39475,400075175,0,1,36.48603,-87.26028,3,2024-04-10 17:36:00,2024,4,10,17,36,Wednesday,17:36,Suspected Serious Injury,Daylight,Clear,Motor Vehicle-In-Transport On Same Roadway,None,THP District 3 - Nashville,THP,Unbelted,-,-,-,-,-,-,-,-,-,-,-,-,Montgomery,Not in City Limit,4
39486,400075216,0,1,35.95699,-83.14783,5,2024-04-10 23:52:00,2024,4,10,23,52,Wednesday,23:52,Suspected Serious Injury,Dark-Not Lighted,Clear,Ditch,None,COCKE CO SHERIFFS DEPT,Other,Unbelted,-,-,-,-,-,-,-,-,-,-,-,-,Cocke,Not in City Limit,4
39488,400075219,0,1,36.09972,-85.70848,6,2024-04-10 03:42:00,2024,4,10,3,42,Wednesday,03:42,Suspected Serious Injury,Dark-Not Lighted,Rain,Motor Vehicle-In-Transport On Same Roadway,None,THP District 6 - Cookeville,THP,Unbelted,-,-,-,-,-,-,-,-,-,ATV_Involved,-,-,Putnam,Not in City Limit,4
39492,400075243,0,2,35.94744,-85.0243,6,2024-04-10 09:59:00,2024,4,10,9,59,Wednesday,09:59,Suspected Serious Injury,Daylight,Cloudy,Motor Vehicle-In-Transport On Same Roadway,None,CROSSVILLE POLICE DEPT,Other,Unbelted,Distracted,-,-,-,-,-,-,-,-,-,-,-,Cumberland,Crossville,4
39494,400075250,1,0,36.00423,-83.96298,1,2024-04-11 05:10:00,2024,4,11,5,10,Thursday,05:10,Fatal,Dark-Lighted,Cloudy,Parked Motor Vehicle,None,KNOXVILLE POLICE DEPT,Other,Unbelted,-,-,-,-,-,-,-,-,-,ATV_Involved,-,-,Knox,Knoxville,5
39497,400075270,0,2,35.98853,-84.20868,1,2024-04-10 17:43:00,2024,4,10,17,43,Wednesday,17:43,Suspected Serious Injury,Daylight,Cloudy,Motor Vehicle-In-Transport On Same Roadway,None,OAK RIDGE POLICE DEPT,Other,Unbelted,-,-,-,-,-,-,-,-,-,-,-,-,Anderson,Oak Ridge,4
39516,400075375,1,2,35.80054,-88.3463,8,2024-04-11 08:34:00,2024,4,11,8,34,Thursday,08:34,Fatal,Daylight,Rain,Motor Vehicle-In-Transport On Same Roadway,None,THP District 8 - Jackson,THP,Unbelted,-,-,-,-,-,-,-,-,-,ATV_Involved,-,-,Henderson,Not in City Limit,5
39534,400075499,0,2,35.27164,-86.13911,2,2024-04-11 13:45:00,2024,4,11,13,45,Thursday,13:45,Suspected Serious Injury,Daylight,Rain,Motor Vehicle-In-Transport On Same Roadway,None,ESTILL SPRINGS POLICE DEPT,Other,Unbelted,Distracted,-,-,-,-,-,-,-,-,ATV_Involved,-,-,Franklin,Estill Springs,5
39540,400075521,0,1,35.72953,-89.06854,4,2024-04-11 13:08:00,2024,4,11,13,8,Thursday,13:08,Suspected Serious Injury,Daylight,Cloudy,Motor Vehicle-In-Transport On Same Roadway,None,THP District 4 - Memphis,THP,Unbelted,-,-,-,-,-,-,-,-,-,-,-,-,Crockett,Not in City Limit,5
39541,400075537,0,3,36.04592,-86.85624,3,2024-04-10 18:05:00,2024,4,10,18,5,Wednesday,18:05,Suspected Serious Injury,Daylight,Clear,Motor Vehicle-In-Transport On Same Roadway,None,METROPOLITAN NASHVILLE POLICE DEPT,Other,Unbelted,-,-,-,-,-,-,-,-,-,-,-,-,Davidson,Forest Hills,4
39542,400075539,0,1,35.42543,-84.65431,2,2024-04-10 17:45:00,2024,4,10,17,45,Wednesday,17:45,Suspected Serious Injury,Daylight,Clear,Parked Motor Vehicle,None,THP District 2 - Chattanooga,THP,Unbelted,-,-,-,-,-,-,-,-,-,-,-,-,McMinn,Not in City Limit,4
39544,400075547,0,1,35.88851,-84.21378,1,2024-04-11 16:40:00,2024,4,11,16,40,Thursday,16:40,Suspected Serious Injury,Daylight,Rain,"Over Turn, Roll Over",None,THP District 1 - Knoxville,THP,Unbelted,-,-,-,-,Speeding,-,-,-,-,-,-,-,Knox,Farragut,5
39556,400075616,0,1,35.63296,-86.12446,2,2024-04-10 19:40:00,2024,4,10,19,40,Wednesday,19:40,Suspected Serious Injury,Dark-Not Lighted,Clear,Pedestrian,None,THP District 2 - Chattanooga,THP,Unbelted,-,-,Drug,-,-,-,Pedestrian,-,-,-,-,-,Coffee,Not in City Limit,4
39559,400075653,0,1,36.03577,-84.13122,1,2024-04-11 17:52:00,2024,4,11,17,52,Thursday,17:52,Suspected Serious Injury,Daylight,Clear,Pedestrian,None,THP District 1 - Knoxville,THP,Unbelted,-,-,-,-,-,-,Pedestrian,-,-,ATV_Involved,-,-,Anderson,Not in City Limit,5
39572,400075701,0,1,36.00796,-85.89462,6,2024-04-11 19:28:00,2024,4,11,19,28,Thursday,19:28,Suspected Serious Injury,Dark-Not Lighted,Rain,Guard Rail Face,None,THP District 6 - Cookeville,THP,Unbelted,-,-,-,-,-,-,-,-,-,-,-,-,DeKalb,Not in City Limit,5
39590,400075798,0,2,35.70255,-86.8346,7,2024-04-09 17:16:00,2024,4,9,17,16,Tuesday,17:16,Suspected Serious Injury,Daylight,Clear,Motor Vehicle-In-Transport On Same Roadway,None,MAURY CO SHERIFFS DEPT,Other,Unbelted,-,-,-,-,-,-,-,-,-,-,-,-,Maury,Not in City Limit,3
39616,400075976,0,1,36.45928,-86.04634,6,2024-04-12 12:25:00,2024,4,12,12,25,Friday,12:25,Suspected Serious Injury,Daylight,Cloudy,Embankment Earth,None,MACON CO SHERIFFS OFFICE,Other,Unbelted,-,-,-,-,-,-,-,-,-,-,-,-,Macon,Not in City Limit,6
39618,400075987,1,0,35.97446,-86.59958,3,2024-04-12 12:43:00,2024,4,12,12,43,Friday,12:43,Fatal,Daylight,Cloudy,Motor Vehicle-In-Transport On Same Roadway,None,THP District 3 - Nashville,THP,Unbelted,-,-,-,-,-,-,-,-,-,-,Motorcyclist,-,Rutherford,Lavergne,6