OBJECTID,MRN,Fatality,Injury,Latitude,Longitude,THP_District,Collision_Date,Collision_Year,Collision_Month,Collision_Day,Collision_Hour,Collision_Min,Collision_DOW,Collision_Time,Crash_Type,Light_Condition,Weather,First_Harmfu_Event,Work_Zone_Type,Agency_Name,THP,Unbelted,Distracted_Driver,Driver_Drinking,Driver_Drugged,Drowsy_Driver,Speeding_Involved,Pedalcyclist,Pedestrian,Other_Nonmotorist,ATV_Involved,LargeTruck_Involved,Motorcycle_Involved,SchoolBus,County,City,DOW_Nmb
39632,400076053,0,2,35.4434,-87.22338,7,2024-04-09 15:20:00,2024,4,9,15,20,Tuesday,15:20,Suspected Serious Injury,Daylight,Cloudy,Motor Vehicle-In-Transport On Same Roadway,None,THP District 7 - Lawrenceburg,THP,Unbelted,-,Drinking,Drug,-,Speeding,-,-,-,-,-,-,-,Maury,Not in City Limit,3
39642,400076107,0,4,35.05398,-84.73337,2,2024-04-12 19:39:00,2024,4,12,19,39,Friday,19:39,Suspected Serious Injury,Dusk,Clear,Motor Vehicle-In-Transport On Same Roadway,None,THP District 2 - Chattanooga,THP,Unbelted,-,-,-,-,-,-,-,-,-,-,-,-,Polk,Not in City Limit,6
39652,400076133,0,2,36.54767,-83.18627,5,2024-04-09 21:00:00,2024,4,9,21,0,Tuesday,21:00,Suspected Serious Injury,Dark-Not Lighted,Clear,Fence,None,THP District 5 - Fall Branch,THP,Unbelted,-,Drinking,-,-,-,-,-,-,-,-,-,-,Hancock,Sneedville,3
39661,400076163,0,3,36.06083,-84.19953,1,2024-04-11 11:13:00,2024,4,11,11,13,Thursday,11:13,Suspected Serious Injury,Daylight,Rain,Motor Vehicle-In-Transport On Same Roadway,None,OAK RIDGE POLICE DEPT,Other,Unbelted,-,-,-,-,-,-,-,-,-,-,-,-,Anderson,Oak Ridge,5
39662,400076169,0,1,36.20428,-89.05984,8,2024-04-12 22:00:00,2024,4,12,22,0,Friday,22:00,Suspected Serious Injury,Dark-Not Lighted,Clear,"Over Turn, Roll Over",None,THP District 8 - Jackson,THP,Unbelted,-,-,-,-,-,-,-,-,-,-,-,-,Obion,Not in City Limit,6
39679,400076269,0,1,35.35014,-87.28107,7,2024-04-13 05:29:00,2024,4,13,5,29,Saturday,05:29,Suspected Serious Injury,Dark-Not Lighted,Clear,Motor Vehicle-In-Transport On Same Roadway,None,THP District 7 - Lawrenceburg,THP,Unbelted,-,-,-,Drowsy,-,-,-,-,-,-,-,-,Lawrence,Not in City Limit,7
39686,400076303,0,1,35.86989,-88.00605,8,2024-04-13 07:20:00,2024,4,13,7,20,Saturday,07:20,Suspected Serious Injury,Daylight,Clear,Motor Vehicle-In-Transport On Different Roadway,None,THP District 8 - Jackson,THP,Unbelted,-,-,-,-,-,-,-,-,-,ATV_Involved,-,-,Benton,Not in City Limit,7
39716,400076443,1,0,35.72379,-87.01198,7,2024-04-13 17:13:00,2024,4,13,17,13,Saturday,17:13,Fatal,Daylight,Cloudy,Ditch,None,THP District 7 - Lawrenceburg,THP,-,-,-,-,-,-,-,-,-,-,-,Motorcyclist,-,Maury,Not in City Limit,7
39723,400076475,0,2,35.88323,-86.03904,6,2024-04-13 16:00:00,2024,4,13,16,0,Saturday,16:00,Suspected Serious Injury,Daylight,Clear,Ditch,None,THP District 6 - Cookeville,THP,-,Distracted,Drinking,Drug,-,-,-,-,-,-,-,Motorcyclist,-,Cannon,Not in City Limit,7
39724,400076476,0,2,35.96764,-83.82753,1,2024-04-13 21:35:00,2024,4,13,21,35,Saturday,21:35,Suspected Serious Injury,Dark-Unknown Lighting,Cloudy,Motor Vehicle-In-Transport On Same Roadway,None,THP District 1 - Knoxville,THP,Unbelted,-,-,-,-,Speeding,-,-,-,-,-,Motorcyclist,-,Knox,Not in City Limit,7
39738,400076558,0,1,35.34585,-84.24258,1,2024-04-13 13:50:00,2024,4,13,13,50,Saturday,13:50,Suspected Serious Injury,Daylight,Clear,Guard Rail Face,None,THP District 1 - Knoxville,THP,-,-,-,-,-,-,-,-,-,-,-,Motorcyclist,-,Monroe,Not in City Limit,7
39742,400076580,1,0,35.29605,-86.29289,7,2024-04-13 15:35:00,2024,4,13,15,35,Saturday,15:35,Fatal,Daylight,Clear,Ditch,None,THP District 7 - Lawrenceburg,THP,-,-,Drinking,Drug,-,-,-,-,-,-,-,Motorcyclist,-,Moore,Lynchburg,7
39747,400076605,1,0,35.23116,-87.32325,7,2024-04-14 09:32:00,2024,4,14,9,32,Sunday,09:32,Fatal,Daylight,Clear,Standing Tree,None,LAWRENCEBURG POLICE DEPT,Other,Unbelted,-,-,-,-,-,-,-,-,-,-,-,-,Lawrence,Lawrenceburg,1
39755,400076631,0,1,35.06674,-84.46112,2,2024-04-13 00:00:00,2024,4,13,24,0,Saturday,24:00,Suspected Serious Injury,Daylight,Clear,Ditch,None,THP District 2 - Chattanooga,THP,-,-,-,-,-,Speeding,-,-,-,-,-,Motorcyclist,-,Polk,Not in City Limit,7
39761,400076678,2,0,35.105,-84.63287,2,2024-04-13 19:15:00,2024,4,13,19,15,Saturday,19:15,Fatal,Daylight,Clear,Guard Rail Face,None,THP District 2 - Chattanooga,THP,-,-,Drinking,Drug,-,-,-,-,-,-,-,Motorcyclist,-,Polk,Not in City Limit,7
39773,400076717,0,1,35.86909,-85.51828,6,2024-04-14 15:57:00,2024,4,14,15,57,Sunday,15:57,Suspected Serious Injury,Daylight,Clear,Other Non-Collision,None,THP District 6 - Cookeville,THP,-,-,-,-,-,-,-,-,-,-,-,Motorcyclist,-,White,Not in City Limit,1
39779,400076751,0,2,35.67903,-88.79872,8,2024-04-14 16:52:00,2024,4,14,16,52,Sunday,16:52,Suspected Serious Injury,Daylight,Clear,Culvert,None,MADISON CO SHERIFFS DEPT,Other,-,-,-,-,-,-,-,-,-,-,-,-,-,Madison,Jackson,1
39783,400076760,0,1,36.56244,-82.08022,5,2024-04-13 17:15:00,2024,4,13,17,15,Saturday,17:15,Suspected Serious Injury,Daylight,Clear,Motor Vehicle-In-Transport On Same Roadway,None,THP District 5 - Fall Branch,THP,Unbelted,-,Drinking,Drug,-,-,-,-,-,-,-,Motorcyclist,-,Sullivan,Not in City Limit,7
39788,400076800,0,1,35.48452,-83.93019,1,2024-04-14 09:54:00,2024,4,14,9,54,Sunday,09:54,Suspected Serious Injury,Daylight,Clear,Other Non-Collision,None,THP District 1 - Knoxville,THP,-,-,-,-,-,-,-,-,-,-,-,Motorcyclist,-,Blount,Not in City Limit,1
39790,400076808,0,2,35.88627,-86.83024,3,2024-04-14 20:18:00,2024,4,14,20,18,Sunday,20:18,Suspected Serious Injury,Dark-Lighted,Clear,Thrown Or Falling Object,None,FRANKLIN POLICE DEPT,Other,Unbelted,-,-,-,-,-,-,-,-,-,-,-,-,Williamson,Franklin,1
39794,400076823,0,1,35.95706,-86.51011,3,2024-04-14 21:49:00,2024,4,14,21,49,Sunday,21:49,Suspected Serious Injury,Dark-Lighted,Clear,Pedestrian,None,SMYRNA POLICE DEPT,Other,Unbelted,-,-,-,-,-,-,Pedestrian,-,-,-,-,-,Rutherford,Smyrna,1
39795,400076824,0,1,35.82339,-88.91167,8,2024-04-14 12:02:00,2024,4,14,12,2,Sunday,12:02,Suspected Serious Injury,Daylight,Clear,Motor Vehicle-In-Transport On Same Roadway,None,HUMBOLDT POLICE DEPT,Other,Unbelted,-,-,-,-,-,-,-,-,-,-,-,-,Gibson,Humboldt,1
39799,400076836,0,2,35.60878,-87.02832,7,2024-04-14 18:40:00,2024,4,14,18,40,Sunday,18:40,Suspected Serious Injury,Daylight,Clear,Motor Vehicle-In-Transport On Same Roadway,None,COLUMBIA POLICE DEPT,Other,Unbelted,-,-,-,-,-,-,-,-,-,-,Motorcyclist,-,Maury,Columbia,1
39803,400076848,0,1,35.2789,-85.70989,2,2024-04-14 22:43:00,2024,4,14,22,43,Sunday,22:43,Suspected Serious Injury,Dark-Not Lighted,Clear,"Over Turn, Roll Over",None,THP District 2 - Chattanooga,THP,Unbelted,-,-,-,-,-,-,-,-,-,-,-,-,Grundy,Not in City Limit,1
39805,400076852,1,2,36.58509,-83.11112,5,2024-04-14 20:37:00,2024,4,14,20,37,Sunday,20:37,Fatal,Dusk,Clear,Parked Motor Vehicle,None,THP District 5 - Fall Branch,THP,Unbelted,-,-,-,-,-,-,Pedestrian,-,-,-,-,-,Hancock,Not in City Limit,1
39811,400076907,0,1,36.1812,-86.29954,3,2024-04-14 15:00:00,2024,4,14,15,0,Sunday,15:00,Suspected Serious Injury,Daylight,Clear,Motor Vehicle-In-Transport On Same Roadway,None,LEBANON POLICE DEPT,Other,Unbelted,-,-,-,-,-,-,-,-,-,-,Motorcyclist,-,Wilson,Lebanon,1
39814,400076916,1,4,35.94758,-84.15502,1,2024-04-14 18:23:00,2024,4,14,18,23,Sunday,18:23,Fatal,Daylight,Clear,Motor Vehicle-In-Transport On Same Roadway,None,KNOX CO SHERIFFS OFFICE,Other,Unbelted,-,Drinking,Drug,-,Speeding,-,-,-,-,-,-,-,Knox,Not in City Limit,1
39827,400076974,1,0,36.42612,-81.82079,5,2024-04-14 15:00:00,2024,4,14,15,0,Sunday,15:00,Fatal,Daylight,Clear,Fence,None,THP District 5 - Fall Branch,THP,-,-,-,Drug,-,-,-,-,-,-,-,Motorcyclist,-,Johnson,Not in City Limit,1
39831,400076986,0,2,36.33204,-82.81811,5,2024-04-15 10:30:00,2024,4,15,10,30,Monday,10:30,Suspected Serious Injury,Daylight,Clear,Standing Tree,None,THP District 5 - Fall Branch,THP,Unbelted,-,-,-,-,-,-,-,-,-,-,-,-,Greene,Not in City Limit,2
39840,400077039,0,1,36.4007,-87.02683,3,2024-04-14 20:05:00,2024,4,14,20,5,Sunday,20:05,Suspected Serious Injury,Dusk,Clear,Pedestrian,None,THP District 3 - Nashville,THP,Unbelted,-,-,-,-,-,-,Pedestrian,-,-,-,-,-,Robertson,Coopertown,1
39844,400077053,0,1,36.13793,-85.49707,6,2024-04-15 13:56:00,2024,4,15,13,56,Monday,13:56,Suspected Serious Injury,Daylight,Clear,Motor Vehicle-In-Transport On Same Roadway,None,COOKEVILLE POLICE DEPT,Other,Unbelted,-,-,-,-,Speeding,-,-,-,-,-,Motorcyclist,-,Putnam,Cookeville,2
39854,400077090,0,2,36.04998,-86.77519,3,2024-04-15 10:59:00,2024,4,15,10,59,Monday,10:59,Suspected Serious Injury,Daylight,Clear,Motor Vehicle-In-Transport On Same Roadway,None,METROPOLITAN NASHVILLE POLICE DEPT,Other,Unbelted,-,-,-,-,-,-,-,-,-,ATV_Involved,-,-,Davidson,Nashville,2
39865,400077171,0,1,36.07598,-86.61959,3,2024-04-15 18:15:00,2024,4,15,18,15,Monday,18:15,Suspected Serious Injury,Daylight,Clear,Motor Vehicle-In-Transport On Same Roadway,None,METROPOLITAN NASHVILLE POLICE DEPT,Other,Unbelted,-,-,-,-,-,-,-,-,-,-,-,-,Davidson,Nashville,2
39869,400077179,0,1,36.18219,-86.30171,3,2024-04-15 16:14:00,2024,4,15,16,14,Monday,16:14,Suspected Serious Injury,Daylight,Clear,Motor Vehicle-In-Transport On Same Roadway,None,THP District 3 - Nashville,THP,Unbelted,Distracted,-,-,-,-,-,-,-,-,ATV_Involved,-,-,Wilson,Lebanon,2
39871,400077184,0,1,35.72377,-83.92736,1,2024-04-15 17:09:00,2024,4,15,17,9,Monday,17:09,Suspected Serious Injury,Daylight,Clear,Motor Vehicle-In-Transport On Same Roadway,None,BLOUNT CO SHERIFFS DEPT,Other,Unbelted,-,-,-,-,-,-,-,-,-,-,-,-,Blount,Not in City Limit,2
39874,400077194,0,1,35.03439,-86.37344,7,2024-04-15 19:47:00,2024,4,15,19,47,Monday,19:47,Suspected Serious Injury,Dark-Not Lighted,Clear,Ditch,None,THP District 7 - Lawrenceburg,THP,-,-,-,-,-,-,-,-,-,-,-,Motorcyclist,-,Lincoln,Not in City Limit,2
39876,400077205,0,1,36.06594,-85.59566,6,2024-04-15 19:31:00,2024,4,15,19,31,Monday,19:31,Suspected Serious Injury,Dark-Not Lighted,Clear,Ditch,None,THP District 6 - Cookeville,THP,-,-,-,-,-,Speeding,-,-,-,-,-,Motorcyclist,-,Putnam,Not in City Limit,2
39878,400077212,0,1,36.59505,-85.05466,6,2024-04-15 21:00:00,2024,4,15,21,0,Monday,21:00,Suspected Serious Injury,Dark-Not Lighted,Clear,Ditch,None,THP District 6 - Cookeville,THP,Unbelted,-,-,-,-,-,-,-,-,-,-,-,-,Pickett,Not in City Limit,2
39879,400077213,0,3,35.02089,-85.35345,2,2024-04-15 20:30:00,2024,4,15,20,30,Monday,20:30,Suspected Serious Injury,Dark-Not Lighted,Clear,Motor Vehicle-In-Transport On Different Roadway,None,HAMILTON COUNTY SHERIFF'S OFFICE,Other,Unbelted,-,-,-,-,Speeding,-,-,-,-,-,-,-,Hamilton,Not in City Limit,2
39888,400077288,0,1,36.52051,-82.72797,5,2024-04-16 06:44:00,2024,4,16,6,44,Tuesday,06:44,Suspected Serious Injury,Dawn,Clear,Motor Vehicle-In-Transport On Same Roadway,None,CHURCH HILL PUBLIC SAFETY,Other,Unbelted,-,-,-,-,-,-,-,-,-,-,Motorcyclist,-,Hawkins,Church Hill,3
39893,400077309,0,1,35.06824,-85.22419,2,2024-04-16 06:28:00,2024,4,16,6,28,Tuesday,06:28,Suspected Serious Injury,Daylight,Clear,Motor Vehicle-In-Transport On Same Roadway,None,CHATTANOOGA POLICE DEPT,Other,Unbelted,Distracted,-,-,-,-,-,-,-,-,-,-,-,Hamilton,Chattanooga,3
39902,400077341,0,3,35.8308,-83.9734,1,2024-04-16 07:36:00,2024,4,16,7,36,Tuesday,07:36,Suspected Serious Injury,Daylight,Clear,Motor Vehicle-In-Transport On Same Roadway,None,ALCOA POLICE DEPARTMENT,Other,Unbelted,-,-,-,-,-,-,-,-,-,-,-,-,Blount,Alcoa,3
39904,400077362,0,1,36.1536,-86.7764,3,2024-04-13 22:47:00,2024,4,13,22,47,Saturday,22:47,Suspected Serious Injury,Dark-Lighted,Clear,Pedestrian,None,METROPOLITAN NASHVILLE POLICE DEPT,Other,Unbelted,-,-,-,-,-,-,Pedestrian,-,-,-,-,-,Davidson,Nashville,7
39910,400077385,1,0,36.18824,-83.30426,5,2024-04-15 00:00:00,2024,4,15,24,0,Monday,24:00,Fatal,Dark-Not Lighted,Clear,Shrubbery,None,MORRISTOWN POLICE DEPT,Other,-,-,Drinking,-,-,-,-,-,-,-,-,Motorcyclist,-,Hamblen,Morristown,2
39911,400077387,0,2,35.75652,-86.86776,3,2024-04-16 09:33:00,2024,4,16,9,33,Tuesday,09:33,Suspected Serious Injury,Daylight,Clear,Concrete Traffic Barrier,None,SPRING HILL POLICE DEPT,Other,Unbelted,-,-,-,-,-,-,-,-,-,-,-,-,Williamson,Spring Hill,3
39925,400077445,1,0,36.21568,-86.72966,3,2024-04-14 01:28:00,2024,4,14,1,28,Sunday,01:28,Fatal,Dark-Lighted,Clear,Pedestrian,None,METROPOLITAN NASHVILLE POLICE DEPT,Other,Unbelted,-,-,-,-,-,-,Pedestrian,-,-,-,-,-,Davidson,Nashville,1
39930,400077463,0,5,35.83115,-86.33508,3,2024-04-16 12:56:00,2024,4,16,12,56,Tuesday,12:56,Suspected Serious Injury,Daylight,Clear,Motor Vehicle-In-Transport On Same Roadway,None,THP District 3 - Nashville,THP,Unbelted,-,-,-,-,-,-,-,-,-,-,-,-,Rutherford,Not in City Limit,3
39933,400077483,1,0,36.31586,-84.86013,6,2024-04-14 13:22:00,2024,4,14,13,22,Sunday,13:22,Fatal,Daylight,Clear,Ditch,None,THP District 6 - Cookeville,THP,-,-,Drinking,Drug,-,-,-,-,-,-,-,Motorcyclist,-,Fentress,Not in City Limit,1
39936,400077506,0,1,36.08413,-83.9282,1,2024-04-16 16:05:00,2024,4,16,16,5,Tuesday,16:05,Suspected Serious Injury,Daylight,Clear,Motor Vehicle-In-Transport On Same Roadway,None,KNOX CO SHERIFFS OFFICE,Other,Unbelted,-,-,-,-,-,-,-,-,-,-,Motorcyclist,-,Knox,Not in City Limit,3
39950,400077607,0,1,35.37154,-86.00959,2,2024-04-16 19:30:00,2024,4,16,19,30,Tuesday,19:30,Suspected Serious Injury,Dark-Not Lighted,Clear,Utility Pole,None,THP District 2 - Chattanooga,THP,Unbelted,-,-,-,Drowsy,-,-,-,-,-,-,-,-,Coffee,Not in City Limit,3
39966,400077700,0,1,35.70318,-85.11998,2,2024-04-17 05:02:00,2024,4,17,5,2,Wednesday,05:02,Suspected Serious Injury,Dark-Not Lighted,Cloudy,Culvert,None,THP District 2 - Chattanooga,THP,Unbelted,Distracted,-,-,-,-,-,-,-,-,-,-,-,Bledsoe,Not in City Limit,4
39969,400077723,0,1,36.18103,-83.32972,5,2024-04-17 07:02:00,2024,4,17,7,2,Wednesday,07:02,Suspected Serious Injury,Dawn,Cloudy,Standing Tree,None,MORRISTOWN POLICE DEPT,Other,Unbelted,-,-,-,-,-,-,-,-,-,-,-,-,Hamblen,Morristown,4
39980,400077779,0,1,35.55586,-84.01359,1,2024-04-15 18:00:00,2024,4,15,18,0,Monday,18:00,Suspected Serious Injury,Daylight,Clear,Ditch,None,BLOUNT CO SHERIFFS DEPT,Other,-,-,-,-,-,-,-,-,-,-,-,Motorcyclist,-,Blount,Not in City Limit,2
39982,400077786,1,0,35.62269,-84.70186,2,2024-04-17 07:45:00,2024,4,17,7,45,Wednesday,07:45,Fatal,Daylight,Cloudy,Motor Vehicle-In-Transport On Same Roadway,None,THP District 2 - Chattanooga,THP,Unbelted,-,-,-,-,-,-,-,-,-,-,-,-,Meigs,Not in City Limit,4
39986,400077806,1,2,35.97321,-83.98865,1,2024-04-17 07:58:00,2024,4,17,7,58,Wednesday,07:58,Fatal,Daylight,Cloudy,Motor Vehicle-In-Transport On Same Roadway,None,KNOXVILLE POLICE DEPT,Other,Unbelted,-,-,-,-,-,-,-,-,-,-,-,-,Knox,Knoxville,4
40021,400078010,0,2,35.57708,-88.38856,8,2024-04-17 15:27:00,2024,4,17,15,27,Wednesday,15:27,Suspected Serious Injury,Daylight,Clear,Motor Vehicle-In-Transport On Same Roadway,None,THP District 8 - Jackson,THP,Unbelted,-,-,-,-,-,-,-,-,-,-,-,Indirect,Henderson,Not in City Limit,4
40024,400078030,0,4,36.54329,-81.986,5,2024-04-14 14:30:00,2024,4,14,14,30,Sunday,14:30,Suspected Serious Injury,Daylight,Clear,Motor Vehicle-In-Transport On Same Roadway,None,THP District 5 - Fall Branch,THP,Unbelted,-,-,-,-,-,-,-,-,-,-,Motorcyclist,-,Sullivan,Not in City Limit,1
40027,400078048,0,1,35.9986,-83.98986,1,2024-04-17 20:34:00,2024,4,17,20,34,Wednesday,20:34,Suspected Serious Injury,Dark-Lighted,Clear,Motor Vehicle-In-Transport On Same Roadway,None,KNOXVILLE POLICE DEPT,Other,Unbelted,-,-,-,-,-,-,-,-,ATV_Involved,-,-,-,Knox,Knoxville,4
40039,400078097,1,1,36.01701,-83.82291,1,2024-04-17 22:13:00,2024,4,17,22,13,Wednesday,22:13,Fatal,Dark-Lighted,Clear,Motor Vehicle-In-Transport On Same Roadway,None,KNOXVILLE POLICE DEPT,Other,Unbelted,-,Drinking,-,-,Speeding,-,-,-,-,-,Motorcyclist,-,Knox,Knoxville,4
40049,400078174,0,1,35.92219,-84.06215,1,2024-04-18 06:27:00,2024,4,18,6,27,Thursday,06:27,Suspected Serious Injury,Dark-Lighted,Clear,Pedestrian,None,KNOXVILLE POLICE DEPT,Other,Unbelted,-,-,-,-,-,-,Pedestrian,-,-,-,-,-,Knox,Knoxville,5
40056,400078221,0,2,35.44376,-84.59319,2,2024-04-18 11:35:00,2024,4,18,11,35,Thursday,11:35,Suspected Serious Injury,Daylight,Clear,Building,None,ATHENS POLICE DEPT,Other,Unbelted,-,-,-,-,-,-,-,-,-,-,-,-,McMinn,Athens,5
40070,400078321,1,0,35.11368,-85.25557,2,2024-04-18 15:45:00,2024,4,18,15,45,Thursday,15:45,Fatal,Daylight,Clear,Motor Vehicle-In-Transport On Same Roadway,None,CHATTANOOGA POLICE DEPT,Other,Unbelted,-,-,-,-,-,-,-,-,-,-,-,-,Hamilton,Chattanooga,5
40074,400078337,1,2,36.45809,-84.90851,6,2024-04-18 13:05:00,2024,4,18,13,5,Thursday,13:05,Fatal,Daylight,Clear,Motor Vehicle-In-Transport On Same Roadway,None,THP District 6 - Cookeville,THP,Unbelted,-,-,Drug,-,-,-,-,-,-,-,-,-,Fentress,Not in City Limit,5
40077,400078354,0,1,35.98642,-83.97416,1,2024-04-18 16:28:00,2024,4,18,16,28,Thursday,16:28,Suspected Serious Injury,Daylight,Clear,Motor Vehicle-In-Transport On Same Roadway,None,KNOXVILLE POLICE DEPT,Other,Unbelted,-,-,-,-,-,-,-,-,-,-,-,-,Knox,Knoxville,5
40080,400078374,0,1,36.13503,-83.33911,5,2024-04-18 11:50:00,2024,4,18,11,50,Thursday,11:50,Suspected Serious Injury,Daylight,Clear,"Fire, Explosion",None,THP District 5 - Fall Branch,THP,Unbelted,-,-,-,-,-,-,-,-,-,-,-,-,Jefferson,Not in City Limit,5
40082,400078385,0,1,35.97111,-87.69702,3,2024-04-17 16:54:00,2024,4,17,16,54,Wednesday,16:54,Suspected Serious Injury,Daylight,Clear,Fence,None,THP District 3 - Nashville,THP,Unbelted,-,-,-,-,-,-,-,-,-,-,-,-,Humphreys,Not in City Limit,4
40103,400078484,0,2,35.27464,-89.69908,4,2024-04-18 16:19:00,2024,4,18,16,19,Thursday,16:19,Suspected Serious Injury,Daylight,Clear,Motor Vehicle-In-Transport On Same Roadway,None,THP District 4 - Memphis,THP,Unbelted,-,-,-,-,-,-,-,-,-,-,-,-,Shelby,Arlington,5
40106,400078514,0,3,36.17862,-86.45644,3,2024-04-18 01:30:00,2024,4,18,1,30,Thursday,01:30,Suspected Serious Injury,Dark-Not Lighted,Clear,Guard Rail Face,None,THP District 3 - Nashville,THP,Unbelted,-,-,-,-,-,-,-,-,-,-,-,-,Wilson,Mount Juliet,5
40111,400078544,0,1,35.24068,-85.87591,2,2024-04-17 04:54:00,2024,4,17,4,54,Wednesday,04:54,Suspected Serious Injury,Dark-Not Lighted,Clear,Concrete Traffic Barrier,None,THP District 2 - Chattanooga,THP,Unbelted,-,-,-,-,-,-,-,-,-,ATV_Involved,-,-,Grundy,Not in City Limit,4
40119,400078574,0,2,35.99493,-83.82748,1,2024-04-19 05:40:00,2024,4,19,5,40,Friday,05:40,Suspected Serious Injury,Dark-Not Lighted,Cloudy,Motor Vehicle-In-Transport On Same Roadway,None,THP District 1 - Knoxville,THP,Unbelted,-,-,Drug,-,Speeding,-,-,-,-,-,-,-,Knox,Not in City Limit,6
40125,400078611,0,1,36.214,-83.753,5,2024-04-19 08:35:00,2024,4,19,8,35,Friday,08:35,Suspected Serious Injury,Daylight,Rain,Motor Vehicle-In-Transport On Same Roadway,None,THP District 5 - Fall Branch,THP,Unbelted,-,-,-,-,Speeding,-,-,-,-,-,-,-,Union,Luttrell,6
40128,400078620,1,0,36.26993,-89.37605,8,2024-04-18 10:40:00,2024,4,18,10,40,Thursday,10:40,Fatal,Daylight,Clear,Fence,None,THP District 8 - Jackson,THP,Unbelted,-,-,-,-,-,-,-,-,-,-,-,-,Obion,Not in City Limit,5
40132,400078629,0,1,35.88631,-86.34279,3,2024-04-14 11:10:00,2024,4,14,11,10,Sunday,11:10,Suspected Serious Injury,Daylight,Clear,Unknown,None,MURFREESBORO POLICE DEPT,Other,Unbelted,-,-,-,-,-,-,-,-,-,-,Motorcyclist,-,Rutherford,Murfreesboro,1
40143,400078697,1,0,35.79782,-88.39077,8,2024-04-19 07:37:00,2024,4,19,7,37,Friday,07:37,Fatal,Daylight,Cloudy,Motor Vehicle-In-Transport On Same Roadway,None,THP District 8 - Jackson,THP,Unbelted,Distracted,-,Drug,Drowsy,-,-,-,-,-,ATV_Involved,-,-,Henderson,Parkers Crossroads,6
40144,400078702,1,0,35.96615,-86.77837,3,2024-04-19 03:03:00,2024,4,19,3,3,Friday,03:03,Fatal,Dark-Lighted,Cloudy,Embankment Earth,None,BRENTWOOD POLICE DEPT,Other,Unbelted,-,Drinking,-,-,-,-,-,-,-,-,-,-,Williamson,Brentwood,6
40147,400078712,1,0,35.26206,-85.06406,2,2024-04-18 00:00:00,2024,4,18,24,0,Thursday,24:00,Fatal,Dark-Not Lighted,Clear,Deer,None,HAMILTON COUNTY SHERIFF'S OFFICE,Other,-,-,-,-,-,-,-,-,-,-,-,Motorcyclist,-,Hamilton,Not in City Limit,5
40151,400078746,0,1,35.99096,-83.5656,5,2024-04-19 09:15:00,2024,4,19,9,15,Friday,09:15,Suspected Serious Injury,Daylight,Clear,Standing Tree,None,JEFFERSON CO SHERIFFS DEPT,Other,Unbelted,-,-,-,-,-,-,-,-,-,-,-,-,Jefferson,Not in City Limit,6
40153,400078772,0,1,35.01181,-85.22544,2,2024-04-19 13:56:00,2024,4,19,13,56,Friday,13:56,Suspected Serious Injury,Daylight,Cloudy,Motor Vehicle-In-Transport On Same Roadway,None,CHATTANOOGA POLICE DEPT,Other,Unbelted,-,-,-,-,-,-,-,-,-,-,Motorcyclist,-,Hamilton,Chattanooga,6
40156,400078792,0,3,36.13571,-85.44977,6,2024-04-19 12:47:00,2024,4,19,12,47,Friday,12:47,Suspected Serious Injury,Daylight,Cloudy,Motor Vehicle-In-Transport On Same Roadway,None,THP District 6 - Cookeville,THP,Unbelted,-,-,-,-,-,-,-,-,-,-,-,-,Putnam,Cookeville,6
40163,400078825,0,2,35.70171,-85.78857,6,2024-04-19 10:19:00,2024,4,19,10,19,Friday,10:19,Suspected Serious Injury,Daylight,Clear,Motor Vehicle-In-Transport On Same Roadway,None,MCMINNVILLE POLICE DEPT,Other,Unbelted,-,-,-,-,-,-,-,-,-,-,-,-,Warren,McMinnville,6
40166,400078842,0,1,35.71986,-87.13113,7,2024-04-19 10:45:00,2024,4,19,10,45,Friday,10:45,Suspected Serious Injury,Other,Rain,Standing Tree,None,MAURY CO SHERIFFS DEPT,Other,Unbelted,Distracted,-,-,-,-,-,-,-,-,-,-,-,Maury,Not in City Limit,6
40170,400078857,1,1,36.41712,-87.00224,3,2024-04-19 13:17:00,2024,4,19,13,17,Friday,13:17,Fatal,Daylight,Cloudy,Other Non-Collision,None,COOPERTOWN POLICE DEPT,Other,Unbelted,-,-,-,-,-,-,-,-,-,-,-,-,Robertson,Coopertown,6
40183,400078921,0,2,35.369,-86.88554,7,2024-04-18 20:17:00,2024,4,18,20,17,Thursday,20:17,Suspected Serious Injury,Dark-Not Lighted,Clear,Motor Vehicle-In-Transport On Same Roadway,None,THP District 7 - Lawrenceburg,THP,Unbelted,-,-,Drug,-,-,-,-,-,-,-,-,-,Marshall,Not in City Limit,5
40186,400078935,0,1,35.36875,-86.88556,7,2024-04-18 20:17:00,2024,4,18,20,17,Thursday,20:17,Suspected Serious Injury,Dark-Not Lighted,Clear,Guard Rail Face,None,THP District 7 - Lawrenceburg,THP,Unbelted,-,-,Drug,-,-,-,-,-,-,-,-,-,Marshall,Not in City Limit,5
40189,400078952,0,4,35.42099,-84.36239,1,2024-04-19 20:41:00,2024,4,19,20,41,Friday,20:41,Suspected Serious Injury,Dark-Not Lighted,Clear,Motor Vehicle-In-Transport On Same Roadway,None,THP District 1 - Knoxville,THP,Unbelted,-,-,-,-,-,-,-,-,-,-,-,-,Monroe,Not in City Limit,6
40190,400078954,0,1,36.19248,-83.26996,5,2024-04-19 19:17:00,2024,4,19,19,17,Friday,19:17,Suspected Serious Injury,Daylight,Cloudy,Motor Vehicle-In-Transport On Same Roadway,None,THP District 5 - Fall Branch,THP,Unbelted,-,-,-,-,-,-,-,-,-,-,Motorcyclist,-,Hamblen,Morristown,6