OBJECTID,MRN,Fatality,Injury,Latitude,Longitude,THP_District,Collision_Date,Collision_Year,Collision_Month,Collision_Day,Collision_Hour,Collision_Min,Collision_DOW,Collision_Time,Crash_Type,Light_Condition,Weather,First_Harmfu_Event,Work_Zone_Type,Agency_Name,THP,Unbelted,Distracted_Driver,Driver_Drinking,Driver_Drugged,Drowsy_Driver,Speeding_Involved,Pedalcyclist,Pedestrian,Other_Nonmotorist,ATV_Involved,LargeTruck_Involved,Motorcycle_Involved,SchoolBus,County,City,DOW_Nmb
40197,400078980,0,5,35.82321,-83.90508,1,2024-04-20 00:30:00,2024,4,20,0,30,Saturday,00:30,Suspected Serious Injury,Dark-Not Lighted,Clear,Utility Pole,None,BLOUNT CO SHERIFFS DEPT,Other,Unbelted,-,-,-,-,-,-,-,-,-,-,-,-,Blount,Not in City Limit,7
40203,400078999,0,4,35.98335,-87.18974,3,2024-04-20 00:10:00,2024,4,20,0,10,Saturday,00:10,Suspected Serious Injury,Dark-Not Lighted,Clear,Ditch,None,THP District 3 - Nashville,THP,Unbelted,-,-,-,-,-,-,-,-,-,-,-,-,Williamson,Not in City Limit,7
40206,400079027,0,1,35.65469,-88.76673,8,2024-04-20 07:39:00,2024,4,20,7,39,Saturday,07:39,Suspected Serious Injury,Daylight,Cloudy,"Over Turn, Roll Over",None,THP District 8 - Jackson,THP,Unbelted,-,-,-,Drowsy,-,-,-,-,-,-,-,-,Madison,Not in City Limit,7
40211,400079054,0,2,36.19674,-86.51935,3,2024-04-20 08:52:00,2024,4,20,8,52,Saturday,08:52,Suspected Serious Injury,Daylight,Clear,Motor Vehicle-In-Transport On Same Roadway,None,MOUNT JULIET POLICE DEPT,Other,Unbelted,-,-,-,-,-,-,-,-,-,-,-,-,Wilson,Mount Juliet,7
40213,400079064,1,0,36.00888,-87.33006,3,2024-04-20 04:17:00,2024,4,20,4,17,Saturday,04:17,Fatal,Dark-Not Lighted,Rain,Motor Vehicle-In-Transport On Same Roadway,None,THP District 3 - Nashville,THP,Unbelted,-,Drinking,-,-,-,-,-,-,-,-,Motorcyclist,-,Dickson,Not in City Limit,7
40215,400079073,0,1,36.27343,-84.20054,1,2024-04-16 07:55:00,2024,4,16,7,55,Tuesday,07:55,Suspected Serious Injury,Daylight,Clear,Motor Vehicle-In-Transport On Same Roadway,None,THP District 1 - Knoxville,THP,Unbelted,-,-,-,-,-,-,-,-,-,-,Motorcyclist,-,Campbell,Not in City Limit,3
40216,400079075,0,1,36.30152,-86.63187,3,2024-04-14 17:34:00,2024,4,14,17,34,Sunday,17:34,Suspected Serious Injury,Daylight,Clear,Motor Vehicle-In-Transport On Same Roadway,None,HENDERSONVILLE POLICE DEPT,Other,Unbelted,-,-,-,-,-,-,-,-,-,-,Motorcyclist,-,Sumner,Hendersonville,1
40218,400079079,0,1,36.29798,-83.47693,5,2024-04-20 10:50:00,2024,4,20,10,50,Saturday,10:50,Suspected Serious Injury,Daylight,Clear,Ditch,None,THP District 5 - Fall Branch,THP,Unbelted,-,-,-,-,-,-,-,-,-,-,-,-,Grainger,Not in City Limit,7
40223,400079104,0,1,35.66721,-86.59049,7,2024-04-20 11:54:00,2024,4,20,11,54,Saturday,11:54,Suspected Serious Injury,Daylight,Clear,Ditch,None,THP District 7 - Lawrenceburg,THP,-,-,-,-,-,-,-,-,-,-,-,Motorcyclist,-,Bedford,Not in City Limit,7
40226,400079120,0,5,35.1637,-85.19036,2,2024-04-20 10:25:00,2024,4,20,10,25,Saturday,10:25,Suspected Serious Injury,Daylight,Clear,Motor Vehicle-In-Transport On Same Roadway,None,CHATTANOOGA POLICE DEPT,Other,Unbelted,-,-,-,-,Speeding,-,-,-,-,-,-,-,Hamilton,Chattanooga,7
40234,400079153,0,1,36.39094,-83.67533,5,2024-04-20 14:37:00,2024,4,20,14,37,Saturday,14:37,Suspected Serious Injury,Daylight,Clear,Standing Tree,None,THP District 5 - Fall Branch,THP,Unbelted,-,-,-,-,-,-,-,-,-,-,-,-,Claiborne,Not in City Limit,7
40252,400079207,0,1,36.15527,-88.51737,8,2024-04-20 00:00:00,2024,4,20,24,0,Saturday,24:00,Suspected Serious Injury,Dark-Lighted,Rain,Standing Tree,None,MCKENZIE POLICE DEPT,Other,Unbelted,-,Drinking,Drug,-,-,-,-,-,-,-,-,-,Henry,McKenzie,7
40255,400079213,0,1,35.96267,-83.6461,1,2024-04-20 18:00:00,2024,4,20,18,0,Saturday,18:00,Suspected Serious Injury,Daylight,Clear,Standing Tree,None,THP District 1 - Knoxville,THP,Unbelted,-,-,-,-,-,-,-,-,-,-,-,-,Sevier,Not in City Limit,7
40259,400079230,1,0,35.79418,-83.56151,1,2024-04-18 23:18:00,2024,4,18,23,18,Thursday,23:18,Fatal,Dark-Lighted,Clear,Non-Motorist Personal Conveyance,None,PIGEON FORGE POLICE DEPT,Other,Unbelted,-,-,-,-,-,-,Pedestrian,-,-,-,-,-,Sevier,Pigeon Forge,5
40267,400079262,1,0,36.10616,-87.0805,3,2024-04-20 17:30:00,2024,4,20,17,30,Saturday,17:30,Fatal,Daylight,Clear,Ditch,None,THP District 3 - Nashville,THP,Unbelted,-,-,-,-,-,-,-,-,-,-,-,-,Cheatham,Kingston Springs,7
40271,400079272,0,1,35.97781,-86.51488,3,2024-04-20 16:47:00,2024,4,20,16,47,Saturday,16:47,Suspected Serious Injury,Daylight,Clear,Motor Vehicle-In-Transport On Same Roadway,None,SMYRNA POLICE DEPT,Other,Unbelted,-,-,-,-,-,-,-,-,-,-,-,-,Rutherford,Smyrna,7
40274,400079283,0,1,36.49539,-86.49898,3,2024-04-20 20:40:00,2024,4,20,20,40,Saturday,20:40,Suspected Serious Injury,Dark-Not Lighted,Cloudy,Ditch,None,THP District 3 - Nashville,THP,Unbelted,-,-,-,-,-,-,-,-,-,ATV_Involved,-,-,Sumner,Not in City Limit,7
40278,400079315,0,1,35.74775,-84.38187,1,2024-04-21 00:00:00,2024,4,21,0,0,Sunday,00:00,Suspected Serious Injury,Dark-Lighted,Clear,"Over Turn, Roll Over",None,THP District 1 - Knoxville,THP,Unbelted,-,-,Drug,-,-,-,-,-,-,-,-,-,Loudon,Not in City Limit,1
40283,400079363,0,1,35.81426,-84.28871,1,2024-04-20 12:25:00,2024,4,20,12,25,Saturday,12:25,Suspected Serious Injury,Daylight,Clear,Embankment Earth,None,THP District 1 - Knoxville,THP,-,-,-,-,-,-,-,-,-,-,-,-,-,Loudon,Not in City Limit,7
40307,400079535,0,1,35.76901,-88.8378,8,2024-04-21 17:12:00,2024,4,21,17,12,Sunday,17:12,Suspected Serious Injury,Daylight,Clear,Culvert,None,THP District 8 - Jackson,THP,-,-,-,-,-,-,-,-,-,-,-,Motorcyclist,-,Madison,Three Way,1
40310,400079546,0,1,35.38292,-86.22178,2,2024-04-21 12:21:00,2024,4,21,12,21,Sunday,12:21,Suspected Serious Injury,Daylight,Clear,Culvert,None,TULLAHOMA POLICE DEPT,Other,Unbelted,-,-,Drug,-,-,-,-,-,-,-,-,-,Coffee,Tullahoma,1
40318,400079589,0,1,36.50031,-87.69337,3,2024-04-21 15:59:00,2024,4,21,15,59,Sunday,15:59,Suspected Serious Injury,Daylight,Clear,Standing Tree,None,THP District 3 - Nashville,THP,-,-,-,-,-,-,-,-,-,-,-,Motorcyclist,-,Stewart,Not in City Limit,1
40323,400079604,0,1,35.45798,-87.26848,7,2024-04-21 20:57:00,2024,4,21,20,57,Sunday,20:57,Suspected Serious Injury,Dark-Not Lighted,Clear,Guard Rail Face,None,THP District 7 - Lawrenceburg,THP,Unbelted,-,-,-,-,-,-,-,-,-,-,-,-,Maury,Not in City Limit,1
40327,400079609,1,0,35.99212,-83.95081,1,2024-04-21 21:31:00,2024,4,21,21,31,Sunday,21:31,Fatal,Dark-Lighted,Clear,Motor Vehicle-In-Transport On Same Roadway,None,KNOXVILLE POLICE DEPT,Other,Unbelted,-,-,-,-,-,-,-,-,-,-,Motorcyclist,-,Knox,Knoxville,1
40328,400079612,0,1,36.06878,-86.71748,3,2024-04-21 21:14:00,2024,4,21,21,14,Sunday,21:14,Suspected Serious Injury,Dark-Lighted,Clear,Pedestrian,None,METROPOLITAN NASHVILLE POLICE DEPT,Other,Unbelted,-,-,-,-,-,-,Pedestrian,-,-,-,-,-,Davidson,Nashville,1
40330,400079621,0,5,35.71423,-88.64706,8,2024-04-21 04:57:00,2024,4,21,4,57,Sunday,04:57,Suspected Serious Injury,Dark-Not Lighted,Clear,Motor Vehicle-In-Transport On Same Roadway,None,THP District 8 - Jackson,THP,Unbelted,-,-,-,-,-,-,-,-,-,ATV_Involved,-,-,Madison,Not in City Limit,1
40331,400079623,0,4,35.51256,-84.79072,2,2024-04-21 19:45:00,2024,4,21,19,45,Sunday,19:45,Suspected Serious Injury,Daylight,Clear,Motor Vehicle-In-Transport On Same Roadway,None,THP District 2 - Chattanooga,THP,Unbelted,Distracted,-,-,-,-,-,-,-,-,-,-,-,Meigs,Decatur,1
40333,400079629,0,1,36.08884,-83.54273,5,2024-04-21 00:00:00,2024,4,21,24,0,Sunday,24:00,Suspected Serious Injury,Dark-Not Lighted,Clear,Guard Rail End,None,JEFFERSON CO SHERIFFS DEPT,Other,Unbelted,-,-,-,-,-,-,-,-,-,-,-,-,Jefferson,Not in City Limit,1
40338,400079656,0,4,36.05108,-87.36532,3,2024-04-20 22:20:00,2024,4,20,22,20,Saturday,22:20,Suspected Serious Injury,Dark-Lighted,Clear,Motor Vehicle-In-Transport On Same Roadway,None,DICKSON POLICE DEPT,Other,Unbelted,-,Drinking,Drug,Drowsy,-,-,-,-,-,-,-,-,Dickson,Dickson,7
40341,400079670,0,2,35.73333,-85.66178,6,2024-04-19 20:38:00,2024,4,19,20,38,Friday,20:38,Suspected Serious Injury,Dark-Not Lighted,Rain,Motor Vehicle-In-Transport On Same Roadway,None,WARREN CO SHERIFFS DEPT,Other,Unbelted,Distracted,-,-,-,-,-,-,-,-,-,-,-,Warren,Not in City Limit,6
40349,400079723,0,4,35.44571,-84.62998,2,2024-04-22 06:53:00,2024,4,22,6,53,Monday,06:53,Suspected Serious Injury,Daylight,Clear,Motor Vehicle-In-Transport On Same Roadway,None,ATHENS POLICE DEPT,Other,Unbelted,-,-,-,-,-,-,-,-,-,-,-,-,McMinn,Athens,2
40356,400079789,0,3,36.39437,-87.02264,3,2024-04-22 04:58:00,2024,4,22,4,58,Monday,04:58,Suspected Serious Injury,Dark-Not Lighted,Clear,Motor Vehicle-In-Transport On Same Roadway,None,THP District 3 - Nashville,THP,Unbelted,-,Drinking,Drug,-,-,-,-,-,-,-,-,-,Cheatham,Pleasant View,2
40357,400079797,0,3,35.56668,-86.28526,7,2024-04-22 07:56:00,2024,4,22,7,56,Monday,07:56,Suspected Serious Injury,Daylight,Clear,Motor Vehicle-In-Transport On Same Roadway,None,THP District 7 - Lawrenceburg,THP,Unbelted,-,-,-,-,-,-,-,-,-,-,-,-,Bedford,Not in City Limit,2
40360,400079835,0,1,36.03005,-86.59248,3,2024-04-21 07:58:00,2024,4,21,7,58,Sunday,07:58,Suspected Serious Injury,Daylight,Cloudy,Utility Pole,None,METROPOLITAN NASHVILLE POLICE DEPT,Other,Unbelted,-,Drinking,-,-,-,-,-,-,-,-,-,-,Davidson,Nashville,1
40374,400079891,0,1,36.01238,-86.8264,3,2024-04-22 15:04:00,2024,4,22,15,4,Monday,15:04,Suspected Serious Injury,Daylight,Clear,Motor Vehicle-In-Transport On Same Roadway,None,BRENTWOOD POLICE DEPT,Other,Unbelted,-,-,-,-,-,-,-,-,-,-,-,-,Williamson,Brentwood,2
40380,400079930,0,1,36.00286,-84.38226,1,2024-04-22 17:46:00,2024,4,22,17,46,Monday,17:46,Suspected Serious Injury,Daylight,Clear,"Over Turn, Roll Over",None,ROANE CO SHERIFFS DEPT,Other,Unbelted,-,-,-,-,-,-,-,-,-,-,-,-,Roane,Not in City Limit,2
40382,400079943,0,1,35.16057,-87.13527,7,2024-04-22 18:05:00,2024,4,22,18,5,Monday,18:05,Suspected Serious Injury,Daylight,Clear,Fell/Jumped From Vehicle,None,THP District 7 - Lawrenceburg,THP,-,-,-,-,-,-,-,-,-,-,-,Motorcyclist,-,Giles,Not in City Limit,2
40385,400079956,0,1,35.90903,-84.12502,1,2024-04-22 18:22:00,2024,4,22,18,22,Monday,18:22,Suspected Serious Injury,Daylight,Clear,Motor Vehicle-In-Transport On Same Roadway,None,KNOXVILLE POLICE DEPT,Other,Unbelted,-,-,-,-,-,-,-,-,-,-,-,-,Knox,Knoxville,2
40398,400079997,0,4,35.95679,-86.49566,3,2024-04-22 17:53:00,2024,4,22,17,53,Monday,17:53,Suspected Serious Injury,Daylight,Clear,Motor Vehicle-In-Transport On Same Roadway,None,SMYRNA POLICE DEPT,Other,Unbelted,-,-,-,-,-,-,-,-,-,-,-,-,Rutherford,Smyrna,2
40413,400080051,2,2,35.4672,-88.53912,8,2024-04-22 11:40:00,2024,4,22,11,40,Monday,11:40,Fatal,Daylight,Clear,"Over Turn, Roll Over",None,THP District 8 - Jackson,THP,Unbelted,-,-,Drug,-,-,-,-,-,-,-,-,-,Chester,Not in City Limit,2
40425,400080144,0,3,35.19267,-85.06939,2,2024-04-19 16:37:00,2024,4,19,16,37,Friday,16:37,Suspected Serious Injury,Daylight,Clear,Standing Tree,None,HAMILTON COUNTY SHERIFF'S OFFICE,Other,Unbelted,-,-,-,-,-,-,-,-,-,-,-,-,Hamilton,Not in City Limit,6
40426,400080150,1,0,35.94938,-83.20404,5,2024-04-23 08:17:00,2024,4,23,8,17,Tuesday,08:17,Fatal,Daylight,Clear,Cable Barrier,None,THP District 5 - Fall Branch,THP,Unbelted,-,-,-,-,-,-,-,-,-,ATV_Involved,-,-,Cocke,Newport,3
40427,400080156,0,2,35.61785,-87.11595,7,2024-04-23 09:19:00,2024,4,23,9,19,Tuesday,09:19,Suspected Serious Injury,Daylight,Clear,Motor Vehicle-In-Transport On Same Roadway,None,COLUMBIA POLICE DEPT,Other,Unbelted,-,-,-,-,-,-,-,-,-,-,-,-,Maury,Not in City Limit,3
40433,400080196,0,2,35.62213,-88.8029,8,2024-04-23 09:00:00,2024,4,23,9,0,Tuesday,09:00,Suspected Serious Injury,Daylight,Clear,Motor Vehicle-In-Transport On Same Roadway,None,JACKSON POLICE DEPT,Other,Unbelted,-,-,-,-,-,-,-,-,-,-,-,-,Madison,Jackson,3
40445,400080230,0,1,35.61805,-87.10996,7,2024-04-23 12:47:00,2024,4,23,12,47,Tuesday,12:47,Suspected Serious Injury,Daylight,Clear,Pedal-Cycle,None,COLUMBIA POLICE DEPT,Other,Unbelted,-,-,-,-,-,Pedalcyclist,-,-,-,-,-,-,Maury,Not in City Limit,3
40446,400080237,0,1,36.14001,-85.59169,6,2024-04-23 13:30:00,2024,4,23,13,30,Tuesday,13:30,Suspected Serious Injury,Daylight,Clear,Standing Tree,None,THP District 6 - Cookeville,THP,Unbelted,-,-,-,-,-,-,-,-,-,-,-,-,Putnam,Not in City Limit,3
40463,400080334,1,0,36.19377,-86.41186,3,2024-04-22 17:01:00,2024,4,22,17,1,Monday,17:01,Fatal,Other,Clear,Motor Vehicle-In-Transport On Same Roadway,None,LEBANON POLICE DEPT,Other,Unbelted,Distracted,-,-,-,-,-,-,-,-,ATV_Involved,-,-,Wilson,Lebanon,2
40470,400080356,0,1,35.11727,-84.83962,2,2024-04-23 17:00:00,2024,4,23,17,0,Tuesday,17:00,Suspected Serious Injury,Daylight,Clear,Motor Vehicle-In-Transport On Same Roadway,None,THP District 2 - Chattanooga,THP,Unbelted,-,-,-,-,-,-,-,-,-,-,-,-,Bradley,Not in City Limit,3
40473,400080367,0,2,36.03722,-84.40412,1,2024-04-23 13:51:00,2024,4,23,13,51,Tuesday,13:51,Suspected Serious Injury,Daylight,Clear,Motor Vehicle-In-Transport On Same Roadway,None,THP District 1 - Knoxville,THP,Unbelted,-,-,-,-,-,-,-,-,-,-,-,-,Morgan,Not in City Limit,3
40475,400080392,0,1,36.06947,-83.99131,1,2024-04-23 17:33:00,2024,4,23,17,33,Tuesday,17:33,Suspected Serious Injury,Daylight,Clear,Motor Vehicle-In-Transport On Same Roadway,None,KNOX CO SHERIFFS OFFICE,Other,Unbelted,-,-,-,-,-,-,-,-,-,-,Motorcyclist,-,Knox,Not in City Limit,3
40477,400080401,0,1,35.39085,-84.70628,2,2024-04-23 17:45:00,2024,4,23,17,45,Tuesday,17:45,Suspected Serious Injury,Daylight,Clear,Other Post/Pole Support,None,THP District 2 - Chattanooga,THP,-,-,-,-,-,-,-,-,-,-,-,Motorcyclist,-,McMinn,Not in City Limit,3
40478,400080415,0,1,35.65268,-88.86506,8,2024-04-23 17:51:00,2024,4,23,17,51,Tuesday,17:51,Suspected Serious Injury,Daylight,Clear,Motor Vehicle-In-Transport On Same Roadway,None,JACKSON POLICE DEPT,Other,Unbelted,-,-,-,-,-,-,-,-,-,-,-,-,Madison,Jackson,3
40479,400080416,0,1,35.11412,-89.5091,4,2024-04-09 18:42:00,2024,4,9,18,42,Tuesday,18:42,Suspected Serious Injury,Dark-Not Lighted,Rain,Ditch,None,THP District 4 - Memphis,THP,Unbelted,-,-,-,-,-,-,-,-,-,-,Motorcyclist,-,Fayette,Not in City Limit,3
40482,400080424,0,1,35.86639,-86.44927,3,2024-04-23 17:49:00,2024,4,23,17,49,Tuesday,17:49,Suspected Serious Injury,Daylight,Clear,Motor Vehicle-In-Transport On Same Roadway,None,MURFREESBORO POLICE DEPT,Other,Unbelted,-,-,-,-,-,-,-,-,-,-,-,-,Rutherford,Murfreesboro,3
40483,400080425,0,1,35.83621,-86.37334,3,2024-04-23 19:53:00,2024,4,23,19,53,Tuesday,19:53,Suspected Serious Injury,Dark-Lighted,Clear,Motor Vehicle-In-Transport On Same Roadway,None,MURFREESBORO POLICE DEPT,Other,Unbelted,-,-,-,-,-,-,-,-,-,-,-,-,Rutherford,Murfreesboro,3
40500,400080516,0,3,36.28379,-88.36345,8,2024-04-22 18:18:00,2024,4,22,18,18,Monday,18:18,Suspected Serious Injury,Daylight,Clear,Motor Vehicle-In-Transport On Same Roadway,None,THP District 8 - Jackson,THP,Unbelted,-,-,Drug,-,-,-,-,-,-,ATV_Involved,-,-,Henry,Not in City Limit,2
40501,400080518,0,1,35.53501,-86.22207,2,2024-04-13 21:58:00,2024,4,13,21,58,Saturday,21:58,Suspected Serious Injury,Dark-Not Lighted,Clear,Other Non-Collision,None,COFFEE CO SHERIFFS DEPT,Other,-,-,-,-,-,Speeding,-,-,-,-,-,-,-,Coffee,Not in City Limit,7
40502,400080520,0,1,36.08634,-86.56364,3,2024-04-24 03:05:00,2024,4,24,3,5,Wednesday,03:05,Suspected Serious Injury,Dark-Not Lighted,Rain,Motor Vehicle-In-Transport On Same Roadway,None,METROPOLITAN NASHVILLE POLICE DEPT,Other,Unbelted,-,-,-,Drowsy,-,-,-,-,-,-,-,-,Davidson,Nashville,4
40530,400080675,0,2,35.4242,-88.67037,8,2024-04-21 13:40:00,2024,4,21,13,40,Sunday,13:40,Suspected Serious Injury,Daylight,Clear,Motor Vehicle-In-Transport On Same Roadway,None,HENDERSON POLICE DEPT,Other,Unbelted,-,-,-,-,-,-,-,-,-,ATV_Involved,-,-,Chester,Henderson,1
40537,400080699,0,1,36.1912,-86.4419,3,2024-04-22 18:13:00,2024,4,22,18,13,Monday,18:13,Suspected Serious Injury,Dawn,Clear,Culvert,None,WILSON CO SHERIFFS DEPT,Other,Unbelted,Distracted,Drinking,-,-,-,-,-,-,-,-,-,-,Wilson,Not in City Limit,2
40546,400080751,0,1,35.54264,-87.70327,7,2024-04-24 13:00:00,2024,4,24,13,0,Wednesday,13:00,Suspected Serious Injury,Daylight,Clear,Embankment Earth,None,THP District 7 - Lawrenceburg,THP,-,-,-,-,-,-,-,-,-,-,-,-,-,Perry,Not in City Limit,4
40547,400080763,0,1,35.33126,-84.51422,2,2024-04-23 15:25:00,2024,4,23,15,25,Tuesday,15:25,Suspected Serious Injury,Daylight,Clear,Standing Tree,None,THP District 2 - Chattanooga,THP,Unbelted,-,-,-,-,-,-,-,-,-,-,-,-,McMinn,Not in City Limit,3
40556,400080825,1,0,35.64606,-88.77943,8,2024-04-24 15:38:00,2024,4,24,15,38,Wednesday,15:38,Fatal,Daylight,Clear,Motor Vehicle-In-Transport On Same Roadway,None,JACKSON POLICE DEPT,Other,Unbelted,-,-,-,-,-,-,-,-,-,-,-,-,Madison,Jackson,4
40572,400080897,0,2,35.96854,-89.34764,8,2024-04-20 05:23:00,2024,4,20,5,23,Saturday,05:23,Suspected Serious Injury,Dawn,Clear,Motor Vehicle-In-Transport On Same Roadway,None,THP District 8 - Jackson,THP,Unbelted,-,-,Drug,-,-,-,-,-,-,-,-,-,Dyer,Not in City Limit,7
40584,400080940,0,2,36.12259,-87.6406,3,2024-04-22 22:05:00,2024,4,22,22,5,Monday,22:05,Suspected Serious Injury,Dark-Not Lighted,Clear,"Over Turn, Roll Over",None,THP District 3 - Nashville,THP,Unbelted,-,Drinking,-,-,-,-,-,-,-,-,-,-,Humphreys,Not in City Limit,2
40585,400080943,0,1,36.23911,-86.65529,3,2024-04-24 22:30:00,2024,4,24,22,30,Wednesday,22:30,Suspected Serious Injury,Dark-Lighted,Clear,Other Fixed Object,None,METROPOLITAN NASHVILLE POLICE DEPT,Other,Unbelted,-,Drinking,-,-,-,-,-,-,-,-,-,-,Davidson,Nashville,4
40593,400080974,0,1,35.28363,-89.35187,4,2024-04-24 07:29:00,2024,4,24,7,29,Wednesday,07:29,Suspected Serious Injury,Daylight,Clear,Embankment Earth,None,THP District 4 - Memphis,THP,Unbelted,-,-,-,-,-,-,-,-,-,-,-,-,Fayette,Not in City Limit,4
40595,400080989,0,3,35.83415,-88.88615,8,2024-04-23 00:00:00,2024,4,23,24,0,Tuesday,24:00,Suspected Serious Injury,Dark-Unknown Lighting,Clear,Motor Vehicle-In-Transport On Same Roadway,None,HUMBOLDT POLICE DEPT,Other,Unbelted,-,Drinking,Drug,-,-,-,-,-,-,-,-,-,Gibson,Humboldt,3
40598,400080998,0,1,36.41742,-86.7342,3,2024-04-25 06:02:00,2024,4,25,6,2,Thursday,06:02,Suspected Serious Injury,Dawn,Clear,Standing Tree,None,THP District 3 - Nashville,THP,Unbelted,-,Drinking,-,-,-,-,-,-,-,-,-,-,Sumner,Not in City Limit,5
40600,400081015,1,3,35.79227,-89.1572,4,2024-04-14 04:17:00,2024,4,14,4,17,Sunday,04:17,Fatal,Dark-Not Lighted,Clear,Motor Vehicle-In-Transport On Same Roadway,None,THP District 4 - Memphis,THP,Unbelted,-,Drinking,Drug,-,-,-,-,-,-,-,-,-,Crockett,Not in City Limit,1
40602,400081033,0,1,36.25117,-83.27011,5,2024-04-25 07:45:00,2024,4,25,7,45,Thursday,07:45,Suspected Serious Injury,Daylight,Clear,Embankment Earth,None,THP District 5 - Fall Branch,THP,Unbelted,-,-,-,-,Speeding,-,-,-,-,-,-,-,Hamblen,Not in City Limit,5
40606,400081047,0,1,36.47753,-87.55889,3,2024-04-24 16:01:00,2024,4,24,16,1,Wednesday,16:01,Suspected Serious Injury,Daylight,Clear,Motor Vehicle-In-Transport On Same Roadway,None,MONTGOMERY CO SHERIFFS OFFICE,Other,Unbelted,-,-,-,-,-,-,-,-,-,-,Motorcyclist,-,Montgomery,Not in City Limit,4
40616,400081138,2,1,35.9563,-83.19656,5,2024-04-25 12:39:00,2024,4,25,12,39,Thursday,12:39,Fatal,Daylight,Clear,Motor Vehicle-In-Transport On Same Roadway,None,NEWPORT POLICE DEPT,Other,Unbelted,-,-,-,-,-,-,-,-,-,-,-,-,Cocke,Newport,5
40621,400081166,0,3,35.4579,-88.5857,8,2024-04-24 16:25:00,2024,4,24,16,25,Wednesday,16:25,Suspected Serious Injury,Daylight,Clear,Motor Vehicle-In-Transport On Same Roadway,None,THP District 8 - Jackson,THP,Unbelted,-,-,Drug,-,-,-,-,-,-,-,-,-,Chester,Not in City Limit,4
40630,400081209,1,0,35.82901,-83.29226,1,2024-04-23 11:42:00,2024,4,23,11,42,Tuesday,11:42,Fatal,Daylight,Clear,Parked Motor Vehicle,None,THP District 1 - Knoxville,THP,-,-,Drinking,Drug,-,Speeding,-,-,-,-,-,Motorcyclist,-,Sevier,Not in City Limit,3
40634,400081240,0,2,35.58839,-84.47165,1,2024-04-24 15:55:00,2024,4,24,15,55,Wednesday,15:55,Suspected Serious Injury,Daylight,Clear,Motor Vehicle-In-Transport On Same Roadway,None,SWEETWATER POLICE DEPT,Other,Unbelted,-,-,-,-,-,-,-,-,-,-,-,-,Monroe,Sweetwater,4
40641,400081270,0,1,36.19137,-86.43985,3,2024-04-25 14:41:00,2024,4,25,14,41,Thursday,14:41,Suspected Serious Injury,Daylight,Clear,"Over Turn, Roll Over",None,THP District 3 - Nashville,THP,Unbelted,-,-,-,-,-,-,-,-,-,ATV_Involved,-,-,Wilson,Not in City Limit,5
40651,400081344,0,2,36.26432,-83.84688,5,2024-04-25 03:42:00,2024,4,25,3,42,Thursday,03:42,Suspected Serious Injury,Dark-Not Lighted,Clear,Standing Tree,None,THP District 5 - Fall Branch,THP,Unbelted,-,Drinking,-,Drowsy,-,-,-,-,-,-,-,-,Union,Not in City Limit,5
40652,400081350,0,1,36.56728,-82.26235,5,2024-04-25 21:16:00,2024,4,25,21,16,Thursday,21:16,Suspected Serious Injury,Dark-Not Lighted,Cloudy,Motor Vehicle-In-Transport On Same Roadway,None,THP District 5 - Fall Branch,THP,Unbelted,-,-,-,-,-,-,-,-,-,-,-,-,Sullivan,Not in City Limit,5
40659,400081400,0,1,36.03167,-86.63994,3,2024-04-25 22:30:00,2024,4,25,22,30,Thursday,22:30,Suspected Serious Injury,Dark-Not Lighted,Clear,Motor Vehicle-In-Transport On Same Roadway,None,METROPOLITAN NASHVILLE POLICE DEPT,Other,Unbelted,Distracted,-,-,-,-,-,-,-,-,-,Motorcyclist,-,Davidson,Nashville,5
40660,400081401,0,1,36.33925,-89.26587,8,2024-04-25 19:44:00,2024,4,25,19,44,Thursday,19:44,Suspected Serious Injury,Dark-Not Lighted,Rain,"Over Turn, Roll Over",None,THP District 8 - Jackson,THP,Unbelted,-,-,Drug,Drowsy,-,-,-,-,-,-,-,-,Obion,Not in City Limit,5
40665,400081437,1,0,35.9516,-83.91467,1,2024-04-26 00:50:00,2024,4,26,0,50,Friday,00:50,Fatal,Dark-Lighted,Clear,Pedestrian,None,KNOXVILLE POLICE DEPT,Other,Unbelted,-,-,-,-,-,-,Pedestrian,-,-,-,-,-,Knox,Knoxville,6
40677,400081486,0,2,36.43656,-84.92551,6,2024-04-25 08:00:00,2024,4,25,8,0,Thursday,08:00,Suspected Serious Injury,Daylight,Clear,Motor Vehicle-In-Transport On Same Roadway,None,THP District 6 - Cookeville,THP,Unbelted,-,-,-,-,-,-,-,-,-,-,-,-,Fentress,Jamestown,5
40685,400081603,0,1,35.9891,-88.06513,8,2024-04-22 10:08:00,2024,4,22,10,8,Monday,10:08,Suspected Serious Injury,Daylight,Clear,Standing Tree,None,THP District 8 - Jackson,THP,Unbelted,-,-,-,-,-,-,-,-,-,-,-,-,Benton,Not in City Limit,2