OBJECTID,MRN,Fatality,Injury,Latitude,Longitude,THP_District,Collision_Date,Collision_Year,Collision_Month,Collision_Day,Collision_Hour,Collision_Min,Collision_DOW,Collision_Time,Crash_Type,Light_Condition,Weather,First_Harmfu_Event,Work_Zone_Type,Agency_Name,THP,Unbelted,Distracted_Driver,Driver_Drinking,Driver_Drugged,Drowsy_Driver,Speeding_Involved,Pedalcyclist,Pedestrian,Other_Nonmotorist,ATV_Involved,LargeTruck_Involved,Motorcycle_Involved,SchoolBus,County,City,DOW_Nmb
40689,400081615,0,2,35.95803,-84.40935,1,2024-04-26 07:31:00,2024,4,26,7,31,Friday,07:31,Suspected Serious Injury,Daylight,Rain,Standing Tree,None,THP District 1 - Knoxville,THP,Unbelted,-,-,-,Drowsy,-,-,-,-,-,-,-,-,Roane,Not in City Limit,6
40732,400081823,0,2,36.00471,-83.74443,1,2024-04-26 18:47:00,2024,4,26,18,47,Friday,18:47,Suspected Serious Injury,Daylight,Cloudy,Embankment Earth,None,KNOXVILLE POLICE DEPT,Other,Unbelted,-,-,-,-,-,-,-,-,-,-,-,-,Knox,Knoxville,6
40733,400081824,1,2,35.85627,-83.62997,1,2024-04-26 18:00:00,2024,4,26,18,0,Friday,18:00,Fatal,Daylight,Clear,Motor Vehicle-In-Transport On Same Roadway,None,THP District 1 - Knoxville,THP,Unbelted,-,-,-,-,-,-,-,-,-,-,-,-,Sevier,Not in City Limit,6
40734,400081835,0,1,35.94589,-85.90255,6,2024-04-25 19:45:00,2024,4,25,19,45,Thursday,19:45,Suspected Serious Injury,Dark-Not Lighted,Clear,Standing Tree,None,THP District 6 - Cookeville,THP,Unbelted,-,-,-,-,-,-,-,-,-,-,-,-,DeKalb,Not in City Limit,5
40741,400081873,0,3,35.20451,-89.76021,4,2024-04-26 19:21:00,2024,4,26,19,21,Friday,19:21,Suspected Serious Injury,Dark-Lighted,Clear,Motor Vehicle-In-Transport On Same Roadway,None,THP District 4 - Memphis,THP,Unbelted,-,-,-,-,Speeding,-,-,-,-,-,-,-,Shelby,Not in City Limit,6
40743,400081893,1,0,35.9925,-86.59209,3,2024-04-26 00:26:00,2024,4,26,0,26,Friday,00:26,Fatal,Dark-Not Lighted,Clear,Motor Vehicle-In-Transport On Same Roadway,None,THP District 3 - Nashville,THP,Unbelted,-,-,-,-,-,-,-,-,-,ATV_Involved,-,-,Rutherford,Lavergne,6
40753,400081948,1,0,35.7513,-84.02666,1,2024-04-27 02:15:00,2024,4,27,2,15,Saturday,02:15,Fatal,Dark-Lighted,Clear,Standing Tree,None,BLOUNT CO SHERIFFS DEPT,Other,Unbelted,-,-,-,Drowsy,-,-,-,-,-,-,-,-,Blount,Not in City Limit,7
40755,400081952,0,1,35.89407,-86.47899,3,2024-04-26 21:09:00,2024,4,26,21,9,Friday,21:09,Suspected Serious Injury,Dark-Not Lighted,Clear,Motor Vehicle-In-Transport On Same Roadway,None,MURFREESBORO POLICE DEPT,Other,Unbelted,-,-,-,-,-,-,-,-,-,-,Motorcyclist,-,Rutherford,Murfreesboro,6
40764,400081995,0,2,35.12827,-84.72195,2,2024-04-24 08:07:00,2024,4,24,8,7,Wednesday,08:07,Suspected Serious Injury,Daylight,Clear,Motor Vehicle-In-Transport On Same Roadway,None,THP District 2 - Chattanooga,THP,Unbelted,-,-,-,-,-,-,-,-,-,-,-,-,Polk,Not in City Limit,4
40765,400082002,1,1,36.15762,-86.78508,3,2024-04-26 18:31:00,2024,4,26,18,31,Friday,18:31,Fatal,Dark-Lighted,Clear,Motor Vehicle-In-Transport On Same Roadway,None,METROPOLITAN NASHVILLE POLICE DEPT,Other,Unbelted,-,-,-,-,Speeding,-,-,-,-,-,Motorcyclist,-,Davidson,Nashville,6
40779,400082070,0,3,35.45104,-86.35818,7,2024-04-27 12:06:00,2024,4,27,12,6,Saturday,12:06,Suspected Serious Injury,Daylight,Clear,Motor Vehicle-In-Transport On Same Roadway,None,THP District 7 - Lawrenceburg,THP,Unbelted,-,-,-,-,-,-,-,-,-,-,Motorcyclist,-,Bedford,Not in City Limit,7
40787,400082115,0,2,35.92125,-83.87545,1,2024-04-27 12:01:00,2024,4,27,12,1,Saturday,12:01,Suspected Serious Injury,Daylight,Cloudy,Motor Vehicle-In-Transport On Same Roadway,None,KNOXVILLE POLICE DEPT,Other,Unbelted,-,-,-,-,-,-,Pedestrian,-,-,-,-,-,Knox,Knoxville,7
40790,400082126,0,1,35.02641,-85.36843,2,2024-04-27 14:14:00,2024,4,27,14,14,Saturday,14:14,Suspected Serious Injury,Daylight,Clear,Motor Vehicle-In-Transport On Same Roadway,None,CHATTANOOGA POLICE DEPT,Other,Unbelted,-,-,-,-,-,-,-,-,-,-,-,-,Hamilton,Chattanooga,7
40792,400082137,0,2,35.10876,-84.99493,2,2024-04-27 15:58:00,2024,4,27,15,58,Saturday,15:58,Suspected Serious Injury,Daylight,Cloudy,Motor Vehicle-In-Transport On Same Roadway,None,THP District 2 - Chattanooga,THP,Unbelted,-,-,-,-,-,-,-,-,-,-,-,-,Bradley,Not in City Limit,7
40795,400082145,0,2,36.0634,-83.85683,1,2024-04-27 16:22:00,2024,4,27,16,22,Saturday,16:22,Suspected Serious Injury,Daylight,Clear,Pedestrian,None,THP District 1 - Knoxville,THP,Unbelted,-,-,-,-,-,-,Pedestrian,-,-,-,-,-,Knox,Not in City Limit,7
40801,400082179,0,1,35.16861,-84.80625,2,2024-04-27 18:44:00,2024,4,27,18,44,Saturday,18:44,Suspected Serious Injury,Daylight,Clear,Standing Tree,None,THP District 2 - Chattanooga,THP,Unbelted,-,Drinking,Drug,-,-,-,-,-,-,-,-,-,Bradley,Not in City Limit,7
40816,400082237,1,0,34.99892,-85.28259,2,2024-04-26 23:37:00,2024,4,26,23,37,Friday,23:37,Fatal,Dark-Not Lighted,Clear,Standing Tree,None,THP District 2 - Chattanooga,THP,Unbelted,-,-,-,-,Speeding,-,-,-,-,-,-,-,Hamilton,Chattanooga,6
40818,400082240,0,1,35.18513,-85.24659,2,2024-04-27 22:29:00,2024,4,27,22,29,Saturday,22:29,Suspected Serious Injury,Dark-Lighted,Clear,Motor Vehicle-In-Transport On Same Roadway,None,CHATTANOOGA POLICE DEPT,Other,Unbelted,-,-,-,-,-,-,-,-,-,-,Motorcyclist,-,Hamilton,Chattanooga,7
40819,400082243,0,2,36.33683,-87.92437,3,2024-04-27 19:40:00,2024,4,27,19,40,Saturday,19:40,Suspected Serious Injury,Daylight,Clear,Motor Vehicle-In-Transport On Same Roadway,None,THP District 3 - Nashville,THP,Unbelted,Distracted,Drinking,-,-,-,-,-,-,ATV_Involved,-,-,-,Houston,Not in City Limit,7
40824,400082266,0,1,36.02023,-86.10994,3,2024-04-27 18:26:00,2024,4,27,18,26,Saturday,18:26,Suspected Serious Injury,Daylight,Clear,Ditch,None,THP District 3 - Nashville,THP,-,-,-,-,-,-,-,-,-,-,-,Motorcyclist,-,Wilson,Not in City Limit,7
40827,400082272,0,2,35.13782,-85.27919,2,2024-04-27 20:11:00,2024,4,27,20,11,Saturday,20:11,Suspected Serious Injury,Daylight,Clear,Motor Vehicle-In-Transport On Same Roadway,None,RED BANK POLICE DEPT,Other,Unbelted,-,-,-,-,-,-,-,-,-,-,-,-,Hamilton,Red Bank,7
40834,400082318,0,1,35.61099,-87.02997,7,2024-04-27 23:46:00,2024,4,27,23,46,Saturday,23:46,Suspected Serious Injury,Dark-Lighted,Clear,Embankment Rock/Stone/Concrete,None,COLUMBIA POLICE DEPT,Other,Unbelted,-,Drinking,-,-,Speeding,-,-,-,-,-,-,-,Maury,Columbia,7
40835,400082331,0,2,36.11094,-86.74522,3,2024-04-28 03:37:00,2024,4,28,3,37,Sunday,03:37,Suspected Serious Injury,Dark-Lighted,Clear,Motor Vehicle-In-Transport On Same Roadway,None,METROPOLITAN NASHVILLE POLICE DEPT,Other,Unbelted,-,-,-,-,-,-,-,-,-,-,-,-,Davidson,Nashville,1
40837,400082340,0,2,36.09175,-87.31159,3,2024-04-27 15:14:00,2024,4,27,15,14,Saturday,15:14,Suspected Serious Injury,Daylight,Clear,Other Non-Collision,None,THP District 3 - Nashville,THP,-,-,-,-,-,-,-,-,-,-,-,Motorcyclist,-,Dickson,Not in City Limit,7
40841,400082347,0,1,35.34889,-84.214,1,2024-04-27 14:04:00,2024,4,27,14,4,Saturday,14:04,Suspected Serious Injury,Daylight,Clear,Motor Vehicle-In-Transport On Same Roadway,None,THP District 1 - Knoxville,THP,Unbelted,-,-,-,-,-,-,-,-,-,-,Motorcyclist,-,Monroe,Not in City Limit,7
40848,400082378,0,2,35.30372,-88.32658,8,2024-04-28 10:14:00,2024,4,28,10,14,Sunday,10:14,Suspected Serious Injury,Daylight,Clear,Standing Tree,None,THP District 8 - Jackson,THP,Unbelted,-,-,-,-,-,-,-,-,-,-,-,-,Hardin,Not in City Limit,1
40851,400082390,0,1,35.42016,-89.43779,4,2024-04-28 11:30:00,2024,4,28,11,30,Sunday,11:30,Suspected Serious Injury,Daylight,Clear,Ditch,None,THP District 4 - Memphis,THP,Unbelted,-,-,-,-,-,-,-,-,-,-,-,-,Haywood,Not in City Limit,1
40857,400082419,0,1,35.65077,-86.89314,7,2024-04-28 12:50:00,2024,4,28,12,50,Sunday,12:50,Suspected Serious Injury,Daylight,Clear,Ditch,None,THP District 7 - Lawrenceburg,THP,-,-,-,-,-,-,-,-,-,-,-,Motorcyclist,-,Maury,Not in City Limit,1
40858,400082424,0,1,36.08974,-87.25452,3,2024-04-28 13:29:00,2024,4,28,13,29,Sunday,13:29,Suspected Serious Injury,Daylight,Clear,Other Non-Collision,None,THP District 3 - Nashville,THP,-,-,-,-,-,-,-,-,-,-,-,Motorcyclist,-,Dickson,Not in City Limit,1
40861,400082439,0,1,36.10825,-86.72024,3,2024-04-28 12:25:00,2024,4,28,12,25,Sunday,12:25,Suspected Serious Injury,Daylight,Cloudy,Embankment Earth,None,METROPOLITAN NASHVILLE POLICE DEPT,Other,-,-,-,-,-,-,-,-,-,-,-,Motorcyclist,-,Davidson,Nashville,1
40864,400082448,0,1,35.43121,-89.85851,4,2024-04-21 17:47:00,2024,4,21,17,47,Sunday,17:47,Suspected Serious Injury,Daylight,Clear,Pedal-Cycle,None,THP District 4 - Memphis,THP,Unbelted,-,-,-,-,-,Pedalcyclist,-,-,-,-,-,-,Tipton,Not in City Limit,1
40865,400082452,0,2,35.524,-87.485,7,2024-04-28 00:00:00,2024,4,28,24,0,Sunday,24:00,Suspected Serious Injury,Dawn,Clear,Culvert,None,THP District 7 - Lawrenceburg,THP,Unbelted,-,-,Drug,-,-,-,-,-,-,-,-,-,Lewis,Not in City Limit,1
40866,400082453,0,1,36.18849,-86.86269,3,2024-04-28 00:00:00,2024,4,28,24,0,Sunday,24:00,Suspected Serious Injury,Daylight,Cloudy,Unknown,None,METROPOLITAN NASHVILLE POLICE DEPT,Other,-,-,-,-,-,-,-,-,-,-,-,Motorcyclist,-,Davidson,Nashville,1
40868,400082466,0,1,35.47604,-83.91795,1,2024-04-27 16:17:00,2024,4,27,16,17,Saturday,16:17,Suspected Serious Injury,Daylight,Clear,Motor Vehicle-In-Transport On Same Roadway,None,THP District 1 - Knoxville,THP,-,-,-,-,-,Speeding,-,-,-,-,-,Motorcyclist,-,Blount,Not in City Limit,7
40873,400082476,1,0,36.2153,-82.20303,5,2024-04-27 17:58:00,2024,4,27,17,58,Saturday,17:58,Fatal,Daylight,Clear,Fell/Jumped From Vehicle,None,THP District 5 - Fall Branch,THP,Unbelted,Distracted,-,Drug,-,-,-,-,-,-,-,-,-,Carter,Not in City Limit,7
40880,400082504,0,2,35.43981,-85.71012,2,2024-04-27 16:53:00,2024,4,27,16,53,Saturday,16:53,Suspected Serious Injury,Daylight,Clear,Motor Vehicle-In-Transport On Same Roadway,None,THP District 2 - Chattanooga,THP,Unbelted,-,Drinking,-,-,-,-,-,-,-,-,-,-,Grundy,Altamont,7
40881,400082507,0,1,35.0691,-85.19284,2,2024-04-28 01:09:00,2024,4,28,1,9,Sunday,01:09,Suspected Serious Injury,Dark-Not Lighted,Clear,Embankment Earth,None,THP District 2 - Chattanooga,THP,Unbelted,-,-,-,-,-,-,-,-,-,-,-,-,Hamilton,Chattanooga,1
40884,400082521,0,2,36.39508,-86.78163,3,2024-04-28 10:20:00,2024,4,28,10,20,Sunday,10:20,Suspected Serious Injury,Daylight,Clear,"Over Turn, Roll Over",None,THP District 3 - Nashville,THP,-,-,-,-,-,-,-,-,-,-,-,Motorcyclist,-,Robertson,Ridgetop,1
40885,400082525,0,1,35.95949,-83.92319,1,2024-04-28 02:27:00,2024,4,28,2,27,Sunday,02:27,Suspected Serious Injury,Dark-Lighted,Clear,Motor Vehicle-In-Transport On Same Roadway,None,KNOXVILLE POLICE DEPT,Other,Unbelted,-,Drinking,-,-,Speeding,-,-,-,-,-,-,-,Knox,Knoxville,1
40892,400082563,0,1,35.42991,-85.4282,2,2024-04-27 16:06:00,2024,4,27,16,6,Saturday,16:06,Suspected Serious Injury,Daylight,Clear,Guard Rail Face,None,THP District 2 - Chattanooga,THP,-,-,-,-,-,-,-,-,-,-,-,Motorcyclist,-,Sequatchie,Not in City Limit,7
40896,400082587,0,2,35.94967,-86.37789,3,2024-04-28 03:06:00,2024,4,28,3,6,Sunday,03:06,Suspected Serious Injury,Dark-Not Lighted,Clear,"Over Turn, Roll Over",None,THP District 3 - Nashville,THP,Unbelted,-,Drinking,Drug,-,-,-,-,-,-,-,-,-,Rutherford,Not in City Limit,1
40897,400082588,0,1,35.46202,-84.76559,2,2024-04-28 19:06:00,2024,4,28,19,6,Sunday,19:06,Suspected Serious Injury,Daylight,Clear,"Over Turn, Roll Over",None,THP District 2 - Chattanooga,THP,Unbelted,-,-,-,-,-,-,-,-,-,-,-,-,McMinn,Not in City Limit,1
40916,400082665,0,1,36.01876,-83.96412,1,2024-04-29 04:27:00,2024,4,29,4,27,Monday,04:27,Suspected Serious Injury,Dark-Lighted,Clear,Curb,None,KNOXVILLE POLICE DEPT,Other,-,-,-,-,-,Speeding,-,-,-,-,-,Motorcyclist,-,Knox,Knoxville,2
40918,400082688,0,1,35.30614,-88.95411,4,2024-04-28 10:49:00,2024,4,28,10,49,Sunday,10:49,Suspected Serious Injury,Daylight,Cloudy,Standing Tree,None,THP District 4 - Memphis,THP,Unbelted,-,-,-,-,-,-,-,-,-,-,-,-,Hardeman,Not in City Limit,1
40919,400082694,1,0,36.08296,-85.8441,6,2024-04-28 13:18:00,2024,4,28,13,18,Sunday,13:18,Fatal,Daylight,Clear,Standing Tree,None,THP District 6 - Cookeville,THP,-,-,-,Drug,-,Speeding,-,-,-,-,-,Motorcyclist,-,DeKalb,Not in City Limit,1
40926,400082734,0,1,35.49704,-83.92827,1,2024-04-28 11:50:00,2024,4,28,11,50,Sunday,11:50,Suspected Serious Injury,Daylight,Clear,Other Non-Collision,None,THP District 1 - Knoxville,THP,-,-,-,-,-,-,-,-,-,-,-,Motorcyclist,-,Blount,Not in City Limit,1
40928,400082752,0,1,35.91921,-84.99751,6,2024-04-29 06:23:00,2024,4,29,6,23,Monday,06:23,Suspected Serious Injury,Daylight,Clear,Ditch,None,THP District 6 - Cookeville,THP,Unbelted,Distracted,Drinking,Drug,-,-,-,-,-,-,-,-,-,Cumberland,Not in City Limit,2
40945,400082844,0,1,36.46458,-82.85757,5,2024-04-29 13:36:00,2024,4,29,13,36,Monday,13:36,Suspected Serious Injury,Daylight,Clear,Motor Vehicle-In-Transport On Same Roadway,None,THP District 5 - Fall Branch,THP,Unbelted,-,-,-,-,-,-,-,-,-,-,-,-,Hawkins,Surgoinsville,2
40948,400082858,0,1,36.12804,-88.52288,8,2024-04-29 12:47:00,2024,4,29,12,47,Monday,12:47,Suspected Serious Injury,Daylight,Clear,Ditch,None,MCKENZIE POLICE DEPT,Other,Unbelted,-,-,-,-,-,-,-,-,-,-,-,-,Carroll,McKenzie,2
40961,400082928,0,1,36.08555,-87.32524,3,2024-04-29 14:56:00,2024,4,29,14,56,Monday,14:56,Suspected Serious Injury,Daylight,Clear,Standing Tree,None,THP District 3 - Nashville,THP,-,-,-,-,-,-,-,-,-,-,-,Motorcyclist,-,Dickson,Not in City Limit,2
40969,400082960,0,1,35.979,-88.83526,8,2024-04-28 18:01:00,2024,4,28,18,1,Sunday,18:01,Suspected Serious Injury,Dusk,Clear,Other Non-Collision,None,THP District 8 - Jackson,THP,-,-,-,-,-,-,-,-,-,-,-,Motorcyclist,-,Gibson,Not in City Limit,1
40974,400082978,0,2,35.86549,-86.44714,3,2024-04-29 16:18:00,2024,4,29,16,18,Monday,16:18,Suspected Serious Injury,Daylight,Cloudy,Motor Vehicle-In-Transport On Same Roadway,None,MURFREESBORO POLICE DEPT,Other,Unbelted,-,-,-,-,-,-,-,-,-,-,-,-,Rutherford,Murfreesboro,2
40979,400083005,0,6,35.95623,-85.77942,6,2024-04-29 19:50:00,2024,4,29,19,50,Monday,19:50,Suspected Serious Injury,Dusk,Clear,Motor Vehicle-In-Transport On Same Roadway,None,THP District 6 - Cookeville,THP,Unbelted,-,-,-,-,-,-,-,-,-,-,-,-,DeKalb,Not in City Limit,2
40980,400083008,0,1,36.48732,-87.26287,3,2024-04-29 20:04:00,2024,4,29,20,4,Monday,20:04,Suspected Serious Injury,Dark-Not Lighted,Rain,Motor Vehicle-In-Transport On Same Roadway,None,MONTGOMERY CO SHERIFFS OFFICE,Other,Unbelted,-,-,-,-,-,-,-,-,-,ATV_Involved,Motorcyclist,-,Montgomery,Not in City Limit,2
40983,400083033,0,1,36.16052,-86.51542,3,2024-04-29 17:55:00,2024,4,29,17,55,Monday,17:55,Suspected Serious Injury,Daylight,Clear,Motor Vehicle-In-Transport On Same Roadway,None,MOUNT JULIET POLICE DEPT,Other,Unbelted,-,-,-,-,-,-,-,-,-,-,-,-,Wilson,Mount Juliet,2
40991,400083063,1,0,35.59124,-88.53422,8,2024-04-28 20:09:00,2024,4,28,20,9,Sunday,20:09,Fatal,Dusk,Clear,"Over Turn, Roll Over",None,THP District 8 - Jackson,THP,-,-,Drinking,Drug,-,-,-,-,-,ATV_Involved,-,-,-,Henderson,Not in City Limit,1
40994,400083072,0,5,35.47301,-84.35029,1,2024-04-29 00:00:00,2024,4,29,24,0,Monday,24:00,Suspected Serious Injury,Daylight,Clear,Motor Vehicle-In-Transport On Same Roadway,None,MONROE CO SHERIFFS DEPT,Other,Unbelted,-,-,-,-,-,-,-,-,-,-,-,-,Monroe,Not in City Limit,2
41001,400083114,0,1,35.50432,-83.95967,1,2024-04-28 14:36:00,2024,4,28,14,36,Sunday,14:36,Suspected Serious Injury,Daylight,Clear,Motor Vehicle-In-Transport On Same Roadway,None,THP District 1 - Knoxville,THP,Unbelted,-,-,-,-,-,-,-,-,-,-,Motorcyclist,-,Blount,Not in City Limit,1
41002,400083119,2,3,35.28921,-84.74592,2,2024-04-26 23:24:00,2024,4,26,23,24,Friday,23:24,Fatal,Dark-Not Lighted,Clear,Embankment Earth,None,THP District 2 - Chattanooga,THP,Unbelted,-,Drinking,Drug,-,Speeding,-,-,-,-,-,-,-,McMinn,Calhoun,6
41007,400083135,0,1,35.99619,-88.10052,8,2024-04-28 13:17:00,2024,4,28,13,17,Sunday,13:17,Suspected Serious Injury,Daylight,Clear,Motor Vehicle-In-Transport On Same Roadway,None,THP District 8 - Jackson,THP,Unbelted,-,Drinking,-,-,-,-,-,-,-,-,-,-,Benton,Not in City Limit,1
41014,400083157,0,1,35.44059,-88.61458,8,2024-04-29 15:30:00,2024,4,29,15,30,Monday,15:30,Suspected Serious Injury,Daylight,Clear,Ditch,None,HENDERSON POLICE DEPT,Other,Unbelted,-,-,-,-,-,-,-,-,-,-,-,-,Chester,Henderson,2
41020,400083200,1,2,35.90074,-83.82185,1,2024-04-28 19:54:00,2024,4,28,19,54,Sunday,19:54,Fatal,Daylight,Clear,Motor Vehicle-In-Transport On Same Roadway,None,THP District 1 - Knoxville,THP,Unbelted,-,-,-,-,-,-,-,-,-,-,-,-,Knox,Not in City Limit,1
41032,400083259,0,1,35.1051,-86.5894,7,2024-04-26 12:52:00,2024,4,26,12,52,Friday,12:52,Suspected Serious Injury,Daylight,Clear,Motor Vehicle-In-Transport On Same Roadway,None,THP District 7 - Lawrenceburg,THP,Unbelted,-,-,-,-,-,-,-,-,-,-,Motorcyclist,-,Lincoln,Not in City Limit,6
41035,400083275,0,1,35.63813,-84.5593,1,2024-04-27 10:15:00,2024,4,27,10,15,Saturday,10:15,Suspected Serious Injury,Daylight,Clear,Pedestrian,None,THP District 1 - Knoxville,THP,Unbelted,-,-,-,-,-,Pedalcyclist,-,-,-,-,-,-,Loudon,Not in City Limit,7
41036,400083279,1,0,36.33373,-86.54794,3,2024-04-30 10:05:00,2024,4,30,10,5,Tuesday,10:05,Fatal,Daylight,Clear,Bridge/Overhead Structure,None,THP District 3 - Nashville,THP,Unbelted,-,-,-,-,-,-,-,-,-,-,-,-,Sumner,Gallatin,3
41041,400083291,0,1,35.76946,-84.35685,1,2024-04-28 14:07:00,2024,4,28,14,7,Sunday,14:07,Suspected Serious Injury,Daylight,Clear,Standing Tree,None,THP District 1 - Knoxville,THP,Unbelted,-,-,-,-,-,-,-,-,-,-,-,-,Loudon,Not in City Limit,1
41043,400083301,0,1,35.70047,-88.88965,8,2024-04-29 14:00:00,2024,4,29,14,0,Monday,14:00,Suspected Serious Injury,Daylight,Rain,Wall,None,JACKSON POLICE DEPT,Other,Unbelted,-,-,-,-,-,-,-,-,-,-,-,-,Madison,Jackson,2
41044,400083304,1,0,36.28042,-82.54549,5,2024-04-29 14:46:00,2024,4,29,14,46,Monday,14:46,Fatal,Daylight,Clear,Motor Vehicle-In-Transport On Same Roadway,None,THP District 5 - Fall Branch,THP,Unbelted,-,-,Drug,-,-,-,-,-,-,ATV_Involved,-,-,Washington,Not in City Limit,2
41045,400083312,0,2,35.47959,-83.9331,1,2024-04-29 16:40:00,2024,4,29,16,40,Monday,16:40,Suspected Serious Injury,Daylight,Clear,Motor Vehicle-In-Transport On Same Roadway,None,THP District 1 - Knoxville,THP,-,-,-,-,-,-,-,-,-,-,-,Motorcyclist,-,Blount,Not in City Limit,2
41065,400083434,1,0,36.24951,-86.78419,3,2024-04-15 21:23:00,2024,4,15,21,23,Monday,21:23,Fatal,Dark-Not Lighted,Cloudy,Pedestrian,None,METROPOLITAN NASHVILLE POLICE DEPT,Other,-,-,-,-,-,-,-,Pedestrian,-,-,-,-,-,Davidson,Nashville,2
41072,400083475,1,0,36.24164,-86.76211,3,2024-04-28 15:48:00,2024,4,28,15,48,Sunday,15:48,Fatal,Daylight,Clear,Motor Vehicle-In-Transport On Same Roadway,None,METROPOLITAN NASHVILLE POLICE DEPT,Other,Unbelted,-,-,-,-,-,-,-,-,-,-,Motorcyclist,-,Davidson,Nashville,1
41079,400083502,0,2,35.88681,-84.68095,1,2024-04-30 16:40:00,2024,4,30,16,40,Tuesday,16:40,Suspected Serious Injury,,Rain,Embankment Rock/Stone/Concrete,None,THP District 1 - Knoxville,THP,Unbelted,-,-,-,-,Speeding,-,-,-,-,-,-,-,Roane,Not in City Limit,3
41081,400083509,0,2,36.21469,-86.76406,3,2024-04-26 18:35:00,2024,4,26,18,35,Friday,18:35,Suspected Serious Injury,Dusk,Clear,Utility Pole,None,METROPOLITAN NASHVILLE POLICE DEPT,Other,Unbelted,-,Drinking,Drug,-,-,-,-,-,-,-,-,-,Davidson,Nashville,6
41085,400083518,0,1,36.52555,-87.43845,3,2024-04-30 18:12:00,2024,4,30,18,12,Tuesday,18:12,Suspected Serious Injury,Daylight,Clear,Motor Vehicle-In-Transport On Same Roadway,None,THP District 3 - Nashville,THP,Unbelted,-,-,-,-,-,-,-,-,-,-,Motorcyclist,-,Montgomery,Not in City Limit,3
41086,400083520,1,1,36.1056,-86.7181,3,2024-04-28 23:48:00,2024,4,28,23,48,Sunday,23:48,Fatal,Dark-Lighted,Clear,Embankment Rock/Stone/Concrete,None,METROPOLITAN NASHVILLE POLICE DEPT,Other,Unbelted,-,-,-,-,Speeding,-,-,-,-,-,-,-,Davidson,Nashville,1
41109,400083618,1,0,35.96494,-88.75223,8,2024-04-30 00:00:00,2024,4,30,24,0,Tuesday,24:00,Fatal,Dark-Not Lighted,Clear,Standing Tree,None,THP District 8 - Jackson,THP,Unbelted,-,-,Drug,-,-,-,-,-,-,-,-,-,Gibson,Not in City Limit,3
41110,400083620,0,1,35.09468,-85.13455,2,2024-04-30 18:35:00,2024,4,30,18,35,Tuesday,18:35,Suspected Serious Injury,Daylight,Clear,Motor Vehicle-In-Transport On Same Roadway,None,CHATTANOOGA POLICE DEPT,Other,Unbelted,Distracted,-,-,-,-,-,-,-,-,-,-,-,Hamilton,Chattanooga,3
41111,400083622,1,1,35.60245,-89.63139,4,2024-04-28 01:18:00,2024,4,28,1,18,Sunday,01:18,Fatal,Dark-Not Lighted,Clear,Pedestrian,None,THP District 4 - Memphis,THP,Unbelted,-,-,Drug,-,-,-,Pedestrian,-,-,-,-,-,Tipton,Covington,1
41112,400083627,0,2,35.84631,-86.42613,3,2024-04-27 04:30:00,2024,4,27,4,30,Saturday,04:30,Suspected Serious Injury,Dark-Lighted,Clear,Motor Vehicle-In-Transport On Same Roadway,None,MURFREESBORO POLICE DEPT,Other,Unbelted,-,Drinking,Drug,-,-,-,-,-,-,-,-,-,Rutherford,Murfreesboro,7
41119,400083686,0,1,36.05256,-89.11358,8,2024-04-28 11:25:00,2024,4,28,11,25,Sunday,11:25,Suspected Serious Injury,Daylight,Clear,Ditch,None,THP District 8 - Jackson,THP,-,-,-,Drug,-,-,-,-,-,-,-,Motorcyclist,-,Gibson,Not in City Limit,1
41131,400083750,0,1,35.55282,-89.78888,4,2024-04-26 09:22:00,2024,4,26,9,22,Friday,09:22,Suspected Serious Injury,Daylight,Clear,Motor Vehicle-In-Transport On Same Roadway,None,THP District 4 - Memphis,THP,Unbelted,-,-,-,-,-,-,-,-,-,ATV_Involved,-,-,Tipton,Burlison,6
41132,400083762,0,1,35.79464,-84.57055,1,2024-05-16 15:22:00,2024,5,16,15,22,Thursday,15:22,Suspected Serious Injury,Daylight,Clear,Culvert,None,THP District 1 - Knoxville,THP,Unbelted,-,Drinking,-,-,-,-,-,-,-,-,-,-,Roane,Not in City Limit,5
41134,400083770,0,4,36.07208,-84.4919,1,2024-04-27 20:15:00,2024,4,27,20,15,Saturday,20:15,Suspected Serious Injury,Daylight,Clear,Ditch,None,THP District 1 - Knoxville,THP,Unbelted,Distracted,Drinking,Drug,-,-,-,-,-,-,-,-,-,Morgan,Not in City Limit,7
41136,400083774,1,0,35.02244,-85.00257,2,2024-04-30 20:44:00,2024,4,30,20,44,Tuesday,20:44,Fatal,Dark-Lighted,Clear,Paved Surface-Irregular,None,HAMILTON COUNTY SHERIFF'S OFFICE,Other,-,-,-,-,-,Speeding,-,-,-,-,-,Motorcyclist,-,Hamilton,Not in City Limit,3
41140,400083791,0,3,35.81814,-85.14121,6,2024-05-01 07:27:00,2024,5,1,7,27,Wednesday,07:27,Suspected Serious Injury,Daylight,Clear,Motor Vehicle-In-Transport On Same Roadway,None,THP District 6 - Cookeville,THP,Unbelted,-,-,-,-,-,-,-,-,-,-,-,-,Cumberland,Not in City Limit,4