OBJECTID,MRN,Fatality,Injury,Latitude,Longitude,THP_District,Collision_Date,Collision_Year,Collision_Month,Collision_Day,Collision_Hour,Collision_Min,Collision_DOW,Collision_Time,Crash_Type,Light_Condition,Weather,First_Harmfu_Event,Work_Zone_Type,Agency_Name,THP,Unbelted,Distracted_Driver,Driver_Drinking,Driver_Drugged,Drowsy_Driver,Speeding_Involved,Pedalcyclist,Pedestrian,Other_Nonmotorist,ATV_Involved,LargeTruck_Involved,Motorcycle_Involved,SchoolBus,County,City,DOW_Nmb
41142,400083802,0,2,35.32422,-85.92589,2,2024-04-29 16:00:00,2024,4,29,16,0,Monday,16:00,Suspected Serious Injury,Daylight,Clear,Motor Vehicle-In-Transport On Same Roadway,None,THP District 2 - Chattanooga,THP,Unbelted,Distracted,Drinking,Drug,-,-,-,-,-,-,ATV_Involved,-,-,Coffee,Not in City Limit,2
41143,400083805,0,5,35.24499,-88.15936,8,2024-04-30 18:13:00,2024,4,30,18,13,Tuesday,18:13,Suspected Serious Injury,Daylight,Clear,Motor Vehicle-In-Transport On Same Roadway,None,THP District 8 - Jackson,THP,Unbelted,-,-,-,-,-,-,-,-,-,-,-,-,Hardin,Not in City Limit,3
41151,400083851,0,2,35.95256,-84.01195,1,2024-05-01 14:50:00,2024,5,1,14,50,Wednesday,14:50,Suspected Serious Injury,Daylight,Clear,Motor Vehicle-In-Transport On Same Roadway,None,KNOXVILLE POLICE DEPT,Other,Unbelted,Distracted,-,-,-,-,-,-,-,-,ATV_Involved,-,-,Knox,Knoxville,4
41159,400083913,0,2,36.10486,-86.71671,3,2024-05-01 13:30:00,2024,5,1,13,30,Wednesday,13:30,Suspected Serious Injury,Daylight,Clear,Motor Vehicle-In-Transport On Same Roadway,None,METROPOLITAN NASHVILLE POLICE DEPT,Other,Unbelted,-,-,-,-,-,-,-,-,-,ATV_Involved,-,-,Davidson,Nashville,4
41167,400083950,0,1,36.18198,-84.99835,6,2024-05-01 16:50:00,2024,5,1,16,50,Wednesday,16:50,Suspected Serious Injury,Daylight,Clear,Motor Vehicle-In-Transport On Same Roadway,None,THP District 6 - Cookeville,THP,-,-,-,-,-,-,-,-,-,-,-,Motorcyclist,-,Fentress,Not in City Limit,4
41168,400083955,0,1,36.12784,-88.95497,8,2024-05-01 15:16:00,2024,5,1,15,16,Wednesday,15:16,Suspected Serious Injury,Daylight,Clear,Standing Tree,None,THP District 8 - Jackson,THP,Unbelted,-,-,-,Drowsy,-,-,-,-,-,-,-,-,Gibson,Not in City Limit,4
41174,400083981,0,1,35.33197,-86.20999,2,2024-05-01 15:14:00,2024,5,1,15,14,Wednesday,15:14,Suspected Serious Injury,Daylight,Clear,Utility Pole,None,THP District 2 - Chattanooga,THP,-,-,-,-,-,-,-,-,-,-,-,Motorcyclist,-,Franklin,Not in City Limit,4
41176,400083987,0,1,36.21433,-83.86327,5,2024-04-28 14:20:00,2024,4,28,14,20,Sunday,14:20,Suspected Serious Injury,Daylight,Clear,"Over Turn, Roll Over",None,THP District 5 - Fall Branch,THP,Unbelted,-,-,Drug,-,-,-,-,-,-,-,-,-,Union,Not in City Limit,1
41178,400083990,0,1,35.35074,-84.1678,1,2024-05-01 16:45:00,2024,5,1,16,45,Wednesday,16:45,Suspected Serious Injury,Daylight,Clear,Other Non-Fixed Object,None,THP District 1 - Knoxville,THP,-,-,-,-,-,-,-,-,-,-,-,Motorcyclist,-,Monroe,Not in City Limit,4
41183,400084015,0,2,35.94852,-88.329,8,2024-04-27 11:35:00,2024,4,27,11,35,Saturday,11:35,Suspected Serious Injury,Daylight,Cloudy,Standing Tree,None,THP District 8 - Jackson,THP,-,-,-,-,-,-,-,-,-,ATV_Involved,-,-,-,Carroll,Not in City Limit,7
41185,400084019,0,1,36.36446,-88.2526,8,2024-05-01 15:09:00,2024,5,1,15,9,Wednesday,15:09,Suspected Serious Injury,Daylight,Clear,Motor Vehicle-In-Transport On Same Roadway,None,THP District 8 - Jackson,THP,Unbelted,-,-,-,-,-,-,-,-,-,ATV_Involved,-,-,Henry,Not in City Limit,4
41208,400084105,0,3,35.48185,-84.36435,1,2024-05-01 14:40:00,2024,5,1,14,40,Wednesday,14:40,Suspected Serious Injury,Daylight,Clear,Motor Vehicle-In-Transport On Same Roadway,None,THP District 1 - Knoxville,THP,Unbelted,-,-,-,-,-,-,-,-,-,-,-,-,Monroe,Not in City Limit,4
41216,400084175,0,1,35.45926,-88.86819,8,2024-04-28 02:14:00,2024,4,28,2,14,Sunday,02:14,Suspected Serious Injury,Dark-Not Lighted,Clear,Embankment Earth,None,THP District 8 - Jackson,THP,-,-,-,-,-,-,-,-,-,-,-,Motorcyclist,-,Madison,Medon,1
41226,400084234,0,2,36.55071,-82.33693,5,2024-05-02 09:46:00,2024,5,2,9,46,Thursday,09:46,Suspected Serious Injury,Daylight,Clear,Motor Vehicle-In-Transport On Same Roadway,None,THP District 5 - Fall Branch,THP,Unbelted,-,-,-,-,-,-,-,-,-,ATV_Involved,-,-,Sullivan,Not in City Limit,5
41230,400084258,1,0,35.20727,-85.06832,2,2024-05-01 17:56:00,2024,5,1,17,56,Wednesday,17:56,Fatal,Daylight,Clear,Motor Vehicle-In-Transport On Same Roadway,None,HAMILTON COUNTY SHERIFF'S OFFICE,Other,Unbelted,-,-,-,-,Speeding,-,-,-,-,-,Motorcyclist,-,Hamilton,Not in City Limit,4
41236,400084278,0,3,36.2515,-86.67069,3,2024-05-02 08:20:00,2024,5,2,8,20,Thursday,08:20,Suspected Serious Injury,Daylight,Clear,Fence,None,METROPOLITAN NASHVILLE POLICE DEPT,Other,Unbelted,Distracted,-,Drug,-,-,-,-,-,-,-,-,-,Davidson,Nashville,5
41240,400084300,0,4,36.04506,-83.92971,1,2024-05-02 13:02:00,2024,5,2,13,2,Thursday,13:02,Suspected Serious Injury,Daylight,Clear,Motor Vehicle-In-Transport On Same Roadway,None,KNOXVILLE POLICE DEPT,Other,Unbelted,-,-,-,-,-,-,-,-,-,-,-,-,Knox,Knoxville,5
41243,400084317,0,1,35.73352,-83.9784,1,2024-05-02 11:19:00,2024,5,2,11,19,Thursday,11:19,Suspected Serious Injury,Daylight,Clear,Motor Vehicle-In-Transport On Same Roadway,None,MARYVILLE POLICE DEPT,Other,Unbelted,-,-,-,-,-,-,-,-,-,-,Motorcyclist,-,Blount,Maryville,5
41250,400084347,0,2,35.47716,-89.67115,4,2024-05-01 20:12:00,2024,5,1,20,12,Wednesday,20:12,Suspected Serious Injury,Dusk,Cloudy,Pedestrian,None,THP District 4 - Memphis,THP,Unbelted,-,-,-,-,-,-,Pedestrian,-,-,-,-,-,Tipton,Not in City Limit,4
41260,400084395,0,1,36.14838,-86.76112,3,2024-05-02 15:33:00,2024,5,2,15,33,Thursday,15:33,Suspected Serious Injury,Daylight,Clear,Pedestrian,None,METROPOLITAN NASHVILLE POLICE DEPT,Other,Unbelted,-,-,-,-,-,-,Pedestrian,-,-,-,-,-,Davidson,Nashville,5
41262,400084402,0,2,36.09552,-84.14017,1,2024-05-02 15:40:00,2024,5,2,15,40,Thursday,15:40,Suspected Serious Injury,Daylight,Clear,Motor Vehicle-In-Transport On Same Roadway,None,CLINTON POLICE DEPT,Other,Unbelted,-,-,Drug,-,-,-,-,-,-,-,-,-,Anderson,Clinton,5
41264,400084418,1,1,36.14275,-86.68395,3,2024-04-29 23:18:00,2024,4,29,23,18,Monday,23:18,Fatal,Dark-Lighted,Rain,Parked Motor Vehicle,Construction Zone,METROPOLITAN NASHVILLE POLICE DEPT,Other,Unbelted,-,-,-,-,-,-,Pedestrian,-,-,-,-,-,Davidson,Nashville,2
41272,400084448,0,1,36.15322,-86.82151,3,2024-05-01 00:15:00,2024,5,1,0,15,Wednesday,00:15,Suspected Serious Injury,Dark-Not Lighted,Clear,Non-Motorist Personal Conveyance,None,METROPOLITAN NASHVILLE POLICE DEPT,Other,-,-,-,-,-,-,Pedalcyclist,-,-,-,-,-,-,Davidson,Nashville,4
41292,400084555,0,1,36.09542,-86.92422,3,2024-05-02 19:57:00,2024,5,2,19,57,Thursday,19:57,Suspected Serious Injury,Dark-Lighted,Rain,Pedestrian,None,METROPOLITAN NASHVILLE POLICE DEPT,Other,Unbelted,-,-,-,-,-,-,Pedestrian,-,-,-,-,-,Davidson,Nashville,5
41297,400084571,0,1,35.30918,-84.61841,2,2024-05-02 23:00:00,2024,5,2,23,0,Thursday,23:00,Suspected Serious Injury,Dark-Not Lighted,Clear,"Over Turn, Roll Over",None,THP District 2 - Chattanooga,THP,-,-,-,-,-,-,-,-,-,-,-,Motorcyclist,-,McMinn,Not in City Limit,5
41303,400084589,0,5,35.63447,-88.81873,8,2024-05-02 18:35:00,2024,5,2,18,35,Thursday,18:35,Suspected Serious Injury,Daylight,Cloudy,Motor Vehicle-In-Transport On Same Roadway,None,JACKSON POLICE DEPT,Other,Unbelted,-,-,-,-,-,-,-,-,-,-,-,-,Madison,Jackson,5
41315,400084647,0,1,35.28886,-84.54429,2,2024-05-02 09:06:00,2024,5,2,9,6,Thursday,09:06,Suspected Serious Injury,Daylight,Clear,Ditch,None,THP District 2 - Chattanooga,THP,Unbelted,-,Drinking,Drug,-,-,-,-,-,-,-,-,-,McMinn,Not in City Limit,5
41318,400084652,1,2,36.42719,-87.07274,3,2024-05-02 13:20:00,2024,5,2,13,20,Thursday,13:20,Fatal,Daylight,Clear,Motor Vehicle-In-Transport On Same Roadway,None,THP District 3 - Nashville,THP,Unbelted,-,-,Drug,-,-,-,-,-,-,-,-,-,Robertson,Not in City Limit,5
41329,400084701,1,1,35.59683,-87.03767,7,2024-04-30 11:23:00,2024,4,30,11,23,Tuesday,11:23,Fatal,Daylight,Clear,Motor Vehicle-In-Transport On Same Roadway,None,COLUMBIA POLICE DEPT,Other,Unbelted,-,-,-,-,-,-,-,-,-,-,Motorcyclist,-,Maury,Columbia,3
41330,400084706,0,2,35.03953,-85.15932,2,2024-05-03 07:18:00,2024,5,3,7,18,Friday,07:18,Suspected Serious Injury,Daylight,Clear,Motor Vehicle-In-Transport On Same Roadway,Construction Zone,CHATTANOOGA POLICE DEPT,Other,Unbelted,-,-,-,-,-,-,-,-,-,ATV_Involved,-,-,Hamilton,Chattanooga,6
41333,400084721,0,4,35.67652,-88.79539,8,2024-04-19 20:19:00,2024,4,19,20,19,Friday,20:19,Suspected Serious Injury,Dark-Lighted,Clear,Motor Vehicle-In-Transport On Same Roadway,None,THP District 8 - Jackson,THP,Unbelted,Distracted,Drinking,Drug,-,-,-,-,-,-,-,-,-,Madison,Jackson,6
41337,400084750,0,1,36.07459,-89.34906,8,2024-05-03 08:40:00,2024,5,3,8,40,Friday,08:40,Suspected Serious Injury,Daylight,Clear,Guard Rail Face,None,DYERSBURG POLICE DEPT,Other,Unbelted,-,-,-,-,-,-,-,-,-,-,-,-,Dyer,Dyersburg,6
41369,400084896,0,2,35.15225,-84.94783,2,2024-05-03 10:46:00,2024,5,3,10,46,Friday,10:46,Suspected Serious Injury,Daylight,Cloudy,Motor Vehicle-In-Transport On Same Roadway,None,THP District 2 - Chattanooga,THP,Unbelted,-,-,-,-,-,-,-,-,-,ATV_Involved,-,-,Bradley,Cleveland,6
41371,400084904,0,2,35.79687,-86.45952,3,2024-05-03 14:26:00,2024,5,3,14,26,Friday,14:26,Suspected Serious Injury,Daylight,Cloudy,Motor Vehicle-In-Transport On Same Roadway,None,MURFREESBORO POLICE DEPT,Other,Unbelted,-,-,-,-,-,-,-,-,-,-,-,-,Rutherford,Murfreesboro,6
41383,400085023,0,1,35.97804,-88.97429,8,2024-05-03 16:54:00,2024,5,3,16,54,Friday,16:54,Suspected Serious Injury,Daylight,Cloudy,Standing Tree,None,THP District 8 - Jackson,THP,Unbelted,-,-,-,-,-,-,-,-,-,-,-,-,Gibson,Not in City Limit,6
41384,400085029,1,0,35.27128,-84.57694,2,2024-04-28 07:45:00,2024,4,28,7,45,Sunday,07:45,Fatal,Daylight,Clear,Motor Vehicle-In-Transport On Same Roadway,None,THP District 2 - Chattanooga,THP,Unbelted,-,-,Drug,-,-,-,-,-,-,ATV_Involved,Motorcyclist,-,McMinn,Not in City Limit,1
41386,400085034,1,0,36.173,-82.841,5,2024-05-02 20:30:00,2024,5,2,20,30,Thursday,20:30,Fatal,Dark-Not Lighted,Clear,Pedestrian,None,THP District 5 - Fall Branch,THP,Unbelted,-,-,-,-,-,-,Pedestrian,-,-,-,-,-,Greene,Greeneville,5
41396,400085081,0,1,36.18716,-84.14489,1,2024-05-02 23:26:00,2024,5,2,23,26,Thursday,23:26,Suspected Serious Injury,Dark-Not Lighted,Clear,Ditch,None,THP District 1 - Knoxville,THP,Unbelted,-,Drinking,-,-,-,-,-,-,-,-,-,-,Anderson,Not in City Limit,5
41398,400085083,0,2,35.01871,-85.20924,2,2024-05-01 00:09:00,2024,5,1,0,9,Wednesday,00:09,Suspected Serious Injury,Dark-Not Lighted,Clear,Embankment Earth,None,THP District 2 - Chattanooga,THP,Unbelted,-,Drinking,Drug,-,Speeding,-,-,-,-,-,-,-,Hamilton,Chattanooga,4
41400,400085095,0,1,36.47008,-81.83621,5,2024-05-03 16:48:00,2024,5,3,16,48,Friday,16:48,Suspected Serious Injury,Daylight,Clear,Motor Vehicle-In-Transport On Same Roadway,None,THP District 5 - Fall Branch,THP,Unbelted,-,-,-,-,-,-,-,-,-,-,-,-,Johnson,Not in City Limit,6
41407,400085128,1,0,36.13876,-83.30347,5,2024-05-03 00:00:00,2024,5,3,24,0,Friday,24:00,Fatal,Dark-Not Lighted,Clear,Embankment Earth,None,MORRISTOWN POLICE DEPT,Other,Unbelted,-,-,-,-,-,-,-,-,-,-,-,-,Jefferson,UNKNOWN,6
41408,400085131,0,1,36.02038,-86.57833,3,2024-05-03 17:45:00,2024,5,3,17,45,Friday,17:45,Suspected Serious Injury,Daylight,Clear,Pedestrian,None,THP District 3 - Nashville,THP,Unbelted,-,-,Drug,-,-,-,Pedestrian,-,-,-,-,-,Rutherford,Lavergne,6
41416,400085165,0,1,35.99936,-83.95843,1,2024-05-04 01:20:00,2024,5,4,1,20,Saturday,01:20,Suspected Serious Injury,Dark-Lighted,Cloudy,Bridge/Overhead Structure,None,KNOXVILLE POLICE DEPT,Other,Unbelted,-,-,-,Drowsy,-,-,-,-,-,-,-,-,Knox,Knoxville,7
41420,400085174,0,1,35.5515,-88.97209,8,2024-05-04 03:20:00,2024,5,4,3,20,Saturday,03:20,Suspected Serious Injury,Dark-Not Lighted,Clear,Culvert,None,MADISON CO SHERIFFS DEPT,Other,Unbelted,-,Drinking,-,Drowsy,-,-,-,-,-,-,-,-,Madison,Not in City Limit,7
41427,400085194,0,3,35.612,-84.56436,2,2024-05-03 14:50:00,2024,5,3,14,50,Friday,14:50,Suspected Serious Injury,Daylight,Clear,Motor Vehicle-In-Transport On Same Roadway,None,THP District 2 - Chattanooga,THP,Unbelted,-,-,-,-,-,-,-,-,-,-,-,-,McMinn,Not in City Limit,6
41438,400085273,0,1,36.11056,-87.07422,3,2024-05-04 10:09:00,2024,5,4,10,9,Saturday,10:09,Suspected Serious Injury,Daylight,Rain,Embankment Rock/Stone/Concrete,None,CHEATHAM CO SHERIFFS OFFICE,Other,Unbelted,-,-,-,-,-,-,-,-,-,-,-,-,Cheatham,Pegram,7
41457,400085358,0,1,35.11459,-84.97446,2,2024-04-25 06:00:00,2024,4,25,6,0,Thursday,06:00,Suspected Serious Injury,Dark-Not Lighted,Clear,Ditch,None,THP District 2 - Chattanooga,THP,Unbelted,-,-,-,-,-,-,-,-,-,-,-,-,Bradley,Not in City Limit,5
41472,400085429,0,2,36.02971,-87.20444,3,2024-05-04 15:27:00,2024,5,4,15,27,Saturday,15:27,Suspected Serious Injury,Daylight,Rain,Motor Vehicle-In-Transport On Same Roadway,None,THP District 3 - Nashville,THP,Unbelted,-,-,-,-,-,-,-,-,-,ATV_Involved,-,-,Dickson,Not in City Limit,7
41486,400085506,1,1,35.64848,-85.19047,2,2024-05-03 14:40:00,2024,5,3,14,40,Friday,14:40,Fatal,Daylight,Cloudy,Utility Pole,None,THP District 2 - Chattanooga,THP,Unbelted,-,Drinking,Drug,-,-,-,-,-,-,-,-,-,Bledsoe,Not in City Limit,6
41490,400085538,0,3,35.77738,-86.40161,3,2024-05-04 16:40:00,2024,5,4,16,40,Saturday,16:40,Suspected Serious Injury,Other,Rain,Motor Vehicle-In-Transport On Same Roadway,None,MURFREESBORO POLICE DEPT,Other,Unbelted,-,-,-,-,Speeding,-,-,-,-,-,-,-,Rutherford,Murfreesboro,7
41503,400085590,1,0,35.53744,-87.85061,7,2024-05-04 22:30:00,2024,5,4,22,30,Saturday,22:30,Fatal,Dark-Not Lighted,Clear,Standing Tree,None,THP District 7 - Lawrenceburg,THP,Unbelted,-,-,-,-,-,-,-,-,-,-,-,-,Perry,Not in City Limit,7
41509,400085612,0,1,36.31569,-82.17451,5,2024-05-04 09:30:00,2024,5,4,9,30,Saturday,09:30,Suspected Serious Injury,Daylight,Clear,Embankment Earth,None,CARTER CO SHERIFFS DEPT,Other,Unbelted,-,-,-,-,-,-,-,-,-,-,-,-,Carter,Not in City Limit,7
41512,400085623,0,2,35.95742,-85.81153,6,2024-05-04 11:45:00,2024,5,4,11,45,Saturday,11:45,Suspected Serious Injury,Daylight,Clear,Motor Vehicle-In-Transport On Same Roadway,None,THP District 6 - Cookeville,THP,Unbelted,-,-,-,-,-,-,-,-,-,-,-,-,DeKalb,Smithville,7
41514,400085635,1,3,36.15533,-84.09779,1,2024-05-04 00:00:00,2024,5,4,24,0,Saturday,24:00,Fatal,Daylight,Cloudy,Motor Vehicle-In-Transport On Same Roadway,None,CLINTON POLICE DEPT,Other,Unbelted,-,Drinking,Drug,-,Speeding,-,-,-,-,-,-,-,Anderson,Clinton,7
41519,400085668,0,2,36.2613,-87.35455,3,2024-05-05 08:08:00,2024,5,5,8,8,Sunday,08:08,Suspected Serious Injury,Daylight,Cloudy,Ditch,None,THP District 3 - Nashville,THP,Unbelted,-,-,-,-,-,-,-,-,-,-,-,-,Dickson,Not in City Limit,1
41520,400085676,0,2,35.70869,-88.9086,8,2024-05-03 09:23:00,2024,5,3,9,23,Friday,09:23,Suspected Serious Injury,Daylight,Cloudy,Motor Vehicle-In-Transport On Same Roadway,None,MADISON CO SHERIFFS DEPT,Other,Unbelted,-,Drinking,-,-,-,-,-,-,-,-,-,-,Madison,Not in City Limit,6
41539,400085751,1,0,35.87913,-84.81988,6,2024-05-05 12:00:00,2024,5,5,12,0,Sunday,12:00,Fatal,Daylight,Clear,Guard Rail Face,None,THP District 6 - Cookeville,THP,-,-,Drinking,Drug,-,Speeding,-,-,-,-,-,Motorcyclist,-,Cumberland,Not in City Limit,1
41548,400085787,0,3,35.96752,-86.52897,3,2024-05-04 19:56:00,2024,5,4,19,56,Saturday,19:56,Suspected Serious Injury,Dark-Not Lighted,Cloudy,Motor Vehicle-In-Transport On Same Roadway,None,SMYRNA POLICE DEPT,Other,Unbelted,-,Drinking,-,-,-,-,-,-,-,-,-,-,Rutherford,Smyrna,7
41556,400085823,1,1,35.35917,-85.95789,2,2024-04-29 16:56:00,2024,4,29,16,56,Monday,16:56,Fatal,Daylight,Clear,Motor Vehicle-In-Transport On Same Roadway,None,THP District 2 - Chattanooga,THP,Unbelted,-,-,Drug,-,-,-,-,-,-,ATV_Involved,-,-,Coffee,Not in City Limit,2
41567,400085884,0,2,36.00427,-84.24948,1,2024-05-05 02:11:00,2024,5,5,2,11,Sunday,02:11,Suspected Serious Injury,Dark-Lighted,Clear,Ditch,None,OAK RIDGE POLICE DEPT,Other,Unbelted,Distracted,-,-,Drowsy,-,-,-,-,-,-,-,-,Anderson,Oak Ridge,1
41583,400085943,0,1,36.04522,-86.70035,3,2024-05-05 23:12:00,2024,5,5,23,12,Sunday,23:12,Suspected Serious Injury,Dark-Lighted,Clear,Wall,None,METROPOLITAN NASHVILLE POLICE DEPT,Other,Unbelted,-,-,Drug,-,-,-,-,-,-,-,-,-,Davidson,Nashville,1
41585,400085947,1,0,35.80745,-86.85151,3,2024-05-05 20:45:00,2024,5,5,20,45,Sunday,20:45,Fatal,Dark-Not Lighted,Rain,Fell/Jumped From Vehicle,None,THP District 3 - Nashville,THP,-,-,Drinking,Drug,-,Speeding,-,-,-,-,-,Motorcyclist,-,Williamson,Not in City Limit,1
41591,400085963,1,0,36.3033,-86.70812,3,2024-05-06 00:02:00,2024,5,6,0,2,Monday,00:02,Fatal,Dark-Lighted,Clear,Guard Rail Face,None,GOODLETTSVILLE POLICE DEPT,Other,Unbelted,-,-,-,-,-,-,-,-,-,-,-,-,Davidson,Goodlettsville,2
41597,400085991,1,0,35.66223,-88.35939,8,2024-05-05 02:10:00,2024,5,5,2,10,Sunday,02:10,Fatal,Dark-Not Lighted,Clear,Ditch,None,THP District 8 - Jackson,THP,Unbelted,-,Drinking,-,-,-,-,-,-,-,-,-,-,Henderson,Not in City Limit,1
41608,400086066,0,1,35.74748,-86.54825,3,2024-05-06 08:10:00,2024,5,6,8,10,Monday,08:10,Suspected Serious Injury,Daylight,Clear,Motor Vehicle-In-Transport On Same Roadway,None,RUTHERFORD CO SHERIFFS DEPT,Other,Unbelted,-,-,-,-,-,-,-,-,-,-,-,-,Rutherford,Not in City Limit,2
41626,400086177,0,1,36.21551,-82.21689,5,2024-05-06 11:56:00,2024,5,6,11,56,Monday,11:56,Suspected Serious Injury,Daylight,Rain,Building,None,THP District 5 - Fall Branch,THP,Unbelted,-,-,-,-,-,-,-,-,-,ATV_Involved,-,-,Carter,Not in City Limit,2
41627,400086179,1,0,36.0774,-87.00593,3,2024-05-06 06:31:00,2024,5,6,6,31,Monday,06:31,Fatal,Daylight,Clear,Traffic Signal Support,None,METROPOLITAN NASHVILLE POLICE DEPT,Other,Unbelted,-,-,-,-,-,-,-,-,-,-,-,-,Davidson,Nashville,2
41628,400086185,0,4,35.02907,-85.22866,2,2024-05-06 13:30:00,2024,5,6,13,30,Monday,13:30,Suspected Serious Injury,Daylight,Clear,Motor Vehicle-In-Transport On Different Roadway,None,CHATTANOOGA POLICE DEPT,Other,Unbelted,-,-,-,-,-,-,-,-,-,-,-,-,Hamilton,Chattanooga,2
41635,400086212,0,2,35.6956,-88.86389,8,2024-05-05 01:10:00,2024,5,5,1,10,Sunday,01:10,Suspected Serious Injury,Dark-Not Lighted,Clear,Embankment Earth,None,THP District 8 - Jackson,THP,Unbelted,-,Drinking,-,-,Speeding,-,-,-,-,-,-,-,Madison,Jackson,1
41648,400086270,1,0,36.08364,-86.64717,3,2024-05-02 23:25:00,2024,5,2,23,25,Thursday,23:25,Fatal,Dark-Not Lighted,Cloudy,Pedestrian,None,METROPOLITAN NASHVILLE POLICE DEPT,Other,Unbelted,-,-,-,-,-,-,Pedestrian,-,-,-,-,-,Davidson,Nashville,5
41654,400086307,0,1,35.92455,-87.02858,3,2024-05-03 09:55:00,2024,5,3,9,55,Friday,09:55,Suspected Serious Injury,Daylight,Cloudy,Guard Rail Face,None,THP District 3 - Nashville,THP,Unbelted,-,-,-,-,-,-,-,-,-,-,-,-,Williamson,Not in City Limit,6
41657,400086319,0,3,36.31751,-86.43832,3,2024-05-06 14:27:00,2024,5,6,14,27,Monday,14:27,Suspected Serious Injury,Daylight,Rain,Motor Vehicle-In-Transport On Same Roadway,None,THP District 3 - Nashville,THP,Unbelted,-,-,-,-,Speeding,-,-,-,-,-,-,-,Wilson,Not in City Limit,2
41659,400086321,0,2,35.46696,-89.4004,4,2024-05-06 16:33:00,2024,5,6,16,33,Monday,16:33,Suspected Serious Injury,,Rain,Motor Vehicle-In-Transport On Same Roadway,None,THP District 4 - Memphis,THP,Unbelted,-,-,-,-,-,-,-,-,-,-,-,-,Haywood,Stanton,2
41663,400086334,0,2,35.32821,-89.46718,4,2024-05-06 17:29:00,2024,5,6,17,29,Monday,17:29,Suspected Serious Injury,Daylight,Clear,Motor Vehicle-In-Transport On Same Roadway,None,THP District 4 - Memphis,THP,Unbelted,-,-,-,-,-,-,-,-,-,-,-,-,Fayette,Not in City Limit,2
41664,400086335,0,2,35.13916,-84.78103,2,2024-05-03 18:50:00,2024,5,3,18,50,Friday,18:50,Suspected Serious Injury,Daylight,Clear,Motor Vehicle-In-Transport On Same Roadway,None,THP District 2 - Chattanooga,THP,Unbelted,-,Drinking,Drug,-,-,-,-,-,-,-,-,-,Bradley,Not in City Limit,6
41670,400086359,0,1,35.71401,-83.93621,1,2024-05-06 18:50:00,2024,5,6,18,50,Monday,18:50,Suspected Serious Injury,Daylight,Clear,Building,None,BLOUNT CO SHERIFFS DEPT,Other,-,-,-,-,-,-,-,-,-,-,-,Motorcyclist,-,Blount,Not in City Limit,2
41671,400086360,0,1,35.86496,-83.54831,1,2024-05-06 18:00:00,2024,5,6,18,0,Monday,18:00,Suspected Serious Injury,Daylight,Cloudy,Pedestrian,None,SEVIERVILLE POLICE DEPT,Other,Unbelted,-,-,-,-,-,-,Pedestrian,-,-,-,-,-,Sevier,Sevierville,2
41673,400086370,0,3,35.88178,-89.60437,4,2024-05-03 20:15:00,2024,5,3,20,15,Friday,20:15,Suspected Serious Injury,Dark-Not Lighted,Clear,"Over Turn, Roll Over",None,THP District 4 - Memphis,THP,Unbelted,Distracted,-,-,-,-,-,-,-,-,-,-,-,Lauderdale,Not in City Limit,6
41676,400086377,0,3,35.20001,-89.08568,4,2024-05-06 17:21:00,2024,5,6,17,21,Monday,17:21,Suspected Serious Injury,Daylight,Clear,Motor Vehicle-In-Transport On Same Roadway,None,THP District 4 - Memphis,THP,Unbelted,-,-,-,-,-,-,-,-,-,-,-,-,Hardeman,Not in City Limit,2
41681,400086401,0,1,36.25612,-86.71385,3,2024-05-06 20:37:00,2024,5,6,20,37,Monday,20:37,Suspected Serious Injury,Dark-Lighted,Rain,Pedestrian,None,METROPOLITAN NASHVILLE POLICE DEPT,Other,Unbelted,-,-,-,-,-,-,Pedestrian,-,-,-,-,-,Davidson,Nashville,2
41684,400086410,0,1,35.21311,-86.05046,2,2024-04-28 17:52:00,2024,4,28,17,52,Sunday,17:52,Suspected Serious Injury,Daylight,Clear,Embankment Rock/Stone/Concrete,None,DECHERD POLICE DEPT,Other,-,-,-,-,-,Speeding,-,-,-,-,-,Motorcyclist,-,Franklin,Decherd,1
41694,400086451,0,1,35.88552,-84.68449,1,2024-05-07 00:55:00,2024,5,7,0,55,Tuesday,00:55,Suspected Serious Injury,Dark-Not Lighted,Fog,Guard Rail Face,None,THP District 1 - Knoxville,THP,Unbelted,-,-,-,-,Speeding,-,-,-,-,ATV_Involved,-,-,Roane,Not in City Limit,3
41695,400086452,0,1,36.45233,-82.03831,5,2024-05-06 22:00:00,2024,5,6,22,0,Monday,22:00,Suspected Serious Injury,Dark-Not Lighted,Rain,Standing Tree,None,CARTER CO SHERIFFS DEPT,Other,Unbelted,-,-,-,-,-,-,-,-,-,-,-,-,Carter,Not in City Limit,2
41701,400086495,0,1,35.00857,-85.19833,2,2024-05-01 12:35:00,2024,5,1,12,35,Wednesday,12:35,Suspected Serious Injury,Daylight,Clear,Motor Vehicle-In-Transport On Same Roadway,Construction Zone,THP District 2 - Chattanooga,THP,Unbelted,-,-,-,-,-,-,-,-,-,-,-,-,Hamilton,Chattanooga,4
41702,400086500,0,1,35.95769,-85.81824,6,2024-05-03 12:55:00,2024,5,3,12,55,Friday,12:55,Suspected Serious Injury,Daylight,Clear,Motor Vehicle-In-Transport On Same Roadway,None,THP District 6 - Cookeville,THP,Unbelted,-,-,-,-,Speeding,-,-,-,-,-,Motorcyclist,-,DeKalb,Smithville,6