OBJECTID,MRN,Fatality,Injury,Latitude,Longitude,THP_District,Collision_Date,Collision_Year,Collision_Month,Collision_Day,Collision_Hour,Collision_Min,Collision_DOW,Collision_Time,Crash_Type,Light_Condition,Weather,First_Harmfu_Event,Work_Zone_Type,Agency_Name,THP,Unbelted,Distracted_Driver,Driver_Drinking,Driver_Drugged,Drowsy_Driver,Speeding_Involved,Pedalcyclist,Pedestrian,Other_Nonmotorist,ATV_Involved,LargeTruck_Involved,Motorcycle_Involved,SchoolBus,County,City,DOW_Nmb
41716,400086580,0,2,36.02978,-87.43424,3,2024-05-07 06:55:00,2024,5,7,6,55,Tuesday,06:55,Suspected Serious Injury,Daylight,Clear,Embankment Earth,None,THP District 3 - Nashville,THP,Unbelted,-,-,-,-,-,-,-,-,-,-,-,-,Dickson,Not in City Limit,3
41728,400086639,0,2,35.49469,-84.62023,2,2024-05-07 09:54:00,2024,5,7,9,54,Tuesday,09:54,Suspected Serious Injury,Daylight,Cloudy,Guard Rail Face,None,THP District 2 - Chattanooga,THP,Unbelted,-,-,-,-,-,-,-,-,-,ATV_Involved,-,-,McMinn,Not in City Limit,3
41736,400086679,0,1,35.27241,-89.98286,4,2024-05-07 00:00:00,2024,5,7,24,0,Tuesday,24:00,Suspected Serious Injury,Daylight,Cloudy,Pedestrian,None,THP District 4 - Memphis,THP,-,-,-,-,-,-,-,Pedestrian,-,-,-,-,-,Shelby,Not in City Limit,3
41740,400086711,0,1,36.51705,-84.50513,1,2024-05-04 16:42:00,2024,5,4,16,42,Saturday,16:42,Suspected Serious Injury,Daylight,Clear,Utility Pole,None,ONEIDA POLICE DEPT,Other,Unbelted,-,-,-,-,-,-,-,-,-,-,-,-,Scott,Oneida,7
41745,400086751,0,1,35.24495,-87.34013,7,2024-05-07 00:00:00,2024,5,7,24,0,Tuesday,24:00,Suspected Serious Injury,Daylight,Cloudy,Motor Vehicle-In-Transport On Same Roadway,None,LAWRENCEBURG POLICE DEPT,Other,Unbelted,-,-,-,-,-,-,-,-,-,-,-,-,Lawrence,Lawrenceburg,3
41751,400086775,1,0,35.41759,-86.48451,7,2024-05-07 12:40:00,2024,5,7,12,40,Tuesday,12:40,Fatal,Daylight,Clear,Motor Vehicle-In-Transport On Same Roadway,None,THP District 7 - Lawrenceburg,THP,Unbelted,-,-,-,-,-,-,-,-,-,ATV_Involved,-,-,Bedford,Not in City Limit,3
41761,400086826,1,0,35.16234,-89.63804,4,2024-05-07 16:00:00,2024,5,7,16,0,Tuesday,16:00,Fatal,Daylight,Clear,Embankment Earth,None,THP District 4 - Memphis,THP,Unbelted,-,-,-,-,-,-,-,-,-,-,-,-,Fayette,Not in City Limit,3
41762,400086827,0,1,36.41587,-84.28347,1,2024-05-07 19:04:00,2024,5,7,19,4,Tuesday,19:04,Suspected Serious Injury,Daylight,Clear,Guard Rail Face,None,THP District 1 - Knoxville,THP,-,-,-,-,-,-,-,-,-,-,-,Motorcyclist,-,Campbell,Not in City Limit,3
41764,400086831,0,2,36.11807,-83.85392,1,2024-05-07 18:15:00,2024,5,7,18,15,Tuesday,18:15,Suspected Serious Injury,Dusk,Clear,Motor Vehicle-In-Transport On Same Roadway,None,THP District 1 - Knoxville,THP,Unbelted,-,-,-,-,-,-,-,-,-,-,-,-,Knox,Not in City Limit,3
41767,400086836,0,1,35.92545,-83.7658,1,2024-05-07 19:52:00,2024,5,7,19,52,Tuesday,19:52,Suspected Serious Injury,Daylight,Clear,Ditch,None,KNOX CO SHERIFFS OFFICE,Other,-,-,-,-,-,-,-,-,-,-,-,Motorcyclist,-,Knox,Not in City Limit,3
41776,400086879,0,1,36.54281,-82.14051,5,2024-05-07 19:15:00,2024,5,7,19,15,Tuesday,19:15,Suspected Serious Injury,Dusk,Cloudy,Deer,None,THP District 5 - Fall Branch,THP,Unbelted,-,-,-,-,-,-,-,-,-,-,-,-,Sullivan,Not in City Limit,3
41795,400086923,0,2,35.97319,-83.23759,5,2024-05-07 20:51:00,2024,5,7,20,51,Tuesday,20:51,Suspected Serious Injury,,Clear,Motor Vehicle-In-Transport On Same Roadway,None,NEWPORT POLICE DEPT,Other,Unbelted,-,-,-,-,-,-,-,-,-,-,-,-,Cocke,Newport,3
41809,400087014,0,3,35.55897,-84.55566,2,2024-05-07 10:55:00,2024,5,7,10,55,Tuesday,10:55,Suspected Serious Injury,Daylight,Clear,Motor Vehicle-In-Transport On Same Roadway,None,THP District 2 - Chattanooga,THP,Unbelted,-,-,-,-,-,-,-,-,-,ATV_Involved,-,-,McMinn,Not in City Limit,3
41832,400087150,1,0,36.3895,-83.58262,5,2024-05-08 10:36:00,2024,5,8,10,36,Wednesday,10:36,Fatal,Daylight,Severe Cross-Winds,Standing Tree,None,THP District 5 - Fall Branch,THP,Unbelted,-,-,Drug,-,-,-,-,-,-,-,-,-,Claiborne,Not in City Limit,4
41834,400087153,1,0,36.44727,-85.35059,6,2024-05-07 19:54:00,2024,5,7,19,54,Tuesday,19:54,Fatal,Dark-Not Lighted,Clear,Motor Vehicle-In-Transport On Same Roadway,None,THP District 6 - Cookeville,THP,Unbelted,-,-,-,-,-,-,-,-,-,ATV_Involved,-,-,Overton,Not in City Limit,3
41841,400087195,0,7,36.1212,-89.43929,8,2024-05-07 20:36:00,2024,5,7,20,36,Tuesday,20:36,Suspected Serious Injury,Dark-Not Lighted,Clear,Motor Vehicle-In-Transport On Same Roadway,None,THP District 8 - Jackson,THP,Unbelted,Distracted,-,-,-,-,-,-,-,-,-,-,-,Dyer,Not in City Limit,3
41849,400087224,0,2,36.41339,-82.99279,5,2024-05-07 15:57:00,2024,5,7,15,57,Tuesday,15:57,Suspected Serious Injury,Daylight,Clear,Motor Vehicle-In-Transport On Same Roadway,None,ROGERSVILLE POLICE DEPT,Other,Unbelted,-,-,-,-,-,-,-,-,-,-,Motorcyclist,-,Hawkins,Rogersville,3
41855,400087253,0,1,36.34767,-83.99005,1,2024-05-05 18:56:00,2024,5,5,18,56,Sunday,18:56,Suspected Serious Injury,Daylight,Clear,Standing Tree,None,THP District 1 - Knoxville,THP,Unbelted,-,-,-,-,Speeding,-,-,-,-,-,-,-,Campbell,Not in City Limit,1
41869,400087295,0,1,35.04272,-84.62229,2,2024-05-08 16:54:00,2024,5,8,16,54,Wednesday,16:54,Suspected Serious Injury,Daylight,Clear,Motor Vehicle-In-Transport On Same Roadway,None,THP District 2 - Chattanooga,THP,Unbelted,-,-,-,-,-,-,-,-,-,-,Motorcyclist,-,Polk,Not in City Limit,4
41874,400087318,2,0,35.40008,-89.72514,4,2024-05-07 00:46:00,2024,5,7,0,46,Tuesday,00:46,Fatal,Dark-Not Lighted,Clear,Motor Vehicle-In-Transport On Same Roadway,None,THP District 4 - Memphis,THP,Unbelted,-,-,-,-,-,-,-,-,-,-,-,-,Shelby,Not in City Limit,3
41879,400087349,0,1,36.17229,-83.27404,5,2024-05-08 23:50:00,2024,5,8,23,50,Wednesday,23:50,Suspected Serious Injury,Dark-Not Lighted,Rain,Other Non-Fixed Object,None,MORRISTOWN POLICE DEPT,Other,Unbelted,-,-,-,-,-,-,-,-,-,-,-,-,Hamblen,Morristown,4
41891,400087391,0,1,36.4613,-87.11566,3,2024-05-05 01:54:00,2024,5,5,1,54,Sunday,01:54,Suspected Serious Injury,Dark-Not Lighted,Clear,Motor Vehicle-In-Transport On Same Roadway,None,THP District 3 - Nashville,THP,Unbelted,-,-,-,-,-,-,-,-,-,-,-,-,Robertson,Not in City Limit,1
41898,400087426,0,1,36.40692,-88.09578,8,2024-05-05 12:04:00,2024,5,5,12,4,Sunday,12:04,Suspected Serious Injury,Daylight,Cloudy,"Over Turn, Roll Over",None,THP District 8 - Jackson,THP,-,-,-,-,-,-,-,-,-,-,-,-,-,Henry,Not in City Limit,1
41901,400087460,1,1,35.15458,-84.70375,2,2024-05-08 07:20:00,2024,5,8,7,20,Wednesday,07:20,Fatal,Daylight,Clear,Motor Vehicle-In-Transport On Same Roadway,None,THP District 2 - Chattanooga,THP,Unbelted,-,-,-,Drowsy,-,-,-,-,-,-,-,-,Polk,Not in City Limit,4
41902,400087474,0,1,35.95825,-83.93338,1,2024-05-09 06:48:00,2024,5,9,6,48,Thursday,06:48,Suspected Serious Injury,Dawn,Rain,Pedestrian,None,KNOXVILLE POLICE DEPT,Other,Unbelted,-,-,-,-,Speeding,-,Pedestrian,-,-,-,-,-,Knox,Knoxville,5
41905,400087483,0,1,35.65603,-88.76558,8,2024-05-08 14:32:00,2024,5,8,14,32,Wednesday,14:32,Suspected Serious Injury,Daylight,Cloudy,Motor Vehicle-In-Transport On Same Roadway,None,THP District 8 - Jackson,THP,Unbelted,Distracted,-,-,-,-,-,-,-,-,-,-,-,Madison,Not in City Limit,4
41911,400087526,1,4,35.03489,-85.56465,2,2024-05-05 22:10:00,2024,5,5,22,10,Sunday,22:10,Fatal,Dark-Not Lighted,Clear,Motor Vehicle-In-Transport On Same Roadway,None,THP District 2 - Chattanooga,THP,Unbelted,Distracted,-,-,Drowsy,-,-,-,-,-,-,-,-,Marion,Not in City Limit,1
41919,400087561,0,2,36.12864,-83.48376,5,2024-05-07 17:14:00,2024,5,7,17,14,Tuesday,17:14,Suspected Serious Injury,Daylight,Clear,Motor Vehicle-In-Transport On Same Roadway,None,JEFFERSON CITY POLICE DEPT,Other,Unbelted,Distracted,-,Drug,-,-,-,-,-,-,-,-,-,Jefferson,Jefferson City,3
41977,400087787,0,1,36.19799,-86.62072,3,2024-05-09 17:41:00,2024,5,9,17,41,Thursday,17:41,Suspected Serious Injury,Daylight,Clear,Motor Vehicle-In-Transport On Same Roadway,None,METROPOLITAN NASHVILLE POLICE DEPT,Other,Unbelted,-,-,Drug,-,-,-,-,-,-,-,Motorcyclist,-,Davidson,Nashville,5
41986,400087842,1,0,36.6382,-87.33582,3,2024-05-08 21:42:00,2024,5,8,21,42,Wednesday,21:42,Fatal,Dark-Not Lighted,Rain,Pedestrian,None,THP District 3 - Nashville,THP,Unbelted,-,-,-,-,-,-,Pedestrian,-,-,-,-,-,Montgomery,Clarksville,4
41993,400087879,0,1,35.71478,-83.51045,1,2024-05-09 23:00:00,2024,5,9,23,0,Thursday,23:00,Suspected Serious Injury,Dark-Lighted,Clear,Pedestrian,None,GATLINBURG POLICE DEPT,Other,Unbelted,-,-,-,-,-,-,Pedestrian,-,-,-,-,-,Sevier,Gatlinburg,5
42010,400087938,0,1,35.39026,-88.89337,4,2024-05-10 06:04:00,2024,5,10,6,4,Friday,06:04,Suspected Serious Injury,Daylight,Clear,Highway Traffic Sign Post,None,THP District 4 - Memphis,THP,Unbelted,-,-,-,-,Speeding,-,-,-,-,-,-,-,Hardeman,Not in City Limit,6
42017,400087969,0,1,35.21738,-85.02919,2,2024-05-06 07:58:00,2024,5,6,7,58,Monday,07:58,Suspected Serious Injury,Daylight,Rain,"Over Turn, Roll Over",None,THP District 2 - Chattanooga,THP,-,-,-,-,-,Speeding,-,-,-,-,-,Motorcyclist,-,Hamilton,Not in City Limit,2
42018,400087974,0,2,35.50291,-89.60478,4,2024-05-10 06:30:00,2024,5,10,6,30,Friday,06:30,Suspected Serious Injury,Daylight,Clear,Motor Vehicle-In-Transport On Different Roadway,None,TIPTON CO SHERIFFS DEPT,Other,Unbelted,-,-,-,-,-,-,-,-,-,-,Motorcyclist,-,Tipton,Not in City Limit,6
42030,400088074,0,1,35.90993,-88.67799,8,2024-05-10 06:15:00,2024,5,10,6,15,Friday,06:15,Suspected Serious Injury,Dawn,Clear,Ditch,None,THP District 8 - Jackson,THP,-,-,-,-,-,-,-,-,-,-,-,Motorcyclist,-,Carroll,Not in City Limit,6
42055,400088227,0,1,36.06064,-86.68026,3,2024-05-10 11:25:00,2024,5,10,11,25,Friday,11:25,Suspected Serious Injury,Daylight,Clear,Concrete Traffic Barrier,None,METROPOLITAN NASHVILLE POLICE DEPT,Other,Unbelted,-,-,-,-,-,-,-,-,-,ATV_Involved,-,-,Davidson,Nashville,6
42057,400088232,0,1,36.44528,-86.74698,3,2024-05-10 15:31:00,2024,5,10,15,31,Friday,15:31,Suspected Serious Injury,Daylight,Clear,Motor Vehicle-In-Transport On Same Roadway,None,THP District 3 - Nashville,THP,Unbelted,-,-,-,-,-,-,-,-,-,-,Motorcyclist,-,Robertson,Not in City Limit,6
42079,400088358,0,2,35.05232,-89.01712,4,2024-05-10 02:36:00,2024,5,10,2,36,Friday,02:36,Suspected Serious Injury,Dark-Not Lighted,Clear,Deer,None,THP District 4 - Memphis,THP,Unbelted,-,-,-,Drowsy,-,-,-,-,-,-,-,-,Hardeman,Not in City Limit,6
42088,400088377,0,2,35.99276,-85.59632,6,2024-05-10 01:34:00,2024,5,10,1,34,Friday,01:34,Suspected Serious Injury,Dark-Not Lighted,Clear,"Over Turn, Roll Over",None,THP District 6 - Cookeville,THP,-,-,Drinking,-,-,-,-,-,-,ATV_Involved,-,-,-,White,Not in City Limit,6
42092,400088400,1,0,35.25998,-86.39102,7,2024-05-09 16:04:00,2024,5,9,16,4,Thursday,16:04,Fatal,Daylight,Clear,Immersion,None,THP District 7 - Lawrenceburg,THP,Unbelted,-,-,Drug,-,-,-,-,-,-,-,-,-,Moore,Lynchburg,5
42100,400088451,0,1,35.31443,-89.12751,4,2024-05-09 00:00:00,2024,5,9,24,0,Thursday,24:00,Suspected Serious Injury,Dark-Not Lighted,Clear,Embankment Earth,None,HARDEMAN CO SHERIFFS DEPT,Other,Unbelted,-,-,-,-,-,-,-,-,-,-,-,-,Hardeman,Whiteville,5
42112,400088490,1,1,35.17082,-85.53338,2,2024-05-08 21:10:00,2024,5,8,21,10,Wednesday,21:10,Fatal,Dark-Not Lighted,Rain,Motor Vehicle-In-Transport On Same Roadway,None,THP District 2 - Chattanooga,THP,Unbelted,-,-,-,-,-,-,-,-,-,-,-,-,Marion,Whitwell,4
42113,400088492,0,2,35.01951,-87.99067,8,2024-05-05 00:19:00,2024,5,5,0,19,Sunday,00:19,Suspected Serious Injury,Dark-Not Lighted,Clear,Other Non-Fixed Object,None,THP District 8 - Jackson,THP,Unbelted,-,-,-,-,-,-,-,-,-,-,-,-,Hardin,Not in City Limit,1
42115,400088496,0,1,36.36902,-82.16177,5,2024-05-10 23:35:00,2024,5,10,23,35,Friday,23:35,Suspected Serious Injury,Dark-Not Lighted,Clear,Pedestrian,None,THP District 5 - Fall Branch,THP,Unbelted,-,-,Drug,-,-,-,Pedestrian,-,-,-,-,-,Carter,Not in City Limit,6
42117,400088500,0,2,35.01951,-87.99067,8,2024-05-05 00:19:00,2024,5,5,0,19,Sunday,00:19,Suspected Serious Injury,Dark-Not Lighted,Clear,Motor Vehicle-In-Transport On Same Roadway,None,THP District 8 - Jackson,THP,Unbelted,-,-,-,-,-,-,-,-,-,-,-,-,Hardin,Not in City Limit,1
42119,400088506,0,2,35.14693,-89.56689,4,2024-05-11 03:37:00,2024,5,11,3,37,Saturday,03:37,Suspected Serious Injury,Dark-Not Lighted,Clear,"Over Turn, Roll Over",None,THP District 4 - Memphis,THP,Unbelted,-,-,-,-,Speeding,-,-,-,-,-,-,-,Fayette,Not in City Limit,7
42122,400088512,0,1,36.15231,-86.83948,3,2024-05-11 04:10:00,2024,5,11,4,10,Saturday,04:10,Suspected Serious Injury,Dark-Lighted,Cloudy,Utility Pole,None,METROPOLITAN NASHVILLE POLICE DEPT,Other,Unbelted,-,-,Drug,-,-,-,-,-,-,-,-,-,Davidson,Nashville,7
42123,400088516,0,1,35.37698,-85.65911,2,2024-05-10 11:04:00,2024,5,10,11,4,Friday,11:04,Suspected Serious Injury,Daylight,Clear,Ditch,None,GRUNDY CO SHERIFFS OFFICE,Other,Unbelted,-,-,-,-,-,-,-,-,-,-,-,-,Grundy,Gruetli-Laager,6
42130,400088560,0,5,35.21977,-89.74319,4,2024-05-11 02:52:00,2024,5,11,2,52,Saturday,02:52,Suspected Serious Injury,Dark-Lighted,Clear,Motor Vehicle-In-Transport On Same Roadway,None,THP District 4 - Memphis,THP,Unbelted,Distracted,Drinking,-,-,-,-,-,-,-,-,-,-,Shelby,Not in City Limit,7
42139,400088584,2,1,35.06829,-86.51718,7,2024-05-11 02:40:00,2024,5,11,2,40,Saturday,02:40,Fatal,Dark-Not Lighted,Fog,Standing Tree,None,THP District 7 - Lawrenceburg,THP,Unbelted,-,Drinking,-,-,Speeding,-,-,-,-,-,-,-,Lincoln,Not in City Limit,7
42140,400088600,0,1,35.05385,-85.28608,2,2024-05-11 08:29:00,2024,5,11,8,29,Saturday,08:29,Suspected Serious Injury,Daylight,Clear,Motor Vehicle-In-Transport On Same Roadway,None,CHATTANOOGA POLICE DEPT,Other,Unbelted,-,-,-,-,-,-,-,-,-,-,-,-,Hamilton,Chattanooga,7
42141,400088604,0,1,35.78905,-86.20776,3,2024-05-02 08:11:00,2024,5,2,8,11,Thursday,08:11,Suspected Serious Injury,Daylight,Clear,Fence,None,RUTHERFORD CO SHERIFFS DEPT,Other,-,-,-,-,-,-,-,-,-,-,-,Motorcyclist,-,Rutherford,Not in City Limit,5
42143,400088610,0,1,35.59204,-85.19313,2,2024-05-11 09:49:00,2024,5,11,9,49,Saturday,09:49,Suspected Serious Injury,Daylight,Clear,Motor Vehicle-In-Transport On Same Roadway,None,THP District 2 - Chattanooga,THP,Unbelted,-,-,-,-,-,-,-,-,-,ATV_Involved,-,-,Bledsoe,Not in City Limit,7
42149,400088631,0,2,36.2509,-86.12134,3,2024-05-11 07:58:00,2024,5,11,7,58,Saturday,07:58,Suspected Serious Injury,Daylight,Clear,Motor Vehicle-In-Transport On Same Roadway,None,THP District 3 - Nashville,THP,Unbelted,-,-,-,-,-,-,-,-,-,-,-,-,Wilson,Not in City Limit,7
42158,400088660,0,1,35.28884,-86.36841,7,2024-05-11 12:13:00,2024,5,11,12,13,Saturday,12:13,Suspected Serious Injury,Daylight,Clear,Embankment Earth,None,THP District 7 - Lawrenceburg,THP,Unbelted,-,-,-,-,-,-,-,-,-,-,-,-,Moore,Lynchburg,7
42160,400088677,0,3,35.743,-86.42336,3,2024-05-10 16:44:00,2024,5,10,16,44,Friday,16:44,Suspected Serious Injury,Daylight,Clear,Utility Pole,None,THP District 3 - Nashville,THP,Unbelted,Distracted,Drinking,-,-,-,-,-,-,-,-,-,-,Rutherford,Not in City Limit,6
42162,400088680,0,1,35.84752,-88.07272,8,2024-05-10 16:21:00,2024,5,10,16,21,Friday,16:21,Suspected Serious Injury,Daylight,Clear,"Over Turn, Roll Over",None,THP District 8 - Jackson,THP,-,-,-,-,-,-,-,-,-,-,-,Motorcyclist,-,Benton,Not in City Limit,6
42168,400088692,0,1,35.03641,-85.31937,2,2024-05-11 12:55:00,2024,5,11,12,55,Saturday,12:55,Suspected Serious Injury,Daylight,Clear,Utility Pole,None,CHATTANOOGA POLICE DEPT,Other,Unbelted,-,-,-,-,-,-,-,-,-,-,-,-,Hamilton,Chattanooga,7
42169,400088695,0,2,35.78663,-86.36833,3,2024-05-11 13:45:00,2024,5,11,13,45,Saturday,13:45,Suspected Serious Injury,Daylight,Clear,Motor Vehicle-In-Transport On Same Roadway,None,MURFREESBORO POLICE DEPT,Other,Unbelted,-,-,-,-,-,-,-,-,-,-,-,-,Rutherford,Murfreesboro,7
42175,400088704,0,1,35.7586,-86.05968,6,2024-05-11 15:09:00,2024,5,11,15,9,Saturday,15:09,Suspected Serious Injury,Daylight,Cloudy,Paved Surface-Irregular,None,THP District 6 - Cookeville,THP,-,-,-,-,-,Speeding,-,-,-,-,-,-,-,Cannon,Not in City Limit,7
42189,400088785,0,1,35.47101,-89.25547,4,2024-05-11 19:10:00,2024,5,11,19,10,Saturday,19:10,Suspected Serious Injury,Dusk,Clear,"Over Turn, Roll Over",None,THP District 4 - Memphis,THP,-,-,-,-,-,-,-,-,-,ATV_Involved,-,-,-,Haywood,Not in City Limit,7
42199,400088823,1,0,36.24555,-83.44705,5,2024-05-07 19:00:00,2024,5,7,19,0,Tuesday,19:00,Fatal,Daylight,Clear,Utility Pole,None,THP District 5 - Fall Branch,THP,-,-,Drinking,-,-,-,-,-,-,-,-,-,-,Grainger,Not in City Limit,3
42202,400088830,0,1,36.29768,-84.21368,1,2024-05-11 21:25:00,2024,5,11,21,25,Saturday,21:25,Suspected Serious Injury,Dark-Not Lighted,Clear,Pedestrian,None,THP District 1 - Knoxville,THP,-,-,-,-,-,-,-,Pedestrian,-,-,-,Motorcyclist,-,Campbell,Caryville,7
42215,400088882,1,4,36.49142,-86.88491,3,2024-05-11 18:09:00,2024,5,11,18,9,Saturday,18:09,Fatal,Daylight,Clear,Motor Vehicle-In-Transport On Same Roadway,None,THP District 3 - Nashville,THP,Unbelted,-,Drinking,Drug,-,Speeding,-,-,-,-,-,-,-,Robertson,Springfield,7
42219,400088889,0,2,36.17758,-85.46814,6,2024-05-11 22:37:00,2024,5,11,22,37,Saturday,22:37,Suspected Serious Injury,Dark-Not Lighted,Clear,Motor Vehicle-In-Transport On Same Roadway,None,COOKEVILLE POLICE DEPT,Other,Unbelted,-,-,-,-,-,-,-,-,-,-,Motorcyclist,-,Putnam,Cookeville,7
42224,400088925,0,1,35.39325,-86.74419,7,2024-05-11 13:30:00,2024,5,11,13,30,Saturday,13:30,Suspected Serious Injury,Daylight,Clear,Guard Rail Face,None,THP District 7 - Lawrenceburg,THP,-,-,-,-,-,Speeding,-,-,-,-,-,Motorcyclist,-,Marshall,Not in City Limit,7
42233,400088987,1,7,35.36795,-86.83905,7,2024-05-12 09:40:00,2024,5,12,9,40,Sunday,09:40,Fatal,Daylight,Cloudy,Motor Vehicle-In-Transport On Same Roadway,None,THP District 7 - Lawrenceburg,THP,Unbelted,-,-,-,-,-,-,-,-,-,-,-,-,Marshall,Cornersville,1
42241,400089011,0,1,35.01823,-85.28044,2,2024-05-12 13:13:00,2024,5,12,13,13,Sunday,13:13,Suspected Serious Injury,Daylight,Clear,Motor Vehicle-In-Transport On Same Roadway,None,CHATTANOOGA POLICE DEPT,Other,Unbelted,-,-,-,-,-,-,-,-,-,-,Motorcyclist,-,Hamilton,Chattanooga,1
42245,400089030,0,3,35.50425,-86.44943,7,2024-05-12 09:35:00,2024,5,12,9,35,Sunday,09:35,Suspected Serious Injury,Daylight,Clear,Motor Vehicle-In-Transport On Same Roadway,None,SHELBYVILLE POLICE DEPT,Other,Unbelted,-,-,-,-,-,-,-,-,-,-,-,-,Bedford,Shelbyville,1
42249,400089043,1,0,36.55286,-87.68901,3,2024-05-12 10:42:00,2024,5,12,10,42,Sunday,10:42,Fatal,Daylight,Clear,Motor Vehicle-In-Transport On Same Roadway,None,THP District 3 - Nashville,THP,Unbelted,-,-,-,-,-,-,-,-,-,ATV_Involved,Motorcyclist,-,Stewart,Not in City Limit,1
42253,400089054,0,1,35.78122,-86.39538,3,2024-05-11 19:43:00,2024,5,11,19,43,Saturday,19:43,Suspected Serious Injury,Dark-Lighted,Clear,Motor Vehicle-In-Transport On Same Roadway,None,MURFREESBORO POLICE DEPT,Other,Unbelted,-,Drinking,-,-,-,-,-,-,-,-,-,-,Rutherford,Murfreesboro,7
42279,400089162,0,1,35.95296,-84.12287,1,2024-05-12 19:18:00,2024,5,12,19,18,Sunday,19:18,Suspected Serious Injury,Daylight,Clear,Motor Vehicle-In-Transport On Same Roadway,None,THP District 1 - Knoxville,THP,Unbelted,-,-,-,-,-,-,-,-,-,-,Motorcyclist,-,Knox,Not in City Limit,1
42281,400089169,0,1,35.63795,-83.4972,1,2024-05-10 00:50:00,2024,5,10,0,50,Friday,00:50,Suspected Serious Injury,Dark-Not Lighted,Clear,Occupant Struck By Own Vehicle,None,THP District 1 - Knoxville,THP,-,-,Drinking,Drug,-,-,-,-,-,-,-,Motorcyclist,-,Sevier,Not in City Limit,6
42282,400089171,0,1,35.99804,-86.53234,3,2024-05-12 19:58:00,2024,5,12,19,58,Sunday,19:58,Suspected Serious Injury,Dark-Not Lighted,Clear,Motor Vehicle-In-Transport On Same Roadway,None,SMYRNA POLICE DEPT,Other,Unbelted,-,-,Drug,-,-,-,-,-,-,-,Motorcyclist,-,Rutherford,Smyrna,1
42289,400089195,0,2,36.15046,-86.86782,3,2024-05-12 20:15:00,2024,5,12,20,15,Sunday,20:15,Suspected Serious Injury,Dark-Unknown Lighting,Clear,Motor Vehicle-In-Transport On Same Roadway,None,THP District 3 - Nashville,THP,Unbelted,-,-,-,-,-,-,-,-,-,-,-,-,Davidson,Nashville,1
42292,400089208,0,1,35.95508,-86.55446,3,2024-05-12 22:30:00,2024,5,12,22,30,Sunday,22:30,Suspected Serious Injury,Dark-Not Lighted,Clear,Paved Surface-Irregular,None,THP District 3 - Nashville,THP,-,-,-,-,-,-,-,-,-,-,-,Motorcyclist,-,Rutherford,Not in City Limit,1
42294,400089226,0,1,35.30416,-84.72702,2,2024-05-11 00:25:00,2024,5,11,0,25,Saturday,00:25,Suspected Serious Injury,Dark-Lighted,Clear,Motor Vehicle-In-Transport On Same Roadway,None,THP District 2 - Chattanooga,THP,Unbelted,-,-,-,-,-,-,-,-,-,-,Motorcyclist,-,McMinn,Not in City Limit,7
42296,400089232,0,1,35.99678,-86.52385,3,2024-05-04 21:49:00,2024,5,4,21,49,Saturday,21:49,Suspected Serious Injury,Dark-Lighted,Clear,Motor Vehicle-In-Transport On Same Roadway,None,SMYRNA POLICE DEPT,Other,Unbelted,-,-,-,-,-,-,-,-,-,-,Motorcyclist,-,Rutherford,Smyrna,7
42298,400089240,0,1,35.74263,-89.52808,4,2024-05-13 00:00:00,2024,5,13,24,0,Monday,24:00,Suspected Serious Injury,Dark-Unknown Lighting,Clear,Unknown,None,RIPLEY POLICE DEPT,Other,-,-,-,-,-,-,-,Pedestrian,-,-,-,-,-,Lauderdale,Ripley,2
42300,400089244,1,0,36.22356,-86.54581,3,2024-05-09 14:11:00,2024,5,9,14,11,Thursday,14:11,Fatal,Daylight,Clear,Motor Vehicle-In-Transport On Same Roadway,None,MOUNT JULIET POLICE DEPT,Other,Unbelted,-,-,-,-,-,-,-,-,-,-,-,-,Wilson,Mount Juliet,5
42309,400089297,0,1,35.46116,-86.60155,7,2024-05-10 22:43:00,2024,5,10,22,43,Friday,22:43,Suspected Serious Injury,Dark-Not Lighted,Clear,Utility Pole,None,THP District 7 - Lawrenceburg,THP,Unbelted,-,-,-,-,Speeding,-,-,-,-,-,-,-,Bedford,Not in City Limit,6
42314,400089320,0,1,35.25494,-86.11944,2,2024-05-10 13:46:00,2024,5,10,13,46,Friday,13:46,Suspected Serious Injury,Daylight,Clear,Railway Train,None,ESTILL SPRINGS POLICE DEPT,Other,Unbelted,-,-,-,-,-,-,-,-,-,-,-,-,Franklin,Estill Springs,6
42316,400089330,1,0,36.06505,-87.39597,3,2024-05-12 00:00:00,2024,5,12,24,0,Sunday,24:00,Fatal,Dark-Lighted,Clear,Pedestrian,None,DICKSON POLICE DEPT,Other,Unbelted,-,Drinking,-,-,-,-,Pedestrian,-,-,-,-,-,Dickson,Dickson,1
42321,400089370,0,2,35.00447,-85.1508,2,2024-05-12 21:17:00,2024,5,12,21,17,Sunday,21:17,Suspected Serious Injury,Dark-Lighted,Cloudy,Motor Vehicle-In-Transport On Same Roadway,None,CHATTANOOGA POLICE DEPT,Other,Unbelted,-,-,-,-,-,-,-,-,-,-,-,-,Hamilton,Chattanooga,1