OBJECTID,MRN,Fatality,Injury,Latitude,Longitude,THP_District,Collision_Date,Collision_Year,Collision_Month,Collision_Day,Collision_Hour,Collision_Min,Collision_DOW,Collision_Time,Crash_Type,Light_Condition,Weather,First_Harmfu_Event,Work_Zone_Type,Agency_Name,THP,Unbelted,Distracted_Driver,Driver_Drinking,Driver_Drugged,Drowsy_Driver,Speeding_Involved,Pedalcyclist,Pedestrian,Other_Nonmotorist,ATV_Involved,LargeTruck_Involved,Motorcycle_Involved,SchoolBus,County,City,DOW_Nmb
42333,400089439,0,1,36.29963,-83.40485,5,2024-05-13 14:10:00,2024,5,13,14,10,Monday,14:10,Suspected Serious Injury,Daylight,Clear,Embankment Earth,None,THP District 5 - Fall Branch,THP,Unbelted,-,-,-,-,-,-,-,-,-,-,-,-,Grainger,Not in City Limit,2
42346,400089489,0,2,36.5305,-86.96277,3,2024-05-13 14:33:00,2024,5,13,14,33,Monday,14:33,Suspected Serious Injury,Daylight,Rain,Motor Vehicle-In-Transport On Same Roadway,None,THP District 3 - Nashville,THP,Unbelted,-,-,-,-,-,-,-,-,-,-,-,-,Robertson,Not in City Limit,2
42351,400089501,0,1,35.75024,-83.06394,5,2024-05-13 15:51:00,2024,5,13,15,51,Monday,15:51,Suspected Serious Injury,Daylight,Rain,Guard Rail Face,None,THP District 5 - Fall Branch,THP,-,-,-,-,-,-,-,-,-,-,-,Motorcyclist,-,Cocke,Not in City Limit,2
42369,400089570,0,3,35.7738,-83.84402,1,2024-05-13 15:57:00,2024,5,13,15,57,Monday,15:57,Suspected Serious Injury,Daylight,Clear,Motor Vehicle-In-Transport On Same Roadway,None,BLOUNT CO SHERIFFS DEPT,Other,Unbelted,-,-,-,-,-,-,-,-,-,-,-,-,Blount,Not in City Limit,2
42387,400089664,0,1,35.80188,-83.58422,1,2024-05-07 14:14:00,2024,5,7,14,14,Tuesday,14:14,Suspected Serious Injury,Daylight,Clear,Motor Vehicle-In-Transport On Same Roadway,None,PIGEON FORGE POLICE DEPT,Other,Unbelted,-,-,-,-,-,-,-,-,-,-,-,-,Sevier,Pigeon Forge,3
42394,400089681,0,1,35.73135,-88.51828,8,2024-05-12 16:59:00,2024,5,12,16,59,Sunday,16:59,Suspected Serious Injury,Daylight,Clear,"Over Turn, Roll Over",None,THP District 8 - Jackson,THP,-,-,-,-,-,-,-,-,-,-,-,Motorcyclist,-,Henderson,Not in City Limit,1
42403,400089737,0,6,35.61156,-88.79508,8,2024-05-13 17:15:00,2024,5,13,17,15,Monday,17:15,Suspected Serious Injury,Daylight,Cloudy,Motor Vehicle-In-Motion Outside Trafficway,None,JACKSON POLICE DEPT,Other,Unbelted,-,-,-,-,-,-,-,-,-,-,-,-,Madison,Jackson,2
42405,400089747,0,1,35.62856,-87.02726,7,2024-05-14 09:14:00,2024,5,14,9,14,Tuesday,09:14,Suspected Serious Injury,Daylight,Cloudy,Motor Vehicle-In-Transport On Same Roadway,None,COLUMBIA POLICE DEPT,Other,Unbelted,-,-,-,-,-,-,-,-,-,-,-,-,Maury,Columbia,3
42406,400089748,0,2,36.16274,-86.84991,3,2024-05-14 04:37:00,2024,5,14,4,37,Tuesday,04:37,Suspected Serious Injury,Dark-Lighted,Rain,Utility Pole,None,METROPOLITAN NASHVILLE POLICE DEPT,Other,Unbelted,-,-,-,-,-,-,-,-,-,-,-,-,Davidson,Nashville,3
42407,400089752,1,0,36.15692,-84.64588,1,2024-05-14 07:40:00,2024,5,14,7,40,Tuesday,07:40,Fatal,Daylight,Cloudy,Motor Vehicle-In-Transport On Same Roadway,None,THP District 1 - Knoxville,THP,Unbelted,-,-,Drug,-,-,-,-,-,-,ATV_Involved,-,-,Morgan,Not in City Limit,3
42408,400089757,0,1,36.41765,-83.65159,5,2024-05-14 08:13:00,2024,5,14,8,13,Tuesday,08:13,Suspected Serious Injury,Daylight,Cloudy,Standing Tree,None,THP District 5 - Fall Branch,THP,Unbelted,-,-,-,-,-,-,-,-,-,-,-,-,Claiborne,Not in City Limit,3
42412,400089789,0,2,35.57643,-86.07842,2,2024-05-11 15:10:00,2024,5,11,15,10,Saturday,15:10,Suspected Serious Injury,Daylight,Clear,Ditch,None,THP District 2 - Chattanooga,THP,Unbelted,-,-,-,Drowsy,-,-,-,-,-,-,-,-,Coffee,Not in City Limit,7
42417,400089809,0,4,36.4784,-86.57587,3,2024-05-14 09:14:00,2024,5,14,9,14,Tuesday,09:14,Suspected Serious Injury,Daylight,Cloudy,Motor Vehicle-In-Transport On Same Roadway,None,THP District 3 - Nashville,THP,Unbelted,-,-,-,-,-,-,-,-,-,-,-,-,Sumner,Not in City Limit,3
42429,400089874,1,1,36.26725,-86.76165,3,2024-05-11 18:03:00,2024,5,11,18,3,Saturday,18:03,Fatal,Daylight,Clear,Motor Vehicle-In-Transport On Same Roadway,None,METROPOLITAN NASHVILLE POLICE DEPT,Other,Unbelted,-,-,-,-,-,-,-,-,ATV_Involved,-,-,-,Davidson,Nashville,7
42434,400089920,0,1,36.20963,-86.32211,3,2024-05-14 00:00:00,2024,5,14,24,0,Tuesday,24:00,Suspected Serious Injury,Dark-Not Lighted,Cloudy,Other Post/Pole Support,None,LEBANON POLICE DEPT,Other,Unbelted,-,Drinking,Drug,-,-,-,-,-,-,-,-,-,Wilson,Lebanon,3
42447,400089963,0,1,36.00234,-86.79273,3,2024-05-14 16:38:00,2024,5,14,16,38,Tuesday,16:38,Suspected Serious Injury,Daylight,Cloudy,Fell/Jumped From Vehicle,None,THP District 3 - Nashville,THP,-,-,-,-,-,-,-,-,-,-,-,Motorcyclist,-,Williamson,Brentwood,3
42448,400089964,0,1,35.98469,-83.59483,1,2024-05-14 01:51:00,2024,5,14,1,51,Tuesday,01:51,Suspected Serious Injury,Dark-Not Lighted,Clear,Motor Vehicle-In-Transport On Same Roadway,None,SEVIERVILLE POLICE DEPT,Other,Unbelted,-,-,-,-,-,-,-,-,-,ATV_Involved,-,-,Sevier,Sevierville,3
42460,400090037,0,2,35.80453,-83.58991,1,2024-05-14 18:43:00,2024,5,14,18,43,Tuesday,18:43,Suspected Serious Injury,Daylight,Rain,Motor Vehicle-In-Transport On Same Roadway,None,PIGEON FORGE POLICE DEPT,Other,Unbelted,-,-,-,-,Speeding,-,-,-,-,-,-,-,Sevier,Pigeon Forge,3
42465,400090053,0,1,36.14696,-83.84682,1,2024-05-14 16:08:00,2024,5,14,16,8,Tuesday,16:08,Suspected Serious Injury,Daylight,Clear,Pedestrian,None,THP District 1 - Knoxville,THP,Unbelted,-,-,-,-,-,-,Pedestrian,-,-,-,-,-,Knox,Not in City Limit,3
42471,400090086,0,2,35.004,-85.14956,2,2024-05-14 00:00:00,2024,5,14,24,0,Tuesday,24:00,Suspected Serious Injury,Daylight,Cloudy,Motor Vehicle-In-Transport On Same Roadway,None,CHATTANOOGA POLICE DEPT,Other,Unbelted,-,-,-,-,-,-,-,-,-,-,-,-,Hamilton,Chattanooga,3
42475,400090115,0,1,35.2045,-89.76034,4,2024-05-14 21:49:00,2024,5,14,21,49,Tuesday,21:49,Suspected Serious Injury,Dark-Lighted,Clear,Pedestrian,None,THP District 4 - Memphis,THP,Unbelted,-,-,-,-,-,-,Pedestrian,-,-,-,-,-,Shelby,Not in City Limit,3
42478,400090128,1,0,36.19348,-85.50481,6,2024-05-15 00:52:00,2024,5,15,0,52,Wednesday,00:52,Fatal,Dark-Not Lighted,Cloudy,Standing Tree,None,COOKEVILLE POLICE DEPT,Other,Unbelted,-,Drinking,-,-,Speeding,-,-,-,-,-,-,-,Putnam,Cookeville,4
42481,400090132,0,1,35.718,-88.83479,8,2024-05-14 23:22:00,2024,5,14,23,22,Tuesday,23:22,Suspected Serious Injury,Dark-Not Lighted,Cloudy,Pedestrian,None,JACKSON POLICE DEPT,Other,Unbelted,-,-,-,-,-,-,Pedestrian,-,-,-,-,-,Madison,Not in City Limit,3
42484,400090144,0,1,35.81286,-88.28984,8,2024-05-15 02:40:00,2024,5,15,2,40,Wednesday,02:40,Suspected Serious Injury,Dark-Not Lighted,Clear,Ditch,None,THP District 8 - Jackson,THP,Unbelted,-,-,-,-,-,-,-,-,-,-,-,-,Henderson,Not in City Limit,4
42492,400090195,0,2,35.52435,-84.65146,2,2024-05-15 06:50:00,2024,5,15,6,50,Wednesday,06:50,Suspected Serious Injury,Daylight,Cloudy,Motor Vehicle-In-Transport On Same Roadway,None,THP District 2 - Chattanooga,THP,Unbelted,-,-,-,-,-,-,-,-,-,ATV_Involved,-,-,McMinn,Not in City Limit,4
42500,400090239,0,2,36.0226,-83.47896,5,2024-05-15 10:35:00,2024,5,15,10,35,Wednesday,10:35,Suspected Serious Injury,Daylight,Cloudy,Embankment Earth,None,THP District 5 - Fall Branch,THP,Unbelted,-,-,-,-,-,-,-,-,-,-,-,-,Jefferson,Not in City Limit,4
42507,400090299,0,3,36.18855,-86.77325,3,2024-05-15 12:30:00,2024,5,15,12,30,Wednesday,12:30,Suspected Serious Injury,Daylight,Cloudy,Motor Vehicle-In-Transport On Same Roadway,Construction Zone,METROPOLITAN NASHVILLE POLICE DEPT,Other,Unbelted,-,-,-,-,-,-,-,-,-,-,-,-,Davidson,Nashville,4
42511,400090310,1,2,36.28425,-85.37546,6,2024-05-14 15:37:00,2024,5,14,15,37,Tuesday,15:37,Fatal,Daylight,Clear,Motor Vehicle-In-Transport On Same Roadway,None,THP District 6 - Cookeville,THP,Unbelted,-,-,Drug,-,-,-,-,-,-,-,-,-,Overton,Not in City Limit,3
42519,400090345,1,0,35.24521,-88.09897,8,2024-05-15 13:45:00,2024,5,15,13,45,Wednesday,13:45,Fatal,Daylight,Clear,"Over Turn, Roll Over",None,THP District 8 - Jackson,THP,-,-,Drinking,Drug,-,-,-,-,-,-,-,Motorcyclist,-,Hardin,Not in City Limit,4
42527,400090373,0,1,36.1331,-86.82938,3,2024-05-15 14:57:00,2024,5,15,14,57,Wednesday,14:57,Suspected Serious Injury,Daylight,Cloudy,Motor Vehicle-In-Transport On Same Roadway,None,METROPOLITAN NASHVILLE POLICE DEPT,Other,Unbelted,-,-,-,-,-,-,-,-,-,ATV_Involved,-,-,Davidson,Nashville,4
42560,400090555,0,1,35.85772,-86.43009,3,2024-05-15 20:35:00,2024,5,15,20,35,Wednesday,20:35,Suspected Serious Injury,Dark-Lighted,Clear,Motor Vehicle-In-Transport On Same Roadway,None,MURFREESBORO POLICE DEPT,Other,Unbelted,-,-,-,-,-,-,-,-,-,-,-,-,Rutherford,Murfreesboro,4
42561,400090559,0,3,35.84245,-89.50725,4,2024-05-15 18:10:00,2024,5,15,18,10,Wednesday,18:10,Suspected Serious Injury,Daylight,Clear,Motor Vehicle-In-Transport On Same Roadway,None,THP District 4 - Memphis,THP,Unbelted,-,Drinking,-,-,-,-,-,-,ATV_Involved,-,-,-,Lauderdale,Not in City Limit,4
42562,400090562,0,3,35.79486,-83.54438,1,2024-05-15 15:47:00,2024,5,15,15,47,Wednesday,15:47,Suspected Serious Injury,Daylight,Rain,Motor Vehicle-In-Transport On Same Roadway,None,PIGEON FORGE POLICE DEPT,Other,Unbelted,-,-,-,-,Speeding,-,-,-,-,-,-,-,Sevier,Pigeon Forge,4
42572,400090590,0,1,36.19248,-86.81566,3,2024-05-15 15:39:00,2024,5,15,15,39,Wednesday,15:39,Suspected Serious Injury,Daylight,Clear,Motor Vehicle-In-Transport On Same Roadway,None,METROPOLITAN NASHVILLE POLICE DEPT,Other,Unbelted,-,-,-,-,-,-,-,-,-,-,Motorcyclist,-,Davidson,Nashville,4
42577,400090610,0,1,36.01159,-83.86925,1,2024-05-15 22:15:00,2024,5,15,22,15,Wednesday,22:15,Suspected Serious Injury,Dark-Lighted,Clear,Motor Vehicle-In-Transport On Same Roadway,None,KNOXVILLE POLICE DEPT,Other,Unbelted,-,-,-,-,-,-,-,-,-,ATV_Involved,-,-,Knox,Knoxville,4
42586,400090637,0,2,36.51824,-86.01964,6,2024-05-15 17:12:00,2024,5,15,17,12,Wednesday,17:12,Suspected Serious Injury,Daylight,Clear,Motor Vehicle-In-Transport On Same Roadway,None,LAFAYETTE POLICE DEPT,Other,Unbelted,-,-,-,-,-,-,-,-,-,-,-,-,Macon,Lafayette,4
42590,400090656,1,4,36.34376,-88.63152,8,2024-05-14 20:50:00,2024,5,14,20,50,Tuesday,20:50,Fatal,Dark-Not Lighted,Rain,Ditch,None,THP District 8 - Jackson,THP,Unbelted,-,-,Drug,-,-,-,-,-,-,-,-,-,Weakley,Not in City Limit,3
42596,400090725,1,1,36.28987,-86.72334,3,2024-05-16 02:38:00,2024,5,16,2,38,Thursday,02:38,Fatal,Dark-Lighted,Clear,Motor Vehicle-In-Transport On Same Roadway,None,METROPOLITAN NASHVILLE POLICE DEPT,Other,Unbelted,-,Drinking,Drug,-,-,-,-,-,-,ATV_Involved,-,-,Davidson,Nashville,5
42607,400090767,0,3,35.20207,-87.3396,7,2024-05-16 09:40:00,2024,5,16,9,40,Thursday,09:40,Suspected Serious Injury,Daylight,Clear,Motor Vehicle-In-Transport On Same Roadway,None,LAWRENCEBURG POLICE DEPT,Other,Unbelted,-,-,-,-,-,-,-,-,-,-,-,-,Lawrence,Lawrenceburg,5
42609,400090772,0,2,35.86839,-83.56298,1,2024-05-16 09:51:00,2024,5,16,9,51,Thursday,09:51,Suspected Serious Injury,Daylight,Clear,Motor Vehicle-In-Transport On Same Roadway,None,SEVIERVILLE POLICE DEPT,Other,Unbelted,-,-,-,-,-,-,-,-,-,-,-,-,Sevier,Sevierville,5
42620,400090826,0,2,35.75443,-83.61021,1,2024-05-16 10:45:00,2024,5,16,10,45,Thursday,10:45,Suspected Serious Injury,Daylight,Cloudy,"Over Turn, Roll Over",None,THP District 1 - Knoxville,THP,-,-,-,-,-,Speeding,-,-,-,-,-,Motorcyclist,-,Sevier,Not in City Limit,5
42622,400090832,0,2,35.03178,-85.18337,2,2024-05-16 10:57:00,2024,5,16,10,57,Thursday,10:57,Suspected Serious Injury,Daylight,Clear,Motor Vehicle-In-Transport On Same Roadway,None,CHATTANOOGA POLICE DEPT,Other,Unbelted,-,-,-,-,-,-,-,-,-,-,-,-,Hamilton,Chattanooga,5
42633,400090878,0,2,35.65342,-88.83401,8,2024-05-16 12:42:00,2024,5,16,12,42,Thursday,12:42,Suspected Serious Injury,Daylight,Clear,Motor Vehicle-In-Transport On Same Roadway,None,JACKSON POLICE DEPT,Other,Unbelted,-,-,-,-,-,-,-,-,-,-,-,-,Madison,Jackson,5
42640,400090900,1,0,35.76646,-84.01444,1,2024-05-16 13:54:00,2024,5,16,13,54,Thursday,13:54,Fatal,Daylight,Clear,Embankment Rock/Stone/Concrete,None,MARYVILLE POLICE DEPT,Other,-,-,-,-,-,Speeding,-,-,-,-,-,Motorcyclist,-,Blount,Maryville,5
42644,400090911,0,3,36.35523,-84.14787,1,2024-05-16 15:05:00,2024,5,16,15,5,Thursday,15:05,Suspected Serious Injury,Daylight,Clear,Motor Vehicle-In-Transport On Same Roadway,None,LAFOLLETTE POLICE DEPT,Other,Unbelted,-,-,-,-,-,-,-,-,-,-,-,-,Campbell,LaFollette,5
42654,400091014,0,1,35.66802,-87.00562,7,2024-05-15 12:48:00,2024,5,15,12,48,Wednesday,12:48,Suspected Serious Injury,Daylight,Clear,Motor Vehicle-In-Transport On Same Roadway,None,COLUMBIA POLICE DEPT,Other,Unbelted,-,-,-,-,-,-,-,-,-,ATV_Involved,Motorcyclist,-,Maury,Columbia,4
42666,400091069,1,2,35.44998,-86.74099,7,2024-05-16 15:35:00,2024,5,16,15,35,Thursday,15:35,Fatal,Daylight,Clear,Motor Vehicle-In-Transport On Same Roadway,None,THP District 7 - Lawrenceburg,THP,Unbelted,-,-,-,-,-,-,-,-,-,-,-,-,Marshall,Not in City Limit,5
42672,400091105,0,1,35.50778,-83.95368,1,2024-05-16 19:32:00,2024,5,16,19,32,Thursday,19:32,Suspected Serious Injury,Daylight,Clear,Ditch,Construction Zone,THP District 1 - Knoxville,THP,-,-,-,-,-,-,-,-,-,-,-,Motorcyclist,-,Blount,Not in City Limit,5
42677,400091136,1,0,36.17948,-83.23417,5,2024-05-16 00:00:00,2024,5,16,24,0,Thursday,24:00,Fatal,Dark-Not Lighted,Clear,Guard Rail Face,None,MORRISTOWN POLICE DEPT,Other,-,-,-,-,-,-,-,-,-,-,-,Motorcyclist,-,Hamblen,Morristown,5
42681,400091147,0,2,36.24134,-86.76358,3,2024-05-16 23:22:00,2024,5,16,23,22,Thursday,23:22,Suspected Serious Injury,Dark-Not Lighted,Clear,Motor Vehicle-In-Transport On Same Roadway,None,METROPOLITAN NASHVILLE POLICE DEPT,Other,Unbelted,-,-,Drug,-,-,-,-,-,-,-,-,-,Davidson,Nashville,5
42682,400091150,0,1,36.21956,-86.68968,3,2024-05-16 22:28:00,2024,5,16,22,28,Thursday,22:28,Suspected Serious Injury,Dark-Not Lighted,Clear,Motor Vehicle-In-Transport On Same Roadway,None,METROPOLITAN NASHVILLE POLICE DEPT,Other,Unbelted,-,Drinking,-,-,-,-,-,-,-,-,-,-,Davidson,Nashville,5
42683,400091152,0,3,35.94825,-85.11732,6,2024-05-16 23:15:00,2024,5,16,23,15,Thursday,23:15,Suspected Serious Injury,Dark-Not Lighted,Clear,Standing Tree,None,THP District 6 - Cookeville,THP,Unbelted,-,-,-,-,Speeding,-,-,-,-,-,-,-,Cumberland,Not in City Limit,5
42686,400091167,1,0,36.14447,-86.69279,3,2024-05-16 23:35:00,2024,5,16,23,35,Thursday,23:35,Fatal,Dark-Lighted,Clear,Motor Vehicle-In-Transport On Same Roadway,None,METROPOLITAN NASHVILLE POLICE DEPT,Other,Unbelted,-,Drinking,-,-,Speeding,-,-,-,-,-,Motorcyclist,-,Davidson,Nashville,5
42691,400091199,0,1,36.21275,-84.13809,1,2024-05-17 06:18:00,2024,5,17,6,18,Friday,06:18,Suspected Serious Injury,Daylight,Cloudy,Motor Vehicle-In-Transport On Same Roadway,Construction Zone,THP District 1 - Knoxville,THP,Unbelted,-,-,-,Drowsy,-,-,-,-,-,ATV_Involved,-,-,Anderson,Not in City Limit,6
42722,400091386,0,2,36.15772,-83.91484,1,2024-05-11 09:34:00,2024,5,11,9,34,Saturday,09:34,Suspected Serious Injury,Daylight,Clear,Motor Vehicle-In-Transport On Same Roadway,None,THP District 1 - Knoxville,THP,Unbelted,Distracted,-,-,-,-,-,-,-,-,-,-,-,Knox,Not in City Limit,7
42724,400091396,0,1,36.28127,-85.41975,6,2024-05-16 19:04:00,2024,5,16,19,4,Thursday,19:04,Suspected Serious Injury,Daylight,Clear,Fence,None,THP District 6 - Cookeville,THP,-,-,Drinking,-,-,-,-,-,-,-,-,Motorcyclist,-,Overton,Not in City Limit,5
42736,400091452,0,1,36.05405,-86.57583,3,2024-05-17 13:00:00,2024,5,17,13,0,Friday,13:00,Suspected Serious Injury,Daylight,Clear,Standing Tree,None,METROPOLITAN NASHVILLE POLICE DEPT,Other,Unbelted,-,-,-,-,-,-,-,-,-,-,-,-,Davidson,Nashville,6
42749,400091516,0,1,35.77608,-86.38867,3,2024-05-17 17:15:00,2024,5,17,17,15,Friday,17:15,Suspected Serious Injury,Daylight,Rain,Motor Vehicle-In-Transport On Same Roadway,None,MURFREESBORO POLICE DEPT,Other,Unbelted,Distracted,-,-,-,-,-,-,-,-,ATV_Involved,-,-,Rutherford,Murfreesboro,6
42765,400091592,0,2,35.05918,-85.1279,2,2024-05-17 17:24:00,2024,5,17,17,24,Friday,17:24,Suspected Serious Injury,Daylight,Cloudy,Motor Vehicle-In-Transport On Same Roadway,None,CHATTANOOGA POLICE DEPT,Other,Unbelted,-,-,-,-,-,-,-,-,-,-,-,-,Hamilton,Chattanooga,6
42767,400091597,0,6,35.99605,-83.22327,5,2024-05-16 21:00:00,2024,5,16,21,0,Thursday,21:00,Suspected Serious Injury,Dark-Not Lighted,Clear,Motor Vehicle-In-Transport On Same Roadway,None,THP District 5 - Fall Branch,THP,Unbelted,-,-,Drug,-,-,-,-,-,-,-,-,-,Cocke,Not in City Limit,5
42797,400091704,0,3,36.14882,-86.66626,3,2024-05-18 05:37:00,2024,5,18,5,37,Saturday,05:37,Suspected Serious Injury,Dawn,Clear,Motor Vehicle-In-Transport On Same Roadway,None,METROPOLITAN NASHVILLE POLICE DEPT,Other,Unbelted,-,-,-,-,-,-,-,-,-,-,-,-,Davidson,Nashville,7
42810,400091765,0,1,35.65855,-86.89667,7,2024-05-18 09:19:00,2024,5,18,9,19,Saturday,09:19,Suspected Serious Injury,Daylight,Cloudy,Ditch,None,MAURY CO SHERIFFS DEPT,Other,-,-,-,-,-,-,-,-,-,-,-,Motorcyclist,-,Maury,Not in City Limit,7
42822,400091841,0,2,35.98341,-87.31714,3,2024-05-18 11:55:00,2024,5,18,11,55,Saturday,11:55,Suspected Serious Injury,Daylight,Cloudy,Motor Vehicle-In-Transport On Same Roadway,None,THP District 3 - Nashville,THP,Unbelted,-,-,-,-,-,-,-,-,-,-,-,-,Dickson,Not in City Limit,7
42833,400091908,0,1,36.0168,-86.62299,3,2024-05-18 14:22:00,2024,5,18,14,22,Saturday,14:22,Suspected Serious Injury,Daylight,Clear,Fell/Jumped From Vehicle,None,METROPOLITAN NASHVILLE POLICE DEPT,Other,-,-,Drinking,-,-,-,-,-,-,-,-,Motorcyclist,-,Davidson,Nashville,7
42835,400091921,1,0,35.9672,-83.23841,5,2024-05-18 14:40:00,2024,5,18,14,40,Saturday,14:40,Fatal,Daylight,Clear,Embankment Earth,None,THP District 5 - Fall Branch,THP,Unbelted,-,-,-,-,-,-,-,-,-,-,-,-,Cocke,Not in City Limit,7
42854,400091998,0,1,36.01608,-84.04713,1,2024-05-17 17:13:00,2024,5,17,17,13,Friday,17:13,Suspected Serious Injury,Daylight,Rain,Motor Vehicle-In-Transport On Same Roadway,None,THP District 1 - Knoxville,THP,Unbelted,-,-,-,-,-,-,-,-,-,-,-,-,Knox,Not in City Limit,6
42863,400092021,0,1,35.49621,-84.97593,2,2024-05-17 20:00:00,2024,5,17,20,0,Friday,20:00,Suspected Serious Injury,Dark-Not Lighted,Rain,Embankment Earth,None,THP District 2 - Chattanooga,THP,Unbelted,-,Drinking,-,-,Speeding,-,-,-,-,-,-,-,Rhea,Not in City Limit,6
42868,400092044,0,1,35.66036,-88.85361,8,2024-05-18 20:48:00,2024,5,18,20,48,Saturday,20:48,Suspected Serious Injury,Dark-Lighted,Clear,Motor Vehicle-In-Transport On Same Roadway,None,JACKSON POLICE DEPT,Other,Unbelted,-,-,-,-,-,-,-,-,-,-,-,-,Madison,Jackson,7
42869,400092051,0,1,36.11688,-86.77443,3,2024-05-18 22:29:00,2024,5,18,22,29,Saturday,22:29,Suspected Serious Injury,Dark-Lighted,Clear,Concrete Traffic Barrier,None,METROPOLITAN NASHVILLE POLICE DEPT,Other,Unbelted,-,-,-,-,-,-,-,-,-,-,-,-,Davidson,Nashville,7
42872,400092060,0,2,36.08196,-86.62931,3,2024-05-18 22:40:00,2024,5,18,22,40,Saturday,22:40,Suspected Serious Injury,Dark-Not Lighted,Clear,Motor Vehicle-In-Transport On Same Roadway,None,METROPOLITAN NASHVILLE POLICE DEPT,Other,Unbelted,Distracted,-,-,-,-,-,-,-,-,-,-,-,Davidson,Nashville,7
42873,400092072,0,1,35.99827,-89.292,8,2024-05-14 00:00:00,2024,5,14,24,0,Tuesday,24:00,Suspected Serious Injury,Dark-Not Lighted,Unknown,Ditch,None,THP District 8 - Jackson,THP,Unbelted,-,-,-,-,-,-,-,-,-,-,-,-,Dyer,Not in City Limit,3
42876,400092087,0,1,35.67163,-86.46575,3,2024-05-18 04:03:00,2024,5,18,4,3,Saturday,04:03,Suspected Serious Injury,Dark-Not Lighted,Rain,Standing Tree,None,THP District 3 - Nashville,THP,Unbelted,-,-,-,-,Speeding,-,-,-,-,-,-,-,Rutherford,Not in City Limit,7
42892,400092159,0,1,35.53755,-87.55803,7,2024-05-16 11:29:00,2024,5,16,11,29,Thursday,11:29,Suspected Serious Injury,Daylight,Clear,Ditch,None,HOHENWALD POLICE DEPT,Other,-,-,-,-,-,-,-,-,-,-,-,Motorcyclist,-,Lewis,Hohenwald,5
42898,400092185,0,1,35.16305,-88.40915,8,2024-05-18 10:31:00,2024,5,18,10,31,Saturday,10:31,Suspected Serious Injury,Daylight,Rain,Motor Vehicle-In-Transport On Same Roadway,None,THP District 8 - Jackson,THP,Unbelted,-,-,-,-,-,-,-,-,-,-,-,-,McNairy,Not in City Limit,7
42905,400092219,0,1,35.8095,-84.30464,1,2024-05-12 15:07:00,2024,5,12,15,7,Sunday,15:07,Suspected Serious Injury,Daylight,Clear,Motor Vehicle-In-Transport On Same Roadway,None,THP District 1 - Knoxville,THP,Unbelted,-,-,-,-,-,-,-,-,-,-,Motorcyclist,-,Loudon,Not in City Limit,1
42909,400092233,0,1,35.35578,-86.20661,2,2024-05-19 12:11:00,2024,5,19,12,11,Sunday,12:11,Suspected Serious Injury,Daylight,Clear,Motor Vehicle-In-Transport On Same Roadway,None,TULLAHOMA POLICE DEPT,Other,Unbelted,-,-,-,-,-,-,-,-,-,-,Motorcyclist,-,Coffee,Tullahoma,1
42913,400092248,1,0,35.25617,-87.32412,7,2024-05-19 12:05:00,2024,5,19,12,5,Sunday,12:05,Fatal,Daylight,Clear,Building,None,LAWRENCEBURG POLICE DEPT,Other,Unbelted,-,-,-,-,-,-,-,-,-,-,-,-,Lawrence,Lawrenceburg,1
42914,400092254,1,1,35.7602,-87.19774,7,2024-05-19 11:48:00,2024,5,19,11,48,Sunday,11:48,Fatal,Daylight,Clear,Motor Vehicle-In-Transport On Same Roadway,None,THP District 7 - Lawrenceburg,THP,Unbelted,-,-,Drug,-,-,-,-,-,-,-,-,-,Maury,Not in City Limit,1
42919,400092264,0,1,36.3236,-86.87265,3,2024-05-18 19:30:00,2024,5,18,19,30,Saturday,19:30,Suspected Serious Injury,Dusk,Clear,Motor Vehicle-In-Transport On Same Roadway,None,METROPOLITAN NASHVILLE POLICE DEPT,Other,Unbelted,-,-,-,-,-,-,-,-,-,-,Motorcyclist,-,Davidson,Nashville,7
42923,400092277,1,0,35.6577,-89.59477,4,2024-05-18 09:45:00,2024,5,18,9,45,Saturday,09:45,Fatal,Daylight,Rain,Ditch,None,THP District 4 - Memphis,THP,Unbelted,-,-,-,-,-,-,-,-,-,-,-,-,Lauderdale,Not in City Limit,7
42927,400092283,0,1,35.88902,-86.72541,3,2024-05-19 12:00:00,2024,5,19,12,0,Sunday,12:00,Suspected Serious Injury,Daylight,Clear,Ditch,None,WILLIAMSON CO SHERIFFS OFFICE,Other,-,-,-,-,-,-,-,-,-,-,-,Motorcyclist,-,Williamson,Not in City Limit,1
42929,400092297,0,1,35.65535,-86.22146,2,2024-05-09 15:20:00,2024,5,9,15,20,Thursday,15:20,Suspected Serious Injury,Daylight,Clear,"Over Turn, Roll Over",None,THP District 2 - Chattanooga,THP,Unbelted,-,-,-,-,-,-,-,-,-,ATV_Involved,-,-,Coffee,Not in City Limit,5
42943,400092364,0,1,35.729,-86.64417,3,2024-05-19 00:00:00,2024,5,19,24,0,Sunday,24:00,Suspected Serious Injury,Daylight,Clear,Motor Vehicle-In-Transport On Same Roadway,None,THP District 3 - Nashville,THP,Unbelted,-,-,-,-,-,-,-,-,-,-,Motorcyclist,-,Rutherford,Eagleville,1
42944,400092367,0,1,35.2605,-85.87619,2,2024-05-19 15:25:00,2024,5,19,15,25,Sunday,15:25,Suspected Serious Injury,Daylight,Clear,Motor Vehicle-In-Transport On Same Roadway,None,THP District 2 - Chattanooga,THP,Unbelted,-,-,-,-,-,-,-,-,-,-,-,-,Grundy,Not in City Limit,1