OBJECTID,MRN,Fatality,Injury,Latitude,Longitude,THP_District,Collision_Date,Collision_Year,Collision_Month,Collision_Day,Collision_Hour,Collision_Min,Collision_DOW,Collision_Time,Crash_Type,Light_Condition,Weather,First_Harmfu_Event,Work_Zone_Type,Agency_Name,THP,Unbelted,Distracted_Driver,Driver_Drinking,Driver_Drugged,Drowsy_Driver,Speeding_Involved,Pedalcyclist,Pedestrian,Other_Nonmotorist,ATV_Involved,LargeTruck_Involved,Motorcycle_Involved,SchoolBus,County,City,DOW_Nmb
42958,400092416,0,2,36.49802,-85.96958,6,2024-05-19 15:45:00,2024,5,19,15,45,Sunday,15:45,Suspected Serious Injury,Daylight,Clear,Motor Vehicle-In-Transport On Same Roadway,None,THP District 6 - Cookeville,THP,Unbelted,-,-,-,-,-,-,-,-,-,-,-,-,Macon,Not in City Limit,1
42964,400092438,0,3,35.79758,-83.56025,1,2024-05-19 20:37:00,2024,5,19,20,37,Sunday,20:37,Suspected Serious Injury,Dark-Lighted,Clear,Motor Vehicle-In-Transport On Same Roadway,None,PIGEON FORGE POLICE DEPT,Other,Unbelted,-,-,-,-,Speeding,-,-,-,-,-,-,-,Sevier,Pigeon Forge,1
42965,400092442,0,1,35.79478,-83.56237,1,2024-05-19 21:37:00,2024,5,19,21,37,Sunday,21:37,Suspected Serious Injury,Dark-Lighted,Clear,Motor Vehicle-In-Transport On Same Roadway,None,PIGEON FORGE POLICE DEPT,Other,Unbelted,Distracted,-,-,-,-,-,-,-,-,-,Motorcyclist,-,Sevier,Pigeon Forge,1
42968,400092453,0,1,35.83942,-84.66794,1,2024-05-19 21:00:00,2024,5,19,21,0,Sunday,21:00,Suspected Serious Injury,Dark-Not Lighted,Clear,Utility Pole,None,THP District 1 - Knoxville,THP,Unbelted,-,-,-,-,-,-,-,-,-,-,-,-,Roane,Not in City Limit,1
42970,400092463,0,1,36.30906,-86.66224,3,2024-05-19 21:00:00,2024,5,19,21,0,Sunday,21:00,Suspected Serious Injury,Dark-Lighted,Clear,Curb,None,HENDERSONVILLE POLICE DEPT,Other,Unbelted,Distracted,-,-,-,Speeding,-,-,-,-,-,-,-,Sumner,Hendersonville,1
42975,400092480,0,5,35.83425,-86.88112,3,2024-05-19 17:50:00,2024,5,19,17,50,Sunday,17:50,Suspected Serious Injury,Daylight,Clear,Motor Vehicle-In-Transport On Same Roadway,None,THP District 3 - Nashville,THP,Unbelted,-,-,-,-,-,-,-,-,-,-,-,-,Williamson,Not in City Limit,1
42981,400092491,0,1,35.87884,-85.05834,6,2024-05-19 19:30:00,2024,5,19,19,30,Sunday,19:30,Suspected Serious Injury,Daylight,Clear,Motor Vehicle-In-Transport On Same Roadway,None,THP District 6 - Cookeville,THP,Unbelted,-,-,-,-,-,-,-,-,-,-,-,-,Cumberland,Not in City Limit,1
42989,400092523,0,1,36.14524,-85.50113,6,2024-05-19 19:14:00,2024,5,19,19,14,Sunday,19:14,Suspected Serious Injury,Dusk,Clear,Luminaire Light Support,None,COOKEVILLE POLICE DEPT,Other,-,-,-,-,-,-,-,-,-,-,-,Motorcyclist,-,Putnam,Cookeville,1
42997,400092574,0,2,36.0616,-84.12477,1,2024-05-17 13:07:00,2024,5,17,13,7,Friday,13:07,Suspected Serious Injury,Daylight,Clear,Motor Vehicle-In-Transport On Same Roadway,None,THP District 1 - Knoxville,THP,Unbelted,-,-,-,-,-,-,-,-,-,-,-,-,Anderson,Not in City Limit,6
42998,400092576,0,1,35.49959,-83.93399,1,2024-05-17 11:00:00,2024,5,17,11,0,Friday,11:00,Suspected Serious Injury,Daylight,Cloudy,"Over Turn, Roll Over",None,BLOUNT CO SHERIFFS DEPT,Other,-,-,-,-,-,-,-,-,-,-,-,Motorcyclist,-,Blount,Not in City Limit,6
43001,400092591,0,1,36.06105,-87.1426,3,2024-05-19 12:57:00,2024,5,19,12,57,Sunday,12:57,Suspected Serious Injury,Daylight,Clear,Motor Vehicle-In-Motion Outside Trafficway,None,THP District 3 - Nashville,THP,Unbelted,-,-,-,-,-,-,-,-,-,-,-,-,Cheatham,Not in City Limit,1
43002,400092592,0,1,36.0901,-83.92514,1,2024-05-20 08:13:00,2024,5,20,8,13,Monday,08:13,Suspected Serious Injury,Daylight,Clear,Pedestrian,None,KNOX CO SHERIFFS OFFICE,Other,Unbelted,-,-,-,-,-,-,Pedestrian,-,-,-,-,-,Knox,Not in City Limit,2
43024,400092725,0,1,35.59046,-87.0406,7,2024-05-20 12:24:00,2024,5,20,12,24,Monday,12:24,Suspected Serious Injury,Daylight,Clear,Motor Vehicle-In-Transport On Different Roadway,None,COLUMBIA POLICE DEPT,Other,Unbelted,-,-,-,-,-,-,-,-,-,-,Motorcyclist,-,Maury,Columbia,2
43026,400092729,0,4,35.92529,-83.88753,1,2024-05-20 09:45:00,2024,5,20,9,45,Monday,09:45,Suspected Serious Injury,Daylight,Clear,Motor Vehicle-In-Transport On Same Roadway,None,KNOXVILLE POLICE DEPT,Other,Unbelted,-,-,-,-,-,-,-,-,-,ATV_Involved,-,-,Knox,Knoxville,2
43037,400092768,0,2,36.0547,-85.49107,6,2024-05-20 12:48:00,2024,5,20,12,48,Monday,12:48,Suspected Serious Injury,Daylight,Clear,Motor Vehicle-In-Transport On Same Roadway,None,THP District 6 - Cookeville,THP,Unbelted,-,-,-,-,-,-,-,-,-,-,-,-,White,Not in City Limit,2
43040,400092778,0,2,36.57482,-82.36736,5,2024-05-20 13:44:00,2024,5,20,13,44,Monday,13:44,Suspected Serious Injury,Daylight,Clear,Standing Tree,None,THP District 5 - Fall Branch,THP,Unbelted,-,-,-,-,-,-,-,-,-,-,-,-,Sullivan,Not in City Limit,2
43045,400092798,1,0,35.87417,-83.82696,1,2024-05-20 14:38:00,2024,5,20,14,38,Monday,14:38,Fatal,Daylight,Clear,Motor Vehicle-In-Transport On Same Roadway,None,KNOX CO SHERIFFS OFFICE,Other,Unbelted,-,-,-,-,Speeding,-,-,-,-,-,Motorcyclist,-,Knox,Not in City Limit,2
43050,400092842,0,2,35.92443,-83.88579,1,2024-05-20 17:04:00,2024,5,20,17,4,Monday,17:04,Suspected Serious Injury,Daylight,Clear,Motor Vehicle-In-Transport On Same Roadway,None,KNOXVILLE POLICE DEPT,Other,Unbelted,-,-,-,-,-,-,-,-,-,-,-,-,Knox,Knoxville,2
43064,400092922,0,1,35.5023,-89.267,4,2024-05-15 19:55:00,2024,5,15,19,55,Wednesday,19:55,Suspected Serious Injury,Dusk,Clear,Other Non-Collision,None,THP District 4 - Memphis,THP,-,-,-,-,-,-,-,-,-,-,-,Motorcyclist,-,Haywood,Not in City Limit,4
43070,400092958,0,1,35.26709,-86.64499,7,2024-05-20 18:24:00,2024,5,20,18,24,Monday,18:24,Suspected Serious Injury,Daylight,Clear,Ditch,None,THP District 7 - Lawrenceburg,THP,-,Distracted,-,-,-,-,-,-,-,-,-,Motorcyclist,-,Lincoln,Not in City Limit,2
43073,400092967,0,1,35.99319,-88.11022,8,2024-05-20 20:10:00,2024,5,20,20,10,Monday,20:10,Suspected Serious Injury,Dark-Not Lighted,Clear,Deer,None,THP District 8 - Jackson,THP,-,-,-,-,-,-,-,-,-,-,-,Motorcyclist,-,Benton,Not in City Limit,2
43074,400092973,1,0,35.96556,-83.93273,1,2024-05-20 01:55:00,2024,5,20,1,55,Monday,01:55,Fatal,Dark-Lighted,Clear,Bridge/Overhead Structure,None,KNOXVILLE POLICE DEPT,Other,Unbelted,-,-,-,-,-,-,-,-,-,-,-,-,Knox,Knoxville,2
43075,400092977,0,2,36.31886,-86.7132,3,2024-05-20 19:18:00,2024,5,20,19,18,Monday,19:18,Suspected Serious Injury,Daylight,Clear,Motor Vehicle-In-Transport On Same Roadway,None,GOODLETTSVILLE POLICE DEPT,Other,Unbelted,Distracted,-,-,-,Speeding,-,-,-,-,-,-,-,Davidson,Goodlettsville,2
43076,400092980,0,1,35.01496,-85.16329,2,2024-05-20 18:02:00,2024,5,20,18,2,Monday,18:02,Suspected Serious Injury,Daylight,Cloudy,Pedestrian,None,CHATTANOOGA POLICE DEPT,Other,Unbelted,-,-,-,-,-,-,Pedestrian,-,-,-,-,-,Hamilton,Chattanooga,2
43077,400092991,0,1,35.87295,-86.47757,3,2024-05-20 18:44:00,2024,5,20,18,44,Monday,18:44,Suspected Serious Injury,Daylight,Clear,Motor Vehicle-In-Transport On Same Roadway,None,MURFREESBORO POLICE DEPT,Other,Unbelted,-,-,-,-,-,-,-,-,-,-,-,-,Rutherford,Murfreesboro,2
43092,400093122,0,1,36.47258,-82.49462,5,2024-05-21 09:45:00,2024,5,21,9,45,Tuesday,09:45,Suspected Serious Injury,Daylight,Clear,"Over Turn, Roll Over",None,THP District 5 - Fall Branch,THP,-,-,-,Drug,-,-,-,-,-,-,-,Motorcyclist,-,Sullivan,Kingsport,3
43104,400093216,0,1,36.24255,-86.73667,3,2024-05-21 12:00:00,2024,5,21,12,0,Tuesday,12:00,Suspected Serious Injury,Daylight,Clear,Motor Vehicle-In-Transport On Different Roadway,None,METROPOLITAN NASHVILLE POLICE DEPT,Other,Unbelted,-,-,-,-,-,-,-,-,-,-,-,-,Davidson,Nashville,3
43114,400093262,0,1,35.48795,-86.82012,7,2024-05-21 13:20:00,2024,5,21,13,20,Tuesday,13:20,Suspected Serious Injury,Daylight,Clear,Fell/Jumped From Vehicle,None,THP District 7 - Lawrenceburg,THP,-,-,-,-,-,-,-,-,-,-,-,Motorcyclist,-,Marshall,Not in City Limit,3
43125,400093320,0,1,35.74855,-83.99914,1,2024-05-21 15:10:00,2024,5,21,15,10,Tuesday,15:10,Suspected Serious Injury,Daylight,Clear,Motor Vehicle-In-Transport On Same Roadway,None,MARYVILLE POLICE DEPT,Other,-,-,-,-,-,-,-,-,-,-,-,Motorcyclist,-,Blount,Maryville,3
43128,400093327,0,3,36.449,-82.956,5,2024-05-21 16:00:00,2024,5,21,16,0,Tuesday,16:00,Suspected Serious Injury,Daylight,Clear,Motor Vehicle-In-Transport On Same Roadway,None,THP District 5 - Fall Branch,THP,Unbelted,-,-,-,-,-,-,-,-,-,-,-,-,Hawkins,Not in City Limit,3
43151,400093456,0,1,35.01806,-85.27998,2,2024-05-28 20:10:00,2024,5,28,20,10,Tuesday,20:10,Suspected Serious Injury,Daylight,Clear,Motor Vehicle-In-Transport On Same Roadway,None,CHATTANOOGA POLICE DEPT,Other,Unbelted,-,-,-,-,Speeding,-,-,-,-,-,-,-,Hamilton,Chattanooga,3
43154,400093465,0,1,35.46652,-84.37258,1,2024-05-20 14:37:00,2024,5,20,14,37,Monday,14:37,Suspected Serious Injury,Daylight,Clear,Motor Vehicle-In-Transport On Same Roadway,None,THP District 1 - Knoxville,THP,Unbelted,Distracted,-,-,-,-,-,-,-,-,-,Motorcyclist,-,Monroe,Not in City Limit,2
43157,400093481,0,1,36.34282,-82.79577,5,2024-05-21 20:35:00,2024,5,21,20,35,Tuesday,20:35,Suspected Serious Injury,Dark-Not Lighted,Clear,Guard Rail Face,None,THP District 5 - Fall Branch,THP,-,-,-,-,-,-,-,-,-,-,-,Motorcyclist,-,Greene,Not in City Limit,3
43159,400093497,0,1,35.99439,-84.01198,1,2024-05-21 21:00:00,2024,5,21,21,0,Tuesday,21:00,Suspected Serious Injury,Dusk,Clear,Motor Vehicle-In-Transport On Same Roadway,None,KNOXVILLE POLICE DEPT,Other,Unbelted,-,Drinking,-,-,-,-,-,-,-,-,-,-,Knox,Knoxville,3
43170,400093554,0,2,35.79277,-83.5451,1,2024-05-21 21:15:00,2024,5,21,21,15,Tuesday,21:15,Suspected Serious Injury,Dark-Lighted,Clear,Motor Vehicle-In-Transport On Same Roadway,None,PIGEON FORGE POLICE DEPT,Other,Unbelted,-,Drinking,-,-,-,-,-,-,-,-,-,-,Sevier,Pigeon Forge,3
43174,400093572,0,3,35.21685,-86.09966,2,2024-05-20 18:55:00,2024,5,20,18,55,Monday,18:55,Suspected Serious Injury,Daylight,Clear,Motor Vehicle-In-Transport On Same Roadway,None,DECHERD POLICE DEPT,Other,Unbelted,Distracted,-,-,-,Speeding,-,-,-,-,-,-,-,Franklin,Decherd,2
43175,400093574,0,1,35.9498,-83.20387,5,2024-05-21 13:04:00,2024,5,21,13,4,Tuesday,13:04,Suspected Serious Injury,Daylight,Clear,Fell/Jumped From Vehicle,None,THP District 5 - Fall Branch,THP,Unbelted,-,-,-,-,-,-,-,-,-,ATV_Involved,Motorcyclist,-,Cocke,Newport,3
43178,400093591,0,1,35.51423,-88.7554,8,2024-05-21 11:06:00,2024,5,21,11,6,Tuesday,11:06,Suspected Serious Injury,Daylight,Clear,Embankment Earth,None,THP District 8 - Jackson,THP,Unbelted,-,-,-,-,-,-,-,-,-,-,-,-,Madison,Not in City Limit,3
43183,400093601,0,1,36.28259,-87.10703,3,2024-05-21 11:46:00,2024,5,21,11,46,Tuesday,11:46,Suspected Serious Injury,Daylight,Clear,Motor Vehicle-In-Transport On Same Roadway,None,THP District 3 - Nashville,THP,Unbelted,Distracted,Drinking,-,-,-,-,-,-,-,-,-,-,Cheatham,Not in City Limit,3
43202,400093699,0,1,36.41852,-86.6193,3,2024-05-22 10:18:00,2024,5,22,10,18,Wednesday,10:18,Suspected Serious Injury,Daylight,Rain,"Over Turn, Roll Over",None,THP District 3 - Nashville,THP,Unbelted,-,-,-,-,-,-,-,-,-,ATV_Involved,-,-,Sumner,Not in City Limit,4
43211,400093751,1,0,35.80572,-83.94063,1,2024-05-22 08:56:00,2024,5,22,8,56,Wednesday,08:56,Fatal,Daylight,Clear,Other Traffic Barrier,None,ALCOA POLICE DEPARTMENT,Other,Unbelted,-,-,-,-,-,-,-,-,-,-,-,-,Blount,Alcoa,4
43212,400093756,1,0,35.77844,-89.51873,4,2024-05-14 00:00:00,2024,5,14,24,0,Tuesday,24:00,Fatal,,Clear,Utility Pole,None,RIPLEY POLICE DEPT,Other,Unbelted,Distracted,-,-,-,-,-,-,-,-,-,-,-,Lauderdale,Ripley,3
43216,400093777,2,1,35.25213,-85.52159,2,2024-05-19 10:54:00,2024,5,19,10,54,Sunday,10:54,Fatal,Daylight,Clear,Motor Vehicle-In-Transport On Same Roadway,None,THP District 2 - Chattanooga,THP,Unbelted,Distracted,-,Drug,-,-,-,-,-,-,-,-,-,Marion,Not in City Limit,1
43232,400093882,0,1,36.42903,-84.92071,6,2024-05-22 15:52:00,2024,5,22,15,52,Wednesday,15:52,Suspected Serious Injury,Daylight,Cloudy,Motor Vehicle-In-Transport On Same Roadway,None,JAMESTOWN POLICE DEPT,Other,Unbelted,-,-,-,-,-,-,-,-,-,-,-,-,Fentress,Jamestown,4
43252,400093944,0,3,36.34704,-86.87468,3,2024-05-22 16:36:00,2024,5,22,16,36,Wednesday,16:36,Suspected Serious Injury,Daylight,Rain,Motor Vehicle-In-Transport On Same Roadway,None,METROPOLITAN NASHVILLE POLICE DEPT,Other,Unbelted,-,-,-,-,-,-,-,-,-,-,-,-,Davidson,Nashville,4
43262,400093985,0,2,35.75054,-83.9881,1,2024-05-22 20:19:00,2024,5,22,20,19,Wednesday,20:19,Suspected Serious Injury,Dark-Lighted,Cloudy,Motor Vehicle-In-Transport On Same Roadway,None,MARYVILLE POLICE DEPT,Other,Unbelted,-,-,-,-,Speeding,-,-,-,-,-,Motorcyclist,-,Blount,Maryville,4
43272,400094041,0,2,36.23811,-86.75659,3,2024-05-23 16:01:00,2024,5,23,16,1,Thursday,16:01,Suspected Serious Injury,Daylight,Clear,Motor Vehicle-In-Transport On Same Roadway,None,THP District 3 - Nashville,THP,Unbelted,-,-,-,-,-,-,-,-,-,-,-,-,Davidson,Nashville,5
43275,400094054,0,1,35.74096,-83.84054,1,2024-05-23 01:12:00,2024,5,23,1,12,Thursday,01:12,Suspected Serious Injury,Dark-Not Lighted,Clear,Parked Motor Vehicle,None,BLOUNT CO SHERIFFS DEPT,Other,Unbelted,-,-,-,-,-,-,-,-,-,-,-,-,Blount,Not in City Limit,5
43276,400094064,0,3,36.26922,-86.75569,3,2024-05-22 23:37:00,2024,5,22,23,37,Wednesday,23:37,Suspected Serious Injury,Dark-Lighted,Clear,Motor Vehicle-In-Transport On Same Roadway,None,METROPOLITAN NASHVILLE POLICE DEPT,Other,Unbelted,-,-,-,-,Speeding,-,-,-,-,-,-,-,Davidson,Nashville,4
43278,400094070,0,1,36.43378,-86.6561,3,2024-05-22 21:02:00,2024,5,22,21,2,Wednesday,21:02,Suspected Serious Injury,Dark-Not Lighted,Clear,Utility Pole,None,THP District 3 - Nashville,THP,Unbelted,-,Drinking,-,-,Speeding,-,-,-,-,-,-,-,Sumner,Not in City Limit,4
43288,400094101,0,1,35.26161,-87.11245,7,2024-05-23 06:00:00,2024,5,23,6,0,Thursday,06:00,Suspected Serious Injury,Daylight,Clear,Ditch,None,THP District 7 - Lawrenceburg,THP,Unbelted,-,-,-,-,-,-,-,-,-,-,-,-,Giles,Not in City Limit,5
43295,400094165,0,2,36.4089,-86.10183,6,2024-05-21 07:49:00,2024,5,21,7,49,Tuesday,07:49,Suspected Serious Injury,Daylight,Clear,Motor Vehicle-In-Transport On Same Roadway,None,THP District 6 - Cookeville,THP,Unbelted,-,-,-,-,-,-,-,-,-,-,-,-,Trousdale,Hartsville,3
43311,400094229,0,1,36.10251,-83.54758,5,2024-05-23 06:02:00,2024,5,23,6,2,Thursday,06:02,Suspected Serious Injury,Dark-Not Lighted,Clear,Motor Vehicle-In-Transport On Same Roadway,None,THP District 5 - Fall Branch,THP,Unbelted,-,-,Drug,-,-,-,-,-,-,ATV_Involved,-,-,Jefferson,New Market,5
43318,400094271,0,1,36.49305,-87.54565,3,2024-05-19 10:30:00,2024,5,19,10,30,Sunday,10:30,Suspected Serious Injury,Daylight,Clear,Ditch,None,THP District 3 - Nashville,THP,-,-,-,-,-,-,-,-,-,-,-,Motorcyclist,-,Montgomery,Not in City Limit,1
43319,400094275,0,2,35.06366,-85.14105,2,2024-05-23 09:35:00,2024,5,23,9,35,Thursday,09:35,Suspected Serious Injury,Daylight,Cloudy,Motor Vehicle-In-Transport On Same Roadway,None,CHATTANOOGA POLICE DEPT,Other,Unbelted,-,-,-,-,-,-,-,-,-,-,-,-,Hamilton,Chattanooga,5
43331,400094343,1,1,36.43299,-81.7573,5,2024-05-17 19:48:00,2024,5,17,19,48,Friday,19:48,Fatal,Daylight,Cloudy,Boulder,None,THP District 5 - Fall Branch,THP,Unbelted,-,Drinking,-,-,-,-,-,-,-,-,-,-,Johnson,Not in City Limit,6
43340,400094391,0,3,35.13569,-84.76958,2,2024-05-23 14:55:00,2024,5,23,14,55,Thursday,14:55,Suspected Serious Injury,Daylight,Cloudy,Motor Vehicle-In-Transport On Same Roadway,None,THP District 2 - Chattanooga,THP,Unbelted,-,-,-,-,-,-,-,-,-,-,-,-,Bradley,Not in City Limit,5
43345,400094412,0,1,35.07855,-86.49936,7,2024-05-23 13:59:00,2024,5,23,13,59,Thursday,13:59,Suspected Serious Injury,Daylight,Clear,Pedestrian,None,THP District 7 - Lawrenceburg,THP,Unbelted,-,-,-,-,-,-,Pedestrian,-,-,-,-,-,Lincoln,Not in City Limit,5
43347,400094430,0,1,36.1473,-86.75789,3,2024-05-23 15:08:00,2024,5,23,15,8,Thursday,15:08,Suspected Serious Injury,Daylight,Clear,Pedestrian,None,METROPOLITAN NASHVILLE POLICE DEPT,Other,Unbelted,-,-,-,-,-,-,Pedestrian,-,-,ATV_Involved,-,-,Davidson,Nashville,5
43362,400094487,0,1,35.52724,-89.80319,4,2024-05-23 00:03:00,2024,5,23,0,3,Thursday,00:03,Suspected Serious Injury,Dark-Not Lighted,Clear,Standing Tree,None,THP District 4 - Memphis,THP,Unbelted,-,-,-,-,-,-,-,-,-,-,-,-,Tipton,Not in City Limit,5
43370,400094531,0,1,35.96103,-85.03532,6,2024-05-22 20:17:00,2024,5,22,20,17,Wednesday,20:17,Suspected Serious Injury,Dark-Lighted,Cloudy,Pedestrian,None,CROSSVILLE POLICE DEPT,Other,Unbelted,-,-,-,-,-,-,Pedestrian,-,-,-,-,-,Cumberland,Crossville,4
43372,400094541,0,3,36.32878,-83.74602,5,2024-05-23 16:45:00,2024,5,23,16,45,Thursday,16:45,Suspected Serious Injury,Daylight,Clear,Motor Vehicle-In-Transport On Same Roadway,None,THP District 5 - Fall Branch,THP,Unbelted,-,-,Drug,-,-,-,-,-,-,-,-,-,Union,Not in City Limit,5
43379,400094566,0,1,36.48318,-86.27082,3,2024-05-23 16:22:00,2024,5,23,16,22,Thursday,16:22,Suspected Serious Injury,Daylight,Clear,Ditch,None,THP District 3 - Nashville,THP,Unbelted,Distracted,-,-,-,-,-,-,-,-,-,-,-,Sumner,Not in City Limit,5
43380,400094569,0,1,35.61002,-87.07427,7,2024-05-23 01:45:00,2024,5,23,1,45,Thursday,01:45,Suspected Serious Injury,Dark-Lighted,Clear,Embankment Earth,None,COLUMBIA POLICE DEPT,Other,Unbelted,-,-,Drug,-,-,-,-,-,-,-,-,-,Maury,Columbia,5
43389,400094589,0,1,36.12898,-85.20377,6,2024-05-23 18:47:00,2024,5,23,18,47,Thursday,18:47,Suspected Serious Injury,Dark-Not Lighted,Rain,Ditch,None,THP District 6 - Cookeville,THP,Unbelted,-,-,-,-,-,-,-,-,-,-,-,-,Putnam,Not in City Limit,5
43394,400094611,0,1,35.99251,-83.94472,1,2024-05-24 00:59:00,2024,5,24,0,59,Friday,00:59,Suspected Serious Injury,Dark-Lighted,Rain,Bridge/Overhead Structure,None,KNOXVILLE POLICE DEPT,Other,Unbelted,-,-,-,-,-,-,-,-,-,-,-,-,Knox,Knoxville,6
43398,400094635,0,1,35.53864,-87.54822,7,2024-05-23 18:46:00,2024,5,23,18,46,Thursday,18:46,Suspected Serious Injury,Daylight,Clear,Motor Vehicle-In-Transport On Same Roadway,None,HOHENWALD POLICE DEPT,Other,Unbelted,-,-,-,-,-,-,-,-,-,-,-,-,Lewis,Hohenwald,5
43401,400094648,0,1,36.02522,-84.34772,1,2024-05-23 00:00:00,2024,5,23,24,0,Thursday,24:00,Suspected Serious Injury,Daylight,Rain,Motor Vehicle-In-Transport On Same Roadway,None,ROANE CO SHERIFFS DEPT,Other,Unbelted,-,-,-,-,-,-,-,-,-,-,Motorcyclist,-,Roane,Not in City Limit,5
43405,400094664,0,1,36.07246,-83.92769,1,2024-05-22 11:49:00,2024,5,22,11,49,Wednesday,11:49,Suspected Serious Injury,Daylight,Clear,Pedal-Cycle,None,KNOX CO SHERIFFS OFFICE,Other,Unbelted,-,-,-,-,-,Pedalcyclist,-,-,-,-,-,-,Knox,Not in City Limit,4
43406,400094666,0,2,35.84761,-83.70979,1,2024-05-21 10:05:00,2024,5,21,10,5,Tuesday,10:05,Suspected Serious Injury,Daylight,Clear,Motor Vehicle-In-Transport On Same Roadway,None,THP District 1 - Knoxville,THP,Unbelted,-,-,-,-,-,-,-,-,-,-,-,-,Sevier,Not in City Limit,3
43417,400094759,0,7,35.8665,-89.21153,4,2024-05-24 06:34:00,2024,5,24,6,34,Friday,06:34,Suspected Serious Injury,Dawn,Clear,Motor Vehicle-In-Transport On Same Roadway,None,THP District 4 - Memphis,THP,Unbelted,-,-,-,-,Speeding,-,-,-,-,-,-,-,Crockett,Not in City Limit,6
43421,400094769,0,1,36.28086,-89.18869,8,2024-05-21 11:10:00,2024,5,21,11,10,Tuesday,11:10,Suspected Serious Injury,Daylight,Clear,Ditch,None,THP District 8 - Jackson,THP,Unbelted,Distracted,-,-,-,-,-,-,-,-,-,-,-,Obion,Obion,3
43424,400094777,0,1,35.32485,-87.29286,7,2024-05-24 07:40:00,2024,5,24,7,40,Friday,07:40,Suspected Serious Injury,Daylight,Cloudy,Motor Vehicle-In-Transport On Same Roadway,None,THP District 7 - Lawrenceburg,THP,Unbelted,-,-,-,-,-,-,-,-,-,-,-,-,Lawrence,Ethridge,6
43444,400094874,1,0,36.17778,-86.80592,3,2024-05-24 12:57:00,2024,5,24,12,57,Friday,12:57,Fatal,Daylight,Cloudy,Motor Vehicle-In-Transport On Same Roadway,None,METROPOLITAN NASHVILLE POLICE DEPT,Other,Unbelted,-,-,-,-,-,-,-,-,-,-,-,-,Davidson,Nashville,6
43460,400094942,0,1,35.81437,-84.59012,1,2024-05-24 10:08:00,2024,5,24,10,8,Friday,10:08,Suspected Serious Injury,Daylight,Clear,Embankment Earth,None,ROANE CO SHERIFFS DEPT,Other,Unbelted,-,-,-,-,-,-,-,-,-,-,-,-,Roane,Not in City Limit,6
43464,400094967,0,1,35.23646,-87.34705,7,2024-05-24 00:00:00,2024,5,24,24,0,Friday,24:00,Suspected Serious Injury,Daylight,Clear,"Over Turn, Roll Over",None,LAWRENCEBURG POLICE DEPT,Other,-,-,Drinking,-,-,-,-,-,-,-,-,Motorcyclist,-,Lawrence,Lawrenceburg,6
43476,400095025,1,0,35.61431,-88.90198,8,2024-05-21 15:15:00,2024,5,21,15,15,Tuesday,15:15,Fatal,Daylight,Clear,Ditch,None,THP District 8 - Jackson,THP,Unbelted,-,Drinking,Drug,-,-,-,-,-,-,-,-,-,Madison,Not in City Limit,3
43479,400095039,1,0,35.40221,-87.40299,7,2024-05-24 18:29:00,2024,5,24,18,29,Friday,18:29,Fatal,Dusk,Clear,Ditch,None,THP District 7 - Lawrenceburg,THP,Unbelted,-,Drinking,Drug,-,-,-,-,-,-,-,-,-,Lawrence,Not in City Limit,6
43482,400095043,0,4,36.09373,-85.58025,6,2024-05-24 12:08:00,2024,5,24,12,8,Friday,12:08,Suspected Serious Injury,Daylight,Clear,Motor Vehicle-In-Transport On Same Roadway,None,THP District 6 - Cookeville,THP,Unbelted,-,-,-,-,-,-,-,-,-,-,-,-,Putnam,Not in City Limit,6
43485,400095067,0,1,35.99,-84.933,6,2024-05-24 18:24:00,2024,5,24,18,24,Friday,18:24,Suspected Serious Injury,Daylight,Cloudy,Boulder,None,THP District 6 - Cookeville,THP,-,-,-,-,-,-,-,-,-,ATV_Involved,-,-,-,Cumberland,Not in City Limit,6
43489,400095090,0,7,35.06862,-88.43155,8,2024-05-24 21:23:00,2024,5,24,21,23,Friday,21:23,Suspected Serious Injury,Dark-Lighted,Clear,Motor Vehicle-In-Transport On Same Roadway,None,THP District 8 - Jackson,THP,Unbelted,-,-,-,-,-,-,-,-,-,-,-,-,McNairy,Michie,6
43492,400095101,0,2,36.21907,-86.57225,3,2024-05-24 21:40:00,2024,5,24,21,40,Friday,21:40,Suspected Serious Injury,Dark-Not Lighted,Clear,Motor Vehicle-In-Transport On Same Roadway,None,MOUNT JULIET POLICE DEPT,Other,Unbelted,-,-,-,-,-,-,-,-,-,-,-,-,Wilson,Mount Juliet,6
43502,400095153,0,1,36.0135,-86.55025,3,2024-05-25 01:14:00,2024,5,25,1,14,Saturday,01:14,Suspected Serious Injury,Dark-Lighted,Clear,Ditch,None,LAVERGNE POLICE DEPT,Other,Unbelted,-,Drinking,-,-,-,-,-,-,-,-,-,-,Rutherford,Lavergne,7
43506,400095179,0,1,35.18964,-85.24655,2,2024-05-25 05:03:00,2024,5,25,5,3,Saturday,05:03,Suspected Serious Injury,Dark-Lighted,Rain,Curb,None,HAMILTON COUNTY SHERIFF'S OFFICE,Other,Unbelted,-,-,-,-,Speeding,-,-,-,-,-,-,-,Hamilton,Chattanooga,7