OBJECTID,MRN,Fatality,Injury,Latitude,Longitude,THP_District,Collision_Date,Collision_Year,Collision_Month,Collision_Day,Collision_Hour,Collision_Min,Collision_DOW,Collision_Time,Crash_Type,Light_Condition,Weather,First_Harmfu_Event,Work_Zone_Type,Agency_Name,THP,Unbelted,Distracted_Driver,Driver_Drinking,Driver_Drugged,Drowsy_Driver,Speeding_Involved,Pedalcyclist,Pedestrian,Other_Nonmotorist,ATV_Involved,LargeTruck_Involved,Motorcycle_Involved,SchoolBus,County,City,DOW_Nmb
43507,400095180,0,1,36.08286,-86.69029,3,2024-05-25 05:13:00,2024,5,25,5,13,Saturday,05:13,Suspected Serious Injury,Dawn,Rain,Parked Motor Vehicle,None,METROPOLITAN NASHVILLE POLICE DEPT,Other,Unbelted,-,Drinking,-,-,-,-,-,-,-,-,-,-,Davidson,Nashville,7
43508,400095183,0,2,35.10823,-85.14516,2,2024-05-25 07:27:00,2024,5,25,7,27,Saturday,07:27,Suspected Serious Injury,Dawn,Rain,Motor Vehicle-In-Transport On Same Roadway,None,CHATTANOOGA POLICE DEPT,Other,Unbelted,-,-,-,-,-,-,-,-,-,-,-,-,Hamilton,Chattanooga,7
43513,400095209,0,1,35.18573,-85.05955,2,2024-05-24 16:06:00,2024,5,24,16,6,Friday,16:06,Suspected Serious Injury,Daylight,Clear,Motor Vehicle-In-Transport On Same Roadway,None,HAMILTON COUNTY SHERIFF'S OFFICE,Other,Unbelted,-,-,-,-,-,-,-,-,-,-,-,-,Hamilton,Not in City Limit,6
43519,400095244,0,2,36.46876,-89.03885,8,2024-05-23 13:08:00,2024,5,23,13,8,Thursday,13:08,Suspected Serious Injury,Daylight,Rain,Motor Vehicle-In-Transport On Same Roadway,None,THP District 8 - Jackson,THP,Unbelted,-,-,-,-,-,-,-,-,-,-,-,-,Obion,Not in City Limit,5
43525,400095265,0,2,35.99722,-87.46352,3,2024-05-25 10:25:00,2024,5,25,10,25,Saturday,10:25,Suspected Serious Injury,Daylight,Clear,Deer,None,THP District 3 - Nashville,THP,Unbelted,-,-,-,-,-,-,-,-,-,-,-,-,Dickson,Not in City Limit,7
43548,400095381,0,1,35.19987,-88.15226,8,2024-05-25 15:15:00,2024,5,25,15,15,Saturday,15:15,Suspected Serious Injury,Daylight,Clear,Motor Vehicle-In-Transport On Same Roadway,None,THP District 8 - Jackson,THP,Unbelted,-,-,-,-,-,-,-,-,-,-,Motorcyclist,-,Hardin,Not in City Limit,7
43552,400095410,0,3,36.47224,-84.54336,1,2024-05-24 17:15:00,2024,5,24,17,15,Friday,17:15,Suspected Serious Injury,Daylight,Clear,Motor Vehicle-In-Transport On Same Roadway,None,ONEIDA POLICE DEPT,Other,Unbelted,-,-,-,-,-,-,-,-,-,-,-,-,Scott,Not in City Limit,6
43566,400095460,0,1,35.62324,-87.06714,7,2024-05-25 04:14:00,2024,5,25,4,14,Saturday,04:14,Suspected Serious Injury,Dark-Lighted,Rain,Utility Pole,None,COLUMBIA POLICE DEPT,Other,Unbelted,-,Drinking,-,-,-,-,-,-,-,-,-,-,Maury,Columbia,7
43567,400095461,1,0,35.0917,-89.80654,4,2024-05-25 15:30:00,2024,5,25,15,30,Saturday,15:30,Fatal,Daylight,Clear,Motor Vehicle-In-Transport On Same Roadway,None,GERMANTOWN POLICE DEPT,Other,Unbelted,-,-,-,-,-,-,-,-,-,-,Motorcyclist,-,Shelby,Germantown,7
43570,400095470,0,4,35.99714,-88.43989,8,2024-05-25 00:00:00,2024,5,25,24,0,Saturday,24:00,Suspected Serious Injury,Daylight,Clear,Motor Vehicle-In-Transport On Same Roadway,None,HUNTINGDON POLICE DEPT,Other,Unbelted,-,-,-,-,-,-,-,-,-,-,-,-,Carroll,Huntingdon,7
43573,400095479,0,1,36.11008,-86.73592,3,2024-05-25 20:55:00,2024,5,25,20,55,Saturday,20:55,Suspected Serious Injury,Dark-Lighted,Clear,Motor Vehicle-In-Transport On Different Roadway,None,METROPOLITAN NASHVILLE POLICE DEPT,Other,Unbelted,-,-,-,-,-,-,-,-,-,-,Motorcyclist,-,Davidson,Nashville,7
43584,400095555,0,2,35.21001,-85.03472,2,2024-05-26 04:30:00,2024,5,26,4,30,Sunday,04:30,Suspected Serious Injury,Dark-Not Lighted,Clear,Ditch,None,HAMILTON COUNTY SHERIFF'S OFFICE,Other,Unbelted,-,-,-,-,-,-,-,-,-,-,-,-,Hamilton,Not in City Limit,1
43591,400095577,1,2,36.56781,-82.25951,5,2024-05-25 10:55:00,2024,5,25,10,55,Saturday,10:55,Fatal,Daylight,Cloudy,Motor Vehicle-In-Transport On Same Roadway,None,THP District 5 - Fall Branch,THP,Unbelted,-,-,-,Drowsy,-,-,-,-,-,-,-,-,Sullivan,Not in City Limit,7
43592,400095587,0,1,36.30411,-86.6494,3,2024-05-25 11:44:00,2024,5,25,11,44,Saturday,11:44,Suspected Serious Injury,Daylight,Clear,Motor Vehicle-In-Transport On Same Roadway,None,HENDERSONVILLE POLICE DEPT,Other,Unbelted,Distracted,-,-,-,-,-,-,-,-,ATV_Involved,Motorcyclist,-,Sumner,Hendersonville,7
43595,400095596,1,0,36.17132,-82.39068,5,2024-05-25 13:50:00,2024,5,25,13,50,Saturday,13:50,Fatal,Daylight,Clear,Cable Barrier,None,ERWIN POLICE DEPT,Other,Unbelted,Distracted,-,-,Drowsy,-,-,-,-,-,-,-,-,Unicoi,Erwin,7
43596,400095600,0,2,35.62065,-88.04896,8,2024-05-25 01:42:00,2024,5,25,1,42,Saturday,01:42,Suspected Serious Injury,Dark-Not Lighted,Clear,Ditch,None,THP District 8 - Jackson,THP,Unbelted,-,Drinking,-,-,Speeding,-,-,-,-,-,-,-,Decatur,Not in City Limit,7
43597,400095603,1,0,36.46276,-85.882,6,2024-05-25 14:54:00,2024,5,25,14,54,Saturday,14:54,Fatal,Daylight,Clear,Highway Traffic Sign Post,None,THP District 6 - Cookeville,THP,-,-,Drinking,-,-,-,-,-,-,-,-,Motorcyclist,-,Macon,Not in City Limit,7
43635,400095793,0,1,35.84405,-86.43184,3,2024-05-26 17:52:00,2024,5,26,17,52,Sunday,17:52,Suspected Serious Injury,Daylight,Clear,Culvert,None,THP District 3 - Nashville,THP,Unbelted,-,-,-,-,-,-,-,-,-,-,-,-,Rutherford,Murfreesboro,1
43636,400095799,0,2,35.47766,-86.02218,2,2024-05-21 17:40:00,2024,5,21,17,40,Tuesday,17:40,Suspected Serious Injury,Daylight,Clear,Other Animal,None,COFFEE CO SHERIFFS DEPT,Other,-,-,-,-,-,-,-,-,-,-,-,Motorcyclist,-,Coffee,Not in City Limit,3
43637,400095801,0,1,36.08121,-86.71514,3,2024-05-26 18:36:00,2024,5,26,18,36,Sunday,18:36,Suspected Serious Injury,Daylight,Clear,Motor Vehicle-In-Transport On Same Roadway,None,METROPOLITAN NASHVILLE POLICE DEPT,Other,Unbelted,-,-,-,-,-,-,-,-,-,-,Motorcyclist,-,Davidson,Nashville,1
43641,400095829,0,1,36.11038,-89.38207,8,2024-05-18 10:32:00,2024,5,18,10,32,Saturday,10:32,Suspected Serious Injury,Daylight,Cloudy,Standing Tree,None,THP District 8 - Jackson,THP,Unbelted,-,-,-,-,-,-,-,-,-,-,-,-,Dyer,Not in City Limit,7
43651,400095886,0,1,35.71531,-83.50988,1,2024-05-26 22:34:00,2024,5,26,22,34,Sunday,22:34,Suspected Serious Injury,Dark-Lighted,Clear,Other Non-Collision,None,GATLINBURG POLICE DEPT,Other,-,-,-,-,-,-,-,-,-,-,-,Motorcyclist,-,Sevier,Gatlinburg,1
43656,400095904,0,1,35.49435,-86.03903,2,2024-05-25 23:46:00,2024,5,25,23,46,Saturday,23:46,Suspected Serious Injury,Dark-Not Lighted,Clear,Ditch,None,COFFEE CO SHERIFFS DEPT,Other,Unbelted,Distracted,-,-,-,-,-,-,-,-,-,-,-,Coffee,Not in City Limit,7
43658,400095914,0,2,35.85831,-83.95968,1,2024-05-26 21:00:00,2024,5,26,21,0,Sunday,21:00,Suspected Serious Injury,Dark-Not Lighted,Clear,Motor Vehicle-In-Transport On Same Roadway,None,ALCOA POLICE DEPARTMENT,Other,Unbelted,Distracted,-,Drug,-,-,-,-,-,-,-,-,-,Blount,Alcoa,1
43660,400095919,0,1,36.17152,-87.848,3,2024-05-25 22:58:00,2024,5,25,22,58,Saturday,22:58,Suspected Serious Injury,Dark-Not Lighted,Clear,Standing Tree,None,HUMPHREYS CO SHERIFFS DEPT,Other,Unbelted,Distracted,Drinking,-,-,Speeding,-,-,-,-,-,-,-,Humphreys,Not in City Limit,7
43675,400095981,0,1,36.04354,-83.34506,5,2024-05-25 13:43:00,2024,5,25,13,43,Saturday,13:43,Suspected Serious Injury,Daylight,Clear,Motor Vehicle-In-Transport On Same Roadway,None,THP District 5 - Fall Branch,THP,Unbelted,-,-,-,-,-,-,-,-,-,-,Motorcyclist,-,Jefferson,Not in City Limit,7
43693,400096069,0,1,35.50908,-88.33963,8,2024-05-27 13:20:00,2024,5,27,13,20,Monday,13:20,Suspected Serious Injury,Daylight,Clear,Fell/Jumped From Vehicle,None,THP District 8 - Jackson,THP,-,-,-,-,-,-,-,-,-,ATV_Involved,-,-,-,Henderson,Not in City Limit,2
43697,400096084,1,0,35.10346,-84.81364,2,2024-05-26 18:24:00,2024,5,26,18,24,Sunday,18:24,Fatal,Daylight,Clear,Motor Vehicle-In-Transport On Same Roadway,None,THP District 2 - Chattanooga,THP,Unbelted,-,-,-,-,-,-,-,-,-,-,Motorcyclist,-,Bradley,Not in City Limit,1
43714,400096154,0,1,35.39696,-85.99649,2,2024-05-27 19:24:00,2024,5,27,19,24,Monday,19:24,Suspected Serious Injury,Daylight,Clear,"Over Turn, Roll Over",None,THP District 2 - Chattanooga,THP,-,-,-,-,-,-,-,-,-,-,-,Motorcyclist,-,Coffee,Not in City Limit,2
43722,400096172,0,2,36.37223,-82.15728,5,2024-05-27 17:42:00,2024,5,27,17,42,Monday,17:42,Suspected Serious Injury,Daylight,Clear,Motor Vehicle-In-Transport On Same Roadway,None,THP District 5 - Fall Branch,THP,Unbelted,-,-,-,-,-,-,-,-,-,-,-,-,Carter,Not in City Limit,2
43725,400096185,0,1,35.87394,-86.10039,6,2024-05-27 16:26:00,2024,5,27,16,26,Monday,16:26,Suspected Serious Injury,Daylight,Clear,"Over Turn, Roll Over",None,THP District 6 - Cookeville,THP,-,-,-,-,-,-,-,-,-,-,-,Motorcyclist,-,Cannon,Not in City Limit,2
43738,400096240,0,2,36.15967,-86.79627,3,2024-05-27 00:00:00,2024,5,27,24,0,Monday,24:00,Suspected Serious Injury,Dark-Lighted,Clear,Motor Vehicle-In-Transport On Same Roadway,None,METROPOLITAN NASHVILLE POLICE DEPT,Other,Unbelted,-,-,-,-,-,-,-,-,-,-,-,-,Davidson,Nashville,2
43739,400096243,1,1,35.98012,-83.82521,1,2024-05-27 02:20:00,2024,5,27,2,20,Monday,02:20,Fatal,Dark-Lighted,Clear,Motor Vehicle-In-Transport On Same Roadway,None,THP District 1 - Knoxville,THP,Unbelted,-,Drinking,Drug,-,Speeding,-,-,-,-,-,-,-,Knox,Not in City Limit,2
43743,400096251,0,1,35.55849,-88.00852,8,2024-05-21 00:00:00,2024,5,21,24,0,Tuesday,24:00,Suspected Serious Injury,Dark-Not Lighted,Unknown,"Over Turn, Roll Over",None,THP District 8 - Jackson,THP,-,-,-,-,-,-,-,-,-,-,-,Motorcyclist,-,Decatur,Not in City Limit,3
43750,400096279,1,1,35.61185,-88.70801,8,2024-05-27 12:12:00,2024,5,27,12,12,Monday,12:12,Fatal,Daylight,Clear,Motor Vehicle-In-Transport On Same Roadway,None,THP District 8 - Jackson,THP,Unbelted,-,-,-,-,-,-,-,-,-,-,-,-,Madison,Not in City Limit,2
43752,400096303,0,2,35.09551,-87.42087,7,2024-05-27 16:00:00,2024,5,27,16,0,Monday,16:00,Suspected Serious Injury,Daylight,Clear,Motor Vehicle-In-Transport On Same Roadway,None,LORETTO POLICE DEPT,Other,Unbelted,Distracted,-,-,-,-,-,-,-,-,-,-,-,Lawrence,Loretto,2
43754,400096310,0,4,36.48624,-82.88718,5,2024-05-28 09:21:00,2024,5,28,9,21,Tuesday,09:21,Suspected Serious Injury,Daylight,Clear,Motor Vehicle-In-Transport On Same Roadway,None,THP District 5 - Fall Branch,THP,Unbelted,-,-,-,-,-,-,-,-,-,-,-,-,Hawkins,Not in City Limit,3
43760,400096336,0,3,35.03143,-85.30885,2,2024-05-25 15:36:00,2024,5,25,15,36,Saturday,15:36,Suspected Serious Injury,Daylight,Clear,Pedal-Cycle,None,CHATTANOOGA POLICE DEPT,Other,Unbelted,-,-,-,-,-,Pedalcyclist,-,-,-,-,-,-,Hamilton,Chattanooga,7
43773,400096410,1,1,36.13472,-86.72694,3,2024-05-25 18:33:00,2024,5,25,18,33,Saturday,18:33,Fatal,Daylight,Clear,Motor Vehicle-In-Transport On Same Roadway,None,METROPOLITAN NASHVILLE POLICE DEPT,Other,Unbelted,-,-,-,-,-,-,-,-,-,-,Motorcyclist,-,Davidson,Nashville,7
43778,400096435,0,2,36.22371,-86.81314,3,2024-05-28 11:40:00,2024,5,28,11,40,Tuesday,11:40,Suspected Serious Injury,Daylight,Clear,Utility Pole,None,METROPOLITAN NASHVILLE POLICE DEPT,Other,Unbelted,-,-,-,-,-,-,-,-,-,-,-,-,Davidson,Nashville,3
43799,400096555,0,1,36.20235,-83.3137,5,2024-05-28 17:30:00,2024,5,28,17,30,Tuesday,17:30,Suspected Serious Injury,Daylight,Clear,Motor Vehicle-In-Transport On Same Roadway,None,MORRISTOWN POLICE DEPT,Other,Unbelted,-,-,-,-,-,-,-,-,-,-,Motorcyclist,-,Hamblen,Morristown,3
43801,400096572,1,0,36.11853,-84.07653,1,2024-05-28 17:13:00,2024,5,28,17,13,Tuesday,17:13,Fatal,Daylight,Clear,Standing Tree,None,THP District 1 - Knoxville,THP,Unbelted,-,Drinking,-,-,Speeding,-,-,-,-,-,-,-,Anderson,Not in City Limit,3
43809,400096606,0,1,36.1802,-85.79925,6,2024-05-28 17:43:00,2024,5,28,17,43,Tuesday,17:43,Suspected Serious Injury,,Clear,Ditch,None,THP District 6 - Cookeville,THP,-,-,-,-,-,-,-,-,-,-,-,Motorcyclist,-,Putnam,Not in City Limit,3
43810,400096613,0,1,36.10041,-85.74508,6,2024-05-28 14:18:00,2024,5,28,14,18,Tuesday,14:18,Suspected Serious Injury,Daylight,Clear,Motor Vehicle-In-Transport On Same Roadway,None,THP District 6 - Cookeville,THP,Unbelted,-,Drinking,-,-,-,-,-,-,-,ATV_Involved,-,-,Putnam,Not in City Limit,3
43816,400096643,0,1,35.15757,-85.28567,2,2024-05-28 03:47:00,2024,5,28,3,47,Tuesday,03:47,Suspected Serious Injury,Dark-Not Lighted,Clear,Guard Rail Face,None,THP District 2 - Chattanooga,THP,Unbelted,-,Drinking,-,-,-,-,-,-,-,-,-,-,Hamilton,Chattanooga,3
43826,400096699,1,0,35.84268,-86.94138,3,2024-05-27 13:38:00,2024,5,27,13,38,Monday,13:38,Fatal,Daylight,Clear,Fence,None,THP District 3 - Nashville,THP,Unbelted,-,Drinking,-,-,Speeding,-,-,-,-,-,-,-,Williamson,Thompson's Station,2
43832,400096739,1,0,35.50546,-83.98428,1,2024-05-28 00:00:00,2024,5,28,24,0,Tuesday,24:00,Fatal,Dark-Not Lighted,Clear,Standing Tree,Work Zone,BLOUNT CO SHERIFFS DEPT,Other,-,-,Drinking,Drug,-,Speeding,-,-,-,-,-,Motorcyclist,-,Blount,Not in City Limit,3
43836,400096751,0,1,35.95761,-85.81672,6,2024-05-29 06:15:00,2024,5,29,6,15,Wednesday,06:15,Suspected Serious Injury,Daylight,Clear,Pedal-Cycle,None,THP District 6 - Cookeville,THP,Unbelted,-,-,-,-,-,Pedalcyclist,-,-,-,-,-,-,DeKalb,Smithville,4
43840,400096768,0,1,35.02596,-85.25194,2,2024-05-28 17:35:00,2024,5,28,17,35,Tuesday,17:35,Suspected Serious Injury,Daylight,Clear,Motor Vehicle-In-Transport On Same Roadway,None,CHATTANOOGA POLICE DEPT,Other,Unbelted,Distracted,-,-,-,-,-,-,-,-,-,-,-,Hamilton,Chattanooga,3
43841,400096773,0,1,35.36521,-86.22548,2,2024-05-29 08:14:00,2024,5,29,8,14,Wednesday,08:14,Suspected Serious Injury,Daylight,Clear,Motor Vehicle-In-Transport On Same Roadway,Construction Zone,TULLAHOMA POLICE DEPT,Other,Unbelted,-,-,-,-,-,-,-,-,-,ATV_Involved,-,-,Coffee,Tullahoma,4
43848,400096817,0,1,35.89464,-86.44213,3,2024-05-29 09:01:00,2024,5,29,9,1,Wednesday,09:01,Suspected Serious Injury,Daylight,Clear,Motor Vehicle-In-Transport On Same Roadway,None,MURFREESBORO POLICE DEPT,Other,Unbelted,-,-,-,-,-,-,-,-,-,ATV_Involved,-,-,Rutherford,Murfreesboro,4
43871,400096946,0,2,36.01248,-86.70363,3,2024-05-29 15:13:00,2024,5,29,15,13,Wednesday,15:13,Suspected Serious Injury,Daylight,Clear,Motor Vehicle-In-Transport On Same Roadway,None,METROPOLITAN NASHVILLE POLICE DEPT,Other,Unbelted,-,-,-,-,-,-,-,-,-,-,-,-,Davidson,Nashville,4
43881,400096992,0,3,35.98532,-84.03232,1,2024-05-29 17:04:00,2024,5,29,17,4,Wednesday,17:04,Suspected Serious Injury,Daylight,Clear,Motor Vehicle-In-Transport On Same Roadway,None,KNOXVILLE POLICE DEPT,Other,Unbelted,-,-,-,-,-,-,-,-,-,-,-,-,Knox,Knoxville,4
43890,400097035,0,1,35.22514,-87.16902,7,2024-05-29 17:10:00,2024,5,29,17,10,Wednesday,17:10,Suspected Serious Injury,Daylight,Clear,Motor Vehicle-In-Transport On Same Roadway,None,THP District 7 - Lawrenceburg,THP,Unbelted,-,-,-,-,-,-,-,-,-,ATV_Involved,-,-,Giles,Not in City Limit,4
43896,400097053,1,0,35.95266,-84.01178,1,2024-05-29 18:56:00,2024,5,29,18,56,Wednesday,18:56,Fatal,Daylight,Clear,Motor Vehicle-In-Transport On Same Roadway,None,KNOXVILLE POLICE DEPT,Other,Unbelted,-,Drinking,-,-,-,-,-,-,-,-,Motorcyclist,-,Knox,Knoxville,4
43901,400097067,0,1,36.01668,-85.84906,6,2024-05-29 15:02:00,2024,5,29,15,2,Wednesday,15:02,Suspected Serious Injury,Daylight,Clear,Standing Tree,None,THP District 6 - Cookeville,THP,Unbelted,-,-,-,-,-,-,-,-,-,-,-,-,DeKalb,Not in City Limit,4
43903,400097080,0,1,35.90618,-84.61734,1,2024-05-25 21:46:00,2024,5,25,21,46,Saturday,21:46,Suspected Serious Injury,Dark-Not Lighted,Clear,"Over Turn, Roll Over",None,THP District 1 - Knoxville,THP,Unbelted,-,-,-,-,-,-,-,-,-,-,-,-,Roane,Not in City Limit,7
43905,400097085,0,1,36.12278,-86.72775,3,2024-05-29 18:24:00,2024,5,29,18,24,Wednesday,18:24,Suspected Serious Injury,Daylight,Clear,Motor Vehicle-In-Transport On Same Roadway,None,METROPOLITAN NASHVILLE POLICE DEPT,Other,Unbelted,-,-,-,-,-,-,-,-,-,ATV_Involved,-,-,Davidson,Nashville,4
43906,400097095,0,1,36.33156,-85.34007,6,2024-05-29 00:00:00,2024,5,29,24,0,Wednesday,24:00,Suspected Serious Injury,Dark-Not Lighted,Clear,Standing Tree,None,THP District 6 - Cookeville,THP,Unbelted,-,-,-,-,-,-,-,-,-,-,-,-,Overton,Not in City Limit,4
43908,400097100,0,1,35.6886,-83.70447,1,2024-05-28 16:06:00,2024,5,28,16,6,Tuesday,16:06,Suspected Serious Injury,Daylight,Clear,Motor Vehicle-In-Transport On Same Roadway,None,THP District 1 - Knoxville,THP,Unbelted,-,-,-,-,-,-,-,-,-,-,-,-,Blount,Not in City Limit,3
43920,400097128,0,1,36.11814,-86.72847,3,2024-05-30 00:23:00,2024,5,30,0,23,Thursday,00:23,Suspected Serious Injury,Dark-Lighted,Clear,Embankment Rock/Stone/Concrete,None,METROPOLITAN NASHVILLE POLICE DEPT,Other,Unbelted,-,-,-,-,-,-,-,-,-,-,-,-,Davidson,Nashville,5
43922,400097134,0,2,35.64865,-88.80219,8,2024-05-29 23:56:00,2024,5,29,23,56,Wednesday,23:56,Suspected Serious Injury,Dark-Not Lighted,Clear,Motor Vehicle-In-Transport On Same Roadway,None,JACKSON POLICE DEPT,Other,Unbelted,-,-,-,-,-,-,-,-,-,-,-,-,Madison,Jackson,4
43927,400097147,1,0,36.25444,-82.96086,5,2024-05-30 01:40:00,2024,5,30,1,40,Thursday,01:40,Fatal,Dark-Not Lighted,Cloudy,Guard Rail Face,None,THP District 5 - Fall Branch,THP,-,-,-,Drug,-,-,-,-,-,-,-,Motorcyclist,-,Greene,Not in City Limit,5
43930,400097163,0,1,35.61405,-86.98185,7,2024-05-30 04:40:00,2024,5,30,4,40,Thursday,04:40,Suspected Serious Injury,Dark-Not Lighted,Clear,Deer,None,MAURY CO SHERIFFS DEPT,Other,-,-,-,-,-,-,-,-,-,-,-,Motorcyclist,-,Maury,Not in City Limit,5
43932,400097180,0,4,35.07685,-85.03302,2,2024-05-29 14:54:00,2024,5,29,14,54,Wednesday,14:54,Suspected Serious Injury,Daylight,Clear,Motor Vehicle-In-Transport On Same Roadway,None,COLLEGEDALE POLICE DEPT,Other,Unbelted,Distracted,-,-,-,-,-,-,-,-,-,-,-,Hamilton,Not in City Limit,4
43934,400097191,2,1,36.19321,-86.44803,3,2024-05-29 08:54:00,2024,5,29,8,54,Wednesday,08:54,Fatal,Daylight,Clear,Motor Vehicle-In-Transport On Same Roadway,None,THP District 3 - Nashville,THP,Unbelted,-,-,-,-,-,-,-,-,-,ATV_Involved,-,-,Wilson,Not in City Limit,4
43945,400097289,0,1,35.92844,-85.4243,6,2024-05-28 15:32:00,2024,5,28,15,32,Tuesday,15:32,Suspected Serious Injury,Daylight,Clear,Fell/Jumped From Vehicle,None,THP District 6 - Cookeville,THP,-,-,-,-,-,-,-,-,-,-,-,Motorcyclist,-,White,Not in City Limit,3
43955,400097361,0,1,36.1492,-85.46648,6,2024-05-30 13:07:00,2024,5,30,13,7,Thursday,13:07,Suspected Serious Injury,Daylight,Clear,Motor Vehicle-In-Transport On Same Roadway,None,COOKEVILLE POLICE DEPT,Other,Unbelted,-,-,-,-,-,-,-,-,-,-,Motorcyclist,-,Putnam,Cookeville,5
43971,400097490,0,2,35.84213,-88.08326,8,2024-05-28 23:46:00,2024,5,28,23,46,Tuesday,23:46,Suspected Serious Injury,Dark-Lighted,Clear,Guard Rail Face,None,THP District 8 - Jackson,THP,Unbelted,-,Drinking,-,-,-,-,-,-,-,-,-,-,Benton,Not in City Limit,3
43978,400097504,0,1,36.07182,-83.3825,5,2024-05-30 15:10:00,2024,5,30,15,10,Thursday,15:10,Suspected Serious Injury,Daylight,Clear,Pedestrian,None,THP District 5 - Fall Branch,THP,Unbelted,-,-,-,-,-,-,Pedestrian,-,-,-,-,-,Jefferson,Not in City Limit,5
43982,400097521,0,1,35.19483,-88.20589,8,2024-05-27 20:30:00,2024,5,27,20,30,Monday,20:30,Suspected Serious Injury,Dark-Not Lighted,Clear,Motor Vehicle-In-Transport On Same Roadway,None,THP District 8 - Jackson,THP,Unbelted,-,Drinking,Drug,-,-,-,-,-,-,-,-,-,Hardin,Not in City Limit,2
43990,400097549,0,2,35.87162,-84.10396,1,2024-05-30 08:43:00,2024,5,30,8,43,Thursday,08:43,Suspected Serious Injury,Daylight,Clear,Motor Vehicle-In-Transport On Same Roadway,None,KNOX CO SHERIFFS OFFICE,Other,Unbelted,-,-,-,-,-,-,-,-,-,-,-,-,Knox,Not in City Limit,5
43994,400097560,0,1,35.98835,-83.89227,1,2024-05-30 21:41:00,2024,5,30,21,41,Thursday,21:41,Suspected Serious Injury,Dark-Lighted,Clear,Pedestrian,None,KNOXVILLE POLICE DEPT,Other,Unbelted,-,-,-,-,-,-,Pedestrian,-,-,-,-,-,Knox,Knoxville,5
43999,400097576,0,1,35.21071,-85.13578,2,2024-05-30 20:27:00,2024,5,30,20,27,Thursday,20:27,Suspected Serious Injury,Dusk,Clear,Shrubbery,None,THP District 2 - Chattanooga,THP,-,-,-,-,-,-,-,-,-,-,-,Motorcyclist,-,Hamilton,Not in City Limit,5
44000,400097578,0,1,36.00548,-83.98558,1,2024-05-30 21:29:00,2024,5,30,21,29,Thursday,21:29,Suspected Serious Injury,Dark-Not Lighted,Clear,Pedestrian,None,KNOXVILLE POLICE DEPT,Other,Unbelted,-,-,-,-,-,-,Pedestrian,-,-,-,-,-,Knox,Knoxville,5
44007,400097602,0,2,36.54066,-86.63078,3,2024-05-29 23:03:00,2024,5,29,23,3,Wednesday,23:03,Suspected Serious Injury,Dark-Not Lighted,Clear,Motor Vehicle-In-Transport On Same Roadway,None,THP District 3 - Nashville,THP,Unbelted,-,-,-,-,-,-,-,-,-,-,Motorcyclist,-,Robertson,Cross Plains,4
44009,400097607,0,1,35.36672,-84.27915,1,2024-05-26 14:56:00,2024,5,26,14,56,Sunday,14:56,Suspected Serious Injury,Daylight,Clear,Ditch,None,THP District 1 - Knoxville,THP,-,Distracted,-,-,-,Speeding,-,-,-,-,-,Motorcyclist,-,Monroe,Not in City Limit,1
44029,400097690,0,2,35.88821,-83.93876,1,2024-05-31 06:20:00,2024,5,31,6,20,Friday,06:20,Suspected Serious Injury,Dawn,Clear,Motor Vehicle-In-Transport On Same Roadway,None,THP District 1 - Knoxville,THP,Unbelted,-,Drinking,Drug,-,-,-,-,-,-,-,Motorcyclist,-,Knox,Not in City Limit,6
44032,400097710,0,2,36.33133,-86.61675,3,2024-05-30 10:36:00,2024,5,30,10,36,Thursday,10:36,Suspected Serious Injury,Daylight,Clear,Motor Vehicle-In-Transport On Same Roadway,None,HENDERSONVILLE POLICE DEPT,Other,Unbelted,-,-,-,-,-,-,-,-,-,-,-,-,Sumner,Hendersonville,5
44036,400097742,0,1,35.92798,-85.00756,6,2024-05-31 10:44:00,2024,5,31,10,44,Friday,10:44,Suspected Serious Injury,Daylight,Clear,Motor Vehicle-In-Transport On Same Roadway,None,CROSSVILLE POLICE DEPT,Other,Unbelted,-,-,-,-,-,-,-,-,-,-,-,-,Cumberland,Crossville,6
44038,400097748,0,1,35.06566,-85.157,2,2024-05-31 00:27:00,2024,5,31,0,27,Friday,00:27,Suspected Serious Injury,Dark-Lighted,Clear,Pedestrian,None,CHATTANOOGA POLICE DEPT,Other,-,-,-,-,-,-,-,Pedestrian,-,-,-,-,-,Hamilton,Chattanooga,6
44039,400097750,0,1,36.16084,-86.79365,3,2024-05-30 17:42:00,2024,5,30,17,42,Thursday,17:42,Suspected Serious Injury,Daylight,Clear,Motor Vehicle-In-Transport On Same Roadway,None,THP District 9 - Administrative,THP,Unbelted,-,-,-,-,-,-,-,-,-,-,-,-,Davidson,Nashville,5
44044,400097779,0,1,35.91013,-88.68612,8,2024-05-31 08:00:00,2024,5,31,8,0,Friday,08:00,Suspected Serious Injury,Daylight,Clear,Embankment Rock/Stone/Concrete,None,THP District 8 - Jackson,THP,Unbelted,-,-,-,-,-,-,-,-,-,-,-,-,Carroll,Not in City Limit,6
44048,400097807,2,1,36.51036,-83.75753,5,2024-05-30 20:30:00,2024,5,30,20,30,Thursday,20:30,Fatal,Daylight,Clear,Motor Vehicle-In-Transport On Same Roadway,None,THP District 5 - Fall Branch,THP,Unbelted,-,Drinking,Drug,-,-,-,-,-,-,-,-,-,Claiborne,Not in City Limit,5