OBJECTID,MRN,Fatality,Injury,Latitude,Longitude,THP_District,Collision_Date,Collision_Year,Collision_Month,Collision_Day,Collision_Hour,Collision_Min,Collision_DOW,Collision_Time,Crash_Type,Light_Condition,Weather,First_Harmfu_Event,Work_Zone_Type,Agency_Name,THP,Unbelted,Distracted_Driver,Driver_Drinking,Driver_Drugged,Drowsy_Driver,Speeding_Involved,Pedalcyclist,Pedestrian,Other_Nonmotorist,ATV_Involved,LargeTruck_Involved,Motorcycle_Involved,SchoolBus,County,City,DOW_Nmb
44072,400097896,0,2,36.04537,-86.71326,3,2024-05-31 15:38:00,2024,5,31,15,38,Friday,15:38,Suspected Serious Injury,Daylight,Clear,Motor Vehicle-In-Transport On Same Roadway,None,METROPOLITAN NASHVILLE POLICE DEPT,Other,Unbelted,-,Drinking,-,-,-,-,-,-,-,-,-,-,Davidson,Nashville,6
44078,400097927,0,1,36.5611,-82.02721,5,2024-05-31 16:16:00,2024,5,31,16,16,Friday,16:16,Suspected Serious Injury,Daylight,Clear,Ditch,None,THP District 5 - Fall Branch,THP,-,-,-,-,-,-,-,-,-,-,-,Motorcyclist,-,Sullivan,Not in City Limit,6
44092,400097977,0,1,35.64492,-87.66124,7,2024-05-30 16:10:00,2024,5,30,16,10,Thursday,16:10,Suspected Serious Injury,Daylight,Clear,Motor Vehicle-In-Transport On Same Roadway,None,THP District 7 - Lawrenceburg,THP,Unbelted,-,-,-,-,-,-,-,-,-,-,-,-,Hickman,Not in City Limit,5
44097,400098016,0,1,36.16683,-88.52543,8,2024-05-31 20:28:00,2024,5,31,20,28,Friday,20:28,Suspected Serious Injury,Dark-Lighted,Rain,Standing Tree,None,THP District 8 - Jackson,THP,Unbelted,-,-,-,-,-,-,-,-,-,-,-,-,Henry,Not in City Limit,6
44107,400098060,1,1,36.57871,-86.45734,3,2024-05-31 00:00:00,2024,5,31,24,0,Friday,24:00,Fatal,Daylight,Clear,Motor Vehicle-In-Transport On Same Roadway,None,PORTLAND POLICE DEPT,Other,Unbelted,-,-,-,-,-,-,-,-,-,-,-,-,Sumner,Portland,6
44126,400098137,1,1,35.96923,-85.48656,6,2024-05-31 17:00:00,2024,5,31,17,0,Friday,17:00,Fatal,Daylight,Clear,Motor Vehicle-In-Transport On Same Roadway,None,THP District 6 - Cookeville,THP,Unbelted,-,-,Drug,-,-,-,-,-,-,-,Motorcyclist,-,White,Not in City Limit,6
44148,400098231,1,1,36.06225,-89.38042,8,2024-06-01 12:58:00,2024,6,1,12,58,Saturday,12:58,Fatal,Daylight,Cloudy,Motor Vehicle-In-Transport On Same Roadway,None,DYERSBURG POLICE DEPT,Other,Unbelted,-,-,-,-,-,-,-,-,-,-,-,-,Dyer,Dyersburg,7
44150,400098242,0,1,35.99983,-83.96615,1,2024-06-01 13:03:00,2024,6,1,13,3,Saturday,13:03,Suspected Serious Injury,Daylight,Cloudy,Motor Vehicle-In-Transport On Same Roadway,None,KNOXVILLE POLICE DEPT,Other,Unbelted,-,-,-,-,-,-,-,-,-,-,-,-,Knox,Knoxville,7
44157,400098261,1,2,36.1956,-86.7761,3,2024-06-01 11:10:00,2024,6,1,11,10,Saturday,11:10,Fatal,Daylight,Rain,Other Non-Collision,None,METROPOLITAN NASHVILLE POLICE DEPT,Other,Unbelted,-,-,-,-,-,-,-,-,-,-,-,-,Davidson,Nashville,7
44164,400098280,0,1,36.04283,-86.60656,3,2024-06-01 15:20:00,2024,6,1,15,20,Saturday,15:20,Suspected Serious Injury,Daylight,Cloudy,Motor Vehicle-In-Transport On Same Roadway,None,METROPOLITAN NASHVILLE POLICE DEPT,Other,Unbelted,-,-,-,-,-,-,-,-,-,-,-,-,Davidson,Nashville,7
44166,400098304,0,1,36.16952,-83.35448,5,2024-06-01 01:48:00,2024,6,1,1,48,Saturday,01:48,Suspected Serious Injury,Dark-Not Lighted,Clear,Ditch,None,MORRISTOWN POLICE DEPT,Other,-,-,Drinking,-,-,-,-,-,-,-,-,Motorcyclist,-,Hamblen,Morristown,7
44167,400098317,1,1,36.29279,-86.69535,3,2024-05-31 18:14:00,2024,5,31,18,14,Friday,18:14,Fatal,Daylight,Clear,Motor Vehicle-In-Transport On Same Roadway,None,METROPOLITAN NASHVILLE POLICE DEPT,Other,Unbelted,-,-,-,-,-,-,-,-,-,-,Motorcyclist,-,Davidson,Nashville,6
44169,400098322,0,1,36.1993,-83.40864,5,2024-05-31 18:33:00,2024,5,31,18,33,Friday,18:33,Suspected Serious Injury,Daylight,Clear,Standing Tree,None,THP District 5 - Fall Branch,THP,Unbelted,Distracted,Drinking,-,-,-,-,-,-,-,-,-,-,Hamblen,Not in City Limit,6
44174,400098333,0,1,35.61474,-88.99043,8,2024-05-31 23:07:00,2024,5,31,23,7,Friday,23:07,Suspected Serious Injury,Dark-Not Lighted,Rain,Embankment Earth,None,THP District 8 - Jackson,THP,Unbelted,-,Drinking,Drug,-,-,-,-,-,-,-,-,-,Madison,Not in City Limit,6
44182,400098362,0,2,36.51061,-85.2714,6,2024-06-01 16:23:00,2024,6,1,16,23,Saturday,16:23,Suspected Serious Injury,Daylight,Rain,Embankment Earth,None,THP District 6 - Cookeville,THP,Unbelted,-,-,-,-,-,-,-,-,-,-,-,-,Overton,Not in City Limit,7
44208,400098434,0,1,35.93004,-86.28488,3,2024-06-01 22:02:00,2024,6,1,22,2,Saturday,22:02,Suspected Serious Injury,Dark-Not Lighted,Cloudy,Pedestrian,None,THP District 3 - Nashville,THP,Unbelted,-,-,-,-,-,-,Pedestrian,-,-,-,-,-,Rutherford,Not in City Limit,7
44211,400098443,1,0,35.39525,-89.30656,4,2024-06-01 00:00:00,2024,6,1,24,0,Saturday,24:00,Fatal,Dark-Not Lighted,Clear,Embankment Earth,None,THP District 4 - Memphis,THP,-,-,Drinking,Drug,-,-,-,-,-,ATV_Involved,-,-,-,Fayette,Not in City Limit,7
44218,400098473,1,2,36.09485,-83.31634,5,2024-06-01 11:17:00,2024,6,1,11,17,Saturday,11:17,Fatal,Daylight,Clear,Motor Vehicle-In-Transport On Same Roadway,None,THP District 5 - Fall Branch,THP,Unbelted,-,-,Drug,-,-,-,-,-,-,-,Motorcyclist,-,Jefferson,Not in City Limit,7
44223,400098485,0,2,35.03102,-87.59672,7,2024-06-02 00:00:00,2024,6,2,24,0,Sunday,24:00,Suspected Serious Injury,Dark-Not Lighted,Fog,Standing Tree,None,THP District 7 - Lawrenceburg,THP,Unbelted,-,-,-,-,-,-,-,-,-,-,-,-,Lawrence,Not in City Limit,1
44235,400098576,0,1,35.51002,-87.92672,7,2024-05-31 14:04:00,2024,5,31,14,4,Friday,14:04,Suspected Serious Injury,Daylight,Clear,Standing Tree,None,THP District 7 - Lawrenceburg,THP,Unbelted,-,Drinking,-,-,-,-,-,-,-,-,-,-,Perry,Not in City Limit,6
44243,400098617,0,1,36.31904,-87.84138,3,2024-06-02 11:39:00,2024,6,2,11,39,Sunday,11:39,Suspected Serious Injury,Daylight,Clear,Guard Rail Face,None,THP District 3 - Nashville,THP,-,-,-,-,-,-,-,-,-,-,-,Motorcyclist,-,Houston,Not in City Limit,1
44246,400098626,0,4,35.30024,-84.69354,2,2024-06-02 12:01:00,2024,6,2,12,1,Sunday,12:01,Suspected Serious Injury,Daylight,Rain,Standing Tree,None,THP District 2 - Chattanooga,THP,Unbelted,-,-,-,-,-,-,-,-,-,-,-,-,McMinn,Not in City Limit,1
44258,400098676,0,2,35.98232,-84.04998,1,2024-06-01 21:46:00,2024,6,1,21,46,Saturday,21:46,Suspected Serious Injury,Dark-Not Lighted,Cloudy,"Over Turn, Roll Over",None,KNOX CO SHERIFFS OFFICE,Other,Unbelted,-,-,-,-,Speeding,-,-,-,-,-,-,-,Knox,Not in City Limit,7
44264,400098688,0,4,35.21206,-86.04926,2,2024-06-02 12:13:00,2024,6,2,12,13,Sunday,12:13,Suspected Serious Injury,Daylight,Clear,Motor Vehicle-In-Transport On Same Roadway,None,DECHERD POLICE DEPT,Other,Unbelted,-,-,-,-,-,-,-,-,-,-,-,-,Franklin,Decherd,1
44265,400098689,0,8,36.04565,-86.71947,3,2024-06-02 15:10:00,2024,6,2,15,10,Sunday,15:10,Suspected Serious Injury,Daylight,Clear,Motor Vehicle-In-Transport On Same Roadway,None,METROPOLITAN NASHVILLE POLICE DEPT,Other,Unbelted,Distracted,-,-,-,-,-,-,-,-,-,-,-,Davidson,Nashville,1
44269,400098706,0,1,35.47336,-86.80034,7,2024-06-02 13:19:00,2024,6,2,13,19,Sunday,13:19,Suspected Serious Injury,Daylight,Clear,Motor Vehicle-In-Transport On Same Roadway,None,LEWISBURG POLICE DEPT,Other,Unbelted,-,-,-,-,-,-,-,-,-,-,-,-,Marshall,Lewisburg,1
44272,400098716,0,2,35.82593,-88.11912,8,2024-06-01 16:10:00,2024,6,1,16,10,Saturday,16:10,Suspected Serious Injury,Daylight,Clear,Motor Vehicle-In-Transport On Same Roadway,None,THP District 8 - Jackson,THP,Unbelted,-,-,-,-,-,-,-,-,-,-,-,-,Decatur,Not in City Limit,7
44273,400098718,0,1,35.13967,-84.85534,2,2024-06-02 15:10:00,2024,6,2,15,10,Sunday,15:10,Suspected Serious Injury,Daylight,Clear,Motor Vehicle-In-Transport On Same Roadway,None,THP District 2 - Chattanooga,THP,Unbelted,-,-,-,-,-,-,-,-,-,-,Motorcyclist,-,Bradley,Not in City Limit,1
44281,400098764,0,8,35.30062,-85.90234,2,2024-06-01 21:53:00,2024,6,1,21,53,Saturday,21:53,Suspected Serious Injury,Dark-Not Lighted,Clear,Motor Vehicle-In-Transport On Same Roadway,None,THP District 2 - Chattanooga,THP,Unbelted,-,Drinking,-,-,-,-,-,-,-,-,-,-,Grundy,Not in City Limit,7
44289,400098785,1,2,36.03927,-87.42249,3,2024-06-02 16:29:00,2024,6,2,16,29,Sunday,16:29,Fatal,Daylight,Clear,Motor Vehicle-In-Transport On Same Roadway,None,THP District 3 - Nashville,THP,Unbelted,-,Drinking,-,-,-,-,-,-,-,-,-,-,Dickson,Not in City Limit,1
44290,400098794,0,1,36.41623,-83.24486,5,2024-06-02 20:41:00,2024,6,2,20,41,Sunday,20:41,Suspected Serious Injury,Dark-Not Lighted,Clear,Ditch,None,THP District 5 - Fall Branch,THP,Unbelted,-,-,-,Drowsy,-,-,-,-,-,-,-,-,Hancock,Not in City Limit,1
44291,400098797,0,1,36.18018,-84.14343,1,2024-06-02 20:02:00,2024,6,2,20,2,Sunday,20:02,Suspected Serious Injury,Daylight,Clear,Fell/Jumped From Vehicle,None,THP District 1 - Knoxville,THP,-,-,-,-,-,Speeding,-,-,-,-,-,Motorcyclist,-,Anderson,Not in City Limit,1
44296,400098811,0,1,35.57983,-84.37155,1,2024-06-02 20:51:00,2024,6,2,20,51,Sunday,20:51,Suspected Serious Injury,Dark-Not Lighted,Clear,Ditch,None,MONROE CO SHERIFFS DEPT,Other,Unbelted,-,-,-,-,-,-,-,-,-,-,-,-,Monroe,Not in City Limit,1
44304,400098848,0,1,35.53229,-89.69523,4,2024-06-03 23:10:00,2024,6,3,23,10,Monday,23:10,Suspected Serious Injury,Dark-Not Lighted,Clear,Standing Tree,None,THP District 4 - Memphis,THP,Unbelted,-,-,-,-,-,-,-,-,-,-,-,-,Tipton,Not in City Limit,2
44316,400098899,0,1,35.41997,-86.70848,7,2024-06-02 12:50:00,2024,6,2,12,50,Sunday,12:50,Suspected Serious Injury,Daylight,Clear,Other Fixed Object,None,THP District 7 - Lawrenceburg,THP,Unbelted,-,-,Drug,-,-,-,-,-,-,-,-,-,Marshall,Not in City Limit,1
44319,400098904,0,1,35.37968,-89.3058,4,2024-06-02 12:43:00,2024,6,2,12,43,Sunday,12:43,Suspected Serious Injury,Daylight,Clear,Bridge/Pier Abutment,None,THP District 4 - Memphis,THP,Unbelted,-,Drinking,-,-,-,-,-,-,-,-,-,-,Fayette,Not in City Limit,1
44327,400098945,1,0,36.1247,-86.72713,3,2024-05-26 18:25:00,2024,5,26,18,25,Sunday,18:25,Fatal,Daylight,Clear,Guard Rail Face,None,METROPOLITAN NASHVILLE POLICE DEPT,Other,-,-,-,-,-,-,-,-,-,-,-,Motorcyclist,-,Davidson,Nashville,1
44328,400098948,0,3,35.91645,-87.51744,7,2024-06-02 12:29:00,2024,6,2,12,29,Sunday,12:29,Suspected Serious Injury,Daylight,Clear,Motor Vehicle-In-Transport On Same Roadway,None,THP District 7 - Lawrenceburg,THP,Unbelted,-,-,-,-,-,-,-,-,-,-,-,-,Hickman,Not in City Limit,1
44329,400098957,0,2,35.87232,-87.47293,7,2024-06-02 12:40:00,2024,6,2,12,40,Sunday,12:40,Suspected Serious Injury,Daylight,Clear,Guard Rail Face,None,THP District 7 - Lawrenceburg,THP,-,-,-,-,-,-,-,-,-,-,-,Motorcyclist,-,Hickman,Not in City Limit,1
44331,400098962,0,2,36.15585,-83.42979,5,2024-06-01 11:22:00,2024,6,1,11,22,Saturday,11:22,Suspected Serious Injury,Daylight,Clear,Standing Tree,None,THP District 5 - Fall Branch,THP,Unbelted,-,-,-,-,-,-,-,-,-,-,-,-,Hamblen,Not in City Limit,7
44343,400099028,0,1,36.41295,-89.0775,8,2024-05-30 16:55:00,2024,5,30,16,55,Thursday,16:55,Suspected Serious Injury,Daylight,Clear,Motor Vehicle-In-Transport On Same Roadway,None,UNION CITY POLICE DEPT,Other,Unbelted,-,-,-,-,-,-,-,-,-,-,-,-,Obion,Union City,5
44345,400099033,0,4,35.67875,-88.47919,8,2024-06-02 12:50:00,2024,6,2,12,50,Sunday,12:50,Suspected Serious Injury,Daylight,Clear,Motor Vehicle-In-Transport On Same Roadway,None,THP District 8 - Jackson,THP,Unbelted,-,-,Drug,-,-,-,-,-,-,-,-,-,Henderson,Not in City Limit,1
44348,400099041,0,2,35.95326,-85.75974,6,2024-06-02 17:35:00,2024,6,2,17,35,Sunday,17:35,Suspected Serious Injury,Daylight,Clear,Motor Vehicle-In-Transport On Same Roadway,None,THP District 6 - Cookeville,THP,Unbelted,-,-,-,-,-,-,-,-,-,-,-,-,DeKalb,Not in City Limit,1
44387,400099221,0,1,35.11993,-86.09723,2,2024-06-03 00:00:00,2024,6,3,24,0,Monday,24:00,Suspected Serious Injury,Daylight,Clear,Ditch,None,FRANKLIN CO SHERIFFS DEPT,Other,Unbelted,-,-,-,-,-,-,-,-,-,-,-,-,Franklin,Not in City Limit,2
44388,400099223,1,0,35.49411,-83.92775,1,2024-06-02 15:20:00,2024,6,2,15,20,Sunday,15:20,Fatal,Daylight,Clear,Motor Vehicle-In-Transport On Same Roadway,None,THP District 1 - Knoxville,THP,Unbelted,-,-,-,-,-,-,-,-,-,-,Motorcyclist,-,Blount,Not in City Limit,1
44392,400099232,0,1,35.98698,-83.89383,1,2024-06-03 21:01:00,2024,6,3,21,1,Monday,21:01,Suspected Serious Injury,Dark-Lighted,Clear,Pedal-Cycle,None,KNOXVILLE POLICE DEPT,Other,Unbelted,-,-,-,-,-,Pedalcyclist,-,-,-,-,-,-,Knox,Knoxville,2
44397,400099260,0,1,36.08358,-87.66278,3,2024-06-03 20:38:00,2024,6,3,20,38,Monday,20:38,Suspected Serious Injury,Dark-Not Lighted,Clear,Fence,None,THP District 3 - Nashville,THP,Unbelted,-,-,-,-,-,-,-,-,-,-,-,-,Humphreys,Not in City Limit,2
44399,400099265,1,2,36.30728,-86.70516,3,2024-06-03 19:30:00,2024,6,3,19,30,Monday,19:30,Fatal,Dusk,Rain,Parked Motor Vehicle,None,GOODLETTSVILLE POLICE DEPT,Other,Unbelted,Distracted,-,-,-,-,-,-,-,-,ATV_Involved,-,-,Davidson,Goodlettsville,2
44401,400099271,0,1,36.00163,-86.53573,3,2024-05-25 14:27:00,2024,5,25,14,27,Saturday,14:27,Suspected Serious Injury,Daylight,Clear,Motor Vehicle-In-Transport On Same Roadway,None,SMYRNA POLICE DEPT,Other,Unbelted,-,-,-,-,-,-,-,-,-,-,-,-,Rutherford,Smyrna,7
44409,400099315,0,2,35.46503,-84.60845,2,2024-06-03 17:00:00,2024,6,3,17,0,Monday,17:00,Suspected Serious Injury,Daylight,Clear,Motor Vehicle-In-Transport On Different Roadway,None,ATHENS POLICE DEPT,Other,Unbelted,-,-,-,-,-,-,-,-,-,-,-,-,McMinn,Athens,2
44414,400099351,1,2,35.01139,-89.64329,4,2024-06-03 09:02:00,2024,6,3,9,2,Monday,09:02,Fatal,Daylight,Clear,Motor Vehicle-In-Transport On Same Roadway,None,THP District 4 - Memphis,THP,Unbelted,-,-,-,-,-,-,-,-,-,-,-,-,Fayette,Piperton,2
44415,400099363,0,3,35.86142,-83.67199,1,2024-06-04 09:12:00,2024,6,4,9,12,Tuesday,09:12,Suspected Serious Injury,Daylight,Clear,Ditch,None,THP District 1 - Knoxville,THP,-,-,-,-,-,-,-,-,-,-,-,-,-,Sevier,Not in City Limit,3
44443,400099544,0,1,35.93667,-84.1611,1,2024-06-04 15:40:00,2024,6,4,15,40,Tuesday,15:40,Suspected Serious Injury,Daylight,Rain,Standing Tree,None,KNOX CO SHERIFFS OFFICE,Other,Unbelted,-,-,-,-,-,-,-,-,-,-,-,-,Knox,Not in City Limit,3
44445,400099552,0,1,35.91571,-82.92337,5,2024-06-04 00:00:00,2024,6,4,24,0,Tuesday,24:00,Suspected Serious Injury,Dark-Not Lighted,Clear,Ditch,None,COCKE CO SHERIFFS DEPT,Other,Unbelted,-,-,-,-,-,-,-,-,-,-,-,-,Cocke,Not in City Limit,3
44455,400099601,1,2,36.34209,-83.27753,5,2024-06-03 16:57:00,2024,6,3,16,57,Monday,16:57,Fatal,Daylight,Clear,Motor Vehicle-In-Transport On Same Roadway,None,BEAN STATION POLICE DEPT,Other,Unbelted,-,-,-,-,-,-,-,-,-,-,-,-,Grainger,Bean Station,2
44468,400099661,0,1,35.95224,-83.36608,5,2024-06-04 15:22:00,2024,6,4,15,22,Tuesday,15:22,Suspected Serious Injury,Daylight,Cloudy,Standing Tree,None,THP District 5 - Fall Branch,THP,Unbelted,-,-,-,-,-,-,-,-,-,-,-,-,Jefferson,Not in City Limit,3
44498,400099777,1,0,35.61965,-87.02376,7,2024-06-04 22:10:00,2024,6,4,22,10,Tuesday,22:10,Fatal,Dark-Lighted,Clear,Guard Rail Face,None,COLUMBIA POLICE DEPT,Other,-,-,-,-,-,-,-,-,-,-,-,Motorcyclist,-,Maury,Columbia,3
44504,400099808,1,0,36.14317,-86.74521,3,2024-06-04 21:45:00,2024,6,4,21,45,Tuesday,21:45,Fatal,Dark-Lighted,Clear,Pedestrian,None,METROPOLITAN NASHVILLE POLICE DEPT,Other,Unbelted,-,-,-,-,-,-,Pedestrian,-,-,ATV_Involved,-,-,Davidson,Nashville,3
44533,400099995,0,1,36.02575,-83.73626,1,2024-06-05 15:24:00,2024,6,5,15,24,Wednesday,15:24,Suspected Serious Injury,Daylight,Cloudy,Ditch,None,THP District 1 - Knoxville,THP,-,-,-,-,-,-,-,-,-,-,-,Motorcyclist,-,Knox,Not in City Limit,4
44542,400100053,0,1,35.4282,-88.66495,8,2024-06-05 09:59:00,2024,6,5,9,59,Wednesday,09:59,Suspected Serious Injury,Daylight,Cloudy,Motor Vehicle-In-Transport On Different Roadway,None,HENDERSON POLICE DEPT,Other,Unbelted,-,-,-,-,-,-,-,-,-,-,Motorcyclist,-,Chester,Henderson,4
44546,400100092,0,2,36.26734,-86.74626,3,2024-06-05 17:19:00,2024,6,5,17,19,Wednesday,17:19,Suspected Serious Injury,Daylight,Cloudy,Motor Vehicle-In-Transport On Same Roadway,None,METROPOLITAN NASHVILLE POLICE DEPT,Other,Unbelted,-,-,-,-,-,-,-,-,-,-,-,-,Davidson,Nashville,4
44553,400100121,0,1,35.02847,-85.40573,2,2024-06-05 17:27:00,2024,6,5,17,27,Wednesday,17:27,Suspected Serious Injury,Daylight,Clear,Motor Vehicle-In-Transport On Same Roadway,None,CHATTANOOGA POLICE DEPT,Other,Unbelted,-,-,-,-,-,-,-,-,-,ATV_Involved,-,-,Hamilton,Chattanooga,4
44556,400100128,0,3,35.21361,-88.36544,8,2024-06-02 19:59:00,2024,6,2,19,59,Sunday,19:59,Suspected Serious Injury,Dusk,Clear,Culvert,None,THP District 8 - Jackson,THP,Unbelted,-,Drinking,Drug,-,-,-,-,-,-,-,-,-,Hardin,Not in City Limit,1
44561,400100140,0,1,36.06125,-83.45799,5,2024-06-05 00:00:00,2024,6,5,24,0,Wednesday,24:00,Suspected Serious Injury,Dark-Lighted,Cloudy,Other Non-Collision,None,DANDRIDGE POLICE DEPT,Other,Unbelted,-,-,Drug,-,-,-,-,-,-,-,-,-,Jefferson,Dandridge,4
44564,400100153,0,1,36.08433,-82.952,5,2024-06-05 18:22:00,2024,6,5,18,22,Wednesday,18:22,Suspected Serious Injury,Daylight,Clear,Embankment Earth,None,THP District 5 - Fall Branch,THP,-,-,-,-,-,-,-,-,-,-,-,Motorcyclist,-,Greene,Not in City Limit,4
44566,400100160,0,1,36.47824,-87.89732,3,2024-05-29 07:46:00,2024,5,29,7,46,Wednesday,07:46,Suspected Serious Injury,Daylight,Clear,Motor Vehicle-In-Transport On Same Roadway,None,THP District 3 - Nashville,THP,Unbelted,-,-,-,Drowsy,-,-,-,-,-,ATV_Involved,-,-,Stewart,Not in City Limit,4
44569,400100176,0,1,36.15672,-85.23152,6,2024-06-05 19:03:00,2024,6,5,19,3,Wednesday,19:03,Suspected Serious Injury,Daylight,Clear,Motor Vehicle-In-Transport On Same Roadway,None,THP District 6 - Cookeville,THP,Unbelted,-,-,-,-,-,-,-,-,-,-,-,-,Putnam,Not in City Limit,4
44570,400100181,0,1,36.35345,-86.72335,3,2024-06-05 21:00:00,2024,6,5,21,0,Wednesday,21:00,Suspected Serious Injury,Dark-Lighted,Clear,Deer,None,GOODLETTSVILLE POLICE DEPT,Other,-,-,-,-,-,-,-,-,-,-,-,Motorcyclist,-,Sumner,Goodlettsville,4
44573,400100195,0,1,35.82889,-86.34979,3,2024-06-05 19:02:00,2024,6,5,19,2,Wednesday,19:02,Suspected Serious Injury,Daylight,Clear,Standing Tree,None,MURFREESBORO POLICE DEPT,Other,Unbelted,-,Drinking,-,-,-,-,-,-,-,-,-,-,Rutherford,Murfreesboro,4
44582,400100242,0,3,35.70081,-88.57422,8,2024-06-06 01:07:00,2024,6,6,1,7,Thursday,01:07,Suspected Serious Injury,Dark-Not Lighted,Clear,Embankment Earth,None,THP District 8 - Jackson,THP,Unbelted,-,-,-,-,-,-,-,-,-,-,-,-,Henderson,Not in City Limit,5
44590,400100284,0,2,36.41727,-87.05044,3,2024-06-06 06:09:00,2024,6,6,6,9,Thursday,06:09,Suspected Serious Injury,Daylight,Cloudy,Motor Vehicle-In-Transport On Same Roadway,None,THP District 3 - Nashville,THP,Unbelted,-,-,-,-,-,-,-,-,-,ATV_Involved,-,-,Robertson,Not in City Limit,5
44596,400100309,1,6,35.89137,-88.36718,8,2024-06-03 23:31:00,2024,6,3,23,31,Monday,23:31,Fatal,Dark-Not Lighted,Cloudy,Motor Vehicle-In-Transport On Same Roadway,None,THP District 8 - Jackson,THP,Unbelted,-,-,Drug,-,-,-,-,-,-,ATV_Involved,-,-,Carroll,Not in City Limit,2
44613,400100414,0,1,36.16431,-86.51472,3,2024-06-04 00:00:00,2024,6,4,24,0,Tuesday,24:00,Suspected Serious Injury,Daylight,Clear,Motor Vehicle-In-Transport On Same Roadway,None,MOUNT JULIET POLICE DEPT,Other,Unbelted,-,-,-,-,-,-,-,-,-,-,-,-,Wilson,Mount Juliet,3
44620,400100481,0,2,35.872,-87.327,7,2024-06-04 00:00:00,2024,6,4,24,0,Tuesday,24:00,Suspected Serious Injury,Dark-Not Lighted,Clear,Motor Vehicle-In-Transport On Same Roadway,None,THP District 7 - Lawrenceburg,THP,Unbelted,-,-,-,-,Speeding,-,-,-,-,-,Motorcyclist,-,Hickman,Not in City Limit,3
44637,400100597,0,1,36.12045,-89.31636,8,2024-06-05 16:57:00,2024,6,5,16,57,Wednesday,16:57,Suspected Serious Injury,Daylight,Clear,Motor Vehicle-In-Transport On Same Roadway,None,THP District 8 - Jackson,THP,Unbelted,-,-,-,-,-,-,-,-,-,-,-,-,Dyer,Not in City Limit,4
44645,400100628,0,1,36.04545,-86.70361,3,2024-06-06 15:48:00,2024,6,6,15,48,Thursday,15:48,Suspected Serious Injury,Daylight,Clear,Pedestrian,None,METROPOLITAN NASHVILLE POLICE DEPT,Other,Unbelted,-,-,-,-,-,-,Pedestrian,-,-,-,-,-,Davidson,Nashville,5
44650,400100667,3,4,35.98236,-84.02228,1,2024-06-06 15:58:00,2024,6,6,15,58,Thursday,15:58,Fatal,Daylight,Clear,Motor Vehicle-In-Transport On Same Roadway,None,KNOXVILLE POLICE DEPT,Other,Unbelted,-,-,Drug,-,-,-,-,-,-,-,-,-,Knox,Knoxville,5
44651,400100687,0,1,35.69644,-86.88348,7,2024-06-06 20:50:00,2024,6,6,20,50,Thursday,20:50,Suspected Serious Injury,Dark-Not Lighted,Clear,Culvert,None,THP District 7 - Lawrenceburg,THP,Unbelted,-,-,-,-,-,-,-,-,-,-,-,-,Maury,Spring Hill,5
44659,400100706,0,4,35.48251,-85.02219,2,2024-06-06 21:56:00,2024,6,6,21,56,Thursday,21:56,Suspected Serious Injury,Dark-Lighted,Clear,Motor Vehicle-In-Transport On Same Roadway,None,DAYTON POLICE DEPT,Other,Unbelted,-,-,-,-,-,-,-,-,-,-,-,-,Rhea,Dayton,5
44660,400100715,0,1,35.58312,-89.25634,4,2024-06-06 20:13:00,2024,6,6,20,13,Thursday,20:13,Suspected Serious Injury,Dark-Lighted,Clear,Motor Vehicle-In-Transport On Different Roadway,None,BROWNSVILLE POLICE DEPT,Other,Unbelted,-,Drinking,Drug,-,Speeding,-,-,-,-,-,-,-,Haywood,Brownsville,5
44664,400100742,0,3,36.18887,-86.59357,3,2024-06-06 22:59:00,2024,6,6,22,59,Thursday,22:59,Suspected Serious Injury,Dark-Not Lighted,Clear,Motor Vehicle-In-Transport On Same Roadway,None,METROPOLITAN NASHVILLE POLICE DEPT,Other,Unbelted,-,Drinking,Drug,Drowsy,-,-,-,-,-,-,-,-,Davidson,Nashville,5
44674,400100774,0,1,35.29823,-84.68175,2,2024-06-02 20:00:00,2024,6,2,20,0,Sunday,20:00,Suspected Serious Injury,Dusk,Clear,Guard Rail Face,None,THP District 2 - Chattanooga,THP,Unbelted,-,Drinking,-,-,-,-,-,-,-,-,-,-,McMinn,Not in City Limit,1
44676,400100806,0,1,35.93707,-85.48654,6,2024-06-06 00:00:00,2024,6,6,24,0,Thursday,24:00,Suspected Serious Injury,Dark-Lighted,Clear,Motor Vehicle-In-Transport On Same Roadway,None,SPARTA POLICE DEPT,Other,Unbelted,-,-,-,-,-,-,-,-,-,ATV_Involved,-,-,White,Sparta,5
44679,400100815,0,1,35.53767,-86.82484,7,2024-06-07 06:25:00,2024,6,7,6,25,Friday,06:25,Suspected Serious Injury,Daylight,Clear,"Over Turn, Roll Over",None,THP District 7 - Lawrenceburg,THP,Unbelted,-,-,-,-,-,-,-,-,-,-,-,-,Marshall,Not in City Limit,6
44686,400100874,0,1,36.48665,-87.15996,3,2024-05-30 03:04:00,2024,5,30,3,4,Thursday,03:04,Suspected Serious Injury,Dark-Not Lighted,Clear,Pedestrian,None,THP District 3 - Nashville,THP,Unbelted,-,-,-,-,-,-,Pedestrian,-,-,-,-,-,Montgomery,Not in City Limit,5