OBJECTID,MRN,Fatality,Injury,Latitude,Longitude,THP_District,Collision_Date,Collision_Year,Collision_Month,Collision_Day,Collision_Hour,Collision_Min,Collision_DOW,Collision_Time,Crash_Type,Light_Condition,Weather,First_Harmfu_Event,Work_Zone_Type,Agency_Name,THP,Unbelted,Distracted_Driver,Driver_Drinking,Driver_Drugged,Drowsy_Driver,Speeding_Involved,Pedalcyclist,Pedestrian,Other_Nonmotorist,ATV_Involved,LargeTruck_Involved,Motorcycle_Involved,SchoolBus,County,City,DOW_Nmb
44693,400100898,1,0,36.32651,-82.83517,5,2024-06-04 15:27:00,2024,6,4,15,27,Tuesday,15:27,Fatal,Daylight,Clear,Motor Vehicle-In-Transport On Same Roadway,None,THP District 5 - Fall Branch,THP,Unbelted,-,-,-,-,-,-,-,-,-,ATV_Involved,Motorcyclist,-,Greene,Baileyton,3
44701,400100927,0,1,35.72071,-87.05135,7,2024-06-06 13:05:00,2024,6,6,13,5,Thursday,13:05,Suspected Serious Injury,Daylight,Clear,Motor Vehicle-In-Transport On Same Roadway,None,THP District 9 - Administrative,THP,Unbelted,-,-,-,-,-,-,-,-,-,-,-,-,Maury,Not in City Limit,5
44702,400100931,2,0,35.12664,-87.69848,7,2024-06-05 01:35:00,2024,6,5,1,35,Wednesday,01:35,Fatal,Dark-Not Lighted,Clear,Ditch,None,THP District 7 - Lawrenceburg,THP,Unbelted,-,Drinking,-,-,-,-,-,-,-,-,-,-,Wayne,Not in City Limit,4
44703,400100942,0,2,35.31368,-85.02489,2,2024-06-07 13:54:00,2024,6,7,13,54,Friday,13:54,Suspected Serious Injury,Daylight,Clear,Ditch,None,HAMILTON COUNTY SHERIFF'S OFFICE,Other,Unbelted,-,-,-,-,-,-,-,-,-,-,-,-,Hamilton,Not in City Limit,6
44716,400101000,0,1,36.17196,-86.50883,3,2024-06-03 14:29:00,2024,6,3,14,29,Monday,14:29,Suspected Serious Injury,Daylight,Clear,Concrete Traffic Barrier,None,THP District 3 - Nashville,THP,Unbelted,-,-,-,-,-,-,-,-,-,-,-,-,Wilson,Mount Juliet,2
44722,400101014,0,1,36.34905,-87.08236,3,2024-06-07 14:57:00,2024,6,7,14,57,Friday,14:57,Suspected Serious Injury,Daylight,Clear,Motor Vehicle-In-Transport On Same Roadway,None,THP District 3 - Nashville,THP,Unbelted,-,-,-,-,-,-,-,-,-,-,Motorcyclist,-,Cheatham,Not in City Limit,6
44723,400101022,0,5,35.11238,-85.13523,2,2024-06-06 15:25:00,2024,6,6,15,25,Thursday,15:25,Suspected Serious Injury,Daylight,Clear,Motor Vehicle-In-Transport On Same Roadway,None,CHATTANOOGA POLICE DEPT,Other,Unbelted,Distracted,-,-,-,-,-,-,-,-,-,-,-,Hamilton,Chattanooga,5
44730,400101053,0,2,35.81691,-83.53873,1,2024-06-06 14:26:00,2024,6,6,14,26,Thursday,14:26,Suspected Serious Injury,Daylight,Clear,Motor Vehicle-In-Transport On Same Roadway,None,PIGEON FORGE POLICE DEPT,Other,Unbelted,Distracted,-,-,-,-,-,-,-,-,-,-,-,Sevier,Pigeon Forge,5
44734,400101070,0,8,36.15044,-83.77721,1,2024-06-07 17:42:00,2024,6,7,17,42,Friday,17:42,Suspected Serious Injury,Daylight,Clear,Motor Vehicle-In-Transport On Same Roadway,None,THP District 1 - Knoxville,THP,Unbelted,-,-,-,-,-,-,-,-,-,-,-,-,Knox,Not in City Limit,6
44737,400101083,0,1,36.32643,-85.96626,6,2024-06-07 16:57:00,2024,6,7,16,57,Friday,16:57,Suspected Serious Injury,Daylight,Clear,Other Fixed Object,None,THP District 6 - Cookeville,THP,Unbelted,-,-,-,-,-,-,-,-,-,-,-,-,Smith,Not in City Limit,6
44753,400101150,0,1,36.37765,-89.36131,8,2024-06-07 15:40:00,2024,6,7,15,40,Friday,15:40,Suspected Serious Injury,Daylight,Clear,Motor Vehicle-In-Transport On Same Roadway,None,THP District 8 - Jackson,THP,Unbelted,-,-,-,-,-,-,-,-,-,-,-,-,Obion,Samburg,6
44755,400101159,0,3,36.14227,-82.81583,5,2024-06-07 17:40:00,2024,6,7,17,40,Friday,17:40,Suspected Serious Injury,Daylight,Clear,Motor Vehicle-In-Transport On Same Roadway,None,THP District 5 - Fall Branch,THP,Unbelted,-,Drinking,-,-,-,-,-,-,-,-,-,-,Greene,Not in City Limit,6
44756,400101161,0,1,35.89068,-83.72499,1,2024-06-07 14:30:00,2024,6,7,14,30,Friday,14:30,Suspected Serious Injury,Daylight,Clear,Motor Vehicle-In-Transport On Same Roadway,None,THP District 1 - Knoxville,THP,Unbelted,-,-,-,-,-,-,-,-,-,-,Motorcyclist,-,Sevier,Not in City Limit,6
44757,400101162,0,1,35.79727,-83.81372,1,2024-06-07 15:18:00,2024,6,7,15,18,Friday,15:18,Suspected Serious Injury,Daylight,Clear,Motor Vehicle-In-Transport On Same Roadway,None,BLOUNT CO SHERIFFS DEPT,Other,Unbelted,-,-,-,-,-,-,-,-,-,-,-,-,Blount,Not in City Limit,6
44761,400101175,0,1,36.13788,-86.89004,3,2024-06-07 00:00:00,2024,6,7,24,0,Friday,24:00,Suspected Serious Injury,Dark-Not Lighted,Clear,Guard Rail End,None,METROPOLITAN NASHVILLE POLICE DEPT,Other,Unbelted,-,-,-,-,-,-,-,-,-,-,-,-,Davidson,Nashville,6
44768,400101204,0,2,35.02011,-85.13914,2,2024-06-07 19:27:00,2024,6,7,19,27,Friday,19:27,Suspected Serious Injury,Dusk,Clear,Ditch,None,CHATTANOOGA POLICE DEPT,Other,Unbelted,-,-,-,-,-,-,-,-,-,-,-,-,Hamilton,Chattanooga,6
44773,400101219,0,1,36.18897,-88.57746,8,2024-06-07 23:23:00,2024,6,7,23,23,Friday,23:23,Suspected Serious Injury,Dark-Not Lighted,Clear,Ditch,None,THP District 8 - Jackson,THP,-,-,-,-,-,-,-,-,-,-,-,Motorcyclist,-,Weakley,Not in City Limit,6
44777,400101234,0,1,35.84984,-83.80944,1,2024-06-08 00:52:00,2024,6,8,0,52,Saturday,00:52,Suspected Serious Injury,Dark-Not Lighted,Clear,Fell/Jumped From Vehicle,None,BLOUNT CO SHERIFFS DEPT,Other,-,-,-,-,-,-,-,-,-,-,-,Motorcyclist,-,Blount,Not in City Limit,7
44779,400101238,0,3,36.03446,-83.86929,1,2024-06-07 19:24:00,2024,6,7,19,24,Friday,19:24,Suspected Serious Injury,Daylight,Clear,Motor Vehicle-In-Transport On Same Roadway,None,KNOXVILLE POLICE DEPT,Other,Unbelted,-,-,-,-,-,-,-,-,-,-,-,-,Knox,Knoxville,6
44793,400101294,0,1,36.18061,-86.14963,3,2024-06-08 08:24:00,2024,6,8,8,24,Saturday,08:24,Suspected Serious Injury,Daylight,Clear,Embankment Earth,None,THP District 3 - Nashville,THP,-,-,-,-,-,-,-,-,-,-,-,Motorcyclist,-,Wilson,Not in City Limit,7
44794,400101300,0,1,36.25911,-88.46969,8,2024-06-07 06:13:00,2024,6,7,6,13,Friday,06:13,Suspected Serious Injury,Dawn,Clear,Standing Tree,None,THP District 8 - Jackson,THP,Unbelted,-,Drinking,Drug,-,Speeding,-,-,-,-,-,-,-,Henry,Not in City Limit,6
44796,400101305,0,2,35.06999,-85.11696,2,2024-06-07 06:50:00,2024,6,7,6,50,Friday,06:50,Suspected Serious Injury,Daylight,Clear,Motor Vehicle-In-Transport On Same Roadway,None,CHATTANOOGA POLICE DEPT,Other,Unbelted,Distracted,-,-,-,Speeding,-,-,-,-,-,-,-,Hamilton,Chattanooga,6
44798,400101327,0,1,36.27958,-83.39097,5,2024-06-08 10:40:00,2024,6,8,10,40,Saturday,10:40,Suspected Serious Injury,Daylight,Clear,Motor Vehicle-In-Transport On Same Roadway,None,THP District 5 - Fall Branch,THP,Unbelted,-,-,-,-,-,-,-,-,-,-,Motorcyclist,-,Grainger,Not in City Limit,7
44801,400101341,0,2,36.57405,-87.80779,3,2024-06-08 09:23:00,2024,6,8,9,23,Saturday,09:23,Suspected Serious Injury,Daylight,Clear,Ditch,None,THP District 3 - Nashville,THP,-,-,-,-,-,-,-,-,-,-,-,Motorcyclist,-,Stewart,Not in City Limit,7
44802,400101346,0,1,35.75605,-83.97115,1,2024-06-08 10:57:00,2024,6,8,10,57,Saturday,10:57,Suspected Serious Injury,Daylight,Clear,Pedestrian,None,MARYVILLE POLICE DEPT,Other,Unbelted,-,-,-,-,-,-,Pedestrian,-,-,-,-,-,Blount,Maryville,7
44808,400101392,0,1,36.24528,-88.06093,8,2024-06-08 13:08:00,2024,6,8,13,8,Saturday,13:08,Suspected Serious Injury,Daylight,Clear,Deer,None,THP District 8 - Jackson,THP,-,-,-,-,-,-,-,-,-,-,-,Motorcyclist,-,Benton,Not in City Limit,7
44810,400101403,0,1,35.19348,-86.87067,7,2024-06-08 12:00:00,2024,6,8,12,0,Saturday,12:00,Suspected Serious Injury,Daylight,Clear,Embankment Earth,None,THP District 7 - Lawrenceburg,THP,Unbelted,-,-,-,-,-,-,-,-,-,-,-,-,Giles,Not in City Limit,7
44815,400101424,0,2,35.54125,-85.06232,2,2024-06-08 13:00:00,2024,6,8,13,0,Saturday,13:00,Suspected Serious Injury,Daylight,Clear,Motor Vehicle-In-Transport On Same Roadway,None,THP District 2 - Chattanooga,THP,Unbelted,Distracted,-,-,-,-,-,-,-,-,ATV_Involved,-,-,Rhea,Not in City Limit,7
44828,400101493,0,3,36.05044,-86.61472,3,2024-06-08 17:40:00,2024,6,8,17,40,Saturday,17:40,Suspected Serious Injury,Daylight,Clear,Motor Vehicle-In-Transport On Same Roadway,None,METROPOLITAN NASHVILLE POLICE DEPT,Other,Unbelted,-,-,-,-,-,-,-,-,-,-,-,-,Davidson,Nashville,7
44829,400101500,0,1,35.93374,-83.94841,1,2024-06-08 17:21:00,2024,6,8,17,21,Saturday,17:21,Suspected Serious Injury,Daylight,Clear,Other Traffic Barrier,None,KNOXVILLE POLICE DEPT,Other,-,-,-,-,-,Speeding,-,-,-,-,-,Motorcyclist,-,Knox,Knoxville,7
44833,400101508,0,1,36.15366,-86.95035,3,2024-06-08 18:00:00,2024,6,8,18,0,Saturday,18:00,Suspected Serious Injury,Daylight,Clear,Ditch,None,METROPOLITAN NASHVILLE POLICE DEPT,Other,Unbelted,-,-,-,-,-,-,-,-,-,-,-,-,Davidson,Nashville,7
44835,400101510,0,2,36.08608,-86.56387,3,2024-06-08 19:50:00,2024,6,8,19,50,Saturday,19:50,Suspected Serious Injury,Dark-Not Lighted,Clear,Motor Vehicle-In-Transport On Same Roadway,None,METROPOLITAN NASHVILLE POLICE DEPT,Other,Unbelted,-,-,-,-,-,-,-,-,-,-,-,-,Davidson,Nashville,7
44837,400101513,2,0,35.26042,-89.87026,4,2024-06-08 17:40:00,2024,6,8,17,40,Saturday,17:40,Fatal,Daylight,Clear,Motor Vehicle-In-Transport On Same Roadway,None,THP District 4 - Memphis,THP,Unbelted,-,-,-,-,Speeding,-,-,-,-,-,-,-,Shelby,Not in City Limit,7
44842,400101539,0,3,35.80232,-83.57338,1,2024-06-07 15:57:00,2024,6,7,15,57,Friday,15:57,Suspected Serious Injury,Daylight,Clear,Motor Vehicle-In-Transport On Same Roadway,None,PIGEON FORGE POLICE DEPT,Other,Unbelted,-,-,-,-,-,-,-,-,-,-,-,-,Sevier,Pigeon Forge,6
44846,400101555,0,1,36.15904,-86.77585,3,2024-06-08 21:23:00,2024,6,8,21,23,Saturday,21:23,Suspected Serious Injury,Dark-Lighted,Clear,Pedal-Cycle,None,METROPOLITAN NASHVILLE POLICE DEPT,Other,Unbelted,-,-,-,-,-,Pedalcyclist,-,-,-,-,-,-,Davidson,Nashville,7
44849,400101563,0,1,36.07665,-83.89773,1,2024-06-08 23:03:00,2024,6,8,23,3,Saturday,23:03,Suspected Serious Injury,Dark-Not Lighted,Clear,Bridge Rail,None,KNOX CO SHERIFFS OFFICE,Other,Unbelted,-,-,-,-,Speeding,-,-,-,-,-,-,-,Knox,Not in City Limit,7
44850,400101564,0,1,36.17127,-86.79847,3,2024-06-08 22:22:00,2024,6,8,22,22,Saturday,22:22,Suspected Serious Injury,Dark-Lighted,Clear,Motor Vehicle-In-Transport On Same Roadway,None,METROPOLITAN NASHVILLE POLICE DEPT,Other,-,-,-,-,-,-,-,-,-,-,-,Motorcyclist,-,Davidson,Nashville,7
44853,400101571,1,0,35.04255,-85.15594,2,2024-06-08 02:35:00,2024,6,8,2,35,Saturday,02:35,Fatal,Dark-Lighted,Clear,Pedestrian,None,CHATTANOOGA POLICE DEPT,Other,Unbelted,-,-,-,-,-,-,Pedestrian,-,-,-,-,-,Hamilton,Chattanooga,7
44858,400101582,0,1,35.25059,-85.97735,2,2024-06-07 16:58:00,2024,6,7,16,58,Friday,16:58,Suspected Serious Injury,Daylight,Clear,Motor Vehicle-In-Transport On Same Roadway,None,THP District 2 - Chattanooga,THP,Unbelted,-,-,-,-,-,-,-,-,-,-,-,-,Franklin,Not in City Limit,6
44859,400101586,0,1,36.27378,-86.81645,3,2024-06-08 00:00:00,2024,6,8,24,0,Saturday,24:00,Suspected Serious Injury,Dark-Not Lighted,Clear,Standing Tree,None,METROPOLITAN NASHVILLE POLICE DEPT,Other,Unbelted,-,-,-,-,-,-,-,-,-,-,-,-,Davidson,Nashville,7
44864,400101615,1,0,36.20405,-84.30641,1,2024-06-08 19:07:00,2024,6,8,19,7,Saturday,19:07,Fatal,Daylight,Clear,Standing Tree,None,THP District 1 - Knoxville,THP,-,-,Drinking,-,-,-,-,-,-,-,-,Motorcyclist,-,Anderson,Not in City Limit,7
44868,400101638,0,1,35.08516,-85.32358,2,2024-06-08 09:31:00,2024,6,8,9,31,Saturday,09:31,Suspected Serious Injury,Daylight,Clear,Concrete Traffic Barrier,None,RED BANK POLICE DEPT,Other,-,-,-,-,-,-,-,-,-,-,-,Motorcyclist,-,Hamilton,Red Bank,7
44871,400101645,0,1,35.84076,-83.09239,5,2024-06-08 16:23:00,2024,6,8,16,23,Saturday,16:23,Suspected Serious Injury,Daylight,Clear,Ditch,None,COCKE CO SHERIFFS DEPT,Other,Unbelted,-,-,-,-,-,-,-,-,-,-,-,-,Cocke,Not in City Limit,7
44878,400101677,1,2,36.18496,-82.90781,5,2024-06-08 08:21:00,2024,6,8,8,21,Saturday,08:21,Fatal,Daylight,Clear,Motor Vehicle-In-Transport On Same Roadway,None,THP District 5 - Fall Branch,THP,Unbelted,-,-,Drug,-,-,-,-,-,-,-,-,-,Greene,Mosheim,7
44881,400101689,0,5,36.12917,-85.25806,6,2024-06-08 12:55:00,2024,6,8,12,55,Saturday,12:55,Suspected Serious Injury,Daylight,Cloudy,Motor Vehicle-In-Transport On Same Roadway,None,THP District 6 - Cookeville,THP,Unbelted,-,-,-,-,-,-,-,-,-,-,-,-,Putnam,Not in City Limit,7
44882,400101694,0,1,36.16781,-87.84377,3,2024-06-08 17:57:00,2024,6,8,17,57,Saturday,17:57,Suspected Serious Injury,Daylight,Clear,"Over Turn, Roll Over",None,THP District 3 - Nashville,THP,Unbelted,-,Drinking,Drug,-,-,-,-,-,-,-,-,-,Humphreys,Not in City Limit,7
44885,400101724,0,1,36.07808,-86.49739,3,2024-06-09 07:40:00,2024,6,9,7,40,Sunday,07:40,Suspected Serious Injury,Daylight,Clear,Motor Vehicle-In-Transport On Same Roadway,None,RUTHERFORD CO SHERIFFS DEPT,Other,Unbelted,Distracted,-,-,-,Speeding,-,-,-,-,-,-,-,Rutherford,Not in City Limit,1
44886,400101725,0,2,35.95493,-86.55471,3,2024-06-09 06:38:00,2024,6,9,6,38,Sunday,06:38,Suspected Serious Injury,Dawn,Cloudy,Motor Vehicle-In-Transport On Same Roadway,None,THP District 3 - Nashville,THP,Unbelted,-,Drinking,Drug,Drowsy,-,-,-,-,-,-,-,-,Rutherford,Not in City Limit,1
44908,400101825,0,3,35.6145,-84.34991,1,2024-06-06 17:26:00,2024,6,6,17,26,Thursday,17:26,Suspected Serious Injury,Daylight,Clear,Motor Vehicle-In-Transport On Same Roadway,None,THP District 1 - Knoxville,THP,Unbelted,-,-,Drug,-,-,-,-,-,-,-,-,-,Monroe,Not in City Limit,5
44909,400101827,0,1,35.82121,-86.84556,3,2024-06-09 14:18:00,2024,6,9,14,18,Sunday,14:18,Suspected Serious Injury,Daylight,Cloudy,Fell/Jumped From Vehicle,None,THP District 3 - Nashville,THP,-,-,-,-,Drowsy,-,-,-,-,-,-,Motorcyclist,-,Williamson,Not in City Limit,1
44917,400101875,0,3,35.97979,-84.16701,1,2024-06-09 17:24:00,2024,6,9,17,24,Sunday,17:24,Suspected Serious Injury,Daylight,Rain,Motor Vehicle-In-Transport On Same Roadway,None,THP District 1 - Knoxville,THP,Unbelted,-,-,-,-,-,-,-,-,-,-,-,Indirect,Knox,Not in City Limit,1
44922,400101892,0,1,36.0319,-89.25558,8,2024-06-07 18:05:00,2024,6,7,18,5,Friday,18:05,Suspected Serious Injury,Daylight,Clear,"Over Turn, Roll Over",None,THP District 8 - Jackson,THP,-,-,-,-,-,-,-,-,-,-,-,Motorcyclist,-,Dyer,Not in City Limit,6
44925,400101902,0,2,36.11005,-88.85762,8,2024-06-09 14:25:00,2024,6,9,14,25,Sunday,14:25,Suspected Serious Injury,Daylight,Cloudy,Motor Vehicle-In-Transport On Same Roadway,None,THP District 8 - Jackson,THP,Unbelted,-,-,-,-,-,-,-,-,-,-,-,-,Gibson,Not in City Limit,1
44935,400101931,0,2,35.17227,-85.17359,2,2024-06-09 19:50:00,2024,6,9,19,50,Sunday,19:50,Suspected Serious Injury,Daylight,Clear,Motor Vehicle-In-Transport On Same Roadway,None,HAMILTON COUNTY SHERIFF'S OFFICE,Other,Unbelted,-,-,-,-,-,-,-,-,-,-,-,-,Hamilton,Not in City Limit,1
44961,400102093,0,2,34.99286,-85.28567,2,2024-06-09 00:34:00,2024,6,9,0,34,Sunday,00:34,Suspected Serious Injury,Dark-Lighted,Clear,Motor Vehicle-In-Transport On Same Roadway,None,CHATTANOOGA POLICE DEPT,Other,Unbelted,-,-,-,-,Speeding,-,-,-,-,-,-,-,Hamilton,Chattanooga,1
44965,400102109,0,3,35.63291,-88.82625,8,2024-06-10 08:18:00,2024,6,10,8,18,Monday,08:18,Suspected Serious Injury,Daylight,Clear,Motor Vehicle-In-Transport On Same Roadway,None,JACKSON POLICE DEPT,Other,Unbelted,-,-,-,-,-,-,-,-,-,-,-,-,Madison,Jackson,2
44968,400102120,0,1,36.497,-85.47991,6,2024-06-10 09:47:00,2024,6,10,9,47,Monday,09:47,Suspected Serious Injury,Daylight,Clear,Pedestrian,Construction Zone,THP District 6 - Cookeville,THP,Unbelted,-,-,-,-,-,-,Pedestrian,-,-,ATV_Involved,-,-,Clay,Not in City Limit,2
44973,400102145,1,0,35.0429,-85.15538,2,2024-06-08 16:55:00,2024,6,8,16,55,Saturday,16:55,Fatal,Daylight,Clear,Motor Vehicle-In-Transport On Same Roadway,Construction Zone,CHATTANOOGA POLICE DEPT,Other,Unbelted,-,-,-,-,-,-,-,-,-,ATV_Involved,Motorcyclist,-,Hamilton,Chattanooga,7
44978,400102172,0,4,36.01915,-87.33993,3,2024-06-10 11:14:00,2024,6,10,11,14,Monday,11:14,Suspected Serious Injury,Daylight,Clear,Motor Vehicle-In-Transport On Same Roadway,None,THP District 3 - Nashville,THP,Unbelted,-,-,-,-,-,-,-,-,-,-,-,-,Dickson,Dickson,2
44979,400102203,0,1,36.58792,-82.64376,5,2024-06-10 15:10:00,2024,6,10,15,10,Monday,15:10,Suspected Serious Injury,Daylight,Clear,Utility Pole,None,THP District 5 - Fall Branch,THP,Unbelted,-,-,-,-,-,-,-,-,-,-,-,-,Hawkins,Not in City Limit,2
44982,400102220,0,1,35.63871,-86.83396,7,2024-06-10 12:47:00,2024,6,10,12,47,Monday,12:47,Suspected Serious Injury,Daylight,Cloudy,Other Non-Collision,None,THP District 7 - Lawrenceburg,THP,-,-,-,-,-,-,-,-,-,-,-,Motorcyclist,-,Maury,Not in City Limit,2
44997,400102294,0,1,36.12691,-83.83495,1,2024-06-10 16:27:00,2024,6,10,16,27,Monday,16:27,Suspected Serious Injury,Daylight,Clear,Embankment Earth,None,KNOX CO SHERIFFS OFFICE,Other,Unbelted,-,Drinking,Drug,-,-,-,-,-,-,-,-,-,Knox,Not in City Limit,2
45002,400102312,0,3,36.34302,-82.03111,5,2024-06-10 16:00:00,2024,6,10,16,0,Monday,16:00,Suspected Serious Injury,Daylight,Clear,Motor Vehicle-In-Transport On Same Roadway,None,THP District 5 - Fall Branch,THP,Unbelted,-,-,-,-,-,-,-,-,-,-,-,-,Johnson,Not in City Limit,2
45005,400102333,0,2,35.51701,-86.14677,2,2024-06-10 17:45:00,2024,6,10,17,45,Monday,17:45,Suspected Serious Injury,Daylight,Clear,"Over Turn, Roll Over",None,THP District 2 - Chattanooga,THP,-,-,-,-,-,-,-,-,-,-,-,-,-,Coffee,Not in City Limit,2
45006,400102337,1,0,36.26021,-83.19659,5,2024-06-10 14:32:00,2024,6,10,14,32,Monday,14:32,Fatal,Daylight,Clear,Motor Vehicle-In-Transport On Same Roadway,None,THP District 5 - Fall Branch,THP,Unbelted,-,-,-,-,-,-,-,-,-,-,-,-,Hamblen,Not in City Limit,2
45008,400102345,0,2,36.10318,-87.28317,3,2024-06-10 16:39:00,2024,6,10,16,39,Monday,16:39,Suspected Serious Injury,Daylight,Clear,Motor Vehicle-In-Transport On Same Roadway,None,THP District 3 - Nashville,THP,Unbelted,-,-,-,-,-,-,-,-,-,-,-,-,Dickson,Not in City Limit,2
45015,400102374,0,1,35.89317,-87.01462,3,2024-06-09 20:16:00,2024,6,9,20,16,Sunday,20:16,Suspected Serious Injury,Dark-Not Lighted,Cloudy,Deer,None,THP District 3 - Nashville,THP,-,-,-,-,-,-,-,-,-,-,-,Motorcyclist,-,Williamson,Not in City Limit,1
45020,400102400,0,2,36.41208,-89.02596,8,2024-06-06 13:52:00,2024,6,6,13,52,Thursday,13:52,Suspected Serious Injury,Daylight,Clear,Motor Vehicle-In-Transport On Same Roadway,None,UNION CITY POLICE DEPT,Other,Unbelted,-,-,-,-,-,-,-,-,-,-,-,-,Obion,Union City,5
45025,400102422,1,1,35.1941,-88.61461,8,2024-06-10 22:39:00,2024,6,10,22,39,Monday,22:39,Fatal,Dark-Not Lighted,Clear,Motor Vehicle-In-Transport On Different Roadway,None,SELMER POLICE DEPT,Other,Unbelted,-,-,-,-,-,-,-,-,-,-,-,-,McNairy,Selmer,2
45026,400102426,1,0,35.75165,-86.53126,3,2024-06-10 23:00:00,2024,6,10,23,0,Monday,23:00,Fatal,Dark-Lighted,Clear,Standing Tree,None,RUTHERFORD CO SHERIFFS DEPT,Other,Unbelted,-,-,-,-,-,-,-,-,-,-,-,-,Rutherford,Not in City Limit,2
45029,400102439,0,3,35.61267,-88.81945,8,2024-06-10 23:55:00,2024,6,10,23,55,Monday,23:55,Suspected Serious Injury,Dark-Lighted,Clear,Motor Vehicle-In-Transport On Same Roadway,None,JACKSON POLICE DEPT,Other,Unbelted,-,-,-,-,-,-,-,-,-,-,-,-,Madison,Jackson,2
45050,400102523,0,1,35.56467,-89.75166,4,2024-06-11 06:45:00,2024,6,11,6,45,Tuesday,06:45,Suspected Serious Injury,Daylight,Clear,Utility Pole,None,THP District 4 - Memphis,THP,Unbelted,-,-,-,-,-,-,-,-,-,-,-,-,Tipton,Garland,3
45052,400102535,0,1,35.84914,-83.53551,1,2024-06-11 09:43:00,2024,6,11,9,43,Tuesday,09:43,Suspected Serious Injury,Daylight,Clear,Motor Vehicle-In-Transport On Same Roadway,None,SEVIERVILLE POLICE DEPT,Other,Unbelted,-,-,-,-,-,-,-,-,-,-,-,-,Sevier,Sevierville,3
45058,400102551,0,1,35.02538,-85.72028,2,2024-06-11 07:53:00,2024,6,11,7,53,Tuesday,07:53,Suspected Serious Injury,Daylight,Clear,"Over Turn, Roll Over",None,THP District 2 - Chattanooga,THP,Unbelted,-,-,-,-,-,-,-,-,-,ATV_Involved,-,-,Marion,South Pittsburg,3
45066,400102602,1,0,36.02167,-87.33879,3,2024-06-06 16:39:00,2024,6,6,16,39,Thursday,16:39,Fatal,Daylight,Clear,Pedestrian,None,DICKSON POLICE DEPT,Other,Unbelted,-,-,-,-,-,-,Pedestrian,-,-,ATV_Involved,-,-,Dickson,Dickson,5
45067,400102603,0,1,36.04989,-85.88136,6,2024-06-11 10:18:00,2024,6,11,10,18,Tuesday,10:18,Suspected Serious Injury,Daylight,Clear,"Over Turn, Roll Over",None,THP District 6 - Cookeville,THP,-,-,-,-,-,-,-,-,-,-,-,Motorcyclist,-,DeKalb,Not in City Limit,3
45071,400102624,0,1,35.96207,-83.98851,1,2024-06-11 12:45:00,2024,6,11,12,45,Tuesday,12:45,Suspected Serious Injury,Daylight,Cloudy,Fence,None,KNOXVILLE POLICE DEPT,Other,Unbelted,-,-,-,-,-,-,-,-,-,-,-,-,Knox,Knoxville,3
45074,400102642,1,0,35.53527,-84.64579,2,2024-06-10 14:06:00,2024,6,10,14,6,Monday,14:06,Fatal,Daylight,Clear,Standing Tree,None,THP District 2 - Chattanooga,THP,Unbelted,-,-,-,-,-,-,-,-,-,-,-,-,McMinn,Not in City Limit,2
45077,400102679,0,2,36.15361,-86.75361,3,2024-06-11 13:58:00,2024,6,11,13,58,Tuesday,13:58,Suspected Serious Injury,Daylight,Clear,Motor Vehicle-In-Transport On Same Roadway,None,METROPOLITAN NASHVILLE POLICE DEPT,Other,Unbelted,-,-,-,-,-,-,-,-,-,-,-,-,Davidson,Nashville,3
45081,400102694,0,2,35.77856,-83.90056,1,2024-06-11 14:59:00,2024,6,11,14,59,Tuesday,14:59,Suspected Serious Injury,Daylight,Clear,Motor Vehicle-In-Transport On Same Roadway,None,BLOUNT CO SHERIFFS DEPT,Other,Unbelted,-,-,-,-,-,-,-,-,-,-,-,-,Blount,Not in City Limit,3
45083,400102705,1,0,35.93316,-85.0141,6,2024-06-11 10:45:00,2024,6,11,10,45,Tuesday,10:45,Fatal,Daylight,Clear,Motor Vehicle-In-Transport On Same Roadway,None,CROSSVILLE POLICE DEPT,Other,Unbelted,Distracted,-,-,-,-,-,-,-,-,-,-,-,Cumberland,Crossville,3
45088,400102728,0,1,36.15327,-86.76437,3,2024-06-11 15:25:00,2024,6,11,15,25,Tuesday,15:25,Suspected Serious Injury,Daylight,Clear,Motor Vehicle-In-Transport On Same Roadway,None,METROPOLITAN NASHVILLE POLICE DEPT,Other,Unbelted,-,-,-,-,-,-,-,-,-,-,-,-,Davidson,Nashville,3
45089,400102740,1,0,36.55376,-82.58155,5,2024-06-08 02:24:00,2024,6,8,2,24,Saturday,02:24,Fatal,Dark-Lighted,Clear,Pedestrian,None,THP District 5 - Fall Branch,THP,Unbelted,-,-,-,-,-,-,Pedestrian,-,-,ATV_Involved,-,-,Sullivan,Kingsport,7
45095,400102774,0,3,36.03785,-83.86916,1,2024-06-11 17:33:00,2024,6,11,17,33,Tuesday,17:33,Suspected Serious Injury,Daylight,Clear,Motor Vehicle-In-Transport On Same Roadway,None,KNOX CO SHERIFFS OFFICE,Other,Unbelted,-,-,-,-,-,-,-,-,-,-,-,-,Knox,Not in City Limit,3
45096,400102777,0,1,36.11349,-83.20947,5,2024-06-11 00:00:00,2024,6,11,24,0,Tuesday,24:00,Suspected Serious Injury,Unknown,Clear,"Over Turn, Roll Over",None,COCKE CO SHERIFFS DEPT,Other,-,-,-,-,-,-,-,-,-,-,-,Motorcyclist,-,Cocke,Not in City Limit,3