OBJECTID,MRN,Fatality,Injury,Latitude,Longitude,THP_District,Collision_Date,Collision_Year,Collision_Month,Collision_Day,Collision_Hour,Collision_Min,Collision_DOW,Collision_Time,Crash_Type,Light_Condition,Weather,First_Harmfu_Event,Work_Zone_Type,Agency_Name,THP,Unbelted,Distracted_Driver,Driver_Drinking,Driver_Drugged,Drowsy_Driver,Speeding_Involved,Pedalcyclist,Pedestrian,Other_Nonmotorist,ATV_Involved,LargeTruck_Involved,Motorcycle_Involved,SchoolBus,County,City,DOW_Nmb
45099,400102798,1,0,36.02619,-83.86172,1,2024-06-10 23:40:00,2024,6,10,23,40,Monday,23:40,Fatal,Dark-Not Lighted,Clear,Pedestrian,None,KNOXVILLE POLICE DEPT,Other,-,-,Drinking,-,-,-,-,Pedestrian,-,-,-,-,-,Knox,Knoxville,2
45106,400102818,0,3,35.84523,-86.4446,3,2024-06-11 18:35:00,2024,6,11,18,35,Tuesday,18:35,Suspected Serious Injury,Daylight,Clear,Motor Vehicle-In-Transport On Same Roadway,None,MURFREESBORO POLICE DEPT,Other,Unbelted,-,-,-,-,-,-,-,-,-,-,-,-,Rutherford,Murfreesboro,3
45122,400102912,0,1,36.01704,-83.92337,1,2024-06-11 20:06:00,2024,6,11,20,6,Tuesday,20:06,Suspected Serious Injury,Daylight,Clear,Motor Vehicle-In-Transport On Same Roadway,None,KNOXVILLE POLICE DEPT,Other,Unbelted,-,-,-,-,-,-,-,-,-,-,-,-,Knox,Knoxville,3
45124,400102916,0,1,35.45903,-86.7634,7,2024-06-12 01:15:00,2024,6,12,1,15,Wednesday,01:15,Suspected Serious Injury,Dark-Not Lighted,Clear,Standing Tree,None,LEWISBURG POLICE DEPT,Other,Unbelted,-,-,-,-,-,-,-,-,-,-,-,-,Marshall,Lewisburg,4
45125,400102921,0,1,36.04899,-85.15888,6,2024-06-11 22:10:00,2024,6,11,22,10,Tuesday,22:10,Suspected Serious Injury,Dark-Not Lighted,Clear,Utility Pole,None,CUMBERLAND CO SHERIFFS OFFICE,Other,Unbelted,-,-,-,-,-,-,-,-,-,-,-,-,Cumberland,Not in City Limit,3
45140,400103010,0,1,35.26354,-84.83327,2,2024-06-09 14:05:00,2024,6,9,14,5,Sunday,14:05,Suspected Serious Injury,Daylight,Clear,Ditch,None,THP District 2 - Chattanooga,THP,Unbelted,-,-,-,-,Speeding,-,-,-,-,-,-,-,Bradley,Not in City Limit,1
45142,400103013,0,2,36.08452,-86.60614,3,2024-06-12 09:25:00,2024,6,12,9,25,Wednesday,09:25,Suspected Serious Injury,Daylight,Clear,Motor Vehicle-In-Transport On Same Roadway,None,METROPOLITAN NASHVILLE POLICE DEPT,Other,Unbelted,-,-,-,-,-,-,-,-,-,-,-,-,Davidson,Nashville,4
45144,400103021,0,1,35.63494,-87.01815,7,2024-06-12 07:28:00,2024,6,12,7,28,Wednesday,07:28,Suspected Serious Injury,Daylight,Clear,Motor Vehicle-In-Transport On Same Roadway,None,COLUMBIA POLICE DEPT,Other,Unbelted,-,-,-,-,-,-,-,-,-,-,-,Direct,Maury,Columbia,4
45149,400103058,0,1,35.44015,-86.91403,7,2024-06-09 16:55:00,2024,6,9,16,55,Sunday,16:55,Suspected Serious Injury,Daylight,Clear,Motor Vehicle-In-Transport On Same Roadway,None,THP District 7 - Lawrenceburg,THP,Unbelted,-,-,-,-,-,-,-,-,ATV_Involved,-,-,-,Marshall,Not in City Limit,1
45156,400103101,0,1,36.13338,-83.85501,1,2024-06-08 09:06:00,2024,6,8,9,6,Saturday,09:06,Suspected Serious Injury,Daylight,Clear,"Over Turn, Roll Over",None,THP District 1 - Knoxville,THP,Unbelted,-,-,Drug,-,Speeding,-,-,-,-,-,-,-,Knox,Not in City Limit,7
45158,400103122,0,3,35.23743,-87.30899,7,2024-06-12 12:37:00,2024,6,12,12,37,Wednesday,12:37,Suspected Serious Injury,Daylight,Clear,Motor Vehicle-In-Transport On Same Roadway,None,LAWRENCEBURG POLICE DEPT,Other,Unbelted,-,-,-,-,-,-,-,-,-,-,Motorcyclist,-,Lawrence,Lawrenceburg,4
45159,400103127,0,1,35.49814,-86.4579,7,2024-06-12 11:24:00,2024,6,12,11,24,Wednesday,11:24,Suspected Serious Injury,Daylight,Clear,Pedestrian,None,SHELBYVILLE POLICE DEPT,Other,Unbelted,-,-,-,-,-,-,Pedestrian,-,-,-,-,-,Bedford,Shelbyville,4
45161,400103130,0,2,36.62718,-86.56763,3,2024-06-12 12:43:00,2024,6,12,12,43,Wednesday,12:43,Suspected Serious Injury,Daylight,Clear,Motor Vehicle-In-Transport On Same Roadway,None,PORTLAND POLICE DEPT,Other,Unbelted,-,-,-,-,-,-,-,-,-,-,-,-,Sumner,Portland,4
45163,400103138,0,1,35.32483,-84.52461,2,2024-06-10 19:36:00,2024,6,10,19,36,Monday,19:36,Suspected Serious Injury,Daylight,Clear,Motor Vehicle-In-Transport On Same Roadway,None,THP District 2 - Chattanooga,THP,Unbelted,-,-,-,-,-,-,-,-,-,-,-,-,McMinn,Etowah,2
45164,400103144,0,1,35.92365,-85.00209,6,2024-06-12 09:57:00,2024,6,12,9,57,Wednesday,09:57,Suspected Serious Injury,Daylight,Clear,Motor Vehicle-In-Transport On Same Roadway,None,THP District 6 - Cookeville,THP,Unbelted,-,Drinking,-,-,-,-,-,-,-,ATV_Involved,-,-,Cumberland,Crossville,4
45178,400103205,1,0,36.00394,-85.60913,6,2024-06-12 15:58:00,2024,6,12,15,58,Wednesday,15:58,Fatal,Daylight,Clear,Standing Tree,None,THP District 6 - Cookeville,THP,Unbelted,-,-,-,-,-,-,-,-,-,-,-,-,White,Not in City Limit,4
45193,400103295,0,1,35.82363,-88.24998,8,2024-06-12 00:00:00,2024,6,12,24,0,Wednesday,24:00,Suspected Serious Injury,Daylight,Clear,"Over Turn, Roll Over",None,Natchez Trace State Park,Other,-,-,-,-,-,-,-,-,-,ATV_Involved,-,-,-,Carroll,Not in City Limit,4
45200,400103342,0,2,35.126,-84.71777,2,2024-06-11 18:27:00,2024,6,11,18,27,Tuesday,18:27,Suspected Serious Injury,Daylight,Clear,Motor Vehicle-In-Transport On Same Roadway,None,THP District 2 - Chattanooga,THP,Unbelted,-,-,-,-,-,-,-,-,-,-,-,-,Polk,Not in City Limit,3
45204,400103361,0,1,35.00324,-85.14247,2,2024-06-13 01:09:00,2024,6,13,1,9,Thursday,01:09,Suspected Serious Injury,Dark-Lighted,Cloudy,Curb,None,THP District 2 - Chattanooga,THP,-,Distracted,-,-,-,Speeding,-,-,-,-,-,Motorcyclist,-,Hamilton,Chattanooga,5
45208,400103389,0,1,35.89863,-83.81357,1,2024-06-09 11:08:00,2024,6,9,11,8,Sunday,11:08,Suspected Serious Injury,Daylight,Clear,Culvert,Construction Zone,THP District 1 - Knoxville,THP,Unbelted,-,-,Drug,-,-,-,-,-,-,-,-,-,Knox,Not in City Limit,1
45238,400103568,0,1,36.03657,-86.96661,3,2024-06-12 05:45:00,2024,6,12,5,45,Wednesday,05:45,Suspected Serious Injury,Dawn,Clear,Embankment Earth,None,METROPOLITAN NASHVILLE POLICE DEPT,Other,Unbelted,-,-,-,-,-,-,-,-,-,-,-,-,Davidson,Nashville,4
45243,400103577,0,1,35.74686,-83.99942,1,2024-06-13 10:58:00,2024,6,13,10,58,Thursday,10:58,Suspected Serious Injury,Daylight,Clear,Motor Vehicle-In-Transport On Same Roadway,None,MARYVILLE POLICE DEPT,Other,Unbelted,-,-,-,-,-,-,-,-,-,-,Motorcyclist,-,Blount,Maryville,5
45263,400103681,0,1,35.91596,-84.08254,1,2024-06-12 11:07:00,2024,6,12,11,7,Wednesday,11:07,Suspected Serious Injury,Daylight,Clear,Motor Vehicle-In-Transport On Same Roadway,None,KNOXVILLE POLICE DEPT,Other,Unbelted,-,-,-,-,-,-,-,-,-,-,-,-,Knox,Knoxville,4
45267,400103707,1,1,35.8974,-84.76453,6,2024-06-12 20:07:00,2024,6,12,20,7,Wednesday,20:07,Fatal,Dusk,Clear,Motor Vehicle-In-Transport On Same Roadway,None,THP District 6 - Cookeville,THP,Unbelted,-,Drinking,Drug,-,-,-,-,-,-,-,Motorcyclist,-,Cumberland,Not in City Limit,4
45269,400103713,0,1,36.02694,-83.90213,1,2024-06-13 16:44:00,2024,6,13,16,44,Thursday,16:44,Suspected Serious Injury,Daylight,Clear,Motor Vehicle-In-Transport On Same Roadway,None,KNOXVILLE POLICE DEPT,Other,Unbelted,Distracted,-,-,-,-,-,-,-,-,-,Motorcyclist,-,Knox,Knoxville,5
45292,400103825,0,1,35.03626,-85.13899,2,2024-06-12 22:30:00,2024,6,12,22,30,Wednesday,22:30,Suspected Serious Injury,Dark-Not Lighted,Clear,Motor Vehicle-In-Transport On Same Roadway,None,CHATTANOOGA POLICE DEPT,Other,Unbelted,-,-,-,-,-,-,-,-,-,-,Motorcyclist,-,Hamilton,Chattanooga,4
45295,400103838,1,1,36.09544,-83.7514,1,2024-06-13 16:29:00,2024,6,13,16,29,Thursday,16:29,Fatal,Daylight,Clear,Motor Vehicle-In-Transport On Same Roadway,None,THP District 1 - Knoxville,THP,Unbelted,-,-,-,-,-,-,-,-,-,-,-,-,Knox,Not in City Limit,5
45302,400103875,0,3,36.14131,-86.66747,3,2024-06-13 20:26:00,2024,6,13,20,26,Thursday,20:26,Suspected Serious Injury,Dark-Not Lighted,Clear,Motor Vehicle-In-Transport On Same Roadway,Construction Zone,METROPOLITAN NASHVILLE POLICE DEPT,Other,Unbelted,-,-,-,-,-,-,-,-,-,-,-,-,Davidson,Nashville,5
45307,400103887,0,1,36.32581,-86.70219,3,2024-06-13 21:17:00,2024,6,13,21,17,Thursday,21:17,Suspected Serious Injury,Dark-Lighted,Clear,Motor Vehicle-In-Transport On Same Roadway,None,GOODLETTSVILLE POLICE DEPT,Other,Unbelted,-,-,-,-,-,-,-,-,-,-,Motorcyclist,-,Davidson,Goodlettsville,5
45310,400103898,0,1,36.25808,-86.78741,3,2024-06-11 22:19:00,2024,6,11,22,19,Tuesday,22:19,Suspected Serious Injury,Dark-Lighted,Clear,Motor Vehicle-In-Transport On Same Roadway,None,THP District 3 - Nashville,THP,Unbelted,Distracted,-,-,Drowsy,-,-,-,-,-,ATV_Involved,-,-,Davidson,Nashville,3
45321,400103946,0,3,35.84648,-83.99202,1,2024-06-14 05:18:00,2024,6,14,5,18,Friday,05:18,Suspected Serious Injury,Dark-Lighted,Clear,Motor Vehicle-In-Transport On Same Roadway,None,ALCOA POLICE DEPARTMENT,Other,Unbelted,-,-,-,-,-,-,-,-,-,-,-,-,Blount,Alcoa,6
45325,400103959,1,3,36.46085,-87.11514,3,2024-06-13 00:29:00,2024,6,13,0,29,Thursday,00:29,Fatal,Dark-Not Lighted,Clear,Motor Vehicle-In-Transport On Same Roadway,Construction Zone,THP District 3 - Nashville,THP,Unbelted,-,-,Drug,-,-,-,-,-,-,ATV_Involved,-,-,Robertson,Not in City Limit,5
45333,400103991,0,1,35.74455,-86.9383,7,2024-06-13 08:59:00,2024,6,13,8,59,Thursday,08:59,Suspected Serious Injury,Daylight,Clear,Motor Vehicle-In-Transport On Same Roadway,None,SPRING HILL POLICE DEPT,Other,Unbelted,-,-,-,-,-,-,-,-,-,-,Motorcyclist,-,Maury,Spring Hill,5
45357,400104115,0,1,36.04206,-86.60584,3,2024-06-14 12:00:00,2024,6,14,12,0,Friday,12:00,Suspected Serious Injury,Daylight,Clear,Motor Vehicle-In-Transport On Same Roadway,None,METROPOLITAN NASHVILLE POLICE DEPT,Other,Unbelted,-,-,-,-,-,-,-,-,-,-,-,-,Davidson,Nashville,6
45359,400104122,0,1,36.29279,-88.42294,8,2024-06-14 10:11:00,2024,6,14,10,11,Friday,10:11,Suspected Serious Injury,Daylight,Clear,"Over Turn, Roll Over",None,THP District 8 - Jackson,THP,Unbelted,-,-,-,-,-,-,-,-,-,ATV_Involved,-,-,Henry,Not in City Limit,6
45369,400104171,0,6,35.71679,-86.41567,3,2024-06-10 19:44:00,2024,6,10,19,44,Monday,19:44,Suspected Serious Injury,Dusk,Clear,Motor Vehicle-In-Transport On Same Roadway,None,THP District 3 - Nashville,THP,Unbelted,-,-,-,-,-,-,-,-,-,-,-,-,Rutherford,Not in City Limit,2
45382,400104215,0,1,35.65015,-88.82677,8,2024-06-14 13:50:00,2024,6,14,13,50,Friday,13:50,Suspected Serious Injury,Daylight,Clear,Motor Vehicle-In-Transport On Same Roadway,None,JACKSON POLICE DEPT,Other,Unbelted,-,-,-,-,-,-,-,-,-,-,-,-,Madison,Jackson,6
45400,400104273,1,0,36.22157,-82.89138,5,2024-06-14 16:47:00,2024,6,14,16,47,Friday,16:47,Fatal,Daylight,Clear,Traffic Signal Support,None,THP District 5 - Fall Branch,THP,-,-,Drinking,-,-,Speeding,-,-,-,-,-,Motorcyclist,-,Greene,Not in City Limit,6
45409,400104316,0,1,35.72748,-89.54139,4,2024-06-13 16:50:00,2024,6,13,16,50,Thursday,16:50,Suspected Serious Injury,Daylight,Clear,Other Fixed Object,None,RIPLEY POLICE DEPT,Other,-,-,-,-,-,-,-,-,-,ATV_Involved,-,-,-,Lauderdale,Ripley,5
45411,400104341,0,1,36.30509,-87.09784,3,2024-06-14 13:42:00,2024,6,14,13,42,Friday,13:42,Suspected Serious Injury,Daylight,Clear,Motor Vehicle-In-Transport On Same Roadway,None,THP District 3 - Nashville,THP,Unbelted,-,Drinking,Drug,-,-,-,-,-,-,-,-,-,Cheatham,Not in City Limit,6
45416,400104362,0,1,35.97707,-86.825,3,2024-06-14 20:10:00,2024,6,14,20,10,Friday,20:10,Suspected Serious Injury,Daylight,Clear,"Over Turn, Roll Over",None,BRENTWOOD POLICE DEPT,Other,-,-,-,-,-,-,-,-,-,-,-,Motorcyclist,-,Williamson,Brentwood,6
45419,400104373,0,1,36.04638,-89.38,8,2024-06-14 19:00:00,2024,6,14,19,0,Friday,19:00,Suspected Serious Injury,Daylight,Clear,Pedal-Cycle,None,DYERSBURG POLICE DEPT,Other,Unbelted,-,-,-,-,-,Pedalcyclist,-,-,-,-,-,-,Dyer,Dyersburg,6
45421,400104379,0,1,35.05827,-85.26744,2,2024-06-14 22:50:00,2024,6,14,22,50,Friday,22:50,Suspected Serious Injury,Dark-Not Lighted,Clear,Other Non-Fixed Object,None,CHATTANOOGA POLICE DEPT,Other,Unbelted,-,-,-,-,-,-,-,-,-,-,-,-,Hamilton,Chattanooga,6
45431,400104414,0,2,35.63071,-86.82408,7,2024-06-14 23:50:00,2024,6,14,23,50,Friday,23:50,Suspected Serious Injury,Dark-Not Lighted,Cloudy,Deer,None,THP District 7 - Lawrenceburg,THP,-,-,-,-,-,-,-,-,-,-,-,Motorcyclist,-,Maury,Not in City Limit,6
45435,400104440,0,1,36.01707,-84.27711,1,2024-06-12 00:00:00,2024,6,12,24,0,Wednesday,24:00,Suspected Serious Injury,Daylight,Clear,Curb,None,OAK RIDGE POLICE DEPT,Other,-,-,-,Drug,-,-,-,-,-,-,-,Motorcyclist,-,Anderson,Oak Ridge,4
45441,400104474,1,1,36.36344,-82.23816,5,2024-06-14 22:59:00,2024,6,14,22,59,Friday,22:59,Fatal,Dark-Not Lighted,Clear,Ditch,None,THP District 5 - Fall Branch,THP,Unbelted,-,Drinking,Drug,-,-,-,-,-,-,-,-,-,Carter,Not in City Limit,6
45445,400104488,1,1,36.12728,-83.46716,5,2024-06-13 16:00:00,2024,6,13,16,0,Thursday,16:00,Fatal,Daylight,Clear,Motor Vehicle-In-Transport On Same Roadway,None,JEFFERSON CITY POLICE DEPT,Other,Unbelted,-,-,-,-,-,-,-,-,-,-,-,-,Jefferson,Jefferson City,5
45449,400104508,0,2,36.15177,-86.85153,3,2024-06-15 00:00:00,2024,6,15,24,0,Saturday,24:00,Suspected Serious Injury,Daylight,Clear,Utility Pole,None,METROPOLITAN NASHVILLE POLICE DEPT,Other,Unbelted,-,-,-,-,-,-,-,-,-,-,-,-,Davidson,Nashville,7
45454,400104524,1,0,36.24949,-85.95764,6,2024-06-10 10:18:00,2024,6,10,10,18,Monday,10:18,Fatal,Daylight,Clear,Motor Vehicle-In-Transport On Same Roadway,None,SOUTH CARTHAGE POLICE DEPT,Other,Unbelted,-,-,-,-,-,-,-,-,-,-,-,-,Smith,South Carthage,2
45457,400104547,0,1,36.2836,-86.86766,3,2024-06-15 08:57:00,2024,6,15,8,57,Saturday,08:57,Suspected Serious Injury,Daylight,Clear,"Over Turn, Roll Over",None,METROPOLITAN NASHVILLE POLICE DEPT,Other,Unbelted,-,-,-,Drowsy,-,-,-,-,-,-,-,-,Davidson,Nashville,7
45487,400104669,0,1,36.12558,-84.10661,1,2024-06-15 14:50:00,2024,6,15,14,50,Saturday,14:50,Suspected Serious Injury,Daylight,Clear,Mail Box,None,THP District 1 - Knoxville,THP,Unbelted,-,-,-,-,-,-,-,-,-,-,-,-,Anderson,Not in City Limit,7
45488,400104671,0,1,35.18656,-86.01911,2,2024-06-13 13:44:00,2024,6,13,13,44,Thursday,13:44,Suspected Serious Injury,Daylight,Clear,Embankment Earth,None,THP District 2 - Chattanooga,THP,Unbelted,-,-,-,-,-,-,-,-,-,-,-,-,Franklin,Cowan,5
45489,400104675,0,1,35.54445,-86.1317,2,2024-06-15 13:43:00,2024,6,15,13,43,Saturday,13:43,Suspected Serious Injury,Daylight,Clear,Fence,None,THP District 2 - Chattanooga,THP,-,-,Drinking,Drug,-,-,-,-,-,-,-,Motorcyclist,-,Coffee,Not in City Limit,7
45494,400104688,0,1,35.89685,-83.97627,1,2024-06-14 19:57:00,2024,6,14,19,57,Friday,19:57,Suspected Serious Injury,Dark-Not Lighted,Clear,Culvert,None,KNOX CO SHERIFFS OFFICE,Other,Unbelted,-,-,-,-,-,-,-,-,-,-,-,-,Knox,Not in City Limit,6
45495,400104690,0,2,36.15432,-85.5379,6,2024-06-15 11:20:00,2024,6,15,11,20,Saturday,11:20,Suspected Serious Injury,Daylight,Clear,"Over Turn, Roll Over",None,COOKEVILLE POLICE DEPT,Other,Unbelted,Distracted,-,-,-,Speeding,-,-,-,-,-,-,-,Putnam,Cookeville,7
45496,400104694,0,3,35.86381,-83.5272,1,2024-06-15 16:54:00,2024,6,15,16,54,Saturday,16:54,Suspected Serious Injury,Daylight,Clear,Motor Vehicle-In-Transport On Same Roadway,None,SEVIERVILLE POLICE DEPT,Other,Unbelted,-,-,-,-,-,-,-,-,-,-,-,-,Sevier,Sevierville,7
45499,400104715,0,1,35.04801,-85.24274,2,2024-06-15 16:43:00,2024,6,15,16,43,Saturday,16:43,Suspected Serious Injury,Daylight,Clear,Pedestrian,None,CHATTANOOGA POLICE DEPT,Other,Unbelted,-,-,-,-,-,-,Pedestrian,-,-,-,-,-,Hamilton,Chattanooga,7
45508,400104742,0,1,36.00275,-83.92646,1,2024-06-15 19:04:00,2024,6,15,19,4,Saturday,19:04,Suspected Serious Injury,Daylight,Clear,Motor Vehicle-In-Transport On Same Roadway,None,KNOXVILLE POLICE DEPT,Other,Unbelted,-,-,-,-,-,-,-,-,-,-,-,-,Knox,Knoxville,7
45511,400104748,0,3,36.08408,-86.76389,3,2024-06-15 18:30:00,2024,6,15,18,30,Saturday,18:30,Suspected Serious Injury,Daylight,Clear,Motor Vehicle-In-Transport On Same Roadway,None,METROPOLITAN NASHVILLE POLICE DEPT,Other,Unbelted,Distracted,-,-,-,-,-,-,-,-,-,-,-,Davidson,Nashville,7
45512,400104749,0,1,35.92049,-88.50817,8,2024-06-15 17:37:00,2024,6,15,17,37,Saturday,17:37,Suspected Serious Injury,Daylight,Clear,Motor Vehicle-In-Transport On Same Roadway,None,THP District 8 - Jackson,THP,Unbelted,-,-,-,-,-,-,-,-,-,-,Motorcyclist,-,Carroll,Not in City Limit,7
45516,400104776,0,1,35.51832,-86.74796,7,2024-06-15 00:00:00,2024,6,15,24,0,Saturday,24:00,Suspected Serious Injury,Dark-Not Lighted,Clear,Standing Tree,None,THP District 7 - Lawrenceburg,THP,Unbelted,Distracted,-,-,-,-,-,-,-,-,-,-,-,Marshall,Not in City Limit,7
45522,400104828,0,1,36.25787,-86.70399,3,2024-06-15 20:40:00,2024,6,15,20,40,Saturday,20:40,Suspected Serious Injury,Dark-Not Lighted,Clear,Pedestrian,None,METROPOLITAN NASHVILLE POLICE DEPT,Other,Unbelted,-,-,-,-,-,-,Pedestrian,-,-,-,-,-,Davidson,Nashville,7
45524,400104835,0,1,36.06549,-86.6292,3,2024-06-15 22:55:00,2024,6,15,22,55,Saturday,22:55,Suspected Serious Injury,Dark-Lighted,Clear,Motor Vehicle-In-Transport On Same Roadway,None,METROPOLITAN NASHVILLE POLICE DEPT,Other,Unbelted,-,-,-,-,-,-,-,-,-,-,-,-,Davidson,Nashville,7
45527,400104842,0,1,35.32309,-89.92951,4,2024-06-16 00:29:00,2024,6,16,0,29,Sunday,00:29,Suspected Serious Injury,Dark-Not Lighted,Clear,Embankment Earth,None,THP District 4 - Memphis,THP,Unbelted,-,-,Drug,-,-,-,-,-,-,-,-,-,Shelby,Millington,1
45529,400104851,0,1,35.0217,-85.24118,2,2024-06-16 00:45:00,2024,6,16,0,45,Sunday,00:45,Suspected Serious Injury,Dark-Lighted,Clear,Pedestrian,None,CHATTANOOGA POLICE DEPT,Other,-,-,-,-,-,-,Pedalcyclist,-,-,-,-,-,-,Hamilton,Chattanooga,1
45534,400104875,0,1,35.10501,-89.82413,4,2024-06-16 01:31:00,2024,6,16,1,31,Sunday,01:31,Suspected Serious Injury,Dark-Lighted,Clear,Curb,None,GERMANTOWN POLICE DEPT,Other,Unbelted,-,-,-,-,Speeding,-,-,-,-,-,-,-,Shelby,Germantown,1
45536,400104888,0,1,36.51025,-81.91054,5,2024-06-15 09:43:00,2024,6,15,9,43,Saturday,09:43,Suspected Serious Injury,Daylight,Clear,Motor Vehicle-In-Transport On Same Roadway,None,THP District 5 - Fall Branch,THP,Unbelted,-,-,-,-,-,-,-,-,-,-,Motorcyclist,-,Johnson,Not in City Limit,7
45544,400104911,0,1,35.78104,-88.83085,8,2024-06-16 06:30:00,2024,6,16,6,30,Sunday,06:30,Suspected Serious Injury,Daylight,Clear,Standing Tree,None,THP District 8 - Jackson,THP,Unbelted,Distracted,-,-,-,-,-,-,-,-,-,-,-,Madison,Not in City Limit,1
45546,400104920,0,2,35.87313,-83.95919,1,2024-06-16 04:19:00,2024,6,16,4,19,Sunday,04:19,Suspected Serious Injury,Dark-Not Lighted,Clear,Motor Vehicle-In-Transport On Same Roadway,None,THP District 1 - Knoxville,THP,Unbelted,-,-,-,-,Speeding,-,-,-,-,ATV_Involved,-,-,Blount,Alcoa,1
45555,400104956,0,1,36.05247,-84.31203,1,2024-06-15 16:50:00,2024,6,15,16,50,Saturday,16:50,Suspected Serious Injury,Daylight,Clear,"Over Turn, Roll Over",None,ANDERSON CO SHERIFFS DEPT,Other,-,-,-,-,-,-,-,-,-,-,-,Motorcyclist,-,Anderson,Not in City Limit,7
45560,400104971,1,0,35.50422,-83.9713,1,2024-06-16 11:20:00,2024,6,16,11,20,Sunday,11:20,Fatal,Daylight,Cloudy,"Over Turn, Roll Over",None,THP District 1 - Knoxville,THP,-,-,-,-,-,-,-,-,-,-,-,Motorcyclist,-,Blount,Not in City Limit,1
45561,400104972,0,1,35.88255,-86.10426,6,2024-06-15 12:41:00,2024,6,15,12,41,Saturday,12:41,Suspected Serious Injury,Daylight,Clear,Guard Rail Face,None,THP District 6 - Cookeville,THP,-,-,-,-,-,-,-,-,-,-,-,Motorcyclist,-,Cannon,Not in City Limit,7
45565,400104985,0,1,35.37226,-88.22507,8,2024-06-16 11:05:00,2024,6,16,11,5,Sunday,11:05,Suspected Serious Injury,Daylight,Clear,Ditch,None,THP District 8 - Jackson,THP,-,-,-,-,-,-,-,-,-,-,-,Motorcyclist,-,Hardin,Not in City Limit,1
45566,400104992,1,2,35.90867,-86.85521,3,2024-06-16 12:27:00,2024,6,16,12,27,Sunday,12:27,Fatal,Daylight,Clear,Motor Vehicle-In-Transport On Same Roadway,None,FRANKLIN POLICE DEPT,Other,Unbelted,-,-,-,-,-,-,-,-,-,-,-,-,Williamson,Franklin,1
45567,400104994,1,0,35.3483,-84.208,1,2024-06-15 10:27:00,2024,6,15,10,27,Saturday,10:27,Fatal,Daylight,Clear,"Over Turn, Roll Over",None,THP District 1 - Knoxville,THP,-,-,-,-,-,-,-,-,-,-,-,Motorcyclist,-,Monroe,Not in City Limit,7
45571,400105023,0,1,35.8782,-84.31027,1,2024-06-16 12:33:00,2024,6,16,12,33,Sunday,12:33,Suspected Serious Injury,Daylight,Clear,Motor Vehicle-In-Transport On Same Roadway,None,THP District 1 - Knoxville,THP,Unbelted,-,-,-,-,-,-,-,-,-,-,-,-,Loudon,Not in City Limit,1
45584,400105070,0,2,35.02366,-89.73268,4,2024-06-15 21:05:00,2024,6,15,21,5,Saturday,21:05,Suspected Serious Injury,Dark-Not Lighted,Clear,Bridge Rail,None,COLLIERVILLE POLICE DEPT,Other,Unbelted,-,-,-,-,-,-,-,-,-,-,-,-,Shelby,Collierville,7
45589,400105080,1,0,35.80549,-89.48541,4,2024-06-16 14:33:00,2024,6,16,14,33,Sunday,14:33,Fatal,Daylight,Clear,Ditch,None,THP District 4 - Memphis,THP,Unbelted,-,-,-,-,-,-,-,-,-,-,-,-,Lauderdale,Not in City Limit,1
45594,400105111,0,1,36.04327,-83.70434,1,2024-06-16 16:20:00,2024,6,16,16,20,Sunday,16:20,Suspected Serious Injury,Daylight,Clear,Standing Tree,None,KNOX CO SHERIFFS OFFICE,Other,-,-,-,-,-,-,-,-,-,-,-,Motorcyclist,-,Knox,Not in City Limit,1
45600,400105125,0,2,36.33209,-86.70927,3,2024-06-16 18:10:00,2024,6,16,18,10,Sunday,18:10,Suspected Serious Injury,Daylight,Cloudy,"Over Turn, Roll Over",None,GOODLETTSVILLE POLICE DEPT,Other,Unbelted,-,-,-,-,-,-,-,-,-,-,-,-,Davidson,Goodlettsville,1
45601,400105127,0,1,36.44201,-86.89444,3,2024-06-16 17:45:00,2024,6,16,17,45,Sunday,17:45,Suspected Serious Injury,Daylight,Cloudy,Standing Tree,None,THP District 3 - Nashville,THP,Unbelted,-,Drinking,-,-,-,-,-,-,-,-,-,-,Robertson,Not in City Limit,1
45605,400105152,1,1,36.35748,-88.96008,8,2024-06-13 14:45:00,2024,6,13,14,45,Thursday,14:45,Fatal,Daylight,Clear,Standing Tree,None,THP District 8 - Jackson,THP,-,-,-,-,-,-,-,-,-,-,-,Motorcyclist,-,Obion,Not in City Limit,5
45609,400105170,1,0,35.96268,-83.95246,1,2024-06-16 04:02:00,2024,6,16,4,2,Sunday,04:02,Fatal,Dark-Lighted,Clear,Pedestrian,None,KNOXVILLE POLICE DEPT,Other,-,-,-,-,-,-,-,Pedestrian,-,-,-,-,-,Knox,Knoxville,1
45616,400105194,0,2,36.32668,-82.27411,5,2024-06-16 02:41:00,2024,6,16,2,41,Sunday,02:41,Suspected Serious Injury,Dark-Lighted,Rain,Guard Rail Face,None,ELIZABETHTON POLICE DEPT,Other,-,-,-,-,-,-,-,-,-,-,-,Motorcyclist,-,Carter,Elizabethton,1
45618,400105196,0,3,36.29257,-86.6945,3,2024-06-16 18:56:00,2024,6,16,18,56,Sunday,18:56,Suspected Serious Injury,Daylight,Rain,Motor Vehicle-In-Transport On Same Roadway,None,METROPOLITAN NASHVILLE POLICE DEPT,Other,Unbelted,-,-,-,-,Speeding,-,-,-,-,-,-,-,Davidson,Nashville,1