OBJECTID,MRN,Fatality,Injury,Latitude,Longitude,THP_District,Collision_Date,Collision_Year,Collision_Month,Collision_Day,Collision_Hour,Collision_Min,Collision_DOW,Collision_Time,Crash_Type,Light_Condition,Weather,First_Harmfu_Event,Work_Zone_Type,Agency_Name,THP,Unbelted,Distracted_Driver,Driver_Drinking,Driver_Drugged,Drowsy_Driver,Speeding_Involved,Pedalcyclist,Pedestrian,Other_Nonmotorist,ATV_Involved,LargeTruck_Involved,Motorcycle_Involved,SchoolBus,County,City,DOW_Nmb
45634,400105233,0,2,36.43,-86.36323,3,2024-06-16 22:35:00,2024,6,16,22,35,Sunday,22:35,Suspected Serious Injury,Dark-Not Lighted,Clear,"Over Turn, Roll Over",None,THP District 3 - Nashville,THP,Unbelted,-,Drinking,-,-,-,-,-,-,-,-,-,-,Sumner,Not in City Limit,1
45637,400105242,0,1,35.03352,-85.16543,2,2024-06-10 21:21:00,2024,6,10,21,21,Monday,21:21,Suspected Serious Injury,Dark-Not Lighted,Clear,Motor Vehicle-In-Transport On Same Roadway,Construction Zone,THP District 2 - Chattanooga,THP,Unbelted,-,-,-,-,Speeding,-,-,-,-,-,-,-,Hamilton,Chattanooga,2
45638,400105247,0,2,35.05741,-85.71888,2,2024-06-14 23:20:00,2024,6,14,23,20,Friday,23:20,Suspected Serious Injury,Dark-Not Lighted,Clear,Guard Rail Face,None,THP District 2 - Chattanooga,THP,Unbelted,-,Drinking,-,-,-,-,-,-,-,-,-,-,Marion,Not in City Limit,6
45643,400105266,1,0,36.09956,-88.81199,8,2024-06-16 22:23:00,2024,6,16,22,23,Sunday,22:23,Fatal,Dark-Not Lighted,Clear,Pedestrian,None,THP District 8 - Jackson,THP,Unbelted,-,-,-,-,-,-,Pedestrian,-,-,-,-,-,Gibson,Not in City Limit,1
45649,400105276,0,1,35.5037,-83.97006,1,2024-06-15 08:23:00,2024,6,15,8,23,Saturday,08:23,Suspected Serious Injury,Daylight,Clear,Other Non-Collision,None,BLOUNT CO SHERIFFS DEPT,Other,-,-,-,-,-,Speeding,-,-,-,-,-,Motorcyclist,-,Blount,Not in City Limit,7
45650,400105278,0,1,35.15178,-85.54248,2,2024-06-15 01:47:00,2024,6,15,1,47,Saturday,01:47,Suspected Serious Injury,Dark-Not Lighted,Clear,Deer,None,THP District 2 - Chattanooga,THP,-,-,-,-,-,-,-,-,-,-,-,Motorcyclist,-,Marion,Not in City Limit,7
45660,400105313,0,2,36.18646,-84.66108,1,2024-06-17 06:50:00,2024,6,17,6,50,Monday,06:50,Suspected Serious Injury,Daylight,Clear,Motor Vehicle-In-Transport On Same Roadway,None,THP District 1 - Knoxville,THP,Unbelted,-,-,-,Drowsy,-,-,-,-,-,-,-,-,Morgan,Not in City Limit,2
45661,400105315,1,0,36.12552,-86.71325,3,2024-06-15 21:04:00,2024,6,15,21,4,Saturday,21:04,Fatal,Dark-Lighted,Clear,Pedestrian,None,METROPOLITAN NASHVILLE POLICE DEPT,Other,Unbelted,-,-,-,-,-,-,Pedestrian,-,-,-,-,-,Davidson,Nashville,7
45669,400105344,0,1,36.10212,-86.71335,3,2024-06-14 09:36:00,2024,6,14,9,36,Friday,09:36,Suspected Serious Injury,Daylight,Clear,Other Non-Collision,None,METROPOLITAN NASHVILLE POLICE DEPT,Other,Unbelted,Distracted,-,-,-,-,-,-,-,-,-,-,-,Davidson,Nashville,6
45675,400105370,0,2,36.03299,-83.65735,1,2024-06-16 16:05:00,2024,6,16,16,5,Sunday,16:05,Suspected Serious Injury,Daylight,Clear,Motor Vehicle-In-Transport On Same Roadway,None,SEVIER CO SHERIFFS OFFICE,Other,Unbelted,-,-,Drug,-,Speeding,-,-,-,-,-,-,-,Sevier,Not in City Limit,1
45682,400105429,0,2,35.84757,-88.33858,8,2024-06-17 11:22:00,2024,6,17,11,22,Monday,11:22,Suspected Serious Injury,Daylight,Cloudy,Motor Vehicle-In-Transport On Same Roadway,None,THP District 8 - Jackson,THP,Unbelted,-,-,-,-,-,-,-,-,-,-,-,-,Carroll,Not in City Limit,2
45691,400105482,0,3,35.12249,-88.18068,8,2024-06-13 22:20:00,2024,6,13,22,20,Thursday,22:20,Suspected Serious Injury,Dark-Not Lighted,Clear,Motor Vehicle-In-Transport On Same Roadway,None,THP District 8 - Jackson,THP,Unbelted,-,Drinking,Drug,-,-,-,-,-,-,-,-,-,Hardin,Not in City Limit,5
45712,400105575,0,2,36.39723,-84.43794,1,2024-06-14 22:26:00,2024,6,14,22,26,Friday,22:26,Suspected Serious Injury,Dark-Not Lighted,Clear,Motor Vehicle-In-Transport On Same Roadway,None,THP District 1 - Knoxville,THP,Unbelted,-,-,-,-,-,-,-,-,-,-,-,-,Scott,Huntsville,6
45728,400105659,0,1,36.40597,-84.53793,1,2024-06-17 21:36:00,2024,6,17,21,36,Monday,21:36,Suspected Serious Injury,Dark-Not Lighted,Clear,Deer,None,THP District 1 - Knoxville,THP,-,-,-,-,-,-,-,-,-,-,-,Motorcyclist,-,Scott,Huntsville,2
45731,400105665,1,0,35.83794,-84.31741,1,2024-06-17 16:00:00,2024,6,17,16,0,Monday,16:00,Fatal,Daylight,Clear,Ditch,None,THP District 1 - Knoxville,THP,Unbelted,-,-,Drug,-,Speeding,-,-,-,-,-,-,-,Loudon,Not in City Limit,2
45733,400105667,0,1,35.44208,-84.336,1,2024-06-14 14:39:00,2024,6,14,14,39,Friday,14:39,Suspected Serious Injury,Daylight,Clear,Embankment Earth,None,THP District 1 - Knoxville,THP,Unbelted,-,-,Drug,-,-,-,-,-,-,-,-,-,Monroe,Not in City Limit,6
45743,400105715,0,1,36.51023,-82.78142,5,2024-06-17 20:30:00,2024,6,17,20,30,Monday,20:30,Suspected Serious Injury,Daylight,Clear,Embankment Rock/Stone/Concrete,None,CHURCH HILL PUBLIC SAFETY,Other,Unbelted,-,Drinking,-,-,-,-,-,-,-,-,-,-,Hawkins,Church Hill,2
45747,400105731,0,2,36.0482,-84.35765,1,2024-06-18 02:37:00,2024,6,18,2,37,Tuesday,02:37,Suspected Serious Injury,Dark-Not Lighted,Clear,Ditch,None,MORGAN CO SHERIFFS DEPT,Other,Unbelted,-,-,-,-,-,-,-,-,-,-,-,-,Morgan,Not in City Limit,3
45748,400105739,1,0,36.02236,-86.36081,3,2024-06-18 03:34:00,2024,6,18,3,34,Tuesday,03:34,Fatal,Dark-Lighted,Clear,Shrubbery,None,THP District 3 - Nashville,THP,Unbelted,-,-,-,-,Speeding,-,-,-,-,ATV_Involved,-,-,Wilson,Not in City Limit,3
45756,400105773,1,1,36.25264,-86.64797,3,2024-06-14 05:05:00,2024,6,14,5,5,Friday,05:05,Fatal,Dawn,Clear,Motor Vehicle-In-Transport On Same Roadway,None,METROPOLITAN NASHVILLE POLICE DEPT,Other,Unbelted,-,-,-,-,-,-,-,-,-,ATV_Involved,-,-,Davidson,Nashville,6
45762,400105803,0,1,35.5735,-89.73474,4,2024-06-17 06:00:00,2024,6,17,6,0,Monday,06:00,Suspected Serious Injury,Daylight,Clear,Standing Tree,None,THP District 4 - Memphis,THP,Unbelted,-,-,Drug,-,-,-,-,-,-,-,-,-,Tipton,Not in City Limit,2
45782,400105919,1,5,35.57705,-87.32204,7,2024-06-18 06:40:00,2024,6,18,6,40,Tuesday,06:40,Fatal,Daylight,Cloudy,Motor Vehicle-In-Transport On Same Roadway,None,THP District 7 - Lawrenceburg,THP,Unbelted,-,-,-,-,-,-,-,-,-,-,-,-,Maury,Not in City Limit,3
45784,400105923,0,2,35.93,-86.53412,3,2024-06-18 11:48:00,2024,6,18,11,48,Tuesday,11:48,Suspected Serious Injury,Daylight,Cloudy,Motor Vehicle-In-Transport On Same Roadway,None,SMYRNA POLICE DEPT,Other,Unbelted,-,-,-,-,-,-,-,-,-,-,-,-,Rutherford,Smyrna,3
45786,400105931,0,1,35.01046,-85.21807,2,2024-06-18 13:42:00,2024,6,18,13,42,Tuesday,13:42,Suspected Serious Injury,Daylight,Clear,Fell/Jumped From Vehicle,None,CHATTANOOGA POLICE DEPT,Other,-,-,-,-,-,Speeding,-,-,-,-,-,Motorcyclist,-,Hamilton,Chattanooga,3
45792,400105969,0,1,35.11288,-85.25348,2,2024-06-18 14:48:00,2024,6,18,14,48,Tuesday,14:48,Suspected Serious Injury,Daylight,Clear,Motor Vehicle-In-Transport On Same Roadway,None,CHATTANOOGA POLICE DEPT,Other,Unbelted,-,-,-,-,-,-,-,-,-,-,Motorcyclist,-,Hamilton,Chattanooga,3
45805,400106024,0,2,35.63771,-88.78213,8,2024-06-18 15:28:00,2024,6,18,15,28,Tuesday,15:28,Suspected Serious Injury,Daylight,Clear,Motor Vehicle-In-Transport On Same Roadway,None,JACKSON POLICE DEPT,Other,Unbelted,-,-,-,-,-,-,-,-,-,-,-,-,Madison,Jackson,3
45831,400106173,0,4,36.06819,-86.63317,3,2024-06-18 17:56:00,2024,6,18,17,56,Tuesday,17:56,Suspected Serious Injury,Daylight,Clear,Motor Vehicle-In-Transport On Same Roadway,None,METROPOLITAN NASHVILLE POLICE DEPT,Other,Unbelted,-,-,-,-,-,-,-,-,-,-,-,-,Davidson,Nashville,3
45832,400106176,0,1,35.00994,-85.2197,2,2024-06-11 00:30:00,2024,6,11,0,30,Tuesday,00:30,Suspected Serious Injury,Dark-Lighted,Clear,Fence,None,THP District 2 - Chattanooga,THP,Unbelted,Distracted,Drinking,Drug,-,Speeding,-,-,-,-,-,-,-,Hamilton,Chattanooga,3
45840,400106214,0,2,35.86908,-84.06407,1,2024-06-16 21:58:00,2024,6,16,21,58,Sunday,21:58,Suspected Serious Injury,Dark-Not Lighted,Clear,Motor Vehicle-In-Transport On Same Roadway,None,KNOX CO SHERIFFS OFFICE,Other,Unbelted,-,Drinking,-,-,-,-,-,-,-,-,-,-,Knox,Not in City Limit,1
45847,400106247,0,1,35.99643,-88.93086,8,2024-06-16 10:18:00,2024,6,16,10,18,Sunday,10:18,Suspected Serious Injury,Daylight,Clear,Motor Vehicle-In-Transport On Same Roadway,None,TRENTON POLICE DEPT,Other,Unbelted,-,-,-,-,-,-,-,-,-,-,-,-,Gibson,Trenton,1
45853,400106268,0,1,35.97332,-88.05536,8,2024-06-16 10:17:00,2024,6,16,10,17,Sunday,10:17,Suspected Serious Injury,Daylight,Clear,"Over Turn, Roll Over",None,THP District 8 - Jackson,THP,Unbelted,-,-,-,-,-,-,-,-,-,-,-,-,Benton,Not in City Limit,1
45856,400106284,0,1,35.59548,-86.5653,7,2024-06-19 06:30:00,2024,6,19,6,30,Wednesday,06:30,Suspected Serious Injury,Daylight,Clear,Motor Vehicle-In-Transport On Same Roadway,None,THP District 7 - Lawrenceburg,THP,Unbelted,-,-,-,-,-,-,-,-,-,-,-,-,Bedford,Not in City Limit,4
45864,400106315,0,2,35.81362,-86.77603,3,2024-06-16 17:32:00,2024,6,16,17,32,Sunday,17:32,Suspected Serious Injury,Dusk,Rain,"Over Turn, Roll Over",None,THP District 3 - Nashville,THP,Unbelted,-,-,-,-,-,-,-,-,-,-,-,-,Williamson,Not in City Limit,1
45873,400106372,0,1,35.52834,-86.42936,7,2024-06-19 11:57:00,2024,6,19,11,57,Wednesday,11:57,Suspected Serious Injury,Daylight,Clear,Motor Vehicle-In-Transport On Same Roadway,None,THP District 7 - Lawrenceburg,THP,Unbelted,-,-,-,-,-,-,-,-,ATV_Involved,-,-,-,Bedford,Not in City Limit,4
45878,400106421,0,11,36.22038,-83.05033,5,2024-06-16 18:18:00,2024,6,16,18,18,Sunday,18:18,Suspected Serious Injury,Daylight,Clear,Motor Vehicle-In-Transport On Same Roadway,None,THP District 5 - Fall Branch,THP,Unbelted,-,Drinking,-,-,-,-,-,-,-,-,-,-,Greene,Not in City Limit,1
45898,400106535,0,1,35.76993,-85.04342,2,2024-06-19 15:39:00,2024,6,19,15,39,Wednesday,15:39,Suspected Serious Injury,Daylight,Clear,"Fire, Explosion",None,THP District 6 - Cookeville,THP,Unbelted,-,-,-,-,-,-,-,-,-,-,-,-,Bledsoe,Not in City Limit,4
45901,400106559,1,0,35.28016,-85.79,2,2024-06-18 20:53:00,2024,6,18,20,53,Tuesday,20:53,Fatal,Dark-Not Lighted,Clear,"Over Turn, Roll Over",None,THP District 2 - Chattanooga,THP,Unbelted,-,Drinking,-,-,-,-,-,-,-,-,-,-,Grundy,Not in City Limit,3
45902,400106561,0,1,35.98623,-83.82698,1,2024-06-19 19:30:00,2024,6,19,19,30,Wednesday,19:30,Suspected Serious Injury,Daylight,Clear,Ditch,None,THP District 1 - Knoxville,THP,Unbelted,-,-,-,-,-,-,-,-,-,-,-,-,Knox,Not in City Limit,4
45909,400106578,2,1,35.33175,-84.86892,2,2024-06-19 14:00:00,2024,6,19,14,0,Wednesday,14:00,Fatal,Daylight,Clear,Motor Vehicle-In-Transport On Same Roadway,None,THP District 2 - Chattanooga,THP,Unbelted,-,-,-,-,-,-,-,-,-,-,-,-,Bradley,Not in City Limit,4
45914,400106588,1,0,36.14823,-83.48566,5,2024-06-19 19:17:00,2024,6,19,19,17,Wednesday,19:17,Fatal,Daylight,Clear,Standing Tree,None,THP District 5 - Fall Branch,THP,-,-,Drinking,-,-,-,-,-,-,-,-,Motorcyclist,-,Jefferson,Not in City Limit,4
45920,400106603,0,1,36.00433,-86.791,3,2024-06-19 21:55:00,2024,6,19,21,55,Wednesday,21:55,Suspected Serious Injury,Dark-Not Lighted,Clear,Pedestrian,None,THP District 3 - Nashville,THP,-,-,-,-,-,-,-,Pedestrian,-,-,-,-,-,Williamson,Brentwood,4
45938,400106708,0,1,36.256,-82.323,5,2024-06-20 08:25:00,2024,6,20,8,25,Thursday,08:25,Suspected Serious Injury,Daylight,Clear,Embankment Earth,None,THP District 5 - Fall Branch,THP,Unbelted,-,-,-,-,Speeding,-,-,-,-,-,-,-,Unicoi,Unicoi,5
45946,400106751,0,1,35.79666,-84.31994,1,2024-06-19 00:00:00,2024,6,19,24,0,Wednesday,24:00,Suspected Serious Injury,Dawn,Clear,Motor Vehicle-In-Transport On Same Roadway,None,THP District 1 - Knoxville,THP,Unbelted,-,-,Drug,-,-,-,-,-,-,ATV_Involved,-,-,Loudon,Not in City Limit,4
45966,400106855,0,1,36.11294,-83.98483,1,2024-06-20 14:58:00,2024,6,20,14,58,Thursday,14:58,Suspected Serious Injury,Daylight,Clear,Embankment Earth,None,THP District 1 - Knoxville,THP,Unbelted,-,-,-,-,-,-,-,-,-,-,-,-,Knox,Not in City Limit,5
45981,400106925,0,4,35.78677,-85.99031,6,2024-06-19 16:30:00,2024,6,19,16,30,Wednesday,16:30,Suspected Serious Injury,Daylight,Clear,Motor Vehicle-In-Transport On Same Roadway,None,THP District 6 - Cookeville,THP,Unbelted,Distracted,-,-,-,-,-,-,-,-,-,-,-,Cannon,Not in City Limit,4
45984,400106935,0,2,35.98279,-85.79837,6,2024-06-20 15:58:00,2024,6,20,15,58,Thursday,15:58,Suspected Serious Injury,Daylight,Clear,Motor Vehicle-In-Transport On Same Roadway,None,THP District 6 - Cookeville,THP,Unbelted,-,-,-,-,-,-,-,-,-,-,-,-,DeKalb,Not in City Limit,5
45986,400106939,0,2,35.61881,-87.0953,7,2024-06-20 12:43:00,2024,6,20,12,43,Thursday,12:43,Suspected Serious Injury,Daylight,Clear,Motor Vehicle-In-Transport On Same Roadway,None,COLUMBIA POLICE DEPT,Other,Unbelted,-,Drinking,Drug,-,-,-,-,-,-,-,-,-,Maury,Columbia,5
45995,400106970,0,2,35.80964,-88.30374,8,2024-06-20 16:00:00,2024,6,20,16,0,Thursday,16:00,Suspected Serious Injury,Daylight,Clear,Cable Barrier,None,THP District 8 - Jackson,THP,Unbelted,-,-,-,-,-,-,-,-,-,-,-,-,Henderson,Not in City Limit,5
46002,400106999,0,2,36.27186,-86.76148,3,2024-06-20 16:50:00,2024,6,20,16,50,Thursday,16:50,Suspected Serious Injury,Daylight,Clear,Motor Vehicle-In-Transport On Same Roadway,None,METROPOLITAN NASHVILLE POLICE DEPT,Other,Unbelted,-,-,-,-,-,-,-,-,-,-,-,-,Davidson,Nashville,5
46003,400107001,0,1,36.53546,-87.45578,3,2024-06-18 17:58:00,2024,6,18,17,58,Tuesday,17:58,Suspected Serious Injury,Daylight,Clear,Ditch,None,MONTGOMERY CO SHERIFFS OFFICE,Other,-,-,-,-,-,Speeding,-,-,-,-,-,Motorcyclist,-,Montgomery,Not in City Limit,3
46005,400107013,0,2,35.94121,-88.64877,8,2024-06-19 19:24:00,2024,6,19,19,24,Wednesday,19:24,Suspected Serious Injury,Dusk,Clear,Ditch,None,THP District 8 - Jackson,THP,-,-,Drinking,-,-,Speeding,-,-,-,-,-,Motorcyclist,-,Carroll,Not in City Limit,4
46019,400107064,0,2,36.22277,-82.17792,5,2024-06-20 19:41:00,2024,6,20,19,41,Thursday,19:41,Suspected Serious Injury,Daylight,Clear,Motor Vehicle-In-Transport On Same Roadway,None,THP District 5 - Fall Branch,THP,Unbelted,-,-,-,Drowsy,-,-,-,-,-,-,-,-,Carter,Not in City Limit,5
46021,400107090,0,1,36.07751,-87.84951,3,2024-06-15 03:15:00,2024,6,15,3,15,Saturday,03:15,Suspected Serious Injury,Dark-Lighted,Clear,Ditch,None,WAVERLY POLICE DEPT,Other,Unbelted,-,-,-,-,-,-,-,-,-,-,-,-,Humphreys,Waverly,7
46031,400107119,0,3,36.0024,-84.02406,1,2024-06-09 15:07:00,2024,6,9,15,7,Sunday,15:07,Suspected Serious Injury,Daylight,Clear,Motor Vehicle-In-Transport On Same Roadway,None,KNOX CO SHERIFFS OFFICE,Other,Unbelted,-,-,-,-,Speeding,-,-,-,-,-,Motorcyclist,-,Knox,Not in City Limit,1
46032,400107122,0,2,36.08623,-86.19885,3,2024-06-20 14:42:00,2024,6,20,14,42,Thursday,14:42,Suspected Serious Injury,Daylight,Clear,Ditch,None,THP District 3 - Nashville,THP,-,-,-,-,-,-,-,-,-,-,-,Motorcyclist,-,Wilson,Not in City Limit,5
46044,400107210,0,1,36.363,-83.432,5,2024-06-20 23:09:00,2024,6,20,23,9,Thursday,23:09,Suspected Serious Injury,Dark-Not Lighted,Clear,Other Non-Collision,None,THP District 5 - Fall Branch,THP,Unbelted,-,-,-,Drowsy,-,-,-,-,-,-,-,-,Grainger,Not in City Limit,5
46060,400107290,0,1,35.98498,-83.89622,1,2024-06-21 14:27:00,2024,6,21,14,27,Friday,14:27,Suspected Serious Injury,Daylight,Clear,Curb,None,KNOXVILLE POLICE DEPT,Other,Unbelted,-,-,-,-,-,-,-,-,-,-,-,-,Knox,Knoxville,6
46067,400107317,0,2,36.27502,-85.52572,6,2024-06-21 11:00:00,2024,6,21,11,0,Friday,11:00,Suspected Serious Injury,Daylight,Clear,"Over Turn, Roll Over",None,THP District 6 - Cookeville,THP,Unbelted,-,-,-,Drowsy,-,-,-,-,-,-,-,-,Jackson,Not in City Limit,6
46068,400107318,0,1,35.83652,-86.42327,3,2024-06-16 17:00:00,2024,6,16,17,0,Sunday,17:00,Suspected Serious Injury,Daylight,Clear,Fell/Jumped From Vehicle,None,THP District 3 - Nashville,THP,-,-,Drinking,Drug,-,-,-,-,-,-,-,Motorcyclist,-,Rutherford,Murfreesboro,1
46089,400107441,0,2,36.07448,-86.92095,3,2024-06-21 18:40:00,2024,6,21,18,40,Friday,18:40,Suspected Serious Injury,Daylight,Clear,Motor Vehicle-In-Transport On Same Roadway,None,METROPOLITAN NASHVILLE POLICE DEPT,Other,Unbelted,-,-,-,-,-,-,-,-,-,-,-,-,Davidson,Nashville,6
46094,400107462,0,2,35.9505,-84.53359,1,2024-06-21 18:28:00,2024,6,21,18,28,Friday,18:28,Suspected Serious Injury,Daylight,Clear,Motor Vehicle-In-Transport On Same Roadway,None,HARRIMAN POLICE DEPT,Other,Unbelted,-,-,-,-,-,-,-,-,-,-,-,-,Roane,Harriman,6
46096,400107467,0,2,35.66505,-86.68708,7,2024-06-21 18:52:00,2024,6,21,18,52,Friday,18:52,Suspected Serious Injury,Daylight,Clear,Motor Vehicle-In-Transport On Same Roadway,None,THP District 7 - Lawrenceburg,THP,Unbelted,-,Drinking,-,-,-,-,-,-,-,-,-,-,Marshall,Not in City Limit,6
46097,400107469,0,1,35.06175,-86.59603,7,2024-06-19 23:18:00,2024,6,19,23,18,Wednesday,23:18,Suspected Serious Injury,Dark-Not Lighted,Clear,Pedal-Cycle,None,THP District 7 - Lawrenceburg,THP,Unbelted,-,-,-,-,-,Pedalcyclist,-,-,-,-,-,-,Lincoln,Not in City Limit,4
46104,400107501,0,3,35.27063,-84.93137,2,2024-06-21 18:17:00,2024,6,21,18,17,Friday,18:17,Suspected Serious Injury,Daylight,Clear,Motor Vehicle-In-Transport On Same Roadway,None,THP District 2 - Chattanooga,THP,Unbelted,-,-,-,-,-,-,-,-,-,-,-,-,Bradley,Not in City Limit,6
46106,400107510,0,2,35.01701,-85.33368,2,2024-06-21 21:27:00,2024,6,21,21,27,Friday,21:27,Suspected Serious Injury,Dark-Lighted,Clear,Other Non-Fixed Object,None,CHATTANOOGA POLICE DEPT,Other,-,-,-,-,-,-,-,-,-,-,-,Motorcyclist,-,Hamilton,Chattanooga,6
46108,400107535,0,1,35.63349,-87.019,7,2024-06-21 21:25:00,2024,6,21,21,25,Friday,21:25,Suspected Serious Injury,Daylight,Clear,Embankment Earth,None,COLUMBIA POLICE DEPT,Other,Unbelted,-,-,-,-,-,-,-,-,-,-,-,-,Maury,Columbia,6
46110,400107543,1,3,35.78277,-83.94821,1,2024-06-21 22:50:00,2024,6,21,22,50,Friday,22:50,Fatal,Dark-Lighted,Clear,Motor Vehicle-In-Transport On Same Roadway,None,MARYVILLE POLICE DEPT,Other,Unbelted,Distracted,-,-,-,Speeding,-,-,-,-,-,-,-,Blount,Maryville,6
46119,400107575,0,2,35.05343,-85.25575,2,2024-06-22 02:30:00,2024,6,22,2,30,Saturday,02:30,Suspected Serious Injury,Dark-Lighted,Clear,Parked Motor Vehicle,None,CHATTANOOGA POLICE DEPT,Other,Unbelted,-,-,-,-,Speeding,-,-,-,-,-,-,-,Hamilton,Chattanooga,7
46120,400107582,0,1,36.04561,-86.65845,3,2024-06-22 01:15:00,2024,6,22,1,15,Saturday,01:15,Suspected Serious Injury,Dark-Lighted,Clear,Motor Vehicle-In-Transport On Same Roadway,None,METROPOLITAN NASHVILLE POLICE DEPT,Other,-,-,-,-,-,-,-,-,-,-,-,Motorcyclist,-,Davidson,Nashville,7
46126,400107595,0,1,36.54795,-82.32783,5,2024-06-21 12:48:00,2024,6,21,12,48,Friday,12:48,Suspected Serious Injury,Daylight,Clear,Motor Vehicle-In-Transport On Same Roadway,None,THP District 5 - Fall Branch,THP,Unbelted,-,-,-,-,-,-,-,-,-,-,Motorcyclist,-,Sullivan,Not in City Limit,6
46127,400107596,0,3,36.19248,-83.36001,5,2024-06-21 15:47:00,2024,6,21,15,47,Friday,15:47,Suspected Serious Injury,Daylight,Clear,Motor Vehicle-In-Transport On Same Roadway,Work Zone,MORRISTOWN POLICE DEPT,Other,Unbelted,-,-,-,-,-,-,-,-,-,-,-,-,Hamblen,Morristown,6
46129,400107616,0,2,36.33185,-89.15572,8,2024-06-21 11:45:00,2024,6,21,11,45,Friday,11:45,Suspected Serious Injury,Daylight,Clear,Motor Vehicle-In-Transport On Same Roadway,None,THP District 8 - Jackson,THP,Unbelted,-,-,-,-,-,-,-,-,-,-,-,-,Obion,Troy,6
46130,400107623,0,1,36.16157,-82.39295,5,2024-06-22 08:40:00,2024,6,22,8,40,Saturday,08:40,Suspected Serious Injury,Daylight,Clear,Embankment Rock/Stone/Concrete,None,ERWIN POLICE DEPT,Other,Unbelted,Distracted,-,-,-,-,-,-,-,-,-,-,-,Unicoi,Erwin,7
46132,400107628,0,1,36.21677,-84.12403,1,2024-06-22 06:27:00,2024,6,22,6,27,Saturday,06:27,Suspected Serious Injury,Daylight,Clear,Fence,None,THP District 1 - Knoxville,THP,-,-,-,-,-,Speeding,-,-,-,-,-,Motorcyclist,-,Anderson,Not in City Limit,7
46143,400107692,1,0,36.54635,-82.65201,5,2024-06-22 09:49:00,2024,6,22,9,49,Saturday,09:49,Fatal,Daylight,Clear,Deer,None,THP District 5 - Fall Branch,THP,-,-,-,-,-,-,-,-,-,-,-,Motorcyclist,-,Hawkins,Mount Carmel,7
46146,400107700,0,1,35.86133,-89.20639,4,2024-06-22 11:59:00,2024,6,22,11,59,Saturday,11:59,Suspected Serious Injury,Daylight,Clear,Fell/Jumped From Vehicle,None,THP District 4 - Memphis,THP,-,-,-,-,-,-,-,-,-,-,-,Motorcyclist,-,Crockett,Not in City Limit,7
46166,400107774,0,1,36.49498,-86.19,6,2024-06-22 10:50:00,2024,6,22,10,50,Saturday,10:50,Suspected Serious Injury,Daylight,Clear,Deer,None,MACON CO SHERIFFS OFFICE,Other,-,-,-,-,-,-,-,-,-,-,-,Motorcyclist,-,Macon,Not in City Limit,7
46167,400107778,0,1,35.64209,-88.77516,8,2024-06-22 14:05:00,2024,6,22,14,5,Saturday,14:05,Suspected Serious Injury,Daylight,Clear,Motor Vehicle-In-Transport On Same Roadway,None,JACKSON POLICE DEPT,Other,Unbelted,-,-,-,-,-,-,-,-,-,-,-,-,Madison,Jackson,7
46176,400107830,0,1,35.89939,-86.85546,3,2024-06-22 13:34:00,2024,6,22,13,34,Saturday,13:34,Suspected Serious Injury,Daylight,Clear,Motor Vehicle-In-Transport On Same Roadway,None,FRANKLIN POLICE DEPT,Other,Unbelted,-,-,-,-,-,-,-,-,-,-,-,-,Williamson,Franklin,7
46188,400107891,0,1,35.8436,-85.48547,6,2024-06-22 18:00:00,2024,6,22,18,0,Saturday,18:00,Suspected Serious Injury,Daylight,Clear,Ditch,None,THP District 6 - Cookeville,THP,Unbelted,-,-,-,-,Speeding,-,-,-,-,-,-,-,White,Not in City Limit,7
46193,400107909,0,1,36.21607,-86.76356,3,2024-06-22 20:36:00,2024,6,22,20,36,Saturday,20:36,Suspected Serious Injury,Dark-Lighted,Clear,Motor Vehicle-In-Transport On Same Roadway,None,METROPOLITAN NASHVILLE POLICE DEPT,Other,Unbelted,-,-,-,-,-,-,-,-,-,-,Motorcyclist,-,Davidson,Nashville,7
46205,400107948,1,1,35.87418,-87.71727,3,2024-06-22 20:54:00,2024,6,22,20,54,Saturday,20:54,Fatal,Dark-Not Lighted,Clear,Motor Vehicle-In-Transport On Same Roadway,None,THP District 3 - Nashville,THP,Unbelted,-,-,-,-,-,-,-,-,-,-,-,-,Humphreys,Not in City Limit,7
46215,400107981,0,8,35.04085,-85.27199,2,2024-06-22 03:35:00,2024,6,22,3,35,Saturday,03:35,Suspected Serious Injury,Dark-Lighted,Clear,Motor Vehicle-In-Transport On Same Roadway,None,CHATTANOOGA POLICE DEPT,Other,Unbelted,-,Drinking,-,-,-,-,-,-,-,-,-,-,Hamilton,Chattanooga,7
46217,400108003,0,2,36.43917,-81.80197,5,2024-06-22 13:42:00,2024,6,22,13,42,Saturday,13:42,Suspected Serious Injury,Daylight,Clear,Motor Vehicle-In-Transport On Same Roadway,None,THP District 5 - Fall Branch,THP,Unbelted,-,-,-,-,-,-,-,-,-,-,Motorcyclist,-,Johnson,Mountain City,7