OBJECTID,MRN,Fatality,Injury,Latitude,Longitude,THP_District,Collision_Date,Collision_Year,Collision_Month,Collision_Day,Collision_Hour,Collision_Min,Collision_DOW,Collision_Time,Crash_Type,Light_Condition,Weather,First_Harmfu_Event,Work_Zone_Type,Agency_Name,THP,Unbelted,Distracted_Driver,Driver_Drinking,Driver_Drugged,Drowsy_Driver,Speeding_Involved,Pedalcyclist,Pedestrian,Other_Nonmotorist,ATV_Involved,LargeTruck_Involved,Motorcycle_Involved,SchoolBus,County,City,DOW_Nmb
46222,400108024,0,1,35.09796,-89.6381,4,2024-06-23 06:00:00,2024,6,23,6,0,Sunday,06:00,Suspected Serious Injury,Dawn,Clear,Fence,None,THP District 4 - Memphis,THP,Unbelted,-,-,-,-,-,-,-,-,-,-,-,-,Fayette,Piperton,1
46224,400108026,0,1,36.0779,-87.38468,3,2024-06-21 00:00:00,2024,6,21,24,0,Friday,24:00,Suspected Serious Injury,Daylight,Clear,Utility Pole,None,DICKSON POLICE DEPT,Other,Unbelted,Distracted,-,-,-,-,-,-,-,-,-,-,-,Dickson,Dickson,6
46230,400108060,0,1,35.11599,-84.6959,2,2024-06-23 09:37:00,2024,6,23,9,37,Sunday,09:37,Suspected Serious Injury,Daylight,Clear,Motor Vehicle-In-Transport On Same Roadway,None,THP District 2 - Chattanooga,THP,Unbelted,-,-,-,-,-,-,-,-,-,-,Motorcyclist,-,Polk,Not in City Limit,1
46235,400108091,1,0,35.94996,-85.09811,6,2024-06-23 07:25:00,2024,6,23,7,25,Sunday,07:25,Fatal,Daylight,Blowing Sand/Soil/Dirt,Embankment Earth,None,THP District 6 - Cookeville,THP,Unbelted,-,-,Drug,-,-,-,-,-,-,-,-,-,Cumberland,Not in City Limit,1
46245,400108163,0,1,36.30177,-85.52328,6,2024-06-23 00:00:00,2024,6,23,24,0,Sunday,24:00,Suspected Serious Injury,Daylight,Clear,Embankment Rock/Stone/Concrete,None,THP District 6 - Cookeville,THP,Unbelted,-,Drinking,-,-,-,-,-,-,-,-,-,-,Jackson,Not in City Limit,1
46253,400108190,0,1,35.23567,-87.37563,7,2024-06-22 10:51:00,2024,6,22,10,51,Saturday,10:51,Suspected Serious Injury,Daylight,Clear,Motor Vehicle-In-Transport On Same Roadway,None,THP District 7 - Lawrenceburg,THP,Unbelted,Distracted,-,-,-,-,-,-,-,-,-,-,-,Lawrence,Not in City Limit,7
46256,400108200,0,1,35.53224,-84.19537,1,2024-06-22 15:03:00,2024,6,22,15,3,Saturday,15:03,Suspected Serious Injury,Daylight,Clear,Highway Traffic Sign Post,None,THP District 1 - Knoxville,THP,-,-,-,Drug,-,Speeding,-,-,-,-,-,Motorcyclist,-,Monroe,Not in City Limit,7
46257,400108201,1,0,35.76498,-84.63191,1,2024-06-23 00:55:00,2024,6,23,0,55,Sunday,00:55,Fatal,Dark-Not Lighted,Clear,Standing Tree,None,THP District 1 - Knoxville,THP,Unbelted,-,Drinking,-,-,-,-,-,-,-,-,-,-,Roane,Not in City Limit,1
46269,400108278,0,1,36.0393,-84.1152,1,2024-06-23 04:30:00,2024,6,23,4,30,Sunday,04:30,Suspected Serious Injury,Dark-Lighted,Clear,Ditch,None,ANDERSON CO SHERIFFS DEPT,Other,Unbelted,-,-,Drug,-,-,-,-,-,-,-,-,-,Anderson,Not in City Limit,1
46279,400108308,2,3,36.09929,-84.03185,1,2024-06-21 18:25:00,2024,6,21,18,25,Friday,18:25,Fatal,Daylight,Clear,Motor Vehicle-In-Transport On Same Roadway,None,THP District 1 - Knoxville,THP,Unbelted,-,Drinking,Drug,-,-,-,-,-,-,-,-,-,Knox,Not in City Limit,6
46281,400108316,0,1,35.79981,-83.57041,1,2024-06-21 17:07:00,2024,6,21,17,7,Friday,17:07,Suspected Serious Injury,Daylight,Clear,Motor Vehicle-In-Transport On Same Roadway,None,PIGEON FORGE POLICE DEPT,Other,Unbelted,-,-,-,-,-,-,-,-,-,-,-,-,Sevier,Pigeon Forge,6
46295,400108381,0,3,35.00609,-85.52552,2,2024-06-23 16:30:00,2024,6,23,16,30,Sunday,16:30,Suspected Serious Injury,Daylight,Clear,Standing Tree,None,THP District 2 - Chattanooga,THP,Unbelted,-,-,Drug,-,-,-,-,-,-,-,-,-,Marion,Not in City Limit,1
46311,400108456,0,2,36.02835,-83.73279,1,2024-06-24 09:15:00,2024,6,24,9,15,Monday,09:15,Suspected Serious Injury,Daylight,Cloudy,Motor Vehicle-In-Transport On Same Roadway,None,KNOX CO SHERIFFS OFFICE,Other,Unbelted,-,-,-,-,-,-,-,-,-,-,-,-,Knox,Not in City Limit,2
46315,400108479,1,0,36.02613,-83.87586,1,2024-06-23 13:19:00,2024,6,23,13,19,Sunday,13:19,Fatal,Daylight,Clear,Ditch,None,KNOXVILLE POLICE DEPT,Other,-,-,Drinking,Drug,-,-,-,-,-,-,-,Motorcyclist,-,Knox,Knoxville,1
46318,400108486,0,3,35.91012,-84.14979,1,2024-06-24 07:57:00,2024,6,24,7,57,Monday,07:57,Suspected Serious Injury,Daylight,Clear,Motor Vehicle-In-Transport On Same Roadway,None,KNOX CO SHERIFFS OFFICE,Other,Unbelted,-,-,-,-,-,-,-,-,-,-,-,-,Knox,Not in City Limit,2
46320,400108490,0,4,35.00873,-85.23728,2,2024-06-22 16:28:00,2024,6,22,16,28,Saturday,16:28,Suspected Serious Injury,Daylight,Clear,Motor Vehicle-In-Transport On Same Roadway,Construction Zone,CHATTANOOGA POLICE DEPT,Other,Unbelted,-,-,-,-,-,-,-,-,-,-,-,-,Hamilton,Chattanooga,7
46321,400108496,0,1,35.92068,-86.77993,3,2024-06-24 10:41:00,2024,6,24,10,41,Monday,10:41,Suspected Serious Injury,Daylight,Clear,Pedal-Cycle,None,FRANKLIN POLICE DEPT,Other,Unbelted,-,-,-,-,-,Pedalcyclist,-,-,-,-,-,-,Williamson,Franklin,2
46325,400108510,0,1,36.16336,-86.79128,3,2024-06-24 11:10:00,2024,6,24,11,10,Monday,11:10,Suspected Serious Injury,Daylight,Clear,Motor Vehicle-In-Transport On Same Roadway,None,METROPOLITAN NASHVILLE POLICE DEPT,Other,Unbelted,-,-,-,-,-,-,-,-,-,-,-,-,Davidson,Nashville,2
46328,400108558,0,1,36.45598,-81.91635,5,2024-06-24 13:10:00,2024,6,24,13,10,Monday,13:10,Suspected Serious Injury,Daylight,Clear,Boulder,None,THP District 5 - Fall Branch,THP,-,-,-,-,-,-,-,-,-,-,-,Motorcyclist,-,Johnson,Not in City Limit,2
46338,400108596,1,1,35.86904,-84.18525,1,2024-06-23 17:53:00,2024,6,23,17,53,Sunday,17:53,Fatal,Daylight,Cloudy,Motor Vehicle-In-Transport On Same Roadway,None,THP District 1 - Knoxville,THP,Unbelted,-,-,-,-,-,-,-,-,-,-,-,-,Knox,Farragut,1
46344,400108625,0,4,36.53787,-87.58229,3,2024-06-24 15:50:00,2024,6,24,15,50,Monday,15:50,Suspected Serious Injury,Daylight,Clear,Motor Vehicle-In-Transport On Same Roadway,None,MONTGOMERY CO SHERIFFS OFFICE,Other,Unbelted,-,-,-,-,-,-,-,-,-,-,-,-,Montgomery,Not in City Limit,2
46376,400108790,0,2,36.26941,-86.73652,3,2024-06-25 01:46:00,2024,6,25,1,46,Tuesday,01:46,Suspected Serious Injury,Dark-Lighted,Clear,Motor Vehicle-In-Transport On Same Roadway,Work Zone,METROPOLITAN NASHVILLE POLICE DEPT,Other,Unbelted,-,-,-,-,Speeding,-,-,-,-,-,-,-,Davidson,Nashville,3
46381,400108811,0,2,36.26887,-86.44121,3,2024-06-23 11:01:00,2024,6,23,11,1,Sunday,11:01,Suspected Serious Injury,Daylight,Clear,Motor Vehicle-In-Transport On Same Roadway,None,THP District 3 - Nashville,THP,Unbelted,-,-,-,-,-,-,-,-,-,-,-,-,Wilson,Not in City Limit,1
46382,400108814,1,0,35.48292,-86.06849,2,2024-06-25 00:00:00,2024,6,25,24,0,Tuesday,24:00,Fatal,Dark-Not Lighted,Blowing Sand/Soil/Dirt,Pedestrian,None,THP District 2 - Chattanooga,THP,Unbelted,-,Drinking,Drug,-,-,-,-,-,-,-,Motorcyclist,-,Coffee,Manchester,3
46384,400108819,0,2,35.69789,-84.42695,1,2024-06-24 11:38:00,2024,6,24,11,38,Monday,11:38,Suspected Serious Injury,Daylight,Clear,Motor Vehicle-In-Transport On Same Roadway,None,THP District 1 - Knoxville,THP,Unbelted,-,-,-,-,-,-,-,-,-,-,-,-,Loudon,Not in City Limit,2
46393,400108844,0,1,35.88031,-87.75469,3,2024-06-24 14:49:00,2024,6,24,14,49,Monday,14:49,Suspected Serious Injury,Daylight,Clear,Other Non-Fixed Object,None,THP District 3 - Nashville,THP,-,-,-,-,-,-,-,-,-,-,-,Motorcyclist,-,Humphreys,Not in City Limit,2
46397,400108861,0,2,35.11921,-84.84406,2,2024-06-25 07:22:00,2024,6,25,7,22,Tuesday,07:22,Suspected Serious Injury,Daylight,Clear,Motor Vehicle-In-Transport On Same Roadway,None,THP District 2 - Chattanooga,THP,Unbelted,-,-,-,Drowsy,-,-,-,-,-,-,-,-,Bradley,Not in City Limit,3
46413,400108943,0,2,35.01261,-85.18437,2,2024-06-25 08:00:00,2024,6,25,8,0,Tuesday,08:00,Suspected Serious Injury,Daylight,Clear,Motor Vehicle-In-Transport On Same Roadway,None,CHATTANOOGA POLICE DEPT,Other,Unbelted,-,-,-,-,-,-,-,-,-,-,-,-,Hamilton,Chattanooga,3
46414,400108954,0,2,36.01442,-84.03542,1,2024-06-25 12:28:00,2024,6,25,12,28,Tuesday,12:28,Suspected Serious Injury,Daylight,Clear,Motor Vehicle-In-Transport On Same Roadway,None,THP District 1 - Knoxville,THP,Unbelted,-,-,-,-,-,-,-,-,-,-,-,-,Knox,Not in City Limit,3
46428,400108992,1,0,35.74452,-84.68821,1,2024-06-24 17:39:00,2024,6,24,17,39,Monday,17:39,Fatal,Daylight,Clear,"Over Turn, Roll Over",None,THP District 1 - Knoxville,THP,Unbelted,-,-,-,-,-,-,-,-,-,ATV_Involved,-,-,Roane,Not in City Limit,2
46432,400109012,0,1,35.21492,-88.61497,8,2024-06-25 10:20:00,2024,6,25,10,20,Tuesday,10:20,Suspected Serious Injury,Daylight,Clear,Motor Vehicle-In-Transport On Same Roadway,None,THP District 8 - Jackson,THP,Unbelted,-,-,-,-,-,-,-,-,-,-,-,-,McNairy,Bethel Springs,3
46433,400109013,0,2,35.28486,-86.11515,2,2024-06-20 19:05:00,2024,6,20,19,5,Thursday,19:05,Suspected Serious Injury,Daylight,Clear,Motor Vehicle-In-Transport On Same Roadway,None,THP District 2 - Chattanooga,THP,Unbelted,-,-,-,-,Speeding,-,-,-,-,ATV_Involved,-,-,Franklin,Estill Springs,5
46440,400109052,0,1,35.5239,-87.55159,7,2024-06-23 21:50:00,2024,6,23,21,50,Sunday,21:50,Suspected Serious Injury,Dark-Not Lighted,Clear,Motor Vehicle-In-Transport On Same Roadway,None,THP District 7 - Lawrenceburg,THP,Unbelted,-,Drinking,-,-,-,-,-,-,-,-,-,-,Lewis,Not in City Limit,1
46443,400109060,0,1,35.11144,-85.26956,2,2024-06-25 14:46:00,2024,6,25,14,46,Tuesday,14:46,Suspected Serious Injury,Daylight,Clear,Motor Vehicle-In-Transport On Same Roadway,None,CHATTANOOGA POLICE DEPT,Other,Unbelted,-,-,-,-,-,-,-,-,-,-,Motorcyclist,-,Hamilton,Chattanooga,3
46445,400109065,0,1,36.50209,-83.3085,5,2024-06-24 18:00:00,2024,6,24,18,0,Monday,18:00,Suspected Serious Injury,Daylight,Clear,Standing Tree,None,THP District 5 - Fall Branch,THP,Unbelted,-,-,-,-,-,-,-,-,-,-,-,-,Hancock,Not in City Limit,2
46450,400109094,0,2,36.26871,-87.19969,3,2024-06-25 15:24:00,2024,6,25,15,24,Tuesday,15:24,Suspected Serious Injury,Daylight,Clear,Motor Vehicle-In-Transport On Same Roadway,None,THP District 3 - Nashville,THP,Unbelted,-,Drinking,-,-,-,-,-,-,-,-,-,-,Dickson,Not in City Limit,3
46456,400109130,0,4,35.947,-86.52704,3,2024-06-25 17:06:00,2024,6,25,17,6,Tuesday,17:06,Suspected Serious Injury,Daylight,Clear,Motor Vehicle-In-Transport On Same Roadway,None,SMYRNA POLICE DEPT,Other,Unbelted,Distracted,-,-,-,Speeding,-,-,-,-,-,-,-,Rutherford,Smyrna,3
46463,400109158,0,1,36.01491,-87.34893,3,2024-06-25 17:57:00,2024,6,25,17,57,Tuesday,17:57,Suspected Serious Injury,Daylight,Clear,"Over Turn, Roll Over",None,THP District 3 - Nashville,THP,Unbelted,-,Drinking,Drug,-,-,-,-,-,-,-,-,-,Dickson,Not in City Limit,3
46465,400109167,0,2,35.51473,-89.55448,4,2024-06-25 16:40:00,2024,6,25,16,40,Tuesday,16:40,Suspected Serious Injury,Daylight,Clear,Motor Vehicle-In-Transport On Different Roadway,None,TIPTON CO SHERIFFS DEPT,Other,Unbelted,-,-,-,-,-,-,-,-,-,-,-,-,Tipton,Not in City Limit,3
46468,400109172,0,1,36.04973,-84.438,1,2024-06-25 18:12:00,2024,6,25,18,12,Tuesday,18:12,Suspected Serious Injury,Daylight,Clear,Ditch,None,MORGAN CO SHERIFFS DEPT,Other,-,-,-,-,-,-,-,-,-,-,-,Motorcyclist,-,Morgan,Not in City Limit,3
46471,400109212,0,1,36.03667,-83.9137,1,2024-06-25 21:04:00,2024,6,25,21,4,Tuesday,21:04,Suspected Serious Injury,Dusk,Clear,Ditch,None,KNOXVILLE POLICE DEPT,Other,Unbelted,Distracted,-,-,-,-,-,-,-,-,-,-,-,Knox,Knoxville,3
46493,400109298,0,1,36.14936,-86.46229,3,2024-06-20 05:08:00,2024,6,20,5,8,Thursday,05:08,Suspected Serious Injury,Dark-Not Lighted,Clear,Ditch,None,THP District 3 - Nashville,THP,Unbelted,-,-,-,-,-,-,-,-,-,-,-,-,Wilson,Not in City Limit,5
46495,400109308,0,1,36.12616,-86.37504,3,2024-06-21 22:52:00,2024,6,21,22,52,Friday,22:52,Suspected Serious Injury,Dark-Not Lighted,Clear,Ditch,None,THP District 3 - Nashville,THP,Unbelted,-,-,-,-,-,-,-,-,-,-,-,-,Wilson,Not in City Limit,6
46519,400109434,0,1,36.33164,-89.01829,8,2024-05-12 15:17:00,2024,5,12,15,17,Sunday,15:17,Suspected Serious Injury,Daylight,Clear,Standing Tree,None,THP District 8 - Jackson,THP,-,-,-,-,-,-,-,-,-,ATV_Involved,-,-,-,Obion,Not in City Limit,1
46527,400109483,0,1,36.33103,-85.31685,6,2024-06-20 20:17:00,2024,6,20,20,17,Thursday,20:17,Suspected Serious Injury,Dark-Not Lighted,Clear,Embankment Earth,None,OVERTON CO SHERIFFS DEPT,Other,Unbelted,-,-,-,-,-,-,-,-,-,-,-,-,Overton,Not in City Limit,5
46531,400109510,0,1,36.46759,-89.22579,8,2024-06-24 22:30:00,2024,6,24,22,30,Monday,22:30,Suspected Serious Injury,Dark-Not Lighted,Clear,Ditch,None,THP District 8 - Jackson,THP,Unbelted,-,-,-,-,-,-,-,-,-,-,-,-,Obion,Not in City Limit,2
46538,400109551,0,1,35.89811,-86.40719,3,2024-06-26 13:29:00,2024,6,26,13,29,Wednesday,13:29,Suspected Serious Injury,Daylight,Clear,Mail Box,None,MURFREESBORO POLICE DEPT,Other,Unbelted,-,-,-,-,-,-,-,-,-,-,-,-,Rutherford,Murfreesboro,4
46539,400109553,0,2,35.65009,-88.82928,8,2024-06-26 14:59:00,2024,6,26,14,59,Wednesday,14:59,Suspected Serious Injury,Daylight,Rain,Motor Vehicle-In-Transport On Same Roadway,None,JACKSON POLICE DEPT,Other,Unbelted,-,-,-,-,-,-,-,-,-,-,-,-,Madison,Jackson,4
46546,400109581,0,1,35.94926,-84.38874,1,2024-06-25 22:18:00,2024,6,25,22,18,Tuesday,22:18,Suspected Serious Injury,Dark-Not Lighted,Clear,Ditch,None,OAK RIDGE POLICE DEPT,Other,-,-,-,-,-,Speeding,-,-,-,-,-,Motorcyclist,-,Roane,Oak Ridge,3
46548,400109605,0,1,36.34822,-82.24193,5,2024-06-26 17:31:00,2024,6,26,17,31,Wednesday,17:31,Suspected Serious Injury,Daylight,Clear,Motor Vehicle-In-Transport On Same Roadway,None,ELIZABETHTON POLICE DEPT,Other,Unbelted,-,-,-,-,-,-,-,-,-,-,Motorcyclist,-,Carter,Elizabethton,4
46558,400109634,1,0,35.70939,-84.81833,2,2024-06-26 00:00:00,2024,6,26,24,0,Wednesday,24:00,Fatal,Daylight,Clear,Ditch,None,THP District 2 - Chattanooga,THP,-,-,-,-,-,-,-,-,-,-,-,Motorcyclist,-,Rhea,Not in City Limit,4
46559,400109635,0,2,35.9955,-86.59726,3,2024-06-26 17:35:00,2024,6,26,17,35,Wednesday,17:35,Suspected Serious Injury,Daylight,Cloudy,Other Non-Collision,None,THP District 3 - Nashville,THP,Unbelted,-,-,-,-,-,-,-,-,-,-,-,-,Rutherford,Lavergne,4
46560,400109638,0,1,35.82725,-86.38923,3,2024-06-26 16:16:00,2024,6,26,16,16,Wednesday,16:16,Suspected Serious Injury,Daylight,Rain,Standing Tree,None,MURFREESBORO POLICE DEPT,Other,Unbelted,-,-,Drug,-,-,-,-,-,-,-,-,-,Rutherford,Murfreesboro,4
46565,400109659,1,0,36.02597,-83.48165,5,2024-06-26 16:39:00,2024,6,26,16,39,Wednesday,16:39,Fatal,Daylight,Clear,Motor Vehicle-In-Transport On Same Roadway,None,THP District 5 - Fall Branch,THP,Unbelted,-,-,-,-,-,-,-,-,-,-,Motorcyclist,-,Jefferson,Not in City Limit,4
46593,400109789,0,1,35.96483,-83.19364,5,2024-06-27 02:11:00,2024,6,27,2,11,Thursday,02:11,Suspected Serious Injury,Dark-Lighted,Rain,Parked Motor Vehicle,None,NEWPORT POLICE DEPT,Other,Unbelted,-,-,-,-,-,-,Pedestrian,-,-,ATV_Involved,-,-,Cocke,Newport,5
46621,400109972,0,2,36.35729,-85.33367,6,2024-06-27 09:24:00,2024,6,27,9,24,Thursday,09:24,Suspected Serious Injury,Daylight,Cloudy,Motor Vehicle-In-Transport On Same Roadway,None,THP District 6 - Cookeville,THP,Unbelted,-,-,-,-,-,-,-,-,-,-,-,-,Overton,Not in City Limit,5
46628,400110006,0,1,35.87224,-86.39158,3,2024-06-27 13:12:00,2024,6,27,13,12,Thursday,13:12,Suspected Serious Injury,Daylight,Clear,Motor Vehicle-In-Transport On Same Roadway,None,MURFREESBORO POLICE DEPT,Other,Unbelted,-,-,-,-,-,-,-,-,-,-,Motorcyclist,-,Rutherford,Murfreesboro,5
46636,400110041,0,1,35.70896,-85.75121,6,2024-06-27 09:32:00,2024,6,27,9,32,Thursday,09:32,Suspected Serious Injury,Daylight,Cloudy,Culvert,None,MCMINNVILLE POLICE DEPT,Other,Unbelted,-,-,-,-,-,-,-,-,-,-,-,-,Warren,McMinnville,5
46641,400110082,0,2,35.10937,-84.99339,2,2024-06-22 18:50:00,2024,6,22,18,50,Saturday,18:50,Suspected Serious Injury,Daylight,Clear,Motor Vehicle-In-Transport On Same Roadway,None,THP District 2 - Chattanooga,THP,Unbelted,-,Drinking,-,-,-,-,-,-,-,-,-,-,Bradley,Not in City Limit,7
46655,400110136,2,0,36.19571,-85.55062,6,2024-06-27 15:10:00,2024,6,27,15,10,Thursday,15:10,Fatal,Daylight,Clear,Motor Vehicle-In-Transport On Same Roadway,None,THP District 6 - Cookeville,THP,Unbelted,-,-,-,-,-,-,-,-,-,-,-,-,Putnam,Not in City Limit,5
46659,400110155,0,1,36.10082,-87.46797,3,2024-06-27 17:40:00,2024,6,27,17,40,Thursday,17:40,Suspected Serious Injury,Daylight,Clear,Ditch,None,THP District 3 - Nashville,THP,Unbelted,-,-,-,-,Speeding,-,-,-,-,-,-,-,Dickson,Not in City Limit,5
46675,400110228,1,1,35.7792,-84.34854,1,2024-06-26 22:55:00,2024,6,26,22,55,Wednesday,22:55,Fatal,Dark-Not Lighted,Rain,Motor Vehicle-In-Transport On Same Roadway,None,THP District 1 - Knoxville,THP,Unbelted,-,-,Drug,-,-,-,-,-,-,-,-,-,Loudon,Not in City Limit,4
46687,400110279,1,0,35.49944,-85.02448,2,2024-06-16 22:45:00,2024,6,16,22,45,Sunday,22:45,Fatal,Dark-Lighted,Clear,Pedestrian,None,THP District 2 - Chattanooga,THP,Unbelted,-,-,-,-,-,-,Pedestrian,-,-,-,-,-,Rhea,Not in City Limit,1
46692,400110298,0,2,36.03645,-89.37961,8,2024-06-27 00:00:00,2024,6,27,24,0,Thursday,24:00,Suspected Serious Injury,Dark-Lighted,Clear,Utility Pole,None,DYERSBURG POLICE DEPT,Other,Unbelted,-,-,-,-,Speeding,-,-,-,-,-,-,-,Dyer,Dyersburg,5
46716,400110399,0,2,35.41825,-89.69033,4,2024-06-28 07:15:00,2024,6,28,7,15,Friday,07:15,Suspected Serious Injury,Daylight,Cloudy,Culvert,None,THP District 4 - Memphis,THP,Unbelted,-,-,-,-,-,-,-,-,-,-,-,-,Tipton,Not in City Limit,6
46717,400110406,0,1,35.68919,-84.04074,1,2024-06-28 10:00:00,2024,6,28,10,0,Friday,10:00,Suspected Serious Injury,Daylight,Clear,Motor Vehicle-In-Transport On Same Roadway,None,THP District 1 - Knoxville,THP,Unbelted,-,-,-,-,-,-,-,-,-,-,Motorcyclist,-,Blount,Not in City Limit,6
46719,400110421,0,2,36.19015,-86.62653,3,2024-06-28 10:16:00,2024,6,28,10,16,Friday,10:16,Suspected Serious Injury,Daylight,Clear,Motor Vehicle-In-Transport On Same Roadway,None,METROPOLITAN NASHVILLE POLICE DEPT,Other,Unbelted,-,-,-,-,-,-,-,-,-,-,-,-,Davidson,Nashville,6
46721,400110427,0,1,35.49896,-86.51238,7,2024-06-23 19:40:00,2024,6,23,19,40,Sunday,19:40,Suspected Serious Injury,Daylight,Rain,Pedestrian,None,THP District 7 - Lawrenceburg,THP,Unbelted,-,-,-,-,-,-,Pedestrian,-,-,-,-,-,Bedford,Not in City Limit,1
46727,400110468,0,1,35.3324,-84.97165,2,2024-06-27 16:51:00,2024,6,27,16,51,Thursday,16:51,Suspected Serious Injury,Daylight,Clear,Motor Vehicle-In-Transport On Same Roadway,None,THP District 2 - Chattanooga,THP,Unbelted,-,-,-,-,-,-,-,-,-,-,-,-,Meigs,Not in City Limit,5
46740,400110526,0,2,35.20289,-86.3123,7,2024-06-25 14:42:00,2024,6,25,14,42,Tuesday,14:42,Suspected Serious Injury,Daylight,Clear,Standing Tree,None,THP District 7 - Lawrenceburg,THP,Unbelted,-,-,-,-,-,-,-,-,-,-,-,-,Moore,Lynchburg,3
46741,400110528,1,1,35.77024,-87.00639,7,2024-06-28 13:06:00,2024,6,28,13,6,Friday,13:06,Fatal,Daylight,Clear,Mail Box,None,THP District 7 - Lawrenceburg,THP,Unbelted,Distracted,-,-,-,-,-,-,-,-,-,-,-,Maury,Not in City Limit,6
46752,400110560,0,2,35.83686,-88.90821,8,2024-06-27 18:16:00,2024,6,27,18,16,Thursday,18:16,Suspected Serious Injury,Daylight,Clear,Motor Vehicle-In-Transport On Same Roadway,None,HUMBOLDT POLICE DEPT,Other,Unbelted,Distracted,-,-,-,-,-,-,-,-,-,-,-,Gibson,Humboldt,5
46757,400110579,0,1,35.46515,-87.46958,7,2024-06-28 14:35:00,2024,6,28,14,35,Friday,14:35,Suspected Serious Injury,Daylight,Clear,Ditch,None,THP District 7 - Lawrenceburg,THP,Unbelted,-,-,-,-,-,-,-,-,-,-,-,-,Lewis,Not in City Limit,6
46774,400110664,0,2,35.75131,-83.84199,1,2024-06-28 18:28:00,2024,6,28,18,28,Friday,18:28,Suspected Serious Injury,Daylight,Clear,Other Non-Collision,None,BLOUNT CO SHERIFFS DEPT,Other,Unbelted,Distracted,Drinking,-,-,-,-,-,-,-,-,-,-,Blount,Not in City Limit,6
46781,400110696,0,1,35.02033,-85.36576,2,2024-06-28 16:18:00,2024,6,28,16,18,Friday,16:18,Suspected Serious Injury,Daylight,Clear,Motor Vehicle-In-Transport On Same Roadway,None,CHATTANOOGA POLICE DEPT,Other,Unbelted,-,-,-,-,Speeding,-,-,-,-,-,Motorcyclist,-,Hamilton,Chattanooga,6
46785,400110706,0,1,36.50974,-87.50136,3,2024-06-28 20:00:00,2024,6,28,20,0,Friday,20:00,Suspected Serious Injury,Dusk,Clear,Deer,None,THP District 3 - Nashville,THP,-,-,-,-,-,-,-,-,-,-,-,Motorcyclist,-,Montgomery,Not in City Limit,6
46794,400110735,0,1,36.12423,-84.11399,1,2024-06-28 18:03:00,2024,6,28,18,3,Friday,18:03,Suspected Serious Injury,Daylight,Clear,"Over Turn, Roll Over",None,THP District 1 - Knoxville,THP,Unbelted,-,Drinking,-,-,Speeding,-,-,-,-,-,-,-,Anderson,Clinton,6
46797,400110744,0,4,36.09678,-82.93452,5,2024-06-28 21:53:00,2024,6,28,21,53,Friday,21:53,Suspected Serious Injury,Dark-Not Lighted,Clear,Motor Vehicle-In-Transport On Same Roadway,None,THP District 5 - Fall Branch,THP,Unbelted,Distracted,-,-,-,-,-,-,-,-,-,-,-,Greene,Not in City Limit,6
46798,400110745,0,1,36.20525,-83.28858,5,2024-06-28 19:12:00,2024,6,28,19,12,Friday,19:12,Suspected Serious Injury,Daylight,Clear,Motor Vehicle-In-Transport On Same Roadway,None,MORRISTOWN POLICE DEPT,Other,Unbelted,-,Drinking,-,-,-,-,-,-,-,-,-,-,Hamblen,Morristown,6
46801,400110753,2,1,36.43987,-85.25491,6,2024-06-28 15:24:00,2024,6,28,15,24,Friday,15:24,Fatal,Daylight,Clear,Motor Vehicle-In-Transport On Same Roadway,None,THP District 6 - Cookeville,THP,Unbelted,-,-,-,-,-,-,-,-,-,-,-,-,Overton,Not in City Limit,6
46806,400110773,0,6,35.95626,-85.77946,6,2024-06-27 22:26:00,2024,6,27,22,26,Thursday,22:26,Suspected Serious Injury,Dark-Not Lighted,Clear,Motor Vehicle-In-Transport On Same Roadway,None,THP District 6 - Cookeville,THP,Unbelted,-,-,-,-,-,-,-,-,-,-,-,-,DeKalb,Not in City Limit,5
46815,400110793,0,1,35.06563,-88.0176,8,2024-06-28 22:59:00,2024,6,28,22,59,Friday,22:59,Suspected Serious Injury,Dark-Not Lighted,Clear,Ditch,None,THP District 8 - Jackson,THP,-,-,Drinking,-,-,-,-,-,-,-,-,Motorcyclist,-,Hardin,Not in City Limit,6
46822,400110823,0,1,36.1058,-86.74259,3,2024-06-29 04:27:00,2024,6,29,4,27,Saturday,04:27,Suspected Serious Injury,Dark-Lighted,Clear,Utility Pole,None,METROPOLITAN NASHVILLE POLICE DEPT,Other,Unbelted,-,-,-,-,-,-,-,-,-,-,-,-,Davidson,Nashville,7
46843,400110926,0,2,35.85993,-83.95947,1,2024-06-29 12:13:00,2024,6,29,12,13,Saturday,12:13,Suspected Serious Injury,Daylight,Cloudy,Motor Vehicle-In-Transport On Same Roadway,None,ALCOA POLICE DEPARTMENT,Other,Unbelted,-,-,-,-,-,-,-,-,-,-,-,-,Blount,Alcoa,7
46845,400110933,0,1,35.8047,-84.36131,1,2024-06-29 11:23:00,2024,6,29,11,23,Saturday,11:23,Suspected Serious Injury,Daylight,Rain,Standing Tree,None,THP District 1 - Knoxville,THP,Unbelted,-,-,-,-,Speeding,-,-,-,-,-,-,-,Loudon,Not in City Limit,7