OBJECTID,MRN,Fatality,Injury,Latitude,Longitude,THP_District,Collision_Date,Collision_Year,Collision_Month,Collision_Day,Collision_Hour,Collision_Min,Collision_DOW,Collision_Time,Crash_Type,Light_Condition,Weather,First_Harmfu_Event,Work_Zone_Type,Agency_Name,THP,Unbelted,Distracted_Driver,Driver_Drinking,Driver_Drugged,Drowsy_Driver,Speeding_Involved,Pedalcyclist,Pedestrian,Other_Nonmotorist,ATV_Involved,LargeTruck_Involved,Motorcycle_Involved,SchoolBus,County,City,DOW_Nmb
46850,400110973,0,4,35.86121,-83.67261,1,2024-06-29 14:50:00,2024,6,29,14,50,Saturday,14:50,Suspected Serious Injury,Daylight,Clear,Motor Vehicle-In-Transport On Same Roadway,None,SEVIER CO SHERIFFS OFFICE,Other,Unbelted,-,-,-,-,-,-,-,-,-,-,-,-,Sevier,Not in City Limit,7
46851,400110974,0,3,36.56033,-86.615,3,2024-06-28 16:16:00,2024,6,28,16,16,Friday,16:16,Suspected Serious Injury,Daylight,Clear,Motor Vehicle-In-Transport On Same Roadway,None,THP District 3 - Nashville,THP,Unbelted,-,-,Drug,-,-,-,-,-,-,-,-,-,Robertson,Not in City Limit,6
46867,400111045,0,1,36.03071,-84.09335,1,2024-06-29 17:52:00,2024,6,29,17,52,Saturday,17:52,Suspected Serious Injury,Daylight,Clear,Motor Vehicle-In-Transport On Same Roadway,None,THP District 1 - Knoxville,THP,Unbelted,-,-,-,-,-,-,-,-,-,-,-,-,Anderson,Not in City Limit,7
46880,400111074,0,1,36.0321,-86.53815,3,2024-06-29 17:13:00,2024,6,29,17,13,Saturday,17:13,Suspected Serious Injury,Daylight,Clear,Pedestrian,None,THP District 3 - Nashville,THP,Unbelted,-,-,-,-,-,-,Pedestrian,-,-,-,-,-,Rutherford,Lavergne,7
46886,400111102,0,1,35.94478,-86.8808,3,2024-06-29 00:00:00,2024,6,29,24,0,Saturday,24:00,Suspected Serious Injury,Daylight,Clear,Motor Vehicle-In-Transport On Same Roadway,None,THP District 3 - Nashville,THP,Unbelted,-,-,-,-,Speeding,-,-,-,-,-,-,-,Williamson,Franklin,7
46888,400111108,0,4,35.86047,-86.375,3,2024-06-29 15:55:00,2024,6,29,15,55,Saturday,15:55,Suspected Serious Injury,Daylight,Clear,Motor Vehicle-In-Transport On Same Roadway,None,MURFREESBORO POLICE DEPT,Other,Unbelted,Distracted,-,-,-,-,-,-,-,-,-,-,-,Rutherford,Murfreesboro,7
46891,400111125,0,1,35.48279,-86.33117,7,2024-06-29 18:00:00,2024,6,29,18,0,Saturday,18:00,Suspected Serious Injury,Daylight,Clear,"Over Turn, Roll Over",None,THP District 7 - Lawrenceburg,THP,Unbelted,-,Drinking,Drug,-,-,-,-,-,-,-,-,-,Bedford,Not in City Limit,7
46895,400111144,0,4,35.96732,-83.96122,1,2024-06-30 00:24:00,2024,6,30,0,24,Sunday,00:24,Suspected Serious Injury,Dark-Lighted,Clear,Motor Vehicle-In-Transport On Same Roadway,None,KNOXVILLE POLICE DEPT,Other,Unbelted,-,-,-,-,-,-,-,-,-,-,-,-,Knox,Knoxville,1
46899,400111161,0,1,36.3191,-86.70295,3,2024-06-29 22:52:00,2024,6,29,22,52,Saturday,22:52,Suspected Serious Injury,Dark-Not Lighted,Clear,Guard Rail Face,None,THP District 3 - Nashville,THP,Unbelted,-,-,-,-,-,-,-,-,-,-,-,-,Davidson,Goodlettsville,7
46907,400111180,0,2,35.48401,-85.02686,2,2024-06-30 03:23:00,2024,6,30,3,23,Sunday,03:23,Suspected Serious Injury,Dark-Lighted,Clear,Embankment Earth,None,DAYTON POLICE DEPT,Other,Unbelted,-,Drinking,-,-,-,-,-,-,-,-,-,-,Rhea,Dayton,1
46910,400111199,0,2,35.90022,-86.83924,3,2024-06-29 03:23:00,2024,6,29,3,23,Saturday,03:23,Suspected Serious Injury,Dark-Not Lighted,Clear,Curb,None,FRANKLIN POLICE DEPT,Other,Unbelted,-,Drinking,Drug,-,Speeding,-,-,-,-,-,-,-,Williamson,Franklin,7
46915,400111221,0,3,36.42014,-82.93894,5,2024-06-29 14:04:00,2024,6,29,14,4,Saturday,14:04,Suspected Serious Injury,Daylight,Clear,Motor Vehicle-In-Transport On Same Roadway,None,THP District 5 - Fall Branch,THP,Unbelted,-,-,Drug,-,-,-,-,-,-,-,-,-,Hawkins,Not in City Limit,7
46935,400111308,0,1,35.516,-84.636,2,2024-06-30 11:50:00,2024,6,30,11,50,Sunday,11:50,Suspected Serious Injury,Daylight,Cloudy,Standing Tree,None,THP District 2 - Chattanooga,THP,Unbelted,-,-,-,-,-,-,-,-,-,-,-,-,McMinn,Not in City Limit,1
46946,400111369,0,1,36.03494,-88.54598,8,2024-06-21 22:42:00,2024,6,21,22,42,Friday,22:42,Suspected Serious Injury,Dark-Not Lighted,Clear,Ditch,None,THP District 8 - Jackson,THP,Unbelted,-,Drinking,-,-,-,-,-,-,-,-,-,-,Carroll,Not in City Limit,6
46963,400111416,0,1,36.12509,-87.81292,3,2024-06-30 14:38:00,2024,6,30,14,38,Sunday,14:38,Suspected Serious Injury,Daylight,Clear,Motor Vehicle-In-Transport On Same Roadway,None,THP District 3 - Nashville,THP,Unbelted,-,Drinking,-,-,Speeding,-,-,-,-,-,Motorcyclist,-,Humphreys,Not in City Limit,1
46972,400111455,0,3,36.1188,-83.48133,5,2024-06-29 20:50:00,2024,6,29,20,50,Saturday,20:50,Suspected Serious Injury,Dark-Lighted,Clear,Motor Vehicle-In-Transport On Same Roadway,None,JEFFERSON CITY POLICE DEPT,Other,Unbelted,Distracted,-,-,-,-,-,-,-,-,-,-,-,Jefferson,Jefferson City,7
46981,400111490,0,1,36.07373,-86.75933,3,2024-06-30 20:22:00,2024,6,30,20,22,Sunday,20:22,Suspected Serious Injury,Dark-Not Lighted,Clear,Curb,None,METROPOLITAN NASHVILLE POLICE DEPT,Other,Unbelted,-,Drinking,-,-,-,-,-,-,-,-,-,-,Davidson,Nashville,1
46990,400111535,0,5,36.06985,-86.63288,3,2024-06-30 20:42:00,2024,6,30,20,42,Sunday,20:42,Suspected Serious Injury,Dark-Lighted,Clear,Motor Vehicle-In-Transport On Same Roadway,None,METROPOLITAN NASHVILLE POLICE DEPT,Other,Unbelted,-,Drinking,Drug,-,-,-,-,-,-,-,-,-,Davidson,Nashville,1
47006,400111601,0,1,35.40259,-87.33397,7,2024-06-29 11:23:00,2024,6,29,11,23,Saturday,11:23,Suspected Serious Injury,Daylight,Clear,Ditch,None,THP District 7 - Lawrenceburg,THP,Unbelted,-,-,-,-,-,-,-,-,-,-,-,-,Lawrence,Not in City Limit,7
47008,400111615,2,3,35.20731,-87.33945,7,2024-06-29 14:37:00,2024,6,29,14,37,Saturday,14:37,Fatal,Daylight,Clear,Motor Vehicle-In-Transport On Same Roadway,None,THP District 7 - Lawrenceburg,THP,Unbelted,-,-,-,-,-,-,-,-,-,-,-,-,Lawrence,Lawrenceburg,7
47016,400111636,0,1,36.0842,-86.73457,3,2024-07-01 06:34:00,2024,7,1,6,34,Monday,06:34,Suspected Serious Injury,Dawn,Clear,Standing Tree,None,METROPOLITAN NASHVILLE POLICE DEPT,Other,-,-,-,-,-,-,-,-,-,-,-,Motorcyclist,-,Davidson,Nashville,2
47022,400111673,0,1,35.12647,-85.34574,2,2024-07-01 12:06:00,2024,7,1,12,6,Monday,12:06,Suspected Serious Injury,Daylight,Cloudy,Pedal-Cycle,None,SIGNAL MOUNTAIN POLICE DEPT,Other,Unbelted,-,-,-,-,-,Pedalcyclist,-,-,-,-,-,-,Hamilton,Signal Mountain,2
47040,400111758,0,1,36.44277,-87.08885,3,2024-07-01 14:02:00,2024,7,1,14,2,Monday,14:02,Suspected Serious Injury,Daylight,Clear,Motor Vehicle-In-Transport On Same Roadway,None,THP District 3 - Nashville,THP,Unbelted,-,-,-,-,-,-,-,-,-,-,-,-,Robertson,Not in City Limit,2
47053,400111840,0,1,36.13482,-85.50308,6,2024-07-01 09:26:00,2024,7,1,9,26,Monday,09:26,Suspected Serious Injury,Daylight,Clear,Motor Vehicle-In-Transport On Same Roadway,Work Zone,THP District 6 - Cookeville,THP,Unbelted,-,-,-,-,-,-,-,-,-,ATV_Involved,-,-,Putnam,Cookeville,2
47057,400111863,0,1,35.24542,-89.31224,4,2024-07-01 00:00:00,2024,7,1,24,0,Monday,24:00,Suspected Serious Injury,Daylight,Clear,Motor Vehicle-In-Transport On Same Roadway,None,THP District 4 - Memphis,THP,Unbelted,-,-,-,-,-,-,-,-,-,-,-,-,Fayette,Not in City Limit,2
47065,400111918,0,2,35.28554,-89.62009,4,2024-07-01 19:15:00,2024,7,1,19,15,Monday,19:15,Suspected Serious Injury,Daylight,Clear,Motor Vehicle-In-Transport On Same Roadway,None,THP District 4 - Memphis,THP,Unbelted,-,-,-,-,-,-,-,-,-,-,-,-,Fayette,Gallaway,2
47071,400111935,0,1,36.28086,-86.7079,3,2024-07-01 18:35:00,2024,7,1,18,35,Monday,18:35,Suspected Serious Injury,Daylight,Clear,Pedestrian,None,METROPOLITAN NASHVILLE POLICE DEPT,Other,Unbelted,-,-,-,-,-,-,Pedestrian,-,-,-,-,-,Davidson,Nashville,2
47075,400111951,0,2,35.83869,-84.37755,1,2024-06-28 13:07:00,2024,6,28,13,7,Friday,13:07,Suspected Serious Injury,Daylight,Clear,Motor Vehicle-In-Transport On Same Roadway,None,THP District 1 - Knoxville,THP,Unbelted,-,-,-,-,-,-,-,-,-,-,Motorcyclist,-,Roane,Not in City Limit,6
47079,400111971,0,1,36.15,-83.84546,1,2024-07-01 22:40:00,2024,7,1,22,40,Monday,22:40,Suspected Serious Injury,Dark-Not Lighted,Clear,Guard Rail Face,None,THP District 1 - Knoxville,THP,-,-,Drinking,Drug,-,-,-,-,-,-,-,Motorcyclist,-,Knox,Not in City Limit,2
47080,400111974,0,1,35.40559,-84.6729,2,2024-05-28 18:45:00,2024,5,28,18,45,Tuesday,18:45,Suspected Serious Injury,Daylight,Clear,"Over Turn, Roll Over",None,THP District 2 - Chattanooga,THP,-,-,-,-,-,Speeding,-,-,-,-,-,Motorcyclist,-,McMinn,Not in City Limit,3
47082,400111988,0,1,36.16328,-86.99139,3,2024-07-01 22:43:00,2024,7,1,22,43,Monday,22:43,Suspected Serious Injury,Dark-Not Lighted,Clear,Mail Box,None,METROPOLITAN NASHVILLE POLICE DEPT,Other,Unbelted,-,Drinking,-,-,-,-,-,-,-,-,-,-,Davidson,Nashville,2
47088,400112007,0,1,36.1348,-85.31922,6,2024-07-01 22:30:00,2024,7,1,22,30,Monday,22:30,Suspected Serious Injury,Dark-Not Lighted,Clear,Deer,None,PUTNAM COUNTY SHERIFF'S OFFICE,Other,-,-,-,-,-,-,-,-,-,-,-,Motorcyclist,-,Putnam,Not in City Limit,2
47095,400112044,0,1,35.27024,-86.55534,7,2024-07-01 13:00:00,2024,7,1,13,0,Monday,13:00,Suspected Serious Injury,Daylight,Clear,Guard Rail Face,None,THP District 7 - Lawrenceburg,THP,-,-,-,-,-,-,-,-,-,-,-,Motorcyclist,-,Lincoln,Not in City Limit,2
47105,400112091,1,0,35.04241,-85.16643,2,2024-07-01 19:35:00,2024,7,1,19,35,Monday,19:35,Fatal,Daylight,Clear,Pedestrian,None,CHATTANOOGA POLICE DEPT,Other,Unbelted,-,-,-,-,-,-,Pedestrian,-,-,-,-,-,Hamilton,Chattanooga,2
47113,400112133,0,2,35.73816,-85.78524,6,2024-07-02 06:43:00,2024,7,2,6,43,Tuesday,06:43,Suspected Serious Injury,Daylight,Clear,Motor Vehicle-In-Transport On Same Roadway,None,THP District 6 - Cookeville,THP,Unbelted,-,-,-,-,-,-,-,-,-,-,-,-,Warren,Not in City Limit,3
47119,400112172,1,0,35.85414,-84.02228,1,2024-07-02 08:32:00,2024,7,2,8,32,Tuesday,08:32,Fatal,Daylight,Clear,Guard Rail Face,None,KNOXVILLE POLICE DEPT,Other,Unbelted,-,-,-,-,-,-,-,-,-,-,-,-,Knox,Knoxville,3
47120,400112175,1,0,35.04771,-85.32026,2,2024-07-02 11:25:00,2024,7,2,11,25,Tuesday,11:25,Fatal,Daylight,Clear,Pedestrian,None,CHATTANOOGA POLICE DEPT,Other,Unbelted,-,-,-,-,-,-,Pedestrian,-,-,-,-,-,Hamilton,Chattanooga,3
47123,400112187,0,1,35.15744,-86.56138,7,2024-07-02 11:35:00,2024,7,2,11,35,Tuesday,11:35,Suspected Serious Injury,Daylight,Clear,Utility Pole,None,FAYETTEVILLE POLICE DEPT,Other,Unbelted,-,-,-,-,-,-,-,-,-,-,-,-,Lincoln,Fayetteville,3
47131,400112205,0,1,35.80843,-85.79284,6,2024-06-29 22:38:00,2024,6,29,22,38,Saturday,22:38,Suspected Serious Injury,Dark-Not Lighted,Clear,Motor Vehicle-In-Transport On Same Roadway,None,THP District 6 - Cookeville,THP,Unbelted,-,Drinking,-,-,-,-,-,-,-,-,-,-,Warren,Not in City Limit,7
47133,400112222,1,3,36.01324,-86.61917,3,2024-07-02 07:26:00,2024,7,2,7,26,Tuesday,07:26,Fatal,Daylight,Clear,Motor Vehicle-In-Transport On Same Roadway,None,METROPOLITAN NASHVILLE POLICE DEPT,Other,Unbelted,Distracted,-,-,-,-,-,-,-,-,-,-,-,Davidson,Nashville,3
47135,400112227,0,1,36.20356,-86.73856,3,2024-07-02 12:56:00,2024,7,2,12,56,Tuesday,12:56,Suspected Serious Injury,Daylight,Clear,Motor Vehicle-In-Transport On Same Roadway,None,METROPOLITAN NASHVILLE POLICE DEPT,Other,Unbelted,-,-,-,-,-,-,-,-,-,-,Motorcyclist,-,Davidson,Nashville,3
47139,400112238,0,2,36.31065,-86.70338,3,2024-07-02 12:50:00,2024,7,2,12,50,Tuesday,12:50,Suspected Serious Injury,Daylight,Clear,Motor Vehicle-In-Transport On Same Roadway,None,GOODLETTSVILLE POLICE DEPT,Other,Unbelted,Distracted,-,Drug,-,-,-,-,-,-,-,-,-,Davidson,Goodlettsville,3
47146,400112266,1,0,36.30746,-86.69459,3,2024-07-01 15:10:00,2024,7,1,15,10,Monday,15:10,Fatal,Daylight,Clear,Parked Motor Vehicle,None,GOODLETTSVILLE POLICE DEPT,Other,Unbelted,-,-,-,-,-,-,-,-,-,ATV_Involved,-,-,Davidson,Not in City Limit,2
47149,400112278,0,1,35.46844,-86.07045,2,2024-07-02 10:20:00,2024,7,2,10,20,Tuesday,10:20,Suspected Serious Injury,Daylight,Clear,Motor Vehicle-In-Transport On Same Roadway,None,MANCHESTER POLICE DEPT,Other,Unbelted,-,-,-,-,-,-,-,-,-,-,-,-,Coffee,Manchester,3
47155,400112322,1,1,35.69145,-89.40271,4,2024-07-02 08:00:00,2024,7,2,8,0,Tuesday,08:00,Fatal,Daylight,Clear,Motor Vehicle-In-Transport On Same Roadway,None,THP District 4 - Memphis,THP,Unbelted,Distracted,Drinking,Drug,-,-,-,-,-,-,ATV_Involved,-,-,Haywood,Not in City Limit,3
47170,400112381,0,1,36.27185,-86.35933,3,2024-07-02 17:21:00,2024,7,2,17,21,Tuesday,17:21,Suspected Serious Injury,Daylight,Clear,Embankment Earth,None,THP District 3 - Nashville,THP,Unbelted,-,-,-,-,-,-,-,-,-,-,-,-,Wilson,Not in City Limit,3
47176,400112415,1,1,36.06638,-89.35527,8,2024-07-02 00:00:00,2024,7,2,24,0,Tuesday,24:00,Fatal,Daylight,Clear,Motor Vehicle-In-Transport On Same Roadway,None,DYERSBURG POLICE DEPT,Other,Unbelted,-,Drinking,Drug,-,-,-,-,-,-,-,Motorcyclist,-,Dyer,Dyersburg,3
47178,400112424,0,1,36.30785,-86.4409,3,2024-06-29 04:47:00,2024,6,29,4,47,Saturday,04:47,Suspected Serious Injury,Dark-Lighted,Clear,Parked Motor Vehicle,None,THP District 3 - Nashville,THP,Unbelted,-,Drinking,-,-,-,-,-,-,-,-,-,-,Wilson,Not in City Limit,7
47186,400112444,0,1,36.2059,-86.76861,3,2024-07-02 23:56:00,2024,7,2,23,56,Tuesday,23:56,Suspected Serious Injury,Dark-Lighted,Clear,Pedestrian,None,METROPOLITAN NASHVILLE POLICE DEPT,Other,Unbelted,-,-,-,-,-,-,Pedestrian,-,-,-,-,-,Davidson,Nashville,3
47189,400112454,0,2,35.08018,-84.50669,2,2024-07-03 00:30:00,2024,7,3,0,30,Wednesday,00:30,Suspected Serious Injury,Dark-Not Lighted,Clear,Ditch,None,THP District 2 - Chattanooga,THP,Unbelted,-,-,-,-,-,-,-,-,-,ATV_Involved,-,-,Polk,Not in City Limit,4
47195,400112491,0,1,36.03903,-83.45857,5,2024-07-02 15:25:00,2024,7,2,15,25,Tuesday,15:25,Suspected Serious Injury,Daylight,Clear,Fell/Jumped From Vehicle,None,DANDRIDGE POLICE DEPT,Other,-,-,-,-,-,Speeding,-,-,-,-,-,Motorcyclist,-,Jefferson,Dandridge,3
47199,400112532,0,1,36.03011,-87.20831,3,2024-07-03 08:40:00,2024,7,3,8,40,Wednesday,08:40,Suspected Serious Injury,Daylight,Clear,Guard Rail Face,None,THP District 3 - Nashville,THP,Unbelted,-,-,-,-,-,-,-,-,-,-,-,-,Dickson,Not in City Limit,4
47200,400112579,0,3,35.68143,-88.77962,8,2024-07-03 10:10:00,2024,7,3,10,10,Wednesday,10:10,Suspected Serious Injury,Daylight,Clear,Motor Vehicle-In-Transport On Same Roadway,None,JACKSON POLICE DEPT,Other,Unbelted,-,-,-,-,-,-,-,-,-,-,-,-,Madison,Jackson,4
47202,400112595,1,0,35.81161,-89.50667,4,2024-07-03 07:59:00,2024,7,3,7,59,Wednesday,07:59,Fatal,Daylight,Clear,Pedestrian,None,THP District 4 - Memphis,THP,Unbelted,-,-,-,-,-,-,Pedestrian,-,-,-,-,-,Lauderdale,Not in City Limit,4
47209,400112656,0,1,36.15862,-86.78276,3,2024-07-03 12:25:00,2024,7,3,12,25,Wednesday,12:25,Suspected Serious Injury,Daylight,Cloudy,Pedestrian,Utility Zone,METROPOLITAN NASHVILLE POLICE DEPT,Other,Unbelted,-,-,-,-,-,-,Pedestrian,-,-,-,-,-,Davidson,Nashville,4
47234,400112803,0,5,35.8828,-83.46468,1,2024-07-03 17:35:00,2024,7,3,17,35,Wednesday,17:35,Suspected Serious Injury,Daylight,Clear,Motor Vehicle-In-Transport On Same Roadway,None,SEVIER CO SHERIFFS OFFICE,Other,Unbelted,-,-,-,-,-,-,-,-,-,-,-,-,Sevier,Not in City Limit,4
47237,400112806,0,2,35.57633,-87.13351,7,2024-07-03 17:42:00,2024,7,3,17,42,Wednesday,17:42,Suspected Serious Injury,Daylight,Clear,Motor Vehicle-In-Transport On Same Roadway,None,COLUMBIA POLICE DEPT,Other,Unbelted,-,-,-,-,-,-,-,-,-,-,-,-,Maury,Columbia,4
47240,400112831,0,2,36.20962,-84.02909,1,2024-06-30 08:48:00,2024,6,30,8,48,Sunday,08:48,Suspected Serious Injury,Daylight,Clear,Standing Tree,None,THP District 1 - Knoxville,THP,Unbelted,-,-,-,-,Speeding,-,-,-,-,-,-,-,Anderson,Not in City Limit,1
47242,400112836,0,1,34.99154,-85.0966,2,2024-06-30 01:23:00,2024,6,30,1,23,Sunday,01:23,Suspected Serious Injury,Dark-Not Lighted,Clear,Ditch,None,HAMILTON COUNTY SHERIFF'S OFFICE,Other,Unbelted,-,Drinking,-,-,-,-,-,-,-,-,-,-,Hamilton,Not in City Limit,1
47243,400112839,0,4,36.09683,-86.15922,3,2024-07-03 15:37:00,2024,7,3,15,37,Wednesday,15:37,Suspected Serious Injury,Daylight,Clear,Motor Vehicle-In-Transport On Same Roadway,None,THP District 3 - Nashville,THP,Unbelted,-,-,-,-,-,-,-,-,-,-,-,-,Wilson,Not in City Limit,4
47247,400112851,0,1,35.97505,-83.21833,5,2024-07-03 18:07:00,2024,7,3,18,7,Wednesday,18:07,Suspected Serious Injury,Daylight,Clear,Motor Vehicle-In-Transport On Same Roadway,None,NEWPORT POLICE DEPT,Other,Unbelted,-,-,-,-,-,-,-,-,-,-,-,-,Cocke,Newport,4
47257,400112885,0,1,36.60279,-87.37912,3,2024-07-03 18:40:00,2024,7,3,18,40,Wednesday,18:40,Suspected Serious Injury,Daylight,Clear,Embankment Earth,None,MONTGOMERY CO SHERIFFS OFFICE,Other,Unbelted,-,-,-,-,Speeding,-,-,-,-,-,-,-,Montgomery,Clarksville,4
47266,400112926,0,3,35.76446,-86.84003,3,2024-07-01 13:48:00,2024,7,1,13,48,Monday,13:48,Suspected Serious Injury,Daylight,Clear,Motor Vehicle-In-Transport On Same Roadway,None,THP District 3 - Nashville,THP,Unbelted,-,-,-,-,-,-,-,-,-,-,-,-,Williamson,Not in City Limit,2
47267,400112927,1,1,35.61015,-86.7797,7,2024-07-03 21:27:00,2024,7,3,21,27,Wednesday,21:27,Fatal,Dark-Not Lighted,Clear,Motor Vehicle-In-Transport On Same Roadway,None,THP District 7 - Lawrenceburg,THP,Unbelted,-,-,-,-,-,-,-,-,-,-,-,-,Marshall,Not in City Limit,4
47274,400112962,0,1,36.04607,-86.67953,3,2024-07-04 01:29:00,2024,7,4,1,29,Thursday,01:29,Suspected Serious Injury,Dark-Lighted,Clear,Motor Vehicle-In-Transport On Same Roadway,None,METROPOLITAN NASHVILLE POLICE DEPT,Other,Unbelted,-,-,-,-,-,-,-,-,-,-,Motorcyclist,-,Davidson,Nashville,5
47277,400112974,1,1,35.80817,-84.23715,1,2024-07-03 23:31:00,2024,7,3,23,31,Wednesday,23:31,Fatal,Dark-Not Lighted,Clear,"Over Turn, Roll Over",None,THP District 1 - Knoxville,THP,Unbelted,Distracted,Drinking,Drug,-,-,-,-,-,-,-,-,-,Loudon,Not in City Limit,4
47278,400112986,3,1,36.00504,-83.75273,1,2024-07-01 03:24:00,2024,7,1,3,24,Monday,03:24,Fatal,Dark-Not Lighted,Clear,Shrubbery,None,KNOXVILLE POLICE DEPT,Other,Unbelted,-,-,Drug,-,-,-,-,-,-,-,-,-,Knox,Knoxville,2
47279,400112987,0,1,36.25845,-86.71367,3,2024-07-04 03:16:00,2024,7,4,3,16,Thursday,03:16,Suspected Serious Injury,Dark-Lighted,Clear,Pedestrian,None,METROPOLITAN NASHVILLE POLICE DEPT,Other,Unbelted,-,-,-,-,-,-,Pedestrian,-,-,-,-,-,Davidson,Nashville,5
47280,400112988,1,0,35.88659,-83.77374,1,2024-06-30 18:10:00,2024,6,30,18,10,Sunday,18:10,Fatal,Daylight,Clear,Motor Vehicle-In-Transport On Same Roadway,None,THP District 1 - Knoxville,THP,Unbelted,-,Drinking,-,-,-,-,-,-,-,-,Motorcyclist,-,Sevier,Not in City Limit,1
47282,400112999,1,0,35.24232,-87.33573,7,2024-07-03 17:02:00,2024,7,3,17,2,Wednesday,17:02,Fatal,Daylight,Clear,Motor Vehicle-In-Transport On Same Roadway,None,LAWRENCEBURG POLICE DEPT,Other,Unbelted,-,-,-,-,-,-,-,-,-,-,Motorcyclist,-,Lawrence,Lawrenceburg,4
47284,400113002,1,2,36.02061,-84.29022,1,2024-07-03 10:40:00,2024,7,3,10,40,Wednesday,10:40,Fatal,Daylight,Clear,Motor Vehicle-In-Transport On Same Roadway,None,THP District 1 - Knoxville,THP,Unbelted,-,-,-,-,-,-,-,-,-,-,Motorcyclist,-,Anderson,Not in City Limit,4
47288,400113021,0,4,35.91857,-83.93,1,2024-07-01 13:15:00,2024,7,1,13,15,Monday,13:15,Suspected Serious Injury,Daylight,Clear,Motor Vehicle-In-Transport On Same Roadway,None,THP District 1 - Knoxville,THP,Unbelted,-,-,-,-,-,-,-,-,-,-,-,-,Knox,Not in City Limit,2
47297,400113068,0,2,35.76915,-84.35873,1,2024-07-03 12:25:00,2024,7,3,12,25,Wednesday,12:25,Suspected Serious Injury,Daylight,Clear,Deer,None,THP District 1 - Knoxville,THP,Unbelted,-,-,-,-,-,-,-,-,-,-,-,-,Loudon,Not in City Limit,4
47309,400113098,0,1,35.99695,-86.52473,3,2024-07-03 17:58:00,2024,7,3,17,58,Wednesday,17:58,Suspected Serious Injury,Daylight,Clear,Motor Vehicle-In-Transport On Same Roadway,None,SMYRNA POLICE DEPT,Other,Unbelted,-,-,-,-,-,-,-,-,-,-,Motorcyclist,-,Rutherford,Smyrna,4
47317,400113124,0,1,36.32333,-86.70597,3,2024-07-04 14:04:00,2024,7,4,14,4,Thursday,14:04,Suspected Serious Injury,Daylight,Cloudy,"Over Turn, Roll Over",None,GOODLETTSVILLE POLICE DEPT,Other,Unbelted,Distracted,-,-,-,-,-,-,-,-,-,-,-,Davidson,Goodlettsville,5
47320,400113158,0,1,36.02368,-87.28999,3,2024-07-04 15:14:00,2024,7,4,15,14,Thursday,15:14,Suspected Serious Injury,Daylight,Clear,Guard Rail Face,None,THP District 3 - Nashville,THP,Unbelted,-,-,-,-,-,-,Pedestrian,-,-,-,-,-,Dickson,Not in City Limit,5
47322,400113174,0,1,36.555,-84.06223,1,2024-07-04 00:00:00,2024,7,4,24,0,Thursday,24:00,Suspected Serious Injury,Daylight,Clear,Embankment Rock/Stone/Concrete,None,THP District 1 - Knoxville,THP,-,-,-,-,-,-,-,-,-,-,-,Motorcyclist,-,Campbell,Not in City Limit,5
47332,400113203,0,4,35.97866,-88.45025,8,2024-07-04 17:10:00,2024,7,4,17,10,Thursday,17:10,Suspected Serious Injury,Daylight,Clear,Ditch,None,THP District 8 - Jackson,THP,Unbelted,Distracted,Drinking,Drug,-,-,-,-,-,-,-,-,-,Carroll,Not in City Limit,5
47339,400113229,0,1,36.31531,-86.70138,3,2024-07-04 20:27:00,2024,7,4,20,27,Thursday,20:27,Suspected Serious Injury,Dark-Lighted,Clear,Motor Vehicle-In-Transport On Same Roadway,None,GOODLETTSVILLE POLICE DEPT,Other,Unbelted,-,-,-,-,-,-,-,-,-,-,-,-,Davidson,Goodlettsville,5
47352,400113255,0,1,35.16667,-84.31257,2,2024-07-03 16:28:00,2024,7,3,16,28,Wednesday,16:28,Suspected Serious Injury,Daylight,Clear,Embankment Earth,None,POLK CO SHERIFFS DEPT,Other,-,-,-,-,-,-,-,-,-,-,-,Motorcyclist,-,Polk,Not in City Limit,4
47363,400113292,0,1,35.10794,-84.55733,2,2024-07-03 23:56:00,2024,7,3,23,56,Wednesday,23:56,Suspected Serious Injury,Dark-Not Lighted,Clear,Concrete Traffic Barrier,None,THP District 2 - Chattanooga,THP,Unbelted,-,Drinking,-,-,-,-,-,-,-,-,-,-,Polk,Not in City Limit,4
47366,400113308,0,3,36.18648,-86.75771,3,2024-07-05 00:00:00,2024,7,5,24,0,Friday,24:00,Suspected Serious Injury,Dark-Not Lighted,Clear,Other Non-Collision,None,METROPOLITAN NASHVILLE POLICE DEPT,Other,Unbelted,-,-,-,-,-,-,-,-,-,-,-,-,Davidson,Nashville,6
47373,400113328,0,1,36.35922,-83.73458,5,2024-07-04 13:54:00,2024,7,4,13,54,Thursday,13:54,Suspected Serious Injury,Daylight,Clear,Motor Vehicle-In-Transport On Same Roadway,None,THP District 1 - Knoxville,THP,Unbelted,-,-,-,-,-,-,-,-,ATV_Involved,-,-,-,Claiborne,Not in City Limit,5
47385,400113380,0,1,34.99766,-85.29143,2,2024-07-04 11:04:00,2024,7,4,11,4,Thursday,11:04,Suspected Serious Injury,Daylight,Clear,Motor Vehicle-In-Transport On Same Roadway,None,CHATTANOOGA POLICE DEPT,Other,Unbelted,-,-,-,-,-,-,-,-,-,-,Motorcyclist,-,Hamilton,Chattanooga,5
47386,400113381,0,1,34.98617,-85.20179,2,2024-07-01 20:14:00,2024,7,1,20,14,Monday,20:14,Suspected Serious Injury,Daylight,Clear,Pedestrian,None,THP District 2 - Chattanooga,THP,Unbelted,-,-,-,-,Speeding,-,Pedestrian,-,-,-,-,-,Hamilton,East Ridge,2