OBJECTID,MRN,Fatality,Injury,Latitude,Longitude,THP_District,Collision_Date,Collision_Year,Collision_Month,Collision_Day,Collision_Hour,Collision_Min,Collision_DOW,Collision_Time,Crash_Type,Light_Condition,Weather,First_Harmfu_Event,Work_Zone_Type,Agency_Name,THP,Unbelted,Distracted_Driver,Driver_Drinking,Driver_Drugged,Drowsy_Driver,Speeding_Involved,Pedalcyclist,Pedestrian,Other_Nonmotorist,ATV_Involved,LargeTruck_Involved,Motorcycle_Involved,SchoolBus,County,City,DOW_Nmb
47389,400113392,0,1,35.7786,-88.81637,8,2024-07-05 08:56:00,2024,7,5,8,56,Friday,08:56,Suspected Serious Injury,Daylight,Clear,Guard Rail End,None,THP District 8 - Jackson,THP,Unbelted,-,-,-,-,-,-,-,-,-,-,-,-,Madison,Not in City Limit,6
47391,400113412,0,2,35.64783,-88.45664,8,2024-07-03 18:16:00,2024,7,3,18,16,Wednesday,18:16,Suspected Serious Injury,Daylight,Clear,Motor Vehicle-In-Transport On Same Roadway,None,THP District 8 - Jackson,THP,Unbelted,-,-,-,-,-,-,-,-,-,-,-,-,Henderson,Not in City Limit,4
47392,400113414,0,1,36.15032,-84.06409,1,2024-07-05 10:34:00,2024,7,5,10,34,Friday,10:34,Suspected Serious Injury,Daylight,Clear,Cable Barrier,None,THP District 1 - Knoxville,THP,Unbelted,-,-,-,-,-,-,-,-,-,-,-,-,Anderson,Not in City Limit,6
47402,400113460,0,1,35.4558,-84.6593,2,2024-07-04 10:44:00,2024,7,4,10,44,Thursday,10:44,Suspected Serious Injury,Daylight,Clear,Standing Tree,None,THP District 2 - Chattanooga,THP,Unbelted,-,-,-,-,-,-,-,-,-,ATV_Involved,-,-,McMinn,Not in City Limit,5
47404,400113465,0,1,36.15054,-86.76783,3,2024-07-05 11:51:00,2024,7,5,11,51,Friday,11:51,Suspected Serious Injury,Daylight,Clear,Motor Vehicle-In-Transport On Same Roadway,None,METROPOLITAN NASHVILLE POLICE DEPT,Other,Unbelted,-,-,-,-,-,-,-,-,-,-,-,-,Davidson,Nashville,6
47413,400113501,0,2,35.24669,-89.69503,4,2024-07-01 21:07:00,2024,7,1,21,7,Monday,21:07,Suspected Serious Injury,Dark-Not Lighted,Clear,Motor Vehicle-In-Transport On Same Roadway,None,THP District 4 - Memphis,THP,Unbelted,-,-,-,-,-,-,-,-,-,ATV_Involved,-,-,Shelby,Arlington,2
47414,400113510,0,4,36.25796,-88.26672,8,2024-07-04 21:35:00,2024,7,4,21,35,Thursday,21:35,Suspected Serious Injury,Dark-Not Lighted,Cloudy,Culvert,None,THP District 8 - Jackson,THP,Unbelted,-,Drinking,-,-,-,-,-,-,-,-,-,-,Henry,Not in City Limit,5
47432,400113557,0,1,35.93236,-88.48797,8,2024-07-05 13:38:00,2024,7,5,13,38,Friday,13:38,Suspected Serious Injury,Daylight,Clear,Ditch,None,THP District 8 - Jackson,THP,Unbelted,-,Drinking,-,-,-,-,-,-,-,-,-,-,Carroll,Not in City Limit,6
47435,400113564,1,0,36.04066,-84.01073,1,2024-07-05 16:18:00,2024,7,5,16,18,Friday,16:18,Fatal,Daylight,Cloudy,Motor Vehicle-In-Transport On Same Roadway,None,THP District 1 - Knoxville,THP,Unbelted,Distracted,-,-,-,-,-,-,-,-,-,-,-,Knox,Not in City Limit,6
47437,400113574,0,2,36.06089,-82.86529,5,2024-07-05 14:00:00,2024,7,5,14,0,Friday,14:00,Suspected Serious Injury,Daylight,Clear,Motor Vehicle-In-Transport On Same Roadway,None,THP District 5 - Fall Branch,THP,Unbelted,-,-,-,-,-,-,-,-,-,-,Motorcyclist,-,Greene,Not in City Limit,6
47443,400113594,0,1,35.66452,-89.12932,4,2024-07-05 13:57:00,2024,7,5,13,57,Friday,13:57,Suspected Serious Injury,Daylight,Clear,Standing Tree,None,THP District 4 - Memphis,THP,-,-,-,-,-,-,-,-,-,-,-,Motorcyclist,-,Haywood,Not in City Limit,6
47446,400113613,1,0,35.03364,-85.31941,2,2024-07-05 15:25:00,2024,7,5,15,25,Friday,15:25,Fatal,Daylight,Clear,Standing Tree,None,CHATTANOOGA POLICE DEPT,Other,Unbelted,-,-,Drug,-,-,-,-,-,-,-,-,-,Hamilton,Chattanooga,6
47473,400113721,0,1,36.19056,-86.25655,3,2024-07-01 14:41:00,2024,7,1,14,41,Monday,14:41,Suspected Serious Injury,Daylight,Clear,Standing Tree,None,THP District 3 - Nashville,THP,Unbelted,-,-,-,-,-,-,-,-,-,-,-,-,Wilson,Not in City Limit,2
47480,400113751,0,1,36.45424,-84.9332,6,2024-07-06 03:30:00,2024,7,6,3,30,Saturday,03:30,Suspected Serious Injury,Dark-Not Lighted,Fog,Standing Tree,None,THP District 6 - Cookeville,THP,Unbelted,-,-,-,-,-,-,-,-,-,-,-,-,Fentress,Not in City Limit,7
47485,400113767,0,1,36.45878,-89.27452,8,2024-07-02 12:28:00,2024,7,2,12,28,Tuesday,12:28,Suspected Serious Injury,Daylight,Clear,Ditch,None,THP District 8 - Jackson,THP,Unbelted,-,-,-,Drowsy,-,-,-,-,-,-,-,-,Obion,Not in City Limit,3
47487,400113779,0,3,36.44685,-86.36091,3,2024-07-05 14:06:00,2024,7,5,14,6,Friday,14:06,Suspected Serious Injury,Daylight,Clear,Motor Vehicle-In-Transport On Same Roadway,None,THP District 3 - Nashville,THP,Unbelted,-,-,-,-,-,-,-,-,-,-,-,-,Sumner,Not in City Limit,6
47490,400113803,0,1,35.65589,-85.70743,6,2024-07-06 09:27:00,2024,7,6,9,27,Saturday,09:27,Suspected Serious Injury,Daylight,Clear,Motor Vehicle-In-Transport On Same Roadway,None,THP District 6 - Cookeville,THP,Unbelted,-,-,-,-,-,-,-,-,-,-,-,-,Warren,Not in City Limit,7
47495,400113825,0,1,35.94306,-86.54088,3,2024-07-06 09:51:00,2024,7,6,9,51,Saturday,09:51,Suspected Serious Injury,Daylight,Clear,Motor Vehicle-In-Transport On Same Roadway,None,THP District 3 - Nashville,THP,Unbelted,-,-,-,-,Speeding,-,-,-,-,-,-,-,Rutherford,Not in City Limit,7
47501,400113851,0,2,35.53156,-89.6968,4,2024-06-28 01:53:00,2024,6,28,1,53,Friday,01:53,Suspected Serious Injury,Dark-Not Lighted,Clear,Embankment Rock/Stone/Concrete,None,THP District 4 - Memphis,THP,Unbelted,-,Drinking,-,-,-,-,-,-,-,-,-,-,Tipton,Not in City Limit,6
47512,400113904,0,1,36.28664,-88.11058,8,2024-07-05 15:45:00,2024,7,5,15,45,Friday,15:45,Suspected Serious Injury,Daylight,Clear,"Over Turn, Roll Over",None,THP District 8 - Jackson,THP,-,-,Drinking,-,-,-,-,-,-,ATV_Involved,-,-,-,Henry,Not in City Limit,6
47514,400113912,0,1,35.86557,-86.3788,3,2024-07-06 05:59:00,2024,7,6,5,59,Saturday,05:59,Suspected Serious Injury,Dawn,Blowing Sand/Soil/Dirt,Curb,None,MURFREESBORO POLICE DEPT,Other,Unbelted,-,Drinking,-,-,Speeding,-,-,-,-,-,-,-,Rutherford,Murfreesboro,7
47516,400113916,0,1,36.00712,-83.99121,1,2024-07-06 16:46:00,2024,7,6,16,46,Saturday,16:46,Suspected Serious Injury,Daylight,Clear,Motor Vehicle-In-Transport On Same Roadway,None,KNOXVILLE POLICE DEPT,Other,Unbelted,-,-,-,-,-,-,-,-,-,-,Motorcyclist,-,Knox,Knoxville,7
47518,400113923,0,5,36.60622,-86.85185,3,2024-07-06 15:38:00,2024,7,6,15,38,Saturday,15:38,Suspected Serious Injury,Daylight,Clear,Motor Vehicle-In-Transport On Same Roadway,None,THP District 3 - Nashville,THP,Unbelted,-,Drinking,Drug,-,-,-,-,-,-,-,-,-,Robertson,Not in City Limit,7
47534,400114005,0,1,36.23822,-83.31331,5,2024-07-06 23:11:00,2024,7,6,23,11,Saturday,23:11,Suspected Serious Injury,Dark-Not Lighted,Clear,Injured In Vehicle,None,HAMBLEN CO SHERIFFS DEPT,Other,Unbelted,Distracted,-,-,-,-,-,-,-,-,-,-,-,Hamblen,Not in City Limit,7
47535,400114006,0,2,35.89311,-84.7976,6,2024-07-06 15:25:00,2024,7,6,15,25,Saturday,15:25,Suspected Serious Injury,Daylight,Clear,Ditch,None,THP District 6 - Cookeville,THP,-,-,-,-,-,-,-,-,-,-,-,Motorcyclist,-,Cumberland,Not in City Limit,7
47540,400114020,0,1,35.68374,-86.82982,7,2024-07-06 22:29:00,2024,7,6,22,29,Saturday,22:29,Suspected Serious Injury,Dark-Not Lighted,Clear,Motor Vehicle-In-Transport On Same Roadway,None,THP District 7 - Lawrenceburg,THP,Unbelted,-,-,-,-,-,-,-,-,-,-,-,-,Maury,Not in City Limit,7
47541,400114021,0,1,36.16576,-83.2708,5,2024-07-06 19:10:00,2024,7,6,19,10,Saturday,19:10,Suspected Serious Injury,Daylight,Clear,Highway Traffic Sign Post,None,MORRISTOWN POLICE DEPT,Other,-,-,Drinking,-,-,-,-,-,-,-,-,Motorcyclist,-,Hamblen,Morristown,7
47549,400114055,0,2,36.08713,-86.70795,3,2024-07-07 02:57:00,2024,7,7,2,57,Sunday,02:57,Suspected Serious Injury,Dark-Lighted,Clear,Motor Vehicle-In-Transport On Same Roadway,None,METROPOLITAN NASHVILLE POLICE DEPT,Other,Unbelted,-,-,-,-,-,-,-,-,-,-,-,-,Davidson,Nashville,1
47551,400114060,0,1,35.9997,-83.9665,1,2024-07-07 00:28:00,2024,7,7,0,28,Sunday,00:28,Suspected Serious Injury,Dark-Lighted,Clear,Motor Vehicle-In-Transport On Same Roadway,None,KNOXVILLE POLICE DEPT,Other,Unbelted,-,-,-,-,-,-,-,-,-,-,Motorcyclist,-,Knox,Knoxville,1
47554,400114070,0,2,36.05873,-86.67853,3,2024-07-07 02:33:00,2024,7,7,2,33,Sunday,02:33,Suspected Serious Injury,Dark-Lighted,Clear,Motor Vehicle-In-Transport On Same Roadway,None,METROPOLITAN NASHVILLE POLICE DEPT,Other,Unbelted,-,-,-,-,-,-,-,-,-,-,-,-,Davidson,Nashville,1
47558,400114087,0,1,35.37254,-86.88423,7,2024-07-06 14:48:00,2024,7,6,14,48,Saturday,14:48,Suspected Serious Injury,Daylight,Cloudy,Embankment Earth,None,THP District 7 - Lawrenceburg,THP,Unbelted,-,Drinking,Drug,-,-,-,-,-,-,-,-,-,Marshall,Cornersville,7
47560,400114101,0,2,35.45078,-86.75853,7,2024-07-06 15:00:00,2024,7,6,15,0,Saturday,15:00,Suspected Serious Injury,Daylight,Cloudy,Motor Vehicle-In-Transport On Same Roadway,None,LEWISBURG POLICE DEPT,Other,Unbelted,-,-,-,-,-,-,-,-,-,-,-,-,Marshall,Lewisburg,7
47566,400114115,0,1,35.78445,-86.90774,3,2024-07-07 09:28:00,2024,7,7,9,28,Sunday,09:28,Suspected Serious Injury,Daylight,Clear,Ditch,None,SPRING HILL POLICE DEPT,Other,-,-,-,-,-,-,-,-,-,-,-,Motorcyclist,-,Williamson,Spring Hill,1
47571,400114141,0,1,35.98574,-83.87254,1,2024-07-07 11:17:00,2024,7,7,11,17,Sunday,11:17,Suspected Serious Injury,Daylight,Clear,Ditch,None,KNOXVILLE POLICE DEPT,Other,-,-,-,-,-,-,-,-,-,-,-,Motorcyclist,-,Knox,Knoxville,1
47579,400114174,0,1,35.21151,-86.04357,2,2024-07-07 12:35:00,2024,7,7,12,35,Sunday,12:35,Suspected Serious Injury,Daylight,Clear,Embankment Earth,None,THP District 2 - Chattanooga,THP,-,-,-,-,-,-,-,-,-,-,-,Motorcyclist,-,Franklin,Not in City Limit,1
47581,400114181,0,1,36.02282,-87.3397,3,2024-07-07 13:00:00,2024,7,7,13,0,Sunday,13:00,Suspected Serious Injury,Daylight,Clear,Motor Vehicle-In-Transport On Same Roadway,None,DICKSON POLICE DEPT,Other,Unbelted,-,-,-,-,-,-,-,-,-,-,Motorcyclist,-,Dickson,Dickson,1
47590,400114243,2,2,36.14798,-88.61707,8,2024-07-06 18:55:00,2024,7,6,18,55,Saturday,18:55,Fatal,Dark-Lighted,Clear,Motor Vehicle-In-Transport On Same Roadway,None,THP District 8 - Jackson,THP,Unbelted,-,Drinking,-,-,-,-,-,-,-,-,Motorcyclist,-,Weakley,Not in City Limit,7
47593,400114258,0,6,35.8872,-86.56833,3,2024-07-07 14:33:00,2024,7,7,14,33,Sunday,14:33,Suspected Serious Injury,Daylight,Clear,Motor Vehicle-In-Transport On Same Roadway,None,SMYRNA POLICE DEPT,Other,Unbelted,-,-,-,-,-,-,-,-,-,-,-,-,Rutherford,Smyrna,1
47610,400114320,0,1,36.01601,-84.13927,1,2024-07-07 17:13:00,2024,7,7,17,13,Sunday,17:13,Suspected Serious Injury,Daylight,Clear,Guard Rail Face,None,THP District 1 - Knoxville,THP,-,-,-,-,-,-,-,-,-,-,-,Motorcyclist,-,Anderson,Not in City Limit,1
47627,400114382,1,3,35.73282,-86.32937,3,2024-07-07 23:31:00,2024,7,7,23,31,Sunday,23:31,Fatal,Dark-Not Lighted,Clear,Motor Vehicle-In-Transport On Same Roadway,None,THP District 3 - Nashville,THP,Unbelted,-,-,-,-,-,-,-,-,-,-,-,-,Rutherford,Not in City Limit,1
47632,400114399,0,1,36.4897,-87.1929,3,2024-07-07 20:17:00,2024,7,7,20,17,Sunday,20:17,Suspected Serious Injury,Dusk,Clear,"Over Turn, Roll Over",None,THP District 3 - Nashville,THP,-,-,Drinking,Drug,-,-,-,-,-,-,-,Motorcyclist,-,Montgomery,Not in City Limit,1
47650,400114519,1,0,35.91208,-84.60542,1,2024-07-08 07:40:00,2024,7,8,7,40,Monday,07:40,Fatal,Dusk,Clear,Standing Tree,None,THP District 1 - Knoxville,THP,Unbelted,-,-,-,-,-,-,-,-,-,-,-,-,Roane,Not in City Limit,2
47651,400114527,0,2,35.99906,-85.04258,6,2024-07-08 11:20:00,2024,7,8,11,20,Monday,11:20,Suspected Serious Injury,Daylight,Clear,Motor Vehicle-In-Transport On Same Roadway,None,THP District 6 - Cookeville,THP,Unbelted,-,-,-,-,-,-,-,-,-,-,-,-,Cumberland,Crossville,2
47661,400114619,0,2,35.839,-83.546,1,2024-07-08 14:55:00,2024,7,8,14,55,Monday,14:55,Suspected Serious Injury,Daylight,Clear,Motor Vehicle-In-Transport On Same Roadway,None,SEVIERVILLE POLICE DEPT,Other,Unbelted,-,-,-,-,-,-,-,-,-,-,-,-,Sevier,Sevierville,2
47665,400114632,0,1,36.37804,-89.45102,8,2024-07-05 17:30:00,2024,7,5,17,30,Friday,17:30,Suspected Serious Injury,Dusk,Clear,Motor Vehicle-In-Transport On Same Roadway,None,THP District 8 - Jackson,THP,Unbelted,-,-,-,-,-,-,-,-,-,-,Motorcyclist,-,Lake,Tiptonville,6
47666,400114638,0,1,35.27305,-89.98256,4,2024-07-08 14:20:00,2024,7,8,14,20,Monday,14:20,Suspected Serious Injury,Daylight,Cloudy,Motor Vehicle-In-Transport On Same Roadway,None,THP District 4 - Memphis,THP,Unbelted,Distracted,-,-,-,-,-,-,-,-,ATV_Involved,-,-,Shelby,Not in City Limit,2
47669,400114644,1,5,36.15082,-86.8641,3,2024-07-04 19:20:00,2024,7,4,19,20,Thursday,19:20,Fatal,Daylight,Rain,Other Non-Fixed Object,None,METROPOLITAN NASHVILLE POLICE DEPT,Other,Unbelted,-,-,-,-,-,-,Pedestrian,-,-,-,-,-,Davidson,Nashville,5
47691,400114759,1,0,36.08898,-86.6499,3,2024-07-06 22:50:00,2024,7,6,22,50,Saturday,22:50,Fatal,Dark-Lighted,Clear,Pedestrian,None,METROPOLITAN NASHVILLE POLICE DEPT,Other,Unbelted,-,-,-,-,-,-,Pedestrian,-,-,-,-,-,Davidson,Nashville,7
47694,400114768,0,2,36.10161,-86.62647,3,2024-07-07 01:23:00,2024,7,7,1,23,Sunday,01:23,Suspected Serious Injury,Dark-Not Lighted,Clear,Motor Vehicle-In-Transport On Same Roadway,None,METROPOLITAN NASHVILLE POLICE DEPT,Other,Unbelted,-,Drinking,-,-,-,-,-,-,-,-,-,-,Davidson,Nashville,1
47698,400114776,1,1,36.10896,-86.72052,3,2024-07-07 02:37:00,2024,7,7,2,37,Sunday,02:37,Fatal,Dark-Lighted,Clear,Ditch,None,METROPOLITAN NASHVILLE POLICE DEPT,Other,Unbelted,-,Drinking,Drug,-,Speeding,-,-,-,-,-,-,-,Davidson,Nashville,1
47700,400114778,0,1,36.02598,-83.73538,1,2024-07-08 21:43:00,2024,7,8,21,43,Monday,21:43,Suspected Serious Injury,Dark-Not Lighted,Clear,Ditch,None,THP District 1 - Knoxville,THP,-,-,-,-,-,-,-,-,-,-,-,Motorcyclist,-,Knox,Not in City Limit,2
47702,400114787,0,2,35.46579,-88.15511,8,2024-07-08 00:45:00,2024,7,8,0,45,Monday,00:45,Suspected Serious Injury,Dark-Not Lighted,Clear,Culvert,None,THP District 8 - Jackson,THP,Unbelted,-,-,Drug,-,-,-,-,-,-,-,-,-,Decatur,Not in City Limit,2
47705,400114797,0,2,36.04162,-86.74925,3,2024-07-08 19:53:00,2024,7,8,19,53,Monday,19:53,Suspected Serious Injury,Dark-Lighted,Clear,Motor Vehicle-In-Transport On Same Roadway,None,METROPOLITAN NASHVILLE POLICE DEPT,Other,Unbelted,Distracted,Drinking,Drug,-,-,-,-,-,-,-,-,-,Davidson,Nashville,2
47712,400114822,1,0,36.21707,-86.4954,3,2024-07-07 23:09:00,2024,7,7,23,9,Sunday,23:09,Fatal,Dark-Not Lighted,Clear,Standing Tree,None,THP District 3 - Nashville,THP,Unbelted,Distracted,-,Drug,-,-,-,-,-,-,-,-,-,Wilson,Not in City Limit,1
47718,400114846,0,1,35.46604,-88.54385,8,2024-07-05 18:20:00,2024,7,5,18,20,Friday,18:20,Suspected Serious Injury,Daylight,Clear,Ditch,None,THP District 8 - Jackson,THP,Unbelted,-,-,-,-,-,-,-,-,-,-,-,-,Chester,Not in City Limit,6
47728,400114876,0,1,35.66928,-87.00542,7,2024-07-09 07:55:00,2024,7,9,7,55,Tuesday,07:55,Suspected Serious Injury,Daylight,Cloudy,Fence,None,COLUMBIA POLICE DEPT,Other,Unbelted,-,-,-,-,-,-,-,-,-,-,-,-,Maury,Columbia,3
47729,400114880,1,0,35.99205,-87.47861,3,2024-07-08 23:20:00,2024,7,8,23,20,Monday,23:20,Fatal,Dark-Not Lighted,Clear,Standing Tree,None,THP District 3 - Nashville,THP,Unbelted,-,-,-,-,-,-,-,-,-,-,-,-,Dickson,Not in City Limit,2
47741,400114921,0,1,36.299,-84.637,1,2024-07-09 07:51:00,2024,7,9,7,51,Tuesday,07:51,Suspected Serious Injury,Daylight,Clear,Embankment Earth,None,THP District 1 - Knoxville,THP,Unbelted,-,-,Drug,-,-,-,-,-,-,-,-,-,Morgan,Not in City Limit,3
47750,400114978,0,1,35.60014,-84.46218,1,2024-07-03 16:23:00,2024,7,3,16,23,Wednesday,16:23,Suspected Serious Injury,Daylight,Clear,Pedestrian,None,SWEETWATER POLICE DEPT,Other,Unbelted,-,-,-,-,-,-,Pedestrian,-,-,-,-,-,Monroe,Sweetwater,4
47753,400115007,0,3,35.96139,-86.8095,3,2024-07-08 12:35:00,2024,7,8,12,35,Monday,12:35,Suspected Serious Injury,Daylight,Clear,Thrown Or Falling Object,None,THP District 3 - Nashville,THP,Unbelted,-,-,-,-,-,-,-,-,-,-,-,-,Williamson,Franklin,2
47772,400115089,0,1,36.46013,-82.75035,5,2024-07-09 15:19:00,2024,7,9,15,19,Tuesday,15:19,Suspected Serious Injury,Daylight,Clear,Embankment Earth,None,THP District 5 - Fall Branch,THP,-,-,-,-,-,-,-,-,-,-,-,Motorcyclist,-,Hawkins,Not in City Limit,3
47778,400115124,0,1,36.13608,-85.51402,6,2024-07-09 14:00:00,2024,7,9,14,0,Tuesday,14:00,Suspected Serious Injury,Daylight,Clear,Ditch,None,THP District 6 - Cookeville,THP,Unbelted,-,-,-,Drowsy,-,-,-,-,-,-,-,-,Putnam,Cookeville,3
47794,400115177,0,1,35.29131,-89.61122,4,2024-07-09 16:30:00,2024,7,9,16,30,Tuesday,16:30,Suspected Serious Injury,Daylight,Rain,"Over Turn, Roll Over",None,THP District 4 - Memphis,THP,-,-,-,-,-,-,-,-,-,-,-,Motorcyclist,-,Fayette,Gallaway,3
47802,400115208,0,1,35.54251,-86.68384,7,2024-07-09 16:57:00,2024,7,9,16,57,Tuesday,16:57,Suspected Serious Injury,Daylight,Cloudy,Motor Vehicle-In-Transport On Same Roadway,None,THP District 7 - Lawrenceburg,THP,Unbelted,-,-,-,-,-,-,-,-,-,-,Motorcyclist,-,Marshall,Not in City Limit,3
47806,400115231,0,1,35.72024,-88.8115,8,2024-07-09 18:00:00,2024,7,9,18,0,Tuesday,18:00,Suspected Serious Injury,Daylight,Rain,Ditch,None,MADISON CO SHERIFFS DEPT,Other,Unbelted,-,Drinking,Drug,-,-,-,-,-,-,-,-,-,Madison,Not in City Limit,3
47810,400115264,0,1,36.23311,-86.79226,3,2024-07-09 17:05:00,2024,7,9,17,5,Tuesday,17:05,Suspected Serious Injury,Daylight,Clear,Standing Tree,None,METROPOLITAN NASHVILLE POLICE DEPT,Other,Unbelted,-,-,-,-,-,-,-,-,-,-,-,-,Davidson,Nashville,3
47830,400115328,0,1,36.05004,-85.66963,6,2024-07-09 20:06:00,2024,7,9,20,6,Tuesday,20:06,Suspected Serious Injury,Dusk,Clear,"Over Turn, Roll Over",None,THP District 6 - Cookeville,THP,-,-,Drinking,-,-,-,-,-,-,-,-,Motorcyclist,-,Putnam,Not in City Limit,3
47837,400115382,0,1,35.71838,-88.85291,8,2024-07-10 07:20:00,2024,7,10,7,20,Wednesday,07:20,Suspected Serious Injury,Daylight,Clear,Motor Vehicle-In-Transport On Same Roadway,None,JACKSON POLICE DEPT,Other,Unbelted,-,-,-,-,-,-,-,-,-,ATV_Involved,-,-,Madison,Jackson,4
47841,400115405,0,2,35.96473,-83.92388,1,2024-07-10 07:59:00,2024,7,10,7,59,Wednesday,07:59,Suspected Serious Injury,Daylight,Clear,Motor Vehicle-In-Transport On Same Roadway,None,UNIV OF TENN KNOXVILLE POLICE,Other,Unbelted,-,-,-,-,-,-,-,-,-,-,-,-,Knox,Knoxville,4
47864,400115524,0,1,35.84325,-86.49118,3,2024-07-10 14:36:00,2024,7,10,14,36,Wednesday,14:36,Suspected Serious Injury,Daylight,Clear,Motor Vehicle-In-Transport On Same Roadway,None,MURFREESBORO POLICE DEPT,Other,Unbelted,-,-,-,-,-,-,-,-,-,-,Motorcyclist,-,Rutherford,Murfreesboro,4
47867,400115531,0,3,36.02435,-87.29455,3,2024-07-10 14:30:00,2024,7,10,14,30,Wednesday,14:30,Suspected Serious Injury,Daylight,Clear,Guard Rail End,None,THP District 3 - Nashville,THP,Unbelted,-,-,-,-,-,-,-,-,-,ATV_Involved,-,-,Dickson,Not in City Limit,4
47877,400115589,0,1,35.7964,-83.77029,1,2024-07-10 16:08:00,2024,7,10,16,8,Wednesday,16:08,Suspected Serious Injury,Daylight,Clear,Embankment Earth,None,BLOUNT CO SHERIFFS DEPT,Other,-,Distracted,-,-,-,Speeding,-,-,-,-,-,Motorcyclist,-,Blount,Not in City Limit,4
47886,400115633,0,2,35.73238,-83.51136,1,2024-07-10 18:15:00,2024,7,10,18,15,Wednesday,18:15,Suspected Serious Injury,Daylight,Clear,Fell/Jumped From Vehicle,None,GATLINBURG POLICE DEPT,Other,Unbelted,-,-,-,-,-,-,-,-,-,-,-,-,Sevier,Gatlinburg,4
47889,400115657,0,3,35.01145,-85.24367,2,2024-07-06 00:43:00,2024,7,6,0,43,Saturday,00:43,Suspected Serious Injury,Dark-Lighted,Clear,Motor Vehicle-In-Transport On Same Roadway,Construction Zone,THP District 2 - Chattanooga,THP,Unbelted,Distracted,Drinking,Drug,-,Speeding,-,-,-,-,-,-,-,Hamilton,Chattanooga,7
47897,400115708,0,1,35.12277,-87.19184,7,2024-07-10 21:34:00,2024,7,10,21,34,Wednesday,21:34,Suspected Serious Injury,Dark-Not Lighted,Clear,Embankment Earth,None,THP District 7 - Lawrenceburg,THP,Unbelted,-,-,-,-,-,-,-,-,-,-,-,-,Giles,Not in City Limit,4
47903,400115748,0,2,36.01,-83.93772,1,2024-07-11 01:27:00,2024,7,11,1,27,Thursday,01:27,Suspected Serious Injury,Dark-Lighted,Clear,Concrete Traffic Barrier,Work Zone,KNOX CO SHERIFFS OFFICE,Other,Unbelted,-,Drinking,-,-,-,-,-,-,-,-,-,-,Knox,Knoxville,5
47904,400115757,0,1,35.77269,-86.88033,3,2024-07-10 17:30:00,2024,7,10,17,30,Wednesday,17:30,Suspected Serious Injury,Daylight,Clear,Pedestrian,Construction Zone,SPRING HILL POLICE DEPT,Other,Unbelted,-,-,-,-,Speeding,-,Pedestrian,-,-,-,-,-,Williamson,Spring Hill,4
47919,400115860,0,1,36.19923,-85.88979,6,2024-07-11 01:30:00,2024,7,11,1,30,Thursday,01:30,Suspected Serious Injury,Dark-Not Lighted,Clear,Embankment Earth,None,THP District 6 - Cookeville,THP,-,-,-,-,-,-,-,-,-,-,-,Motorcyclist,-,Smith,Not in City Limit,5
47932,400115917,1,0,36.33815,-89.15713,8,2024-07-11 09:40:00,2024,7,11,9,40,Thursday,09:40,Fatal,Daylight,Clear,Motor Vehicle-In-Transport On Same Roadway,None,THP District 8 - Jackson,THP,Unbelted,-,-,-,-,-,-,-,-,-,-,-,-,Obion,Troy,5
47945,400115999,1,3,35.76256,-84.32045,1,2024-07-06 13:36:00,2024,7,6,13,36,Saturday,13:36,Fatal,Daylight,Clear,Motor Vehicle-In-Transport On Same Roadway,None,THP District 1 - Knoxville,THP,Unbelted,-,-,Drug,-,-,-,-,-,-,-,-,-,Loudon,Not in City Limit,7
47948,400116016,1,1,36.04976,-86.64986,3,2024-07-10 02:17:00,2024,7,10,2,17,Wednesday,02:17,Fatal,Dark-Lighted,Cloudy,Motor Vehicle-In-Transport On Same Roadway,None,METROPOLITAN NASHVILLE POLICE DEPT,Other,Unbelted,-,Drinking,Drug,-,-,-,-,-,-,-,-,-,Davidson,Nashville,4
47950,400116027,0,1,36.04676,-89.39298,8,2024-07-11 00:00:00,2024,7,11,24,0,Thursday,24:00,Suspected Serious Injury,Daylight,Clear,Motor Vehicle-In-Transport On Same Roadway,None,DYERSBURG POLICE DEPT,Other,Unbelted,-,-,-,-,-,-,-,-,-,-,Motorcyclist,-,Dyer,Dyersburg,5
47955,400116045,1,1,35.91527,-84.10426,1,2024-07-11 16:00:00,2024,7,11,16,0,Thursday,16:00,Fatal,Daylight,Clear,Motor Vehicle-In-Transport On Same Roadway,None,KNOXVILLE POLICE DEPT,Other,Unbelted,-,-,-,-,-,-,-,-,-,ATV_Involved,-,-,Knox,Knoxville,5
47963,400116079,0,4,35.57884,-84.26986,1,2024-07-11 16:41:00,2024,7,11,16,41,Thursday,16:41,Suspected Serious Injury,Daylight,Clear,Motor Vehicle-In-Transport On Same Roadway,None,VONORE POLICE DEPT,Other,Unbelted,-,-,-,-,-,-,-,-,-,-,-,-,Monroe,Vonore,5
47986,400116198,0,2,35.72955,-83.9338,1,2024-07-11 23:25:00,2024,7,11,23,25,Thursday,23:25,Suspected Serious Injury,Dark-Not Lighted,Clear,Embankment Earth,None,BLOUNT CO SHERIFFS DEPT,Other,Unbelted,-,-,-,-,-,-,-,-,-,-,-,-,Blount,Not in City Limit,5