OBJECTID,MRN,Fatality,Injury,Latitude,Longitude,THP_District,Collision_Date,Collision_Year,Collision_Month,Collision_Day,Collision_Hour,Collision_Min,Collision_DOW,Collision_Time,Crash_Type,Light_Condition,Weather,First_Harmfu_Event,Work_Zone_Type,Agency_Name,THP,Unbelted,Distracted_Driver,Driver_Drinking,Driver_Drugged,Drowsy_Driver,Speeding_Involved,Pedalcyclist,Pedestrian,Other_Nonmotorist,ATV_Involved,LargeTruck_Involved,Motorcycle_Involved,SchoolBus,County,City,DOW_Nmb
47996,400116278,0,1,36.01833,-85.07499,6,2024-07-11 07:35:00,2024,7,11,7,35,Thursday,07:35,Suspected Serious Injury,Daylight,Clear,Motor Vehicle-In-Transport On Same Roadway,None,THP District 6 - Cookeville,THP,Unbelted,-,-,-,-,-,-,-,-,-,ATV_Involved,-,-,Cumberland,Not in City Limit,5
47997,400116280,0,1,36.15108,-85.50071,6,2024-07-09 16:41:00,2024,7,9,16,41,Tuesday,16:41,Suspected Serious Injury,Daylight,Clear,Motor Vehicle-In-Transport On Same Roadway,None,COOKEVILLE POLICE DEPT,Other,Unbelted,-,-,-,-,-,-,-,-,-,-,Motorcyclist,-,Putnam,Cookeville,3
47998,400116282,0,1,35.3076,-87.49453,7,2024-07-11 13:19:00,2024,7,11,13,19,Thursday,13:19,Suspected Serious Injury,Daylight,Clear,Ditch,None,THP District 7 - Lawrenceburg,THP,Unbelted,-,-,-,-,-,-,-,-,-,ATV_Involved,-,-,Lawrence,Not in City Limit,5
48014,400116377,0,1,35.51265,-86.40118,7,2024-07-12 10:36:00,2024,7,12,10,36,Friday,10:36,Suspected Serious Injury,Daylight,Clear,Ditch,None,THP District 7 - Lawrenceburg,THP,Unbelted,-,-,-,-,-,-,-,-,-,-,-,-,Bedford,Not in City Limit,6
48020,400116400,0,2,36.04887,-87.35257,3,2024-07-12 11:52:00,2024,7,12,11,52,Friday,11:52,Suspected Serious Injury,Daylight,Clear,Standing Tree,None,DICKSON POLICE DEPT,Other,Unbelted,-,-,-,-,-,-,-,-,-,-,-,-,Dickson,Dickson,6
48022,400116407,0,1,35.81328,-86.06577,6,2024-07-12 11:04:00,2024,7,12,11,4,Friday,11:04,Suspected Serious Injury,Daylight,Clear,Motor Vehicle-In-Transport On Same Roadway,None,THP District 6 - Cookeville,THP,Unbelted,-,-,-,-,-,-,-,-,-,-,Motorcyclist,-,Cannon,Woodbury,6
48029,400116453,0,3,36.48315,-87.15382,3,2024-07-12 13:01:00,2024,7,12,13,1,Friday,13:01,Suspected Serious Injury,Daylight,Clear,Guard Rail End,None,THP District 3 - Nashville,THP,Unbelted,-,-,-,-,-,-,-,-,-,-,-,-,Montgomery,Not in City Limit,6
48037,400116493,0,2,36.39857,-87.60763,3,2024-07-08 14:44:00,2024,7,8,14,44,Monday,14:44,Suspected Serious Injury,Daylight,Clear,Motor Vehicle-In-Transport On Same Roadway,None,THP District 3 - Nashville,THP,Unbelted,-,-,-,-,-,-,-,-,-,ATV_Involved,-,-,Stewart,Not in City Limit,2
48046,400116535,1,0,35.92068,-83.61769,1,2024-07-12 12:40:00,2024,7,12,12,40,Friday,12:40,Fatal,Daylight,Clear,Culvert,None,THP District 1 - Knoxville,THP,Unbelted,-,-,-,-,-,-,-,-,-,-,-,-,Sevier,Not in City Limit,6
48062,400116602,0,5,35.71199,-88.46037,8,2024-07-12 17:30:00,2024,7,12,17,30,Friday,17:30,Suspected Serious Injury,Daylight,Clear,Motor Vehicle-In-Transport On Same Roadway,None,THP District 8 - Jackson,THP,Unbelted,-,-,-,-,-,-,-,-,-,-,-,-,Henderson,Not in City Limit,6
48064,400116612,0,2,36.33775,-82.26076,5,2024-07-12 19:05:00,2024,7,12,19,5,Friday,19:05,Suspected Serious Injury,Daylight,Clear,Motor Vehicle-In-Transport On Same Roadway,None,THP District 5 - Fall Branch,THP,Unbelted,Distracted,-,-,-,Speeding,-,-,-,-,-,Motorcyclist,-,Carter,Elizabethton,6
48065,400116633,0,3,35.08645,-85.06721,2,2024-07-12 17:29:00,2024,7,12,17,29,Friday,17:29,Suspected Serious Injury,Daylight,Clear,Motor Vehicle-In-Transport On Same Roadway,None,THP District 2 - Chattanooga,THP,Unbelted,-,-,-,-,-,-,-,-,-,-,-,-,Hamilton,Chattanooga,6
48070,400116656,0,1,35.08142,-85.08403,2,2024-07-11 03:04:00,2024,7,11,3,4,Thursday,03:04,Suspected Serious Injury,Dark-Lighted,Clear,Pedestrian,None,CHATTANOOGA POLICE DEPT,Other,Unbelted,-,-,-,-,-,-,Pedestrian,-,-,-,-,-,Hamilton,Chattanooga,5
48075,400116677,0,5,36.0648,-86.62209,3,2024-07-12 22:03:00,2024,7,12,22,3,Friday,22:03,Suspected Serious Injury,Dark-Lighted,Clear,Motor Vehicle-In-Transport On Same Roadway,None,METROPOLITAN NASHVILLE POLICE DEPT,Other,Unbelted,-,-,-,-,-,-,-,-,-,-,-,-,Davidson,Nashville,6
48084,400116709,0,1,35.93043,-86.48865,3,2024-07-12 23:10:00,2024,7,12,23,10,Friday,23:10,Suspected Serious Injury,Dark-Not Lighted,Clear,Deer,None,RUTHERFORD CO SHERIFFS DEPT,Other,-,-,-,-,-,-,-,-,-,-,-,Motorcyclist,-,Rutherford,Not in City Limit,6
48085,400116710,0,1,35.23937,-86.45927,7,2024-07-12 20:30:00,2024,7,12,20,30,Friday,20:30,Suspected Serious Injury,Dark-Not Lighted,Clear,Motor Vehicle-In-Transport On Same Roadway,None,THP District 7 - Lawrenceburg,THP,Unbelted,-,Drinking,-,-,-,-,-,-,-,-,-,-,Lincoln,Not in City Limit,6
48088,400116720,0,1,36.17314,-86.76452,3,2024-07-12 22:23:00,2024,7,12,22,23,Friday,22:23,Suspected Serious Injury,Dark-Not Lighted,Clear,Pedestrian,None,METROPOLITAN NASHVILLE POLICE DEPT,Other,Unbelted,-,-,-,-,-,-,Pedestrian,-,-,-,-,-,Davidson,Nashville,6
48090,400116723,0,1,35.14721,-85.23732,2,2024-07-12 23:32:00,2024,7,12,23,32,Friday,23:32,Suspected Serious Injury,Dark-Not Lighted,Clear,Guard Rail Face,None,HAMILTON COUNTY SHERIFF'S OFFICE,Other,Unbelted,-,-,-,-,-,-,-,-,-,-,-,-,Hamilton,Chattanooga,6
48091,400116728,0,4,36.17592,-86.80933,3,2024-07-13 00:00:00,2024,7,13,0,0,Saturday,00:00,Suspected Serious Injury,Dark-Lighted,Clear,Motor Vehicle-In-Transport On Same Roadway,None,METROPOLITAN NASHVILLE POLICE DEPT,Other,Unbelted,-,-,-,-,Speeding,-,-,-,-,-,-,-,Davidson,Nashville,7
48102,400116774,0,1,36.16099,-86.52605,3,2024-07-12 00:00:00,2024,7,12,24,0,Friday,24:00,Suspected Serious Injury,Daylight,Clear,Culvert,None,MOUNT JULIET POLICE DEPT,Other,Unbelted,-,-,-,-,-,-,-,-,-,-,-,-,Wilson,Mount Juliet,6
48110,400116811,0,2,35.60817,-87.03471,7,2024-07-13 07:38:00,2024,7,13,7,38,Saturday,07:38,Suspected Serious Injury,Daylight,Clear,Motor Vehicle-In-Transport On Same Roadway,None,COLUMBIA POLICE DEPT,Other,Unbelted,-,-,-,-,-,-,-,-,-,-,-,-,Maury,Columbia,7
48121,400116848,0,1,36.40609,-83.21297,5,2024-07-13 11:53:00,2024,7,13,11,53,Saturday,11:53,Suspected Serious Injury,Daylight,Clear,Guard Rail Face,None,THP District 5 - Fall Branch,THP,-,-,-,-,-,-,-,-,-,-,-,Motorcyclist,-,Hawkins,Not in City Limit,7
48125,400116862,0,6,35.99258,-83.97147,1,2024-07-13 11:28:00,2024,7,13,11,28,Saturday,11:28,Suspected Serious Injury,Daylight,Clear,Motor Vehicle-In-Transport On Same Roadway,None,KNOXVILLE POLICE DEPT,Other,Unbelted,-,-,-,-,-,-,-,-,-,-,-,-,Knox,Knoxville,7
48130,400116872,0,1,35.88532,-84.68732,1,2024-07-12 20:44:00,2024,7,12,20,44,Friday,20:44,Suspected Serious Injury,Daylight,Clear,Motor Vehicle-In-Transport On Same Roadway,None,THP District 1 - Knoxville,THP,Unbelted,-,-,-,-,-,-,-,-,-,ATV_Involved,-,-,Roane,Not in City Limit,6
48147,400116952,0,1,36.23547,-83.18919,5,2024-07-13 17:17:00,2024,7,13,17,17,Saturday,17:17,Suspected Serious Injury,Daylight,Clear,Standing Tree,None,HAMBLEN CO SHERIFFS DEPT,Other,Unbelted,-,-,-,-,-,-,-,-,-,-,-,-,Hamblen,Not in City Limit,7
48149,400116963,0,1,36.41981,-85.38862,6,2024-07-09 21:19:00,2024,7,9,21,19,Tuesday,21:19,Suspected Serious Injury,Dark-Not Lighted,Clear,Standing Tree,None,THP District 6 - Cookeville,THP,Unbelted,-,-,-,-,-,-,-,-,-,-,-,-,Overton,Not in City Limit,3
48162,400117029,0,1,35.80537,-85.67936,6,2024-07-10 00:00:00,2024,7,10,24,0,Wednesday,24:00,Suspected Serious Injury,Dark-Not Lighted,Rain,Ditch,None,WARREN CO SHERIFFS DEPT,Other,Unbelted,-,-,-,-,-,-,-,-,-,-,-,-,Warren,Not in City Limit,4
48177,400117092,0,2,35.72111,-85.37516,6,2024-07-13 22:30:00,2024,7,13,22,30,Saturday,22:30,Suspected Serious Injury,Dark-Not Lighted,Clear,Ditch,None,THP District 6 - Cookeville,THP,-,-,-,Drug,-,-,-,-,-,-,-,Motorcyclist,-,Van Buren,Not in City Limit,7
48180,400117103,1,0,36.36275,-89.13122,8,2024-07-11 03:00:00,2024,7,11,3,0,Thursday,03:00,Fatal,Dark-Not Lighted,Clear,Guard Rail End,None,THP District 8 - Jackson,THP,Unbelted,-,-,-,-,-,-,-,-,-,ATV_Involved,-,-,Obion,Troy,5
48187,400117129,0,1,35.62676,-87.04036,7,2024-07-13 17:23:00,2024,7,13,17,23,Saturday,17:23,Suspected Serious Injury,Daylight,Clear,Motor Vehicle-In-Transport On Same Roadway,None,COLUMBIA POLICE DEPT,Other,Unbelted,-,-,-,-,-,-,-,-,-,-,Motorcyclist,-,Maury,Columbia,7
48190,400117140,0,1,35.85816,-89.48467,4,2024-07-14 02:25:00,2024,7,14,2,25,Sunday,02:25,Suspected Serious Injury,Dark-Not Lighted,Clear,"Over Turn, Roll Over",None,THP District 4 - Memphis,THP,Unbelted,-,-,-,-,-,-,-,-,-,-,-,-,Lauderdale,Not in City Limit,1
48195,400117161,1,1,35.59964,-85.04001,2,2024-07-13 10:33:00,2024,7,13,10,33,Saturday,10:33,Fatal,Daylight,Clear,Motor Vehicle-In-Transport On Same Roadway,None,THP District 2 - Chattanooga,THP,Unbelted,-,-,Drug,-,-,-,-,-,-,-,-,-,Rhea,Not in City Limit,7
48199,400117185,0,1,36.41327,-88.99793,8,2024-07-14 04:40:00,2024,7,14,4,40,Sunday,04:40,Suspected Serious Injury,Dark-Not Lighted,Clear,Concrete Traffic Barrier,None,THP District 8 - Jackson,THP,Unbelted,-,Drinking,-,-,-,-,-,-,-,-,-,-,Obion,Not in City Limit,1
48205,400117214,0,2,35.07397,-86.61978,7,2024-07-13 14:38:00,2024,7,13,14,38,Saturday,14:38,Suspected Serious Injury,Daylight,Clear,Culvert,None,THP District 7 - Lawrenceburg,THP,Unbelted,-,-,-,-,-,-,-,-,-,-,-,-,Lincoln,Not in City Limit,7
48214,400117262,1,0,35.61734,-89.31003,4,2024-07-12 23:14:00,2024,7,12,23,14,Friday,23:14,Fatal,Dark-Not Lighted,Clear,"Over Turn, Roll Over",None,THP District 4 - Memphis,THP,Unbelted,-,Drinking,-,-,-,-,-,-,-,-,-,-,Haywood,Not in City Limit,6
48215,400117277,0,2,36.2499,-86.75725,3,2024-07-14 12:49:00,2024,7,14,12,49,Sunday,12:49,Suspected Serious Injury,Daylight,Clear,Other Fixed Object,None,METROPOLITAN NASHVILLE POLICE DEPT,Other,Unbelted,Distracted,-,-,-,-,-,-,-,-,-,-,-,Davidson,Nashville,1
48227,400117336,0,1,35.75671,-84.08843,1,2024-07-14 17:34:00,2024,7,14,17,34,Sunday,17:34,Suspected Serious Injury,Daylight,Clear,Motor Vehicle-In-Transport On Same Roadway,None,MARYVILLE POLICE DEPT,Other,Unbelted,-,-,-,-,-,-,-,-,-,-,Motorcyclist,-,Blount,Maryville,1
48236,400117386,0,3,35.90924,-84.57976,1,2024-07-06 16:28:00,2024,7,6,16,28,Saturday,16:28,Suspected Serious Injury,Daylight,Clear,Guard Rail Face,None,THP District 1 - Knoxville,THP,Unbelted,-,-,Drug,-,-,-,-,-,-,-,-,-,Roane,Harriman,7
48239,400117395,0,1,35.27183,-87.3147,7,2024-07-13 00:00:00,2024,7,13,24,0,Saturday,24:00,Suspected Serious Injury,Dark-Not Lighted,Clear,Unknown,None,LAWRENCEBURG POLICE DEPT,Other,-,-,Drinking,-,-,-,-,-,-,-,-,Motorcyclist,-,Lawrence,Lawrenceburg,7
48241,400117401,0,2,36.16854,-86.81521,3,2024-07-14 17:48:00,2024,7,14,17,48,Sunday,17:48,Suspected Serious Injury,Daylight,Clear,Utility Pole,None,METROPOLITAN NASHVILLE POLICE DEPT,Other,Unbelted,-,-,Drug,-,-,-,-,-,-,-,-,-,Davidson,Nashville,1
48245,400117417,1,0,35.99138,-83.66486,1,2024-07-14 19:59:00,2024,7,14,19,59,Sunday,19:59,Fatal,Dark-Lighted,Clear,"Over Turn, Roll Over",None,THP District 1 - Knoxville,THP,-,-,-,-,-,Speeding,-,-,-,-,-,Motorcyclist,-,Knox,Not in City Limit,1
48251,400117449,0,3,35.51257,-88.75294,8,2024-07-14 23:29:00,2024,7,14,23,29,Sunday,23:29,Suspected Serious Injury,Dark-Not Lighted,Clear,Utility Pole,None,THP District 8 - Jackson,THP,Unbelted,-,-,-,-,-,-,-,-,-,-,-,-,Madison,Not in City Limit,1
48253,400117455,0,1,36.12131,-83.47624,5,2024-07-14 02:50:00,2024,7,14,2,50,Sunday,02:50,Suspected Serious Injury,Dark-Lighted,Clear,Motor Vehicle-In-Transport On Same Roadway,None,JEFFERSON CITY POLICE DEPT,Other,Unbelted,-,Drinking,-,-,-,-,-,-,-,ATV_Involved,-,-,Jefferson,Jefferson City,1
48254,400117466,1,0,36.5521,-87.44859,3,2024-07-14 22:46:00,2024,7,14,22,46,Sunday,22:46,Fatal,Dark-Not Lighted,Clear,Motor Vehicle-In-Transport On Same Roadway,None,THP District 3 - Nashville,THP,Unbelted,-,-,-,-,-,-,-,-,-,-,Motorcyclist,-,Montgomery,Not in City Limit,1
48261,400117506,0,1,36.35399,-82.19832,5,2024-07-15 06:03:00,2024,7,15,6,3,Monday,06:03,Suspected Serious Injury,Dawn,Clear,Fence,None,ELIZABETHTON POLICE DEPT,Other,-,-,-,-,-,-,-,-,-,-,-,Motorcyclist,-,Carter,Elizabethton,2
48262,400117514,0,1,35.87099,-84.18247,1,2024-07-15 00:15:00,2024,7,15,0,15,Monday,00:15,Suspected Serious Injury,Dark-Lighted,Clear,Ditch,None,THP District 1 - Knoxville,THP,-,-,Drinking,-,-,-,-,-,-,-,-,Motorcyclist,-,Knox,Farragut,2
48263,400117525,0,4,35.27462,-87.76692,7,2024-07-12 13:40:00,2024,7,12,13,40,Friday,13:40,Suspected Serious Injury,Daylight,Clear,Embankment Earth,None,THP District 7 - Lawrenceburg,THP,Unbelted,Distracted,-,Drug,-,-,-,-,-,-,-,-,-,Wayne,Not in City Limit,6
48269,400117557,0,1,36.15194,-86.8491,3,2024-07-15 06:49:00,2024,7,15,6,49,Monday,06:49,Suspected Serious Injury,Daylight,Clear,Utility Pole,None,METROPOLITAN NASHVILLE POLICE DEPT,Other,Unbelted,-,-,-,-,-,-,-,-,-,-,-,-,Davidson,Nashville,2
48279,400117623,0,2,35.05198,-89.68661,4,2024-07-15 12:07:00,2024,7,15,12,7,Monday,12:07,Suspected Serious Injury,Daylight,Clear,Curb,None,COLLIERVILLE POLICE DEPT,Other,Unbelted,-,Drinking,-,-,-,-,-,-,-,-,-,-,Shelby,Collierville,2
48295,400117691,0,2,35.5399,-88.38329,8,2024-07-14 19:48:00,2024,7,14,19,48,Sunday,19:48,Suspected Serious Injury,Daylight,Clear,Motor Vehicle-In-Transport On Same Roadway,None,THP District 8 - Jackson,THP,Unbelted,-,-,-,-,-,-,-,-,-,ATV_Involved,-,-,Henderson,Not in City Limit,1
48301,400117729,1,0,35.08163,-85.54765,2,2024-07-13 22:19:00,2024,7,13,22,19,Saturday,22:19,Fatal,Dark-Not Lighted,Clear,Pedestrian,None,THP District 2 - Chattanooga,THP,Unbelted,-,-,-,-,-,-,Pedestrian,-,-,-,-,-,Marion,Not in City Limit,7
48316,400117786,0,1,35.95965,-84.40114,1,2024-07-15 18:04:00,2024,7,15,18,4,Monday,18:04,Suspected Serious Injury,Daylight,Clear,Motor Vehicle-In-Transport On Same Roadway,None,THP District 1 - Knoxville,THP,Unbelted,-,-,-,-,-,-,-,-,-,-,Motorcyclist,-,Roane,Not in City Limit,2
48319,400117810,0,1,35.83483,-86.44652,3,2024-07-15 16:54:00,2024,7,15,16,54,Monday,16:54,Suspected Serious Injury,Daylight,Clear,Motor Vehicle-In-Transport On Same Roadway,None,MURFREESBORO POLICE DEPT,Other,Unbelted,-,Drinking,Drug,-,-,-,-,-,-,-,Motorcyclist,-,Rutherford,Murfreesboro,2
48321,400117822,1,2,35.92636,-86.824,3,2024-07-15 19:36:00,2024,7,15,19,36,Monday,19:36,Fatal,Daylight,Clear,Motor Vehicle-In-Transport On Same Roadway,None,FRANKLIN POLICE DEPT,Other,Unbelted,Distracted,-,-,-,Speeding,-,-,-,-,-,-,-,Williamson,Franklin,2
48330,400117868,0,2,36.25125,-86.45702,3,2024-07-15 11:35:00,2024,7,15,11,35,Monday,11:35,Suspected Serious Injury,Daylight,Clear,Culvert,None,THP District 3 - Nashville,THP,Unbelted,-,-,-,-,-,-,-,-,-,-,-,-,Wilson,Not in City Limit,2
48332,400117875,0,2,35.71423,-88.83691,8,2024-07-15 20:42:00,2024,7,15,20,42,Monday,20:42,Suspected Serious Injury,Dark-Lighted,Clear,Motor Vehicle-In-Transport On Same Roadway,None,JACKSON POLICE DEPT,Other,Unbelted,-,-,-,-,-,-,-,-,-,-,-,-,Madison,Jackson,2
48343,400117918,0,1,35.48205,-86.44498,7,2024-07-15 20:30:00,2024,7,15,20,30,Monday,20:30,Suspected Serious Injury,Dark-Not Lighted,Clear,Mail Box,None,SHELBYVILLE POLICE DEPT,Other,-,-,-,-,-,-,-,-,-,-,-,Motorcyclist,-,Bedford,Shelbyville,2
48357,400117973,0,2,35.88819,-83.74633,1,2024-07-15 17:11:00,2024,7,15,17,11,Monday,17:11,Suspected Serious Injury,Daylight,Clear,Motor Vehicle-In-Transport On Same Roadway,None,THP District 1 - Knoxville,THP,Unbelted,-,-,-,-,-,-,-,-,-,-,-,-,Sevier,Not in City Limit,2
48387,400118106,0,1,36.56867,-82.25793,5,2024-07-15 20:02:00,2024,7,15,20,2,Monday,20:02,Suspected Serious Injury,Daylight,Clear,"Over Turn, Roll Over",None,THP District 5 - Fall Branch,THP,Unbelted,-,Drinking,Drug,-,-,-,-,-,-,-,-,-,Sullivan,Not in City Limit,2
48392,400118121,0,3,35.89786,-86.49067,3,2024-07-16 11:31:00,2024,7,16,11,31,Tuesday,11:31,Suspected Serious Injury,Daylight,Clear,Motor Vehicle-In-Transport On Same Roadway,None,THP District 3 - Nashville,THP,Unbelted,-,-,-,-,-,-,-,-,-,-,-,-,Rutherford,Murfreesboro,3
48406,400118211,0,1,35.98694,-86.54539,3,2024-07-16 13:30:00,2024,7,16,13,30,Tuesday,13:30,Suspected Serious Injury,Daylight,Clear,Motor Vehicle-In-Transport On Same Roadway,None,SMYRNA POLICE DEPT,Other,Unbelted,-,-,-,-,-,-,-,-,-,-,Motorcyclist,-,Rutherford,Smyrna,3
48413,400118241,0,1,36.02622,-86.52359,3,2024-07-12 21:59:00,2024,7,12,21,59,Friday,21:59,Suspected Serious Injury,Dark-Lighted,Clear,Highway Traffic Sign Post,None,THP District 3 - Nashville,THP,Unbelted,-,Drinking,Drug,-,-,-,-,-,-,-,-,-,Rutherford,Lavergne,6
48436,400118346,0,2,36.10986,-87.43579,3,2024-07-16 19:46:00,2024,7,16,19,46,Tuesday,19:46,Suspected Serious Injury,Dusk,Clear,Motor Vehicle-In-Transport On Same Roadway,None,THP District 3 - Nashville,THP,Unbelted,-,-,-,-,-,-,-,-,-,-,-,-,Dickson,Not in City Limit,3
48439,400118354,0,1,35.50484,-87.549,7,2024-07-15 18:50:00,2024,7,15,18,50,Monday,18:50,Suspected Serious Injury,Daylight,Clear,Guard Rail End,None,THP District 7 - Lawrenceburg,THP,Unbelted,-,-,-,-,-,-,-,-,-,-,-,-,Lewis,Not in City Limit,2
48448,400118403,0,1,35.89542,-86.73262,3,2024-07-16 21:47:00,2024,7,16,21,47,Tuesday,21:47,Suspected Serious Injury,Dark-Not Lighted,Clear,Ditch,None,THP District 3 - Nashville,THP,Unbelted,Distracted,-,-,-,-,-,-,-,-,-,-,-,Williamson,Not in City Limit,3
48451,400118418,1,1,36.61561,-87.296,3,2024-07-14 17:17:00,2024,7,14,17,17,Sunday,17:17,Fatal,Daylight,Clear,Motor Vehicle-In-Transport On Same Roadway,None,THP District 3 - Nashville,THP,Unbelted,-,-,Drug,-,-,-,-,-,-,-,Motorcyclist,-,Montgomery,Clarksville,1
48452,400118420,0,1,35.17213,-84.65605,2,2024-07-14 10:05:00,2024,7,14,10,5,Sunday,10:05,Suspected Serious Injury,Daylight,Clear,Ditch,None,BENTON POLICE DEPT,Other,Unbelted,-,-,-,-,-,-,-,-,-,-,-,-,Polk,Benton,1
48458,400118444,0,1,36.22519,-88.09646,8,2024-07-17 07:08:00,2024,7,17,7,8,Wednesday,07:08,Suspected Serious Injury,Daylight,Clear,Deer,None,THP District 8 - Jackson,THP,-,-,-,-,-,-,-,-,-,-,-,Motorcyclist,-,Benton,Not in City Limit,4
48473,400118508,2,0,36.33951,-88.37381,8,2024-07-16 12:18:00,2024,7,16,12,18,Tuesday,12:18,Fatal,Daylight,Clear,Motor Vehicle-In-Transport On Different Roadway,None,THP District 8 - Jackson,THP,Unbelted,-,-,-,-,-,-,-,-,-,ATV_Involved,-,-,Henry,Not in City Limit,3
48485,400118580,0,1,35.02409,-85.31643,2,2024-07-17 14:00:00,2024,7,17,14,0,Wednesday,14:00,Suspected Serious Injury,Daylight,Clear,"Over Turn, Roll Over",None,CHATTANOOGA POLICE DEPT,Other,-,-,-,-,-,-,-,-,-,-,-,Motorcyclist,-,Hamilton,Chattanooga,4
48486,400118582,0,1,35.38411,-89.86234,4,2024-07-17 13:09:00,2024,7,17,13,9,Wednesday,13:09,Suspected Serious Injury,Daylight,Rain,Standing Tree,None,THP District 4 - Memphis,THP,Unbelted,-,-,-,-,-,-,-,-,-,-,-,-,Shelby,Not in City Limit,4
48488,400118602,1,0,35.68984,-88.86995,8,2024-07-17 14:00:00,2024,7,17,14,0,Wednesday,14:00,Fatal,Daylight,Clear,Utility Pole,None,JACKSON POLICE DEPT,Other,Unbelted,-,-,-,-,-,-,-,-,-,-,-,-,Madison,Jackson,4
48494,400118632,0,1,36.29106,-84.84688,6,2024-07-16 13:40:00,2024,7,16,13,40,Tuesday,13:40,Suspected Serious Injury,Daylight,Clear,Standing Tree,None,THP District 6 - Cookeville,THP,Unbelted,-,-,-,-,-,-,-,-,-,-,-,-,Fentress,Not in City Limit,3
48509,400118720,0,1,36.07684,-84.63967,1,2024-07-13 18:06:00,2024,7,13,18,6,Saturday,18:06,Suspected Serious Injury,Daylight,Clear,Standing Tree,None,THP District 1 - Knoxville,THP,Unbelted,Distracted,-,-,-,-,-,-,-,-,-,-,-,Morgan,Not in City Limit,7
48518,400118747,0,3,35.01179,-85.27583,2,2024-07-14 19:25:00,2024,7,14,19,25,Sunday,19:25,Suspected Serious Injury,Daylight,Clear,Motor Vehicle-In-Transport On Same Roadway,None,CHATTANOOGA POLICE DEPT,Other,Unbelted,-,Drinking,-,-,Speeding,-,-,-,-,-,-,-,Hamilton,Chattanooga,1
48521,400118763,0,1,35.3249,-85.85845,2,2024-07-17 00:00:00,2024,7,17,24,0,Wednesday,24:00,Suspected Serious Injury,Dark-Not Lighted,Clear,Ditch,None,THP District 2 - Chattanooga,THP,Unbelted,-,Drinking,-,-,-,-,-,-,-,-,-,-,Grundy,Not in City Limit,4
48526,400118778,0,1,36.44148,-86.64538,3,2024-07-17 17:34:00,2024,7,17,17,34,Wednesday,17:34,Suspected Serious Injury,Daylight,Clear,Motor Vehicle-In-Transport On Same Roadway,None,WHITE HOUSE POLICE DEPT,Other,Unbelted,-,-,-,-,-,-,-,-,-,-,Motorcyclist,-,Sumner,White House,4
48528,400118785,0,1,36.3714,-87.16597,3,2024-07-17 19:47:00,2024,7,17,19,47,Wednesday,19:47,Suspected Serious Injury,Daylight,Clear,Mail Box,None,THP District 3 - Nashville,THP,Unbelted,-,-,-,-,-,-,-,-,-,-,-,-,Cheatham,Not in City Limit,4
48542,400118858,0,4,36.07881,-86.74577,3,2024-07-17 23:41:00,2024,7,17,23,41,Wednesday,23:41,Suspected Serious Injury,Dark-Lighted,Clear,Motor Vehicle-In-Transport On Same Roadway,None,METROPOLITAN NASHVILLE POLICE DEPT,Other,Unbelted,-,-,-,-,-,-,-,-,-,-,-,-,Davidson,Nashville,4
48551,400118922,0,1,35.74448,-89.51599,4,2024-07-18 00:00:00,2024,7,18,24,0,Thursday,24:00,Suspected Serious Injury,Daylight,Clear,Standing Tree,None,RIPLEY POLICE DEPT,Other,Unbelted,-,-,-,-,-,-,-,-,-,-,-,-,Lauderdale,Ripley,5
48564,400118978,1,1,36.12847,-83.46573,5,2024-07-18 12:33:00,2024,7,18,12,33,Thursday,12:33,Fatal,Daylight,Rain,Motor Vehicle-In-Transport On Same Roadway,None,JEFFERSON CITY POLICE DEPT,Other,Unbelted,-,-,-,-,-,-,-,-,-,-,-,-,Jefferson,Jefferson City,5
48578,400119046,0,1,36.15341,-85.50272,6,2024-07-18 12:06:00,2024,7,18,12,6,Thursday,12:06,Suspected Serious Injury,Daylight,Cloudy,Motor Vehicle-In-Transport On Same Roadway,None,COOKEVILLE POLICE DEPT,Other,Unbelted,-,-,-,-,Speeding,-,-,-,-,-,Motorcyclist,-,Putnam,Cookeville,5
48585,400119063,0,1,35.90695,-84.57512,1,2024-07-18 13:59:00,2024,7,18,13,59,Thursday,13:59,Suspected Serious Injury,Daylight,Clear,Culvert,None,THP District 1 - Knoxville,THP,Unbelted,-,-,-,-,Speeding,-,-,-,-,-,-,-,Roane,Not in City Limit,5
48586,400119077,0,1,36.38939,-86.45024,3,2024-07-18 11:54:00,2024,7,18,11,54,Thursday,11:54,Suspected Serious Injury,Daylight,Clear,Motor Vehicle-In-Transport On Same Roadway,None,GALLATIN POLICE DEPT,Other,Unbelted,Distracted,-,-,-,-,-,-,-,-,-,-,-,Sumner,Gallatin,5
48589,400119095,0,1,35.2424,-89.34219,4,2024-07-16 15:45:00,2024,7,16,15,45,Tuesday,15:45,Suspected Serious Injury,Daylight,Clear,Motor Vehicle-In-Transport On Same Roadway,None,SOMERVILLE POLICE DEPT,Other,Unbelted,-,-,-,-,-,-,-,-,-,ATV_Involved,-,-,Fayette,Somerville,3