OBJECTID,MRN,Fatality,Injury,Latitude,Longitude,THP_District,Collision_Date,Collision_Year,Collision_Month,Collision_Day,Collision_Hour,Collision_Min,Collision_DOW,Collision_Time,Crash_Type,Light_Condition,Weather,First_Harmfu_Event,Work_Zone_Type,Agency_Name,THP,Unbelted,Distracted_Driver,Driver_Drinking,Driver_Drugged,Drowsy_Driver,Speeding_Involved,Pedalcyclist,Pedestrian,Other_Nonmotorist,ATV_Involved,LargeTruck_Involved,Motorcycle_Involved,SchoolBus,County,City,DOW_Nmb
48591,400119101,0,1,35.08789,-85.18916,2,2024-07-18 16:47:00,2024,7,18,16,47,Thursday,16:47,Suspected Serious Injury,Daylight,Clear,"Over Turn, Roll Over",None,CHATTANOOGA POLICE DEPT,Other,-,-,-,-,-,-,-,-,-,-,-,Motorcyclist,-,Hamilton,Chattanooga,5
48614,400119200,0,2,35.61064,-85.8621,6,2024-07-18 00:00:00,2024,7,18,24,0,Thursday,24:00,Suspected Serious Injury,Daylight,Clear,Motor Vehicle-In-Transport On Same Roadway,None,THP District 6 - Cookeville,THP,Unbelted,-,-,-,-,-,-,-,-,-,-,-,-,Warren,Not in City Limit,5
48619,400119228,1,0,36.45834,-86.76044,3,2024-07-18 14:40:00,2024,7,18,14,40,Thursday,14:40,Fatal,Daylight,Clear,Ditch,None,THP District 3 - Nashville,THP,-,-,-,-,-,-,-,-,-,-,-,Motorcyclist,-,Robertson,Not in City Limit,5
48650,400119466,0,3,35.00025,-85.21019,2,2024-07-19 10:00:00,2024,7,19,10,0,Friday,10:00,Suspected Serious Injury,Daylight,Clear,Ditch,None,EAST RIDGE POLICE DEPT,Other,Unbelted,-,-,-,-,-,-,-,-,-,-,-,-,Hamilton,East Ridge,6
48651,400119478,0,1,36.13329,-86.72696,3,2024-07-19 09:35:00,2024,7,19,9,35,Friday,09:35,Suspected Serious Injury,Daylight,Clear,Motor Vehicle-In-Transport On Same Roadway,None,THP District 3 - Nashville,THP,Unbelted,-,-,-,-,-,-,-,-,-,-,-,-,Davidson,Nashville,6
48666,400119552,1,0,36.48384,-87.89605,3,2024-07-19 11:38:00,2024,7,19,11,38,Friday,11:38,Fatal,Daylight,Clear,Pedestrian,None,THP District 3 - Nashville,THP,Unbelted,Distracted,-,-,-,-,-,Pedestrian,-,-,-,-,-,Stewart,Not in City Limit,6
48672,400119604,0,2,35.94158,-84.04209,1,2024-07-19 14:42:00,2024,7,19,14,42,Friday,14:42,Suspected Serious Injury,Daylight,Cloudy,Motor Vehicle-In-Transport On Same Roadway,None,KNOXVILLE POLICE DEPT,Other,Unbelted,-,-,-,-,Speeding,-,-,-,-,-,Motorcyclist,-,Knox,Knoxville,6
48675,400119610,1,0,35.32358,-87.2937,7,2024-07-19 08:14:00,2024,7,19,8,14,Friday,08:14,Fatal,Daylight,Clear,Motor Vehicle-In-Transport On Same Roadway,None,THP District 7 - Lawrenceburg,THP,Unbelted,-,-,Drug,-,-,-,-,-,-,ATV_Involved,-,-,Lawrence,Ethridge,6
48687,400119667,1,0,35.83009,-86.34986,3,2024-07-18 17:19:00,2024,7,18,17,19,Thursday,17:19,Fatal,Daylight,Clear,Pedestrian,None,MURFREESBORO POLICE DEPT,Other,Unbelted,-,-,-,-,-,Pedalcyclist,-,-,-,-,-,-,Rutherford,Murfreesboro,5
48701,400119749,0,2,35.1206,-85.28425,2,2024-07-19 18:11:00,2024,7,19,18,11,Friday,18:11,Suspected Serious Injury,Daylight,Rain,Motor Vehicle-In-Transport On Same Roadway,None,RED BANK POLICE DEPT,Other,Unbelted,-,-,-,-,Speeding,-,-,-,-,-,-,-,Hamilton,Red Bank,6
48702,400119755,0,1,36.15879,-85.20828,6,2024-07-19 17:20:00,2024,7,19,17,20,Friday,17:20,Suspected Serious Injury,Daylight,Clear,Motor Vehicle-In-Transport On Same Roadway,None,THP District 6 - Cookeville,THP,Unbelted,-,-,-,-,-,-,-,-,-,-,-,-,Overton,Not in City Limit,6
48720,400119831,0,1,35.37537,-88.02973,8,2024-07-18 12:15:00,2024,7,18,12,15,Thursday,12:15,Suspected Serious Injury,Daylight,Cloudy,Standing Tree,None,THP District 8 - Jackson,THP,Unbelted,-,-,-,-,-,-,-,-,-,-,-,-,Hardin,Not in City Limit,5
48728,400119870,0,1,35.7721,-83.81582,1,2024-07-19 14:12:00,2024,7,19,14,12,Friday,14:12,Suspected Serious Injury,Daylight,Cloudy,Other Fixed Object,None,BLOUNT CO SHERIFFS DEPT,Other,-,-,-,-,-,-,-,-,-,-,-,Motorcyclist,-,Blount,Not in City Limit,6
48730,400119892,0,1,35.2789,-85.74643,2,2024-07-19 16:44:00,2024,7,19,16,44,Friday,16:44,Suspected Serious Injury,Daylight,Rain,Standing Tree,None,GRUNDY CO SHERIFFS OFFICE,Other,Unbelted,-,-,-,-,-,-,-,-,-,-,-,-,Grundy,Not in City Limit,6
48736,400119924,1,0,36.07156,-82.72637,5,2024-07-20 06:57:00,2024,7,20,6,57,Saturday,06:57,Fatal,Dark-Not Lighted,Rain,Ditch,None,THP District 5 - Fall Branch,THP,-,-,-,Drug,-,-,-,-,-,-,-,Motorcyclist,-,Greene,Not in City Limit,7
48739,400119928,0,2,36.16117,-86.79267,3,2024-07-19 08:47:00,2024,7,19,8,47,Friday,08:47,Suspected Serious Injury,Daylight,Clear,Motor Vehicle-In-Transport On Same Roadway,None,METROPOLITAN NASHVILLE POLICE DEPT,Other,Unbelted,Distracted,-,-,-,-,-,-,-,-,-,-,-,Davidson,Nashville,6
48744,400119940,0,1,35.00398,-85.14951,2,2024-07-20 10:18:00,2024,7,20,10,18,Saturday,10:18,Suspected Serious Injury,Daylight,Cloudy,Pedestrian,None,CHATTANOOGA POLICE DEPT,Other,Unbelted,-,-,-,-,-,-,Pedestrian,-,-,-,-,-,Hamilton,Chattanooga,7
48750,400119988,0,1,36.19366,-86.83122,3,2024-07-20 12:36:00,2024,7,20,12,36,Saturday,12:36,Suspected Serious Injury,Daylight,Clear,Pedestrian,None,METROPOLITAN NASHVILLE POLICE DEPT,Other,Unbelted,-,-,-,-,-,-,Pedestrian,-,-,-,-,-,Davidson,Nashville,7
48751,400119998,1,0,36.00735,-84.51477,1,2024-07-19 20:55:00,2024,7,19,20,55,Friday,20:55,Fatal,Dark-Not Lighted,Cloudy,Guard Rail Face,None,THP District 1 - Knoxville,THP,Unbelted,-,-,Drug,-,-,-,-,-,-,-,-,-,Morgan,Not in City Limit,6
48753,400120002,0,1,36.286,-83.606,5,2024-07-20 14:10:00,2024,7,20,14,10,Saturday,14:10,Suspected Serious Injury,Daylight,Clear,Parked Motor Vehicle,None,THP District 5 - Fall Branch,THP,Unbelted,-,-,Drug,-,-,-,-,-,-,-,-,-,Grainger,Not in City Limit,7
48757,400120022,0,1,35.7428,-85.83282,6,2024-07-16 14:35:00,2024,7,16,14,35,Tuesday,14:35,Suspected Serious Injury,Daylight,Rain,Utility Pole,None,WARREN CO SHERIFFS DEPT,Other,Unbelted,-,-,-,-,Speeding,-,-,-,-,-,-,-,Warren,Not in City Limit,3
48758,400120029,0,1,36.14437,-83.98269,1,2024-07-20 15:47:00,2024,7,20,15,47,Saturday,15:47,Suspected Serious Injury,Daylight,Clear,Utility Pole,None,THP District 1 - Knoxville,THP,-,-,-,-,-,-,-,-,-,-,-,Motorcyclist,-,Knox,Not in City Limit,7
48782,400120148,0,1,36.31887,-86.89109,3,2024-07-20 18:30:00,2024,7,20,18,30,Saturday,18:30,Suspected Serious Injury,Daylight,Clear,Motor Vehicle-In-Transport On Same Roadway,None,METROPOLITAN NASHVILLE POLICE DEPT,Other,Unbelted,-,-,-,-,-,-,-,-,-,-,Motorcyclist,-,Davidson,Nashville,7
48787,400120159,0,2,35.19113,-85.34557,2,2024-07-19 18:24:00,2024,7,19,18,24,Friday,18:24,Suspected Serious Injury,Daylight,Cloudy,Culvert,None,HAMILTON COUNTY SHERIFF'S OFFICE,Other,Unbelted,-,Drinking,-,-,-,-,-,-,-,-,-,-,Hamilton,Not in City Limit,6
48788,400120160,0,2,36.54085,-82.34322,5,2024-07-20 02:53:00,2024,7,20,2,53,Saturday,02:53,Suspected Serious Injury,Dark-Not Lighted,Rain,Guard Rail Face,None,THP District 5 - Fall Branch,THP,Unbelted,-,-,-,-,-,-,-,-,-,-,-,-,Sullivan,Not in City Limit,7
48795,400120195,0,2,36.58319,-87.26747,3,2024-07-20 21:12:00,2024,7,20,21,12,Saturday,21:12,Suspected Serious Injury,Dark-Not Lighted,Clear,Ditch,None,THP District 3 - Nashville,THP,Unbelted,-,-,-,-,-,-,-,-,-,-,-,-,Montgomery,Clarksville,7
48800,400120229,0,1,35.64394,-88.91142,8,2024-07-16 17:25:00,2024,7,16,17,25,Tuesday,17:25,Suspected Serious Injury,Daylight,Clear,Motor Vehicle-In-Transport On Same Roadway,None,THP District 8 - Jackson,THP,Unbelted,-,-,Drug,-,-,-,-,-,-,-,-,-,Madison,Not in City Limit,3
48803,400120252,0,3,35.82493,-83.97681,1,2024-07-20 22:40:00,2024,7,20,22,40,Saturday,22:40,Suspected Serious Injury,Dark-Lighted,Clear,Motor Vehicle-In-Transport On Same Roadway,None,ALCOA POLICE DEPARTMENT,Other,Unbelted,Distracted,Drinking,-,-,-,-,-,-,-,-,-,-,Blount,Alcoa,7
48812,400120286,0,1,36.46982,-87.12932,3,2024-07-21 05:35:00,2024,7,21,5,35,Sunday,05:35,Suspected Serious Injury,Dawn,Fog,Guard Rail Face,None,THP District 3 - Nashville,THP,Unbelted,-,-,-,-,-,-,-,-,-,-,-,-,Montgomery,Not in City Limit,1
48817,400120304,1,0,36.23488,-83.85806,5,2024-07-20 13:04:00,2024,7,20,13,4,Saturday,13:04,Fatal,Daylight,Clear,Motor Vehicle-In-Transport On Same Roadway,None,THP District 5 - Fall Branch,THP,Unbelted,-,-,Drug,-,-,-,-,-,-,ATV_Involved,Motorcyclist,-,Union,Not in City Limit,7
48821,400120317,0,1,35.7675,-85.91237,6,2024-07-21 07:44:00,2024,7,21,7,44,Sunday,07:44,Suspected Serious Injury,Daylight,Clear,Ditch,None,THP District 6 - Cookeville,THP,Unbelted,-,-,Drug,-,-,-,-,-,-,-,-,-,Warren,Not in City Limit,1
48822,400120329,0,1,35.07686,-85.32018,2,2024-07-14 13:52:00,2024,7,14,13,52,Sunday,13:52,Suspected Serious Injury,Daylight,Clear,Motor Vehicle-In-Transport On Same Roadway,None,THP District 2 - Chattanooga,THP,Unbelted,-,-,-,-,-,-,-,-,-,-,Motorcyclist,-,Hamilton,Red Bank,1
48829,400120371,1,0,35.87549,-88.84646,8,2024-07-21 03:25:00,2024,7,21,3,25,Sunday,03:25,Fatal,Dark-Lighted,Clear,Mail Box,None,THP District 8 - Jackson,THP,Unbelted,-,Drinking,-,-,-,-,-,-,-,-,-,-,Gibson,Gibson,1
48831,400120395,0,2,35.88884,-84.21303,1,2024-07-20 19:50:00,2024,7,20,19,50,Saturday,19:50,Suspected Serious Injury,Dusk,Rain,Motor Vehicle-In-Transport On Same Roadway,None,THP District 1 - Knoxville,THP,Unbelted,-,-,-,-,-,-,-,-,-,-,-,-,Knox,Farragut,7
48837,400120438,0,4,35.92264,-86.8227,3,2024-07-21 10:56:00,2024,7,21,10,56,Sunday,10:56,Suspected Serious Injury,Daylight,Clear,Motor Vehicle-In-Transport On Same Roadway,None,FRANKLIN POLICE DEPT,Other,Unbelted,-,-,-,-,-,-,-,-,-,-,-,-,Williamson,Franklin,1
48842,400120468,1,0,35.34637,-89.524,4,2024-07-21 16:41:00,2024,7,21,16,41,Sunday,16:41,Fatal,Daylight,Clear,Other Non-Fixed Object,None,THP District 4 - Memphis,THP,Unbelted,-,-,-,-,-,-,-,-,-,ATV_Involved,Motorcyclist,-,Fayette,Not in City Limit,1
48856,400120525,0,2,35.34112,-85.21962,2,2024-07-21 18:50:00,2024,7,21,18,50,Sunday,18:50,Suspected Serious Injury,Daylight,Rain,Concrete Traffic Barrier,None,HAMILTON COUNTY SHERIFF'S OFFICE,Other,Unbelted,-,-,-,-,Speeding,-,-,-,-,-,-,-,Hamilton,Not in City Limit,1
48860,400120532,0,1,36.23239,-86.7499,3,2024-07-21 17:52:00,2024,7,21,17,52,Sunday,17:52,Suspected Serious Injury,Daylight,Clear,Motor Vehicle-In-Transport On Same Roadway,None,METROPOLITAN NASHVILLE POLICE DEPT,Other,Unbelted,-,-,-,-,-,-,-,-,-,-,-,-,Davidson,Nashville,1
48861,400120533,0,1,36.24448,-85.61501,6,2024-07-20 22:50:00,2024,7,20,22,50,Saturday,22:50,Suspected Serious Injury,Dark-Not Lighted,Clear,Embankment Earth,None,THP District 6 - Cookeville,THP,Unbelted,-,-,-,-,Speeding,-,-,-,-,-,-,-,Jackson,Not in City Limit,7
48869,400120578,0,1,36.00811,-88.404,8,2024-07-21 00:00:00,2024,7,21,24,0,Sunday,24:00,Suspected Serious Injury,,Clear,Other Non-Fixed Object,None,HUNTINGDON POLICE DEPT,Other,Unbelted,-,-,-,-,-,-,Pedestrian,-,-,-,-,-,Carroll,Huntingdon,1
48890,400120644,0,1,35.29419,-89.11481,4,2024-07-21 20:14:00,2024,7,21,20,14,Sunday,20:14,Suspected Serious Injury,Dusk,Cloudy,Deer,None,HARDEMAN CO SHERIFFS DEPT,Other,Unbelted,-,-,-,-,-,-,-,-,-,-,-,-,Hardeman,Not in City Limit,1
48892,400120650,0,1,36.0079,-83.87176,1,2024-07-22 05:02:00,2024,7,22,5,2,Monday,05:02,Suspected Serious Injury,Dark-Lighted,Rain,Motor Vehicle-In-Transport On Same Roadway,None,KNOXVILLE POLICE DEPT,Other,Unbelted,-,-,-,-,-,-,-,-,-,ATV_Involved,-,-,Knox,Knoxville,2
48896,400120668,0,1,35.61341,-88.78134,8,2024-07-18 17:19:00,2024,7,18,17,19,Thursday,17:19,Suspected Serious Injury,Daylight,Clear,Motor Vehicle-In-Transport On Same Roadway,None,JACKSON POLICE DEPT,Other,Unbelted,-,-,-,-,-,-,-,-,-,-,-,-,Madison,Jackson,5
48900,400120709,0,1,35.98178,-83.91752,1,2024-07-22 07:45:00,2024,7,22,7,45,Monday,07:45,Suspected Serious Injury,Daylight,Clear,Motor Vehicle-In-Transport On Same Roadway,None,KNOXVILLE POLICE DEPT,Other,Unbelted,-,-,-,Drowsy,-,-,-,-,-,ATV_Involved,-,-,Knox,Knoxville,2
48901,400120720,0,1,35.0074,-85.23383,2,2024-07-22 07:45:00,2024,7,22,7,45,Monday,07:45,Suspected Serious Injury,Daylight,Cloudy,Motor Vehicle-In-Transport On Same Roadway,Construction Zone,CHATTANOOGA POLICE DEPT,Other,Unbelted,-,-,-,-,-,-,-,-,-,ATV_Involved,-,-,Hamilton,Chattanooga,2
48904,400120745,0,1,35.61699,-84.48844,1,2024-07-22 08:12:00,2024,7,22,8,12,Monday,08:12,Suspected Serious Injury,Daylight,Clear,Ditch,None,SWEETWATER POLICE DEPT,Other,Unbelted,-,-,-,-,-,-,-,-,-,-,-,-,Monroe,Not in City Limit,2
48909,400120768,0,2,35.63649,-88.26671,8,2024-07-22 06:11:00,2024,7,22,6,11,Monday,06:11,Suspected Serious Injury,Daylight,Fog,Motor Vehicle-In-Transport On Same Roadway,None,THP District 8 - Jackson,THP,Unbelted,-,-,-,-,-,-,-,-,-,ATV_Involved,-,-,Henderson,Not in City Limit,2
48922,400120815,0,1,35.93036,-86.90365,3,2024-07-22 10:46:00,2024,7,22,10,46,Monday,10:46,Suspected Serious Injury,Daylight,Clear,Pedal-Cycle,None,FRANKLIN POLICE DEPT,Other,Unbelted,-,-,-,-,-,Pedalcyclist,-,-,-,-,-,-,Williamson,Franklin,2
48925,400120835,1,4,35.74908,-84.14694,1,2024-07-21 20:59:00,2024,7,21,20,59,Sunday,20:59,Fatal,Dark-Not Lighted,Cloudy,Motor Vehicle-In-Transport On Same Roadway,None,THP District 1 - Knoxville,THP,Unbelted,-,Drinking,Drug,-,-,-,-,-,-,-,-,-,Blount,Friendsville,1
48926,400120847,1,1,36.26365,-84.98635,6,2024-07-19 16:00:00,2024,7,19,16,0,Friday,16:00,Fatal,Daylight,Clear,Motor Vehicle-In-Transport On Same Roadway,None,THP District 6 - Cookeville,THP,Unbelted,-,-,Drug,-,-,-,-,-,-,ATV_Involved,-,-,Fentress,Not in City Limit,6
48930,400120867,0,1,35.72402,-86.31817,3,2024-07-22 12:57:00,2024,7,22,12,57,Monday,12:57,Suspected Serious Injury,Daylight,Clear,Embankment Rock/Stone/Concrete,None,THP District 3 - Nashville,THP,Unbelted,-,-,-,-,-,-,-,-,-,ATV_Involved,Motorcyclist,-,Rutherford,Not in City Limit,2
48937,400120893,0,2,36.463,-84.25,1,2024-07-22 14:44:00,2024,7,22,14,44,Monday,14:44,Suspected Serious Injury,Daylight,Cloudy,Ditch,None,THP District 1 - Knoxville,THP,Unbelted,-,-,-,-,-,-,-,-,-,-,-,-,Campbell,Not in City Limit,2
48949,400120931,0,1,35.6362,-86.96623,7,2024-07-22 16:45:00,2024,7,22,16,45,Monday,16:45,Suspected Serious Injury,,Clear,Embankment Earth,None,COLUMBIA POLICE DEPT,Other,Unbelted,-,-,-,-,-,-,-,-,-,-,-,-,Maury,Columbia,2
48953,400120945,1,0,36.2388,-86.72391,3,2024-07-20 21:53:00,2024,7,20,21,53,Saturday,21:53,Fatal,Dark-Lighted,Clear,Pedestrian,None,METROPOLITAN NASHVILLE POLICE DEPT,Other,Unbelted,-,-,-,-,-,-,Pedestrian,-,-,-,-,-,Davidson,Nashville,7
48956,400120953,1,0,36.26938,-86.68988,3,2024-07-21 20:46:00,2024,7,21,20,46,Sunday,20:46,Fatal,Dark-Not Lighted,Clear,Non-Motorist Personal Conveyance,None,METROPOLITAN NASHVILLE POLICE DEPT,Other,Unbelted,-,-,-,-,-,-,Pedestrian,-,-,-,-,-,Davidson,Nashville,1
48957,400120955,1,1,35.3499,-85.28161,2,2024-07-22 16:42:00,2024,7,22,16,42,Monday,16:42,Fatal,Daylight,Clear,Embankment Earth,None,THP District 2 - Chattanooga,THP,Unbelted,-,-,-,-,-,-,-,-,-,-,-,-,Sequatchie,Not in City Limit,2
48966,400121011,0,1,36.0891,-85.17325,6,2024-07-20 18:19:00,2024,7,20,18,19,Saturday,18:19,Suspected Serious Injury,Daylight,Rain,Motor Vehicle-In-Transport On Same Roadway,None,THP District 6 - Cookeville,THP,Unbelted,-,-,-,-,Speeding,-,-,-,-,-,-,-,Cumberland,Not in City Limit,7
48968,400121023,0,3,36.12899,-86.84125,3,2024-07-22 21:56:00,2024,7,22,21,56,Monday,21:56,Suspected Serious Injury,Dark-Lighted,Clear,Utility Pole,None,METROPOLITAN NASHVILLE POLICE DEPT,Other,Unbelted,-,Drinking,-,-,-,-,-,-,-,-,-,-,Davidson,Nashville,2
48987,400121135,0,3,35.13827,-85.24774,2,2024-07-23 07:54:00,2024,7,23,7,54,Tuesday,07:54,Suspected Serious Injury,Daylight,Cloudy,Motor Vehicle-In-Transport On Same Roadway,None,CHATTANOOGA POLICE DEPT,Other,Unbelted,-,-,-,-,Speeding,-,-,-,-,-,-,-,Hamilton,Chattanooga,3
48991,400121149,1,0,35.23107,-84.85325,2,2024-07-21 16:38:00,2024,7,21,16,38,Sunday,16:38,Fatal,Daylight,Clear,"Over Turn, Roll Over",None,THP District 2 - Chattanooga,THP,Unbelted,-,-,-,-,-,-,-,-,-,-,-,-,Bradley,Cleveland,1
49000,400121179,0,4,36.13977,-86.70945,3,2024-07-23 08:16:00,2024,7,23,8,16,Tuesday,08:16,Suspected Serious Injury,Daylight,Rain,Utility Pole,None,METROPOLITAN NASHVILLE POLICE DEPT,Other,Unbelted,-,-,-,-,-,-,-,-,-,-,-,-,Davidson,Nashville,3
49004,400121191,0,1,35.86585,-86.45759,3,2024-07-23 10:23:00,2024,7,23,10,23,Tuesday,10:23,Suspected Serious Injury,Daylight,Rain,Standing Tree,None,MURFREESBORO POLICE DEPT,Other,Unbelted,-,-,-,-,Speeding,-,-,-,-,-,-,-,Rutherford,Murfreesboro,3
49006,400121201,0,2,35.87073,-83.75707,1,2024-07-23 11:29:00,2024,7,23,11,29,Tuesday,11:29,Suspected Serious Injury,Daylight,Cloudy,Motor Vehicle-In-Transport On Same Roadway,None,SEVIER CO SHERIFFS OFFICE,Other,Unbelted,-,-,-,-,-,-,-,-,-,-,-,-,Sevier,Not in City Limit,3
49035,400121359,0,1,35.929,-84.03462,1,2024-07-23 11:21:00,2024,7,23,11,21,Tuesday,11:21,Suspected Serious Injury,,Cloudy,Motor Vehicle-In-Transport On Same Roadway,None,KNOXVILLE POLICE DEPT,Other,Unbelted,-,-,-,-,-,-,-,-,-,-,Motorcyclist,-,Knox,Knoxville,3
49042,400121398,0,1,35.54261,-84.91987,2,2024-07-20 13:18:00,2024,7,20,13,18,Saturday,13:18,Suspected Serious Injury,Daylight,Clear,Fence,None,THP District 2 - Chattanooga,THP,Unbelted,-,Drinking,-,-,-,-,-,-,-,-,-,-,Rhea,Not in City Limit,7
49064,400121486,0,1,36.18457,-87.19968,3,2024-07-23 18:34:00,2024,7,23,18,34,Tuesday,18:34,Suspected Serious Injury,Dusk,Cloudy,Fell/Jumped From Vehicle,None,THP District 3 - Nashville,THP,Unbelted,-,-,-,-,-,-,-,-,-,-,-,-,Dickson,Not in City Limit,3
49066,400121493,0,1,35.79793,-84.55914,1,2024-07-23 18:27:00,2024,7,23,18,27,Tuesday,18:27,Suspected Serious Injury,Daylight,Cloudy,Embankment Earth,None,THP District 1 - Knoxville,THP,-,-,-,-,-,-,-,-,-,-,-,Motorcyclist,-,Roane,Not in City Limit,3
49067,400121496,2,0,35.58835,-86.44028,7,2024-07-22 18:15:00,2024,7,22,18,15,Monday,18:15,Fatal,Daylight,Clear,Motor Vehicle-In-Transport On Same Roadway,None,THP District 7 - Lawrenceburg,THP,Unbelted,-,-,Drug,-,-,-,-,-,-,ATV_Involved,-,-,Bedford,Not in City Limit,2
49070,400121504,0,1,35.59764,-89.05472,8,2024-07-23 19:21:00,2024,7,23,19,21,Tuesday,19:21,Suspected Serious Injury,Dusk,Clear,Embankment Earth,None,THP District 8 - Jackson,THP,Unbelted,-,-,-,-,-,-,-,-,-,-,-,-,Madison,Not in City Limit,3
49081,400121540,0,1,35.55954,-87.65457,7,2024-07-23 20:03:00,2024,7,23,20,3,Tuesday,20:03,Suspected Serious Injury,Dark-Not Lighted,Clear,Standing Tree,None,THP District 7 - Lawrenceburg,THP,Unbelted,-,-,-,Drowsy,-,-,-,-,-,-,-,-,Lewis,Not in City Limit,3
49086,400121549,0,2,36.15557,-86.7658,3,2024-07-23 00:00:00,2024,7,23,24,0,Tuesday,24:00,Suspected Serious Injury,Daylight,Clear,Motor Vehicle-In-Transport On Same Roadway,None,METROPOLITAN NASHVILLE POLICE DEPT,Other,Unbelted,-,Drinking,-,-,Speeding,-,-,-,-,-,-,-,Davidson,Nashville,3
49101,400121630,0,2,35.57999,-89.22768,4,2024-07-21 17:13:00,2024,7,21,17,13,Sunday,17:13,Suspected Serious Injury,Daylight,Clear,Culvert,None,THP District 4 - Memphis,THP,Unbelted,-,Drinking,Drug,-,-,-,-,-,-,-,-,-,Haywood,Brownsville,1
49103,400121636,1,0,35.88085,-83.78127,1,2024-07-24 06:45:00,2024,7,24,6,45,Wednesday,06:45,Fatal,Dawn,Cloudy,Pedestrian,None,THP District 1 - Knoxville,THP,Unbelted,-,-,Drug,-,-,-,Pedestrian,-,-,-,-,-,Sevier,Not in City Limit,4
49109,400121667,0,1,36.029,-89.244,8,2024-07-24 07:30:00,2024,7,24,7,30,Wednesday,07:30,Suspected Serious Injury,Daylight,Cloudy,Culvert,None,THP District 8 - Jackson,THP,Unbelted,-,-,-,-,-,-,-,-,-,-,-,-,Dyer,Not in City Limit,4
49113,400121680,1,1,35.66751,-88.44352,8,2024-07-24 06:54:00,2024,7,24,6,54,Wednesday,06:54,Fatal,Daylight,Clear,Motor Vehicle-In-Transport On Same Roadway,None,LEXINGTON POLICE DEPT,Other,Unbelted,Distracted,-,-,-,-,-,-,-,-,-,-,-,Henderson,Not in City Limit,4
49120,400121727,0,1,35.28509,-86.53102,7,2024-07-04 03:00:00,2024,7,4,3,0,Thursday,03:00,Suspected Serious Injury,Dark-Not Lighted,Clear,Ditch,None,THP District 7 - Lawrenceburg,THP,Unbelted,-,Drinking,Drug,-,-,-,-,-,-,-,-,-,Lincoln,Not in City Limit,5
49121,400121729,1,0,35.93822,-83.17245,5,2024-07-24 08:00:00,2024,7,24,8,0,Wednesday,08:00,Fatal,Daylight,Cloudy,Standing Tree,None,THP District 5 - Fall Branch,THP,Unbelted,-,-,-,-,-,-,-,-,-,-,-,-,Cocke,Not in City Limit,4
49128,400121754,0,1,36.19016,-86.62651,3,2024-07-24 11:36:00,2024,7,24,11,36,Wednesday,11:36,Suspected Serious Injury,Daylight,Cloudy,Pedal-Cycle,None,METROPOLITAN NASHVILLE POLICE DEPT,Other,Unbelted,-,-,-,-,-,Pedalcyclist,-,-,-,-,-,-,Davidson,Nashville,4
49130,400121762,0,1,35.75403,-88.51727,8,2024-07-24 07:50:00,2024,7,24,7,50,Wednesday,07:50,Suspected Serious Injury,Dawn,Cloudy,Motor Vehicle-In-Transport On Same Roadway,None,THP District 8 - Jackson,THP,Unbelted,-,-,-,-,Speeding,-,-,-,-,ATV_Involved,-,-,Henderson,Not in City Limit,4
49138,400121824,0,2,36.03651,-83.25458,5,2024-07-24 14:32:00,2024,7,24,14,32,Wednesday,14:32,Suspected Serious Injury,Daylight,Clear,Motor Vehicle-In-Transport On Same Roadway,None,COCKE CO SHERIFFS DEPT,Other,Unbelted,Distracted,-,-,-,-,-,-,-,-,-,-,-,Cocke,Not in City Limit,4
49153,400121900,0,1,35.14744,-87.17898,7,2024-07-24 14:00:00,2024,7,24,14,0,Wednesday,14:00,Suspected Serious Injury,Daylight,Cloudy,Motor Vehicle-In-Transport On Same Roadway,None,THP District 7 - Lawrenceburg,THP,Unbelted,-,-,-,-,-,-,-,-,-,-,Motorcyclist,-,Giles,Not in City Limit,4
49156,400121914,0,2,35.64861,-88.80096,8,2024-07-24 00:00:00,2024,7,24,24,0,Wednesday,24:00,Suspected Serious Injury,Daylight,Cloudy,Motor Vehicle-In-Transport On Same Roadway,None,JACKSON POLICE DEPT,Other,Unbelted,-,-,-,-,-,-,-,-,-,-,-,-,Madison,Jackson,4
49163,400121978,1,0,36.28439,-82.25694,5,2024-07-23 18:31:00,2024,7,23,18,31,Tuesday,18:31,Fatal,Dark-Lighted,Cloudy,Utility Pole,None,THP District 5 - Fall Branch,THP,Unbelted,-,-,-,-,Speeding,-,-,-,-,-,-,-,Carter,Not in City Limit,3
49181,400122095,0,1,36.48066,-88.29674,8,2024-07-24 23:56:00,2024,7,24,23,56,Wednesday,23:56,Suspected Serious Injury,Dark-Not Lighted,Clear,Ditch,None,THP District 8 - Jackson,THP,Unbelted,-,-,-,-,-,-,-,-,-,-,-,-,Henry,Not in City Limit,4
49182,400122097,0,1,36.49266,-86.64437,3,2024-07-24 23:52:00,2024,7,24,23,52,Wednesday,23:52,Suspected Serious Injury,Dark-Not Lighted,Clear,Other Animal,None,THP District 3 - Nashville,THP,-,-,-,-,-,-,-,-,-,-,-,Motorcyclist,-,Robertson,Not in City Limit,4
49187,400122114,0,2,35.63586,-87.01759,7,2024-07-24 21:40:00,2024,7,24,21,40,Wednesday,21:40,Suspected Serious Injury,Dark-Lighted,Clear,Motor Vehicle-In-Transport On Same Roadway,None,COLUMBIA POLICE DEPT,Other,Unbelted,-,-,-,-,-,-,-,-,-,-,-,-,Maury,Columbia,4