OBJECTID,MRN,Fatality,Injury,Latitude,Longitude,THP_District,Collision_Date,Collision_Year,Collision_Month,Collision_Day,Collision_Hour,Collision_Min,Collision_DOW,Collision_Time,Crash_Type,Light_Condition,Weather,First_Harmfu_Event,Work_Zone_Type,Agency_Name,THP,Unbelted,Distracted_Driver,Driver_Drinking,Driver_Drugged,Drowsy_Driver,Speeding_Involved,Pedalcyclist,Pedestrian,Other_Nonmotorist,ATV_Involved,LargeTruck_Involved,Motorcycle_Involved,SchoolBus,County,City,DOW_Nmb
49191,400122133,1,0,35.29863,-86.36487,7,2024-07-24 07:00:00,2024,7,24,7,0,Wednesday,07:00,Fatal,Dusk,Rain,Motor Vehicle-In-Transport On Same Roadway,None,THP District 7 - Lawrenceburg,THP,Unbelted,-,-,-,-,-,-,-,-,-,ATV_Involved,-,-,Moore,Lynchburg,4
49218,400122292,0,2,35.86368,-83.51649,1,2024-07-24 19:17:00,2024,7,24,19,17,Wednesday,19:17,Suspected Serious Injury,Daylight,Cloudy,Motor Vehicle-In-Transport On Same Roadway,None,SEVIERVILLE POLICE DEPT,Other,Unbelted,-,-,-,-,Speeding,-,-,-,-,-,Motorcyclist,-,Sevier,Sevierville,4
49219,400122296,0,1,36.31617,-82.17297,5,2024-07-25 11:53:00,2024,7,25,11,53,Thursday,11:53,Suspected Serious Injury,Daylight,Cloudy,Ditch,None,CARTER CO SHERIFFS DEPT,Other,Unbelted,Distracted,-,-,-,Speeding,-,-,-,-,-,-,-,Carter,Not in City Limit,5
49224,400122310,1,1,36.18915,-86.26991,3,2024-07-19 20:46:00,2024,7,19,20,46,Friday,20:46,Fatal,Dark-Lighted,Clear,Motor Vehicle-In-Transport On Same Roadway,Construction Zone,LEBANON POLICE DEPT,Other,Unbelted,-,Drinking,-,-,Speeding,-,-,-,-,-,Motorcyclist,-,Wilson,Lebanon,6
49226,400122322,0,1,35.92746,-83.21453,5,2024-07-25 13:28:00,2024,7,25,13,28,Thursday,13:28,Suspected Serious Injury,Daylight,Cloudy,Motor Vehicle-In-Transport On Same Roadway,None,NEWPORT POLICE DEPT,Other,Unbelted,-,-,-,-,-,-,-,-,-,-,Motorcyclist,-,Cocke,Newport,5
49227,400122323,0,2,35.9306,-85.48626,6,2024-07-25 10:56:00,2024,7,25,10,56,Thursday,10:56,Suspected Serious Injury,Daylight,Cloudy,Motor Vehicle-In-Transport On Same Roadway,None,THP District 6 - Cookeville,THP,Unbelted,-,-,-,-,-,-,-,-,-,ATV_Involved,-,-,White,Sparta,5
49234,400122362,0,2,35.046,-89.68453,4,2024-07-25 13:52:00,2024,7,25,13,52,Thursday,13:52,Suspected Serious Injury,Daylight,Rain,Motor Vehicle-In-Transport On Same Roadway,None,COLLIERVILLE POLICE DEPT,Other,Unbelted,Distracted,-,-,-,Speeding,-,-,-,-,-,-,-,Shelby,Collierville,5
49239,400122389,0,1,35.97279,-83.92393,1,2024-07-25 16:01:00,2024,7,25,16,1,Thursday,16:01,Suspected Serious Injury,Daylight,Cloudy,Pedestrian,None,KNOXVILLE POLICE DEPT,Other,Unbelted,-,-,-,-,-,-,Pedestrian,-,-,-,-,-,Knox,Knoxville,5
49260,400122512,0,4,36.04284,-84.52789,1,2024-07-25 20:13:00,2024,7,25,20,13,Thursday,20:13,Suspected Serious Injury,Dusk,Rain,Motor Vehicle-In-Transport On Same Roadway,None,MORGAN CO SHERIFFS DEPT,Other,Unbelted,-,-,-,-,-,-,-,-,-,-,-,-,Morgan,Not in City Limit,5
49261,400122515,0,1,35.73906,-88.49198,8,2024-07-25 20:05:00,2024,7,25,20,5,Thursday,20:05,Suspected Serious Injury,Dark-Lighted,Clear,Ditch,None,THP District 8 - Jackson,THP,-,-,-,-,-,-,-,-,-,-,-,Motorcyclist,-,Henderson,Not in City Limit,5
49263,400122534,1,0,36.00684,-84.24008,1,2024-07-25 21:51:00,2024,7,25,21,51,Thursday,21:51,Fatal,Dusk,Clear,Standing Tree,None,OAK RIDGE POLICE DEPT,Other,Unbelted,-,-,-,-,-,-,-,-,-,-,-,-,Anderson,Oak Ridge,5
49265,400122550,0,2,35.6212,-87.92691,7,2024-07-15 01:26:00,2024,7,15,1,26,Monday,01:26,Suspected Serious Injury,Dark-Not Lighted,Clear,Deer,None,THP District 7 - Lawrenceburg,THP,-,-,-,-,-,-,-,-,-,-,-,Motorcyclist,-,Perry,Not in City Limit,2
49267,400122569,0,1,35.71474,-88.45934,8,2024-07-26 00:55:00,2024,7,26,0,55,Friday,00:55,Suspected Serious Injury,Dark-Not Lighted,Fog,Other Animal,None,THP District 8 - Jackson,THP,-,-,-,-,-,-,-,-,-,-,-,Motorcyclist,-,Henderson,Not in City Limit,6
49273,400122610,0,2,36.29907,-84.21821,1,2024-07-25 15:59:00,2024,7,25,15,59,Thursday,15:59,Suspected Serious Injury,Daylight,Cloudy,"Over Turn, Roll Over",None,CARYVILLE POLICE DEPT,Other,Unbelted,-,-,-,-,-,-,-,-,-,-,-,-,Campbell,Caryville,5
49278,400122629,0,1,36.0287,-86.63682,3,2024-07-26 07:15:00,2024,7,26,7,15,Friday,07:15,Suspected Serious Injury,Daylight,Clear,Motor Vehicle-In-Transport On Same Roadway,None,METROPOLITAN NASHVILLE POLICE DEPT,Other,Unbelted,-,-,-,-,-,-,-,-,-,ATV_Involved,-,-,Davidson,Nashville,6
49280,400122636,0,1,35.56423,-86.2872,7,2024-07-26 06:55:00,2024,7,26,6,55,Friday,06:55,Suspected Serious Injury,Daylight,Cloudy,"Over Turn, Roll Over",None,THP District 7 - Lawrenceburg,THP,Unbelted,-,-,-,-,Speeding,-,-,-,-,-,-,-,Bedford,Not in City Limit,6
49289,400122666,0,1,36.38317,-89.34586,8,2024-07-21 16:09:00,2024,7,21,16,9,Sunday,16:09,Suspected Serious Injury,Daylight,Clear,Pedal-Cycle,None,THP District 8 - Jackson,THP,Unbelted,Distracted,-,-,-,-,Pedalcyclist,-,-,-,-,-,-,Obion,Samburg,1
49294,400122690,1,1,36.09609,-86.76283,3,2024-07-25 16:48:00,2024,7,25,16,48,Thursday,16:48,Fatal,Daylight,Cloudy,Motor Vehicle-In-Transport On Same Roadway,None,METROPOLITAN NASHVILLE POLICE DEPT,Other,Unbelted,-,Drinking,-,-,Speeding,-,-,-,-,-,-,-,Davidson,Nashville,5
49298,400122724,1,2,35.02,-88.716,8,2024-07-22 04:16:00,2024,7,22,4,16,Monday,04:16,Fatal,Dark-Not Lighted,Rain,Ditch,None,THP District 8 - Jackson,THP,Unbelted,-,-,-,-,-,-,-,-,-,-,-,-,McNairy,Not in City Limit,2
49310,400122768,0,1,35.16796,-84.92705,2,2024-07-25 19:05:00,2024,7,25,19,5,Thursday,19:05,Suspected Serious Injury,Dusk,Clear,Motor Vehicle-In-Transport On Same Roadway,Construction Zone,THP District 2 - Chattanooga,THP,Unbelted,-,-,-,-,-,-,-,-,-,ATV_Involved,-,-,Bradley,Not in City Limit,5
49318,400122801,0,2,36.07228,-86.57594,3,2024-07-26 13:30:00,2024,7,26,13,30,Friday,13:30,Suspected Serious Injury,Daylight,Clear,Motor Vehicle-In-Transport On Different Roadway,None,METROPOLITAN NASHVILLE POLICE DEPT,Other,Unbelted,-,-,-,-,-,-,-,-,-,-,-,-,Davidson,Nashville,6
49321,400122816,0,1,36.13016,-85.34734,6,2024-07-26 14:31:00,2024,7,26,14,31,Friday,14:31,Suspected Serious Injury,Daylight,Cloudy,Motor Vehicle-In-Transport On Same Roadway,None,THP District 6 - Cookeville,THP,Unbelted,-,-,-,-,-,-,-,-,-,ATV_Involved,-,-,Putnam,Not in City Limit,6
49329,400122863,0,1,35.92651,-86.97065,3,2024-07-26 13:22:00,2024,7,26,13,22,Friday,13:22,Suspected Serious Injury,Daylight,Cloudy,Motor Vehicle-In-Transport On Same Roadway,None,WILLIAMSON CO SHERIFFS OFFICE,Other,Unbelted,-,-,-,-,-,-,-,-,-,-,-,-,Williamson,Not in City Limit,6
49335,400122910,1,0,35.94335,-86.89277,3,2024-07-26 15:13:00,2024,7,26,15,13,Friday,15:13,Fatal,Daylight,Cloudy,Motor Vehicle-In-Transport On Same Roadway,None,FRANKLIN POLICE DEPT,Other,Unbelted,-,-,-,-,-,-,-,-,-,-,Motorcyclist,-,Williamson,Franklin,6
49345,400122961,0,2,35.60189,-85.91472,6,2024-07-26 15:01:00,2024,7,26,15,1,Friday,15:01,Suspected Serious Injury,Daylight,Cloudy,Motor Vehicle-In-Transport On Same Roadway,None,THP District 6 - Cookeville,THP,Unbelted,-,-,-,-,-,-,-,-,-,-,-,-,Warren,Morrison,6
49369,400123034,0,1,35.17725,-84.98623,2,2024-07-26 04:40:00,2024,7,26,4,40,Friday,04:40,Suspected Serious Injury,Dark-Not Lighted,Clear,Standing Tree,None,THP District 2 - Chattanooga,THP,Unbelted,-,-,-,-,-,-,-,-,-,-,-,-,Bradley,Not in City Limit,6
49380,400123075,0,1,35.87495,-89.27822,4,2024-07-27 03:11:00,2024,7,27,3,11,Saturday,03:11,Suspected Serious Injury,Dark-Not Lighted,Rain,Ditch,None,THP District 4 - Memphis,THP,Unbelted,-,-,-,-,-,-,-,-,-,-,-,-,Crockett,Not in City Limit,7
49385,400123110,0,1,36.12236,-87.36089,3,2024-07-27 05:55:00,2024,7,27,5,55,Saturday,05:55,Suspected Serious Injury,Dawn,Clear,Utility Pole,None,THP District 3 - Nashville,THP,Unbelted,-,-,-,-,-,-,-,-,-,-,-,-,Dickson,Not in City Limit,7
49386,400123115,1,0,36.00217,-88.51868,8,2024-07-24 13:01:00,2024,7,24,13,1,Wednesday,13:01,Fatal,Daylight,Cloudy,Motor Vehicle-In-Transport On Same Roadway,Construction Zone,THP District 8 - Jackson,THP,Unbelted,-,-,-,-,-,-,-,-,-,ATV_Involved,-,-,Carroll,Not in City Limit,4
49394,400123145,0,1,36.0103,-85.40291,6,2024-07-27 09:39:00,2024,7,27,9,39,Saturday,09:39,Suspected Serious Injury,Daylight,Clear,Standing Tree,None,THP District 6 - Cookeville,THP,Unbelted,-,-,-,-,-,-,-,-,-,-,-,-,White,Not in City Limit,7
49403,400123178,0,1,36.15506,-85.94161,6,2024-07-27 10:54:00,2024,7,27,10,54,Saturday,10:54,Suspected Serious Injury,Daylight,Clear,Ditch,None,THP District 6 - Cookeville,THP,-,-,-,-,-,-,-,-,-,-,-,Motorcyclist,-,Smith,Not in City Limit,7
49406,400123185,0,3,35.95747,-85.78736,6,2024-07-27 10:15:00,2024,7,27,10,15,Saturday,10:15,Suspected Serious Injury,Daylight,Clear,Motor Vehicle-In-Transport On Same Roadway,None,THP District 6 - Cookeville,THP,Unbelted,-,-,-,-,-,-,-,-,-,-,-,-,DeKalb,Not in City Limit,7
49428,400123264,1,0,35.86846,-87.8756,3,2024-07-26 22:10:00,2024,7,26,22,10,Friday,22:10,Fatal,Dark-Not Lighted,Clear,Pedestrian,None,THP District 3 - Nashville,THP,Unbelted,-,-,-,-,-,-,Pedestrian,-,-,ATV_Involved,-,-,Humphreys,Not in City Limit,6
49431,400123273,0,1,36.07544,-86.04143,6,2024-07-26 16:20:00,2024,7,26,16,20,Friday,16:20,Suspected Serious Injury,Daylight,Clear,Pedal-Cycle,None,THP District 6 - Cookeville,THP,Unbelted,-,-,-,-,-,Pedalcyclist,-,-,-,-,-,-,DeKalb,Alexandria,6
49433,400123281,0,2,35.09335,-84.82239,2,2024-07-27 16:16:00,2024,7,27,16,16,Saturday,16:16,Suspected Serious Injury,Daylight,Cloudy,Motor Vehicle-In-Transport On Same Roadway,None,THP District 2 - Chattanooga,THP,Unbelted,-,-,-,-,-,-,-,-,-,-,-,-,Bradley,Not in City Limit,7
49437,400123292,0,2,35.92215,-82.95959,5,2024-07-27 14:27:00,2024,7,27,14,27,Saturday,14:27,Suspected Serious Injury,Daylight,Clear,Motor Vehicle-In-Transport On Same Roadway,None,THP District 5 - Fall Branch,THP,-,-,-,-,-,-,-,-,-,-,-,Motorcyclist,-,Cocke,Not in City Limit,7
49440,400123297,0,1,35.88976,-83.44408,1,2024-07-26 21:19:00,2024,7,26,21,19,Friday,21:19,Suspected Serious Injury,Dark-Not Lighted,Clear,Motor Vehicle-In-Transport On Same Roadway,None,THP District 1 - Knoxville,THP,Unbelted,-,-,-,-,-,-,-,-,-,-,Motorcyclist,-,Sevier,Not in City Limit,6
49448,400123327,0,1,35.26354,-84.7735,2,2024-07-27 19:02:00,2024,7,27,19,2,Saturday,19:02,Suspected Serious Injury,Daylight,Cloudy,Pedal-Cycle,None,THP District 2 - Chattanooga,THP,Unbelted,-,-,-,-,-,Pedalcyclist,-,-,-,-,-,-,Bradley,Not in City Limit,7
49460,400123396,0,1,36.08683,-87.42187,3,2024-07-27 20:20:00,2024,7,27,20,20,Saturday,20:20,Suspected Serious Injury,Dark-Not Lighted,Clear,Motor Vehicle-In-Transport On Different Roadway,None,DICKSON POLICE DEPT,Other,Unbelted,-,-,-,-,-,-,-,-,-,-,-,-,Dickson,Dickson,7
49461,400123401,0,1,35.12702,-85.01909,2,2024-07-28 01:20:00,2024,7,28,1,20,Sunday,01:20,Suspected Serious Injury,Dark-Not Lighted,Cloudy,"Over Turn, Roll Over",None,THP District 2 - Chattanooga,THP,Unbelted,-,-,-,-,-,-,-,-,-,-,-,-,Bradley,Not in City Limit,1
49463,400123406,0,1,36.25459,-86.09749,6,2024-07-27 23:04:00,2024,7,27,23,4,Saturday,23:04,Suspected Serious Injury,Dark-Not Lighted,Clear,Embankment Earth,None,THP District 6 - Cookeville,THP,-,-,-,-,-,-,-,-,-,-,-,Motorcyclist,-,Smith,Not in City Limit,7
49477,400123498,0,1,35.92979,-86.43514,3,2024-07-28 09:44:00,2024,7,28,9,44,Sunday,09:44,Suspected Serious Injury,Daylight,Cloudy,Embankment Earth,None,RUTHERFORD CO SHERIFFS DEPT,Other,Unbelted,-,-,-,-,-,-,-,-,-,-,-,-,Rutherford,Not in City Limit,1
49478,400123507,0,1,36.617,-85.77107,6,2024-07-28 08:16:00,2024,7,28,8,16,Sunday,08:16,Suspected Serious Injury,Daylight,Rain,Standing Tree,None,THP District 6 - Cookeville,THP,Unbelted,-,-,-,-,-,-,-,-,-,-,-,-,Clay,Not in City Limit,1
49479,400123514,0,1,35.71345,-83.51412,1,2024-07-28 00:00:00,2024,7,28,24,0,Sunday,24:00,Suspected Serious Injury,Daylight,Clear,Motor Vehicle-In-Transport On Same Roadway,None,GATLINBURG POLICE DEPT,Other,Unbelted,-,-,-,-,-,-,-,-,-,-,-,-,Sevier,Gatlinburg,1
49481,400123532,0,5,35.01672,-85.543,2,2024-07-28 11:10:00,2024,7,28,11,10,Sunday,11:10,Suspected Serious Injury,Daylight,Cloudy,Motor Vehicle-In-Transport On Same Roadway,None,THP District 2 - Chattanooga,THP,Unbelted,-,-,-,-,-,-,-,-,-,-,-,-,Marion,Not in City Limit,1
49490,400123599,0,1,35.9532,-84.04919,1,2024-07-28 15:22:00,2024,7,28,15,22,Sunday,15:22,Suspected Serious Injury,Daylight,Cloudy,Ditch,None,KNOXVILLE POLICE DEPT,Other,Unbelted,-,-,-,-,-,-,-,-,-,-,-,-,Knox,Knoxville,1
49491,400123600,0,5,36.24647,-86.73544,3,2024-07-28 14:20:00,2024,7,28,14,20,Sunday,14:20,Suspected Serious Injury,Daylight,Cloudy,Motor Vehicle-In-Transport On Same Roadway,None,METROPOLITAN NASHVILLE POLICE DEPT,Other,Unbelted,-,-,-,-,-,-,-,-,-,-,-,-,Davidson,Nashville,1
49496,400123624,0,1,36.39924,-82.78419,5,2024-07-28 15:36:00,2024,7,28,15,36,Sunday,15:36,Suspected Serious Injury,Daylight,Cloudy,Ditch,None,THP District 5 - Fall Branch,THP,Unbelted,-,-,-,-,-,-,-,-,-,-,-,-,Hawkins,Not in City Limit,1
49506,400123671,0,3,36.26445,-86.73228,3,2024-07-28 18:00:00,2024,7,28,18,0,Sunday,18:00,Suspected Serious Injury,Daylight,Cloudy,Motor Vehicle-In-Transport On Same Roadway,None,METROPOLITAN NASHVILLE POLICE DEPT,Other,Unbelted,-,-,-,-,-,-,-,-,-,-,-,-,Davidson,Nashville,1
49507,400123674,0,2,36.22209,-86.77384,3,2024-07-28 17:25:00,2024,7,28,17,25,Sunday,17:25,Suspected Serious Injury,Daylight,Rain,Guard Rail Face,None,METROPOLITAN NASHVILLE POLICE DEPT,Other,Unbelted,-,-,-,-,Speeding,-,-,-,-,-,-,-,Davidson,Nashville,1
49519,400123715,0,2,35.11375,-85.08205,2,2024-07-28 19:35:00,2024,7,28,19,35,Sunday,19:35,Suspected Serious Injury,Dusk,Rain,"Over Turn, Roll Over",None,HAMILTON COUNTY SHERIFF'S OFFICE,Other,Unbelted,Distracted,-,-,-,Speeding,-,-,-,-,-,-,-,Hamilton,Not in City Limit,1
49527,400123753,0,1,36.38297,-88.42229,8,2024-07-28 20:48:00,2024,7,28,20,48,Sunday,20:48,Suspected Serious Injury,Dark-Not Lighted,Cloudy,Standing Tree,None,THP District 8 - Jackson,THP,Unbelted,-,-,-,-,-,-,-,-,-,-,-,-,Henry,Not in City Limit,1
49529,400123758,0,1,36.21194,-89.39676,8,2024-07-28 00:00:00,2024,7,28,24,0,Sunday,24:00,Suspected Serious Injury,Dark-Not Lighted,Cloudy,Standing Tree,None,THP District 8 - Jackson,THP,Unbelted,-,-,-,-,Speeding,-,-,-,-,-,-,-,Obion,Not in City Limit,1
49532,400123771,1,1,35.35338,-85.48785,2,2024-07-27 22:16:00,2024,7,27,22,16,Saturday,22:16,Fatal,Dark-Not Lighted,Clear,Motor Vehicle-In-Transport On Same Roadway,None,THP District 2 - Chattanooga,THP,-,-,Drinking,Drug,-,-,-,-,-,-,-,-,-,Sequatchie,Not in City Limit,7
49536,400123783,0,1,35.71438,-84.06441,1,2024-07-28 18:30:00,2024,7,28,18,30,Sunday,18:30,Suspected Serious Injury,Daylight,Rain,Embankment Earth,None,BLOUNT CO SHERIFFS DEPT,Other,Unbelted,-,-,-,-,Speeding,-,-,-,-,-,-,-,Blount,Not in City Limit,1
49537,400123791,0,2,36.60709,-86.58251,3,2024-07-28 00:25:00,2024,7,28,0,25,Sunday,00:25,Suspected Serious Injury,Dark-Lighted,Clear,Parked Motor Vehicle,Construction Zone,THP District 3 - Nashville,THP,Unbelted,-,-,-,-,-,-,-,-,-,-,-,-,Robertson,Not in City Limit,1
49538,400123798,0,1,36.00231,-83.97563,1,2024-07-22 19:24:00,2024,7,22,19,24,Monday,19:24,Suspected Serious Injury,Daylight,Clear,Motor Vehicle-In-Transport On Same Roadway,None,KNOXVILLE POLICE DEPT,Other,Unbelted,-,-,-,-,-,-,-,-,-,-,-,-,Knox,Knoxville,2
49541,400123804,1,0,35.99468,-83.67632,1,2024-07-28 20:09:00,2024,7,28,20,9,Sunday,20:09,Fatal,Dark-Not Lighted,Rain,Standing Tree,None,THP District 1 - Knoxville,THP,Unbelted,-,Drinking,Drug,-,-,-,-,-,-,-,-,-,Knox,Not in City Limit,1
49546,400123822,0,1,35.90996,-86.89224,3,2024-07-28 23:14:00,2024,7,28,23,14,Sunday,23:14,Suspected Serious Injury,Dark-Lighted,Cloudy,Motor Vehicle-In-Transport On Same Roadway,None,FRANKLIN POLICE DEPT,Other,Unbelted,-,-,-,-,-,-,-,-,-,-,-,-,Williamson,Franklin,1
49553,400123838,0,1,36.14105,-85.59889,6,2024-07-29 02:43:00,2024,7,29,2,43,Monday,02:43,Suspected Serious Injury,Dark-Not Lighted,Clear,Guard Rail Face,None,THP District 6 - Cookeville,THP,Unbelted,-,-,-,-,-,-,-,-,-,-,-,-,Putnam,Not in City Limit,2
49554,400123842,0,1,36.5507,-85.75155,6,2024-07-29 00:20:00,2024,7,29,0,20,Monday,00:20,Suspected Serious Injury,Dark-Not Lighted,Cloudy,Embankment Earth,None,THP District 6 - Cookeville,THP,Unbelted,-,Drinking,-,-,-,-,-,-,-,-,-,-,Clay,Not in City Limit,2
49559,400123881,1,2,36.1484,-86.76116,3,2024-07-26 21:10:00,2024,7,26,21,10,Friday,21:10,Fatal,Dark-Lighted,Cloudy,Motor Vehicle-In-Transport On Same Roadway,None,METROPOLITAN NASHVILLE POLICE DEPT,Other,Unbelted,-,Drinking,-,-,-,-,-,-,-,-,-,-,Davidson,Nashville,6
49569,400123930,0,1,36.06108,-84.12333,1,2024-07-29 04:20:00,2024,7,29,4,20,Monday,04:20,Suspected Serious Injury,Dark-Not Lighted,Rain,Motor Vehicle-In-Transport On Same Roadway,None,THP District 1 - Knoxville,THP,Unbelted,-,-,-,-,-,-,-,-,-,-,-,-,Anderson,Not in City Limit,2
49570,400123939,0,4,35.03146,-85.30893,2,2024-07-29 09:50:00,2024,7,29,9,50,Monday,09:50,Suspected Serious Injury,Daylight,Clear,Motor Vehicle-In-Transport On Different Roadway,None,CHATTANOOGA POLICE DEPT,Other,Unbelted,-,-,-,-,-,-,-,-,-,-,-,-,Hamilton,Chattanooga,2
49580,400123983,0,2,36.17284,-82.89851,5,2024-07-29 12:03:00,2024,7,29,12,3,Monday,12:03,Suspected Serious Injury,Daylight,Cloudy,Motor Vehicle-In-Transport On Same Roadway,None,THP District 5 - Fall Branch,THP,Unbelted,-,-,-,-,-,-,-,-,-,-,-,-,Greene,Greeneville,2
49592,400124025,0,2,35.08189,-85.28996,2,2024-07-29 08:46:00,2024,7,29,8,46,Monday,08:46,Suspected Serious Injury,Daylight,Cloudy,Motor Vehicle-In-Transport On Same Roadway,None,CHATTANOOGA POLICE DEPT,Other,Unbelted,-,Drinking,Drug,-,-,-,-,-,-,-,-,-,Hamilton,Chattanooga,2
49606,400124079,0,1,35.35629,-86.20654,2,2024-07-29 13:24:00,2024,7,29,13,24,Monday,13:24,Suspected Serious Injury,Daylight,Cloudy,Motor Vehicle-In-Transport On Same Roadway,None,TULLAHOMA POLICE DEPT,Other,Unbelted,Distracted,-,-,-,-,-,-,-,-,ATV_Involved,-,-,Coffee,Tullahoma,2
49612,400124099,0,1,35.20247,-85.16018,2,2024-07-29 15:24:00,2024,7,29,15,24,Monday,15:24,Suspected Serious Injury,Daylight,Cloudy,Culvert,None,HAMILTON COUNTY SHERIFF'S OFFICE,Other,Unbelted,-,-,-,-,-,-,-,-,-,-,-,-,Hamilton,Lakesite,2
49632,400124180,0,1,35.88371,-84.55881,1,2024-06-26 15:20:00,2024,6,26,15,20,Wednesday,15:20,Suspected Serious Injury,Daylight,Clear,Pedal-Cycle,None,ROANE CO SHERIFFS DEPT,Other,Unbelted,-,-,-,-,-,Pedalcyclist,-,-,-,-,-,-,Roane,Not in City Limit,4
49642,400124256,0,1,36.4442,-86.94134,3,2024-07-29 20:21:00,2024,7,29,20,21,Monday,20:21,Suspected Serious Injury,Dark-Lighted,Clear,"Over Turn, Roll Over",None,THP District 3 - Nashville,THP,Unbelted,-,Drinking,Drug,-,-,-,-,-,-,-,-,-,Robertson,Coopertown,2
49654,400124311,0,3,36.317,-82.0261,5,2024-07-29 12:14:00,2024,7,29,12,14,Monday,12:14,Suspected Serious Injury,Daylight,Rain,Motor Vehicle-In-Transport On Same Roadway,None,CARTER CO SHERIFFS DEPT,Other,Unbelted,-,-,-,-,-,-,-,-,-,-,-,-,Carter,Not in City Limit,2
49657,400124324,0,1,36.11064,-87.37054,3,2024-07-30 04:23:00,2024,7,30,4,23,Tuesday,04:23,Suspected Serious Injury,Dark-Not Lighted,Clear,Culvert,None,THP District 3 - Nashville,THP,Unbelted,-,-,-,-,-,-,-,-,-,-,-,-,Dickson,Not in City Limit,3
49664,400124377,0,2,35.63585,-88.83951,8,2024-07-30 07:56:00,2024,7,30,7,56,Tuesday,07:56,Suspected Serious Injury,Daylight,Clear,Motor Vehicle-In-Transport On Same Roadway,None,JACKSON POLICE DEPT,Other,Unbelted,-,-,-,-,-,-,-,-,-,-,-,-,Madison,Jackson,3
49674,400124410,0,1,36.3078,-83.29168,5,2024-07-25 11:36:00,2024,7,25,11,36,Thursday,11:36,Suspected Serious Injury,Daylight,Clear,Other Non-Fixed Object,None,BEAN STATION POLICE DEPT,Other,Unbelted,-,-,-,-,-,-,-,-,-,-,-,-,Grainger,Bean Station,5
49686,400124492,0,1,35.07021,-87.43265,7,2024-07-30 11:42:00,2024,7,30,11,42,Tuesday,11:42,Suspected Serious Injury,Daylight,Clear,Pedestrian,None,LORETTO POLICE DEPT,Other,Unbelted,-,-,-,-,-,-,Pedestrian,-,-,-,-,-,Lawrence,Loretto,3
49689,400124514,0,2,35.52523,-84.35009,1,2024-07-30 13:50:00,2024,7,30,13,50,Tuesday,13:50,Suspected Serious Injury,Daylight,Clear,Motor Vehicle-In-Transport On Same Roadway,None,MADISONVILLE POLICE DEPT,Other,Unbelted,-,-,-,-,-,-,-,-,-,-,-,-,Monroe,Madisonville,3
49698,400124550,0,1,35.77999,-84.61515,1,2024-07-30 15:11:00,2024,7,30,15,11,Tuesday,15:11,Suspected Serious Injury,Daylight,Rain,Embankment Earth,None,THP District 1 - Knoxville,THP,Unbelted,-,-,-,-,-,-,-,-,-,-,-,-,Roane,Not in City Limit,3
49701,400124562,0,2,35.48775,-87.56401,7,2024-07-29 20:37:00,2024,7,29,20,37,Monday,20:37,Suspected Serious Injury,Dark-Not Lighted,Clear,Embankment Earth,None,THP District 7 - Lawrenceburg,THP,Unbelted,-,-,-,-,-,-,-,-,-,-,-,-,Lewis,Not in City Limit,2
49705,400124574,0,1,36.31988,-86.84938,3,2024-07-28 22:32:00,2024,7,28,22,32,Sunday,22:32,Suspected Serious Injury,Dark-Not Lighted,Clear,"Over Turn, Roll Over",None,THP District 3 - Nashville,THP,Unbelted,Distracted,Drinking,-,-,-,-,-,-,-,-,-,-,Davidson,Nashville,1
49723,400124655,1,1,35.9744,-85.18073,6,2024-07-30 15:05:00,2024,7,30,15,5,Tuesday,15:05,Fatal,Daylight,Clear,Motor Vehicle-In-Transport On Same Roadway,None,THP District 6 - Cookeville,THP,Unbelted,-,-,Drug,-,-,-,-,-,ATV_Involved,-,-,-,Cumberland,Pleasant Hill,3
49725,400124667,0,1,35.08604,-85.29091,2,2024-07-30 18:34:00,2024,7,30,18,34,Tuesday,18:34,Suspected Serious Injury,Daylight,Rain,Thrown Or Falling Object,None,CHATTANOOGA POLICE DEPT,Other,Unbelted,-,-,-,-,-,-,-,-,-,-,-,-,Hamilton,Chattanooga,3
49749,400124789,0,1,36.28774,-86.72603,3,2024-07-30 00:00:00,2024,7,30,24,0,Tuesday,24:00,Suspected Serious Injury,Dark-Lighted,Rain,Unknown,None,METROPOLITAN NASHVILLE POLICE DEPT,Other,Unbelted,-,-,-,-,-,-,-,-,-,-,-,-,Davidson,Nashville,3
49753,400124800,1,0,36.60209,-87.28492,3,2024-07-30 21:52:00,2024,7,30,21,52,Tuesday,21:52,Fatal,Dark-Not Lighted,Rain,"Over Turn, Roll Over",None,THP District 3 - Nashville,THP,Unbelted,-,-,-,-,-,-,-,-,-,-,-,-,Montgomery,Clarksville,3
49760,400124811,0,1,36.11933,-82.7568,5,2024-07-31 00:40:00,2024,7,31,0,40,Wednesday,00:40,Suspected Serious Injury,Dark-Not Lighted,Cloudy,Standing Tree,None,THP District 5 - Fall Branch,THP,Unbelted,Distracted,-,-,-,-,-,-,-,-,-,-,-,Greene,Not in City Limit,4
49762,400124815,0,1,36.41926,-87.07497,3,2024-07-31 00:32:00,2024,7,31,0,32,Wednesday,00:32,Suspected Serious Injury,Dark-Not Lighted,Clear,Ditch,None,THP District 3 - Nashville,THP,Unbelted,-,-,-,-,-,-,-,-,-,ATV_Involved,-,-,Cheatham,Not in City Limit,4