OBJECTID,MRN,Fatality,Injury,Latitude,Longitude,THP_District,Collision_Date,Collision_Year,Collision_Month,Collision_Day,Collision_Hour,Collision_Min,Collision_DOW,Collision_Time,Crash_Type,Light_Condition,Weather,First_Harmfu_Event,Work_Zone_Type,Agency_Name,THP,Unbelted,Distracted_Driver,Driver_Drinking,Driver_Drugged,Drowsy_Driver,Speeding_Involved,Pedalcyclist,Pedestrian,Other_Nonmotorist,ATV_Involved,LargeTruck_Involved,Motorcycle_Involved,SchoolBus,County,City,DOW_Nmb
49781,400124898,0,1,35.53802,-84.57705,2,2024-07-30 12:00:00,2024,7,30,12,0,Tuesday,12:00,Suspected Serious Injury,Daylight,Clear,Standing Tree,None,THP District 2 - Chattanooga,THP,Unbelted,-,-,-,-,-,-,-,-,-,-,-,-,McMinn,Not in City Limit,3
49795,400124941,0,1,36.02468,-86.58628,3,2024-07-31 05:59:00,2024,7,31,5,59,Wednesday,05:59,Suspected Serious Injury,Daylight,Clear,Motor Vehicle-In-Transport On Same Roadway,None,THP District 3 - Nashville,THP,Unbelted,-,-,-,-,-,-,-,-,-,-,Motorcyclist,-,Rutherford,Lavergne,4
49807,400125007,2,0,35.97608,-83.21984,5,2024-07-30 20:15:00,2024,7,30,20,15,Tuesday,20:15,Fatal,Daylight,Rain,Other Non-Fixed Object,None,THP District 5 - Fall Branch,THP,Unbelted,-,-,-,-,-,-,-,-,-,-,-,-,Cocke,Newport,3
49813,400125035,1,0,36.17739,-82.78859,5,2024-07-31 13:59:00,2024,7,31,13,59,Wednesday,13:59,Fatal,Daylight,Clear,Ditch,None,THP District 5 - Fall Branch,THP,Unbelted,-,-,Drug,-,Speeding,-,-,-,-,-,Motorcyclist,-,Greene,Greeneville,4
49820,400125054,0,1,35.23035,-85.13077,2,2024-07-31 15:30:00,2024,7,31,15,30,Wednesday,15:30,Suspected Serious Injury,Daylight,Clear,Motor Vehicle-In-Transport On Same Roadway,None,HAMILTON COUNTY SHERIFF'S OFFICE,Other,Unbelted,-,-,-,-,-,-,-,-,-,-,-,-,Hamilton,Not in City Limit,4
49825,400125102,0,2,35.85292,-83.48483,1,2024-07-31 16:30:00,2024,7,31,16,30,Wednesday,16:30,Suspected Serious Injury,Daylight,Clear,Parked Motor Vehicle,None,SEVIERVILLE POLICE DEPT,Other,Unbelted,-,-,-,-,-,-,Pedestrian,-,-,-,-,-,Sevier,Sevierville,4
49840,400125161,1,2,35.64633,-88.85162,8,2024-07-31 15:33:00,2024,7,31,15,33,Wednesday,15:33,Fatal,Daylight,Clear,Motor Vehicle-In-Transport On Same Roadway,None,JACKSON POLICE DEPT,Other,Unbelted,Distracted,-,-,-,-,-,-,-,-,-,-,-,Madison,Jackson,4
49846,400125184,0,4,36.53908,-87.13532,3,2024-07-31 17:00:00,2024,7,31,17,0,Wednesday,17:00,Suspected Serious Injury,Daylight,Clear,Motor Vehicle-In-Transport On Same Roadway,None,THP District 3 - Nashville,THP,Unbelted,-,-,-,-,-,-,-,-,-,-,Motorcyclist,-,Montgomery,Not in City Limit,4
49848,400125194,0,1,36.40049,-82.79146,5,2024-07-31 18:34:00,2024,7,31,18,34,Wednesday,18:34,Suspected Serious Injury,Daylight,Clear,Motor Vehicle-In-Transport On Same Roadway,None,THP District 5 - Fall Branch,THP,Unbelted,Distracted,-,-,-,-,-,-,-,-,-,-,-,Hawkins,Not in City Limit,4
49856,400125212,0,2,36.45258,-82.46563,5,2024-07-31 16:19:00,2024,7,31,16,19,Wednesday,16:19,Suspected Serious Injury,Daylight,Clear,Motor Vehicle-In-Transport On Same Roadway,None,THP District 5 - Fall Branch,THP,Unbelted,-,-,-,-,-,-,-,-,-,-,Motorcyclist,-,Sullivan,Not in City Limit,4
49858,400125222,0,2,35.72238,-88.33058,8,2024-07-31 18:32:00,2024,7,31,18,32,Wednesday,18:32,Suspected Serious Injury,Dusk,Clear,Motor Vehicle-In-Transport On Same Roadway,None,THP District 8 - Jackson,THP,Unbelted,-,-,-,-,-,-,-,-,-,-,-,-,Henderson,Not in City Limit,4
49860,400125226,0,2,36.54173,-84.15703,1,2024-07-31 20:39:00,2024,7,31,20,39,Wednesday,20:39,Suspected Serious Injury,Dark-Not Lighted,Rain,Concrete Traffic Barrier,None,THP District 1 - Knoxville,THP,Unbelted,-,-,-,-,-,-,-,-,-,ATV_Involved,-,-,Campbell,Not in City Limit,4
49869,400125270,0,2,36.06422,-86.66294,3,2024-07-31 19:10:00,2024,7,31,19,10,Wednesday,19:10,Suspected Serious Injury,Daylight,Clear,Embankment Earth,None,METROPOLITAN NASHVILLE POLICE DEPT,Other,Unbelted,-,Drinking,-,-,-,-,-,-,-,-,-,-,Davidson,Nashville,4
49887,400125388,1,0,36.19013,-86.82542,3,2024-07-26 21:10:00,2024,7,26,21,10,Friday,21:10,Fatal,Dark-Lighted,Cloudy,Motor Vehicle-In-Transport On Same Roadway,None,METROPOLITAN NASHVILLE POLICE DEPT,Other,Unbelted,-,-,-,-,-,-,Pedestrian,-,-,-,Motorcyclist,-,Davidson,Nashville,6
49891,400125395,0,1,35.09645,-86.52952,7,2024-08-01 05:55:00,2024,8,1,5,55,Thursday,05:55,Suspected Serious Injury,Dawn,Clear,Deer,None,THP District 7 - Lawrenceburg,THP,-,-,-,-,-,-,-,-,-,-,-,Motorcyclist,-,Lincoln,Not in City Limit,5
49897,400125443,0,2,35.0947,-85.30722,2,2024-08-01 09:00:00,2024,8,1,9,0,Thursday,09:00,Suspected Serious Injury,Daylight,Cloudy,Motor Vehicle-In-Transport On Same Roadway,None,RED BANK POLICE DEPT,Other,Unbelted,-,-,-,-,-,-,-,-,-,-,-,-,Hamilton,Red Bank,5
49902,400125462,0,1,36.30922,-88.23241,8,2024-07-29 19:00:00,2024,7,29,19,0,Monday,19:00,Suspected Serious Injury,Daylight,Clear,Ditch,None,THP District 8 - Jackson,THP,-,-,-,-,-,-,-,-,-,-,-,-,-,Henry,Not in City Limit,2
49907,400125502,0,3,34.98958,-85.28979,2,2024-07-27 12:29:00,2024,7,27,12,29,Saturday,12:29,Suspected Serious Injury,Daylight,Clear,Motor Vehicle-In-Transport On Same Roadway,None,CHATTANOOGA POLICE DEPT,Other,Unbelted,-,-,-,-,-,-,-,-,-,-,-,-,Hamilton,Chattanooga,7
49918,400125585,0,2,35.9171,-83.17384,5,2024-08-01 11:31:00,2024,8,1,11,31,Thursday,11:31,Suspected Serious Injury,Daylight,Clear,Motor Vehicle-In-Transport On Same Roadway,None,THP District 5 - Fall Branch,THP,Unbelted,Distracted,-,-,-,-,-,-,-,-,-,-,-,Cocke,Not in City Limit,5
49923,400125594,1,1,36.42991,-84.29335,1,2024-07-28 14:00:00,2024,7,28,14,0,Sunday,14:00,Fatal,Daylight,Cloudy,Motor Vehicle-In-Transport On Same Roadway,None,THP District 1 - Knoxville,THP,Unbelted,-,-,-,-,-,-,-,-,-,-,-,-,Campbell,Not in City Limit,1
49940,400125695,1,1,36.15368,-86.84949,3,2024-07-31 21:53:00,2024,7,31,21,53,Wednesday,21:53,Fatal,Dark-Lighted,Clear,Motor Vehicle-In-Transport On Same Roadway,None,METROPOLITAN NASHVILLE POLICE DEPT,Other,Unbelted,-,-,-,-,-,-,-,-,-,-,-,-,Davidson,Nashville,4
49953,400125751,1,0,35.94521,-84.93589,6,2024-08-01 04:45:00,2024,8,1,4,45,Thursday,04:45,Fatal,Dark-Not Lighted,Clear,"Over Turn, Roll Over",None,THP District 6 - Cookeville,THP,Unbelted,-,-,-,-,-,-,-,-,-,ATV_Involved,-,-,Cumberland,Not in City Limit,5
49961,400125800,0,2,35.74727,-85.45714,6,2024-07-31 19:26:00,2024,7,31,19,26,Wednesday,19:26,Suspected Serious Injury,Daylight,Clear,Motor Vehicle-In-Transport On Different Roadway,None,SPENCER POLICE DEPT,Other,Unbelted,-,-,-,-,-,-,-,-,-,-,-,-,Van Buren,Spencer,4
49964,400125805,0,1,36.18499,-84.13193,1,2024-08-01 19:20:00,2024,8,1,19,20,Thursday,19:20,Suspected Serious Injury,Daylight,Clear,Standing Tree,None,THP District 1 - Knoxville,THP,Unbelted,-,-,-,-,-,-,-,-,-,-,-,-,Anderson,Not in City Limit,5
49976,400125871,1,1,35.92612,-83.90971,1,2024-08-01 21:30:00,2024,8,1,21,30,Thursday,21:30,Fatal,Dark-Lighted,Rain,Motor Vehicle-In-Transport On Same Roadway,None,KNOXVILLE POLICE DEPT,Other,Unbelted,-,Drinking,Drug,-,Speeding,-,-,-,-,-,-,-,Knox,Knoxville,5
49979,400125876,0,1,35.44099,-84.61125,2,2024-08-01 23:43:00,2024,8,1,23,43,Thursday,23:43,Suspected Serious Injury,Dark-Not Lighted,Clear,Non-Motorist Personal Conveyance,None,ATHENS POLICE DEPT,Other,Unbelted,-,-,-,-,-,Pedalcyclist,-,-,-,-,-,-,McMinn,Athens,5
49984,400125902,0,1,36.54704,-82.46028,5,2024-08-01 00:00:00,2024,8,1,24,0,Thursday,24:00,Suspected Serious Injury,Dark-Not Lighted,Rain,Ditch,None,THP District 5 - Fall Branch,THP,Unbelted,-,-,-,-,-,-,-,-,-,-,-,-,Sullivan,Not in City Limit,5
49988,400125906,0,1,36.09602,-85.57821,6,2024-08-01 01:09:00,2024,8,1,1,9,Thursday,01:09,Suspected Serious Injury,Dark-Not Lighted,Clear,Other Fixed Object,None,THP District 6 - Cookeville,THP,Unbelted,-,Drinking,-,-,-,-,-,-,-,-,-,-,Putnam,Not in City Limit,5
49991,400125910,0,2,35.60436,-88.11858,8,2024-08-01 10:07:00,2024,8,1,10,7,Thursday,10:07,Suspected Serious Injury,Daylight,Clear,Motor Vehicle-In-Transport On Same Roadway,None,THP District 8 - Jackson,THP,Unbelted,-,-,Drug,-,-,-,-,-,-,-,-,-,Decatur,Not in City Limit,5
49995,400125925,1,0,35.52524,-89.25939,4,2024-08-01 00:00:00,2024,8,1,24,0,Thursday,24:00,Fatal,Daylight,Clear,Bridge Rail,None,THP District 4 - Memphis,THP,Unbelted,-,-,Drug,-,-,-,-,-,-,-,-,-,Haywood,Not in City Limit,5
50002,400125951,1,2,35.1323,-90.04766,4,2024-08-02 03:03:00,2024,8,2,3,3,Friday,03:03,Fatal,Dark-Lighted,Clear,Motor Vehicle-In-Transport On Same Roadway,None,THP District 4 - Memphis,THP,Unbelted,-,Drinking,Drug,-,Speeding,-,-,-,-,-,-,-,Shelby,Memphis,6
50010,400125995,0,2,36.54232,-84.1564,1,2024-07-31 20:05:00,2024,7,31,20,5,Wednesday,20:05,Suspected Serious Injury,Daylight,Cloudy,Motor Vehicle-In-Transport On Same Roadway,Construction Zone,THP District 1 - Knoxville,THP,Unbelted,-,-,-,-,-,-,-,-,-,ATV_Involved,-,-,Campbell,Not in City Limit,4
50013,400126016,0,1,35.05148,-85.25592,2,2024-08-02 11:25:00,2024,8,2,11,25,Friday,11:25,Suspected Serious Injury,Daylight,Cloudy,Curb,None,CHATTANOOGA POLICE DEPT,Other,-,-,-,-,-,-,-,-,-,-,-,Motorcyclist,-,Hamilton,Chattanooga,6
50024,400126066,0,1,35.99472,-84.03562,1,2024-08-02 06:56:00,2024,8,2,6,56,Friday,06:56,Suspected Serious Injury,Daylight,Clear,Motor Vehicle-In-Transport On Same Roadway,None,KNOX CO SHERIFFS OFFICE,Other,Unbelted,-,-,-,-,Speeding,-,-,-,-,-,Motorcyclist,-,Knox,Not in City Limit,6
50042,400126192,0,1,35.9137,-84.11038,1,2024-08-02 17:13:00,2024,8,2,17,13,Friday,17:13,Suspected Serious Injury,Daylight,Cloudy,Motor Vehicle-In-Transport On Same Roadway,None,THP District 1 - Knoxville,THP,Unbelted,-,-,-,-,-,-,-,-,-,ATV_Involved,-,-,Knox,Knoxville,6
50044,400126201,0,1,35.37997,-88.83755,4,2024-08-02 15:48:00,2024,8,2,15,48,Friday,15:48,Suspected Serious Injury,Daylight,Clear,Standing Tree,None,THP District 4 - Memphis,THP,Unbelted,-,Drinking,-,-,-,-,-,-,-,-,-,-,Hardeman,Not in City Limit,6
50064,400126309,0,1,35.48935,-83.93101,1,2024-08-02 16:17:00,2024,8,2,16,17,Friday,16:17,Suspected Serious Injury,Daylight,Clear,Motor Vehicle-In-Transport On Same Roadway,None,THP District 1 - Knoxville,THP,Unbelted,-,-,-,-,-,-,-,-,-,-,Motorcyclist,-,Blount,Not in City Limit,6
50070,400126332,0,3,36.4084,-85.53359,6,2024-08-02 19:08:00,2024,8,2,19,8,Friday,19:08,Suspected Serious Injury,Dusk,Clear,"Over Turn, Roll Over",None,THP District 6 - Cookeville,THP,Unbelted,-,-,-,-,Speeding,-,-,-,-,-,-,-,Jackson,Not in City Limit,6
50071,400126335,0,1,36.12392,-84.03632,1,2024-08-02 16:30:00,2024,8,2,16,30,Friday,16:30,Suspected Serious Injury,Daylight,Clear,Standing Tree,None,THP District 1 - Knoxville,THP,Unbelted,-,Drinking,Drug,-,-,-,-,-,-,-,-,-,Anderson,Not in City Limit,6
50075,400126352,0,4,36.18349,-86.34946,3,2024-08-02 17:15:00,2024,8,2,17,15,Friday,17:15,Suspected Serious Injury,Daylight,Clear,Motor Vehicle-In-Transport On Same Roadway,None,THP District 3 - Nashville,THP,Unbelted,-,Drinking,Drug,-,-,-,-,-,-,-,-,-,Wilson,Lebanon,6
50078,400126366,0,2,35.95995,-85.72198,6,2024-08-02 22:26:00,2024,8,2,22,26,Friday,22:26,Suspected Serious Injury,Dark-Not Lighted,Clear,Ditch,None,THP District 6 - Cookeville,THP,Unbelted,Distracted,-,-,-,-,-,-,-,-,-,-,-,DeKalb,Not in City Limit,6
50081,400126376,0,1,35.00857,-85.1532,2,2024-08-03 00:44:00,2024,8,3,0,44,Saturday,00:44,Suspected Serious Injury,Dark-Lighted,Clear,Utility Pole,None,CHATTANOOGA POLICE DEPT,Other,Unbelted,-,-,-,-,Speeding,-,-,-,-,-,-,-,Hamilton,Chattanooga,7
50085,400126390,0,1,36.43623,-87.05296,3,2024-08-02 23:52:00,2024,8,2,23,52,Friday,23:52,Suspected Serious Injury,Dark-Not Lighted,Clear,Fell/Jumped From Vehicle,None,THP District 3 - Nashville,THP,-,-,Drinking,-,-,-,-,-,-,ATV_Involved,-,-,-,Robertson,Not in City Limit,6
50087,400126409,0,1,35.95582,-84.0068,1,2024-08-03 01:47:00,2024,8,3,1,47,Saturday,01:47,Suspected Serious Injury,Dark-Lighted,Clear,Other Fixed Object,None,KNOXVILLE POLICE DEPT,Other,Unbelted,-,Drinking,-,-,-,-,-,-,-,-,-,-,Knox,Knoxville,7
50090,400126421,1,0,35.14946,-89.94465,4,2024-08-03 02:36:00,2024,8,3,2,36,Saturday,02:36,Fatal,Dark-Lighted,Clear,Utility Pole,None,THP District 4 - Memphis,THP,Unbelted,-,-,-,-,Speeding,-,-,-,-,-,-,-,Shelby,Memphis,7
50096,400126443,0,3,35.73928,-89.59345,4,2024-07-30 21:12:00,2024,7,30,21,12,Tuesday,21:12,Suspected Serious Injury,Dark-Not Lighted,Clear,Ditch,None,THP District 4 - Memphis,THP,Unbelted,-,-,-,-,-,-,-,-,-,-,-,-,Lauderdale,Not in City Limit,3
50106,400126477,0,2,35.69741,-85.76667,6,2024-08-03 07:35:00,2024,8,3,7,35,Saturday,07:35,Suspected Serious Injury,Daylight,Cloudy,Ditch,None,MCMINNVILLE POLICE DEPT,Other,Unbelted,-,-,-,-,-,-,-,-,-,-,-,-,Warren,McMinnville,7
50112,400126505,1,0,35.35388,-85.40137,2,2024-08-02 00:00:00,2024,8,2,24,0,Friday,24:00,Fatal,Daylight,Clear,Motor Vehicle-In-Transport On Same Roadway,None,THP District 2 - Chattanooga,THP,Unbelted,-,-,-,-,-,-,-,-,-,ATV_Involved,-,-,Sequatchie,Dunlap,6
50120,400126545,0,1,35.74228,-89.10179,4,2024-08-03 12:39:00,2024,8,3,12,39,Saturday,12:39,Suspected Serious Injury,Daylight,Clear,Culvert,None,THP District 4 - Memphis,THP,Unbelted,-,-,-,-,-,-,-,-,-,-,-,-,Crockett,Not in City Limit,7
50130,400126569,0,2,35.51066,-84.36681,1,2024-08-03 13:20:00,2024,8,3,13,20,Saturday,13:20,Suspected Serious Injury,Daylight,Clear,Motor Vehicle-In-Transport On Same Roadway,None,MADISONVILLE POLICE DEPT,Other,Unbelted,-,-,-,-,-,-,-,-,-,-,Motorcyclist,-,Monroe,Madisonville,7
50140,400126617,0,1,35.3292,-86.42695,7,2024-08-03 10:28:00,2024,8,3,10,28,Saturday,10:28,Suspected Serious Injury,Daylight,Clear,Standing Tree,None,THP District 7 - Lawrenceburg,THP,Unbelted,-,-,-,Drowsy,-,-,-,-,-,-,-,-,Bedford,Not in City Limit,7
50155,400126680,0,2,35.594,-88.236,8,2024-08-03 16:10:00,2024,8,3,16,10,Saturday,16:10,Suspected Serious Injury,Daylight,Clear,Embankment Earth,None,THP District 8 - Jackson,THP,Unbelted,-,-,-,-,-,-,-,-,-,-,-,-,Henderson,Not in City Limit,7
50166,400126730,0,1,35.08225,-86.60318,7,2024-08-03 21:45:00,2024,8,3,21,45,Saturday,21:45,Suspected Serious Injury,Dark-Not Lighted,Clear,Other Animal,None,THP District 7 - Lawrenceburg,THP,-,-,-,-,-,-,-,-,-,-,-,Motorcyclist,-,Lincoln,Not in City Limit,7
50170,400126768,0,1,35.35331,-86.32893,7,2024-08-03 02:45:00,2024,8,3,2,45,Saturday,02:45,Suspected Serious Injury,Dark-Not Lighted,Fog,Utility Pole,None,THP District 7 - Lawrenceburg,THP,Unbelted,-,Drinking,Drug,-,-,-,-,-,-,-,-,-,Moore,Lynchburg,7
50187,400126836,0,1,36.23213,-82.18637,5,2024-08-03 05:30:00,2024,8,3,5,30,Saturday,05:30,Suspected Serious Injury,Dawn,Cloudy,"Over Turn, Roll Over",None,THP District 5 - Fall Branch,THP,Unbelted,-,-,-,-,-,-,-,-,-,ATV_Involved,-,-,Carter,Not in City Limit,7
50192,400126866,0,2,36.33304,-82.03925,5,2024-08-04 05:20:00,2024,8,4,5,20,Sunday,05:20,Suspected Serious Injury,Dark-Not Lighted,Clear,Motor Vehicle-In-Transport On Same Roadway,None,CARTER CO SHERIFFS DEPT,Other,Unbelted,-,-,-,-,Speeding,-,-,-,-,-,-,-,Carter,Not in City Limit,1
50207,400126926,0,3,36.23889,-86.63024,3,2024-08-04 11:39:00,2024,8,4,11,39,Sunday,11:39,Suspected Serious Injury,Daylight,Clear,Motor Vehicle-In-Transport On Same Roadway,None,METROPOLITAN NASHVILLE POLICE DEPT,Other,Unbelted,-,-,-,-,-,-,-,-,-,-,-,-,Davidson,Nashville,1
50217,400126961,0,5,35.95734,-86.5002,3,2024-08-04 12:43:00,2024,8,4,12,43,Sunday,12:43,Suspected Serious Injury,Daylight,Clear,Motor Vehicle-In-Transport On Same Roadway,None,SMYRNA POLICE DEPT,Other,Unbelted,-,-,-,-,-,-,-,-,-,-,-,-,Rutherford,Smyrna,1
50219,400126965,0,1,35.80739,-83.98571,1,2024-08-04 13:52:00,2024,8,4,13,52,Sunday,13:52,Suspected Serious Injury,Daylight,Clear,"Over Turn, Roll Over",None,ALCOA POLICE DEPARTMENT,Other,-,-,-,-,-,-,-,-,-,-,-,Motorcyclist,-,Blount,Alcoa,1
50221,400126968,1,0,35.82205,-89.39141,4,2024-08-01 17:55:00,2024,8,1,17,55,Thursday,17:55,Fatal,Daylight,Clear,Standing Tree,None,THP District 4 - Memphis,THP,Unbelted,-,-,-,-,Speeding,-,-,-,-,-,-,-,Lauderdale,Not in City Limit,5
50225,400127012,0,3,36.01632,-84.30768,1,2024-08-03 17:17:00,2024,8,3,17,17,Saturday,17:17,Suspected Serious Injury,Daylight,Clear,Embankment Earth,None,THP District 1 - Knoxville,THP,Unbelted,-,-,Drug,-,-,-,-,-,-,-,-,-,Anderson,Not in City Limit,7
50232,400127029,0,1,35.63696,-88.34963,8,2024-08-04 15:55:00,2024,8,4,15,55,Sunday,15:55,Suspected Serious Injury,Daylight,Clear,Motor Vehicle-In-Transport On Same Roadway,None,LEXINGTON POLICE DEPT,Other,Unbelted,-,-,-,-,-,-,-,-,-,-,Motorcyclist,-,Henderson,Lexington,1
50234,400127039,1,1,36.5651,-82.07161,5,2024-08-04 17:30:00,2024,8,4,17,30,Sunday,17:30,Fatal,Daylight,Clear,Motor Vehicle-In-Transport On Same Roadway,None,THP District 5 - Fall Branch,THP,Unbelted,-,-,-,-,-,-,-,-,-,-,Motorcyclist,-,Sullivan,Not in City Limit,1
50236,400127045,0,1,36.34688,-86.59427,3,2024-08-04 16:22:00,2024,8,4,16,22,Sunday,16:22,Suspected Serious Injury,Daylight,Clear,Motor Vehicle-In-Transport On Same Roadway,None,HENDERSONVILLE POLICE DEPT,Other,Unbelted,-,-,-,-,-,-,-,-,-,-,Motorcyclist,-,Sumner,Not in City Limit,1
50238,400127059,0,1,35.86076,-86.37783,3,2024-08-04 17:30:00,2024,8,4,17,30,Sunday,17:30,Suspected Serious Injury,Daylight,Clear,Utility Pole,None,MURFREESBORO POLICE DEPT,Other,Unbelted,-,-,-,-,-,-,-,-,-,-,-,-,Rutherford,Murfreesboro,1
50239,400127060,0,1,35.66431,-89.58455,4,2024-07-30 10:38:00,2024,7,30,10,38,Tuesday,10:38,Suspected Serious Injury,Daylight,Clear,"Over Turn, Roll Over",None,THP District 4 - Memphis,THP,Unbelted,-,-,-,-,-,-,-,-,-,-,-,-,Lauderdale,Henning,3
50242,400127066,0,1,36.07017,-84.47858,1,2024-08-04 16:30:00,2024,8,4,16,30,Sunday,16:30,Suspected Serious Injury,Daylight,Clear,Standing Tree,None,THP District 1 - Knoxville,THP,Unbelted,-,-,-,-,-,-,-,-,-,-,-,-,Morgan,Not in City Limit,1
50247,400127084,0,1,35.5019,-84.84049,2,2024-08-04 20:22:00,2024,8,4,20,22,Sunday,20:22,Suspected Serious Injury,Dusk,Clear,Standing Tree,None,THP District 2 - Chattanooga,THP,Unbelted,-,Drinking,-,-,-,-,-,-,-,-,-,-,Meigs,Not in City Limit,1
50258,400127148,0,2,35.7852,-85.84457,6,2024-08-03 03:57:00,2024,8,3,3,57,Saturday,03:57,Suspected Serious Injury,Dark-Not Lighted,Clear,Culvert,None,WARREN CO SHERIFFS DEPT,Other,Unbelted,-,-,-,-,-,-,-,-,-,-,-,-,Warren,Not in City Limit,7
50259,400127152,1,3,36.23165,-86.80398,3,2024-08-03 17:58:00,2024,8,3,17,58,Saturday,17:58,Fatal,Daylight,Clear,Motor Vehicle-In-Transport On Same Roadway,None,METROPOLITAN NASHVILLE POLICE DEPT,Other,Unbelted,-,-,Drug,-,-,-,-,-,-,ATV_Involved,-,-,Davidson,Nashville,7
50265,400127165,2,2,35.69987,-88.90823,8,2024-08-04 19:00:00,2024,8,4,19,0,Sunday,19:00,Fatal,Daylight,Clear,Motor Vehicle-In-Transport On Same Roadway,None,JACKSON POLICE DEPT,Other,Unbelted,-,Drinking,Drug,-,Speeding,-,-,-,-,-,-,-,Madison,Jackson,1
50272,400127190,0,1,36.52817,-81.75872,5,2024-08-04 00:00:00,2024,8,4,24,0,Sunday,24:00,Suspected Serious Injury,Dark-Not Lighted,Clear,Ditch,None,THP District 5 - Fall Branch,THP,Unbelted,-,Drinking,Drug,-,-,-,-,-,-,-,-,-,Johnson,Not in City Limit,1
50278,400127224,0,1,36.29273,-86.4438,3,2024-08-04 13:46:00,2024,8,4,13,46,Sunday,13:46,Suspected Serious Injury,Daylight,Clear,Motor Vehicle-In-Transport On Same Roadway,None,THP District 3 - Nashville,THP,Unbelted,-,-,-,-,-,-,-,-,-,ATV_Involved,-,-,Wilson,Not in City Limit,1
50285,400127263,0,2,36.09263,-87.55215,3,2024-07-17 21:07:00,2024,7,17,21,7,Wednesday,21:07,Suspected Serious Injury,Dark-Not Lighted,Clear,Motor Vehicle-In-Transport On Same Roadway,None,THP District 3 - Nashville,THP,Unbelted,-,-,-,-,-,-,-,-,-,-,-,-,Humphreys,Not in City Limit,4
50296,400127334,0,1,35.02236,-85.19851,2,2024-08-04 16:52:00,2024,8,4,16,52,Sunday,16:52,Suspected Serious Injury,Daylight,Clear,Other Non-Collision,None,CHATTANOOGA POLICE DEPT,Other,-,-,-,-,-,-,-,-,-,-,-,Motorcyclist,-,Hamilton,Chattanooga,1
50305,400127376,0,1,35.03933,-85.14722,2,2024-08-04 22:00:00,2024,8,4,22,0,Sunday,22:00,Suspected Serious Injury,Dark-Lighted,Clear,Pedestrian,None,CHATTANOOGA POLICE DEPT,Other,Unbelted,-,-,-,Drowsy,-,-,Pedestrian,-,-,-,-,-,Hamilton,Chattanooga,1
50320,400127438,1,0,36.08626,-86.64826,3,2024-08-02 20:03:00,2024,8,2,20,3,Friday,20:03,Fatal,Dark-Lighted,Clear,Pedestrian,None,METROPOLITAN NASHVILLE POLICE DEPT,Other,Unbelted,-,-,-,-,-,-,Pedestrian,-,-,-,-,-,Davidson,Nashville,6
50330,400127487,0,1,35.69742,-84.04481,1,2024-08-05 16:52:00,2024,8,5,16,52,Monday,16:52,Suspected Serious Injury,Daylight,Clear,Motor Vehicle-In-Transport On Same Roadway,None,MARYVILLE POLICE DEPT,Other,Unbelted,-,-,-,-,-,-,-,-,-,-,Motorcyclist,-,Blount,Not in City Limit,2
50338,400127538,0,1,36.06766,-84.07556,1,2024-08-05 17:58:00,2024,8,5,17,58,Monday,17:58,Suspected Serious Injury,Daylight,Clear,Ditch,None,THP District 1 - Knoxville,THP,Unbelted,-,-,-,-,-,-,-,-,-,-,-,-,Knox,Not in City Limit,2
50358,400127619,0,1,36.30095,-86.81022,3,2024-08-05 21:00:00,2024,8,5,21,0,Monday,21:00,Suspected Serious Injury,Dark-Not Lighted,Clear,Fence,None,METROPOLITAN NASHVILLE POLICE DEPT,Other,-,-,-,-,-,-,-,-,-,-,-,Motorcyclist,-,Davidson,Nashville,2
50390,400127811,0,2,36.03824,-84.43154,1,2024-08-05 12:45:00,2024,8,5,12,45,Monday,12:45,Suspected Serious Injury,Daylight,Clear,Motor Vehicle-In-Transport On Same Roadway,None,THP District 1 - Knoxville,THP,Unbelted,-,-,-,-,-,-,-,-,-,-,-,-,Morgan,Not in City Limit,2
50402,400127905,0,4,35.0827,-86.44935,7,2024-08-07 08:33:00,2024,8,7,8,33,Wednesday,08:33,Suspected Serious Injury,Daylight,Clear,Motor Vehicle-In-Transport On Same Roadway,None,THP District 7 - Lawrenceburg,THP,Unbelted,-,-,-,-,-,-,-,-,-,-,-,-,Lincoln,Not in City Limit,4
50414,400127975,0,1,36.41822,-86.7195,3,2024-08-05 15:08:00,2024,8,5,15,8,Monday,15:08,Suspected Serious Injury,Daylight,Clear,Bridge/Overhead Structure,None,MILLERSVILLE POLICE DEPT,Other,Unbelted,-,-,-,-,-,-,-,-,-,ATV_Involved,-,-,Robertson,MILLERSVILLE,2
50419,400127991,1,0,36.2585,-86.43862,3,2024-08-06 13:22:00,2024,8,6,13,22,Tuesday,13:22,Fatal,Daylight,Clear,Embankment Earth,None,THP District 3 - Nashville,THP,Unbelted,Distracted,-,Drug,-,-,-,-,-,-,-,-,-,Wilson,Not in City Limit,3
50421,400128000,0,4,35.49917,-86.45775,7,2024-08-06 14:57:00,2024,8,6,14,57,Tuesday,14:57,Suspected Serious Injury,Daylight,Cloudy,Motor Vehicle-In-Transport On Same Roadway,None,SHELBYVILLE POLICE DEPT,Other,Unbelted,-,-,-,-,-,-,-,-,-,-,Motorcyclist,-,Bedford,Shelbyville,3