OBJECTID,MRN,Fatality,Injury,Latitude,Longitude,THP_District,Collision_Date,Collision_Year,Collision_Month,Collision_Day,Collision_Hour,Collision_Min,Collision_DOW,Collision_Time,Crash_Type,Light_Condition,Weather,First_Harmfu_Event,Work_Zone_Type,Agency_Name,THP,Unbelted,Distracted_Driver,Driver_Drinking,Driver_Drugged,Drowsy_Driver,Speeding_Involved,Pedalcyclist,Pedestrian,Other_Nonmotorist,ATV_Involved,LargeTruck_Involved,Motorcycle_Involved,SchoolBus,County,City,DOW_Nmb
50427,400128054,0,1,35.95163,-88.23028,8,2024-08-06 14:40:00,2024,8,6,14,40,Tuesday,14:40,Suspected Serious Injury,Daylight,Clear,Standing Tree,None,THP District 8 - Jackson,THP,Unbelted,-,Drinking,Drug,-,-,-,-,-,-,-,-,-,Carroll,Not in City Limit,3
50428,400128059,2,2,36.29977,-86.69661,3,2024-08-03 23:32:00,2024,8,3,23,32,Saturday,23:32,Fatal,Dark-Lighted,Clear,Motor Vehicle-In-Transport On Same Roadway,None,METROPOLITAN NASHVILLE POLICE DEPT,Other,Unbelted,Distracted,Drinking,-,-,Speeding,-,-,-,-,-,-,-,Davidson,Nashville,7
50436,400128098,0,1,35.02991,-85.16656,2,2024-08-06 18:34:00,2024,8,6,18,34,Tuesday,18:34,Suspected Serious Injury,Daylight,Cloudy,Culvert,None,CHATTANOOGA POLICE DEPT,Other,Unbelted,-,-,-,-,-,-,-,-,-,-,-,-,Hamilton,Chattanooga,3
50439,400128110,0,3,35.58842,-89.04057,8,2024-08-03 01:48:00,2024,8,3,1,48,Saturday,01:48,Suspected Serious Injury,Dark-Not Lighted,Clear,Ditch,None,THP District 8 - Jackson,THP,Unbelted,-,Drinking,Drug,-,-,-,-,-,-,-,-,-,Madison,Not in City Limit,7
50440,400128112,0,1,35.89605,-84.95115,6,2024-08-06 16:37:00,2024,8,6,16,37,Tuesday,16:37,Suspected Serious Injury,Daylight,Clear,Building,None,THP District 6 - Cookeville,THP,Unbelted,-,-,-,-,-,-,-,-,-,-,-,-,Cumberland,Not in City Limit,3
50445,400128135,0,1,36.12544,-82.42691,5,2024-08-06 15:11:00,2024,8,6,15,11,Tuesday,15:11,Suspected Serious Injury,Daylight,Clear,Building,None,THP District 5 - Fall Branch,THP,Unbelted,-,Drinking,Drug,-,-,-,-,-,-,-,-,-,Unicoi,Not in City Limit,3
50453,400128167,0,6,35.8493,-83.78609,1,2024-08-06 15:26:00,2024,8,6,15,26,Tuesday,15:26,Suspected Serious Injury,Daylight,Clear,Motor Vehicle-In-Transport On Same Roadway,None,THP District 1 - Knoxville,THP,Unbelted,-,-,-,-,-,-,-,-,-,-,-,-,Blount,Not in City Limit,3
50457,400128199,0,1,35.12066,-85.75445,2,2024-08-06 20:12:00,2024,8,6,20,12,Tuesday,20:12,Suspected Serious Injury,Dark-Not Lighted,Clear,Motor Vehicle-In-Transport On Same Roadway,Construction Zone,THP District 2 - Chattanooga,THP,Unbelted,-,-,-,-,-,-,-,-,-,ATV_Involved,-,-,Marion,Not in City Limit,3
50458,400128204,1,0,36.10341,-86.88869,3,2024-08-06 19:17:00,2024,8,6,19,17,Tuesday,19:17,Fatal,Daylight,Clear,Pedal-Cycle,None,METROPOLITAN NASHVILLE POLICE DEPT,Other,Unbelted,-,-,-,-,-,Pedalcyclist,-,-,-,-,-,-,Davidson,Nashville,3
50461,400128227,1,1,35.69955,-86.41994,3,2024-08-06 17:54:00,2024,8,6,17,54,Tuesday,17:54,Fatal,Daylight,Clear,Motor Vehicle-In-Transport On Same Roadway,None,THP District 3 - Nashville,THP,Unbelted,-,-,Drug,-,Speeding,-,-,-,-,-,Motorcyclist,-,Rutherford,Not in City Limit,3
50462,400128240,1,1,36.18258,-86.31507,3,2024-08-06 23:14:00,2024,8,6,23,14,Tuesday,23:14,Fatal,Dark-Lighted,Clear,Cable Barrier,None,THP District 3 - Nashville,THP,Unbelted,-,Drinking,Drug,-,-,-,-,-,-,ATV_Involved,-,-,Wilson,Lebanon,3
50471,400128276,0,1,35.49512,-83.92705,1,2024-07-21 20:01:00,2024,7,21,20,1,Sunday,20:01,Suspected Serious Injury,Dusk,Clear,Other Non-Fixed Object,None,THP District 1 - Knoxville,THP,-,-,-,-,-,-,-,-,-,-,-,Motorcyclist,-,Blount,Not in City Limit,1
50473,400128304,0,2,35.90825,-84.12153,1,2024-08-07 08:54:00,2024,8,7,8,54,Wednesday,08:54,Suspected Serious Injury,Daylight,Clear,Motor Vehicle-In-Transport On Same Roadway,None,KNOXVILLE POLICE DEPT,Other,Unbelted,-,-,-,-,-,-,-,-,-,-,-,-,Knox,Knoxville,4
50493,400128468,1,0,36.38607,-86.19868,6,2024-08-06 15:42:00,2024,8,6,15,42,Tuesday,15:42,Fatal,Daylight,Clear,Curb,None,THP District 6 - Cookeville,THP,-,-,Drinking,Drug,-,-,-,-,-,-,-,Motorcyclist,-,Trousdale,Hartsville,3
50494,400128489,0,1,35.87927,-86.34692,3,2024-08-07 10:27:00,2024,8,7,10,27,Wednesday,10:27,Suspected Serious Injury,Daylight,Cloudy,Motor Vehicle-In-Transport On Same Roadway,None,THP District 3 - Nashville,THP,Unbelted,-,-,-,-,-,-,-,-,-,-,Motorcyclist,-,Rutherford,Not in City Limit,4
50496,400128512,1,1,35.86539,-86.44729,3,2024-08-07 14:37:00,2024,8,7,14,37,Wednesday,14:37,Fatal,Daylight,Clear,Motor Vehicle-In-Transport On Same Roadway,None,MURFREESBORO POLICE DEPT,Other,Unbelted,-,-,-,-,-,-,-,-,-,-,-,-,Rutherford,Murfreesboro,4
50498,400128519,0,1,35.93816,-83.94888,1,2024-08-07 15:12:00,2024,8,7,15,12,Wednesday,15:12,Suspected Serious Injury,Daylight,Clear,Other Non-Collision,None,KNOXVILLE POLICE DEPT,Other,-,-,-,-,-,-,-,-,-,-,-,Motorcyclist,-,Knox,Knoxville,4
50501,400128537,0,1,35.85776,-86.558,3,2024-08-07 15:02:00,2024,8,7,15,2,Wednesday,15:02,Suspected Serious Injury,Daylight,Cloudy,Wall,None,RUTHERFORD CO SHERIFFS DEPT,Other,Unbelted,Distracted,Drinking,-,-,-,-,-,-,-,-,-,-,Rutherford,Not in City Limit,4
50529,400128666,0,3,35.69891,-83.80532,1,2024-08-07 21:11:00,2024,8,7,21,11,Wednesday,21:11,Suspected Serious Injury,Dark-Not Lighted,Clear,Motor Vehicle-In-Transport On Same Roadway,None,BLOUNT CO SHERIFFS DEPT,Other,Unbelted,-,-,-,-,-,-,-,-,-,-,-,-,Blount,Not in City Limit,4
50542,400128708,0,5,36.0,-88.93143,8,2024-08-02 22:24:00,2024,8,2,22,24,Friday,22:24,Suspected Serious Injury,Dark-Lighted,Clear,Motor Vehicle-In-Transport On Same Roadway,None,TRENTON POLICE DEPT,Other,Unbelted,-,-,-,-,-,-,-,-,-,-,-,-,Gibson,Trenton,6
50556,400128792,0,1,36.01827,-83.92426,1,2024-08-08 06:40:00,2024,8,8,6,40,Thursday,06:40,Suspected Serious Injury,Dawn,Clear,Motor Vehicle-In-Transport On Same Roadway,None,KNOXVILLE POLICE DEPT,Other,Unbelted,-,-,-,-,-,-,-,-,-,-,Motorcyclist,-,Knox,Knoxville,5
50565,400128900,0,6,35.09481,-85.1772,2,2024-08-08 07:50:00,2024,8,8,7,50,Thursday,07:50,Suspected Serious Injury,Daylight,Clear,Motor Vehicle-In-Transport On Same Roadway,None,CHATTANOOGA POLICE DEPT,Other,Unbelted,-,-,-,-,-,-,-,-,-,-,-,-,Hamilton,Chattanooga,5
50576,400128958,0,2,36.17473,-86.61421,3,2024-08-08 11:34:00,2024,8,8,11,34,Thursday,11:34,Suspected Serious Injury,Daylight,Clear,Traffic Signal Support,None,METROPOLITAN NASHVILLE POLICE DEPT,Other,Unbelted,-,-,-,-,-,-,-,-,-,-,-,-,Davidson,Nashville,5
50585,400128996,1,0,35.03119,-87.09585,7,2024-08-07 19:00:00,2024,8,7,19,0,Wednesday,19:00,Fatal,Daylight,Clear,"Over Turn, Roll Over",None,THP District 7 - Lawrenceburg,THP,-,-,-,-,-,-,-,-,-,-,-,-,-,Giles,Not in City Limit,4
50597,400129044,0,1,35.83286,-86.4192,3,2024-08-08 12:58:00,2024,8,8,12,58,Thursday,12:58,Suspected Serious Injury,Daylight,Cloudy,Standing Tree,None,THP District 3 - Nashville,THP,Unbelted,-,-,-,-,-,-,-,-,-,-,-,-,Rutherford,Murfreesboro,5
50606,400129100,0,1,35.77332,-83.96297,1,2024-08-08 00:00:00,2024,8,8,24,0,Thursday,24:00,Suspected Serious Injury,Daylight,Clear,Motor Vehicle-In-Transport On Same Roadway,None,ALCOA POLICE DEPARTMENT,Other,Unbelted,-,-,-,-,-,-,-,-,-,-,-,-,Blount,Alcoa,5
50626,400129209,0,2,36.01772,-83.86086,1,2024-08-08 21:16:00,2024,8,8,21,16,Thursday,21:16,Suspected Serious Injury,Dark-Lighted,Clear,Motor Vehicle-In-Transport On Same Roadway,Construction Zone,KNOX CO SHERIFFS OFFICE,Other,Unbelted,-,-,-,-,-,-,-,-,-,-,-,-,Knox,Knoxville,5
50629,400129231,0,1,35.55784,-84.95656,2,2024-08-08 21:25:00,2024,8,8,21,25,Thursday,21:25,Suspected Serious Injury,Dark-Lighted,Clear,Pedestrian,Construction Zone,THP District 2 - Chattanooga,THP,Unbelted,-,-,-,-,-,-,Pedestrian,-,-,ATV_Involved,-,-,Rhea,Not in City Limit,5
50634,400129260,0,3,35.94215,-86.66343,3,2024-08-08 21:08:00,2024,8,8,21,8,Thursday,21:08,Suspected Serious Injury,Dark-Lighted,Clear,Motor Vehicle-In-Transport On Same Roadway,None,NOLENSVILLE POLICE DEPT,Other,Unbelted,-,-,-,-,-,-,-,-,-,-,-,-,Williamson,Nolensville,5
50643,400129297,0,2,34.99991,-85.32218,2,2024-08-07 04:00:00,2024,8,7,4,0,Wednesday,04:00,Suspected Serious Injury,Dark-Not Lighted,Clear,Utility Pole,None,CHATTANOOGA POLICE DEPT,Other,Unbelted,-,-,-,-,-,-,-,-,-,-,-,-,Hamilton,Chattanooga,4
50645,400129306,0,2,36.19436,-84.01616,1,2024-08-06 14:02:00,2024,8,6,14,2,Tuesday,14:02,Suspected Serious Injury,Daylight,Clear,Embankment Earth,None,THP District 1 - Knoxville,THP,Unbelted,-,-,Drug,-,-,-,-,-,-,-,-,-,Anderson,Not in City Limit,3
50646,400129310,0,1,35.912,-84.33141,1,2024-08-09 02:08:00,2024,8,9,2,8,Friday,02:08,Suspected Serious Injury,Dark-Not Lighted,Clear,Standing Tree,None,OAK RIDGE POLICE DEPT,Other,-,-,-,-,-,-,-,-,-,-,-,Motorcyclist,-,Roane,Oak Ridge,6
50651,400129339,0,1,35.67133,-86.51149,7,2024-08-09 03:05:00,2024,8,9,3,5,Friday,03:05,Suspected Serious Injury,Dark-Not Lighted,Clear,Standing Tree,None,THP District 7 - Lawrenceburg,THP,Unbelted,-,-,-,-,-,-,-,-,-,-,-,-,Bedford,Not in City Limit,6
50652,400129344,0,3,35.6576,-88.12719,8,2024-08-08 09:59:00,2024,8,8,9,59,Thursday,09:59,Suspected Serious Injury,Daylight,Cloudy,Motor Vehicle-In-Transport On Same Roadway,None,PARSONS POLICE DEPT,Other,Unbelted,-,-,-,-,-,-,-,-,-,-,-,-,Decatur,Parsons,5
50668,400129433,0,1,35.51019,-84.47959,2,2024-08-09 10:04:00,2024,8,9,10,4,Friday,10:04,Suspected Serious Injury,Daylight,Clear,Ditch,None,THP District 2 - Chattanooga,THP,-,-,-,-,-,-,-,-,-,-,-,Motorcyclist,-,McMinn,Not in City Limit,6
50673,400129447,2,1,35.37001,-84.7354,2,2024-07-07 02:22:00,2024,7,7,2,22,Sunday,02:22,Fatal,Dark-Not Lighted,Unknown,Standing Tree,None,THP District 2 - Chattanooga,THP,Unbelted,-,-,-,-,-,-,-,-,-,-,-,-,McMinn,Not in City Limit,1
50678,400129465,0,4,35.71035,-89.04774,4,2024-08-06 11:39:00,2024,8,6,11,39,Tuesday,11:39,Suspected Serious Injury,Daylight,Clear,Motor Vehicle-In-Transport On Same Roadway,None,THP District 4 - Memphis,THP,Unbelted,-,-,-,-,-,-,-,-,-,-,-,-,Crockett,Not in City Limit,3
50679,400129466,0,1,35.29053,-84.89603,2,2024-08-04 10:20:00,2024,8,4,10,20,Sunday,10:20,Suspected Serious Injury,Daylight,Clear,Utility Pole,None,THP District 2 - Chattanooga,THP,Unbelted,-,Drinking,Drug,-,-,-,-,-,-,-,-,-,Bradley,Not in City Limit,1
50695,400129549,0,3,35.77083,-84.3172,1,2024-08-06 17:35:00,2024,8,6,17,35,Tuesday,17:35,Suspected Serious Injury,Daylight,Clear,Motor Vehicle-In-Transport On Same Roadway,None,THP District 1 - Knoxville,THP,Unbelted,-,-,-,-,-,-,-,-,-,-,-,-,Loudon,Not in City Limit,3
50699,400129575,0,1,35.50544,-84.96331,2,2024-08-08 21:46:00,2024,8,8,21,46,Thursday,21:46,Suspected Serious Injury,Dark-Not Lighted,Clear,Motor Vehicle-In-Transport On Same Roadway,None,THP District 2 - Chattanooga,THP,Unbelted,-,-,-,-,-,-,-,-,-,-,Motorcyclist,-,Rhea,Not in City Limit,5
50703,400129590,0,2,35.74983,-83.92142,1,2024-08-08 16:00:00,2024,8,8,16,0,Thursday,16:00,Suspected Serious Injury,Daylight,Cloudy,Culvert,None,BLOUNT CO SHERIFFS DEPT,Other,Unbelted,-,-,-,-,-,-,-,-,-,-,-,-,Blount,Not in City Limit,5
50709,400129624,0,1,35.92659,-85.47882,6,2024-08-08 17:49:00,2024,8,8,17,49,Thursday,17:49,Suspected Serious Injury,Daylight,Clear,Pedal-Cycle,None,SPARTA POLICE DEPT,Other,Unbelted,-,-,-,-,-,Pedalcyclist,-,-,-,-,-,-,White,Sparta,5
50710,400129626,0,3,36.19387,-86.23415,3,2024-08-09 15:06:00,2024,8,9,15,6,Friday,15:06,Suspected Serious Injury,Daylight,Clear,Motor Vehicle-In-Transport On Same Roadway,None,THP District 3 - Nashville,THP,Unbelted,-,-,-,-,-,-,-,-,-,-,-,-,Wilson,Not in City Limit,6
50725,400129705,0,1,36.4125,-84.53778,1,2024-08-07 14:59:00,2024,8,7,14,59,Wednesday,14:59,Suspected Serious Injury,Daylight,Clear,Motor Vehicle-In-Transport On Same Roadway,None,THP District 1 - Knoxville,THP,Unbelted,-,-,-,-,-,-,-,-,-,-,-,-,Scott,Huntsville,4
50727,400129716,0,1,36.00637,-87.32912,3,2024-08-09 05:26:00,2024,8,9,5,26,Friday,05:26,Suspected Serious Injury,Daylight,Clear,Pedestrian,None,THP District 3 - Nashville,THP,Unbelted,-,-,-,-,-,-,Pedestrian,-,-,-,-,-,Dickson,Not in City Limit,6
50732,400129747,0,1,36.21301,-83.2986,5,2024-08-09 22:12:00,2024,8,9,22,12,Friday,22:12,Suspected Serious Injury,Dark-Lighted,Clear,Pedestrian,None,MORRISTOWN POLICE DEPT,Other,Unbelted,-,-,-,-,-,-,Pedestrian,-,-,-,-,-,Hamblen,Morristown,6
50733,400129751,0,1,36.2706,-86.70459,3,2024-08-09 21:00:00,2024,8,9,21,0,Friday,21:00,Suspected Serious Injury,Dark-Lighted,Clear,Motor Vehicle-In-Transport On Same Roadway,None,METROPOLITAN NASHVILLE POLICE DEPT,Other,Unbelted,-,-,-,-,-,-,-,-,-,-,-,-,Davidson,Nashville,6
50738,400129775,0,1,36.06297,-83.85786,1,2024-08-09 22:50:00,2024,8,9,22,50,Friday,22:50,Suspected Serious Injury,Dark-Not Lighted,Clear,Motor Vehicle-In-Transport On Same Roadway,None,KNOX CO SHERIFFS OFFICE,Other,Unbelted,-,-,-,-,Speeding,-,-,-,-,-,Motorcyclist,-,Knox,Not in City Limit,6
50741,400129799,0,1,35.1466,-84.83205,2,2024-08-08 23:09:00,2024,8,8,23,9,Thursday,23:09,Suspected Serious Injury,Dark-Not Lighted,Clear,Motor Vehicle-In-Transport On Same Roadway,None,THP District 2 - Chattanooga,THP,Unbelted,-,-,Drug,-,-,-,-,-,-,-,Motorcyclist,-,Bradley,Not in City Limit,5
50753,400129866,0,1,36.26394,-85.0681,6,2024-08-09 15:50:00,2024,8,9,15,50,Friday,15:50,Suspected Serious Injury,Daylight,Clear,Boulder,None,THP District 6 - Cookeville,THP,Unbelted,-,-,-,-,-,-,-,-,-,-,-,-,Fentress,Not in City Limit,6
50759,400129902,1,0,35.77145,-87.46367,7,2024-08-10 08:10:00,2024,8,10,8,10,Saturday,08:10,Fatal,Dark-Lighted,Clear,Motor Vehicle-In-Transport On Same Roadway,None,THP District 7 - Lawrenceburg,THP,Unbelted,-,-,-,-,-,-,-,-,-,ATV_Involved,-,-,Hickman,Centerville,7
50763,400129915,0,1,35.7728,-83.988,1,2024-08-10 11:52:00,2024,8,10,11,52,Saturday,11:52,Suspected Serious Injury,Daylight,Clear,Motor Vehicle-In-Transport On Same Roadway,None,ALCOA POLICE DEPARTMENT,Other,Unbelted,-,-,-,-,-,-,-,-,-,-,Motorcyclist,-,Blount,Alcoa,7
50766,400129924,0,1,35.99104,-85.5033,6,2024-08-09 22:36:00,2024,8,9,22,36,Friday,22:36,Suspected Serious Injury,Dark-Not Lighted,Clear,Guard Rail Face,None,THP District 6 - Cookeville,THP,-,-,-,-,-,-,-,-,-,-,-,Motorcyclist,-,White,Not in City Limit,6
50767,400129930,0,1,35.83866,-88.66407,8,2024-08-10 09:03:00,2024,8,10,9,3,Saturday,09:03,Suspected Serious Injury,Daylight,Clear,Standing Tree,None,THP District 8 - Jackson,THP,Unbelted,-,-,-,-,-,-,-,-,-,-,-,-,Carroll,Not in City Limit,7
50780,400129993,0,1,36.19085,-86.61537,3,2024-08-10 14:42:00,2024,8,10,14,42,Saturday,14:42,Suspected Serious Injury,Daylight,Clear,Motor Vehicle-In-Transport On Same Roadway,None,METROPOLITAN NASHVILLE POLICE DEPT,Other,Unbelted,-,-,-,-,Speeding,-,-,-,-,-,Motorcyclist,-,Davidson,Nashville,7
50791,400130047,1,1,35.92911,-86.23091,3,2024-08-10 14:28:00,2024,8,10,14,28,Saturday,14:28,Fatal,Daylight,Clear,Motor Vehicle-In-Transport On Same Roadway,None,THP District 3 - Nashville,THP,Unbelted,-,-,-,-,-,-,-,-,-,-,Motorcyclist,-,Rutherford,Not in City Limit,7
50793,400130062,0,1,36.1657,-86.77864,3,2024-08-10 17:54:00,2024,8,10,17,54,Saturday,17:54,Suspected Serious Injury,Daylight,Clear,Other Non-Collision,None,METROPOLITAN NASHVILLE POLICE DEPT,Other,Unbelted,-,-,-,-,-,-,-,-,-,-,-,-,Davidson,Nashville,7
50795,400130066,0,2,36.119,-86.74927,3,2024-08-10 16:27:00,2024,8,10,16,27,Saturday,16:27,Suspected Serious Injury,Daylight,Clear,Motor Vehicle-In-Transport On Same Roadway,None,METROPOLITAN NASHVILLE POLICE DEPT,Other,Unbelted,-,-,-,-,-,-,-,-,-,-,-,-,Davidson,Nashville,7
50799,400130087,1,0,36.17875,-85.50347,6,2024-08-10 17:01:00,2024,8,10,17,1,Saturday,17:01,Fatal,Daylight,Clear,Pedestrian,None,COOKEVILLE POLICE DEPT,Other,Unbelted,-,-,Drug,-,-,-,Pedestrian,-,-,-,-,-,Putnam,Cookeville,7
50800,400130088,0,1,35.08469,-88.30525,8,2024-08-10 17:23:00,2024,8,10,17,23,Saturday,17:23,Suspected Serious Injury,Daylight,Clear,"Over Turn, Roll Over",None,THP District 8 - Jackson,THP,Unbelted,-,-,-,-,-,-,-,-,-,-,-,-,Hardin,Not in City Limit,7
50802,400130096,0,3,35.58472,-84.46481,1,2024-08-10 05:10:00,2024,8,10,5,10,Saturday,05:10,Suspected Serious Injury,Dark-Not Lighted,Clear,Motor Vehicle-In-Transport On Same Roadway,None,SWEETWATER POLICE DEPT,Other,Unbelted,-,-,-,-,-,-,-,-,-,-,-,-,Monroe,Sweetwater,7
50806,400130121,0,3,35.87891,-84.23575,1,2024-08-09 22:48:00,2024,8,9,22,48,Friday,22:48,Suspected Serious Injury,Dark-Lighted,Clear,Motor Vehicle-In-Transport On Same Roadway,None,THP District 1 - Knoxville,THP,Unbelted,-,-,-,-,-,-,-,-,-,-,-,-,Knox,Not in City Limit,6
50808,400130136,0,1,36.46575,-82.6526,5,2024-08-09 17:38:00,2024,8,9,17,38,Friday,17:38,Suspected Serious Injury,Daylight,Clear,Utility Pole,None,THP District 5 - Fall Branch,THP,-,-,Drinking,Drug,-,-,-,-,-,-,-,Motorcyclist,-,Sullivan,Not in City Limit,6
50816,400130163,0,1,36.14627,-86.76507,3,2024-08-10 23:58:00,2024,8,10,23,58,Saturday,23:58,Suspected Serious Injury,Dark-Lighted,Clear,Pedestrian,None,METROPOLITAN NASHVILLE POLICE DEPT,Other,Unbelted,-,-,-,-,-,-,Pedestrian,-,-,-,-,-,Davidson,Nashville,7
50817,400130164,0,1,36.28102,-89.20611,8,2024-08-09 21:45:00,2024,8,9,21,45,Friday,21:45,Suspected Serious Injury,Dark-Not Lighted,Clear,"Fire, Explosion",None,THP District 8 - Jackson,THP,Unbelted,-,-,-,-,-,-,-,-,-,-,-,-,Obion,Obion,6
50826,400130201,0,1,35.03505,-88.44779,8,2024-08-06 19:47:00,2024,8,6,19,47,Tuesday,19:47,Suspected Serious Injury,Dusk,Clear,Culvert,None,THP District 8 - Jackson,THP,Unbelted,-,-,-,-,-,-,-,-,-,-,-,-,McNairy,Michie,3
50833,400130223,1,0,36.19974,-82.07254,5,2024-08-10 00:00:00,2024,8,10,24,0,Saturday,24:00,Fatal,Daylight,Clear,Motor Vehicle-In-Transport On Same Roadway,None,THP District 5 - Fall Branch,THP,Unbelted,-,-,-,-,-,-,-,-,-,-,Motorcyclist,-,Carter,Not in City Limit,7
50840,400130251,0,4,35.48605,-86.43542,7,2024-08-10 15:04:00,2024,8,10,15,4,Saturday,15:04,Suspected Serious Injury,Daylight,Clear,Motor Vehicle-In-Transport On Same Roadway,None,SHELBYVILLE POLICE DEPT,Other,Unbelted,-,-,-,-,-,-,Pedestrian,-,-,-,-,-,Bedford,Shelbyville,7
50846,400130280,0,1,35.17326,-88.90801,4,2024-08-06 10:39:00,2024,8,6,10,39,Tuesday,10:39,Suspected Serious Injury,Daylight,Clear,Ditch,None,HARDEMAN CO SHERIFFS DEPT,Other,-,-,-,-,-,-,-,-,-,-,-,Motorcyclist,-,Hardeman,Not in City Limit,3
50849,400130304,0,1,36.23766,-86.82753,3,2024-08-11 11:59:00,2024,8,11,11,59,Sunday,11:59,Suspected Serious Injury,Daylight,Clear,Motor Vehicle-In-Transport On Same Roadway,None,METROPOLITAN NASHVILLE POLICE DEPT,Other,Unbelted,-,-,-,-,-,-,-,-,-,-,Motorcyclist,-,Davidson,Nashville,1
50850,400130307,1,0,36.35089,-85.67976,6,2024-08-10 21:25:00,2024,8,10,21,25,Saturday,21:25,Fatal,Dark-Not Lighted,Clear,Embankment Earth,None,THP District 6 - Cookeville,THP,Unbelted,Distracted,Drinking,Drug,-,-,-,-,-,-,-,-,-,Jackson,Not in City Limit,7
50861,400130351,1,0,36.08722,-87.05191,3,2024-08-11 01:45:00,2024,8,11,1,45,Sunday,01:45,Fatal,Dark-Not Lighted,Clear,Motor Vehicle-In-Transport On Same Roadway,None,THP District 3 - Nashville,THP,Unbelted,-,Drinking,-,-,-,-,-,-,-,-,-,-,Cheatham,Pegram,1
50867,400130370,0,3,36.35269,-83.01987,5,2024-08-10 18:22:00,2024,8,10,18,22,Saturday,18:22,Suspected Serious Injury,Daylight,Clear,Motor Vehicle-In-Transport On Same Roadway,None,THP District 5 - Fall Branch,THP,Unbelted,-,-,-,-,-,-,-,-,-,-,-,-,Hawkins,Not in City Limit,7
50869,400130375,1,0,35.92806,-86.26887,3,2024-08-09 12:32:00,2024,8,9,12,32,Friday,12:32,Fatal,Daylight,Clear,Ditch,None,THP District 3 - Nashville,THP,Unbelted,-,-,-,-,-,-,-,-,-,-,-,-,Rutherford,Not in City Limit,6
50873,400130397,1,1,36.09762,-84.55469,1,2024-08-08 00:00:00,2024,8,8,24,0,Thursday,24:00,Fatal,Daylight,Clear,Motor Vehicle-In-Transport On Same Roadway,None,MORGAN CO SHERIFFS DEPT,Other,Unbelted,-,-,-,-,-,-,-,-,-,-,-,-,Morgan,Not in City Limit,5
50888,400130472,0,4,35.81689,-86.39582,3,2024-08-11 18:10:00,2024,8,11,18,10,Sunday,18:10,Suspected Serious Injury,Daylight,Clear,Motor Vehicle-In-Transport On Same Roadway,None,MURFREESBORO POLICE DEPT,Other,Unbelted,-,-,-,-,-,-,-,-,-,-,-,-,Rutherford,Murfreesboro,1
50893,400130481,1,0,35.1122,-85.36767,2,2024-08-04 04:35:00,2024,8,4,4,35,Sunday,04:35,Fatal,Dark-Not Lighted,Clear,Ditch,None,HAMILTON COUNTY SHERIFF'S OFFICE,Other,Unbelted,-,Drinking,Drug,-,-,-,-,-,-,-,Motorcyclist,-,Hamilton,Not in City Limit,1
50913,400130599,0,2,36.04392,-86.69325,3,2024-08-11 22:30:00,2024,8,11,22,30,Sunday,22:30,Suspected Serious Injury,Dark-Lighted,Cloudy,Motor Vehicle-In-Transport On Same Roadway,None,METROPOLITAN NASHVILLE POLICE DEPT,Other,Unbelted,-,Drinking,Drug,-,-,-,-,-,-,-,-,-,Davidson,Nashville,1
50922,400130646,0,5,35.66119,-88.78199,8,2024-08-12 07:25:00,2024,8,12,7,25,Monday,07:25,Suspected Serious Injury,Daylight,Clear,Motor Vehicle-In-Transport On Same Roadway,None,JACKSON POLICE DEPT,Other,Unbelted,-,-,-,-,-,-,-,-,-,ATV_Involved,-,Direct,Madison,Jackson,2
50930,400130703,1,0,35.85725,-83.96,1,2024-08-12 07:21:00,2024,8,12,7,21,Monday,07:21,Fatal,Daylight,Clear,Motor Vehicle-In-Transport On Same Roadway,None,ALCOA POLICE DEPARTMENT,Other,Unbelted,-,-,Drug,-,-,-,-,-,-,-,Motorcyclist,-,Blount,Alcoa,2
50931,400130705,0,1,35.9,-86.71974,3,2024-08-12 11:55:00,2024,8,12,11,55,Monday,11:55,Suspected Serious Injury,Daylight,Clear,"Over Turn, Roll Over",None,WILLIAMSON CO SHERIFFS OFFICE,Other,Unbelted,-,-,-,-,-,-,-,-,-,ATV_Involved,-,-,Williamson,Not in City Limit,2
50937,400130716,1,1,35.99664,-83.71446,1,2024-08-08 23:39:00,2024,8,8,23,39,Thursday,23:39,Fatal,Dark-Not Lighted,Clear,"Over Turn, Roll Over",None,KNOXVILLE POLICE DEPT,Other,Unbelted,Distracted,-,-,-,-,-,-,-,-,-,-,-,Knox,Knoxville,5
50947,400130780,0,2,35.96697,-84.17563,1,2024-08-12 15:49:00,2024,8,12,15,49,Monday,15:49,Suspected Serious Injury,Daylight,Clear,Motor Vehicle-In-Transport On Same Roadway,None,THP District 1 - Knoxville,THP,Unbelted,-,-,-,-,-,-,-,-,-,-,-,-,Knox,Not in City Limit,2
50966,400130879,0,1,36.18191,-83.3277,5,2024-08-12 00:54:00,2024,8,12,0,54,Monday,00:54,Suspected Serious Injury,Dark-Not Lighted,Clear,Curb,None,HAMBLEN CO SHERIFFS DEPT,Other,Unbelted,-,-,-,-,-,-,-,-,-,-,-,-,Hamblen,Morristown,2
50972,400130907,0,2,35.54143,-89.23338,4,2024-08-11 06:35:00,2024,8,11,6,35,Sunday,06:35,Suspected Serious Injury,Dawn,Clear,Motor Vehicle-In-Transport On Same Roadway,None,THP District 4 - Memphis,THP,Unbelted,-,Drinking,Drug,-,-,-,-,-,-,-,-,-,Haywood,Not in City Limit,1