OBJECTID,MRN,Fatality,Injury,Latitude,Longitude,THP_District,Collision_Date,Collision_Year,Collision_Month,Collision_Day,Collision_Hour,Collision_Min,Collision_DOW,Collision_Time,Crash_Type,Light_Condition,Weather,First_Harmfu_Event,Work_Zone_Type,Agency_Name,THP,Unbelted,Distracted_Driver,Driver_Drinking,Driver_Drugged,Drowsy_Driver,Speeding_Involved,Pedalcyclist,Pedestrian,Other_Nonmotorist,ATV_Involved,LargeTruck_Involved,Motorcycle_Involved,SchoolBus,County,City,DOW_Nmb
50976,400130922,0,1,35.83073,-86.35004,3,2024-08-12 20:05:00,2024,8,12,20,5,Monday,20:05,Suspected Serious Injury,Dark-Lighted,Clear,Pedestrian,None,MURFREESBORO POLICE DEPT,Other,Unbelted,-,-,-,-,-,-,Pedestrian,-,-,-,-,-,Rutherford,Murfreesboro,2
50987,400130980,1,1,35.3346,-84.75603,2,2024-08-12 19:55:00,2024,8,12,19,55,Monday,19:55,Fatal,Dusk,Clear,Cargo Equip Loss/Shift,None,THP District 2 - Chattanooga,THP,Unbelted,-,-,-,-,-,-,-,-,-,ATV_Involved,-,-,McMinn,Not in City Limit,2
50993,400131001,0,2,35.96475,-83.93405,1,2024-08-13 06:27:00,2024,8,13,6,27,Tuesday,06:27,Suspected Serious Injury,Dark-Lighted,Clear,Motor Vehicle-In-Transport On Same Roadway,None,KNOXVILLE POLICE DEPT,Other,Unbelted,-,-,-,-,-,-,-,-,-,-,-,-,Knox,Knoxville,3
50998,400131033,0,1,36.25572,-86.52338,3,2024-08-13 07:33:00,2024,8,13,7,33,Tuesday,07:33,Suspected Serious Injury,Daylight,Clear,Ditch,None,MOUNT JULIET POLICE DEPT,Other,Unbelted,-,-,-,-,-,-,-,-,-,-,-,-,Wilson,Mount Juliet,3
51006,400131083,0,1,35.72361,-85.88543,6,2024-08-13 06:07:00,2024,8,13,6,7,Tuesday,06:07,Suspected Serious Injury,Daylight,Clear,"Over Turn, Roll Over",None,THP District 6 - Cookeville,THP,Unbelted,Distracted,-,-,-,-,-,-,-,-,-,-,-,Warren,Not in City Limit,3
51008,400131092,0,1,35.83723,-83.70936,1,2024-08-11 20:25:00,2024,8,11,20,25,Sunday,20:25,Suspected Serious Injury,Dawn,Clear,Motor Vehicle-In-Transport On Same Roadway,None,THP District 1 - Knoxville,THP,Unbelted,Distracted,-,Drug,-,-,-,-,-,-,-,-,-,Sevier,Not in City Limit,1
51010,400131097,0,1,35.45442,-86.82187,7,2024-08-12 15:38:00,2024,8,12,15,38,Monday,15:38,Suspected Serious Injury,Daylight,Clear,Motor Vehicle-In-Transport On Same Roadway,None,LEWISBURG POLICE DEPT,Other,Unbelted,-,-,-,-,-,-,-,-,-,-,Motorcyclist,-,Marshall,Lewisburg,2
51014,400131126,1,0,35.26014,-89.44492,4,2024-08-13 05:45:00,2024,8,13,5,45,Tuesday,05:45,Fatal,Dark-Lighted,Clear,Pedestrian,None,THP District 4 - Memphis,THP,Unbelted,-,-,Drug,-,-,-,Pedestrian,-,-,-,-,-,Fayette,Not in City Limit,3
51016,400131133,0,1,35.88709,-84.14217,1,2024-08-08 07:30:00,2024,8,8,7,30,Thursday,07:30,Suspected Serious Injury,Daylight,Clear,Pedestrian,None,KNOX CO SHERIFFS OFFICE,Other,Unbelted,-,-,-,-,-,-,Pedestrian,-,-,-,-,-,Knox,Farragut,5
51018,400131155,0,2,36.1731,-86.49874,3,2024-08-12 08:00:00,2024,8,12,8,0,Monday,08:00,Suspected Serious Injury,Daylight,Clear,Motor Vehicle-In-Transport On Same Roadway,None,MOUNT JULIET POLICE DEPT,Other,Unbelted,Distracted,-,-,Drowsy,-,-,-,-,-,-,-,-,Wilson,Mount Juliet,2
51020,400131159,0,1,36.05726,-89.41624,8,2024-08-12 06:54:00,2024,8,12,6,54,Monday,06:54,Suspected Serious Injury,Daylight,Clear,Motor Vehicle-In-Transport On Same Roadway,None,THP District 8 - Jackson,THP,Unbelted,-,-,-,-,-,-,-,-,-,ATV_Involved,-,-,Dyer,Not in City Limit,2
51027,400131204,0,1,35.93365,-88.48672,8,2024-08-12 11:46:00,2024,8,12,11,46,Monday,11:46,Suspected Serious Injury,Daylight,Clear,Motor Vehicle-In-Transport On Same Roadway,None,THP District 8 - Jackson,THP,Unbelted,-,-,-,-,-,-,-,-,-,-,Motorcyclist,-,Carroll,Not in City Limit,2
51033,400131234,0,2,36.05432,-87.35576,3,2024-08-13 12:06:00,2024,8,13,12,6,Tuesday,12:06,Suspected Serious Injury,Daylight,Clear,Motor Vehicle-In-Transport On Same Roadway,None,DICKSON POLICE DEPT,Other,Unbelted,-,-,-,-,-,-,-,-,-,-,-,-,Dickson,Dickson,3
51037,400131255,0,1,36.35563,-86.94365,3,2024-08-13 12:09:00,2024,8,13,12,9,Tuesday,12:09,Suspected Serious Injury,Daylight,Clear,Motor Vehicle-In-Transport On Same Roadway,None,THP District 3 - Nashville,THP,Unbelted,-,-,-,-,Speeding,-,-,-,-,ATV_Involved,-,-,Cheatham,Not in City Limit,3
51043,400131297,0,2,35.18539,-85.18628,2,2024-08-02 14:59:00,2024,8,2,14,59,Friday,14:59,Suspected Serious Injury,Daylight,Clear,Motor Vehicle-In-Transport On Same Roadway,None,HAMILTON COUNTY SHERIFF'S OFFICE,Other,Unbelted,-,-,-,-,-,-,-,-,-,-,-,-,Hamilton,Not in City Limit,6
51044,400131306,2,1,36.11672,-86.92323,3,2024-08-11 23:06:00,2024,8,11,23,6,Sunday,23:06,Fatal,Dark-Lighted,Clear,Motor Vehicle-In-Transport On Same Roadway,None,METROPOLITAN NASHVILLE POLICE DEPT,Other,Unbelted,-,Drinking,-,-,-,-,-,-,-,ATV_Involved,-,-,Davidson,Nashville,1
51046,400131318,0,1,35.76196,-89.55982,4,2024-08-13 16:10:00,2024,8,13,16,10,Tuesday,16:10,Suspected Serious Injury,Daylight,Clear,Utility Pole,None,THP District 4 - Memphis,THP,Unbelted,-,-,-,-,-,-,-,-,-,-,-,-,Lauderdale,Not in City Limit,3
51058,400131365,0,1,36.3082,-89.13217,8,2024-08-12 00:00:00,2024,8,12,24,0,Monday,24:00,Suspected Serious Injury,Daylight,Clear,"Over Turn, Roll Over",None,THP District 8 - Jackson,THP,Unbelted,-,-,-,-,-,-,-,-,-,ATV_Involved,-,-,Obion,Not in City Limit,2
51064,400131403,0,1,35.66795,-87.00556,7,2024-08-13 19:03:00,2024,8,13,19,3,Tuesday,19:03,Suspected Serious Injury,Daylight,Clear,Motor Vehicle-In-Transport On Same Roadway,None,COLUMBIA POLICE DEPT,Other,Unbelted,-,-,-,-,-,-,-,-,-,-,Motorcyclist,-,Maury,Columbia,3
51067,400131418,0,2,36.16883,-86.56944,3,2024-08-09 22:22:00,2024,8,9,22,22,Friday,22:22,Suspected Serious Injury,Dark-Lighted,Clear,Motor Vehicle-In-Transport On Same Roadway,None,THP District 3 - Nashville,THP,Unbelted,-,Drinking,Drug,-,-,-,-,-,-,-,-,-,Davidson,Nashville,6
51070,400131447,0,1,36.02265,-86.36575,3,2024-08-13 18:50:00,2024,8,13,18,50,Tuesday,18:50,Suspected Serious Injury,Daylight,Clear,Embankment Rock/Stone/Concrete,None,THP District 3 - Nashville,THP,Unbelted,-,-,-,-,-,-,-,-,-,-,-,-,Wilson,Not in City Limit,3
51073,400131457,0,1,36.58576,-86.54258,3,2024-08-13 18:22:00,2024,8,13,18,22,Tuesday,18:22,Suspected Serious Injury,Daylight,Clear,Standing Tree,None,THP District 3 - Nashville,THP,Unbelted,-,-,-,-,Speeding,-,-,-,-,-,-,-,Sumner,Portland,3
51074,400131464,1,0,35.7945,-83.59391,1,2024-08-13 23:32:00,2024,8,13,23,32,Tuesday,23:32,Fatal,Dark-Lighted,Clear,Motor Vehicle-In-Transport On Same Roadway,None,PIGEON FORGE POLICE DEPT,Other,Unbelted,-,Drinking,Drug,-,-,-,-,-,-,-,Motorcyclist,-,Sevier,Pigeon Forge,3
51079,400131471,0,1,35.64594,-84.68819,2,2024-08-02 22:40:00,2024,8,2,22,40,Friday,22:40,Suspected Serious Injury,Dark-Not Lighted,Clear,Other Post/Pole Support,None,THP District 2 - Chattanooga,THP,Unbelted,-,Drinking,Drug,-,Speeding,-,-,-,-,-,-,-,Meigs,Not in City Limit,6
51104,400131594,0,1,36.07695,-86.72586,3,2024-08-14 06:59:00,2024,8,14,6,59,Wednesday,06:59,Suspected Serious Injury,Daylight,Clear,Pedestrian,None,METROPOLITAN NASHVILLE POLICE DEPT,Other,Unbelted,-,-,-,-,-,-,Pedestrian,-,-,-,-,-,Davidson,Nashville,4
51127,400131712,0,2,35.99881,-83.55377,5,2024-08-14 14:42:00,2024,8,14,14,42,Wednesday,14:42,Suspected Serious Injury,Daylight,Clear,"Over Turn, Roll Over",None,THP District 5 - Fall Branch,THP,Unbelted,-,-,-,-,-,-,-,-,-,-,-,-,Jefferson,Not in City Limit,4
51136,400131758,0,1,36.589,-82.28391,5,2024-08-14 15:39:00,2024,8,14,15,39,Wednesday,15:39,Suspected Serious Injury,Daylight,Clear,Ditch,None,THP District 5 - Fall Branch,THP,Unbelted,-,-,-,-,-,-,-,-,-,-,-,-,Sullivan,Not in City Limit,4
51143,400131812,1,0,35.59083,-88.66814,8,2024-08-13 00:00:00,2024,8,13,24,0,Tuesday,24:00,Fatal,Unknown,Unknown,Utility Pole,None,THP District 8 - Jackson,THP,Unbelted,-,-,Drug,-,-,-,-,-,-,-,-,-,Madison,Not in City Limit,3
51144,400131822,0,2,35.17381,-86.07785,2,2024-08-14 14:30:00,2024,8,14,14,30,Wednesday,14:30,Suspected Serious Injury,Daylight,Clear,Motor Vehicle-In-Transport On Same Roadway,None,WINCHESTER POLICE DEPT,Other,Unbelted,-,Drinking,-,-,-,-,-,-,-,-,-,-,Franklin,Winchester,4
51146,400131834,0,1,36.31503,-86.00994,6,2024-08-14 16:24:00,2024,8,14,16,24,Wednesday,16:24,Suspected Serious Injury,Daylight,Clear,Guard Rail Face,None,THP District 6 - Cookeville,THP,Unbelted,-,-,-,-,Speeding,-,-,-,-,-,-,-,Smith,Not in City Limit,4
51152,400131851,0,1,36.18336,-86.83384,3,2024-08-14 18:05:00,2024,8,14,18,5,Wednesday,18:05,Suspected Serious Injury,Daylight,Clear,Pedestrian,None,METROPOLITAN NASHVILLE POLICE DEPT,Other,Unbelted,-,-,-,-,-,-,Pedestrian,-,-,-,-,-,Davidson,Nashville,4
51172,400131976,1,0,36.04847,-83.87602,1,2024-08-14 15:39:00,2024,8,14,15,39,Wednesday,15:39,Fatal,Daylight,Clear,Pedal-Cycle,None,KNOXVILLE POLICE DEPT,Other,Unbelted,-,-,-,-,-,Pedalcyclist,-,-,-,-,-,-,Knox,Knoxville,4
51201,400132113,1,0,35.21014,-89.65329,4,2024-08-15 10:11:00,2024,8,15,10,11,Thursday,10:11,Fatal,Daylight,Clear,Other Post/Pole Support,None,THP District 4 - Memphis,THP,-,-,-,-,-,-,-,-,-,-,-,-,-,Shelby,Not in City Limit,5
51205,400132130,0,2,35.09168,-85.18364,2,2024-08-15 07:50:00,2024,8,15,7,50,Thursday,07:50,Suspected Serious Injury,Daylight,Clear,Motor Vehicle-In-Transport On Same Roadway,None,CHATTANOOGA POLICE DEPT,Other,Unbelted,-,-,-,-,-,-,-,-,-,-,-,-,Hamilton,Chattanooga,5
51207,400132148,0,1,35.95786,-83.89883,1,2024-08-14 00:00:00,2024,8,14,0,0,Wednesday,00:00,Suspected Serious Injury,Dark-Lighted,Clear,Motor Vehicle-In-Transport On Same Roadway,None,KNOXVILLE POLICE DEPT,Other,-,-,-,-,-,-,-,-,-,-,-,Motorcyclist,-,Knox,Knoxville,4
51220,400132210,0,1,36.1051,-86.76695,3,2024-08-15 13:08:00,2024,8,15,13,8,Thursday,13:08,Suspected Serious Injury,Daylight,Clear,Motor Vehicle-In-Transport On Same Roadway,None,METROPOLITAN NASHVILLE POLICE DEPT,Other,Unbelted,-,-,-,-,-,-,-,-,-,ATV_Involved,-,-,Davidson,Nashville,5
51223,400132217,0,1,35.91416,-83.83282,1,2024-08-15 14:34:00,2024,8,15,14,34,Thursday,14:34,Suspected Serious Injury,Daylight,Clear,Ditch,None,KNOX CO SHERIFFS OFFICE,Other,Unbelted,-,-,-,-,-,-,-,-,-,-,-,-,Knox,Not in City Limit,5
51258,400132391,0,1,36.26004,-84.17172,1,2024-08-15 18:43:00,2024,8,15,18,43,Thursday,18:43,Suspected Serious Injury,Daylight,Clear,Fell/Jumped From Vehicle,None,THP District 1 - Knoxville,THP,-,-,-,-,-,-,-,-,-,-,-,Motorcyclist,-,Campbell,Not in City Limit,5
51267,400132427,0,2,35.51263,-83.98851,1,2024-08-15 18:59:00,2024,8,15,18,59,Thursday,18:59,Suspected Serious Injury,Daylight,Clear,Other Non-Collision,None,BLOUNT CO SHERIFFS DEPT,Other,-,-,-,-,-,-,-,-,-,-,-,Motorcyclist,-,Blount,Not in City Limit,5
51271,400132455,0,2,35.89199,-86.48063,3,2024-08-15 18:57:00,2024,8,15,18,57,Thursday,18:57,Suspected Serious Injury,Dusk,Clear,Motor Vehicle-In-Transport On Same Roadway,None,MURFREESBORO POLICE DEPT,Other,Unbelted,-,-,-,-,-,-,-,-,-,-,-,-,Rutherford,Murfreesboro,5
51276,400132468,0,1,36.36776,-82.0021,5,2024-08-15 01:15:00,2024,8,15,1,15,Thursday,01:15,Suspected Serious Injury,Dark-Not Lighted,Clear,Culvert,None,THP District 5 - Fall Branch,THP,Unbelted,-,Drinking,Drug,-,-,-,-,-,-,-,-,-,Johnson,Not in City Limit,5
51277,400132470,0,1,35.9741,-88.45298,8,2024-08-15 19:34:00,2024,8,15,19,34,Thursday,19:34,Suspected Serious Injury,Daylight,Clear,Motor Vehicle-In-Transport On Same Roadway,None,THP District 8 - Jackson,THP,Unbelted,-,-,-,-,Speeding,-,-,-,-,-,-,-,Carroll,Not in City Limit,5
51288,400132520,0,1,36.19197,-86.74471,3,2024-08-16 00:38:00,2024,8,16,0,38,Friday,00:38,Suspected Serious Injury,Dark-Lighted,Clear,Utility Pole,None,METROPOLITAN NASHVILLE POLICE DEPT,Other,Unbelted,-,-,-,-,-,-,-,-,-,-,-,-,Davidson,Nashville,6
51290,400132543,0,5,35.02414,-85.24644,2,2024-08-16 01:41:00,2024,8,16,1,41,Friday,01:41,Suspected Serious Injury,Dark-Lighted,Clear,Motor Vehicle-In-Transport On Same Roadway,None,CHATTANOOGA POLICE DEPT,Other,Unbelted,-,-,-,-,-,-,-,-,-,-,-,-,Hamilton,Chattanooga,6
51291,400132552,1,0,36.22029,-86.83683,3,2024-08-15 15:55:00,2024,8,15,15,55,Thursday,15:55,Fatal,Daylight,Clear,Standing Tree,None,METROPOLITAN NASHVILLE POLICE DEPT,Other,Unbelted,-,-,-,-,-,-,-,-,-,-,-,-,Davidson,Nashville,5
51292,400132559,0,1,36.14919,-86.49771,3,2024-08-12 08:46:00,2024,8,12,8,46,Monday,08:46,Suspected Serious Injury,Daylight,Clear,Motor Vehicle-In-Transport On Same Roadway,None,THP District 3 - Nashville,THP,Unbelted,-,-,-,-,-,-,-,-,-,-,-,-,Wilson,Not in City Limit,2
51311,400132656,1,2,36.02896,-83.86295,1,2024-08-16 11:22:00,2024,8,16,11,22,Friday,11:22,Fatal,Daylight,Clear,Guard Rail Face,None,KNOXVILLE POLICE DEPT,Other,Unbelted,-,-,-,-,-,-,-,-,-,-,-,-,Knox,Knoxville,6
51319,400132700,0,2,36.62725,-86.56759,3,2024-08-16 11:21:00,2024,8,16,11,21,Friday,11:21,Suspected Serious Injury,Daylight,Clear,Motor Vehicle-In-Transport On Same Roadway,None,PORTLAND POLICE DEPT,Other,Unbelted,-,-,-,-,-,-,-,-,-,-,-,-,Sumner,Portland,6
51324,400132736,0,1,35.44561,-84.63017,2,2024-08-16 11:10:00,2024,8,16,11,10,Friday,11:10,Suspected Serious Injury,Daylight,Clear,Motor Vehicle-In-Transport On Different Roadway,None,ATHENS POLICE DEPT,Other,Unbelted,-,-,-,-,-,-,-,-,-,-,-,-,McMinn,Athens,6
51326,400132745,1,0,36.08456,-85.84173,6,2024-08-11 13:00:00,2024,8,11,13,0,Sunday,13:00,Fatal,Daylight,Clear,"Over Turn, Roll Over",None,THP District 6 - Cookeville,THP,-,-,-,-,-,-,-,-,-,-,-,Motorcyclist,-,DeKalb,Not in City Limit,1
51341,400132812,0,2,35.97478,-84.13706,1,2024-08-16 16:36:00,2024,8,16,16,36,Friday,16:36,Suspected Serious Injury,Dusk,Rain,Motor Vehicle-In-Transport On Different Roadway,None,KNOX CO SHERIFFS OFFICE,Other,Unbelted,-,-,-,-,-,-,-,-,-,-,Motorcyclist,-,Knox,Not in City Limit,6
51342,400132818,1,0,36.20523,-86.77118,3,2024-08-16 09:24:00,2024,8,16,9,24,Friday,09:24,Fatal,Daylight,Clear,Pedestrian,None,METROPOLITAN NASHVILLE POLICE DEPT,Other,Unbelted,-,-,-,-,-,-,Pedestrian,-,-,-,-,-,Davidson,Nashville,6
51344,400132828,0,1,36.06888,-86.77016,3,2024-08-16 11:50:00,2024,8,16,11,50,Friday,11:50,Suspected Serious Injury,Daylight,Clear,Pedestrian,Work Zone,METROPOLITAN NASHVILLE POLICE DEPT,Other,Unbelted,-,-,-,-,-,-,Pedestrian,-,-,-,-,-,Davidson,Nashville,6
51346,400132837,0,1,35.04027,-88.29736,8,2024-08-16 14:50:00,2024,8,16,14,50,Friday,14:50,Suspected Serious Injury,Daylight,Clear,Motor Vehicle-In-Transport On Same Roadway,None,THP District 8 - Jackson,THP,Unbelted,-,-,-,-,-,-,-,-,-,ATV_Involved,Motorcyclist,-,Hardin,Not in City Limit,6
51351,400132860,0,1,36.18522,-86.81665,3,2024-08-16 13:13:00,2024,8,16,13,13,Friday,13:13,Suspected Serious Injury,Daylight,Clear,Pedestrian,None,METROPOLITAN NASHVILLE POLICE DEPT,Other,Unbelted,-,-,-,-,-,-,Pedestrian,-,-,-,-,-,Davidson,Nashville,6
51364,400132941,0,3,35.54803,-85.98852,2,2024-08-16 19:02:00,2024,8,16,19,2,Friday,19:02,Suspected Serious Injury,Dusk,Cloudy,Motor Vehicle-In-Transport On Different Roadway,None,THP District 2 - Chattanooga,THP,Unbelted,-,-,-,-,-,-,-,-,-,-,-,-,Coffee,Not in City Limit,6
51365,400132942,0,3,35.43986,-84.59331,2,2024-08-16 15:43:00,2024,8,16,15,43,Friday,15:43,Suspected Serious Injury,Daylight,Clear,Motor Vehicle-In-Transport On Different Roadway,None,ATHENS POLICE DEPT,Other,Unbelted,-,-,-,-,-,-,-,-,-,-,-,-,McMinn,Athens,6
51366,400132943,0,2,36.57659,-87.44517,3,2024-08-12 17:08:00,2024,8,12,17,8,Monday,17:08,Suspected Serious Injury,Daylight,Clear,Motor Vehicle-In-Transport On Different Roadway,None,THP District 3 - Nashville,THP,Unbelted,-,-,-,-,-,-,-,-,-,-,-,-,Montgomery,Not in City Limit,2
51376,400132983,0,7,36.06938,-86.69273,3,2024-08-16 00:00:00,2024,8,16,24,0,Friday,24:00,Suspected Serious Injury,Dark-Lighted,Clear,Motor Vehicle-In-Transport On Same Roadway,None,METROPOLITAN NASHVILLE POLICE DEPT,Other,Unbelted,-,-,-,-,-,-,-,-,-,-,-,-,Davidson,Nashville,6
51386,400133023,0,1,35.05008,-85.26224,2,2024-08-16 21:39:00,2024,8,16,21,39,Friday,21:39,Suspected Serious Injury,Dark-Lighted,Clear,Motor Vehicle-In-Transport On Same Roadway,None,CHATTANOOGA POLICE DEPT,Other,Unbelted,-,Drinking,Drug,-,-,-,-,-,-,-,Motorcyclist,-,Hamilton,Chattanooga,6
51392,400133055,0,2,35.5154,-84.3553,1,2024-08-17 05:44:00,2024,8,17,5,44,Saturday,05:44,Suspected Serious Injury,Dark-Not Lighted,Clear,Other Non-Fixed Object,None,MADISONVILLE POLICE DEPT,Other,-,-,-,-,-,-,-,-,-,-,-,Motorcyclist,-,Monroe,Madisonville,7
51406,400133145,0,1,36.0629,-83.92448,1,2024-08-17 10:53:00,2024,8,17,10,53,Saturday,10:53,Suspected Serious Injury,Daylight,Clear,Motor Vehicle-In-Transport On Same Roadway,None,KNOXVILLE POLICE DEPT,Other,Unbelted,-,-,-,-,-,-,-,-,-,-,-,-,Knox,Knoxville,7
51407,400133155,0,2,36.05529,-87.13886,3,2024-08-17 07:27:00,2024,8,17,7,27,Saturday,07:27,Suspected Serious Injury,Daylight,Rain,Standing Tree,None,THP District 3 - Nashville,THP,Unbelted,-,-,Drug,-,-,-,-,-,-,-,-,-,Cheatham,Not in City Limit,7
51414,400133176,0,2,36.10694,-87.37256,3,2024-08-15 13:48:00,2024,8,15,13,48,Thursday,13:48,Suspected Serious Injury,Daylight,Clear,Motor Vehicle-In-Transport On Same Roadway,None,THP District 3 - Nashville,THP,Unbelted,-,-,-,-,-,-,-,-,-,-,-,-,Dickson,Not in City Limit,5
51416,400133189,0,3,35.59063,-89.36002,4,2024-08-13 16:00:00,2024,8,13,16,0,Tuesday,16:00,Suspected Serious Injury,Daylight,Clear,Motor Vehicle-In-Transport On Same Roadway,None,THP District 4 - Memphis,THP,Unbelted,-,-,-,-,-,-,-,-,-,-,-,-,Haywood,Not in City Limit,3
51426,400133248,0,1,36.17303,-83.27781,5,2024-08-17 07:10:00,2024,8,17,7,10,Saturday,07:10,Suspected Serious Injury,Daylight,Clear,Utility Pole,None,THP District 5 - Fall Branch,THP,Unbelted,-,Drinking,-,-,-,-,-,-,-,-,-,-,Hamblen,Not in City Limit,7
51431,400133280,0,1,36.47958,-87.89093,3,2024-08-17 15:10:00,2024,8,17,15,10,Saturday,15:10,Suspected Serious Injury,Daylight,Clear,Guard Rail Face,None,THP District 3 - Nashville,THP,Unbelted,-,-,-,-,-,-,-,-,-,-,-,-,Stewart,Dover,7
51439,400133334,2,7,36.22504,-84.1502,1,2024-08-14 01:50:00,2024,8,14,1,50,Wednesday,01:50,Fatal,Dark-Not Lighted,Clear,Motor Vehicle-In-Transport On Same Roadway,Construction Zone,THP District 1 - Knoxville,THP,Unbelted,-,-,Drug,-,Speeding,-,-,-,-,ATV_Involved,-,-,Anderson,Rocky Top,4
51443,400133344,0,1,35.46463,-88.79282,8,2024-08-17 02:36:00,2024,8,17,2,36,Saturday,02:36,Suspected Serious Injury,Dark-Not Lighted,Clear,Guard Rail End,None,MADISON CO SHERIFFS DEPT,Other,Unbelted,-,-,-,-,-,-,-,-,-,-,-,-,Madison,Not in City Limit,7
51445,400133353,0,1,35.82099,-86.27674,3,2024-08-17 16:23:00,2024,8,17,16,23,Saturday,16:23,Suspected Serious Injury,Daylight,Clear,Ditch,None,RUTHERFORD CO SHERIFFS DEPT,Other,Unbelted,-,-,-,-,Speeding,-,-,-,-,-,-,-,Rutherford,Not in City Limit,7
51448,400133360,0,1,34.99789,-89.64315,4,2024-08-17 05:09:00,2024,8,17,5,9,Saturday,05:09,Suspected Serious Injury,Dark-Not Lighted,Clear,Ditch,None,THP District 4 - Memphis,THP,Unbelted,-,Drinking,-,-,-,-,-,-,-,-,-,-,Fayette,Piperton,7
51461,400133413,1,1,35.69958,-86.41993,3,2024-08-17 20:02:00,2024,8,17,20,2,Saturday,20:02,Fatal,Dark-Not Lighted,Clear,Motor Vehicle-In-Transport On Same Roadway,None,THP District 3 - Nashville,THP,Unbelted,-,-,Drug,-,-,-,-,-,-,-,-,-,Rutherford,Not in City Limit,7
51463,400133422,1,0,35.13379,-85.24601,2,2024-08-17 21:15:00,2024,8,17,21,15,Saturday,21:15,Fatal,Dark-Lighted,Clear,Motor Vehicle-In-Transport On Same Roadway,None,CHATTANOOGA POLICE DEPT,Other,Unbelted,-,-,-,-,-,-,-,-,-,-,Motorcyclist,-,Hamilton,Chattanooga,7
51473,400133464,1,0,36.20416,-83.32707,5,2024-08-18 00:10:00,2024,8,18,0,10,Sunday,00:10,Fatal,Dark-Lighted,Clear,Pedestrian,None,MORRISTOWN POLICE DEPT,Other,Unbelted,-,-,-,-,-,-,Pedestrian,-,-,-,-,-,Hamblen,Morristown,1
51490,400133515,0,1,35.61183,-87.09556,7,2024-08-17 03:55:00,2024,8,17,3,55,Saturday,03:55,Suspected Serious Injury,Dark-Not Lighted,Cloudy,Standing Tree,None,COLUMBIA POLICE DEPT,Other,Unbelted,-,Drinking,-,-,-,-,-,-,-,-,-,-,Maury,Columbia,7
51493,400133528,1,0,35.66036,-88.85365,8,2024-08-18 01:13:00,2024,8,18,1,13,Sunday,01:13,Fatal,Dark-Lighted,Clear,Motor Vehicle-In-Transport On Same Roadway,None,JACKSON POLICE DEPT,Other,Unbelted,-,-,-,-,-,-,-,-,-,-,Motorcyclist,-,Madison,Jackson,1
51494,400133532,0,1,35.91096,-86.44219,3,2024-08-18 03:54:00,2024,8,18,3,54,Sunday,03:54,Suspected Serious Injury,Dark-Lighted,Clear,Guard Rail Face,None,MURFREESBORO POLICE DEPT,Other,Unbelted,-,-,-,-,-,-,-,-,-,-,-,-,Rutherford,Murfreesboro,1
51513,400133617,1,1,35.99688,-83.71819,1,2024-08-17 05:34:00,2024,8,17,5,34,Saturday,05:34,Fatal,Dark-Not Lighted,Cloudy,Motor Vehicle-In-Transport On Same Roadway,None,KNOXVILLE POLICE DEPT,Other,Unbelted,-,Drinking,-,-,-,-,-,-,-,-,-,-,Knox,Knoxville,7
51515,400133626,1,0,35.86052,-86.42977,3,2024-08-18 06:06:00,2024,8,18,6,6,Sunday,06:06,Fatal,Dark-Unknown Lighting,Rain,Pedestrian,None,MURFREESBORO POLICE DEPT,Other,Unbelted,Distracted,-,-,-,-,-,Pedestrian,-,-,-,-,-,Rutherford,Murfreesboro,1
51524,400133665,1,0,35.71683,-83.67349,1,2024-08-17 14:01:00,2024,8,17,14,1,Saturday,14:01,Fatal,Daylight,Clear,Standing Tree,None,THP District 1 - Knoxville,THP,Unbelted,-,-,-,-,-,-,-,-,-,-,-,-,Sevier,Not in City Limit,7
51527,400133676,1,1,36.31878,-86.89069,3,2024-08-16 13:31:00,2024,8,16,13,31,Friday,13:31,Fatal,Daylight,Clear,Motor Vehicle-In-Transport On Same Roadway,None,METROPOLITAN NASHVILLE POLICE DEPT,Other,Unbelted,-,-,-,-,-,-,-,-,-,-,Motorcyclist,-,Davidson,Nashville,6
51528,400133692,0,1,35.99488,-86.59603,3,2024-08-18 05:43:00,2024,8,18,5,43,Sunday,05:43,Suspected Serious Injury,Dawn,Clear,Utility Pole,None,THP District 3 - Nashville,THP,Unbelted,-,Drinking,Drug,Drowsy,-,-,-,-,-,-,-,-,Rutherford,Lavergne,1
51531,400133700,0,2,35.55425,-86.41396,7,2024-08-18 13:17:00,2024,8,18,13,17,Sunday,13:17,Suspected Serious Injury,Daylight,Clear,Culvert,None,THP District 7 - Lawrenceburg,THP,-,-,-,-,-,-,-,-,-,ATV_Involved,-,-,-,Bedford,Not in City Limit,1
51535,400133707,2,2,35.99676,-83.71691,1,2024-08-17 05:34:00,2024,8,17,5,34,Saturday,05:34,Fatal,Dark-Not Lighted,Cloudy,Motor Vehicle-In-Transport On Same Roadway,None,KNOXVILLE POLICE DEPT,Other,Unbelted,-,-,-,-,-,-,Pedestrian,-,-,-,-,-,Knox,Knoxville,7
51539,400133717,0,1,35.06841,-85.73141,2,2024-08-16 18:37:00,2024,8,16,18,37,Friday,18:37,Suspected Serious Injury,Daylight,Clear,Motor Vehicle-In-Transport On Same Roadway,None,THP District 2 - Chattanooga,THP,Unbelted,Distracted,-,Drug,-,Speeding,-,-,-,-,ATV_Involved,-,-,Marion,Not in City Limit,6