OBJECTID,MRN,Fatality,Injury,Latitude,Longitude,THP_District,Collision_Date,Collision_Year,Collision_Month,Collision_Day,Collision_Hour,Collision_Min,Collision_DOW,Collision_Time,Crash_Type,Light_Condition,Weather,First_Harmfu_Event,Work_Zone_Type,Agency_Name,THP,Unbelted,Distracted_Driver,Driver_Drinking,Driver_Drugged,Drowsy_Driver,Speeding_Involved,Pedalcyclist,Pedestrian,Other_Nonmotorist,ATV_Involved,LargeTruck_Involved,Motorcycle_Involved,SchoolBus,County,City,DOW_Nmb
51544,400133749,0,6,36.08613,-86.72939,3,2024-08-18 15:50:00,2024,8,18,15,50,Sunday,15:50,Suspected Serious Injury,Daylight,Clear,Motor Vehicle-In-Transport On Same Roadway,None,METROPOLITAN NASHVILLE POLICE DEPT,Other,Unbelted,-,-,-,-,-,-,-,-,-,-,-,-,Davidson,Nashville,1
51546,400133768,0,1,36.54,-86.99936,3,2024-08-17 16:56:00,2024,8,17,16,56,Saturday,16:56,Suspected Serious Injury,Daylight,Clear,Standing Tree,None,THP District 3 - Nashville,THP,Unbelted,Distracted,-,-,-,-,-,-,-,-,-,-,-,Robertson,Not in City Limit,7
51549,400133781,1,2,35.97928,-85.05382,6,2024-08-18 00:52:00,2024,8,18,0,52,Sunday,00:52,Fatal,Dark-Lighted,Cloudy,Motor Vehicle-In-Transport On Same Roadway,None,CROSSVILLE POLICE DEPT,Other,Unbelted,-,-,-,-,-,-,-,-,-,-,-,-,Cumberland,Crossville,1
51553,400133801,0,1,36.2773,-89.06156,8,2024-08-18 04:10:00,2024,8,18,4,10,Sunday,04:10,Suspected Serious Injury,Dark-Not Lighted,Clear,Pedestrian,None,THP District 8 - Jackson,THP,Unbelted,-,-,-,-,-,-,Pedestrian,-,-,-,-,-,Obion,Not in City Limit,1
51559,400133821,0,1,35.24901,-89.24806,4,2024-08-18 18:00:00,2024,8,18,18,0,Sunday,18:00,Suspected Serious Injury,Daylight,Clear,Ditch,None,FAYETTE CO SHERIFF'S OFFICE,Other,Unbelted,-,-,-,-,-,-,-,-,-,-,-,-,Fayette,Not in City Limit,1
51564,400133829,0,2,36.45012,-82.46365,5,2024-08-18 19:33:00,2024,8,18,19,33,Sunday,19:33,Suspected Serious Injury,Daylight,Clear,Motor Vehicle-In-Transport On Same Roadway,None,THP District 5 - Fall Branch,THP,Unbelted,Distracted,-,-,-,-,-,-,-,-,-,-,-,Sullivan,Not in City Limit,1
51568,400133841,0,1,36.14212,-86.63919,3,2024-08-18 19:00:00,2024,8,18,19,0,Sunday,19:00,Suspected Serious Injury,Daylight,Clear,Embankment Earth,None,METROPOLITAN NASHVILLE POLICE DEPT,Other,Unbelted,-,-,-,-,-,-,-,-,-,-,-,-,Davidson,Nashville,1
51580,400133866,0,3,35.07954,-85.2239,2,2024-08-16 20:41:00,2024,8,16,20,41,Friday,20:41,Suspected Serious Injury,Dark-Lighted,Clear,Motor Vehicle-In-Transport On Same Roadway,None,THP District 2 - Chattanooga,THP,Unbelted,-,Drinking,Drug,-,-,-,-,-,-,-,-,-,Hamilton,Chattanooga,6
51584,400133878,0,1,36.39861,-84.42734,1,2024-08-17 16:14:00,2024,8,17,16,14,Saturday,16:14,Suspected Serious Injury,Daylight,Clear,Pedestrian,None,THP District 1 - Knoxville,THP,Unbelted,-,-,-,-,-,-,Pedestrian,-,-,-,-,-,Scott,Not in City Limit,7
51590,400133941,0,4,35.71137,-88.71908,8,2024-08-09 12:14:00,2024,8,9,12,14,Friday,12:14,Suspected Serious Injury,Daylight,Cloudy,Motor Vehicle-In-Transport On Same Roadway,None,THP District 8 - Jackson,THP,Unbelted,-,-,-,-,-,-,-,-,-,-,-,-,Madison,Not in City Limit,6
51605,400134023,0,1,36.52372,-84.20369,1,2024-08-16 08:52:00,2024,8,16,8,52,Friday,08:52,Suspected Serious Injury,Daylight,Clear,Standing Tree,None,THP District 1 - Knoxville,THP,Unbelted,-,-,-,Drowsy,-,-,-,-,-,-,-,-,Campbell,Not in City Limit,6
51607,400134037,0,1,35.60776,-84.42255,1,2024-08-19 07:46:00,2024,8,19,7,46,Monday,07:46,Suspected Serious Injury,Daylight,Clear,Motor Vehicle-In-Transport On Same Roadway,None,THP District 1 - Knoxville,THP,Unbelted,-,-,-,-,Speeding,-,-,-,-,-,-,-,Monroe,Not in City Limit,2
51608,400134040,1,0,35.97935,-83.906,1,2024-08-17 20:52:00,2024,8,17,20,52,Saturday,20:52,Fatal,Dark-Lighted,Clear,Pedestrian,None,KNOXVILLE POLICE DEPT,Other,Unbelted,-,-,-,-,-,-,Pedestrian,-,-,-,-,-,Knox,Knoxville,7
51613,400134062,0,3,36.10819,-88.90326,8,2024-08-17 20:28:00,2024,8,17,20,28,Saturday,20:28,Suspected Serious Injury,Dark-Not Lighted,Clear,Motor Vehicle-In-Transport On Same Roadway,None,THP District 8 - Jackson,THP,-,-,-,-,-,-,-,-,-,ATV_Involved,-,-,-,Gibson,Not in City Limit,7
51617,400134103,0,1,35.96363,-83.9424,1,2024-08-19 13:08:00,2024,8,19,13,8,Monday,13:08,Suspected Serious Injury,Daylight,Cloudy,Pedal-Cycle,None,KNOXVILLE POLICE DEPT,Other,Unbelted,-,-,-,-,-,Pedalcyclist,-,-,-,-,-,-,Knox,Knoxville,2
51625,400134177,0,1,35.19064,-88.23519,8,2024-08-17 20:03:00,2024,8,17,20,3,Saturday,20:03,Suspected Serious Injury,Dark-Not Lighted,Clear,Mail Box,None,THP District 8 - Jackson,THP,Unbelted,-,Drinking,-,-,-,-,-,-,-,-,-,-,Hardin,Not in City Limit,7
51635,400134223,0,3,36.0827,-86.62877,3,2024-08-19 14:55:00,2024,8,19,14,55,Monday,14:55,Suspected Serious Injury,Daylight,Clear,Ditch,None,METROPOLITAN NASHVILLE POLICE DEPT,Other,Unbelted,-,-,Drug,-,-,-,-,-,-,-,-,-,Davidson,Nashville,2
51650,400134313,0,1,36.44482,-86.36559,3,2024-08-19 17:35:00,2024,8,19,17,35,Monday,17:35,Suspected Serious Injury,Daylight,Clear,Culvert,None,THP District 3 - Nashville,THP,Unbelted,-,-,-,-,-,-,-,-,-,-,-,-,Sumner,Not in City Limit,2
51662,400134360,0,2,35.97619,-86.37878,3,2024-08-19 01:11:00,2024,8,19,1,11,Monday,01:11,Suspected Serious Injury,Dark-Not Lighted,Clear,Motor Vehicle-In-Transport On Same Roadway,None,RUTHERFORD CO SHERIFFS DEPT,Other,Unbelted,-,Drinking,Drug,-,-,-,-,-,-,-,-,-,Rutherford,Not in City Limit,2
51668,400134377,1,0,35.98128,-87.49066,7,2024-08-19 19:15:00,2024,8,19,19,15,Monday,19:15,Fatal,Daylight,Clear,Standing Tree,None,THP District 7 - Lawrenceburg,THP,Unbelted,-,Drinking,Drug,-,-,-,-,-,-,-,-,-,Hickman,Not in City Limit,2
51670,400134398,0,1,36.06798,-86.70667,3,2024-08-19 22:54:00,2024,8,19,22,54,Monday,22:54,Suspected Serious Injury,Dark-Lighted,Clear,Ditch,None,METROPOLITAN NASHVILLE POLICE DEPT,Other,Unbelted,-,-,-,-,-,-,-,-,-,-,-,-,Davidson,Nashville,2
51674,400134413,0,1,36.0881,-83.29178,5,2024-08-19 00:00:00,2024,8,19,24,0,Monday,24:00,Suspected Serious Injury,Daylight,Cloudy,Ditch,None,JEFFERSON CO SHERIFFS DEPT,Other,-,-,-,-,-,-,-,-,-,-,-,-,-,Jefferson,Not in City Limit,2
51677,400134439,0,4,36.38267,-84.1202,1,2024-08-20 07:08:00,2024,8,20,7,8,Tuesday,07:08,Suspected Serious Injury,Daylight,Clear,Motor Vehicle-In-Transport On Same Roadway,None,LAFOLLETTE POLICE DEPT,Other,Unbelted,-,-,-,-,-,-,-,-,-,-,-,-,Campbell,LaFollette,3
51678,400134441,2,3,36.08371,-86.95144,3,2024-08-18 21:37:00,2024,8,18,21,37,Sunday,21:37,Fatal,Dark-Not Lighted,Clear,Motor Vehicle-In-Transport On Different Roadway,None,METROPOLITAN NASHVILLE POLICE DEPT,Other,Unbelted,-,-,-,-,-,-,-,-,-,-,Motorcyclist,-,Davidson,Nashville,1
51689,400134539,0,1,36.4686,-89.03878,8,2024-08-19 07:20:00,2024,8,19,7,20,Monday,07:20,Suspected Serious Injury,Daylight,Clear,Motor Vehicle-In-Transport On Same Roadway,None,THP District 8 - Jackson,THP,Unbelted,-,-,-,-,-,-,-,-,-,-,Motorcyclist,-,Obion,Not in City Limit,2
51692,400134545,0,3,35.06442,-84.38971,2,2024-08-20 07:50:00,2024,8,20,7,50,Tuesday,07:50,Suspected Serious Injury,Daylight,Clear,Motor Vehicle-In-Transport On Same Roadway,None,THP District 2 - Chattanooga,THP,Unbelted,-,-,-,-,-,-,-,-,-,-,-,-,Polk,Not in City Limit,3
51708,400134619,0,1,35.05882,-84.76373,2,2024-08-13 09:00:00,2024,8,13,9,0,Tuesday,09:00,Suspected Serious Injury,Daylight,Cloudy,Ditch,None,BRADLEY CO SHERIFFS DEPT,Other,Unbelted,Distracted,-,-,-,-,-,-,-,-,-,-,-,Bradley,Not in City Limit,3
51709,400134622,0,1,35.61185,-88.81946,8,2024-08-20 09:19:00,2024,8,20,9,19,Tuesday,09:19,Suspected Serious Injury,Daylight,Clear,Motor Vehicle-In-Transport On Same Roadway,None,JACKSON POLICE DEPT,Other,Unbelted,-,-,-,-,-,-,-,-,-,ATV_Involved,Motorcyclist,-,Madison,Jackson,3
51720,400134665,1,0,36.01025,-83.92495,1,2024-08-19 20:51:00,2024,8,19,20,51,Monday,20:51,Fatal,Dark-Lighted,Clear,Pedestrian,Construction Zone,KNOXVILLE POLICE DEPT,Other,Unbelted,-,Drinking,Drug,-,-,-,Pedestrian,-,-,-,-,-,Knox,Knoxville,2
51723,400134692,0,3,36.07478,-84.16642,1,2024-08-20 14:14:00,2024,8,20,14,14,Tuesday,14:14,Suspected Serious Injury,Daylight,Clear,Motor Vehicle-In-Transport On Same Roadway,None,CLINTON POLICE DEPT,Other,Unbelted,-,-,-,-,-,-,-,-,-,-,-,-,Anderson,Clinton,3
51724,400134701,0,2,35.73822,-85.93766,6,2024-08-17 20:30:00,2024,8,17,20,30,Saturday,20:30,Suspected Serious Injury,Dark-Not Lighted,Clear,Motor Vehicle-In-Transport On Same Roadway,None,THP District 6 - Cookeville,THP,Unbelted,-,-,-,-,-,-,-,-,-,-,-,-,Warren,Not in City Limit,7
51728,400134718,0,1,35.66683,-89.58952,4,2024-08-20 14:30:00,2024,8,20,14,30,Tuesday,14:30,Suspected Serious Injury,Daylight,Clear,Injured In Vehicle,None,LAUDERDALE CO SHERIFFS OFFICE,Other,Unbelted,-,-,-,-,-,-,-,-,-,-,-,-,Lauderdale,Not in City Limit,3
51729,400134719,0,1,36.30272,-86.63722,3,2024-08-20 14:47:00,2024,8,20,14,47,Tuesday,14:47,Suspected Serious Injury,Daylight,Clear,Motor Vehicle-In-Transport On Same Roadway,None,HENDERSONVILLE POLICE DEPT,Other,Unbelted,-,-,-,-,Speeding,-,-,-,-,-,Motorcyclist,-,Sumner,Hendersonville,3
51739,400134800,0,3,35.24203,-89.70373,4,2024-08-20 14:39:00,2024,8,20,14,39,Tuesday,14:39,Suspected Serious Injury,Daylight,Clear,Motor Vehicle-In-Transport On Same Roadway,None,THP District 4 - Memphis,THP,Unbelted,-,-,-,-,-,-,-,-,-,-,-,-,Shelby,Lakeland,3
51744,400134825,0,2,35.4518,-86.21791,2,2024-08-17 16:44:00,2024,8,17,16,44,Saturday,16:44,Suspected Serious Injury,Daylight,Clear,Parked Motor Vehicle,None,THP District 2 - Chattanooga,THP,Unbelted,-,-,-,-,-,-,Pedestrian,-,-,-,-,-,Coffee,Not in City Limit,7
51749,400134851,0,1,35.91578,-83.8379,1,2024-08-20 20:39:00,2024,8,20,20,39,Tuesday,20:39,Suspected Serious Injury,Dark-Lighted,Clear,Ditch,None,KNOX CO SHERIFFS OFFICE,Other,Unbelted,-,-,-,-,-,-,-,-,-,-,-,-,Knox,Not in City Limit,3
51768,400134906,0,1,36.08465,-86.64755,3,2024-08-20 22:15:00,2024,8,20,22,15,Tuesday,22:15,Suspected Serious Injury,Dark-Lighted,Clear,Pedestrian,None,METROPOLITAN NASHVILLE POLICE DEPT,Other,Unbelted,-,-,-,-,-,-,Pedestrian,-,-,-,-,-,Davidson,Nashville,3
51770,400134915,0,2,36.1741,-86.60852,3,2024-08-20 23:25:00,2024,8,20,23,25,Tuesday,23:25,Suspected Serious Injury,Dark-Lighted,Clear,Motor Vehicle-In-Transport On Same Roadway,None,METROPOLITAN NASHVILLE POLICE DEPT,Other,Unbelted,-,Drinking,Drug,-,-,-,-,-,-,-,-,-,Davidson,Nashville,3
51771,400134916,0,1,36.02064,-84.27919,1,2024-08-18 17:23:00,2024,8,18,17,23,Sunday,17:23,Suspected Serious Injury,Daylight,Clear,Pedestrian,None,OAK RIDGE POLICE DEPT,Other,Unbelted,-,-,-,-,-,-,Pedestrian,-,-,-,-,-,Anderson,Oak Ridge,1
51774,400134926,0,1,35.32295,-89.56696,4,2024-08-21 00:09:00,2024,8,21,0,9,Wednesday,00:09,Suspected Serious Injury,Dark-Not Lighted,Clear,"Over Turn, Roll Over",None,THP District 4 - Memphis,THP,Unbelted,-,-,-,-,-,-,-,-,-,ATV_Involved,-,-,Fayette,Not in City Limit,4
51775,400134927,0,2,35.39734,-87.02463,7,2024-08-20 23:10:00,2024,8,20,23,10,Tuesday,23:10,Suspected Serious Injury,Dark-Not Lighted,Clear,Motor Vehicle-In-Transport On Same Roadway,None,THP District 7 - Lawrenceburg,THP,Unbelted,-,-,-,-,-,-,-,-,-,-,-,-,Giles,Not in City Limit,3
51785,400134958,0,1,35.27359,-86.13005,2,2024-08-20 12:12:00,2024,8,20,12,12,Tuesday,12:12,Suspected Serious Injury,Daylight,Clear,Motor Vehicle-In-Transport On Same Roadway,None,THP District 2 - Chattanooga,THP,Unbelted,-,-,-,-,-,-,-,-,-,-,Motorcyclist,-,Franklin,Estill Springs,3
51794,400135013,0,2,35.47494,-85.46106,2,2024-08-20 10:40:00,2024,8,20,10,40,Tuesday,10:40,Suspected Serious Injury,Daylight,Clear,Motor Vehicle-In-Transport On Same Roadway,None,THP District 2 - Chattanooga,THP,Unbelted,-,-,-,-,-,-,-,-,-,ATV_Involved,-,-,Sequatchie,Not in City Limit,3
51801,400135048,1,0,36.04437,-82.8556,5,2024-08-21 07:49:00,2024,8,21,7,49,Wednesday,07:49,Fatal,Daylight,Clear,Motor Vehicle-In-Transport On Same Roadway,None,THP District 5 - Fall Branch,THP,Unbelted,-,-,-,-,-,-,-,-,-,ATV_Involved,-,-,Greene,Not in City Limit,4
51805,400135092,0,1,35.00579,-89.07062,4,2024-08-18 00:50:00,2024,8,18,0,50,Sunday,00:50,Suspected Serious Injury,Dark-Not Lighted,Clear,Culvert,None,HARDEMAN CO SHERIFFS DEPT,Other,Unbelted,-,Drinking,-,-,Speeding,-,-,-,-,-,-,-,Hardeman,Not in City Limit,1
51806,400135098,0,1,35.95815,-85.59782,6,2024-08-20 17:31:00,2024,8,20,17,31,Tuesday,17:31,Suspected Serious Injury,Daylight,Clear,Motor Vehicle-In-Transport On Same Roadway,None,THP District 6 - Cookeville,THP,Unbelted,-,-,-,-,-,-,-,-,-,-,-,-,White,Not in City Limit,3
51812,400135119,0,1,35.0062,-89.68902,4,2024-08-21 09:28:00,2024,8,21,9,28,Wednesday,09:28,Suspected Serious Injury,Daylight,Clear,Motor Vehicle-In-Transport On Same Roadway,None,COLLIERVILLE POLICE DEPT,Other,Unbelted,Distracted,-,-,-,-,-,-,-,-,-,-,-,Shelby,Not in City Limit,4
51814,400135122,0,2,35.7688,-83.9742,1,2024-08-21 12:26:00,2024,8,21,12,26,Wednesday,12:26,Suspected Serious Injury,Daylight,Clear,Motor Vehicle-In-Transport On Same Roadway,None,ALCOA POLICE DEPARTMENT,Other,Unbelted,-,-,-,-,-,-,-,-,-,-,-,-,Blount,Alcoa,4
51815,400135134,0,1,35.143,-88.04377,8,2024-08-21 12:00:00,2024,8,21,12,0,Wednesday,12:00,Suspected Serious Injury,Daylight,Clear,Deer,None,THP District 8 - Jackson,THP,-,-,-,-,-,-,-,-,-,-,-,Motorcyclist,-,Hardin,Not in City Limit,4
51822,400135162,0,1,35.81233,-86.39885,3,2024-08-21 13:39:00,2024,8,21,13,39,Wednesday,13:39,Suspected Serious Injury,Daylight,Clear,Motor Vehicle-In-Transport On Same Roadway,None,MURFREESBORO POLICE DEPT,Other,Unbelted,-,-,Drug,-,-,-,-,-,-,ATV_Involved,-,-,Rutherford,Murfreesboro,4
51832,400135218,0,4,35.36663,-86.19119,2,2024-08-21 12:12:00,2024,8,21,12,12,Wednesday,12:12,Suspected Serious Injury,Daylight,Clear,Motor Vehicle-In-Transport On Same Roadway,None,TULLAHOMA POLICE DEPT,Other,Unbelted,-,-,-,-,-,-,-,-,-,-,-,-,Coffee,Tullahoma,4
51841,400135268,0,1,35.10433,-89.59463,4,2024-08-21 15:38:00,2024,8,21,15,38,Wednesday,15:38,Suspected Serious Injury,Daylight,Clear,Ditch,None,FAYETTE CO SHERIFF'S OFFICE,Other,Unbelted,-,-,-,-,-,-,-,-,-,-,-,-,Fayette,Not in City Limit,4
51847,400135291,0,1,35.52489,-85.0412,2,2024-08-21 18:27:00,2024,8,21,18,27,Wednesday,18:27,Suspected Serious Injury,Daylight,Clear,Motor Vehicle-In-Transport On Same Roadway,None,THP District 2 - Chattanooga,THP,Unbelted,-,-,-,-,-,-,-,-,-,-,-,-,Rhea,Not in City Limit,4
51850,400135318,0,1,35.90772,-86.87485,3,2024-08-21 19:24:00,2024,8,21,19,24,Wednesday,19:24,Suspected Serious Injury,Dusk,Clear,Motor Vehicle-In-Transport On Same Roadway,None,FRANKLIN POLICE DEPT,Other,Unbelted,-,-,-,-,-,-,-,-,-,-,Motorcyclist,-,Williamson,Franklin,4
51851,400135322,0,1,35.865,-89.21,4,2024-08-20 19:15:00,2024,8,20,19,15,Tuesday,19:15,Suspected Serious Injury,Daylight,Clear,Culvert,None,THP District 4 - Memphis,THP,Unbelted,-,-,-,-,-,-,-,-,-,ATV_Involved,-,-,Crockett,Not in City Limit,3
51863,400135372,0,1,35.38391,-87.41484,7,2024-08-21 20:44:00,2024,8,21,20,44,Wednesday,20:44,Suspected Serious Injury,Dark-Not Lighted,Clear,Motor Vehicle-In-Transport On Same Roadway,None,THP District 7 - Lawrenceburg,THP,Unbelted,-,-,-,-,-,-,-,-,-,-,-,-,Lawrence,Not in City Limit,4
51869,400135396,0,1,36.31873,-86.84648,3,2024-08-21 23:40:00,2024,8,21,23,40,Wednesday,23:40,Suspected Serious Injury,Dark-Not Lighted,Clear,Paved Surface-Irregular,None,METROPOLITAN NASHVILLE POLICE DEPT,Other,-,-,-,-,-,-,-,-,-,-,-,Motorcyclist,-,Davidson,Nashville,4
51876,400135444,0,1,35.13827,-85.24773,2,2024-08-22 06:34:00,2024,8,22,6,34,Thursday,06:34,Suspected Serious Injury,Dawn,Clear,Motor Vehicle-In-Transport On Same Roadway,None,CHATTANOOGA POLICE DEPT,Other,Unbelted,-,-,-,-,-,-,-,-,-,-,-,-,Hamilton,Chattanooga,5
51890,400135486,0,1,36.02637,-84.08857,1,2024-08-18 14:24:00,2024,8,18,14,24,Sunday,14:24,Suspected Serious Injury,Daylight,Clear,Utility Pole,None,THP District 1 - Knoxville,THP,-,-,-,-,-,-,-,-,-,-,-,Motorcyclist,-,Anderson,Not in City Limit,1
51895,400135506,0,1,36.12046,-83.47736,5,2024-08-21 21:29:00,2024,8,21,21,29,Wednesday,21:29,Suspected Serious Injury,Dark-Lighted,Clear,Motor Vehicle-In-Transport On Same Roadway,None,JEFFERSON CITY POLICE DEPT,Other,Unbelted,-,-,-,-,-,-,-,-,-,-,Motorcyclist,-,Jefferson,Jefferson City,4
51904,400135559,0,4,36.42775,-84.9302,6,2024-08-22 09:12:00,2024,8,22,9,12,Thursday,09:12,Suspected Serious Injury,Daylight,Clear,Utility Pole,None,JAMESTOWN POLICE DEPT,Other,Unbelted,-,-,Drug,-,-,-,-,-,-,-,-,-,Fentress,Jamestown,5
51907,400135569,0,1,36.38309,-87.18978,3,2024-08-22 09:24:00,2024,8,22,9,24,Thursday,09:24,Suspected Serious Injury,Daylight,Clear,Motor Vehicle-In-Transport On Same Roadway,None,THP District 3 - Nashville,THP,Unbelted,Distracted,-,-,-,-,-,-,-,-,ATV_Involved,-,-,Cheatham,Not in City Limit,5
51908,400135574,0,2,35.92273,-84.0963,1,2024-08-22 10:45:00,2024,8,22,10,45,Thursday,10:45,Suspected Serious Injury,Daylight,Clear,Curb,None,KNOXVILLE POLICE DEPT,Other,Unbelted,-,-,-,-,-,-,-,-,-,-,-,-,Knox,Knoxville,5
51915,400135604,0,1,36.18022,-86.32604,3,2024-08-21 07:20:00,2024,8,21,7,20,Wednesday,07:20,Suspected Serious Injury,Daylight,Clear,Motor Vehicle-In-Transport On Same Roadway,None,LEBANON POLICE DEPT,Other,Unbelted,-,-,-,-,-,-,-,-,-,-,Motorcyclist,-,Wilson,Lebanon,4
51934,400135684,0,2,36.33218,-88.85285,8,2024-08-22 13:17:00,2024,8,22,13,17,Thursday,13:17,Suspected Serious Injury,Daylight,Clear,Motor Vehicle-In-Transport On Same Roadway,None,MARTIN POLICE DEPT,Other,Unbelted,-,-,-,-,-,-,-,-,-,-,-,-,Weakley,Martin,5
51947,400135738,0,1,35.65622,-88.40681,8,2024-08-22 08:25:00,2024,8,22,8,25,Thursday,08:25,Suspected Serious Injury,Daylight,Clear,Utility Pole,None,LEXINGTON POLICE DEPT,Other,Unbelted,-,-,-,-,-,-,-,-,-,-,-,-,Henderson,Lexington,5
51962,400135789,0,1,36.0341,-86.3057,3,2024-08-22 16:20:00,2024,8,22,16,20,Thursday,16:20,Suspected Serious Injury,Daylight,Clear,Standing Tree,None,THP District 3 - Nashville,THP,Unbelted,-,-,-,-,-,-,-,-,-,-,-,-,Wilson,Not in City Limit,5
51969,400135814,0,1,36.37139,-87.18009,3,2024-08-22 16:11:00,2024,8,22,16,11,Thursday,16:11,Suspected Serious Injury,Daylight,Clear,Motor Vehicle-In-Transport On Same Roadway,None,THP District 3 - Nashville,THP,Unbelted,-,-,-,-,-,-,-,-,-,ATV_Involved,-,-,Cheatham,Not in City Limit,5
51975,400135842,0,5,35.68005,-88.71903,8,2024-08-22 14:13:00,2024,8,22,14,13,Thursday,14:13,Suspected Serious Injury,Daylight,Clear,Motor Vehicle-In-Transport On Same Roadway,None,THP District 8 - Jackson,THP,Unbelted,-,-,-,-,-,-,-,-,-,-,-,-,Madison,Not in City Limit,5
51976,400135844,0,1,36.14157,-87.85402,3,2024-08-22 18:17:00,2024,8,22,18,17,Thursday,18:17,Suspected Serious Injury,Daylight,Clear,Motor Vehicle-In-Transport On Same Roadway,None,THP District 3 - Nashville,THP,Unbelted,-,-,-,-,-,-,-,-,ATV_Involved,-,-,-,Humphreys,Not in City Limit,5
51977,400135865,0,1,36.51702,-87.21156,3,2024-08-22 19:35:00,2024,8,22,19,35,Thursday,19:35,Suspected Serious Injury,Dusk,Clear,Paved Surface-Irregular,None,THP District 3 - Nashville,THP,-,-,-,-,-,Speeding,-,-,-,-,-,Motorcyclist,-,Montgomery,Not in City Limit,5
51983,400135880,1,0,35.20574,-88.22865,8,2024-08-22 19:39:00,2024,8,22,19,39,Thursday,19:39,Fatal,Dusk,Clear,Standing Tree,None,SAVANNAH POLICE DEPT,Other,-,-,-,-,-,-,-,-,-,-,-,-,-,Hardin,Savannah,5
51989,400135891,0,3,36.07088,-86.68434,3,2024-08-22 18:23:00,2024,8,22,18,23,Thursday,18:23,Suspected Serious Injury,Daylight,Clear,Motor Vehicle-In-Transport On Same Roadway,None,METROPOLITAN NASHVILLE POLICE DEPT,Other,Unbelted,-,-,-,-,-,-,-,-,-,-,-,-,Davidson,Nashville,5
51993,400135901,0,2,35.6777,-86.41793,3,2024-08-22 17:34:00,2024,8,22,17,34,Thursday,17:34,Suspected Serious Injury,Dawn,Clear,Motor Vehicle-In-Transport On Same Roadway,None,THP District 3 - Nashville,THP,Unbelted,-,-,-,-,-,-,-,-,-,-,-,-,Rutherford,Not in City Limit,5
51999,400135922,0,2,36.59572,-85.58575,6,2024-08-21 22:21:00,2024,8,21,22,21,Wednesday,22:21,Suspected Serious Injury,Dark-Not Lighted,Clear,Motor Vehicle-In-Transport On Same Roadway,None,THP District 6 - Cookeville,THP,Unbelted,-,-,Drug,-,-,-,-,-,-,-,-,-,Clay,Not in City Limit,4
52042,400136179,0,2,35.02816,-87.74125,7,2024-08-23 11:55:00,2024,8,23,11,55,Friday,11:55,Suspected Serious Injury,Daylight,Clear,Motor Vehicle-In-Transport On Same Roadway,None,THP District 7 - Lawrenceburg,THP,Unbelted,-,-,-,-,-,-,-,-,-,-,-,-,Wayne,Not in City Limit,6
52043,400136183,0,1,35.85924,-83.28118,5,2024-08-23 09:50:00,2024,8,23,9,50,Friday,09:50,Suspected Serious Injury,Daylight,Clear,Motor Vehicle-In-Transport On Same Roadway,None,THP District 5 - Fall Branch,THP,Unbelted,-,-,-,-,-,-,-,-,-,-,Motorcyclist,-,Cocke,Not in City Limit,6
52064,400136279,0,2,35.66735,-84.87706,2,2024-08-22 17:14:00,2024,8,22,17,14,Thursday,17:14,Suspected Serious Injury,Daylight,Clear,Motor Vehicle-In-Transport On Same Roadway,None,THP District 2 - Chattanooga,THP,Unbelted,-,-,-,-,Speeding,-,-,-,-,-,-,-,Rhea,Not in City Limit,5
52069,400136311,0,1,35.76265,-88.51808,8,2024-08-23 16:36:00,2024,8,23,16,36,Friday,16:36,Suspected Serious Injury,Daylight,Clear,Ditch,None,THP District 8 - Jackson,THP,Unbelted,-,-,-,-,-,-,-,-,-,-,-,-,Henderson,Not in City Limit,6
52078,400136334,1,1,35.20607,-86.7238,7,2024-08-21 12:25:00,2024,8,21,12,25,Wednesday,12:25,Fatal,Daylight,Clear,Motor Vehicle-In-Transport On Same Roadway,None,THP District 7 - Lawrenceburg,THP,Unbelted,-,-,-,-,-,-,-,-,-,ATV_Involved,-,-,Lincoln,Not in City Limit,4
52081,400136352,1,0,35.48078,-89.98174,4,2024-08-16 21:11:00,2024,8,16,21,11,Friday,21:11,Fatal,Dark-Not Lighted,Clear,Ditch,None,THP District 4 - Memphis,THP,-,-,-,-,-,-,-,-,-,ATV_Involved,-,-,-,Tipton,Not in City Limit,6
52083,400136361,0,1,36.47125,-82.54056,5,2024-08-23 17:02:00,2024,8,23,17,2,Friday,17:02,Suspected Serious Injury,Daylight,Clear,Motor Vehicle-In-Transport On Same Roadway,None,THP District 5 - Fall Branch,THP,Unbelted,-,-,-,-,-,-,-,-,-,-,Motorcyclist,-,Sullivan,Kingsport,6
52092,400136420,0,1,36.38438,-86.51909,3,2024-08-23 17:54:00,2024,8,23,17,54,Friday,17:54,Suspected Serious Injury,Daylight,Clear,Motor Vehicle-In-Transport On Same Roadway,None,GALLATIN POLICE DEPT,Other,Unbelted,-,-,-,-,-,-,-,-,-,-,Motorcyclist,-,Sumner,Gallatin,6
52105,400136472,2,2,36.44854,-83.91555,5,2024-08-21 23:15:00,2024,8,21,23,15,Wednesday,23:15,Fatal,Dark-Not Lighted,Clear,Standing Tree,None,THP District 5 - Fall Branch,THP,Unbelted,-,Drinking,Drug,-,-,-,-,-,-,-,-,-,Claiborne,Not in City Limit,4