OBJECTID,MRN,Fatality,Injury,Latitude,Longitude,THP_District,Collision_Date,Collision_Year,Collision_Month,Collision_Day,Collision_Hour,Collision_Min,Collision_DOW,Collision_Time,Crash_Type,Light_Condition,Weather,First_Harmfu_Event,Work_Zone_Type,Agency_Name,THP,Unbelted,Distracted_Driver,Driver_Drinking,Driver_Drugged,Drowsy_Driver,Speeding_Involved,Pedalcyclist,Pedestrian,Other_Nonmotorist,ATV_Involved,LargeTruck_Involved,Motorcycle_Involved,SchoolBus,County,City,DOW_Nmb
52106,400136473,0,1,35.09493,-86.88472,7,2024-08-23 03:25:00,2024,8,23,3,25,Friday,03:25,Suspected Serious Injury,Dark-Not Lighted,Clear,Ditch,None,THP District 7 - Lawrenceburg,THP,Unbelted,-,-,-,-,-,-,-,-,-,ATV_Involved,-,-,Giles,Not in City Limit,6
52111,400136495,0,1,35.94121,-84.93091,6,2024-08-23 21:00:00,2024,8,23,21,0,Friday,21:00,Suspected Serious Injury,Dark-Not Lighted,Clear,Motor Vehicle-In-Transport On Same Roadway,None,THP District 6 - Cookeville,THP,Unbelted,-,Drinking,-,-,-,-,-,-,-,ATV_Involved,-,-,Cumberland,Not in City Limit,6
52113,400136504,0,1,35.96907,-83.26323,5,2024-08-23 21:41:00,2024,8,23,21,41,Friday,21:41,Suspected Serious Injury,Dark-Not Lighted,Clear,Curb,None,NEWPORT POLICE DEPT,Other,Unbelted,-,-,-,-,-,-,-,-,-,-,-,-,Cocke,Newport,6
52114,400136507,0,1,36.05873,-86.67853,3,2024-08-24 01:30:00,2024,8,24,1,30,Saturday,01:30,Suspected Serious Injury,Dark-Not Lighted,Clear,Pedestrian,None,METROPOLITAN NASHVILLE POLICE DEPT,Other,Unbelted,-,-,-,-,-,-,Pedestrian,-,-,-,-,-,Davidson,Nashville,7
52122,400136550,0,1,35.49933,-83.93519,1,2024-08-23 09:48:00,2024,8,23,9,48,Friday,09:48,Suspected Serious Injury,Daylight,Clear,Embankment Earth,None,THP District 1 - Knoxville,THP,-,-,-,-,-,-,-,-,-,-,-,Motorcyclist,-,Blount,Not in City Limit,6
52123,400136558,1,3,36.23147,-86.79242,3,2024-08-23 18:39:00,2024,8,23,18,39,Friday,18:39,Fatal,Daylight,Clear,Motor Vehicle-In-Transport On Same Roadway,None,METROPOLITAN NASHVILLE POLICE DEPT,Other,Unbelted,-,-,-,-,Speeding,-,-,-,-,-,-,-,Davidson,Nashville,6
52127,400136587,0,2,36.49614,-83.7804,5,2024-08-24 10:00:00,2024,8,24,10,0,Saturday,10:00,Suspected Serious Injury,Daylight,Clear,Standing Tree,None,THP District 5 - Fall Branch,THP,Unbelted,-,-,-,-,-,-,-,-,-,-,-,-,Claiborne,Not in City Limit,7
52131,400136613,0,1,36.1082,-86.66559,3,2024-08-24 09:00:00,2024,8,24,9,0,Saturday,09:00,Suspected Serious Injury,Daylight,Clear,Fell/Jumped From Vehicle,None,METROPOLITAN NASHVILLE POLICE DEPT,Other,Unbelted,-,-,-,-,-,-,-,-,-,-,-,-,Davidson,Nashville,7
52133,400136621,0,2,35.18433,-85.31069,2,2024-08-24 10:25:00,2024,8,24,10,25,Saturday,10:25,Suspected Serious Injury,Daylight,Clear,Other Animal,None,HAMILTON COUNTY SHERIFF'S OFFICE,Other,-,-,-,-,-,-,-,-,-,-,-,Motorcyclist,-,Hamilton,Not in City Limit,7
52141,400136659,0,4,36.17063,-86.04266,6,2024-08-23 11:52:00,2024,8,23,11,52,Friday,11:52,Suspected Serious Injury,Daylight,Clear,Motor Vehicle-In-Transport On Same Roadway,None,THP District 6 - Cookeville,THP,Unbelted,-,-,-,-,-,-,-,-,-,-,-,-,Smith,Not in City Limit,6
52146,400136695,0,1,35.98162,-86.50764,3,2024-08-24 00:00:00,2024,8,24,24,0,Saturday,24:00,Suspected Serious Injury,Daylight,Clear,Pedestrian,None,SMYRNA POLICE DEPT,Other,Unbelted,-,-,-,-,-,-,Pedestrian,-,-,-,-,-,Rutherford,Smyrna,7
52150,400136724,0,1,36.04401,-86.65647,3,2024-08-24 15:16:00,2024,8,24,15,16,Saturday,15:16,Suspected Serious Injury,Daylight,Clear,Motor Vehicle-In-Transport On Same Roadway,None,THP District 3 - Nashville,THP,Unbelted,-,-,-,-,-,-,-,-,-,-,-,-,Davidson,Nashville,7
52151,400136733,0,2,35.37638,-84.30729,1,2024-08-23 16:53:00,2024,8,23,16,53,Friday,16:53,Suspected Serious Injury,Daylight,Clear,Motor Vehicle-In-Transport On Same Roadway,None,THP District 1 - Knoxville,THP,Unbelted,-,Drinking,Drug,-,-,-,-,-,-,-,Motorcyclist,-,Monroe,Not in City Limit,6
52155,400136747,0,4,36.55861,-86.24018,3,2024-08-24 15:28:00,2024,8,24,15,28,Saturday,15:28,Suspected Serious Injury,Daylight,Clear,Motor Vehicle-In-Transport On Same Roadway,None,WESTMORELAND POLICE DEPT,Other,Unbelted,-,-,-,-,-,-,-,-,-,-,-,-,Sumner,Westmoreland,7
52170,400136819,1,0,35.118,-87.75906,7,2024-08-19 17:48:00,2024,8,19,17,48,Monday,17:48,Fatal,Daylight,Clear,Motor Vehicle-In-Transport On Same Roadway,None,THP District 7 - Lawrenceburg,THP,Unbelted,-,-,-,-,-,-,-,-,-,ATV_Involved,Motorcyclist,-,Wayne,Not in City Limit,2
52172,400136821,0,1,35.74435,-86.50158,3,2024-08-24 00:00:00,2024,8,24,24,0,Saturday,24:00,Suspected Serious Injury,Dark-Not Lighted,Clear,Embankment Earth,None,RUTHERFORD CO SHERIFFS DEPT,Other,-,-,-,-,-,-,-,-,-,-,-,Motorcyclist,-,Rutherford,Not in City Limit,7
52173,400136822,0,4,35.18166,-88.60097,8,2024-08-24 17:30:00,2024,8,24,17,30,Saturday,17:30,Suspected Serious Injury,Daylight,Clear,Motor Vehicle-In-Transport On Same Roadway,None,SELMER POLICE DEPT,Other,Unbelted,-,-,-,-,-,-,-,-,-,-,Motorcyclist,-,McNairy,Selmer,7
52175,400136829,0,1,35.14876,-88.53723,8,2024-08-22 16:26:00,2024,8,22,16,26,Thursday,16:26,Suspected Serious Injury,Daylight,Clear,Embankment Earth,None,THP District 8 - Jackson,THP,Unbelted,-,-,-,-,-,-,-,-,-,-,-,-,McNairy,Not in City Limit,5
52177,400136835,0,1,36.10771,-87.06772,3,2024-08-24 20:09:00,2024,8,24,20,9,Saturday,20:09,Suspected Serious Injury,Dark-Not Lighted,Clear,Ditch,None,THP District 3 - Nashville,THP,Unbelted,-,-,-,-,-,-,-,-,-,-,-,-,Cheatham,Pegram,7
52179,400136847,0,1,35.24626,-85.17843,2,2024-08-24 22:32:00,2024,8,24,22,32,Saturday,22:32,Suspected Serious Injury,Dark-Lighted,Clear,Ditch,None,SODDY DAISY POLICE DEPT,Other,Unbelted,-,-,-,-,-,-,-,-,-,-,-,-,Hamilton,Soddy-Daisy,7
52180,400136848,0,1,35.1404,-88.21681,8,2024-08-20 13:45:00,2024,8,20,13,45,Tuesday,13:45,Suspected Serious Injury,Daylight,Clear,Standing Tree,None,THP District 8 - Jackson,THP,Unbelted,-,-,-,-,-,-,-,-,-,-,-,-,Hardin,Not in City Limit,3
52198,400136909,0,2,36.188,-86.82157,3,2024-08-25 00:14:00,2024,8,25,0,14,Sunday,00:14,Suspected Serious Injury,Dark-Lighted,Clear,Motor Vehicle-In-Transport On Same Roadway,None,METROPOLITAN NASHVILLE POLICE DEPT,Other,Unbelted,Distracted,Drinking,-,-,-,-,-,-,-,-,-,-,Davidson,Nashville,1
52205,400136943,1,0,35.92725,-85.61132,6,2024-08-24 09:39:00,2024,8,24,9,39,Saturday,09:39,Fatal,Daylight,Clear,Ditch,None,THP District 6 - Cookeville,THP,-,-,-,Drug,-,-,-,-,-,-,-,Motorcyclist,-,White,Not in City Limit,7
52207,400136956,0,1,35.82982,-84.70273,1,2024-08-24 10:50:00,2024,8,24,10,50,Saturday,10:50,Suspected Serious Injury,Daylight,Clear,Building,None,THP District 1 - Knoxville,THP,Unbelted,-,-,-,-,-,-,-,-,-,-,-,-,Roane,Not in City Limit,7
52210,400136962,0,1,35.62656,-86.09778,2,2024-08-25 06:40:00,2024,8,25,6,40,Sunday,06:40,Suspected Serious Injury,Dawn,Clear,Curb,None,THP District 2 - Chattanooga,THP,-,-,-,-,-,-,-,-,-,-,-,Motorcyclist,-,Coffee,Not in City Limit,1
52218,400136996,0,3,35.61162,-88.93407,8,2024-08-21 10:05:00,2024,8,21,10,5,Wednesday,10:05,Suspected Serious Injury,Daylight,Clear,Motor Vehicle-In-Transport On Same Roadway,None,THP District 8 - Jackson,THP,Unbelted,-,-,-,-,-,-,-,-,-,ATV_Involved,-,-,Madison,Not in City Limit,4
52219,400136998,0,1,35.95281,-85.72971,6,2024-08-25 06:55:00,2024,8,25,6,55,Sunday,06:55,Suspected Serious Injury,Daylight,Clear,Standing Tree,None,THP District 6 - Cookeville,THP,Unbelted,-,-,-,Drowsy,-,-,-,-,-,-,-,-,DeKalb,Not in City Limit,1
52225,400137011,0,2,35.61773,-87.06154,7,2024-08-25 07:54:00,2024,8,25,7,54,Sunday,07:54,Suspected Serious Injury,Daylight,Clear,Motor Vehicle-In-Transport On Same Roadway,None,COLUMBIA POLICE DEPT,Other,Unbelted,Distracted,-,-,-,-,-,-,-,-,-,-,-,Maury,Columbia,1
52228,400137017,0,1,35.98197,-83.62028,1,2024-08-25 11:00:00,2024,8,25,11,0,Sunday,11:00,Suspected Serious Injury,Daylight,Clear,Motor Vehicle-In-Transport On Same Roadway,None,SEVIERVILLE POLICE DEPT,Other,Unbelted,-,-,-,-,-,-,-,-,-,-,Motorcyclist,-,Sevier,Sevierville,1
52236,400137067,0,4,35.30888,-89.82133,4,2024-08-25 12:54:00,2024,8,25,12,54,Sunday,12:54,Suspected Serious Injury,Daylight,Clear,Motor Vehicle-In-Transport On Different Roadway,None,THP District 4 - Memphis,THP,Unbelted,-,-,-,Drowsy,-,-,-,-,-,-,-,-,Shelby,Not in City Limit,1
52238,400137080,0,2,35.75622,-86.40498,3,2024-08-25 12:57:00,2024,8,25,12,57,Sunday,12:57,Suspected Serious Injury,Daylight,Clear,Motor Vehicle-In-Transport On Same Roadway,None,RUTHERFORD CO SHERIFFS DEPT,Other,Unbelted,-,-,-,-,-,-,-,-,-,-,-,-,Rutherford,Not in City Limit,1
52241,400137084,0,2,35.718,-88.839,8,2024-08-24 15:20:00,2024,8,24,15,20,Saturday,15:20,Suspected Serious Injury,Daylight,Clear,Motor Vehicle-In-Transport On Same Roadway,None,THP District 8 - Jackson,THP,Unbelted,-,-,-,-,-,-,-,-,-,-,-,-,Madison,Not in City Limit,7
52242,400137092,0,1,36.17046,-86.86898,3,2024-08-25 11:42:00,2024,8,25,11,42,Sunday,11:42,Suspected Serious Injury,Daylight,Clear,"Over Turn, Roll Over",None,METROPOLITAN NASHVILLE POLICE DEPT,Other,Unbelted,-,-,-,-,-,-,-,-,-,ATV_Involved,-,-,Davidson,Nashville,1
52244,400137094,0,4,35.69938,-86.41982,3,2024-08-25 12:41:00,2024,8,25,12,41,Sunday,12:41,Suspected Serious Injury,Daylight,Clear,Motor Vehicle-In-Transport On Same Roadway,None,THP District 3 - Nashville,THP,Unbelted,-,-,-,-,-,-,-,-,-,-,-,-,Rutherford,Not in City Limit,1
52247,400137112,0,2,36.04516,-86.70167,3,2024-08-25 14:45:00,2024,8,25,14,45,Sunday,14:45,Suspected Serious Injury,Daylight,Clear,Motor Vehicle-In-Transport On Different Roadway,None,METROPOLITAN NASHVILLE POLICE DEPT,Other,Unbelted,-,-,-,-,-,-,-,-,-,-,-,-,Davidson,Nashville,1
52258,400137159,0,5,36.38997,-86.89892,3,2024-08-25 16:01:00,2024,8,25,16,1,Sunday,16:01,Suspected Serious Injury,Daylight,Clear,Motor Vehicle-In-Transport On Same Roadway,None,METROPOLITAN NASHVILLE POLICE DEPT,Other,Unbelted,Distracted,-,-,-,-,-,-,-,-,-,-,-,Davidson,Nashville,1
52265,400137189,0,1,35.64636,-88.85099,8,2024-08-25 16:49:00,2024,8,25,16,49,Sunday,16:49,Suspected Serious Injury,Daylight,Clear,Motor Vehicle-In-Transport On Same Roadway,None,JACKSON POLICE DEPT,Other,Unbelted,-,-,-,Drowsy,-,-,-,-,-,-,-,-,Madison,Jackson,1
52266,400137196,1,0,36.00963,-83.52452,5,2024-08-25 00:50:00,2024,8,25,0,50,Sunday,00:50,Fatal,Dark-Not Lighted,Clear,Pedestrian,None,THP District 5 - Fall Branch,THP,Unbelted,-,-,-,-,-,-,Pedestrian,-,-,ATV_Involved,-,-,Jefferson,Not in City Limit,1
52271,400137217,0,1,36.02303,-83.95357,1,2024-08-25 17:56:00,2024,8,25,17,56,Sunday,17:56,Suspected Serious Injury,Daylight,Clear,Motor Vehicle-In-Transport On Same Roadway,None,KNOXVILLE POLICE DEPT,Other,Unbelted,-,-,-,-,-,-,-,-,-,-,Motorcyclist,-,Knox,Knoxville,1
52272,400137225,1,0,35.71498,-85.85433,6,2024-08-25 17:29:00,2024,8,25,17,29,Sunday,17:29,Fatal,Daylight,Clear,Motor Vehicle-In-Transport On Same Roadway,None,THP District 6 - Cookeville,THP,Unbelted,-,-,-,-,-,-,-,-,-,-,-,-,Warren,Not in City Limit,1
52279,400137237,1,0,36.04184,-83.3598,5,2024-08-25 01:24:00,2024,8,25,1,24,Sunday,01:24,Fatal,Dark-Not Lighted,Clear,Pedestrian,None,THP District 5 - Fall Branch,THP,Unbelted,-,-,-,-,-,-,Pedestrian,-,-,-,-,-,Jefferson,Not in City Limit,1
52283,400137246,1,0,36.47891,-87.37539,3,2024-08-24 21:23:00,2024,8,24,21,23,Saturday,21:23,Fatal,Dark-Lighted,Clear,Motor Vehicle-In-Transport On Same Roadway,None,THP District 3 - Nashville,THP,Unbelted,-,-,-,-,-,-,-,-,-,-,Motorcyclist,-,Montgomery,Not in City Limit,7
52287,400137275,0,1,35.75519,-86.40559,3,2024-08-24 03:29:00,2024,8,24,3,29,Saturday,03:29,Suspected Serious Injury,Dark-Not Lighted,Clear,Fence,None,RUTHERFORD CO SHERIFFS DEPT,Other,Unbelted,-,-,-,Drowsy,-,-,-,-,-,-,-,-,Rutherford,Not in City Limit,7
52302,400137357,0,2,35.97265,-87.75795,3,2024-08-26 06:48:00,2024,8,26,6,48,Monday,06:48,Suspected Serious Injury,Dawn,Clear,Motor Vehicle-In-Transport On Same Roadway,None,THP District 3 - Nashville,THP,Unbelted,-,-,-,-,-,-,-,-,-,-,-,-,Humphreys,Not in City Limit,2
52304,400137379,0,1,36.49402,-81.86134,5,2024-08-25 16:25:00,2024,8,25,16,25,Sunday,16:25,Suspected Serious Injury,Daylight,Clear,Ditch,None,JOHNSON CO SHERIFFS DEPT,Other,-,-,-,-,-,-,-,-,-,-,-,Motorcyclist,-,Johnson,Not in City Limit,1
52306,400137384,0,2,36.04175,-86.65312,3,2024-08-26 07:41:00,2024,8,26,7,41,Monday,07:41,Suspected Serious Injury,Daylight,Clear,Motor Vehicle-In-Transport On Same Roadway,None,METROPOLITAN NASHVILLE POLICE DEPT,Other,Unbelted,-,-,-,-,-,-,-,-,-,-,-,-,Davidson,Nashville,2
52309,400137420,0,1,36.355,-83.626,5,2024-08-26 08:35:00,2024,8,26,8,35,Monday,08:35,Suspected Serious Injury,Daylight,Clear,Ditch,None,THP District 5 - Fall Branch,THP,-,-,-,-,-,-,-,-,-,-,-,-,-,Claiborne,Not in City Limit,2
52310,400137423,0,1,36.20435,-86.27578,3,2024-08-23 19:04:00,2024,8,23,19,4,Friday,19:04,Suspected Serious Injury,Daylight,Clear,Motor Vehicle-In-Transport On Same Roadway,None,LEBANON POLICE DEPT,Other,Unbelted,-,-,-,-,-,-,-,-,-,-,Motorcyclist,-,Wilson,Lebanon,6
52313,400137437,1,3,36.18883,-86.27936,3,2024-08-25 16:00:00,2024,8,25,16,0,Sunday,16:00,Fatal,Daylight,Clear,Motor Vehicle-In-Transport On Same Roadway,None,LEBANON POLICE DEPT,Other,Unbelted,-,Drinking,-,-,-,-,-,-,-,-,-,-,Wilson,Lebanon,1
52317,400137466,0,3,36.27786,-83.38088,5,2024-08-26 10:35:00,2024,8,26,10,35,Monday,10:35,Suspected Serious Injury,Daylight,Clear,Motor Vehicle-In-Transport On Same Roadway,None,THP District 5 - Fall Branch,THP,Unbelted,-,-,-,-,-,-,-,-,-,-,-,-,Grainger,Not in City Limit,2
52322,400137480,0,1,35.97925,-84.11492,1,2024-08-26 12:09:00,2024,8,26,12,9,Monday,12:09,Suspected Serious Injury,Daylight,Clear,Motor Vehicle-In-Transport On Same Roadway,None,THP District 1 - Knoxville,THP,Unbelted,Distracted,-,-,-,-,-,-,-,-,-,-,-,Knox,Not in City Limit,2
52327,400137496,0,2,35.62296,-88.41861,8,2024-08-26 07:43:00,2024,8,26,7,43,Monday,07:43,Suspected Serious Injury,Daylight,Clear,Motor Vehicle-In-Transport On Same Roadway,None,LEXINGTON POLICE DEPT,Other,Unbelted,-,-,-,-,-,-,-,-,-,-,-,-,Henderson,Not in City Limit,2
52335,400137521,0,1,35.00295,-85.14696,2,2024-08-26 13:23:00,2024,8,26,13,23,Monday,13:23,Suspected Serious Injury,Daylight,Clear,Motor Vehicle-In-Transport On Same Roadway,None,CHATTANOOGA POLICE DEPT,Other,Unbelted,-,-,-,-,-,-,-,-,-,-,Motorcyclist,-,Hamilton,Chattanooga,2
52338,400137530,0,1,35.93013,-83.19238,5,2024-08-26 13:12:00,2024,8,26,13,12,Monday,13:12,Suspected Serious Injury,Daylight,Clear,Other Non-Fixed Object,None,THP District 5 - Fall Branch,THP,Unbelted,-,-,-,-,-,-,-,-,-,-,-,-,Cocke,Not in City Limit,2
52339,400137534,0,1,34.99708,-88.25149,8,2024-08-22 08:01:00,2024,8,22,8,1,Thursday,08:01,Suspected Serious Injury,Daylight,Clear,Motor Vehicle-In-Transport On Same Roadway,None,THP District 8 - Jackson,THP,Unbelted,-,-,-,-,-,-,-,-,-,ATV_Involved,-,-,Hardin,Not in City Limit,5
52347,400137553,1,1,36.18095,-86.60663,3,2024-08-24 22:08:00,2024,8,24,22,8,Saturday,22:08,Fatal,Dark-Not Lighted,Clear,Motor Vehicle-In-Transport On Same Roadway,None,METROPOLITAN NASHVILLE POLICE DEPT,Other,Unbelted,-,-,Drug,-,Speeding,-,-,-,-,-,Motorcyclist,-,Davidson,Nashville,7
52353,400137582,0,2,35.94742,-83.99307,1,2024-08-26 15:26:00,2024,8,26,15,26,Monday,15:26,Suspected Serious Injury,Daylight,Clear,Motor Vehicle-In-Transport On Same Roadway,None,KNOXVILLE POLICE DEPT,Other,Unbelted,-,-,-,-,-,-,-,-,-,ATV_Involved,-,-,Knox,Knoxville,2
52360,400137614,1,1,36.61313,-87.02864,3,2024-08-25 19:25:00,2024,8,25,19,25,Sunday,19:25,Fatal,Dark-Not Lighted,Clear,Standing Tree,None,THP District 3 - Nashville,THP,Unbelted,Distracted,Drinking,Drug,-,-,-,-,-,-,-,-,-,Robertson,Not in City Limit,1
52366,400137644,0,1,36.46257,-86.66373,3,2024-08-26 15:40:00,2024,8,26,15,40,Monday,15:40,Suspected Serious Injury,Daylight,Clear,Ditch,None,WHITE HOUSE POLICE DEPT,Other,Unbelted,-,-,-,-,-,-,-,-,-,-,-,-,Robertson,White House,2
52367,400137645,0,1,36.00723,-84.01508,1,2024-08-26 17:34:00,2024,8,26,17,34,Monday,17:34,Suspected Serious Injury,Daylight,Clear,Motor Vehicle-In-Transport On Same Roadway,None,KNOXVILLE POLICE DEPT,Other,Unbelted,-,-,-,-,-,-,-,-,-,-,Motorcyclist,-,Knox,Knoxville,2
52378,400137681,0,1,36.20303,-88.58667,8,2024-08-26 11:47:00,2024,8,26,11,47,Monday,11:47,Suspected Serious Injury,Daylight,Clear,Standing Tree,None,THP District 8 - Jackson,THP,Unbelted,-,Drinking,-,-,-,-,-,-,-,-,-,-,Weakley,Not in City Limit,2
52384,400137707,1,4,36.34728,-85.76553,6,2024-08-25 18:27:00,2024,8,25,18,27,Sunday,18:27,Fatal,Dusk,Clear,Standing Tree,None,THP District 6 - Cookeville,THP,Unbelted,-,Drinking,-,-,-,-,-,-,-,-,-,-,Jackson,Not in City Limit,1
52385,400137708,0,3,35.71071,-86.91099,7,2024-08-26 17:50:00,2024,8,26,17,50,Monday,17:50,Suspected Serious Injury,Daylight,Clear,Motor Vehicle-In-Transport On Same Roadway,None,SPRING HILL POLICE DEPT,Other,Unbelted,-,-,-,-,-,-,-,-,-,-,-,-,Maury,Spring Hill,2
52386,400137710,0,1,35.87448,-87.96754,8,2024-08-26 18:36:00,2024,8,26,18,36,Monday,18:36,Suspected Serious Injury,Daylight,Clear,Guard Rail Face,None,THP District 8 - Jackson,THP,-,-,-,-,-,-,-,-,-,-,-,Motorcyclist,-,Benton,Not in City Limit,2
52404,400137820,0,1,36.51892,-86.03451,6,2024-08-22 18:49:00,2024,8,22,18,49,Thursday,18:49,Suspected Serious Injury,Daylight,Clear,Motor Vehicle-In-Transport On Same Roadway,None,LAFAYETTE POLICE DEPT,Other,Unbelted,-,Drinking,-,-,-,-,-,-,-,-,-,-,Macon,Lafayette,5
52407,400137823,0,3,35.50087,-83.94428,1,2024-08-24 10:27:00,2024,8,24,10,27,Saturday,10:27,Suspected Serious Injury,Daylight,Clear,Motor Vehicle-In-Transport On Same Roadway,None,BLOUNT CO SHERIFFS DEPT,Other,Unbelted,-,-,-,-,-,-,-,-,-,-,Motorcyclist,-,Blount,Not in City Limit,7
52408,400137826,0,1,35.77593,-83.54389,1,2024-08-26 12:08:00,2024,8,26,12,8,Monday,12:08,Suspected Serious Injury,Daylight,Clear,Motor Vehicle-In-Transport On Same Roadway,None,PIGEON FORGE POLICE DEPT,Other,Unbelted,Distracted,-,-,-,-,-,-,-,-,-,-,-,Sevier,Pigeon Forge,2
52427,400137897,1,0,36.57779,-87.81524,3,2024-08-27 07:56:00,2024,8,27,7,56,Tuesday,07:56,Fatal,Daylight,Clear,Ditch,None,THP District 3 - Nashville,THP,Unbelted,-,-,-,Drowsy,-,-,-,-,-,-,-,-,Stewart,Not in City Limit,3
52430,400137921,0,2,36.14064,-85.52671,6,2024-08-26 16:56:00,2024,8,26,16,56,Monday,16:56,Suspected Serious Injury,Daylight,Clear,Motor Vehicle-In-Transport On Same Roadway,None,COOKEVILLE POLICE DEPT,Other,Unbelted,-,-,-,-,-,-,-,-,-,-,-,-,Putnam,Cookeville,2
52445,400137981,1,1,35.98822,-84.04466,1,2024-08-12 12:24:00,2024,8,12,12,24,Monday,12:24,Fatal,Daylight,Clear,Motor Vehicle-In-Transport On Same Roadway,None,THP District 1 - Knoxville,THP,Unbelted,-,-,Drug,-,Speeding,-,-,-,-,-,-,-,Knox,Knoxville,2
52451,400138014,1,2,36.16331,-84.08691,1,2024-08-27 12:27:00,2024,8,27,12,27,Tuesday,12:27,Fatal,Daylight,Clear,Motor Vehicle-In-Transport On Same Roadway,None,CLINTON POLICE DEPT,Other,Unbelted,-,-,-,-,-,-,-,-,-,-,-,-,Anderson,Clinton,3
52455,400138030,0,2,35.76527,-84.13191,1,2024-08-10 16:46:00,2024,8,10,16,46,Saturday,16:46,Suspected Serious Injury,Daylight,Cloudy,Ditch,None,BLOUNT CO SHERIFFS DEPT,Other,Unbelted,Distracted,Drinking,Drug,-,-,-,-,-,-,-,-,-,Blount,Friendsville,7
52459,400138043,0,2,35.27462,-87.03747,7,2024-08-27 10:59:00,2024,8,27,10,59,Tuesday,10:59,Suspected Serious Injury,Daylight,Clear,Motor Vehicle-In-Transport On Same Roadway,None,THP District 7 - Lawrenceburg,THP,Unbelted,Distracted,-,-,-,-,-,-,-,-,-,-,-,Giles,Not in City Limit,3
52470,400138081,0,1,36.26602,-84.9396,6,2024-08-26 19:25:00,2024,8,26,19,25,Monday,19:25,Suspected Serious Injury,Dusk,Clear,Motor Vehicle-In-Transport On Same Roadway,None,THP District 6 - Cookeville,THP,Unbelted,-,Drinking,Drug,-,-,-,-,-,-,-,-,-,Fentress,Not in City Limit,2
52472,400138088,0,1,36.43425,-85.34512,6,2024-08-26 20:05:00,2024,8,26,20,5,Monday,20:05,Suspected Serious Injury,Dark-Not Lighted,Clear,Motor Vehicle-In-Transport On Different Roadway,None,THP District 6 - Cookeville,THP,Unbelted,-,-,-,-,-,-,-,-,-,-,Motorcyclist,-,Overton,Not in City Limit,2
52473,400138110,0,7,36.335,-84.90526,6,2024-08-26 21:08:00,2024,8,26,21,8,Monday,21:08,Suspected Serious Injury,Dark-Not Lighted,Clear,Motor Vehicle-In-Transport On Same Roadway,None,THP District 6 - Cookeville,THP,Unbelted,-,-,-,-,-,-,-,-,-,-,-,-,Fentress,Not in City Limit,2
52476,400138123,1,0,35.88298,-84.03921,1,2024-08-24 18:53:00,2024,8,24,18,53,Saturday,18:53,Fatal,Daylight,Clear,Other Fixed Object,None,THP District 1 - Knoxville,THP,Unbelted,-,Drinking,-,-,-,-,-,-,-,-,-,-,Knox,Not in City Limit,7
52479,400138133,0,2,36.32965,-88.70981,8,2024-08-27 15:30:00,2024,8,27,15,30,Tuesday,15:30,Suspected Serious Injury,Daylight,Clear,Standing Tree,None,THP District 8 - Jackson,THP,Unbelted,-,-,-,-,-,-,-,-,-,-,-,-,Weakley,Not in City Limit,3
52481,400138139,0,3,36.06318,-89.34807,8,2024-08-27 00:00:00,2024,8,27,24,0,Tuesday,24:00,Suspected Serious Injury,Daylight,Clear,Motor Vehicle-In-Transport On Same Roadway,None,DYERSBURG POLICE DEPT,Other,Unbelted,-,-,-,-,-,-,-,-,-,-,-,-,Dyer,Dyersburg,3
52490,400138194,1,0,36.18915,-86.32346,3,2024-08-27 14:14:00,2024,8,27,14,14,Tuesday,14:14,Fatal,Daylight,Clear,Fence,None,THP District 3 - Nashville,THP,-,Distracted,-,-,-,-,-,-,-,-,-,Motorcyclist,-,Wilson,Lebanon,3
52492,400138206,0,1,36.23213,-86.42864,3,2024-08-19 05:59:00,2024,8,19,5,59,Monday,05:59,Suspected Serious Injury,Daylight,Clear,Motor Vehicle-In-Transport On Same Roadway,None,THP District 3 - Nashville,THP,Unbelted,-,Drinking,Drug,-,-,-,-,-,-,ATV_Involved,-,-,Wilson,Lebanon,2
52493,400138207,0,1,35.00663,-85.26613,2,2024-08-24 09:23:00,2024,8,24,9,23,Saturday,09:23,Suspected Serious Injury,Daylight,Clear,Utility Pole,None,EAST RIDGE POLICE DEPT,Other,Unbelted,-,Drinking,Drug,-,-,-,-,-,-,-,-,-,Hamilton,East Ridge,7
52496,400138215,0,1,35.74228,-88.8471,8,2024-08-27 14:14:00,2024,8,27,14,14,Tuesday,14:14,Suspected Serious Injury,Daylight,Clear,Motor Vehicle-In-Transport On Same Roadway,None,THP District 8 - Jackson,THP,Unbelted,-,-,-,-,-,-,-,-,-,ATV_Involved,-,-,Madison,Not in City Limit,3
52498,400138227,0,1,35.30291,-88.25989,8,2024-08-27 15:49:00,2024,8,27,15,49,Tuesday,15:49,Suspected Serious Injury,Daylight,Clear,Standing Tree,None,THP District 8 - Jackson,THP,Unbelted,-,-,Drug,-,-,-,-,-,-,-,-,-,Hardin,Not in City Limit,3