OBJECTID,MRN,Fatality,Injury,Latitude,Longitude,THP_District,Collision_Date,Collision_Year,Collision_Month,Collision_Day,Collision_Hour,Collision_Min,Collision_DOW,Collision_Time,Crash_Type,Light_Condition,Weather,First_Harmfu_Event,Work_Zone_Type,Agency_Name,THP,Unbelted,Distracted_Driver,Driver_Drinking,Driver_Drugged,Drowsy_Driver,Speeding_Involved,Pedalcyclist,Pedestrian,Other_Nonmotorist,ATV_Involved,LargeTruck_Involved,Motorcycle_Involved,SchoolBus,County,City,DOW_Nmb
52506,400138268,0,2,35.91088,-83.384,1,2024-08-27 17:33:00,2024,8,27,17,33,Tuesday,17:33,Suspected Serious Injury,Daylight,Clear,Motor Vehicle-In-Transport On Same Roadway,None,THP District 1 - Knoxville,THP,Unbelted,-,-,-,-,-,-,-,-,-,-,-,-,Sevier,Not in City Limit,3
52511,400138290,0,2,35.58002,-84.93963,2,2024-08-27 08:45:00,2024,8,27,8,45,Tuesday,08:45,Suspected Serious Injury,Dark-Not Lighted,Clear,Motor Vehicle-In-Transport On Same Roadway,None,THP District 2 - Chattanooga,THP,Unbelted,-,-,-,-,-,-,-,-,-,-,Motorcyclist,-,Rhea,Not in City Limit,3
52515,400138309,0,2,35.95474,-86.60706,3,2024-08-25 17:10:00,2024,8,25,17,10,Sunday,17:10,Suspected Serious Injury,Daylight,Clear,Curb,None,SMYRNA POLICE DEPT,Other,Unbelted,Distracted,Drinking,-,-,-,-,-,-,-,-,-,-,Rutherford,Smyrna,1
52518,400138326,1,1,35.94538,-84.07745,1,2024-08-27 22:34:00,2024,8,27,22,34,Tuesday,22:34,Fatal,Dark-Lighted,Clear,Embankment Earth,None,KNOX CO SHERIFFS OFFICE,Other,Unbelted,-,Drinking,Drug,-,Speeding,-,-,-,-,-,-,-,Knox,Not in City Limit,3
52520,400138335,0,1,36.13329,-86.89652,3,2024-08-27 22:36:00,2024,8,27,22,36,Tuesday,22:36,Suspected Serious Injury,Dark-Lighted,Clear,Injured In Vehicle,None,METROPOLITAN NASHVILLE POLICE DEPT,Other,Unbelted,-,-,-,-,-,-,-,-,-,-,-,-,Davidson,Nashville,3
52527,400138362,0,2,36.19051,-86.42032,3,2024-08-27 21:50:00,2024,8,27,21,50,Tuesday,21:50,Suspected Serious Injury,Dark-Not Lighted,Clear,Ditch,None,THP District 3 - Nashville,THP,Unbelted,-,-,-,-,-,-,-,-,-,-,-,-,Wilson,Not in City Limit,3
52530,400138377,1,0,35.6111,-85.1927,2,2024-08-27 20:21:00,2024,8,27,20,21,Tuesday,20:21,Fatal,Dark-Lighted,Clear,Pedestrian,None,THP District 2 - Chattanooga,THP,Unbelted,-,-,-,-,-,-,Pedestrian,-,-,-,-,-,Bledsoe,Pikeville,3
52546,400138480,1,0,36.52506,-83.18565,5,2024-08-27 07:23:00,2024,8,27,7,23,Tuesday,07:23,Fatal,Dawn,Clear,Building,None,THP District 5 - Fall Branch,THP,Unbelted,-,-,-,-,-,-,-,-,-,-,-,-,Hancock,Not in City Limit,3
52547,400138489,0,1,36.03511,-89.39837,8,2024-08-28 09:11:00,2024,8,28,9,11,Wednesday,09:11,Suspected Serious Injury,Daylight,Clear,Motor Vehicle-In-Transport On Same Roadway,None,DYERSBURG POLICE DEPT,Other,Unbelted,-,-,-,-,-,-,-,-,-,-,Motorcyclist,-,Dyer,Dyersburg,4
52551,400138505,1,0,36.1674,-86.61076,3,2024-08-24 00:00:00,2024,8,24,24,0,Saturday,24:00,Fatal,Dark-Lighted,Clear,Guard Rail Face,None,METROPOLITAN NASHVILLE POLICE DEPT,Other,Unbelted,-,-,-,-,-,-,-,-,-,-,-,-,Davidson,Nashville,7
52562,400138588,0,1,35.01841,-85.19218,2,2024-08-28 12:06:00,2024,8,28,12,6,Wednesday,12:06,Suspected Serious Injury,Daylight,Clear,Motor Vehicle-In-Transport On Same Roadway,None,CHATTANOOGA POLICE DEPT,Other,-,-,-,-,-,-,-,-,-,-,-,Motorcyclist,-,Hamilton,Chattanooga,4
52564,400138592,0,3,35.47642,-84.60741,2,2024-08-28 07:55:00,2024,8,28,7,55,Wednesday,07:55,Suspected Serious Injury,Daylight,Clear,Motor Vehicle-In-Transport On Same Roadway,None,THP District 2 - Chattanooga,THP,Unbelted,-,-,-,Drowsy,-,-,-,-,-,-,-,-,McMinn,Not in City Limit,4
52585,400138703,0,2,36.14013,-83.24436,5,2024-08-26 19:40:00,2024,8,26,19,40,Monday,19:40,Suspected Serious Injury,Dusk,Clear,Ridden Animal/Drawn Conveyance,None,HAMBLEN CO SHERIFFS DEPT,Other,Unbelted,-,-,-,-,-,-,Pedestrian,-,-,-,-,-,Hamblen,Not in City Limit,2
52607,400138810,0,1,35.64244,-86.8537,7,2024-08-28 21:54:00,2024,8,28,21,54,Wednesday,21:54,Suspected Serious Injury,Dark-Not Lighted,Clear,Guard Rail Face,None,THP District 7 - Lawrenceburg,THP,Unbelted,-,Drinking,-,-,-,-,-,-,-,-,-,-,Maury,Not in City Limit,4
52611,400138833,0,1,35.77556,-85.039,6,2024-08-29 00:45:00,2024,8,29,0,45,Thursday,00:45,Suspected Serious Injury,Dark-Not Lighted,Clear,Embankment Earth,None,THP District 6 - Cookeville,THP,Unbelted,-,Drinking,-,-,-,-,-,-,-,-,-,-,Cumberland,Not in City Limit,5
52620,400138873,0,1,35.91484,-86.82689,3,2024-08-28 14:29:00,2024,8,28,14,29,Wednesday,14:29,Suspected Serious Injury,Daylight,Clear,Pedestrian,None,FRANKLIN POLICE DEPT,Other,-,-,-,-,-,-,-,Pedestrian,-,-,-,-,-,Williamson,Franklin,4
52623,400138889,0,3,36.62834,-86.57028,3,2024-08-29 05:51:00,2024,8,29,5,51,Thursday,05:51,Suspected Serious Injury,Dark-Lighted,Clear,Motor Vehicle-In-Transport On Same Roadway,None,PORTLAND POLICE DEPT,Other,Unbelted,-,-,-,-,-,-,-,-,-,-,-,-,Robertson,UNKNOWN,5
52624,400138895,0,3,35.27823,-84.8984,2,2024-08-29 07:25:00,2024,8,29,7,25,Thursday,07:25,Suspected Serious Injury,Daylight,Clear,Motor Vehicle-In-Transport On Same Roadway,None,THP District 2 - Chattanooga,THP,Unbelted,-,-,-,-,-,-,-,-,-,-,-,-,Bradley,Not in City Limit,5
52628,400138920,1,0,36.22412,-83.34883,5,2024-08-28 17:37:00,2024,8,28,17,37,Wednesday,17:37,Fatal,Daylight,Clear,"Over Turn, Roll Over",None,THP District 5 - Fall Branch,THP,Unbelted,-,Drinking,-,-,-,-,-,-,-,-,-,-,Hamblen,Not in City Limit,4
52629,400138922,0,2,36.24178,-86.57709,3,2024-08-28 10:51:00,2024,8,28,10,51,Wednesday,10:51,Suspected Serious Injury,Daylight,Clear,Motor Vehicle-In-Transport On Same Roadway,None,THP District 3 - Nashville,THP,Unbelted,-,-,-,-,-,-,-,-,-,-,-,-,Wilson,Not in City Limit,4
52659,400139058,0,1,36.36799,-83.43737,5,2024-08-28 23:49:00,2024,8,28,23,49,Wednesday,23:49,Suspected Serious Injury,Dark-Not Lighted,Clear,Embankment Rock/Stone/Concrete,None,THP District 5 - Fall Branch,THP,Unbelted,-,-,-,-,-,-,-,-,-,-,-,-,Grainger,Not in City Limit,4
52673,400139115,0,3,35.78662,-86.36849,3,2024-08-29 14:44:00,2024,8,29,14,44,Thursday,14:44,Suspected Serious Injury,Daylight,Clear,Motor Vehicle-In-Transport On Same Roadway,None,MURFREESBORO POLICE DEPT,Other,Unbelted,-,-,-,-,-,-,-,-,-,-,-,-,Rutherford,Murfreesboro,5
52686,400139213,0,2,35.29068,-85.91267,2,2024-08-27 17:11:00,2024,8,27,17,11,Tuesday,17:11,Suspected Serious Injury,Daylight,Clear,Motor Vehicle-In-Transport On Same Roadway,None,THP District 2 - Chattanooga,THP,Unbelted,-,-,-,-,-,-,-,-,-,-,-,-,Coffee,Not in City Limit,3
52694,400139271,0,4,36.07009,-84.46187,1,2024-08-29 19:22:00,2024,8,29,19,22,Thursday,19:22,Suspected Serious Injury,Dawn,Clear,Motor Vehicle-In-Transport On Same Roadway,None,MORGAN CO SHERIFFS DEPT,Other,Unbelted,Distracted,-,-,-,-,-,-,-,-,-,-,-,Morgan,Not in City Limit,5
52696,400139287,0,1,36.54292,-82.1405,5,2024-08-29 18:10:00,2024,8,29,18,10,Thursday,18:10,Suspected Serious Injury,Daylight,Clear,Motor Vehicle-In-Transport On Same Roadway,None,THP District 5 - Fall Branch,THP,Unbelted,-,-,-,-,-,-,-,-,-,-,-,-,Sullivan,Not in City Limit,5
52701,400139300,0,1,35.82326,-86.41256,3,2024-08-29 20:00:00,2024,8,29,20,0,Thursday,20:00,Suspected Serious Injury,Dark-Lighted,Clear,Embankment Earth,None,MURFREESBORO POLICE DEPT,Other,-,-,-,-,-,-,-,-,-,-,-,Motorcyclist,-,Rutherford,Murfreesboro,5
52702,400139312,1,1,36.43535,-87.96926,3,2024-08-29 15:44:00,2024,8,29,15,44,Thursday,15:44,Fatal,Daylight,Clear,Utility Pole,None,THP District 3 - Nashville,THP,Unbelted,-,-,Drug,-,-,-,-,-,-,-,-,-,Stewart,Not in City Limit,5
52707,400139355,0,1,36.14942,-86.75723,3,2024-08-29 00:00:00,2024,8,29,24,0,Thursday,24:00,Suspected Serious Injury,Dark-Lighted,Clear,Motor Vehicle-In-Transport On Same Roadway,None,METROPOLITAN NASHVILLE POLICE DEPT,Other,Unbelted,-,-,-,-,-,-,-,-,-,-,Motorcyclist,-,Davidson,Nashville,5
52721,400139419,1,1,35.49301,-86.13264,2,2024-08-29 13:34:00,2024,8,29,13,34,Thursday,13:34,Fatal,Daylight,Clear,"Over Turn, Roll Over",None,THP District 2 - Chattanooga,THP,Unbelted,-,-,-,-,Speeding,-,-,-,-,ATV_Involved,-,-,Coffee,Not in City Limit,5
52723,400139427,0,2,36.12314,-83.45401,5,2024-08-29 15:50:00,2024,8,29,15,50,Thursday,15:50,Suspected Serious Injury,Daylight,Clear,Motor Vehicle-In-Transport On Same Roadway,None,JEFFERSON CO SHERIFFS DEPT,Other,Unbelted,-,-,-,-,-,-,-,-,-,-,-,-,Jefferson,Not in City Limit,5
52729,400139461,1,0,36.20066,-86.6183,3,2024-08-29 19:44:00,2024,8,29,19,44,Thursday,19:44,Fatal,Dark-Not Lighted,Clear,Pedestrian,None,METROPOLITAN NASHVILLE POLICE DEPT,Other,Unbelted,-,-,-,-,-,-,Pedestrian,-,-,-,-,-,Davidson,Nashville,5
52736,400139505,0,2,35.83462,-89.12164,4,2024-08-30 05:50:00,2024,8,30,5,50,Friday,05:50,Suspected Serious Injury,Dark-Lighted,Clear,Motor Vehicle-In-Transport On Same Roadway,None,THP District 4 - Memphis,THP,Unbelted,-,-,-,-,-,-,-,-,-,-,-,-,Crockett,Not in City Limit,6
52741,400139519,0,2,36.0831,-83.93467,1,2024-08-22 19:56:00,2024,8,22,19,56,Thursday,19:56,Suspected Serious Injury,Dusk,Clear,Motor Vehicle-In-Transport On Same Roadway,None,THP District 1 - Knoxville,THP,Unbelted,Distracted,Drinking,Drug,-,-,-,-,-,-,-,-,-,Knox,Not in City Limit,5
52747,400139557,0,1,35.89398,-84.69892,1,2024-08-29 06:30:00,2024,8,29,6,30,Thursday,06:30,Suspected Serious Injury,Dark-Not Lighted,Clear,Motor Vehicle-In-Transport On Same Roadway,None,THP District 1 - Knoxville,THP,Unbelted,-,-,-,-,-,-,-,-,-,ATV_Involved,-,-,Roane,Not in City Limit,5
52763,400139672,0,1,35.93273,-84.14244,1,2024-08-30 15:44:00,2024,8,30,15,44,Friday,15:44,Suspected Serious Injury,Daylight,Cloudy,Standing Tree,None,THP District 1 - Knoxville,THP,Unbelted,-,-,-,Drowsy,-,-,-,-,-,-,-,-,Knox,Not in City Limit,6
52777,400139733,0,1,35.48741,-83.93196,1,2024-08-30 14:15:00,2024,8,30,14,15,Friday,14:15,Suspected Serious Injury,Daylight,Clear,Ditch,None,THP District 1 - Knoxville,THP,-,-,-,-,-,Speeding,-,-,-,-,-,Motorcyclist,-,Blount,Not in City Limit,6
52785,400139764,0,1,36.08264,-86.69811,3,2024-08-30 15:50:00,2024,8,30,15,50,Friday,15:50,Suspected Serious Injury,Daylight,Clear,Motor Vehicle-In-Transport On Same Roadway,None,THP District 3 - Nashville,THP,Unbelted,-,-,-,-,-,-,-,-,-,-,-,-,Davidson,Nashville,6
52802,400139834,0,1,35.9913,-83.78632,1,2024-08-28 20:48:00,2024,8,28,20,48,Wednesday,20:48,Suspected Serious Injury,Dark-Not Lighted,Clear,Motor Vehicle-In-Transport On Same Roadway,None,KNOX CO SHERIFFS OFFICE,Other,Unbelted,-,-,-,-,-,-,-,-,-,-,-,-,Knox,Not in City Limit,4
52815,400139906,0,2,36.0702,-86.93076,3,2024-08-30 21:59:00,2024,8,30,21,59,Friday,21:59,Suspected Serious Injury,Dark-Not Lighted,Clear,Motor Vehicle-In-Transport On Same Roadway,None,METROPOLITAN NASHVILLE POLICE DEPT,Other,Unbelted,-,-,-,-,-,-,-,-,-,-,-,-,Davidson,Nashville,6
52819,400139931,0,1,36.25605,-85.01037,6,2024-08-30 23:15:00,2024,8,30,23,15,Friday,23:15,Suspected Serious Injury,Dark-Not Lighted,Cloudy,Motor Vehicle-In-Transport On Same Roadway,None,THP District 6 - Cookeville,THP,Unbelted,-,-,-,-,-,-,-,-,-,-,-,-,Fentress,Not in City Limit,6
52820,400139932,0,1,35.51308,-84.36263,1,2024-08-31 00:09:00,2024,8,31,0,9,Saturday,00:09,Suspected Serious Injury,Dark-Lighted,Clear,Motor Vehicle-In-Transport On Same Roadway,None,MADISONVILLE POLICE DEPT,Other,Unbelted,-,Drinking,-,-,-,-,-,-,-,-,Motorcyclist,-,Monroe,Madisonville,7
52823,400139945,0,1,36.46747,-86.82472,3,2024-08-29 13:12:00,2024,8,29,13,12,Thursday,13:12,Suspected Serious Injury,Daylight,Clear,Motor Vehicle-In-Transport On Same Roadway,None,THP District 3 - Nashville,THP,Unbelted,-,-,-,-,-,-,-,-,-,-,Motorcyclist,-,Robertson,Not in City Limit,5
52825,400139961,0,2,36.16955,-82.37076,5,2024-08-31 00:10:00,2024,8,31,0,10,Saturday,00:10,Suspected Serious Injury,Dark-Not Lighted,Clear,Fence,None,THP District 5 - Fall Branch,THP,Unbelted,Distracted,-,-,-,-,-,-,-,-,-,-,-,Unicoi,Not in City Limit,7
52828,400139982,0,1,36.01523,-86.90799,3,2024-08-30 11:52:00,2024,8,30,11,52,Friday,11:52,Suspected Serious Injury,Daylight,Clear,Pedal-Cycle,None,WILLIAMSON CO SHERIFFS OFFICE,Other,Unbelted,-,-,-,-,-,Pedalcyclist,-,-,-,-,-,-,Williamson,Not in City Limit,6
52833,400140004,0,1,36.4394,-85.55739,6,2024-08-31 07:16:00,2024,8,31,7,16,Saturday,07:16,Suspected Serious Injury,Daylight,Clear,Standing Tree,None,THP District 6 - Cookeville,THP,Unbelted,-,-,-,-,-,-,-,-,-,-,-,-,Jackson,Not in City Limit,7
52840,400140026,0,1,35.38338,-88.38102,8,2024-08-27 08:29:00,2024,8,27,8,29,Tuesday,08:29,Suspected Serious Injury,Daylight,Clear,Fence,None,THP District 8 - Jackson,THP,Unbelted,-,-,-,-,-,-,-,-,-,-,-,-,Chester,Not in City Limit,3
52856,400140085,0,1,35.00459,-85.22374,2,2024-08-31 13:14:00,2024,8,31,13,14,Saturday,13:14,Suspected Serious Injury,Daylight,Clear,Motor Vehicle-In-Transport On Same Roadway,None,CHATTANOOGA POLICE DEPT,Other,Unbelted,-,-,-,-,-,-,-,-,-,-,-,-,Hamilton,Chattanooga,7
52865,400140141,0,1,35.74124,-87.00968,7,2024-08-31 14:40:00,2024,8,31,14,40,Saturday,14:40,Suspected Serious Injury,Daylight,Clear,Embankment Earth,None,THP District 7 - Lawrenceburg,THP,Unbelted,-,-,Drug,-,-,-,-,-,-,-,-,-,Maury,Not in City Limit,7
52875,400140209,0,1,36.57676,-86.50699,3,2024-08-30 17:40:00,2024,8,30,17,40,Friday,17:40,Suspected Serious Injury,Daylight,Clear,Other Non-Collision,None,PORTLAND POLICE DEPT,Other,-,-,Drinking,-,-,-,-,-,-,ATV_Involved,-,-,-,Sumner,Portland,6
52876,400140218,0,1,36.3426,-86.81878,3,2024-08-31 15:10:00,2024,8,31,15,10,Saturday,15:10,Suspected Serious Injury,Daylight,Clear,Ditch,None,METROPOLITAN NASHVILLE POLICE DEPT,Other,-,-,-,-,-,Speeding,-,-,-,-,-,Motorcyclist,-,Davidson,Nashville,7
52878,400140232,1,1,35.6184,-89.46376,4,2024-08-31 18:50:00,2024,8,31,18,50,Saturday,18:50,Fatal,Dusk,Clear,Embankment Earth,None,THP District 4 - Memphis,THP,Unbelted,-,-,Drug,-,-,-,-,-,-,-,-,-,Haywood,Not in City Limit,7
52883,400140268,0,3,36.08115,-86.75836,3,2024-08-31 20:11:00,2024,8,31,20,11,Saturday,20:11,Suspected Serious Injury,Dark-Lighted,Clear,Motor Vehicle-In-Transport On Same Roadway,None,METROPOLITAN NASHVILLE POLICE DEPT,Other,Unbelted,-,-,-,-,-,-,-,-,-,-,-,-,Davidson,Nashville,7
52888,400140299,1,1,36.06632,-83.49486,5,2024-08-31 20:00:00,2024,8,31,20,0,Saturday,20:00,Fatal,Dark-Not Lighted,Rain,Standing Tree,None,JEFFERSON CO SHERIFFS DEPT,Other,Unbelted,-,-,-,-,-,-,-,-,-,-,-,-,Jefferson,Not in City Limit,7
52889,400140301,0,2,35.93261,-84.06289,1,2024-08-31 02:23:00,2024,8,31,2,23,Saturday,02:23,Suspected Serious Injury,Dark-Not Lighted,Clear,Motor Vehicle-In-Transport On Same Roadway,None,KNOXVILLE POLICE DEPT,Other,Unbelted,-,Drinking,-,-,-,-,-,-,-,-,-,-,Knox,Knoxville,7
52904,400140359,1,1,36.06624,-83.39078,5,2024-08-31 20:59:00,2024,8,31,20,59,Saturday,20:59,Fatal,Dark-Not Lighted,Rain,Motor Vehicle-In-Transport On Same Roadway,None,THP District 5 - Fall Branch,THP,Unbelted,-,-,-,-,-,-,-,-,-,ATV_Involved,-,-,Jefferson,Not in City Limit,7
52907,400140367,0,3,36.50399,-86.04729,6,2024-08-31 03:25:00,2024,8,31,3,25,Saturday,03:25,Suspected Serious Injury,Dark-Not Lighted,Clear,Deer,None,MACON CO SHERIFFS OFFICE,Other,Unbelted,-,-,-,-,-,-,-,-,-,-,-,-,Macon,Not in City Limit,7
52910,400140380,0,1,35.87233,-86.37108,3,2024-09-01 03:58:00,2024,9,1,3,58,Sunday,03:58,Suspected Serious Injury,Dark-Lighted,Clear,Curb,None,MURFREESBORO POLICE DEPT,Other,-,-,-,-,-,Speeding,-,-,-,-,-,Motorcyclist,-,Rutherford,Murfreesboro,1
52914,400140395,0,1,36.45663,-83.64414,5,2024-08-31 12:20:00,2024,8,31,12,20,Saturday,12:20,Suspected Serious Injury,Daylight,Clear,Embankment Earth,None,THP District 5 - Fall Branch,THP,-,-,-,-,-,Speeding,-,-,-,-,-,Motorcyclist,-,Claiborne,Not in City Limit,7
52918,400140419,0,1,36.45663,-83.64414,5,2024-08-31 12:20:00,2024,8,31,12,20,Saturday,12:20,Suspected Serious Injury,Daylight,Clear,Pedestrian,None,THP District 5 - Fall Branch,THP,-,-,-,-,-,-,-,Pedestrian,-,-,-,-,-,Claiborne,Not in City Limit,7
52935,400140495,0,1,36.09628,-86.73301,3,2024-09-01 09:54:00,2024,9,1,9,54,Sunday,09:54,Suspected Serious Injury,Daylight,Clear,Pedestrian,None,METROPOLITAN NASHVILLE POLICE DEPT,Other,Unbelted,-,-,-,-,Speeding,-,Pedestrian,-,-,-,-,-,Davidson,Nashville,1
52944,400140552,0,1,35.73477,-89.07043,4,2024-08-31 20:41:00,2024,8,31,20,41,Saturday,20:41,Suspected Serious Injury,Dark-Not Lighted,Cloudy,Ditch,None,THP District 4 - Memphis,THP,Unbelted,-,Drinking,-,-,-,-,-,-,-,-,-,-,Crockett,Not in City Limit,7
52945,400140553,0,1,35.55401,-89.80853,4,2024-08-24 23:08:00,2024,8,24,23,8,Saturday,23:08,Suspected Serious Injury,Dark-Not Lighted,Clear,Utility Pole,None,THP District 4 - Memphis,THP,Unbelted,-,-,-,-,-,-,-,-,-,-,-,-,Tipton,Burlison,7
52953,400140570,0,2,36.13612,-85.49412,6,2024-09-01 14:10:00,2024,9,1,14,10,Sunday,14:10,Suspected Serious Injury,Daylight,Rain,Utility Pole,None,THP District 6 - Cookeville,THP,Unbelted,-,-,-,-,-,-,-,-,-,-,-,-,Putnam,Cookeville,1
52958,400140590,0,6,35.63285,-86.06848,2,2024-08-31 19:50:00,2024,8,31,19,50,Saturday,19:50,Suspected Serious Injury,Dark-Lighted,Rain,Motor Vehicle-In-Transport On Same Roadway,None,THP District 2 - Chattanooga,THP,Unbelted,-,Drinking,-,-,-,-,-,-,-,-,-,-,Coffee,Not in City Limit,7
52978,400140673,0,3,36.23039,-86.77131,3,2024-09-01 15:25:00,2024,9,1,15,25,Sunday,15:25,Suspected Serious Injury,Daylight,Other,Motor Vehicle-In-Transport On Same Roadway,None,METROPOLITAN NASHVILLE POLICE DEPT,Other,Unbelted,-,-,-,-,-,-,-,-,-,-,-,-,Davidson,Nashville,1
52988,400140695,0,4,36.2655,-86.73965,3,2024-09-01 17:45:00,2024,9,1,17,45,Sunday,17:45,Suspected Serious Injury,Daylight,Cloudy,Motor Vehicle-In-Transport On Same Roadway,None,METROPOLITAN NASHVILLE POLICE DEPT,Other,Unbelted,-,-,-,-,-,-,-,-,-,-,-,-,Davidson,Nashville,1
53004,400140759,0,1,34.99444,-85.28583,2,2024-09-01 19:27:00,2024,9,1,19,27,Sunday,19:27,Suspected Serious Injury,Daylight,Cloudy,Pedal-Cycle,None,CHATTANOOGA POLICE DEPT,Other,Unbelted,-,-,-,-,-,Pedalcyclist,-,-,-,-,-,-,Hamilton,Chattanooga,1
53007,400140764,1,6,35.60784,-84.65917,2,2024-08-31 19:33:00,2024,8,31,19,33,Saturday,19:33,Fatal,Daylight,Rain,Motor Vehicle-In-Transport On Same Roadway,None,THP District 2 - Chattanooga,THP,Unbelted,-,-,Drug,-,-,-,-,-,-,-,-,-,Meigs,Not in City Limit,7
53010,400140793,1,0,35.36378,-84.7393,2,2024-09-01 01:45:00,2024,9,1,1,45,Sunday,01:45,Fatal,Dark-Not Lighted,Clear,Standing Tree,None,THP District 2 - Chattanooga,THP,Unbelted,-,Drinking,-,-,-,-,-,-,-,-,-,-,McMinn,Not in City Limit,1
53015,400140805,0,2,36.19673,-89.12317,8,2024-09-01 05:00:00,2024,9,1,5,0,Sunday,05:00,Suspected Serious Injury,Dark-Not Lighted,Clear,"Over Turn, Roll Over",None,THP District 8 - Jackson,THP,Unbelted,-,Drinking,-,-,-,-,-,-,-,-,-,-,Gibson,Not in City Limit,1
53020,400140852,0,2,36.47328,-86.43889,3,2024-09-01 12:40:00,2024,9,1,12,40,Sunday,12:40,Suspected Serious Injury,Daylight,Rain,Motor Vehicle-In-Transport On Same Roadway,None,THP District 3 - Nashville,THP,Unbelted,-,Drinking,Drug,-,-,-,-,-,-,-,-,-,Sumner,Not in City Limit,1
53024,400140869,0,2,36.45963,-83.56527,5,2024-08-29 12:25:00,2024,8,29,12,25,Thursday,12:25,Suspected Serious Injury,Daylight,Clear,Motor Vehicle-In-Transport On Same Roadway,None,THP District 5 - Fall Branch,THP,Unbelted,Distracted,-,-,-,-,-,-,-,-,ATV_Involved,-,-,Claiborne,Tazewell,5
53027,400140893,1,1,35.69835,-88.66697,8,2024-08-30 20:07:00,2024,8,30,20,7,Friday,20:07,Fatal,Dark-Lighted,Clear,Motor Vehicle-In-Transport On Same Roadway,None,THP District 8 - Jackson,THP,Unbelted,-,-,-,-,-,-,-,-,-,-,Motorcyclist,-,Madison,Not in City Limit,6
53028,400140898,0,1,36.22847,-85.47697,6,2024-09-02 08:50:00,2024,9,2,8,50,Monday,08:50,Suspected Serious Injury,Daylight,Clear,Fence,None,THP District 6 - Cookeville,THP,Unbelted,-,-,-,-,-,-,-,-,-,-,-,-,Putnam,Not in City Limit,2
53035,400140937,1,0,36.38118,-86.49848,3,2024-09-02 08:20:00,2024,9,2,8,20,Monday,08:20,Fatal,Daylight,Cloudy,"Over Turn, Roll Over",None,THP District 3 - Nashville,THP,Unbelted,-,Drinking,Drug,-,-,-,-,-,-,-,-,-,Sumner,Gallatin,2
53040,400140958,1,0,35.44193,-85.78311,2,2024-09-02 00:00:00,2024,9,2,24,0,Monday,24:00,Fatal,Unknown,Unknown,Ditch,None,THP District 2 - Chattanooga,THP,Unbelted,-,-,Drug,-,-,-,-,-,-,-,-,-,Grundy,Altamont,2
53043,400140961,0,1,35.87935,-84.23482,1,2024-09-02 14:35:00,2024,9,2,14,35,Monday,14:35,Suspected Serious Injury,Daylight,Clear,Motor Vehicle-In-Transport On Same Roadway,None,THP District 1 - Knoxville,THP,Unbelted,-,-,-,-,-,-,-,-,-,-,Motorcyclist,-,Knox,Not in City Limit,2
53049,400140995,0,2,35.66734,-88.85864,8,2024-09-02 13:12:00,2024,9,2,13,12,Monday,13:12,Suspected Serious Injury,Daylight,Cloudy,Motor Vehicle-In-Transport On Same Roadway,None,JACKSON POLICE DEPT,Other,Unbelted,-,-,-,-,-,-,-,-,-,-,-,-,Madison,Jackson,2
53054,400141027,0,3,35.58943,-87.09372,7,2024-09-02 13:47:00,2024,9,2,13,47,Monday,13:47,Suspected Serious Injury,Daylight,Clear,Ditch,None,COLUMBIA POLICE DEPT,Other,Unbelted,-,-,-,-,-,-,-,-,-,-,-,-,Maury,Columbia,2
53060,400141053,0,1,35.30185,-88.62112,8,2024-09-02 17:10:00,2024,9,2,17,10,Monday,17:10,Suspected Serious Injury,Daylight,Clear,Fell/Jumped From Vehicle,None,THP District 8 - Jackson,THP,-,-,-,-,-,-,-,-,-,-,-,Motorcyclist,-,McNairy,Not in City Limit,2
53061,400141060,0,1,35.55616,-84.01303,1,2024-09-02 13:55:00,2024,9,2,13,55,Monday,13:55,Suspected Serious Injury,Daylight,Clear,Standing Tree,None,THP District 1 - Knoxville,THP,-,-,-,-,-,-,-,-,-,-,-,Motorcyclist,-,Blount,Not in City Limit,2
53070,400141106,0,1,36.22929,-86.69384,3,2024-09-02 20:25:00,2024,9,2,20,25,Monday,20:25,Suspected Serious Injury,Dark-Not Lighted,Clear,Utility Pole,None,METROPOLITAN NASHVILLE POLICE DEPT,Other,Unbelted,-,Drinking,-,-,-,-,-,-,-,-,-,-,Davidson,Nashville,2
53071,400141114,0,1,36.3696,-86.81886,3,2024-08-31 02:21:00,2024,8,31,2,21,Saturday,02:21,Suspected Serious Injury,Dark-Not Lighted,Clear,"Over Turn, Roll Over",None,THP District 3 - Nashville,THP,-,-,-,-,-,-,-,-,-,-,-,Motorcyclist,-,Robertson,Not in City Limit,7
53075,400141126,0,1,36.17978,-83.33871,5,2024-09-02 19:57:00,2024,9,2,19,57,Monday,19:57,Suspected Serious Injury,Dusk,Clear,Embankment Earth,None,THP District 5 - Fall Branch,THP,-,-,Drinking,-,-,-,-,-,-,-,-,Motorcyclist,-,Hamblen,Not in City Limit,2
53079,400141139,0,1,35.30345,-86.88318,7,2024-08-31 23:24:00,2024,8,31,23,24,Saturday,23:24,Suspected Serious Injury,Dark-Not Lighted,Clear,"Over Turn, Roll Over",None,THP District 7 - Lawrenceburg,THP,-,-,-,Drug,-,-,-,-,-,-,-,-,-,Giles,Not in City Limit,7