OBJECTID,MRN,Fatality,Injury,Latitude,Longitude,THP_District,Collision_Date,Collision_Year,Collision_Month,Collision_Day,Collision_Hour,Collision_Min,Collision_DOW,Collision_Time,Crash_Type,Light_Condition,Weather,First_Harmfu_Event,Work_Zone_Type,Agency_Name,THP,Unbelted,Distracted_Driver,Driver_Drinking,Driver_Drugged,Drowsy_Driver,Speeding_Involved,Pedalcyclist,Pedestrian,Other_Nonmotorist,ATV_Involved,LargeTruck_Involved,Motorcycle_Involved,SchoolBus,County,City,DOW_Nmb
53081,400141143,1,1,35.76151,-88.84551,8,2024-08-31 03:11:00,2024,8,31,3,11,Saturday,03:11,Fatal,Dark-Not Lighted,Cloudy,Motor Vehicle-In-Transport On Same Roadway,None,THP District 8 - Jackson,THP,Unbelted,-,Drinking,-,-,-,-,-,-,-,-,-,-,Madison,Three Way,7
53089,400141178,1,0,35.56281,-88.81408,8,2024-09-03 04:52:00,2024,9,3,4,52,Tuesday,04:52,Fatal,Dark-Lighted,Clear,Motor Vehicle-In-Transport On Same Roadway,None,JACKSON POLICE DEPT,Other,Unbelted,-,-,-,-,-,-,-,-,-,-,-,-,Madison,Jackson,3
53090,400141188,1,0,35.01538,-84.95335,2,2024-09-03 05:58:00,2024,9,3,5,58,Tuesday,05:58,Fatal,Dark-Not Lighted,Clear,Deer,None,THP District 2 - Chattanooga,THP,-,-,-,-,-,-,-,-,-,-,-,Motorcyclist,-,Bradley,Not in City Limit,3
53098,400141216,0,2,36.31337,-83.75208,5,2024-09-03 07:22:00,2024,9,3,7,22,Tuesday,07:22,Suspected Serious Injury,Daylight,Clear,Motor Vehicle-In-Transport On Same Roadway,None,THP District 5 - Fall Branch,THP,Unbelted,-,-,-,-,-,-,-,-,-,-,-,-,Union,Not in City Limit,3
53100,400141249,2,2,35.04397,-85.15424,2,2024-09-03 02:11:00,2024,9,3,2,11,Tuesday,02:11,Fatal,Dark-Not Lighted,Clear,Motor Vehicle-In-Transport On Same Roadway,Construction Zone,CHATTANOOGA POLICE DEPT,Other,Unbelted,-,Drinking,-,-,-,-,-,-,-,ATV_Involved,-,-,Hamilton,Chattanooga,3
53103,400141272,1,0,35.04305,-85.22416,2,2024-09-02 19:30:00,2024,9,2,19,30,Monday,19:30,Fatal,Dusk,Clear,Motor Vehicle-In-Transport On Same Roadway,None,CHATTANOOGA POLICE DEPT,Other,Unbelted,-,Drinking,-,-,-,-,-,-,-,-,Motorcyclist,-,Hamilton,Chattanooga,2
53107,400141303,0,2,35.82166,-86.24626,3,2024-09-03 10:26:00,2024,9,3,10,26,Tuesday,10:26,Suspected Serious Injury,Daylight,Clear,Motor Vehicle-In-Transport On Same Roadway,None,RUTHERFORD CO SHERIFFS DEPT,Other,Unbelted,Distracted,-,-,-,-,-,-,-,-,-,-,-,Rutherford,Not in City Limit,3
53113,400141353,0,1,35.69999,-86.43531,3,2024-09-03 12:23:00,2024,9,3,12,23,Tuesday,12:23,Suspected Serious Injury,Daylight,Clear,"Over Turn, Roll Over",None,THP District 3 - Nashville,THP,Unbelted,Distracted,-,-,-,-,-,-,-,-,-,Motorcyclist,-,Rutherford,Not in City Limit,3
53123,400141378,1,0,36.32888,-83.37628,5,2024-09-03 10:26:00,2024,9,3,10,26,Tuesday,10:26,Fatal,Daylight,Clear,Motor Vehicle-In-Transport On Same Roadway,None,THP District 5 - Fall Branch,THP,Unbelted,-,-,Drug,-,-,-,-,-,-,ATV_Involved,-,-,Grainger,Not in City Limit,3
53125,400141395,0,1,35.25187,-87.31672,7,2024-09-03 13:12:00,2024,9,3,13,12,Tuesday,13:12,Suspected Serious Injury,Daylight,Clear,Motor Vehicle-In-Transport On Same Roadway,None,LAWRENCEBURG POLICE DEPT,Other,Unbelted,-,-,-,-,-,-,-,-,-,-,Motorcyclist,-,Lawrence,Lawrenceburg,3
53126,400141396,0,1,36.06995,-83.64504,5,2024-09-03 13:30:00,2024,9,3,13,30,Tuesday,13:30,Suspected Serious Injury,Daylight,Clear,Motor Vehicle-In-Transport On Same Roadway,None,THP District 5 - Fall Branch,THP,-,-,-,-,-,-,-,-,-,-,-,Motorcyclist,-,Jefferson,Not in City Limit,3
53149,400141539,0,2,35.14019,-84.78532,2,2024-09-01 16:22:00,2024,9,1,16,22,Sunday,16:22,Suspected Serious Injury,Daylight,Clear,"Over Turn, Roll Over",None,THP District 2 - Chattanooga,THP,Unbelted,-,-,-,-,-,-,-,-,-,-,-,-,Bradley,Not in City Limit,1
53150,400141546,0,1,35.81692,-89.33666,4,2024-09-03 17:50:00,2024,9,3,17,50,Tuesday,17:50,Suspected Serious Injury,Daylight,Cloudy,Culvert,None,THP District 4 - Memphis,THP,Unbelted,-,-,-,-,-,-,-,-,-,-,-,-,Crockett,Not in City Limit,3
53159,400141588,0,1,35.90987,-86.47237,3,2024-09-03 19:37:00,2024,9,3,19,37,Tuesday,19:37,Suspected Serious Injury,Dark-Not Lighted,Clear,Pedestrian,None,MURFREESBORO POLICE DEPT,Other,Unbelted,-,-,-,-,-,-,Pedestrian,-,-,-,-,-,Rutherford,Murfreesboro,3
53173,400141645,0,2,35.06333,-85.14029,2,2024-09-04 04:40:00,2024,9,4,4,40,Wednesday,04:40,Suspected Serious Injury,Dark-Not Lighted,Clear,Motor Vehicle-In-Transport On Same Roadway,None,CHATTANOOGA POLICE DEPT,Other,Unbelted,-,-,-,-,-,-,-,-,-,-,-,-,Hamilton,Chattanooga,4
53178,400141655,0,2,36.15377,-85.29492,6,2024-09-01 15:29:00,2024,9,1,15,29,Sunday,15:29,Suspected Serious Injury,Daylight,Rain,Standing Tree,None,PUTNAM COUNTY SHERIFF'S OFFICE,Other,Unbelted,-,-,-,-,Speeding,-,-,-,-,-,-,-,Putnam,Not in City Limit,1
53191,400141727,0,1,35.58228,-84.46223,1,2024-08-31 23:58:00,2024,8,31,23,58,Saturday,23:58,Suspected Serious Injury,Dark-Not Lighted,Clear,Motor Vehicle-In-Transport On Same Roadway,None,THP District 1 - Knoxville,THP,Unbelted,Distracted,Drinking,-,-,-,-,-,-,-,-,-,-,Monroe,Sweetwater,7
53201,400141778,0,2,36.19264,-85.42918,6,2024-09-01 00:00:00,2024,9,1,24,0,Sunday,24:00,Suspected Serious Injury,Daylight,Cloudy,Embankment Earth,None,ALGOOD POLICE DEPT,Other,Unbelted,Distracted,-,-,-,Speeding,-,-,-,-,-,-,-,Putnam,Not in City Limit,1
53204,400141786,1,0,35.94552,-84.07959,1,2024-09-01 07:35:00,2024,9,1,7,35,Sunday,07:35,Fatal,Daylight,Cloudy,Pedestrian,None,KNOX CO SHERIFFS OFFICE,Other,Unbelted,-,-,-,-,-,-,Pedestrian,-,-,ATV_Involved,-,-,Knox,Not in City Limit,1
53212,400141820,1,1,35.36188,-89.87673,4,2024-09-04 11:19:00,2024,9,4,11,19,Wednesday,11:19,Fatal,Daylight,Clear,Motor Vehicle-In-Transport On Same Roadway,None,THP District 4 - Memphis,THP,Unbelted,-,-,-,-,-,-,-,-,-,-,-,-,Shelby,Millington,4
53213,400141823,0,1,35.18232,-89.82041,4,2024-09-01 00:59:00,2024,9,1,0,59,Sunday,00:59,Suspected Serious Injury,Dark-Lighted,Clear,Motor Vehicle-In-Transport On Same Roadway,None,THP District 4 - Memphis,THP,Unbelted,-,Drinking,-,-,Speeding,-,-,-,-,-,-,-,Shelby,Memphis,1
53220,400141867,0,1,35.48428,-83.93301,1,2024-09-02 18:21:00,2024,9,2,18,21,Monday,18:21,Suspected Serious Injury,Daylight,Clear,Other Non-Collision,None,THP District 1 - Knoxville,THP,-,-,-,-,-,-,-,-,-,-,-,Motorcyclist,-,Blount,Not in City Limit,2
53223,400141896,0,1,36.33671,-88.3694,8,2024-09-03 17:47:00,2024,9,3,17,47,Tuesday,17:47,Suspected Serious Injury,Daylight,Clear,Embankment Earth,None,THP District 8 - Jackson,THP,Unbelted,-,Drinking,Drug,-,-,-,-,-,-,-,-,-,Henry,Not in City Limit,3
53224,400141897,0,1,36.1993,-86.12709,3,2024-09-02 00:44:00,2024,9,2,0,44,Monday,00:44,Suspected Serious Injury,Dark-Not Lighted,Clear,Bridge Rail,None,WILSON CO SHERIFFS DEPT,Other,Unbelted,-,Drinking,-,-,-,-,-,-,-,-,-,-,Wilson,Not in City Limit,2
53225,400141899,0,2,35.91825,-84.03128,1,2024-09-04 16:42:00,2024,9,4,16,42,Wednesday,16:42,Suspected Serious Injury,Daylight,Clear,Motor Vehicle-In-Transport On Same Roadway,None,KNOXVILLE POLICE DEPT,Other,Unbelted,-,-,-,-,-,-,-,-,-,-,-,-,Knox,Knoxville,4
53229,400141915,0,1,36.06212,-83.68451,5,2024-09-04 15:25:00,2024,9,4,15,25,Wednesday,15:25,Suspected Serious Injury,Daylight,Clear,Standing Tree,None,THP District 5 - Fall Branch,THP,Unbelted,-,-,-,-,-,-,-,-,-,-,-,-,Jefferson,Not in City Limit,4
53233,400141939,1,1,36.20475,-82.79959,5,2024-09-04 14:15:00,2024,9,4,14,15,Wednesday,14:15,Fatal,Daylight,Clear,Motor Vehicle-In-Transport On Same Roadway,None,THP District 5 - Fall Branch,THP,Unbelted,-,-,Drug,-,-,-,-,-,-,ATV_Involved,-,-,Greene,Not in City Limit,4
53242,400141986,0,2,35.16202,-89.32195,4,2024-09-04 17:31:00,2024,9,4,17,31,Wednesday,17:31,Suspected Serious Injury,Dusk,Clear,Motor Vehicle-In-Transport On Different Roadway,None,FAYETTE CO SHERIFF'S OFFICE,Other,Unbelted,-,-,-,-,-,-,-,-,-,-,-,-,Fayette,Not in City Limit,4
53254,400142030,0,1,35.02647,-85.31112,2,2024-09-04 20:52:00,2024,9,4,20,52,Wednesday,20:52,Suspected Serious Injury,Dark-Lighted,Clear,Pedestrian,None,CHATTANOOGA POLICE DEPT,Other,Unbelted,Distracted,-,-,-,-,-,Pedestrian,-,-,-,-,-,Hamilton,Chattanooga,4
53264,400142086,0,1,35.08627,-85.32716,2,2024-09-04 20:10:00,2024,9,4,20,10,Wednesday,20:10,Suspected Serious Injury,Dark-Lighted,Clear,Motor Vehicle-In-Transport On Same Roadway,None,RED BANK POLICE DEPT,Other,Unbelted,-,-,-,-,-,-,-,-,-,-,-,-,Hamilton,Red Bank,4
53277,400142122,0,2,36.12467,-86.77653,3,2024-09-04 11:23:00,2024,9,4,11,23,Wednesday,11:23,Suspected Serious Injury,Daylight,Cloudy,Motor Vehicle-In-Transport On Same Roadway,None,BERRY HILL POLICE DEPT,Other,Unbelted,Distracted,-,-,-,-,-,-,-,-,-,-,-,Davidson,Berry Hill,4
53281,400142138,0,1,36.09509,-86.65404,3,2024-08-30 21:36:00,2024,8,30,21,36,Friday,21:36,Suspected Serious Injury,Dark-Lighted,Clear,"Over Turn, Roll Over",None,METROPOLITAN NASHVILLE POLICE DEPT,Other,-,-,-,-,-,-,-,-,-,-,-,Motorcyclist,-,Davidson,Nashville,6
53282,400142139,0,1,36.15402,-86.75844,3,2024-09-03 03:03:00,2024,9,3,3,3,Tuesday,03:03,Suspected Serious Injury,Dark-Lighted,Clear,Guard Rail Face,None,METROPOLITAN NASHVILLE POLICE DEPT,Other,Unbelted,-,-,-,-,Speeding,-,-,-,-,-,-,-,Davidson,Nashville,3
53284,400142143,0,1,35.03263,-85.17365,2,2024-09-03 10:04:00,2024,9,3,10,4,Tuesday,10:04,Suspected Serious Injury,Daylight,Clear,Motor Vehicle-In-Transport On Same Roadway,None,THP District 2 - Chattanooga,THP,Unbelted,-,-,-,-,Speeding,-,-,-,-,-,-,-,Hamilton,Chattanooga,3
53286,400142153,0,2,36.0511,-86.61538,3,2024-08-31 02:02:00,2024,8,31,2,2,Saturday,02:02,Suspected Serious Injury,Dark-Lighted,Clear,Motor Vehicle-In-Transport On Same Roadway,None,METROPOLITAN NASHVILLE POLICE DEPT,Other,Unbelted,-,Drinking,-,-,-,-,-,-,-,-,-,-,Davidson,Nashville,7
53288,400142164,1,0,36.15382,-86.79434,3,2024-09-03 21:30:00,2024,9,3,21,30,Tuesday,21:30,Fatal,Dark-Lighted,Clear,Pedestrian,None,METROPOLITAN NASHVILLE POLICE DEPT,Other,Unbelted,-,-,-,-,-,-,Pedestrian,-,-,-,-,-,Davidson,Nashville,3
53294,400142190,1,1,36.14521,-86.74044,3,2024-09-03 23:11:00,2024,9,3,23,11,Tuesday,23:11,Fatal,Dark-Lighted,Clear,Motor Vehicle-In-Transport On Same Roadway,None,METROPOLITAN NASHVILLE POLICE DEPT,Other,Unbelted,-,Drinking,Drug,-,Speeding,-,-,-,-,ATV_Involved,-,-,Davidson,Nashville,3
53307,400142257,0,1,35.93106,-86.84181,3,2024-09-05 11:20:00,2024,9,5,11,20,Thursday,11:20,Suspected Serious Injury,Daylight,Clear,Pedal-Cycle,None,FRANKLIN POLICE DEPT,Other,Unbelted,-,-,-,-,-,Pedalcyclist,-,-,-,-,-,-,Williamson,Franklin,5
53315,400142285,0,1,35.15417,-85.26948,2,2024-09-05 11:13:00,2024,9,5,11,13,Thursday,11:13,Suspected Serious Injury,Daylight,Clear,Motor Vehicle-In-Transport On Same Roadway,None,CHATTANOOGA POLICE DEPT,Other,Unbelted,-,-,-,-,-,-,-,-,-,-,-,-,Hamilton,Chattanooga,5
53323,400142332,0,1,36.008,-85.895,6,2024-09-04 17:24:00,2024,9,4,17,24,Wednesday,17:24,Suspected Serious Injury,Daylight,Clear,Guard Rail Face,None,THP District 6 - Cookeville,THP,-,-,-,-,-,-,-,-,-,-,-,Motorcyclist,-,DeKalb,Not in City Limit,4
53324,400142334,0,3,35.93217,-83.69013,1,2024-09-01 11:20:00,2024,9,1,11,20,Sunday,11:20,Suspected Serious Injury,Daylight,Clear,Standing Tree,None,THP District 1 - Knoxville,THP,Unbelted,-,-,Drug,-,-,-,-,-,-,-,-,-,Sevier,Not in City Limit,1
53331,400142366,0,3,36.10427,-86.71579,3,2024-09-04 20:57:00,2024,9,4,20,57,Wednesday,20:57,Suspected Serious Injury,Dark-Lighted,Clear,Wall,None,METROPOLITAN NASHVILLE POLICE DEPT,Other,Unbelted,Distracted,Drinking,-,-,-,-,-,-,-,-,-,-,Davidson,Nashville,4
53348,400142455,0,1,35.30447,-89.12176,4,2024-09-05 16:37:00,2024,9,5,16,37,Thursday,16:37,Suspected Serious Injury,Daylight,Clear,"Over Turn, Roll Over",None,THP District 4 - Memphis,THP,Unbelted,-,Drinking,Drug,-,-,-,-,-,-,-,-,-,Hardeman,Whiteville,5
53349,400142459,0,2,35.83422,-84.68729,1,2024-09-04 19:00:00,2024,9,4,19,0,Wednesday,19:00,Suspected Serious Injury,Daylight,Clear,Other Fixed Object,None,ROCKWOOD POLICE DEPT,Other,Unbelted,-,Drinking,Drug,-,-,-,-,-,-,-,-,-,Roane,Rockwood,4
53365,400142520,0,1,36.16505,-86.7922,3,2024-09-05 00:00:00,2024,9,5,24,0,Thursday,24:00,Suspected Serious Injury,Daylight,Clear,Utility Pole,None,METROPOLITAN NASHVILLE POLICE DEPT,Other,Unbelted,-,-,-,-,-,-,-,-,-,-,-,-,Davidson,Nashville,5
53368,400142529,0,2,36.06769,-86.68254,3,2024-09-05 19:40:00,2024,9,5,19,40,Thursday,19:40,Suspected Serious Injury,Dark-Not Lighted,Clear,Motor Vehicle-In-Transport On Same Roadway,None,METROPOLITAN NASHVILLE POLICE DEPT,Other,Unbelted,-,-,-,-,-,-,-,-,-,-,Motorcyclist,-,Davidson,Nashville,5
53369,400142534,0,3,36.2679,-84.98861,6,2024-09-05 17:47:00,2024,9,5,17,47,Thursday,17:47,Suspected Serious Injury,Daylight,Clear,Motor Vehicle-In-Transport On Same Roadway,None,THP District 6 - Cookeville,THP,Unbelted,-,-,-,-,-,-,-,-,-,-,-,-,Fentress,Not in City Limit,5
53370,400142536,0,1,36.18022,-86.80034,3,2024-09-05 19:00:00,2024,9,5,19,0,Thursday,19:00,Suspected Serious Injury,Dusk,Clear,Motor Vehicle-In-Transport On Same Roadway,None,METROPOLITAN NASHVILLE POLICE DEPT,Other,Unbelted,-,-,-,-,-,-,-,-,-,-,Motorcyclist,-,Davidson,Nashville,5
53371,400142547,0,1,35.58934,-84.13257,1,2024-09-04 16:50:00,2024,9,4,16,50,Wednesday,16:50,Suspected Serious Injury,Daylight,Clear,Motor Vehicle-In-Transport On Same Roadway,None,BLOUNT CO SHERIFFS DEPT,Other,Unbelted,-,-,-,-,-,-,-,-,-,-,-,-,Blount,Not in City Limit,4
53377,400142568,0,1,35.24368,-88.12032,8,2024-09-01 21:29:00,2024,9,1,21,29,Sunday,21:29,Suspected Serious Injury,Dark-Not Lighted,Clear,Standing Tree,None,THP District 8 - Jackson,THP,Unbelted,-,-,-,-,Speeding,-,-,-,-,-,-,-,Hardin,Not in City Limit,1
53381,400142590,0,1,35.59165,-84.47771,1,2024-09-05 20:03:00,2024,9,5,20,3,Thursday,20:03,Suspected Serious Injury,Daylight,Clear,Ditch,None,SWEETWATER POLICE DEPT,Other,Unbelted,-,Drinking,Drug,-,-,-,-,-,-,-,-,-,Monroe,Sweetwater,5
53382,400142592,0,3,35.07578,-88.58398,8,2024-09-05 19:17:00,2024,9,5,19,17,Thursday,19:17,Suspected Serious Injury,Dark-Not Lighted,Clear,Pedestrian,None,THP District 8 - Jackson,THP,Unbelted,-,-,Drug,-,-,-,Pedestrian,-,-,-,-,-,McNairy,Not in City Limit,5
53385,400142603,0,5,36.3831,-86.89595,3,2024-09-05 00:00:00,2024,9,5,24,0,Thursday,24:00,Suspected Serious Injury,Dark-Not Lighted,Clear,Embankment Earth,None,METROPOLITAN NASHVILLE POLICE DEPT,Other,Unbelted,-,-,-,-,-,-,-,-,-,-,-,-,Davidson,Nashville,5
53387,400142607,0,1,35.47466,-86.77652,7,2024-09-05 21:00:00,2024,9,5,21,0,Thursday,21:00,Suspected Serious Injury,Dark-Not Lighted,Clear,Motor Vehicle-In-Transport On Same Roadway,None,THP District 7 - Lawrenceburg,THP,Unbelted,-,-,-,-,-,-,-,-,-,-,Motorcyclist,-,Marshall,Not in City Limit,5
53390,400142621,0,3,36.00388,-88.4508,8,2024-09-05 18:03:00,2024,9,5,18,3,Thursday,18:03,Suspected Serious Injury,Daylight,Clear,Motor Vehicle-In-Transport On Same Roadway,None,THP District 8 - Jackson,THP,Unbelted,-,-,-,-,-,-,-,-,-,-,-,-,Carroll,Not in City Limit,5
53394,400142626,1,0,35.08477,-84.92241,2,2024-09-05 03:00:00,2024,9,5,3,0,Thursday,03:00,Fatal,Dark-Not Lighted,Clear,Highway Traffic Sign Post,None,THP District 2 - Chattanooga,THP,-,-,-,-,-,-,-,-,-,-,-,Motorcyclist,-,Bradley,Not in City Limit,5
53396,400142632,0,1,35.83119,-86.44484,3,2024-09-06 00:42:00,2024,9,6,0,42,Friday,00:42,Suspected Serious Injury,Dark-Lighted,Clear,Mail Box,None,MURFREESBORO POLICE DEPT,Other,Unbelted,-,Drinking,Drug,-,-,-,-,-,-,-,-,-,Rutherford,Murfreesboro,6
53398,400142635,0,1,35.25213,-89.68481,4,2024-09-06 02:13:00,2024,9,6,2,13,Friday,02:13,Suspected Serious Injury,Dark-Lighted,Clear,Parked Motor Vehicle,None,THP District 4 - Memphis,THP,Unbelted,-,-,-,-,-,-,-,-,-,ATV_Involved,-,-,Shelby,Arlington,6
53410,400142684,0,1,35.48432,-89.86474,4,2024-09-03 12:50:00,2024,9,3,12,50,Tuesday,12:50,Suspected Serious Injury,Daylight,Clear,Standing Tree,None,THP District 4 - Memphis,THP,Unbelted,-,-,-,-,-,-,-,-,-,-,-,-,Tipton,Not in City Limit,3
53413,400142700,0,1,35.50233,-87.38414,7,2024-09-06 08:00:00,2024,9,6,8,0,Friday,08:00,Suspected Serious Injury,Daylight,Clear,Motor Vehicle-In-Transport On Same Roadway,None,THP District 7 - Lawrenceburg,THP,Unbelted,-,-,-,-,-,-,-,-,-,ATV_Involved,-,-,Lewis,Not in City Limit,6
53414,400142704,0,3,35.62766,-88.84018,8,2024-09-06 07:10:00,2024,9,6,7,10,Friday,07:10,Suspected Serious Injury,Daylight,Clear,Motor Vehicle-In-Transport On Same Roadway,None,JACKSON POLICE DEPT,Other,Unbelted,-,-,-,-,Speeding,-,-,-,-,-,-,-,Madison,Jackson,6
53419,400142717,0,1,35.89539,-83.97714,1,2024-09-06 08:57:00,2024,9,6,8,57,Friday,08:57,Suspected Serious Injury,Daylight,Clear,Pedestrian,None,KNOX CO SHERIFFS OFFICE,Other,Unbelted,-,-,-,-,-,Pedalcyclist,-,-,-,-,-,-,Knox,Not in City Limit,6
53423,400142729,1,0,35.39636,-85.2561,2,2024-09-06 00:00:00,2024,9,6,24,0,Friday,24:00,Fatal,Dark-Lighted,Clear,Standing Tree,None,THP District 2 - Chattanooga,THP,-,-,-,Drug,-,-,-,-,-,-,-,Motorcyclist,-,Bledsoe,Not in City Limit,6
53426,400142750,0,2,35.79114,-88.3915,8,2024-09-04 01:10:00,2024,9,4,1,10,Wednesday,01:10,Suspected Serious Injury,Dark-Lighted,Clear,Guard Rail End,None,THP District 8 - Jackson,THP,Unbelted,-,-,-,-,-,-,-,-,-,-,-,-,Henderson,Parkers Crossroads,4
53433,400142779,0,1,36.12672,-86.71104,3,2024-09-06 12:11:00,2024,9,6,12,11,Friday,12:11,Suspected Serious Injury,Daylight,Clear,Pedestrian,None,METROPOLITAN NASHVILLE POLICE DEPT,Other,Unbelted,-,-,-,-,-,-,Pedestrian,-,-,-,-,-,Davidson,Nashville,6
53435,400142784,0,4,36.25532,-82.96062,5,2024-09-05 22:00:00,2024,9,5,22,0,Thursday,22:00,Suspected Serious Injury,Dark-Not Lighted,Clear,Motor Vehicle-In-Transport On Same Roadway,None,THP District 5 - Fall Branch,THP,Unbelted,-,-,-,-,-,-,-,-,-,-,-,-,Greene,Not in City Limit,5
53442,400142813,0,3,36.13375,-86.82761,3,2024-09-06 00:00:00,2024,9,6,24,0,Friday,24:00,Suspected Serious Injury,Daylight,Clear,Motor Vehicle-In-Transport On Same Roadway,None,METROPOLITAN NASHVILLE POLICE DEPT,Other,Unbelted,-,-,-,-,-,-,-,-,-,-,-,-,Davidson,Nashville,6
53447,400142846,0,1,35.96656,-84.56324,1,2024-09-06 13:42:00,2024,9,6,13,42,Friday,13:42,Suspected Serious Injury,Daylight,Clear,Motor Vehicle-In-Transport On Same Roadway,None,THP District 1 - Knoxville,THP,Unbelted,-,-,-,-,-,-,-,-,-,-,Motorcyclist,-,Morgan,Not in City Limit,6
53448,400142849,2,1,35.80051,-84.87766,6,2024-09-06 08:00:00,2024,9,6,8,0,Friday,08:00,Fatal,Daylight,Clear,Motor Vehicle-In-Transport On Same Roadway,None,THP District 6 - Cookeville,THP,Unbelted,-,-,-,-,-,-,-,-,-,-,-,-,Cumberland,Not in City Limit,6
53451,400142859,0,1,36.27993,-83.52064,5,2024-09-06 13:00:00,2024,9,6,13,0,Friday,13:00,Suspected Serious Injury,Daylight,Clear,Motor Vehicle-In-Transport On Same Roadway,None,THP District 5 - Fall Branch,THP,Unbelted,-,-,-,-,-,-,-,-,-,-,Motorcyclist,-,Grainger,Rutledge,6
53478,400143002,1,0,36.30988,-85.90397,6,2024-09-06 14:28:00,2024,9,6,14,28,Friday,14:28,Fatal,Daylight,Clear,Deer,None,THP District 6 - Cookeville,THP,-,-,-,-,-,Speeding,-,-,-,-,-,Motorcyclist,-,Smith,Not in City Limit,6
53481,400143018,0,1,36.38296,-83.05459,5,2024-09-06 20:51:00,2024,9,6,20,51,Friday,20:51,Suspected Serious Injury,Dark-Not Lighted,Clear,Pedestrian,None,THP District 5 - Fall Branch,THP,Unbelted,-,-,-,-,-,-,Pedestrian,-,-,-,-,-,Hawkins,Not in City Limit,6
53482,400143019,2,2,36.26438,-86.44033,3,2024-09-06 12:18:00,2024,9,6,12,18,Friday,12:18,Fatal,Daylight,Clear,Motor Vehicle-In-Transport On Same Roadway,None,THP District 3 - Nashville,THP,Unbelted,-,-,Drug,-,-,-,-,-,-,-,-,-,Wilson,Lebanon,6
53495,400143061,0,1,36.21816,-86.80348,3,2024-09-06 21:08:00,2024,9,6,21,8,Friday,21:08,Suspected Serious Injury,Dark-Lighted,Rain,Motor Vehicle-In-Transport On Same Roadway,None,METROPOLITAN NASHVILLE POLICE DEPT,Other,Unbelted,-,-,-,-,-,-,-,-,-,-,-,-,Davidson,Nashville,6
53498,400143077,0,1,36.21061,-88.38502,8,2024-09-06 22:26:00,2024,9,6,22,26,Friday,22:26,Suspected Serious Injury,Dark-Lighted,Cloudy,Standing Tree,None,THP District 8 - Jackson,THP,Unbelted,-,Drinking,Drug,-,Speeding,-,-,-,-,-,-,-,Henry,Not in City Limit,6
53500,400143086,0,1,35.02397,-84.33914,2,2024-09-06 00:00:00,2024,9,6,24,0,Friday,24:00,Suspected Serious Injury,Dark-Not Lighted,Clear,Guard Rail Face,None,POLK CO SHERIFFS DEPT,Other,-,-,Drinking,-,-,Speeding,-,-,-,-,-,Motorcyclist,-,Polk,Not in City Limit,6
53506,400143107,0,1,35.74123,-86.33535,3,2024-09-07 01:32:00,2024,9,7,1,32,Saturday,01:32,Suspected Serious Injury,Dark-Not Lighted,Clear,Motor Vehicle-In-Transport On Same Roadway,None,THP District 3 - Nashville,THP,Unbelted,-,-,-,-,-,-,-,-,-,ATV_Involved,-,Direct,Rutherford,Not in City Limit,7
53507,400143113,0,1,35.89238,-83.25057,5,2024-09-06 06:35:00,2024,9,6,6,35,Friday,06:35,Suspected Serious Injury,Dark-Not Lighted,Clear,Standing Tree,None,COCKE CO SHERIFFS DEPT,Other,Unbelted,-,-,-,-,-,-,-,-,-,-,-,-,Cocke,Not in City Limit,6
53512,400143131,0,1,35.80497,-88.99095,4,2024-09-05 09:10:00,2024,9,5,9,10,Thursday,09:10,Suspected Serious Injury,Daylight,Clear,Embankment Earth,None,THP District 4 - Memphis,THP,Unbelted,-,-,-,-,-,-,-,-,-,-,-,-,Crockett,Not in City Limit,5
53517,400143146,1,0,36.3275,-86.88601,3,2024-09-07 00:00:00,2024,9,7,24,0,Saturday,24:00,Fatal,Dark-Not Lighted,Clear,Standing Tree,None,METROPOLITAN NASHVILLE POLICE DEPT,Other,Unbelted,-,Drinking,-,-,Speeding,-,-,-,-,-,-,-,Davidson,Nashville,7
53519,400143154,0,1,35.88601,-86.66343,3,2024-09-07 07:51:00,2024,9,7,7,51,Saturday,07:51,Suspected Serious Injury,Daylight,Clear,Motor Vehicle-In-Transport On Same Roadway,None,WILLIAMSON CO SHERIFFS OFFICE,Other,Unbelted,-,-,-,-,-,-,-,-,-,-,Motorcyclist,-,Williamson,Not in City Limit,7
53524,400143171,0,1,36.17282,-83.97895,1,2024-09-07 09:20:00,2024,9,7,9,20,Saturday,09:20,Suspected Serious Injury,Daylight,Clear,Standing Tree,None,THP District 1 - Knoxville,THP,Unbelted,-,-,-,-,-,-,-,-,-,-,-,-,Anderson,Not in City Limit,7
53527,400143180,0,1,36.10302,-86.83827,3,2024-09-07 00:00:00,2024,9,7,24,0,Saturday,24:00,Suspected Serious Injury,Daylight,Clear,Pedestrian,None,METROPOLITAN NASHVILLE POLICE DEPT,Other,Unbelted,-,-,-,-,-,-,Pedestrian,-,-,-,-,-,Davidson,Nashville,7
53533,400143198,0,2,35.23679,-88.6188,8,2024-09-07 09:41:00,2024,9,7,9,41,Saturday,09:41,Suspected Serious Injury,Daylight,Clear,Embankment Earth,None,THP District 8 - Jackson,THP,Unbelted,Distracted,-,-,-,-,-,-,-,-,-,-,-,McNairy,Bethel Springs,7