OBJECTID,MRN,Fatality,Injury,Latitude,Longitude,THP_District,Collision_Date,Collision_Year,Collision_Month,Collision_Day,Collision_Hour,Collision_Min,Collision_DOW,Collision_Time,Crash_Type,Light_Condition,Weather,First_Harmfu_Event,Work_Zone_Type,Agency_Name,THP,Unbelted,Distracted_Driver,Driver_Drinking,Driver_Drugged,Drowsy_Driver,Speeding_Involved,Pedalcyclist,Pedestrian,Other_Nonmotorist,ATV_Involved,LargeTruck_Involved,Motorcycle_Involved,SchoolBus,County,City,DOW_Nmb
53537,400143210,0,2,35.95107,-85.82232,6,2024-09-07 04:00:00,2024,9,7,4,0,Saturday,04:00,Suspected Serious Injury,Dark-Not Lighted,Rain,Mail Box,None,THP District 6 - Cookeville,THP,Unbelted,-,-,-,Drowsy,-,-,-,-,-,-,-,-,DeKalb,Smithville,7
53542,400143227,0,1,36.01581,-83.86131,1,2024-09-07 11:28:00,2024,9,7,11,28,Saturday,11:28,Suspected Serious Injury,Daylight,Clear,Ditch,None,KNOXVILLE POLICE DEPT,Other,Unbelted,-,-,-,-,-,-,-,-,-,-,-,-,Knox,Knoxville,7
53550,400143293,0,2,36.03367,-84.97714,6,2024-09-06 15:20:00,2024,9,6,15,20,Friday,15:20,Suspected Serious Injury,Daylight,Clear,Ditch,None,CUMBERLAND CO SHERIFFS OFFICE,Other,Unbelted,-,-,-,-,Speeding,-,-,-,-,-,-,-,Cumberland,Not in City Limit,6
53566,400143344,1,2,36.14896,-86.80427,3,2024-09-07 16:00:00,2024,9,7,16,0,Saturday,16:00,Fatal,Daylight,Clear,Motor Vehicle-In-Transport On Same Roadway,None,METROPOLITAN NASHVILLE POLICE DEPT,Other,Unbelted,-,-,-,-,-,-,-,-,-,-,-,-,Davidson,Nashville,7
53572,400143361,0,1,36.1953,-86.77215,3,2024-09-07 15:00:00,2024,9,7,15,0,Saturday,15:00,Suspected Serious Injury,Daylight,Clear,Motor Vehicle-In-Transport On Same Roadway,None,METROPOLITAN NASHVILLE POLICE DEPT,Other,Unbelted,-,-,-,-,-,-,-,-,-,-,Motorcyclist,-,Davidson,Nashville,7
53575,400143371,0,1,35.11637,-86.43245,7,2024-09-07 15:25:00,2024,9,7,15,25,Saturday,15:25,Suspected Serious Injury,Daylight,Clear,Other Non-Collision,None,THP District 7 - Lawrenceburg,THP,-,-,-,-,-,-,-,-,-,-,-,Motorcyclist,-,Lincoln,Not in City Limit,7
53577,400143378,0,1,35.62,-84.71634,2,2024-09-05 13:10:00,2024,9,5,13,10,Thursday,13:10,Suspected Serious Injury,Daylight,Clear,Motor Vehicle-In-Transport On Same Roadway,None,THP District 2 - Chattanooga,THP,Unbelted,-,-,-,-,-,-,-,-,-,-,Motorcyclist,-,Meigs,Not in City Limit,5
53578,400143380,0,2,35.72071,-84.36966,1,2024-09-07 00:00:00,2024,9,7,24,0,Saturday,24:00,Suspected Serious Injury,Dark-Not Lighted,Clear,Motor Vehicle-In-Transport On Same Roadway,None,LOUDON POLICE DEPT,Other,Unbelted,-,Drinking,-,-,-,-,-,-,-,-,-,-,Loudon,Loudon,7
53579,400143390,1,0,35.29403,-87.02714,7,2024-09-06 19:24:00,2024,9,6,19,24,Friday,19:24,Fatal,Dark-Not Lighted,Clear,Ditch,None,THP District 7 - Lawrenceburg,THP,-,-,-,-,-,-,-,-,-,-,-,Motorcyclist,-,Giles,Not in City Limit,6
53592,400143431,1,0,35.24897,-89.2976,4,2024-09-07 19:09:00,2024,9,7,19,9,Saturday,19:09,Fatal,Daylight,Clear,Embankment Earth,None,THP District 4 - Memphis,THP,-,-,-,-,-,-,-,-,-,-,-,Motorcyclist,-,Fayette,Not in City Limit,7
53595,400143437,0,1,35.01562,-85.28932,2,2024-09-06 21:22:00,2024,9,6,21,22,Friday,21:22,Suspected Serious Injury,,Clear,Motor Vehicle-In-Transport On Same Roadway,None,CHATTANOOGA POLICE DEPT,Other,Unbelted,-,-,-,-,-,-,-,-,-,-,Motorcyclist,-,Hamilton,Chattanooga,6
53601,400143457,1,1,35.36014,-86.23119,2,2024-09-07 00:00:00,2024,9,7,24,0,Saturday,24:00,Fatal,Dark-Not Lighted,Clear,Motor Vehicle-In-Transport On Same Roadway,None,THP District 2 - Chattanooga,THP,Unbelted,-,-,-,-,-,-,-,-,-,-,Motorcyclist,-,Coffee,Tullahoma,7
53611,400143485,0,1,35.54704,-87.2386,7,2024-09-07 23:25:00,2024,9,7,23,25,Saturday,23:25,Suspected Serious Injury,Dark-Not Lighted,Clear,Ditch,None,MAURY CO SHERIFFS DEPT,Other,Unbelted,-,Drinking,-,-,-,-,-,-,-,-,-,-,Maury,Not in City Limit,7
53617,400143508,0,1,36.17241,-87.85771,3,2024-09-07 23:48:00,2024,9,7,23,48,Saturday,23:48,Suspected Serious Injury,Dark-Not Lighted,Clear,Embankment Earth,None,THP District 3 - Nashville,THP,Unbelted,-,-,-,Drowsy,-,-,-,-,-,-,-,-,Humphreys,Not in City Limit,7
53618,400143512,0,1,36.03692,-89.39473,8,2024-09-06 21:14:00,2024,9,6,21,14,Friday,21:14,Suspected Serious Injury,Dark-Lighted,Clear,Motor Vehicle-In-Transport On Same Roadway,None,DYERSBURG POLICE DEPT,Other,-,-,-,-,-,-,-,-,-,-,-,Motorcyclist,-,Dyer,Dyersburg,6
53631,400143564,0,1,35.32177,-87.03061,7,2024-09-07 13:09:00,2024,9,7,13,9,Saturday,13:09,Suspected Serious Injury,Daylight,Clear,Embankment Earth,None,THP District 7 - Lawrenceburg,THP,Unbelted,-,-,Drug,-,-,-,-,-,-,-,-,-,Giles,Not in City Limit,7
53632,400143565,1,0,35.21731,-87.03175,7,2024-09-07 15:20:00,2024,9,7,15,20,Saturday,15:20,Fatal,Daylight,Clear,Embankment Earth,None,THP District 7 - Lawrenceburg,THP,-,-,Drinking,-,-,-,-,-,-,-,-,Motorcyclist,-,Giles,Not in City Limit,7
53634,400143569,0,1,34.99901,-85.28249,2,2024-09-07 00:00:00,2024,9,7,24,0,Saturday,24:00,Suspected Serious Injury,Dark-Lighted,Clear,Utility Pole,None,CHATTANOOGA POLICE DEPT,Other,Unbelted,-,Drinking,Drug,-,Speeding,-,-,-,-,-,-,-,Hamilton,Chattanooga,7
53643,400143616,0,1,35.24332,-88.45022,8,2024-09-08 10:38:00,2024,9,8,10,38,Sunday,10:38,Suspected Serious Injury,Daylight,Clear,Ditch,None,THP District 8 - Jackson,THP,Unbelted,-,-,-,-,-,-,-,-,-,-,-,-,McNairy,Not in City Limit,1
53651,400143660,0,2,36.27334,-84.20042,1,2024-09-07 18:37:00,2024,9,7,18,37,Saturday,18:37,Suspected Serious Injury,Daylight,Clear,Concrete Traffic Barrier,None,THP District 1 - Knoxville,THP,Unbelted,-,Drinking,Drug,-,-,-,-,-,-,-,-,-,Campbell,Not in City Limit,7
53652,400143663,0,1,35.56784,-86.2244,2,2024-09-08 13:06:00,2024,9,8,13,6,Sunday,13:06,Suspected Serious Injury,Daylight,Clear,Ditch,None,THP District 2 - Chattanooga,THP,Unbelted,-,-,-,-,-,-,-,-,-,-,-,-,Coffee,Not in City Limit,1
53660,400143703,0,1,36.1512,-86.77923,3,2024-09-08 15:25:00,2024,9,8,15,25,Sunday,15:25,Suspected Serious Injury,Daylight,Clear,Pedestrian,None,METROPOLITAN NASHVILLE POLICE DEPT,Other,Unbelted,-,-,-,-,-,-,Pedestrian,-,-,-,-,-,Davidson,Nashville,1
53666,400143717,0,1,36.42776,-83.00741,5,2024-09-08 16:57:00,2024,9,8,16,57,Sunday,16:57,Suspected Serious Injury,Daylight,Clear,Ditch,None,THP District 5 - Fall Branch,THP,-,-,-,-,-,Speeding,-,-,-,-,-,Motorcyclist,-,Hawkins,Not in City Limit,1
53679,400143778,0,2,35.97057,-84.61025,1,2024-09-06 00:00:00,2024,9,6,0,0,Friday,00:00,Suspected Serious Injury,Dark-Not Lighted,Clear,"Over Turn, Roll Over",None,THP District 1 - Knoxville,THP,Unbelted,Distracted,-,-,-,Speeding,-,-,-,-,-,-,-,Morgan,Not in City Limit,6
53683,400143798,0,1,35.11304,-89.8021,4,2024-09-08 19:30:00,2024,9,8,19,30,Sunday,19:30,Suspected Serious Injury,Dark-Lighted,Clear,Standing Tree,None,GERMANTOWN POLICE DEPT,Other,Unbelted,-,-,-,-,-,-,-,-,-,-,-,-,Shelby,Germantown,1
53709,400143896,1,1,35.16182,-88.24354,8,2024-09-05 10:26:00,2024,9,5,10,26,Thursday,10:26,Fatal,Daylight,Clear,Motor Vehicle-In-Transport On Same Roadway,None,THP District 8 - Jackson,THP,Unbelted,-,-,Drug,-,-,-,-,-,-,-,-,-,Hardin,Not in City Limit,5
53710,400143907,1,2,36.18227,-86.79957,3,2024-09-08 20:08:00,2024,9,8,20,8,Sunday,20:08,Fatal,Dark-Lighted,Clear,Pedestrian,None,METROPOLITAN NASHVILLE POLICE DEPT,Other,Unbelted,-,-,-,-,-,-,Pedestrian,-,-,-,-,-,Davidson,Nashville,1
53713,400143936,2,0,35.95589,-83.97244,1,2024-09-09 06:12:00,2024,9,9,6,12,Monday,06:12,Fatal,Dark-Lighted,Clear,Guard Rail End,None,KNOXVILLE POLICE DEPT,Other,Unbelted,-,-,-,-,Speeding,-,-,-,-,-,-,-,Knox,Knoxville,2
53715,400143953,0,1,36.07996,-84.49849,1,2024-09-05 14:00:00,2024,9,5,14,0,Thursday,14:00,Suspected Serious Injury,Daylight,Clear,"Over Turn, Roll Over",None,THP District 1 - Knoxville,THP,-,-,Drinking,-,-,-,-,-,-,ATV_Involved,-,-,-,Morgan,Not in City Limit,5
53728,400143997,0,2,36.14557,-82.23143,5,2024-09-08 14:30:00,2024,9,8,14,30,Sunday,14:30,Suspected Serious Injury,Daylight,Clear,Ditch,None,THP District 5 - Fall Branch,THP,-,-,-,-,-,Speeding,-,-,-,-,-,Motorcyclist,-,Unicoi,Not in City Limit,1
53732,400144012,0,1,36.12724,-82.44328,5,2024-09-07 14:00:00,2024,9,7,14,0,Saturday,14:00,Suspected Serious Injury,Daylight,Clear,Cable Barrier,None,THP District 5 - Fall Branch,THP,Unbelted,-,-,-,-,-,-,-,-,-,-,-,-,Unicoi,Erwin,7
53736,400144041,1,3,36.56601,-87.23699,3,2024-09-08 12:10:00,2024,9,8,12,10,Sunday,12:10,Fatal,Daylight,Clear,Motor Vehicle-In-Transport On Same Roadway,None,THP District 3 - Nashville,THP,Unbelted,-,-,Drug,-,-,-,-,-,-,-,-,-,Montgomery,Not in City Limit,1
53739,400144060,0,2,35.73508,-84.03542,1,2024-09-08 14:08:00,2024,9,8,14,8,Sunday,14:08,Suspected Serious Injury,Daylight,Clear,Motor Vehicle-In-Transport On Same Roadway,None,THP District 1 - Knoxville,THP,Unbelted,-,-,Drug,-,-,-,-,-,-,-,-,-,Blount,Not in City Limit,1
53743,400144075,0,1,36.50957,-82.54098,5,2024-09-05 00:00:00,2024,9,5,24,0,Thursday,24:00,Suspected Serious Injury,Dark-Not Lighted,Clear,Motor Vehicle-In-Transport On Same Roadway,Construction Zone,THP District 5 - Fall Branch,THP,-,-,-,-,-,-,-,-,-,-,-,Motorcyclist,-,Sullivan,Not in City Limit,5
53747,400144096,0,1,35.02464,-85.2462,2,2024-09-09 14:30:00,2024,9,9,14,30,Monday,14:30,Suspected Serious Injury,Daylight,Clear,Motor Vehicle-In-Transport On Same Roadway,None,CHATTANOOGA POLICE DEPT,Other,Unbelted,-,-,-,-,-,-,-,-,-,-,-,-,Hamilton,Chattanooga,2
53759,400144198,0,2,35.62515,-88.81291,8,2024-09-09 14:35:00,2024,9,9,14,35,Monday,14:35,Suspected Serious Injury,Daylight,Clear,Motor Vehicle-In-Transport On Same Roadway,Work Zone,JACKSON POLICE DEPT,Other,Unbelted,-,-,-,-,-,-,-,-,-,-,-,-,Madison,Jackson,2
53763,400144207,1,0,35.03894,-89.66279,4,2024-09-07 19:30:00,2024,9,7,19,30,Saturday,19:30,Fatal,Dark-Lighted,Clear,Motor Vehicle-In-Transport On Same Roadway,None,THP District 4 - Memphis,THP,Unbelted,-,-,-,-,-,-,-,-,-,-,-,-,Shelby,Collierville,7
53765,400144218,1,0,36.38934,-85.61702,6,2024-09-08 17:20:00,2024,9,8,17,20,Sunday,17:20,Fatal,Daylight,Clear,Fence,None,THP District 6 - Cookeville,THP,-,-,-,Drug,-,Speeding,-,-,-,-,-,Motorcyclist,-,Jackson,Not in City Limit,1
53768,400144232,0,1,36.34164,-83.30581,5,2024-09-09 16:33:00,2024,9,9,16,33,Monday,16:33,Suspected Serious Injury,Daylight,Clear,Utility Pole,None,THP District 5 - Fall Branch,THP,Unbelted,-,Drinking,-,-,-,-,-,-,-,-,-,-,Grainger,Not in City Limit,2
53769,400144240,0,1,35.50439,-86.51812,7,2024-09-09 13:14:00,2024,9,9,13,14,Monday,13:14,Suspected Serious Injury,Daylight,Clear,Embankment Earth,None,THP District 7 - Lawrenceburg,THP,Unbelted,-,-,-,-,-,-,-,-,-,-,-,-,Bedford,Not in City Limit,2
53773,400144248,0,1,36.05859,-83.6907,5,2024-09-09 17:15:00,2024,9,9,17,15,Monday,17:15,Suspected Serious Injury,Daylight,Clear,Standing Tree,None,THP District 5 - Fall Branch,THP,Unbelted,-,-,-,Drowsy,-,-,-,-,-,-,-,-,Jefferson,Not in City Limit,2
53774,400144251,0,2,34.98837,-85.19159,2,2024-09-09 17:20:00,2024,9,9,17,20,Monday,17:20,Suspected Serious Injury,Daylight,Clear,Motor Vehicle-In-Transport On Same Roadway,None,EAST RIDGE POLICE DEPT,Other,Unbelted,-,-,-,-,-,-,-,-,-,ATV_Involved,-,-,Hamilton,East Ridge,2
53779,400144265,0,1,35.62118,-84.3981,1,2024-09-09 18:10:00,2024,9,9,18,10,Monday,18:10,Suspected Serious Injury,Daylight,Clear,Motor Vehicle-In-Transport On Same Roadway,None,THP District 1 - Knoxville,THP,Unbelted,-,-,-,-,-,-,-,-,-,-,Motorcyclist,-,Monroe,Not in City Limit,2
53781,400144270,1,2,36.00162,-83.97344,1,2024-09-09 20:34:00,2024,9,9,20,34,Monday,20:34,Fatal,Dark-Lighted,Clear,Motor Vehicle-In-Transport On Same Roadway,None,KNOXVILLE POLICE DEPT,Other,Unbelted,-,-,-,-,-,-,-,-,-,-,-,-,Knox,Knoxville,2
53788,400144294,1,0,36.49108,-81.85875,5,2024-09-09 06:16:00,2024,9,9,6,16,Monday,06:16,Fatal,Dark-Lighted,Clear,"Over Turn, Roll Over",None,THP District 5 - Fall Branch,THP,Unbelted,-,-,-,-,-,-,-,-,-,-,-,-,Johnson,Not in City Limit,2
53789,400144296,0,2,35.99843,-86.60165,3,2024-09-09 16:51:00,2024,9,9,16,51,Monday,16:51,Suspected Serious Injury,Daylight,Clear,Motor Vehicle-In-Transport On Same Roadway,None,THP District 3 - Nashville,THP,Unbelted,-,-,-,-,-,-,-,-,-,-,-,-,Rutherford,Lavergne,2
53792,400144301,1,0,36.28662,-87.35547,3,2024-09-09 16:41:00,2024,9,9,16,41,Monday,16:41,Fatal,Daylight,Clear,Embankment Earth,None,THP District 3 - Nashville,THP,Unbelted,-,-,-,-,-,-,-,-,-,-,-,-,Dickson,Not in City Limit,2
53799,400144325,0,1,36.41107,-82.07368,5,2024-09-09 17:09:00,2024,9,9,17,9,Monday,17:09,Suspected Serious Injury,Daylight,Clear,Embankment Rock/Stone/Concrete,None,CARTER CO SHERIFFS DEPT,Other,-,-,-,-,-,-,-,-,-,-,-,Motorcyclist,-,Carter,Not in City Limit,2
53811,400144373,0,1,35.16565,-89.45356,4,2024-09-09 22:08:00,2024,9,9,22,8,Monday,22:08,Suspected Serious Injury,Dark-Not Lighted,Clear,Other Fixed Object,None,FAYETTE CO SHERIFF'S OFFICE,Other,Unbelted,-,-,-,-,-,-,-,-,-,-,-,-,Fayette,Not in City Limit,2
53825,400144459,0,2,35.53025,-87.49202,7,2024-09-10 07:55:00,2024,9,10,7,55,Tuesday,07:55,Suspected Serious Injury,Daylight,Clear,Motor Vehicle-In-Transport On Same Roadway,None,THP District 7 - Lawrenceburg,THP,Unbelted,-,-,-,Drowsy,-,-,-,-,-,-,-,-,Lewis,Not in City Limit,3
53832,400144501,0,1,36.31519,-86.58939,3,2024-09-09 13:07:00,2024,9,9,13,7,Monday,13:07,Suspected Serious Injury,Daylight,Clear,Motor Vehicle-In-Transport On Same Roadway,None,HENDERSONVILLE POLICE DEPT,Other,Unbelted,-,-,-,-,-,-,-,-,-,-,-,-,Sumner,Hendersonville,2
53833,400144504,0,1,36.13905,-86.80507,3,2024-09-10 08:37:00,2024,9,10,8,37,Tuesday,08:37,Suspected Serious Injury,Daylight,Clear,Motor Vehicle-In-Transport On Same Roadway,None,VANDERBILT UNIVERSITY POLICE,Other,Unbelted,-,-,-,-,-,-,-,-,-,-,Motorcyclist,-,Davidson,Nashville,3
53834,400144507,0,1,36.45192,-87.10269,3,2024-09-07 18:46:00,2024,9,7,18,46,Saturday,18:46,Suspected Serious Injury,Daylight,Clear,Motor Vehicle-In-Transport On Same Roadway,None,THP District 3 - Nashville,THP,Unbelted,-,-,-,-,Speeding,-,-,-,-,-,Motorcyclist,-,Robertson,Not in City Limit,7
53838,400144528,0,1,35.69118,-84.53559,1,2024-09-06 15:45:00,2024,9,6,15,45,Friday,15:45,Suspected Serious Injury,Daylight,Clear,Motor Vehicle-In-Transport On Same Roadway,None,THP District 1 - Knoxville,THP,Unbelted,-,-,-,-,-,-,-,-,-,-,-,-,Roane,Not in City Limit,6
53846,400144557,0,2,36.06027,-84.4456,1,2024-09-08 17:59:00,2024,9,8,17,59,Sunday,17:59,Suspected Serious Injury,Daylight,Clear,Motor Vehicle-In-Transport On Same Roadway,None,THP District 1 - Knoxville,THP,Unbelted,-,-,-,-,-,-,-,-,-,-,-,-,Morgan,Not in City Limit,1
53847,400144565,0,2,35.8589,-86.41695,3,2024-09-10 08:55:00,2024,9,10,8,55,Tuesday,08:55,Suspected Serious Injury,Daylight,Clear,Motor Vehicle-In-Transport On Same Roadway,None,MURFREESBORO POLICE DEPT,Other,Unbelted,-,-,-,-,-,-,-,-,-,-,-,-,Rutherford,Murfreesboro,3
53848,400144571,0,2,35.88049,-89.51243,4,2024-09-08 12:55:00,2024,9,8,12,55,Sunday,12:55,Suspected Serious Injury,Daylight,Clear,Ditch,None,THP District 4 - Memphis,THP,Unbelted,-,-,-,-,-,-,-,-,-,-,-,-,Lauderdale,Not in City Limit,1
53854,400144614,0,1,36.01218,-83.76364,1,2024-09-08 01:04:00,2024,9,8,1,4,Sunday,01:04,Suspected Serious Injury,Dark-Not Lighted,Clear,"Over Turn, Roll Over",None,KNOX CO SHERIFFS OFFICE,Other,Unbelted,-,Drinking,-,-,Speeding,-,-,-,-,-,-,-,Knox,Not in City Limit,1
53860,400144640,0,1,36.55547,-87.11629,3,2024-09-07 23:17:00,2024,9,7,23,17,Saturday,23:17,Suspected Serious Injury,Dark-Not Lighted,Clear,Fence,None,THP District 3 - Nashville,THP,-,-,-,-,-,-,-,-,-,-,-,-,-,Robertson,Not in City Limit,7
53866,400144670,0,1,36.47647,-81.81691,5,2024-09-10 14:28:00,2024,9,10,14,28,Tuesday,14:28,Suspected Serious Injury,Daylight,Clear,Motor Vehicle-In-Transport On Same Roadway,None,MOUNTAIN CITY POLICE DEPT,Other,Unbelted,-,-,-,-,-,-,-,-,-,-,Motorcyclist,-,Johnson,Mountain City,3
53874,400144716,0,1,36.4866,-87.54699,3,2024-09-08 18:39:00,2024,9,8,18,39,Sunday,18:39,Suspected Serious Injury,Daylight,Clear,Embankment Material Unknown,None,THP District 3 - Nashville,THP,Unbelted,-,Drinking,-,-,-,-,-,-,-,-,-,-,Montgomery,Not in City Limit,1
53886,400144793,1,2,35.83945,-83.96909,1,2024-09-07 22:18:00,2024,9,7,22,18,Saturday,22:18,Fatal,Dark-Lighted,Clear,Motor Vehicle-In-Transport On Same Roadway,None,ALCOA POLICE DEPARTMENT,Other,Unbelted,-,Drinking,-,-,-,-,-,-,-,-,-,-,Blount,Alcoa,7
53890,400144808,0,1,35.11623,-88.48522,8,2024-09-09 19:40:00,2024,9,9,19,40,Monday,19:40,Suspected Serious Injury,Dark-Not Lighted,Clear,"Over Turn, Roll Over",None,THP District 8 - Jackson,THP,-,-,Drinking,-,-,-,-,-,-,ATV_Involved,-,-,-,McNairy,Not in City Limit,2
53891,400144816,0,1,35.82885,-86.18086,3,2024-09-10 17:30:00,2024,9,10,17,30,Tuesday,17:30,Suspected Serious Injury,Daylight,Clear,Ditch,None,RUTHERFORD CO SHERIFFS DEPT,Other,Unbelted,-,-,-,-,Speeding,-,-,-,-,-,-,-,Rutherford,Not in City Limit,3
53904,400144878,0,1,36.1917,-87.46408,3,2024-09-09 23:41:00,2024,9,9,23,41,Monday,23:41,Suspected Serious Injury,Dark-Not Lighted,Clear,Deer,None,THP District 3 - Nashville,THP,-,-,-,-,-,-,-,-,-,ATV_Involved,-,-,-,Dickson,Not in City Limit,2
53915,400144924,0,2,36.0434,-83.34774,5,2024-09-10 11:25:00,2024,9,10,11,25,Tuesday,11:25,Suspected Serious Injury,Daylight,Clear,Motor Vehicle-In-Transport On Same Roadway,None,THP District 5 - Fall Branch,THP,Unbelted,-,-,-,-,-,-,-,-,-,-,-,-,Jefferson,Not in City Limit,3
53917,400144932,0,1,35.84404,-86.90682,3,2024-09-11 01:00:00,2024,9,11,1,0,Wednesday,01:00,Suspected Serious Injury,Dark-Not Lighted,Clear,Standing Tree,None,THP District 3 - Nashville,THP,Unbelted,-,-,-,Drowsy,-,-,-,-,-,-,-,-,Williamson,Not in City Limit,4
53929,400144970,0,2,35.97498,-86.88696,3,2024-09-09 23:17:00,2024,9,9,23,17,Monday,23:17,Suspected Serious Injury,Dark-Lighted,Clear,Curb,None,THP District 3 - Nashville,THP,Unbelted,Distracted,-,-,-,-,-,-,-,-,-,-,-,Williamson,Not in City Limit,2
53951,400145125,0,1,35.47802,-84.68001,2,2024-09-11 10:19:00,2024,9,11,10,19,Wednesday,10:19,Suspected Serious Injury,Daylight,Clear,Motor Vehicle-In-Transport On Same Roadway,None,THP District 2 - Chattanooga,THP,Unbelted,-,-,-,-,-,-,-,-,-,-,-,-,McMinn,Not in City Limit,4
53973,400145247,0,2,36.27326,-85.38699,6,2024-09-11 17:22:00,2024,9,11,17,22,Wednesday,17:22,Suspected Serious Injury,Daylight,Clear,Motor Vehicle-In-Transport On Same Roadway,None,THP District 6 - Cookeville,THP,Unbelted,-,-,-,-,-,-,-,-,-,-,-,-,Overton,Not in City Limit,4
53974,400145248,0,5,35.26863,-89.653,4,2024-09-06 06:31:00,2024,9,6,6,31,Friday,06:31,Suspected Serious Injury,,Clear,Motor Vehicle-In-Transport On Same Roadway,None,THP District 4 - Memphis,THP,Unbelted,-,-,-,-,-,-,-,-,-,ATV_Involved,-,-,Shelby,Arlington,6
53977,400145256,0,1,35.90365,-84.96459,6,2024-09-11 00:44:00,2024,9,11,0,44,Wednesday,00:44,Suspected Serious Injury,Dark-Not Lighted,Clear,Deer,None,THP District 6 - Cookeville,THP,-,-,-,-,-,-,-,-,-,-,-,Motorcyclist,-,Cumberland,Not in City Limit,4
53989,400145305,1,1,36.40367,-86.78007,3,2024-09-10 14:50:00,2024,9,10,14,50,Tuesday,14:50,Fatal,Daylight,Clear,Motor Vehicle-In-Transport On Same Roadway,None,THP District 3 - Nashville,THP,Unbelted,-,-,-,-,-,-,-,-,-,-,Motorcyclist,-,Robertson,Greenbrier,3
53998,400145326,0,1,35.89763,-83.7979,1,2024-09-11 20:13:00,2024,9,11,20,13,Wednesday,20:13,Suspected Serious Injury,Dark-Unknown Lighting,Clear,Guard Rail Face,None,KNOX CO SHERIFFS OFFICE,Other,-,-,Drinking,-,-,Speeding,-,-,-,-,-,Motorcyclist,-,Knox,Not in City Limit,4
54004,400145375,0,2,35.7624,-83.97795,1,2024-09-11 14:44:00,2024,9,11,14,44,Wednesday,14:44,Suspected Serious Injury,Daylight,Clear,Motor Vehicle-In-Transport On Same Roadway,None,ALCOA POLICE DEPARTMENT,Other,Unbelted,-,-,-,-,-,-,-,-,-,-,-,-,Blount,Alcoa,4
54011,400145403,0,6,35.97626,-89.34055,8,2024-09-05 06:25:00,2024,9,5,6,25,Thursday,06:25,Suspected Serious Injury,Dawn,Clear,Motor Vehicle-In-Transport On Same Roadway,None,THP District 8 - Jackson,THP,Unbelted,-,-,-,-,-,-,-,-,-,-,-,-,Dyer,Not in City Limit,5
54026,400145483,0,3,35.96952,-83.98003,1,2024-09-12 07:18:00,2024,9,12,7,18,Thursday,07:18,Suspected Serious Injury,Daylight,Clear,Motor Vehicle-In-Transport On Same Roadway,None,KNOXVILLE POLICE DEPT,Other,Unbelted,-,-,-,-,-,-,-,-,-,-,-,-,Knox,Knoxville,5
54036,400145547,1,0,36.11829,-86.76843,3,2024-09-12 12:10:00,2024,9,12,12,10,Thursday,12:10,Fatal,Daylight,Clear,Motor Vehicle-In-Transport On Same Roadway,None,METROPOLITAN NASHVILLE POLICE DEPT,Other,Unbelted,Distracted,-,-,-,-,-,-,-,-,-,-,-,Davidson,Berry Hill,5
54038,400145558,0,1,35.75958,-86.79187,3,2024-09-12 12:50:00,2024,9,12,12,50,Thursday,12:50,Suspected Serious Injury,Daylight,Cloudy,"Over Turn, Roll Over",None,WILLIAMSON CO SHERIFFS OFFICE,Other,-,-,-,-,-,-,-,-,-,-,-,Motorcyclist,-,Williamson,Not in City Limit,5
54050,400145635,0,5,35.9944,-86.4928,3,2024-09-11 19:56:00,2024,9,11,19,56,Wednesday,19:56,Suspected Serious Injury,Dark-Lighted,Clear,Motor Vehicle-In-Transport On Same Roadway,None,SMYRNA POLICE DEPT,Other,Unbelted,-,-,-,-,-,-,-,-,-,-,-,-,Rutherford,Smyrna,4
54067,400145723,0,1,35.93428,-83.90605,1,2024-09-12 16:17:00,2024,9,12,16,17,Thursday,16:17,Suspected Serious Injury,Daylight,Clear,Motor Vehicle-In-Transport On Same Roadway,None,KNOXVILLE POLICE DEPT,Other,Unbelted,-,-,-,-,-,-,Pedestrian,-,-,-,-,-,Knox,Knoxville,5
54073,400145770,0,1,35.14598,-85.77517,2,2024-09-12 05:25:00,2024,9,12,5,25,Thursday,05:25,Suspected Serious Injury,Dark-Not Lighted,Clear,Embankment Earth,None,THP District 2 - Chattanooga,THP,Unbelted,-,-,-,-,-,-,-,-,-,ATV_Involved,-,-,Marion,Not in City Limit,5
54075,400145777,0,2,36.58464,-86.2359,3,2024-09-10 19:29:00,2024,9,10,19,29,Tuesday,19:29,Suspected Serious Injury,Dark-Not Lighted,Clear,Deer,None,THP District 3 - Nashville,THP,-,-,-,-,-,-,-,-,-,-,-,Motorcyclist,-,Sumner,Not in City Limit,3
54077,400145792,0,3,35.87073,-83.75707,1,2024-09-12 20:54:00,2024,9,12,20,54,Thursday,20:54,Suspected Serious Injury,Dark-Lighted,Rain,Motor Vehicle-In-Transport On Same Roadway,None,THP District 1 - Knoxville,THP,Unbelted,-,-,-,-,-,-,-,-,-,-,-,-,Sevier,Not in City Limit,5
54078,400145793,0,1,34.99827,-85.09055,2,2024-08-28 15:24:00,2024,8,28,15,24,Wednesday,15:24,Suspected Serious Injury,Daylight,Clear,Standing Tree,None,HAMILTON COUNTY SHERIFF'S OFFICE,Other,Unbelted,-,-,-,-,-,-,-,-,-,-,-,-,Hamilton,Not in City Limit,4