OBJECTID,MRN,Fatality,Injury,Latitude,Longitude,THP_District,Collision_Date,Collision_Year,Collision_Month,Collision_Day,Collision_Hour,Collision_Min,Collision_DOW,Collision_Time,Crash_Type,Light_Condition,Weather,First_Harmfu_Event,Work_Zone_Type,Agency_Name,THP,Unbelted,Distracted_Driver,Driver_Drinking,Driver_Drugged,Drowsy_Driver,Speeding_Involved,Pedalcyclist,Pedestrian,Other_Nonmotorist,ATV_Involved,LargeTruck_Involved,Motorcycle_Involved,SchoolBus,County,City,DOW_Nmb
54081,400145804,1,5,36.22766,-86.75961,3,2024-09-12 15:51:00,2024,9,12,15,51,Thursday,15:51,Fatal,Daylight,Rain,Motor Vehicle-In-Transport On Same Roadway,None,METROPOLITAN NASHVILLE POLICE DEPT,Other,Unbelted,-,Drinking,Drug,-,-,-,-,-,-,-,-,-,Davidson,Nashville,5
54088,400145838,0,2,36.13017,-86.90076,3,2024-09-12 22:23:00,2024,9,12,22,23,Thursday,22:23,Suspected Serious Injury,Dark-Lighted,Clear,Motor Vehicle-In-Transport On Same Roadway,None,METROPOLITAN NASHVILLE POLICE DEPT,Other,Unbelted,Distracted,-,-,-,-,-,-,-,-,-,-,-,Davidson,Nashville,5
54095,400145886,2,0,36.18506,-83.26096,5,2024-09-12 08:30:00,2024,9,12,8,30,Thursday,08:30,Fatal,Daylight,Clear,Guard Rail Face,None,THP District 5 - Fall Branch,THP,-,-,Drinking,Drug,-,-,-,-,-,-,-,Motorcyclist,-,Hamblen,Not in City Limit,5
54113,400146004,0,2,35.3877,-88.89461,4,2024-09-12 17:55:00,2024,9,12,17,55,Thursday,17:55,Suspected Serious Injury,Daylight,Rain,Motor Vehicle-In-Transport On Same Roadway,None,THP District 4 - Memphis,THP,Unbelted,-,Drinking,-,-,Speeding,-,-,-,-,ATV_Involved,-,-,Hardeman,Not in City Limit,5
54120,400146027,0,1,35.01296,-85.22828,2,2024-09-13 10:45:00,2024,9,13,10,45,Friday,10:45,Suspected Serious Injury,Daylight,Rain,Motor Vehicle-In-Transport On Same Roadway,None,CHATTANOOGA POLICE DEPT,Other,Unbelted,-,-,-,-,-,-,-,-,-,-,Motorcyclist,-,Hamilton,Chattanooga,6
54124,400146050,0,3,35.01087,-85.70591,2,2024-09-13 07:55:00,2024,9,13,7,55,Friday,07:55,Suspected Serious Injury,Daylight,Rain,Motor Vehicle-In-Transport On Same Roadway,None,SOUTH PITTSBURG POLICE DEPT,Other,Unbelted,-,-,-,-,-,-,-,-,-,-,-,-,Marion,South Pittsburg,6
54125,400146052,0,2,35.7352,-89.07647,4,2024-09-13 10:08:00,2024,9,13,10,8,Friday,10:08,Suspected Serious Injury,Daylight,Rain,Motor Vehicle-In-Transport On Same Roadway,None,THP District 4 - Memphis,THP,Unbelted,Distracted,-,-,-,-,-,-,-,-,ATV_Involved,-,-,Crockett,Not in City Limit,6
54146,400146168,0,2,35.08659,-85.06685,2,2024-09-13 15:56:00,2024,9,13,15,56,Friday,15:56,Suspected Serious Injury,Daylight,Clear,Motor Vehicle-In-Transport On Same Roadway,None,THP District 2 - Chattanooga,THP,Unbelted,-,-,-,-,-,-,-,-,-,-,Motorcyclist,-,Hamilton,Chattanooga,6
54156,400146206,0,1,36.14173,-86.77868,3,2024-09-13 16:19:00,2024,9,13,16,19,Friday,16:19,Suspected Serious Injury,Daylight,Clear,Pedestrian,None,METROPOLITAN NASHVILLE POLICE DEPT,Other,Unbelted,-,-,-,-,-,-,Pedestrian,-,-,-,-,-,Davidson,Nashville,6
54166,400146239,0,4,35.89947,-86.84916,3,2024-09-13 17:12:00,2024,9,13,17,12,Friday,17:12,Suspected Serious Injury,Daylight,Clear,Motor Vehicle-In-Transport On Same Roadway,None,FRANKLIN POLICE DEPT,Other,Unbelted,-,-,-,-,-,-,-,-,-,-,-,-,Williamson,Franklin,6
54190,400146320,0,1,35.82274,-86.88696,3,2024-09-13 21:03:00,2024,9,13,21,3,Friday,21:03,Suspected Serious Injury,Dark-Lighted,Clear,Embankment Earth,None,THP District 3 - Nashville,THP,Unbelted,Distracted,-,-,-,-,-,-,-,-,-,-,-,Williamson,Thompson's Station,6
54195,400146331,0,1,35.43043,-84.64879,2,2024-09-04 23:02:00,2024,9,4,23,2,Wednesday,23:02,Suspected Serious Injury,Dark-Not Lighted,Clear,Motor Vehicle-In-Transport On Same Roadway,None,THP District 2 - Chattanooga,THP,Unbelted,-,-,-,-,Speeding,-,-,-,-,-,Motorcyclist,-,McMinn,Not in City Limit,4
54201,400146346,0,1,35.05423,-85.26515,2,2024-09-13 20:40:00,2024,9,13,20,40,Friday,20:40,Suspected Serious Injury,Dark-Lighted,Clear,Motor Vehicle-In-Transport On Same Roadway,None,CHATTANOOGA POLICE DEPT,Other,Unbelted,-,-,-,-,-,-,-,-,-,-,-,-,Hamilton,Chattanooga,6
54207,400146354,0,1,36.00645,-84.27951,1,2024-09-11 09:48:00,2024,9,11,9,48,Wednesday,09:48,Suspected Serious Injury,Daylight,Clear,Motor Vehicle-In-Transport On Same Roadway,None,OAK RIDGE POLICE DEPT,Other,Unbelted,-,-,-,-,-,-,-,-,-,-,-,-,Anderson,Oak Ridge,4
54219,400146415,0,2,36.07679,-86.69,3,2024-09-14 00:58:00,2024,9,14,0,58,Saturday,00:58,Suspected Serious Injury,Dark-Lighted,Clear,Standing Tree,None,METROPOLITAN NASHVILLE POLICE DEPT,Other,Unbelted,-,-,-,-,-,-,-,-,-,-,-,-,Davidson,Nashville,7
54225,400146444,0,4,35.07452,-85.1708,2,2024-09-08 07:25:00,2024,9,8,7,25,Sunday,07:25,Suspected Serious Injury,Dawn,Clear,Motor Vehicle-In-Transport On Same Roadway,None,THP District 2 - Chattanooga,THP,Unbelted,-,-,-,-,-,-,-,-,-,-,-,-,Hamilton,Chattanooga,1
54242,400146497,0,1,36.19333,-88.0916,8,2024-09-14 07:37:00,2024,9,14,7,37,Saturday,07:37,Suspected Serious Injury,Daylight,Rain,Culvert,None,THP District 8 - Jackson,THP,Unbelted,-,-,-,Drowsy,-,-,-,-,-,-,-,-,Benton,Not in City Limit,7
54246,400146512,0,2,35.95111,-83.20054,5,2024-09-14 10:50:00,2024,9,14,10,50,Saturday,10:50,Suspected Serious Injury,Daylight,Clear,Motor Vehicle-In-Transport On Same Roadway,None,NEWPORT POLICE DEPT,Other,Unbelted,-,-,-,-,-,-,-,-,-,-,Motorcyclist,-,Cocke,Newport,7
54250,400146530,0,2,35.73289,-83.93503,1,2024-09-14 11:29:00,2024,9,14,11,29,Saturday,11:29,Suspected Serious Injury,Daylight,Clear,Motor Vehicle-In-Transport On Same Roadway,None,BLOUNT CO SHERIFFS DEPT,Other,Unbelted,-,-,-,-,-,-,-,-,-,-,Motorcyclist,-,Blount,Not in City Limit,7
54252,400146541,0,1,36.31016,-82.72408,5,2024-09-14 09:52:00,2024,9,14,9,52,Saturday,09:52,Suspected Serious Injury,Daylight,Clear,Culvert,None,THP District 5 - Fall Branch,THP,Unbelted,-,-,-,-,-,-,-,-,-,-,-,-,Greene,Not in City Limit,7
54256,400146553,0,2,36.5455,-83.67227,5,2024-09-14 09:05:00,2024,9,14,9,5,Saturday,09:05,Suspected Serious Injury,Daylight,Clear,Motor Vehicle-In-Transport On Same Roadway,None,THP District 5 - Fall Branch,THP,Unbelted,-,-,-,-,-,-,-,-,-,-,-,-,Claiborne,Not in City Limit,7
54261,400146575,1,2,35.72533,-85.19061,2,2024-09-14 09:30:00,2024,9,14,9,30,Saturday,09:30,Fatal,Daylight,Clear,"Over Turn, Roll Over",None,THP District 2 - Chattanooga,THP,-,-,-,-,-,Speeding,-,-,-,-,-,-,-,Bledsoe,Not in City Limit,7
54264,400146590,0,1,36.493,-87.54566,3,2024-09-13 23:20:00,2024,9,13,23,20,Friday,23:20,Suspected Serious Injury,,Clear,Standing Tree,None,MONTGOMERY CO SHERIFFS OFFICE,Other,Unbelted,-,Drinking,-,-,-,-,-,-,-,-,-,-,Montgomery,Not in City Limit,6
54278,400146645,0,3,35.12559,-85.22892,2,2024-09-14 14:22:00,2024,9,14,14,22,Saturday,14:22,Suspected Serious Injury,Daylight,Rain,Motor Vehicle-In-Transport On Same Roadway,None,CHATTANOOGA POLICE DEPT,Other,Unbelted,-,-,-,-,Speeding,-,-,-,-,-,-,-,Hamilton,Chattanooga,7
54286,400146688,0,1,36.0399,-88.18495,8,2024-09-10 07:58:00,2024,9,10,7,58,Tuesday,07:58,Suspected Serious Injury,Daylight,Clear,Ditch,None,THP District 8 - Jackson,THP,Unbelted,-,-,-,-,-,-,-,-,-,-,-,-,Benton,Not in City Limit,3
54294,400146712,0,1,35.91013,-84.56403,1,2024-09-14 11:59:00,2024,9,14,11,59,Saturday,11:59,Suspected Serious Injury,Daylight,Clear,Other Non-Fixed Object,None,HARRIMAN POLICE DEPT,Other,-,-,-,Drug,-,-,-,-,-,-,-,Motorcyclist,-,Roane,Harriman,7
54296,400146716,0,1,36.10465,-85.6992,6,2024-09-14 17:30:00,2024,9,14,17,30,Saturday,17:30,Suspected Serious Injury,Daylight,Rain,"Over Turn, Roll Over",None,THP District 6 - Cookeville,THP,Unbelted,-,-,Drug,-,-,-,-,-,-,-,-,-,Putnam,Not in City Limit,7
54306,400146757,0,2,36.48243,-87.17742,3,2024-09-13 21:05:00,2024,9,13,21,5,Friday,21:05,Suspected Serious Injury,Dark-Lighted,Clear,Standing Tree,None,THP District 3 - Nashville,THP,Unbelted,-,Drinking,Drug,-,-,-,-,-,-,-,-,-,Montgomery,Not in City Limit,6
54307,400146759,0,2,36.38704,-81.86781,5,2024-09-14 16:41:00,2024,9,14,16,41,Saturday,16:41,Suspected Serious Injury,Daylight,Clear,Motor Vehicle-In-Transport On Same Roadway,None,THP District 5 - Fall Branch,THP,Unbelted,-,-,-,-,-,-,-,-,-,-,-,-,Johnson,Not in City Limit,7
54308,400146766,0,1,36.3227,-82.19994,5,2024-09-14 19:33:00,2024,9,14,19,33,Saturday,19:33,Suspected Serious Injury,Dark-Lighted,Clear,Culvert,None,ELIZABETHTON POLICE DEPT,Other,Unbelted,-,-,-,-,-,-,-,-,-,-,-,-,Carter,Elizabethton,7
54313,400146785,0,1,35.68684,-83.72377,1,2024-09-14 20:17:00,2024,9,14,20,17,Saturday,20:17,Suspected Serious Injury,Dark-Not Lighted,Clear,Ditch,None,BLOUNT CO SHERIFFS DEPT,Other,-,-,-,-,-,-,-,-,-,-,-,Motorcyclist,-,Blount,Not in City Limit,7
54320,400146817,0,1,35.61383,-87.03773,7,2024-09-14 19:55:00,2024,9,14,19,55,Saturday,19:55,Suspected Serious Injury,Dawn,Rain,Motor Vehicle-In-Transport On Same Roadway,None,COLUMBIA POLICE DEPT,Other,-,Distracted,-,-,-,-,-,-,-,ATV_Involved,-,-,-,Maury,Columbia,7
54326,400146840,0,4,35.49054,-85.76323,2,2024-09-14 18:33:00,2024,9,14,18,33,Saturday,18:33,Suspected Serious Injury,Dark-Not Lighted,Rain,Standing Tree,None,THP District 2 - Chattanooga,THP,Unbelted,-,-,-,-,Speeding,-,-,-,-,-,-,-,Grundy,Not in City Limit,7
54340,400146889,1,0,35.77993,-86.86342,3,2024-09-15 01:25:00,2024,9,15,1,25,Sunday,01:25,Fatal,Dark-Lighted,Rain,Guard Rail End,None,THP District 3 - Nashville,THP,Unbelted,-,-,-,-,Speeding,-,-,-,-,-,-,-,Williamson,Spring Hill,1
54351,400146916,0,1,35.07777,-85.20668,2,2024-09-15 05:05:00,2024,9,15,5,5,Sunday,05:05,Suspected Serious Injury,Dark-Lighted,Clear,Ditch,None,CHATTANOOGA POLICE DEPT,Other,Unbelted,-,Drinking,Drug,-,-,-,-,-,-,-,-,-,Hamilton,Chattanooga,1
54363,400146964,1,0,35.5385,-86.69284,7,2024-09-14 14:35:00,2024,9,14,14,35,Saturday,14:35,Fatal,Daylight,Rain,Motor Vehicle-In-Transport On Same Roadway,None,THP District 7 - Lawrenceburg,THP,Unbelted,-,-,Drug,-,-,-,-,-,-,-,-,-,Marshall,Not in City Limit,7
54367,400147006,1,0,35.04305,-86.95496,7,2024-09-13 00:00:00,2024,9,13,24,0,Friday,24:00,Fatal,Dark-Not Lighted,Unknown,Ditch,None,THP District 7 - Lawrenceburg,THP,-,-,Drinking,-,-,-,-,-,-,-,-,Motorcyclist,-,Giles,Not in City Limit,6
54380,400147086,0,1,36.19148,-85.56799,6,2024-09-15 10:33:00,2024,9,15,10,33,Sunday,10:33,Suspected Serious Injury,Daylight,Clear,"Over Turn, Roll Over",None,THP District 6 - Cookeville,THP,-,-,-,-,-,-,-,-,-,-,-,Motorcyclist,-,Putnam,Not in City Limit,1
54387,400147119,0,1,35.91846,-89.60809,4,2024-09-15 00:00:00,2024,9,15,24,0,Sunday,24:00,Suspected Serious Injury,Unknown,Unknown,"Over Turn, Roll Over",None,THP District 4 - Memphis,THP,Unbelted,-,-,-,-,-,-,-,-,-,ATV_Involved,-,-,Lauderdale,Not in City Limit,1
54389,400147122,0,1,35.59887,-88.01407,7,2024-09-13 18:40:00,2024,9,13,18,40,Friday,18:40,Suspected Serious Injury,Daylight,Rain,Ditch,None,THP District 7 - Lawrenceburg,THP,Unbelted,-,-,-,-,-,-,-,-,-,-,-,-,Perry,Not in City Limit,6
54391,400147132,0,5,36.38254,-84.90669,6,2024-09-15 12:25:00,2024,9,15,12,25,Sunday,12:25,Suspected Serious Injury,Daylight,Clear,Motor Vehicle-In-Transport On Same Roadway,None,THP District 6 - Cookeville,THP,Unbelted,-,-,-,-,-,-,-,-,-,-,-,-,Fentress,Not in City Limit,1
54399,400147148,0,1,36.44032,-82.37076,5,2024-09-13 15:54:00,2024,9,13,15,54,Friday,15:54,Suspected Serious Injury,Daylight,Clear,Guard Rail Face,None,SULLIVAN CO SHERIFFS DEPT,Other,-,-,-,-,-,-,-,-,-,-,-,Motorcyclist,-,Sullivan,Not in City Limit,6
54402,400147157,0,2,36.56053,-82.08339,5,2024-09-15 14:58:00,2024,9,15,14,58,Sunday,14:58,Suspected Serious Injury,Daylight,Clear,Motor Vehicle-In-Transport On Same Roadway,None,THP District 5 - Fall Branch,THP,Unbelted,Distracted,-,-,-,-,-,-,-,-,-,Motorcyclist,-,Sullivan,Not in City Limit,1
54407,400147190,0,1,35.0777,-84.50679,2,2024-09-15 15:25:00,2024,9,15,15,25,Sunday,15:25,Suspected Serious Injury,Daylight,Clear,Motor Vehicle-In-Transport On Same Roadway,None,THP District 2 - Chattanooga,THP,Unbelted,-,-,-,-,-,-,-,-,-,-,Motorcyclist,-,Polk,Not in City Limit,1
54410,400147201,0,1,35.99888,-86.60216,3,2024-09-15 16:06:00,2024,9,15,16,6,Sunday,16:06,Suspected Serious Injury,Daylight,Clear,Motor Vehicle-In-Transport On Same Roadway,None,THP District 3 - Nashville,THP,Unbelted,-,-,-,-,Speeding,-,-,-,-,-,-,-,Rutherford,Lavergne,1
54412,400147217,0,1,36.11369,-83.34193,5,2024-09-15 19:37:00,2024,9,15,19,37,Sunday,19:37,Suspected Serious Injury,Dusk,Clear,"Over Turn, Roll Over",None,WHITE PINE POLICE DEPT,Other,-,-,Drinking,-,-,-,-,-,-,-,-,Motorcyclist,-,Jefferson,White Pine,1
54423,400147273,1,0,36.21724,-86.4953,3,2024-09-15 03:29:00,2024,9,15,3,29,Sunday,03:29,Fatal,Dark-Not Lighted,Clear,Standing Tree,None,THP District 3 - Nashville,THP,Unbelted,-,-,-,-,-,-,-,-,-,-,-,-,Wilson,Mount Juliet,1
54424,400147274,0,1,36.05276,-86.67398,3,2024-09-15 22:00:00,2024,9,15,22,0,Sunday,22:00,Suspected Serious Injury,Dark-Lighted,Clear,Motor Vehicle-In-Transport On Same Roadway,None,METROPOLITAN NASHVILLE POLICE DEPT,Other,Unbelted,-,Drinking,Drug,-,-,-,-,-,-,-,Motorcyclist,-,Davidson,Nashville,1
54425,400147275,0,1,35.85142,-86.46952,3,2024-09-15 18:34:00,2024,9,15,18,34,Sunday,18:34,Suspected Serious Injury,Daylight,Cloudy,Pedestrian,None,MURFREESBORO POLICE DEPT,Other,Unbelted,Distracted,-,-,-,-,-,Pedestrian,-,-,-,-,-,Rutherford,Murfreesboro,1
54430,400147290,0,1,35.96996,-83.61027,1,2024-09-14 19:12:00,2024,9,14,19,12,Saturday,19:12,Suspected Serious Injury,,Clear,Other Non-Collision,None,SEVIER CO SHERIFFS OFFICE,Other,-,-,-,-,-,-,-,-,-,-,-,Motorcyclist,-,Sevier,Not in City Limit,7
54432,400147292,2,0,36.01169,-83.96989,1,2024-09-15 20:57:00,2024,9,15,20,57,Sunday,20:57,Fatal,Dark-Lighted,Cloudy,Motor Vehicle-In-Transport On Same Roadway,None,KNOXVILLE POLICE DEPT,Other,Unbelted,-,-,Drug,-,-,-,-,-,-,ATV_Involved,Motorcyclist,-,Knox,Knoxville,1
54437,400147312,0,2,35.82596,-83.5049,1,2024-09-13 18:15:00,2024,9,13,18,15,Friday,18:15,Suspected Serious Injury,Daylight,Clear,Motor Vehicle-In-Transport On Same Roadway,None,SEVIER CO SHERIFFS OFFICE,Other,Unbelted,-,-,-,-,-,-,-,-,-,-,-,-,Sevier,Not in City Limit,6
54438,400147313,1,0,35.92116,-83.34598,5,2024-09-15 23:23:00,2024,9,15,23,23,Sunday,23:23,Fatal,Dark-Not Lighted,Clear,Embankment Earth,None,THP District 5 - Fall Branch,THP,Unbelted,-,-,-,-,Speeding,-,-,-,-,-,-,-,Jefferson,Not in City Limit,1
54455,400147381,1,1,35.1162,-85.26292,2,2024-09-13 06:56:00,2024,9,13,6,56,Friday,06:56,Fatal,Dawn,Clear,Motor Vehicle-In-Transport On Same Roadway,None,CHATTANOOGA POLICE DEPT,Other,Unbelted,-,-,Drug,-,-,-,-,-,-,-,-,-,Hamilton,Chattanooga,6
54460,400147398,0,2,35.77657,-83.54485,1,2024-09-16 09:23:00,2024,9,16,9,23,Monday,09:23,Suspected Serious Injury,Daylight,Clear,Motor Vehicle-In-Transport On Same Roadway,None,PIGEON FORGE POLICE DEPT,Other,Unbelted,-,-,-,-,-,-,-,-,-,ATV_Involved,-,-,Sevier,Pigeon Forge,2
54471,400147445,1,1,36.04185,-84.0242,1,2024-09-16 10:23:00,2024,9,16,10,23,Monday,10:23,Fatal,Daylight,Clear,Utility Pole,None,KNOX CO SHERIFFS OFFICE,Other,Unbelted,-,-,-,-,Speeding,-,-,-,-,-,-,-,Knox,Not in City Limit,2
54472,400147446,0,1,35.31171,-87.52141,7,2024-09-16 09:00:00,2024,9,16,9,0,Monday,09:00,Suspected Serious Injury,Daylight,Clear,Motor Vehicle-In-Transport On Same Roadway,None,THP District 7 - Lawrenceburg,THP,Unbelted,-,-,-,-,-,-,-,-,-,-,-,-,Lawrence,Not in City Limit,2
54475,400147451,0,3,35.62803,-87.10553,7,2024-09-16 08:39:00,2024,9,16,8,39,Monday,08:39,Suspected Serious Injury,Daylight,Clear,Motor Vehicle-In-Transport On Same Roadway,None,COLUMBIA POLICE DEPT,Other,Unbelted,-,-,-,-,-,-,-,-,-,-,-,-,Maury,Not in City Limit,2
54480,400147463,0,1,36.57352,-84.01202,1,2024-09-14 06:41:00,2024,9,14,6,41,Saturday,06:41,Suspected Serious Injury,Daylight,Clear,Standing Tree,None,THP District 1 - Knoxville,THP,Unbelted,-,-,Drug,-,Speeding,-,-,-,-,ATV_Involved,-,-,Campbell,Not in City Limit,7
54481,400147473,0,1,35.04542,-85.19879,2,2024-09-13 15:00:00,2024,9,13,15,0,Friday,15:00,Suspected Serious Injury,Daylight,Clear,Guard Rail Face,None,CHATTANOOGA POLICE DEPT,Other,Unbelted,-,-,-,-,-,-,-,-,-,-,Motorcyclist,-,Hamilton,Chattanooga,6
54484,400147485,0,2,35.84724,-86.43038,3,2024-09-16 11:35:00,2024,9,16,11,35,Monday,11:35,Suspected Serious Injury,Daylight,Clear,Motor Vehicle-In-Transport On Same Roadway,None,MURFREESBORO POLICE DEPT,Other,Unbelted,-,-,-,-,-,-,-,-,-,-,-,-,Rutherford,Murfreesboro,2
54489,400147497,0,1,36.08067,-86.50359,3,2024-09-15 18:00:00,2024,9,15,18,0,Sunday,18:00,Suspected Serious Injury,Daylight,Clear,Other Non-Collision,None,RUTHERFORD CO SHERIFFS DEPT,Other,-,-,-,-,-,-,-,-,-,-,-,Motorcyclist,-,Rutherford,Not in City Limit,1
54498,400147544,0,2,35.46846,-86.07361,2,2024-09-16 12:25:00,2024,9,16,12,25,Monday,12:25,Suspected Serious Injury,Daylight,Clear,Motor Vehicle-In-Transport On Different Roadway,None,MANCHESTER POLICE DEPT,Other,Unbelted,Distracted,-,-,-,-,-,-,-,-,-,-,-,Coffee,Manchester,2
54499,400147548,0,1,35.86609,-84.68621,1,2024-09-16 13:59:00,2024,9,16,13,59,Monday,13:59,Suspected Serious Injury,Daylight,Clear,Pedal-Cycle,None,ROCKWOOD POLICE DEPT,Other,Unbelted,-,-,-,-,-,Pedalcyclist,-,-,-,-,-,-,Roane,Rockwood,2
54525,400147658,0,1,36.25271,-84.1794,1,2024-09-11 00:00:00,2024,9,11,24,0,Wednesday,24:00,Suspected Serious Injury,Dark-Not Lighted,Clear,Ditch,None,THP District 1 - Knoxville,THP,-,-,-,-,-,-,-,-,-,-,-,Motorcyclist,-,Campbell,Not in City Limit,4
54529,400147675,0,1,35.12382,-85.12522,2,2024-09-16 17:57:00,2024,9,16,17,57,Monday,17:57,Suspected Serious Injury,Daylight,Clear,Motor Vehicle-In-Transport On Same Roadway,None,THP District 2 - Chattanooga,THP,Unbelted,-,-,-,-,-,-,-,-,-,-,-,-,Hamilton,Chattanooga,2
54542,400147762,0,2,36.05739,-86.48001,3,2024-09-16 18:03:00,2024,9,16,18,3,Monday,18:03,Suspected Serious Injury,Daylight,Clear,Motor Vehicle-In-Transport On Same Roadway,None,RUTHERFORD CO SHERIFFS DEPT,Other,Unbelted,-,-,-,-,-,-,-,-,-,-,-,-,Rutherford,Not in City Limit,2
54545,400147769,0,1,35.14824,-89.50521,4,2024-09-10 08:42:00,2024,9,10,8,42,Tuesday,08:42,Suspected Serious Injury,Daylight,Clear,Motor Vehicle-In-Transport On Same Roadway,None,THP District 4 - Memphis,THP,Unbelted,-,-,-,-,-,-,-,-,-,-,-,-,Fayette,Not in City Limit,3
54546,400147780,0,3,35.11667,-89.93389,4,2024-09-16 20:42:00,2024,9,16,20,42,Monday,20:42,Suspected Serious Injury,Dark-Lighted,Clear,Unknown,None,Univ of Memphis Police Services,Other,Unbelted,-,-,-,-,Speeding,-,-,-,-,-,-,-,Shelby,Memphis,2
54549,400147788,1,0,35.6261,-88.78618,8,2024-09-16 23:38:00,2024,9,16,23,38,Monday,23:38,Fatal,Dark-Lighted,Clear,Pedestrian,None,JACKSON POLICE DEPT,Other,Unbelted,-,-,-,-,-,-,Pedestrian,-,-,-,-,-,Madison,Jackson,2
54550,400147789,0,1,36.0241,-85.16993,6,2024-09-16 19:20:00,2024,9,16,19,20,Monday,19:20,Suspected Serious Injury,Dark-Not Lighted,Clear,Pedal-Cycle,None,CUMBERLAND CO SHERIFFS OFFICE,Other,Unbelted,-,-,-,-,-,Pedalcyclist,-,-,-,-,-,-,Cumberland,Not in City Limit,2
54555,400147806,0,1,35.49875,-84.39358,1,2024-09-17 04:56:00,2024,9,17,4,56,Tuesday,04:56,Suspected Serious Injury,Dark-Lighted,Rain,Pedestrian,None,MADISONVILLE POLICE DEPT,Other,Unbelted,-,-,-,-,-,-,Pedestrian,-,-,-,-,-,Monroe,Madisonville,3
54571,400147904,0,2,36.10545,-83.39941,5,2024-09-17 05:40:00,2024,9,17,5,40,Tuesday,05:40,Suspected Serious Injury,Dark-Not Lighted,Rain,Motor Vehicle-In-Transport On Same Roadway,None,THP District 5 - Fall Branch,THP,Unbelted,-,-,-,-,-,-,-,-,-,-,-,-,Jefferson,Not in City Limit,3
54573,400147928,0,1,36.11693,-86.66816,3,2024-09-16 17:30:00,2024,9,16,17,30,Monday,17:30,Suspected Serious Injury,Daylight,Clear,Motor Vehicle-In-Transport On Same Roadway,None,Nashville Airport Police,Other,Unbelted,-,Drinking,-,-,-,-,-,-,-,-,-,-,Davidson,Nashville,2
54597,400148074,0,1,36.0591,-88.06019,8,2024-09-17 14:12:00,2024,9,17,14,12,Tuesday,14:12,Suspected Serious Injury,Daylight,Clear,Standing Tree,None,THP District 8 - Jackson,THP,Unbelted,-,-,-,-,-,-,-,-,-,-,-,-,Benton,Not in City Limit,3
54614,400148118,0,1,36.50215,-89.35715,8,2024-09-17 15:16:00,2024,9,17,15,16,Tuesday,15:16,Suspected Serious Injury,Daylight,Clear,Ditch,None,THP District 8 - Jackson,THP,Unbelted,-,-,-,Drowsy,-,-,-,-,-,-,-,-,Lake,Not in City Limit,3
54621,400148155,0,1,35.2296,-85.20046,2,2024-09-17 16:13:00,2024,9,17,16,13,Tuesday,16:13,Suspected Serious Injury,Daylight,Clear,Embankment Earth,None,SODDY DAISY POLICE DEPT,Other,Unbelted,-,-,-,-,-,-,-,-,-,-,-,-,Hamilton,Soddy-Daisy,3
54625,400148183,0,1,35.32004,-89.13392,4,2024-09-16 06:03:00,2024,9,16,6,3,Monday,06:03,Suspected Serious Injury,Dawn,Rain,Motor Vehicle-In-Transport On Same Roadway,None,THP District 4 - Memphis,THP,-,-,-,-,-,-,-,-,-,-,-,Motorcyclist,-,Hardeman,Whiteville,2
54626,400148197,0,2,35.21229,-89.75692,4,2024-09-17 17:45:00,2024,9,17,17,45,Tuesday,17:45,Suspected Serious Injury,Daylight,Clear,Motor Vehicle-In-Transport On Same Roadway,None,THP District 4 - Memphis,THP,Unbelted,Distracted,-,-,-,-,-,-,-,-,-,-,-,Shelby,Not in City Limit,3
54629,400148206,0,1,36.15327,-86.68648,3,2024-09-17 17:50:00,2024,9,17,17,50,Tuesday,17:50,Suspected Serious Injury,Daylight,Clear,Motor Vehicle-In-Transport On Same Roadway,None,METROPOLITAN NASHVILLE POLICE DEPT,Other,Unbelted,-,-,-,-,-,-,-,-,-,-,Motorcyclist,-,Davidson,Nashville,3
54638,400148238,0,1,36.15072,-86.75002,3,2024-09-17 19:27:00,2024,9,17,19,27,Tuesday,19:27,Suspected Serious Injury,Dark-Lighted,Clear,Motor Vehicle-In-Transport On Same Roadway,None,METROPOLITAN NASHVILLE POLICE DEPT,Other,-,-,-,-,-,-,-,-,-,-,-,Motorcyclist,-,Davidson,Nashville,3
54644,400148266,0,1,35.82613,-83.42625,1,2024-09-17 00:00:00,2024,9,17,24,0,Tuesday,24:00,Suspected Serious Injury,Dark-Not Lighted,Rain,Embankment Earth,None,SEVIER CO SHERIFFS OFFICE,Other,Unbelted,-,-,-,-,Speeding,-,-,-,-,-,-,-,Sevier,Not in City Limit,3
54649,400148284,0,1,36.32,-83.277,5,2024-09-18 02:30:00,2024,9,18,2,30,Wednesday,02:30,Suspected Serious Injury,Dark-Not Lighted,Clear,Ditch,None,THP District 5 - Fall Branch,THP,Unbelted,-,-,-,-,-,-,-,-,-,-,Motorcyclist,-,Grainger,Bean Station,4
54654,400148304,0,1,36.07909,-87.78918,3,2024-09-13 13:55:00,2024,9,13,13,55,Friday,13:55,Suspected Serious Injury,Daylight,Clear,Motor Vehicle-In-Transport On Same Roadway,None,WAVERLY POLICE DEPT,Other,Unbelted,-,-,-,-,-,-,-,-,-,ATV_Involved,-,-,Humphreys,Waverly,6