OBJECTID,MRN,Fatality,Injury,Latitude,Longitude,THP_District,Collision_Date,Collision_Year,Collision_Month,Collision_Day,Collision_Hour,Collision_Min,Collision_DOW,Collision_Time,Crash_Type,Light_Condition,Weather,First_Harmfu_Event,Work_Zone_Type,Agency_Name,THP,Unbelted,Distracted_Driver,Driver_Drinking,Driver_Drugged,Drowsy_Driver,Speeding_Involved,Pedalcyclist,Pedestrian,Other_Nonmotorist,ATV_Involved,LargeTruck_Involved,Motorcycle_Involved,SchoolBus,County,City,DOW_Nmb
54656,400148317,0,2,36.1518,-86.76865,3,2024-09-18 06:07:00,2024,9,18,6,7,Wednesday,06:07,Suspected Serious Injury,Dawn,Clear,Motor Vehicle-In-Transport On Same Roadway,None,METROPOLITAN NASHVILLE POLICE DEPT,Other,Unbelted,-,-,-,-,-,-,-,-,-,-,-,-,Davidson,Nashville,4
54663,400148346,0,1,35.42831,-86.80073,7,2024-09-18 07:06:00,2024,9,18,7,6,Wednesday,07:06,Suspected Serious Injury,Daylight,Clear,Motor Vehicle-In-Transport On Same Roadway,None,LEWISBURG POLICE DEPT,Other,Unbelted,-,-,-,-,-,-,-,-,-,-,-,-,Marshall,Lewisburg,4
54682,400148467,0,1,36.29802,-82.34503,5,2024-09-18 12:51:00,2024,9,18,12,51,Wednesday,12:51,Suspected Serious Injury,Daylight,Clear,Motor Vehicle-In-Transport On Same Roadway,None,THP District 5 - Fall Branch,THP,Unbelted,-,-,-,-,-,-,-,-,-,ATV_Involved,-,-,Washington,Johnson City,4
54689,400148520,0,3,35.88175,-84.66081,1,2024-09-18 12:58:00,2024,9,18,12,58,Wednesday,12:58,Suspected Serious Injury,Daylight,Clear,Motor Vehicle-In-Transport On Same Roadway,None,ROCKWOOD POLICE DEPT,Other,Unbelted,-,-,-,-,-,-,-,-,-,-,-,-,Roane,Rockwood,4
54724,400148682,0,1,35.8923,-87.12449,3,2024-09-18 20:18:00,2024,9,18,20,18,Wednesday,20:18,Suspected Serious Injury,Dark-Not Lighted,Clear,Standing Tree,None,THP District 3 - Nashville,THP,Unbelted,-,-,Drug,-,-,-,-,-,-,-,-,-,Williamson,Not in City Limit,4
54726,400148691,0,1,36.06479,-86.62848,3,2024-09-18 18:52:00,2024,9,18,18,52,Wednesday,18:52,Suspected Serious Injury,Dusk,Clear,Motor Vehicle-In-Transport On Same Roadway,None,METROPOLITAN NASHVILLE POLICE DEPT,Other,Unbelted,-,-,-,-,-,-,-,-,-,-,-,-,Davidson,Nashville,4
54735,400148738,0,1,36.17578,-84.12679,1,2024-09-18 18:50:00,2024,9,18,18,50,Wednesday,18:50,Suspected Serious Injury,Daylight,Clear,Motor Vehicle-In-Transport On Same Roadway,None,THP District 1 - Knoxville,THP,Unbelted,-,-,-,-,Speeding,-,-,-,-,-,Motorcyclist,-,Anderson,Not in City Limit,4
54737,400148744,1,0,35.67646,-83.75472,1,2024-09-18 18:36:00,2024,9,18,18,36,Wednesday,18:36,Fatal,Daylight,Clear,Pedal-Cycle,None,BLOUNT CO SHERIFFS DEPT,Other,Unbelted,-,-,-,-,-,Pedalcyclist,-,-,-,-,-,-,Blount,Townsend,4
54747,400148790,0,1,36.20668,-86.77865,3,2024-09-19 00:00:00,2024,9,19,24,0,Thursday,24:00,Suspected Serious Injury,Dark-Lighted,Clear,Pedestrian,None,METROPOLITAN NASHVILLE POLICE DEPT,Other,Unbelted,-,-,-,-,-,-,Pedestrian,-,-,-,-,-,Davidson,Nashville,5
54749,400148796,0,3,35.23398,-89.71884,4,2024-09-19 00:31:00,2024,9,19,0,31,Thursday,00:31,Suspected Serious Injury,Dark-Not Lighted,Clear,Motor Vehicle-In-Transport On Same Roadway,None,THP District 4 - Memphis,THP,Unbelted,-,Drinking,-,-,-,-,-,-,-,-,-,-,Shelby,Lakeland,5
54759,400148836,1,1,35.32241,-89.11456,4,2024-09-19 05:11:00,2024,9,19,5,11,Thursday,05:11,Fatal,Dark-Not Lighted,Clear,Motor Vehicle-In-Transport On Same Roadway,None,THP District 4 - Memphis,THP,Unbelted,-,Drinking,Drug,-,-,-,-,-,-,-,-,-,Hardeman,Not in City Limit,5
54766,400148866,2,0,35.95331,-84.96369,6,2024-09-18 11:00:00,2024,9,18,11,0,Wednesday,11:00,Fatal,Daylight,Clear,Motor Vehicle-In-Transport On Same Roadway,None,THP District 6 - Cookeville,THP,Unbelted,-,-,-,-,-,-,-,-,-,ATV_Involved,-,-,Cumberland,Not in City Limit,4
54769,400148872,0,3,36.40121,-86.89946,3,2024-09-17 18:56:00,2024,9,17,18,56,Tuesday,18:56,Suspected Serious Injury,Dusk,Cloudy,Motor Vehicle-In-Transport On Same Roadway,None,COOPERTOWN POLICE DEPT,Other,Unbelted,-,Drinking,-,-,-,-,-,-,-,-,-,-,Robertson,Coopertown,3
54781,400148943,0,2,34.99417,-85.20683,2,2024-09-18 15:29:00,2024,9,18,15,29,Wednesday,15:29,Suspected Serious Injury,Daylight,Clear,Motor Vehicle-In-Transport On Same Roadway,None,EAST RIDGE POLICE DEPT,Other,Unbelted,-,Drinking,Drug,-,-,-,-,-,-,-,-,-,Hamilton,East Ridge,4
54800,400149063,0,2,35.92572,-83.88838,1,2024-09-19 14:02:00,2024,9,19,14,2,Thursday,14:02,Suspected Serious Injury,Daylight,Clear,Motor Vehicle-In-Transport On Same Roadway,None,KNOXVILLE POLICE DEPT,Other,Unbelted,-,-,-,-,-,-,-,-,-,-,-,-,Knox,Knoxville,5
54805,400149096,1,0,36.27446,-86.86551,3,2024-09-18 08:39:00,2024,9,18,8,39,Wednesday,08:39,Fatal,Dark-Lighted,Cloudy,Guard Rail Face,None,METROPOLITAN NASHVILLE POLICE DEPT,Other,-,-,Drinking,Drug,-,-,-,-,-,-,-,Motorcyclist,-,Davidson,Nashville,4
54806,400149099,0,1,35.85416,-84.69819,1,2024-09-19 15:08:00,2024,9,19,15,8,Thursday,15:08,Suspected Serious Injury,Daylight,Clear,Paved Surface-Irregular,None,ROCKWOOD POLICE DEPT,Other,-,-,-,-,-,-,-,-,-,-,-,Motorcyclist,-,Roane,Rockwood,5
54807,400149101,1,0,36.50206,-86.88164,3,2024-09-15 20:33:00,2024,9,15,20,33,Sunday,20:33,Fatal,Dark-Lighted,Clear,Pedestrian,None,THP District 9 - Administrative,THP,Unbelted,Distracted,-,-,-,-,-,Pedestrian,-,-,-,-,-,Robertson,Springfield,1
54808,400149102,0,1,35.86875,-87.9721,8,2024-09-19 09:30:00,2024,9,19,9,30,Thursday,09:30,Suspected Serious Injury,Daylight,Clear,Cable Barrier,None,THP District 8 - Jackson,THP,Unbelted,-,-,-,-,-,-,-,-,-,-,-,-,Benton,Not in City Limit,5
54811,400149121,1,0,36.297,-82.182,5,2024-09-19 15:02:00,2024,9,19,15,2,Thursday,15:02,Fatal,Daylight,Clear,Embankment Earth,None,THP District 5 - Fall Branch,THP,Unbelted,-,-,-,-,Speeding,-,-,-,-,-,-,-,Carter,Not in City Limit,5
54818,400149191,0,1,36.54755,-86.3439,3,2024-09-18 20:44:00,2024,9,18,20,44,Wednesday,20:44,Suspected Serious Injury,Dark-Unknown Lighting,Clear,Deer,None,SUMNER CO SHERIFFS OFFICE,Other,-,-,-,-,-,-,-,-,-,-,-,Motorcyclist,-,Sumner,Not in City Limit,4
54827,400149210,0,1,35.07633,-87.5042,7,2024-09-19 16:40:00,2024,9,19,16,40,Thursday,16:40,Suspected Serious Injury,Daylight,Clear,Motor Vehicle-In-Transport On Same Roadway,None,THP District 7 - Lawrenceburg,THP,Unbelted,-,-,-,-,-,-,-,-,ATV_Involved,-,-,-,Lawrence,Not in City Limit,5
54832,400149262,0,2,35.82912,-86.40495,3,2024-09-19 14:18:00,2024,9,19,14,18,Thursday,14:18,Suspected Serious Injury,Daylight,Clear,Motor Vehicle-In-Transport On Same Roadway,None,MURFREESBORO POLICE DEPT,Other,Unbelted,-,Drinking,Drug,-,-,-,-,-,-,-,Motorcyclist,-,Rutherford,Murfreesboro,5
54835,400149267,0,2,35.46849,-86.07356,2,2024-09-19 17:42:00,2024,9,19,17,42,Thursday,17:42,Suspected Serious Injury,Daylight,Clear,Motor Vehicle-In-Transport On Same Roadway,None,MANCHESTER POLICE DEPT,Other,Unbelted,-,-,-,-,-,-,-,-,-,-,-,-,Coffee,Manchester,5
54838,400149273,0,3,36.1682,-86.35458,3,2024-09-19 16:11:00,2024,9,19,16,11,Thursday,16:11,Suspected Serious Injury,Daylight,Clear,Motor Vehicle-In-Transport On Same Roadway,None,THP District 3 - Nashville,THP,Unbelted,-,-,-,-,-,-,-,-,-,-,-,-,Wilson,Not in City Limit,5
54839,400149278,0,1,35.94158,-84.04208,1,2024-09-19 20:29:00,2024,9,19,20,29,Thursday,20:29,Suspected Serious Injury,Dark-Lighted,Clear,Motor Vehicle-In-Transport On Same Roadway,None,KNOXVILLE POLICE DEPT,Other,Unbelted,-,-,-,-,-,-,-,-,-,-,Motorcyclist,-,Knox,Knoxville,5
54846,400149331,1,0,36.23372,-86.76844,3,2024-09-19 21:39:00,2024,9,19,21,39,Thursday,21:39,Fatal,Dark-Lighted,Clear,Standing Tree,None,METROPOLITAN NASHVILLE POLICE DEPT,Other,Unbelted,-,Drinking,-,-,Speeding,-,-,-,-,-,-,-,Davidson,Nashville,5
54857,400149358,0,1,36.18639,-86.51087,3,2024-09-14 02:27:00,2024,9,14,2,27,Saturday,02:27,Suspected Serious Injury,Dark-Not Lighted,Clear,Guard Rail Face,None,THP District 3 - Nashville,THP,Unbelted,-,-,-,-,-,-,-,-,-,-,-,-,Wilson,Mount Juliet,7
54858,400149360,0,1,36.15439,-86.77941,3,2024-09-19 23:05:00,2024,9,19,23,5,Thursday,23:05,Suspected Serious Injury,Dark-Lighted,Clear,Pedestrian,None,METROPOLITAN NASHVILLE POLICE DEPT,Other,Unbelted,-,-,-,-,-,-,Pedestrian,-,-,-,-,-,Davidson,Nashville,5
54868,400149409,0,1,35.9965,-83.6953,1,2024-09-19 22:20:00,2024,9,19,22,20,Thursday,22:20,Suspected Serious Injury,Dark-Not Lighted,Clear,Motor Vehicle-In-Transport On Same Roadway,None,KNOXVILLE POLICE DEPT,Other,Unbelted,-,-,-,-,-,-,-,-,-,-,-,-,Knox,Knoxville,5
54878,400149485,1,0,36.08915,-86.61484,3,2024-09-19 05:35:00,2024,9,19,5,35,Thursday,05:35,Fatal,Dark-Lighted,Clear,Motor Vehicle-In-Transport On Same Roadway,None,METROPOLITAN NASHVILLE POLICE DEPT,Other,Unbelted,-,-,-,-,-,-,-,-,-,-,Motorcyclist,-,Davidson,Nashville,5
54880,400149491,0,2,35.86066,-84.1357,1,2024-09-20 08:46:00,2024,9,20,8,46,Friday,08:46,Suspected Serious Injury,Daylight,Clear,Motor Vehicle-In-Transport On Same Roadway,None,THP District 1 - Knoxville,THP,Unbelted,-,-,-,-,-,-,-,-,-,-,-,-,Knox,Not in City Limit,6
54884,400149512,0,1,36.22242,-85.01187,6,2024-09-20 07:10:00,2024,9,20,7,10,Friday,07:10,Suspected Serious Injury,,Clear,Motor Vehicle-In-Transport On Same Roadway,None,THP District 6 - Cookeville,THP,Unbelted,-,-,-,-,-,-,-,-,-,-,-,-,Fentress,Not in City Limit,6
54890,400149530,1,0,35.58371,-84.26052,1,2024-09-20 08:06:00,2024,9,20,8,6,Friday,08:06,Fatal,Daylight,Clear,Railway Train,None,THP District 1 - Knoxville,THP,Unbelted,-,-,-,-,-,-,-,-,-,-,-,-,Monroe,Vonore,6
54895,400149542,1,0,35.10088,-85.06452,2,2024-09-19 10:40:00,2024,9,19,10,40,Thursday,10:40,Fatal,Daylight,Clear,"Over Turn, Roll Over",None,HAMILTON COUNTY SHERIFF'S OFFICE,Other,Unbelted,-,-,-,-,-,-,-,-,-,-,-,-,Hamilton,Not in City Limit,5
54898,400149553,0,2,35.9779,-88.45089,8,2024-09-19 13:26:00,2024,9,19,13,26,Thursday,13:26,Suspected Serious Injury,Daylight,Clear,Ditch,None,THP District 8 - Jackson,THP,Unbelted,-,-,-,-,-,-,-,-,-,-,-,-,Carroll,Not in City Limit,5
54907,400149587,0,1,36.1743,-85.50125,6,2024-09-20 09:50:00,2024,9,20,9,50,Friday,09:50,Suspected Serious Injury,Daylight,Clear,Pedestrian,None,COOKEVILLE POLICE DEPT,Other,Unbelted,-,-,-,-,-,-,Pedestrian,-,-,-,-,-,Putnam,Cookeville,6
54912,400149625,0,1,35.94766,-88.93749,8,2024-09-20 06:22:00,2024,9,20,6,22,Friday,06:22,Suspected Serious Injury,Dark-Not Lighted,Clear,Pedestrian,None,TRENTON POLICE DEPT,Other,Unbelted,-,-,-,-,-,-,Pedestrian,-,-,-,-,-,Gibson,Trenton,6
54913,400149631,0,2,35.09095,-84.52864,2,2024-09-20 12:33:00,2024,9,20,12,33,Friday,12:33,Suspected Serious Injury,Daylight,Clear,Ditch,None,THP District 2 - Chattanooga,THP,-,-,-,-,-,-,-,-,-,-,-,Motorcyclist,-,Polk,Not in City Limit,6
54919,400149649,1,0,36.06111,-83.88327,1,2024-09-19 21:00:00,2024,9,19,21,0,Thursday,21:00,Fatal,Dark-Lighted,Clear,Pedestrian,None,THP District 1 - Knoxville,THP,Unbelted,-,-,Drug,-,-,-,Pedestrian,-,-,-,-,-,Knox,Not in City Limit,5
54930,400149722,0,2,36.26135,-82.1862,5,2024-09-18 17:05:00,2024,9,18,17,5,Wednesday,17:05,Suspected Serious Injury,Daylight,Clear,Motor Vehicle-In-Transport On Same Roadway,None,THP District 5 - Fall Branch,THP,Unbelted,-,-,-,-,-,-,-,-,-,-,-,-,Carter,Not in City Limit,4
54931,400149730,0,1,36.31587,-82.30132,5,2024-09-20 12:48:00,2024,9,20,12,48,Friday,12:48,Suspected Serious Injury,Daylight,Clear,Motor Vehicle-In-Transport On Same Roadway,None,ELIZABETHTON POLICE DEPT,Other,Unbelted,-,-,-,-,-,-,-,-,-,-,-,-,Carter,Elizabethton,6
54940,400149757,1,1,35.9568,-85.5885,6,2024-09-19 18:48:00,2024,9,19,18,48,Thursday,18:48,Fatal,Daylight,Clear,Motor Vehicle-In-Transport On Same Roadway,None,THP District 6 - Cookeville,THP,Unbelted,-,Drinking,Drug,-,-,-,-,-,-,-,-,-,White,Not in City Limit,5
54949,400149807,0,1,36.16356,-82.39655,5,2024-09-20 16:30:00,2024,9,20,16,30,Friday,16:30,Suspected Serious Injury,Daylight,Clear,Motor Vehicle-In-Transport On Same Roadway,None,ERWIN POLICE DEPT,Other,Unbelted,-,-,-,-,Speeding,-,-,-,-,-,-,-,Unicoi,Erwin,6
54957,400149834,0,1,35.88598,-89.63724,4,2024-09-20 12:35:00,2024,9,20,12,35,Friday,12:35,Suspected Serious Injury,Daylight,Clear,"Over Turn, Roll Over",None,THP District 4 - Memphis,THP,Unbelted,-,-,-,-,Speeding,-,-,-,-,-,-,-,Lauderdale,Not in City Limit,6
54967,400149867,0,3,36.00161,-84.24332,1,2024-09-20 18:10:00,2024,9,20,18,10,Friday,18:10,Suspected Serious Injury,Daylight,Clear,Motor Vehicle-In-Transport On Same Roadway,None,OAK RIDGE POLICE DEPT,Other,Unbelted,-,-,-,-,-,-,-,-,-,-,-,-,Anderson,Oak Ridge,6
54972,400149885,0,2,35.46498,-84.58369,2,2024-09-20 16:26:00,2024,9,20,16,26,Friday,16:26,Suspected Serious Injury,,Clear,Motor Vehicle-In-Transport On Same Roadway,None,ATHENS POLICE DEPT,Other,Unbelted,-,-,-,-,-,-,-,-,-,-,-,-,McMinn,Athens,6
54973,400149894,1,0,35.20783,-87.30396,7,2024-09-18 17:55:00,2024,9,18,17,55,Wednesday,17:55,Fatal,Daylight,Clear,Motor Vehicle-In-Transport On Same Roadway,None,THP District 7 - Lawrenceburg,THP,Unbelted,-,-,Drug,-,-,-,-,-,-,ATV_Involved,-,-,Lawrence,Not in City Limit,4
54974,400149897,0,4,35.64326,-86.89372,7,2024-09-20 15:53:00,2024,9,20,15,53,Friday,15:53,Suspected Serious Injury,Daylight,Cloudy,Motor Vehicle-In-Transport On Same Roadway,None,THP District 7 - Lawrenceburg,THP,Unbelted,Distracted,-,-,-,-,-,-,-,-,-,-,-,Maury,Columbia,6
54986,400149966,0,1,35.95435,-83.95956,1,2024-09-20 18:15:00,2024,9,20,18,15,Friday,18:15,Suspected Serious Injury,Daylight,Clear,Pedestrian,None,KNOXVILLE POLICE DEPT,Other,Unbelted,-,-,-,-,-,-,Pedestrian,-,-,-,-,-,Knox,Knoxville,6
54990,400149975,0,2,35.7026,-86.69584,7,2024-09-17 18:00:00,2024,9,17,18,0,Tuesday,18:00,Suspected Serious Injury,Daylight,Clear,Motor Vehicle-In-Transport On Same Roadway,None,THP District 7 - Lawrenceburg,THP,Unbelted,-,-,-,-,-,-,-,-,-,-,-,-,Marshall,Not in City Limit,3
54991,400149977,0,1,35.21472,-85.46108,2,2024-09-20 23:00:00,2024,9,20,23,0,Friday,23:00,Suspected Serious Injury,Dark-Not Lighted,Clear,Ditch,None,THP District 2 - Chattanooga,THP,Unbelted,-,Drinking,-,-,-,-,-,-,-,-,-,-,Marion,Not in City Limit,6
54999,400150016,1,0,35.81783,-84.02959,1,2024-09-20 14:06:00,2024,9,20,14,6,Friday,14:06,Fatal,Daylight,Clear,Building,None,BLOUNT CO SHERIFFS DEPT,Other,Unbelted,-,-,-,-,-,-,-,-,-,-,-,-,Blount,Louisville,6
55001,400150019,1,1,35.45746,-86.56346,7,2024-09-21 00:01:00,2024,9,21,0,1,Saturday,00:01,Fatal,Dark-Not Lighted,Clear,Motor Vehicle-In-Transport On Same Roadway,None,THP District 7 - Lawrenceburg,THP,Unbelted,-,Drinking,Drug,-,-,-,-,-,-,ATV_Involved,-,-,Bedford,Not in City Limit,7
55006,400150036,0,3,36.15185,-86.78677,3,2024-09-19 14:09:00,2024,9,19,14,9,Thursday,14:09,Suspected Serious Injury,Daylight,Clear,Motor Vehicle-In-Transport On Same Roadway,None,THP District 3 - Nashville,THP,Unbelted,-,-,-,-,-,-,-,-,-,-,-,-,Davidson,Nashville,5
55011,400150054,0,2,35.96017,-85.04165,6,2024-09-20 08:49:00,2024,9,20,8,49,Friday,08:49,Suspected Serious Injury,Daylight,Clear,Motor Vehicle-In-Transport On Same Roadway,None,CROSSVILLE POLICE DEPT,Other,Unbelted,Distracted,Drinking,Drug,-,-,-,-,-,-,-,-,-,Cumberland,Crossville,6
55055,400150280,0,1,36.09927,-88.54094,8,2024-09-21 15:51:00,2024,9,21,15,51,Saturday,15:51,Suspected Serious Injury,Daylight,Clear,Standing Tree,None,THP District 8 - Jackson,THP,Unbelted,-,-,-,-,-,-,-,-,-,ATV_Involved,-,-,Carroll,Not in City Limit,7
55057,400150290,0,1,35.10426,-85.2736,2,2024-09-21 16:36:00,2024,9,21,16,36,Saturday,16:36,Suspected Serious Injury,Daylight,Clear,Motor Vehicle-In-Transport On Same Roadway,None,CHATTANOOGA POLICE DEPT,Other,Unbelted,-,Drinking,-,-,-,-,-,-,-,-,-,-,Hamilton,Chattanooga,7
55081,400150429,0,2,35.7549,-88.79003,8,2024-09-21 18:55:00,2024,9,21,18,55,Saturday,18:55,Suspected Serious Injury,Dark-Not Lighted,Clear,Ditch,None,MADISON CO SHERIFFS DEPT,Other,Unbelted,-,-,-,-,Speeding,-,-,-,-,-,-,-,Madison,Not in City Limit,7
55090,400150466,0,2,36.36293,-86.44654,3,2024-09-20 06:20:00,2024,9,20,6,20,Friday,06:20,Suspected Serious Injury,Dawn,Clear,Motor Vehicle-In-Transport On Same Roadway,None,THP District 3 - Nashville,THP,Unbelted,-,-,-,-,-,-,-,-,-,ATV_Involved,-,-,Sumner,Gallatin,6
55094,400150477,0,1,36.35681,-86.88183,3,2024-09-22 04:44:00,2024,9,22,4,44,Sunday,04:44,Suspected Serious Injury,Dark-Not Lighted,Clear,Utility Pole,None,METROPOLITAN NASHVILLE POLICE DEPT,Other,Unbelted,-,-,-,-,-,-,-,-,-,-,-,-,Davidson,Nashville,1
55097,400150486,1,0,36.15206,-86.84441,3,2024-09-21 20:11:00,2024,9,21,20,11,Saturday,20:11,Fatal,Dark-Lighted,Clear,Pedestrian,None,METROPOLITAN NASHVILLE POLICE DEPT,Other,Unbelted,-,-,-,-,-,-,Pedestrian,-,-,-,-,-,Davidson,Nashville,7
55100,400150495,0,1,36.36538,-87.49793,3,2024-09-20 10:46:00,2024,9,20,10,46,Friday,10:46,Suspected Serious Injury,Daylight,Clear,Motor Vehicle-In-Transport On Same Roadway,None,THP District 3 - Nashville,THP,Unbelted,-,-,-,-,Speeding,-,-,-,-,-,Motorcyclist,-,Montgomery,Not in City Limit,6
55105,400150511,0,6,36.18432,-83.74094,5,2024-09-17 16:50:00,2024,9,17,16,50,Tuesday,16:50,Suspected Serious Injury,Daylight,Rain,Motor Vehicle-In-Transport On Same Roadway,None,THP District 5 - Fall Branch,THP,Unbelted,-,-,-,-,-,-,-,-,-,-,-,-,Union,Not in City Limit,3
55109,400150539,0,2,35.86574,-83.56743,1,2024-09-22 09:30:00,2024,9,22,9,30,Sunday,09:30,Suspected Serious Injury,Daylight,Clear,Motor Vehicle-In-Transport On Same Roadway,None,SEVIERVILLE POLICE DEPT,Other,Unbelted,-,-,-,-,-,-,-,-,-,-,-,-,Sevier,Sevierville,1
55110,400150543,0,5,36.00559,-85.04488,6,2024-09-22 07:36:00,2024,9,22,7,36,Sunday,07:36,Suspected Serious Injury,Daylight,Clear,Motor Vehicle-In-Transport On Same Roadway,Construction Zone,THP District 6 - Cookeville,THP,Unbelted,-,-,Drug,-,-,-,Pedestrian,-,-,-,-,-,Cumberland,Crossville,1
55112,400150550,0,2,35.88609,-87.06508,3,2024-09-21 18:40:00,2024,9,21,18,40,Saturday,18:40,Suspected Serious Injury,Dark-Not Lighted,Clear,Standing Tree,None,THP District 3 - Nashville,THP,Unbelted,-,Drinking,-,-,-,-,-,-,-,-,-,-,Williamson,Not in City Limit,7
55115,400150563,1,0,35.3719,-89.54714,4,2024-09-22 06:30:00,2024,9,22,6,30,Sunday,06:30,Fatal,Dawn,Clear,Standing Tree,None,THP District 4 - Memphis,THP,Unbelted,-,Drinking,Drug,-,-,-,-,-,-,-,-,-,Fayette,Not in City Limit,1
55120,400150593,0,1,36.11898,-86.77426,3,2024-09-22 08:05:00,2024,9,22,8,5,Sunday,08:05,Suspected Serious Injury,Daylight,Cloudy,Motor Vehicle-In-Transport On Same Roadway,None,BERRY HILL POLICE DEPT,Other,Unbelted,-,-,-,-,-,-,-,-,-,-,-,-,Davidson,Berry Hill,1
55124,400150615,0,2,36.3043,-86.44179,3,2024-09-21 17:10:00,2024,9,21,17,10,Saturday,17:10,Suspected Serious Injury,Daylight,Clear,Motor Vehicle-In-Transport On Same Roadway,None,WILSON CO SHERIFFS DEPT,Other,Unbelted,-,-,-,-,-,-,-,-,-,-,-,-,Wilson,Not in City Limit,7
55134,400150666,0,4,35.69984,-85.78052,6,2024-09-22 13:23:00,2024,9,22,13,23,Sunday,13:23,Suspected Serious Injury,Daylight,Clear,Motor Vehicle-In-Transport On Same Roadway,None,MCMINNVILLE POLICE DEPT,Other,Unbelted,-,-,-,-,-,-,-,-,-,-,-,-,Warren,McMinnville,1
55137,400150670,0,1,35.04318,-88.32273,8,2024-09-21 20:28:00,2024,9,21,20,28,Saturday,20:28,Suspected Serious Injury,Dark-Not Lighted,Cloudy,Motor Vehicle-In-Transport On Same Roadway,None,THP District 8 - Jackson,THP,Unbelted,-,Drinking,Drug,-,-,-,-,-,-,-,Motorcyclist,-,Hardin,Not in City Limit,7
55148,400150741,0,4,35.07367,-85.19035,2,2024-09-22 17:07:00,2024,9,22,17,7,Sunday,17:07,Suspected Serious Injury,Daylight,Rain,Motor Vehicle-In-Transport On Same Roadway,None,CHATTANOOGA POLICE DEPT,Other,Unbelted,-,-,-,-,-,-,-,-,-,-,-,-,Hamilton,Chattanooga,1
55159,400150785,0,2,35.47538,-86.41304,7,2024-09-22 18:40:00,2024,9,22,18,40,Sunday,18:40,Suspected Serious Injury,Daylight,Clear,"Over Turn, Roll Over",None,THP District 7 - Lawrenceburg,THP,-,-,-,-,-,-,-,-,-,-,-,Motorcyclist,-,Bedford,Not in City Limit,1
55161,400150791,0,2,36.20591,-85.46406,6,2024-09-22 16:55:00,2024,9,22,16,55,Sunday,16:55,Suspected Serious Injury,Daylight,Clear,Standing Tree,None,THP District 6 - Cookeville,THP,Unbelted,Distracted,-,-,-,-,-,-,-,-,-,-,-,Putnam,Not in City Limit,1
55169,400150814,0,1,36.42301,-89.16443,8,2024-09-22 16:59:00,2024,9,22,16,59,Sunday,16:59,Suspected Serious Injury,Daylight,Clear,Motor Vehicle-In-Transport On Same Roadway,None,THP District 8 - Jackson,THP,Unbelted,-,-,-,-,-,-,-,-,-,-,Motorcyclist,-,Obion,Not in City Limit,1
55172,400150827,0,1,36.0363,-87.15952,3,2024-09-22 19:16:00,2024,9,22,19,16,Sunday,19:16,Suspected Serious Injury,Dark-Not Lighted,Clear,Motor Vehicle-In-Transport On Same Roadway,None,THP District 3 - Nashville,THP,Unbelted,-,Drinking,-,-,-,-,-,-,-,-,-,-,Williamson,Fairview,1
55193,400150926,0,1,35.709,-86.40195,3,2024-09-21 04:28:00,2024,9,21,4,28,Saturday,04:28,Suspected Serious Injury,Dark-Not Lighted,Clear,Ditch,None,THP District 3 - Nashville,THP,Unbelted,-,-,-,-,Speeding,-,-,-,-,-,-,-,Rutherford,Not in City Limit,7
55196,400150951,0,2,36.57872,-86.62234,3,2024-09-21 01:56:00,2024,9,21,1,56,Saturday,01:56,Suspected Serious Injury,Dark-Not Lighted,Cloudy,Ditch,None,THP District 3 - Nashville,THP,-,-,Drinking,-,-,-,-,-,-,-,-,-,-,Robertson,Not in City Limit,7
55212,400151053,0,3,34.98631,-85.32627,2,2024-09-21 19:00:00,2024,9,21,19,0,Saturday,19:00,Suspected Serious Injury,Dark-Not Lighted,Clear,Standing Tree,None,CHATTANOOGA POLICE DEPT,Other,Unbelted,-,-,-,-,Speeding,-,-,-,-,-,-,-,Hamilton,Chattanooga,7
55221,400151099,0,1,36.00872,-83.99946,1,2024-09-23 13:12:00,2024,9,23,13,12,Monday,13:12,Suspected Serious Injury,Daylight,Clear,Motor Vehicle-In-Transport On Same Roadway,None,KNOXVILLE POLICE DEPT,Other,Unbelted,-,-,-,-,-,-,-,-,-,-,-,-,Knox,Knoxville,2
55229,400151145,1,0,36.02201,-84.29533,1,2024-09-20 19:25:00,2024,9,20,19,25,Friday,19:25,Fatal,Dawn,Clear,Embankment Earth,None,THP District 1 - Knoxville,THP,Unbelted,-,Drinking,Drug,-,-,-,-,-,-,-,-,-,Anderson,Not in City Limit,6
55234,400151167,1,0,35.50288,-83.96812,1,2024-09-20 00:00:00,2024,9,20,24,0,Friday,24:00,Fatal,Daylight,Clear,Other Post/Pole Support,None,THP District 1 - Knoxville,THP,-,-,-,-,-,-,-,-,-,-,-,Motorcyclist,-,Blount,Not in City Limit,6
55239,400151206,0,1,36.13092,-85.25905,6,2024-09-20 12:43:00,2024,9,20,12,43,Friday,12:43,Suspected Serious Injury,Daylight,Clear,Cable Barrier,None,THP District 6 - Cookeville,THP,Unbelted,-,-,-,Drowsy,-,-,-,-,-,-,-,-,Putnam,Monterey,6
55240,400151209,0,8,35.43183,-84.61164,2,2024-09-23 17:27:00,2024,9,23,17,27,Monday,17:27,Suspected Serious Injury,Daylight,Clear,Motor Vehicle-In-Transport On Different Roadway,None,ATHENS POLICE DEPT,Other,Unbelted,Distracted,-,-,-,-,-,-,-,-,-,-,-,McMinn,Athens,2