OBJECTID,MRN,Fatality,Injury,Latitude,Longitude,THP_District,Collision_Date,Collision_Year,Collision_Month,Collision_Day,Collision_Hour,Collision_Min,Collision_DOW,Collision_Time,Crash_Type,Light_Condition,Weather,First_Harmfu_Event,Work_Zone_Type,Agency_Name,THP,Unbelted,Distracted_Driver,Driver_Drinking,Driver_Drugged,Drowsy_Driver,Speeding_Involved,Pedalcyclist,Pedestrian,Other_Nonmotorist,ATV_Involved,LargeTruck_Involved,Motorcycle_Involved,SchoolBus,County,City,DOW_Nmb
55248,400151244,0,2,35.41366,-89.58763,4,2024-09-23 17:10:00,2024,9,23,17,10,Monday,17:10,Suspected Serious Injury,Daylight,Cloudy,Other Animal,None,THP District 4 - Memphis,THP,Unbelted,-,-,-,-,-,-,-,Other_NM,-,-,-,-,Tipton,Not in City Limit,2
55252,400151262,0,2,35.83379,-83.74106,1,2024-09-23 16:30:00,2024,9,23,16,30,Monday,16:30,Suspected Serious Injury,Daylight,Clear,Motor Vehicle-In-Transport On Same Roadway,None,THP District 1 - Knoxville,THP,Unbelted,-,-,Drug,-,-,-,-,-,-,-,-,-,Sevier,Not in City Limit,2
55260,400151297,0,1,36.47738,-82.20928,5,2024-09-23 16:30:00,2024,9,23,16,30,Monday,16:30,Suspected Serious Injury,Daylight,Rain,Ditch,None,THP District 5 - Fall Branch,THP,Unbelted,-,-,-,-,Speeding,-,-,-,-,-,-,-,Sullivan,Not in City Limit,2
55263,400151309,0,1,36.30942,-82.19504,5,2024-09-23 03:18:00,2024,9,23,3,18,Monday,03:18,Suspected Serious Injury,Dark-Not Lighted,Clear,Other Non-Fixed Object,None,THP District 5 - Fall Branch,THP,-,-,-,-,-,-,-,-,-,-,-,Motorcyclist,-,Carter,Not in City Limit,2
55270,400151379,0,1,36.60262,-87.26099,3,2024-09-24 06:59:00,2024,9,24,6,59,Tuesday,06:59,Suspected Serious Injury,Daylight,Cloudy,Motor Vehicle-In-Transport On Same Roadway,None,THP District 3 - Nashville,THP,Unbelted,-,-,-,-,-,-,-,-,-,-,-,-,Montgomery,Not in City Limit,3
55272,400151385,1,0,35.91839,-86.46258,3,2024-09-21 11:45:00,2024,9,21,11,45,Saturday,11:45,Fatal,Daylight,Clear,Motor Vehicle-In-Transport On Same Roadway,None,MURFREESBORO POLICE DEPT,Other,Unbelted,-,-,-,-,-,-,-,-,-,-,Motorcyclist,-,Rutherford,Murfreesboro,7
55299,400151519,0,2,35.04419,-85.68091,2,2024-09-24 09:54:00,2024,9,24,9,54,Tuesday,09:54,Suspected Serious Injury,Daylight,Clear,Motor Vehicle-In-Transport On Same Roadway,None,KIMBALL POLICE DEPT,Other,Unbelted,-,-,-,-,-,-,-,-,-,-,-,-,Marion,Kimball,3
55301,400151536,0,2,35.82141,-83.15369,5,2024-09-24 10:10:00,2024,9,24,10,10,Tuesday,10:10,Suspected Serious Injury,Daylight,Clear,"Over Turn, Roll Over",None,THP District 5 - Fall Branch,THP,-,-,-,-,-,-,-,-,-,-,-,Motorcyclist,-,Cocke,Not in City Limit,3
55302,400151555,0,4,36.01228,-83.24278,5,2024-09-23 20:40:00,2024,9,23,20,40,Monday,20:40,Suspected Serious Injury,Dark-Not Lighted,Cloudy,Motor Vehicle-In-Transport On Same Roadway,Construction Zone,THP District 5 - Fall Branch,THP,Unbelted,-,Drinking,-,-,-,-,-,-,-,-,-,-,Cocke,Not in City Limit,2
55306,400151579,1,0,36.01173,-83.83792,1,2024-09-23 00:00:00,2024,9,23,24,0,Monday,24:00,Fatal,Daylight,Clear,Standing Tree,None,THP District 1 - Knoxville,THP,Unbelted,-,-,-,-,-,-,-,-,-,-,-,-,Knox,Knoxville,2
55309,400151594,0,1,36.47392,-82.351,5,2024-09-24 01:31:00,2024,9,24,1,31,Tuesday,01:31,Suspected Serious Injury,Dark-Not Lighted,Clear,Unknown,None,SULLIVAN CO SHERIFFS DEPT,Other,Unbelted,-,Drinking,-,-,-,-,-,-,-,-,-,-,Sullivan,Not in City Limit,3
55318,400151653,0,1,35.3009,-85.15021,2,2024-09-23 16:52:00,2024,9,23,16,52,Monday,16:52,Suspected Serious Injury,Daylight,Clear,Ditch,None,THP District 2 - Chattanooga,THP,-,-,-,-,-,Speeding,-,-,-,-,-,Motorcyclist,-,Hamilton,Soddy-Daisy,2
55330,400151711,0,1,36.52323,-86.06526,6,2024-09-24 12:51:00,2024,9,24,12,51,Tuesday,12:51,Suspected Serious Injury,Daylight,Cloudy,Ditch,None,LAFAYETTE POLICE DEPT,Other,Unbelted,Distracted,-,-,-,-,-,-,-,-,-,-,-,Macon,Lafayette,3
55354,400151817,0,1,36.44751,-86.55076,3,2024-09-24 20:13:00,2024,9,24,20,13,Tuesday,20:13,Suspected Serious Injury,Dark-Not Lighted,Cloudy,Bridge Rail,None,THP District 3 - Nashville,THP,Unbelted,-,Drinking,-,-,-,-,-,-,-,-,-,-,Sumner,Not in City Limit,3
55363,400151867,0,1,35.54767,-84.66524,2,2024-09-18 22:48:00,2024,9,18,22,48,Wednesday,22:48,Suspected Serious Injury,Dark-Not Lighted,Clear,Mail Box,None,THP District 2 - Chattanooga,THP,-,-,-,-,-,-,-,-,-,-,-,Motorcyclist,-,McMinn,Not in City Limit,4
55370,400151923,1,0,36.00353,-83.86891,1,2024-09-25 00:34:00,2024,9,25,0,34,Wednesday,00:34,Fatal,Dark-Not Lighted,Rain,Pedestrian,None,KNOXVILLE POLICE DEPT,Other,Unbelted,-,-,-,-,-,-,Pedestrian,-,-,-,-,-,Knox,Knoxville,4
55371,400151927,0,1,36.36628,-82.19868,5,2024-09-24 11:01:00,2024,9,24,11,1,Tuesday,11:01,Suspected Serious Injury,Daylight,Cloudy,Ditch,None,CARTER CO SHERIFFS DEPT,Other,Unbelted,-,-,-,-,-,-,-,-,-,-,-,-,Carter,Not in City Limit,3
55381,400151971,1,0,35.98009,-87.30508,3,2024-09-24 14:47:00,2024,9,24,14,47,Tuesday,14:47,Fatal,Daylight,Clear,Standing Tree,None,THP District 3 - Nashville,THP,Unbelted,-,-,-,-,Speeding,-,-,-,-,-,-,-,Dickson,Not in City Limit,3
55383,400151989,1,1,36.32191,-86.85639,3,2024-09-24 23:46:00,2024,9,24,23,46,Tuesday,23:46,Fatal,Dark-Not Lighted,Fog,"Over Turn, Roll Over",None,METROPOLITAN NASHVILLE POLICE DEPT,Other,Unbelted,-,-,Drug,-,-,-,-,-,-,-,-,-,Davidson,Nashville,3
55409,400152132,0,2,35.26101,-84.83165,2,2024-09-25 11:55:00,2024,9,25,11,55,Wednesday,11:55,Suspected Serious Injury,Daylight,Rain,"Over Turn, Roll Over",None,THP District 2 - Chattanooga,THP,Unbelted,-,-,-,-,-,-,-,-,-,-,-,-,Bradley,Not in City Limit,4
55421,400152184,1,2,35.75561,-86.81374,3,2024-09-25 08:15:00,2024,9,25,8,15,Wednesday,08:15,Fatal,Daylight,Cloudy,Motor Vehicle-In-Transport On Same Roadway,None,THP District 3 - Nashville,THP,Unbelted,-,-,-,-,-,-,-,-,-,-,-,-,Williamson,Not in City Limit,4
55426,400152244,0,1,35.34609,-84.0537,1,2024-09-22 13:29:00,2024,9,22,13,29,Sunday,13:29,Suspected Serious Injury,Daylight,Clear,Ditch,None,THP District 1 - Knoxville,THP,-,-,-,-,-,-,-,-,-,-,-,Motorcyclist,-,Monroe,Not in City Limit,1
55434,400152298,2,2,36.14113,-85.83072,6,2024-09-24 20:40:00,2024,9,24,20,40,Tuesday,20:40,Fatal,Dark-Not Lighted,Cloudy,Motor Vehicle-In-Transport On Same Roadway,None,THP District 6 - Cookeville,THP,Unbelted,-,-,-,-,-,-,-,-,-,ATV_Involved,-,-,Smith,Not in City Limit,3
55441,400152337,0,2,35.83222,-83.97302,1,2024-09-25 17:14:00,2024,9,25,17,14,Wednesday,17:14,Suspected Serious Injury,Daylight,Rain,Motor Vehicle-In-Transport On Same Roadway,None,ALCOA POLICE DEPARTMENT,Other,Unbelted,-,-,-,-,-,-,-,-,-,-,-,-,Blount,Alcoa,4
55442,400152340,0,1,35.05077,-86.26383,2,2024-09-22 17:01:00,2024,9,22,17,1,Sunday,17:01,Suspected Serious Injury,Daylight,Clear,Motor Vehicle-In-Transport On Same Roadway,None,HUNTLAND POLICE DEPT,Other,Unbelted,-,-,-,-,-,-,-,-,-,-,Motorcyclist,-,Franklin,Huntland,1
55446,400152360,0,1,35.89003,-83.18688,5,2024-09-25 15:45:00,2024,9,25,15,45,Wednesday,15:45,Suspected Serious Injury,Daylight,Rain,Motor Vehicle-In-Transport On Same Roadway,None,THP District 5 - Fall Branch,THP,Unbelted,-,-,-,-,-,-,-,-,-,-,-,-,Cocke,Not in City Limit,4
55449,400152386,0,1,36.25113,-86.39859,3,2024-09-16 12:10:00,2024,9,16,12,10,Monday,12:10,Suspected Serious Injury,Daylight,Clear,Motor Vehicle-In-Transport On Same Roadway,None,THP District 3 - Nashville,THP,Unbelted,-,-,-,-,-,-,-,-,-,-,-,-,Wilson,Not in City Limit,2
55450,400152388,0,1,36.23674,-86.76004,3,2024-09-25 16:45:00,2024,9,25,16,45,Wednesday,16:45,Suspected Serious Injury,Daylight,Clear,Motor Vehicle-In-Transport On Same Roadway,None,METROPOLITAN NASHVILLE POLICE DEPT,Other,Unbelted,-,-,-,-,-,-,-,-,-,ATV_Involved,Motorcyclist,-,Davidson,Nashville,4
55457,400152419,0,1,35.94757,-85.82723,6,2024-09-25 19:16:00,2024,9,25,19,16,Wednesday,19:16,Suspected Serious Injury,Dark-Lighted,Cloudy,Pedal-Cycle,None,THP District 6 - Cookeville,THP,Unbelted,-,-,-,-,-,Pedalcyclist,-,-,-,-,-,-,DeKalb,Smithville,4
55462,400152429,0,1,35.02825,-89.64806,4,2024-09-25 15:52:00,2024,9,25,15,52,Wednesday,15:52,Suspected Serious Injury,Daylight,Clear,Guard Rail Face,None,COLLIERVILLE POLICE DEPT,Other,Unbelted,-,-,-,-,-,-,-,-,-,-,-,-,Shelby,Collierville,4
55466,400152450,2,2,36.15095,-85.87277,6,2024-09-24 19:36:00,2024,9,24,19,36,Tuesday,19:36,Fatal,Dark-Not Lighted,Rain,Motor Vehicle-In-Transport On Same Roadway,None,THP District 6 - Cookeville,THP,Unbelted,-,-,-,-,-,-,-,-,-,ATV_Involved,-,-,Smith,Not in City Limit,3
55473,400152490,0,1,36.46441,-83.033,5,2024-09-14 02:38:00,2024,9,14,2,38,Saturday,02:38,Suspected Serious Injury,Dark-Not Lighted,Cloudy,Ditch,None,THP District 5 - Fall Branch,THP,-,-,-,-,-,-,-,-,-,-,-,Motorcyclist,-,Hawkins,Not in City Limit,7
55490,400152574,0,1,35.69883,-83.98143,1,2024-09-26 07:11:00,2024,9,26,7,11,Thursday,07:11,Suspected Serious Injury,Dark-Not Lighted,Rain,Pedestrian,None,BLOUNT CO SHERIFFS DEPT,Other,Unbelted,-,-,-,-,-,-,Pedestrian,-,-,-,-,Direct,Blount,Not in City Limit,5
55501,400152639,0,3,36.52982,-86.63638,3,2024-09-26 06:34:00,2024,9,26,6,34,Thursday,06:34,Suspected Serious Injury,Dawn,Fog,Motor Vehicle-In-Transport On Same Roadway,None,THP District 3 - Nashville,THP,Unbelted,-,-,-,-,-,-,-,-,-,-,-,-,Robertson,Cross Plains,5
55506,400152645,0,3,35.86381,-83.52282,1,2024-09-26 07:11:00,2024,9,26,7,11,Thursday,07:11,Suspected Serious Injury,Dawn,Rain,Motor Vehicle-In-Transport On Different Roadway,None,SEVIERVILLE POLICE DEPT,Other,Unbelted,-,-,-,-,-,-,-,-,-,-,-,-,Sevier,Sevierville,5
55507,400152652,0,1,35.8121,-88.74071,8,2024-11-05 10:31:00,2024,11,5,10,31,Tuesday,10:31,Suspected Serious Injury,Daylight,Cloudy,"Over Turn, Roll Over",None,THP District 8 - Jackson,THP,Unbelted,-,-,-,-,-,-,-,-,-,-,-,-,Gibson,Not in City Limit,3
55522,400152703,1,1,36.34169,-87.0252,3,2024-09-25 10:15:00,2024,9,25,10,15,Wednesday,10:15,Fatal,Daylight,Clear,Motor Vehicle-In-Transport On Same Roadway,None,THP District 3 - Nashville,THP,Unbelted,-,-,Drug,-,-,-,-,-,-,-,-,-,Cheatham,Not in City Limit,4
55532,400152752,0,1,35.1434,-84.85302,2,2024-09-25 00:00:00,2024,9,25,24,0,Wednesday,24:00,Suspected Serious Injury,Daylight,Rain,Motor Vehicle-In-Transport On Same Roadway,None,BRADLEY CO SHERIFFS DEPT,Other,Unbelted,-,-,-,-,-,-,-,-,-,-,-,-,Bradley,Not in City Limit,4
55548,400152838,1,1,36.06116,-86.62445,3,2024-09-25 16:22:00,2024,9,25,16,22,Wednesday,16:22,Fatal,Daylight,Cloudy,Motor Vehicle-In-Transport On Same Roadway,None,METROPOLITAN NASHVILLE POLICE DEPT,Other,Unbelted,-,-,-,-,-,-,-,-,-,-,-,-,Davidson,Nashville,4
55550,400152855,1,0,36.21749,-86.78155,3,2024-09-25 20:11:00,2024,9,25,20,11,Wednesday,20:11,Fatal,Dark-Lighted,Clear,Traffic Signal Support,None,METROPOLITAN NASHVILLE POLICE DEPT,Other,Unbelted,-,-,-,-,Speeding,-,-,-,-,-,-,-,Davidson,Nashville,4
55565,400152910,0,5,35.73704,-85.78516,6,2024-09-26 14:42:00,2024,9,26,14,42,Thursday,14:42,Suspected Serious Injury,Daylight,Cloudy,Motor Vehicle-In-Transport On Same Roadway,None,THP District 6 - Cookeville,THP,Unbelted,Distracted,-,-,-,-,-,-,-,-,-,-,-,Warren,Not in City Limit,5
55568,400152920,0,1,35.95151,-84.57933,1,2024-09-26 14:30:00,2024,9,26,14,30,Thursday,14:30,Suspected Serious Injury,Daylight,Rain,Embankment Earth,None,THP District 1 - Knoxville,THP,Unbelted,-,-,-,-,-,-,-,-,-,-,-,-,Morgan,Not in City Limit,5
55569,400152937,1,0,36.08621,-86.93539,3,2024-09-25 01:14:00,2024,9,25,1,14,Wednesday,01:14,Fatal,Dark-Not Lighted,Fog,Ditch,None,METROPOLITAN NASHVILLE POLICE DEPT,Other,Unbelted,-,Drinking,Drug,-,-,-,-,-,-,-,-,-,Davidson,Nashville,4
55583,400153016,1,1,35.30091,-84.66735,2,2024-09-25 21:27:00,2024,9,25,21,27,Wednesday,21:27,Fatal,Dark-Not Lighted,Rain,Ditch,None,THP District 2 - Chattanooga,THP,Unbelted,-,-,Drug,-,-,-,-,-,-,-,-,-,McMinn,Not in City Limit,4
55584,400153024,0,1,35.02786,-84.84696,2,2024-09-26 20:10:00,2024,9,26,20,10,Thursday,20:10,Suspected Serious Injury,Dark-Not Lighted,Rain,Ditch,None,THP District 2 - Chattanooga,THP,Unbelted,-,-,-,-,-,-,-,-,-,-,-,-,Bradley,Not in City Limit,5
55625,400153202,1,1,36.20967,-86.30742,3,2024-09-24 07:15:00,2024,9,24,7,15,Tuesday,07:15,Fatal,Dark-Lighted,Rain,Motor Vehicle-In-Transport On Same Roadway,None,LEBANON POLICE DEPT,Other,Unbelted,-,Drinking,-,-,-,-,-,-,-,-,-,-,Wilson,Lebanon,3
55627,400153206,0,2,35.88933,-84.21363,1,2024-09-26 08:20:00,2024,9,26,8,20,Thursday,08:20,Suspected Serious Injury,Daylight,Rain,Motor Vehicle-In-Transport On Same Roadway,None,KNOX CO SHERIFFS OFFICE,Other,Unbelted,-,-,-,-,Speeding,-,-,-,-,-,-,-,Knox,Farragut,5
55652,400153338,0,3,36.22262,-83.26106,5,2024-09-27 10:50:00,2024,9,27,10,50,Friday,10:50,Suspected Serious Injury,Daylight,Severe Cross-Winds,Motor Vehicle-In-Transport On Same Roadway,None,MORRISTOWN POLICE DEPT,Other,Unbelted,-,-,-,-,-,-,-,-,-,-,-,-,Hamblen,Morristown,6
55655,400153360,1,2,35.92461,-86.46827,3,2024-09-27 10:58:00,2024,9,27,10,58,Friday,10:58,Fatal,Daylight,Rain,Motor Vehicle-In-Transport On Same Roadway,None,MURFREESBORO POLICE DEPT,Other,Unbelted,-,-,-,-,-,-,-,-,-,ATV_Involved,-,-,Rutherford,Murfreesboro,6
55665,400153404,0,1,36.17643,-85.05264,6,2024-09-26 07:50:00,2024,9,26,7,50,Thursday,07:50,Suspected Serious Injury,Daylight,Rain,"Over Turn, Roll Over",None,THP District 6 - Cookeville,THP,Unbelted,-,-,-,-,-,-,-,-,-,ATV_Involved,-,-,Fentress,Not in City Limit,5
55670,400153436,0,1,35.02432,-89.68053,4,2024-09-27 11:27:00,2024,9,27,11,27,Friday,11:27,Suspected Serious Injury,Daylight,Rain,Standing Tree,None,COLLIERVILLE POLICE DEPT,Other,Unbelted,-,-,-,-,Speeding,-,-,-,-,-,-,-,Shelby,Collierville,6
55673,400153459,0,2,35.78626,-86.7487,3,2024-09-27 07:41:00,2024,9,27,7,41,Friday,07:41,Suspected Serious Injury,Daylight,Rain,Motor Vehicle-In-Transport On Same Roadway,None,THP District 3 - Nashville,THP,Unbelted,Distracted,-,-,-,-,-,-,-,-,-,-,-,Williamson,Not in City Limit,6
55679,400153480,0,2,36.12177,-86.76291,3,2024-09-27 00:00:00,2024,9,27,24,0,Friday,24:00,Suspected Serious Injury,Daylight,Rain,"Over Turn, Roll Over",None,METROPOLITAN NASHVILLE POLICE DEPT,Other,Unbelted,Distracted,-,-,-,Speeding,-,-,-,-,-,-,-,Davidson,Berry Hill,6
55717,400153681,0,1,36.54387,-87.46427,3,2024-09-23 17:31:00,2024,9,23,17,31,Monday,17:31,Suspected Serious Injury,Dark-Lighted,Rain,Ditch,None,THP District 3 - Nashville,THP,-,-,-,-,-,Speeding,-,-,-,-,-,Motorcyclist,-,Montgomery,Not in City Limit,2
55721,400153703,0,1,35.02892,-88.7092,8,2024-09-27 16:30:00,2024,9,27,16,30,Friday,16:30,Suspected Serious Injury,Daylight,Rain,Standing Tree,None,THP District 8 - Jackson,THP,Unbelted,-,-,-,-,-,-,-,-,-,-,-,-,McNairy,Not in City Limit,6
55746,400153809,0,1,36.07657,-89.05452,8,2024-09-25 21:35:00,2024,9,25,21,35,Wednesday,21:35,Suspected Serious Injury,Dark-Not Lighted,Clear,Ditch,None,THP District 8 - Jackson,THP,Unbelted,-,Drinking,-,-,-,-,-,-,-,-,-,-,Gibson,Not in City Limit,4
55753,400153827,0,1,35.88664,-84.69121,1,2024-09-28 01:20:00,2024,9,28,1,20,Saturday,01:20,Suspected Serious Injury,Dark-Not Lighted,Rain,Motor Vehicle-In-Transport On Same Roadway,None,THP District 1 - Knoxville,THP,Unbelted,-,-,-,-,-,-,-,-,-,ATV_Involved,-,-,Roane,Not in City Limit,7
55762,400153885,1,2,35.93381,-83.0386,5,2024-09-27 16:15:00,2024,9,27,16,15,Friday,16:15,Fatal,Daylight,Clear,Motor Vehicle-In-Transport On Same Roadway,None,THP District 5 - Fall Branch,THP,Unbelted,-,Drinking,Drug,-,Speeding,-,-,-,-,-,-,-,Cocke,Not in City Limit,6
55765,400153892,0,1,36.23581,-86.76395,3,2024-09-28 08:10:00,2024,9,28,8,10,Saturday,08:10,Suspected Serious Injury,Daylight,Rain,Guard Rail Face,None,THP District 3 - Nashville,THP,Unbelted,-,-,-,-,-,-,-,-,-,-,-,-,Davidson,Nashville,7
55770,400153937,0,7,35.51596,-86.11922,2,2024-09-28 10:10:00,2024,9,28,10,10,Saturday,10:10,Suspected Serious Injury,Daylight,Rain,Motor Vehicle-In-Transport On Same Roadway,None,THP District 2 - Chattanooga,THP,Unbelted,Distracted,-,-,-,-,-,-,-,-,-,-,-,Coffee,Not in City Limit,7
55792,400154039,0,1,35.43653,-87.78575,7,2024-09-28 11:26:00,2024,9,28,11,26,Saturday,11:26,Suspected Serious Injury,Daylight,Rain,"Over Turn, Roll Over",None,THP District 7 - Lawrenceburg,THP,Unbelted,-,-,-,-,-,-,-,-,-,-,-,-,Wayne,Not in City Limit,7
55793,400154044,0,2,35.91859,-84.56697,1,2024-09-28 00:00:00,2024,9,28,24,0,Saturday,24:00,Suspected Serious Injury,,Cloudy,Motor Vehicle-In-Transport On Same Roadway,None,HARRIMAN POLICE DEPT,Other,Unbelted,-,-,-,-,-,-,-,-,-,-,-,-,Roane,Harriman,7
55796,400154056,0,1,36.17496,-86.69072,3,2024-09-28 13:35:00,2024,9,28,13,35,Saturday,13:35,Suspected Serious Injury,Daylight,Rain,Concrete Traffic Barrier,None,THP District 3 - Nashville,THP,Unbelted,-,-,-,-,-,-,-,-,-,-,-,-,Davidson,Nashville,7
55809,400154131,0,1,35.88606,-84.68276,1,2024-09-28 01:15:00,2024,9,28,1,15,Saturday,01:15,Suspected Serious Injury,Dark-Not Lighted,Rain,Guard Rail Face,None,THP District 1 - Knoxville,THP,Unbelted,-,-,-,-,-,-,-,-,-,-,-,-,Roane,Not in City Limit,7
55812,400154141,0,1,35.77066,-84.31802,1,2024-09-28 16:55:00,2024,9,28,16,55,Saturday,16:55,Suspected Serious Injury,Daylight,Clear,"Over Turn, Roll Over",None,THP District 1 - Knoxville,THP,-,-,-,-,-,Speeding,-,-,-,-,-,Motorcyclist,-,Loudon,Not in City Limit,7
55820,400154186,0,4,36.15449,-86.83243,3,2024-09-28 17:33:00,2024,9,28,17,33,Saturday,17:33,Suspected Serious Injury,Daylight,Cloudy,Motor Vehicle-In-Transport On Same Roadway,None,THP District 3 - Nashville,THP,Unbelted,-,Drinking,Drug,-,-,-,-,-,-,-,-,-,Davidson,Nashville,7
55821,400154189,0,1,36.17707,-82.79335,5,2024-09-28 21:18:00,2024,9,28,21,18,Saturday,21:18,Suspected Serious Injury,Dark-Lighted,Clear,Motor Vehicle-In-Transport On Same Roadway,None,THP District 5 - Fall Branch,THP,Unbelted,-,-,-,-,-,-,-,-,-,ATV_Involved,-,-,Greene,Greeneville,7
55853,400154307,0,1,36.33708,-84.63782,1,2024-09-28 12:28:00,2024,9,28,12,28,Saturday,12:28,Suspected Serious Injury,Daylight,Rain,Motor Vehicle-In-Transport On Same Roadway,None,THP District 1 - Knoxville,THP,Unbelted,-,-,-,-,-,-,-,-,-,ATV_Involved,-,-,Scott,Not in City Limit,7
55858,400154344,0,1,35.04292,-88.89342,4,2024-09-28 06:38:00,2024,9,28,6,38,Saturday,06:38,Suspected Serious Injury,Dark-Not Lighted,Cloudy,Motor Vehicle-In-Transport On Same Roadway,None,THP District 4 - Memphis,THP,Unbelted,-,Drinking,-,-,-,-,-,-,-,-,-,-,Hardeman,Middleton,7
55872,400154422,0,3,36.27757,-86.80037,3,2024-09-25 14:56:00,2024,9,25,14,56,Wednesday,14:56,Suspected Serious Injury,Daylight,Clear,Motor Vehicle-In-Transport On Same Roadway,None,THP District 3 - Nashville,THP,Unbelted,-,-,-,-,-,-,-,-,-,-,-,-,Davidson,Nashville,4
55882,400154482,0,1,36.18981,-86.4968,3,2024-09-28 16:15:00,2024,9,28,16,15,Saturday,16:15,Suspected Serious Injury,Daylight,Rain,Standing Tree,None,THP District 3 - Nashville,THP,Unbelted,-,-,-,-,-,-,-,-,-,-,-,-,Wilson,Not in City Limit,7
55886,400154491,1,2,35.10226,-86.96135,7,2024-09-28 23:47:00,2024,9,28,23,47,Saturday,23:47,Fatal,Dark-Not Lighted,Rain,Motor Vehicle-In-Transport On Same Roadway,None,THP District 7 - Lawrenceburg,THP,Unbelted,-,Drinking,Drug,-,-,-,-,-,-,-,-,-,Giles,Not in City Limit,7
55896,400154545,1,0,35.02118,-87.56613,7,2024-09-28 20:15:00,2024,9,28,20,15,Saturday,20:15,Fatal,Dark-Not Lighted,Rain,Embankment Earth,None,THP District 7 - Lawrenceburg,THP,Unbelted,-,-,-,-,-,-,-,-,-,-,-,-,Lawrence,Not in City Limit,7
55898,400154557,0,1,35.88298,-84.93651,6,2024-09-29 11:08:00,2024,9,29,11,8,Sunday,11:08,Suspected Serious Injury,Daylight,Rain,Motor Vehicle-In-Transport On Same Roadway,None,THP District 6 - Cookeville,THP,Unbelted,-,-,-,-,-,-,-,-,-,-,-,-,Cumberland,Not in City Limit,1
55899,400154563,0,1,35.00808,-85.24507,2,2024-09-25 12:37:00,2024,9,25,12,37,Wednesday,12:37,Suspected Serious Injury,Daylight,Rain,"Over Turn, Roll Over",None,EAST RIDGE POLICE DEPT,Other,Unbelted,-,-,-,-,-,-,-,-,-,-,-,-,Hamilton,East Ridge,4
55901,400154571,0,2,36.1985,-87.4398,3,2024-09-29 14:51:00,2024,9,29,14,51,Sunday,14:51,Suspected Serious Injury,Daylight,Cloudy,Culvert,None,THP District 3 - Nashville,THP,Unbelted,-,-,-,Drowsy,-,-,-,-,-,-,-,-,Dickson,Not in City Limit,1
55911,400154620,0,1,36.30164,-88.30965,8,2024-09-29 18:50:00,2024,9,29,18,50,Sunday,18:50,Suspected Serious Injury,Dusk,Clear,Pedestrian,None,PARIS POLICE DEPT,Other,Unbelted,-,-,-,-,-,-,Pedestrian,-,-,-,-,-,Henry,Paris,1
55912,400154621,0,1,35.5877,-89.08529,4,2024-09-29 00:00:00,2024,9,29,24,0,Sunday,24:00,Suspected Serious Injury,Dusk,Cloudy,Motor Vehicle-In-Transport On Same Roadway,None,THP District 4 - Memphis,THP,Unbelted,-,-,-,-,-,-,-,-,-,-,-,-,Haywood,Not in City Limit,1
55914,400154630,0,3,36.34626,-86.92751,3,2024-09-29 04:01:00,2024,9,29,4,1,Sunday,04:01,Suspected Serious Injury,Dark-Not Lighted,Rain,Motor Vehicle-In-Transport On Same Roadway,None,THP District 3 - Nashville,THP,Unbelted,-,-,-,-,Speeding,-,-,-,-,-,-,-,Cheatham,Not in City Limit,1
55927,400154696,0,1,35.28736,-84.63991,2,2024-09-30 02:10:00,2024,9,30,2,10,Monday,02:10,Suspected Serious Injury,Dark-Not Lighted,Clear,Ditch,None,THP District 2 - Chattanooga,THP,Unbelted,-,-,-,-,Speeding,-,-,-,-,-,-,-,McMinn,Not in City Limit,2
55933,400154729,0,2,36.19486,-86.77614,3,2024-09-30 02:00:00,2024,9,30,2,0,Monday,02:00,Suspected Serious Injury,Dark-Lighted,Clear,Motor Vehicle-In-Transport On Same Roadway,None,METROPOLITAN NASHVILLE POLICE DEPT,Other,Unbelted,-,-,-,-,-,-,-,-,-,-,-,-,Davidson,Nashville,2
55949,400154784,0,1,36.16252,-86.77978,3,2024-09-30 06:22:00,2024,9,30,6,22,Monday,06:22,Suspected Serious Injury,Dawn,Clear,Pedestrian,None,METROPOLITAN NASHVILLE POLICE DEPT,Other,Unbelted,-,-,-,-,-,-,Pedestrian,-,-,-,-,-,Davidson,Nashville,2
55950,400154785,1,0,35.56678,-89.15629,4,2024-09-29 17:58:00,2024,9,29,17,58,Sunday,17:58,Fatal,Daylight,Cloudy,Motor Vehicle-In-Transport On Same Roadway,None,THP District 4 - Memphis,THP,Unbelted,-,-,-,-,-,-,-,-,-,ATV_Involved,-,-,Haywood,Not in City Limit,1
55955,400154816,0,2,36.16315,-86.76193,3,2024-09-30 07:51:00,2024,9,30,7,51,Monday,07:51,Suspected Serious Injury,Daylight,Clear,Motor Vehicle-In-Transport On Same Roadway,None,THP District 3 - Nashville,THP,Unbelted,-,-,-,-,-,-,-,-,-,-,-,-,Davidson,Nashville,2