OBJECTID,MRN,Fatality,Injury,Latitude,Longitude,THP_District,Collision_Date,Collision_Year,Collision_Month,Collision_Day,Collision_Hour,Collision_Min,Collision_DOW,Collision_Time,Crash_Type,Light_Condition,Weather,First_Harmfu_Event,Work_Zone_Type,Agency_Name,THP,Unbelted,Distracted_Driver,Driver_Drinking,Driver_Drugged,Drowsy_Driver,Speeding_Involved,Pedalcyclist,Pedestrian,Other_Nonmotorist,ATV_Involved,LargeTruck_Involved,Motorcycle_Involved,SchoolBus,County,City,DOW_Nmb
55956,400154823,1,0,36.18528,-85.02015,6,2024-09-30 05:20:00,2024,9,30,5,20,Monday,05:20,Fatal,Dark-Not Lighted,Clear,Pedestrian,Construction Zone,THP District 6 - Cookeville,THP,Unbelted,-,-,-,-,-,-,Pedestrian,-,-,ATV_Involved,-,-,Fentress,Not in City Limit,2
55957,400154827,0,1,36.21025,-86.69838,3,2024-09-30 09:01:00,2024,9,30,9,1,Monday,09:01,Suspected Serious Injury,Daylight,Cloudy,Pedestrian,None,METROPOLITAN NASHVILLE POLICE DEPT,Other,Unbelted,Distracted,-,-,-,-,-,Pedestrian,-,-,-,-,-,Davidson,Nashville,2
55964,400154879,0,1,35.29681,-84.95389,2,2024-09-30 12:15:00,2024,9,30,12,15,Monday,12:15,Suspected Serious Injury,Daylight,Cloudy,Fell/Jumped From Vehicle,None,THP District 2 - Chattanooga,THP,-,-,-,-,-,-,-,-,-,-,-,Motorcyclist,-,Meigs,Not in City Limit,2
55965,400154884,2,1,35.26766,-86.46291,7,2024-09-29 17:20:00,2024,9,29,17,20,Sunday,17:20,Fatal,Daylight,Clear,Motor Vehicle-In-Transport On Same Roadway,None,THP District 7 - Lawrenceburg,THP,Unbelted,-,Drinking,-,-,-,-,-,-,-,-,-,-,Lincoln,Not in City Limit,1
55967,400154894,0,1,36.13759,-86.80082,3,2024-09-30 12:45:00,2024,9,30,12,45,Monday,12:45,Suspected Serious Injury,Daylight,Cloudy,Motor Vehicle-In-Transport On Same Roadway,None,VANDERBILT UNIVERSITY POLICE,Other,Unbelted,-,-,-,-,-,-,-,-,-,-,-,-,Davidson,Nashville,2
55973,400154934,0,1,36.05972,-86.70491,3,2024-09-30 14:33:00,2024,9,30,14,33,Monday,14:33,Suspected Serious Injury,Daylight,Clear,Motor Vehicle-In-Transport On Same Roadway,None,METROPOLITAN NASHVILLE POLICE DEPT,Other,Unbelted,-,-,-,-,-,-,-,-,-,-,Motorcyclist,-,Davidson,Nashville,2
55989,400155014,0,1,35.82226,-86.16327,6,2024-09-30 16:03:00,2024,9,30,16,3,Monday,16:03,Suspected Serious Injury,Daylight,Cloudy,"Over Turn, Roll Over",None,THP District 6 - Cookeville,THP,-,-,-,-,-,-,-,-,-,-,-,-,-,Cannon,Not in City Limit,2
55996,400155045,0,1,35.66334,-87.49778,7,2024-09-30 14:42:00,2024,9,30,14,42,Monday,14:42,Suspected Serious Injury,Daylight,Clear,Embankment Earth,None,THP District 7 - Lawrenceburg,THP,Unbelted,-,-,-,-,-,-,-,-,-,ATV_Involved,-,-,Hickman,Not in City Limit,2
56017,400155157,0,1,36.44522,-88.33409,8,2024-09-29 17:48:00,2024,9,29,17,48,Sunday,17:48,Suspected Serious Injury,Dusk,Clear,Motor Vehicle-In-Transport On Same Roadway,None,THP District 8 - Jackson,THP,Unbelted,-,-,-,-,Speeding,-,-,-,-,-,Motorcyclist,-,Henry,Puryear,1
56019,400155164,0,1,35.38987,-89.89724,4,2024-10-01 02:01:00,2024,10,1,2,1,Tuesday,02:01,Suspected Serious Injury,Dark-Not Lighted,Clear,Standing Tree,None,THP District 4 - Memphis,THP,Unbelted,-,Drinking,Drug,-,-,-,-,-,-,-,-,-,Shelby,Not in City Limit,3
56021,400155166,0,1,36.39001,-82.29219,5,2024-09-30 19:50:00,2024,9,30,19,50,Monday,19:50,Suspected Serious Injury,Dark-Not Lighted,Clear,Standing Tree,None,THP District 5 - Fall Branch,THP,Unbelted,-,-,-,-,-,-,-,-,-,-,-,-,Carter,Not in City Limit,2
56022,400155178,0,1,36.37354,-82.21378,5,2024-09-28 13:00:00,2024,9,28,13,0,Saturday,13:00,Suspected Serious Injury,Daylight,Clear,Motor Vehicle-In-Transport On Same Roadway,None,CARTER CO SHERIFFS DEPT,Other,Unbelted,-,-,-,-,-,-,-,-,-,-,-,-,Carter,Not in City Limit,7
56023,400155204,1,1,35.965,-87.313,7,2024-09-30 00:00:00,2024,9,30,24,0,Monday,24:00,Fatal,Dark-Not Lighted,Cloudy,Motor Vehicle-In-Transport On Same Roadway,None,THP District 7 - Lawrenceburg,THP,Unbelted,-,-,-,-,-,-,-,-,-,-,-,-,Hickman,Not in City Limit,2
56028,400155226,0,2,35.61839,-88.81319,8,2024-09-30 10:15:00,2024,9,30,10,15,Monday,10:15,Suspected Serious Injury,Daylight,Clear,Other Non-Collision,None,JACKSON POLICE DEPT,Other,Unbelted,Distracted,-,-,-,-,-,-,-,-,-,-,-,Madison,Jackson,2
56030,400155236,0,1,36.41883,-86.73826,3,2024-10-01 06:50:00,2024,10,1,6,50,Tuesday,06:50,Suspected Serious Injury,Daylight,Clear,Mail Box,None,MILLERSVILLE POLICE DEPT,Other,-,-,-,-,-,-,-,-,-,-,-,Motorcyclist,-,Robertson,MILLERSVILLE,3
56033,400155261,1,0,35.90324,-88.78238,8,2024-10-01 08:20:00,2024,10,1,8,20,Tuesday,08:20,Fatal,Daylight,Clear,Highway Traffic Sign Post,None,THP District 8 - Jackson,THP,Unbelted,-,-,-,-,-,-,-,-,-,-,-,-,Gibson,Not in City Limit,3
56038,400155329,0,1,35.99311,-86.61347,3,2024-09-30 00:00:00,2024,9,30,24,0,Monday,24:00,Suspected Serious Injury,Daylight,Cloudy,Parked Motor Vehicle,None,LAVERGNE POLICE DEPT,Other,Unbelted,-,Drinking,Drug,-,-,-,-,-,-,ATV_Involved,-,-,Rutherford,Lavergne,2
56047,400155403,1,0,35.81252,-86.06475,6,2024-10-01 12:46:00,2024,10,1,12,46,Tuesday,12:46,Fatal,Daylight,Clear,Motor Vehicle-In-Transport On Same Roadway,None,THP District 6 - Cookeville,THP,Unbelted,-,-,-,-,-,-,-,-,-,-,-,-,Cannon,Woodbury,3
56052,400155432,0,1,35.01687,-85.18233,2,2024-10-01 14:15:00,2024,10,1,14,15,Tuesday,14:15,Suspected Serious Injury,Daylight,Clear,Ditch,None,CHATTANOOGA POLICE DEPT,Other,Unbelted,-,-,-,-,-,-,-,-,-,-,-,-,Hamilton,Chattanooga,3
56053,400155433,0,3,35.40723,-84.28024,1,2024-10-01 08:10:00,2024,10,1,8,10,Tuesday,08:10,Suspected Serious Injury,Daylight,Cloudy,Motor Vehicle-In-Transport On Same Roadway,None,THP District 1 - Knoxville,THP,Unbelted,-,-,-,-,-,-,-,-,-,-,-,-,Monroe,Not in City Limit,3
56054,400155439,0,2,35.60422,-86.54717,7,2024-10-01 00:26:00,2024,10,1,0,26,Tuesday,00:26,Suspected Serious Injury,Dark-Not Lighted,Fog,Culvert,None,THP District 7 - Lawrenceburg,THP,Unbelted,-,Drinking,-,-,-,-,-,-,-,-,-,-,Bedford,Not in City Limit,3
56055,400155440,0,1,36.15665,-82.41121,5,2024-10-01 08:59:00,2024,10,1,8,59,Tuesday,08:59,Suspected Serious Injury,Daylight,Clear,Motor Vehicle-In-Transport On Same Roadway,Work Zone,THP District 5 - Fall Branch,THP,Unbelted,-,-,-,-,-,-,-,-,-,-,-,-,Unicoi,Erwin,3
56057,400155450,0,1,35.28861,-89.05844,4,2024-09-30 12:55:00,2024,9,30,12,55,Monday,12:55,Suspected Serious Injury,Daylight,Cloudy,Embankment Earth,None,THP District 4 - Memphis,THP,Unbelted,Distracted,-,-,-,-,-,-,-,-,ATV_Involved,-,-,Hardeman,Bolivar,2
56060,400155463,0,1,35.34655,-84.24287,1,2024-10-01 00:00:00,2024,10,1,24,0,Tuesday,24:00,Suspected Serious Injury,Daylight,Cloudy,Guard Rail Face,None,MONROE CO SHERIFFS DEPT,Other,-,-,-,-,-,-,-,-,-,-,-,Motorcyclist,-,Monroe,Not in City Limit,3
56062,400155477,0,1,36.15889,-86.78211,3,2024-09-29 03:09:00,2024,9,29,3,9,Sunday,03:09,Suspected Serious Injury,Dark-Lighted,Rain,Pedestrian,None,METROPOLITAN NASHVILLE POLICE DEPT,Other,Unbelted,-,-,-,-,-,-,Pedestrian,-,-,-,-,-,Davidson,Nashville,1
56072,400155542,0,1,35.80459,-86.87847,3,2024-10-01 17:15:00,2024,10,1,17,15,Tuesday,17:15,Suspected Serious Injury,Daylight,Clear,Motor Vehicle-In-Transport On Same Roadway,None,WILLIAMSON CO SHERIFFS OFFICE,Other,Unbelted,-,-,-,-,Speeding,-,-,-,-,-,-,-,Williamson,Thompson's Station,3
56073,400155561,0,7,36.21794,-86.74646,3,2024-10-01 13:16:00,2024,10,1,13,16,Tuesday,13:16,Suspected Serious Injury,Daylight,Clear,Motor Vehicle-In-Transport On Same Roadway,None,METROPOLITAN NASHVILLE POLICE DEPT,Other,Unbelted,-,-,-,-,-,-,-,-,-,-,-,-,Davidson,Nashville,3
56075,400155570,0,2,36.20693,-86.3237,3,2024-10-01 14:30:00,2024,10,1,14,30,Tuesday,14:30,Suspected Serious Injury,Daylight,Cloudy,Motor Vehicle-In-Transport On Same Roadway,None,LEBANON POLICE DEPT,Other,Unbelted,-,-,-,-,-,-,-,-,-,-,-,-,Wilson,Lebanon,3
56081,400155595,0,3,35.87048,-83.22877,5,2024-10-01 19:50:00,2024,10,1,19,50,Tuesday,19:50,Suspected Serious Injury,Dark-Not Lighted,Rain,Utility Pole,None,THP District 5 - Fall Branch,THP,Unbelted,-,-,-,-,-,-,-,-,-,-,-,-,Cocke,Not in City Limit,3
56082,400155600,0,1,35.99582,-83.92239,1,2024-10-01 17:04:00,2024,10,1,17,4,Tuesday,17:04,Suspected Serious Injury,Daylight,Cloudy,Non-Motorist Personal Conveyance,None,KNOXVILLE POLICE DEPT,Other,Unbelted,-,-,-,-,-,-,Pedestrian,-,-,-,-,-,Knox,Knoxville,3
56100,400155651,0,1,36.33847,-88.86662,8,2024-10-01 21:19:00,2024,10,1,21,19,Tuesday,21:19,Suspected Serious Injury,Dark-Lighted,Clear,Motor Vehicle-In-Transport On Same Roadway,None,MARTIN POLICE DEPT,Other,Unbelted,-,-,-,-,-,-,-,-,-,-,Motorcyclist,-,Weakley,Martin,3
56106,400155678,0,1,35.10826,-85.14528,2,2024-09-27 14:48:00,2024,9,27,14,48,Friday,14:48,Suspected Serious Injury,Daylight,Clear,Motor Vehicle-In-Transport On Same Roadway,None,CHATTANOOGA POLICE DEPT,Other,Unbelted,-,-,-,-,-,-,-,-,-,-,-,-,Hamilton,Chattanooga,6
56108,400155687,0,1,35.31499,-85.0279,2,2024-10-01 23:50:00,2024,10,1,23,50,Tuesday,23:50,Suspected Serious Injury,Dark-Not Lighted,Fog,Ditch,None,HAMILTON COUNTY SHERIFF'S OFFICE,Other,Unbelted,-,-,-,-,-,-,-,-,-,-,-,-,Hamilton,Not in City Limit,3
56117,400155750,0,1,36.12824,-83.91466,1,2024-10-01 22:10:00,2024,10,1,22,10,Tuesday,22:10,Suspected Serious Injury,Dark-Not Lighted,Clear,Motor Vehicle-In-Transport On Same Roadway,None,KNOX CO SHERIFFS OFFICE,Other,Unbelted,-,Drinking,Drug,-,-,-,-,-,-,-,Motorcyclist,-,Knox,Not in City Limit,3
56159,400156026,0,1,35.74217,-84.07454,1,2024-10-02 17:46:00,2024,10,2,17,46,Wednesday,17:46,Suspected Serious Injury,Daylight,Clear,Motor Vehicle-In-Transport On Same Roadway,None,BLOUNT CO SHERIFFS DEPT,Other,Unbelted,-,-,-,-,-,-,-,-,-,-,Motorcyclist,-,Blount,Not in City Limit,4
56162,400156031,0,1,35.8666,-84.92174,6,2024-10-02 11:54:00,2024,10,2,11,54,Wednesday,11:54,Suspected Serious Injury,Daylight,Clear,"Over Turn, Roll Over",None,THP District 6 - Cookeville,THP,Unbelted,-,-,-,-,-,-,-,-,-,ATV_Involved,-,-,Cumberland,Not in City Limit,4
56167,400156050,0,2,35.10186,-84.95897,2,2024-10-02 17:57:00,2024,10,2,17,57,Wednesday,17:57,Suspected Serious Injury,Daylight,Clear,Motor Vehicle-In-Transport On Same Roadway,None,BRADLEY CO SHERIFFS DEPT,Other,Unbelted,-,-,-,-,Speeding,-,-,-,-,-,-,-,Bradley,Not in City Limit,4
56187,400156151,0,2,35.00944,-85.07481,2,2024-10-02 19:19:00,2024,10,2,19,19,Wednesday,19:19,Suspected Serious Injury,Dusk,Clear,Embankment Rock/Stone/Concrete,None,HAMILTON COUNTY SHERIFF'S OFFICE,Other,Unbelted,-,-,-,-,-,-,-,-,-,-,-,-,Hamilton,Not in City Limit,4
56206,400156245,1,0,35.5945,-89.29796,4,2024-10-03 05:40:00,2024,10,3,5,40,Thursday,05:40,Fatal,Dark-Lighted,Fog,Motor Vehicle-In-Transport On Same Roadway,None,BROWNSVILLE POLICE DEPT,Other,Unbelted,-,-,-,-,-,-,-,-,-,-,Motorcyclist,-,Haywood,Not in City Limit,5
56215,400156314,1,1,36.02262,-86.68054,3,2024-10-02 14:15:00,2024,10,2,14,15,Wednesday,14:15,Fatal,Daylight,Clear,Motor Vehicle-In-Transport On Same Roadway,None,METROPOLITAN NASHVILLE POLICE DEPT,Other,Unbelted,-,Drinking,Drug,-,-,-,-,-,-,-,-,-,Davidson,Antioch,4
56217,400156325,0,1,36.15096,-86.76212,3,2024-10-03 08:30:00,2024,10,3,8,30,Thursday,08:30,Suspected Serious Injury,Daylight,Fog,Motor Vehicle-In-Transport On Same Roadway,None,METROPOLITAN NASHVILLE POLICE DEPT,Other,Unbelted,-,-,-,-,-,-,-,-,-,-,-,-,Davidson,Nashville,5
56219,400156329,0,3,36.5162,-87.22316,3,2024-10-03 07:33:00,2024,10,3,7,33,Thursday,07:33,Suspected Serious Injury,Dawn,Clear,Motor Vehicle-In-Transport On Same Roadway,None,THP District 3 - Nashville,THP,Unbelted,Distracted,-,-,-,-,-,-,-,-,-,-,-,Montgomery,Clarksville,5
56220,400156330,0,1,35.37502,-86.17701,2,2024-10-03 09:00:00,2024,10,3,9,0,Thursday,09:00,Suspected Serious Injury,Daylight,Clear,Motor Vehicle-In-Transport On Same Roadway,None,TULLAHOMA POLICE DEPT,Other,Unbelted,-,-,-,-,-,-,-,-,-,ATV_Involved,-,-,Coffee,Tullahoma,5
56221,400156339,1,1,36.38459,-86.47937,3,2024-10-02 17:06:00,2024,10,2,17,6,Wednesday,17:06,Fatal,Daylight,Clear,Motor Vehicle-In-Transport On Same Roadway,None,THP District 3 - Nashville,THP,Unbelted,-,-,-,-,-,-,-,-,-,ATV_Involved,-,-,Sumner,Gallatin,4
56225,400156355,1,0,35.95123,-83.83308,1,2024-10-03 09:34:00,2024,10,3,9,34,Thursday,09:34,Fatal,,Clear,Motor Vehicle-In-Transport On Same Roadway,None,KNOX CO SHERIFFS OFFICE,Other,Unbelted,-,-,-,-,Speeding,-,-,-,-,ATV_Involved,Motorcyclist,-,Knox,Not in City Limit,5
56235,400156393,0,1,35.43289,-84.58601,2,2024-10-03 12:36:00,2024,10,3,12,36,Thursday,12:36,Suspected Serious Injury,Daylight,Clear,Fell/Jumped From Vehicle,None,ATHENS POLICE DEPT,Other,-,-,-,-,-,-,-,-,-,-,-,Motorcyclist,-,McMinn,Athens,5
56238,400156420,0,3,36.39516,-81.96705,5,2024-10-03 12:21:00,2024,10,3,12,21,Thursday,12:21,Suspected Serious Injury,Daylight,Clear,Motor Vehicle-In-Transport On Same Roadway,None,THP District 5 - Fall Branch,THP,Unbelted,-,-,-,-,-,-,-,-,-,ATV_Involved,-,-,Johnson,Not in City Limit,5
56244,400156443,0,1,35.63983,-88.18104,8,2024-10-02 17:33:00,2024,10,2,17,33,Wednesday,17:33,Suspected Serious Injury,Dusk,Clear,Motor Vehicle-In-Transport On Same Roadway,None,THP District 8 - Jackson,THP,Unbelted,-,-,-,-,-,-,-,-,-,-,-,-,Decatur,Not in City Limit,4
56252,400156491,0,1,35.76499,-88.52654,8,2024-10-02 16:30:00,2024,10,2,16,30,Wednesday,16:30,Suspected Serious Injury,Daylight,Clear,Embankment Earth,None,THP District 8 - Jackson,THP,Unbelted,-,-,-,-,-,-,-,-,-,-,-,-,Henderson,Not in City Limit,4
56263,400156540,0,2,35.82625,-86.37823,3,2024-10-03 15:56:00,2024,10,3,15,56,Thursday,15:56,Suspected Serious Injury,Daylight,Clear,Motor Vehicle-In-Transport On Same Roadway,None,MURFREESBORO POLICE DEPT,Other,Unbelted,Distracted,-,-,-,-,-,-,-,-,ATV_Involved,-,-,Rutherford,Murfreesboro,5
56271,400156589,0,1,35.70603,-88.64049,8,2024-10-03 06:26:00,2024,10,3,6,26,Thursday,06:26,Suspected Serious Injury,Dark-Not Lighted,Clear,Standing Tree,None,THP District 8 - Jackson,THP,Unbelted,-,-,-,-,-,-,-,-,-,-,-,-,Madison,Not in City Limit,5
56285,400156662,0,1,35.9252,-84.38913,1,2024-10-02 17:22:00,2024,10,2,17,22,Wednesday,17:22,Suspected Serious Injury,Daylight,Clear,Motor Vehicle-In-Transport On Same Roadway,None,OAK RIDGE POLICE DEPT,Other,Unbelted,-,-,-,Drowsy,-,-,-,-,-,-,Motorcyclist,-,Roane,Oak Ridge,4
56290,400156700,0,1,36.21458,-86.72198,3,2024-10-03 20:58:00,2024,10,3,20,58,Thursday,20:58,Suspected Serious Injury,Dark-Not Lighted,Clear,Mail Box,None,METROPOLITAN NASHVILLE POLICE DEPT,Other,Unbelted,-,-,-,-,-,-,-,-,-,-,-,-,Davidson,Nashville,5
56312,400156802,0,1,36.19145,-85.17428,6,2024-10-03 08:20:00,2024,10,3,8,20,Thursday,08:20,Suspected Serious Injury,Daylight,Clear,Culvert,None,THP District 6 - Cookeville,THP,Unbelted,-,-,Drug,-,-,-,-,-,-,-,-,-,Overton,Not in City Limit,5
56318,400156849,0,1,35.7067,-88.8327,8,2024-10-04 08:05:00,2024,10,4,8,5,Friday,08:05,Suspected Serious Injury,Daylight,Clear,Motor Vehicle-In-Transport On Same Roadway,None,JACKSON POLICE DEPT,Other,Unbelted,-,-,-,-,-,-,-,-,-,-,Motorcyclist,-,Madison,Jackson,6
56322,400156886,0,1,36.53028,-87.46526,3,2024-10-04 08:00:00,2024,10,4,8,0,Friday,08:00,Suspected Serious Injury,Daylight,Clear,Motor Vehicle-In-Transport On Same Roadway,None,THP District 3 - Nashville,THP,Unbelted,-,-,-,-,-,-,-,-,-,-,-,-,Montgomery,Not in City Limit,6
56325,400156908,0,1,36.08898,-83.92253,1,2024-10-04 10:41:00,2024,10,4,10,41,Friday,10:41,Suspected Serious Injury,Daylight,Clear,Motor Vehicle-In-Transport On Same Roadway,None,KNOX CO SHERIFFS OFFICE,Other,Unbelted,-,-,-,-,-,-,-,-,-,-,Motorcyclist,-,Knox,Not in City Limit,6
56329,400156918,1,0,36.06627,-86.63001,3,2024-10-04 05:39:00,2024,10,4,5,39,Friday,05:39,Fatal,Dark-Lighted,Clear,Ditch,None,METROPOLITAN NASHVILLE POLICE DEPT,Other,Unbelted,-,-,-,-,-,-,-,-,-,-,-,-,Davidson,Nashville,6
56344,400157021,0,3,35.22148,-88.22827,8,2024-10-04 13:06:00,2024,10,4,13,6,Friday,13:06,Suspected Serious Injury,Daylight,Clear,Motor Vehicle-In-Transport On Same Roadway,None,SAVANNAH POLICE DEPT,Other,Unbelted,-,-,-,-,-,-,-,-,-,-,-,-,Hardin,Savannah,6
56347,400157036,0,2,36.17182,-87.34634,3,2024-10-04 13:53:00,2024,10,4,13,53,Friday,13:53,Suspected Serious Injury,Daylight,Clear,Motor Vehicle-In-Transport On Same Roadway,None,THP District 3 - Nashville,THP,Unbelted,-,-,-,-,-,-,-,-,-,-,-,-,Dickson,Charlotte,6
56360,400157087,0,1,36.24538,-85.41049,6,2024-10-04 14:53:00,2024,10,4,14,53,Friday,14:53,Suspected Serious Injury,Daylight,Clear,Standing Tree,None,THP District 6 - Cookeville,THP,Unbelted,-,-,-,-,-,-,-,-,-,-,-,-,Overton,Not in City Limit,6
56363,400157100,1,0,36.0714,-86.72369,3,2024-10-03 22:44:00,2024,10,3,22,44,Thursday,22:44,Fatal,Dark-Lighted,Clear,Ditch,None,METROPOLITAN NASHVILLE POLICE DEPT,Other,Unbelted,-,-,-,-,Speeding,-,-,-,-,-,-,-,Davidson,Nashville,5
56365,400157122,0,1,35.10103,-89.79282,4,2024-10-04 15:16:00,2024,10,4,15,16,Friday,15:16,Suspected Serious Injury,Daylight,Clear,Motor Vehicle-In-Transport On Same Roadway,None,GERMANTOWN POLICE DEPT,Other,Unbelted,-,-,-,-,-,-,-,-,-,-,-,-,Shelby,Germantown,6
56366,400157124,0,2,35.7527,-84.01411,1,2024-10-04 18:21:00,2024,10,4,18,21,Friday,18:21,Suspected Serious Injury,Daylight,Clear,Motor Vehicle-In-Transport On Same Roadway,None,MARYVILLE POLICE DEPT,Other,Unbelted,-,-,-,-,-,-,-,-,-,-,Motorcyclist,-,Blount,Maryville,6
56369,400157135,0,1,35.11699,-84.8629,2,2024-10-04 15:10:00,2024,10,4,15,10,Friday,15:10,Suspected Serious Injury,Daylight,Clear,Non-Motorist Personal Conveyance,None,THP District 2 - Chattanooga,THP,Unbelted,-,-,-,-,-,Pedalcyclist,-,-,-,ATV_Involved,-,-,Bradley,Not in City Limit,6
56375,400157165,0,2,36.20685,-86.60562,3,2024-10-04 18:48:00,2024,10,4,18,48,Friday,18:48,Suspected Serious Injury,Dark-Lighted,Clear,Motor Vehicle-In-Transport On Same Roadway,None,METROPOLITAN NASHVILLE POLICE DEPT,Other,Unbelted,-,-,-,-,-,-,-,-,-,-,-,-,Davidson,Nashville,6
56378,400157184,0,2,36.06571,-83.39184,5,2024-10-04 17:54:00,2024,10,4,17,54,Friday,17:54,Suspected Serious Injury,Daylight,Clear,Motor Vehicle-In-Transport On Same Roadway,None,THP District 5 - Fall Branch,THP,Unbelted,-,-,-,-,-,-,-,-,-,ATV_Involved,-,-,Jefferson,Not in City Limit,6
56379,400157197,0,5,35.03957,-85.18539,2,2024-10-04 17:05:00,2024,10,4,17,5,Friday,17:05,Suspected Serious Injury,Daylight,Clear,Motor Vehicle-In-Transport On Same Roadway,None,CHATTANOOGA POLICE DEPT,Other,Unbelted,Distracted,-,-,-,Speeding,-,-,-,-,-,-,-,Hamilton,Chattanooga,6
56384,400157227,0,2,36.55073,-81.79245,5,2024-10-03 19:27:00,2024,10,3,19,27,Thursday,19:27,Suspected Serious Injury,Dusk,Clear,Motor Vehicle-In-Transport On Same Roadway,None,THP District 5 - Fall Branch,THP,Unbelted,-,-,-,-,-,-,-,-,-,-,Motorcyclist,-,Johnson,Not in City Limit,5
56389,400157254,0,1,35.84508,-86.44708,3,2024-10-04 20:18:00,2024,10,4,20,18,Friday,20:18,Suspected Serious Injury,Dark-Lighted,Clear,Motor Vehicle-In-Transport On Same Roadway,None,MURFREESBORO POLICE DEPT,Other,Unbelted,Distracted,-,Drug,-,-,-,-,-,-,-,Motorcyclist,-,Rutherford,Murfreesboro,6
56391,400157257,0,2,36.37814,-86.98908,3,2024-10-04 15:54:00,2024,10,4,15,54,Friday,15:54,Suspected Serious Injury,Daylight,Clear,Motor Vehicle-In-Transport On Same Roadway,None,THP District 3 - Nashville,THP,Unbelted,-,-,-,-,-,-,-,-,-,-,-,-,Robertson,Coopertown,6
56397,400157273,0,4,35.28312,-86.19928,2,2024-10-04 01:20:00,2024,10,4,1,20,Friday,01:20,Suspected Serious Injury,Dark-Not Lighted,Clear,Standing Tree,None,THP District 2 - Chattanooga,THP,Unbelted,-,-,-,-,-,-,-,-,-,-,-,-,Franklin,Not in City Limit,6
56400,400157283,0,2,36.00928,-83.97078,1,2024-10-04 19:41:00,2024,10,4,19,41,Friday,19:41,Suspected Serious Injury,Dusk,Clear,Motor Vehicle-In-Transport On Same Roadway,None,KNOXVILLE POLICE DEPT,Other,Unbelted,-,-,-,-,-,-,-,-,-,-,-,-,Knox,Knoxville,6
56402,400157287,0,1,35.58236,-87.15613,7,2024-10-03 19:31:00,2024,10,3,19,31,Thursday,19:31,Suspected Serious Injury,Dark-Not Lighted,Clear,Ditch,None,THP District 7 - Lawrenceburg,THP,Unbelted,-,-,Drug,-,-,-,-,-,-,-,-,-,Maury,Not in City Limit,5
56405,400157298,0,2,35.54787,-86.46113,7,2024-10-04 23:40:00,2024,10,4,23,40,Friday,23:40,Suspected Serious Injury,Dark-Not Lighted,Clear,Culvert,None,THP District 7 - Lawrenceburg,THP,Unbelted,-,-,-,-,-,-,-,-,-,-,-,-,Bedford,Not in City Limit,6
56412,400157326,0,1,35.74982,-83.99457,1,2024-10-04 22:41:00,2024,10,4,22,41,Friday,22:41,Suspected Serious Injury,Dark-Lighted,Clear,Motor Vehicle-In-Transport On Same Roadway,None,MARYVILLE POLICE DEPT,Other,Unbelted,-,Drinking,-,-,-,-,-,-,-,-,-,-,Blount,Maryville,6
56418,400157349,0,4,35.12777,-84.72047,2,2024-10-01 20:40:00,2024,10,1,20,40,Tuesday,20:40,Suspected Serious Injury,Dark-Not Lighted,Clear,Motor Vehicle-In-Transport On Same Roadway,None,THP District 2 - Chattanooga,THP,Unbelted,-,Drinking,-,-,-,-,-,-,-,-,-,-,Polk,Not in City Limit,3
56421,400157367,0,1,36.28032,-86.69147,3,2024-10-05 03:25:00,2024,10,5,3,25,Saturday,03:25,Suspected Serious Injury,Dark-Lighted,Clear,Embankment Earth,None,METROPOLITAN NASHVILLE POLICE DEPT,Other,Unbelted,-,Drinking,-,-,-,-,-,-,-,-,-,-,Davidson,Nashville,7
56425,400157397,0,1,35.90569,-83.98542,1,2024-10-05 07:29:00,2024,10,5,7,29,Saturday,07:29,Suspected Serious Injury,Dawn,Clear,Standing Tree,None,KNOX CO SHERIFFS OFFICE,Other,Unbelted,-,-,-,-,-,-,-,-,-,-,-,-,Knox,Not in City Limit,7
56431,400157427,0,1,36.19354,-83.27194,5,2024-10-04 16:22:00,2024,10,4,16,22,Friday,16:22,Suspected Serious Injury,Daylight,Clear,Motor Vehicle-In-Transport On Same Roadway,None,MORRISTOWN POLICE DEPT,Other,Unbelted,-,-,-,-,-,-,-,-,-,-,Motorcyclist,-,Hamblen,Morristown,6
56436,400157460,1,0,36.06814,-84.21274,1,2024-10-05 06:30:00,2024,10,5,6,30,Saturday,06:30,Fatal,Dusk,Fog,Standing Tree,None,THP District 1 - Knoxville,THP,Unbelted,-,-,-,-,-,-,-,-,-,-,-,-,Anderson,Not in City Limit,7
56437,400157464,1,2,36.32464,-86.23113,3,2024-10-05 10:00:00,2024,10,5,10,0,Saturday,10:00,Fatal,Daylight,Clear,Ditch,None,THP District 3 - Nashville,THP,Unbelted,-,-,-,-,-,-,-,-,-,-,-,-,Wilson,Not in City Limit,7
56445,400157491,0,1,35.0077,-85.04635,2,2024-10-05 13:18:00,2024,10,5,13,18,Saturday,13:18,Suspected Serious Injury,Daylight,Clear,Motor Vehicle-In-Transport On Same Roadway,None,HAMILTON COUNTY SHERIFF'S OFFICE,Other,Unbelted,Distracted,-,-,-,-,-,-,-,-,-,-,-,Hamilton,Not in City Limit,7
56446,400157492,0,4,35.01869,-85.23968,2,2024-10-05 11:51:00,2024,10,5,11,51,Saturday,11:51,Suspected Serious Injury,Daylight,Clear,Motor Vehicle-In-Transport On Same Roadway,None,CHATTANOOGA POLICE DEPT,Other,Unbelted,-,-,-,-,-,-,-,-,-,-,-,-,Hamilton,Chattanooga,7