OBJECTID,MRN,Fatality,Injury,Latitude,Longitude,THP_District,Collision_Date,Collision_Year,Collision_Month,Collision_Day,Collision_Hour,Collision_Min,Collision_DOW,Collision_Time,Crash_Type,Light_Condition,Weather,First_Harmfu_Event,Work_Zone_Type,Agency_Name,THP,Unbelted,Distracted_Driver,Driver_Drinking,Driver_Drugged,Drowsy_Driver,Speeding_Involved,Pedalcyclist,Pedestrian,Other_Nonmotorist,ATV_Involved,LargeTruck_Involved,Motorcycle_Involved,SchoolBus,County,City,DOW_Nmb
56448,400157505,0,1,35.72999,-84.26004,1,2024-10-02 14:21:00,2024,10,2,14,21,Wednesday,14:21,Suspected Serious Injury,Daylight,Clear,Motor Vehicle-In-Transport On Same Roadway,None,THP District 1 - Knoxville,THP,Unbelted,-,-,-,-,-,-,-,-,-,-,Motorcyclist,-,Loudon,Not in City Limit,4
56449,400157507,0,2,36.19753,-83.91985,5,2024-10-05 13:50:00,2024,10,5,13,50,Saturday,13:50,Suspected Serious Injury,Daylight,Clear,Motor Vehicle-In-Transport On Same Roadway,None,THP District 5 - Fall Branch,THP,Unbelted,-,-,-,-,-,-,-,-,-,-,Motorcyclist,-,Union,Not in City Limit,7
56454,400157528,1,0,35.36329,-85.81933,2,2024-10-05 11:26:00,2024,10,5,11,26,Saturday,11:26,Fatal,Daylight,Clear,Motor Vehicle-In-Transport On Same Roadway,None,THP District 2 - Chattanooga,THP,Unbelted,-,-,-,-,-,-,-,-,-,-,Motorcyclist,-,Grundy,Not in City Limit,7
56456,400157530,0,1,35.67629,-84.85619,2,2024-10-05 12:56:00,2024,10,5,12,56,Saturday,12:56,Suspected Serious Injury,Daylight,Clear,Ditch,None,SPRING CITY POLICE DEPT,Other,-,-,-,-,-,-,-,-,-,-,-,Motorcyclist,-,Rhea,Spring City,7
56464,400157568,0,1,35.22383,-88.30533,8,2024-10-05 12:10:00,2024,10,5,12,10,Saturday,12:10,Suspected Serious Injury,Daylight,Clear,Fell/Jumped From Vehicle,None,THP District 8 - Jackson,THP,-,-,-,-,-,-,-,-,-,-,-,-,-,Hardin,Crump,7
56469,400157580,0,1,35.91072,-85.87254,6,2024-10-05 16:15:00,2024,10,5,16,15,Saturday,16:15,Suspected Serious Injury,Daylight,Clear,Motor Vehicle-In-Transport On Same Roadway,None,THP District 6 - Cookeville,THP,Unbelted,-,-,-,-,-,-,-,-,-,-,-,-,DeKalb,Not in City Limit,7
56471,400157595,0,3,36.127,-85.85291,6,2024-10-05 16:15:00,2024,10,5,16,15,Saturday,16:15,Suspected Serious Injury,Daylight,Clear,Motor Vehicle-In-Transport On Same Roadway,None,THP District 6 - Cookeville,THP,-,-,-,-,-,-,-,-,-,-,-,Motorcyclist,-,Smith,Not in City Limit,7
56479,400157642,0,2,36.11126,-85.97903,6,2024-10-05 15:28:00,2024,10,5,15,28,Saturday,15:28,Suspected Serious Injury,Daylight,Clear,Ditch,None,THP District 6 - Cookeville,THP,-,-,-,-,-,-,-,-,-,ATV_Involved,-,-,-,Smith,Not in City Limit,7
56489,400157675,0,1,35.53692,-88.26751,8,2024-10-05 19:56:00,2024,10,5,19,56,Saturday,19:56,Suspected Serious Injury,Dark-Not Lighted,Fog,Standing Tree,None,THP District 8 - Jackson,THP,Unbelted,-,-,-,-,-,-,-,-,-,-,-,-,Henderson,Not in City Limit,7
56490,400157679,0,1,35.93355,-84.02123,1,2024-10-05 21:35:00,2024,10,5,21,35,Saturday,21:35,Suspected Serious Injury,Dark-Lighted,Clear,Motor Vehicle-In-Transport On Same Roadway,None,KNOXVILLE POLICE DEPT,Other,Unbelted,-,-,-,-,-,-,-,-,-,-,Motorcyclist,-,Knox,Knoxville,7
56492,400157684,0,1,36.11962,-85.05674,6,2024-10-05 20:57:00,2024,10,5,20,57,Saturday,20:57,Suspected Serious Injury,Dark-Not Lighted,Clear,Standing Tree,None,CUMBERLAND CO SHERIFFS OFFICE,Other,Unbelted,-,-,-,-,Speeding,-,-,-,-,-,-,-,Cumberland,Not in City Limit,7
56493,400157685,0,2,36.53509,-81.97959,5,2024-10-05 18:19:00,2024,10,5,18,19,Saturday,18:19,Suspected Serious Injury,Daylight,Clear,"Over Turn, Roll Over",None,THP District 5 - Fall Branch,THP,Unbelted,-,-,-,-,Speeding,-,-,-,-,-,-,-,Sullivan,Not in City Limit,7
56494,400157687,0,3,36.11221,-86.92277,3,2024-10-05 21:08:00,2024,10,5,21,8,Saturday,21:08,Suspected Serious Injury,Dark-Not Lighted,Clear,Motor Vehicle-In-Transport On Same Roadway,None,METROPOLITAN NASHVILLE POLICE DEPT,Other,Unbelted,-,-,-,-,-,-,Pedestrian,-,-,-,-,-,Davidson,Nashville,7
56497,400157706,0,1,35.47551,-89.27217,4,2024-10-05 05:27:00,2024,10,5,5,27,Saturday,05:27,Suspected Serious Injury,Dark-Not Lighted,Fog,Standing Tree,None,THP District 4 - Memphis,THP,Unbelted,-,-,-,-,-,-,-,-,-,-,-,-,Haywood,Not in City Limit,7
56505,400157728,0,1,36.14242,-84.10374,1,2024-10-05 21:49:00,2024,10,5,21,49,Saturday,21:49,Suspected Serious Injury,Dark-Lighted,Clear,Motor Vehicle-In-Transport On Same Roadway,None,CLINTON POLICE DEPT,Other,Unbelted,-,-,-,-,-,-,-,-,-,-,Motorcyclist,-,Anderson,Clinton,7
56511,400157765,0,2,35.351,-84.182,1,2024-10-02 15:09:00,2024,10,2,15,9,Wednesday,15:09,Suspected Serious Injury,Daylight,Clear,Motor Vehicle-In-Transport On Same Roadway,None,THP District 1 - Knoxville,THP,Unbelted,-,-,-,Drowsy,-,-,-,-,-,-,-,-,Monroe,Not in City Limit,4
56512,400157769,0,2,35.76663,-89.58789,4,2024-10-04 12:50:00,2024,10,4,12,50,Friday,12:50,Suspected Serious Injury,Daylight,Clear,Other Fixed Object,None,THP District 4 - Memphis,THP,Unbelted,-,-,-,-,-,-,-,-,-,-,-,-,Lauderdale,Not in City Limit,6
56519,400157803,0,3,36.11806,-84.7491,1,2024-10-05 11:50:00,2024,10,5,11,50,Saturday,11:50,Suspected Serious Injury,Daylight,Clear,Ditch,None,THP District 1 - Knoxville,THP,Unbelted,-,-,-,-,-,-,-,-,-,-,-,-,Morgan,Not in City Limit,7
56521,400157811,1,0,35.54786,-89.21309,4,2024-10-04 12:49:00,2024,10,4,12,49,Friday,12:49,Fatal,Daylight,Clear,Bridge/Pier Abutment,None,THP District 4 - Memphis,THP,Unbelted,-,Drinking,-,-,-,-,-,-,-,ATV_Involved,-,-,Haywood,Not in City Limit,6
56534,400157850,0,1,36.27603,-84.93791,6,2024-10-05 21:10:00,2024,10,5,21,10,Saturday,21:10,Suspected Serious Injury,Dark-Not Lighted,Clear,Embankment Earth,None,THP District 6 - Cookeville,THP,-,-,-,-,-,-,-,-,-,-,-,Motorcyclist,-,Fentress,Not in City Limit,7
56535,400157852,0,1,36.15888,-86.7821,3,2024-10-06 12:15:00,2024,10,6,12,15,Sunday,12:15,Suspected Serious Injury,Daylight,Clear,Non-Motorist Personal Conveyance,None,METROPOLITAN NASHVILLE POLICE DEPT,Other,Unbelted,-,-,-,-,-,-,Pedestrian,-,-,-,-,-,Davidson,Nashville,1
56538,400157870,0,1,36.25624,-86.67488,3,2024-10-06 10:05:00,2024,10,6,10,5,Sunday,10:05,Suspected Serious Injury,Daylight,Clear,Motor Vehicle-In-Transport On Same Roadway,None,METROPOLITAN NASHVILLE POLICE DEPT,Other,Unbelted,-,-,-,-,Speeding,-,-,-,-,-,Motorcyclist,-,Davidson,Nashville,1
56542,400157891,1,0,36.14033,-85.25467,6,2024-10-06 06:11:00,2024,10,6,6,11,Sunday,06:11,Fatal,Dawn,Clear,Fell/Jumped From Vehicle,None,THP District 6 - Cookeville,THP,Unbelted,-,Drinking,-,-,-,-,-,-,-,-,-,-,Putnam,Monterey,1
56544,400157896,1,0,36.26501,-85.53216,6,2024-10-06 12:56:00,2024,10,6,12,56,Sunday,12:56,Fatal,Daylight,Clear,Standing Tree,None,THP District 6 - Cookeville,THP,Unbelted,-,Drinking,-,-,-,-,-,-,-,-,-,-,Jackson,Not in City Limit,1
56560,400157956,0,1,36.54346,-86.87207,3,2024-10-06 15:56:00,2024,10,6,15,56,Sunday,15:56,Suspected Serious Injury,Daylight,Clear,Ditch,None,THP District 3 - Nashville,THP,-,-,-,-,-,-,-,-,-,-,-,-,-,Robertson,Not in City Limit,1
56566,400157978,1,0,35.17118,-85.17606,2,2024-10-05 00:00:00,2024,10,5,24,0,Saturday,24:00,Fatal,Dark-Lighted,Clear,Curb,None,HAMILTON COUNTY SHERIFF'S OFFICE,Other,-,-,Drinking,-,-,-,-,-,-,-,-,Motorcyclist,-,Hamilton,Not in City Limit,7
56572,400157994,0,1,34.9953,-85.22788,2,2024-10-01 10:02:00,2024,10,1,10,2,Tuesday,10:02,Suspected Serious Injury,Daylight,Clear,Motor Vehicle-In-Transport On Same Roadway,None,EAST RIDGE POLICE DEPT,Other,Unbelted,-,-,Drug,-,-,-,-,-,-,-,Motorcyclist,-,Hamilton,East Ridge,3
56574,400158010,0,1,36.0628,-86.63068,3,2024-10-06 17:40:00,2024,10,6,17,40,Sunday,17:40,Suspected Serious Injury,Daylight,Clear,Motor Vehicle-In-Transport On Same Roadway,None,METROPOLITAN NASHVILLE POLICE DEPT,Other,Unbelted,-,-,-,-,-,-,-,-,-,-,-,-,Davidson,Nashville,1
56576,400158019,0,3,34.99065,-85.50848,2,2024-10-04 17:35:00,2024,10,4,17,35,Friday,17:35,Suspected Serious Injury,Daylight,Clear,Motor Vehicle-In-Transport On Same Roadway,None,THP District 2 - Chattanooga,THP,Unbelted,-,-,-,-,Speeding,-,-,-,-,-,-,-,Marion,Not in City Limit,6
56582,400158051,0,2,35.85691,-86.39387,3,2024-10-06 16:05:00,2024,10,6,16,5,Sunday,16:05,Suspected Serious Injury,Daylight,Clear,Motor Vehicle-In-Transport On Same Roadway,None,MURFREESBORO POLICE DEPT,Other,Unbelted,-,-,-,-,-,-,-,-,-,-,-,-,Rutherford,Murfreesboro,1
56585,400158060,0,1,35.93578,-84.09492,1,2024-10-06 20:45:00,2024,10,6,20,45,Sunday,20:45,Suspected Serious Injury,Dark-Not Lighted,Clear,Motor Vehicle-In-Transport On Same Roadway,None,KNOX CO SHERIFFS OFFICE,Other,Unbelted,-,-,-,-,Speeding,-,-,-,-,-,Motorcyclist,-,Knox,Not in City Limit,1
56595,400158122,1,0,36.14172,-83.75424,1,2024-10-06 22:25:00,2024,10,6,22,25,Sunday,22:25,Fatal,Dark-Not Lighted,Clear,Ditch,None,KNOX CO SHERIFFS OFFICE,Other,Unbelted,Distracted,-,-,-,-,-,-,-,-,-,-,-,Knox,Not in City Limit,1
56597,400158134,0,2,35.94063,-84.57326,1,2024-10-04 22:45:00,2024,10,4,22,45,Friday,22:45,Suspected Serious Injury,Dark-Not Lighted,Clear,"Over Turn, Roll Over",None,ROANE CO SHERIFFS DEPT,Other,Unbelted,-,-,-,-,-,-,-,-,-,-,-,-,Roane,Not in City Limit,6
56603,400158155,0,1,36.51005,-81.9155,5,2024-10-06 17:56:00,2024,10,6,17,56,Sunday,17:56,Suspected Serious Injury,Daylight,Clear,Motor Vehicle-In-Transport On Same Roadway,None,JOHNSON CO SHERIFFS DEPT,Other,Unbelted,-,-,-,-,-,-,-,-,-,-,Motorcyclist,-,Johnson,Not in City Limit,1
56610,400158193,0,1,35.50424,-83.97135,1,2024-10-03 16:10:00,2024,10,3,16,10,Thursday,16:10,Suspected Serious Injury,Daylight,Other,Motor Vehicle-In-Transport On Same Roadway,None,THP District 10 - Motor Carrier Plus,THP,Unbelted,-,-,-,-,-,-,-,-,-,ATV_Involved,Motorcyclist,-,Blount,Not in City Limit,5
56615,400158231,0,1,35.83266,-86.446,3,2024-10-07 06:28:00,2024,10,7,6,28,Monday,06:28,Suspected Serious Injury,Dark-Lighted,Clear,Curb,None,MURFREESBORO POLICE DEPT,Other,-,-,-,-,-,-,-,-,-,-,-,Motorcyclist,-,Rutherford,Murfreesboro,2
56622,400158281,0,1,35.91818,-83.58052,1,2024-10-07 11:30:00,2024,10,7,11,30,Monday,11:30,Suspected Serious Injury,Daylight,Clear,Motor Vehicle-In-Transport On Same Roadway,None,SEVIERVILLE POLICE DEPT,Other,Unbelted,-,-,-,-,-,-,-,-,-,-,Motorcyclist,-,Sevier,Sevierville,2
56634,400158324,0,4,36.08639,-83.92814,1,2024-10-07 12:03:00,2024,10,7,12,3,Monday,12:03,Suspected Serious Injury,Daylight,Clear,Motor Vehicle-In-Transport On Same Roadway,None,THP District 1 - Knoxville,THP,Unbelted,-,-,-,-,-,-,-,-,-,-,-,-,Knox,Not in City Limit,2
56638,400158341,1,1,36.08374,-86.7276,3,2024-10-05 17:55:00,2024,10,5,17,55,Saturday,17:55,Fatal,Daylight,Clear,Pedestrian,None,METROPOLITAN NASHVILLE POLICE DEPT,Other,Unbelted,-,-,-,-,-,-,Pedestrian,-,-,-,-,-,Davidson,Nashville,7
56640,400158345,0,1,35.90602,-88.75222,8,2024-10-07 12:33:00,2024,10,7,12,33,Monday,12:33,Suspected Serious Injury,Daylight,Clear,Motor Vehicle-In-Transport On Same Roadway,None,MILAN POLICE DEPT,Other,Unbelted,-,-,-,-,-,-,-,-,-,ATV_Involved,-,-,Gibson,Milan,2
56642,400158351,0,1,36.1321,-85.6698,6,2024-10-07 11:42:00,2024,10,7,11,42,Monday,11:42,Suspected Serious Injury,Daylight,Clear,Ditch,None,THP District 6 - Cookeville,THP,Unbelted,-,-,-,-,-,-,-,-,-,-,-,-,Putnam,Not in City Limit,2
56652,400158400,0,1,36.2601,-86.75519,3,2024-10-07 14:48:00,2024,10,7,14,48,Monday,14:48,Suspected Serious Injury,Daylight,Clear,Motor Vehicle-In-Transport On Same Roadway,None,METROPOLITAN NASHVILLE POLICE DEPT,Other,Unbelted,-,-,-,-,-,-,-,-,-,ATV_Involved,-,-,Davidson,Nashville,2
56665,400158456,1,0,35.39108,-89.41309,4,2024-10-07 13:59:00,2024,10,7,13,59,Monday,13:59,Fatal,Daylight,Clear,Standing Tree,None,THP District 4 - Memphis,THP,Unbelted,-,-,Drug,-,-,-,-,-,-,-,-,-,Fayette,Not in City Limit,2
56672,400158488,0,1,35.07022,-88.67322,8,2024-10-03 07:39:00,2024,10,3,7,39,Thursday,07:39,Suspected Serious Injury,Daylight,Clear,Standing Tree,None,THP District 8 - Jackson,THP,Unbelted,-,-,-,-,-,-,-,-,-,-,-,-,McNairy,Not in City Limit,5
56688,400158560,1,0,35.49973,-83.93431,1,2024-10-06 18:50:00,2024,10,6,18,50,Sunday,18:50,Fatal,Daylight,Clear,Other Non-Collision,None,THP District 1 - Knoxville,THP,-,-,-,-,-,-,-,-,-,-,-,Motorcyclist,-,Blount,Not in City Limit,1
56694,400158586,0,1,35.60604,-86.75265,7,2024-10-05 19:43:00,2024,10,5,19,43,Saturday,19:43,Suspected Serious Injury,Dark-Lighted,Clear,Other Fixed Object,None,THP District 7 - Lawrenceburg,THP,-,-,-,-,-,-,-,-,-,ATV_Involved,-,-,-,Marshall,Not in City Limit,7
56712,400158665,0,1,35.72044,-86.97442,7,2024-10-08 05:45:00,2024,10,8,5,45,Tuesday,05:45,Suspected Serious Injury,Dark-Not Lighted,Clear,Motor Vehicle-In-Transport On Same Roadway,None,THP District 7 - Lawrenceburg,THP,Unbelted,-,-,-,-,-,-,-,-,-,-,Motorcyclist,-,Maury,Not in City Limit,3
56715,400158671,0,1,35.73367,-85.54336,6,2024-10-05 12:45:00,2024,10,5,12,45,Saturday,12:45,Suspected Serious Injury,Daylight,Clear,Ditch,None,THP District 6 - Cookeville,THP,-,-,-,-,-,-,-,-,-,-,-,Motorcyclist,-,Van Buren,Not in City Limit,7
56736,400158765,0,1,35.03215,-86.74087,7,2024-10-06 01:49:00,2024,10,6,1,49,Sunday,01:49,Suspected Serious Injury,Dark-Not Lighted,Clear,Ditch,None,THP District 7 - Lawrenceburg,THP,Unbelted,-,Drinking,Drug,-,-,-,-,-,-,-,-,-,Lincoln,Not in City Limit,1
56748,400158858,0,1,35.97978,-83.89013,1,2024-09-29 00:00:00,2024,9,29,24,0,Sunday,24:00,Suspected Serious Injury,Unknown,Unknown,Pedestrian,None,KNOXVILLE POLICE DEPT,Other,Unbelted,-,-,-,-,-,-,Pedestrian,-,-,-,-,-,Knox,Knoxville,1
56749,400158859,0,1,35.78906,-86.39335,3,2024-10-08 13:28:00,2024,10,8,13,28,Tuesday,13:28,Suspected Serious Injury,Daylight,Clear,Pedal-Cycle,None,MURFREESBORO POLICE DEPT,Other,Unbelted,-,-,-,-,-,Pedalcyclist,-,-,-,-,-,-,Rutherford,Murfreesboro,3
56752,400158867,0,1,36.06999,-86.73504,3,2024-10-08 12:01:00,2024,10,8,12,1,Tuesday,12:01,Suspected Serious Injury,Daylight,Clear,Motor Vehicle-In-Transport On Same Roadway,None,METROPOLITAN NASHVILLE POLICE DEPT,Other,Unbelted,-,-,-,-,-,-,-,-,-,-,Motorcyclist,-,Davidson,Nashville,3
56756,400158880,1,0,35.01468,-85.23231,2,2024-10-08 07:59:00,2024,10,8,7,59,Tuesday,07:59,Fatal,Dawn,Clear,Pedestrian,None,CHATTANOOGA POLICE DEPT,Other,Unbelted,-,-,-,-,-,-,Pedestrian,-,-,-,-,-,Hamilton,Chattanooga,3
56764,400158927,0,1,35.77089,-83.9157,1,2024-10-08 15:29:00,2024,10,8,15,29,Tuesday,15:29,Suspected Serious Injury,Daylight,Clear,Ditch,None,MARYVILLE POLICE DEPT,Other,Unbelted,-,-,-,-,-,-,-,-,-,-,-,-,Blount,Maryville,3
56780,400158983,0,1,35.85421,-83.21771,5,2024-10-08 15:40:00,2024,10,8,15,40,Tuesday,15:40,Suspected Serious Injury,Daylight,Clear,Motor Vehicle-In-Transport On Same Roadway,None,THP District 5 - Fall Branch,THP,Unbelted,-,-,-,-,-,-,-,-,-,-,-,-,Cocke,Not in City Limit,3
56789,400159017,0,2,35.06277,-85.13898,2,2024-10-07 17:24:00,2024,10,7,17,24,Monday,17:24,Suspected Serious Injury,Daylight,Clear,Motor Vehicle-In-Transport On Same Roadway,None,CHATTANOOGA POLICE DEPT,Other,Unbelted,-,-,-,-,-,-,-,-,-,ATV_Involved,-,-,Hamilton,Chattanooga,2
56794,400159051,0,1,36.23765,-86.73245,3,2024-10-08 19:09:00,2024,10,8,19,9,Tuesday,19:09,Suspected Serious Injury,Dark-Lighted,Clear,Motor Vehicle-In-Transport On Same Roadway,None,THP District 3 - Nashville,THP,Unbelted,-,-,-,-,-,-,-,-,-,-,-,-,Davidson,Nashville,3
56803,400159090,0,1,35.44577,-85.06808,2,2024-10-07 17:56:00,2024,10,7,17,56,Monday,17:56,Suspected Serious Injury,Daylight,Clear,Motor Vehicle-In-Transport On Same Roadway,None,THP District 2 - Chattanooga,THP,Unbelted,-,-,-,-,-,-,-,-,-,-,Motorcyclist,-,Rhea,Graysville,2
56810,400159121,1,0,36.09787,-87.80454,3,2024-10-08 22:53:00,2024,10,8,22,53,Tuesday,22:53,Fatal,Dark-Not Lighted,Clear,Standing Tree,None,THP District 3 - Nashville,THP,Unbelted,-,-,-,-,-,-,-,-,-,-,-,-,Humphreys,Not in City Limit,3
56828,400159191,0,1,36.43993,-85.2542,6,2024-10-08 13:28:00,2024,10,8,13,28,Tuesday,13:28,Suspected Serious Injury,Daylight,Clear,Motor Vehicle-In-Transport On Same Roadway,None,THP District 6 - Cookeville,THP,Unbelted,-,-,-,-,-,-,-,-,-,ATV_Involved,-,-,Overton,Not in City Limit,3
56836,400159228,0,1,35.34637,-88.88228,4,2024-10-09 08:25:00,2024,10,9,8,25,Wednesday,08:25,Suspected Serious Injury,Daylight,Clear,Standing Tree,None,THP District 4 - Memphis,THP,-,-,-,-,-,-,-,-,-,-,-,-,-,Hardeman,Not in City Limit,4
56840,400159258,0,1,35.14396,-84.84066,2,2024-10-09 10:03:00,2024,10,9,10,3,Wednesday,10:03,Suspected Serious Injury,Daylight,Clear,"Over Turn, Roll Over",None,BRADLEY CO SHERIFFS DEPT,Other,Unbelted,-,-,-,-,-,-,-,-,-,-,-,-,Bradley,Not in City Limit,4
56842,400159280,0,2,35.85877,-83.7067,1,2024-10-05 12:15:00,2024,10,5,12,15,Saturday,12:15,Suspected Serious Injury,Daylight,Clear,Utility Pole,None,SEVIER CO SHERIFFS OFFICE,Other,Unbelted,-,-,-,-,Speeding,-,-,-,-,-,-,-,Sevier,Not in City Limit,7
56846,400159309,1,0,36.10306,-86.66522,3,2024-10-06 01:40:00,2024,10,6,1,40,Sunday,01:40,Fatal,Dark-Lighted,Clear,Pedestrian,None,METROPOLITAN NASHVILLE POLICE DEPT,Other,Unbelted,-,-,-,-,-,-,Pedestrian,-,-,-,-,-,Davidson,Nashville,1
56848,400159317,0,1,36.09205,-83.28344,5,2024-10-09 12:15:00,2024,10,9,12,15,Wednesday,12:15,Suspected Serious Injury,Daylight,Clear,Motor Vehicle-In-Transport On Same Roadway,None,THP District 5 - Fall Branch,THP,Unbelted,-,-,-,-,-,-,-,-,-,-,Motorcyclist,-,Jefferson,Not in City Limit,4
56858,400159378,0,1,36.24301,-83.22624,5,2024-10-09 14:58:00,2024,10,9,14,58,Wednesday,14:58,Suspected Serious Injury,Daylight,Clear,Motor Vehicle-In-Transport On Same Roadway,None,MORRISTOWN POLICE DEPT,Other,Unbelted,-,-,-,-,-,-,-,-,-,-,-,-,Hamblen,Morristown,4
56865,400159404,0,1,36.26277,-86.73285,3,2024-10-09 15:29:00,2024,10,9,15,29,Wednesday,15:29,Suspected Serious Injury,Daylight,Clear,Other Post/Pole Support,None,METROPOLITAN NASHVILLE POLICE DEPT,Other,Unbelted,-,-,-,-,-,-,-,-,-,-,-,-,Davidson,Nashville,4
56870,400159438,0,1,35.1449,-84.97551,2,2024-10-06 14:19:00,2024,10,6,14,19,Sunday,14:19,Suspected Serious Injury,Daylight,Clear,Motor Vehicle-In-Transport On Same Roadway,None,THP District 2 - Chattanooga,THP,Unbelted,-,-,-,-,-,-,-,-,-,-,Motorcyclist,-,Bradley,Not in City Limit,1
56876,400159495,0,2,36.31696,-86.6327,3,2024-10-09 16:06:00,2024,10,9,16,6,Wednesday,16:06,Suspected Serious Injury,Daylight,Clear,Mail Box,None,HENDERSONVILLE POLICE DEPT,Other,Unbelted,-,-,-,-,-,-,-,-,-,-,-,-,Sumner,Hendersonville,4
56878,400159501,0,1,35.3304,-84.76066,2,2024-10-08 23:30:00,2024,10,8,23,30,Tuesday,23:30,Suspected Serious Injury,Dark-Not Lighted,Clear,Guard Rail End,None,THP District 2 - Chattanooga,THP,Unbelted,-,-,-,-,-,-,-,-,-,-,-,-,McMinn,Not in City Limit,3
56881,400159519,0,2,35.96586,-85.26459,6,2024-10-08 18:58:00,2024,10,8,18,58,Tuesday,18:58,Suspected Serious Injury,Dark-Not Lighted,Clear,Motor Vehicle-In-Transport On Same Roadway,None,THP District 6 - Cookeville,THP,Unbelted,-,-,-,-,-,-,-,-,-,ATV_Involved,-,-,Cumberland,Not in City Limit,3
56888,400159562,0,1,35.63085,-87.03888,7,2024-10-09 17:10:00,2024,10,9,17,10,Wednesday,17:10,Suspected Serious Injury,Daylight,Clear,Ditch,None,COLUMBIA POLICE DEPT,Other,Unbelted,-,Drinking,Drug,-,-,-,-,-,-,-,-,-,Maury,Columbia,4
56899,400159611,0,1,35.55313,-88.81399,8,2024-10-09 18:38:00,2024,10,9,18,38,Wednesday,18:38,Suspected Serious Injury,Dark-Lighted,Clear,Motor Vehicle-In-Transport On Same Roadway,None,JACKSON POLICE DEPT,Other,Unbelted,-,-,-,-,-,-,-,-,-,-,Motorcyclist,-,Madison,Jackson,4
56914,400159697,0,4,36.38088,-84.88475,6,2024-10-06 09:45:00,2024,10,6,9,45,Sunday,09:45,Suspected Serious Injury,Daylight,Clear,Motor Vehicle-In-Transport On Same Roadway,None,THP District 6 - Cookeville,THP,Unbelted,-,-,-,-,-,-,-,-,-,ATV_Involved,-,-,Fentress,Allardt,1
56925,400159760,1,1,36.00021,-84.40461,1,2024-10-10 00:00:00,2024,10,10,24,0,Thursday,24:00,Fatal,Dark-Not Lighted,Clear,Motor Vehicle-In-Transport On Same Roadway,None,THP District 1 - Knoxville,THP,Unbelted,-,-,-,-,-,-,-,-,-,-,-,-,Roane,Not in City Limit,5
56939,400159850,0,1,35.84776,-86.45005,3,2024-10-10 13:04:00,2024,10,10,13,4,Thursday,13:04,Suspected Serious Injury,Daylight,Clear,Parked Motor Vehicle,None,MURFREESBORO POLICE DEPT,Other,Unbelted,-,-,-,-,-,-,-,-,-,-,-,-,Rutherford,Murfreesboro,5
56949,400159894,0,2,35.08395,-85.31761,2,2024-10-10 14:11:00,2024,10,10,14,11,Thursday,14:11,Suspected Serious Injury,Daylight,Clear,Motor Vehicle-In-Transport On Same Roadway,None,RED BANK POLICE DEPT,Other,Unbelted,-,-,-,-,-,-,-,-,-,-,-,-,Hamilton,Red Bank,5
56950,400159896,0,2,35.61967,-87.08444,7,2024-10-10 13:38:00,2024,10,10,13,38,Thursday,13:38,Suspected Serious Injury,Daylight,Clear,Motor Vehicle-In-Transport On Same Roadway,None,COLUMBIA POLICE DEPT,Other,Unbelted,-,-,-,-,-,-,-,-,-,-,-,-,Maury,Columbia,5
56958,400159932,0,1,35.81616,-88.27576,8,2024-10-10 14:29:00,2024,10,10,14,29,Thursday,14:29,Suspected Serious Injury,Daylight,Clear,Motor Vehicle-In-Transport On Same Roadway,None,THP District 8 - Jackson,THP,Unbelted,-,-,-,-,-,-,-,-,-,ATV_Involved,-,-,Henderson,Not in City Limit,5
56959,400159934,0,2,35.34486,-87.36562,7,2024-10-09 18:30:00,2024,10,9,18,30,Wednesday,18:30,Suspected Serious Injury,Dark-Not Lighted,Clear,Motor Vehicle-In-Transport On Same Roadway,None,THP District 7 - Lawrenceburg,THP,Unbelted,-,Drinking,Drug,-,-,-,-,-,-,-,-,-,Lawrence,Not in City Limit,4
56971,400159982,0,1,35.71299,-84.00436,1,2024-10-10 16:08:00,2024,10,10,16,8,Thursday,16:08,Suspected Serious Injury,Daylight,Clear,Motor Vehicle-In-Transport On Same Roadway,None,BLOUNT CO SHERIFFS DEPT,Other,Unbelted,-,-,-,-,-,-,-,-,-,-,-,-,Blount,Not in City Limit,5
56980,400160013,0,1,36.04626,-83.34139,5,2024-10-10 17:14:00,2024,10,10,17,14,Thursday,17:14,Suspected Serious Injury,Daylight,Clear,Motor Vehicle-In-Transport On Same Roadway,None,THP District 5 - Fall Branch,THP,Unbelted,-,-,-,-,-,-,-,-,-,-,-,-,Jefferson,Not in City Limit,5
56989,400160056,0,2,36.07015,-84.46199,1,2024-10-10 15:06:00,2024,10,10,15,6,Thursday,15:06,Suspected Serious Injury,Daylight,Clear,Motor Vehicle-In-Transport On Same Roadway,None,THP District 1 - Knoxville,THP,Unbelted,-,-,Drug,-,-,-,-,-,-,-,Motorcyclist,-,Morgan,Not in City Limit,5
57002,400160091,0,1,35.92662,-85.47878,6,2024-10-10 19:23:00,2024,10,10,19,23,Thursday,19:23,Suspected Serious Injury,Dark-Lighted,Clear,Embankment Rock/Stone/Concrete,None,SPARTA POLICE DEPT,Other,Unbelted,-,Drinking,-,-,-,-,-,-,-,-,-,-,White,Sparta,5