OBJECTID,MRN,Fatality,Injury,Latitude,Longitude,THP_District,Collision_Date,Collision_Year,Collision_Month,Collision_Day,Collision_Hour,Collision_Min,Collision_DOW,Collision_Time,Crash_Type,Light_Condition,Weather,First_Harmfu_Event,Work_Zone_Type,Agency_Name,THP,Unbelted,Distracted_Driver,Driver_Drinking,Driver_Drugged,Drowsy_Driver,Speeding_Involved,Pedalcyclist,Pedestrian,Other_Nonmotorist,ATV_Involved,LargeTruck_Involved,Motorcycle_Involved,SchoolBus,County,City,DOW_Nmb
57004,400160095,0,1,36.14743,-86.78573,3,2024-10-10 16:30:00,2024,10,10,16,30,Thursday,16:30,Suspected Serious Injury,Daylight,Clear,Non-Motorist Personal Conveyance,None,METROPOLITAN NASHVILLE POLICE DEPT,Other,Unbelted,-,-,-,-,-,Pedalcyclist,-,-,-,-,-,-,Davidson,Nashville,5
57005,400160099,1,1,36.20248,-86.8205,3,2024-10-09 20:45:00,2024,10,9,20,45,Wednesday,20:45,Fatal,Dark-Lighted,Clear,Motor Vehicle-In-Transport On Same Roadway,None,METROPOLITAN NASHVILLE POLICE DEPT,Other,Unbelted,-,-,-,-,-,-,-,-,-,-,-,-,Davidson,Nashville,4
57011,400160125,0,1,36.2494,-86.71942,3,2024-10-10 19:19:00,2024,10,10,19,19,Thursday,19:19,Suspected Serious Injury,Dark-Lighted,Clear,Pedestrian,None,METROPOLITAN NASHVILLE POLICE DEPT,Other,Unbelted,-,-,-,-,-,-,Pedestrian,-,-,-,-,-,Davidson,Nashville,5
57014,400160130,0,2,36.0893,-86.69374,3,2024-10-10 18:59:00,2024,10,10,18,59,Thursday,18:59,Suspected Serious Injury,Dark-Lighted,Clear,Motor Vehicle-In-Transport On Same Roadway,None,METROPOLITAN NASHVILLE POLICE DEPT,Other,Unbelted,-,-,-,-,-,-,-,-,-,-,Motorcyclist,-,Davidson,Nashville,5
57024,400160183,0,1,36.15738,-86.79276,3,2024-10-11 00:48:00,2024,10,11,0,48,Friday,00:48,Suspected Serious Injury,Dark-Lighted,Clear,Pedestrian,None,METROPOLITAN NASHVILLE POLICE DEPT,Other,Unbelted,-,-,-,-,-,-,Pedestrian,-,-,-,-,-,Davidson,Nashville,6
57027,400160193,0,1,36.18427,-83.07981,5,2024-10-09 18:23:00,2024,10,9,18,23,Wednesday,18:23,Suspected Serious Injury,Daylight,Clear,Ditch,None,THP District 5 - Fall Branch,THP,Unbelted,-,-,-,-,-,-,-,-,-,-,-,-,Greene,Not in City Limit,4
57030,400160203,1,0,35.46395,-85.92371,2,2024-10-10 06:20:00,2024,10,10,6,20,Thursday,06:20,Fatal,Dawn,Clear,Ditch,None,THP District 2 - Chattanooga,THP,Unbelted,-,-,-,-,-,-,-,-,-,-,-,-,Coffee,Not in City Limit,5
57041,400160264,0,1,35.84916,-84.17109,1,2024-10-10 13:45:00,2024,10,10,13,45,Thursday,13:45,Suspected Serious Injury,Daylight,Clear,Pedal-Cycle,None,KNOX CO SHERIFFS OFFICE,Other,Unbelted,-,-,-,-,-,Pedalcyclist,-,-,-,-,-,-,Knox,Farragut,5
57053,400160332,0,2,35.99818,-83.87925,1,2024-10-11 11:53:00,2024,10,11,11,53,Friday,11:53,Suspected Serious Injury,Daylight,Clear,Motor Vehicle-In-Transport On Same Roadway,None,KNOXVILLE POLICE DEPT,Other,Unbelted,-,-,-,-,-,-,-,-,-,-,-,-,Knox,Knoxville,6
57054,400160333,0,5,36.37431,-86.71231,3,2024-10-11 10:16:00,2024,10,11,10,16,Friday,10:16,Suspected Serious Injury,Daylight,Clear,Motor Vehicle-In-Transport On Same Roadway,None,MILLERSVILLE POLICE DEPT,Other,Unbelted,-,-,-,-,-,-,-,-,-,-,-,-,Sumner,Millersville,6
57055,400160339,1,1,35.82765,-83.97531,1,2024-10-11 11:31:00,2024,10,11,11,31,Friday,11:31,Fatal,Daylight,Clear,Motor Vehicle-In-Transport On Same Roadway,None,ALCOA POLICE DEPARTMENT,Other,Unbelted,-,-,-,-,-,-,-,-,-,-,-,-,Blount,Alcoa,6
57059,400160353,0,3,35.88893,-86.48132,3,2024-10-10 17:59:00,2024,10,10,17,59,Thursday,17:59,Suspected Serious Injury,Dark-Not Lighted,Clear,Motor Vehicle-In-Transport On Same Roadway,None,MURFREESBORO POLICE DEPT,Other,Unbelted,-,-,-,-,-,-,-,-,-,-,-,-,Rutherford,Murfreesboro,5
57060,400160356,0,1,36.14632,-83.35857,5,2024-10-11 13:03:00,2024,10,11,13,3,Friday,13:03,Suspected Serious Injury,Daylight,Clear,Standing Tree,None,JEFFERSON CO SHERIFFS DEPT,Other,-,-,-,-,-,-,-,-,-,-,-,Motorcyclist,-,Jefferson,Not in City Limit,6
57066,400160382,0,1,35.02112,-85.26365,2,2024-10-11 00:00:00,2024,10,11,24,0,Friday,24:00,Suspected Serious Injury,Daylight,Clear,Motor Vehicle-In-Transport On Same Roadway,None,CHATTANOOGA POLICE DEPT,Other,Unbelted,-,-,-,-,-,-,-,-,-,-,-,-,Hamilton,Chattanooga,6
57076,400160435,0,1,35.83147,-86.35037,3,2024-10-11 13:56:00,2024,10,11,13,56,Friday,13:56,Suspected Serious Injury,Daylight,Clear,Motor Vehicle-In-Transport On Same Roadway,None,MURFREESBORO POLICE DEPT,Other,Unbelted,-,-,-,-,-,-,-,-,-,-,-,-,Rutherford,Murfreesboro,6
57091,400160495,0,1,35.42548,-84.44158,2,2024-10-11 09:06:00,2024,10,11,9,6,Friday,09:06,Suspected Serious Injury,Daylight,Clear,Bridge/Pier Abutment,None,THP District 2 - Chattanooga,THP,-,-,-,-,-,Speeding,-,-,-,-,-,Motorcyclist,-,McMinn,Not in City Limit,6
57098,400160546,0,1,36.00369,-83.86851,1,2024-10-11 18:20:00,2024,10,11,18,20,Friday,18:20,Suspected Serious Injury,Dusk,Clear,Pedestrian,None,KNOXVILLE POLICE DEPT,Other,Unbelted,-,-,-,-,-,-,Pedestrian,-,-,-,-,-,Knox,Knoxville,6
57099,400160558,0,1,36.25617,-88.83168,8,2024-10-11 16:30:00,2024,10,11,16,30,Friday,16:30,Suspected Serious Injury,Daylight,Clear,Motor Vehicle-In-Transport On Same Roadway,None,THP District 8 - Jackson,THP,Unbelted,-,-,-,-,-,-,-,-,-,-,-,-,Weakley,Not in City Limit,6
57100,400160564,0,2,36.17833,-86.77217,3,2024-10-11 17:55:00,2024,10,11,17,55,Friday,17:55,Suspected Serious Injury,Daylight,Clear,Motor Vehicle-In-Transport On Same Roadway,None,METROPOLITAN NASHVILLE POLICE DEPT,Other,Unbelted,-,-,-,-,-,-,-,-,-,-,-,-,Davidson,Nashville,6
57110,400160595,1,2,36.07025,-86.46932,3,2024-10-10 21:38:00,2024,10,10,21,38,Thursday,21:38,Fatal,Dark-Not Lighted,Clear,Motor Vehicle-In-Transport On Same Roadway,None,THP District 3 - Nashville,THP,Unbelted,-,-,-,-,-,-,-,-,-,ATV_Involved,-,-,Rutherford,Not in City Limit,5
57111,400160604,1,0,35.37402,-86.01262,2,2024-10-11 00:00:00,2024,10,11,24,0,Friday,24:00,Fatal,Dark-Not Lighted,Clear,"Over Turn, Roll Over",None,THP District 2 - Chattanooga,THP,Unbelted,-,Drinking,Drug,-,-,-,-,-,-,-,-,-,Coffee,Not in City Limit,6
57114,400160613,0,1,35.70538,-83.90269,1,2024-10-11 08:38:00,2024,10,11,8,38,Friday,08:38,Suspected Serious Injury,Daylight,Clear,Embankment Earth,None,BLOUNT CO SHERIFFS DEPT,Other,-,-,-,-,-,-,-,-,-,-,-,Motorcyclist,-,Blount,Not in City Limit,6
57122,400160650,0,1,35.93212,-84.15197,1,2024-10-11 20:57:00,2024,10,11,20,57,Friday,20:57,Suspected Serious Injury,Dark-Not Lighted,Clear,Culvert,None,KNOX CO SHERIFFS OFFICE,Other,Unbelted,-,-,-,-,Speeding,-,-,-,-,-,-,-,Knox,Not in City Limit,6
57124,400160659,0,1,35.5831,-87.05402,7,2024-10-06 12:53:00,2024,10,6,12,53,Sunday,12:53,Suspected Serious Injury,Daylight,Clear,Standing Tree,None,THP District 7 - Lawrenceburg,THP,-,-,-,-,-,-,-,-,-,-,-,-,-,Maury,Not in City Limit,1
57126,400160662,0,1,36.16992,-86.79757,3,2024-10-11 22:49:00,2024,10,11,22,49,Friday,22:49,Suspected Serious Injury,Dark-Lighted,Clear,"Over Turn, Roll Over",None,THP District 3 - Nashville,THP,-,-,-,-,-,-,-,-,-,-,-,Motorcyclist,-,Davidson,Nashville,6
57131,400160697,0,2,36.32887,-83.08551,5,2024-10-11 23:15:00,2024,10,11,23,15,Friday,23:15,Suspected Serious Injury,Dark-Not Lighted,Clear,Standing Tree,None,THP District 5 - Fall Branch,THP,Unbelted,-,-,-,-,Speeding,-,-,-,-,-,-,-,Hawkins,Not in City Limit,6
57138,400160727,0,6,35.2854,-87.34528,7,2024-10-11 20:41:00,2024,10,11,20,41,Friday,20:41,Suspected Serious Injury,Dark-Not Lighted,Clear,Motor Vehicle-In-Transport On Same Roadway,None,THP District 7 - Lawrenceburg,THP,Unbelted,-,Drinking,Drug,-,Speeding,-,-,-,-,-,-,-,Lawrence,Not in City Limit,6
57155,400160845,1,0,36.10957,-87.75256,3,2024-10-11 18:28:00,2024,10,11,18,28,Friday,18:28,Fatal,Dark-Lighted,Clear,Standing Tree,None,WAVERLY POLICE DEPT,Other,Unbelted,-,-,-,-,Speeding,-,-,-,-,-,-,-,Humphreys,Waverly,6
57156,400160848,0,4,35.92307,-83.99598,1,2024-10-12 11:32:00,2024,10,12,11,32,Saturday,11:32,Suspected Serious Injury,Daylight,Clear,Motor Vehicle-In-Transport On Same Roadway,None,KNOXVILLE POLICE DEPT,Other,Unbelted,-,-,-,-,-,-,-,-,-,-,-,-,Knox,Knoxville,7
57160,400160862,0,1,35.10629,-84.88487,2,2024-10-12 11:35:00,2024,10,12,11,35,Saturday,11:35,Suspected Serious Injury,Daylight,Clear,Motor Vehicle-In-Transport On Same Roadway,None,THP District 2 - Chattanooga,THP,Unbelted,-,-,-,-,-,-,-,-,-,-,Motorcyclist,-,Bradley,Not in City Limit,7
57163,400160871,0,1,36.3267,-86.58774,3,2024-10-12 10:53:00,2024,10,12,10,53,Saturday,10:53,Suspected Serious Injury,Daylight,Clear,Motor Vehicle-In-Transport On Same Roadway,None,HENDERSONVILLE POLICE DEPT,Other,Unbelted,-,-,-,-,-,-,-,-,-,-,-,-,Sumner,Hendersonville,7
57171,400160915,1,0,35.88866,-86.48073,3,2024-10-12 10:55:00,2024,10,12,10,55,Saturday,10:55,Fatal,Daylight,Clear,Motor Vehicle-In-Transport On Same Roadway,None,THP District 3 - Nashville,THP,Unbelted,-,-,-,-,-,-,-,-,-,-,-,-,Rutherford,Murfreesboro,7
57181,400160946,0,1,35.53925,-86.16634,2,2024-10-12 00:00:00,2024,10,12,24,0,Saturday,24:00,Suspected Serious Injury,Daylight,Clear,Motor Vehicle-In-Transport On Same Roadway,None,COFFEE CO SHERIFFS DEPT,Other,Unbelted,-,-,-,-,-,-,-,-,-,-,-,-,Coffee,Not in City Limit,7
57184,400160957,1,0,35.53832,-88.21911,8,2024-10-06 00:00:00,2024,10,6,24,0,Sunday,24:00,Fatal,Dark-Not Lighted,Clear,Standing Tree,None,THP District 8 - Jackson,THP,Unbelted,-,Drinking,-,-,-,-,-,-,-,-,-,-,Decatur,Scotts Hill,1
57187,400160970,0,1,36.14697,-88.09765,8,2024-10-12 12:59:00,2024,10,12,12,59,Saturday,12:59,Suspected Serious Injury,Daylight,Clear,Ditch,None,THP District 8 - Jackson,THP,-,-,-,-,-,Speeding,-,-,-,-,-,Motorcyclist,-,Benton,Not in City Limit,7
57190,400160974,1,0,36.16498,-83.81734,1,2024-10-12 13:31:00,2024,10,12,13,31,Saturday,13:31,Fatal,Daylight,Clear,Standing Tree,None,THP District 1 - Knoxville,THP,Unbelted,-,-,-,-,-,-,-,-,-,-,-,-,Knox,Not in City Limit,7
57202,400161016,0,3,35.97626,-89.34055,8,2024-10-10 18:09:00,2024,10,10,18,9,Thursday,18:09,Suspected Serious Injury,Daylight,Clear,Motor Vehicle-In-Transport On Same Roadway,None,THP District 8 - Jackson,THP,Unbelted,-,-,-,-,-,-,-,-,-,-,-,-,Dyer,Not in City Limit,5
57211,400161059,0,1,35.85169,-89.19688,4,2024-10-12 15:34:00,2024,10,12,15,34,Saturday,15:34,Suspected Serious Injury,Daylight,Clear,Pedestrian,None,THP District 4 - Memphis,THP,Unbelted,-,-,-,-,-,-,Pedestrian,-,-,ATV_Involved,-,-,Crockett,Not in City Limit,7
57218,400161079,0,1,36.00831,-84.29288,1,2024-10-12 19:20:00,2024,10,12,19,20,Saturday,19:20,Suspected Serious Injury,Dark-Lighted,Clear,Parked Motor Vehicle,None,OAK RIDGE POLICE DEPT,Other,Unbelted,-,-,-,-,-,-,-,-,-,-,-,-,Anderson,Oak Ridge,7
57220,400161091,0,1,36.06497,-86.01239,6,2024-10-12 20:23:00,2024,10,12,20,23,Saturday,20:23,Suspected Serious Injury,Dark-Not Lighted,Clear,Pedestrian,None,THP District 6 - Cookeville,THP,Unbelted,-,-,-,-,-,-,Pedestrian,-,-,-,-,-,DeKalb,Not in City Limit,7
57224,400161105,0,3,36.33323,-86.6354,3,2024-10-12 20:55:00,2024,10,12,20,55,Saturday,20:55,Suspected Serious Injury,Dark-Not Lighted,Clear,Motor Vehicle-In-Transport On Same Roadway,None,THP District 3 - Nashville,THP,Unbelted,-,-,-,-,-,-,-,-,-,-,-,-,Sumner,Not in City Limit,7
57226,400161110,0,3,35.42564,-86.36238,7,2024-10-12 20:44:00,2024,10,12,20,44,Saturday,20:44,Suspected Serious Injury,,Clear,Parked Motor Vehicle,None,THP District 7 - Lawrenceburg,THP,Unbelted,-,Drinking,Drug,-,-,-,-,-,-,-,-,-,Bedford,Not in City Limit,7
57227,400161126,1,1,36.30611,-86.71099,3,2024-10-12 20:34:00,2024,10,12,20,34,Saturday,20:34,Fatal,Dark-Lighted,Clear,Other Fixed Object,None,GOODLETTSVILLE POLICE DEPT,Other,-,-,Drinking,-,-,-,-,-,-,-,-,Motorcyclist,-,Davidson,Goodlettsville,7
57228,400161127,0,1,36.36691,-82.20818,5,2024-10-12 01:59:00,2024,10,12,1,59,Saturday,01:59,Suspected Serious Injury,Dark-Not Lighted,Clear,"Over Turn, Roll Over",None,THP District 5 - Fall Branch,THP,Unbelted,-,Drinking,Drug,-,-,-,-,-,-,-,-,-,Carter,Not in City Limit,7
57229,400161130,1,4,35.90027,-86.45373,3,2024-10-12 17:40:00,2024,10,12,17,40,Saturday,17:40,Fatal,Daylight,Clear,Motor Vehicle-In-Transport On Same Roadway,Construction Zone,THP District 3 - Nashville,THP,Unbelted,-,-,Drug,-,-,-,-,-,-,-,-,-,Rutherford,Murfreesboro,7
57235,400161150,0,3,35.11945,-85.3487,2,2024-10-12 23:33:00,2024,10,12,23,33,Saturday,23:33,Suspected Serious Injury,Dark-Lighted,Clear,Standing Tree,None,SIGNAL MOUNTAIN POLICE DEPT,Other,Unbelted,-,-,-,-,-,-,-,-,-,-,-,-,Hamilton,Signal Mountain,7
57237,400161162,0,1,35.86121,-83.75433,1,2024-10-12 00:00:00,2024,10,12,24,0,Saturday,24:00,Suspected Serious Injury,Dark-Not Lighted,Clear,Unknown,None,SEVIER CO SHERIFFS OFFICE,Other,Unbelted,-,-,-,-,-,-,-,-,-,-,-,-,Sevier,Not in City Limit,7
57242,400161179,0,1,35.67178,-88.78233,8,2024-10-12 19:00:00,2024,10,12,19,0,Saturday,19:00,Suspected Serious Injury,Dark-Lighted,Clear,Motor Vehicle-In-Transport On Same Roadway,None,JACKSON POLICE DEPT,Other,Unbelted,-,Drinking,-,-,-,-,-,-,-,-,-,-,Madison,Jackson,7
57243,400161183,0,3,36.1845,-86.77514,3,2024-10-13 03:00:00,2024,10,13,3,0,Sunday,03:00,Suspected Serious Injury,Dark-Lighted,Clear,Utility Pole,None,METROPOLITAN NASHVILLE POLICE DEPT,Other,Unbelted,-,-,-,-,-,-,-,-,-,-,-,-,Davidson,Nashville,1
57255,400161231,1,0,36.25381,-85.94975,6,2024-10-12 10:36:00,2024,10,12,10,36,Saturday,10:36,Fatal,Daylight,Clear,Standing Tree,None,THP District 6 - Cookeville,THP,Unbelted,-,-,-,-,-,-,-,-,-,-,-,-,Smith,Carthage,7
57260,400161256,0,1,35.99976,-85.10564,6,2024-10-12 14:06:00,2024,10,12,14,6,Saturday,14:06,Suspected Serious Injury,Daylight,Clear,Mail Box,None,THP District 6 - Cookeville,THP,-,-,Drinking,Drug,-,-,-,-,-,ATV_Involved,-,-,-,Cumberland,Not in City Limit,7
57284,400161401,0,1,35.497,-83.939,1,2024-10-13 10:30:00,2024,10,13,10,30,Sunday,10:30,Suspected Serious Injury,Daylight,Clear,Ditch,None,THP District 1 - Knoxville,THP,-,-,-,-,-,-,-,-,-,-,-,Motorcyclist,-,Blount,Not in City Limit,1
57290,400161457,0,1,36.46452,-87.15213,3,2024-10-13 15:49:00,2024,10,13,15,49,Sunday,15:49,Suspected Serious Injury,Daylight,Clear,Motor Vehicle-In-Transport On Same Roadway,None,THP District 3 - Nashville,THP,Unbelted,-,-,-,-,-,-,-,-,-,-,-,-,Montgomery,Not in City Limit,1
57295,400161490,0,1,36.50663,-82.42421,5,2024-10-13 17:25:00,2024,10,13,17,25,Sunday,17:25,Suspected Serious Injury,Daylight,Clear,Embankment Earth,None,SULLIVAN CO SHERIFFS DEPT,Other,Unbelted,-,-,-,-,-,-,-,-,-,-,-,-,Sullivan,Not in City Limit,1
57296,400161493,0,1,36.55133,-86.55952,3,2024-10-13 17:15:00,2024,10,13,17,15,Sunday,17:15,Suspected Serious Injury,Daylight,Clear,Ditch,None,THP District 3 - Nashville,THP,-,-,-,-,-,Speeding,-,-,-,-,-,Motorcyclist,-,Sumner,Not in City Limit,1
57305,400161526,0,1,36.02719,-84.07702,1,2024-10-12 23:18:00,2024,10,12,23,18,Saturday,23:18,Suspected Serious Injury,Dark-Not Lighted,Clear,Other Non-Fixed Object,None,THP District 1 - Knoxville,THP,-,-,-,-,-,-,-,-,-,-,-,Motorcyclist,-,Anderson,Not in City Limit,7
57307,400161541,0,1,36.11746,-85.09429,6,2024-10-13 15:05:00,2024,10,13,15,5,Sunday,15:05,Suspected Serious Injury,Daylight,Clear,Standing Tree,None,THP District 6 - Cookeville,THP,Unbelted,-,Drinking,Drug,-,-,-,-,-,-,-,-,-,Cumberland,Not in City Limit,1
57312,400161559,0,1,36.02125,-84.22682,1,2024-10-11 00:00:00,2024,10,11,24,0,Friday,24:00,Suspected Serious Injury,Daylight,Clear,Motor Vehicle-In-Transport On Same Roadway,None,OAK RIDGE POLICE DEPT,Other,Unbelted,-,-,-,-,-,-,-,-,-,-,-,-,Anderson,Oak Ridge,6
57315,400161579,0,2,35.98382,-83.9167,1,2024-10-14 00:05:00,2024,10,14,0,5,Monday,00:05,Suspected Serious Injury,Dark-Lighted,Rain,Concrete Traffic Barrier,None,KNOXVILLE POLICE DEPT,Other,Unbelted,-,-,-,-,-,-,-,-,-,-,-,-,Knox,Knoxville,2
57317,400161586,0,3,36.34404,-83.32849,5,2024-10-12 20:46:00,2024,10,12,20,46,Saturday,20:46,Suspected Serious Injury,Dark-Not Lighted,Clear,Motor Vehicle-In-Transport On Different Roadway,None,BEAN STATION POLICE DEPT,Other,Unbelted,-,Drinking,Drug,-,-,-,-,-,-,-,-,-,Grainger,Bean Station,7
57318,400161592,0,2,36.09954,-87.13236,3,2024-10-13 23:57:00,2024,10,13,23,57,Sunday,23:57,Suspected Serious Injury,Dark-Not Lighted,Clear,Embankment Earth,None,THP District 3 - Nashville,THP,-,-,Drinking,-,-,-,-,-,-,-,-,Motorcyclist,-,Cheatham,Not in City Limit,1
57320,400161603,0,6,36.07137,-86.68404,3,2024-10-14 01:20:00,2024,10,14,1,20,Monday,01:20,Suspected Serious Injury,Dark-Lighted,Clear,Fire Hydrant,None,METROPOLITAN NASHVILLE POLICE DEPT,Other,Unbelted,-,Drinking,-,-,-,-,-,-,-,-,-,-,Davidson,Nashville,2
57323,400161619,0,3,35.8668,-88.03697,8,2024-10-13 00:39:00,2024,10,13,0,39,Sunday,00:39,Suspected Serious Injury,Dark-Not Lighted,Clear,Motor Vehicle-In-Transport On Same Roadway,Construction Zone,THP District 8 - Jackson,THP,Unbelted,-,Drinking,-,-,Speeding,-,-,-,-,-,-,-,Benton,Not in City Limit,1
57326,400161626,0,2,36.22077,-86.62486,3,2024-10-13 21:50:00,2024,10,13,21,50,Sunday,21:50,Suspected Serious Injury,Dark-Lighted,Cloudy,Motor Vehicle-In-Transport On Same Roadway,None,METROPOLITAN NASHVILLE POLICE DEPT,Other,Unbelted,-,-,-,-,-,-,-,-,-,-,-,-,Davidson,Nashville,1
57333,400161650,0,2,35.0429,-85.22245,2,2024-10-14 07:20:00,2024,10,14,7,20,Monday,07:20,Suspected Serious Injury,Daylight,Clear,Motor Vehicle-In-Transport On Same Roadway,None,CHATTANOOGA POLICE DEPT,Other,Unbelted,-,-,-,-,-,-,-,-,-,-,-,-,Hamilton,Chattanooga,2
57342,400161708,1,0,35.88064,-85.59364,6,2024-10-14 06:26:00,2024,10,14,6,26,Monday,06:26,Fatal,Dark-Not Lighted,Clear,Pedestrian,None,THP District 6 - Cookeville,THP,Unbelted,-,-,-,-,-,-,Pedestrian,-,-,-,-,-,White,Not in City Limit,2
57344,400161719,2,0,35.49835,-85.89928,2,2024-10-13 15:50:00,2024,10,13,15,50,Sunday,15:50,Fatal,Daylight,Clear,Motor Vehicle-In-Transport On Same Roadway,None,THP District 2 - Chattanooga,THP,-,-,-,-,-,-,-,-,-,-,-,Motorcyclist,-,Coffee,Not in City Limit,1
57359,400161837,0,2,36.1613,-86.75615,3,2024-10-14 11:59:00,2024,10,14,11,59,Monday,11:59,Suspected Serious Injury,Daylight,Clear,Motor Vehicle-In-Transport On Same Roadway,None,METROPOLITAN NASHVILLE POLICE DEPT,Other,Unbelted,-,-,-,-,Speeding,-,-,-,-,-,Motorcyclist,-,Davidson,Nashville,2
57365,400161863,0,1,35.00459,-85.22367,2,2024-10-14 14:23:00,2024,10,14,14,23,Monday,14:23,Suspected Serious Injury,Daylight,Clear,Concrete Traffic Barrier,Construction Zone,CHATTANOOGA POLICE DEPT,Other,-,-,-,-,-,-,-,-,-,-,-,Motorcyclist,-,Hamilton,Chattanooga,2
57366,400161869,0,1,36.10602,-85.4429,6,2024-10-14 14:18:00,2024,10,14,14,18,Monday,14:18,Suspected Serious Injury,Daylight,Clear,Motor Vehicle-In-Transport On Same Roadway,None,THP District 6 - Cookeville,THP,Unbelted,-,-,-,-,-,-,-,-,-,-,Motorcyclist,-,Putnam,Not in City Limit,2
57367,400161872,0,1,36.04526,-86.6091,3,2024-10-14 13:50:00,2024,10,14,13,50,Monday,13:50,Suspected Serious Injury,Daylight,Clear,Pedestrian,None,METROPOLITAN NASHVILLE POLICE DEPT,Other,Unbelted,-,-,-,-,-,-,Pedestrian,-,-,-,-,-,Davidson,Nashville,2
57378,400161936,0,1,35.06352,-85.12751,2,2024-10-14 17:00:00,2024,10,14,17,0,Monday,17:00,Suspected Serious Injury,Daylight,Clear,Concrete Traffic Barrier,None,CHATTANOOGA POLICE DEPT,Other,-,-,-,-,-,-,-,-,-,-,-,Motorcyclist,-,Hamilton,Chattanooga,2
57387,400161975,0,1,35.52817,-88.17229,8,2024-10-13 15:17:00,2024,10,13,15,17,Sunday,15:17,Suspected Serious Injury,Daylight,Clear,Ditch,None,THP District 8 - Jackson,THP,-,-,-,-,-,-,-,-,-,ATV_Involved,-,-,-,Decatur,Not in City Limit,1
57393,400161997,0,1,36.19747,-87.35177,3,2024-10-14 16:26:00,2024,10,14,16,26,Monday,16:26,Suspected Serious Injury,Daylight,Clear,Embankment Earth,None,THP District 3 - Nashville,THP,-,-,-,-,-,-,-,-,-,-,-,-,-,Dickson,Charlotte,2
57397,400162008,0,1,35.87492,-86.40159,3,2024-10-14 18:07:00,2024,10,14,18,7,Monday,18:07,Suspected Serious Injury,Dark-Lighted,Clear,Motor Vehicle-In-Transport On Same Roadway,None,MURFREESBORO POLICE DEPT,Other,Unbelted,-,-,-,-,-,-,-,-,-,-,-,-,Rutherford,Murfreesboro,2
57410,400162064,2,0,35.56256,-85.13123,2,2024-10-14 03:18:00,2024,10,14,3,18,Monday,03:18,Fatal,Dark-Not Lighted,Clear,Standing Tree,None,THP District 2 - Chattanooga,THP,Unbelted,-,Drinking,-,-,Speeding,-,-,-,-,-,-,-,Bledsoe,Not in City Limit,2
57413,400162078,0,1,36.201,-86.997,3,2024-10-14 22:14:00,2024,10,14,22,14,Monday,22:14,Suspected Serious Injury,Dark-Not Lighted,Clear,Standing Tree,None,THP District 3 - Nashville,THP,Unbelted,-,-,-,-,Speeding,-,-,-,-,-,-,-,Cheatham,Not in City Limit,2
57414,400162079,1,1,35.38335,-85.56366,2,2024-10-14 20:11:00,2024,10,14,20,11,Monday,20:11,Fatal,Dark-Not Lighted,Clear,Pedestrian,None,THP District 2 - Chattanooga,THP,Unbelted,-,-,-,-,-,-,Pedestrian,-,-,-,-,-,Grundy,Not in City Limit,2
57420,400162123,1,2,35.86595,-83.22381,5,2024-10-14 12:12:00,2024,10,14,12,12,Monday,12:12,Fatal,Daylight,Clear,Motor Vehicle-In-Transport On Same Roadway,None,THP District 5 - Fall Branch,THP,Unbelted,-,-,Drug,-,-,-,-,-,-,-,-,-,Cocke,Not in City Limit,2
57422,400162158,0,1,35.20585,-89.72924,4,2024-10-15 07:17:00,2024,10,15,7,17,Tuesday,07:17,Suspected Serious Injury,Daylight,Cloudy,Motor Vehicle-In-Transport On Same Roadway,None,THP District 4 - Memphis,THP,Unbelted,-,-,-,-,-,-,-,-,-,-,Motorcyclist,-,Shelby,Memphis,3
57429,400162199,0,1,35.86165,-87.36378,7,2024-10-15 07:40:00,2024,10,15,7,40,Tuesday,07:40,Suspected Serious Injury,Daylight,Cloudy,Embankment Earth,None,THP District 7 - Lawrenceburg,THP,Unbelted,-,-,-,-,-,-,-,-,-,-,-,-,Hickman,Not in City Limit,3
57436,400162262,0,1,35.478,-83.926,1,2024-10-14 14:50:00,2024,10,14,14,50,Monday,14:50,Suspected Serious Injury,Daylight,Clear,Embankment Earth,None,THP District 10 - Motor Carrier Plus,THP,-,-,-,-,-,-,-,-,-,-,-,Motorcyclist,-,Blount,Not in City Limit,2
57442,400162295,0,1,36.04899,-88.09068,8,2024-10-06 09:19:00,2024,10,6,9,19,Sunday,09:19,Suspected Serious Injury,Daylight,Clear,Guard Rail End,None,CAMDEN POLICE DEPT,Other,Unbelted,-,-,-,-,-,-,-,-,-,-,-,-,Benton,Not in City Limit,1
57447,400162332,0,4,36.21916,-86.68976,3,2024-10-11 21:43:00,2024,10,11,21,43,Friday,21:43,Suspected Serious Injury,Dark-Lighted,Clear,Motor Vehicle-In-Transport On Same Roadway,None,METROPOLITAN NASHVILLE POLICE DEPT,Other,Unbelted,-,Drinking,-,-,-,-,-,-,-,-,-,-,Davidson,Nashville,6
57453,400162368,0,4,36.30656,-82.19292,5,2024-10-15 15:06:00,2024,10,15,15,6,Tuesday,15:06,Suspected Serious Injury,Daylight,Cloudy,Motor Vehicle-In-Transport On Same Roadway,None,THP District 5 - Fall Branch,THP,Unbelted,-,-,-,-,-,-,-,-,-,-,-,-,Carter,Not in City Limit,3