OBJECTID,MRN,Fatality,Injury,Latitude,Longitude,THP_District,Collision_Date,Collision_Year,Collision_Month,Collision_Day,Collision_Hour,Collision_Min,Collision_DOW,Collision_Time,Crash_Type,Light_Condition,Weather,First_Harmfu_Event,Work_Zone_Type,Agency_Name,THP,Unbelted,Distracted_Driver,Driver_Drinking,Driver_Drugged,Drowsy_Driver,Speeding_Involved,Pedalcyclist,Pedestrian,Other_Nonmotorist,ATV_Involved,LargeTruck_Involved,Motorcycle_Involved,SchoolBus,County,City,DOW_Nmb
57476,400162470,0,1,36.32888,-86.61927,3,2024-10-15 15:23:00,2024,10,15,15,23,Tuesday,15:23,Suspected Serious Injury,Daylight,Clear,Motor Vehicle-In-Transport On Same Roadway,None,HENDERSONVILLE POLICE DEPT,Other,Unbelted,Distracted,-,-,-,-,-,-,-,-,-,Motorcyclist,-,Sumner,Hendersonville,3
57497,400162561,0,1,36.4215,-87.21432,3,2024-10-15 20:59:00,2024,10,15,20,59,Tuesday,20:59,Suspected Serious Injury,Dark-Lighted,Clear,"Over Turn, Roll Over",None,THP District 3 - Nashville,THP,Unbelted,-,Drinking,Drug,-,-,-,-,-,-,-,-,-,Montgomery,Not in City Limit,3
57509,400162650,0,1,36.32177,-87.13192,3,2024-10-16 06:47:00,2024,10,16,6,47,Wednesday,06:47,Suspected Serious Injury,Dawn,Clear,Embankment Earth,None,THP District 3 - Nashville,THP,Unbelted,-,-,-,-,-,-,-,-,-,-,-,-,Cheatham,Not in City Limit,4
57513,400162665,0,1,36.41007,-89.04057,8,2024-10-16 07:13:00,2024,10,16,7,13,Wednesday,07:13,Suspected Serious Injury,Daylight,Clear,Fire Hydrant,None,UNION CITY POLICE DEPT,Other,Unbelted,-,-,-,-,-,-,-,-,-,-,-,-,Obion,Union City,4
57522,400162692,0,2,35.07014,-85.20803,2,2024-10-16 08:32:00,2024,10,16,8,32,Wednesday,08:32,Suspected Serious Injury,Daylight,Clear,Standing Tree,None,CHATTANOOGA POLICE DEPT,Other,Unbelted,Distracted,-,-,-,-,-,-,-,-,-,-,-,Hamilton,Chattanooga,4
57537,400162758,0,1,35.81709,-86.32972,3,2024-10-16 09:35:00,2024,10,16,9,35,Wednesday,09:35,Suspected Serious Injury,Daylight,Clear,"Over Turn, Roll Over",None,THP District 3 - Nashville,THP,Unbelted,-,-,-,-,-,-,-,-,-,ATV_Involved,-,-,Rutherford,Not in City Limit,4
57563,400162865,0,1,35.53035,-84.95098,2,2024-10-13 23:58:00,2024,10,13,23,58,Sunday,23:58,Suspected Serious Injury,Dark-Not Lighted,Rain,Culvert,None,RHEA CO SHERIFFS DEPT,Other,Unbelted,-,-,-,-,-,-,-,-,-,-,-,-,Rhea,Not in City Limit,1
57568,400162887,0,1,36.00635,-88.62777,8,2024-10-14 13:39:00,2024,10,14,13,39,Monday,13:39,Suspected Serious Injury,Daylight,Clear,Other Non-Fixed Object,None,THP District 8 - Jackson,THP,Unbelted,-,-,-,-,-,-,-,-,-,-,-,-,Carroll,Trezevant,2
57571,400162910,0,1,36.42802,-88.70015,8,2024-10-15 06:04:00,2024,10,15,6,4,Tuesday,06:04,Suspected Serious Injury,Dark-Not Lighted,Clear,Embankment Earth,None,THP District 8 - Jackson,THP,Unbelted,-,-,-,-,-,-,-,-,-,-,-,-,Weakley,Not in City Limit,3
57580,400162940,0,4,36.08771,-86.71525,3,2024-10-16 15:12:00,2024,10,16,15,12,Wednesday,15:12,Suspected Serious Injury,Daylight,Clear,Motor Vehicle-In-Transport On Same Roadway,None,METROPOLITAN NASHVILLE POLICE DEPT,Other,Unbelted,-,-,-,-,-,-,-,-,-,-,-,-,Davidson,Nashville,4
57585,400162954,0,1,36.12111,-88.46868,8,2024-10-14 16:00:00,2024,10,14,16,0,Monday,16:00,Suspected Serious Injury,Daylight,Clear,Ditch,None,THP District 8 - Jackson,THP,Unbelted,-,-,-,-,-,-,-,-,-,-,-,-,Carroll,Not in City Limit,2
57587,400162957,0,1,36.11926,-89.17687,8,2024-10-11 22:30:00,2024,10,11,22,30,Friday,22:30,Suspected Serious Injury,Dark-Not Lighted,Clear,Ditch,None,THP District 8 - Jackson,THP,Unbelted,-,-,-,-,-,-,-,-,-,-,-,-,Dyer,Not in City Limit,6
57593,400162987,0,3,35.67637,-88.78099,8,2024-10-16 17:15:00,2024,10,16,17,15,Wednesday,17:15,Suspected Serious Injury,Daylight,Clear,Motor Vehicle-In-Transport On Same Roadway,None,JACKSON POLICE DEPT,Other,Unbelted,Distracted,-,-,-,-,-,-,-,-,-,-,-,Madison,Jackson,4
57609,400163066,0,1,35.83726,-88.9151,8,2024-10-11 19:15:00,2024,10,11,19,15,Friday,19:15,Suspected Serious Injury,Dark-Lighted,Clear,Pedestrian,None,HUMBOLDT POLICE DEPT,Other,Unbelted,Distracted,Drinking,-,-,-,-,Pedestrian,-,-,-,-,-,Gibson,Humboldt,6
57614,400163106,0,1,35.702,-87.74901,7,2024-10-11 19:25:00,2024,10,11,19,25,Friday,19:25,Suspected Serious Injury,Dark-Not Lighted,Clear,Standing Tree,None,THP District 7 - Lawrenceburg,THP,Unbelted,-,-,-,-,-,-,-,-,-,-,-,-,Perry,Not in City Limit,6
57619,400163145,0,2,35.97084,-87.65815,3,2024-10-16 16:48:00,2024,10,16,16,48,Wednesday,16:48,Suspected Serious Injury,Daylight,Clear,Motor Vehicle-In-Transport On Same Roadway,None,THP District 3 - Nashville,THP,Unbelted,Distracted,-,-,-,-,-,-,-,-,-,-,-,Humphreys,Not in City Limit,4
57625,400163158,0,1,35.90664,-88.8893,8,2024-10-13 23:36:00,2024,10,13,23,36,Sunday,23:36,Suspected Serious Injury,Dark-Not Lighted,Clear,Utility Pole,None,THP District 8 - Jackson,THP,Unbelted,-,-,-,-,-,-,-,-,-,-,-,-,Gibson,Not in City Limit,1
57630,400163178,0,2,35.9516,-86.51757,3,2024-10-10 05:51:00,2024,10,10,5,51,Thursday,05:51,Suspected Serious Injury,Dawn,Clear,Motor Vehicle-In-Transport On Same Roadway,None,SMYRNA POLICE DEPT,Other,Unbelted,-,Drinking,Drug,-,-,-,-,-,-,-,-,-,Rutherford,Smyrna,5
57632,400163188,0,1,35.91287,-84.08183,1,2024-10-16 22:12:00,2024,10,16,22,12,Wednesday,22:12,Suspected Serious Injury,Dark-Lighted,Clear,Pedestrian,None,KNOXVILLE POLICE DEPT,Other,Unbelted,-,-,-,-,-,-,Pedestrian,-,-,-,-,-,Knox,Knoxville,4
57638,400163218,0,2,35.97075,-83.20858,5,2024-10-16 17:24:00,2024,10,16,17,24,Wednesday,17:24,Suspected Serious Injury,Daylight,Clear,Motor Vehicle-In-Transport On Same Roadway,None,NEWPORT POLICE DEPT,Other,Unbelted,-,-,-,-,-,-,-,-,-,-,-,-,Cocke,Newport,4
57648,400163261,0,1,36.56404,-83.65135,5,2024-10-17 07:45:00,2024,10,17,7,45,Thursday,07:45,Suspected Serious Injury,Daylight,Clear,Motor Vehicle-In-Transport On Same Roadway,None,THP District 5 - Fall Branch,THP,Unbelted,-,-,-,-,-,-,-,-,-,ATV_Involved,-,-,Claiborne,Harrogate,5
57659,400163333,0,1,35.20509,-89.72046,4,2024-10-15 06:50:00,2024,10,15,6,50,Tuesday,06:50,Suspected Serious Injury,Dark-Lighted,Clear,Motor Vehicle-In-Transport On Same Roadway,None,THP District 4 - Memphis,THP,Unbelted,-,-,-,-,-,-,-,-,-,-,Motorcyclist,-,Shelby,Memphis,3
57674,400163418,0,1,35.63199,-88.83293,8,2024-10-17 10:09:00,2024,10,17,10,9,Thursday,10:09,Suspected Serious Injury,Daylight,Clear,Fell/Jumped From Vehicle,None,JACKSON POLICE DEPT,Other,Unbelted,Distracted,-,-,-,-,-,-,-,-,-,-,-,Madison,Jackson,5
57679,400163463,0,1,35.85859,-89.39716,4,2024-10-17 12:23:00,2024,10,17,12,23,Thursday,12:23,Suspected Serious Injury,Daylight,Clear,Motor Vehicle-In-Transport On Same Roadway,None,HALLS POLICE DEPT,Other,Unbelted,-,-,-,-,-,-,-,-,-,ATV_Involved,-,-,Lauderdale,Halls,5
57686,400163496,0,2,36.07568,-87.36477,3,2024-10-17 13:23:00,2024,10,17,13,23,Thursday,13:23,Suspected Serious Injury,Daylight,Clear,Motor Vehicle-In-Transport On Same Roadway,None,DICKSON POLICE DEPT,Other,Unbelted,Distracted,-,-,-,-,-,-,-,-,-,-,-,Dickson,Dickson,5
57687,400163502,0,1,35.80603,-85.05324,6,2024-10-15 15:13:00,2024,10,15,15,13,Tuesday,15:13,Suspected Serious Injury,Daylight,Cloudy,Fell/Jumped From Vehicle,None,THP District 6 - Cookeville,THP,-,-,Drinking,-,-,-,-,-,-,-,-,Motorcyclist,-,Cumberland,Not in City Limit,3
57688,400163513,1,0,35.5349,-88.71779,8,2024-10-17 00:00:00,2024,10,17,24,0,Thursday,24:00,Fatal,Daylight,Clear,Motor Vehicle-In-Transport On Same Roadway,None,MADISON CO SHERIFFS DEPT,Other,Unbelted,-,-,-,-,-,-,-,-,-,ATV_Involved,-,-,Madison,Not in City Limit,5
57694,400163542,0,1,35.48775,-86.09194,2,2024-10-17 13:28:00,2024,10,17,13,28,Thursday,13:28,Suspected Serious Injury,Daylight,Clear,Cargo Equip Loss/Shift,None,MANCHESTER POLICE DEPT,Other,Unbelted,-,-,-,-,-,-,-,-,-,ATV_Involved,-,-,Coffee,Manchester,5
57703,400163575,0,1,36.21909,-86.77462,3,2024-10-17 14:26:00,2024,10,17,14,26,Thursday,14:26,Suspected Serious Injury,Daylight,Clear,Motor Vehicle-In-Transport On Same Roadway,None,METROPOLITAN NASHVILLE POLICE DEPT,Other,Unbelted,-,-,-,-,-,-,-,-,-,ATV_Involved,-,-,Davidson,Nashville,5
57724,400163690,0,1,35.86933,-83.56742,1,2024-10-17 19:53:00,2024,10,17,19,53,Thursday,19:53,Suspected Serious Injury,Dark-Lighted,Clear,Motor Vehicle-In-Transport On Same Roadway,None,SEVIERVILLE POLICE DEPT,Other,Unbelted,-,-,-,-,-,-,-,-,-,-,Motorcyclist,-,Sevier,Sevierville,5
57735,400163754,0,1,35.23628,-87.40888,7,2024-10-16 21:30:00,2024,10,16,21,30,Wednesday,21:30,Suspected Serious Injury,Dark-Not Lighted,Clear,Pedestrian,None,THP District 7 - Lawrenceburg,THP,Unbelted,Distracted,-,-,-,-,-,Pedestrian,-,-,-,-,-,Lawrence,Not in City Limit,4
57743,400163791,0,1,35.85079,-86.8322,3,2024-10-17 18:35:00,2024,10,17,18,35,Thursday,18:35,Suspected Serious Injury,Dark-Lighted,Clear,Motor Vehicle-In-Transport On Same Roadway,None,THP District 3 - Nashville,THP,Unbelted,-,-,-,-,Speeding,-,-,-,-,-,Motorcyclist,-,Williamson,Franklin,5
57757,400163851,0,1,35.98787,-86.546,3,2024-10-17 00:31:00,2024,10,17,0,31,Thursday,00:31,Suspected Serious Injury,Dark-Lighted,Clear,Motor Vehicle-In-Transport On Same Roadway,None,SMYRNA POLICE DEPT,Other,Unbelted,-,-,-,-,-,-,-,-,-,ATV_Involved,-,-,Rutherford,Smyrna,5
57759,400163877,0,1,35.9763,-87.31549,3,2024-10-17 12:59:00,2024,10,17,12,59,Thursday,12:59,Suspected Serious Injury,Daylight,Clear,Motor Vehicle-In-Transport On Same Roadway,None,THP District 3 - Nashville,THP,Unbelted,-,-,-,-,-,-,-,-,-,ATV_Involved,-,-,Dickson,Not in City Limit,5
57772,400163942,0,1,36.22203,-86.34644,3,2024-10-17 12:18:00,2024,10,17,12,18,Thursday,12:18,Suspected Serious Injury,Daylight,Clear,Motor Vehicle-In-Transport On Same Roadway,None,LEBANON POLICE DEPT,Other,Unbelted,-,-,-,-,-,-,-,-,-,-,Motorcyclist,-,Wilson,Lebanon,5
57774,400163958,0,1,35.96811,-86.66213,3,2024-10-18 07:35:00,2024,10,18,7,35,Friday,07:35,Suspected Serious Injury,Daylight,Clear,Parked Motor Vehicle,None,THP District 3 - Nashville,THP,Unbelted,-,-,-,-,Speeding,-,-,-,-,-,-,-,Williamson,Nolensville,6
57775,400163959,0,3,36.01819,-86.78672,3,2024-10-18 07:51:00,2024,10,18,7,51,Friday,07:51,Suspected Serious Injury,Daylight,Clear,Motor Vehicle-In-Transport On Same Roadway,None,THP District 3 - Nashville,THP,Unbelted,-,-,-,-,-,-,-,-,-,-,-,-,Williamson,Brentwood,6
57782,400164014,1,0,35.05681,-85.13479,2,2024-10-17 07:00:00,2024,10,17,7,0,Thursday,07:00,Fatal,Dark-Lighted,Clear,Pedestrian,Construction Zone,CHATTANOOGA POLICE DEPT,Other,Unbelted,-,-,-,-,-,-,Pedestrian,-,-,-,-,-,Hamilton,Chattanooga,5
57790,400164064,0,1,35.8238,-83.77657,1,2024-10-18 12:09:00,2024,10,18,12,9,Friday,12:09,Suspected Serious Injury,Daylight,Clear,Other Animal,None,BLOUNT CO SHERIFFS DEPT,Other,-,-,-,-,-,-,-,-,-,-,-,Motorcyclist,-,Blount,Not in City Limit,6
57796,400164088,0,1,36.24237,-83.22923,5,2024-10-18 14:02:00,2024,10,18,14,2,Friday,14:02,Suspected Serious Injury,Daylight,Clear,Motor Vehicle-In-Transport On Same Roadway,None,MORRISTOWN POLICE DEPT,Other,Unbelted,-,-,-,-,-,-,-,-,-,ATV_Involved,-,-,Hamblen,Morristown,6
57819,400164189,0,1,36.03037,-83.39315,5,2024-10-18 16:56:00,2024,10,18,16,56,Friday,16:56,Suspected Serious Injury,Daylight,Clear,Motor Vehicle-In-Transport On Same Roadway,None,DANDRIDGE POLICE DEPT,Other,Unbelted,-,-,-,Drowsy,-,-,-,-,-,ATV_Involved,-,-,Jefferson,Dandridge,6
57832,400164270,0,2,36.18243,-84.29177,1,2024-09-07 20:51:00,2024,9,7,20,51,Saturday,20:51,Suspected Serious Injury,Dark-Not Lighted,Clear,Standing Tree,None,THP District 1 - Knoxville,THP,Unbelted,-,-,-,-,-,-,-,-,-,-,-,-,Anderson,Not in City Limit,7
57843,400164342,1,5,36.16234,-86.7781,3,2024-10-17 23:44:00,2024,10,17,23,44,Thursday,23:44,Fatal,Dark-Lighted,Clear,Pedestrian,None,METROPOLITAN NASHVILLE POLICE DEPT,Other,Unbelted,-,Drinking,Drug,-,Speeding,-,Pedestrian,-,-,-,-,-,Davidson,Nashville,5
57854,400164409,0,2,35.91111,-84.32979,1,2024-10-18 22:58:00,2024,10,18,22,58,Friday,22:58,Suspected Serious Injury,Dark-Not Lighted,Clear,Motor Vehicle-In-Transport On Same Roadway,None,OAK RIDGE POLICE DEPT,Other,Unbelted,-,-,Drug,-,-,-,-,-,-,ATV_Involved,-,-,Roane,Oak Ridge,6
57855,400164414,0,1,36.00991,-83.96844,1,2024-10-18 22:30:00,2024,10,18,22,30,Friday,22:30,Suspected Serious Injury,Dark-Lighted,Clear,Motor Vehicle-In-Transport On Same Roadway,None,KNOXVILLE POLICE DEPT,Other,Unbelted,-,Drinking,-,-,-,-,-,-,-,ATV_Involved,-,-,Knox,Knoxville,6
57859,400164422,0,1,36.16077,-86.77704,3,2024-10-18 00:16:00,2024,10,18,0,16,Friday,00:16,Suspected Serious Injury,Dark-Lighted,Clear,Pedestrian,None,METROPOLITAN NASHVILLE POLICE DEPT,Other,Unbelted,-,Drinking,-,-,-,-,Pedestrian,-,-,-,-,-,Davidson,Nashville,6
57864,400164433,0,1,35.15804,-89.9804,4,2024-10-19 00:50:00,2024,10,19,0,50,Saturday,00:50,Suspected Serious Injury,Dark-Not Lighted,Clear,Wall,None,THP District 4 - Memphis,THP,Unbelted,-,-,-,-,Speeding,-,-,-,-,-,-,-,Shelby,Memphis,7
57866,400164456,0,2,35.84615,-86.41619,3,2024-10-18 23:17:00,2024,10,18,23,17,Friday,23:17,Suspected Serious Injury,Dark-Lighted,Clear,Motor Vehicle-In-Transport On Same Roadway,None,MURFREESBORO POLICE DEPT,Other,Unbelted,-,-,-,-,-,-,-,-,-,-,-,-,Rutherford,Murfreesboro,6
57873,400164470,0,4,36.23696,-86.62792,3,2024-10-18 14:32:00,2024,10,18,14,32,Friday,14:32,Suspected Serious Injury,Daylight,Clear,Motor Vehicle-In-Transport On Same Roadway,None,METROPOLITAN NASHVILLE POLICE DEPT,Other,Unbelted,-,-,-,-,Speeding,-,-,-,-,-,-,-,Davidson,Nashville,6
57879,400164493,0,2,36.11021,-86.73708,3,2024-10-18 22:21:00,2024,10,18,22,21,Friday,22:21,Suspected Serious Injury,Dark-Lighted,Clear,Motor Vehicle-In-Transport On Same Roadway,None,METROPOLITAN NASHVILLE POLICE DEPT,Other,Unbelted,-,Drinking,-,-,-,-,-,-,-,-,-,-,Davidson,Nashville,6
57883,400164521,0,1,36.14476,-87.43293,3,2024-10-19 06:28:00,2024,10,19,6,28,Saturday,06:28,Suspected Serious Injury,Dawn,Clear,Ditch,None,THP District 3 - Nashville,THP,Unbelted,-,-,-,Drowsy,-,-,-,-,-,-,-,-,Dickson,Not in City Limit,7
57886,400164536,0,1,35.99266,-86.62484,3,2024-10-19 06:30:00,2024,10,19,6,30,Saturday,06:30,Suspected Serious Injury,Daylight,Clear,Motor Vehicle-In-Transport On Same Roadway,None,METROPOLITAN NASHVILLE POLICE DEPT,Other,Unbelted,-,-,-,-,-,-,-,-,-,-,-,-,Davidson,Nashville,7
57889,400164549,0,1,35.77091,-88.58012,8,2024-10-18 15:19:00,2024,10,18,15,19,Friday,15:19,Suspected Serious Injury,Daylight,Clear,Other Post/Pole Support,None,THP District 8 - Jackson,THP,Unbelted,-,-,-,-,-,-,-,-,-,-,-,-,Henderson,Not in City Limit,6
57893,400164559,0,2,35.14181,-85.27678,2,2024-10-19 09:01:00,2024,10,19,9,1,Saturday,09:01,Suspected Serious Injury,,Clear,Motor Vehicle-In-Transport On Same Roadway,None,RED BANK POLICE DEPT,Other,Unbelted,-,-,-,-,-,-,-,-,-,-,-,-,Hamilton,Red Bank,7
57906,400164654,0,1,35.04015,-85.13065,2,2024-10-19 13:18:00,2024,10,19,13,18,Saturday,13:18,Suspected Serious Injury,Daylight,Clear,Other Fixed Object,None,CHATTANOOGA POLICE DEPT,Other,Unbelted,-,-,-,-,-,-,-,-,-,-,-,-,Hamilton,Chattanooga,7
57916,400164706,0,1,35.58319,-89.61342,4,2024-10-19 16:15:00,2024,10,19,16,15,Saturday,16:15,Suspected Serious Injury,Daylight,Clear,Ditch,None,THP District 4 - Memphis,THP,Unbelted,-,-,-,-,-,-,-,-,-,-,-,-,Tipton,Not in City Limit,7
57925,400164766,0,1,35.27588,-84.78916,2,2024-10-19 19:20:00,2024,10,19,19,20,Saturday,19:20,Suspected Serious Injury,Dark-Not Lighted,Clear,Deer,None,THP District 2 - Chattanooga,THP,Unbelted,-,-,-,-,-,-,-,-,-,-,-,-,Bradley,Not in City Limit,7
57950,400164874,0,6,36.04403,-83.17683,5,2024-10-19 19:14:00,2024,10,19,19,14,Saturday,19:14,Suspected Serious Injury,Dark-Not Lighted,Clear,Motor Vehicle-In-Transport On Same Roadway,None,THP District 5 - Fall Branch,THP,Unbelted,-,-,-,-,-,-,-,-,-,-,-,-,Cocke,Not in City Limit,7
57953,400164880,0,2,36.15125,-86.67102,3,2024-10-19 16:40:00,2024,10,19,16,40,Saturday,16:40,Suspected Serious Injury,Daylight,Clear,Motor Vehicle-In-Transport On Same Roadway,None,METROPOLITAN NASHVILLE POLICE DEPT,Other,Unbelted,-,Drinking,-,-,-,-,-,-,-,-,-,-,Davidson,Nashville,7
57962,400164912,0,2,35.32412,-84.78562,2,2024-10-19 00:58:00,2024,10,19,0,58,Saturday,00:58,Suspected Serious Injury,Dark-Not Lighted,Clear,"Over Turn, Roll Over",None,THP District 2 - Chattanooga,THP,Unbelted,-,-,-,-,-,-,-,-,-,-,-,-,McMinn,Not in City Limit,7
57964,400164925,0,1,35.45469,-88.63144,8,2024-10-19 22:13:00,2024,10,19,22,13,Saturday,22:13,Suspected Serious Injury,Dark-Lighted,Clear,Fence,None,HENDERSON POLICE DEPT,Other,Unbelted,-,Drinking,-,-,-,-,-,-,-,-,-,-,Chester,Henderson,7
57967,400164958,0,2,36.11008,-86.73592,3,2024-10-20 02:30:00,2024,10,20,2,30,Sunday,02:30,Suspected Serious Injury,Dark-Lighted,Clear,Motor Vehicle-In-Transport On Same Roadway,None,METROPOLITAN NASHVILLE POLICE DEPT,Other,Unbelted,-,Drinking,-,-,-,-,-,-,-,-,-,-,Davidson,Nashville,1
57968,400164970,0,1,36.42838,-83.62858,5,2024-10-19 00:00:00,2024,10,19,24,0,Saturday,24:00,Suspected Serious Injury,Daylight,Clear,Embankment Earth,None,NEW TAZEWELL POLICE DEPT,Other,Unbelted,-,-,-,-,-,-,-,-,-,-,-,-,Claiborne,New Tazewell,7
57974,400164997,0,1,36.11663,-87.63406,3,2024-10-20 05:49:00,2024,10,20,5,49,Sunday,05:49,Suspected Serious Injury,Dark-Lighted,Clear,Deer,None,HUMPHREYS CO SHERIFFS DEPT,Other,Unbelted,-,-,-,-,-,-,-,-,-,-,-,-,Humphreys,McEwen,1
57978,400165011,0,2,35.89166,-89.15675,4,2024-10-19 13:44:00,2024,10,19,13,44,Saturday,13:44,Suspected Serious Injury,Daylight,Clear,Motor Vehicle-In-Transport On Same Roadway,None,THP District 4 - Memphis,THP,Unbelted,-,-,-,-,-,-,-,-,ATV_Involved,-,-,-,Crockett,Not in City Limit,7
57980,400165025,0,2,35.70902,-88.60823,8,2024-10-19 12:46:00,2024,10,19,12,46,Saturday,12:46,Suspected Serious Injury,Daylight,Clear,Motor Vehicle-In-Transport On Same Roadway,None,THP District 8 - Jackson,THP,-,-,-,-,-,-,-,-,-,-,-,Motorcyclist,-,Henderson,Not in City Limit,7
57990,400165054,0,2,35.67103,-88.29161,8,2024-10-19 17:55:00,2024,10,19,17,55,Saturday,17:55,Suspected Serious Injury,Dusk,Clear,"Over Turn, Roll Over",None,THP District 8 - Jackson,THP,-,-,-,-,-,-,-,-,-,ATV_Involved,-,-,-,Henderson,Not in City Limit,7
58005,400165126,0,2,36.52888,-87.22542,3,2024-10-18 11:08:00,2024,10,18,11,8,Friday,11:08,Suspected Serious Injury,Daylight,Clear,Guard Rail Face,None,THP District 3 - Nashville,THP,Unbelted,-,-,-,-,-,-,-,-,-,-,-,-,Montgomery,Clarksville,6
58007,400165139,0,1,36.49405,-86.93349,3,2024-10-19 00:00:00,2024,10,19,24,0,Saturday,24:00,Suspected Serious Injury,Daylight,Clear,Ditch,None,THP District 3 - Nashville,THP,-,-,-,-,-,Speeding,-,-,-,-,-,Motorcyclist,-,Robertson,Not in City Limit,7
58014,400165160,0,1,36.385,-86.71487,3,2024-10-20 13:45:00,2024,10,20,13,45,Sunday,13:45,Suspected Serious Injury,Daylight,Clear,Motor Vehicle-In-Transport On Same Roadway,None,MILLERSVILLE POLICE DEPT,Other,Unbelted,Distracted,-,-,-,-,-,-,-,-,-,-,-,Sumner,Millersville,1
58015,400165165,0,1,35.4604,-86.05973,2,2024-10-20 13:35:00,2024,10,20,13,35,Sunday,13:35,Suspected Serious Injury,Daylight,Clear,Motor Vehicle-In-Transport On Same Roadway,None,MANCHESTER POLICE DEPT,Other,Unbelted,-,-,-,-,-,-,-,-,-,-,-,-,Coffee,Manchester,1
58016,400165172,0,2,36.22444,-86.42576,3,2024-10-19 18:35:00,2024,10,19,18,35,Saturday,18:35,Suspected Serious Injury,Dark-Not Lighted,Clear,"Over Turn, Roll Over",None,THP District 3 - Nashville,THP,Unbelted,-,Drinking,Drug,-,-,-,-,-,-,-,-,-,Wilson,Lebanon,7
58018,400165178,0,1,36.48126,-83.0068,5,2024-10-20 14:45:00,2024,10,20,14,45,Sunday,14:45,Suspected Serious Injury,Daylight,Clear,"Over Turn, Roll Over",None,THP District 5 - Fall Branch,THP,-,-,-,-,-,-,-,-,-,-,-,Motorcyclist,-,Hawkins,Not in City Limit,1
58019,400165183,0,1,36.1767,-84.14251,1,2024-10-20 13:59:00,2024,10,20,13,59,Sunday,13:59,Suspected Serious Injury,Daylight,Clear,Motor Vehicle-In-Transport On Different Roadway,None,THP District 1 - Knoxville,THP,Unbelted,-,-,-,-,-,-,-,-,-,-,-,-,Anderson,Not in City Limit,1
58034,400165238,0,1,36.31655,-86.7133,3,2024-10-20 17:04:00,2024,10,20,17,4,Sunday,17:04,Suspected Serious Injury,Daylight,Clear,Pedestrian,None,GOODLETTSVILLE POLICE DEPT,Other,Unbelted,-,-,-,-,-,-,Pedestrian,-,-,-,-,-,Davidson,Goodlettsville,1
58039,400165261,0,2,36.19272,-83.88682,5,2024-10-14 17:09:00,2024,10,14,17,9,Monday,17:09,Suspected Serious Injury,Dusk,Clear,Motor Vehicle-In-Transport On Same Roadway,Construction Zone,THP District 5 - Fall Branch,THP,Unbelted,-,Drinking,Drug,-,Speeding,-,-,-,-,-,-,-,Union,Not in City Limit,2
58046,400165291,0,3,36.22786,-82.68941,5,2024-10-20 18:25:00,2024,10,20,18,25,Sunday,18:25,Suspected Serious Injury,Dusk,Clear,Motor Vehicle-In-Transport On Same Roadway,None,THP District 5 - Fall Branch,THP,Unbelted,-,-,-,-,-,-,Pedestrian,-,-,-,-,-,Greene,Not in City Limit,1
58054,400165326,1,0,35.57648,-86.2323,2,2024-10-20 00:10:00,2024,10,20,0,10,Sunday,00:10,Fatal,Dark-Not Lighted,Clear,Guard Rail End,None,THP District 2 - Chattanooga,THP,Unbelted,-,Drinking,-,-,-,-,-,-,-,-,-,-,Coffee,Not in City Limit,1
58055,400165327,0,1,36.25333,-82.5271,5,2024-10-20 21:30:00,2024,10,20,21,30,Sunday,21:30,Suspected Serious Injury,Dark-Lighted,Clear,Ditch,None,THP District 5 - Fall Branch,THP,Unbelted,-,Drinking,Drug,-,Speeding,-,-,-,-,-,-,-,Washington,Not in City Limit,1
58067,400165406,0,1,35.62082,-88.98893,8,2024-10-20 22:49:00,2024,10,20,22,49,Sunday,22:49,Suspected Serious Injury,Dark-Not Lighted,Clear,Motor Vehicle-In-Transport On Same Roadway,None,THP District 8 - Jackson,THP,Unbelted,-,Drinking,Drug,-,-,-,-,-,-,-,-,-,Madison,Not in City Limit,1
58068,400165414,1,1,36.01489,-85.95398,6,2024-10-19 15:20:00,2024,10,19,15,20,Saturday,15:20,Fatal,Daylight,Clear,Motor Vehicle-In-Transport On Same Roadway,None,THP District 6 - Cookeville,THP,Unbelted,Distracted,Drinking,Drug,-,-,-,-,-,-,-,-,-,DeKalb,Not in City Limit,7
58069,400165415,0,2,35.90505,-83.74631,1,2024-10-21 06:20:00,2024,10,21,6,20,Monday,06:20,Suspected Serious Injury,Dark-Not Lighted,Clear,Standing Tree,None,SEVIER CO SHERIFFS OFFICE,Other,Unbelted,Distracted,-,-,-,Speeding,-,-,-,-,-,-,-,Sevier,Not in City Limit,2
58072,400165421,0,1,35.5208,-84.59429,2,2024-10-17 06:15:00,2024,10,17,6,15,Thursday,06:15,Suspected Serious Injury,Dark-Not Lighted,Clear,Standing Tree,None,THP District 2 - Chattanooga,THP,Unbelted,-,-,-,Drowsy,-,-,-,-,-,-,-,-,McMinn,Not in City Limit,5