OBJECTID,MRN,Fatality,Injury,Latitude,Longitude,THP_District,Collision_Date,Collision_Year,Collision_Month,Collision_Day,Collision_Hour,Collision_Min,Collision_DOW,Collision_Time,Crash_Type,Light_Condition,Weather,First_Harmfu_Event,Work_Zone_Type,Agency_Name,THP,Unbelted,Distracted_Driver,Driver_Drinking,Driver_Drugged,Drowsy_Driver,Speeding_Involved,Pedalcyclist,Pedestrian,Other_Nonmotorist,ATV_Involved,LargeTruck_Involved,Motorcycle_Involved,SchoolBus,County,City,DOW_Nmb
58083,400165467,0,1,35.49629,-83.93165,1,2024-10-20 16:14:00,2024,10,20,16,14,Sunday,16:14,Suspected Serious Injury,Daylight,Clear,Motor Vehicle-In-Transport On Same Roadway,None,BLOUNT CO SHERIFFS DEPT,Other,Unbelted,-,-,-,-,-,-,-,-,-,-,Motorcyclist,-,Blount,Not in City Limit,1
58088,400165490,0,4,35.12872,-87.54032,7,2024-10-19 15:35:00,2024,10,19,15,35,Saturday,15:35,Suspected Serious Injury,Daylight,Clear,Motor Vehicle-In-Transport On Same Roadway,None,THP District 7 - Lawrenceburg,THP,Unbelted,-,-,-,-,-,-,-,-,-,-,-,-,Lawrence,Not in City Limit,7
58094,400165501,0,2,36.18158,-86.69548,3,2024-10-21 08:00:00,2024,10,21,8,0,Monday,08:00,Suspected Serious Injury,Daylight,Clear,Motor Vehicle-In-Transport On Same Roadway,None,METROPOLITAN NASHVILLE POLICE DEPT,Other,Unbelted,-,-,-,-,-,-,-,-,-,-,-,-,Davidson,Nashville,2
58109,400165602,0,1,35.10018,-85.3292,2,2024-10-20 18:45:00,2024,10,20,18,45,Sunday,18:45,Suspected Serious Injury,Daylight,Clear,Motor Vehicle-In-Transport On Same Roadway,None,CHATTANOOGA POLICE DEPT,Other,Unbelted,-,-,-,-,-,-,-,-,-,-,Motorcyclist,-,Hamilton,Chattanooga,1
58117,400165641,0,1,35.52243,-86.48719,7,2024-10-21 13:30:00,2024,10,21,13,30,Monday,13:30,Suspected Serious Injury,Daylight,Clear,Ditch,None,THP District 7 - Lawrenceburg,THP,-,-,-,-,-,-,-,-,-,-,-,Motorcyclist,-,Bedford,Not in City Limit,2
58118,400165652,0,1,36.17449,-85.50322,6,2024-10-21 13:27:00,2024,10,21,13,27,Monday,13:27,Suspected Serious Injury,Daylight,Clear,Standing Tree,None,COOKEVILLE POLICE DEPT,Other,Unbelted,-,-,-,-,-,-,-,-,-,-,-,-,Putnam,Cookeville,2
58131,400165743,0,1,36.48561,-86.64534,3,2024-10-21 15:07:00,2024,10,21,15,7,Monday,15:07,Suspected Serious Injury,Daylight,Clear,Motor Vehicle-In-Transport On Same Roadway,None,WHITE HOUSE POLICE DEPT,Other,Unbelted,-,-,-,-,-,-,-,-,-,ATV_Involved,-,-,Sumner,White House,2
58150,400165821,0,2,35.70644,-85.8523,6,2024-10-21 15:31:00,2024,10,21,15,31,Monday,15:31,Suspected Serious Injury,Daylight,Clear,Motor Vehicle-In-Transport On Same Roadway,None,THP District 6 - Cookeville,THP,Unbelted,-,Drinking,-,-,-,-,-,-,-,-,-,-,Warren,Not in City Limit,2
58168,400165912,0,2,35.82154,-87.43683,7,2024-10-08 22:12:00,2024,10,8,22,12,Tuesday,22:12,Suspected Serious Injury,Dark-Lighted,Clear,Motor Vehicle-In-Transport On Same Roadway,None,CENTERVILLE POLICE DEPT,Other,Unbelted,-,-,-,-,-,-,-,-,-,-,-,-,Hickman,Centerville,3
58170,400165925,0,2,36.469,-86.68267,3,2024-10-22 00:07:00,2024,10,22,0,7,Tuesday,00:07,Suspected Serious Injury,Dark-Lighted,Clear,Motor Vehicle-In-Transport On Same Roadway,None,WHITE HOUSE POLICE DEPT,Other,Unbelted,-,-,-,Drowsy,Speeding,-,-,-,-,-,-,-,Robertson,White House,3
58174,400165940,0,1,36.15573,-82.39507,5,2024-10-21 01:55:00,2024,10,21,1,55,Monday,01:55,Suspected Serious Injury,Dark-Not Lighted,Clear,Wall,None,THP District 5 - Fall Branch,THP,Unbelted,-,-,-,-,Speeding,-,-,-,-,-,-,-,Unicoi,Erwin,2
58179,400165995,0,1,36.30926,-87.77316,3,2024-10-21 13:35:00,2024,10,21,13,35,Monday,13:35,Suspected Serious Injury,Daylight,Clear,Utility Pole,None,THP District 3 - Nashville,THP,-,-,-,-,-,-,-,-,-,-,-,Motorcyclist,-,Houston,Tennessee Ridge,2
58206,400166181,0,1,35.01205,-85.24639,2,2024-10-22 12:05:00,2024,10,22,12,5,Tuesday,12:05,Suspected Serious Injury,Daylight,Clear,Motor Vehicle-In-Transport On Same Roadway,Construction Zone,CHATTANOOGA POLICE DEPT,Other,Unbelted,-,-,-,-,-,-,-,-,-,ATV_Involved,-,-,Hamilton,Chattanooga,3
58221,400166265,1,1,35.20185,-86.09426,2,2024-10-22 10:00:00,2024,10,22,10,0,Tuesday,10:00,Fatal,Daylight,Clear,Motor Vehicle-In-Transport On Same Roadway,None,DECHERD POLICE DEPT,Other,Unbelted,-,Drinking,Drug,-,-,-,-,-,-,-,-,-,Franklin,Decherd,3
58235,400166349,1,3,35.83424,-86.49286,3,2024-10-22 11:04:00,2024,10,22,11,4,Tuesday,11:04,Fatal,Daylight,Clear,Motor Vehicle-In-Transport On Same Roadway,None,MURFREESBORO POLICE DEPT,Other,Unbelted,-,-,Drug,-,Speeding,-,-,-,-,-,-,-,Rutherford,Murfreesboro,3
58240,400166361,1,0,36.40641,-83.00855,5,2024-10-21 07:58:00,2024,10,21,7,58,Monday,07:58,Fatal,Daylight,Clear,Pedestrian,None,THP District 5 - Fall Branch,THP,Unbelted,-,-,Drug,-,-,-,Pedestrian,-,-,-,-,-,Hawkins,Rogersville,2
58243,400166372,0,1,36.0437,-83.62318,5,2024-10-22 17:00:00,2024,10,22,17,0,Tuesday,17:00,Suspected Serious Injury,Daylight,Clear,Pedestrian,None,THP District 5 - Fall Branch,THP,Unbelted,-,-,-,-,-,-,Pedestrian,-,-,-,-,-,Jefferson,Not in City Limit,3
58244,400166379,0,1,36.56709,-82.4927,5,2024-10-22 16:29:00,2024,10,22,16,29,Tuesday,16:29,Suspected Serious Injury,Daylight,Clear,Guard Rail Face,None,SULLIVAN CO SHERIFFS DEPT,Other,Unbelted,-,-,-,Drowsy,-,-,-,-,-,-,-,-,Sullivan,Kingsport,3
58247,400166391,1,0,36.15659,-86.78747,3,2024-10-19 00:58:00,2024,10,19,0,58,Saturday,00:58,Fatal,Dark-Lighted,Clear,Pedestrian,None,METROPOLITAN NASHVILLE POLICE DEPT,Other,Unbelted,-,-,-,-,-,-,Pedestrian,-,-,-,-,-,Davidson,Nashville,7
58249,400166399,0,1,35.44902,-86.79974,7,2024-10-22 17:03:00,2024,10,22,17,3,Tuesday,17:03,Suspected Serious Injury,Daylight,Clear,Other Animal,None,LEWISBURG POLICE DEPT,Other,-,-,-,-,-,-,-,-,-,-,-,Motorcyclist,-,Marshall,Lewisburg,3
58252,400166407,0,1,35.86531,-86.46415,3,2024-10-22 17:17:00,2024,10,22,17,17,Tuesday,17:17,Suspected Serious Injury,Daylight,Clear,Motor Vehicle-In-Transport On Same Roadway,None,MURFREESBORO POLICE DEPT,Other,Unbelted,-,-,-,-,-,-,-,-,-,-,-,-,Rutherford,Murfreesboro,3
58253,400166411,1,0,36.30474,-86.81407,3,2024-10-20 02:30:00,2024,10,20,2,30,Sunday,02:30,Fatal,Dark-Lighted,Clear,Guard Rail Face,None,METROPOLITAN NASHVILLE POLICE DEPT,Other,-,-,-,-,-,-,-,-,-,-,-,Motorcyclist,-,Davidson,Nashville,1
58269,400166472,1,1,35.9431,-84.03178,1,2024-10-22 19:38:00,2024,10,22,19,38,Tuesday,19:38,Fatal,Dark-Not Lighted,Clear,Motor Vehicle-In-Transport On Same Roadway,None,KNOXVILLE POLICE DEPT,Other,Unbelted,-,-,-,-,Speeding,-,-,-,-,-,Motorcyclist,-,Knox,Knoxville,3
58272,400166491,6,2,35.84749,-86.43547,3,2024-10-17 01:04:00,2024,10,17,1,4,Thursday,01:04,Fatal,Dark-Lighted,Clear,Embankment Earth,None,THP District 3 - Nashville,THP,-,-,-,-,-,-,-,-,-,-,-,-,-,Rutherford,Murfreesboro,5
58284,400166587,2,0,35.37212,-86.88451,7,2024-10-22 23:30:00,2024,10,22,23,30,Tuesday,23:30,Fatal,Dark-Not Lighted,Clear,Bridge Rail,None,THP District 7 - Lawrenceburg,THP,Unbelted,-,-,-,-,-,-,-,-,-,-,-,-,Marshall,Cornersville,3
58286,400166622,0,6,35.21258,-86.09706,2,2024-10-21 15:54:00,2024,10,21,15,54,Monday,15:54,Suspected Serious Injury,Daylight,Clear,Motor Vehicle-In-Transport On Same Roadway,None,DECHERD POLICE DEPT,Other,Unbelted,Distracted,-,-,-,-,-,-,-,-,-,-,-,Franklin,Decherd,2
58288,400166625,0,1,35.03902,-85.28282,2,2024-10-23 07:04:00,2024,10,23,7,4,Wednesday,07:04,Suspected Serious Injury,Dark-Lighted,Clear,Pedestrian,None,CHATTANOOGA POLICE DEPT,Other,Unbelted,-,-,-,-,-,-,Pedestrian,-,-,-,-,-,Hamilton,Chattanooga,4
58289,400166630,0,2,35.71024,-86.97428,7,2024-10-23 06:17:00,2024,10,23,6,17,Wednesday,06:17,Suspected Serious Injury,Dark-Not Lighted,Clear,Motor Vehicle-In-Transport On Same Roadway,None,COLUMBIA POLICE DEPT,Other,Unbelted,-,-,-,-,-,-,-,-,-,-,-,-,Maury,Columbia,4
58297,400166672,0,2,36.03838,-87.24551,3,2024-10-23 07:30:00,2024,10,23,7,30,Wednesday,07:30,Suspected Serious Injury,Daylight,Clear,Motor Vehicle-In-Transport On Same Roadway,None,THP District 3 - Nashville,THP,Unbelted,-,-,-,-,-,-,-,-,-,-,-,-,Dickson,Burns,4
58308,400166745,0,1,35.63851,-87.01594,7,2024-10-22 16:39:00,2024,10,22,16,39,Tuesday,16:39,Suspected Serious Injury,Daylight,Clear,Motor Vehicle-In-Transport On Same Roadway,None,COLUMBIA POLICE DEPT,Other,Unbelted,-,-,-,-,-,-,-,-,-,-,-,-,Maury,Columbia,3
58311,400166761,0,1,35.5302,-84.32623,1,2024-10-23 11:17:00,2024,10,23,11,17,Wednesday,11:17,Suspected Serious Injury,Daylight,Clear,Other Non-Collision,None,THP District 1 - Knoxville,THP,Unbelted,-,-,-,-,-,-,-,-,-,-,-,-,Monroe,Not in City Limit,4
58317,400166794,0,1,35.8384,-84.27287,1,2024-10-22 15:36:00,2024,10,22,15,36,Tuesday,15:36,Suspected Serious Injury,Daylight,Clear,Motor Vehicle-In-Transport On Same Roadway,None,THP District 1 - Knoxville,THP,Unbelted,Distracted,-,-,-,-,-,-,-,-,-,-,-,Loudon,Not in City Limit,3
58336,400166907,1,0,36.34633,-88.23489,8,2024-10-12 11:16:00,2024,10,12,11,16,Saturday,11:16,Fatal,Daylight,Clear,Mail Box,None,THP District 8 - Jackson,THP,Unbelted,-,-,-,-,-,-,-,-,-,-,-,-,Henry,Not in City Limit,7
58348,400166965,0,1,36.03286,-83.77741,1,2024-10-23 15:14:00,2024,10,23,15,14,Wednesday,15:14,Suspected Serious Injury,Daylight,Clear,Ditch,None,KNOX CO SHERIFFS OFFICE,Other,Unbelted,-,-,-,-,-,-,-,-,-,-,-,-,Knox,Not in City Limit,4
58355,400166990,0,1,36.199,-84.30318,1,2024-10-23 15:46:00,2024,10,23,15,46,Wednesday,15:46,Suspected Serious Injury,Daylight,Clear,Motor Vehicle-In-Transport On Same Roadway,None,THP District 1 - Knoxville,THP,Unbelted,-,-,-,-,-,-,-,-,-,-,Motorcyclist,-,Anderson,Not in City Limit,4
58359,400167002,0,6,35.24976,-87.04323,7,2024-10-20 20:23:00,2024,10,20,20,23,Sunday,20:23,Suspected Serious Injury,Dark-Not Lighted,Clear,Fence,None,THP District 7 - Lawrenceburg,THP,Unbelted,-,-,-,-,-,-,Pedestrian,-,-,-,-,-,Giles,Not in City Limit,1
58382,400167081,0,1,36.2371,-83.20328,5,2024-10-23 18:29:00,2024,10,23,18,29,Wednesday,18:29,Suspected Serious Injury,Dark-Not Lighted,Clear,Motor Vehicle-In-Transport On Same Roadway,None,HAMBLEN CO SHERIFFS DEPT,Other,Unbelted,-,-,-,-,Speeding,-,-,-,-,-,Motorcyclist,-,Hamblen,Not in City Limit,4
58385,400167089,0,1,35.01466,-85.28144,2,2024-10-23 18:22:00,2024,10,23,18,22,Wednesday,18:22,Suspected Serious Injury,Daylight,Clear,Pedestrian,None,CHATTANOOGA POLICE DEPT,Other,Unbelted,-,-,-,-,-,Pedalcyclist,-,-,-,-,-,-,Hamilton,Chattanooga,4
58388,400167097,0,3,36.20554,-86.54237,3,2024-10-23 20:13:00,2024,10,23,20,13,Wednesday,20:13,Suspected Serious Injury,Dark-Not Lighted,Clear,Ditch,None,MOUNT JULIET POLICE DEPT,Other,-,-,-,-,-,-,-,-,-,-,-,-,-,Wilson,Mount Juliet,4
58391,400167104,0,2,36.30142,-85.63917,6,2024-10-21 15:22:00,2024,10,21,15,22,Monday,15:22,Suspected Serious Injury,Daylight,Clear,Motor Vehicle-In-Transport On Same Roadway,None,THP District 6 - Cookeville,THP,Unbelted,-,-,-,-,-,-,-,-,-,-,-,-,Jackson,Not in City Limit,2
58393,400167110,1,2,35.75571,-87.31719,7,2024-10-23 16:10:00,2024,10,23,16,10,Wednesday,16:10,Fatal,Daylight,Clear,Motor Vehicle-In-Transport On Same Roadway,None,THP District 7 - Lawrenceburg,THP,Unbelted,-,-,-,-,-,-,-,-,-,-,-,-,Hickman,Not in City Limit,4
58406,400167170,0,1,36.47865,-86.92364,3,2024-10-23 21:58:00,2024,10,23,21,58,Wednesday,21:58,Suspected Serious Injury,Dark-Not Lighted,Clear,Motor Vehicle-In-Transport On Same Roadway,None,THP District 3 - Nashville,THP,Unbelted,-,-,-,-,-,-,-,-,-,-,-,-,Robertson,Not in City Limit,4
58407,400167174,0,1,36.04623,-83.42273,5,2024-10-23 23:23:00,2024,10,23,23,23,Wednesday,23:23,Suspected Serious Injury,Dark-Not Lighted,Clear,Embankment Earth,None,THP District 5 - Fall Branch,THP,Unbelted,-,-,-,-,-,-,-,-,-,-,-,-,Jefferson,Not in City Limit,4
58418,400167240,0,1,35.53261,-86.51649,7,2024-10-19 15:21:00,2024,10,19,15,21,Saturday,15:21,Suspected Serious Injury,Daylight,Clear,Guard Rail End,None,THP District 7 - Lawrenceburg,THP,Unbelted,-,Drinking,Drug,-,-,-,-,-,-,-,-,-,Bedford,Not in City Limit,7
58426,400167288,0,1,35.11829,-85.38023,2,2024-10-23 11:50:00,2024,10,23,11,50,Wednesday,11:50,Suspected Serious Injury,Daylight,Clear,Mail Box,None,HAMILTON COUNTY SHERIFF'S OFFICE,Other,Unbelted,-,-,-,-,-,-,-,-,-,-,-,-,Hamilton,Not in City Limit,4
58427,400167299,0,2,35.01859,-85.27189,2,2024-10-24 09:16:00,2024,10,24,9,16,Thursday,09:16,Suspected Serious Injury,Daylight,Clear,Other Post/Pole Support,None,CHATTANOOGA POLICE DEPT,Other,Unbelted,-,-,-,-,-,-,-,-,-,-,-,-,Hamilton,Chattanooga,5
58434,400167344,0,1,35.12643,-85.86035,2,2024-10-24 06:53:00,2024,10,24,6,53,Thursday,06:53,Suspected Serious Injury,,Clear,Ditch,None,THP District 2 - Chattanooga,THP,Unbelted,-,-,-,Drowsy,-,-,-,-,-,-,-,-,Marion,Not in City Limit,5
58436,400167358,0,1,35.68941,-88.51842,8,2024-10-24 07:33:00,2024,10,24,7,33,Thursday,07:33,Suspected Serious Injury,Daylight,Clear,Motor Vehicle-In-Transport On Same Roadway,None,THP District 8 - Jackson,THP,Unbelted,-,-,-,-,-,-,-,-,-,-,-,-,Henderson,Not in City Limit,5
58441,400167375,1,0,35.01802,-86.51715,7,2024-10-22 07:42:00,2024,10,22,7,42,Tuesday,07:42,Fatal,Daylight,Clear,Motor Vehicle-In-Transport On Same Roadway,None,THP District 7 - Lawrenceburg,THP,Unbelted,-,-,-,-,-,-,-,-,-,ATV_Involved,Motorcyclist,-,Lincoln,Not in City Limit,3
58457,400167440,0,1,36.05566,-85.5075,6,2024-10-24 13:22:00,2024,10,24,13,22,Thursday,13:22,Suspected Serious Injury,Daylight,Clear,Bridge/Overhead Structure,None,THP District 6 - Cookeville,THP,-,-,-,-,-,-,-,-,-,-,-,Motorcyclist,-,White,Not in City Limit,5
58462,400167457,0,1,36.10405,-87.70885,3,2024-10-24 12:49:00,2024,10,24,12,49,Thursday,12:49,Suspected Serious Injury,Daylight,Clear,Motor Vehicle-In-Transport On Same Roadway,None,THP District 3 - Nashville,THP,Unbelted,-,-,-,-,-,-,-,-,-,-,Motorcyclist,-,Humphreys,Not in City Limit,5
58484,400167594,0,1,35.73343,-86.32928,3,2024-10-24 15:33:00,2024,10,24,15,33,Thursday,15:33,Suspected Serious Injury,Daylight,Clear,Motor Vehicle-In-Transport On Same Roadway,None,RUTHERFORD CO SHERIFFS DEPT,Other,Unbelted,-,-,-,-,Speeding,-,-,-,-,-,Motorcyclist,-,Rutherford,Not in City Limit,5
58504,400167725,0,1,35.77267,-83.98975,1,2024-10-24 17:10:00,2024,10,24,17,10,Thursday,17:10,Suspected Serious Injury,Daylight,Clear,Motor Vehicle-In-Transport On Same Roadway,None,ALCOA POLICE DEPARTMENT,Other,Unbelted,-,-,-,-,-,-,-,-,-,-,Motorcyclist,-,Blount,Alcoa,5
58505,400167726,0,2,36.09377,-86.73646,3,2024-10-24 19:33:00,2024,10,24,19,33,Thursday,19:33,Suspected Serious Injury,Dark-Lighted,Clear,Pedestrian,None,METROPOLITAN NASHVILLE POLICE DEPT,Other,Unbelted,-,-,-,-,-,-,Pedestrian,-,-,-,-,-,Davidson,Nashville,5
58514,400167767,0,1,35.46819,-84.78014,2,2024-10-24 23:17:00,2024,10,24,23,17,Thursday,23:17,Suspected Serious Injury,Dark-Not Lighted,Clear,Standing Tree,None,THP District 2 - Chattanooga,THP,Unbelted,-,-,-,-,Speeding,-,-,-,-,-,-,-,Meigs,Not in City Limit,5
58519,400167783,0,1,36.16822,-86.76056,3,2024-10-24 21:27:00,2024,10,24,21,27,Thursday,21:27,Suspected Serious Injury,Dark-Lighted,Clear,Pedestrian,None,METROPOLITAN NASHVILLE POLICE DEPT,Other,Unbelted,-,-,-,-,-,-,Pedestrian,-,-,-,-,-,Davidson,Nashville,5
58523,400167791,1,1,35.73458,-83.98741,1,2024-10-24 22:21:00,2024,10,24,22,21,Thursday,22:21,Fatal,Dark-Lighted,Clear,Motor Vehicle-In-Transport On Same Roadway,None,MARYVILLE POLICE DEPT,Other,Unbelted,-,-,-,-,-,-,-,-,-,-,Motorcyclist,-,Blount,Maryville,5
58524,400167799,1,0,35.75657,-83.91714,1,2024-10-24 23:45:00,2024,10,24,23,45,Thursday,23:45,Fatal,Dark-Not Lighted,Clear,Pedestrian,None,MARYVILLE POLICE DEPT,Other,Unbelted,-,-,-,-,-,-,Pedestrian,-,-,-,-,-,Blount,Maryville,5
58526,400167807,1,1,35.58914,-87.04091,7,2024-10-24 22:29:00,2024,10,24,22,29,Thursday,22:29,Fatal,Dark-Lighted,Clear,Motor Vehicle-In-Transport On Same Roadway,None,COLUMBIA POLICE DEPT,Other,Unbelted,-,Drinking,Drug,-,Speeding,-,-,-,-,-,-,-,Maury,Columbia,5
58546,400167944,1,0,35.19848,-86.30515,7,2024-10-24 10:10:00,2024,10,24,10,10,Thursday,10:10,Fatal,Daylight,Clear,Embankment Earth,None,THP District 7 - Lawrenceburg,THP,-,-,-,-,-,-,-,-,-,-,-,Motorcyclist,-,Moore,Lynchburg,5
58550,400167962,0,1,35.95742,-83.9093,1,2024-10-25 09:28:00,2024,10,25,9,28,Friday,09:28,Suspected Serious Injury,Daylight,Clear,Pedal-Cycle,None,KNOXVILLE POLICE DEPT,Other,Unbelted,-,-,-,-,-,Pedalcyclist,-,-,-,-,-,-,Knox,Knoxville,6
58552,400167970,0,2,35.02381,-85.22232,2,2024-10-25 10:53:00,2024,10,25,10,53,Friday,10:53,Suspected Serious Injury,Daylight,Clear,Motor Vehicle-In-Transport On Same Roadway,None,CHATTANOOGA POLICE DEPT,Other,Unbelted,-,-,-,-,-,-,-,-,-,-,-,-,Hamilton,Chattanooga,6
58559,400167994,0,2,36.04979,-83.99758,1,2024-10-25 11:11:00,2024,10,25,11,11,Friday,11:11,Suspected Serious Injury,Daylight,Clear,Motor Vehicle-In-Transport On Same Roadway,None,KNOXVILLE POLICE DEPT,Other,Unbelted,-,-,-,-,-,-,-,-,-,-,-,-,Knox,Knoxville,6
58567,400168036,0,2,35.53386,-84.30618,1,2024-10-24 13:15:00,2024,10,24,13,15,Thursday,13:15,Suspected Serious Injury,Daylight,Clear,Motor Vehicle-In-Transport On Same Roadway,None,THP District 1 - Knoxville,THP,Unbelted,-,-,Drug,-,-,-,-,-,-,-,-,-,Monroe,Not in City Limit,5
58572,400168069,0,1,36.10445,-86.94651,3,2024-10-25 10:32:00,2024,10,25,10,32,Friday,10:32,Suspected Serious Injury,Daylight,Clear,Guard Rail Face,None,METROPOLITAN NASHVILLE POLICE DEPT,Other,Unbelted,-,-,-,-,-,-,-,-,-,-,-,-,Davidson,Nashville,6
58575,400168079,0,1,35.14323,-87.7522,7,2024-10-23 23:10:00,2024,10,23,23,10,Wednesday,23:10,Suspected Serious Injury,Dark-Not Lighted,Clear,Standing Tree,None,THP District 7 - Lawrenceburg,THP,Unbelted,-,Drinking,Drug,-,-,-,-,-,-,-,-,-,Wayne,Not in City Limit,4
58578,400168087,0,3,35.90186,-83.22592,5,2024-10-23 16:37:00,2024,10,23,16,37,Wednesday,16:37,Suspected Serious Injury,Daylight,Clear,Motor Vehicle-In-Transport On Same Roadway,None,THP District 5 - Fall Branch,THP,Unbelted,-,-,-,-,-,-,-,-,-,-,-,-,Cocke,Not in City Limit,4
58581,400168102,0,1,35.27323,-87.31805,7,2024-10-25 12:53:00,2024,10,25,12,53,Friday,12:53,Suspected Serious Injury,Daylight,Clear,Motor Vehicle-In-Transport On Same Roadway,None,LAWRENCEBURG POLICE DEPT,Other,Unbelted,-,-,-,-,-,-,-,-,-,-,-,-,Lawrence,Lawrenceburg,6
58582,400168105,0,1,36.02612,-86.54925,3,2024-10-25 10:45:00,2024,10,25,10,45,Friday,10:45,Suspected Serious Injury,Daylight,Clear,Ditch,None,LAVERGNE POLICE DEPT,Other,Unbelted,-,-,-,-,-,-,-,-,-,-,-,-,Rutherford,Lavergne,6
58584,400168114,0,1,35.75606,-86.34776,3,2024-10-25 15:46:00,2024,10,25,15,46,Friday,15:46,Suspected Serious Injury,Daylight,Clear,Standing Tree,None,THP District 3 - Nashville,THP,Unbelted,-,-,-,-,-,-,-,-,-,-,-,-,Rutherford,Not in City Limit,6
58604,400168251,0,1,35.63574,-87.01746,7,2024-10-25 17:34:00,2024,10,25,17,34,Friday,17:34,Suspected Serious Injury,Daylight,Clear,Pedal-Cycle,None,COLUMBIA POLICE DEPT,Other,Unbelted,-,-,-,-,-,Pedalcyclist,-,-,-,-,-,-,Maury,Columbia,6
58611,400168282,0,1,36.21511,-86.59696,3,2024-10-25 18:16:00,2024,10,25,18,16,Friday,18:16,Suspected Serious Injury,Dark-Lighted,Clear,Pedestrian,None,METROPOLITAN NASHVILLE POLICE DEPT,Other,Unbelted,-,-,-,-,-,-,Pedestrian,-,-,-,-,-,Davidson,Nashville,6
58613,400168289,0,1,36.22918,-86.54305,3,2024-10-25 18:22:00,2024,10,25,18,22,Friday,18:22,Suspected Serious Injury,Dark-Lighted,Clear,Motor Vehicle-In-Transport On Same Roadway,None,MOUNT JULIET POLICE DEPT,Other,Unbelted,-,-,-,-,-,-,-,-,-,-,Motorcyclist,-,Wilson,Not in City Limit,6
58621,400168320,0,1,36.12504,-86.75214,3,2024-10-25 18:56:00,2024,10,25,18,56,Friday,18:56,Suspected Serious Injury,Dark-Lighted,Clear,Motor Vehicle-In-Transport On Same Roadway,None,METROPOLITAN NASHVILLE POLICE DEPT,Other,Unbelted,-,-,-,-,-,-,-,-,-,-,Motorcyclist,-,Davidson,Nashville,6
58644,400168432,0,1,36.49732,-85.52733,6,2024-10-25 22:49:00,2024,10,25,22,49,Friday,22:49,Suspected Serious Injury,Dark-Not Lighted,Clear,Standing Tree,None,THP District 6 - Cookeville,THP,Unbelted,-,Drinking,-,-,Speeding,-,-,-,-,-,-,-,Clay,Not in City Limit,6
58661,400168493,1,0,35.10351,-87.41359,7,2024-10-26 02:20:00,2024,10,26,2,20,Saturday,02:20,Fatal,Dark-Lighted,Clear,Pedestrian,None,THP District 7 - Lawrenceburg,THP,Unbelted,-,Drinking,Drug,-,-,-,Pedestrian,-,-,-,-,-,Lawrence,Loretto,7
58664,400168503,0,3,36.07718,-87.0301,3,2024-10-23 13:51:00,2024,10,23,13,51,Wednesday,13:51,Suspected Serious Injury,Daylight,Clear,Motor Vehicle-In-Transport On Same Roadway,None,THP District 3 - Nashville,THP,Unbelted,-,-,-,-,-,-,-,-,-,-,-,-,Davidson,Nashville,4
58666,400168509,2,0,35.715,-85.843,6,2024-10-24 06:02:00,2024,10,24,6,2,Thursday,06:02,Fatal,Dark-Not Lighted,Clear,Motor Vehicle-In-Transport On Same Roadway,None,THP District 6 - Cookeville,THP,Unbelted,Distracted,-,-,-,Speeding,-,-,-,-,-,-,-,Warren,Not in City Limit,5
58667,400168512,0,2,35.76372,-89.52141,4,2024-10-22 11:43:00,2024,10,22,11,43,Tuesday,11:43,Suspected Serious Injury,Daylight,Clear,Embankment Earth,None,RIPLEY POLICE DEPT,Other,Unbelted,-,-,-,-,-,-,-,-,-,-,-,-,Lauderdale,Ripley,3
58672,400168526,1,1,35.81451,-84.29768,1,2024-10-24 10:29:00,2024,10,24,10,29,Thursday,10:29,Fatal,Daylight,Clear,Motor Vehicle-In-Transport On Same Roadway,None,THP District 1 - Knoxville,THP,Unbelted,-,-,Drug,-,-,-,-,-,-,-,-,-,Loudon,Not in City Limit,5
58676,400168540,0,1,36.19121,-85.07555,6,2024-10-25 15:20:00,2024,10,25,15,20,Friday,15:20,Suspected Serious Injury,Daylight,Clear,Utility Pole,None,THP District 6 - Cookeville,THP,-,-,-,-,-,-,-,-,-,-,-,Motorcyclist,-,Fentress,Not in City Limit,6
58678,400168547,1,0,36.06165,-84.22737,1,2024-10-25 12:35:00,2024,10,25,12,35,Friday,12:35,Fatal,Daylight,Clear,Motor Vehicle-In-Transport On Same Roadway,None,THP District 1 - Knoxville,THP,Unbelted,-,-,Drug,-,-,-,-,-,-,ATV_Involved,-,-,Anderson,Not in City Limit,6
58679,400168550,0,1,35.95899,-83.19263,5,2024-10-25 15:10:00,2024,10,25,15,10,Friday,15:10,Suspected Serious Injury,Daylight,Clear,Embankment Earth,None,NEWPORT POLICE DEPT,Other,Unbelted,-,-,-,-,Speeding,-,-,-,-,-,-,-,Cocke,Newport,6
58685,400168587,0,1,35.94882,-84.01673,1,2024-10-25 21:01:00,2024,10,25,21,1,Friday,21:01,Suspected Serious Injury,Dark-Lighted,Clear,Motor Vehicle-In-Transport On Same Roadway,None,KNOXVILLE POLICE DEPT,Other,Unbelted,-,Drinking,-,-,Speeding,-,-,-,-,-,-,-,Knox,Knoxville,6
58727,400168781,0,5,35.857,-84.744,6,2024-10-26 15:30:00,2024,10,26,15,30,Saturday,15:30,Suspected Serious Injury,Daylight,Cloudy,"Over Turn, Roll Over",None,THP District 6 - Cookeville,THP,Unbelted,-,-,-,-,-,-,-,-,-,-,-,-,Cumberland,Not in City Limit,7