OBJECTID,MRN,Fatality,Injury,Latitude,Longitude,THP_District,Collision_Date,Collision_Year,Collision_Month,Collision_Day,Collision_Hour,Collision_Min,Collision_DOW,Collision_Time,Crash_Type,Light_Condition,Weather,First_Harmfu_Event,Work_Zone_Type,Agency_Name,THP,Unbelted,Distracted_Driver,Driver_Drinking,Driver_Drugged,Drowsy_Driver,Speeding_Involved,Pedalcyclist,Pedestrian,Other_Nonmotorist,ATV_Involved,LargeTruck_Involved,Motorcycle_Involved,SchoolBus,County,City,DOW_Nmb
58732,400168802,0,2,35.87171,-84.01972,1,2024-10-26 19:50:00,2024,10,26,19,50,Saturday,19:50,Suspected Serious Injury,Dark-Not Lighted,Rain,Motor Vehicle-In-Transport On Same Roadway,None,BLOUNT CO SHERIFFS DEPT,Other,Unbelted,-,-,-,-,-,-,Pedestrian,-,-,-,-,-,Blount,Not in City Limit,7
58740,400168828,0,3,35.71468,-88.58906,8,2024-10-26 15:30:00,2024,10,26,15,30,Saturday,15:30,Suspected Serious Injury,Daylight,Clear,"Over Turn, Roll Over",None,THP District 8 - Jackson,THP,-,-,-,-,-,-,-,-,-,ATV_Involved,-,-,-,Henderson,Not in City Limit,7
58741,400168830,0,2,35.45657,-86.50586,7,2024-10-25 22:46:00,2024,10,25,22,46,Friday,22:46,Suspected Serious Injury,Dark-Not Lighted,Clear,Embankment Earth,None,THP District 7 - Lawrenceburg,THP,Unbelted,-,-,-,-,-,-,-,-,-,-,-,-,Bedford,Not in City Limit,6
58761,400168907,0,1,36.06785,-82.51962,5,2024-10-26 18:01:00,2024,10,26,18,1,Saturday,18:01,Suspected Serious Injury,Dusk,Rain,Ditch,None,THP District 5 - Fall Branch,THP,-,-,Drinking,-,-,-,-,-,-,-,-,Motorcyclist,-,Unicoi,Not in City Limit,7
58765,400168930,0,2,35.18652,-86.06881,2,2024-10-26 23:39:00,2024,10,26,23,39,Saturday,23:39,Suspected Serious Injury,Dark-Not Lighted,Clear,Motor Vehicle-In-Transport On Same Roadway,None,WINCHESTER POLICE DEPT,Other,Unbelted,-,-,-,-,-,-,-,-,-,-,-,-,Franklin,Winchester,7
58771,400168965,0,2,36.26216,-86.73425,3,2024-10-27 02:59:00,2024,10,27,2,59,Sunday,02:59,Suspected Serious Injury,Dark-Not Lighted,Clear,Standing Tree,None,METROPOLITAN NASHVILLE POLICE DEPT,Other,Unbelted,-,Drinking,-,-,-,-,-,-,-,-,-,-,Davidson,Nashville,1
58772,400168972,0,1,35.92907,-86.84683,3,2024-10-27 03:00:00,2024,10,27,3,0,Sunday,03:00,Suspected Serious Injury,Dark-Not Lighted,Clear,Motor Vehicle-In-Transport On Same Roadway,None,FRANKLIN POLICE DEPT,Other,Unbelted,-,-,-,-,-,-,-,-,-,-,-,-,Williamson,Franklin,1
58775,400168980,0,1,35.73517,-88.85814,8,2024-10-27 04:28:00,2024,10,27,4,28,Sunday,04:28,Suspected Serious Injury,Dark-Not Lighted,Clear,Utility Pole,None,JACKSON POLICE DEPT,Other,Unbelted,-,Drinking,Drug,-,-,-,-,-,-,-,-,-,Madison,Jackson,1
58779,400169006,0,1,35.03683,-85.18432,2,2024-10-21 16:48:00,2024,10,21,16,48,Monday,16:48,Suspected Serious Injury,Daylight,Clear,Motor Vehicle-In-Transport On Same Roadway,None,THP District 2 - Chattanooga,THP,Unbelted,-,-,-,-,-,-,-,-,-,ATV_Involved,-,-,Hamilton,Chattanooga,2
58785,400169043,0,2,35.08635,-85.19164,2,2024-10-27 09:46:00,2024,10,27,9,46,Sunday,09:46,Suspected Serious Injury,Daylight,Clear,Motor Vehicle-In-Transport On Same Roadway,None,CHATTANOOGA POLICE DEPT,Other,Unbelted,-,-,-,-,-,-,-,-,-,-,-,-,Hamilton,Chattanooga,1
58789,400169057,0,1,36.18227,-86.60798,3,2024-10-27 09:31:00,2024,10,27,9,31,Sunday,09:31,Suspected Serious Injury,Daylight,Clear,Motor Vehicle-In-Transport On Same Roadway,None,METROPOLITAN NASHVILLE POLICE DEPT,Other,Unbelted,-,-,-,-,-,-,-,-,-,-,-,-,Davidson,Nashville,1
58794,400169082,0,1,35.35419,-84.74576,2,2024-10-27 07:17:00,2024,10,27,7,17,Sunday,07:17,Suspected Serious Injury,Dark-Not Lighted,Clear,"Over Turn, Roll Over",None,THP District 2 - Chattanooga,THP,Unbelted,-,-,-,-,-,-,-,-,-,-,-,-,McMinn,Not in City Limit,1
58796,400169090,0,2,35.91282,-83.82087,1,2024-10-27 11:58:00,2024,10,27,11,58,Sunday,11:58,Suspected Serious Injury,Daylight,Clear,Ditch,None,THP District 1 - Knoxville,THP,Unbelted,-,-,-,-,-,-,-,-,-,-,-,-,Knox,Not in City Limit,1
58807,400169146,1,0,35.78801,-83.54834,1,2024-10-26 20:07:00,2024,10,26,20,7,Saturday,20:07,Fatal,Dark-Not Lighted,Clear,Pedestrian,None,PIGEON FORGE POLICE DEPT,Other,Unbelted,-,-,-,-,-,-,Pedestrian,-,-,-,-,-,Sevier,Pigeon Forge,7
58808,400169151,0,1,36.3159,-84.20538,1,2024-10-21 17:13:00,2024,10,21,17,13,Monday,17:13,Suspected Serious Injury,,Clear,Other Non-Collision,None,CARYVILLE POLICE DEPT,Other,-,-,-,-,-,-,-,-,-,-,-,Motorcyclist,-,Campbell,Caryville,2
58814,400169173,0,2,36.47783,-82.90657,5,2024-10-27 15:50:00,2024,10,27,15,50,Sunday,15:50,Suspected Serious Injury,Daylight,Cloudy,Mail Box,None,THP District 5 - Fall Branch,THP,Unbelted,-,-,-,-,-,-,-,-,-,-,-,-,Hawkins,Not in City Limit,1
58815,400169174,3,2,35.6135,-88.70518,8,2024-10-26 16:43:00,2024,10,26,16,43,Saturday,16:43,Fatal,Daylight,Clear,Motor Vehicle-In-Transport On Same Roadway,None,THP District 8 - Jackson,THP,Unbelted,-,-,Drug,-,-,-,-,-,-,-,-,-,Madison,Not in City Limit,7
58816,400169176,1,0,35.99566,-88.43756,8,2024-10-26 21:00:00,2024,10,26,21,0,Saturday,21:00,Fatal,Dark-Lighted,Clear,Pedestrian,None,THP District 8 - Jackson,THP,Unbelted,-,-,-,-,-,-,Pedestrian,-,-,-,-,-,Carroll,Huntingdon,7
58823,400169197,1,1,35.71714,-89.57917,4,2024-10-26 02:04:00,2024,10,26,2,4,Saturday,02:04,Fatal,Dark-Lighted,Clear,Standing Tree,None,THP District 4 - Memphis,THP,Unbelted,-,-,-,-,Speeding,-,Pedestrian,-,-,-,-,-,Lauderdale,Not in City Limit,7
58826,400169201,1,3,36.03517,-83.88842,1,2024-10-27 17:03:00,2024,10,27,17,3,Sunday,17:03,Fatal,Daylight,Clear,Motor Vehicle-In-Transport On Same Roadway,None,KNOXVILLE POLICE DEPT,Other,Unbelted,-,-,Drug,-,-,-,-,-,-,-,Motorcyclist,-,Knox,Knoxville,1
58833,400169256,0,3,36.14775,-86.74445,3,2024-10-27 14:26:00,2024,10,27,14,26,Sunday,14:26,Suspected Serious Injury,Daylight,Clear,Motor Vehicle-In-Transport On Same Roadway,None,METROPOLITAN NASHVILLE POLICE DEPT,Other,Unbelted,-,-,-,-,-,-,-,-,-,-,-,-,Davidson,Nashville,1
58835,400169271,0,1,36.13847,-85.5019,6,2024-10-26 21:46:00,2024,10,26,21,46,Saturday,21:46,Suspected Serious Injury,Dark-Lighted,Clear,Pedestrian,None,COOKEVILLE POLICE DEPT,Other,Unbelted,-,-,-,-,-,-,Pedestrian,-,-,-,-,-,Putnam,Cookeville,7
58839,400169290,0,1,36.12392,-87.23439,3,2024-10-27 17:08:00,2024,10,27,17,8,Sunday,17:08,Suspected Serious Injury,Daylight,Clear,Pedestrian,None,THP District 3 - Nashville,THP,Unbelted,-,-,-,-,-,-,-,-,-,-,-,-,Dickson,Not in City Limit,1
58849,400169329,0,1,36.59047,-87.83356,3,2024-10-27 20:06:00,2024,10,27,20,6,Sunday,20:06,Suspected Serious Injury,Dark-Not Lighted,Clear,Standing Tree,None,THP District 3 - Nashville,THP,Unbelted,-,-,-,-,Speeding,-,-,-,-,-,-,-,Stewart,Not in City Limit,1
58852,400169348,0,1,36.18564,-86.74755,3,2024-10-27 17:54:00,2024,10,27,17,54,Sunday,17:54,Suspected Serious Injury,Daylight,Clear,Motor Vehicle-In-Transport On Same Roadway,None,METROPOLITAN NASHVILLE POLICE DEPT,Other,Unbelted,-,-,-,-,-,-,-,-,-,-,Motorcyclist,-,Davidson,Nashville,1
58853,400169355,0,1,35.43085,-88.25935,8,2024-10-27 01:09:00,2024,10,27,1,9,Sunday,01:09,Suspected Serious Injury,Dark-Not Lighted,Clear,Standing Tree,None,THP District 8 - Jackson,THP,Unbelted,-,-,-,-,Speeding,-,-,-,-,-,-,-,Henderson,Not in City Limit,1
58859,400169377,0,1,35.97783,-83.90996,1,2024-10-21 16:56:00,2024,10,21,16,56,Monday,16:56,Suspected Serious Injury,Daylight,Clear,Pedestrian,None,KNOXVILLE POLICE DEPT,Other,Unbelted,-,-,-,-,-,Pedalcyclist,-,-,-,-,-,Direct,Knox,Knoxville,2
58864,400169395,0,1,36.16361,-84.08618,1,2024-10-22 18:27:00,2024,10,22,18,27,Tuesday,18:27,Suspected Serious Injury,Daylight,Clear,Motor Vehicle-In-Transport On Same Roadway,None,CLINTON POLICE DEPT,Other,Unbelted,-,-,-,-,-,-,-,-,-,-,-,-,Anderson,Clinton,3
58867,400169412,0,1,35.95571,-88.70128,8,2024-10-27 02:25:00,2024,10,27,2,25,Sunday,02:25,Suspected Serious Injury,Dark-Not Lighted,Clear,"Over Turn, Roll Over",None,THP District 8 - Jackson,THP,Unbelted,-,-,-,-,-,-,-,-,-,-,-,-,Gibson,Not in City Limit,1
58871,400169438,0,2,35.30227,-89.11614,4,2024-10-28 04:50:00,2024,10,28,4,50,Monday,04:50,Suspected Serious Injury,Dark-Not Lighted,Clear,"Over Turn, Roll Over",None,THP District 4 - Memphis,THP,Unbelted,-,Drinking,-,-,-,-,-,-,-,-,-,-,Hardeman,Whiteville,2
58875,400169449,0,1,36.18227,-86.60798,3,2024-10-28 05:50:00,2024,10,28,5,50,Monday,05:50,Suspected Serious Injury,Dark-Lighted,Fog,Pedal-Cycle,None,METROPOLITAN NASHVILLE POLICE DEPT,Other,Unbelted,-,-,-,-,-,Pedalcyclist,-,-,-,-,-,-,Davidson,Nashville,2
58877,400169456,0,2,36.47391,-82.87101,5,2024-10-28 07:49:00,2024,10,28,7,49,Monday,07:49,Suspected Serious Injury,Daylight,Cloudy,Motor Vehicle-In-Transport On Same Roadway,None,THP District 5 - Fall Branch,THP,Unbelted,-,-,-,-,-,-,-,-,-,-,-,-,Hawkins,Surgoinsville,2
58880,400169461,0,2,36.01235,-86.54685,3,2024-10-28 00:00:00,2024,10,28,24,0,Monday,24:00,Suspected Serious Injury,Dark-Lighted,Fog,Motor Vehicle-In-Transport On Same Roadway,None,LAVERGNE POLICE DEPT,Other,Unbelted,Distracted,-,-,-,-,-,-,-,-,-,-,-,Rutherford,Lavergne,2
58881,400169481,0,2,36.1486,-85.05263,6,2024-10-24 00:00:00,2024,10,24,24,0,Thursday,24:00,Suspected Serious Injury,Daylight,Clear,Motor Vehicle-In-Transport On Same Roadway,None,CUMBERLAND CO SHERIFFS OFFICE,Other,Unbelted,-,-,-,-,-,-,-,-,-,-,-,-,Cumberland,Not in City Limit,5
58891,400169547,0,1,35.61931,-88.8132,8,2024-10-28 11:06:00,2024,10,28,11,6,Monday,11:06,Suspected Serious Injury,Daylight,Clear,Unknown,None,JACKSON POLICE DEPT,Other,Unbelted,-,-,-,-,-,-,-,-,-,-,-,-,Madison,Jackson,2
58928,400169772,0,3,35.59578,-88.36668,8,2024-10-27 02:29:00,2024,10,27,2,29,Sunday,02:29,Suspected Serious Injury,Dark-Not Lighted,Clear,Embankment Earth,None,THP District 8 - Jackson,THP,Unbelted,-,Drinking,Drug,-,-,-,-,-,-,-,-,-,Henderson,Not in City Limit,1
58929,400169774,0,2,35.97869,-86.57477,3,2024-10-27 03:20:00,2024,10,27,3,20,Sunday,03:20,Suspected Serious Injury,Dark-Not Lighted,Clear,Motor Vehicle-In-Transport On Same Roadway,None,RUTHERFORD CO SHERIFFS DEPT,Other,Unbelted,-,Drinking,Drug,-,-,-,-,-,-,-,-,-,Rutherford,Smyrna,1
58934,400169789,1,0,35.94107,-83.91097,1,2024-10-28 17:39:00,2024,10,28,17,39,Monday,17:39,Fatal,Dusk,Clear,Utility Pole,None,KNOXVILLE POLICE DEPT,Other,-,-,-,-,-,-,-,-,-,-,-,Motorcyclist,-,Knox,Knoxville,2
58937,400169802,0,2,35.88046,-84.06494,1,2024-10-23 15:49:00,2024,10,23,15,49,Wednesday,15:49,Suspected Serious Injury,Daylight,Clear,Standing Tree,None,KNOX CO SHERIFFS OFFICE,Other,Unbelted,-,-,-,-,Speeding,-,-,-,-,-,-,-,Knox,Not in City Limit,4
58938,400169803,0,1,35.541,-84.57409,2,2024-10-28 16:20:00,2024,10,28,16,20,Monday,16:20,Suspected Serious Injury,Daylight,Clear,Bridge/Pier Abutment,None,THP District 2 - Chattanooga,THP,Unbelted,-,-,-,-,-,-,-,-,-,-,-,-,McMinn,Not in City Limit,2
58943,400169840,0,2,36.32796,-86.6531,3,2024-10-28 20:19:00,2024,10,28,20,19,Monday,20:19,Suspected Serious Injury,Dark-Lighted,Clear,"Over Turn, Roll Over",None,SUMNER CO SHERIFFS OFFICE,Other,-,Distracted,-,-,-,Speeding,-,-,-,-,-,-,-,Sumner,Hendersonville,2
58956,400169886,0,1,35.94232,-85.11437,6,2024-10-28 22:55:00,2024,10,28,22,55,Monday,22:55,Suspected Serious Injury,Dark-Not Lighted,Clear,Standing Tree,None,THP District 6 - Cookeville,THP,Unbelted,-,-,-,-,Speeding,-,-,-,-,-,-,-,Cumberland,Not in City Limit,2
58958,400169896,0,2,35.93449,-83.90576,1,2024-10-28 20:14:00,2024,10,28,20,14,Monday,20:14,Suspected Serious Injury,Dark-Lighted,Clear,Motor Vehicle-In-Transport On Same Roadway,None,KNOXVILLE POLICE DEPT,Other,Unbelted,-,Drinking,-,-,-,-,-,-,-,-,-,-,Knox,Knoxville,2
58959,400169899,0,1,35.93982,-83.9095,1,2024-10-28 20:41:00,2024,10,28,20,41,Monday,20:41,Suspected Serious Injury,Dark-Lighted,Clear,Other Post/Pole Support,None,KNOXVILLE POLICE DEPT,Other,Unbelted,-,Drinking,-,-,-,-,-,-,-,-,-,-,Knox,Knoxville,2
58960,400169908,0,1,36.01299,-83.86735,1,2024-10-29 04:28:00,2024,10,29,4,28,Tuesday,04:28,Suspected Serious Injury,Dark-Lighted,Fog,Motor Vehicle-In-Transport On Same Roadway,None,KNOXVILLE POLICE DEPT,Other,Unbelted,-,-,-,-,-,-,-,-,-,ATV_Involved,-,-,Knox,Knoxville,3
58971,400170011,0,1,35.4953,-86.15061,2,2024-10-29 07:30:00,2024,10,29,7,30,Tuesday,07:30,Suspected Serious Injury,Daylight,Clear,"Over Turn, Roll Over",None,THP District 2 - Chattanooga,THP,Unbelted,-,-,-,-,-,-,-,-,-,-,-,-,Coffee,Not in City Limit,3
58982,400170057,0,1,35.76909,-84.35943,1,2024-10-29 07:24:00,2024,10,29,7,24,Tuesday,07:24,Suspected Serious Injury,Dark-Not Lighted,Fog,Motor Vehicle-In-Transport On Same Roadway,Construction Zone,THP District 1 - Knoxville,THP,Unbelted,-,-,-,-,-,-,-,-,-,-,-,-,Loudon,Not in City Limit,3
59001,400170165,0,6,36.16699,-86.61131,3,2024-10-26 19:58:00,2024,10,26,19,58,Saturday,19:58,Suspected Serious Injury,Dark-Lighted,Clear,Motor Vehicle-In-Transport On Same Roadway,None,METROPOLITAN NASHVILLE POLICE DEPT,Other,Unbelted,-,-,-,-,-,-,-,-,-,-,-,-,Davidson,Nashville,7
59008,400170229,0,1,35.6276,-86.11034,2,2024-10-29 15:09:00,2024,10,29,15,9,Tuesday,15:09,Suspected Serious Injury,Daylight,Clear,Ditch,None,THP District 2 - Chattanooga,THP,Unbelted,-,-,-,-,-,-,-,-,-,-,-,-,Coffee,Not in City Limit,3
59017,400170288,0,4,36.1028,-87.67047,3,2024-10-29 15:16:00,2024,10,29,15,16,Tuesday,15:16,Suspected Serious Injury,Daylight,Clear,Motor Vehicle-In-Transport On Same Roadway,None,THP District 3 - Nashville,THP,Unbelted,Distracted,-,-,-,-,-,-,-,-,-,-,-,Humphreys,Not in City Limit,3
59019,400170291,0,1,35.45347,-84.66193,2,2024-10-26 21:18:00,2024,10,26,21,18,Saturday,21:18,Suspected Serious Injury,Dark-Not Lighted,Clear,Parked Motor Vehicle,None,THP District 2 - Chattanooga,THP,Unbelted,-,-,-,-,-,-,Pedestrian,-,-,ATV_Involved,-,-,McMinn,Not in City Limit,7
59025,400170332,0,1,35.919,-85.04871,6,2024-10-29 18:29:00,2024,10,29,18,29,Tuesday,18:29,Suspected Serious Injury,Dark-Lighted,Clear,Motor Vehicle-In-Transport On Same Roadway,None,CROSSVILLE POLICE DEPT,Other,Unbelted,-,-,-,-,-,-,-,-,-,-,-,-,Cumberland,Crossville,3
59038,400170386,0,3,35.97316,-83.98855,1,2024-10-28 17:00:00,2024,10,28,17,0,Monday,17:00,Suspected Serious Injury,Dusk,Clear,Motor Vehicle-In-Transport On Same Roadway,None,KNOXVILLE POLICE DEPT,Other,Unbelted,-,-,-,-,-,-,-,-,-,-,-,-,Knox,Knoxville,2
59039,400170389,0,2,36.05995,-86.6139,3,2024-10-29 15:24:00,2024,10,29,15,24,Tuesday,15:24,Suspected Serious Injury,Daylight,Clear,Motor Vehicle-In-Transport On Same Roadway,None,METROPOLITAN NASHVILLE POLICE DEPT,Other,Unbelted,Distracted,-,-,-,-,-,-,-,-,-,-,-,Davidson,Nashville,3
59041,400170392,2,0,36.17692,-82.79474,5,2024-10-29 17:50:00,2024,10,29,17,50,Tuesday,17:50,Fatal,Daylight,Clear,Motor Vehicle-In-Transport On Same Roadway,None,THP District 5 - Fall Branch,THP,Unbelted,-,-,-,-,-,-,-,-,-,-,Motorcyclist,-,Greene,Greeneville,3
59102,400170686,0,3,36.17581,-82.29063,5,2024-10-30 10:23:00,2024,10,30,10,23,Wednesday,10:23,Suspected Serious Injury,Daylight,Clear,Motor Vehicle-In-Transport On Same Roadway,None,THP District 5 - Fall Branch,THP,Unbelted,-,-,-,-,-,-,-,-,-,-,-,-,Unicoi,Not in City Limit,4
59106,400170699,0,1,36.2722,-84.19996,1,2024-10-26 14:36:00,2024,10,26,14,36,Saturday,14:36,Suspected Serious Injury,Daylight,Rain,Ditch,None,THP District 1 - Knoxville,THP,Unbelted,-,-,-,-,-,-,-,-,-,-,-,-,Campbell,Not in City Limit,7
59116,400170738,0,1,36.07404,-86.92335,3,2024-10-30 14:42:00,2024,10,30,14,42,Wednesday,14:42,Suspected Serious Injury,Daylight,Clear,Motor Vehicle-In-Transport On Same Roadway,None,METROPOLITAN NASHVILLE POLICE DEPT,Other,Unbelted,-,-,-,-,-,-,-,-,-,-,Motorcyclist,-,Davidson,Nashville,4
59117,400170747,0,1,35.00759,-85.2934,2,2024-10-30 16:20:00,2024,10,30,16,20,Wednesday,16:20,Suspected Serious Injury,Daylight,Cloudy,Motor Vehicle-In-Transport On Same Roadway,None,CHATTANOOGA POLICE DEPT,Other,Unbelted,-,-,-,-,-,-,-,-,-,-,-,-,Hamilton,Chattanooga,4
59119,400170750,0,1,36.491,-83.596,5,2024-10-30 16:25:00,2024,10,30,16,25,Wednesday,16:25,Suspected Serious Injury,Daylight,Clear,Pedestrian,None,THP District 5 - Fall Branch,THP,Unbelted,-,-,-,-,-,-,Pedestrian,-,-,-,-,-,Claiborne,Not in City Limit,4
59144,400170898,0,2,35.90325,-87.33709,7,2024-10-29 14:45:00,2024,10,29,14,45,Tuesday,14:45,Suspected Serious Injury,Daylight,Clear,Motor Vehicle-In-Transport On Same Roadway,None,THP District 7 - Lawrenceburg,THP,Unbelted,-,-,-,-,-,-,-,-,-,-,-,-,Hickman,Not in City Limit,3
59151,400170931,0,1,35.05552,-85.25924,2,2024-10-30 19:07:00,2024,10,30,19,7,Wednesday,19:07,Suspected Serious Injury,Daylight,Cloudy,Motor Vehicle-In-Transport On Same Roadway,None,CHATTANOOGA POLICE DEPT,Other,Unbelted,-,-,-,-,-,-,-,-,-,-,Motorcyclist,-,Hamilton,Chattanooga,4
59154,400170946,1,0,35.98447,-83.59737,1,2024-10-30 00:00:00,2024,10,30,24,0,Wednesday,24:00,Fatal,Dark-Lighted,Clear,Pedestrian,None,SEVIERVILLE POLICE DEPT,Other,-,-,-,-,-,-,-,Pedestrian,-,-,-,-,-,Sevier,Sevierville,4
59156,400170953,1,2,36.44215,-82.2985,5,2024-10-30 20:11:00,2024,10,30,20,11,Wednesday,20:11,Fatal,Dark-Not Lighted,Clear,Motor Vehicle-In-Transport On Same Roadway,None,THP District 5 - Fall Branch,THP,Unbelted,-,-,-,-,-,-,-,-,-,-,-,-,Sullivan,Bluff City,4
59161,400170990,0,1,35.96888,-83.97984,1,2024-10-31 00:00:00,2024,10,31,24,0,Thursday,24:00,Suspected Serious Injury,Dark-Not Lighted,Clear,Guard Rail Face,None,KNOXVILLE POLICE DEPT,Other,Unbelted,-,-,-,-,-,-,-,-,-,-,-,-,Knox,Knoxville,5
59171,400171048,1,1,35.83466,-85.79316,6,2024-10-30 09:10:00,2024,10,30,9,10,Wednesday,09:10,Fatal,Daylight,Clear,Motor Vehicle-In-Transport On Same Roadway,None,THP District 6 - Cookeville,THP,Unbelted,-,-,Drug,-,-,-,-,-,-,ATV_Involved,-,-,Warren,Not in City Limit,4
59176,400171072,0,1,36.03499,-84.10331,1,2024-10-29 17:02:00,2024,10,29,17,2,Tuesday,17:02,Suspected Serious Injury,Daylight,Clear,Motor Vehicle-In-Transport On Same Roadway,None,THP District 1 - Knoxville,THP,Unbelted,-,-,-,-,-,-,-,-,-,-,Motorcyclist,-,Anderson,Not in City Limit,3
59191,400171158,0,3,35.82708,-88.92435,8,2024-10-30 00:00:00,2024,10,30,24,0,Wednesday,24:00,Suspected Serious Injury,Daylight,Clear,Motor Vehicle-In-Transport On Same Roadway,None,HUMBOLDT POLICE DEPT,Other,Unbelted,Distracted,-,-,Drowsy,-,-,-,-,-,-,-,-,Gibson,Humboldt,4
59196,400171168,0,7,35.44831,-88.65938,8,2024-10-31 09:22:00,2024,10,31,9,22,Thursday,09:22,Suspected Serious Injury,Daylight,Cloudy,Motor Vehicle-In-Transport On Same Roadway,None,HENDERSON POLICE DEPT,Other,Unbelted,Distracted,-,-,-,-,-,-,-,-,-,-,-,Chester,Henderson,5
59198,400171173,0,1,35.89257,-84.54542,1,2024-10-31 06:12:00,2024,10,31,6,12,Thursday,06:12,Suspected Serious Injury,Dark-Lighted,Clear,Motor Vehicle-In-Transport On Same Roadway,None,HARRIMAN POLICE DEPT,Other,Unbelted,-,-,-,-,-,-,-,-,-,ATV_Involved,-,-,Roane,Harriman,5
59208,400171255,1,2,35.84511,-86.65274,3,2024-10-29 22:22:00,2024,10,29,22,22,Tuesday,22:22,Fatal,Dark-Not Lighted,Clear,"Over Turn, Roll Over",None,THP District 3 - Nashville,THP,Unbelted,-,Drinking,Drug,-,-,-,-,-,-,-,-,-,Williamson,Not in City Limit,3
59228,400171379,1,0,35.80247,-83.66154,1,2024-10-31 14:40:00,2024,10,31,14,40,Thursday,14:40,Fatal,Daylight,Clear,Standing Tree,None,THP District 1 - Knoxville,THP,-,-,-,Drug,-,-,-,-,-,-,-,-,-,Sevier,Not in City Limit,5
59229,400171382,0,2,35.87625,-84.14825,1,2024-10-29 22:31:00,2024,10,29,22,31,Tuesday,22:31,Suspected Serious Injury,Dark-Lighted,Clear,Motor Vehicle-In-Transport On Same Roadway,None,KNOX CO SHERIFFS OFFICE,Other,Unbelted,-,Drinking,-,-,-,-,-,-,-,-,-,-,Knox,Farragut,3
59233,400171389,0,1,36.08148,-85.22275,6,2024-10-30 15:15:00,2024,10,30,15,15,Wednesday,15:15,Suspected Serious Injury,Daylight,Clear,Culvert,None,THP District 6 - Cookeville,THP,Unbelted,-,-,-,-,-,-,-,-,-,-,-,-,Cumberland,Not in City Limit,4
59249,400171453,0,1,35.01182,-86.50218,7,2024-10-29 15:40:00,2024,10,29,15,40,Tuesday,15:40,Suspected Serious Injury,Daylight,Clear,Motor Vehicle-In-Transport On Same Roadway,None,THP District 7 - Lawrenceburg,THP,Unbelted,-,-,-,-,-,-,-,-,-,ATV_Involved,-,-,Lincoln,Not in City Limit,3
59259,400171528,0,5,35.52794,-89.25859,4,2024-10-31 11:40:00,2024,10,31,11,40,Thursday,11:40,Suspected Serious Injury,Daylight,Rain,Motor Vehicle-In-Transport On Same Roadway,None,THP District 4 - Memphis,THP,Unbelted,-,-,-,-,-,-,-,-,-,ATV_Involved,-,-,Haywood,Not in City Limit,5
59264,400171554,1,0,35.97519,-84.00318,1,2024-10-31 20:15:00,2024,10,31,20,15,Thursday,20:15,Fatal,Dark-Not Lighted,Clear,Motor Vehicle-In-Transport On Same Roadway,None,KNOXVILLE POLICE DEPT,Other,Unbelted,-,-,-,-,Speeding,-,-,-,-,-,Motorcyclist,-,Knox,Knoxville,5
59265,400171558,0,1,35.08852,-85.22235,2,2024-10-30 23:12:00,2024,10,30,23,12,Wednesday,23:12,Suspected Serious Injury,Dark-Not Lighted,Clear,"Over Turn, Roll Over",None,THP District 2 - Chattanooga,THP,Unbelted,-,-,Drug,-,Speeding,-,-,-,-,-,-,-,Hamilton,Chattanooga,4
59276,400171620,0,1,36.2823,-86.70744,3,2024-10-31 19:45:00,2024,10,31,19,45,Thursday,19:45,Suspected Serious Injury,Dark-Not Lighted,Rain,Pedestrian,None,METROPOLITAN NASHVILLE POLICE DEPT,Other,Unbelted,-,-,-,-,-,-,Pedestrian,-,-,-,-,-,Davidson,Nashville,5
59293,400171677,1,0,35.14963,-84.95305,2,2024-10-31 04:30:00,2024,10,31,4,30,Thursday,04:30,Fatal,Dark-Not Lighted,Clear,Pedestrian,None,THP District 2 - Chattanooga,THP,Unbelted,-,-,-,-,-,-,Pedestrian,-,-,ATV_Involved,-,-,Bradley,Cleveland,5
59295,400171684,0,2,36.59194,-82.4931,5,2024-10-31 22:59:00,2024,10,31,22,59,Thursday,22:59,Suspected Serious Injury,Dark-Not Lighted,Clear,Embankment Earth,None,SULLIVAN CO SHERIFFS DEPT,Other,Unbelted,-,-,-,-,-,-,-,-,-,-,-,-,Sullivan,Not in City Limit,5
59299,400171695,1,0,36.255,-83.084,5,2024-10-30 20:10:00,2024,10,30,20,10,Wednesday,20:10,Fatal,Dark-Not Lighted,Clear,Pedestrian,None,THP District 5 - Fall Branch,THP,Unbelted,-,-,-,-,-,-,Pedestrian,-,-,ATV_Involved,-,-,Hawkins,Bulls Gap,4
59314,400171755,0,1,35.86608,-85.91759,6,2024-10-31 06:10:00,2024,10,31,6,10,Thursday,06:10,Suspected Serious Injury,Dawn,Clear,Ditch,None,CANNON CO SHERIFFS DEPT,Other,Unbelted,-,-,-,-,-,-,-,-,-,-,-,-,Cannon,Not in City Limit,5
59319,400171783,1,1,35.50105,-88.83823,8,2024-10-31 17:06:00,2024,10,31,17,6,Thursday,17:06,Fatal,Daylight,Rain,Other Animal,None,THP District 8 - Jackson,THP,Unbelted,-,-,-,-,-,-,-,-,-,-,-,-,Madison,Not in City Limit,5