OBJECTID,MRN,Fatality,Injury,Latitude,Longitude,THP_District,Collision_Date,Collision_Year,Collision_Month,Collision_Day,Collision_Hour,Collision_Min,Collision_DOW,Collision_Time,Crash_Type,Light_Condition,Weather,First_Harmfu_Event,Work_Zone_Type,Agency_Name,THP,Unbelted,Distracted_Driver,Driver_Drinking,Driver_Drugged,Drowsy_Driver,Speeding_Involved,Pedalcyclist,Pedestrian,Other_Nonmotorist,ATV_Involved,LargeTruck_Involved,Motorcycle_Involved,SchoolBus,County,City,DOW_Nmb
59327,400171807,0,1,35.21125,-85.46073,2,2024-10-28 17:40:00,2024,10,28,17,40,Monday,17:40,Suspected Serious Injury,Daylight,Clear,Utility Pole,None,THP District 2 - Chattanooga,THP,Unbelted,-,-,-,-,-,-,-,-,-,-,-,-,Marion,Not in City Limit,2
59329,400171814,0,1,36.15135,-86.76829,3,2024-11-01 07:09:00,2024,11,1,7,9,Friday,07:09,Suspected Serious Injury,Daylight,Cloudy,Pedestrian,None,METROPOLITAN NASHVILLE POLICE DEPT,Other,Unbelted,-,-,-,-,-,-,Pedestrian,-,-,-,-,-,Davidson,Nashville,6
59342,400171894,0,1,35.36027,-84.99295,2,2024-10-31 17:00:00,2024,10,31,17,0,Thursday,17:00,Suspected Serious Injury,Daylight,Clear,Motor Vehicle-In-Transport On Same Roadway,None,HAMILTON COUNTY SHERIFF'S OFFICE,Other,Unbelted,-,-,-,-,-,-,-,-,-,-,Motorcyclist,-,Hamilton,Not in City Limit,5
59361,400172017,0,2,35.60556,-86.74919,7,2024-10-31 17:50:00,2024,10,31,17,50,Thursday,17:50,Suspected Serious Injury,Dusk,Rain,Pedestrian,None,THP District 7 - Lawrenceburg,THP,Unbelted,-,-,-,-,-,-,Pedestrian,-,-,-,-,-,Marshall,Not in City Limit,5
59378,400172117,0,1,35.89516,-84.54464,1,2024-10-27 13:07:00,2024,10,27,13,7,Sunday,13:07,Suspected Serious Injury,Daylight,Rain,"Over Turn, Roll Over",None,THP District 1 - Knoxville,THP,Unbelted,-,-,-,-,-,-,-,-,-,-,-,-,Roane,Harriman,1
59389,400172177,0,1,36.02482,-89.29926,8,2024-11-01 14:45:00,2024,11,1,14,45,Friday,14:45,Suspected Serious Injury,Daylight,Clear,Ditch,None,THP District 8 - Jackson,THP,Unbelted,-,-,-,-,-,-,-,-,-,-,-,-,Dyer,Not in City Limit,6
59406,400172261,1,0,35.99489,-83.88627,1,2024-11-01 19:36:00,2024,11,1,19,36,Friday,19:36,Fatal,Dark-Lighted,Clear,Pedestrian,None,KNOXVILLE POLICE DEPT,Other,Unbelted,-,-,-,-,-,-,Pedestrian,-,-,-,-,-,Knox,Knoxville,6
59409,400172276,1,3,35.44559,-84.63016,2,2024-11-01 18:56:00,2024,11,1,18,56,Friday,18:56,Fatal,Dark-Lighted,Clear,Motor Vehicle-In-Transport On Same Roadway,None,ATHENS POLICE DEPT,Other,Unbelted,-,-,-,-,-,-,-,-,-,-,-,-,McMinn,Athens,6
59410,400172278,0,1,35.66815,-84.09632,1,2024-11-01 19:21:00,2024,11,1,19,21,Friday,19:21,Suspected Serious Injury,Dark-Not Lighted,Clear,Motor Vehicle-In-Transport On Same Roadway,None,THP District 1 - Knoxville,THP,Unbelted,-,-,-,-,-,-,-,-,-,-,-,-,Blount,Not in City Limit,6
59414,400172291,0,1,36.15583,-86.79593,3,2024-11-01 19:17:00,2024,11,1,19,17,Friday,19:17,Suspected Serious Injury,Dark-Lighted,Clear,Motor Vehicle-In-Transport On Same Roadway,None,METROPOLITAN NASHVILLE POLICE DEPT,Other,Unbelted,-,-,-,-,-,-,-,-,-,-,-,-,Davidson,Nashville,6
59417,400172301,0,2,35.42772,-86.71447,7,2024-11-01 17:30:00,2024,11,1,17,30,Friday,17:30,Suspected Serious Injury,Daylight,Cloudy,Motor Vehicle-In-Transport On Same Roadway,None,THP District 7 - Lawrenceburg,THP,Unbelted,-,-,-,-,-,-,-,-,-,-,-,-,Marshall,Not in City Limit,6
59425,400172332,0,4,35.97869,-86.57477,3,2024-10-27 03:00:00,2024,10,27,3,0,Sunday,03:00,Suspected Serious Injury,Dark-Not Lighted,Clear,Motor Vehicle-In-Transport On Same Roadway,None,RUTHERFORD CO SHERIFFS DEPT,Other,Unbelted,-,-,-,-,-,-,Pedestrian,-,-,-,-,-,Rutherford,Smyrna,1
59428,400172342,0,1,35.90221,-87.62743,7,2024-11-01 19:44:00,2024,11,1,19,44,Friday,19:44,Suspected Serious Injury,Dark-Lighted,Clear,Motor Vehicle-In-Transport On Same Roadway,None,THP District 7 - Lawrenceburg,THP,Unbelted,-,-,-,-,-,-,-,-,-,-,-,-,Hickman,Not in City Limit,6
59431,400172349,0,3,36.18799,-86.82158,3,2024-11-01 21:47:00,2024,11,1,21,47,Friday,21:47,Suspected Serious Injury,Dark-Lighted,Clear,Motor Vehicle-In-Transport On Different Roadway,None,METROPOLITAN NASHVILLE POLICE DEPT,Other,Unbelted,-,-,-,-,-,-,-,-,-,-,-,-,Davidson,Nashville,6
59435,400172374,0,1,35.8431,-86.49336,3,2024-11-01 20:02:00,2024,11,1,20,2,Friday,20:02,Suspected Serious Injury,Dark-Lighted,Clear,Motor Vehicle-In-Transport On Same Roadway,None,MURFREESBORO POLICE DEPT,Other,Unbelted,-,-,-,-,-,-,-,-,-,-,Motorcyclist,-,Rutherford,Murfreesboro,6
59437,400172379,0,1,36.0407,-86.70408,3,2024-11-01 23:30:00,2024,11,1,23,30,Friday,23:30,Suspected Serious Injury,Dark-Lighted,Clear,Utility Pole,None,METROPOLITAN NASHVILLE POLICE DEPT,Other,Unbelted,-,-,-,-,-,-,-,-,-,-,-,-,Davidson,Nashville,6
59445,400172406,0,1,36.45288,-82.52547,5,2024-11-02 04:19:00,2024,11,2,4,19,Saturday,04:19,Suspected Serious Injury,Dark-Not Lighted,Clear,Ditch,None,THP District 5 - Fall Branch,THP,Unbelted,-,-,-,-,-,-,-,-,-,-,-,-,Sullivan,Kingsport,7
59448,400172439,0,1,35.11906,-84.84389,2,2024-11-02 05:55:00,2024,11,2,5,55,Saturday,05:55,Suspected Serious Injury,Dark-Not Lighted,Clear,Ditch,None,THP District 2 - Chattanooga,THP,Unbelted,-,-,-,-,Speeding,-,-,-,-,-,-,-,Bradley,Not in City Limit,7
59450,400172450,0,2,36.17483,-83.39924,5,2024-11-02 07:05:00,2024,11,2,7,5,Saturday,07:05,Suspected Serious Injury,Dark-Not Lighted,Clear,Motor Vehicle-In-Transport On Same Roadway,None,MORRISTOWN POLICE DEPT,Other,Unbelted,-,-,-,-,-,-,-,-,-,-,-,-,Hamblen,Morristown,7
59469,400172546,0,2,35.64377,-86.04455,2,2024-11-02 11:48:00,2024,11,2,11,48,Saturday,11:48,Suspected Serious Injury,Daylight,Clear,Mail Box,None,THP District 2 - Chattanooga,THP,-,-,-,-,-,-,-,-,-,-,-,Motorcyclist,-,Coffee,Not in City Limit,7
59472,400172561,0,2,36.02431,-87.29908,3,2024-11-02 12:27:00,2024,11,2,12,27,Saturday,12:27,Suspected Serious Injury,Daylight,Clear,"Over Turn, Roll Over",None,THP District 3 - Nashville,THP,Unbelted,-,-,-,Drowsy,-,-,-,-,-,-,-,-,Dickson,Not in City Limit,7
59487,400172628,0,1,35.74982,-83.99457,1,2024-11-02 12:25:00,2024,11,2,12,25,Saturday,12:25,Suspected Serious Injury,Daylight,Clear,Motor Vehicle-In-Transport On Same Roadway,None,MARYVILLE POLICE DEPT,Other,Unbelted,-,-,-,-,-,-,-,-,-,-,Motorcyclist,-,Blount,Maryville,7
59488,400172629,1,0,35.33526,-87.28824,7,2024-11-02 11:41:00,2024,11,2,11,41,Saturday,11:41,Fatal,Daylight,Clear,Motor Vehicle-In-Transport On Same Roadway,None,THP District 7 - Lawrenceburg,THP,Unbelted,-,-,-,-,-,-,-,-,-,ATV_Involved,-,-,Lawrence,Ethridge,7
59496,400172665,0,1,35.93505,-89.38169,8,2024-11-02 14:20:00,2024,11,2,14,20,Saturday,14:20,Suspected Serious Injury,Daylight,Clear,Motor Vehicle-In-Transport On Same Roadway,None,THP District 8 - Jackson,THP,-,-,-,-,-,-,-,-,-,-,-,Motorcyclist,-,Dyer,Not in City Limit,7
59499,400172675,0,1,35.55323,-84.09211,1,2024-11-02 13:02:00,2024,11,2,13,2,Saturday,13:02,Suspected Serious Injury,Daylight,Clear,Other Non-Collision,None,THP District 1 - Knoxville,THP,-,-,-,-,-,-,-,-,-,-,-,Motorcyclist,-,Blount,Not in City Limit,7
59500,400172678,0,1,35.06961,-84.47552,2,2024-11-02 17:52:00,2024,11,2,17,52,Saturday,17:52,Suspected Serious Injury,Daylight,Clear,Ditch,None,THP District 2 - Chattanooga,THP,Unbelted,-,Drinking,Drug,-,-,-,-,-,-,-,-,-,Polk,Not in City Limit,7
59504,400172693,0,1,35.98447,-83.88333,1,2024-11-02 17:34:00,2024,11,2,17,34,Saturday,17:34,Suspected Serious Injury,Daylight,Clear,Pedal-Cycle,None,KNOXVILLE POLICE DEPT,Other,Unbelted,Distracted,-,-,-,-,Pedalcyclist,-,-,-,-,-,-,Knox,Knoxville,7
59506,400172699,0,3,36.55559,-83.16376,5,2024-11-02 17:30:00,2024,11,2,17,30,Saturday,17:30,Suspected Serious Injury,Dusk,Clear,Motor Vehicle-In-Transport On Same Roadway,None,THP District 5 - Fall Branch,THP,Unbelted,-,-,-,-,-,-,-,-,-,-,-,-,Hancock,Not in City Limit,7
59509,400172710,1,0,35.45336,-88.50354,8,2024-11-01 18:50:00,2024,11,1,18,50,Friday,18:50,Fatal,Dark-Not Lighted,Clear,Pedestrian,None,THP District 8 - Jackson,THP,Unbelted,-,-,-,-,-,-,Pedestrian,-,-,-,-,-,Chester,Not in City Limit,6
59513,400172730,0,2,36.1419,-86.63798,3,2024-11-02 17:11:00,2024,11,2,17,11,Saturday,17:11,Suspected Serious Injury,Daylight,Clear,Motor Vehicle-In-Transport On Same Roadway,None,METROPOLITAN NASHVILLE POLICE DEPT,Other,Unbelted,-,-,-,-,-,-,-,-,-,-,-,-,Davidson,Nashville,7
59518,400172752,0,2,36.04261,-86.35316,3,2024-11-02 20:25:00,2024,11,2,20,25,Saturday,20:25,Suspected Serious Injury,Daylight,Clear,Motor Vehicle-In-Transport On Same Roadway,None,THP District 3 - Nashville,THP,Unbelted,-,-,-,-,-,-,-,-,-,-,-,-,Wilson,Not in City Limit,7
59520,400172760,0,2,36.07991,-87.26031,3,2024-11-02 20:09:00,2024,11,2,20,9,Saturday,20:09,Suspected Serious Injury,Daylight,Clear,Embankment Earth,None,THP District 3 - Nashville,THP,Unbelted,-,-,-,-,Speeding,-,-,-,-,-,-,-,Dickson,Not in City Limit,7
59526,400172777,0,1,35.95566,-85.03128,6,2024-11-02 21:19:00,2024,11,2,21,19,Saturday,21:19,Suspected Serious Injury,Dark-Lighted,Clear,Pedestrian,None,THP District 6 - Cookeville,THP,Unbelted,-,-,-,-,-,-,Pedestrian,-,-,-,-,-,Cumberland,Crossville,7
59527,400172781,0,1,36.31983,-86.8494,3,2024-11-02 17:13:00,2024,11,2,17,13,Saturday,17:13,Suspected Serious Injury,Daylight,Clear,Fell/Jumped From Vehicle,None,METROPOLITAN NASHVILLE POLICE DEPT,Other,-,-,-,-,-,-,-,-,-,-,-,Motorcyclist,-,Davidson,Nashville,7
59539,400172850,0,1,35.29698,-86.12024,2,2024-11-03 00:31:00,2024,11,3,0,31,Sunday,00:31,Suspected Serious Injury,Dark-Not Lighted,Clear,Ditch,None,FRANKLIN CO SHERIFFS DEPT,Other,Unbelted,-,-,Drug,-,-,-,-,-,-,-,-,-,Franklin,Estill Springs,1
59543,400172875,0,1,35.51945,-86.89972,7,2024-11-02 16:04:00,2024,11,2,16,4,Saturday,16:04,Suspected Serious Injury,Daylight,Cloudy,Motor Vehicle-In-Transport On Same Roadway,None,THP District 7 - Lawrenceburg,THP,Unbelted,-,-,-,-,-,-,-,-,-,-,-,-,Maury,Not in City Limit,7
59549,400172888,1,2,35.81282,-84.29989,1,2024-11-02 16:29:00,2024,11,2,16,29,Saturday,16:29,Fatal,Daylight,Clear,Motor Vehicle-In-Transport On Same Roadway,None,THP District 1 - Knoxville,THP,Unbelted,Distracted,-,-,-,-,-,-,-,-,ATV_Involved,-,-,Loudon,Not in City Limit,7
59559,400172936,0,2,35.51084,-86.10516,2,2024-11-01 13:52:00,2024,11,1,13,52,Friday,13:52,Suspected Serious Injury,Daylight,Cloudy,Motor Vehicle-In-Transport On Same Roadway,None,THP District 2 - Chattanooga,THP,Unbelted,-,-,-,-,-,-,-,-,-,-,-,-,Coffee,Not in City Limit,6
59562,400172948,0,2,35.24696,-85.17834,2,2024-11-03 10:35:00,2024,11,3,10,35,Sunday,10:35,Suspected Serious Injury,Daylight,Clear,Standing Tree,None,SODDY DAISY POLICE DEPT,Other,Unbelted,-,-,-,-,-,-,-,-,-,-,-,-,Hamilton,Soddy-Daisy,1
59566,400172989,1,1,35.6235,-89.74033,4,2024-10-24 19:33:00,2024,10,24,19,33,Thursday,19:33,Fatal,Dark-Not Lighted,Clear,"Over Turn, Roll Over",None,THP District 4 - Memphis,THP,-,-,-,Drug,-,-,-,-,-,-,-,-,-,Tipton,Not in City Limit,5
59586,400173085,0,1,35.18551,-87.19309,7,2024-11-03 13:50:00,2024,11,3,13,50,Sunday,13:50,Suspected Serious Injury,Daylight,Clear,Mail Box,None,THP District 7 - Lawrenceburg,THP,-,-,-,-,-,-,-,-,-,-,-,Motorcyclist,-,Giles,Not in City Limit,1
59590,400173103,0,1,35.43857,-85.52045,2,2024-11-03 05:38:00,2024,11,3,5,38,Sunday,05:38,Suspected Serious Injury,Dawn,Clear,Standing Tree,None,SEQUATCHIE CO SHERIFFS DEPT,Other,Unbelted,-,-,-,-,-,-,-,-,-,-,-,-,Sequatchie,Not in City Limit,1
59602,400173163,0,1,35.88343,-87.76909,3,2024-11-03 17:14:00,2024,11,3,17,14,Sunday,17:14,Suspected Serious Injury,Dusk,Clear,Parked Motor Vehicle,None,THP District 3 - Nashville,THP,Unbelted,-,-,-,-,-,-,-,-,-,ATV_Involved,-,-,Humphreys,Not in City Limit,1
59622,400173242,0,4,35.83314,-86.88173,3,2024-11-03 02:56:00,2024,11,3,2,56,Sunday,02:56,Suspected Serious Injury,Dark-Not Lighted,Clear,Ditch,None,THP District 3 - Nashville,THP,Unbelted,-,-,-,-,Speeding,-,-,-,-,-,-,-,Williamson,Not in City Limit,1
59629,400173289,0,1,36.53253,-85.97889,6,2024-10-26 01:42:00,2024,10,26,1,42,Saturday,01:42,Suspected Serious Injury,Dark-Not Lighted,Clear,Fence,None,THP District 6 - Cookeville,THP,Unbelted,-,Drinking,-,-,-,-,Pedestrian,-,-,-,-,-,Macon,Not in City Limit,7
59647,400173375,0,3,35.00497,-85.3093,2,2024-11-02 19:05:00,2024,11,2,19,5,Saturday,19:05,Suspected Serious Injury,Daylight,Clear,Motor Vehicle-In-Transport On Same Roadway,None,CHATTANOOGA POLICE DEPT,Other,Unbelted,-,Drinking,Drug,-,-,-,-,-,-,-,Motorcyclist,-,Hamilton,Chattanooga,7
59650,400173381,0,1,35.72118,-85.78435,6,2024-11-04 08:55:00,2024,11,4,8,55,Monday,08:55,Suspected Serious Injury,Daylight,Clear,Guard Rail Face,None,THP District 6 - Cookeville,THP,Unbelted,-,-,Drug,-,-,-,-,-,-,-,-,-,Warren,Not in City Limit,2
59654,400173396,0,1,36.04703,-86.66223,3,2024-11-03 02:11:00,2024,11,3,2,11,Sunday,02:11,Suspected Serious Injury,Dark-Lighted,Clear,Motor Vehicle-In-Transport On Same Roadway,None,METROPOLITAN NASHVILLE POLICE DEPT,Other,Unbelted,-,Drinking,Drug,-,-,-,-,-,-,-,-,-,Davidson,Nashville,1
59657,400173418,0,1,35.26167,-85.39235,2,2024-11-02 18:25:00,2024,11,2,18,25,Saturday,18:25,Suspected Serious Injury,Dark-Not Lighted,Clear,Embankment Rock/Stone/Concrete,None,THP District 2 - Chattanooga,THP,-,-,Drinking,Drug,-,-,-,-,-,-,-,Motorcyclist,-,Sequatchie,Not in City Limit,7
59662,400173437,0,1,35.96989,-84.50076,1,2024-11-04 10:59:00,2024,11,4,10,59,Monday,10:59,Suspected Serious Injury,Daylight,Cloudy,Motor Vehicle-In-Transport On Same Roadway,None,THP District 1 - Knoxville,THP,Unbelted,-,-,-,-,-,-,-,-,-,ATV_Involved,-,-,Roane,Not in City Limit,2
59680,400173528,1,2,35.11595,-84.69585,2,2024-11-03 13:30:00,2024,11,3,13,30,Sunday,13:30,Fatal,Daylight,Clear,Motor Vehicle-In-Transport On Same Roadway,None,THP District 2 - Chattanooga,THP,Unbelted,-,-,-,-,-,-,-,-,-,-,-,-,Polk,Not in City Limit,1
59693,400173592,1,0,35.89815,-84.06817,1,2024-11-04 16:47:00,2024,11,4,16,47,Monday,16:47,Fatal,Daylight,Clear,Curb,None,KNOX CO SHERIFFS OFFICE,Other,Unbelted,-,Drinking,-,-,-,-,-,-,-,-,-,-,Knox,Not in City Limit,2
59695,400173599,0,1,35.62757,-87.04814,7,2024-10-27 02:55:00,2024,10,27,2,55,Sunday,02:55,Suspected Serious Injury,Dark-Lighted,Clear,Other Fixed Object,None,COLUMBIA POLICE DEPT,Other,Unbelted,-,-,-,-,-,-,-,-,-,-,-,-,Maury,Columbia,1
59706,400173655,0,1,36.63389,-87.32552,3,2024-11-05 20:08:00,2024,11,5,20,8,Tuesday,20:08,Suspected Serious Injury,Dark-Lighted,Clear,Motor Vehicle-In-Transport On Same Roadway,None,THP District 3 - Nashville,THP,Unbelted,-,-,-,-,-,-,-,-,-,ATV_Involved,-,-,Montgomery,Clarksville,3
59712,400173681,0,1,36.42828,-84.93093,6,2024-11-04 15:49:00,2024,11,4,15,49,Monday,15:49,Suspected Serious Injury,Daylight,Clear,Pedestrian,None,JAMESTOWN POLICE DEPT,Other,Unbelted,-,-,-,-,-,-,Pedestrian,-,-,-,-,-,Fentress,Jamestown,2
59721,400173704,0,5,36.43202,-83.61801,5,2024-10-31 19:40:00,2024,10,31,19,40,Thursday,19:40,Suspected Serious Injury,Dark-Not Lighted,Clear,Motor Vehicle-In-Transport On Same Roadway,None,NEW TAZEWELL POLICE DEPT,Other,Unbelted,-,-,-,Drowsy,-,-,-,-,-,-,-,-,Claiborne,New Tazewell,5
59735,400173773,0,1,36.20924,-86.25837,3,2024-11-04 23:54:00,2024,11,4,23,54,Monday,23:54,Suspected Serious Injury,Dark-Unknown Lighting,Clear,Ditch,None,WILSON CO SHERIFFS DEPT,Other,Unbelted,-,-,-,-,Speeding,-,-,-,-,-,-,-,Wilson,Not in City Limit,2
59736,400173776,0,2,36.25689,-82.64255,5,2024-11-05 00:19:00,2024,11,5,0,19,Tuesday,00:19,Suspected Serious Injury,Dark-Not Lighted,Clear,Ditch,None,THP District 5 - Fall Branch,THP,Unbelted,-,-,-,-,-,-,-,-,-,-,-,-,Greene,Not in City Limit,3
59738,400173790,0,1,36.0541,-89.20136,8,2024-11-04 23:07:00,2024,11,4,23,7,Monday,23:07,Suspected Serious Injury,Dark-Not Lighted,Clear,Other Non-Collision,None,THP District 8 - Jackson,THP,-,-,-,-,-,-,-,-,-,-,-,Motorcyclist,-,Dyer,Not in City Limit,2
59739,400173792,0,1,35.45791,-86.7959,7,2024-04-07 22:14:00,2024,4,7,22,14,Sunday,22:14,Suspected Serious Injury,Dark-Not Lighted,Clear,Pedestrian,None,THP District 7 - Lawrenceburg,THP,Unbelted,-,-,-,-,-,-,Pedestrian,-,-,-,-,-,Marshall,Lewisburg,1
59742,400173807,0,2,35.00961,-85.19472,2,2024-11-05 03:13:00,2024,11,5,3,13,Tuesday,03:13,Suspected Serious Injury,Dark-Lighted,Clear,Motor Vehicle-In-Transport On Same Roadway,Construction Zone,CHATTANOOGA POLICE DEPT,Other,Unbelted,-,Drinking,-,-,-,-,-,-,-,ATV_Involved,-,-,Hamilton,Chattanooga,3
59744,400173831,1,0,36.28446,-82.1746,5,2024-10-31 15:30:00,2024,10,31,15,30,Thursday,15:30,Fatal,Daylight,Clear,Motor Vehicle-In-Transport On Same Roadway,None,THP District 5 - Fall Branch,THP,Unbelted,-,-,-,-,-,-,-,-,-,-,-,-,Carter,Not in City Limit,5
59758,400173904,0,1,35.46216,-85.7065,2,2024-11-03 16:36:00,2024,11,3,16,36,Sunday,16:36,Suspected Serious Injury,Dusk,Clear,"Over Turn, Roll Over",None,GRUNDY CO SHERIFFS OFFICE,Other,-,-,-,-,-,-,-,-,-,-,-,Motorcyclist,-,Grundy,Altamont,1
59760,400173906,0,2,35.3607,-88.9088,4,2024-11-04 13:30:00,2024,11,4,13,30,Monday,13:30,Suspected Serious Injury,Daylight,Cloudy,Embankment Earth,None,THP District 9 - Administrative,THP,Unbelted,-,-,Drug,-,Speeding,-,-,-,-,-,-,-,Hardeman,Not in City Limit,2
59767,400173926,0,1,35.01206,-85.18591,2,2024-11-05 10:20:00,2024,11,5,10,20,Tuesday,10:20,Suspected Serious Injury,Daylight,Cloudy,Motor Vehicle-In-Transport On Same Roadway,Construction Zone,CHATTANOOGA POLICE DEPT,Other,Unbelted,-,-,-,-,Speeding,-,-,-,-,-,-,-,Hamilton,Chattanooga,3
59768,400173929,0,1,36.07752,-87.38019,3,2024-10-27 12:30:00,2024,10,27,12,30,Sunday,12:30,Suspected Serious Injury,Daylight,Clear,Pedal-Cycle,None,DICKSON POLICE DEPT,Other,Unbelted,-,-,-,-,-,Pedalcyclist,-,-,-,-,-,-,Dickson,Dickson,1
59771,400173939,0,1,36.59045,-86.23708,3,2024-11-05 09:30:00,2024,11,5,9,30,Tuesday,09:30,Suspected Serious Injury,Daylight,Clear,Pedestrian,None,THP District 3 - Nashville,THP,Unbelted,-,-,-,-,-,-,Pedestrian,-,-,-,-,-,Sumner,Westmoreland,3
59772,400173945,0,1,35.90829,-84.58826,1,2024-11-05 10:22:00,2024,11,5,10,22,Tuesday,10:22,Suspected Serious Injury,Daylight,Clear,"Over Turn, Roll Over",None,THP District 1 - Knoxville,THP,Unbelted,-,-,-,-,-,-,-,-,-,ATV_Involved,-,-,Roane,Harriman,3
59781,400174057,0,1,36.11568,-84.1305,1,2024-11-05 15:01:00,2024,11,5,15,1,Tuesday,15:01,Suspected Serious Injury,Daylight,Cloudy,Pedal-Cycle,None,CLINTON POLICE DEPT,Other,Unbelted,-,-,-,-,-,Pedalcyclist,-,-,-,-,-,-,Anderson,Clinton,3
59782,400174059,0,1,36.2502,-88.97255,8,2024-11-04 15:30:00,2024,11,4,15,30,Monday,15:30,Suspected Serious Injury,Daylight,Cloudy,Ditch,None,THP District 8 - Jackson,THP,Unbelted,-,-,-,-,-,-,-,-,-,-,-,-,Obion,Not in City Limit,2
59790,400174093,0,3,36.09994,-89.27665,8,2024-11-04 17:50:00,2024,11,4,17,50,Monday,17:50,Suspected Serious Injury,Dark-Not Lighted,Clear,Bridge/Pier Abutment,None,THP District 8 - Jackson,THP,Unbelted,-,-,-,-,-,-,-,-,-,-,-,-,Dyer,Not in City Limit,2
59828,400174300,0,5,36.16292,-83.41553,5,2024-11-05 23:20:00,2024,11,5,23,20,Tuesday,23:20,Suspected Serious Injury,Dark-Not Lighted,Clear,Motor Vehicle-In-Transport On Same Roadway,None,MORRISTOWN POLICE DEPT,Other,Unbelted,-,-,-,-,-,-,-,-,-,-,-,-,Hamblen,Morristown,3
59837,400174343,0,1,36.22213,-83.04731,5,2024-11-05 10:47:00,2024,11,5,10,47,Tuesday,10:47,Suspected Serious Injury,Daylight,Clear,Guard Rail Face,None,THP District 5 - Fall Branch,THP,Unbelted,-,-,-,-,-,-,-,-,-,-,-,-,Greene,Mosheim,3
59859,400174470,0,2,35.06777,-84.7339,2,2024-11-06 09:30:00,2024,11,6,9,30,Wednesday,09:30,Suspected Serious Injury,Daylight,Cloudy,Motor Vehicle-In-Transport On Same Roadway,None,THP District 2 - Chattanooga,THP,Unbelted,-,-,-,-,-,-,-,-,-,-,-,-,Polk,Not in City Limit,4
59870,400174510,2,3,36.04441,-82.85673,5,2024-11-06 06:10:00,2024,11,6,6,10,Wednesday,06:10,Fatal,Dark-Not Lighted,Cloudy,Motor Vehicle-In-Transport On Same Roadway,None,THP District 5 - Fall Branch,THP,Unbelted,Distracted,-,Drug,-,-,-,-,-,-,-,-,-,Greene,Not in City Limit,4
59874,400174528,1,2,34.99918,-85.25647,2,2024-11-02 19:50:00,2024,11,2,19,50,Saturday,19:50,Fatal,Dark-Lighted,Clear,Motor Vehicle-In-Transport On Same Roadway,None,EAST RIDGE POLICE DEPT,Other,Unbelted,-,Drinking,Drug,-,Speeding,-,-,-,-,-,-,-,Hamilton,East Ridge,7
59893,400174619,0,4,36.11748,-82.78186,5,2024-11-05 15:46:00,2024,11,5,15,46,Tuesday,15:46,Suspected Serious Injury,Daylight,Clear,Motor Vehicle-In-Transport On Same Roadway,Work Zone,THP District 5 - Fall Branch,THP,Unbelted,-,-,-,-,-,-,-,-,-,-,-,-,Greene,Not in City Limit,3
59922,400174767,1,1,36.39566,-84.053,1,2024-11-06 13:39:00,2024,11,6,13,39,Wednesday,13:39,Fatal,Daylight,Clear,Standing Tree,None,THP District 1 - Knoxville,THP,Unbelted,-,-,Drug,-,Speeding,-,-,-,-,-,-,-,Campbell,Not in City Limit,4
59933,400174800,1,0,35.8198,-85.94621,6,2024-11-05 21:50:00,2024,11,5,21,50,Tuesday,21:50,Fatal,Dark-Not Lighted,Clear,Standing Tree,None,THP District 6 - Cookeville,THP,Unbelted,-,-,Drug,-,-,-,-,-,-,-,-,-,Cannon,Not in City Limit,3
59937,400174830,0,2,36.35247,-82.75937,5,2024-11-06 19:44:00,2024,11,6,19,44,Wednesday,19:44,Suspected Serious Injury,Dark-Not Lighted,Clear,Ditch,None,THP District 5 - Fall Branch,THP,Unbelted,-,-,-,-,-,-,-,-,-,-,-,-,Greene,Not in City Limit,4
59944,400174866,0,3,35.19545,-85.20764,2,2024-11-06 19:52:00,2024,11,6,19,52,Wednesday,19:52,Suspected Serious Injury,Dark-Not Lighted,Rain,Motor Vehicle-In-Transport On Same Roadway,None,HAMILTON COUNTY SHERIFF'S OFFICE,Other,Unbelted,-,-,-,-,Speeding,-,-,-,-,-,-,-,Hamilton,Not in City Limit,4
59960,400174941,0,1,36.31812,-83.11116,5,2024-11-06 22:27:00,2024,11,6,22,27,Wednesday,22:27,Suspected Serious Injury,Dark-Lighted,Clear,Standing Tree,None,THP District 5 - Fall Branch,THP,Unbelted,-,-,-,-,-,-,-,-,-,-,-,-,Hawkins,Not in City Limit,4
59967,400174976,0,2,35.34191,-88.82344,4,2024-11-01 18:43:00,2024,11,1,18,43,Friday,18:43,Suspected Serious Injury,Dark-Not Lighted,Clear,Motor Vehicle-In-Transport On Same Roadway,None,HARDEMAN CO SHERIFFS DEPT,Other,Unbelted,-,Drinking,-,-,-,-,-,-,-,-,-,-,Hardeman,Silerton,6
59973,400175002,0,1,35.19853,-86.8703,7,2024-11-06 07:59:00,2024,11,6,7,59,Wednesday,07:59,Suspected Serious Injury,Daylight,Cloudy,Embankment Earth,None,THP District 7 - Lawrenceburg,THP,Unbelted,-,-,-,-,-,-,-,-,-,ATV_Involved,-,-,Giles,Not in City Limit,4
59974,400175005,0,1,35.80121,-83.88678,1,2024-11-06 13:32:00,2024,11,6,13,32,Wednesday,13:32,Suspected Serious Injury,Daylight,Clear,Ditch,None,BLOUNT CO SHERIFFS DEPT,Other,Unbelted,-,-,-,-,-,-,-,-,-,ATV_Involved,-,-,Blount,Not in City Limit,4