OBJECTID,MRN,Fatality,Injury,Latitude,Longitude,THP_District,Collision_Date,Collision_Year,Collision_Month,Collision_Day,Collision_Hour,Collision_Min,Collision_DOW,Collision_Time,Crash_Type,Light_Condition,Weather,First_Harmfu_Event,Work_Zone_Type,Agency_Name,THP,Unbelted,Distracted_Driver,Driver_Drinking,Driver_Drugged,Drowsy_Driver,Speeding_Involved,Pedalcyclist,Pedestrian,Other_Nonmotorist,ATV_Involved,LargeTruck_Involved,Motorcycle_Involved,SchoolBus,County,City,DOW_Nmb
59990,400175086,0,2,36.01541,-86.55726,3,2024-11-07 08:15:00,2024,11,7,8,15,Thursday,08:15,Suspected Serious Injury,Daylight,Clear,Motor Vehicle-In-Transport On Same Roadway,None,LAVERGNE POLICE DEPT,Other,Unbelted,-,-,-,-,-,-,-,-,-,-,-,-,Rutherford,Lavergne,5
59993,400175116,0,1,35.46319,-84.64399,2,2024-11-05 18:21:00,2024,11,5,18,21,Tuesday,18:21,Suspected Serious Injury,Dark-Lighted,Clear,Pedestrian,None,ATHENS POLICE DEPT,Other,Unbelted,-,-,-,-,-,-,Pedestrian,-,-,-,-,-,McMinn,Athens,3
60005,400175206,0,2,35.94445,-85.51612,6,2024-11-07 08:53:00,2024,11,7,8,53,Thursday,08:53,Suspected Serious Injury,Daylight,Clear,Motor Vehicle-In-Transport On Same Roadway,None,THP District 6 - Cookeville,THP,Unbelted,-,-,-,-,-,-,-,-,-,-,-,-,White,Not in City Limit,5
60017,400175278,0,2,35.0393,-88.41755,8,2024-11-05 07:51:00,2024,11,5,7,51,Tuesday,07:51,Suspected Serious Injury,Daylight,Clear,Motor Vehicle-In-Transport On Same Roadway,None,THP District 8 - Jackson,THP,Unbelted,-,-,Drug,-,-,-,-,-,-,-,-,-,McNairy,Not in City Limit,3
60040,400175401,0,2,35.95232,-83.91498,1,2024-11-07 21:49:00,2024,11,7,21,49,Thursday,21:49,Suspected Serious Injury,Dark-Lighted,Clear,Pedestrian,None,KNOXVILLE POLICE DEPT,Other,-,-,-,-,-,-,-,Pedestrian,-,-,-,Motorcyclist,-,Knox,Knoxville,5
60043,400175411,1,2,35.83917,-86.39244,3,2024-11-07 19:25:00,2024,11,7,19,25,Thursday,19:25,Fatal,Dark-Lighted,Cloudy,Motor Vehicle-In-Transport On Same Roadway,None,MURFREESBORO POLICE DEPT,Other,Unbelted,-,Drinking,Drug,-,-,-,-,-,-,-,-,-,Rutherford,Murfreesboro,5
60044,400175437,0,3,36.07866,-86.95593,3,2024-11-07 21:18:00,2024,11,7,21,18,Thursday,21:18,Suspected Serious Injury,Dark-Not Lighted,Rain,Motor Vehicle-In-Transport On Same Roadway,None,METROPOLITAN NASHVILLE POLICE DEPT,Other,Unbelted,-,-,-,-,Speeding,-,-,-,-,-,-,-,Davidson,Nashville,5
60055,400175491,0,3,35.79662,-83.94612,1,2024-11-08 02:26:00,2024,11,8,2,26,Friday,02:26,Suspected Serious Injury,Dark-Not Lighted,Clear,Motor Vehicle-In-Transport On Same Roadway,None,ALCOA POLICE DEPARTMENT,Other,Unbelted,-,-,-,-,-,-,-,-,-,-,-,-,Blount,Not in City Limit,6
60056,400175493,0,2,35.98212,-83.86446,1,2024-11-08 02:57:00,2024,11,8,2,57,Friday,02:57,Suspected Serious Injury,Dark-Lighted,Clear,Utility Pole,None,KNOXVILLE POLICE DEPT,Other,Unbelted,-,-,-,-,-,-,-,-,-,-,-,-,Knox,Knoxville,6
60061,400175512,1,4,35.1276,-84.80114,2,2024-11-07 14:59:00,2024,11,7,14,59,Thursday,14:59,Fatal,Daylight,Clear,Standing Tree,None,THP District 2 - Chattanooga,THP,Unbelted,-,-,Drug,Drowsy,-,-,-,-,-,-,-,-,Bradley,Not in City Limit,5
60065,400175533,2,0,35.42983,-88.6434,8,2024-11-05 13:05:00,2024,11,5,13,5,Tuesday,13:05,Fatal,Daylight,Cloudy,Motor Vehicle-In-Transport On Same Roadway,None,THP District 8 - Jackson,THP,Unbelted,-,-,-,-,-,-,-,-,-,-,-,-,Chester,Henderson,3
60068,400175542,0,5,35.0607,-89.86601,4,2024-11-07 17:30:00,2024,11,7,17,30,Thursday,17:30,Suspected Serious Injury,Dark-Lighted,Rain,Motor Vehicle-In-Transport On Same Roadway,None,THP District 4 - Memphis,THP,Unbelted,-,-,-,-,-,-,-,-,-,-,-,-,Shelby,Memphis,5
60073,400175565,0,2,35.86656,-83.95969,1,2024-11-08 08:43:00,2024,11,8,8,43,Friday,08:43,Suspected Serious Injury,Daylight,Clear,Motor Vehicle-In-Transport On Same Roadway,None,ALCOA POLICE DEPARTMENT,Other,Unbelted,-,-,-,-,-,-,-,-,-,-,-,-,Blount,Alcoa,6
60077,400175573,0,1,35.7139,-84.02083,1,2024-11-08 06:38:00,2024,11,8,6,38,Friday,06:38,Suspected Serious Injury,Dark-Lighted,Clear,Motor Vehicle-In-Transport On Same Roadway,None,MARYVILLE POLICE DEPT,Other,Unbelted,-,-,Drug,-,-,-,-,-,-,-,Motorcyclist,-,Blount,Maryville,6
60086,400175618,0,1,36.1285,-82.85622,5,2024-11-08 06:05:00,2024,11,8,6,5,Friday,06:05,Suspected Serious Injury,Dark-Not Lighted,Cloudy,Motor Vehicle-In-Transport On Same Roadway,None,THP District 5 - Fall Branch,THP,Unbelted,-,-,-,-,-,-,-,-,-,ATV_Involved,-,-,Greene,Not in City Limit,6
60098,400175690,0,1,35.61578,-88.82934,8,2024-11-08 13:21:00,2024,11,8,13,21,Friday,13:21,Suspected Serious Injury,Daylight,Clear,Pedestrian,None,JACKSON POLICE DEPT,Other,Unbelted,-,-,-,-,-,-,Pedestrian,-,-,-,-,-,Madison,Jackson,6
60116,400175773,0,1,35.90211,-86.87568,3,2024-11-08 10:20:00,2024,11,8,10,20,Friday,10:20,Suspected Serious Injury,Daylight,Cloudy,Pedestrian,None,FRANKLIN POLICE DEPT,Other,Unbelted,-,Drinking,Drug,-,-,-,Pedestrian,-,-,-,-,-,Williamson,Franklin,6
60117,400175783,3,2,35.06064,-89.86601,4,2024-11-07 17:30:00,2024,11,7,17,30,Thursday,17:30,Fatal,Dusk,Cloudy,Motor Vehicle-In-Transport On Same Roadway,None,THP District 4 - Memphis,THP,Unbelted,-,-,-,-,Speeding,-,-,-,-,-,-,-,Shelby,Memphis,5
60131,400175869,1,0,36.21728,-83.27659,5,2024-11-08 18:18:00,2024,11,8,18,18,Friday,18:18,Fatal,Dark-Lighted,Cloudy,Motor Vehicle-In-Transport On Same Roadway,None,MORRISTOWN POLICE DEPT,Other,Unbelted,-,-,-,-,-,-,-,-,-,-,-,-,Hamblen,Morristown,6
60139,400175905,0,1,36.33786,-84.17207,1,2024-11-08 16:37:00,2024,11,8,16,37,Friday,16:37,Suspected Serious Injury,Daylight,Clear,Pedal-Cycle,None,THP District 1 - Knoxville,THP,Unbelted,-,-,Drug,-,-,Pedalcyclist,-,-,-,-,-,-,Campbell,LaFollette,6
60141,400175915,0,1,35.87588,-84.62729,1,2024-11-08 20:00:00,2024,11,8,20,0,Friday,20:00,Suspected Serious Injury,Dark-Not Lighted,Clear,Motor Vehicle-In-Transport On Same Roadway,None,ROCKWOOD POLICE DEPT,Other,Unbelted,-,-,-,-,-,-,-,-,-,-,-,-,Roane,Rockwood,6
60148,400175944,1,0,36.0392,-87.15377,3,2024-11-08 04:04:00,2024,11,8,4,4,Friday,04:04,Fatal,Dark-Not Lighted,Clear,Guard Rail End,None,THP District 3 - Nashville,THP,Unbelted,-,-,-,-,-,-,-,-,-,ATV_Involved,-,-,Williamson,Fairview,6
60156,400176027,0,1,35.9183,-84.09077,1,2024-11-09 01:31:00,2024,11,9,1,31,Saturday,01:31,Suspected Serious Injury,Dark-Lighted,Clear,Motor Vehicle-In-Transport On Same Roadway,None,KNOXVILLE POLICE DEPT,Other,Unbelted,-,-,-,-,-,-,-,-,-,-,-,-,Knox,Knoxville,7
60161,400176050,0,1,36.16493,-86.82007,3,2024-11-09 00:45:00,2024,11,9,0,45,Saturday,00:45,Suspected Serious Injury,Dark-Not Lighted,Clear,Pedestrian,None,METROPOLITAN NASHVILLE POLICE DEPT,Other,-,-,-,-,-,-,-,Pedestrian,-,-,-,-,-,Davidson,Nashville,7
60165,400176062,0,1,35.56392,-88.82126,8,2024-11-09 00:00:00,2024,11,9,24,0,Saturday,24:00,Suspected Serious Injury,Dark-Lighted,Clear,Embankment Earth,None,MADISON CO SHERIFFS DEPT,Other,Unbelted,-,-,-,-,-,-,-,-,-,-,-,-,Madison,Jackson,7
60166,400176064,0,1,35.57358,-88.79131,8,2024-11-09 00:21:00,2024,11,9,0,21,Saturday,00:21,Suspected Serious Injury,Dark-Not Lighted,Clear,Ditch,None,MADISON CO SHERIFFS DEPT,Other,Unbelted,-,-,-,-,-,-,-,-,-,-,-,-,Madison,Not in City Limit,7
60193,400176201,0,1,36.22855,-86.52708,3,2024-11-09 12:42:00,2024,11,9,12,42,Saturday,12:42,Suspected Serious Injury,Daylight,Cloudy,Ditch,None,MOUNT JULIET POLICE DEPT,Other,Unbelted,-,-,-,-,-,-,-,-,-,-,-,-,Wilson,Mount Juliet,7
60203,400176236,0,1,35.92207,-84.06518,1,2024-11-09 13:22:00,2024,11,9,13,22,Saturday,13:22,Suspected Serious Injury,Daylight,Clear,Motor Vehicle-In-Transport On Same Roadway,None,KNOXVILLE POLICE DEPT,Other,Unbelted,-,-,-,-,-,-,-,-,-,-,Motorcyclist,-,Knox,Knoxville,7
60206,400176254,1,1,36.46381,-82.28502,5,2024-11-09 12:00:00,2024,11,9,12,0,Saturday,12:00,Fatal,Daylight,Clear,Embankment Earth,None,THP District 5 - Fall Branch,THP,-,-,-,-,-,-,-,-,-,-,-,Motorcyclist,-,Sullivan,Bluff City,7
60209,400176258,0,1,36.38406,-86.4572,3,2024-11-09 11:30:00,2024,11,9,11,30,Saturday,11:30,Suspected Serious Injury,Daylight,Cloudy,Motor Vehicle-In-Transport On Same Roadway,None,THP District 3 - Nashville,THP,Unbelted,-,-,-,-,-,-,-,-,-,-,Motorcyclist,-,Sumner,Gallatin,7
60216,400176281,1,1,35.98767,-83.88943,1,2024-11-09 13:41:00,2024,11,9,13,41,Saturday,13:41,Fatal,Daylight,Clear,Motor Vehicle-In-Transport On Same Roadway,None,KNOXVILLE POLICE DEPT,Other,Unbelted,-,Drinking,-,-,-,-,-,-,-,-,-,-,Knox,Knoxville,7
60219,400176290,0,1,35.73302,-85.53202,6,2024-11-09 09:35:00,2024,11,9,9,35,Saturday,09:35,Suspected Serious Injury,Daylight,Clear,Deer,None,VAN BUREN CO SHERIFFS DEPT,Other,-,-,-,-,-,-,-,-,-,-,-,Motorcyclist,-,Van Buren,Not in City Limit,7
60221,400176301,0,3,36.51425,-82.37219,5,2024-11-07 07:36:00,2024,11,7,7,36,Thursday,07:36,Suspected Serious Injury,Daylight,Clear,Motor Vehicle-In-Transport On Same Roadway,None,THP District 5 - Fall Branch,THP,Unbelted,-,-,-,-,-,-,-,-,-,-,-,-,Sullivan,Not in City Limit,5
60224,400176311,0,1,36.06123,-84.23043,1,2024-11-09 12:35:00,2024,11,9,12,35,Saturday,12:35,Suspected Serious Injury,Daylight,Clear,Guard Rail Face,None,ANDERSON CO SHERIFFS DEPT,Other,-,-,-,-,-,-,-,-,-,-,-,Motorcyclist,-,Anderson,Not in City Limit,7
60236,400176374,0,1,35.54412,-89.22187,4,2024-11-09 18:18:00,2024,11,9,18,18,Saturday,18:18,Suspected Serious Injury,Dark-Not Lighted,Rain,Motor Vehicle-In-Transport On Same Roadway,None,THP District 4 - Memphis,THP,Unbelted,-,-,-,-,-,-,-,-,-,ATV_Involved,-,-,Haywood,Not in City Limit,7
60241,400176421,1,0,35.82836,-88.03579,8,2024-11-08 22:12:00,2024,11,8,22,12,Friday,22:12,Fatal,Dark-Not Lighted,Clear,Standing Tree,None,THP District 8 - Jackson,THP,Unbelted,-,Drinking,Drug,-,-,-,-,-,-,-,-,-,Decatur,Not in City Limit,6
60249,400176458,0,1,36.39165,-87.1983,3,2024-11-09 00:29:00,2024,11,9,0,29,Saturday,00:29,Suspected Serious Injury,Dark-Not Lighted,Clear,Embankment Rock/Stone/Concrete,None,THP District 3 - Nashville,THP,Unbelted,-,-,-,-,-,-,-,-,-,-,-,-,Cheatham,Not in City Limit,7
60257,400176503,0,3,36.01598,-84.0465,1,2024-11-09 22:58:00,2024,11,9,22,58,Saturday,22:58,Suspected Serious Injury,Dark-Lighted,Clear,Motor Vehicle-In-Transport On Same Roadway,None,KNOX CO SHERIFFS OFFICE,Other,Unbelted,-,-,-,-,Speeding,-,-,-,-,-,-,-,Knox,Not in City Limit,7
60261,400176523,0,1,35.88613,-85.8978,6,2024-11-09 22:43:00,2024,11,9,22,43,Saturday,22:43,Suspected Serious Injury,Dark-Not Lighted,Cloudy,Ditch,None,THP District 6 - Cookeville,THP,Unbelted,-,-,-,-,-,-,-,-,-,-,-,-,DeKalb,Not in City Limit,7
60263,400176542,0,1,35.91474,-83.83544,1,2024-11-10 00:32:00,2024,11,10,0,32,Sunday,00:32,Suspected Serious Injury,Dark-Not Lighted,Clear,Standing Tree,None,KNOX CO SHERIFFS OFFICE,Other,Unbelted,-,-,-,-,Speeding,-,-,-,-,-,-,-,Knox,Not in City Limit,1
60264,400176543,0,1,35.68901,-84.85466,2,2024-11-10 00:29:00,2024,11,10,0,29,Sunday,00:29,Suspected Serious Injury,Dark-Not Lighted,Clear,Standing Tree,None,SPRING CITY POLICE DEPT,Other,Unbelted,-,-,-,-,-,-,-,-,-,-,-,-,Rhea,Spring City,1
60279,400176641,0,3,35.97116,-83.95522,1,2024-11-09 16:36:00,2024,11,9,16,36,Saturday,16:36,Suspected Serious Injury,Daylight,Clear,Motor Vehicle-In-Transport On Same Roadway,None,KNOXVILLE POLICE DEPT,Other,Unbelted,-,-,-,-,-,-,-,-,-,-,-,-,Knox,Knoxville,7
60291,400176693,0,1,35.91627,-88.512,8,2024-11-07 17:20:00,2024,11,7,17,20,Thursday,17:20,Suspected Serious Injury,Dark-Not Lighted,Clear,Standing Tree,None,THP District 8 - Jackson,THP,Unbelted,-,Drinking,-,-,-,-,-,-,-,-,-,-,Carroll,Not in City Limit,5
60292,400176697,0,3,35.42639,-86.10964,2,2024-11-08 11:07:00,2024,11,8,11,7,Friday,11:07,Suspected Serious Injury,Daylight,Clear,Motor Vehicle-In-Transport On Same Roadway,None,MANCHESTER POLICE DEPT,Other,Unbelted,Distracted,-,-,-,-,-,-,-,-,-,-,-,Coffee,Manchester,6
60337,400176869,0,4,35.66036,-88.85363,8,2024-11-10 16:00:00,2024,11,10,16,0,Sunday,16:00,Suspected Serious Injury,Daylight,Clear,Motor Vehicle-In-Transport On Same Roadway,None,JACKSON POLICE DEPT,Other,Unbelted,-,-,-,-,-,-,-,-,-,-,-,-,Madison,Jackson,1
60340,400176879,0,1,35.14983,-84.85059,2,2024-11-10 19:06:00,2024,11,10,19,6,Sunday,19:06,Suspected Serious Injury,Dark-Not Lighted,Cloudy,"Over Turn, Roll Over",None,THP District 2 - Chattanooga,THP,Unbelted,-,-,Drug,-,-,-,-,-,-,-,-,-,Bradley,Not in City Limit,1
60350,400176936,1,0,35.08437,-87.53139,7,2024-11-09 00:00:00,2024,11,9,24,0,Saturday,24:00,Fatal,Unknown,Rain,Ditch,None,THP District 7 - Lawrenceburg,THP,Unbelted,-,-,-,-,-,-,-,-,-,-,-,-,Lawrence,Not in City Limit,7
60352,400176953,1,2,35.34973,-85.68902,2,2024-11-10 01:35:00,2024,11,10,1,35,Sunday,01:35,Fatal,Dark-Not Lighted,Clear,"Over Turn, Roll Over",None,THP District 2 - Chattanooga,THP,Unbelted,-,-,Drug,-,-,-,-,-,-,-,-,-,Grundy,Coalmont,1
60356,400176963,1,1,35.16061,-84.70114,2,2024-11-10 22:35:00,2024,11,10,22,35,Sunday,22:35,Fatal,Dark-Not Lighted,Clear,"Over Turn, Roll Over",None,THP District 2 - Chattanooga,THP,Unbelted,-,-,-,-,-,-,-,-,-,-,-,-,Polk,Not in City Limit,1
60365,400176986,0,1,35.99637,-86.49719,3,2024-11-10 00:00:00,2024,11,10,24,0,Sunday,24:00,Suspected Serious Injury,Dark-Lighted,Rain,Motor Vehicle-In-Transport On Same Roadway,None,SMYRNA POLICE DEPT,Other,Unbelted,-,-,-,-,-,-,-,-,-,-,-,-,Rutherford,Smyrna,1
60369,400177011,0,1,35.11426,-89.80913,4,2024-11-11 01:26:00,2024,11,11,1,26,Monday,01:26,Suspected Serious Injury,Dark-Lighted,Clear,Curb,None,GERMANTOWN POLICE DEPT,Other,Unbelted,-,-,-,Drowsy,-,-,-,-,-,-,-,-,Shelby,Germantown,2
60376,400177045,0,3,35.23492,-89.41535,4,2024-11-10 12:23:00,2024,11,10,12,23,Sunday,12:23,Suspected Serious Injury,Daylight,Clear,Motor Vehicle-In-Transport On Same Roadway,None,SOMERVILLE POLICE DEPT,Other,Unbelted,-,-,-,-,-,-,-,-,-,-,-,-,Fayette,Somerville,1
60377,400177049,0,1,35.97056,-84.08387,1,2024-11-11 07:24:00,2024,11,11,7,24,Monday,07:24,Suspected Serious Injury,Daylight,Cloudy,Motor Vehicle-In-Transport On Different Roadway,Construction Zone,KNOX CO SHERIFFS OFFICE,Other,Unbelted,-,-,-,-,-,-,-,-,-,-,Motorcyclist,-,Knox,Not in City Limit,2
60381,400177067,0,2,35.93667,-86.46646,3,2024-11-10 13:04:00,2024,11,10,13,4,Sunday,13:04,Suspected Serious Injury,Daylight,Cloudy,Boulder,None,RUTHERFORD CO SHERIFFS DEPT,Other,Unbelted,-,-,-,-,Speeding,-,-,-,-,-,-,-,Rutherford,Not in City Limit,1
60385,400177105,0,1,36.17774,-85.44003,6,2024-11-07 07:31:00,2024,11,7,7,31,Thursday,07:31,Suspected Serious Injury,Daylight,Clear,Pedestrian,None,PUTNAM COUNTY SHERIFF'S OFFICE,Other,Unbelted,-,-,-,-,-,-,Pedestrian,-,-,-,-,-,Putnam,Not in City Limit,5
60392,400177147,0,2,35.03198,-85.31831,2,2024-11-09 11:50:00,2024,11,9,11,50,Saturday,11:50,Suspected Serious Injury,Daylight,Clear,Impact Atten. Crash Cushion,None,CHATTANOOGA POLICE DEPT,Other,Unbelted,-,Drinking,-,-,-,-,-,-,-,-,-,-,Hamilton,Chattanooga,7
60411,400177263,0,1,36.31207,-86.69863,3,2024-11-11 13:54:00,2024,11,11,13,54,Monday,13:54,Suspected Serious Injury,Daylight,Clear,Curb,None,GOODLETTSVILLE POLICE DEPT,Other,-,-,-,-,-,-,-,-,-,-,-,Motorcyclist,-,Davidson,Goodlettsville,2
60415,400177279,0,1,35.08594,-86.52585,7,2024-11-11 06:50:00,2024,11,11,6,50,Monday,06:50,Suspected Serious Injury,Dawn,Clear,Standing Tree,None,THP District 7 - Lawrenceburg,THP,Unbelted,-,-,-,-,-,-,-,-,-,-,-,-,Lincoln,Not in City Limit,2
60421,400177313,0,1,35.81403,-87.43761,7,2024-11-11 15:04:00,2024,11,11,15,4,Monday,15:04,Suspected Serious Injury,Daylight,Clear,Pedestrian,None,CENTERVILLE POLICE DEPT,Other,Unbelted,-,-,-,-,-,-,Pedestrian,-,-,-,-,-,Hickman,Centerville,2
60423,400177333,1,0,36.17865,-85.46257,6,2024-11-11 12:57:00,2024,11,11,12,57,Monday,12:57,Fatal,Daylight,Clear,"Over Turn, Roll Over",None,THP District 6 - Cookeville,THP,Unbelted,-,-,-,-,Speeding,-,-,-,-,ATV_Involved,-,-,Putnam,Cookeville,2
60443,400177428,0,2,36.01961,-87.33768,3,2024-11-11 18:08:00,2024,11,11,18,8,Monday,18:08,Suspected Serious Injury,Dark-Not Lighted,Clear,Motor Vehicle-In-Transport On Same Roadway,None,THP District 3 - Nashville,THP,Unbelted,-,-,-,-,-,-,-,-,-,ATV_Involved,-,-,Dickson,Dickson,2
60448,400177455,0,2,36.03674,-84.26289,1,2024-11-11 15:10:00,2024,11,11,15,10,Monday,15:10,Suspected Serious Injury,Daylight,Clear,Guard Rail End,None,THP District 1 - Knoxville,THP,Unbelted,-,-,-,-,-,-,-,-,-,-,-,-,Anderson,Not in City Limit,2
60449,400177458,0,1,35.87836,-83.66903,1,2024-11-07 16:26:00,2024,11,7,16,26,Thursday,16:26,Suspected Serious Injury,Daylight,Clear,Culvert,None,SEVIER CO SHERIFFS OFFICE,Other,Unbelted,-,-,-,-,-,-,-,-,-,-,-,-,Sevier,Not in City Limit,5
60454,400177470,0,1,36.28272,-85.99028,6,2024-11-11 17:27:00,2024,11,11,17,27,Monday,17:27,Suspected Serious Injury,Dark-Not Lighted,Clear,Mail Box,None,THP District 6 - Cookeville,THP,Unbelted,-,-,-,-,-,-,-,-,-,-,-,-,Smith,Not in City Limit,2
60455,400177478,0,1,36.00055,-86.59625,3,2024-11-11 06:02:00,2024,11,11,6,2,Monday,06:02,Suspected Serious Injury,Daylight,Rain,Motor Vehicle-In-Transport On Same Roadway,None,LAVERGNE POLICE DEPT,Other,Unbelted,-,-,-,-,Speeding,-,-,-,-,-,-,-,Rutherford,Lavergne,2
60461,400177492,0,3,35.06454,-86.29229,2,2024-11-11 05:54:00,2024,11,11,5,54,Monday,05:54,Suspected Serious Injury,Daylight,Clear,Motor Vehicle-In-Transport On Same Roadway,None,THP District 2 - Chattanooga,THP,Unbelted,-,-,-,-,-,-,-,-,-,-,-,-,Franklin,Not in City Limit,2
60499,400177684,0,3,36.1492,-86.66634,3,2024-11-12 09:18:00,2024,11,12,9,18,Tuesday,09:18,Suspected Serious Injury,Daylight,Clear,Motor Vehicle-In-Transport On Same Roadway,None,METROPOLITAN NASHVILLE POLICE DEPT,Other,Unbelted,-,-,-,-,-,-,-,-,-,-,-,-,Davidson,Nashville,3
60505,400177700,0,1,35.65545,-88.40376,8,2024-11-11 17:33:00,2024,11,11,17,33,Monday,17:33,Suspected Serious Injury,Dark-Lighted,Clear,Pedal-Cycle,None,LEXINGTON POLICE DEPT,Other,Unbelted,-,-,-,-,-,Pedalcyclist,-,-,-,-,-,-,Henderson,Lexington,2
60512,400177737,0,1,35.13057,-89.60276,4,2024-11-12 10:23:00,2024,11,12,10,23,Tuesday,10:23,Suspected Serious Injury,Daylight,Clear,Mail Box,None,THP District 4 - Memphis,THP,Unbelted,-,-,-,-,-,-,-,-,-,-,-,-,Fayette,Not in City Limit,3
60519,400177770,0,1,36.3336,-84.23952,1,2024-11-09 00:00:00,2024,11,9,24,0,Saturday,24:00,Suspected Serious Injury,Dark-Not Lighted,Unknown,Embankment Rock/Stone/Concrete,None,Tennessee Wildlife Resource Agency,Other,-,-,Drinking,-,-,-,-,-,-,-,-,-,-,Campbell,Not in City Limit,7
60528,400177803,1,2,35.05667,-85.65411,2,2024-11-10 17:54:00,2024,11,10,17,54,Sunday,17:54,Fatal,Dark-Not Lighted,Clear,Motor Vehicle-In-Transport On Same Roadway,None,THP District 2 - Chattanooga,THP,Unbelted,Distracted,Drinking,Drug,-,-,-,-,-,-,-,-,-,Marion,Kimball,1
60529,400177818,0,2,36.3759,-86.47337,3,2024-11-07 20:07:00,2024,11,7,20,7,Thursday,20:07,Suspected Serious Injury,Dark-Lighted,Clear,Utility Pole,None,THP District 3 - Nashville,THP,Unbelted,-,-,-,-,-,-,-,-,-,-,-,-,Sumner,Gallatin,5
60536,400177860,0,3,35.36274,-86.19603,2,2024-11-12 13:28:00,2024,11,12,13,28,Tuesday,13:28,Suspected Serious Injury,Daylight,Clear,Motor Vehicle-In-Transport On Same Roadway,None,TULLAHOMA POLICE DEPT,Other,Unbelted,Distracted,-,-,-,-,-,-,-,-,ATV_Involved,-,-,Coffee,Tullahoma,3
60548,400177920,0,1,36.16076,-86.79363,3,2024-11-10 20:51:00,2024,11,10,20,51,Sunday,20:51,Suspected Serious Injury,Dark-Lighted,Rain,Pedestrian,None,METROPOLITAN NASHVILLE POLICE DEPT,Other,Unbelted,-,-,-,-,-,-,Pedestrian,-,-,-,-,-,Davidson,Nashville,1
60573,400178031,0,4,35.66175,-84.10863,1,2024-11-12 19:20:00,2024,11,12,19,20,Tuesday,19:20,Suspected Serious Injury,Daylight,Clear,Motor Vehicle-In-Transport On Same Roadway,None,THP District 1 - Knoxville,THP,Unbelted,-,-,-,-,-,-,-,-,-,-,-,-,Blount,Not in City Limit,3
60574,400178036,1,0,35.96691,-83.9447,1,2024-11-12 19:48:00,2024,11,12,19,48,Tuesday,19:48,Fatal,Dark-Lighted,Clear,Motor Vehicle-In-Transport On Same Roadway,None,KNOXVILLE POLICE DEPT,Other,Unbelted,-,-,-,-,Speeding,-,-,-,-,-,Motorcyclist,-,Knox,Knoxville,3
60575,400178043,0,1,35.61973,-88.81952,8,2024-11-12 19:50:00,2024,11,12,19,50,Tuesday,19:50,Suspected Serious Injury,Dark-Lighted,Clear,Wall,None,JACKSON POLICE DEPT,Other,Unbelted,-,Drinking,-,-,-,-,-,-,-,-,-,-,Madison,Jackson,3
60579,400178056,0,2,36.00168,-84.06675,1,2024-11-12 20:20:00,2024,11,12,20,20,Tuesday,20:20,Suspected Serious Injury,Dark-Not Lighted,Clear,Motor Vehicle-In-Transport On Same Roadway,None,KNOX CO SHERIFFS OFFICE,Other,Unbelted,-,-,-,-,-,-,-,-,-,-,-,-,Knox,Not in City Limit,3
60580,400178057,1,0,34.99633,-86.8589,7,2024-11-12 17:15:00,2024,11,12,17,15,Tuesday,17:15,Fatal,Dark-Lighted,Clear,Fell/Jumped From Vehicle,None,ARDMORE POLICE DEPT,Other,-,-,-,-,-,-,-,-,-,-,-,Motorcyclist,-,Giles,Ardmore,3
60581,400178059,0,1,35.57165,-84.56202,2,2024-11-11 20:18:00,2024,11,11,20,18,Monday,20:18,Suspected Serious Injury,Dark-Not Lighted,Clear,Ditch,None,THP District 2 - Chattanooga,THP,Unbelted,-,-,-,-,Speeding,-,-,-,-,-,-,-,McMinn,Not in City Limit,2
60583,400178068,0,1,36.0714,-87.78555,3,2024-11-12 01:34:00,2024,11,12,1,34,Tuesday,01:34,Suspected Serious Injury,Dark-Not Lighted,Clear,Standing Tree,None,THP District 3 - Nashville,THP,Unbelted,-,-,-,-,-,-,-,-,-,-,-,-,Humphreys,Not in City Limit,3
60584,400178070,0,1,35.64666,-88.77414,8,2024-11-12 18:03:00,2024,11,12,18,3,Tuesday,18:03,Suspected Serious Injury,Dark-Lighted,Clear,Motor Vehicle-In-Transport On Same Roadway,None,JACKSON POLICE DEPT,Other,Unbelted,-,-,-,-,-,-,-,-,ATV_Involved,-,-,-,Madison,Not in City Limit,3
60586,400178072,0,2,36.60108,-86.53558,3,2024-11-12 17:36:00,2024,11,12,17,36,Tuesday,17:36,Suspected Serious Injury,Dark-Lighted,Clear,Deer,None,PORTLAND POLICE DEPT,Other,Unbelted,-,-,-,-,-,-,-,-,-,-,-,-,Sumner,Portland,3
60594,400178117,0,2,36.15247,-86.83361,3,2024-11-12 19:34:00,2024,11,12,19,34,Tuesday,19:34,Suspected Serious Injury,Dark-Lighted,Clear,Motor Vehicle-In-Transport On Same Roadway,None,METROPOLITAN NASHVILLE POLICE DEPT,Other,Unbelted,-,-,-,-,-,-,-,-,-,-,-,-,Davidson,Nashville,3
60597,400178124,1,0,35.53891,-85.98654,2,2024-11-12 21:24:00,2024,11,12,21,24,Tuesday,21:24,Fatal,Dark-Not Lighted,Clear,Standing Tree,None,THP District 2 - Chattanooga,THP,Unbelted,-,-,-,-,-,-,-,-,-,-,-,-,Coffee,Not in City Limit,3