OBJECTID,MRN,Fatality,Injury,Latitude,Longitude,THP_District,Collision_Date,Collision_Year,Collision_Month,Collision_Day,Collision_Hour,Collision_Min,Collision_DOW,Collision_Time,Crash_Type,Light_Condition,Weather,First_Harmfu_Event,Work_Zone_Type,Agency_Name,THP,Unbelted,Distracted_Driver,Driver_Drinking,Driver_Drugged,Drowsy_Driver,Speeding_Involved,Pedalcyclist,Pedestrian,Other_Nonmotorist,ATV_Involved,LargeTruck_Involved,Motorcycle_Involved,SchoolBus,County,City,DOW_Nmb
60598,400178127,0,2,36.58544,-86.54856,3,2024-11-11 17:03:00,2024,11,11,17,3,Monday,17:03,Suspected Serious Injury,Dark-Lighted,Clear,Other Non-Collision,None,PORTLAND POLICE DEPT,Other,-,-,-,-,-,-,-,-,-,-,-,Motorcyclist,-,Sumner,Portland,2
60601,400178148,0,1,35.90279,-86.31261,3,2024-11-13 01:25:00,2024,11,13,1,25,Wednesday,01:25,Suspected Serious Injury,Dark-Not Lighted,Clear,Embankment Earth,None,THP District 3 - Nashville,THP,Unbelted,-,-,-,-,Speeding,-,-,-,-,-,-,-,Rutherford,Not in City Limit,4
60602,400178169,1,0,36.27303,-85.45831,6,2024-11-10 20:27:00,2024,11,10,20,27,Sunday,20:27,Fatal,Dark-Not Lighted,Cloudy,Other Fixed Object,None,THP District 6 - Cookeville,THP,Unbelted,-,Drinking,Drug,-,-,-,-,-,-,-,-,-,Putnam,Not in City Limit,1
60622,400178280,0,1,36.17583,-85.57472,6,2024-11-11 17:20:00,2024,11,11,17,20,Monday,17:20,Suspected Serious Injury,Dark-Lighted,Clear,Motor Vehicle-In-Transport On Same Roadway,None,THP District 6 - Cookeville,THP,Unbelted,-,-,-,-,-,-,-,-,-,-,Motorcyclist,-,Putnam,Not in City Limit,2
60629,400178312,0,3,35.69054,-89.11388,4,2024-11-12 18:50:00,2024,11,12,18,50,Tuesday,18:50,Suspected Serious Injury,Dark-Not Lighted,Clear,Deer,None,THP District 4 - Memphis,THP,Unbelted,-,-,-,-,-,-,-,-,-,-,-,-,Haywood,Not in City Limit,3
60637,400178330,0,1,36.28991,-88.47235,8,2024-11-13 09:36:00,2024,11,13,9,36,Wednesday,09:36,Suspected Serious Injury,Daylight,Cloudy,Standing Tree,None,THP District 8 - Jackson,THP,Unbelted,-,-,-,-,-,-,-,-,-,-,-,-,Henry,Not in City Limit,4
60654,400178469,0,2,35.9543,-85.57114,6,2024-11-13 14:24:00,2024,11,13,14,24,Wednesday,14:24,Suspected Serious Injury,Daylight,Clear,Motor Vehicle-In-Transport On Same Roadway,None,THP District 6 - Cookeville,THP,Unbelted,-,-,-,-,-,-,-,-,-,-,-,-,White,Not in City Limit,4
60669,400178527,0,1,36.07549,-87.38623,3,2024-11-13 10:30:00,2024,11,13,10,30,Wednesday,10:30,Suspected Serious Injury,Daylight,Rain,Motor Vehicle-In-Transport On Same Roadway,None,DICKSON POLICE DEPT,Other,Unbelted,Distracted,-,-,-,-,-,-,-,-,-,-,-,Dickson,Dickson,4
60678,400178573,1,0,36.26591,-83.77599,5,2024-11-09 16:30:00,2024,11,9,16,30,Saturday,16:30,Fatal,Daylight,Cloudy,Motor Vehicle-In-Transport On Same Roadway,None,THP District 5 - Fall Branch,THP,Unbelted,-,-,Drug,-,-,-,-,-,-,-,Motorcyclist,-,Union,Not in City Limit,7
60691,400178626,0,1,36.06351,-89.39582,8,2024-11-13 18:49:00,2024,11,13,18,49,Wednesday,18:49,Suspected Serious Injury,Dark-Lighted,Rain,Pedestrian,None,DYERSBURG POLICE DEPT,Other,Unbelted,-,-,-,-,-,-,Pedestrian,-,-,-,-,-,Dyer,Dyersburg,4
60692,400178627,1,0,35.56511,-89.30313,4,2024-11-13 16:35:00,2024,11,13,16,35,Wednesday,16:35,Fatal,Daylight,Cloudy,Motor Vehicle-In-Transport On Same Roadway,None,THP District 4 - Memphis,THP,Unbelted,-,-,-,-,-,-,-,-,-,ATV_Involved,-,-,Haywood,Not in City Limit,4
60698,400178646,0,2,35.75003,-84.08216,1,2024-11-13 20:04:00,2024,11,13,20,4,Wednesday,20:04,Suspected Serious Injury,Dark-Not Lighted,Clear,Other Non-Collision,None,BLOUNT CO SHERIFFS DEPT,Other,Unbelted,-,-,-,-,-,-,-,-,-,-,-,-,Blount,Not in City Limit,4
60702,400178675,0,3,35.00078,-85.13102,2,2024-11-13 20:15:00,2024,11,13,20,15,Wednesday,20:15,Suspected Serious Injury,Dark-Lighted,Rain,Motor Vehicle-In-Transport On Same Roadway,None,CHATTANOOGA POLICE DEPT,Other,Unbelted,-,-,-,-,-,-,-,-,-,-,-,-,Hamilton,Chattanooga,4
60703,400178684,0,2,36.10606,-83.90902,1,2024-11-12 23:57:00,2024,11,12,23,57,Tuesday,23:57,Suspected Serious Injury,Dark-Not Lighted,Clear,Ditch,None,THP District 1 - Knoxville,THP,Unbelted,-,-,Drug,-,-,-,-,-,-,-,-,-,Knox,Not in City Limit,3
60713,400178767,1,0,36.29257,-82.49972,5,2024-11-13 17:53:00,2024,11,13,17,53,Wednesday,17:53,Fatal,Dark-Lighted,Clear,Motor Vehicle-In-Transport On Same Roadway,None,THP District 5 - Fall Branch,THP,Unbelted,-,-,-,-,-,-,-,-,-,-,Motorcyclist,-,Washington,Jonesborough,4
60724,400178813,0,1,36.0273,-83.92779,1,2024-11-14 04:36:00,2024,11,14,4,36,Thursday,04:36,Suspected Serious Injury,Dark-Lighted,Rain,Pedal-Cycle,None,KNOXVILLE POLICE DEPT,Other,Unbelted,-,-,-,-,-,Pedalcyclist,-,-,-,-,-,-,Knox,Knoxville,5
60729,400178862,0,1,35.93939,-83.17902,5,2024-11-13 14:18:00,2024,11,13,14,18,Wednesday,14:18,Suspected Serious Injury,Daylight,Clear,Motor Vehicle-In-Transport On Same Roadway,None,THP District 5 - Fall Branch,THP,Unbelted,-,-,-,-,Speeding,-,-,-,-,ATV_Involved,Motorcyclist,-,Cocke,Not in City Limit,4
60752,400178978,1,1,35.97614,-85.70087,6,2024-11-11 14:11:00,2024,11,11,14,11,Monday,14:11,Fatal,Daylight,Clear,Motor Vehicle-In-Transport On Same Roadway,None,THP District 6 - Cookeville,THP,Unbelted,-,-,Drug,Drowsy,-,-,-,-,-,-,-,-,DeKalb,Not in City Limit,2
60753,400179002,0,1,35.94987,-83.95695,1,2024-11-14 09:15:00,2024,11,14,9,15,Thursday,09:15,Suspected Serious Injury,Daylight,Clear,Motor Vehicle-In-Transport On Same Roadway,None,KNOXVILLE POLICE DEPT,Other,Unbelted,-,-,-,-,-,-,-,-,-,-,-,-,Knox,Knoxville,5
60754,400179028,0,1,35.24455,-89.69888,4,2024-11-13 11:15:00,2024,11,13,11,15,Wednesday,11:15,Suspected Serious Injury,Daylight,Rain,Motor Vehicle-In-Transport On Same Roadway,None,THP District 4 - Memphis,THP,Unbelted,-,-,-,-,-,-,-,-,-,ATV_Involved,-,-,Shelby,Lakeland,4
60783,400179197,0,1,36.25846,-86.65765,3,2024-11-14 16:58:00,2024,11,14,16,58,Thursday,16:58,Suspected Serious Injury,Dusk,Clear,Pedestrian,None,METROPOLITAN NASHVILLE POLICE DEPT,Other,Unbelted,-,-,-,-,-,-,Pedestrian,-,-,-,-,-,Davidson,Nashville,5
60795,400179272,0,3,36.48596,-87.26041,3,2024-11-14 17:34:00,2024,11,14,17,34,Thursday,17:34,Suspected Serious Injury,Dark-Not Lighted,Clear,Motor Vehicle-In-Transport On Same Roadway,None,THP District 3 - Nashville,THP,Unbelted,-,-,-,-,-,-,-,-,-,-,-,-,Montgomery,Not in City Limit,5
60801,400179311,1,0,36.46282,-83.57108,5,2024-11-14 18:50:00,2024,11,14,18,50,Thursday,18:50,Fatal,Dark-Lighted,Rain,Pedestrian,None,THP District 5 - Fall Branch,THP,Unbelted,-,-,-,-,-,-,Pedestrian,-,-,-,-,-,Claiborne,Tazewell,5
60814,400179391,0,1,35.25485,-88.62724,8,2024-11-13 10:00:00,2024,11,13,10,0,Wednesday,10:00,Suspected Serious Injury,Daylight,Rain,Embankment Earth,None,THP District 8 - Jackson,THP,Unbelted,-,-,-,-,-,-,-,-,-,-,-,-,McNairy,Bethel Springs,4
60822,400179470,0,4,36.02277,-83.45558,5,2024-11-15 07:37:00,2024,11,15,7,37,Friday,07:37,Suspected Serious Injury,Daylight,Cloudy,Motor Vehicle-In-Transport On Same Roadway,None,THP District 5 - Fall Branch,THP,Unbelted,-,-,-,-,-,-,-,-,-,-,-,-,Jefferson,Not in City Limit,6
60832,400179513,0,1,35.80316,-86.74192,3,2024-11-15 08:58:00,2024,11,15,8,58,Friday,08:58,Suspected Serious Injury,Daylight,Cloudy,Motor Vehicle-In-Transport On Same Roadway,None,WILLIAMSON CO SHERIFFS OFFICE,Other,Unbelted,Distracted,-,-,-,-,-,-,-,-,-,-,-,Williamson,Not in City Limit,6
60833,400179515,1,0,35.92502,-86.48257,3,2024-11-15 06:17:00,2024,11,15,6,17,Friday,06:17,Fatal,Dark-Not Lighted,Clear,Pedal-Cycle,None,THP District 3 - Nashville,THP,Unbelted,-,-,Drug,-,-,Pedalcyclist,-,-,-,-,-,-,Rutherford,Not in City Limit,6
60836,400179562,0,1,35.35445,-86.20879,2,2024-11-15 13:03:00,2024,11,15,13,3,Friday,13:03,Suspected Serious Injury,Daylight,Cloudy,Motor Vehicle-In-Transport On Same Roadway,None,TULLAHOMA POLICE DEPT,Other,Unbelted,-,-,-,-,-,-,-,-,-,-,-,-,Coffee,Tullahoma,6
60838,400179579,0,1,35.89076,-84.14672,1,2024-11-15 12:59:00,2024,11,15,12,59,Friday,12:59,Suspected Serious Injury,Daylight,Cloudy,Utility Pole,None,THP District 1 - Knoxville,THP,Unbelted,-,-,-,-,-,-,-,-,-,-,-,-,Knox,Farragut,6
60841,400179597,0,4,36.26585,-86.71093,3,2024-11-15 13:27:00,2024,11,15,13,27,Friday,13:27,Suspected Serious Injury,Daylight,Cloudy,Motor Vehicle-In-Transport On Same Roadway,None,METROPOLITAN NASHVILLE POLICE DEPT,Other,Unbelted,-,-,-,-,-,-,-,-,-,-,-,-,Davidson,Nashville,6
60851,400179648,0,1,36.08051,-86.68545,3,2024-11-15 15:45:00,2024,11,15,15,45,Friday,15:45,Suspected Serious Injury,Daylight,Cloudy,Shrubbery,None,METROPOLITAN NASHVILLE POLICE DEPT,Other,Unbelted,-,-,-,-,-,-,-,-,-,-,-,-,Davidson,Nashville,6
60861,400179700,0,2,36.11106,-86.75356,3,2024-11-15 17:05:00,2024,11,15,17,5,Friday,17:05,Suspected Serious Injury,Dark-Lighted,Clear,Motor Vehicle-In-Transport On Same Roadway,None,METROPOLITAN NASHVILLE POLICE DEPT,Other,Unbelted,-,-,-,-,-,-,-,-,-,-,Motorcyclist,-,Davidson,Nashville,6
60865,400179723,0,1,36.16328,-86.78771,3,2024-11-15 16:37:00,2024,11,15,16,37,Friday,16:37,Suspected Serious Injury,Daylight,Clear,Pedestrian,None,METROPOLITAN NASHVILLE POLICE DEPT,Other,Unbelted,-,-,-,-,-,-,Pedestrian,-,-,-,-,-,Davidson,Nashville,6
60870,400179747,0,1,35.90427,-84.15273,1,2024-11-15 19:04:00,2024,11,15,19,4,Friday,19:04,Suspected Serious Injury,Dark-Not Lighted,Cloudy,Motor Vehicle-In-Transport On Same Roadway,None,THP District 1 - Knoxville,THP,Unbelted,-,-,-,-,-,-,-,-,-,-,-,-,Knox,Knoxville,6
60883,400179795,1,1,35.71302,-84.41628,1,2024-11-15 16:30:00,2024,11,15,16,30,Friday,16:30,Fatal,Daylight,Clear,Bridge Rail,None,THP District 1 - Knoxville,THP,Unbelted,-,-,-,-,-,-,-,-,-,-,-,-,Loudon,Not in City Limit,6
60892,400179846,0,1,36.14681,-86.75725,3,2024-11-15 23:05:00,2024,11,15,23,5,Friday,23:05,Suspected Serious Injury,Dark-Lighted,Clear,Pedestrian,None,METROPOLITAN NASHVILLE POLICE DEPT,Other,Unbelted,-,-,-,-,-,-,Pedestrian,-,-,-,-,-,Davidson,Nashville,6
60897,400179889,0,1,35.48716,-86.44437,7,2024-11-15 21:54:00,2024,11,15,21,54,Friday,21:54,Suspected Serious Injury,Dark-Lighted,Cloudy,Pedal-Cycle,None,SHELBYVILLE POLICE DEPT,Other,Unbelted,-,-,-,-,-,Pedalcyclist,-,-,-,-,-,-,Bedford,Shelbyville,6
60898,400179902,0,1,36.08616,-86.69118,3,2024-11-16 02:13:00,2024,11,16,2,13,Saturday,02:13,Suspected Serious Injury,Dark-Lighted,Clear,Motor Vehicle-In-Transport On Different Roadway,None,METROPOLITAN NASHVILLE POLICE DEPT,Other,Unbelted,-,-,-,-,-,-,-,-,-,-,-,-,Davidson,Nashville,7
60907,400179948,0,2,36.28513,-88.30893,8,2024-11-15 16:05:00,2024,11,15,16,5,Friday,16:05,Suspected Serious Injury,Daylight,Clear,Motor Vehicle-In-Transport On Same Roadway,None,PARIS POLICE DEPT,Other,Unbelted,-,-,-,-,-,-,-,-,-,-,Motorcyclist,-,Henry,Paris,6
60917,400180007,0,1,36.16547,-85.50891,6,2024-11-16 09:14:00,2024,11,16,9,14,Saturday,09:14,Suspected Serious Injury,Daylight,Clear,Motor Vehicle-In-Transport On Same Roadway,None,COOKEVILLE POLICE DEPT,Other,Unbelted,-,-,-,-,-,-,-,-,-,-,Motorcyclist,-,Putnam,Cookeville,7
60921,400180033,0,1,35.48027,-84.30358,1,2024-11-15 00:00:00,2024,11,15,24,0,Friday,24:00,Suspected Serious Injury,Dusk,Cloudy,Standing Tree,None,MONROE CO SHERIFFS DEPT,Other,Unbelted,-,-,-,-,-,-,-,-,-,-,-,-,Monroe,Not in City Limit,6
60927,400180049,0,1,35.71908,-84.64114,2,2024-11-15 14:06:00,2024,11,15,14,6,Friday,14:06,Suspected Serious Injury,Daylight,Clear,Bridge/Parapet End,None,THP District 2 - Chattanooga,THP,Unbelted,-,-,-,Drowsy,-,-,-,-,-,-,-,-,Meigs,Not in City Limit,6
60934,400180104,0,1,36.05602,-86.70316,3,2024-11-16 13:20:00,2024,11,16,13,20,Saturday,13:20,Suspected Serious Injury,Daylight,Clear,Motor Vehicle-In-Transport On Same Roadway,None,METROPOLITAN NASHVILLE POLICE DEPT,Other,Unbelted,-,-,-,-,-,-,-,-,-,-,-,-,Davidson,Nashville,7
60937,400180118,0,1,36.31915,-86.7132,3,2024-11-16 14:43:00,2024,11,16,14,43,Saturday,14:43,Suspected Serious Injury,Daylight,Clear,Utility Pole,None,GOODLETTSVILLE POLICE DEPT,Other,Unbelted,-,Drinking,Drug,-,-,-,-,-,-,-,-,-,Davidson,Goodlettsville,7
60939,400180122,1,3,35.75671,-84.37383,1,2024-11-15 17:05:00,2024,11,15,17,5,Friday,17:05,Fatal,Dusk,Cloudy,Motor Vehicle-In-Transport On Same Roadway,None,THP District 1 - Knoxville,THP,Unbelted,-,-,Drug,-,-,-,-,-,-,-,-,-,Loudon,Not in City Limit,6
60941,400180135,0,1,35.65332,-88.83419,8,2024-11-16 15:22:00,2024,11,16,15,22,Saturday,15:22,Suspected Serious Injury,Daylight,Clear,Pedestrian,None,JACKSON POLICE DEPT,Other,Unbelted,-,-,-,-,-,-,Pedestrian,-,-,-,-,-,Madison,Jackson,7
60943,400180141,0,2,35.03024,-84.39127,2,2024-11-16 15:58:00,2024,11,16,15,58,Saturday,15:58,Suspected Serious Injury,Daylight,Clear,Guard Rail Face,None,THP District 2 - Chattanooga,THP,Unbelted,-,-,-,-,-,-,-,-,-,-,-,-,Polk,Ducktown,7
60946,400180168,0,1,35.47821,-89.45102,4,2024-11-16 16:10:00,2024,11,16,16,10,Saturday,16:10,Suspected Serious Injury,Daylight,Clear,Standing Tree,None,THP District 4 - Memphis,THP,Unbelted,-,-,-,-,-,-,-,-,-,-,-,-,Haywood,Not in City Limit,7
60951,400180200,0,3,35.7683,-88.69524,8,2024-11-15 21:43:00,2024,11,15,21,43,Friday,21:43,Suspected Serious Injury,Dark-Not Lighted,Fog,"Over Turn, Roll Over",None,MADISON CO SHERIFFS DEPT,Other,Unbelted,-,Drinking,-,-,-,-,-,-,-,-,-,-,Madison,Not in City Limit,6
60955,400180212,0,2,35.95542,-85.11559,6,2024-11-16 15:30:00,2024,11,16,15,30,Saturday,15:30,Suspected Serious Injury,Daylight,Clear,Motor Vehicle-In-Transport On Same Roadway,None,THP District 6 - Cookeville,THP,Unbelted,-,-,-,-,-,-,-,-,-,-,-,-,Cumberland,Not in City Limit,7
60959,400180233,0,6,35.35293,-86.0262,2,2024-11-16 16:20:00,2024,11,16,16,20,Saturday,16:20,Suspected Serious Injury,Daylight,Clear,Motor Vehicle-In-Transport On Same Roadway,None,THP District 2 - Chattanooga,THP,Unbelted,-,-,-,-,-,-,-,-,-,-,-,-,Coffee,Arnold AFB,7
60963,400180246,0,2,35.74048,-88.63805,8,2024-11-16 13:19:00,2024,11,16,13,19,Saturday,13:19,Suspected Serious Injury,Daylight,Clear,Motor Vehicle-In-Transport On Same Roadway,None,THP District 8 - Jackson,THP,Unbelted,-,Drinking,Drug,-,-,-,-,-,-,-,-,-,Madison,Not in City Limit,7
60969,400180272,0,1,36.34119,-86.62539,3,2024-11-16 17:07:00,2024,11,16,17,7,Saturday,17:07,Suspected Serious Injury,Dark-Not Lighted,Clear,Deer,None,THP District 3 - Nashville,THP,-,-,-,-,-,-,-,-,-,-,-,Motorcyclist,-,Sumner,Not in City Limit,7
60970,400180280,0,3,36.1076,-86.74342,3,2024-11-16 20:41:00,2024,11,16,20,41,Saturday,20:41,Suspected Serious Injury,Dark-Lighted,Clear,Motor Vehicle-In-Transport On Same Roadway,None,METROPOLITAN NASHVILLE POLICE DEPT,Other,Unbelted,-,-,-,-,-,-,-,-,-,-,-,-,Davidson,Nashville,7
60975,400180293,0,2,35.67311,-86.98476,7,2024-11-15 23:18:00,2024,11,15,23,18,Friday,23:18,Suspected Serious Injury,Dark-Not Lighted,Cloudy,Standing Tree,None,THP District 7 - Lawrenceburg,THP,Unbelted,-,Drinking,-,-,-,-,-,-,-,-,-,-,Maury,Not in City Limit,6
60984,400180337,0,3,36.27279,-86.71016,3,2024-11-16 21:11:00,2024,11,16,21,11,Saturday,21:11,Suspected Serious Injury,Dark-Lighted,Clear,Motor Vehicle-In-Transport On Same Roadway,None,METROPOLITAN NASHVILLE POLICE DEPT,Other,Unbelted,-,-,-,-,-,-,-,-,-,-,-,-,Davidson,Nashville,7
60992,400180381,0,2,36.19877,-86.57479,3,2024-11-16 17:14:00,2024,11,16,17,14,Saturday,17:14,Suspected Serious Injury,Daylight,Clear,Motor Vehicle-In-Transport On Same Roadway,None,MOUNT JULIET POLICE DEPT,Other,Unbelted,-,-,-,-,-,-,-,-,-,-,Motorcyclist,-,Wilson,Mount Juliet,7
60994,400180414,0,4,35.88253,-84.6592,1,2024-11-16 14:35:00,2024,11,16,14,35,Saturday,14:35,Suspected Serious Injury,Daylight,Clear,Motor Vehicle-In-Transport On Same Roadway,None,ROCKWOOD POLICE DEPT,Other,Unbelted,-,-,-,-,-,-,-,-,-,-,-,-,Roane,Rockwood,7
61002,400180460,0,1,35.69967,-88.99488,4,2024-11-17 04:01:00,2024,11,17,4,1,Sunday,04:01,Suspected Serious Injury,Dark-Not Lighted,Clear,Ditch,None,THP District 4 - Memphis,THP,Unbelted,-,-,-,-,-,-,-,-,-,-,-,-,Crockett,Not in City Limit,1
61003,400180464,0,2,35.75035,-87.77318,7,2024-11-16 11:45:00,2024,11,16,11,45,Saturday,11:45,Suspected Serious Injury,Daylight,Clear,Motor Vehicle-In-Transport On Same Roadway,None,THP District 7 - Lawrenceburg,THP,Unbelted,-,-,-,-,-,-,-,-,-,-,Motorcyclist,-,Perry,Not in City Limit,7
61013,400180512,0,1,36.02064,-87.02716,3,2024-11-17 11:38:00,2024,11,17,11,38,Sunday,11:38,Suspected Serious Injury,Daylight,Clear,Guard Rail Face,None,METROPOLITAN NASHVILLE POLICE DEPT,Other,Unbelted,-,-,-,-,-,-,-,-,-,-,-,-,Davidson,Nashville,1
61017,400180541,0,1,35.62385,-88.40605,8,2024-11-15 16:47:00,2024,11,15,16,47,Friday,16:47,Suspected Serious Injury,Dusk,Clear,Motor Vehicle-In-Transport On Same Roadway,None,LEXINGTON POLICE DEPT,Other,Unbelted,-,-,-,-,-,-,-,-,-,-,-,-,Henderson,Lexington,6
61023,400180571,0,2,36.01895,-84.30254,1,2024-11-16 15:20:00,2024,11,16,15,20,Saturday,15:20,Suspected Serious Injury,Daylight,Clear,Motor Vehicle-In-Transport On Same Roadway,Work Zone,OLIVER SPRINGS POLICE DEPT,Other,Unbelted,-,Drinking,Drug,-,-,-,-,-,-,-,Motorcyclist,-,Anderson,Oliver Springs,7
61038,400180648,0,2,35.16443,-88.06916,8,2024-11-17 17:05:00,2024,11,17,17,5,Sunday,17:05,Suspected Serious Injury,Dark-Not Lighted,Clear,Motor Vehicle-In-Transport On Same Roadway,None,THP District 8 - Jackson,THP,Unbelted,-,-,-,-,-,-,-,-,-,-,-,-,Hardin,Not in City Limit,1
61042,400180661,0,1,36.2872,-86.62249,3,2024-11-17 17:57:00,2024,11,17,17,57,Sunday,17:57,Suspected Serious Injury,Dark-Lighted,Clear,Motor Vehicle-In-Transport On Same Roadway,None,HENDERSONVILLE POLICE DEPT,Other,Unbelted,Distracted,-,-,-,-,-,-,-,-,-,-,-,Sumner,Hendersonville,1
61046,400180683,1,0,36.34506,-84.58164,1,2024-11-17 15:50:00,2024,11,17,15,50,Sunday,15:50,Fatal,Daylight,Clear,Embankment Earth,None,THP District 1 - Knoxville,THP,Unbelted,-,-,Drug,-,-,-,-,-,-,-,-,-,Scott,Not in City Limit,1
61052,400180704,0,1,36.0147,-84.25566,1,2024-11-14 18:45:00,2024,11,14,18,45,Thursday,18:45,Suspected Serious Injury,Dark-Lighted,Clear,Pedestrian,None,OAK RIDGE POLICE DEPT,Other,Unbelted,-,-,-,-,-,-,Pedestrian,-,-,-,-,-,Anderson,Oak Ridge,5
61058,400180725,0,2,36.0541,-84.5324,1,2024-11-17 17:55:00,2024,11,17,17,55,Sunday,17:55,Suspected Serious Injury,Dusk,Clear,Motor Vehicle-In-Transport On Same Roadway,None,THP District 1 - Knoxville,THP,Unbelted,-,-,-,-,-,-,-,-,-,-,Motorcyclist,-,Morgan,Not in City Limit,1
61072,400180767,1,0,35.78783,-86.54177,3,2024-11-17 19:18:00,2024,11,17,19,18,Sunday,19:18,Fatal,Dark-Not Lighted,Clear,Standing Tree,None,THP District 3 - Nashville,THP,Unbelted,-,-,-,-,-,-,-,-,-,-,-,-,Rutherford,Not in City Limit,1
61084,400180831,0,1,36.43968,-89.18526,8,2024-11-17 02:21:00,2024,11,17,2,21,Sunday,02:21,Suspected Serious Injury,Dark-Not Lighted,Clear,Ditch,None,THP District 8 - Jackson,THP,Unbelted,-,Drinking,-,-,-,-,-,-,-,-,-,-,Obion,Not in City Limit,1
61088,400180853,0,3,36.22792,-86.53649,3,2024-11-15 17:49:00,2024,11,15,17,49,Friday,17:49,Suspected Serious Injury,Dark-Lighted,Clear,Motor Vehicle-In-Transport On Same Roadway,None,MOUNT JULIET POLICE DEPT,Other,Unbelted,-,-,-,-,-,-,-,-,-,-,-,-,Wilson,Mount Juliet,6
61092,400180898,1,0,36.42141,-82.24604,5,2024-11-18 07:35:00,2024,11,18,7,35,Monday,07:35,Fatal,Dawn,Clear,Motor Vehicle-In-Transport On Same Roadway,None,SULLIVAN CO SHERIFFS DEPT,Other,Unbelted,Distracted,-,Drug,-,-,-,-,-,-,-,-,-,Sullivan,Not in City Limit,2
61095,400180922,1,0,36.02326,-87.34019,3,2024-11-15 04:26:00,2024,11,15,4,26,Friday,04:26,Fatal,Dark-Lighted,Clear,Pedestrian,None,DICKSON POLICE DEPT,Other,Unbelted,-,-,-,-,-,-,Pedestrian,-,-,ATV_Involved,-,-,Dickson,Dickson,6
61096,400180935,0,1,35.67808,-88.83033,8,2024-11-18 07:30:00,2024,11,18,7,30,Monday,07:30,Suspected Serious Injury,Daylight,Cloudy,Pedestrian,None,JACKSON POLICE DEPT,Other,Unbelted,-,-,-,-,-,-,Pedestrian,-,-,-,-,-,Madison,Jackson,2
61101,400181001,0,1,35.8761,-83.45063,1,2024-11-15 19:05:00,2024,11,15,19,5,Friday,19:05,Suspected Serious Injury,Dark-Not Lighted,Clear,Motor Vehicle-In-Transport On Same Roadway,None,THP District 1 - Knoxville,THP,Unbelted,-,-,-,-,-,-,-,-,-,-,-,-,Sevier,Not in City Limit,6
61110,400181062,0,1,35.9634,-85.3584,6,2024-11-18 12:45:00,2024,11,18,12,45,Monday,12:45,Suspected Serious Injury,Daylight,Clear,Utility Pole,None,THP District 6 - Cookeville,THP,Unbelted,Distracted,-,-,-,-,-,-,-,-,-,-,-,White,Not in City Limit,2
61111,400181066,0,1,35.37529,-87.99684,7,2024-11-18 10:10:00,2024,11,18,10,10,Monday,10:10,Suspected Serious Injury,Daylight,Clear,Motor Vehicle-In-Transport On Same Roadway,None,THP District 7 - Lawrenceburg,THP,Unbelted,-,-,-,-,-,-,-,-,-,ATV_Involved,-,-,Wayne,Clifton,2
61123,400181139,0,1,35.36932,-84.41584,2,2024-11-18 15:00:00,2024,11,18,15,0,Monday,15:00,Suspected Serious Injury,Daylight,Clear,Motor Vehicle-In-Transport On Same Roadway,None,THP District 2 - Chattanooga,THP,Unbelted,-,-,-,-,-,-,-,-,-,ATV_Involved,Motorcyclist,-,McMinn,Not in City Limit,2
61143,400181258,0,1,36.15712,-86.7087,3,2024-11-18 16:43:00,2024,11,18,16,43,Monday,16:43,Suspected Serious Injury,Daylight,Clear,Pedestrian,None,METROPOLITAN NASHVILLE POLICE DEPT,Other,Unbelted,-,-,-,-,-,-,Pedestrian,-,-,-,-,-,Davidson,Nashville,2
61158,400181317,0,3,35.5885,-87.03468,7,2024-11-18 17:42:00,2024,11,18,17,42,Monday,17:42,Suspected Serious Injury,Dark-Lighted,Clear,Motor Vehicle-In-Transport On Same Roadway,None,COLUMBIA POLICE DEPT,Other,Unbelted,-,-,-,-,-,-,-,-,-,-,-,-,Maury,Columbia,2
61163,400181331,0,2,35.80033,-89.17212,4,2024-11-17 16:40:00,2024,11,17,16,40,Sunday,16:40,Suspected Serious Injury,Daylight,Clear,Motor Vehicle-In-Transport On Same Roadway,None,THP District 4 - Memphis,THP,Unbelted,-,-,-,Drowsy,Speeding,-,-,-,-,-,-,-,Crockett,Not in City Limit,1
61169,400181371,0,1,35.47371,-89.25681,4,2024-11-19 02:35:00,2024,11,19,2,35,Tuesday,02:35,Suspected Serious Injury,Dark-Not Lighted,Rain,"Over Turn, Roll Over",None,THP District 4 - Memphis,THP,Unbelted,-,-,-,-,Speeding,-,-,-,-,-,-,-,Haywood,Not in City Limit,3
61179,400181430,0,1,36.35773,-86.43925,3,2024-11-18 16:58:00,2024,11,18,16,58,Monday,16:58,Suspected Serious Injury,Dusk,Clear,Motor Vehicle-In-Transport On Same Roadway,None,GALLATIN POLICE DEPT,Other,Unbelted,-,-,-,-,-,-,-,-,-,-,Motorcyclist,-,Sumner,Gallatin,2
61181,400181459,0,1,35.95827,-83.93339,1,2024-11-18 12:25:00,2024,11,18,12,25,Monday,12:25,Suspected Serious Injury,Daylight,Clear,Pedestrian,None,KNOXVILLE POLICE DEPT,Other,Unbelted,-,-,-,-,-,-,Pedestrian,-,-,-,-,-,Knox,Knoxville,2