OBJECTID,MRN,Fatality,Injury,Latitude,Longitude,THP_District,Collision_Date,Collision_Year,Collision_Month,Collision_Day,Collision_Hour,Collision_Min,Collision_DOW,Collision_Time,Crash_Type,Light_Condition,Weather,First_Harmfu_Event,Work_Zone_Type,Agency_Name,THP,Unbelted,Distracted_Driver,Driver_Drinking,Driver_Drugged,Drowsy_Driver,Speeding_Involved,Pedalcyclist,Pedestrian,Other_Nonmotorist,ATV_Involved,LargeTruck_Involved,Motorcycle_Involved,SchoolBus,County,City,DOW_Nmb
61183,400181477,0,1,36.14409,-82.81891,5,2024-11-19 08:18:00,2024,11,19,8,18,Tuesday,08:18,Suspected Serious Injury,Daylight,Cloudy,Standing Tree,None,THP District 5 - Fall Branch,THP,Unbelted,-,-,-,-,-,-,-,-,-,-,-,-,Greene,Not in City Limit,3
61187,400181482,0,1,35.47763,-87.81125,7,2024-11-12 14:50:00,2024,11,12,14,50,Tuesday,14:50,Suspected Serious Injury,Daylight,Clear,Motor Vehicle-In-Transport On Same Roadway,None,THP District 7 - Lawrenceburg,THP,Unbelted,-,-,-,-,-,-,-,-,-,ATV_Involved,Motorcyclist,-,Wayne,Not in City Limit,3
61192,400181499,0,2,36.30764,-89.47578,8,2024-11-19 05:45:00,2024,11,19,5,45,Tuesday,05:45,Suspected Serious Injury,Dark-Not Lighted,Cloudy,Motor Vehicle-In-Transport On Same Roadway,None,THP District 8 - Jackson,THP,Unbelted,-,-,-,-,-,-,-,-,-,-,-,-,Lake,Not in City Limit,3
61197,400181521,0,1,35.15911,-87.34856,7,2024-11-18 09:08:00,2024,11,18,9,8,Monday,09:08,Suspected Serious Injury,Daylight,Clear,Motor Vehicle-In-Transport On Same Roadway,None,THP District 7 - Lawrenceburg,THP,Unbelted,-,-,-,-,-,-,-,-,-,ATV_Involved,-,-,Lawrence,Not in City Limit,2
61202,400181544,1,0,36.21331,-86.29022,3,2024-11-17 19:36:00,2024,11,17,19,36,Sunday,19:36,Fatal,Dark-Lighted,Clear,Pedestrian,None,LEBANON POLICE DEPT,Other,Unbelted,-,-,-,-,-,-,Pedestrian,-,-,-,-,-,Wilson,Lebanon,1
61204,400181550,0,1,36.46526,-82.50556,5,2024-11-19 08:50:00,2024,11,19,8,50,Tuesday,08:50,Suspected Serious Injury,Daylight,Rain,Thrown Or Falling Object,None,THP District 5 - Fall Branch,THP,Unbelted,-,-,-,-,-,-,-,-,-,-,-,-,Sullivan,Kingsport,3
61208,400181562,0,1,35.68913,-87.04043,7,2024-11-19 09:40:00,2024,11,19,9,40,Tuesday,09:40,Suspected Serious Injury,Daylight,Rain,Fence,None,THP District 7 - Lawrenceburg,THP,Unbelted,-,-,-,-,Speeding,-,-,-,-,-,-,-,Maury,Not in City Limit,3
61212,400181589,0,2,35.663,-88.32662,8,2024-11-17 13:44:00,2024,11,17,13,44,Sunday,13:44,Suspected Serious Injury,Daylight,Clear,"Over Turn, Roll Over",None,THP District 8 - Jackson,THP,-,-,-,-,-,Speeding,-,-,-,ATV_Involved,-,-,-,Henderson,Not in City Limit,1
61217,400181612,0,3,36.36724,-88.86739,8,2024-11-19 05:30:00,2024,11,19,5,30,Tuesday,05:30,Suspected Serious Injury,Dark-Not Lighted,Cloudy,Motor Vehicle-In-Transport On Same Roadway,None,THP District 8 - Jackson,THP,Unbelted,-,-,-,-,-,-,-,-,-,-,-,-,Weakley,Not in City Limit,3
61220,400181637,0,1,36.33215,-88.87322,8,2024-11-19 10:34:00,2024,11,19,10,34,Tuesday,10:34,Suspected Serious Injury,Daylight,Clear,Motor Vehicle-In-Transport On Same Roadway,None,MARTIN POLICE DEPT,Other,Unbelted,-,-,-,-,-,-,-,-,-,-,-,-,Weakley,Martin,3
61231,400181699,1,0,35.71467,-89.47114,4,2024-11-17 21:18:00,2024,11,17,21,18,Sunday,21:18,Fatal,Dark-Not Lighted,Clear,Motor Vehicle-In-Transport On Same Roadway,None,THP District 4 - Memphis,THP,Unbelted,-,-,-,-,-,-,-,-,-,-,Motorcyclist,-,Lauderdale,Not in City Limit,1
61244,400181771,0,2,35.54788,-84.46149,1,2024-11-19 10:23:00,2024,11,19,10,23,Tuesday,10:23,Suspected Serious Injury,Daylight,Rain,Ditch,None,MONROE CO SHERIFFS DEPT,Other,Unbelted,-,-,-,-,-,-,-,-,-,-,-,-,Monroe,Not in City Limit,3
61249,400181802,0,2,36.34184,-83.22236,5,2024-11-19 15:43:00,2024,11,19,15,43,Tuesday,15:43,Suspected Serious Injury,Daylight,Cloudy,Motor Vehicle-In-Transport On Same Roadway,None,THP District 5 - Fall Branch,THP,Unbelted,-,-,-,-,-,-,-,-,-,-,-,-,Hawkins,Not in City Limit,3
61277,400181947,0,5,35.68845,-88.77726,8,2024-11-19 17:27:00,2024,11,19,17,27,Tuesday,17:27,Suspected Serious Injury,Dark-Not Lighted,Clear,Motor Vehicle-In-Transport On Same Roadway,None,JACKSON POLICE DEPT,Other,Unbelted,-,-,-,-,Speeding,-,-,-,-,ATV_Involved,-,-,Madison,Jackson,3
61282,400181963,0,1,35.83656,-86.45385,3,2024-11-19 17:49:00,2024,11,19,17,49,Tuesday,17:49,Suspected Serious Injury,Dark-Not Lighted,Rain,Shrubbery,None,RUTHERFORD CO SHERIFFS DEPT,Other,Unbelted,-,-,-,-,-,-,-,-,-,-,-,-,Rutherford,Not in City Limit,3
61298,400182086,1,0,35.99691,-83.71846,1,2024-11-20 03:51:00,2024,11,20,3,51,Wednesday,03:51,Fatal,Dark-Not Lighted,Rain,Motor Vehicle-In-Transport On Same Roadway,None,KNOXVILLE POLICE DEPT,Other,Unbelted,-,-,-,-,-,-,-,-,-,ATV_Involved,-,-,Knox,Knoxville,4
61299,400182097,0,1,35.91735,-84.33594,1,2024-11-20 06:48:00,2024,11,20,6,48,Wednesday,06:48,Suspected Serious Injury,Dawn,Rain,Motor Vehicle-In-Transport On Different Roadway,None,OAK RIDGE POLICE DEPT,Other,Unbelted,-,-,-,-,-,-,-,-,-,-,-,-,Roane,Oak Ridge,4
61301,400182109,0,3,36.07487,-86.63889,3,2024-11-19 21:24:00,2024,11,19,21,24,Tuesday,21:24,Suspected Serious Injury,Dark-Lighted,Rain,Motor Vehicle-In-Transport On Same Roadway,None,METROPOLITAN NASHVILLE POLICE DEPT,Other,Unbelted,-,-,-,-,-,-,-,-,-,-,-,-,Davidson,Nashville,3
61305,400182131,0,1,36.07338,-89.47684,8,2024-11-19 11:30:00,2024,11,19,11,30,Tuesday,11:30,Suspected Serious Injury,Daylight,Clear,Motor Vehicle-In-Transport On Same Roadway,Construction Zone,THP District 8 - Jackson,THP,Unbelted,-,-,-,-,-,-,-,-,-,ATV_Involved,-,-,Dyer,Not in City Limit,3
61327,400182224,1,0,36.57262,-86.48851,3,2024-11-18 16:19:00,2024,11,18,16,19,Monday,16:19,Fatal,Dusk,Clear,Embankment Rock/Stone/Concrete,None,PORTLAND POLICE DEPT,Other,Unbelted,-,-,-,-,-,-,-,-,-,-,-,-,Sumner,Portland,2
61336,400182277,0,2,36.04232,-84.00909,1,2024-11-17 17:41:00,2024,11,17,17,41,Sunday,17:41,Suspected Serious Injury,Dark-Not Lighted,Clear,Motor Vehicle-In-Transport On Same Roadway,None,KNOX CO SHERIFFS OFFICE,Other,Unbelted,-,-,-,-,-,-,-,-,-,-,-,-,Knox,Not in City Limit,1
61346,400182378,1,0,36.33286,-86.54878,3,2024-11-19 15:15:00,2024,11,19,15,15,Tuesday,15:15,Fatal,Daylight,Cloudy,Bridge/Pier Abutment,None,THP District 3 - Nashville,THP,Unbelted,-,-,-,-,-,-,-,-,-,-,-,-,Sumner,Gallatin,3
61354,400182412,0,2,35.89356,-86.76936,3,2024-11-20 14:08:00,2024,11,20,14,8,Wednesday,14:08,Suspected Serious Injury,Daylight,Clear,Motor Vehicle-In-Transport On Same Roadway,None,WILLIAMSON CO SHERIFFS OFFICE,Other,Unbelted,-,-,-,-,-,-,-,-,-,-,-,-,Williamson,Not in City Limit,4
61369,400182472,0,1,36.17291,-86.50191,3,2024-11-18 02:49:00,2024,11,18,2,49,Monday,02:49,Suspected Serious Injury,Dark-Lighted,Clear,Deer,None,MOUNT JULIET POLICE DEPT,Other,Unbelted,-,-,-,-,-,-,-,-,-,-,-,-,Wilson,Mount Juliet,2
61374,400182501,0,1,35.98645,-86.54857,3,2024-11-19 19:46:00,2024,11,19,19,46,Tuesday,19:46,Suspected Serious Injury,Dark-Lighted,Clear,Motor Vehicle-In-Transport On Same Roadway,None,SMYRNA POLICE DEPT,Other,Unbelted,-,-,-,-,-,-,-,-,-,-,-,-,Rutherford,Smyrna,3
61391,400182581,0,2,36.21018,-86.69089,3,2024-11-20 18:30:00,2024,11,20,18,30,Wednesday,18:30,Suspected Serious Injury,Dark-Lighted,Clear,Motor Vehicle-In-Transport On Same Roadway,None,METROPOLITAN NASHVILLE POLICE DEPT,Other,Unbelted,-,-,-,-,Speeding,-,-,-,-,-,-,-,Davidson,Nashville,4
61400,400182626,0,1,35.08598,-86.57064,7,2024-11-20 17:54:00,2024,11,20,17,54,Wednesday,17:54,Suspected Serious Injury,Dark-Not Lighted,Clear,Motor Vehicle-In-Transport On Same Roadway,None,THP District 7 - Lawrenceburg,THP,Unbelted,-,-,-,-,-,-,-,-,-,ATV_Involved,-,-,Lincoln,Not in City Limit,4
61405,400182668,0,1,34.98989,-85.20746,2,2024-11-16 02:55:00,2024,11,16,2,55,Saturday,02:55,Suspected Serious Injury,Dark-Lighted,Clear,Motor Vehicle-In-Transport On Same Roadway,None,EAST RIDGE POLICE DEPT,Other,Unbelted,-,-,-,-,-,-,-,-,-,-,-,-,Hamilton,East Ridge,7
61408,400182687,0,2,36.11828,-86.70028,3,2024-11-19 21:13:00,2024,11,19,21,13,Tuesday,21:13,Suspected Serious Injury,Dark-Lighted,Clear,Motor Vehicle-In-Transport On Same Roadway,None,METROPOLITAN NASHVILLE POLICE DEPT,Other,Unbelted,-,-,-,-,Speeding,-,-,-,-,-,Motorcyclist,-,Davidson,Nashville,3
61420,400182773,0,3,36.31115,-83.28862,5,2024-11-20 16:43:00,2024,11,20,16,43,Wednesday,16:43,Suspected Serious Injury,Daylight,Cloudy,Motor Vehicle-In-Transport On Same Roadway,None,BEAN STATION POLICE DEPT,Other,Unbelted,-,-,Drug,-,-,-,-,-,-,-,-,-,Grainger,Bean Station,4
61437,400182911,1,0,35.77589,-86.91772,3,2024-11-20 17:43:00,2024,11,20,17,43,Wednesday,17:43,Fatal,Dark-Lighted,Clear,Pedal-Cycle,None,SPRING HILL POLICE DEPT,Other,Unbelted,-,-,-,-,-,Pedalcyclist,-,-,-,-,-,-,Williamson,Spring Hill,4
61441,400182938,1,4,35.54695,-88.27334,8,2024-11-21 07:36:00,2024,11,21,7,36,Thursday,07:36,Fatal,Daylight,Clear,Parked Motor Vehicle,None,THP District 8 - Jackson,THP,Unbelted,-,-,-,-,-,-,Pedestrian,-,-,-,-,-,Henderson,Not in City Limit,5
61442,400182941,0,2,35.20858,-86.87786,7,2024-11-21 09:44:00,2024,11,21,9,44,Thursday,09:44,Suspected Serious Injury,Daylight,Clear,Motor Vehicle-In-Transport On Same Roadway,None,THP District 7 - Lawrenceburg,THP,Unbelted,-,-,-,-,-,-,-,-,-,-,-,-,Giles,Not in City Limit,5
61446,400182972,0,1,35.9214,-83.64682,1,2024-11-21 12:18:00,2024,11,21,12,18,Thursday,12:18,Suspected Serious Injury,Daylight,Clear,Motor Vehicle-In-Transport On Same Roadway,None,SEVIER CO SHERIFFS OFFICE,Other,Unbelted,-,-,-,-,-,-,-,-,-,-,Motorcyclist,-,Sevier,Not in City Limit,5
61448,400182993,0,3,36.13753,-87.23937,3,2024-11-17 15:49:00,2024,11,17,15,49,Sunday,15:49,Suspected Serious Injury,Daylight,Clear,Motor Vehicle-In-Transport On Same Roadway,None,THP District 3 - Nashville,THP,Unbelted,-,-,-,-,-,-,-,-,-,-,-,-,Dickson,Not in City Limit,1
61464,400183081,0,2,36.03094,-84.09352,1,2024-11-21 12:02:00,2024,11,21,12,2,Thursday,12:02,Suspected Serious Injury,Daylight,Cloudy,Motor Vehicle-In-Transport On Same Roadway,None,THP District 1 - Knoxville,THP,Unbelted,-,-,-,-,-,-,-,-,-,-,-,-,Anderson,Not in City Limit,5
61471,400183108,0,1,35.95942,-83.17313,5,2024-11-21 16:28:00,2024,11,21,16,28,Thursday,16:28,Suspected Serious Injury,Dusk,Cloudy,Ditch,None,NEWPORT POLICE DEPT,Other,Unbelted,-,-,-,-,-,-,-,-,-,-,-,-,Cocke,Not in City Limit,5
61475,400183140,1,1,35.62296,-88.41861,8,2024-11-21 12:30:00,2024,11,21,12,30,Thursday,12:30,Fatal,Daylight,Clear,Motor Vehicle-In-Transport On Same Roadway,None,LEXINGTON POLICE DEPT,Other,Unbelted,-,-,-,-,-,-,-,-,-,-,-,-,Henderson,Not in City Limit,5
61477,400183161,0,3,35.99669,-86.59656,3,2024-11-16 10:36:00,2024,11,16,10,36,Saturday,10:36,Suspected Serious Injury,Daylight,Clear,Motor Vehicle-In-Transport On Same Roadway,None,LAVERGNE POLICE DEPT,Other,Unbelted,Distracted,-,-,-,-,-,-,-,-,-,-,-,Rutherford,Lavergne,7
61480,400183179,0,1,35.88968,-83.75626,1,2024-11-21 00:00:00,2024,11,21,24,0,Thursday,24:00,Suspected Serious Injury,Dark-Not Lighted,Clear,Embankment Earth,None,SEVIER CO SHERIFFS OFFICE,Other,-,Distracted,-,-,-,-,-,-,-,-,-,-,-,Sevier,Not in City Limit,5
61501,400183285,1,0,35.49999,-84.56778,2,2024-11-19 19:30:00,2024,11,19,19,30,Tuesday,19:30,Fatal,Dark-Not Lighted,Rain,Standing Tree,None,THP District 2 - Chattanooga,THP,Unbelted,-,Drinking,-,-,-,-,-,-,-,-,-,-,McMinn,Niota,3
61503,400183288,1,1,36.10558,-84.5936,1,2024-11-20 15:31:00,2024,11,20,15,31,Wednesday,15:31,Fatal,Daylight,Clear,Motor Vehicle-In-Transport On Same Roadway,None,THP District 1 - Knoxville,THP,Unbelted,-,-,-,-,-,-,-,-,-,-,-,-,Morgan,Wartburg,4
61504,400183295,0,2,35.94581,-85.31525,6,2024-11-21 01:55:00,2024,11,21,1,55,Thursday,01:55,Suspected Serious Injury,Dark-Not Lighted,Clear,Motor Vehicle-In-Transport On Same Roadway,None,THP District 6 - Cookeville,THP,Unbelted,-,-,-,-,-,-,-,-,-,-,-,-,White,Not in City Limit,5
61508,400183308,0,1,35.49263,-89.80913,4,2024-11-21 20:09:00,2024,11,21,20,9,Thursday,20:09,Suspected Serious Injury,Dark-Not Lighted,Clear,Standing Tree,None,THP District 4 - Memphis,THP,Unbelted,-,Drinking,-,-,-,-,-,-,-,-,-,-,Tipton,Not in City Limit,5
61513,400183347,0,1,35.38481,-88.39836,8,2024-11-21 01:30:00,2024,11,21,1,30,Thursday,01:30,Suspected Serious Injury,Dark-Not Lighted,Clear,Bridge Rail,None,THP District 8 - Jackson,THP,Unbelted,-,-,Drug,-,-,-,-,-,-,-,-,-,Chester,Enville,5
61516,400183355,1,0,36.08926,-86.61707,3,2024-11-21 21:21:00,2024,11,21,21,21,Thursday,21:21,Fatal,Dark-Lighted,Clear,"Over Turn, Roll Over",None,METROPOLITAN NASHVILLE POLICE DEPT,Other,Unbelted,-,-,-,-,-,-,-,-,-,-,-,-,Davidson,Nashville,5
61522,400183391,0,2,35.66718,-88.57931,8,2024-11-21 04:37:00,2024,11,21,4,37,Thursday,04:37,Suspected Serious Injury,Dark-Not Lighted,Clear,Standing Tree,None,THP District 8 - Jackson,THP,Unbelted,-,-,-,-,-,-,-,-,-,-,-,-,Henderson,Not in City Limit,5
61523,400183393,0,2,35.64859,-88.42432,8,2024-11-21 23:18:00,2024,11,21,23,18,Thursday,23:18,Suspected Serious Injury,Dark-Not Lighted,Clear,Motor Vehicle-In-Transport On Same Roadway,None,THP District 8 - Jackson,THP,Unbelted,-,-,-,-,-,-,-,-,-,-,-,-,Henderson,Not in City Limit,5
61544,400183482,1,1,35.48542,-84.5964,2,2024-11-21 07:41:00,2024,11,21,7,41,Thursday,07:41,Fatal,Daylight,Clear,Motor Vehicle-In-Transport On Same Roadway,None,ATHENS POLICE DEPT,Other,Unbelted,Distracted,-,-,-,-,-,-,-,-,-,-,-,McMinn,Athens,5
61547,400183500,1,0,36.13606,-85.53156,6,2024-11-22 06:16:00,2024,11,22,6,16,Friday,06:16,Fatal,Dark-Lighted,Rain,Motor Vehicle-In-Transport On Same Roadway,None,THP District 6 - Cookeville,THP,Unbelted,-,-,-,-,-,-,-,-,-,-,-,-,Putnam,Cookeville,6
61552,400183533,0,1,35.66748,-88.8292,8,2024-11-07 15:31:00,2024,11,7,15,31,Thursday,15:31,Suspected Serious Injury,Daylight,Cloudy,Pedestrian,None,JACKSON POLICE DEPT,Other,Unbelted,-,-,-,-,-,-,Pedestrian,-,-,-,-,-,Madison,Jackson,5
61554,400183544,0,1,36.14356,-86.65486,3,2024-11-22 09:43:00,2024,11,22,9,43,Friday,09:43,Suspected Serious Injury,Daylight,Clear,Motor Vehicle-In-Transport On Same Roadway,None,METROPOLITAN NASHVILLE POLICE DEPT,Other,Unbelted,Distracted,-,-,-,-,-,-,-,-,-,Motorcyclist,-,Davidson,Nashville,6
61559,400183569,0,1,35.87583,-84.2382,1,2024-11-22 13:33:00,2024,11,22,13,33,Friday,13:33,Suspected Serious Injury,Daylight,Clear,Motor Vehicle-In-Transport On Same Roadway,None,KNOX CO SHERIFFS OFFICE,Other,Unbelted,-,-,-,-,-,-,-,-,-,-,-,-,Knox,Not in City Limit,6
61562,400183584,1,0,36.54891,-86.49535,3,2024-11-22 11:55:00,2024,11,22,11,55,Friday,11:55,Fatal,Daylight,Cloudy,Railway Train,None,THP District 3 - Nashville,THP,Unbelted,-,-,-,-,-,-,-,-,-,-,-,-,Sumner,Not in City Limit,6
61573,400183636,0,2,36.32792,-87.37446,3,2024-11-22 13:20:00,2024,11,22,13,20,Friday,13:20,Suspected Serious Injury,Daylight,Clear,Motor Vehicle-In-Transport On Same Roadway,None,THP District 3 - Nashville,THP,Unbelted,Distracted,-,-,-,-,-,-,-,-,ATV_Involved,-,-,Montgomery,Not in City Limit,6
61579,400183674,0,1,36.54716,-82.64928,5,2024-11-22 15:45:00,2024,11,22,15,45,Friday,15:45,Suspected Serious Injury,Daylight,Clear,Motor Vehicle-In-Transport On Same Roadway,None,MOUNT CARMEL POLICE DEPT,Other,Unbelted,-,-,-,-,-,-,-,-,-,-,-,-,Hawkins,Mount Carmel,6
61592,400183724,0,2,36.41366,-89.02427,8,2024-11-22 16:09:00,2024,11,22,16,9,Friday,16:09,Suspected Serious Injury,Daylight,Clear,Motor Vehicle-In-Transport On Same Roadway,None,UNION CITY POLICE DEPT,Other,Unbelted,-,-,-,-,-,-,-,-,-,-,-,-,Obion,Union City,6
61601,400183767,0,2,35.92046,-84.07967,1,2024-11-22 18:54:00,2024,11,22,18,54,Friday,18:54,Suspected Serious Injury,Dark-Lighted,Clear,Motor Vehicle-In-Transport On Same Roadway,None,KNOXVILLE POLICE DEPT,Other,Unbelted,-,-,-,-,-,-,-,-,-,-,-,-,Knox,Knoxville,6
61604,400183784,0,1,35.05048,-85.10253,2,2024-11-21 22:00:00,2024,11,21,22,0,Thursday,22:00,Suspected Serious Injury,Dark-Not Lighted,Clear,Culvert,None,HAMILTON COUNTY SHERIFF'S OFFICE,Other,Unbelted,-,Drinking,-,-,-,-,-,-,-,-,-,-,Hamilton,Not in City Limit,5
61613,400183837,0,1,35.97612,-86.82922,3,2024-11-22 19:02:00,2024,11,22,19,2,Friday,19:02,Suspected Serious Injury,Dark-Lighted,Clear,Motor Vehicle-In-Transport On Same Roadway,None,BRENTWOOD POLICE DEPT,Other,Unbelted,-,-,-,-,Speeding,-,-,-,-,-,Motorcyclist,-,Williamson,Brentwood,6
61616,400183851,0,1,35.81058,-89.21481,4,2024-11-22 16:27:00,2024,11,22,16,27,Friday,16:27,Suspected Serious Injury,Dusk,Clear,Motor Vehicle-In-Transport On Same Roadway,None,THP District 4 - Memphis,THP,Unbelted,-,-,-,-,-,-,-,-,-,-,-,-,Crockett,Maury City,6
61621,400183885,0,2,36.07976,-86.9597,3,2024-11-22 00:00:00,2024,11,22,24,0,Friday,24:00,Suspected Serious Injury,Dark-Not Lighted,Clear,Motor Vehicle-In-Transport On Same Roadway,None,METROPOLITAN NASHVILLE POLICE DEPT,Other,Unbelted,-,-,-,-,-,-,-,-,-,-,-,-,Davidson,Nashville,6
61624,400183891,0,2,36.04802,-86.6632,3,2024-11-22 21:08:00,2024,11,22,21,8,Friday,21:08,Suspected Serious Injury,Dark-Not Lighted,Clear,"Over Turn, Roll Over",None,METROPOLITAN NASHVILLE POLICE DEPT,Other,Unbelted,-,Drinking,-,-,-,-,-,-,-,-,-,-,Davidson,Nashville,6
61641,400183986,0,1,35.7173,-88.63581,8,2024-11-22 05:02:00,2024,11,22,5,2,Friday,05:02,Suspected Serious Injury,Dark-Not Lighted,Clear,Motor Vehicle-In-Transport On Same Roadway,None,THP District 8 - Jackson,THP,Unbelted,Distracted,-,-,-,-,-,-,-,-,ATV_Involved,-,-,Madison,Not in City Limit,6
61644,400183997,0,1,36.21918,-86.69332,3,2024-11-22 20:18:00,2024,11,22,20,18,Friday,20:18,Suspected Serious Injury,Dark-Lighted,Clear,Pedestrian,None,METROPOLITAN NASHVILLE POLICE DEPT,Other,Unbelted,-,-,-,-,-,-,Pedestrian,-,-,-,-,-,Davidson,Nashville,6
61651,400184039,0,2,35.74049,-84.50551,1,2024-11-21 10:17:00,2024,11,21,10,17,Thursday,10:17,Suspected Serious Injury,Daylight,Clear,Motor Vehicle-In-Transport On Same Roadway,None,THP District 1 - Knoxville,THP,Unbelted,-,-,-,-,-,-,-,-,-,-,-,-,Roane,Not in City Limit,5
61655,400184070,0,2,36.33929,-89.47555,8,2024-11-23 08:29:00,2024,11,23,8,29,Saturday,08:29,Suspected Serious Injury,Daylight,Clear,Motor Vehicle-In-Transport On Same Roadway,None,THP District 8 - Jackson,THP,Unbelted,-,-,-,-,-,-,-,-,-,-,-,-,Lake,Not in City Limit,7
61660,400184101,0,2,36.1474,-88.09466,8,2024-11-23 14:13:00,2024,11,23,14,13,Saturday,14:13,Suspected Serious Injury,Daylight,Clear,Motor Vehicle-In-Transport On Same Roadway,None,THP District 8 - Jackson,THP,Unbelted,-,Drinking,Drug,-,-,-,-,-,-,ATV_Involved,-,-,Benton,Not in City Limit,7
61661,400184106,0,1,36.38891,-81.75848,5,2024-11-23 08:06:00,2024,11,23,8,6,Saturday,08:06,Suspected Serious Injury,Daylight,Cloudy,Motor Vehicle-In-Transport On Same Roadway,None,THP District 5 - Fall Branch,THP,Unbelted,Distracted,-,-,-,-,-,-,-,-,ATV_Involved,-,-,Johnson,Not in City Limit,7
61675,400184200,1,4,36.02167,-88.44094,8,2024-11-23 12:06:00,2024,11,23,12,6,Saturday,12:06,Fatal,Daylight,Clear,Motor Vehicle-In-Transport On Same Roadway,None,HUNTINGDON POLICE DEPT,Other,Unbelted,-,-,-,-,-,-,-,-,-,-,-,-,Carroll,Huntingdon,7
61676,400184202,0,2,36.45628,-83.62274,5,2024-11-23 15:11:00,2024,11,23,15,11,Saturday,15:11,Suspected Serious Injury,Daylight,Clear,"Over Turn, Roll Over",None,THP District 5 - Fall Branch,THP,-,-,-,-,-,Speeding,-,-,-,-,-,-,-,Claiborne,Not in City Limit,7
61679,400184209,0,2,35.4453,-85.43529,2,2024-11-23 15:20:00,2024,11,23,15,20,Saturday,15:20,Suspected Serious Injury,Daylight,Clear,Embankment Earth,None,THP District 2 - Chattanooga,THP,Unbelted,-,-,-,-,-,-,-,-,-,-,-,-,Sequatchie,Not in City Limit,7
61693,400184281,0,2,35.84488,-86.45071,3,2024-11-23 17:10:00,2024,11,23,17,10,Saturday,17:10,Suspected Serious Injury,Dark-Lighted,Clear,Motor Vehicle-In-Transport On Same Roadway,None,MURFREESBORO POLICE DEPT,Other,Unbelted,Distracted,-,-,-,-,-,-,-,-,-,-,-,Rutherford,Murfreesboro,7
61706,400184340,0,1,35.80703,-86.39746,3,2024-11-23 00:00:00,2024,11,23,24,0,Saturday,24:00,Suspected Serious Injury,Dark-Not Lighted,Clear,Pedestrian,None,MURFREESBORO POLICE DEPT,Other,Unbelted,-,-,-,-,-,-,Pedestrian,-,-,-,-,-,Rutherford,Murfreesboro,7
61708,400184344,0,1,36.12576,-83.36322,5,2024-11-23 19:25:00,2024,11,23,19,25,Saturday,19:25,Suspected Serious Injury,Dark-Not Lighted,Clear,Other Fixed Object,None,THP District 5 - Fall Branch,THP,Unbelted,-,Drinking,-,-,-,-,-,-,-,-,-,-,Jefferson,Not in City Limit,7
61729,400184459,0,1,35.63441,-89.54098,4,2024-11-23 23:15:00,2024,11,23,23,15,Saturday,23:15,Suspected Serious Injury,Dark-Not Lighted,Clear,Embankment Earth,None,THP District 4 - Memphis,THP,Unbelted,-,Drinking,-,-,Speeding,-,-,-,-,-,-,-,Lauderdale,Not in City Limit,7
61738,400184510,1,0,35.83696,-83.92358,1,2024-11-24 04:18:00,2024,11,24,4,18,Sunday,04:18,Fatal,Dark-Not Lighted,Clear,Standing Tree,None,BLOUNT CO SHERIFFS DEPT,Other,Unbelted,-,-,-,-,Speeding,-,-,-,-,-,-,-,Blount,Not in City Limit,1
61749,400184563,0,1,35.58904,-84.18488,1,2024-11-23 16:14:00,2024,11,23,16,14,Saturday,16:14,Suspected Serious Injury,Daylight,Clear,Highway Traffic Sign Post,None,MONROE CO SHERIFFS DEPT,Other,-,-,-,-,-,-,-,-,-,-,-,Motorcyclist,-,Monroe,Not in City Limit,7
61755,400184592,1,2,35.78518,-84.0635,1,2024-11-24 12:09:00,2024,11,24,12,9,Sunday,12:09,Fatal,Daylight,Clear,Motor Vehicle-In-Transport On Same Roadway,None,BLOUNT CO SHERIFFS DEPT,Other,Unbelted,-,-,-,-,-,-,-,-,-,-,-,-,Blount,Not in City Limit,1
61759,400184605,1,1,36.43764,-84.24948,1,2024-11-23 20:10:00,2024,11,23,20,10,Saturday,20:10,Fatal,Dark-Not Lighted,Clear,Other Animal,None,THP District 1 - Knoxville,THP,Unbelted,-,-,-,-,-,-,-,-,-,-,-,-,Campbell,Not in City Limit,7
61772,400184658,0,3,36.32578,-82.27048,5,2024-11-23 21:52:00,2024,11,23,21,52,Saturday,21:52,Suspected Serious Injury,Dark-Lighted,Clear,Motor Vehicle-In-Transport On Same Roadway,None,ELIZABETHTON POLICE DEPT,Other,Unbelted,-,-,-,-,-,-,-,-,-,-,-,-,Carter,Elizabethton,7
61774,400184669,0,2,36.26691,-86.71091,3,2024-11-24 14:45:00,2024,11,24,14,45,Sunday,14:45,Suspected Serious Injury,Dusk,Clear,Motor Vehicle-In-Transport On Same Roadway,None,METROPOLITAN NASHVILLE POLICE DEPT,Other,Unbelted,-,-,-,-,-,-,-,-,-,-,Motorcyclist,-,Davidson,Nashville,1
61780,400184697,0,3,35.91455,-86.47097,3,2024-11-22 18:01:00,2024,11,22,18,1,Friday,18:01,Suspected Serious Injury,Dusk,Clear,Motor Vehicle-In-Transport On Same Roadway,None,THP District 3 - Nashville,THP,Unbelted,Distracted,Drinking,Drug,-,-,-,-,-,-,-,-,-,Rutherford,Not in City Limit,6