OBJECTID,MRN,Fatality,Injury,Latitude,Longitude,THP_District,Collision_Date,Collision_Year,Collision_Month,Collision_Day,Collision_Hour,Collision_Min,Collision_DOW,Collision_Time,Crash_Type,Light_Condition,Weather,First_Harmfu_Event,Work_Zone_Type,Agency_Name,THP,Unbelted,Distracted_Driver,Driver_Drinking,Driver_Drugged,Drowsy_Driver,Speeding_Involved,Pedalcyclist,Pedestrian,Other_Nonmotorist,ATV_Involved,LargeTruck_Involved,Motorcycle_Involved,SchoolBus,County,City,DOW_Nmb
61781,400184699,0,3,35.63526,-88.82332,8,2024-11-24 16:00:00,2024,11,24,16,0,Sunday,16:00,Suspected Serious Injury,Daylight,Clear,Motor Vehicle-In-Transport On Different Roadway,None,JACKSON POLICE DEPT,Other,Unbelted,-,-,-,-,-,-,-,-,-,-,-,-,Madison,Jackson,1
61791,400184758,0,1,35.88362,-84.15508,1,2024-11-24 16:32:00,2024,11,24,16,32,Sunday,16:32,Suspected Serious Injury,Daylight,Clear,"Over Turn, Roll Over",None,THP District 1 - Knoxville,THP,-,-,-,-,-,Speeding,-,-,-,-,-,Motorcyclist,-,Knox,Farragut,1
61793,400184773,0,1,35.03104,-85.26156,2,2024-11-24 16:19:00,2024,11,24,16,19,Sunday,16:19,Suspected Serious Injury,Daylight,Clear,Motor Vehicle-In-Transport On Same Roadway,None,CHATTANOOGA POLICE DEPT,Other,Unbelted,-,-,-,-,-,-,-,-,-,-,Motorcyclist,-,Hamilton,Chattanooga,1
61799,400184790,0,2,35.56647,-84.09664,1,2024-11-24 16:45:00,2024,11,24,16,45,Sunday,16:45,Suspected Serious Injury,Daylight,Clear,Bridge Rail,None,THP District 1 - Knoxville,THP,Unbelted,-,-,-,-,-,-,-,-,-,-,-,-,Monroe,Not in City Limit,1
61809,400184864,0,1,36.22441,-85.55,6,2024-11-24 00:00:00,2024,11,24,24,0,Sunday,24:00,Suspected Serious Injury,Dark-Not Lighted,Clear,Standing Tree,None,PUTNAM COUNTY SHERIFF'S OFFICE,Other,Unbelted,-,-,-,-,-,-,-,-,-,-,-,-,Putnam,Not in City Limit,1
61811,400184869,1,0,36.11057,-86.5291,3,2024-11-23 01:41:00,2024,11,23,1,41,Saturday,01:41,Fatal,Dark-Lighted,Clear,Embankment Earth,None,THP District 3 - Nashville,THP,Unbelted,-,-,-,-,-,-,-,-,-,-,-,-,Wilson,Not in City Limit,7
61816,400184882,0,2,36.09618,-83.34854,5,2024-11-24 22:33:00,2024,11,24,22,33,Sunday,22:33,Suspected Serious Injury,Dark-Not Lighted,Clear,Motor Vehicle-In-Transport On Same Roadway,None,THP District 5 - Fall Branch,THP,Unbelted,-,Drinking,Drug,-,-,-,-,-,-,-,-,-,Jefferson,Not in City Limit,1
61819,400184896,1,1,35.68111,-88.74375,8,2024-11-24 21:39:00,2024,11,24,21,39,Sunday,21:39,Fatal,Dark-Not Lighted,Clear,Motor Vehicle-In-Transport On Same Roadway,None,THP District 8 - Jackson,THP,Unbelted,-,Drinking,-,-,-,-,-,-,-,-,-,-,Madison,Jackson,1
61820,400184897,0,1,36.06134,-83.96025,1,2024-11-25 00:00:00,2024,11,25,24,0,Monday,24:00,Suspected Serious Injury,Dark-Lighted,Clear,Deer,None,KNOX CO SHERIFFS OFFICE,Other,-,-,-,-,-,-,-,-,-,-,-,Motorcyclist,-,Knox,Not in City Limit,2
61823,400184928,1,0,36.04914,-86.66533,3,2024-11-11 18:41:00,2024,11,11,18,41,Monday,18:41,Fatal,Dark-Not Lighted,Clear,Pedestrian,None,METROPOLITAN NASHVILLE POLICE DEPT,Other,Unbelted,-,-,-,-,-,-,Pedestrian,-,-,-,-,-,Davidson,Nashville,2
61825,400184945,0,1,36.12998,-86.90084,3,2024-11-11 21:45:00,2024,11,11,21,45,Monday,21:45,Suspected Serious Injury,Dark-Lighted,Clear,Pedestrian,None,METROPOLITAN NASHVILLE POLICE DEPT,Other,Unbelted,-,-,-,-,-,-,Pedestrian,-,-,-,-,-,Davidson,Nashville,2
61827,400184962,1,1,36.25514,-86.84723,3,2024-11-23 20:33:00,2024,11,23,20,33,Saturday,20:33,Fatal,Dark-Lighted,Clear,"Over Turn, Roll Over",None,METROPOLITAN NASHVILLE POLICE DEPT,Other,Unbelted,-,-,Drug,-,Speeding,-,-,-,-,-,-,-,Davidson,Nashville,7
61832,400184975,1,0,36.14725,-86.75773,3,2024-11-17 02:21:00,2024,11,17,2,21,Sunday,02:21,Fatal,Dark-Lighted,Clear,Pedestrian,None,METROPOLITAN NASHVILLE POLICE DEPT,Other,Unbelted,-,Drinking,Drug,-,-,-,Pedestrian,-,-,-,-,-,Davidson,Nashville,1
61837,400184990,2,5,36.36062,-88.95975,8,2024-11-22 07:30:00,2024,11,22,7,30,Friday,07:30,Fatal,Daylight,Clear,Motor Vehicle-In-Transport On Same Roadway,None,THP District 8 - Jackson,THP,Unbelted,-,-,-,-,-,-,-,-,-,-,-,-,Obion,Not in City Limit,6
61850,400185083,0,1,36.53576,-84.48308,1,2024-11-23 22:00:00,2024,11,23,22,0,Saturday,22:00,Suspected Serious Injury,Dark-Lighted,Clear,Motor Vehicle-In-Transport On Same Roadway,None,ONEIDA POLICE DEPT,Other,Unbelted,-,-,-,-,-,-,-,-,-,-,-,-,Scott,Oneida,7
61852,400185092,0,3,35.82835,-85.01924,6,2024-11-25 06:00:00,2024,11,25,6,0,Monday,06:00,Suspected Serious Injury,Dark-Not Lighted,Clear,Motor Vehicle-In-Transport On Same Roadway,None,THP District 6 - Cookeville,THP,Unbelted,-,Drinking,Drug,-,-,-,-,-,-,-,-,-,Cumberland,Not in City Limit,2
61854,400185111,0,2,35.82835,-85.01924,6,2024-11-25 06:00:00,2024,11,25,6,0,Monday,06:00,Suspected Serious Injury,Dark-Not Lighted,Clear,Motor Vehicle-In-Transport On Same Roadway,None,THP District 6 - Cookeville,THP,Unbelted,-,Drinking,Drug,-,-,-,-,-,-,-,-,-,Cumberland,Not in City Limit,2
61862,400185135,1,0,36.01712,-83.60846,5,2024-11-25 15:08:00,2024,11,25,15,8,Monday,15:08,Fatal,Daylight,Clear,Motor Vehicle-In-Transport On Same Roadway,None,JEFFERSON CO SHERIFFS DEPT,Other,Unbelted,-,-,-,-,-,-,-,-,-,-,Motorcyclist,-,Jefferson,Not in City Limit,2
61865,400185140,0,2,36.04431,-86.68733,3,2024-11-25 14:17:00,2024,11,25,14,17,Monday,14:17,Suspected Serious Injury,Daylight,Cloudy,Motor Vehicle-In-Transport On Same Roadway,None,METROPOLITAN NASHVILLE POLICE DEPT,Other,Unbelted,-,-,-,-,-,-,-,-,-,-,-,-,Davidson,Nashville,2
61868,400185159,1,1,35.469,-88.37608,8,2024-11-24 17:15:00,2024,11,24,17,15,Sunday,17:15,Fatal,Dark-Not Lighted,Clear,Motor Vehicle-In-Transport On Same Roadway,None,THP District 8 - Jackson,THP,Unbelted,-,-,-,-,-,-,-,-,-,ATV_Involved,-,-,Chester,Not in City Limit,1
61917,400185373,0,4,36.23218,-86.47516,3,2024-11-15 22:36:00,2024,11,15,22,36,Friday,22:36,Suspected Serious Injury,Dark-Not Lighted,Clear,Motor Vehicle-In-Transport On Same Roadway,None,THP District 3 - Nashville,THP,Unbelted,-,-,-,Drowsy,-,-,-,-,-,-,-,-,Wilson,Not in City Limit,6
61918,400185388,0,1,36.022,-87.33898,3,2024-11-25 18:27:00,2024,11,25,18,27,Monday,18:27,Suspected Serious Injury,Dark-Lighted,Clear,Pedestrian,None,DICKSON POLICE DEPT,Other,Unbelted,-,-,-,-,-,-,Pedestrian,-,-,-,-,-,Dickson,Dickson,2
61919,400185396,0,3,35.69496,-84.43407,1,2024-11-24 02:55:00,2024,11,24,2,55,Sunday,02:55,Suspected Serious Injury,Dark-Not Lighted,Clear,Other Post/Pole Support,None,THP District 1 - Knoxville,THP,Unbelted,-,-,-,-,-,-,-,-,-,-,-,-,Loudon,Not in City Limit,1
61920,400185405,0,1,36.02465,-86.58642,3,2024-11-26 04:05:00,2024,11,26,4,5,Tuesday,04:05,Suspected Serious Injury,Dark-Lighted,Clear,Motor Vehicle-In-Transport On Same Roadway,None,LAVERGNE POLICE DEPT,Other,Unbelted,-,-,-,-,-,-,-,-,-,-,-,-,Rutherford,Lavergne,3
61921,400185408,0,1,35.98506,-83.30138,5,2024-11-25 11:22:00,2024,11,25,11,22,Monday,11:22,Suspected Serious Injury,Daylight,Clear,"Over Turn, Roll Over",None,THP District 5 - Fall Branch,THP,Unbelted,-,-,-,-,-,-,-,-,-,-,-,-,Jefferson,Not in City Limit,2
61922,400185422,0,1,35.866,-83.7492,1,2024-11-25 00:00:00,2024,11,25,24,0,Monday,24:00,Suspected Serious Injury,Dusk,Clear,Motor Vehicle-In-Transport On Same Roadway,None,SEVIER CO SHERIFFS OFFICE,Other,Unbelted,-,-,-,-,-,-,-,-,-,-,Motorcyclist,-,Sevier,Not in City Limit,2
61925,400185436,0,1,36.17542,-85.46905,6,2024-11-25 16:49:00,2024,11,25,16,49,Monday,16:49,Suspected Serious Injury,Dusk,Clear,Pedestrian,None,COOKEVILLE POLICE DEPT,Other,Unbelted,-,-,-,-,-,Pedalcyclist,-,-,-,-,-,-,Putnam,Cookeville,2
61935,400185488,0,1,36.19095,-86.35789,3,2024-11-09 23:13:00,2024,11,9,23,13,Saturday,23:13,Suspected Serious Injury,Dark-Not Lighted,Rain,Fire Hydrant,None,LEBANON POLICE DEPT,Other,Unbelted,-,-,-,-,-,-,-,-,-,-,-,-,Wilson,Lebanon,7
61952,400185603,0,1,36.20806,-84.10828,1,2024-11-26 12:21:00,2024,11,26,12,21,Tuesday,12:21,Suspected Serious Injury,Daylight,Clear,Guard Rail Face,None,ANDERSON CO SHERIFFS DEPT,Other,Unbelted,-,-,-,-,-,-,-,-,-,-,Motorcyclist,-,Anderson,Not in City Limit,3
61954,400185616,1,0,35.05607,-86.64513,7,2024-11-25 21:54:00,2024,11,25,21,54,Monday,21:54,Fatal,Dark-Not Lighted,Rain,Mail Box,None,THP District 7 - Lawrenceburg,THP,-,-,Drinking,-,-,-,-,-,-,ATV_Involved,-,-,-,Lincoln,Not in City Limit,2
61964,400185660,0,3,35.81113,-88.81126,8,2024-11-22 07:30:00,2024,11,22,7,30,Friday,07:30,Suspected Serious Injury,Dawn,Clear,Motor Vehicle-In-Transport On Same Roadway,None,THP District 8 - Jackson,THP,Unbelted,Distracted,-,-,-,-,-,-,-,-,-,-,-,Gibson,Not in City Limit,6
61971,400185700,0,2,35.90447,-83.58137,1,2024-11-26 15:40:00,2024,11,26,15,40,Tuesday,15:40,Suspected Serious Injury,Daylight,Clear,Motor Vehicle-In-Transport On Same Roadway,None,SEVIERVILLE POLICE DEPT,Other,Unbelted,-,-,-,-,-,-,-,-,-,-,-,-,Sevier,Sevierville,3
61985,400185777,0,1,35.30289,-88.95116,4,2024-11-26 14:12:00,2024,11,26,14,12,Tuesday,14:12,Suspected Serious Injury,Daylight,Clear,Ditch,None,HARDEMAN CO SHERIFFS DEPT,Other,Unbelted,-,-,-,-,-,-,-,-,-,-,-,-,Hardeman,Not in City Limit,3
61987,400185797,1,0,35.68466,-85.77114,6,2024-11-26 17:00:00,2024,11,26,17,0,Tuesday,17:00,Fatal,Dark-Lighted,Clear,Pedestrian,None,MCMINNVILLE POLICE DEPT,Other,Unbelted,-,-,-,-,-,-,Pedestrian,-,-,-,-,-,Warren,McMinnville,3
61990,400185817,0,1,35.51548,-83.98814,1,2024-11-25 16:32:00,2024,11,25,16,32,Monday,16:32,Suspected Serious Injury,Daylight,Clear,Embankment Earth,None,THP District 1 - Knoxville,THP,Unbelted,-,-,-,-,-,-,-,-,-,-,-,-,Blount,Not in City Limit,2
61996,400185842,1,1,36.15114,-87.5112,3,2024-11-26 15:28:00,2024,11,26,15,28,Tuesday,15:28,Fatal,Daylight,Clear,Motor Vehicle-In-Transport On Same Roadway,None,THP District 3 - Nashville,THP,Unbelted,-,-,Drug,-,-,-,-,-,-,-,-,-,Dickson,Not in City Limit,3
61997,400185854,0,1,36.43596,-81.80524,5,2024-11-26 18:01:00,2024,11,26,18,1,Tuesday,18:01,Suspected Serious Injury,Dark-Not Lighted,Clear,Pedestrian,None,THP District 5 - Fall Branch,THP,Unbelted,-,-,-,-,-,-,Pedestrian,-,-,-,-,-,Johnson,Not in City Limit,3
62000,400185866,0,2,35.28955,-84.81515,2,2024-11-26 18:50:00,2024,11,26,18,50,Tuesday,18:50,Suspected Serious Injury,Dark-Not Lighted,Clear,Motor Vehicle-In-Transport On Same Roadway,None,THP District 2 - Chattanooga,THP,Unbelted,-,-,-,-,-,-,-,-,-,-,-,-,Bradley,Not in City Limit,3
62002,400185869,0,3,35.65794,-85.88574,6,2024-11-26 16:21:00,2024,11,26,16,21,Tuesday,16:21,Suspected Serious Injury,Daylight,Clear,Motor Vehicle-In-Transport On Same Roadway,None,THP District 6 - Cookeville,THP,Unbelted,-,Drinking,-,-,-,-,-,-,-,-,-,-,Warren,Not in City Limit,3
62007,400185898,1,1,36.01546,-88.02476,8,2024-11-25 17:06:00,2024,11,25,17,6,Monday,17:06,Fatal,Dark-Not Lighted,Rain,Motor Vehicle-In-Transport On Same Roadway,None,THP District 8 - Jackson,THP,Unbelted,-,-,Drug,-,-,-,-,-,-,ATV_Involved,-,-,Benton,Not in City Limit,2
62025,400186032,0,1,36.29717,-82.13718,5,2024-11-26 16:43:00,2024,11,26,16,43,Tuesday,16:43,Suspected Serious Injury,Dusk,Clear,Motor Vehicle-In-Transport On Same Roadway,None,THP District 5 - Fall Branch,THP,Unbelted,Distracted,-,-,-,-,-,-,-,-,-,-,-,Carter,Not in City Limit,3
62043,400186115,0,3,35.50639,-89.7382,4,2024-11-23 13:04:00,2024,11,23,13,4,Saturday,13:04,Suspected Serious Injury,Daylight,Clear,"Over Turn, Roll Over",None,THP District 4 - Memphis,THP,Unbelted,-,-,-,-,-,-,-,-,-,-,-,-,Tipton,Not in City Limit,7
62047,400186132,0,2,35.83277,-83.94255,1,2024-11-26 15:31:00,2024,11,26,15,31,Tuesday,15:31,Suspected Serious Injury,Daylight,Clear,Motor Vehicle-In-Transport On Same Roadway,None,THP District 1 - Knoxville,THP,Unbelted,-,-,Drug,-,-,-,-,-,-,-,-,-,Blount,Rockford,3
62051,400186173,1,0,36.11205,-86.70976,3,2024-11-25 22:19:00,2024,11,25,22,19,Monday,22:19,Fatal,Dark-Lighted,Clear,Other Non-Fixed Object,None,METROPOLITAN NASHVILLE POLICE DEPT,Other,Unbelted,-,Drinking,Drug,-,Speeding,-,-,-,-,-,-,-,Davidson,Nashville,2
62069,400186284,0,1,35.86127,-88.65838,8,2024-11-27 13:21:00,2024,11,27,13,21,Wednesday,13:21,Suspected Serious Injury,Daylight,Cloudy,Motor Vehicle-In-Transport On Same Roadway,None,THP District 8 - Jackson,THP,Unbelted,-,-,-,-,-,-,-,-,-,-,-,-,Carroll,Not in City Limit,4
62070,400186288,1,0,36.27707,-82.92487,5,2024-11-27 12:44:00,2024,11,27,12,44,Wednesday,12:44,Fatal,Daylight,Clear,Motor Vehicle-In-Transport On Same Roadway,None,THP District 5 - Fall Branch,THP,Unbelted,-,-,Drug,-,-,-,-,-,-,-,-,-,Greene,Not in City Limit,4
62073,400186319,1,0,35.03943,-87.73049,7,2024-11-26 15:50:00,2024,11,26,15,50,Tuesday,15:50,Fatal,Daylight,Clear,"Over Turn, Roll Over",None,THP District 7 - Lawrenceburg,THP,-,-,Drinking,Drug,-,-,-,-,-,ATV_Involved,-,-,-,Wayne,Not in City Limit,3
62078,400186342,0,1,36.24997,-84.02073,1,2024-11-27 18:09:00,2024,11,27,18,9,Wednesday,18:09,Suspected Serious Injury,Dark-Not Lighted,Clear,Embankment Earth,None,ANDERSON CO SHERIFFS DEPT,Other,Unbelted,-,-,-,-,Speeding,-,-,-,-,-,-,-,Anderson,Not in City Limit,4
62082,400186371,0,2,36.4416,-81.90804,5,2024-11-27 18:24:00,2024,11,27,18,24,Wednesday,18:24,Suspected Serious Injury,Dark-Not Lighted,Clear,Motor Vehicle-In-Transport On Same Roadway,None,THP District 5 - Fall Branch,THP,Unbelted,-,-,-,-,-,-,-,-,-,-,-,-,Johnson,Not in City Limit,4
62086,400186390,0,3,35.9649,-83.92413,1,2024-11-27 17:21:00,2024,11,27,17,21,Wednesday,17:21,Suspected Serious Injury,Dark-Lighted,Clear,Motor Vehicle-In-Transport On Same Roadway,None,KNOXVILLE POLICE DEPT,Other,Unbelted,-,-,-,-,-,-,-,-,-,-,-,-,Knox,Knoxville,4
62094,400186416,0,1,35.39022,-88.43501,8,2024-11-27 17:00:00,2024,11,27,17,0,Wednesday,17:00,Suspected Serious Injury,Dark-Not Lighted,Rain,Motor Vehicle-In-Transport On Same Roadway,None,THP District 8 - Jackson,THP,Unbelted,-,-,-,-,-,-,-,-,-,-,-,-,Chester,Enville,4
62121,400186572,0,2,36.02601,-85.1552,6,2024-11-27 10:19:00,2024,11,27,10,19,Wednesday,10:19,Suspected Serious Injury,Daylight,Clear,Motor Vehicle-In-Transport On Same Roadway,None,THP District 6 - Cookeville,THP,Unbelted,-,-,-,-,-,-,-,-,-,-,-,-,Cumberland,Not in City Limit,4
62127,400186590,0,5,36.41572,-89.07279,8,2024-11-27 16:38:00,2024,11,27,16,38,Wednesday,16:38,Suspected Serious Injury,Dusk,Rain,Motor Vehicle-In-Transport On Same Roadway,None,UNION CITY POLICE DEPT,Other,Unbelted,-,-,-,-,-,-,-,-,-,-,-,-,Obion,Union City,4
62128,400186596,0,1,36.06834,-88.09606,8,2024-11-27 15:23:00,2024,11,27,15,23,Wednesday,15:23,Suspected Serious Injury,Daylight,Cloudy,Ditch,None,CAMDEN POLICE DEPT,Other,Unbelted,-,Drinking,Drug,-,-,-,-,-,-,-,-,-,Benton,Camden,4
62155,400186727,0,1,35.40718,-84.45644,2,2024-11-27 19:51:00,2024,11,27,19,51,Wednesday,19:51,Suspected Serious Injury,Dark-Not Lighted,Clear,Embankment Earth,None,THP District 2 - Chattanooga,THP,Unbelted,-,-,-,-,-,-,-,-,-,-,-,-,McMinn,Not in City Limit,4
62157,400186731,0,1,35.90653,-88.77077,8,2024-11-28 17:15:00,2024,11,28,17,15,Thursday,17:15,Suspected Serious Injury,Dark-Lighted,Clear,Motor Vehicle-In-Transport On Same Roadway,None,MILAN POLICE DEPT,Other,Unbelted,-,-,-,-,-,-,-,-,-,-,-,-,Gibson,Milan,5
62161,400186767,0,2,35.46421,-85.32586,2,2024-11-28 18:51:00,2024,11,28,18,51,Thursday,18:51,Suspected Serious Injury,Dark-Not Lighted,Clear,"Over Turn, Roll Over",None,THP District 2 - Chattanooga,THP,Unbelted,-,Drinking,Drug,-,-,-,-,-,-,-,-,-,Bledsoe,Not in City Limit,5
62164,400186780,0,5,36.34792,-84.19301,1,2024-11-28 00:20:00,2024,11,28,0,20,Thursday,00:20,Suspected Serious Injury,Dark-Not Lighted,Rain,Embankment Earth,None,THP District 1 - Knoxville,THP,Unbelted,-,Drinking,Drug,-,Speeding,-,-,-,-,-,-,-,Campbell,Not in City Limit,5
62165,400186781,0,1,35.14131,-85.92662,2,2024-11-28 00:00:00,2024,11,28,24,0,Thursday,24:00,Suspected Serious Injury,Dark-Not Lighted,Clear,Embankment Earth,None,FRANKLIN CO SHERIFFS DEPT,Other,Unbelted,-,-,-,-,-,-,-,-,-,-,-,-,Franklin,Not in City Limit,5
62176,400186847,0,1,36.12429,-86.80861,3,2024-11-29 02:20:00,2024,11,29,2,20,Friday,02:20,Suspected Serious Injury,Dark-Lighted,Clear,Embankment Earth,None,METROPOLITAN NASHVILLE POLICE DEPT,Other,Unbelted,-,-,-,-,-,-,-,-,-,-,-,-,Davidson,Nashville,6
62178,400186853,0,1,36.07713,-86.49648,3,2024-11-28 03:02:00,2024,11,28,3,2,Thursday,03:02,Suspected Serious Injury,Unknown,Clear,Utility Pole,None,RUTHERFORD CO SHERIFFS DEPT,Other,Unbelted,-,Drinking,-,-,-,-,-,-,-,-,-,-,Rutherford,Not in City Limit,5
62186,400186892,1,0,36.17077,-86.515,3,2024-11-20 17:44:00,2024,11,20,17,44,Wednesday,17:44,Fatal,Dark-Lighted,Clear,Motor Vehicle-In-Transport On Same Roadway,None,THP District 3 - Nashville,THP,Unbelted,-,-,-,-,-,-,-,-,-,-,-,-,Wilson,Mount Juliet,4
62188,400186895,0,1,35.08458,-84.73231,2,2024-11-29 00:00:00,2024,11,29,24,0,Friday,24:00,Suspected Serious Injury,Daylight,Clear,Ditch,None,THP District 2 - Chattanooga,THP,Unbelted,-,-,-,Drowsy,-,-,-,-,-,-,-,-,Polk,Not in City Limit,6
62189,400186903,0,1,36.13876,-86.72698,3,2024-11-29 08:02:00,2024,11,29,8,2,Friday,08:02,Suspected Serious Injury,Daylight,Clear,"Over Turn, Roll Over",None,METROPOLITAN NASHVILLE POLICE DEPT,Other,Unbelted,-,-,-,-,-,-,-,-,-,-,-,-,Davidson,Nashville,6
62190,400186908,0,7,35.93086,-88.49359,8,2024-11-28 12:29:00,2024,11,28,12,29,Thursday,12:29,Suspected Serious Injury,Daylight,Clear,Motor Vehicle-In-Transport On Same Roadway,None,THP District 8 - Jackson,THP,Unbelted,-,-,-,-,-,-,-,-,-,ATV_Involved,-,-,Carroll,Not in City Limit,5
62201,400186962,1,0,35.08815,-84.73082,2,2024-11-29 09:14:00,2024,11,29,9,14,Friday,09:14,Fatal,Daylight,Clear,Motor Vehicle-In-Transport On Same Roadway,None,THP District 2 - Chattanooga,THP,Unbelted,-,-,-,-,-,-,-,-,-,ATV_Involved,-,-,Polk,Not in City Limit,6
62219,400187058,1,1,35.52956,-84.42812,1,2024-11-25 18:24:00,2024,11,25,18,24,Monday,18:24,Fatal,Dark-Not Lighted,Clear,Motor Vehicle-In-Transport On Same Roadway,None,THP District 1 - Knoxville,THP,Unbelted,-,-,Drug,-,-,-,-,-,-,-,-,-,Monroe,Not in City Limit,2
62224,400187095,0,2,35.82678,-86.3501,3,2024-11-29 17:49:00,2024,11,29,17,49,Friday,17:49,Suspected Serious Injury,Dark-Lighted,Clear,Motor Vehicle-In-Transport On Same Roadway,None,MURFREESBORO POLICE DEPT,Other,Unbelted,-,-,-,-,-,-,-,-,-,-,-,-,Rutherford,Murfreesboro,6
62227,400187110,0,2,35.98651,-83.89,1,2024-11-29 17:44:00,2024,11,29,17,44,Friday,17:44,Suspected Serious Injury,Dark-Not Lighted,Clear,Motor Vehicle-In-Transport On Same Roadway,None,KNOXVILLE POLICE DEPT,Other,Unbelted,-,-,-,-,-,-,-,-,-,-,-,-,Knox,Knoxville,6
62236,400187149,1,0,35.11097,-88.36774,8,2024-11-29 20:07:00,2024,11,29,20,7,Friday,20:07,Fatal,Dark-Not Lighted,Clear,Standing Tree,None,THP District 8 - Jackson,THP,Unbelted,-,-,-,-,-,-,-,-,-,-,-,-,Hardin,Not in City Limit,6
62239,400187163,0,2,35.20356,-86.9052,7,2024-11-28 15:22:00,2024,11,28,15,22,Thursday,15:22,Suspected Serious Injury,Daylight,Clear,Embankment Earth,None,THP District 7 - Lawrenceburg,THP,Unbelted,-,Drinking,Drug,-,-,-,-,-,-,-,-,-,Giles,Not in City Limit,5
62245,400187182,0,1,36.30905,-86.8242,3,2024-11-29 22:20:00,2024,11,29,22,20,Friday,22:20,Suspected Serious Injury,Dark-Not Lighted,Clear,Guard Rail Face,None,METROPOLITAN NASHVILLE POLICE DEPT,Other,Unbelted,-,-,-,-,-,-,-,-,-,-,-,-,Davidson,Nashville,6
62252,400187239,0,2,35.1145,-84.9744,2,2024-11-29 23:30:00,2024,11,29,23,30,Friday,23:30,Suspected Serious Injury,Dark-Not Lighted,Clear,Ditch,None,THP District 2 - Chattanooga,THP,Unbelted,-,-,-,-,-,-,-,-,-,-,-,-,Bradley,Not in City Limit,6
62257,400187265,0,1,36.1595,-88.75863,8,2024-11-30 05:06:00,2024,11,30,5,6,Saturday,05:06,Suspected Serious Injury,Dark-Not Lighted,Clear,Culvert,None,THP District 8 - Jackson,THP,Unbelted,-,-,-,-,-,-,-,-,-,-,-,-,Weakley,Not in City Limit,7
62265,400187319,0,1,35.96709,-83.25817,5,2024-11-30 00:00:00,2024,11,30,24,0,Saturday,24:00,Suspected Serious Injury,Unknown,Unknown,Standing Tree,None,COCKE CO SHERIFFS DEPT,Other,Unbelted,-,-,-,-,-,-,-,-,-,-,-,-,Cocke,Not in City Limit,7
62267,400187338,0,3,35.35245,-86.20713,2,2024-11-30 00:00:00,2024,11,30,24,0,Saturday,24:00,Suspected Serious Injury,Daylight,Clear,Motor Vehicle-In-Transport On Same Roadway,None,TULLAHOMA POLICE DEPT,Other,Unbelted,-,-,Drug,Drowsy,-,-,-,-,-,-,-,-,Coffee,Tullahoma,7
62273,400187377,1,0,35.83039,-83.29749,1,2024-11-29 18:12:00,2024,11,29,18,12,Friday,18:12,Fatal,Dark-Not Lighted,Clear,Pedestrian,None,THP District 1 - Knoxville,THP,Unbelted,-,-,-,-,-,-,Pedestrian,-,-,-,-,-,Sevier,Not in City Limit,6
62281,400187426,0,1,35.50617,-85.4055,2,2024-11-29 14:23:00,2024,11,29,14,23,Friday,14:23,Suspected Serious Injury,Daylight,Clear,"Over Turn, Roll Over",None,THP District 2 - Chattanooga,THP,-,-,Drinking,-,-,Speeding,-,-,-,-,-,-,-,Sequatchie,Not in City Limit,6
62291,400187482,0,2,36.10253,-83.90987,1,2024-11-28 19:01:00,2024,11,28,19,1,Thursday,19:01,Suspected Serious Injury,Dark-Not Lighted,Clear,Motor Vehicle-In-Transport On Same Roadway,None,THP District 1 - Knoxville,THP,Unbelted,-,Drinking,Drug,-,-,-,-,-,-,-,-,-,Knox,Not in City Limit,5
62293,400187486,0,1,36.21515,-86.59794,3,2024-11-30 17:34:00,2024,11,30,17,34,Saturday,17:34,Suspected Serious Injury,Dark-Lighted,Clear,Motor Vehicle-In-Transport On Same Roadway,None,METROPOLITAN NASHVILLE POLICE DEPT,Other,Unbelted,-,-,-,-,-,-,-,-,-,-,-,-,Davidson,Nashville,7
62305,400187522,0,1,35.75633,-83.92314,1,2024-11-30 19:48:00,2024,11,30,19,48,Saturday,19:48,Suspected Serious Injury,Dark-Not Lighted,Clear,Pedestrian,None,MARYVILLE POLICE DEPT,Other,Unbelted,-,-,-,-,-,-,Pedestrian,-,-,-,-,-,Blount,Maryville,7
62309,400187556,0,1,36.19439,-86.57813,3,2024-11-30 21:34:00,2024,11,30,21,34,Saturday,21:34,Suspected Serious Injury,Dark-Not Lighted,Clear,Mail Box,None,METROPOLITAN NASHVILLE POLICE DEPT,Other,Unbelted,-,Drinking,-,-,-,-,-,-,-,-,-,-,Davidson,Nashville,7
62311,400187563,0,1,35.66751,-88.82785,8,2024-11-30 23:04:00,2024,11,30,23,4,Saturday,23:04,Suspected Serious Injury,Dark-Lighted,Clear,Pedestrian,None,JACKSON POLICE DEPT,Other,Unbelted,-,-,-,-,-,-,Pedestrian,-,-,-,-,-,Madison,Jackson,7
62313,400187584,0,1,35.35962,-85.69997,2,2024-11-30 20:08:00,2024,11,30,20,8,Saturday,20:08,Suspected Serious Injury,Dark-Not Lighted,Clear,Utility Pole,None,THP District 2 - Chattanooga,THP,Unbelted,-,-,Drug,-,-,-,-,-,-,-,-,-,Grundy,Coalmont,7
62315,400187601,0,1,35.25792,-89.87293,4,2024-12-01 02:29:00,2024,12,1,2,29,Sunday,02:29,Suspected Serious Injury,Dark-Not Lighted,Clear,Ditch,None,THP District 4 - Memphis,THP,Unbelted,-,-,-,-,-,-,-,-,-,-,-,-,Shelby,Not in City Limit,1