OBJECTID,MRN,Fatality,Injury,Latitude,Longitude,THP_District,Collision_Date,Collision_Year,Collision_Month,Collision_Day,Collision_Hour,Collision_Min,Collision_DOW,Collision_Time,Crash_Type,Light_Condition,Weather,First_Harmfu_Event,Work_Zone_Type,Agency_Name,THP,Unbelted,Distracted_Driver,Driver_Drinking,Driver_Drugged,Drowsy_Driver,Speeding_Involved,Pedalcyclist,Pedestrian,Other_Nonmotorist,ATV_Involved,LargeTruck_Involved,Motorcycle_Involved,SchoolBus,County,City,DOW_Nmb
62325,400187654,0,1,35.92748,-85.42102,6,2024-12-01 06:00:00,2024,12,1,6,0,Sunday,06:00,Suspected Serious Injury,Dawn,Clear,Standing Tree,None,THP District 6 - Cookeville,THP,Unbelted,Distracted,Drinking,Drug,-,Speeding,-,-,-,-,-,-,-,White,Not in City Limit,1
62332,400187690,0,1,36.32837,-85.40729,6,2024-12-01 08:21:00,2024,12,1,8,21,Sunday,08:21,Suspected Serious Injury,Daylight,Clear,Ditch,None,THP District 6 - Cookeville,THP,Unbelted,-,-,-,-,-,-,-,-,-,-,-,-,Overton,Not in City Limit,1
62333,400187702,0,1,36.08039,-87.03909,3,2024-12-01 08:46:00,2024,12,1,8,46,Sunday,08:46,Suspected Serious Injury,Daylight,Clear,Embankment Rock/Stone/Concrete,None,THP District 3 - Nashville,THP,Unbelted,-,-,-,-,-,-,-,-,-,-,-,-,Cheatham,Pegram,1
62337,400187714,1,0,35.1915,-87.04878,7,2024-12-01 09:28:00,2024,12,1,9,28,Sunday,09:28,Fatal,Daylight,Clear,Pedestrian,None,PULASKI POLICE DEPT,Other,Unbelted,Distracted,-,-,-,-,-,Pedestrian,-,-,-,-,-,Giles,Not in City Limit,1
62346,400187760,0,1,35.28394,-84.7577,2,2024-11-30 00:00:00,2024,11,30,0,0,Saturday,00:00,Suspected Serious Injury,Dark-Not Lighted,Clear,Embankment Earth,None,CHARLESTON POLICE DEPT,Other,Unbelted,-,Drinking,-,-,Speeding,-,-,-,-,-,-,-,Bradley,Charleston,7
62365,400187874,0,3,36.30639,-86.6994,3,2024-12-01 03:58:00,2024,12,1,3,58,Sunday,03:58,Suspected Serious Injury,Dark-Lighted,Clear,Motor Vehicle-In-Transport On Same Roadway,None,GOODLETTSVILLE POLICE DEPT,Other,Unbelted,-,-,-,Drowsy,-,-,-,-,-,-,-,-,Davidson,Goodlettsville,1
62376,400187924,0,3,36.3953,-86.90107,3,2024-11-29 22:44:00,2024,11,29,22,44,Friday,22:44,Suspected Serious Injury,Dark-Lighted,Clear,Ditch,Work Zone,THP District 3 - Nashville,THP,Unbelted,-,-,-,-,-,-,-,-,-,-,-,-,Robertson,Coopertown,6
62381,400187943,0,1,36.54709,-85.96404,6,2024-12-01 02:30:00,2024,12,1,2,30,Sunday,02:30,Suspected Serious Injury,Dark-Not Lighted,Clear,Ditch,None,MACON CO SHERIFFS OFFICE,Other,Unbelted,Distracted,Drinking,-,-,-,-,-,-,-,-,-,-,Macon,Not in City Limit,1
62392,400187989,0,1,35.53,-86.77009,7,2024-11-27 20:40:00,2024,11,27,20,40,Wednesday,20:40,Suspected Serious Injury,Dark-Not Lighted,Clear,Ditch,None,THP District 7 - Lawrenceburg,THP,Unbelted,-,Drinking,Drug,-,-,-,-,-,-,-,-,-,Marshall,Not in City Limit,4
62394,400188004,1,0,35.93913,-84.00714,1,2024-12-01 20:17:00,2024,12,1,20,17,Sunday,20:17,Fatal,Dark-Lighted,Clear,Pedestrian,None,KNOXVILLE POLICE DEPT,Other,Unbelted,-,-,-,-,-,-,Pedestrian,-,-,-,-,-,Knox,Knoxville,1
62397,400188014,1,0,35.92732,-84.04852,1,2024-12-01 22:46:00,2024,12,1,22,46,Sunday,22:46,Fatal,Dark-Lighted,Clear,Motor Vehicle-In-Transport On Same Roadway,None,KNOXVILLE POLICE DEPT,Other,Unbelted,-,-,-,-,-,-,-,-,-,ATV_Involved,-,-,Knox,Knoxville,1
62411,400188094,0,2,36.55067,-87.38544,3,2024-12-02 02:21:00,2024,12,2,2,21,Monday,02:21,Suspected Serious Injury,Dark-Lighted,Clear,Motor Vehicle-In-Transport On Same Roadway,None,THP District 3 - Nashville,THP,Unbelted,-,Drinking,-,-,-,-,-,-,-,-,-,-,Montgomery,Clarksville,2
62419,400188120,0,2,36.07897,-88.11145,8,2024-12-02 06:50:00,2024,12,2,6,50,Monday,06:50,Suspected Serious Injury,Daylight,Clear,Motor Vehicle-In-Transport On Same Roadway,None,THP District 8 - Jackson,THP,Unbelted,-,-,-,-,-,-,-,-,-,-,-,-,Benton,Camden,2
62451,400188383,0,1,35.95866,-83.81549,1,2024-12-02 17:40:00,2024,12,2,17,40,Monday,17:40,Suspected Serious Injury,Dark-Not Lighted,Clear,Pedestrian,Unknown,KNOX CO SHERIFFS OFFICE,Other,Unbelted,-,-,-,-,-,-,Pedestrian,-,-,-,-,-,Knox,Not in City Limit,2
62457,400188407,0,1,36.51913,-82.72082,5,2024-12-02 20:25:00,2024,12,2,20,25,Monday,20:25,Suspected Serious Injury,Dark-Not Lighted,Snow,Motor Vehicle-In-Transport On Same Roadway,None,THP District 5 - Fall Branch,THP,Unbelted,-,-,-,-,-,-,-,-,-,ATV_Involved,-,-,Hawkins,Church Hill,2
62479,400188502,0,2,36.24246,-83.24399,5,2024-12-03 00:00:00,2024,12,3,24,0,Tuesday,24:00,Suspected Serious Injury,Dark-Unknown Lighting,Clear,Ditch,None,MORRISTOWN POLICE DEPT,Other,Unbelted,Distracted,-,-,-,Speeding,-,-,-,-,-,-,-,Hamblen,Morristown,3
62480,400188504,1,0,36.09041,-83.90414,1,2024-12-03 00:09:00,2024,12,3,0,9,Tuesday,00:09,Fatal,Dark-Not Lighted,Clear,Ditch,None,KNOX CO SHERIFFS OFFICE,Other,Unbelted,-,-,-,-,-,-,-,-,-,-,-,-,Knox,Not in City Limit,3
62491,400188568,1,2,36.01912,-83.61102,5,2024-12-02 17:00:00,2024,12,2,17,0,Monday,17:00,Fatal,Dusk,Clear,Motor Vehicle-In-Transport On Same Roadway,None,THP District 5 - Fall Branch,THP,Unbelted,-,-,-,-,-,-,-,-,-,-,-,-,Jefferson,Not in City Limit,2
62496,400188586,0,1,35.51801,-86.13956,2,2024-12-03 07:00:00,2024,12,3,7,0,Tuesday,07:00,Suspected Serious Injury,Dawn,Cloudy,Motor Vehicle-In-Transport On Same Roadway,None,THP District 2 - Chattanooga,THP,Unbelted,-,-,-,-,-,-,-,-,-,-,-,-,Coffee,Not in City Limit,3
62506,400188720,1,1,36.06547,-85.22217,6,2024-12-03 06:40:00,2024,12,3,6,40,Tuesday,06:40,Fatal,Daylight,Cloudy,Motor Vehicle-In-Transport On Same Roadway,None,THP District 6 - Cookeville,THP,Unbelted,-,-,Drug,-,-,-,-,-,-,ATV_Involved,-,-,Cumberland,Not in City Limit,3
62507,400188725,0,1,36.05611,-89.38075,8,2024-12-03 11:06:00,2024,12,3,11,6,Tuesday,11:06,Suspected Serious Injury,Daylight,Clear,Motor Vehicle-In-Transport On Same Roadway,None,DYERSBURG POLICE DEPT,Other,Unbelted,-,-,-,-,-,-,-,-,-,-,-,-,Dyer,Dyersburg,3
62509,400188739,0,1,35.9725,-83.92395,1,2024-12-03 13:46:00,2024,12,3,13,46,Tuesday,13:46,Suspected Serious Injury,Daylight,Clear,Pedestrian,None,KNOXVILLE POLICE DEPT,Other,Unbelted,-,-,-,-,-,-,Pedestrian,-,-,-,-,-,Knox,Knoxville,3
62514,400188772,0,1,36.03143,-89.27998,8,2024-12-02 10:44:00,2024,12,2,10,44,Monday,10:44,Suspected Serious Injury,Daylight,Clear,Ditch,None,THP District 8 - Jackson,THP,Unbelted,-,Drinking,Drug,-,-,-,-,-,-,-,-,-,Dyer,Not in City Limit,2
62526,400188821,1,0,35.92916,-86.52543,3,2024-12-01 03:22:00,2024,12,1,3,22,Sunday,03:22,Fatal,Dark-Not Lighted,Cloudy,Embankment Earth,None,THP District 3 - Nashville,THP,Unbelted,-,-,-,-,-,-,-,-,-,-,-,-,Rutherford,Not in City Limit,1
62528,400188828,1,0,36.42077,-89.06193,8,2024-12-03 13:51:00,2024,12,3,13,51,Tuesday,13:51,Fatal,Daylight,Clear,Standing Tree,None,UNION CITY POLICE DEPT,Other,Unbelted,-,Drinking,Drug,-,-,-,-,-,-,-,-,-,Obion,Union City,3
62543,400188889,0,1,36.38397,-84.9233,6,2024-12-03 08:35:00,2024,12,3,8,35,Tuesday,08:35,Suspected Serious Injury,Daylight,Cloudy,Other Fixed Object,None,THP District 6 - Cookeville,THP,Unbelted,-,-,-,-,-,-,-,-,-,-,-,-,Fentress,Not in City Limit,3
62573,400189028,0,3,36.01991,-84.25633,1,2024-12-03 18:53:00,2024,12,3,18,53,Tuesday,18:53,Suspected Serious Injury,Dark-Lighted,Clear,Motor Vehicle-In-Transport On Same Roadway,None,OAK RIDGE POLICE DEPT,Other,Unbelted,-,-,Drug,-,-,-,-,-,-,-,-,-,Anderson,Oak Ridge,3
62578,400189045,0,1,36.16576,-83.77213,5,2024-12-03 20:46:00,2024,12,3,20,46,Tuesday,20:46,Suspected Serious Injury,Dark-Not Lighted,Clear,Utility Pole,None,THP District 5 - Fall Branch,THP,Unbelted,-,-,-,-,-,-,-,-,-,-,-,-,Union,Not in City Limit,3
62583,400189056,0,1,36.22527,-86.62601,3,2024-12-04 00:04:00,2024,12,4,0,4,Wednesday,00:04,Suspected Serious Injury,Dark-Not Lighted,Clear,Culvert,None,METROPOLITAN NASHVILLE POLICE DEPT,Other,Unbelted,-,Drinking,-,-,-,-,-,-,-,-,-,-,Davidson,Nashville,4
62589,400189084,0,2,35.96859,-83.97441,1,2024-12-04 04:16:00,2024,12,4,4,16,Wednesday,04:16,Suspected Serious Injury,Dark-Lighted,Clear,Motor Vehicle-In-Transport On Same Roadway,None,KNOXVILLE POLICE DEPT,Other,Unbelted,Distracted,-,-,-,-,-,-,-,-,-,-,-,Knox,Knoxville,4
62593,400189111,0,1,35.60143,-86.73456,7,2024-12-04 05:51:00,2024,12,4,5,51,Wednesday,05:51,Suspected Serious Injury,Dark-Not Lighted,Cloudy,Embankment Earth,None,THP District 7 - Lawrenceburg,THP,Unbelted,-,-,-,Drowsy,-,-,-,-,-,-,-,-,Marshall,Not in City Limit,4
62605,400189170,0,1,36.53919,-87.80267,3,2024-12-04 00:00:00,2024,12,4,0,0,Wednesday,00:00,Suspected Serious Injury,Dark-Not Lighted,Clear,Motor Vehicle-In-Transport On Same Roadway,None,THP District 3 - Nashville,THP,Unbelted,-,-,-,-,-,-,-,-,-,ATV_Involved,-,-,Stewart,Not in City Limit,4
62611,400189204,0,2,35.43825,-86.29813,7,2024-12-04 10:15:00,2024,12,4,10,15,Wednesday,10:15,Suspected Serious Injury,Daylight,Clear,"Over Turn, Roll Over",None,THP District 7 - Lawrenceburg,THP,Unbelted,-,-,-,-,-,-,-,-,-,-,-,-,Bedford,Not in City Limit,4
62613,400189211,0,1,35.66566,-88.38427,8,2024-12-04 08:50:00,2024,12,4,8,50,Wednesday,08:50,Suspected Serious Injury,Daylight,Clear,Motor Vehicle-In-Transport On Same Roadway,None,THP District 8 - Jackson,THP,Unbelted,-,-,-,-,-,-,-,-,-,-,-,-,Henderson,Lexington,4
62618,400189238,1,0,35.64513,-87.82268,7,2024-12-04 07:35:00,2024,12,4,7,35,Wednesday,07:35,Fatal,Daylight,Clear,"Over Turn, Roll Over",None,THP District 7 - Lawrenceburg,THP,Unbelted,Distracted,-,Drug,-,-,-,-,-,-,-,-,-,Perry,Not in City Limit,4
62634,400189351,1,1,35.89527,-86.44239,3,2024-12-04 12:51:00,2024,12,4,12,51,Wednesday,12:51,Fatal,Daylight,Clear,Motor Vehicle-In-Transport On Same Roadway,None,MURFREESBORO POLICE DEPT,Other,Unbelted,-,-,Drug,-,-,-,-,-,-,-,-,-,Rutherford,Murfreesboro,4
62635,400189360,0,3,35.71605,-84.01616,1,2024-12-04 16:05:00,2024,12,4,16,5,Wednesday,16:05,Suspected Serious Injury,Daylight,Clear,Motor Vehicle-In-Transport On Same Roadway,None,MARYVILLE POLICE DEPT,Other,Unbelted,Distracted,-,-,-,-,-,-,-,-,-,-,-,Blount,Maryville,4
62637,400189378,0,4,35.21955,-87.27188,7,2024-12-04 15:57:00,2024,12,4,15,57,Wednesday,15:57,Suspected Serious Injury,Daylight,Cloudy,Motor Vehicle-In-Transport On Same Roadway,None,THP District 7 - Lawrenceburg,THP,Unbelted,-,-,-,-,-,-,-,-,-,-,-,-,Lawrence,Not in City Limit,4
62653,400189506,1,0,35.50202,-86.08625,2,2024-12-04 19:01:00,2024,12,4,19,1,Wednesday,19:01,Fatal,Dark-Lighted,Clear,Pedestrian,None,MANCHESTER POLICE DEPT,Other,Unbelted,-,-,-,-,-,-,Pedestrian,-,-,-,-,-,Coffee,Manchester,4
62660,400189553,0,1,35.84927,-83.75432,1,2024-11-30 00:00:00,2024,11,30,24,0,Saturday,24:00,Suspected Serious Injury,Dark-Not Lighted,Clear,Standing Tree,None,SEVIER CO SHERIFFS OFFICE,Other,Unbelted,-,-,-,-,-,-,-,-,-,-,-,-,Sevier,Not in City Limit,7
62662,400189558,0,2,35.91493,-83.74302,1,2024-11-26 03:00:00,2024,11,26,3,0,Tuesday,03:00,Suspected Serious Injury,Dark-Not Lighted,Rain,Standing Tree,None,SEVIER CO SHERIFFS OFFICE,Other,Unbelted,-,-,-,-,Speeding,-,-,-,-,-,-,-,Sevier,Not in City Limit,3
62663,400189560,0,5,36.14187,-86.73356,3,2024-12-04 23:10:00,2024,12,4,23,10,Wednesday,23:10,Suspected Serious Injury,Dark-Lighted,Clear,Motor Vehicle-In-Transport On Same Roadway,None,METROPOLITAN NASHVILLE POLICE DEPT,Other,Unbelted,-,-,-,-,-,-,-,-,-,ATV_Involved,-,-,Davidson,Nashville,4
62667,400189588,0,1,36.11301,-84.77951,1,2024-12-01 22:29:00,2024,12,1,22,29,Sunday,22:29,Suspected Serious Injury,Dark-Not Lighted,Clear,Standing Tree,None,THP District 1 - Knoxville,THP,Unbelted,-,-,Drug,-,-,-,-,-,-,-,-,-,Morgan,Not in City Limit,1
62668,400189594,0,2,36.08263,-86.71041,3,2024-12-05 03:35:00,2024,12,5,3,35,Thursday,03:35,Suspected Serious Injury,Dark-Lighted,Clear,Motor Vehicle-In-Transport On Same Roadway,None,METROPOLITAN NASHVILLE POLICE DEPT,Other,Unbelted,-,-,-,-,-,-,-,-,-,-,-,-,Davidson,Nashville,5
62670,400189623,0,1,35.88314,-86.35738,3,2024-12-05 06:34:00,2024,12,5,6,34,Thursday,06:34,Suspected Serious Injury,Dawn,Clear,Standing Tree,None,MURFREESBORO POLICE DEPT,Other,Unbelted,-,-,-,-,-,-,-,-,-,-,-,-,Rutherford,Murfreesboro,5
62680,400189666,0,3,36.16505,-86.6978,3,2024-12-05 08:08:00,2024,12,5,8,8,Thursday,08:08,Suspected Serious Injury,Daylight,Clear,Motor Vehicle-In-Transport On Same Roadway,None,METROPOLITAN NASHVILLE POLICE DEPT,Other,Unbelted,-,-,-,-,Speeding,-,-,-,-,-,-,-,Davidson,Nashville,5
62681,400189667,0,4,36.61602,-86.5485,3,2024-12-01 00:00:00,2024,12,1,24,0,Sunday,24:00,Suspected Serious Injury,Daylight,Clear,Motor Vehicle-In-Transport On Same Roadway,None,PORTLAND POLICE DEPT,Other,Unbelted,-,-,-,-,-,-,-,-,-,-,-,-,Sumner,Portland,1
62692,400189706,1,0,36.11407,-85.06102,6,2024-12-05 08:00:00,2024,12,5,8,0,Thursday,08:00,Fatal,Daylight,Clear,Culvert,None,THP District 6 - Cookeville,THP,Unbelted,-,-,-,-,-,-,-,-,-,-,-,-,Cumberland,Not in City Limit,5
62694,400189730,0,1,35.51571,-86.81655,7,2024-12-05 09:47:00,2024,12,5,9,47,Thursday,09:47,Suspected Serious Injury,Daylight,Clear,Embankment Earth,None,THP District 7 - Lawrenceburg,THP,Unbelted,-,-,-,-,-,-,-,-,-,-,-,-,Marshall,Not in City Limit,5
62707,400189788,0,3,35.4343,-88.6484,8,2024-12-05 12:30:00,2024,12,5,12,30,Thursday,12:30,Suspected Serious Injury,Daylight,Clear,Motor Vehicle-In-Transport On Same Roadway,None,HENDERSON POLICE DEPT,Other,Unbelted,-,-,-,-,-,-,-,-,-,-,-,-,Chester,Henderson,5
62726,400189897,1,0,35.61497,-87.16426,7,2024-12-04 15:53:00,2024,12,4,15,53,Wednesday,15:53,Fatal,Daylight,Clear,Motor Vehicle-In-Transport On Same Roadway,None,THP District 7 - Lawrenceburg,THP,Unbelted,-,-,Drug,-,-,-,-,-,-,ATV_Involved,-,-,Maury,Not in City Limit,4
62730,400189905,0,1,36.33019,-88.26206,8,2024-12-05 14:54:00,2024,12,5,14,54,Thursday,14:54,Suspected Serious Injury,Daylight,Clear,Motor Vehicle-In-Transport On Same Roadway,None,THP District 8 - Jackson,THP,Unbelted,-,-,-,-,-,-,-,-,-,-,-,-,Henry,Not in City Limit,5
62746,400189981,0,2,35.99214,-87.08943,3,2024-12-05 15:23:00,2024,12,5,15,23,Thursday,15:23,Suspected Serious Injury,Daylight,Clear,Motor Vehicle-In-Transport On Same Roadway,None,FAIRVIEW POLICE DEPT,Other,Unbelted,-,-,-,-,-,-,-,-,-,-,-,-,Williamson,Fairview,5
62747,400189984,0,2,35.86064,-86.40705,3,2024-12-05 17:20:00,2024,12,5,17,20,Thursday,17:20,Suspected Serious Injury,Dark-Not Lighted,Clear,Motor Vehicle-In-Transport On Same Roadway,None,MURFREESBORO POLICE DEPT,Other,Unbelted,-,-,-,-,-,-,-,-,-,-,-,-,Rutherford,Murfreesboro,5
62756,400190044,1,1,35.04818,-89.68905,4,2024-12-05 16:55:00,2024,12,5,16,55,Thursday,16:55,Fatal,Dusk,Clear,Motor Vehicle-In-Transport On Same Roadway,None,COLLIERVILLE POLICE DEPT,Other,Unbelted,-,-,-,-,-,-,-,-,-,-,-,-,Shelby,Collierville,5
62760,400190085,0,1,35.97251,-83.95276,1,2024-12-05 17:55:00,2024,12,5,17,55,Thursday,17:55,Suspected Serious Injury,Dark-Lighted,Clear,Pedestrian,None,KNOXVILLE POLICE DEPT,Other,Unbelted,-,-,-,-,-,-,Pedestrian,-,-,-,-,-,Knox,Knoxville,5
62764,400190102,0,1,36.4325,-88.85752,8,2024-12-05 19:45:00,2024,12,5,19,45,Thursday,19:45,Suspected Serious Injury,Dark-Not Lighted,Clear,Ditch,None,OBION CO SHERIFFS DEPT,Other,Unbelted,Distracted,Drinking,-,-,-,-,-,-,-,-,-,-,Obion,Not in City Limit,5
62766,400190113,0,1,36.52914,-82.39347,5,2024-12-05 22:26:00,2024,12,5,22,26,Thursday,22:26,Suspected Serious Injury,Dark-Not Lighted,Clear,Motor Vehicle-In-Transport On Same Roadway,None,THP District 5 - Fall Branch,THP,Unbelted,Distracted,-,-,Drowsy,-,-,-,-,-,ATV_Involved,-,-,Sullivan,Kingsport,5
62767,400190125,0,1,35.8219,-86.85204,3,2024-12-06 01:31:00,2024,12,6,1,31,Friday,01:31,Suspected Serious Injury,Dark-Not Lighted,Clear,Ditch,None,THP District 3 - Nashville,THP,Unbelted,-,-,-,-,Speeding,-,-,-,-,ATV_Involved,-,-,Williamson,Not in City Limit,6
62788,400190276,0,3,35.77697,-86.05235,6,2024-12-06 07:38:00,2024,12,6,7,38,Friday,07:38,Suspected Serious Injury,Daylight,Clear,Motor Vehicle-In-Transport On Same Roadway,None,THP District 6 - Cookeville,THP,Unbelted,Distracted,-,-,-,-,-,-,-,-,-,-,-,Cannon,Not in City Limit,6
62830,400190595,0,1,35.75179,-89.1653,4,2024-12-06 15:45:00,2024,12,6,15,45,Friday,15:45,Suspected Serious Injury,Daylight,Clear,Ditch,None,THP District 4 - Memphis,THP,Unbelted,-,-,-,-,-,-,-,-,-,-,-,-,Crockett,Not in City Limit,6
62832,400190601,0,3,36.15393,-85.62833,6,2024-12-06 15:53:00,2024,12,6,15,53,Friday,15:53,Suspected Serious Injury,Daylight,Clear,Motor Vehicle-In-Transport On Same Roadway,None,THP District 6 - Cookeville,THP,Unbelted,-,-,-,-,Speeding,-,-,-,-,-,-,-,Putnam,Baxter,6
62848,400190669,0,3,35.85566,-86.40341,3,2024-12-06 19:03:00,2024,12,6,19,3,Friday,19:03,Suspected Serious Injury,Dark-Lighted,Clear,Motor Vehicle-In-Transport On Same Roadway,None,MURFREESBORO POLICE DEPT,Other,Unbelted,Distracted,Drinking,-,-,-,-,-,-,-,-,-,-,Rutherford,Murfreesboro,6
62853,400190706,0,2,35.89007,-83.95482,1,2024-12-07 02:29:00,2024,12,7,2,29,Saturday,02:29,Suspected Serious Injury,Dark-Not Lighted,Clear,"Over Turn, Roll Over",None,KNOXVILLE POLICE DEPT,Other,Unbelted,-,-,-,-,-,-,-,-,-,-,-,-,Knox,Knoxville,7
62855,400190713,0,2,35.62729,-87.02937,7,2024-12-06 22:19:00,2024,12,6,22,19,Friday,22:19,Suspected Serious Injury,Dark-Lighted,Clear,Motor Vehicle-In-Transport On Same Roadway,None,COLUMBIA POLICE DEPT,Other,Unbelted,-,Drinking,-,-,-,-,-,-,-,ATV_Involved,-,-,Maury,Columbia,6
62858,400190724,0,1,35.95082,-86.76602,3,2024-12-07 04:32:00,2024,12,7,4,32,Saturday,04:32,Suspected Serious Injury,Dark-Lighted,Clear,Fence,None,BRENTWOOD POLICE DEPT,Other,Unbelted,-,Drinking,-,Drowsy,-,-,-,-,-,-,-,-,Williamson,Brentwood,7
62864,400190765,0,1,35.0271,-89.7472,4,2024-12-07 05:50:00,2024,12,7,5,50,Saturday,05:50,Suspected Serious Injury,Dark-Not Lighted,Clear,Motor Vehicle-In-Transport On Same Roadway,None,THP District 4 - Memphis,THP,Unbelted,-,-,-,-,-,-,-,-,-,ATV_Involved,-,-,Shelby,Not in City Limit,7
62865,400190777,0,1,35.63626,-87.00164,7,2024-12-07 06:54:00,2024,12,7,6,54,Saturday,06:54,Suspected Serious Injury,Daylight,Clear,Mail Box,None,COLUMBIA POLICE DEPT,Other,Unbelted,-,-,-,-,-,-,-,-,-,-,-,-,Maury,Columbia,7
62872,400190823,1,1,35.6721,-84.08717,1,2024-12-05 21:16:00,2024,12,5,21,16,Thursday,21:16,Fatal,Dark-Not Lighted,Clear,Standing Tree,None,THP District 1 - Knoxville,THP,Unbelted,-,Drinking,Drug,-,-,-,-,-,-,-,-,-,Blount,Not in City Limit,5
62880,400190859,0,3,36.21333,-86.42162,3,2024-12-07 10:59:00,2024,12,7,10,59,Saturday,10:59,Suspected Serious Injury,Daylight,Clear,Motor Vehicle-In-Transport On Same Roadway,None,LEBANON POLICE DEPT,Other,Unbelted,-,-,-,-,-,-,-,-,-,-,-,-,Wilson,Lebanon,7
62882,400190868,0,1,36.12221,-85.60928,6,2024-12-07 11:55:00,2024,12,7,11,55,Saturday,11:55,Suspected Serious Injury,Daylight,Clear,Embankment Earth,None,THP District 6 - Cookeville,THP,Unbelted,-,-,-,-,-,-,-,-,-,-,-,-,Putnam,Not in City Limit,7
62892,400190929,0,1,35.89019,-83.17738,5,2024-12-06 00:00:00,2024,12,6,24,0,Friday,24:00,Suspected Serious Injury,Dark-Not Lighted,Clear,Standing Tree,None,COCKE CO SHERIFFS DEPT,Other,Unbelted,Distracted,Drinking,-,-,-,-,-,-,-,-,-,-,Cocke,Not in City Limit,6
62900,400191006,0,1,36.42056,-82.06873,5,2024-12-07 17:35:00,2024,12,7,17,35,Saturday,17:35,Suspected Serious Injury,Dark-Not Lighted,Clear,Motor Vehicle-In-Transport On Same Roadway,None,THP District 5 - Fall Branch,THP,-,-,-,-,-,-,-,-,-,-,-,Motorcyclist,-,Carter,Not in City Limit,7
62903,400191014,0,1,36.10977,-88.10523,8,2024-12-06 15:48:00,2024,12,6,15,48,Friday,15:48,Suspected Serious Injury,Daylight,Clear,Ditch,None,THP District 8 - Jackson,THP,-,-,Drinking,Drug,-,-,-,-,-,-,-,Motorcyclist,-,Benton,Not in City Limit,6
62904,400191024,0,1,36.11345,-86.92278,3,2024-12-07 18:51:00,2024,12,7,18,51,Saturday,18:51,Suspected Serious Injury,Dark-Not Lighted,Clear,Motor Vehicle-In-Transport On Same Roadway,None,METROPOLITAN NASHVILLE POLICE DEPT,Other,Unbelted,-,-,-,-,-,-,-,-,-,-,-,-,Davidson,Nashville,7
62916,400191079,0,2,35.09408,-89.81151,4,2024-12-07 23:28:00,2024,12,7,23,28,Saturday,23:28,Suspected Serious Injury,Dark-Lighted,Clear,Motor Vehicle-In-Transport On Same Roadway,None,GERMANTOWN POLICE DEPT,Other,Unbelted,-,-,-,-,-,-,-,-,-,-,-,-,Shelby,Germantown,7
62928,400191124,0,1,35.98977,-84.18971,1,2024-12-08 02:59:00,2024,12,8,2,59,Sunday,02:59,Suspected Serious Injury,Dark-Not Lighted,Clear,Guard Rail End,None,KNOX CO SHERIFFS OFFICE,Other,Unbelted,-,Drinking,-,-,Speeding,-,-,-,-,-,-,-,Knox,Not in City Limit,1
62933,400191156,0,1,36.10939,-83.75033,1,2024-12-08 09:27:00,2024,12,8,9,27,Sunday,09:27,Suspected Serious Injury,Daylight,Clear,Standing Tree,None,KNOX CO SHERIFFS OFFICE,Other,Unbelted,-,-,-,-,Speeding,-,-,-,-,-,-,-,Knox,Not in City Limit,1
62939,400191174,0,2,36.1019,-86.71309,3,2024-12-08 00:00:00,2024,12,8,24,0,Sunday,24:00,Suspected Serious Injury,Dawn,Clear,Motor Vehicle-In-Transport On Same Roadway,None,METROPOLITAN NASHVILLE POLICE DEPT,Other,Unbelted,-,-,-,-,-,-,-,-,-,-,-,-,Davidson,Nashville,1
62955,400191324,0,4,35.46995,-89.92128,4,2024-12-02 20:01:00,2024,12,2,20,1,Monday,20:01,Suspected Serious Injury,Dark-Not Lighted,Clear,Other Non-Fixed Object,None,THP District 4 - Memphis,THP,Unbelted,-,-,-,-,-,-,-,-,-,-,-,-,Tipton,Not in City Limit,2
62960,400191341,0,1,36.13296,-86.87302,3,2024-12-08 16:10:00,2024,12,8,16,10,Sunday,16:10,Suspected Serious Injury,Daylight,Rain,Other Post/Pole Support,None,METROPOLITAN NASHVILLE POLICE DEPT,Other,Unbelted,Distracted,-,-,-,-,-,-,-,-,-,-,-,Davidson,Nashville,1
62968,400191391,0,1,36.2343,-86.42945,3,2024-12-07 17:57:00,2024,12,7,17,57,Saturday,17:57,Suspected Serious Injury,Dark-Lighted,Clear,Motor Vehicle-In-Transport On Same Roadway,None,LEBANON POLICE DEPT,Other,Unbelted,Distracted,-,-,-,-,-,-,-,-,-,-,-,Wilson,Lebanon,7
62971,400191410,0,2,35.86829,-83.56284,1,2024-12-08 18:24:00,2024,12,8,18,24,Sunday,18:24,Suspected Serious Injury,Dark-Lighted,Clear,Motor Vehicle-In-Transport On Same Roadway,None,SEVIERVILLE POLICE DEPT,Other,Unbelted,-,-,-,-,-,-,-,-,-,-,-,-,Sevier,Sevierville,1
62975,400191430,0,1,36.18008,-86.81104,3,2024-12-08 18:45:00,2024,12,8,18,45,Sunday,18:45,Suspected Serious Injury,Dark-Lighted,Rain,Pedestrian,None,METROPOLITAN NASHVILLE POLICE DEPT,Other,Unbelted,-,-,-,-,-,-,Pedestrian,-,-,-,-,-,Davidson,Nashville,1
62982,400191451,0,2,36.12717,-84.73964,1,2024-12-08 18:56:00,2024,12,8,18,56,Sunday,18:56,Suspected Serious Injury,Dark-Not Lighted,Clear,Embankment Earth,None,THP District 1 - Knoxville,THP,Unbelted,-,-,-,-,-,-,-,-,-,-,-,-,Morgan,Not in City Limit,1