OBJECTID,MRN,Fatality,Injury,Latitude,Longitude,THP_District,Collision_Date,Collision_Year,Collision_Month,Collision_Day,Collision_Hour,Collision_Min,Collision_DOW,Collision_Time,Crash_Type,Light_Condition,Weather,First_Harmfu_Event,Work_Zone_Type,Agency_Name,THP,Unbelted,Distracted_Driver,Driver_Drinking,Driver_Drugged,Drowsy_Driver,Speeding_Involved,Pedalcyclist,Pedestrian,Other_Nonmotorist,ATV_Involved,LargeTruck_Involved,Motorcycle_Involved,SchoolBus,County,City,DOW_Nmb
62989,400191476,0,1,36.07019,-86.44145,3,2024-12-08 17:12:00,2024,12,8,17,12,Sunday,17:12,Suspected Serious Injury,Dark-Not Lighted,Rain,Utility Pole,None,THP District 3 - Nashville,THP,Unbelted,-,Drinking,Drug,-,Speeding,-,-,-,-,-,-,-,Wilson,Not in City Limit,1
63011,400191584,1,0,36.48703,-87.15928,3,2024-12-08 03:24:00,2024,12,8,3,24,Sunday,03:24,Fatal,Dark-Not Lighted,Clear,"Over Turn, Roll Over",None,THP District 3 - Nashville,THP,Unbelted,-,-,-,-,-,-,-,-,-,-,-,-,Montgomery,Not in City Limit,1
63013,400191589,0,1,36.28396,-86.27371,3,2024-12-08 03:10:00,2024,12,8,3,10,Sunday,03:10,Suspected Serious Injury,Dark-Not Lighted,Clear,Ditch,None,THP District 3 - Nashville,THP,Unbelted,-,-,-,-,-,-,-,-,-,-,-,-,Wilson,Not in City Limit,1
63019,400191624,0,2,36.09409,-83.81789,1,2024-12-03 10:30:00,2024,12,3,10,30,Tuesday,10:30,Suspected Serious Injury,Daylight,Clear,Ditch,None,THP District 1 - Knoxville,THP,Unbelted,-,-,-,-,-,-,-,-,-,-,-,-,Knox,Not in City Limit,3
63032,400191716,0,1,35.81504,-83.50788,1,2024-12-09 10:26:00,2024,12,9,10,26,Monday,10:26,Suspected Serious Injury,Daylight,Rain,Standing Tree,None,SEVIER CO SHERIFFS OFFICE,Other,Unbelted,-,-,-,-,Speeding,-,-,-,-,-,-,-,Sevier,Not in City Limit,2
63039,400191752,1,2,36.04222,-86.72647,3,2024-12-09 10:32:00,2024,12,9,10,32,Monday,10:32,Fatal,Daylight,Clear,Motor Vehicle-In-Transport On Same Roadway,None,METROPOLITAN NASHVILLE POLICE DEPT,Other,Unbelted,Distracted,-,-,-,-,-,-,-,-,-,-,-,Davidson,Nashville,2
63045,400191778,1,0,35.06757,-85.57528,2,2024-12-09 08:32:00,2024,12,9,8,32,Monday,08:32,Fatal,Daylight,Cloudy,Ditch,None,THP District 2 - Chattanooga,THP,Unbelted,-,-,-,-,-,-,-,-,-,-,-,-,Marion,Not in City Limit,2
63050,400191806,0,1,36.18879,-86.40699,3,2024-11-29 23:55:00,2024,11,29,23,55,Friday,23:55,Suspected Serious Injury,Dark-Lighted,Rain,Curb,None,LEBANON POLICE DEPT,Other,Unbelted,-,Drinking,-,-,-,-,-,-,-,-,-,-,Wilson,Lebanon,6
63055,400191826,0,2,36.24939,-83.8026,5,2024-12-02 14:40:00,2024,12,2,14,40,Monday,14:40,Suspected Serious Injury,Daylight,Clear,Motor Vehicle-In-Transport On Same Roadway,None,MAYNARDVILLE POLICE DEPT,Other,Unbelted,-,-,-,-,-,-,-,-,-,-,-,-,Union,Maynardville,2
63065,400191864,1,0,36.14687,-86.64314,3,2024-12-03 00:00:00,2024,12,3,24,0,Tuesday,24:00,Fatal,Dark-Not Lighted,Clear,Guard Rail End,None,METROPOLITAN NASHVILLE POLICE DEPT,Other,Unbelted,-,Drinking,-,-,-,-,-,-,-,-,-,-,Davidson,Nashville,3
63067,400191882,0,1,35.92714,-86.72025,3,2024-12-09 13:39:00,2024,12,9,13,39,Monday,13:39,Suspected Serious Injury,Daylight,Clear,Culvert,None,WILLIAMSON CO SHERIFFS OFFICE,Other,Unbelted,-,-,-,-,-,-,-,-,-,-,-,-,Williamson,Not in City Limit,2
63074,400191917,0,2,35.70262,-86.97931,7,2024-12-09 14:36:00,2024,12,9,14,36,Monday,14:36,Suspected Serious Injury,Daylight,Clear,Motor Vehicle-In-Transport On Same Roadway,None,COLUMBIA POLICE DEPT,Other,Unbelted,-,-,-,-,-,-,-,-,-,-,-,-,Maury,Columbia,2
63078,400191933,0,1,35.41335,-84.6241,2,2024-12-06 12:55:00,2024,12,6,12,55,Friday,12:55,Suspected Serious Injury,Daylight,Clear,Motor Vehicle-In-Transport On Same Roadway,None,THP District 2 - Chattanooga,THP,Unbelted,-,-,-,-,-,-,-,-,-,-,-,-,McMinn,Not in City Limit,6
63082,400191970,1,0,35.44532,-87.13533,7,2024-12-05 00:00:00,2024,12,5,24,0,Thursday,24:00,Fatal,Unknown,Clear,Standing Tree,None,THP District 7 - Lawrenceburg,THP,Unbelted,-,Drinking,-,-,-,-,-,-,-,-,-,-,Giles,Not in City Limit,5
63084,400191979,0,1,35.08128,-85.44016,2,2024-12-08 15:54:00,2024,12,8,15,54,Sunday,15:54,Suspected Serious Injury,Daylight,Clear,Motor Vehicle-In-Transport On Same Roadway,None,THP District 2 - Chattanooga,THP,Unbelted,-,Drinking,-,-,-,-,-,-,-,-,-,-,Marion,Not in City Limit,1
63104,400192063,0,1,35.45095,-84.62328,2,2024-12-09 18:09:00,2024,12,9,18,9,Monday,18:09,Suspected Serious Injury,Dark-Lighted,Clear,Motor Vehicle-In-Transport On Same Roadway,None,ATHENS POLICE DEPT,Other,Unbelted,-,Drinking,-,-,-,-,-,-,-,-,-,-,McMinn,Athens,2
63107,400192072,0,1,35.95699,-86.5102,3,2024-11-22 23:22:00,2024,11,22,23,22,Friday,23:22,Suspected Serious Injury,Dark-Lighted,Clear,Ditch,None,SMYRNA POLICE DEPT,Other,Unbelted,-,-,Drug,-,-,-,-,-,-,-,-,-,Rutherford,Smyrna,6
63109,400192089,0,1,35.28556,-88.35728,8,2024-12-06 17:15:00,2024,12,6,17,15,Friday,17:15,Suspected Serious Injury,Dark-Lighted,Clear,Motor Vehicle-In-Transport On Same Roadway,None,THP District 8 - Jackson,THP,Unbelted,-,-,-,-,-,-,-,-,-,-,-,-,Hardin,Not in City Limit,6
63112,400192130,0,1,35.82713,-84.28107,1,2024-12-10 00:00:00,2024,12,10,24,0,Tuesday,24:00,Suspected Serious Injury,Dark-Lighted,Rain,Embankment Earth,None,LOUDON CO SHERIFFS DEPT,Other,Unbelted,-,-,-,-,-,-,-,-,-,-,-,-,Loudon,Lenoir City,3
63114,400192139,0,3,36.04279,-83.92927,1,2024-12-10 06:26:00,2024,12,10,6,26,Tuesday,06:26,Suspected Serious Injury,Dawn,Cloudy,Motor Vehicle-In-Transport On Same Roadway,None,KNOXVILLE POLICE DEPT,Other,Unbelted,-,-,-,-,-,-,-,-,-,-,-,-,Knox,Knoxville,3
63119,400192169,0,1,35.46018,-84.5651,2,2024-12-10 06:32:00,2024,12,10,6,32,Tuesday,06:32,Suspected Serious Injury,Dark-Lighted,Clear,Motor Vehicle-In-Transport On Same Roadway,None,ATHENS POLICE DEPT,Other,Unbelted,-,-,-,-,-,-,-,-,-,-,Motorcyclist,-,McMinn,Not in City Limit,3
63122,400192178,0,1,36.19178,-86.82771,3,2024-12-10 07:27:00,2024,12,10,7,27,Tuesday,07:27,Suspected Serious Injury,Daylight,Fog,Motor Vehicle-In-Transport On Same Roadway,None,METROPOLITAN NASHVILLE POLICE DEPT,Other,Unbelted,-,-,-,-,-,-,-,-,-,-,-,-,Davidson,Nashville,3
63128,400192230,0,6,35.59126,-88.43224,8,2024-12-10 06:45:00,2024,12,10,6,45,Tuesday,06:45,Suspected Serious Injury,Dawn,Rain,Motor Vehicle-In-Transport On Same Roadway,None,THP District 8 - Jackson,THP,Unbelted,-,-,-,-,-,-,-,-,-,-,-,-,Henderson,Not in City Limit,3
63136,400192263,0,1,35.9473,-88.10353,8,2024-12-08 09:56:00,2024,12,8,9,56,Sunday,09:56,Suspected Serious Injury,Daylight,Cloudy,Ditch,None,THP District 8 - Jackson,THP,Unbelted,-,-,-,-,-,-,-,-,-,-,-,-,Benton,Not in City Limit,1
63146,400192344,0,1,35.86675,-87.92419,3,2024-12-10 11:29:00,2024,12,10,11,29,Tuesday,11:29,Suspected Serious Injury,Daylight,Cloudy,Guard Rail Face,None,THP District 3 - Nashville,THP,Unbelted,-,-,-,-,-,-,-,-,-,ATV_Involved,-,-,Humphreys,Not in City Limit,3
63147,400192346,1,2,36.18682,-86.79575,3,2024-12-10 11:58:00,2024,12,10,11,58,Tuesday,11:58,Fatal,Daylight,Cloudy,Motor Vehicle-In-Transport On Same Roadway,None,METROPOLITAN NASHVILLE POLICE DEPT,Other,Unbelted,-,Drinking,Drug,-,-,-,-,-,-,ATV_Involved,-,-,Davidson,Nashville,3
63165,400192468,0,1,36.2289,-86.37772,3,2024-12-08 00:00:00,2024,12,8,24,0,Sunday,24:00,Suspected Serious Injury,Dark-Not Lighted,Clear,Curb,None,LEBANON POLICE DEPT,Other,-,-,Drinking,-,-,-,-,-,-,-,-,Motorcyclist,-,Wilson,Lebanon,1
63179,400192539,0,1,35.82009,-84.19517,1,2024-12-04 00:00:00,2024,12,4,24,0,Wednesday,24:00,Suspected Serious Injury,Dark-Not Lighted,Clear,Fence,None,LOUDON CO SHERIFFS DEPT,Other,Unbelted,-,-,-,-,-,-,-,-,-,-,-,-,Loudon,Not in City Limit,4
63184,400192550,0,1,35.91134,-83.38184,1,2024-12-10 19:57:00,2024,12,10,19,57,Tuesday,19:57,Suspected Serious Injury,Dark-Not Lighted,Rain,Other Animal,None,SEVIER CO SHERIFFS OFFICE,Other,-,-,-,-,-,-,-,-,-,-,-,Motorcyclist,-,Sevier,Not in City Limit,3
63206,400192627,0,2,35.60693,-88.81379,8,2024-12-10 20:12:00,2024,12,10,20,12,Tuesday,20:12,Suspected Serious Injury,Dark-Lighted,Clear,Utility Pole,None,JACKSON POLICE DEPT,Other,Unbelted,-,-,-,-,-,-,-,-,-,-,-,-,Madison,Jackson,3
63235,400192835,0,2,35.70686,-88.83274,8,2024-12-11 08:01:00,2024,12,11,8,1,Wednesday,08:01,Suspected Serious Injury,Daylight,Clear,Motor Vehicle-In-Transport On Same Roadway,None,JACKSON POLICE DEPT,Other,Unbelted,Distracted,-,-,-,-,-,-,-,-,-,-,-,Madison,Jackson,4
63237,400192838,0,2,35.8441,-86.47006,3,2024-12-11 08:29:00,2024,12,11,8,29,Wednesday,08:29,Suspected Serious Injury,Daylight,Clear,Motor Vehicle-In-Transport On Same Roadway,None,THP District 3 - Nashville,THP,Unbelted,-,-,-,-,-,-,-,-,-,-,-,-,Rutherford,Murfreesboro,4
63238,400192845,0,2,35.12645,-87.10979,7,2024-12-08 13:12:00,2024,12,8,13,12,Sunday,13:12,Suspected Serious Injury,Daylight,Clear,Culvert,None,THP District 7 - Lawrenceburg,THP,Unbelted,-,-,-,-,-,-,-,-,-,-,-,-,Giles,Not in City Limit,1
63258,400192953,0,1,35.11898,-85.35137,2,2024-12-10 00:00:00,2024,12,10,24,0,Tuesday,24:00,Suspected Serious Injury,Dark-Not Lighted,Rain,Utility Pole,None,SIGNAL MOUNTAIN POLICE DEPT,Other,Unbelted,-,-,Drug,-,Speeding,-,-,-,-,-,-,-,Hamilton,Signal Mountain,3
63262,400192971,0,1,36.36226,-89.38357,8,2024-12-05 18:46:00,2024,12,5,18,46,Thursday,18:46,Suspected Serious Injury,Dark-Not Lighted,Clear,Motor Vehicle-In-Transport On Same Roadway,None,THP District 8 - Jackson,THP,Unbelted,-,-,-,-,-,-,-,-,-,-,-,-,Obion,Not in City Limit,5
63276,400193086,0,4,35.36499,-86.22721,2,2024-12-11 00:00:00,2024,12,11,24,0,Wednesday,24:00,Suspected Serious Injury,Dark-Lighted,Clear,Motor Vehicle-In-Transport On Same Roadway,None,TULLAHOMA POLICE DEPT,Other,Unbelted,-,-,-,-,-,-,-,-,-,-,-,-,Coffee,Tullahoma,4
63285,400193144,1,0,35.9663,-88.54429,8,2024-12-11 16:40:00,2024,12,11,16,40,Wednesday,16:40,Fatal,Daylight,Clear,"Over Turn, Roll Over",None,THP District 8 - Jackson,THP,-,-,-,-,-,-,-,-,-,-,-,Motorcyclist,-,Carroll,Not in City Limit,4
63297,400193238,0,1,35.49126,-86.65656,7,2024-12-12 05:10:00,2024,12,12,5,10,Thursday,05:10,Suspected Serious Injury,Dark-Not Lighted,Clear,Motor Vehicle-In-Transport On Same Roadway,None,THP District 7 - Lawrenceburg,THP,Unbelted,-,-,-,-,-,-,-,-,-,ATV_Involved,-,-,Bedford,Not in City Limit,5
63310,400193309,0,3,35.29647,-89.66825,4,2024-12-12 07:45:00,2024,12,12,7,45,Thursday,07:45,Suspected Serious Injury,Daylight,Clear,Motor Vehicle-In-Transport On Same Roadway,None,THP District 4 - Memphis,THP,Unbelted,-,-,-,-,-,-,-,-,-,ATV_Involved,-,-,Shelby,Arlington,5
63321,400193343,0,3,36.11585,-87.12655,3,2024-12-12 07:01:00,2024,12,12,7,1,Thursday,07:01,Suspected Serious Injury,Daylight,Clear,Culvert,None,THP District 3 - Nashville,THP,Unbelted,Distracted,-,-,-,-,-,-,-,-,-,-,-,Cheatham,Not in City Limit,5
63322,400193344,0,2,36.1018,-86.74056,3,2024-12-12 06:59:00,2024,12,12,6,59,Thursday,06:59,Suspected Serious Injury,Daylight,Clear,Motor Vehicle-In-Transport On Same Roadway,None,METROPOLITAN NASHVILLE POLICE DEPT,Other,Unbelted,-,-,-,-,-,-,-,-,-,-,-,-,Davidson,Nashville,5
63371,400193700,0,2,35.14874,-87.35934,7,2024-12-11 17:30:00,2024,12,11,17,30,Wednesday,17:30,Suspected Serious Injury,Dark-Not Lighted,Clear,Motor Vehicle-In-Transport On Same Roadway,None,THP District 7 - Lawrenceburg,THP,Unbelted,-,-,-,Drowsy,-,-,-,-,-,-,-,-,Lawrence,Not in City Limit,4
63377,400193720,0,2,35.60273,-87.06486,7,2024-12-12 20:36:00,2024,12,12,20,36,Thursday,20:36,Suspected Serious Injury,Dark-Lighted,Clear,Motor Vehicle-In-Transport On Same Roadway,None,COLUMBIA POLICE DEPT,Other,Unbelted,-,-,-,-,-,-,-,-,-,-,-,-,Maury,Columbia,5
63385,400193764,0,3,35.67946,-88.78031,8,2024-12-12 21:08:00,2024,12,12,21,8,Thursday,21:08,Suspected Serious Injury,Dark-Lighted,Clear,Motor Vehicle-In-Transport On Same Roadway,None,JACKSON POLICE DEPT,Other,Unbelted,-,-,-,-,-,-,-,-,-,-,-,-,Madison,Jackson,5
63390,400193802,0,1,36.11679,-84.11871,1,2024-12-12 21:34:00,2024,12,12,21,34,Thursday,21:34,Suspected Serious Injury,Dark-Lighted,Clear,Motor Vehicle-In-Transport On Same Roadway,None,CLINTON POLICE DEPT,Other,Unbelted,-,-,-,-,-,-,-,-,-,-,-,-,Anderson,Clinton,5
63394,400193821,0,2,36.48859,-83.01708,5,2024-12-12 17:15:00,2024,12,12,17,15,Thursday,17:15,Suspected Serious Injury,Daylight,Clear,Motor Vehicle-In-Transport On Same Roadway,None,THP District 5 - Fall Branch,THP,Unbelted,-,-,-,-,-,-,-,-,-,-,-,-,Hawkins,Not in City Limit,5
63395,400193822,0,2,35.76085,-88.7391,8,2024-12-13 00:00:00,2024,12,13,24,0,Friday,24:00,Suspected Serious Injury,Dark-Not Lighted,Clear,"Over Turn, Roll Over",None,JACKSON POLICE DEPT,Other,Unbelted,-,-,-,-,Speeding,-,-,-,-,-,-,-,Madison,Not in City Limit,6
63442,400194159,0,1,35.92761,-86.4051,3,2024-12-13 16:59:00,2024,12,13,16,59,Friday,16:59,Suspected Serious Injury,Dusk,Clear,Utility Pole,None,THP District 3 - Nashville,THP,Unbelted,Distracted,-,-,-,-,-,-,-,-,-,-,-,Rutherford,Not in City Limit,6
63444,400194178,1,0,35.98489,-83.91837,1,2024-12-13 22:14:00,2024,12,13,22,14,Friday,22:14,Fatal,Dark-Lighted,Clear,Luminaire Light Support,None,KNOXVILLE POLICE DEPT,Other,Unbelted,-,-,-,-,-,-,-,-,-,-,-,-,Knox,Knoxville,6
63456,400194224,0,4,35.39298,-84.33954,1,2024-12-12 21:40:00,2024,12,12,21,40,Thursday,21:40,Suspected Serious Injury,Dark-Not Lighted,Clear,Motor Vehicle-In-Transport On Same Roadway,None,THP District 1 - Knoxville,THP,Unbelted,-,-,-,-,-,-,-,-,-,-,-,-,Monroe,Not in City Limit,5
63467,400194264,0,6,36.1334,-86.89145,3,2024-12-13 20:36:00,2024,12,13,20,36,Friday,20:36,Suspected Serious Injury,Dark-Lighted,Clear,Motor Vehicle-In-Transport On Same Roadway,None,METROPOLITAN NASHVILLE POLICE DEPT,Other,Unbelted,-,-,-,-,-,-,-,-,-,-,-,-,Davidson,Nashville,6
63468,400194266,1,0,36.27926,-82.98129,5,2024-12-13 18:38:00,2024,12,13,18,38,Friday,18:38,Fatal,Dark-Not Lighted,Clear,Motor Vehicle-In-Transport On Same Roadway,None,THP District 5 - Fall Branch,THP,Unbelted,-,-,Drug,-,-,-,-,-,-,-,Motorcyclist,-,Greene,Not in City Limit,6
63474,400194298,0,1,35.74052,-83.43892,1,2024-12-12 20:53:00,2024,12,12,20,53,Thursday,20:53,Suspected Serious Injury,Dark-Not Lighted,Clear,Embankment Earth,None,GATLINBURG POLICE DEPT,Other,Unbelted,-,-,-,-,-,-,-,-,-,-,-,-,Sevier,Gatlinburg,5
63476,400194314,1,0,35.14658,-89.56613,4,2024-12-14 01:20:00,2024,12,14,1,20,Saturday,01:20,Fatal,Dark-Not Lighted,Clear,Embankment Earth,None,THP District 4 - Memphis,THP,Unbelted,-,Drinking,Drug,-,-,-,-,-,-,-,-,-,Fayette,Not in City Limit,7
63504,400194486,0,4,36.06109,-82.86554,5,2024-12-14 10:35:00,2024,12,14,10,35,Saturday,10:35,Suspected Serious Injury,Daylight,Clear,Motor Vehicle-In-Transport On Same Roadway,None,THP District 5 - Fall Branch,THP,Unbelted,-,-,-,-,-,-,-,-,-,-,-,-,Greene,Not in City Limit,7
63506,400194494,0,2,36.1433,-85.50115,6,2024-12-14 12:39:00,2024,12,14,12,39,Saturday,12:39,Suspected Serious Injury,Daylight,Clear,Motor Vehicle-In-Transport On Same Roadway,None,COOKEVILLE POLICE DEPT,Other,Unbelted,-,-,-,-,-,-,-,-,-,-,-,-,Putnam,Cookeville,7
63542,400194667,0,1,36.22385,-86.4136,3,2024-12-14 16:50:00,2024,12,14,16,50,Saturday,16:50,Suspected Serious Injury,Dusk,Clear,Mail Box,None,THP District 3 - Nashville,THP,Unbelted,-,-,-,-,-,-,-,-,-,-,-,-,Wilson,Not in City Limit,7
63555,400194726,0,2,35.378,-86.22373,2,2024-12-14 21:35:00,2024,12,14,21,35,Saturday,21:35,Suspected Serious Injury,Dark-Lighted,Rain,Utility Pole,None,TULLAHOMA POLICE DEPT,Other,Unbelted,-,-,-,-,-,-,-,-,-,-,-,-,Coffee,Tullahoma,7
63558,400194736,0,2,35.43848,-87.27987,7,2024-12-14 21:21:00,2024,12,14,21,21,Saturday,21:21,Suspected Serious Injury,Dark-Not Lighted,Rain,Motor Vehicle-In-Transport On Same Roadway,None,THP District 7 - Lawrenceburg,THP,Unbelted,-,-,-,-,-,-,-,-,-,-,-,-,Lawrence,Not in City Limit,7
63563,400194762,0,2,35.61973,-87.0851,7,2024-12-14 22:58:00,2024,12,14,22,58,Saturday,22:58,Suspected Serious Injury,Dark-Lighted,Rain,Standing Tree,None,COLUMBIA POLICE DEPT,Other,Unbelted,-,Drinking,-,-,-,-,-,-,-,-,-,-,Maury,Columbia,7
63566,400194776,0,1,36.15014,-86.85792,3,2024-12-14 11:47:00,2024,12,14,11,47,Saturday,11:47,Suspected Serious Injury,Other,Rain,Pedestrian,None,METROPOLITAN NASHVILLE POLICE DEPT,Other,Unbelted,-,-,-,-,-,-,Pedestrian,-,-,-,-,-,Davidson,Nashville,7
63571,400194809,0,1,35.07529,-89.18804,4,2024-12-15 02:23:00,2024,12,15,2,23,Sunday,02:23,Suspected Serious Injury,Dark-Not Lighted,Rain,Embankment Earth,None,HARDEMAN CO SHERIFFS DEPT,Other,Unbelted,-,-,-,-,Speeding,-,-,-,-,-,-,-,Hardeman,Not in City Limit,1
63578,400194824,0,2,36.18437,-85.51282,6,2024-12-14 17:30:00,2024,12,14,17,30,Saturday,17:30,Suspected Serious Injury,Dark-Not Lighted,Clear,Other Animal,None,COOKEVILLE POLICE DEPT,Other,-,-,-,-,-,-,-,-,-,-,-,Motorcyclist,-,Putnam,Cookeville,7
63579,400194827,0,1,36.29637,-86.88817,3,2024-12-15 02:25:00,2024,12,15,2,25,Sunday,02:25,Suspected Serious Injury,Dark-Lighted,Rain,"Over Turn, Roll Over",None,METROPOLITAN NASHVILLE POLICE DEPT,Other,Unbelted,-,-,-,Drowsy,-,-,-,-,-,-,-,-,Davidson,Nashville,1
63582,400194864,0,2,36.20803,-86.29152,3,2024-12-15 03:27:00,2024,12,15,3,27,Sunday,03:27,Suspected Serious Injury,Dark-Lighted,Rain,Curb,None,LEBANON POLICE DEPT,Other,Unbelted,-,Drinking,Drug,-,-,-,-,-,-,-,-,-,Wilson,Lebanon,1
63591,400194902,0,1,36.31383,-82.37885,5,2024-12-15 10:35:00,2024,12,15,10,35,Sunday,10:35,Suspected Serious Injury,Daylight,Clear,Pedal-Cycle,None,THP District 5 - Fall Branch,THP,Unbelted,-,-,-,-,-,Pedalcyclist,-,-,-,-,-,-,Washington,Johnson City,1
63592,400194916,0,2,36.51341,-86.56303,3,2024-12-14 12:15:00,2024,12,14,12,15,Saturday,12:15,Suspected Serious Injury,Daylight,Cloudy,Motor Vehicle-In-Transport On Same Roadway,None,THP District 3 - Nashville,THP,Unbelted,-,-,-,-,Speeding,-,-,-,-,-,-,-,Sumner,Not in City Limit,7
63619,400195071,0,3,36.36116,-86.72829,3,2024-12-15 14:31:00,2024,12,15,14,31,Sunday,14:31,Suspected Serious Injury,Daylight,Clear,Motor Vehicle-In-Transport On Same Roadway,None,METROPOLITAN NASHVILLE POLICE DEPT,Other,Unbelted,-,-,Drug,-,-,-,-,-,-,ATV_Involved,-,-,Davidson,Nashville,1
63621,400195076,0,1,36.23148,-86.79096,3,2024-12-15 19:41:00,2024,12,15,19,41,Sunday,19:41,Suspected Serious Injury,Dark-Lighted,Clear,Ditch,None,METROPOLITAN NASHVILLE POLICE DEPT,Other,Unbelted,-,-,-,-,-,-,-,-,-,-,-,-,Davidson,Nashville,1
63623,400195085,2,1,36.61627,-87.29743,3,2024-12-15 01:18:00,2024,12,15,1,18,Sunday,01:18,Fatal,Dark-Not Lighted,Rain,Embankment Earth,None,THP District 3 - Nashville,THP,Unbelted,-,-,-,-,-,-,-,-,-,-,-,-,Montgomery,Clarksville,1
63630,400195114,0,1,35.34031,-86.23244,2,2024-12-15 00:00:00,2024,12,15,24,0,Sunday,24:00,Suspected Serious Injury,Dark-Not Lighted,Cloudy,Ditch,None,TULLAHOMA POLICE DEPT,Other,Unbelted,-,-,-,-,-,-,-,-,-,-,-,-,Franklin,Tullahoma,1
63653,400195219,0,3,35.66563,-88.855,8,2024-12-16 02:19:00,2024,12,16,2,19,Monday,02:19,Suspected Serious Injury,Dark-Lighted,Rain,Motor Vehicle-In-Transport On Same Roadway,None,JACKSON POLICE DEPT,Other,Unbelted,-,Drinking,-,-,-,-,-,-,-,-,-,-,Madison,Jackson,2
63655,400195228,0,2,35.76388,-86.91113,3,2024-12-13 17:56:00,2024,12,13,17,56,Friday,17:56,Suspected Serious Injury,Dark-Not Lighted,Clear,Pedestrian,None,SPRING HILL POLICE DEPT,Other,Unbelted,-,-,-,-,-,-,Pedestrian,-,-,-,-,-,Williamson,Spring Hill,6
63662,400195297,0,1,36.29353,-88.74221,8,2024-12-12 15:45:00,2024,12,12,15,45,Thursday,15:45,Suspected Serious Injury,Dusk,Clear,Motor Vehicle-In-Transport On Same Roadway,None,DRESDEN POLICE DEPT,Other,Unbelted,-,-,-,-,-,-,-,-,-,-,-,-,Weakley,Dresden,5
63670,400195339,0,2,36.06028,-83.27294,5,2024-12-16 07:45:00,2024,12,16,7,45,Monday,07:45,Suspected Serious Injury,Daylight,Cloudy,Motor Vehicle-In-Transport On Same Roadway,None,JEFFERSON CO SHERIFFS DEPT,Other,Unbelted,Distracted,Drinking,Drug,-,-,-,-,-,-,-,-,-,Jefferson,Not in City Limit,2
63675,400195375,0,2,35.16091,-88.57294,8,2024-12-16 07:10:00,2024,12,16,7,10,Monday,07:10,Suspected Serious Injury,Dawn,Rain,Motor Vehicle-In-Transport On Same Roadway,None,SELMER POLICE DEPT,Other,Unbelted,-,-,-,-,-,-,-,-,-,ATV_Involved,-,-,McNairy,Selmer,2
63693,400195498,1,0,36.10341,-86.735,3,2024-12-15 14:29:00,2024,12,15,14,29,Sunday,14:29,Fatal,Daylight,Cloudy,Pedestrian,None,METROPOLITAN NASHVILLE POLICE DEPT,Other,Unbelted,-,-,-,-,-,-,Pedestrian,-,-,-,-,-,Davidson,Nashville,1
63694,400195518,1,0,36.19381,-86.72604,3,2024-12-16 09:25:00,2024,12,16,9,25,Monday,09:25,Fatal,Daylight,Cloudy,Pedestrian,None,METROPOLITAN NASHVILLE POLICE DEPT,Other,Unbelted,-,-,-,-,-,-,Pedestrian,-,-,-,-,-,Davidson,Nashville,2
63697,400195529,1,0,36.15338,-86.71507,3,2024-12-15 21:09:00,2024,12,15,21,9,Sunday,21:09,Fatal,Dark-Lighted,Cloudy,Curb,None,METROPOLITAN NASHVILLE POLICE DEPT,Other,Unbelted,-,Drinking,Drug,-,Speeding,-,-,-,-,-,-,-,Davidson,Nashville,1
63705,400195579,0,1,35.37242,-88.13407,8,2024-12-16 14:36:00,2024,12,16,14,36,Monday,14:36,Suspected Serious Injury,Daylight,Cloudy,Ditch,None,THP District 8 - Jackson,THP,Unbelted,-,-,-,-,-,-,-,-,-,ATV_Involved,-,-,Hardin,Not in City Limit,2
63712,400195617,0,1,36.2245,-86.86614,3,2024-12-16 15:48:00,2024,12,16,15,48,Monday,15:48,Suspected Serious Injury,Daylight,Rain,Concrete Traffic Barrier,None,THP District 3 - Nashville,THP,Unbelted,-,-,-,-,-,-,-,-,-,-,-,-,Davidson,Nashville,2
63725,400195672,0,4,35.6053,-88.92549,8,2024-12-16 17:53:00,2024,12,16,17,53,Monday,17:53,Suspected Serious Injury,Dark-Not Lighted,Rain,Motor Vehicle-In-Transport On Same Roadway,None,THP District 8 - Jackson,THP,Unbelted,-,-,-,-,-,-,-,-,-,-,-,-,Madison,Not in City Limit,2
63735,400195721,0,1,36.115,-89.36,8,2024-12-16 19:00:00,2024,12,16,19,0,Monday,19:00,Suspected Serious Injury,Dark-Not Lighted,Rain,Ditch,None,THP District 8 - Jackson,THP,Unbelted,-,-,-,-,-,-,-,-,-,-,-,-,Dyer,Not in City Limit,2
63737,400195727,0,1,36.07105,-86.63648,3,2024-12-16 18:31:00,2024,12,16,18,31,Monday,18:31,Suspected Serious Injury,Dark-Lighted,Rain,Pedestrian,None,METROPOLITAN NASHVILLE POLICE DEPT,Other,Unbelted,-,-,-,-,-,-,Pedestrian,-,-,-,-,-,Davidson,Nashville,2
63738,400195730,0,2,35.99971,-83.96622,1,2024-12-16 20:21:00,2024,12,16,20,21,Monday,20:21,Suspected Serious Injury,Dark-Lighted,Rain,Motor Vehicle-In-Transport On Same Roadway,None,KNOXVILLE POLICE DEPT,Other,Unbelted,-,-,-,-,Speeding,-,-,-,-,-,-,-,Knox,Knoxville,2