OBJECTID,MRN,Fatality,Injury,Latitude,Longitude,THP_District,Collision_Date,Collision_Year,Collision_Month,Collision_Day,Collision_Hour,Collision_Min,Collision_DOW,Collision_Time,Crash_Type,Light_Condition,Weather,First_Harmfu_Event,Work_Zone_Type,Agency_Name,THP,Unbelted,Distracted_Driver,Driver_Drinking,Driver_Drugged,Drowsy_Driver,Speeding_Involved,Pedalcyclist,Pedestrian,Other_Nonmotorist,ATV_Involved,LargeTruck_Involved,Motorcycle_Involved,SchoolBus,County,City,DOW_Nmb
63744,400195754,0,2,35.63531,-88.78777,8,2024-12-16 20:24:00,2024,12,16,20,24,Monday,20:24,Suspected Serious Injury,Dark-Lighted,Rain,Motor Vehicle-In-Transport On Same Roadway,None,JACKSON POLICE DEPT,Other,Unbelted,-,-,-,-,-,-,-,-,-,-,-,-,Madison,Jackson,2
63748,400195770,0,2,35.82547,-84.01944,1,2024-12-16 18:20:00,2024,12,16,18,20,Monday,18:20,Suspected Serious Injury,Dark-Not Lighted,Clear,Motor Vehicle-In-Transport On Same Roadway,None,THP District 1 - Knoxville,THP,Unbelted,-,-,-,-,-,-,-,-,-,-,-,-,Blount,Louisville,2
63756,400195838,1,0,36.2714,-87.08179,3,2024-12-16 23:44:00,2024,12,16,23,44,Monday,23:44,Fatal,Dark-Not Lighted,Clear,Guard Rail Face,None,CHEATHAM CO SHERIFFS OFFICE,Other,Unbelted,-,-,-,-,-,-,-,-,-,-,-,-,Cheatham,Not in City Limit,2
63760,400195866,0,1,36.08557,-86.70138,3,2024-12-17 04:46:00,2024,12,17,4,46,Tuesday,04:46,Suspected Serious Injury,Dark-Lighted,Clear,Motor Vehicle-In-Transport On Same Roadway,None,METROPOLITAN NASHVILLE POLICE DEPT,Other,Unbelted,-,Drinking,Drug,-,-,-,-,-,-,-,-,-,Davidson,Nashville,3
63765,400195900,0,1,36.24894,-86.71972,3,2024-12-17 06:44:00,2024,12,17,6,44,Tuesday,06:44,Suspected Serious Injury,Dawn,Clear,Pedestrian,None,METROPOLITAN NASHVILLE POLICE DEPT,Other,Unbelted,-,-,-,-,-,-,Pedestrian,-,-,-,-,-,Davidson,Nashville,3
63782,400196011,0,2,36.19724,-86.2926,3,2024-12-16 14:58:00,2024,12,16,14,58,Monday,14:58,Suspected Serious Injury,Daylight,Rain,Motor Vehicle-In-Transport On Same Roadway,None,LEBANON POLICE DEPT,Other,Unbelted,-,-,-,-,-,-,-,-,-,-,-,-,Wilson,Lebanon,2
63793,400196093,0,1,36.033,-83.93052,1,2024-12-17 08:43:00,2024,12,17,8,43,Tuesday,08:43,Suspected Serious Injury,Daylight,Clear,Pedestrian,None,KNOXVILLE POLICE DEPT,Other,Unbelted,-,-,-,-,-,-,Pedestrian,-,-,ATV_Involved,-,-,Knox,Knoxville,3
63800,400196153,0,1,36.49042,-86.87854,3,2024-12-13 17:48:00,2024,12,13,17,48,Friday,17:48,Suspected Serious Injury,Dark-Lighted,Clear,Motor Vehicle-In-Transport On Same Roadway,None,THP District 3 - Nashville,THP,Unbelted,-,-,-,-,-,-,-,-,-,-,Motorcyclist,-,Robertson,Springfield,6
63818,400196242,0,1,36.12893,-86.11987,3,2024-12-17 16:40:00,2024,12,17,16,40,Tuesday,16:40,Suspected Serious Injury,Dusk,Clear,Standing Tree,None,THP District 3 - Nashville,THP,Unbelted,Distracted,-,-,-,-,-,-,-,-,-,-,-,Wilson,Not in City Limit,3
63852,400196396,1,0,35.2,-89.658,4,2024-12-17 21:40:00,2024,12,17,21,40,Tuesday,21:40,Fatal,Dark-Not Lighted,Clear,Standing Tree,None,THP District 4 - Memphis,THP,Unbelted,-,-,-,-,-,-,-,-,-,-,-,-,Shelby,Not in City Limit,3
63862,400196434,0,1,36.44298,-86.92087,3,2024-12-18 03:11:00,2024,12,18,3,11,Wednesday,03:11,Suspected Serious Injury,Dark-Not Lighted,Rain,Ditch,None,THP District 3 - Nashville,THP,Unbelted,-,-,-,-,-,-,-,-,-,-,-,-,Robertson,Not in City Limit,4
63871,400196459,0,1,35.15101,-84.94292,2,2024-12-18 06:30:00,2024,12,18,6,30,Wednesday,06:30,Suspected Serious Injury,Dark-Not Lighted,Clear,Motor Vehicle-In-Transport On Same Roadway,None,THP District 2 - Chattanooga,THP,Unbelted,-,-,-,-,-,-,-,-,-,ATV_Involved,-,-,Bradley,Cleveland,4
63884,400196613,0,1,35.15402,-87.73736,7,2024-12-18 08:45:00,2024,12,18,8,45,Wednesday,08:45,Suspected Serious Injury,Daylight,Cloudy,Standing Tree,None,THP District 7 - Lawrenceburg,THP,Unbelted,-,-,-,-,-,-,-,-,-,-,-,-,Wayne,Not in City Limit,4
63885,400196618,0,2,35.04362,-85.12074,2,2024-12-18 10:23:00,2024,12,18,10,23,Wednesday,10:23,Suspected Serious Injury,Daylight,Clear,Motor Vehicle-In-Transport On Same Roadway,None,HAMILTON COUNTY SHERIFF'S OFFICE,Other,Unbelted,-,-,-,-,-,-,-,-,-,-,-,-,Hamilton,Not in City Limit,4
63888,400196632,0,4,35.65671,-88.85283,8,2024-12-18 06:56:00,2024,12,18,6,56,Wednesday,06:56,Suspected Serious Injury,Dark-Lighted,Rain,Motor Vehicle-In-Transport On Same Roadway,None,JACKSON POLICE DEPT,Other,Unbelted,-,-,-,-,-,-,-,-,-,ATV_Involved,-,-,Madison,Jackson,4
63892,400196656,0,2,36.37445,-85.35434,6,2024-12-16 12:58:00,2024,12,16,12,58,Monday,12:58,Suspected Serious Injury,Daylight,Clear,Motor Vehicle-In-Transport On Same Roadway,None,LIVINGSTON POLICE DEPT,Other,Unbelted,-,-,-,-,-,-,-,-,-,-,-,-,Overton,Livingston,2
63893,400196659,1,0,36.49713,-81.78514,5,2024-12-18 10:46:00,2024,12,18,10,46,Wednesday,10:46,Fatal,Daylight,Clear,Standing Tree,None,THP District 5 - Fall Branch,THP,Unbelted,-,-,-,-,-,-,-,-,-,-,-,-,Johnson,Not in City Limit,4
63894,400196662,1,3,35.16577,-84.31046,2,2024-12-15 12:59:00,2024,12,15,12,59,Sunday,12:59,Fatal,Daylight,Rain,Standing Tree,None,THP District 2 - Chattanooga,THP,Unbelted,-,-,Drug,-,-,-,-,-,-,-,-,-,Polk,Not in City Limit,1
63907,400196703,1,1,35.88536,-83.79389,1,2024-12-16 15:52:00,2024,12,16,15,52,Monday,15:52,Fatal,Daylight,Clear,Motor Vehicle-In-Transport On Same Roadway,None,THP District 1 - Knoxville,THP,Unbelted,-,-,Drug,-,-,-,-,-,-,-,-,-,Blount,Not in City Limit,2
63920,400196773,0,2,35.81314,-86.78005,3,2024-12-17 17:35:00,2024,12,17,17,35,Tuesday,17:35,Suspected Serious Injury,Dusk,Cloudy,Motor Vehicle-In-Transport On Same Roadway,None,THP District 3 - Nashville,THP,Unbelted,-,-,-,-,-,-,-,-,-,-,-,-,Williamson,Not in City Limit,3
63927,400196811,0,1,36.04599,-88.168,8,2024-12-18 14:49:00,2024,12,18,14,49,Wednesday,14:49,Suspected Serious Injury,Daylight,Clear,Embankment Earth,None,THP District 8 - Jackson,THP,Unbelted,-,-,-,-,-,-,-,-,-,-,-,-,Benton,Not in City Limit,4
63928,400196814,1,0,35.90445,-88.84814,8,2024-12-18 16:01:00,2024,12,18,16,1,Wednesday,16:01,Fatal,Daylight,Clear,Standing Tree,None,THP District 8 - Jackson,THP,Unbelted,-,Drinking,Drug,-,-,-,-,-,-,-,-,-,Gibson,Not in City Limit,4
63929,400196819,0,1,36.15799,-86.79106,3,2024-12-18 15:19:00,2024,12,18,15,19,Wednesday,15:19,Suspected Serious Injury,Daylight,Cloudy,Motor Vehicle-In-Transport On Same Roadway,None,THP District 3 - Nashville,THP,Unbelted,-,-,-,-,-,-,-,-,-,ATV_Involved,-,-,Davidson,Nashville,4
63935,400196865,0,1,35.27549,-88.18995,8,2024-12-18 17:26:00,2024,12,18,17,26,Wednesday,17:26,Suspected Serious Injury,Dark-Not Lighted,Cloudy,Ditch,None,THP District 8 - Jackson,THP,Unbelted,-,-,-,-,-,-,-,-,-,-,-,-,Hardin,Not in City Limit,4
63942,400196911,0,1,35.97608,-89.39088,8,2024-12-12 14:43:00,2024,12,12,14,43,Thursday,14:43,Suspected Serious Injury,Daylight,Clear,Motor Vehicle-In-Transport On Same Roadway,None,THP District 8 - Jackson,THP,Unbelted,-,-,-,-,-,-,-,-,-,ATV_Involved,Motorcyclist,-,Dyer,Not in City Limit,5
63947,400196936,0,1,35.46282,-84.6429,2,2024-12-18 19:46:00,2024,12,18,19,46,Wednesday,19:46,Suspected Serious Injury,Dark-Lighted,Rain,Pedestrian,None,ATHENS POLICE DEPT,Other,Unbelted,-,-,-,-,-,-,Pedestrian,-,-,-,-,-,McMinn,Athens,4
63950,400196958,0,3,36.23123,-86.26698,3,2024-12-18 18:00:00,2024,12,18,18,0,Wednesday,18:00,Suspected Serious Injury,Dark-Not Lighted,Clear,Motor Vehicle-In-Transport On Same Roadway,None,THP District 3 - Nashville,THP,Unbelted,Distracted,-,-,-,-,-,-,-,-,-,-,-,Wilson,Not in City Limit,4
63951,400196960,1,0,36.31609,-86.62649,3,2024-12-18 16:50:00,2024,12,18,16,50,Wednesday,16:50,Fatal,Daylight,Clear,Mail Box,None,HENDERSONVILLE POLICE DEPT,Other,Unbelted,-,-,-,-,-,-,-,-,-,-,-,-,Sumner,Hendersonville,4
63975,400197063,3,1,35.00909,-85.26755,2,2024-12-14 05:52:00,2024,12,14,5,52,Saturday,05:52,Fatal,Dark-Lighted,Clear,Concrete Traffic Barrier,None,EAST RIDGE POLICE DEPT,Other,Unbelted,-,Drinking,Drug,-,Speeding,-,-,-,-,-,-,-,Hamilton,East Ridge,7
63993,400197157,1,0,36.05258,-86.67318,3,2024-12-18 06:27:00,2024,12,18,6,27,Wednesday,06:27,Fatal,Dark-Lighted,Rain,Ditch,None,METROPOLITAN NASHVILLE POLICE DEPT,Other,Unbelted,-,-,-,-,-,-,-,-,-,-,-,-,Davidson,Nashville,4
64002,400197229,0,1,35.73979,-84.0379,1,2024-12-18 14:25:00,2024,12,18,14,25,Wednesday,14:25,Suspected Serious Injury,Daylight,Rain,Motor Vehicle-In-Transport On Same Roadway,None,THP District 1 - Knoxville,THP,Unbelted,-,-,-,-,-,-,-,-,-,-,-,-,Blount,Not in City Limit,4
64004,400197246,0,1,35.86032,-86.41863,3,2024-12-16 15:17:00,2024,12,16,15,17,Monday,15:17,Suspected Serious Injury,Daylight,Rain,Curb,None,MURFREESBORO POLICE DEPT,Other,Unbelted,-,Drinking,Drug,-,-,-,-,-,-,-,-,-,Rutherford,Murfreesboro,2
64012,400197288,0,1,36.3258,-87.74318,3,2024-12-18 16:20:00,2024,12,18,16,20,Wednesday,16:20,Suspected Serious Injury,Daylight,Clear,Culvert,None,THP District 3 - Nashville,THP,Unbelted,-,-,-,-,-,-,-,-,-,-,-,-,Houston,Tennessee Ridge,4
64020,400197342,0,1,35.42304,-84.65701,2,2024-12-18 17:23:00,2024,12,18,17,23,Wednesday,17:23,Suspected Serious Injury,Dusk,Rain,Motor Vehicle-In-Transport On Same Roadway,None,THP District 2 - Chattanooga,THP,Unbelted,-,-,-,-,-,-,-,-,-,-,-,-,McMinn,Not in City Limit,4
64027,400197408,0,1,35.63084,-85.85848,6,2024-12-19 16:09:00,2024,12,19,16,9,Thursday,16:09,Suspected Serious Injury,Dusk,Clear,Motor Vehicle-In-Transport On Same Roadway,None,THP District 6 - Cookeville,THP,Unbelted,-,-,-,-,-,-,-,-,-,ATV_Involved,-,-,Warren,Not in City Limit,5
64028,400197413,0,2,35.78188,-83.62653,1,2024-12-19 15:19:00,2024,12,19,15,19,Thursday,15:19,Suspected Serious Injury,Daylight,Clear,Standing Tree,None,THP District 1 - Knoxville,THP,Unbelted,-,-,-,-,Speeding,-,-,-,-,-,-,-,Sevier,Not in City Limit,5
64030,400197426,0,1,35.65396,-83.95564,1,2024-12-18 19:16:00,2024,12,18,19,16,Wednesday,19:16,Suspected Serious Injury,Dark-Not Lighted,Rain,Standing Tree,None,THP District 1 - Knoxville,THP,Unbelted,-,Drinking,-,-,-,-,-,-,-,-,-,-,Blount,Not in City Limit,4
64032,400197442,0,2,36.28256,-86.83765,3,2024-12-19 14:48:00,2024,12,19,14,48,Thursday,14:48,Suspected Serious Injury,Dusk,Clear,Motor Vehicle-In-Transport On Same Roadway,None,METROPOLITAN NASHVILLE POLICE DEPT,Other,Unbelted,-,-,-,-,-,-,-,-,-,-,Motorcyclist,-,Davidson,Nashville,5
64033,400197447,0,2,36.20699,-86.93747,3,2024-12-19 16:07:00,2024,12,19,16,7,Thursday,16:07,Suspected Serious Injury,Daylight,Clear,Motor Vehicle-In-Transport On Same Roadway,None,METROPOLITAN NASHVILLE POLICE DEPT,Other,Unbelted,-,-,Drug,-,-,-,-,-,-,ATV_Involved,-,-,Davidson,Nashville,5
64035,400197462,0,5,36.29382,-86.73066,3,2024-12-15 20:08:00,2024,12,15,20,8,Sunday,20:08,Suspected Serious Injury,Dark-Lighted,Cloudy,Motor Vehicle-In-Transport On Same Roadway,None,GOODLETTSVILLE POLICE DEPT,Other,Unbelted,Distracted,-,-,-,-,-,-,-,-,-,-,-,Davidson,Nashville,1
64039,400197474,0,1,36.18337,-86.74857,3,2024-12-19 18:30:00,2024,12,19,18,30,Thursday,18:30,Suspected Serious Injury,Dark-Lighted,Clear,Pedestrian,None,METROPOLITAN NASHVILLE POLICE DEPT,Other,Unbelted,-,-,-,-,-,-,Pedestrian,-,-,-,-,-,Davidson,Nashville,5
64068,400197646,0,2,36.33041,-86.62497,3,2024-12-20 06:57:00,2024,12,20,6,57,Friday,06:57,Suspected Serious Injury,Daylight,Clear,Motor Vehicle-In-Transport On Same Roadway,None,HENDERSONVILLE POLICE DEPT,Other,Unbelted,-,-,-,-,-,-,-,-,-,-,-,-,Sumner,Hendersonville,6
64076,400197710,0,2,35.55695,-86.53806,7,2024-12-20 06:09:00,2024,12,20,6,9,Friday,06:09,Suspected Serious Injury,Dark-Not Lighted,Clear,Motor Vehicle-In-Transport On Same Roadway,None,THP District 7 - Lawrenceburg,THP,Unbelted,-,-,-,-,-,-,-,-,-,-,-,-,Bedford,Not in City Limit,6
64086,400197768,1,0,36.49879,-84.56987,1,2024-12-19 19:14:00,2024,12,19,19,14,Thursday,19:14,Fatal,Dark-Not Lighted,Clear,Pedestrian,None,THP District 1 - Knoxville,THP,Unbelted,-,-,-,-,-,-,Pedestrian,-,-,-,-,-,Scott,Not in City Limit,5
64134,400197990,0,3,36.07446,-83.37792,5,2024-12-20 17:36:00,2024,12,20,17,36,Friday,17:36,Suspected Serious Injury,Dusk,Clear,Motor Vehicle-In-Transport On Same Roadway,None,THP District 5 - Fall Branch,THP,Unbelted,-,-,-,-,-,-,-,-,-,-,-,-,Jefferson,Not in City Limit,6
64149,400198062,0,1,36.40486,-82.23736,5,2024-12-19 23:56:00,2024,12,19,23,56,Thursday,23:56,Suspected Serious Injury,Dark-Not Lighted,Clear,Embankment Earth,None,THP District 5 - Fall Branch,THP,Unbelted,-,-,-,-,-,-,-,-,-,-,-,-,Carter,Not in City Limit,5
64164,400198106,0,1,35.57956,-84.93314,2,2024-12-15 05:15:00,2024,12,15,5,15,Sunday,05:15,Suspected Serious Injury,Dark-Not Lighted,Rain,Embankment Earth,None,THP District 2 - Chattanooga,THP,Unbelted,-,-,Drug,-,Speeding,-,-,-,-,-,-,-,Rhea,Not in City Limit,1
64166,400198112,0,1,36.46075,-87.11605,3,2024-12-20 04:10:00,2024,12,20,4,10,Friday,04:10,Suspected Serious Injury,Dark-Not Lighted,Clear,Motor Vehicle-In-Transport On Same Roadway,None,THP District 3 - Nashville,THP,Unbelted,-,-,-,-,-,-,-,-,-,-,-,-,Robertson,Not in City Limit,6
64170,400198138,0,1,35.96007,-83.97333,1,2024-12-21 00:00:00,2024,12,21,24,0,Saturday,24:00,Suspected Serious Injury,Dark-Not Lighted,Clear,"Over Turn, Roll Over",None,KNOXVILLE POLICE DEPT,Other,Unbelted,-,-,-,-,-,-,-,-,-,-,-,-,Knox,Knoxville,7
64178,400198203,0,2,36.18341,-82.88252,5,2024-12-21 10:10:00,2024,12,21,10,10,Saturday,10:10,Suspected Serious Injury,Daylight,Cloudy,Motor Vehicle-In-Transport On Same Roadway,None,THP District 5 - Fall Branch,THP,Unbelted,-,-,-,-,-,-,-,-,-,-,-,-,Greene,Not in City Limit,7
64207,400198367,0,1,35.57781,-84.3734,1,2024-12-17 20:33:00,2024,12,17,20,33,Tuesday,20:33,Suspected Serious Injury,Dark-Not Lighted,Clear,"Over Turn, Roll Over",None,THP District 1 - Knoxville,THP,Unbelted,-,-,-,-,-,-,-,-,-,-,-,-,Monroe,Not in City Limit,3
64208,400198369,0,1,36.09435,-86.65328,3,2024-12-21 14:33:00,2024,12,21,14,33,Saturday,14:33,Suspected Serious Injury,Daylight,Clear,Motor Vehicle-In-Transport On Same Roadway,None,METROPOLITAN NASHVILLE POLICE DEPT,Other,Unbelted,Distracted,-,Drug,-,-,-,-,-,-,-,-,-,Davidson,Nashville,7
64215,400198423,0,1,36.46269,-86.82922,3,2024-12-20 19:16:00,2024,12,20,19,16,Friday,19:16,Suspected Serious Injury,Dark-Not Lighted,Clear,Fence,None,THP District 3 - Nashville,THP,Unbelted,-,-,-,-,-,-,-,-,-,-,-,-,Robertson,Not in City Limit,6
64216,400198428,2,1,35.93477,-86.53169,3,2024-12-21 04:30:00,2024,12,21,4,30,Saturday,04:30,Fatal,Dark-Not Lighted,Clear,Motor Vehicle-In-Transport On Same Roadway,None,THP District 3 - Nashville,THP,Unbelted,Distracted,Drinking,Drug,-,-,-,-,-,-,-,-,-,Rutherford,Not in City Limit,7
64221,400198447,0,4,36.24579,-86.74527,3,2024-12-21 18:14:00,2024,12,21,18,14,Saturday,18:14,Suspected Serious Injury,Dark-Lighted,Clear,Motor Vehicle-In-Transport On Same Roadway,None,METROPOLITAN NASHVILLE POLICE DEPT,Other,Unbelted,-,-,-,-,-,-,-,-,-,-,-,-,Davidson,Nashville,7
64224,400198450,0,2,36.34449,-86.52815,3,2024-12-21 20:18:00,2024,12,21,20,18,Saturday,20:18,Suspected Serious Injury,Dark-Lighted,Clear,Motor Vehicle-In-Transport On Same Roadway,None,GALLATIN POLICE DEPT,Other,Unbelted,-,-,-,-,-,-,-,-,-,-,-,-,Sumner,Gallatin,7
64226,400198468,0,1,35.44686,-88.60999,8,2024-12-21 18:15:00,2024,12,21,18,15,Saturday,18:15,Suspected Serious Injury,Dark-Lighted,Clear,"Over Turn, Roll Over",None,HENDERSON POLICE DEPT,Other,Unbelted,-,-,-,-,Speeding,-,-,-,-,-,-,-,Chester,Henderson,7
64230,400198480,1,0,35.22582,-85.05979,2,2024-12-21 16:30:00,2024,12,21,16,30,Saturday,16:30,Fatal,Daylight,Clear,Paved Surface-Irregular,None,HAMILTON COUNTY SHERIFF'S OFFICE,Other,Unbelted,-,-,-,-,Speeding,-,-,-,-,-,-,-,Hamilton,Not in City Limit,7
64243,400198547,0,1,36.15635,-86.80717,3,2024-12-22 06:22:00,2024,12,22,6,22,Sunday,06:22,Suspected Serious Injury,Daylight,Clear,Pedestrian,None,METROPOLITAN NASHVILLE POLICE DEPT,Other,Unbelted,-,-,-,-,-,-,Pedestrian,-,-,-,-,-,Davidson,Nashville,1
64244,400198548,1,1,36.37952,-84.38264,1,2024-12-22 01:59:00,2024,12,22,1,59,Sunday,01:59,Fatal,Dark-Not Lighted,Clear,Motor Vehicle-In-Transport On Same Roadway,None,THP District 1 - Knoxville,THP,Unbelted,-,-,Drug,-,-,-,-,-,-,-,-,-,Scott,Not in City Limit,1
64251,400198586,1,1,35.79777,-88.439,8,2024-12-22 07:30:00,2024,12,22,7,30,Sunday,07:30,Fatal,Daylight,Clear,Motor Vehicle-In-Transport On Same Roadway,None,THP District 8 - Jackson,THP,Unbelted,-,Drinking,Drug,-,-,-,-,-,-,-,-,-,Henderson,Not in City Limit,1
64256,400198602,0,1,36.31535,-86.58903,3,2024-12-22 11:21:00,2024,12,22,11,21,Sunday,11:21,Suspected Serious Injury,,Clear,Ditch,None,HENDERSONVILLE POLICE DEPT,Other,Unbelted,-,-,-,-,-,-,-,-,-,-,-,-,Sumner,Hendersonville,1
64263,400198642,0,1,35.31473,-89.81645,4,2024-12-22 06:15:00,2024,12,22,6,15,Sunday,06:15,Suspected Serious Injury,Dark-Not Lighted,Clear,Bridge Rail,None,THP District 4 - Memphis,THP,Unbelted,-,Drinking,-,-,-,-,-,-,-,-,-,-,Shelby,Not in City Limit,1
64265,400198667,0,2,35.96837,-83.97958,1,2024-12-22 12:44:00,2024,12,22,12,44,Sunday,12:44,Suspected Serious Injury,Daylight,Clear,Motor Vehicle-In-Transport On Same Roadway,None,KNOXVILLE POLICE DEPT,Other,Unbelted,Distracted,-,-,-,-,-,-,-,-,-,-,-,Knox,Knoxville,1
64269,400198691,0,2,36.01387,-86.36359,3,2024-12-21 20:04:00,2024,12,21,20,4,Saturday,20:04,Suspected Serious Injury,Dark-Not Lighted,Clear,Motor Vehicle-In-Transport On Same Roadway,None,THP District 3 - Nashville,THP,Unbelted,-,Drinking,Drug,-,-,-,-,-,-,-,-,-,Wilson,Not in City Limit,7
64283,400198734,0,2,35.74611,-86.9362,7,2024-12-22 17:16:00,2024,12,22,17,16,Sunday,17:16,Suspected Serious Injury,Dark-Lighted,Clear,Motor Vehicle-In-Transport On Same Roadway,None,SPRING HILL POLICE DEPT,Other,Unbelted,-,-,-,-,Speeding,-,-,-,-,-,-,-,Maury,Spring Hill,1
64296,400198773,0,1,35.60243,-86.82383,7,2024-12-22 17:53:00,2024,12,22,17,53,Sunday,17:53,Suspected Serious Injury,Dark-Not Lighted,Cloudy,Pedestrian,None,THP District 7 - Lawrenceburg,THP,Unbelted,-,-,-,-,-,-,Pedestrian,-,-,-,-,-,Marshall,Not in City Limit,1
64299,400198802,0,1,35.85804,-86.43683,3,2024-12-22 00:00:00,2024,12,22,0,0,Sunday,00:00,Suspected Serious Injury,Dark-Lighted,Clear,Motor Vehicle-In-Transport On Same Roadway,None,MURFREESBORO POLICE DEPT,Other,Unbelted,-,-,-,-,-,-,-,-,-,-,-,-,Rutherford,Murfreesboro,1
64300,400198803,0,1,35.48425,-84.69352,2,2024-12-22 02:09:00,2024,12,22,2,9,Sunday,02:09,Suspected Serious Injury,Dark-Not Lighted,Cloudy,Ditch,None,THP District 2 - Chattanooga,THP,Unbelted,-,Drinking,-,-,-,-,-,-,-,-,-,-,McMinn,Not in City Limit,1
64305,400198821,1,3,36.01397,-86.36357,3,2024-12-21 20:15:00,2024,12,21,20,15,Saturday,20:15,Fatal,Dark-Not Lighted,Clear,Motor Vehicle-In-Transport On Same Roadway,None,THP District 3 - Nashville,THP,Unbelted,-,-,-,-,-,-,Pedestrian,-,-,-,-,-,Wilson,Not in City Limit,7
64307,400198841,0,1,35.45575,-89.56705,4,2024-12-21 22:29:00,2024,12,21,22,29,Saturday,22:29,Suspected Serious Injury,Dark-Not Lighted,Clear,Standing Tree,None,THP District 4 - Memphis,THP,Unbelted,-,-,-,-,-,-,-,-,-,-,-,-,Tipton,Not in City Limit,7
64309,400198877,0,1,35.44128,-84.6085,2,2024-12-22 21:35:00,2024,12,22,21,35,Sunday,21:35,Suspected Serious Injury,Dark-Lighted,Clear,Utility Pole,None,ATHENS POLICE DEPT,Other,Unbelted,Distracted,-,-,-,-,-,-,-,-,-,-,-,McMinn,Athens,1
64311,400198898,0,1,36.61199,-86.54475,3,2024-12-19 00:00:00,2024,12,19,24,0,Thursday,24:00,Suspected Serious Injury,Daylight,Clear,Motor Vehicle-In-Transport On Same Roadway,None,PORTLAND POLICE DEPT,Other,Unbelted,Distracted,-,-,-,-,-,-,-,-,ATV_Involved,-,-,Sumner,Portland,5
64316,400198944,0,1,35.92739,-83.80364,1,2024-12-23 08:57:00,2024,12,23,8,57,Monday,08:57,Suspected Serious Injury,Daylight,Clear,Standing Tree,None,KNOX CO SHERIFFS OFFICE,Other,Unbelted,-,-,-,-,-,-,-,-,-,-,-,-,Knox,Not in City Limit,2
64320,400198975,1,1,36.17047,-86.80545,3,2024-12-21 03:00:00,2024,12,21,3,0,Saturday,03:00,Fatal,Dark-Lighted,Clear,Motor Vehicle-In-Transport On Same Roadway,None,METROPOLITAN NASHVILLE POLICE DEPT,Other,Unbelted,-,Drinking,-,-,-,-,-,-,-,-,-,-,Davidson,Nashville,7
64322,400198980,1,0,36.11631,-86.69718,3,2024-12-21 20:00:00,2024,12,21,20,0,Saturday,20:00,Fatal,Dark-Lighted,Clear,Pedestrian,None,METROPOLITAN NASHVILLE POLICE DEPT,Other,-,-,-,-,-,-,-,Pedestrian,-,-,-,-,-,Davidson,Nashville,7
64325,400198994,0,1,35.91016,-84.88182,6,2024-12-23 08:12:00,2024,12,23,8,12,Monday,08:12,Suspected Serious Injury,Daylight,Clear,Pedestrian,Utility Zone,THP District 6 - Cookeville,THP,Unbelted,Distracted,-,-,-,-,-,Pedestrian,-,-,-,-,-,Cumberland,Crab Orchard,2
64348,400199191,0,3,36.30324,-86.62746,3,2024-12-23 15:07:00,2024,12,23,15,7,Monday,15:07,Suspected Serious Injury,Daylight,Clear,Motor Vehicle-In-Transport On Same Roadway,None,HENDERSONVILLE POLICE DEPT,Other,Unbelted,-,-,-,Drowsy,-,-,-,-,-,-,-,-,Sumner,Hendersonville,2
64350,400199195,0,1,35.13133,-85.04403,2,2024-12-23 16:57:00,2024,12,23,16,57,Monday,16:57,Suspected Serious Injury,Daylight,Clear,Motor Vehicle-In-Transport On Same Roadway,None,HAMILTON COUNTY SHERIFF'S OFFICE,Other,Unbelted,-,-,-,-,-,-,-,-,-,-,Motorcyclist,-,Hamilton,Not in City Limit,2
64362,400199241,0,1,35.92043,-84.06721,1,2024-12-23 17:42:00,2024,12,23,17,42,Monday,17:42,Suspected Serious Injury,Daylight,Clear,Pedestrian,None,KNOXVILLE POLICE DEPT,Other,Unbelted,-,-,-,-,-,-,Pedestrian,-,-,-,-,-,Knox,Knoxville,2
64366,400199262,0,1,35.48179,-86.4752,7,2024-12-23 17:52:00,2024,12,23,17,52,Monday,17:52,Suspected Serious Injury,Dark-Not Lighted,Cloudy,Pedal-Cycle,None,SHELBYVILLE POLICE DEPT,Other,Unbelted,-,-,-,-,-,Pedalcyclist,-,-,-,-,-,-,Bedford,Shelbyville,2
64374,400199292,0,1,35.08715,-88.85131,4,2024-12-23 20:26:00,2024,12,23,20,26,Monday,20:26,Suspected Serious Injury,Dark-Not Lighted,Clear,Ditch,None,HARDEMAN CO SHERIFFS DEPT,Other,Unbelted,Distracted,-,-,Drowsy,-,-,-,-,-,-,-,-,Hardeman,Not in City Limit,2
64380,400199304,0,2,36.19772,-85.0202,6,2024-12-23 15:07:00,2024,12,23,15,7,Monday,15:07,Suspected Serious Injury,Daylight,Clear,Motor Vehicle-In-Transport On Same Roadway,Construction Zone,THP District 6 - Cookeville,THP,Unbelted,-,-,Drug,-,-,-,-,-,-,-,-,-,Fentress,Not in City Limit,2
64385,400199323,0,4,35.55201,-89.79083,4,2024-12-23 18:57:00,2024,12,23,18,57,Monday,18:57,Suspected Serious Injury,Dark-Lighted,Clear,Motor Vehicle-In-Transport On Same Roadway,None,THP District 4 - Memphis,THP,Unbelted,-,Drinking,Drug,-,-,-,-,-,-,-,-,-,Tipton,Burlison,2