OBJECTID,MRN,Fatality,Injury,Latitude,Longitude,THP_District,Collision_Date,Collision_Year,Collision_Month,Collision_Day,Collision_Hour,Collision_Min,Collision_DOW,Collision_Time,Crash_Type,Light_Condition,Weather,First_Harmfu_Event,Work_Zone_Type,Agency_Name,THP,Unbelted,Distracted_Driver,Driver_Drinking,Driver_Drugged,Drowsy_Driver,Speeding_Involved,Pedalcyclist,Pedestrian,Other_Nonmotorist,ATV_Involved,LargeTruck_Involved,Motorcycle_Involved,SchoolBus,County,City,DOW_Nmb
64387,400199331,0,1,35.92375,-84.0937,1,2024-12-23 21:37:00,2024,12,23,21,37,Monday,21:37,Suspected Serious Injury,Dark-Not Lighted,Clear,Pedestrian,None,KNOXVILLE POLICE DEPT,Other,Unbelted,-,-,-,-,-,-,Pedestrian,-,-,-,-,-,Knox,Not in City Limit,2
64391,400199351,0,2,36.14817,-86.77955,3,2024-12-24 00:20:00,2024,12,24,0,20,Tuesday,00:20,Suspected Serious Injury,Dark-Lighted,Clear,Other Traffic Barrier,None,METROPOLITAN NASHVILLE POLICE DEPT,Other,Unbelted,-,-,-,-,-,-,-,-,-,-,-,-,Davidson,Nashville,3
64392,400199361,0,1,35.49486,-84.99723,2,2024-12-24 01:49:00,2024,12,24,1,49,Tuesday,01:49,Suspected Serious Injury,Dark-Not Lighted,Clear,Ditch,None,DAYTON POLICE DEPT,Other,Unbelted,-,Drinking,-,-,-,-,-,-,-,-,-,-,Rhea,Dayton,3
64406,400199455,0,2,35.24025,-87.22795,7,2024-12-24 08:25:00,2024,12,24,8,25,Tuesday,08:25,Suspected Serious Injury,Daylight,Clear,Motor Vehicle-In-Transport On Same Roadway,None,THP District 7 - Lawrenceburg,THP,Unbelted,-,-,-,-,-,-,-,-,-,-,-,-,Lawrence,Not in City Limit,3
64420,400199542,0,2,36.39619,-83.68523,5,2024-12-24 12:41:00,2024,12,24,12,41,Tuesday,12:41,Suspected Serious Injury,Daylight,Clear,"Over Turn, Roll Over",None,THP District 5 - Fall Branch,THP,Unbelted,-,-,Drug,Drowsy,-,-,-,-,-,-,-,-,Claiborne,Not in City Limit,3
64425,400199572,0,2,36.14076,-82.6811,5,2024-12-24 16:22:00,2024,12,24,16,22,Tuesday,16:22,Suspected Serious Injury,Daylight,Clear,Motor Vehicle-In-Transport On Same Roadway,None,THP District 5 - Fall Branch,THP,Unbelted,-,-,-,-,-,-,-,-,-,-,-,-,Greene,Not in City Limit,3
64426,400199574,0,1,36.06242,-89.07525,8,2024-12-23 17:25:00,2024,12,23,17,25,Monday,17:25,Suspected Serious Injury,Dark-Not Lighted,Clear,Motor Vehicle-In-Transport On Same Roadway,None,THP District 8 - Jackson,THP,Unbelted,Distracted,-,-,-,-,-,-,-,-,-,-,-,Gibson,Not in City Limit,2
64428,400199579,0,1,36.18409,-82.75698,5,2024-12-24 00:00:00,2024,12,24,24,0,Tuesday,24:00,Suspected Serious Injury,Daylight,Clear,Motor Vehicle-In-Transport On Same Roadway,None,TUSCULUM POLICE DEPT,Other,Unbelted,-,-,-,-,-,-,-,-,-,-,-,-,Greene,Tusculum,3
64429,400199584,0,2,35.42892,-85.42854,2,2024-12-24 13:20:00,2024,12,24,13,20,Tuesday,13:20,Suspected Serious Injury,Daylight,Clear,Guard Rail Face,None,THP District 2 - Chattanooga,THP,Unbelted,-,-,-,-,-,-,-,-,-,ATV_Involved,-,-,Sequatchie,Not in City Limit,3
64430,400199587,0,1,35.47585,-86.45387,7,2024-12-24 14:08:00,2024,12,24,14,8,Tuesday,14:08,Suspected Serious Injury,Daylight,Cloudy,Pedal-Cycle,None,SHELBYVILLE POLICE DEPT,Other,Unbelted,-,-,-,-,-,Pedalcyclist,-,-,-,-,-,-,Bedford,Shelbyville,3
64442,400199649,0,1,35.98616,-83.64962,1,2024-12-24 20:35:00,2024,12,24,20,35,Tuesday,20:35,Suspected Serious Injury,Dark-Not Lighted,Clear,Motor Vehicle-In-Transport On Same Roadway,None,SEVIERVILLE POLICE DEPT,Other,Unbelted,-,-,-,-,-,-,-,-,-,-,-,-,Sevier,Sevierville,3
64449,400199695,0,1,36.00807,-83.81391,1,2024-12-24 23:19:00,2024,12,24,23,19,Tuesday,23:19,Suspected Serious Injury,Dark-Not Lighted,Clear,Concrete Traffic Barrier,None,THP District 1 - Knoxville,THP,Unbelted,-,Drinking,Drug,-,-,-,-,-,-,-,-,-,Knox,Knoxville,3
64451,400199701,0,2,36.06462,-87.23214,3,2024-12-25 01:57:00,2024,12,25,1,57,Wednesday,01:57,Suspected Serious Injury,Dark-Not Lighted,Clear,Standing Tree,None,THP District 3 - Nashville,THP,Unbelted,-,-,-,-,-,-,-,-,-,-,-,-,Dickson,Not in City Limit,4
64453,400199707,0,1,36.47297,-87.37715,3,2024-12-25 01:59:00,2024,12,25,1,59,Wednesday,01:59,Suspected Serious Injury,Dark-Not Lighted,Clear,Embankment Earth,None,THP District 3 - Nashville,THP,Unbelted,-,-,-,-,-,-,-,-,-,ATV_Involved,-,-,Montgomery,Not in City Limit,4
64456,400199723,0,2,35.45559,-86.42439,7,2024-12-22 18:00:00,2024,12,22,18,0,Sunday,18:00,Suspected Serious Injury,Dark-Not Lighted,Clear,Motor Vehicle-In-Transport On Same Roadway,None,THP District 7 - Lawrenceburg,THP,Unbelted,-,Drinking,Drug,-,-,-,-,-,-,-,-,-,Bedford,Not in City Limit,1
64475,400199816,1,5,35.83528,-88.89588,8,2024-12-24 23:18:00,2024,12,24,23,18,Tuesday,23:18,Fatal,Dark-Lighted,Cloudy,Motor Vehicle-In-Transport On Same Roadway,None,THP District 8 - Jackson,THP,Unbelted,Distracted,Drinking,Drug,-,-,-,-,-,-,-,-,-,Gibson,Humboldt,3
64486,400199860,0,1,35.47051,-87.23228,7,2024-12-25 21:30:00,2024,12,25,21,30,Wednesday,21:30,Suspected Serious Injury,Dark-Not Lighted,Clear,Standing Tree,None,THP District 7 - Lawrenceburg,THP,Unbelted,-,-,-,-,-,-,-,-,-,-,-,-,Maury,Not in City Limit,4
64490,400199876,2,2,36.02279,-84.05769,1,2024-12-26 00:59:00,2024,12,26,0,59,Thursday,00:59,Fatal,Dark-Lighted,Clear,Motor Vehicle-In-Transport On Same Roadway,None,THP District 1 - Knoxville,THP,Unbelted,-,Drinking,Drug,-,-,-,-,-,-,-,-,-,Knox,Not in City Limit,5
64491,400199878,0,4,36.07395,-86.9755,3,2024-12-25 22:56:00,2024,12,25,22,56,Wednesday,22:56,Suspected Serious Injury,Dark-Lighted,Clear,Motor Vehicle-In-Transport On Same Roadway,None,METROPOLITAN NASHVILLE POLICE DEPT,Other,Unbelted,-,-,-,-,-,-,-,-,-,-,-,-,Davidson,Nashville,4
64500,400199923,0,1,35.62815,-85.92897,6,2024-12-25 00:00:00,2024,12,25,24,0,Wednesday,24:00,Suspected Serious Injury,Dark-Not Lighted,Clear,Ditch,None,WARREN CO SHERIFFS DEPT,Other,-,-,-,-,-,-,-,-,-,-,-,Motorcyclist,-,Warren,Not in City Limit,4
64502,400199929,0,2,35.90312,-87.62593,7,2024-12-24 00:00:00,2024,12,24,24,0,Tuesday,24:00,Suspected Serious Injury,Daylight,Clear,Motor Vehicle-In-Transport On Same Roadway,None,THP District 7 - Lawrenceburg,THP,Unbelted,-,-,-,Drowsy,-,-,-,-,-,-,-,-,Hickman,Not in City Limit,3
64508,400199973,1,1,35.9833,-86.4398,3,2024-12-26 06:27:00,2024,12,26,6,27,Thursday,06:27,Fatal,Dawn,Cloudy,Motor Vehicle-In-Transport On Same Roadway,None,THP District 3 - Nashville,THP,Unbelted,-,-,-,-,-,-,-,-,-,-,-,-,Rutherford,Not in City Limit,5
64519,400200098,0,2,35.98047,-89.39198,8,2024-12-19 13:53:00,2024,12,19,13,53,Thursday,13:53,Suspected Serious Injury,Daylight,Cloudy,Ditch,None,THP District 8 - Jackson,THP,Unbelted,-,Drinking,Drug,-,-,-,-,-,-,-,-,-,Dyer,Not in City Limit,5
64521,400200109,0,1,35.99281,-83.9204,1,2024-12-26 15:37:00,2024,12,26,15,37,Thursday,15:37,Suspected Serious Injury,Daylight,Clear,Pedestrian,None,KNOXVILLE POLICE DEPT,Other,Unbelted,-,-,-,-,-,-,Pedestrian,-,-,-,-,-,Knox,Knoxville,5
64526,400200144,0,1,35.63022,-87.06426,7,2024-12-26 03:03:00,2024,12,26,3,3,Thursday,03:03,Suspected Serious Injury,Dark-Not Lighted,Clear,Concrete Traffic Barrier,None,COLUMBIA POLICE DEPT,Other,Unbelted,-,Drinking,Drug,-,-,-,-,-,-,-,-,-,Maury,Columbia,5
64530,400200161,0,2,35.40147,-85.37094,2,2024-12-26 17:01:00,2024,12,26,17,1,Thursday,17:01,Suspected Serious Injury,Dark-Not Lighted,Clear,Motor Vehicle-In-Transport On Same Roadway,None,DUNLAP POLICE DEPT,Other,Unbelted,-,-,-,-,-,-,-,-,-,-,Motorcyclist,-,Sequatchie,Dunlap,5
64536,400200216,0,1,35.89015,-84.54937,1,2024-12-21 20:57:00,2024,12,21,20,57,Saturday,20:57,Suspected Serious Injury,Dark-Lighted,Clear,Motor Vehicle-In-Transport On Same Roadway,None,THP District 1 - Knoxville,THP,Unbelted,-,-,Drug,-,Speeding,-,-,-,-,-,Motorcyclist,-,Roane,Harriman,7
64537,400200224,0,1,36.31548,-86.71348,3,2024-12-26 19:08:00,2024,12,26,19,8,Thursday,19:08,Suspected Serious Injury,Dark-Lighted,Clear,Motor Vehicle-In-Transport On Same Roadway,None,GOODLETTSVILLE POLICE DEPT,Other,Unbelted,-,-,-,-,-,-,-,-,-,-,Motorcyclist,-,Davidson,Goodlettsville,5
64540,400200230,0,3,35.67894,-88.47908,8,2024-12-26 13:45:00,2024,12,26,13,45,Thursday,13:45,Suspected Serious Injury,Daylight,Cloudy,Motor Vehicle-In-Transport On Same Roadway,None,THP District 8 - Jackson,THP,Unbelted,-,-,-,-,-,-,-,-,-,-,-,-,Henderson,Not in City Limit,5
64553,400200282,0,1,36.15515,-86.36117,3,2024-12-25 21:50:00,2024,12,25,21,50,Wednesday,21:50,Suspected Serious Injury,Dark-Lighted,Clear,Motor Vehicle-In-Transport On Same Roadway,None,THP District 3 - Nashville,THP,Unbelted,-,-,-,-,-,-,-,-,-,-,-,-,Wilson,Not in City Limit,4
64554,400200284,0,1,35.19826,-89.36775,4,2024-12-26 22:10:00,2024,12,26,22,10,Thursday,22:10,Suspected Serious Injury,Dark-Lighted,Rain,"Over Turn, Roll Over",None,FAYETTE CO SHERIFF'S OFFICE,Other,Unbelted,-,-,-,-,-,-,-,-,-,-,-,-,Fayette,Not in City Limit,5
64557,400200293,0,2,36.31301,-86.65827,3,2024-12-27 00:42:00,2024,12,27,0,42,Friday,00:42,Suspected Serious Injury,Dark-Lighted,Clear,Culvert,None,HENDERSONVILLE POLICE DEPT,Other,Unbelted,-,-,-,-,Speeding,-,-,-,-,-,-,-,Sumner,Hendersonville,6
64570,400200369,1,0,36.08339,-89.47975,8,2024-12-27 04:30:00,2024,12,27,4,30,Friday,04:30,Fatal,Dark-Not Lighted,Clear,Standing Tree,None,THP District 8 - Jackson,THP,Unbelted,-,-,-,-,-,-,-,-,-,-,-,-,Dyer,Not in City Limit,6
64582,400200472,1,0,36.24886,-82.19368,5,2024-12-26 11:00:00,2024,12,26,11,0,Thursday,11:00,Fatal,Daylight,Clear,Standing Tree,None,THP District 5 - Fall Branch,THP,Unbelted,-,-,-,-,-,-,-,-,-,-,-,-,Carter,Not in City Limit,5
64589,400200535,0,1,36.53828,-87.542,3,2024-12-27 12:02:00,2024,12,27,12,2,Friday,12:02,Suspected Serious Injury,Daylight,Clear,Embankment Earth,None,THP District 3 - Nashville,THP,Unbelted,-,-,-,-,-,-,-,-,-,-,-,-,Montgomery,Not in City Limit,6
64610,400200662,0,1,35.58102,-89.10696,4,2024-12-25 04:30:00,2024,12,25,4,30,Wednesday,04:30,Suspected Serious Injury,Dark-Not Lighted,Clear,Motor Vehicle-In-Transport On Same Roadway,None,THP District 4 - Memphis,THP,Unbelted,-,-,Drug,-,-,-,-,-,-,ATV_Involved,-,-,Haywood,Not in City Limit,4
64621,400200728,1,4,36.3106,-86.44024,3,2024-12-27 20:22:00,2024,12,27,20,22,Friday,20:22,Fatal,Dark-Not Lighted,Clear,Motor Vehicle-In-Transport On Same Roadway,None,THP District 3 - Nashville,THP,Unbelted,-,-,-,Drowsy,-,-,-,-,-,-,-,-,Wilson,Not in City Limit,6
64631,400200781,0,1,36.24667,-86.72113,3,2024-12-28 02:55:00,2024,12,28,2,55,Saturday,02:55,Suspected Serious Injury,Dark-Lighted,Clear,Unknown,None,METROPOLITAN NASHVILLE POLICE DEPT,Other,Unbelted,-,-,-,-,-,-,-,-,-,-,-,-,Davidson,Nashville,7
64644,400200846,0,1,35.50123,-85.03793,2,2024-12-27 20:15:00,2024,12,27,20,15,Friday,20:15,Suspected Serious Injury,Dark-Not Lighted,Cloudy,Motor Vehicle-In-Transport On Same Roadway,None,THP District 2 - Chattanooga,THP,Unbelted,-,-,-,-,Speeding,-,-,-,-,-,-,-,Rhea,Not in City Limit,6
64655,400200899,0,3,36.30752,-85.30128,6,2024-12-28 10:57:00,2024,12,28,10,57,Saturday,10:57,Suspected Serious Injury,Daylight,Cloudy,Motor Vehicle-In-Transport On Same Roadway,None,THP District 6 - Cookeville,THP,Unbelted,-,-,-,-,-,-,-,-,-,-,-,-,Overton,Not in City Limit,7
64661,400200935,0,3,35.87257,-84.06493,1,2024-12-28 12:00:00,2024,12,28,12,0,Saturday,12:00,Suspected Serious Injury,Daylight,Cloudy,Struck an object at rest from or set in motion by other motor vehicle,None,KNOX CO SHERIFFS OFFICE,Other,Unbelted,-,-,-,-,-,-,-,-,-,-,-,-,Knox,Not in City Limit,7
64672,400201001,0,2,36.3221,-85.90703,6,2024-12-23 12:29:00,2024,12,23,12,29,Monday,12:29,Suspected Serious Injury,Daylight,Clear,Mail Box,None,THP District 6 - Cookeville,THP,Unbelted,-,-,-,-,-,-,-,-,-,-,-,-,Smith,Not in City Limit,2
64673,400201003,0,1,36.46,-87.23871,3,2024-12-28 16:54:00,2024,12,28,16,54,Saturday,16:54,Suspected Serious Injury,Dusk,Rain,Mail Box,None,MONTGOMERY CO SHERIFFS OFFICE,Other,Unbelted,-,Drinking,-,-,-,-,-,-,-,-,-,-,Montgomery,Not in City Limit,7
64678,400201021,0,1,35.99134,-83.66473,1,2024-12-27 21:49:00,2024,12,27,21,49,Friday,21:49,Suspected Serious Injury,Dark-Lighted,Rain,Standing Tree,None,THP District 1 - Knoxville,THP,Unbelted,-,Drinking,Drug,-,-,-,-,-,-,-,-,-,Knox,Not in City Limit,6
64681,400201047,0,2,35.99323,-85.50154,6,2024-12-28 18:24:00,2024,12,28,18,24,Saturday,18:24,Suspected Serious Injury,Dark-Not Lighted,Clear,Motor Vehicle-In-Transport On Same Roadway,None,THP District 6 - Cookeville,THP,Unbelted,-,-,-,-,-,-,-,-,-,-,-,-,White,Not in City Limit,7
64684,400201058,0,2,35.41164,-89.53285,4,2024-12-23 22:36:00,2024,12,23,22,36,Monday,22:36,Suspected Serious Injury,Dark-Lighted,Clear,Embankment Rock/Stone/Concrete,None,MASON POLICE DEPT,Other,Unbelted,-,-,-,-,-,-,-,-,-,-,-,-,Tipton,Mason,2
64690,400201075,0,1,36.13464,-86.72332,3,2024-12-28 18:04:00,2024,12,28,18,4,Saturday,18:04,Suspected Serious Injury,Dark-Lighted,Clear,Pedestrian,None,METROPOLITAN NASHVILLE POLICE DEPT,Other,Unbelted,-,-,-,-,-,-,Pedestrian,-,-,-,-,-,Davidson,Nashville,7
64704,400201132,0,1,35.92591,-84.04472,1,2024-12-28 19:17:00,2024,12,28,19,17,Saturday,19:17,Suspected Serious Injury,Dark-Lighted,Clear,Pedestrian,None,KNOXVILLE POLICE DEPT,Other,Unbelted,-,-,-,-,-,-,Pedestrian,-,-,ATV_Involved,-,-,Knox,Knoxville,7
64710,400201184,0,1,35.992,-87.319,3,2024-12-29 02:32:00,2024,12,29,2,32,Sunday,02:32,Suspected Serious Injury,Dark-Not Lighted,Rain,Embankment Earth,None,THP District 3 - Nashville,THP,Unbelted,-,-,-,-,-,-,-,-,-,-,-,-,Dickson,Not in City Limit,1
64720,400201231,0,4,35.90324,-84.15651,1,2024-12-26 18:55:00,2024,12,26,18,55,Thursday,18:55,Suspected Serious Injury,Dark-Lighted,Clear,Motor Vehicle-In-Transport On Same Roadway,None,THP District 1 - Knoxville,THP,Unbelted,-,-,-,-,-,-,-,-,-,ATV_Involved,-,-,Knox,Farragut,5
64746,400201386,0,1,36.54808,-84.14818,1,2024-12-29 15:10:00,2024,12,29,15,10,Sunday,15:10,Suspected Serious Injury,Daylight,Rain,Motor Vehicle-In-Transport On Same Roadway,None,THP District 1 - Knoxville,THP,Unbelted,-,-,-,-,-,-,-,-,-,-,-,-,Campbell,Not in City Limit,1
64754,400201417,0,2,36.12285,-86.80688,3,2024-12-29 18:11:00,2024,12,29,18,11,Sunday,18:11,Suspected Serious Injury,Dark-Lighted,Clear,Motor Vehicle-In-Transport On Same Roadway,None,METROPOLITAN NASHVILLE POLICE DEPT,Other,Unbelted,-,-,-,Drowsy,-,-,-,-,-,-,-,-,Davidson,Nashville,1
64757,400201432,0,2,36.05192,-86.88978,3,2024-12-29 18:43:00,2024,12,29,18,43,Sunday,18:43,Suspected Serious Injury,Dark-Not Lighted,Clear,Motor Vehicle-In-Transport On Same Roadway,None,METROPOLITAN NASHVILLE POLICE DEPT,Other,Unbelted,-,-,-,-,Speeding,-,-,-,-,-,-,-,Davidson,Nashville,1
64763,400201471,1,0,35.6125,-89.6274,4,2024-12-29 16:10:00,2024,12,29,16,10,Sunday,16:10,Fatal,Daylight,Clear,Utility Pole,None,THP District 4 - Memphis,THP,Unbelted,-,-,-,-,-,-,-,-,-,-,-,-,Tipton,Not in City Limit,1
64766,400201482,0,2,36.46448,-82.47994,5,2024-12-29 00:00:00,2024,12,29,24,0,Sunday,24:00,Suspected Serious Injury,Dark-Not Lighted,Rain,Motor Vehicle-In-Transport On Different Roadway,None,SULLIVAN CO SHERIFFS DEPT,Other,Unbelted,-,-,-,-,-,-,-,-,-,-,-,-,Sullivan,Not in City Limit,1
64770,400201497,0,3,35.03994,-85.31746,2,2024-12-19 04:15:00,2024,12,19,4,15,Thursday,04:15,Suspected Serious Injury,Dark-Lighted,Clear,Concrete Traffic Barrier,None,HAMILTON COUNTY SHERIFF'S OFFICE,Other,Unbelted,-,Drinking,-,-,Speeding,-,-,-,-,-,-,-,Hamilton,Chattanooga,5
64773,400201512,0,1,35.94791,-85.2169,6,2024-12-30 01:34:00,2024,12,30,1,34,Monday,01:34,Suspected Serious Injury,Dark-Not Lighted,Clear,Ditch,None,CUMBERLAND CO SHERIFFS OFFICE,Other,Unbelted,-,-,-,-,-,-,-,-,-,-,-,-,Cumberland,Not in City Limit,2
64774,400201517,1,1,35.73075,-86.89454,7,2024-12-27 06:22:00,2024,12,27,6,22,Friday,06:22,Fatal,Dark-Not Lighted,Rain,Motor Vehicle-In-Transport On Same Roadway,Construction Zone,SPRING HILL POLICE DEPT,Other,Unbelted,-,-,-,-,-,-,-,-,-,-,-,-,Maury,Spring Hill,6
64775,400201518,1,0,36.50258,-82.56599,5,2024-12-29 22:27:00,2024,12,29,22,27,Sunday,22:27,Fatal,Dark-Not Lighted,Rain,Pedestrian,None,THP District 5 - Fall Branch,THP,Unbelted,-,-,-,-,-,-,Pedestrian,-,-,-,-,-,Sullivan,Kingsport,1
64777,400201522,0,1,35.69916,-86.4821,3,2024-12-30 02:47:00,2024,12,30,2,47,Monday,02:47,Suspected Serious Injury,Dark-Not Lighted,Clear,Standing Tree,None,THP District 3 - Nashville,THP,Unbelted,-,Drinking,-,-,-,-,-,-,-,-,-,-,Rutherford,Not in City Limit,2
64819,400201771,1,1,36.11503,-86.69413,3,2024-12-30 14:21:00,2024,12,30,14,21,Monday,14:21,Fatal,Daylight,Clear,Motor Vehicle-In-Transport On Same Roadway,None,METROPOLITAN NASHVILLE POLICE DEPT,Other,Unbelted,-,-,-,-,Speeding,-,-,-,-,-,Motorcyclist,-,Davidson,Nashville,2
64829,400201836,0,1,36.62913,-86.37288,3,2024-12-30 00:00:00,2024,12,30,24,0,Monday,24:00,Suspected Serious Injury,Dark-Not Lighted,Cloudy,Standing Tree,None,THP District 3 - Nashville,THP,Unbelted,-,Drinking,Drug,-,-,-,-,-,-,-,-,-,Sumner,Not in City Limit,2
64836,400201864,0,2,35.84647,-86.44017,3,2024-12-30 16:43:00,2024,12,30,16,43,Monday,16:43,Suspected Serious Injury,Dusk,Clear,Motor Vehicle-In-Transport On Same Roadway,None,MURFREESBORO POLICE DEPT,Other,Unbelted,-,-,-,-,-,-,-,-,-,-,-,-,Rutherford,Murfreesboro,2
64839,400201891,0,3,36.13258,-84.10605,1,2024-12-30 00:00:00,2024,12,30,24,0,Monday,24:00,Suspected Serious Injury,Dark-Not Lighted,Clear,Guard Rail Face,None,ANDERSON CO SHERIFFS DEPT,Other,Unbelted,-,-,-,-,-,-,-,-,-,-,-,-,Anderson,Not in City Limit,2
64844,400201913,0,1,36.23141,-88.86303,8,2024-12-31 01:22:00,2024,12,31,1,22,Tuesday,01:22,Suspected Serious Injury,Dark-Not Lighted,Clear,Embankment Earth,None,THP District 8 - Jackson,THP,Unbelted,-,Drinking,-,-,-,-,-,-,-,-,-,-,Weakley,Not in City Limit,3
64847,400201918,0,2,36.12647,-86.71078,3,2024-12-31 04:09:00,2024,12,31,4,9,Tuesday,04:09,Suspected Serious Injury,Dark-Lighted,Clear,Pedestrian,None,METROPOLITAN NASHVILLE POLICE DEPT,Other,-,-,-,-,-,-,-,Pedestrian,-,-,-,-,-,Davidson,Nashville,3
64854,400201964,1,0,35.25633,-85.11949,2,2024-12-31 01:31:00,2024,12,31,1,31,Tuesday,01:31,Fatal,Dark-Lighted,Clear,"Over Turn, Roll Over",None,HAMILTON COUNTY SHERIFF'S OFFICE,Other,-,-,Drinking,Drug,-,-,-,-,-,-,-,Motorcyclist,-,Hamilton,Not in City Limit,3
64856,400201991,2,0,35.32423,-86.98717,7,2024-12-30 11:37:00,2024,12,30,11,37,Monday,11:37,Fatal,Daylight,Clear,Motor Vehicle-In-Transport On Same Roadway,None,THP District 7 - Lawrenceburg,THP,Unbelted,-,-,-,-,-,-,-,-,-,-,-,-,Giles,Not in City Limit,2
64861,400202009,0,5,35.6802,-86.65217,7,2024-12-29 12:55:00,2024,12,29,12,55,Sunday,12:55,Suspected Serious Injury,Daylight,Rain,Motor Vehicle-In-Transport On Same Roadway,None,THP District 7 - Lawrenceburg,THP,Unbelted,-,-,-,-,-,-,-,-,-,-,-,-,Marshall,Not in City Limit,1
64868,400202036,0,3,36.15109,-88.16121,8,2024-11-18 16:13:00,2024,11,18,16,13,Monday,16:13,Suspected Serious Injury,Daylight,Clear,Guard Rail Face,None,THP District 8 - Jackson,THP,-,-,-,-,-,-,-,-,-,ATV_Involved,-,-,-,Benton,Not in City Limit,2
64886,400202130,1,1,36.16908,-86.60664,3,2024-12-29 21:45:00,2024,12,29,21,45,Sunday,21:45,Fatal,Dark-Not Lighted,Rain,Motor Vehicle-In-Transport On Same Roadway,None,METROPOLITAN NASHVILLE POLICE DEPT,Other,Unbelted,-,-,-,-,-,-,Pedestrian,-,-,-,-,-,Davidson,Nashville,1
64904,400202202,0,1,36.10956,-86.92526,3,2024-12-31 20:27:00,2024,12,31,20,27,Tuesday,20:27,Suspected Serious Injury,Dark-Not Lighted,Cloudy,Embankment Rock/Stone/Concrete,None,METROPOLITAN NASHVILLE POLICE DEPT,Other,Unbelted,-,-,-,-,-,-,-,-,-,-,-,-,Davidson,Nashville,3
64913,400202249,0,1,35.9389,-84.00718,1,2025-01-01 00:00:00,2025,1,1,24,0,Wednesday,24:00,Suspected Serious Injury,Dark-Lighted,Cloudy,Guard Rail Face,None,KNOXVILLE POLICE DEPT,Other,Unbelted,-,-,-,-,-,-,-,-,-,-,-,-,Knox,Knoxville,4
64915,400202259,1,0,35.90547,-86.34079,3,2024-12-31 21:24:00,2024,12,31,21,24,Tuesday,21:24,Fatal,Dark-Not Lighted,Cloudy,Ditch,None,THP District 3 - Nashville,THP,Unbelted,-,-,-,-,Speeding,-,-,-,-,-,-,-,Rutherford,Not in City Limit,3
64916,400202263,0,3,35.9192,-84.04816,1,2025-01-01 01:52:00,2025,1,1,1,52,Wednesday,01:52,Suspected Serious Injury,Dark-Lighted,Clear,Motor Vehicle-In-Transport On Same Roadway,None,KNOXVILLE POLICE DEPT,Other,Unbelted,-,Drinking,-,-,Speeding,-,-,-,-,-,-,-,Knox,Knoxville,4
64921,400202280,1,0,36.58717,-82.26079,5,2024-12-31 23:34:00,2024,12,31,23,34,Tuesday,23:34,Fatal,Dark-Not Lighted,Clear,Pedestrian,None,THP District 5 - Fall Branch,THP,Unbelted,-,-,-,-,-,-,Pedestrian,-,-,-,-,-,Sullivan,Bristol,3
64929,400202326,0,3,35.8551,-83.71897,1,2024-12-28 18:31:00,2024,12,28,18,31,Saturday,18:31,Suspected Serious Injury,Dark-Not Lighted,Clear,Motor Vehicle-In-Transport On Same Roadway,None,THP District 1 - Knoxville,THP,Unbelted,-,Drinking,Drug,-,-,-,-,-,-,-,-,-,Sevier,Not in City Limit,7
64935,400202348,0,2,36.47432,-87.37707,3,2024-12-29 15:50:00,2024,12,29,15,50,Sunday,15:50,Suspected Serious Injury,Daylight,Clear,Motor Vehicle-In-Transport On Same Roadway,None,THP District 3 - Nashville,THP,Unbelted,-,-,Drug,-,-,-,-,-,-,-,-,-,Montgomery,Not in City Limit,1
64953,400202427,0,4,36.16816,-86.10902,3,2024-12-31 23:45:00,2024,12,31,23,45,Tuesday,23:45,Suspected Serious Injury,Dark-Not Lighted,Clear,Motor Vehicle-In-Transport On Same Roadway,None,THP District 3 - Nashville,THP,Unbelted,Distracted,Drinking,Drug,-,-,-,-,-,-,-,-,-,Wilson,Not in City Limit,3
64960,400202454,0,1,35.04551,-89.98013,4,2024-12-24 18:46:00,2024,12,24,18,46,Tuesday,18:46,Suspected Serious Injury,Dark-Lighted,Cloudy,Pedestrian,None,Memphis International Airport Police,Other,Unbelted,Distracted,-,-,-,-,-,Pedestrian,-,-,-,-,-,Shelby,Memphis,3
64989,400202599,1,0,36.06735,-86.89919,3,2025-01-02 00:00:00,2025,1,2,24,0,Thursday,24:00,Fatal,Dark-Not Lighted,Unknown,Standing Tree,None,METROPOLITAN NASHVILLE POLICE DEPT,Other,Unbelted,-,-,-,-,-,-,-,-,-,-,-,-,Davidson,Nashville,5
64990,400202604,0,1,36.17062,-86.12543,3,2025-01-02 08:20:00,2025,1,2,8,20,Thursday,08:20,Suspected Serious Injury,Daylight,Clear,Standing Tree,None,THP District 3 - Nashville,THP,Unbelted,Distracted,-,-,-,-,-,-,-,-,-,-,-,Wilson,Not in City Limit,5
64993,400202637,0,1,36.01029,-84.2696,1,2024-12-31 01:45:00,2024,12,31,1,45,Tuesday,01:45,Suspected Serious Injury,Dark-Lighted,Clear,Motor Vehicle-In-Transport On Different Roadway,None,OAK RIDGE POLICE DEPT,Other,Unbelted,-,-,-,-,-,-,-,-,-,-,-,-,Anderson,Oak Ridge,3