OBJECTID,MRN,Fatality,Injury,Latitude,Longitude,THP_District,Collision_Date,Collision_Year,Collision_Month,Collision_Day,Collision_Hour,Collision_Min,Collision_DOW,Collision_Time,Crash_Type,Light_Condition,Weather,First_Harmfu_Event,Work_Zone_Type,Agency_Name,THP,Unbelted,Distracted_Driver,Driver_Drinking,Driver_Drugged,Drowsy_Driver,Speeding_Involved,Pedalcyclist,Pedestrian,Other_Nonmotorist,ATV_Involved,LargeTruck_Involved,Motorcycle_Involved,SchoolBus,County,City,DOW_Nmb
65002,400202740,0,1,35.87149,-83.57462,1,2025-01-02 15:50:00,2025,1,2,15,50,Thursday,15:50,Suspected Serious Injury,Daylight,Clear,Pedestrian,None,SEVIERVILLE POLICE DEPT,Other,Unbelted,-,-,-,-,-,-,Pedestrian,-,-,-,-,-,Sevier,Sevierville,5
65038,400202940,0,5,36.1522,-86.84222,3,2025-01-03 00:03:00,2025,1,3,0,3,Friday,00:03,Suspected Serious Injury,Dark-Lighted,Clear,Motor Vehicle-In-Transport On Same Roadway,None,METROPOLITAN NASHVILLE POLICE DEPT,Other,Unbelted,-,-,-,-,-,-,-,-,-,-,-,-,Davidson,Nashville,6
65051,400203008,0,2,35.96586,-84.13127,1,2025-01-02 13:44:00,2025,1,2,13,44,Thursday,13:44,Suspected Serious Injury,Daylight,Clear,Motor Vehicle-In-Transport On Same Roadway,None,KNOX CO SHERIFFS OFFICE,Other,Unbelted,-,-,-,-,-,-,-,-,-,-,-,-,Knox,Not in City Limit,5
65066,400203108,0,1,36.56214,-87.24425,3,2025-01-03 07:29:00,2025,1,3,7,29,Friday,07:29,Suspected Serious Injury,Dawn,Clear,Motor Vehicle-In-Transport On Same Roadway,None,THP District 3 - Nashville,THP,Unbelted,-,-,-,-,-,-,-,-,-,-,-,-,Montgomery,Not in City Limit,6
65067,400203111,0,1,36.34719,-81.74297,5,2025-01-02 22:18:00,2025,1,2,22,18,Thursday,22:18,Suspected Serious Injury,Dark-Lighted,Clear,Utility Pole,None,THP District 5 - Fall Branch,THP,Unbelted,-,-,-,-,-,-,-,-,-,-,-,-,Johnson,Not in City Limit,5
65068,400203123,0,1,35.62874,-84.58664,2,2025-01-02 17:18:00,2025,1,2,17,18,Thursday,17:18,Suspected Serious Injury,Dusk,Clear,Standing Tree,None,THP District 2 - Chattanooga,THP,Unbelted,-,-,Drug,-,-,-,-,-,-,-,-,-,McMinn,Not in City Limit,5
65070,400203128,0,4,36.42788,-86.80382,3,2025-01-03 12:49:00,2025,1,3,12,49,Friday,12:49,Suspected Serious Injury,Daylight,Clear,Motor Vehicle-In-Transport On Same Roadway,None,GREENBRIER POLICE DEPT,Other,Unbelted,Distracted,-,-,-,-,-,-,-,-,-,-,-,Robertson,Greenbrier,6
65074,400203172,0,2,36.31184,-86.86005,3,2025-01-03 15:07:00,2025,1,3,15,7,Friday,15:07,Suspected Serious Injury,Daylight,Clear,"Over Turn, Roll Over",None,METROPOLITAN NASHVILLE POLICE DEPT,Other,Unbelted,-,-,-,-,Speeding,-,-,-,-,-,-,-,Davidson,Joelton,6
65076,400203182,1,0,36.10253,-83.7443,1,2025-01-02 17:42:00,2025,1,2,17,42,Thursday,17:42,Fatal,Dark-Not Lighted,Clear,Motor Vehicle-In-Transport On Same Roadway,None,THP District 1 - Knoxville,THP,Unbelted,-,-,-,-,-,-,-,-,-,-,-,-,Knox,Not in City Limit,5
65079,400203187,0,1,35.75035,-89.93014,4,2025-01-02 22:53:00,2025,1,2,22,53,Thursday,22:53,Suspected Serious Injury,Dark-Not Lighted,Clear,Ditch,None,THP District 4 - Memphis,THP,Unbelted,-,Drinking,-,-,-,-,-,-,-,-,-,-,Crockett,Not in City Limit,5
65084,400203219,0,2,36.27441,-87.06419,3,2025-01-03 17:10:00,2025,1,3,17,10,Friday,17:10,Suspected Serious Injury,Dark-Not Lighted,Clear,Pedestrian,None,ASHLAND CITY POLICE DEPT,Other,Unbelted,-,-,-,-,-,-,Pedestrian,-,-,-,-,-,Cheatham,Ashland City,6
65090,400203245,0,1,35.93746,-85.41248,6,2025-01-03 16:30:00,2025,1,3,16,30,Friday,16:30,Suspected Serious Injury,Dusk,Clear,Standing Tree,None,THP District 6 - Cookeville,THP,Unbelted,-,-,-,-,-,-,-,-,-,-,-,-,White,Not in City Limit,6
65093,400203273,0,3,35.5478,-88.80442,8,2025-01-03 18:40:00,2025,1,3,18,40,Friday,18:40,Suspected Serious Injury,Dark-Not Lighted,Clear,Motor Vehicle-In-Transport On Same Roadway,None,JACKSON POLICE DEPT,Other,Unbelted,-,-,-,-,-,-,-,-,-,-,-,-,Madison,Jackson,6
65094,400203283,0,4,35.93074,-87.3018,7,2025-01-03 17:01:00,2025,1,3,17,1,Friday,17:01,Suspected Serious Injury,Dusk,Clear,Motor Vehicle-In-Transport On Same Roadway,None,THP District 7 - Lawrenceburg,THP,Unbelted,Distracted,-,-,-,-,-,-,-,-,-,-,-,Hickman,Not in City Limit,6
65104,400203321,0,1,36.17106,-86.80992,3,2025-01-03 20:34:00,2025,1,3,20,34,Friday,20:34,Suspected Serious Injury,Dark-Lighted,Clear,Motor Vehicle-In-Transport On Same Roadway,None,METROPOLITAN NASHVILLE POLICE DEPT,Other,Unbelted,-,-,-,-,-,-,-,-,-,-,-,-,Davidson,Nashville,6
65105,400203324,0,1,35.13536,-88.63977,8,2025-01-02 04:20:00,2025,1,2,4,20,Thursday,04:20,Suspected Serious Injury,Dark-Not Lighted,Clear,Embankment Earth,None,THP District 8 - Jackson,THP,Unbelted,-,-,-,-,-,-,-,-,-,-,-,-,McNairy,Not in City Limit,5
65108,400203343,0,2,35.44825,-86.32284,7,2025-01-03 21:07:00,2025,1,3,21,7,Friday,21:07,Suspected Serious Injury,Dark-Not Lighted,Clear,Motor Vehicle-In-Transport On Same Roadway,None,THP District 7 - Lawrenceburg,THP,Unbelted,-,Drinking,Drug,-,-,-,-,-,-,-,-,-,Bedford,Not in City Limit,6
65110,400203358,0,1,36.17148,-86.7653,3,2025-01-04 00:25:00,2025,1,4,0,25,Saturday,00:25,Suspected Serious Injury,Dark-Lighted,Clear,Pedal-Cycle,None,METROPOLITAN NASHVILLE POLICE DEPT,Other,-,-,-,-,-,-,Pedalcyclist,-,-,-,-,-,-,Davidson,Nashville,7
65114,400203380,0,1,36.11059,-89.34786,8,2025-01-04 02:47:00,2025,1,4,2,47,Saturday,02:47,Suspected Serious Injury,Dark-Not Lighted,Clear,Ditch,None,THP District 8 - Jackson,THP,Unbelted,-,Drinking,Drug,-,-,-,-,-,-,-,-,-,Dyer,Not in City Limit,7
65115,400203384,0,3,36.39682,-86.31684,3,2025-01-03 11:48:00,2025,1,3,11,48,Friday,11:48,Suspected Serious Injury,Daylight,Clear,Motor Vehicle-In-Transport On Same Roadway,None,THP District 3 - Nashville,THP,Unbelted,-,-,-,-,-,-,-,-,-,-,-,-,Sumner,Not in City Limit,6
65126,400203439,0,1,35.3418,-89.50405,4,2025-01-04 06:49:00,2025,1,4,6,49,Saturday,06:49,Suspected Serious Injury,Dawn,Clear,Embankment Earth,None,THP District 4 - Memphis,THP,Unbelted,-,Drinking,Drug,-,-,-,-,-,-,-,-,-,Fayette,Not in City Limit,7
65129,400203448,0,1,36.1454,-88.99712,8,2024-12-28 20:55:00,2024,12,28,20,55,Saturday,20:55,Suspected Serious Injury,Dark-Not Lighted,Rain,Highway Traffic Sign Post,None,THP District 8 - Jackson,THP,Unbelted,Distracted,Drinking,-,-,-,-,-,-,-,-,-,-,Gibson,Rutherford,7
65135,400203479,0,1,36.13647,-89.00442,8,2024-12-29 17:45:00,2024,12,29,17,45,Sunday,17:45,Suspected Serious Injury,Dark-Not Lighted,Clear,Embankment Earth,None,THP District 8 - Jackson,THP,Unbelted,Distracted,-,-,Drowsy,-,-,-,-,-,-,-,-,Gibson,Not in City Limit,1
65139,400203493,1,0,35.95657,-84.12637,1,2025-01-03 19:33:00,2025,1,3,19,33,Friday,19:33,Fatal,Dark-Unknown Lighting,Cloudy,Traffic Signal Support,None,THP District 1 - Knoxville,THP,Unbelted,-,-,-,-,Speeding,-,-,-,-,-,-,-,Knox,Not in City Limit,6
65162,400203607,0,1,36.08925,-83.05503,5,2025-01-04 13:15:00,2025,1,4,13,15,Saturday,13:15,Suspected Serious Injury,Daylight,Clear,Ditch,None,THP District 5 - Fall Branch,THP,Unbelted,-,-,-,-,-,-,-,-,-,ATV_Involved,-,-,Greene,Not in City Limit,7
65164,400203614,0,3,35.92513,-84.0466,1,2025-01-04 18:58:00,2025,1,4,18,58,Saturday,18:58,Suspected Serious Injury,Dark-Lighted,Clear,Motor Vehicle-In-Transport On Same Roadway,None,KNOXVILLE POLICE DEPT,Other,Unbelted,-,-,-,-,-,-,-,-,-,-,-,-,Knox,Knoxville,7
65169,400203630,0,1,35.11411,-86.88109,7,2025-01-04 20:40:00,2025,1,4,20,40,Saturday,20:40,Suspected Serious Injury,Dark-Not Lighted,Clear,Guard Rail Face,None,THP District 7 - Lawrenceburg,THP,Unbelted,Distracted,-,-,-,-,-,-,-,-,-,-,-,Giles,Not in City Limit,7
65171,400203639,0,1,35.86038,-86.41994,3,2025-01-04 00:00:00,2025,1,4,24,0,Saturday,24:00,Suspected Serious Injury,Dark-Lighted,Clear,Standing Tree,None,MURFREESBORO POLICE DEPT,Other,Unbelted,-,-,-,Drowsy,-,-,-,-,-,-,-,-,Rutherford,Murfreesboro,7
65176,400203655,0,2,36.41128,-82.33417,5,2025-01-04 23:46:00,2025,1,4,23,46,Saturday,23:46,Suspected Serious Injury,Dark-Not Lighted,Clear,Motor Vehicle-In-Transport On Same Roadway,None,THP District 5 - Fall Branch,THP,Unbelted,-,Drinking,Drug,-,Speeding,-,-,-,-,-,-,-,Sullivan,OTHER,7
65182,400203675,0,1,36.05405,-86.42188,3,2025-01-04 02:28:00,2025,1,4,2,28,Saturday,02:28,Suspected Serious Injury,Dark-Not Lighted,Clear,Guard Rail Face,None,THP District 3 - Nashville,THP,Unbelted,-,-,-,-,Speeding,-,-,-,-,-,-,-,Wilson,Not in City Limit,7
65184,400203686,0,2,36.16115,-86.79278,3,2025-01-04 22:52:00,2025,1,4,22,52,Saturday,22:52,Suspected Serious Injury,Dark-Lighted,Clear,Motor Vehicle-In-Transport On Same Roadway,None,METROPOLITAN NASHVILLE POLICE DEPT,Other,Unbelted,-,-,-,-,Speeding,-,-,-,-,ATV_Involved,-,-,Davidson,Nashville,7
65188,400203704,0,1,35.06881,-88.33304,8,2025-01-04 12:50:00,2025,1,4,12,50,Saturday,12:50,Suspected Serious Injury,Daylight,Clear,Ditch,None,THP District 8 - Jackson,THP,-,-,-,-,-,-,-,-,-,-,-,Motorcyclist,-,Hardin,Not in City Limit,7
65193,400203719,0,1,36.02753,-83.72964,1,2025-01-05 07:46:00,2025,1,5,7,46,Sunday,07:46,Suspected Serious Injury,Daylight,Cloudy,Ditch,None,KNOX CO SHERIFFS OFFICE,Other,Unbelted,-,Drinking,-,-,Speeding,-,-,-,-,-,-,-,Knox,Not in City Limit,1
65200,400203752,0,1,35.51299,-88.22611,8,2025-01-05 08:43:00,2025,1,5,8,43,Sunday,08:43,Suspected Serious Injury,Dawn,Cloudy,Ditch,None,THP District 8 - Jackson,THP,Unbelted,-,-,-,-,-,-,-,-,-,-,-,-,Decatur,Scotts Hill,1
65201,400203756,0,6,36.07716,-86.73746,3,2025-01-03 19:23:00,2025,1,3,19,23,Friday,19:23,Suspected Serious Injury,Dark-Lighted,Clear,Motor Vehicle-In-Transport On Same Roadway,None,METROPOLITAN NASHVILLE POLICE DEPT,Other,Unbelted,-,-,-,-,-,-,-,-,-,-,-,-,Davidson,Nashville,6
65212,400203813,0,1,36.25011,-82.98713,5,2025-01-05 13:35:00,2025,1,5,13,35,Sunday,13:35,Suspected Serious Injury,Daylight,Freezing Rain/Freezing Drizzle,Standing Tree,None,THP District 5 - Fall Branch,THP,Unbelted,-,-,-,-,-,-,-,-,-,-,-,-,Greene,Not in City Limit,1
65218,400203844,0,1,36.53293,-87.23077,3,2025-01-04 22:20:00,2025,1,4,22,20,Saturday,22:20,Suspected Serious Injury,Dark-Not Lighted,Clear,Standing Tree,None,THP District 3 - Nashville,THP,Unbelted,-,-,-,-,-,-,-,-,-,-,-,-,Montgomery,Clarksville,7
65224,400203880,0,1,35.18279,-85.66678,2,2025-01-05 18:58:00,2025,1,5,18,58,Sunday,18:58,Suspected Serious Injury,Dark-Not Lighted,Clear,Standing Tree,None,THP District 2 - Chattanooga,THP,Unbelted,-,-,-,Drowsy,-,-,-,-,-,-,-,-,Marion,Not in City Limit,1
65225,400203887,0,3,35.23145,-87.08332,7,2025-01-04 16:46:00,2025,1,4,16,46,Saturday,16:46,Suspected Serious Injury,Daylight,Clear,Motor Vehicle-In-Transport On Same Roadway,None,THP District 7 - Lawrenceburg,THP,Unbelted,-,Drinking,Drug,-,-,-,-,-,-,-,-,-,Giles,Not in City Limit,7
65227,400203896,0,1,35.25924,-86.56535,7,2025-01-05 03:00:00,2025,1,5,3,0,Sunday,03:00,Suspected Serious Injury,Dark-Not Lighted,Clear,Ditch,None,THP District 7 - Lawrenceburg,THP,Unbelted,-,Drinking,-,-,-,-,-,-,-,-,-,-,Lincoln,Not in City Limit,1
65230,400203912,0,1,35.75645,-83.95321,1,2025-01-05 18:23:00,2025,1,5,18,23,Sunday,18:23,Suspected Serious Injury,Dark-Not Lighted,Rain,Pedal-Cycle,None,MARYVILLE POLICE DEPT,Other,Unbelted,-,-,-,-,-,Pedalcyclist,-,-,-,-,-,-,Blount,Maryville,1
65235,400203949,0,1,35.86945,-87.95983,8,2025-01-05 17:51:00,2025,1,5,17,51,Sunday,17:51,Suspected Serious Injury,Dark-Not Lighted,Rain,Concrete Traffic Barrier,None,THP District 8 - Jackson,THP,Unbelted,-,-,-,-,-,-,-,-,-,-,-,-,Benton,Not in City Limit,1
65245,400203991,0,1,35.06898,-85.57434,2,2025-01-05 02:38:00,2025,1,5,2,38,Sunday,02:38,Suspected Serious Injury,Dark-Not Lighted,Cloudy,Ditch,None,THP District 2 - Chattanooga,THP,Unbelted,-,Drinking,-,-,-,-,-,-,-,-,-,-,Marion,Not in City Limit,1
65252,400204019,0,1,35.13073,-84.99388,2,2025-01-04 04:09:00,2025,1,4,4,9,Saturday,04:09,Suspected Serious Injury,Dark-Not Lighted,Clear,Standing Tree,None,THP District 2 - Chattanooga,THP,-,-,Drinking,-,-,-,-,-,-,ATV_Involved,-,-,-,Bradley,Not in City Limit,7
65261,400204076,0,1,35.93533,-86.46635,3,2025-01-02 09:30:00,2025,1,2,9,30,Thursday,09:30,Suspected Serious Injury,Daylight,Cloudy,Ditch,None,RUTHERFORD CO SHERIFFS DEPT,Other,Unbelted,-,Drinking,-,-,-,-,-,-,-,-,-,-,Rutherford,Not in City Limit,5
65266,400204107,0,1,35.0097,-84.91957,2,2025-01-06 07:14:00,2025,1,6,7,14,Monday,07:14,Suspected Serious Injury,Dark-Not Lighted,Cloudy,Motor Vehicle-In-Transport On Same Roadway,None,THP District 2 - Chattanooga,THP,Unbelted,-,-,-,-,-,-,-,-,-,ATV_Involved,-,-,Bradley,Not in City Limit,2
65292,400204235,0,4,35.85648,-86.73352,3,2025-01-05 02:52:00,2025,1,5,2,52,Sunday,02:52,Suspected Serious Injury,Dark-Not Lighted,Clear,Ditch,None,THP District 3 - Nashville,THP,Unbelted,-,-,-,-,Speeding,-,-,-,-,-,-,-,Williamson,Not in City Limit,1
65294,400204240,0,1,36.07892,-86.64379,3,2025-01-05 00:08:00,2025,1,5,0,8,Sunday,00:08,Suspected Serious Injury,Dark-Lighted,Cloudy,Motor Vehicle-In-Transport On Same Roadway,None,METROPOLITAN NASHVILLE POLICE DEPT,Other,Unbelted,-,-,-,-,Speeding,-,-,-,-,-,Motorcyclist,-,Davidson,Nashville,1
65323,400204384,0,2,36.10467,-86.93154,3,2025-01-06 19:48:00,2025,1,6,19,48,Monday,19:48,Suspected Serious Injury,Dark-Not Lighted,Cloudy,Motor Vehicle-In-Transport On Same Roadway,None,THP District 3 - Nashville,THP,Unbelted,-,-,-,-,-,-,-,-,-,-,-,-,Davidson,Nashville,2
65358,400204609,1,0,34.99978,-89.74194,4,2025-01-07 07:30:00,2025,1,7,7,30,Tuesday,07:30,Fatal,Daylight,Cloudy,Motor Vehicle-In-Transport On Same Roadway,None,COLLIERVILLE POLICE DEPT,Other,Unbelted,-,-,-,-,Speeding,-,-,-,-,ATV_Involved,-,-,Shelby,Collierville,3
65377,400204734,1,0,34.99782,-86.52299,7,2025-01-07 16:30:00,2025,1,7,16,30,Tuesday,16:30,Fatal,Daylight,Clear,Bridge/Parapet End,None,THP District 7 - Lawrenceburg,THP,Unbelted,-,-,-,-,-,-,-,-,-,-,-,-,Lincoln,Not in City Limit,3
65381,400204756,0,1,35.27916,-84.54695,2,2024-12-26 21:47:00,2024,12,26,21,47,Thursday,21:47,Suspected Serious Injury,Dark-Not Lighted,Clear,Guard Rail Face,None,THP District 2 - Chattanooga,THP,Unbelted,-,Drinking,-,-,-,-,-,-,-,-,-,-,McMinn,Not in City Limit,5
65383,400204765,0,1,35.19128,-87.00423,7,2025-01-07 20:07:00,2025,1,7,20,7,Tuesday,20:07,Suspected Serious Injury,Dark-Lighted,Clear,Ditch,None,PULASKI POLICE DEPT,Other,Unbelted,-,-,-,Drowsy,-,-,-,-,-,-,-,-,Giles,Pulaski,3
65384,400204770,0,2,35.928,-86.82087,3,2025-01-06 19:10:00,2025,1,6,19,10,Monday,19:10,Suspected Serious Injury,Dark-Lighted,Freezing Rain/Freezing Drizzle,Motor Vehicle-In-Transport On Same Roadway,None,FRANKLIN POLICE DEPT,Other,Unbelted,-,-,-,-,Speeding,-,-,-,-,-,-,-,Williamson,Franklin,2
65385,400204771,0,1,35.04221,-88.27347,8,2025-01-04 04:47:00,2025,1,4,4,47,Saturday,04:47,Suspected Serious Injury,Dark-Lighted,Clear,Motor Vehicle-In-Transport On Same Roadway,None,THP District 8 - Jackson,THP,Unbelted,-,-,-,-,-,-,-,-,-,ATV_Involved,-,-,Hardin,Not in City Limit,7
65392,400204795,0,2,36.28508,-82.24436,5,2025-01-07 21:20:00,2025,1,7,21,20,Tuesday,21:20,Suspected Serious Injury,Dark-Lighted,Clear,"Over Turn, Roll Over",None,THP District 5 - Fall Branch,THP,Unbelted,-,-,-,-,Speeding,-,-,-,-,-,-,-,Carter,Not in City Limit,3
65399,400204818,1,2,35.15688,-86.56986,7,2025-01-08 01:28:00,2025,1,8,1,28,Wednesday,01:28,Fatal,Dark-Lighted,Clear,Guard Rail Face,None,THP District 7 - Lawrenceburg,THP,Unbelted,-,Drinking,-,-,Speeding,-,-,-,-,-,-,-,Lincoln,Fayetteville,4
65402,400204836,0,2,35.85433,-86.65888,3,2025-01-08 04:39:00,2025,1,8,4,39,Wednesday,04:39,Suspected Serious Injury,Dark-Not Lighted,Clear,Motor Vehicle-In-Transport On Same Roadway,None,THP District 3 - Nashville,THP,Unbelted,-,-,-,-,-,-,-,-,-,ATV_Involved,-,-,Williamson,Not in City Limit,4
65404,400204843,0,1,35.3785,-85.33128,2,2025-01-08 05:38:00,2025,1,8,5,38,Wednesday,05:38,Suspected Serious Injury,Dark-Not Lighted,Clear,Motor Vehicle-In-Transport On Same Roadway,None,THP District 2 - Chattanooga,THP,Unbelted,-,-,-,-,-,-,-,-,-,ATV_Involved,-,-,Sequatchie,Not in City Limit,4
65407,400204850,0,2,35.52915,-84.98387,2,2025-01-08 07:23:00,2025,1,8,7,23,Wednesday,07:23,Suspected Serious Injury,Dark-Not Lighted,Clear,Motor Vehicle-In-Transport On Same Roadway,None,DAYTON POLICE DEPT,Other,Unbelted,-,-,-,-,-,-,-,-,-,-,-,-,Rhea,Not in City Limit,4
65431,400204976,0,2,36.26382,-86.70447,3,2025-01-08 11:35:00,2025,1,8,11,35,Wednesday,11:35,Suspected Serious Injury,Daylight,Cloudy,Motor Vehicle-In-Transport On Same Roadway,None,METROPOLITAN NASHVILLE POLICE DEPT,Other,Unbelted,-,-,-,-,-,-,-,-,-,-,-,-,Davidson,Nashville,4
65435,400205016,0,3,36.12806,-83.72005,1,2025-01-08 14:26:00,2025,1,8,14,26,Wednesday,14:26,Suspected Serious Injury,Daylight,Cloudy,Motor Vehicle-In-Transport On Same Roadway,None,THP District 1 - Knoxville,THP,Unbelted,-,-,-,-,-,-,-,-,-,-,-,-,Knox,Not in City Limit,4
65436,400205038,0,1,35.77228,-84.23177,1,2025-01-08 08:09:00,2025,1,8,8,9,Wednesday,08:09,Suspected Serious Injury,Daylight,Clear,Deer,None,LOUDON CO SHERIFFS DEPT,Other,Unbelted,-,-,-,-,-,-,-,-,-,-,-,-,Loudon,Not in City Limit,4
65443,400205061,0,2,36.29931,-86.72211,3,2025-01-07 17:50:00,2025,1,7,17,50,Tuesday,17:50,Suspected Serious Injury,Dark-Lighted,Cloudy,Motor Vehicle-In-Transport On Same Roadway,None,GOODLETTSVILLE POLICE DEPT,Other,Unbelted,Distracted,-,-,-,-,-,-,-,-,ATV_Involved,-,-,Davidson,Goodlettsville,3
65450,400205103,0,1,35.42595,-84.51422,2,2025-01-08 15:00:00,2025,1,8,15,0,Wednesday,15:00,Suspected Serious Injury,Daylight,Cloudy,"Over Turn, Roll Over",None,THP District 2 - Chattanooga,THP,Unbelted,-,Drinking,-,-,Speeding,-,-,-,-,-,-,-,McMinn,Not in City Limit,4
65452,400205117,1,39,35.92287,-86.82287,3,2025-01-06 19:22:00,2025,1,6,19,22,Monday,19:22,Fatal,Dark-Not Lighted,Freezing Rain/Freezing Drizzle,Motor Vehicle-In-Transport On Same Roadway,None,THP District 3 - Nashville,THP,Unbelted,-,-,-,-,-,-,-,-,-,ATV_Involved,-,-,Williamson,Franklin,2
65457,400205146,0,1,36.30592,-86.68981,3,2025-01-08 17:37:00,2025,1,8,17,37,Wednesday,17:37,Suspected Serious Injury,Dark-Lighted,Clear,Occupant Struck By Own Vehicle,None,METROPOLITAN NASHVILLE POLICE DEPT,Other,Unbelted,-,-,-,-,-,-,-,-,-,-,-,-,Davidson,Nashville,4
65464,400205178,0,1,35.01438,-86.87954,7,2025-01-07 22:26:00,2025,1,7,22,26,Tuesday,22:26,Suspected Serious Injury,Dark-Not Lighted,Clear,"Over Turn, Roll Over",None,THP District 7 - Lawrenceburg,THP,Unbelted,-,-,-,Drowsy,-,-,-,-,-,ATV_Involved,-,-,Giles,Not in City Limit,3
65465,400205179,1,0,35.95165,-87.30387,7,2025-01-08 15:35:00,2025,1,8,15,35,Wednesday,15:35,Fatal,Daylight,Clear,Culvert,None,THP District 7 - Lawrenceburg,THP,Unbelted,-,-,-,-,-,-,-,-,-,-,-,-,Hickman,Not in City Limit,4
65469,400205187,0,2,36.29353,-82.88879,5,2025-01-08 19:42:00,2025,1,8,19,42,Wednesday,19:42,Suspected Serious Injury,Dark-Not Lighted,Blowing Snow,Motor Vehicle-In-Transport On Same Roadway,None,THP District 5 - Fall Branch,THP,Unbelted,-,Drinking,-,-,-,-,-,-,-,-,-,-,Greene,Not in City Limit,4
65480,400205258,0,1,35.49565,-86.45687,7,2025-01-05 17:46:00,2025,1,5,17,46,Sunday,17:46,Suspected Serious Injury,Dark-Lighted,Clear,Motor Vehicle-In-Transport On Same Roadway,None,SHELBYVILLE POLICE DEPT,Other,Unbelted,-,-,-,-,-,-,-,-,-,-,-,-,Bedford,Shelbyville,1
65487,400205297,1,0,35.97076,-85.22055,6,2025-01-09 05:48:00,2025,1,9,5,48,Thursday,05:48,Fatal,Dark-Not Lighted,Clear,Culvert,None,THP District 6 - Cookeville,THP,Unbelted,-,-,Drug,-,-,-,-,-,-,-,-,-,Cumberland,Not in City Limit,5
65501,400205381,0,2,36.2118,-86.87222,3,2025-01-09 09:30:00,2025,1,9,9,30,Thursday,09:30,Suspected Serious Injury,Daylight,Clear,Motor Vehicle-In-Transport On Same Roadway,None,METROPOLITAN NASHVILLE POLICE DEPT,Other,Unbelted,-,-,-,-,-,-,-,-,-,-,-,-,Davidson,Nashville,5
65505,400205399,1,0,35.3048,-89.94935,4,2025-01-07 17:23:00,2025,1,7,17,23,Tuesday,17:23,Fatal,Dark-Lighted,Clear,Pedestrian,None,THP District 4 - Memphis,THP,Unbelted,-,-,-,-,-,-,Pedestrian,-,-,-,-,-,Shelby,Not in City Limit,3
65508,400205407,1,0,36.39598,-81.85907,5,2025-01-07 13:40:00,2025,1,7,13,40,Tuesday,13:40,Fatal,Daylight,Clear,Embankment Earth,None,THP District 5 - Fall Branch,THP,Unbelted,-,Drinking,-,-,-,-,-,-,-,-,-,-,Johnson,Not in City Limit,3
65510,400205420,0,1,35.94638,-83.20518,5,2025-01-09 12:20:00,2025,1,9,12,20,Thursday,12:20,Suspected Serious Injury,Daylight,Clear,Building,None,NEWPORT POLICE DEPT,Other,Unbelted,-,-,-,Drowsy,-,-,-,-,-,-,-,-,Cocke,Newport,5
65544,400205638,0,1,35.32594,-89.10193,4,2025-01-09 08:18:00,2025,1,9,8,18,Thursday,08:18,Suspected Serious Injury,Daylight,Clear,Motor Vehicle-In-Transport On Same Roadway,None,HARDEMAN CO SHERIFFS DEPT,Other,Unbelted,-,-,-,-,-,-,-,-,-,-,-,-,Hardeman,Not in City Limit,5
65552,400205674,0,1,35.31121,-84.49021,2,2025-01-08 18:18:00,2025,1,8,18,18,Wednesday,18:18,Suspected Serious Injury,Dark-Not Lighted,Clear,Embankment Earth,None,THP District 2 - Chattanooga,THP,Unbelted,Distracted,-,-,-,-,-,-,-,-,-,-,-,McMinn,Not in City Limit,4
65556,400205703,1,0,35.67986,-88.83027,8,2025-01-09 20:04:00,2025,1,9,20,4,Thursday,20:04,Fatal,Dark-Lighted,Clear,Motor Vehicle-In-Transport On Same Roadway,None,JACKSON POLICE DEPT,Other,Unbelted,-,-,-,-,-,-,-,-,-,-,-,-,Madison,Jackson,5
65559,400205710,0,3,36.07186,-83.79362,1,2025-01-09 15:49:00,2025,1,9,15,49,Thursday,15:49,Suspected Serious Injury,Daylight,Clear,Motor Vehicle-In-Transport On Same Roadway,None,KNOX CO SHERIFFS OFFICE,Other,Unbelted,-,Drinking,-,-,-,-,-,-,-,ATV_Involved,-,-,Knox,Not in City Limit,5
65562,400205722,1,1,34.99584,-89.6187,4,2025-01-06 18:35:00,2025,1,6,18,35,Monday,18:35,Fatal,Dark-Not Lighted,Cloudy,Other Non-Fixed Object,Construction Zone,THP District 4 - Memphis,THP,Unbelted,-,-,-,-,-,-,Pedestrian,-,-,ATV_Involved,-,-,Fayette,Piperton,2
65571,400205782,0,1,36.14968,-86.79804,3,2025-01-09 00:00:00,2025,1,9,24,0,Thursday,24:00,Suspected Serious Injury,Dark-Lighted,Clear,Pedestrian,None,METROPOLITAN NASHVILLE POLICE DEPT,Other,Unbelted,-,-,-,-,-,-,Pedestrian,-,-,-,-,-,Davidson,Nashville,5
65572,400205785,0,1,36.25553,-86.75796,3,2025-01-10 00:58:00,2025,1,10,0,58,Friday,00:58,Suspected Serious Injury,Dark-Lighted,Clear,Utility Pole,None,METROPOLITAN NASHVILLE POLICE DEPT,Other,Unbelted,-,Drinking,Drug,-,-,-,-,-,-,-,-,-,Davidson,Nashville,6
65578,400205830,2,2,36.36459,-86.95356,3,2025-01-10 02:13:00,2025,1,10,2,13,Friday,02:13,Fatal,Dark-Not Lighted,Clear,Motor Vehicle-In-Transport On Same Roadway,None,THP District 3 - Nashville,THP,Unbelted,-,Drinking,Drug,-,-,-,-,-,-,-,-,-,Cheatham,Not in City Limit,6