OBJECTID,MRN,Fatality,Injury,Latitude,Longitude,THP_District,Collision_Date,Collision_Year,Collision_Month,Collision_Day,Collision_Hour,Collision_Min,Collision_DOW,Collision_Time,Crash_Type,Light_Condition,Weather,First_Harmfu_Event,Work_Zone_Type,Agency_Name,THP,Unbelted,Distracted_Driver,Driver_Drinking,Driver_Drugged,Drowsy_Driver,Speeding_Involved,Pedalcyclist,Pedestrian,Other_Nonmotorist,ATV_Involved,LargeTruck_Involved,Motorcycle_Involved,SchoolBus,County,City,DOW_Nmb
65589,400205934,0,1,36.43202,-87.37288,3,2025-01-10 08:55:00,2025,1,10,8,55,Friday,08:55,Suspected Serious Injury,Daylight,Snow,Ditch,None,MONTGOMERY CO SHERIFFS OFFICE,Other,Unbelted,-,-,-,-,Speeding,-,-,-,-,-,-,-,Montgomery,Woodlawn,6
65600,400206009,0,1,35.78023,-84.26007,1,2025-01-10 10:53:00,2025,1,10,10,53,Friday,10:53,Suspected Serious Injury,Daylight,Snow,Guard Rail End,None,THP District 1 - Knoxville,THP,Unbelted,-,-,-,-,-,-,-,-,-,-,-,-,Loudon,Not in City Limit,6
65603,400206027,0,3,35.90151,-84.55284,1,2025-01-10 11:42:00,2025,1,10,11,42,Friday,11:42,Suspected Serious Injury,Daylight,Snow,Motor Vehicle-In-Transport On Same Roadway,None,HARRIMAN POLICE DEPT,Other,Unbelted,-,-,-,-,Speeding,-,-,-,-,-,-,-,Roane,Harriman,6
65609,400206055,0,1,36.14648,-87.77388,3,2025-01-10 11:59:00,2025,1,10,11,59,Friday,11:59,Suspected Serious Injury,Daylight,Snow,Ditch,None,HUMPHREYS CO SHERIFFS DEPT,Other,Unbelted,-,-,-,-,Speeding,-,-,-,-,-,-,-,Humphreys,Not in City Limit,6
65644,400206273,0,1,35.8654,-84.42715,1,2025-01-10 14:48:00,2025,1,10,14,48,Friday,14:48,Suspected Serious Injury,Daylight,Snow,Cable Barrier,None,THP District 1 - Knoxville,THP,Unbelted,-,-,-,-,Speeding,-,-,-,-,-,-,-,Roane,Not in City Limit,6
65646,400206282,0,4,35.90937,-89.26115,4,2025-01-09 20:07:00,2025,1,9,20,7,Thursday,20:07,Suspected Serious Injury,Dark-Not Lighted,Clear,Motor Vehicle-In-Transport On Same Roadway,None,THP District 4 - Memphis,THP,Unbelted,-,-,-,-,-,-,-,-,-,-,-,-,Crockett,Not in City Limit,5
65654,400206309,0,2,36.26276,-83.18546,5,2025-01-04 21:00:00,2025,1,4,21,0,Saturday,21:00,Suspected Serious Injury,Dark-Not Lighted,Clear,Motor Vehicle-In-Transport On Same Roadway,None,THP District 5 - Fall Branch,THP,Unbelted,-,Drinking,Drug,-,-,-,-,-,-,-,-,-,Hamblen,Not in City Limit,7
65657,400206325,0,1,36.00379,-84.231,1,2025-01-08 17:28:00,2025,1,8,17,28,Wednesday,17:28,Suspected Serious Injury,Daylight,Clear,Motor Vehicle-In-Transport On Same Roadway,None,OAK RIDGE POLICE DEPT,Other,Unbelted,-,-,-,-,-,-,-,-,-,-,-,-,Anderson,Oak Ridge,4
65658,400206332,0,1,36.03471,-83.38131,5,2025-01-09 00:00:00,2025,1,9,24,0,Thursday,24:00,Suspected Serious Injury,Dark-Not Lighted,Clear,Concrete Traffic Barrier,Construction Zone,THP District 5 - Fall Branch,THP,Unbelted,-,Drinking,Drug,-,-,-,-,-,-,-,-,-,Jefferson,Not in City Limit,5
65666,400206387,1,1,35.4922,-86.68041,7,2025-01-10 16:20:00,2025,1,10,16,20,Friday,16:20,Fatal,Dusk,Snow,Motor Vehicle-In-Transport On Same Roadway,None,THP District 7 - Lawrenceburg,THP,Unbelted,-,-,-,-,-,-,-,-,-,-,-,-,Marshall,Not in City Limit,6
65684,400206498,2,0,36.0164,-84.24845,1,2025-01-11 08:57:00,2025,1,11,8,57,Saturday,08:57,Fatal,Daylight,Snow,Curb,None,OAK RIDGE POLICE DEPT,Other,Unbelted,-,-,-,-,Speeding,-,-,-,-,-,-,-,Anderson,Oak Ridge,7
65690,400206518,2,0,36.55203,-86.89684,3,2025-01-10 19:30:00,2025,1,10,19,30,Friday,19:30,Fatal,Dark-Lighted,Snow,Utility Pole,None,THP District 3 - Nashville,THP,Unbelted,-,Drinking,Drug,-,Speeding,-,-,-,-,-,-,-,Robertson,Not in City Limit,6
65693,400206533,0,1,35.93025,-84.03481,1,2025-01-11 12:06:00,2025,1,11,12,6,Saturday,12:06,Suspected Serious Injury,Daylight,Cloudy,Motor Vehicle-In-Transport On Same Roadway,None,KNOXVILLE POLICE DEPT,Other,Unbelted,-,-,-,-,Speeding,-,-,-,-,ATV_Involved,-,-,Knox,Knoxville,7
65698,400206572,0,4,36.04451,-86.68707,3,2025-01-11 18:03:00,2025,1,11,18,3,Saturday,18:03,Suspected Serious Injury,Dark-Lighted,Clear,Motor Vehicle-In-Transport On Same Roadway,None,METROPOLITAN NASHVILLE POLICE DEPT,Other,Unbelted,-,-,-,-,-,-,-,-,-,-,-,-,Davidson,Nashville,7
65704,400206600,0,1,35.48585,-86.4695,7,2025-01-11 21:33:00,2025,1,11,21,33,Saturday,21:33,Suspected Serious Injury,Dark-Lighted,Cloudy,Utility Pole,None,SHELBYVILLE POLICE DEPT,Other,Unbelted,-,-,-,-,-,-,-,-,-,-,-,-,Bedford,Shelbyville,7
65712,400206640,0,1,36.08664,-86.69809,3,2025-01-11 00:50:00,2025,1,11,0,50,Saturday,00:50,Suspected Serious Injury,Dark-Lighted,Clear,Pedestrian,None,METROPOLITAN NASHVILLE POLICE DEPT,Other,Unbelted,-,-,-,-,-,-,Pedestrian,-,-,-,-,-,Davidson,Nashville,7
65718,400206687,0,3,35.24612,-87.26327,7,2025-01-12 08:36:00,2025,1,12,8,36,Sunday,08:36,Suspected Serious Injury,Daylight,Clear,Motor Vehicle-In-Transport On Same Roadway,None,THP District 7 - Lawrenceburg,THP,Unbelted,-,-,-,-,-,-,-,-,-,-,-,-,Lawrence,Not in City Limit,1
65731,400206732,0,1,35.97699,-86.82479,3,2025-01-12 04:28:00,2025,1,12,4,28,Sunday,04:28,Suspected Serious Injury,Dark-Not Lighted,Clear,Curb,None,BRENTWOOD POLICE DEPT,Other,Unbelted,-,Drinking,-,-,Speeding,-,-,-,-,-,-,-,Williamson,Brentwood,1
65735,400206764,0,1,35.91373,-83.98688,1,2025-01-12 16:11:00,2025,1,12,16,11,Sunday,16:11,Suspected Serious Injury,Daylight,Clear,Ditch,None,KNOXVILLE POLICE DEPT,Other,Unbelted,-,-,-,-,-,-,-,-,-,-,-,-,Knox,Knoxville,1
65742,400206801,0,3,35.15925,-86.88003,7,2025-01-12 17:15:00,2025,1,12,17,15,Sunday,17:15,Suspected Serious Injury,Dusk,Clear,Fence,None,THP District 7 - Lawrenceburg,THP,Unbelted,-,-,-,-,-,-,-,-,-,-,-,-,Giles,Not in City Limit,1
65747,400206822,0,1,36.51947,-82.7443,5,2025-01-10 19:15:00,2025,1,10,19,15,Friday,19:15,Suspected Serious Injury,Dark-Not Lighted,Snow,Embankment Earth,None,CHURCH HILL PUBLIC SAFETY,Other,Unbelted,-,-,-,-,Speeding,-,-,-,-,-,-,-,Hawkins,Church Hill,6
65748,400206834,0,1,36.0228,-86.36793,3,2025-01-12 03:00:00,2025,1,12,3,0,Sunday,03:00,Suspected Serious Injury,Dark-Not Lighted,Clear,Pedestrian,None,THP District 3 - Nashville,THP,Unbelted,-,-,-,-,-,-,Pedestrian,-,-,-,-,-,Wilson,Not in City Limit,1
65754,400206859,0,1,35.87318,-84.0911,1,2025-01-13 00:45:00,2025,1,13,0,45,Monday,00:45,Suspected Serious Injury,Dark-Not Lighted,Clear,Other Non-Fixed Object,None,KNOXVILLE POLICE DEPT,Other,Unbelted,-,-,-,-,-,-,-,-,-,-,-,-,Knox,Knoxville,2
65755,400206860,0,3,36.19142,-86.51462,3,2025-01-11 17:47:00,2025,1,11,17,47,Saturday,17:47,Suspected Serious Injury,Dark-Lighted,Cloudy,Motor Vehicle-In-Transport On Same Roadway,None,MOUNT JULIET POLICE DEPT,Other,Unbelted,-,-,-,-,-,-,-,-,-,-,-,-,Wilson,Mount Juliet,7
65777,400206997,0,3,36.15067,-86.76792,3,2025-01-09 23:26:00,2025,1,9,23,26,Thursday,23:26,Suspected Serious Injury,Dark-Lighted,Clear,Motor Vehicle-In-Transport On Same Roadway,None,METROPOLITAN NASHVILLE POLICE DEPT,Other,Unbelted,-,-,-,-,Speeding,-,-,-,-,-,-,-,Davidson,Nashville,5
65780,400207008,0,1,36.56068,-84.12964,1,2025-01-09 14:23:00,2025,1,9,14,23,Thursday,14:23,Suspected Serious Injury,Daylight,Clear,Concrete Traffic Barrier,Work Zone,THP District 1 - Knoxville,THP,-,-,-,-,-,-,-,-,-,-,-,-,-,Campbell,Jellico,5
65781,400207009,0,1,36.18632,-86.82298,3,2025-01-13 12:25:00,2025,1,13,12,25,Monday,12:25,Suspected Serious Injury,Daylight,Clear,Fence,None,METROPOLITAN NASHVILLE POLICE DEPT,Other,Unbelted,-,-,-,-,-,-,-,-,-,-,-,-,Davidson,Nashville,2
65806,400207174,0,3,36.04867,-86.71363,3,2025-01-13 16:23:00,2025,1,13,16,23,Monday,16:23,Suspected Serious Injury,Daylight,Clear,Motor Vehicle-In-Transport On Same Roadway,None,METROPOLITAN NASHVILLE POLICE DEPT,Other,Unbelted,-,-,-,-,-,-,-,-,-,-,-,-,Davidson,Nashville,2
65823,400207271,0,2,35.76812,-83.98175,1,2025-01-13 14:05:00,2025,1,13,14,5,Monday,14:05,Suspected Serious Injury,Daylight,Clear,Motor Vehicle-In-Transport On Same Roadway,None,ALCOA POLICE DEPARTMENT,Other,Unbelted,Distracted,-,-,-,Speeding,-,-,-,-,-,-,-,Blount,Alcoa,2
65824,400207276,0,2,36.0473,-86.86272,3,2025-01-14 05:30:00,2025,1,14,5,30,Tuesday,05:30,Suspected Serious Injury,Dark-Not Lighted,Clear,Motor Vehicle-In-Transport On Same Roadway,None,METROPOLITAN NASHVILLE POLICE DEPT,Other,Unbelted,-,-,-,-,-,-,-,-,-,-,-,-,Davidson,Forest Hills,3
65830,400207289,0,1,36.31253,-86.86041,3,2025-01-14 06:35:00,2025,1,14,6,35,Tuesday,06:35,Suspected Serious Injury,Daylight,Clear,Ditch,None,METROPOLITAN NASHVILLE POLICE DEPT,Other,Unbelted,-,-,-,-,-,-,-,-,-,-,-,-,Davidson,Nashville,3
65833,400207297,0,1,35.37317,-85.59398,2,2025-01-13 12:50:00,2025,1,13,12,50,Monday,12:50,Suspected Serious Injury,Daylight,Snow,Utility Pole,None,GRUNDY CO SHERIFFS OFFICE,Other,Unbelted,-,-,-,-,-,-,-,-,-,-,-,-,Grundy,Gruetli-Laager,2
65836,400207307,0,2,36.14849,-83.20378,5,2025-01-14 08:02:00,2025,1,14,8,2,Tuesday,08:02,Suspected Serious Injury,Daylight,Clear,Parked Motor Vehicle,None,MORRISTOWN POLICE DEPT,Other,Unbelted,-,-,-,-,-,-,-,-,-,ATV_Involved,-,-,Hamblen,Morristown,3
65841,400207336,0,1,35.07454,-85.61999,2,2025-01-13 14:00:00,2025,1,13,14,0,Monday,14:00,Suspected Serious Injury,Daylight,Clear,Utility Pole,None,JASPER POLICE DEPT,Other,Unbelted,-,-,-,-,-,-,-,-,-,-,-,-,Marion,Jasper,2
65846,400207373,0,1,35.5073,-88.3294,8,2025-01-14 08:45:00,2025,1,14,8,45,Tuesday,08:45,Suspected Serious Injury,Daylight,Clear,Culvert,None,THP District 8 - Jackson,THP,Unbelted,-,-,-,-,-,-,-,-,-,-,-,-,Henderson,Not in City Limit,3
65856,400207427,1,0,35.82183,-86.24618,3,2025-01-14 06:02:00,2025,1,14,6,2,Tuesday,06:02,Fatal,Dawn,Clear,Motor Vehicle-In-Transport On Same Roadway,None,THP District 3 - Nashville,THP,Unbelted,-,-,-,-,-,-,-,-,-,-,-,-,Rutherford,Not in City Limit,3
65866,400207493,0,1,35.22574,-89.73271,4,2025-01-14 00:00:00,2025,1,14,24,0,Tuesday,24:00,Suspected Serious Injury,Dark-Lighted,Clear,Motor Vehicle-In-Transport On Same Roadway,None,THP District 4 - Memphis,THP,Unbelted,Distracted,-,-,-,-,-,-,-,-,-,-,-,Shelby,Lakeland,3
65876,400207554,0,1,35.41956,-84.36383,1,2025-01-14 12:47:00,2025,1,14,12,47,Tuesday,12:47,Suspected Serious Injury,Daylight,Cloudy,Motor Vehicle-In-Transport On Same Roadway,None,THP District 1 - Knoxville,THP,Unbelted,-,-,Drug,-,Speeding,-,-,-,-,-,Motorcyclist,-,Monroe,Not in City Limit,3
65899,400207675,0,1,36.07955,-86.72639,3,2025-01-14 18:40:00,2025,1,14,18,40,Tuesday,18:40,Suspected Serious Injury,Dark-Lighted,Clear,Motor Vehicle-In-Transport On Same Roadway,None,METROPOLITAN NASHVILLE POLICE DEPT,Other,Unbelted,-,-,-,-,-,-,-,-,-,-,-,-,Davidson,Nashville,3
65906,400207725,0,1,35.97381,-86.59966,3,2025-01-15 00:00:00,2025,1,15,24,0,Wednesday,24:00,Suspected Serious Injury,Dark-Lighted,Clear,Ditch,None,LAVERGNE POLICE DEPT,Other,Unbelted,Distracted,-,-,-,-,-,-,-,-,-,-,-,Rutherford,Lavergne,4
65918,400207797,0,1,35.84987,-84.70141,1,2025-01-10 12:04:00,2025,1,10,12,4,Friday,12:04,Suspected Serious Injury,Daylight,Cloudy,Ditch,None,ROCKWOOD POLICE DEPT,Other,Unbelted,-,-,-,-,-,-,-,-,-,-,-,-,Roane,Rockwood,6
65931,400207921,0,5,36.19963,-83.34068,5,2025-01-12 18:23:00,2025,1,12,18,23,Sunday,18:23,Suspected Serious Injury,Dark-Lighted,Clear,Motor Vehicle-In-Transport On Same Roadway,None,MORRISTOWN POLICE DEPT,Other,Unbelted,-,-,Drug,-,Speeding,-,-,-,-,-,-,-,Hamblen,Morristown,1
65932,400207926,0,1,35.799,-83.97524,1,2025-01-15 14:48:00,2025,1,15,14,48,Wednesday,14:48,Suspected Serious Injury,Daylight,Clear,Motor Vehicle-In-Transport On Same Roadway,None,ALCOA POLICE DEPARTMENT,Other,Unbelted,-,-,-,-,-,-,-,-,-,-,-,-,Blount,Alcoa,4
65933,400207931,1,0,35.86895,-85.50357,6,2025-01-14 18:18:00,2025,1,14,18,18,Tuesday,18:18,Fatal,Dark-Not Lighted,Clear,Pedestrian,None,THP District 6 - Cookeville,THP,Unbelted,-,-,-,-,-,-,Pedestrian,-,-,-,-,-,White,Not in City Limit,3
65941,400207965,0,1,36.20909,-86.29093,3,2025-01-15 10:30:00,2025,1,15,10,30,Wednesday,10:30,Suspected Serious Injury,Daylight,Clear,Pedestrian,None,LEBANON POLICE DEPT,Other,Unbelted,-,-,Drug,-,-,-,Pedestrian,-,-,-,-,-,Wilson,Lebanon,4
65951,400208011,1,0,36.03148,-86.59393,3,2025-01-14 23:04:00,2025,1,14,23,4,Tuesday,23:04,Fatal,Dark-Not Lighted,Clear,Pedestrian,None,METROPOLITAN NASHVILLE POLICE DEPT,Other,Unbelted,-,-,-,-,-,-,Pedestrian,-,-,-,-,-,Davidson,Nashville,3
65957,400208029,0,1,35.61334,-88.56773,8,2025-01-15 15:00:00,2025,1,15,15,0,Wednesday,15:00,Suspected Serious Injury,Daylight,Clear,Embankment Earth,None,THP District 8 - Jackson,THP,Unbelted,-,-,-,-,-,-,-,-,-,-,-,-,Henderson,Not in City Limit,4
65967,400208083,0,1,35.19045,-86.93159,7,2025-01-15 18:09:00,2025,1,15,18,9,Wednesday,18:09,Suspected Serious Injury,Dark-Not Lighted,Clear,Standing Tree,None,THP District 7 - Lawrenceburg,THP,Unbelted,-,-,-,-,-,-,-,-,-,-,-,-,Giles,Not in City Limit,4
65982,400208164,0,1,36.15476,-86.83122,3,2025-01-15 22:30:00,2025,1,15,22,30,Wednesday,22:30,Suspected Serious Injury,Dark-Lighted,Clear,Motor Vehicle-In-Transport On Same Roadway,None,METROPOLITAN NASHVILLE POLICE DEPT,Other,Unbelted,-,Drinking,-,-,-,-,-,-,-,ATV_Involved,-,-,Davidson,Nashville,4
65999,400208290,0,1,36.09409,-86.69962,3,2025-01-16 08:48:00,2025,1,16,8,48,Thursday,08:48,Suspected Serious Injury,Daylight,Clear,Motor Vehicle-In-Transport On Same Roadway,None,METROPOLITAN NASHVILLE POLICE DEPT,Other,Unbelted,Distracted,-,-,-,-,-,-,-,-,-,-,-,Davidson,Nashville,5
66009,400208336,0,2,35.69522,-87.20739,7,2025-01-16 11:09:00,2025,1,16,11,9,Thursday,11:09,Suspected Serious Injury,Daylight,Clear,Standing Tree,None,THP District 7 - Lawrenceburg,THP,Unbelted,-,-,-,-,-,-,-,-,-,-,-,-,Maury,Not in City Limit,5
66017,400208402,0,1,36.16367,-82.39979,5,2025-01-16 13:45:00,2025,1,16,13,45,Thursday,13:45,Suspected Serious Injury,Daylight,Clear,Guard Rail Face,None,ERWIN POLICE DEPT,Other,Unbelted,-,Drinking,Drug,-,-,-,-,-,-,-,-,-,Unicoi,Erwin,5
66027,400208458,1,0,36.22973,-83.25242,5,2025-01-16 15:28:00,2025,1,16,15,28,Thursday,15:28,Fatal,Daylight,Clear,Embankment Earth,None,MORRISTOWN POLICE DEPT,Other,Unbelted,-,-,-,-,-,-,-,-,-,-,-,-,Hamblen,Morristown,5
66038,400208511,0,1,35.50652,-85.28717,2,2025-01-15 19:38:00,2025,1,15,19,38,Wednesday,19:38,Suspected Serious Injury,Dark-Not Lighted,Clear,"Over Turn, Roll Over",None,THP District 2 - Chattanooga,THP,Unbelted,-,-,-,-,-,-,-,-,-,-,-,-,Bledsoe,Not in City Limit,4
66058,400208636,0,2,36.05802,-83.92416,1,2025-01-16 19:56:00,2025,1,16,19,56,Thursday,19:56,Suspected Serious Injury,Dark-Lighted,Clear,Motor Vehicle-In-Transport On Same Roadway,None,THP District 1 - Knoxville,THP,Unbelted,-,-,-,-,-,-,-,-,-,-,-,-,Knox,Knoxville,5
66062,400208655,1,0,36.35111,-82.22902,5,2025-01-16 18:13:00,2025,1,16,18,13,Thursday,18:13,Fatal,Dark-Lighted,Clear,Pedestrian,None,ELIZABETHTON POLICE DEPT,Other,Unbelted,-,-,-,-,-,-,Pedestrian,-,-,-,-,-,Carter,Elizabethton,5
66065,400208673,0,1,35.73571,-86.64737,3,2025-01-16 23:12:00,2025,1,16,23,12,Thursday,23:12,Suspected Serious Injury,Dark-Lighted,Clear,Embankment Earth,None,RUTHERFORD CO SHERIFFS DEPT,Other,Unbelted,-,Drinking,-,-,-,-,-,-,-,-,-,-,Rutherford,Eagleville,5
66068,400208693,0,3,36.00886,-84.27303,1,2025-01-16 22:09:00,2025,1,16,22,9,Thursday,22:09,Suspected Serious Injury,Dark-Lighted,Clear,Motor Vehicle-In-Transport On Same Roadway,None,OAK RIDGE POLICE DEPT,Other,Unbelted,-,Drinking,-,-,-,-,-,-,-,-,-,-,Anderson,Oak Ridge,5
66089,400208810,0,1,36.09522,-82.47551,5,2025-01-16 13:00:00,2025,1,16,13,0,Thursday,13:00,Suspected Serious Injury,Daylight,Clear,"Over Turn, Roll Over",None,THP District 5 - Fall Branch,THP,Unbelted,-,-,-,-,-,-,-,-,-,ATV_Involved,-,-,Unicoi,Not in City Limit,5
66102,400208886,0,1,36.14343,-86.80267,3,2025-01-17 10:08:00,2025,1,17,10,8,Friday,10:08,Suspected Serious Injury,Daylight,Clear,Curb,None,VANDERBILT UNIVERSITY POLICE,Other,-,-,-,-,-,-,-,-,-,-,-,Motorcyclist,-,Davidson,Nashville,6
66114,400208982,0,1,36.11666,-85.4933,6,2025-01-17 14:49:00,2025,1,17,14,49,Friday,14:49,Suspected Serious Injury,Daylight,Clear,Motor Vehicle-In-Transport On Same Roadway,None,THP District 6 - Cookeville,THP,Unbelted,-,-,-,-,-,-,-,-,-,-,-,-,Putnam,Cookeville,6
66120,400209007,0,4,35.9168,-86.84166,3,2025-01-17 15:44:00,2025,1,17,15,44,Friday,15:44,Suspected Serious Injury,Daylight,Clear,Motor Vehicle-In-Transport On Same Roadway,None,FRANKLIN POLICE DEPT,Other,Unbelted,Distracted,-,-,Drowsy,-,-,-,-,-,-,-,-,Williamson,Franklin,6
66139,400209096,1,2,36.407,-84.26961,1,2025-01-16 20:16:00,2025,1,16,20,16,Thursday,20:16,Fatal,Dark-Not Lighted,Clear,Motor Vehicle-In-Transport On Same Roadway,None,THP District 1 - Knoxville,THP,Unbelted,-,Drinking,Drug,-,-,-,-,-,-,-,-,-,Campbell,Not in City Limit,5
66142,400209114,1,0,35.87339,-84.60802,1,2025-01-12 19:48:00,2025,1,12,19,48,Sunday,19:48,Fatal,Dark-Not Lighted,Clear,Pedestrian,None,THP District 1 - Knoxville,THP,Unbelted,-,-,Drug,-,-,-,Pedestrian,-,-,-,-,-,Roane,Not in City Limit,1
66153,400209181,0,1,35.47498,-84.62909,2,2025-01-17 23:33:00,2025,1,17,23,33,Friday,23:33,Suspected Serious Injury,Dark-Not Lighted,Clear,Motor Vehicle-In-Transport On Same Roadway,None,THP District 2 - Chattanooga,THP,Unbelted,-,Drinking,Drug,-,-,-,-,-,-,-,-,-,McMinn,Not in City Limit,6
66168,400209221,0,1,36.11711,-86.69866,3,2025-01-18 00:55:00,2025,1,18,0,55,Saturday,00:55,Suspected Serious Injury,Dark-Lighted,Rain,Pedestrian,None,METROPOLITAN NASHVILLE POLICE DEPT,Other,Unbelted,Distracted,-,-,-,-,-,Pedestrian,-,-,-,-,-,Davidson,Nashville,7
66175,400209245,0,1,35.48727,-84.39826,1,2025-01-14 17:45:00,2025,1,14,17,45,Tuesday,17:45,Suspected Serious Injury,Dark-Not Lighted,Clear,Mail Box,None,THP District 1 - Knoxville,THP,Unbelted,-,Drinking,-,-,-,-,-,-,-,-,-,-,Monroe,Not in City Limit,3
66190,400209334,1,1,35.70013,-88.66207,8,2025-01-15 17:35:00,2025,1,15,17,35,Wednesday,17:35,Fatal,Dark-Not Lighted,Clear,Motor Vehicle-In-Transport On Same Roadway,None,THP District 8 - Jackson,THP,Unbelted,Distracted,Drinking,Drug,-,-,-,-,-,-,ATV_Involved,-,-,Madison,Not in City Limit,4
66196,400209349,0,1,35.26483,-87.31848,7,2025-01-18 10:40:00,2025,1,18,10,40,Saturday,10:40,Suspected Serious Injury,Daylight,Rain,Embankment Earth,None,LAWRENCEBURG POLICE DEPT,Other,Unbelted,-,-,-,-,-,-,-,-,-,-,-,-,Lawrence,Lawrenceburg,7
66199,400209361,0,1,35.5986,-87.07499,7,2025-01-18 12:37:00,2025,1,18,12,37,Saturday,12:37,Suspected Serious Injury,Daylight,Cloudy,Motor Vehicle-In-Transport On Same Roadway,None,COLUMBIA POLICE DEPT,Other,Unbelted,-,-,-,-,-,-,-,-,-,-,-,-,Maury,Columbia,7
66215,400209457,0,1,35.52169,-87.60777,7,2025-01-17 19:10:00,2025,1,17,19,10,Friday,19:10,Suspected Serious Injury,Dark-Not Lighted,Cloudy,Ditch,None,THP District 7 - Lawrenceburg,THP,-,-,Drinking,-,-,-,-,-,-,-,-,Motorcyclist,-,Lewis,Not in City Limit,6
66226,400209490,0,3,35.89983,-84.16118,1,2025-01-18 17:37:00,2025,1,18,17,37,Saturday,17:37,Suspected Serious Injury,Other,Rain,Motor Vehicle-In-Transport On Same Roadway,None,KNOXVILLE POLICE DEPT,Other,Unbelted,-,-,-,-,-,-,-,-,-,-,-,-,Knox,Knoxville,7
66240,400209567,0,2,35.84714,-86.43033,3,2025-01-18 22:27:00,2025,1,18,22,27,Saturday,22:27,Suspected Serious Injury,Dark-Lighted,Clear,Pedestrian,None,MURFREESBORO POLICE DEPT,Other,Unbelted,-,Drinking,-,-,-,-,Pedestrian,-,-,-,-,-,Rutherford,Murfreesboro,7
66244,400209597,0,1,36.01466,-83.92316,1,2025-01-18 19:48:00,2025,1,18,19,48,Saturday,19:48,Suspected Serious Injury,Dark-Lighted,Clear,Motor Vehicle-In-Transport On Same Roadway,None,KNOXVILLE POLICE DEPT,Other,Unbelted,-,-,-,-,-,-,-,-,-,-,-,-,Knox,Knoxville,7
66245,400209598,0,1,36.08042,-86.72404,3,2025-01-19 00:50:00,2025,1,19,0,50,Sunday,00:50,Suspected Serious Injury,Dark-Lighted,Clear,Ditch,None,METROPOLITAN NASHVILLE POLICE DEPT,Other,Unbelted,-,Drinking,-,-,Speeding,-,-,-,-,-,-,-,Davidson,Nashville,1
66248,400209615,0,1,36.1484,-86.76119,3,2025-01-19 03:15:00,2025,1,19,3,15,Sunday,03:15,Suspected Serious Injury,Dark-Lighted,Snow,Motor Vehicle-In-Transport On Same Roadway,None,METROPOLITAN NASHVILLE POLICE DEPT,Other,Unbelted,Distracted,-,-,-,-,-,-,-,-,-,-,-,Davidson,Nashville,1
66249,400209617,0,2,35.83417,-83.38629,1,2025-01-18 13:50:00,2025,1,18,13,50,Saturday,13:50,Suspected Serious Injury,Daylight,Cloudy,"Over Turn, Roll Over",None,THP District 1 - Knoxville,THP,Unbelted,-,-,-,-,-,-,-,-,-,-,-,-,Sevier,Not in City Limit,7
66272,400209718,0,1,36.18268,-85.16906,6,2025-01-19 08:30:00,2025,1,19,8,30,Sunday,08:30,Suspected Serious Injury,Daylight,Blowing Snow,Standing Tree,None,THP District 6 - Cookeville,THP,Unbelted,-,-,-,-,Speeding,-,-,-,-,-,-,-,Overton,Not in City Limit,1
66277,400209751,0,1,35.49254,-88.74932,8,2025-01-19 10:23:00,2025,1,19,10,23,Sunday,10:23,Suspected Serious Injury,,Blowing Snow,Standing Tree,None,MADISON CO SHERIFFS DEPT,Other,Unbelted,-,-,-,-,-,-,-,-,-,-,-,-,Madison,Not in City Limit,1
66279,400209764,0,3,36.25488,-86.71547,3,2025-01-19 13:10:00,2025,1,19,13,10,Sunday,13:10,Suspected Serious Injury,Daylight,Cloudy,Motor Vehicle-In-Transport On Same Roadway,None,METROPOLITAN NASHVILLE POLICE DEPT,Other,Unbelted,-,-,-,Drowsy,-,-,-,-,-,-,-,-,Davidson,Nashville,1
66280,400209772,0,3,36.00001,-84.0284,1,2025-01-18 19:33:00,2025,1,18,19,33,Saturday,19:33,Suspected Serious Injury,Dark-Lighted,Rain,Motor Vehicle-In-Transport On Same Roadway,None,KNOX CO SHERIFFS OFFICE,Other,Unbelted,-,-,-,-,-,-,-,-,-,-,-,-,Knox,Not in City Limit,7
66282,400209783,0,1,35.20609,-85.1669,2,2025-01-16 21:51:00,2025,1,16,21,51,Thursday,21:51,Suspected Serious Injury,Dark-Lighted,Clear,Ditch,None,HAMILTON COUNTY SHERIFF'S OFFICE,Other,Unbelted,-,Drinking,-,-,-,-,-,-,-,-,-,-,Hamilton,Not in City Limit,5
66288,400209857,0,2,35.41651,-86.24759,2,2025-01-19 18:52:00,2025,1,19,18,52,Sunday,18:52,Suspected Serious Injury,Dark-Not Lighted,Clear,Standing Tree,None,THP District 2 - Chattanooga,THP,Unbelted,-,-,-,-,-,-,-,-,-,-,-,-,Coffee,Not in City Limit,1
66296,400209884,0,1,35.52691,-86.45413,7,2025-01-19 20:29:00,2025,1,19,20,29,Sunday,20:29,Suspected Serious Injury,,Clear,Embankment Earth,None,SHELBYVILLE POLICE DEPT,Other,Unbelted,Distracted,-,-,-,-,-,-,-,-,-,-,-,Bedford,Shelbyville,1
66310,400209961,0,1,35.55229,-89.56996,4,2025-01-20 07:32:00,2025,1,20,7,32,Monday,07:32,Suspected Serious Injury,Daylight,Clear,Deer,None,THP District 4 - Memphis,THP,Unbelted,-,-,-,-,-,-,-,-,-,-,-,-,Tipton,Not in City Limit,2