OBJECTID,MRN,Fatality,Injury,Latitude,Longitude,THP_District,Collision_Date,Collision_Year,Collision_Month,Collision_Day,Collision_Hour,Collision_Min,Collision_DOW,Collision_Time,Crash_Type,Light_Condition,Weather,First_Harmfu_Event,Work_Zone_Type,Agency_Name,THP,Unbelted,Distracted_Driver,Driver_Drinking,Driver_Drugged,Drowsy_Driver,Speeding_Involved,Pedalcyclist,Pedestrian,Other_Nonmotorist,ATV_Involved,LargeTruck_Involved,Motorcycle_Involved,SchoolBus,County,City,DOW_Nmb
66313,400209979,0,2,36.13623,-86.72724,3,2025-01-20 08:25:00,2025,1,20,8,25,Monday,08:25,Suspected Serious Injury,Daylight,Clear,"Over Turn, Roll Over",None,METROPOLITAN NASHVILLE POLICE DEPT,Other,Unbelted,-,-,-,-,Speeding,-,-,-,-,ATV_Involved,-,-,Davidson,Nashville,2
66317,400209996,0,2,35.51292,-88.65947,8,2025-01-20 06:14:00,2025,1,20,6,14,Monday,06:14,Suspected Serious Injury,Dark-Not Lighted,Clear,Motor Vehicle-In-Transport On Same Roadway,None,MADISON CO SHERIFFS DEPT,Other,Unbelted,-,-,Drug,-,-,-,-,-,-,-,-,-,Madison,Not in City Limit,2
66320,400210005,0,2,35.51873,-84.38691,1,2025-01-20 09:45:00,2025,1,20,9,45,Monday,09:45,Suspected Serious Injury,Daylight,Clear,Motor Vehicle-In-Transport On Same Roadway,None,MADISONVILLE POLICE DEPT,Other,Unbelted,-,-,Drug,-,-,-,-,-,-,-,-,-,Monroe,Madisonville,2
66330,400210061,0,2,35.82915,-86.40663,3,2025-01-20 13:38:00,2025,1,20,13,38,Monday,13:38,Suspected Serious Injury,Daylight,Clear,Curb,None,MURFREESBORO POLICE DEPT,Other,Unbelted,-,-,-,-,-,-,-,-,-,-,-,-,Rutherford,Murfreesboro,2
66337,400210089,1,1,35.75639,-83.38503,1,2025-01-17 21:46:00,2025,1,17,21,46,Friday,21:46,Fatal,Dark-Lighted,Clear,Motor Vehicle-In-Transport On Same Roadway,None,THP District 1 - Knoxville,THP,Unbelted,-,Drinking,Drug,-,-,-,-,-,-,-,-,-,Sevier,Pittman Center,6
66345,400210171,0,1,36.23218,-83.55022,5,2025-01-20 16:20:00,2025,1,20,16,20,Monday,16:20,Suspected Serious Injury,Daylight,Clear,Fence,None,THP District 5 - Fall Branch,THP,-,-,-,-,-,-,-,-,-,-,-,Motorcyclist,-,Grainger,Not in City Limit,2
66356,400210220,0,1,35.15702,-86.56162,7,2025-01-20 20:25:00,2025,1,20,20,25,Monday,20:25,Suspected Serious Injury,Dark-Lighted,Clear,Utility Pole,None,FAYETTEVILLE POLICE DEPT,Other,Unbelted,-,Drinking,-,-,-,-,-,-,-,-,-,-,Lincoln,Fayetteville,2
66361,400210247,0,2,35.61415,-87.15466,7,2025-01-17 12:00:00,2025,1,17,12,0,Friday,12:00,Suspected Serious Injury,Daylight,Clear,Motor Vehicle-In-Transport On Same Roadway,None,THP District 7 - Lawrenceburg,THP,Unbelted,-,-,-,-,-,-,-,-,-,-,-,-,Maury,Not in City Limit,6
66365,400210261,0,1,36.31674,-82.07088,5,2025-01-19 03:18:00,2025,1,19,3,18,Sunday,03:18,Suspected Serious Injury,Dark-Not Lighted,Clear,"Over Turn, Roll Over",None,CARTER CO SHERIFFS DEPT,Other,Unbelted,Distracted,Drinking,Drug,-,-,-,-,-,-,-,-,-,Carter,Not in City Limit,1
66385,400210371,1,0,36.15644,-85.24483,6,2025-01-20 16:54:00,2025,1,20,16,54,Monday,16:54,Fatal,Daylight,Snow,Culvert,None,THP District 6 - Cookeville,THP,Unbelted,-,-,-,-,Speeding,-,-,-,-,-,-,-,Putnam,Not in City Limit,2
66389,400210386,0,4,36.17379,-86.82258,3,2025-01-21 10:32:00,2025,1,21,10,32,Tuesday,10:32,Suspected Serious Injury,Daylight,Clear,Motor Vehicle-In-Transport On Same Roadway,None,METROPOLITAN NASHVILLE POLICE DEPT,Other,Unbelted,Distracted,-,-,-,-,-,-,-,-,ATV_Involved,-,-,Davidson,Nashville,3
66390,400210391,1,5,35.83398,-83.5533,1,2025-01-19 15:19:00,2025,1,19,15,19,Sunday,15:19,Fatal,Daylight,Snow,Pedestrian,None,SEVIERVILLE POLICE DEPT,Other,Unbelted,-,-,-,-,-,-,Pedestrian,-,-,-,-,-,Sevier,Sevierville,1
66399,400210451,1,1,36.07682,-87.0245,3,2025-01-17 09:13:00,2025,1,17,9,13,Friday,09:13,Fatal,Daylight,Clear,Motor Vehicle-In-Transport On Same Roadway,None,METROPOLITAN NASHVILLE POLICE DEPT,Other,Unbelted,-,-,-,-,-,-,-,-,-,-,-,-,Davidson,Nashville,6
66417,400210566,0,1,36.03356,-84.35102,1,2025-01-21 15:51:00,2025,1,21,15,51,Tuesday,15:51,Suspected Serious Injury,Daylight,Clear,Embankment Earth,None,THP District 1 - Knoxville,THP,Unbelted,-,-,-,-,-,-,-,-,-,-,-,-,Roane,Not in City Limit,3
66446,400210729,0,1,35.44871,-86.88638,7,2025-01-14 16:35:00,2025,1,14,16,35,Tuesday,16:35,Suspected Serious Injury,Daylight,Clear,Motor Vehicle-In-Transport On Same Roadway,None,LEWISBURG POLICE DEPT,Other,Unbelted,-,-,-,-,-,-,-,-,-,-,-,-,Marshall,Lewisburg,3
66448,400210740,0,1,35.22332,-85.2193,2,2025-01-16 09:15:00,2025,1,16,9,15,Thursday,09:15,Suspected Serious Injury,Daylight,Clear,Motor Vehicle-In-Transport On Same Roadway,None,SODDY DAISY POLICE DEPT,Other,Unbelted,Distracted,-,-,-,-,-,-,-,-,-,-,-,Hamilton,Soddy-Daisy,5
66457,400210833,0,1,36.53275,-82.32743,5,2025-01-22 12:58:00,2025,1,22,12,58,Wednesday,12:58,Suspected Serious Injury,Daylight,Clear,Motor Vehicle-In-Transport On Same Roadway,None,THP District 5 - Fall Branch,THP,Unbelted,-,-,-,-,-,-,-,-,-,-,-,-,Sullivan,Not in City Limit,4
66461,400210874,0,1,36.33178,-86.96821,3,2025-01-22 14:18:00,2025,1,22,14,18,Wednesday,14:18,Suspected Serious Injury,Daylight,Clear,Standing Tree,None,CHEATHAM CO SHERIFFS OFFICE,Other,Unbelted,-,-,-,-,-,-,-,-,-,-,-,-,Cheatham,Not in City Limit,4
66492,400211005,0,1,36.04608,-86.65934,3,2025-01-22 17:32:00,2025,1,22,17,32,Wednesday,17:32,Suspected Serious Injury,Dark-Lighted,Clear,Other Fixed Object,None,METROPOLITAN NASHVILLE POLICE DEPT,Other,Unbelted,-,-,-,-,-,-,-,-,-,-,-,-,Davidson,Nashville,4
66495,400211012,0,1,36.39763,-86.28304,3,2025-01-19 00:13:00,2025,1,19,0,13,Sunday,00:13,Suspected Serious Injury,Dark-Not Lighted,Clear,Standing Tree,None,SUMNER CO SHERIFFS OFFICE,Other,Unbelted,-,Drinking,-,-,-,-,-,-,-,-,-,-,Sumner,Not in City Limit,1
66500,400211029,0,2,35.84306,-83.18202,5,2025-01-22 23:06:00,2025,1,22,23,6,Wednesday,23:06,Suspected Serious Injury,Dark-Not Lighted,Clear,Guard Rail End,None,THP District 5 - Fall Branch,THP,Unbelted,-,-,-,Drowsy,-,-,-,-,-,ATV_Involved,-,-,Cocke,Not in City Limit,4
66502,400211042,0,1,36.05197,-86.88785,3,2025-01-23 02:35:00,2025,1,23,2,35,Thursday,02:35,Suspected Serious Injury,Dark-Not Lighted,Clear,Shrubbery,None,METROPOLITAN NASHVILLE POLICE DEPT,Other,Unbelted,-,Drinking,-,-,-,-,-,-,-,-,-,-,Davidson,Nashville,5
66504,400211046,0,1,35.0997,-86.837,7,2025-01-23 03:30:00,2025,1,23,3,30,Thursday,03:30,Suspected Serious Injury,Dark-Not Lighted,Clear,Ditch,None,THP District 7 - Lawrenceburg,THP,Unbelted,-,-,-,-,-,-,-,-,-,-,-,-,Giles,Not in City Limit,5
66509,400211067,0,1,35.58052,-87.14381,7,2025-01-22 16:46:00,2025,1,22,16,46,Wednesday,16:46,Suspected Serious Injury,Dusk,Clear,Motor Vehicle-In-Transport On Same Roadway,None,MOUNT PLEASANT POLICE DEPT,Other,Unbelted,Distracted,-,-,-,Speeding,-,-,-,-,ATV_Involved,-,-,Maury,Mount Pleasant,4
66515,400211100,0,2,35.13696,-84.77434,2,2025-01-20 08:58:00,2025,1,20,8,58,Monday,08:58,Suspected Serious Injury,Daylight,Clear,Motor Vehicle-In-Transport On Same Roadway,None,BRADLEY CO SHERIFFS DEPT,Other,Unbelted,-,Drinking,Drug,-,-,-,-,-,-,-,-,-,Bradley,Not in City Limit,2
66516,400211101,1,0,36.1793,-86.1469,3,2025-01-21 13:08:00,2025,1,21,13,8,Tuesday,13:08,Fatal,Daylight,Cloudy,Motor Vehicle-In-Transport On Same Roadway,None,THP District 3 - Nashville,THP,Unbelted,-,-,-,-,-,-,-,-,-,ATV_Involved,-,-,Wilson,Not in City Limit,3
66520,400211148,0,1,36.2409,-83.28166,5,2025-01-23 10:25:00,2025,1,23,10,25,Thursday,10:25,Suspected Serious Injury,Daylight,Clear,Embankment Earth,None,MORRISTOWN POLICE DEPT,Other,Unbelted,-,-,-,-,-,-,-,-,-,-,-,-,Hamblen,Morristown,5
66523,400211166,0,2,35.63315,-88.78652,8,2025-01-23 08:08:00,2025,1,23,8,8,Thursday,08:08,Suspected Serious Injury,Daylight,Clear,Motor Vehicle-In-Transport On Same Roadway,None,JACKSON POLICE DEPT,Other,Unbelted,-,-,-,Drowsy,-,-,-,-,-,ATV_Involved,-,-,Madison,Jackson,5
66550,400211357,0,1,36.28109,-88.26511,8,2025-01-22 13:25:00,2025,1,22,13,25,Wednesday,13:25,Suspected Serious Injury,Daylight,Clear,Motor Vehicle-In-Transport On Same Roadway,None,THP District 8 - Jackson,THP,Unbelted,-,-,-,-,-,-,-,-,-,-,-,-,Henry,Not in City Limit,4
66560,400211430,0,2,36.51775,-82.71056,5,2025-01-23 21:10:00,2025,1,23,21,10,Thursday,21:10,Suspected Serious Injury,Dark-Not Lighted,Clear,Motor Vehicle-In-Transport On Same Roadway,None,THP District 5 - Fall Branch,THP,Unbelted,-,Drinking,-,-,-,-,-,-,-,-,-,-,Hawkins,Church Hill,5
66568,400211454,0,1,36.38486,-87.40935,3,2025-01-22 19:00:00,2025,1,22,19,0,Wednesday,19:00,Suspected Serious Injury,Dark-Not Lighted,Clear,Embankment Earth,None,THP District 3 - Nashville,THP,Unbelted,-,-,-,-,-,-,-,-,-,-,-,-,Montgomery,Not in City Limit,4
66605,400211670,1,2,35.05182,-85.62916,2,2025-01-23 19:23:00,2025,1,23,19,23,Thursday,19:23,Fatal,Dark-Not Lighted,Clear,Motor Vehicle-In-Transport On Same Roadway,None,THP District 2 - Chattanooga,THP,Unbelted,-,-,-,-,-,-,-,-,-,-,-,-,Marion,Jasper,5
66606,400211675,0,1,35.66135,-84.28525,1,2025-01-24 15:55:00,2025,1,24,15,55,Friday,15:55,Suspected Serious Injury,Daylight,Clear,Motor Vehicle-In-Transport On Same Roadway,None,LOUDON CO SHERIFFS DEPT,Other,Unbelted,-,-,-,-,-,-,-,-,-,-,-,-,Loudon,Not in City Limit,6
66642,400211835,0,1,35.59393,-86.56305,7,2025-01-24 18:16:00,2025,1,24,18,16,Friday,18:16,Suspected Serious Injury,Dark-Not Lighted,Clear,Motor Vehicle-In-Transport On Same Roadway,None,THP District 7 - Lawrenceburg,THP,Unbelted,Distracted,-,-,-,-,-,-,-,-,-,-,-,Bedford,Not in City Limit,6
66646,400211852,0,1,36.16106,-86.77722,3,2025-01-24 21:57:00,2025,1,24,21,57,Friday,21:57,Suspected Serious Injury,Dark-Lighted,Clear,Pedestrian,None,METROPOLITAN NASHVILLE POLICE DEPT,Other,Unbelted,-,-,-,-,-,-,Pedestrian,-,-,-,-,-,Davidson,Nashville,6
66655,400211889,0,2,36.20586,-86.7667,3,2025-01-25 00:03:00,2025,1,25,0,3,Saturday,00:03,Suspected Serious Injury,Dark-Lighted,Clear,Utility Pole,None,METROPOLITAN NASHVILLE POLICE DEPT,Other,Unbelted,-,Drinking,-,-,-,-,-,-,-,-,-,-,Davidson,Nashville,7
66671,400211952,0,1,35.67171,-88.78118,8,2025-01-25 07:27:00,2025,1,25,7,27,Saturday,07:27,Suspected Serious Injury,Daylight,Clear,Motor Vehicle-In-Transport On Same Roadway,None,JACKSON POLICE DEPT,Other,Unbelted,-,-,-,-,-,-,-,-,-,-,-,-,Madison,Jackson,7
66684,400212002,0,3,35.43925,-85.34746,2,2025-01-24 13:35:00,2025,1,24,13,35,Friday,13:35,Suspected Serious Injury,Daylight,Clear,Motor Vehicle-In-Transport On Same Roadway,None,THP District 2 - Chattanooga,THP,Unbelted,-,-,-,-,-,-,-,-,-,-,-,-,Sequatchie,Not in City Limit,6
66702,400212094,0,2,35.75323,-87.00876,7,2025-01-25 14:12:00,2025,1,25,14,12,Saturday,14:12,Suspected Serious Injury,Daylight,Clear,Motor Vehicle-In-Transport On Same Roadway,None,THP District 7 - Lawrenceburg,THP,Unbelted,-,-,-,-,-,-,-,-,-,-,Motorcyclist,-,Maury,Not in City Limit,7
66728,400212194,0,1,35.80656,-83.45877,1,2025-01-22 00:59:00,2025,1,22,0,59,Wednesday,00:59,Suspected Serious Injury,Dark-Not Lighted,Clear,Wall,None,SEVIER CO SHERIFFS OFFICE,Other,Unbelted,-,Drinking,-,-,-,-,-,-,-,-,-,-,Sevier,Not in City Limit,4
66732,400212210,0,1,36.0322,-85.09724,6,2025-01-25 11:14:00,2025,1,25,11,14,Saturday,11:14,Suspected Serious Injury,Daylight,Clear,Embankment Earth,None,THP District 6 - Cookeville,THP,Unbelted,-,Drinking,Drug,-,-,-,-,-,-,-,-,-,Cumberland,Not in City Limit,7
66734,400212229,0,1,35.61027,-87.03494,7,2025-01-25 15:50:00,2025,1,25,15,50,Saturday,15:50,Suspected Serious Injury,Daylight,Clear,Motor Vehicle-In-Transport On Same Roadway,None,COLUMBIA POLICE DEPT,Other,Unbelted,-,-,-,-,-,-,-,-,-,-,-,-,Maury,Columbia,7
66741,400212260,0,1,35.48453,-86.45575,7,2025-01-26 09:47:00,2025,1,26,9,47,Sunday,09:47,Suspected Serious Injury,Daylight,Cloudy,Motor Vehicle-In-Transport On Same Roadway,None,SHELBYVILLE POLICE DEPT,Other,Unbelted,-,-,-,-,-,-,-,-,-,-,-,-,Bedford,Shelbyville,1
66752,400212295,0,1,35.14825,-89.50671,4,2025-01-26 05:53:00,2025,1,26,5,53,Sunday,05:53,Suspected Serious Injury,Dark-Not Lighted,Cloudy,Embankment Earth,None,THP District 4 - Memphis,THP,Unbelted,-,Drinking,Drug,-,-,-,-,-,-,-,-,-,Fayette,Not in City Limit,1
66757,400212321,0,1,36.12871,-85.67507,6,2025-01-25 21:46:00,2025,1,25,21,46,Saturday,21:46,Suspected Serious Injury,Dark-Not Lighted,Clear,"Over Turn, Roll Over",None,THP District 6 - Cookeville,THP,Unbelted,-,Drinking,-,-,-,-,-,-,-,-,-,-,Putnam,Not in City Limit,7
66764,400212334,0,2,35.95857,-83.19098,5,2025-01-26 15:18:00,2025,1,26,15,18,Sunday,15:18,Suspected Serious Injury,Daylight,Clear,Motor Vehicle-In-Transport On Same Roadway,None,NEWPORT POLICE DEPT,Other,Unbelted,-,-,-,-,-,-,-,-,-,-,-,-,Cocke,Newport,1
66766,400212342,0,3,36.32121,-86.59927,3,2025-01-26 16:00:00,2025,1,26,16,0,Sunday,16:00,Suspected Serious Injury,Daylight,Cloudy,Motor Vehicle-In-Transport On Same Roadway,None,HENDERSONVILLE POLICE DEPT,Other,Unbelted,-,-,-,-,-,-,-,-,-,-,-,-,Sumner,Hendersonville,1
66772,400212385,0,3,35.2814,-84.60761,2,2025-01-25 16:52:00,2025,1,25,16,52,Saturday,16:52,Suspected Serious Injury,Daylight,Clear,Motor Vehicle-In-Transport On Same Roadway,None,THP District 2 - Chattanooga,THP,Unbelted,-,-,-,-,-,-,-,-,-,-,-,-,McMinn,Not in City Limit,7
66775,400212397,1,0,35.73653,-86.94623,7,2025-01-22 22:11:00,2025,1,22,22,11,Wednesday,22:11,Fatal,Dark-Not Lighted,Clear,Standing Tree,None,SPRING HILL POLICE DEPT,Other,Unbelted,-,-,Drug,-,-,-,-,-,-,-,-,-,Maury,Spring Hill,4
66778,400212411,0,1,35.33534,-86.27761,7,2025-01-26 18:51:00,2025,1,26,18,51,Sunday,18:51,Suspected Serious Injury,Dark-Not Lighted,Cloudy,Ditch,None,THP District 7 - Lawrenceburg,THP,Unbelted,-,-,Drug,-,-,-,-,-,-,-,-,-,Moore,Not in City Limit,1
66783,400212421,0,1,35.17937,-87.02349,7,2025-01-25 02:57:00,2025,1,25,2,57,Saturday,02:57,Suspected Serious Injury,Dark-Not Lighted,Clear,Ditch,None,THP District 7 - Lawrenceburg,THP,Unbelted,-,Drinking,-,Drowsy,-,-,-,-,-,-,-,-,Giles,Pulaski,7
66789,400212464,0,1,36.08685,-86.73018,3,2025-01-27 00:00:00,2025,1,27,24,0,Monday,24:00,Suspected Serious Injury,Dark-Lighted,Rain,Utility Pole,None,METROPOLITAN NASHVILLE POLICE DEPT,Other,Unbelted,-,Drinking,Drug,-,Speeding,-,-,-,-,-,-,-,Davidson,Nashville,2
66791,400212474,0,1,36.57238,-86.48668,3,2025-01-26 17:48:00,2025,1,26,17,48,Sunday,17:48,Suspected Serious Injury,Dark-Lighted,Clear,Deer,None,PORTLAND POLICE DEPT,Other,-,-,-,-,-,-,-,-,-,-,-,Motorcyclist,-,Sumner,Portland,1
66799,400212503,0,1,36.40469,-83.28777,5,2025-01-27 07:40:00,2025,1,27,7,40,Monday,07:40,Suspected Serious Injury,Daylight,Cloudy,Embankment Earth,None,THP District 5 - Fall Branch,THP,Unbelted,-,-,-,-,-,-,-,-,-,-,-,-,Hancock,Not in City Limit,2
66822,400212606,0,2,35.97855,-86.98641,3,2025-01-27 06:30:00,2025,1,27,6,30,Monday,06:30,Suspected Serious Injury,Dusk,Clear,Motor Vehicle-In-Transport On Same Roadway,None,WILLIAMSON CO SHERIFFS OFFICE,Other,Unbelted,-,-,-,-,-,-,-,-,-,-,-,-,Williamson,Not in City Limit,2
66823,400212608,0,2,36.4335,-83.23408,5,2025-01-23 10:00:00,2025,1,23,10,0,Thursday,10:00,Suspected Serious Injury,Daylight,Cloudy,Motor Vehicle-In-Transport On Same Roadway,None,THP District 5 - Fall Branch,THP,Unbelted,-,-,Drug,-,-,-,-,-,-,-,-,-,Hancock,Not in City Limit,5
66829,400212624,0,1,36.29306,-81.94849,5,2025-01-27 10:35:00,2025,1,27,10,35,Monday,10:35,Suspected Serious Injury,Daylight,Cloudy,Curb,None,THP District 5 - Fall Branch,THP,Unbelted,-,-,-,-,-,-,-,-,-,ATV_Involved,-,-,Johnson,Not in City Limit,2
66846,400212703,0,1,35.78448,-87.52136,7,2025-01-27 13:50:00,2025,1,27,13,50,Monday,13:50,Suspected Serious Injury,Daylight,Clear,"Over Turn, Roll Over",None,THP District 7 - Lawrenceburg,THP,Unbelted,-,-,-,-,-,-,-,-,-,ATV_Involved,-,-,Hickman,Not in City Limit,2
66850,400212726,0,2,36.35312,-84.13252,1,2025-01-26 22:13:00,2025,1,26,22,13,Sunday,22:13,Suspected Serious Injury,Dark-Not Lighted,Rain,Embankment Earth,None,THP District 1 - Knoxville,THP,Unbelted,-,Drinking,-,-,-,-,-,-,-,-,-,-,Campbell,Not in City Limit,1
66868,400212792,1,0,35.91718,-86.10285,6,2025-01-27 17:19:00,2025,1,27,17,19,Monday,17:19,Fatal,Dark-Not Lighted,Clear,Ditch,None,THP District 6 - Cookeville,THP,Unbelted,-,-,-,-,-,-,-,-,-,-,-,-,Cannon,Not in City Limit,2
66889,400212858,2,2,35.829,-86.40029,3,2025-01-27 18:42:00,2025,1,27,18,42,Monday,18:42,Fatal,Dark-Lighted,Clear,Motor Vehicle-In-Transport On Same Roadway,None,MURFREESBORO POLICE DEPT,Other,Unbelted,-,-,-,-,Speeding,-,-,-,-,-,-,-,Rutherford,Murfreesboro,2
66890,400212874,0,3,35.93455,-85.7768,6,2025-01-27 21:02:00,2025,1,27,21,2,Monday,21:02,Suspected Serious Injury,Dark-Not Lighted,Clear,Standing Tree,None,THP District 6 - Cookeville,THP,Unbelted,-,-,-,-,-,-,-,-,-,-,-,-,DeKalb,Not in City Limit,2
66892,400212880,0,1,36.01766,-87.03102,3,2025-01-27 23:43:00,2025,1,27,23,43,Monday,23:43,Suspected Serious Injury,Dark-Not Lighted,Clear,Guard Rail Face,None,METROPOLITAN NASHVILLE POLICE DEPT,Other,Unbelted,Distracted,Drinking,-,-,-,-,-,-,-,-,-,-,Davidson,Nashville,2
66893,400212881,0,4,36.02169,-87.33877,3,2025-01-27 18:36:00,2025,1,27,18,36,Monday,18:36,Suspected Serious Injury,Dark-Lighted,Clear,Motor Vehicle-In-Transport On Same Roadway,None,DICKSON POLICE DEPT,Other,Unbelted,Distracted,-,-,-,-,-,-,-,-,-,-,-,Dickson,Dickson,2
66898,400212915,1,1,35.24234,-87.33583,7,2025-01-27 16:15:00,2025,1,27,16,15,Monday,16:15,Fatal,Daylight,Clear,Motor Vehicle-In-Transport On Same Roadway,None,LAWRENCEBURG POLICE DEPT,Other,Unbelted,-,-,-,-,Speeding,-,-,-,-,-,-,-,Lawrence,Lawrenceburg,2
66908,400212984,0,1,35.88303,-86.47528,3,2025-01-28 06:50:00,2025,1,28,6,50,Tuesday,06:50,Suspected Serious Injury,Dark-Lighted,Clear,"Over Turn, Roll Over",None,THP District 3 - Nashville,THP,Unbelted,-,-,-,-,-,-,-,-,-,-,-,-,Rutherford,Not in City Limit,3
66912,400212998,0,1,35.92647,-84.05335,1,2025-01-28 07:20:00,2025,1,28,7,20,Tuesday,07:20,Suspected Serious Injury,Daylight,Clear,Concrete Traffic Barrier,None,KNOXVILLE POLICE DEPT,Other,Unbelted,-,-,-,-,-,-,-,-,-,ATV_Involved,-,-,Knox,Knoxville,3
66919,400213031,0,2,36.04154,-83.43338,5,2025-01-28 07:48:00,2025,1,28,7,48,Tuesday,07:48,Suspected Serious Injury,Daylight,Clear,Motor Vehicle-In-Transport On Same Roadway,Construction Zone,THP District 5 - Fall Branch,THP,Unbelted,-,-,-,-,-,-,-,-,-,-,-,-,Jefferson,Not in City Limit,3
66922,400213042,1,0,35.87268,-83.76615,1,2025-01-24 13:05:00,2025,1,24,13,5,Friday,13:05,Fatal,Daylight,Clear,Other Non-Collision,None,THP District 1 - Knoxville,THP,Unbelted,-,-,-,-,-,-,-,-,-,-,-,-,Sevier,Not in City Limit,6
66969,400213349,1,0,36.05443,-87.35199,3,2025-01-28 17:58:00,2025,1,28,17,58,Tuesday,17:58,Fatal,Dark-Lighted,Clear,"Over Turn, Roll Over",None,DICKSON POLICE DEPT,Other,Unbelted,-,Drinking,-,-,-,-,-,-,-,-,-,-,Dickson,Dickson,3
66971,400213379,1,0,36.30659,-89.47619,8,2025-01-28 21:45:00,2025,1,28,21,45,Tuesday,21:45,Fatal,Dark-Not Lighted,Clear,Pedestrian,None,THP District 8 - Jackson,THP,Unbelted,-,-,-,-,-,-,Pedestrian,-,-,-,-,-,Lake,Not in City Limit,3
66972,400213380,0,1,36.14102,-86.72965,3,2025-01-28 00:00:00,2025,1,28,24,0,Tuesday,24:00,Suspected Serious Injury,Dark-Not Lighted,Clear,Guard Rail End,None,METROPOLITAN NASHVILLE POLICE DEPT,Other,Unbelted,-,Drinking,-,-,-,-,-,-,-,-,-,-,Davidson,Nashville,3
66983,400213422,0,1,35.61333,-88.90765,8,2025-01-29 06:25:00,2025,1,29,6,25,Wednesday,06:25,Suspected Serious Injury,Dark-Not Lighted,Clear,Pedestrian,None,THP District 8 - Jackson,THP,-,-,-,-,-,-,-,Pedestrian,-,-,-,-,-,Madison,Not in City Limit,4
66989,400213476,0,1,36.47159,-85.19492,6,2025-01-29 06:30:00,2025,1,29,6,30,Wednesday,06:30,Suspected Serious Injury,Daylight,Clear,Guard Rail End,None,OVERTON CO SHERIFFS DEPT,Other,Unbelted,-,-,-,-,-,-,-,-,-,-,-,-,Overton,Not in City Limit,4
67005,400213604,1,0,35.35445,-86.20879,2,2025-01-29 13:40:00,2025,1,29,13,40,Wednesday,13:40,Fatal,Daylight,Clear,Motor Vehicle-In-Transport On Same Roadway,None,TULLAHOMA POLICE DEPT,Other,Unbelted,-,-,-,-,-,-,-,-,-,-,Motorcyclist,-,Coffee,Tullahoma,4
67011,400213644,1,1,36.40822,-84.27403,1,2025-01-16 22:00:00,2025,1,16,22,0,Thursday,22:00,Fatal,Dark-Not Lighted,Clear,Parked Motor Vehicle,None,THP District 1 - Knoxville,THP,Unbelted,-,-,-,-,-,-,Pedestrian,-,-,ATV_Involved,-,-,Campbell,Not in City Limit,5
67024,400213714,0,1,34.98871,-85.06893,2,2025-01-29 16:15:00,2025,1,29,16,15,Wednesday,16:15,Suspected Serious Injury,Daylight,Clear,Motor Vehicle-In-Transport On Same Roadway,Construction Zone,HAMILTON COUNTY SHERIFF'S OFFICE,Other,Unbelted,Distracted,-,-,-,-,-,-,-,-,-,-,-,Hamilton,Not in City Limit,4
67028,400213735,0,1,35.8713,-86.35627,3,2025-01-29 18:22:00,2025,1,29,18,22,Wednesday,18:22,Suspected Serious Injury,Dark-Lighted,Clear,Motor Vehicle-In-Transport On Same Roadway,None,MURFREESBORO POLICE DEPT,Other,Unbelted,-,-,-,-,-,-,-,-,-,-,-,-,Rutherford,Murfreesboro,4
67040,400213796,0,1,36.10278,-86.74149,3,2025-01-29 23:34:00,2025,1,29,23,34,Wednesday,23:34,Suspected Serious Injury,Dark-Lighted,Clear,Utility Pole,None,METROPOLITAN NASHVILLE POLICE DEPT,Other,Unbelted,-,-,-,-,-,-,-,-,-,-,-,-,Davidson,Nashville,4
67041,400213800,0,1,36.53272,-82.26511,5,2025-01-29 22:00:00,2025,1,29,22,0,Wednesday,22:00,Suspected Serious Injury,Dark-Not Lighted,Clear,Utility Pole,None,SULLIVAN CO SHERIFFS DEPT,Other,Unbelted,-,Drinking,-,-,Speeding,-,-,-,-,-,-,-,Sullivan,Not in City Limit,4
67058,400213882,0,1,35.52759,-86.5744,7,2025-01-30 07:08:00,2025,1,30,7,8,Thursday,07:08,Suspected Serious Injury,Daylight,Rain,Standing Tree,None,THP District 7 - Lawrenceburg,THP,Unbelted,-,-,-,-,-,-,-,-,-,-,-,-,Bedford,Not in City Limit,5
67061,400213896,0,3,36.08313,-87.10004,3,2025-01-25 13:56:00,2025,1,25,13,56,Saturday,13:56,Suspected Serious Injury,Daylight,Clear,Motor Vehicle-In-Transport On Same Roadway,None,THP District 3 - Nashville,THP,Unbelted,-,-,-,-,-,-,-,-,-,ATV_Involved,-,-,Cheatham,Kingston Springs,7
67064,400213910,0,1,35.45451,-88.58519,8,2025-01-28 13:03:00,2025,1,28,13,3,Tuesday,13:03,Suspected Serious Injury,Daylight,Clear,Ditch,Work Zone,THP District 8 - Jackson,THP,Unbelted,-,-,-,-,-,-,-,-,-,ATV_Involved,-,-,Chester,Not in City Limit,3
67077,400213977,0,2,36.13079,-86.70011,3,2025-01-30 09:15:00,2025,1,30,9,15,Thursday,09:15,Suspected Serious Injury,Daylight,Cloudy,Motor Vehicle-In-Transport On Same Roadway,None,METROPOLITAN NASHVILLE POLICE DEPT,Other,Unbelted,-,-,-,-,Speeding,-,-,-,-,-,-,-,Davidson,Nashville,5
67108,400214164,0,2,35.96663,-83.93143,1,2025-01-30 17:06:00,2025,1,30,17,6,Thursday,17:06,Suspected Serious Injury,Dusk,Cloudy,Motor Vehicle-In-Transport On Same Roadway,None,KNOXVILLE POLICE DEPT,Other,Unbelted,-,-,-,-,-,-,-,-,-,ATV_Involved,-,-,Knox,Knoxville,5