OBJECTID,MRN,Fatality,Injury,Latitude,Longitude,THP_District,Collision_Date,Collision_Year,Collision_Month,Collision_Day,Collision_Hour,Collision_Min,Collision_DOW,Collision_Time,Crash_Type,Light_Condition,Weather,First_Harmfu_Event,Work_Zone_Type,Agency_Name,THP,Unbelted,Distracted_Driver,Driver_Drinking,Driver_Drugged,Drowsy_Driver,Speeding_Involved,Pedalcyclist,Pedestrian,Other_Nonmotorist,ATV_Involved,LargeTruck_Involved,Motorcycle_Involved,SchoolBus,County,City,DOW_Nmb
67140,400214346,0,3,36.14439,-86.88164,3,2025-01-31 00:05:00,2025,1,31,0,5,Friday,00:05,Suspected Serious Injury,Dark-Not Lighted,Rain,Motor Vehicle-In-Transport On Same Roadway,None,METROPOLITAN NASHVILLE POLICE DEPT,Other,Unbelted,-,Drinking,Drug,-,-,-,-,-,-,ATV_Involved,-,-,Davidson,Nashville,6
67146,400214389,0,2,36.12685,-85.53817,6,2025-01-28 16:43:00,2025,1,28,16,43,Tuesday,16:43,Suspected Serious Injury,Daylight,Clear,Motor Vehicle-In-Transport On Same Roadway,None,COOKEVILLE POLICE DEPT,Other,Unbelted,-,-,-,-,-,-,-,-,-,-,-,-,Putnam,Cookeville,3
67150,400214405,0,1,36.02736,-88.36124,8,2025-01-31 00:00:00,2025,1,31,24,0,Friday,24:00,Suspected Serious Injury,Dark-Not Lighted,Clear,Other Animal,None,THP District 8 - Jackson,THP,Unbelted,-,-,-,-,-,-,-,-,-,-,-,-,Carroll,Not in City Limit,6
67159,400214451,0,1,36.00187,-83.11495,5,2025-01-31 00:00:00,2025,1,31,24,0,Friday,24:00,Suspected Serious Injury,Daylight,Cloudy,Ditch,None,COCKE CO SHERIFFS DEPT,Other,Unbelted,-,-,-,-,-,-,-,-,-,-,-,-,Cocke,Not in City Limit,6
67160,400214454,0,1,35.58698,-89.04334,8,2025-01-31 06:15:00,2025,1,31,6,15,Friday,06:15,Suspected Serious Injury,Dark-Not Lighted,Cloudy,Motor Vehicle-In-Transport On Same Roadway,None,THP District 8 - Jackson,THP,Unbelted,-,-,-,-,-,-,-,-,-,-,-,Direct,Madison,Not in City Limit,6
67162,400214456,0,1,35.3401,-89.61051,4,2025-01-29 07:45:00,2025,1,29,7,45,Wednesday,07:45,Suspected Serious Injury,Daylight,Clear,Motor Vehicle-In-Transport On Same Roadway,None,GALLAWAY POLICE DEPT,Other,Unbelted,-,-,-,-,-,-,-,-,-,ATV_Involved,-,-,Fayette,Gallaway,4
67168,400214478,0,1,35.91046,-83.40569,1,2025-01-31 10:20:00,2025,1,31,10,20,Friday,10:20,Suspected Serious Injury,Daylight,Clear,Motor Vehicle-In-Transport On Same Roadway,Construction Zone,SEVIER CO SHERIFFS OFFICE,Other,Unbelted,-,-,-,-,-,-,-,-,-,-,-,-,Sevier,Not in City Limit,6
67180,400214546,0,1,35.84611,-84.91799,6,2025-01-31 06:00:00,2025,1,31,6,0,Friday,06:00,Suspected Serious Injury,Dark-Not Lighted,Rain,Parked Motor Vehicle,None,THP District 6 - Cookeville,THP,Unbelted,-,-,-,-,-,-,-,-,-,ATV_Involved,-,-,Cumberland,Not in City Limit,6
67182,400214572,0,4,36.07437,-86.76872,3,2025-01-31 10:38:00,2025,1,31,10,38,Friday,10:38,Suspected Serious Injury,Daylight,Cloudy,Motor Vehicle-In-Transport On Same Roadway,None,METROPOLITAN NASHVILLE POLICE DEPT,Other,Unbelted,-,-,-,-,-,-,-,-,-,-,-,-,Davidson,Nashville,6
67188,400214610,0,1,35.63599,-87.01782,7,2025-01-31 14:03:00,2025,1,31,14,3,Friday,14:03,Suspected Serious Injury,Daylight,Clear,Motor Vehicle-In-Transport On Same Roadway,None,COLUMBIA POLICE DEPT,Other,Unbelted,-,-,-,Drowsy,-,-,-,-,-,-,-,-,Maury,Columbia,6
67203,400214679,1,1,35.28812,-84.81523,2,2025-01-30 13:45:00,2025,1,30,13,45,Thursday,13:45,Fatal,Daylight,Clear,Guard Rail End,None,THP District 2 - Chattanooga,THP,Unbelted,-,-,-,-,-,-,-,-,-,-,-,-,Bradley,Not in City Limit,5
67206,400214715,0,2,36.16747,-86.10595,3,2025-01-30 16:05:00,2025,1,30,16,5,Thursday,16:05,Suspected Serious Injury,Daylight,Rain,Embankment Earth,None,THP District 3 - Nashville,THP,Unbelted,-,-,-,-,-,-,-,-,-,ATV_Involved,-,-,Wilson,Not in City Limit,5
67207,400214717,0,1,35.73391,-88.79757,8,2025-01-28 22:04:00,2025,1,28,22,4,Tuesday,22:04,Suspected Serious Injury,Dark-Not Lighted,Clear,Motor Vehicle-In-Transport On Same Roadway,None,MADISON CO SHERIFFS DEPT,Other,Unbelted,-,-,-,-,Speeding,-,-,-,-,-,-,-,Madison,Not in City Limit,3
67209,400214727,1,2,36.00118,-86.46242,3,2025-01-30 19:36:00,2025,1,30,19,36,Thursday,19:36,Fatal,Dark-Not Lighted,Rain,Motor Vehicle-In-Transport On Same Roadway,None,SMYRNA POLICE DEPT,Other,Unbelted,-,-,-,-,-,-,-,-,-,-,-,-,Rutherford,Smyrna,5
67219,400214764,0,2,35.25312,-84.83853,2,2025-01-31 19:50:00,2025,1,31,19,50,Friday,19:50,Suspected Serious Injury,Dark-Not Lighted,Rain,Motor Vehicle-In-Transport On Same Roadway,None,THP District 2 - Chattanooga,THP,Unbelted,-,-,-,-,-,-,-,-,-,-,-,-,Bradley,Not in City Limit,6
67223,400214781,0,2,35.84232,-84.16307,1,2025-01-31 13:16:00,2025,1,31,13,16,Friday,13:16,Suspected Serious Injury,Daylight,Rain,Utility Pole,None,KNOX CO SHERIFFS OFFICE,Other,Unbelted,-,-,-,-,-,-,-,-,-,-,-,-,Knox,Not in City Limit,6
67225,400214801,0,1,35.74187,-86.336,3,2025-01-30 13:47:00,2025,1,30,13,47,Thursday,13:47,Suspected Serious Injury,Daylight,Rain,Motor Vehicle-In-Transport On Same Roadway,None,THP District 3 - Nashville,THP,Unbelted,-,-,-,-,Speeding,-,-,-,-,-,-,-,Rutherford,Not in City Limit,5
67232,400214832,0,1,35.12166,-85.28787,2,2025-01-31 18:15:00,2025,1,31,18,15,Friday,18:15,Suspected Serious Injury,Dusk,Rain,Motor Vehicle-In-Transport On Same Roadway,None,RED BANK POLICE DEPT,Other,Unbelted,-,-,-,-,-,-,-,-,-,-,-,-,Hamilton,Red Bank,6
67241,400214861,0,1,35.95721,-84.5012,1,2025-02-01 03:09:00,2025,2,1,3,9,Saturday,03:09,Suspected Serious Injury,Dark-Not Lighted,Cloudy,Utility Pole,None,THP District 1 - Knoxville,THP,Unbelted,-,-,-,-,-,-,-,-,-,-,-,-,Roane,Not in City Limit,7
67253,400214919,0,1,36.52785,-86.64274,3,2025-02-01 08:10:00,2025,2,1,8,10,Saturday,08:10,Suspected Serious Injury,Daylight,Cloudy,Concrete Traffic Barrier,None,THP District 3 - Nashville,THP,Unbelted,-,-,-,-,-,-,-,-,-,-,-,-,Robertson,Cross Plains,7
67255,400214931,0,1,36.35346,-89.39714,8,2025-01-26 19:10:00,2025,1,26,19,10,Sunday,19:10,Suspected Serious Injury,Dark-Not Lighted,Rain,Ditch,None,THP District 8 - Jackson,THP,Unbelted,-,Drinking,-,-,-,-,-,-,-,-,-,-,Obion,Not in City Limit,1
67263,400214970,0,1,36.05235,-83.89541,1,2025-02-01 12:06:00,2025,2,1,12,6,Saturday,12:06,Suspected Serious Injury,Daylight,Cloudy,Motor Vehicle-In-Transport On Same Roadway,None,KNOXVILLE POLICE DEPT,Other,Unbelted,Distracted,-,-,-,-,-,-,-,-,-,-,-,Knox,Knoxville,7
67266,400214995,0,1,36.32438,-86.86844,3,2025-02-01 13:35:00,2025,2,1,13,35,Saturday,13:35,Suspected Serious Injury,Daylight,Clear,Motor Vehicle-In-Transport On Same Roadway,None,METROPOLITAN NASHVILLE POLICE DEPT,Other,Unbelted,-,-,-,-,-,-,-,-,-,-,-,-,Davidson,Nashville,7
67274,400215040,0,1,36.21526,-83.37771,5,2025-02-01 16:48:00,2025,2,1,16,48,Saturday,16:48,Suspected Serious Injury,Daylight,Clear,"Over Turn, Roll Over",None,THP District 5 - Fall Branch,THP,-,-,-,-,-,-,-,-,-,-,-,Motorcyclist,-,Hamblen,Not in City Limit,7
67282,400215105,0,2,35.86618,-84.19791,1,2025-01-31 12:34:00,2025,1,31,12,34,Friday,12:34,Suspected Serious Injury,Daylight,Rain,Utility Pole,None,KNOX CO SHERIFFS OFFICE,Other,Unbelted,-,-,-,-,-,-,-,-,-,-,-,-,Knox,Farragut,6
67291,400215140,0,2,36.25934,-86.75803,3,2025-02-01 23:50:00,2025,2,1,23,50,Saturday,23:50,Suspected Serious Injury,Dark-Lighted,Clear,Motor Vehicle-In-Transport On Same Roadway,None,METROPOLITAN NASHVILLE POLICE DEPT,Other,Unbelted,-,-,-,-,-,-,-,-,-,-,-,-,Davidson,Nashville,7
67292,400215147,0,1,36.44655,-88.38411,8,2025-02-01 23:23:00,2025,2,1,23,23,Saturday,23:23,Suspected Serious Injury,Dark-Not Lighted,Clear,Ditch,None,THP District 8 - Jackson,THP,Unbelted,-,-,-,-,-,-,-,-,-,-,-,-,Henry,Not in City Limit,7
67294,400215158,0,1,34.99393,-85.62022,2,2025-02-01 03:15:00,2025,2,1,3,15,Saturday,03:15,Suspected Serious Injury,Dark-Not Lighted,Fog,Boulder,None,THP District 2 - Chattanooga,THP,Unbelted,-,Drinking,-,-,-,-,-,-,-,-,-,-,Marion,Not in City Limit,7
67296,400215167,1,1,36.11901,-83.50526,5,2025-02-02 01:15:00,2025,2,2,1,15,Sunday,01:15,Fatal,Dark-Lighted,Clear,Deer,None,JEFFERSON CITY POLICE DEPT,Other,Unbelted,-,Drinking,-,-,-,-,-,-,-,-,-,-,Jefferson,Jefferson City,1
67299,400215179,0,1,35.98248,-83.97883,1,2025-02-02 02:49:00,2025,2,2,2,49,Sunday,02:49,Suspected Serious Injury,Dark-Lighted,Clear,Luminaire Light Support,None,KNOXVILLE POLICE DEPT,Other,Unbelted,-,-,-,-,-,-,-,-,-,-,-,-,Knox,Knoxville,1
67300,400215184,0,2,35.3637,-86.21318,2,2025-02-01 13:00:00,2025,2,1,13,0,Saturday,13:00,Suspected Serious Injury,Daylight,Clear,Motor Vehicle-In-Transport On Same Roadway,None,TULLAHOMA POLICE DEPT,Other,Unbelted,-,-,-,-,-,-,-,-,-,-,-,-,Coffee,Tullahoma,7
67303,400215188,0,1,35.23951,-85.87618,2,2025-02-02 04:45:00,2025,2,2,4,45,Sunday,04:45,Suspected Serious Injury,Dark-Not Lighted,Clear,Concrete Traffic Barrier,None,THP District 2 - Chattanooga,THP,Unbelted,-,-,-,-,-,-,-,-,-,-,-,-,Grundy,Altamont,1
67318,400215256,0,1,35.86602,-88.7586,8,2025-02-02 10:41:00,2025,2,2,10,41,Sunday,10:41,Suspected Serious Injury,Daylight,Clear,Ditch,None,THP District 8 - Jackson,THP,Unbelted,-,-,-,-,-,-,-,-,-,-,-,-,Gibson,Not in City Limit,1
67327,400215305,0,2,36.32628,-86.88516,3,2025-02-02 13:40:00,2025,2,2,13,40,Sunday,13:40,Suspected Serious Injury,Daylight,Clear,Motor Vehicle-In-Transport On Same Roadway,None,THP District 3 - Nashville,THP,Unbelted,-,-,-,-,-,-,-,-,-,ATV_Involved,-,-,Davidson,Joelton,1
67330,400215334,0,3,36.05285,-86.54822,3,2025-02-02 13:59:00,2025,2,2,13,59,Sunday,13:59,Suspected Serious Injury,Daylight,Clear,Motor Vehicle-In-Transport On Same Roadway,None,LAVERGNE POLICE DEPT,Other,Unbelted,Distracted,-,-,-,-,-,-,-,-,-,-,-,Rutherford,Lavergne,1
67332,400215342,0,2,35.34797,-84.9216,2,2025-02-01 18:33:00,2025,2,1,18,33,Saturday,18:33,Suspected Serious Injury,Dusk,Clear,"Fire, Explosion",None,THP District 2 - Chattanooga,THP,Unbelted,-,-,-,-,-,-,-,-,-,-,-,-,Meigs,Not in City Limit,7
67345,400215397,1,0,35.35712,-88.09471,8,2025-02-01 15:56:00,2025,2,1,15,56,Saturday,15:56,Fatal,Daylight,Clear,"Over Turn, Roll Over",None,THP District 8 - Jackson,THP,Unbelted,-,Drinking,Drug,-,-,-,-,-,-,-,-,-,Hardin,Not in City Limit,7
67346,400215399,0,1,36.07643,-86.49433,3,2025-02-02 15:46:00,2025,2,2,15,46,Sunday,15:46,Suspected Serious Injury,Daylight,Clear,Standing Tree,None,THP District 3 - Nashville,THP,Unbelted,-,-,Drug,-,-,-,-,-,-,-,-,-,Rutherford,Not in City Limit,1
67349,400215408,0,1,36.07743,-87.3754,3,2025-01-30 06:11:00,2025,1,30,6,11,Thursday,06:11,Suspected Serious Injury,Dark-Lighted,Rain,Pedestrian,None,DICKSON POLICE DEPT,Other,Unbelted,-,-,-,-,-,-,Pedestrian,-,-,-,-,-,Dickson,Dickson,5
67359,400215432,0,3,35.84293,-86.49501,3,2025-02-02 17:52:00,2025,2,2,17,52,Sunday,17:52,Suspected Serious Injury,Dark-Lighted,Clear,Motor Vehicle-In-Transport On Same Roadway,None,MURFREESBORO POLICE DEPT,Other,Unbelted,-,-,-,-,-,-,-,-,-,-,-,-,Rutherford,Murfreesboro,1
67360,400215435,0,1,35.75486,-87.46814,7,2025-02-02 17:45:00,2025,2,2,17,45,Sunday,17:45,Suspected Serious Injury,Dark-Not Lighted,Clear,Pedestrian,None,THP District 7 - Lawrenceburg,THP,Unbelted,-,-,-,-,-,-,Pedestrian,-,-,-,-,-,Hickman,Not in City Limit,1
67364,400215450,1,0,36.08286,-86.69824,3,2025-02-02 15:00:00,2025,2,2,15,0,Sunday,15:00,Fatal,Daylight,Clear,Motor Vehicle-In-Transport On Same Roadway,None,METROPOLITAN NASHVILLE POLICE DEPT,Other,Unbelted,-,-,-,-,-,-,-,-,-,ATV_Involved,Motorcyclist,-,Davidson,Nashville,1
67366,400215463,1,2,36.07436,-86.72472,3,2025-02-02 16:05:00,2025,2,2,16,5,Sunday,16:05,Fatal,Daylight,Clear,Motor Vehicle-In-Transport On Same Roadway,None,METROPOLITAN NASHVILLE POLICE DEPT,Other,Unbelted,-,-,-,-,-,-,-,-,-,-,Motorcyclist,-,Davidson,Nashville,1
67369,400215477,1,0,36.565,-86.611,3,2025-02-02 21:11:00,2025,2,2,21,11,Sunday,21:11,Fatal,Dark-Not Lighted,Clear,Standing Tree,None,THP District 3 - Nashville,THP,Unbelted,-,-,Drug,-,-,-,-,-,-,-,-,-,Robertson,Not in City Limit,1
67370,400215484,0,1,36.05392,-86.77551,3,2025-02-02 15:59:00,2025,2,2,15,59,Sunday,15:59,Suspected Serious Injury,Daylight,Clear,Concrete Traffic Barrier,None,METROPOLITAN NASHVILLE POLICE DEPT,Other,-,Distracted,-,-,-,-,-,-,-,-,-,Motorcyclist,-,Davidson,Nashville,1
67386,400215574,0,1,36.22082,-86.62484,3,2025-02-03 07:28:00,2025,2,3,7,28,Monday,07:28,Suspected Serious Injury,Daylight,Clear,Motor Vehicle-In-Transport On Same Roadway,None,METROPOLITAN NASHVILLE POLICE DEPT,Other,Unbelted,Distracted,-,-,-,-,-,-,-,-,-,-,Direct,Davidson,Nashville,2
67398,400215632,0,2,36.39118,-83.10031,5,2025-02-03 09:39:00,2025,2,3,9,39,Monday,09:39,Suspected Serious Injury,Daylight,Clear,Motor Vehicle-In-Transport On Same Roadway,None,THP District 5 - Fall Branch,THP,Unbelted,-,-,-,-,-,-,-,-,-,ATV_Involved,-,-,Hawkins,Not in City Limit,2
67399,400215635,0,1,35.8596,-87.47894,7,2025-01-31 16:33:00,2025,1,31,16,33,Friday,16:33,Suspected Serious Injury,Daylight,Clear,"Over Turn, Roll Over",None,THP District 7 - Lawrenceburg,THP,-,-,Drinking,Drug,-,-,-,-,-,-,-,Motorcyclist,-,Hickman,Not in City Limit,6
67410,400215700,0,2,36.07295,-83.74284,1,2025-02-03 10:17:00,2025,2,3,10,17,Monday,10:17,Suspected Serious Injury,Daylight,Clear,Motor Vehicle-In-Transport On Same Roadway,None,KNOX CO SHERIFFS OFFICE,Other,Unbelted,-,-,-,-,-,-,-,-,-,-,-,-,Knox,Not in City Limit,2
67422,400215783,0,5,35.40253,-85.38818,2,2025-02-03 15:56:00,2025,2,3,15,56,Monday,15:56,Suspected Serious Injury,Daylight,Clear,Motor Vehicle-In-Transport On Same Roadway,None,DUNLAP POLICE DEPT,Other,Unbelted,-,Drinking,-,-,-,-,-,-,-,-,-,-,Sequatchie,Dunlap,2
67436,400215852,0,1,36.43382,-82.56326,5,2025-02-03 14:47:00,2025,2,3,14,47,Monday,14:47,Suspected Serious Injury,Daylight,Clear,Motor Vehicle-In-Transport On Same Roadway,Construction Zone,THP District 5 - Fall Branch,THP,Unbelted,-,-,-,-,-,-,-,-,-,ATV_Involved,-,-,Sullivan,Not in City Limit,2
67440,400215876,1,0,36.44449,-86.70032,3,2025-02-03 19:17:00,2025,2,3,19,17,Monday,19:17,Fatal,Dark-Not Lighted,Clear,Pedestrian,None,THP District 3 - Nashville,THP,Unbelted,-,-,-,-,-,-,Pedestrian,-,-,-,-,-,Robertson,Not in City Limit,2
67445,400215900,2,0,36.24572,-82.77129,5,2025-02-03 23:45:00,2025,2,3,23,45,Monday,23:45,Fatal,Dark-Not Lighted,Clear,Motor Vehicle-In-Transport On Same Roadway,None,THP District 5 - Fall Branch,THP,Unbelted,-,-,Drug,-,-,-,-,-,-,-,-,-,Greene,Not in City Limit,2
67448,400215912,1,0,36.01362,-83.92046,1,2025-02-03 19:15:00,2025,2,3,19,15,Monday,19:15,Fatal,Dark-Lighted,Clear,Pedestrian,None,KNOXVILLE POLICE DEPT,Other,Unbelted,-,-,-,-,-,-,Pedestrian,-,-,-,-,-,Knox,Knoxville,2
67450,400215923,0,5,36.11084,-83.48829,5,2025-02-03 12:40:00,2025,2,3,12,40,Monday,12:40,Suspected Serious Injury,Daylight,Clear,Motor Vehicle-In-Transport On Same Roadway,None,THP District 5 - Fall Branch,THP,Unbelted,-,-,-,-,Speeding,-,-,-,-,ATV_Involved,-,-,Jefferson,Jefferson City,2
67458,400215972,2,0,36.45922,-83.88329,5,2025-02-03 09:03:00,2025,2,3,9,3,Monday,09:03,Fatal,Daylight,Clear,Motor Vehicle-In-Transport On Same Roadway,Construction Zone,THP District 5 - Fall Branch,THP,Unbelted,-,-,-,-,-,-,-,-,-,-,-,-,Claiborne,Not in City Limit,2
67460,400215981,0,4,35.92927,-86.71666,3,2025-02-04 07:30:00,2025,2,4,7,30,Tuesday,07:30,Suspected Serious Injury,Daylight,Cloudy,Motor Vehicle-In-Transport On Same Roadway,None,WILLIAMSON CO SHERIFFS OFFICE,Other,Unbelted,Distracted,-,-,-,-,-,-,-,-,-,-,-,Williamson,Not in City Limit,3
67463,400215990,1,0,35.95129,-83.98709,1,2025-02-03 14:25:00,2025,2,3,14,25,Monday,14:25,Fatal,Daylight,Clear,Ditch,None,KNOXVILLE POLICE DEPT,Other,Unbelted,-,-,-,-,-,-,-,-,-,-,Motorcyclist,-,Knox,Knoxville,2
67477,400216088,1,1,36.50358,-86.49864,3,2025-01-31 18:05:00,2025,1,31,18,5,Friday,18:05,Fatal,Dark-Not Lighted,Clear,Motor Vehicle-In-Transport On Same Roadway,None,THP District 3 - Nashville,THP,Unbelted,Distracted,Drinking,Drug,-,Speeding,-,-,-,-,-,-,-,Sumner,Not in City Limit,6
67479,400216097,1,1,35.73358,-86.94236,7,2025-02-03 05:10:00,2025,2,3,5,10,Monday,05:10,Fatal,Dark-Not Lighted,Cloudy,Pedestrian,None,SPRING HILL POLICE DEPT,Other,Unbelted,-,-,-,-,-,-,Pedestrian,-,-,-,-,-,Maury,Spring Hill,2
67480,400216102,0,2,35.87901,-83.77498,1,2025-02-04 13:24:00,2025,2,4,13,24,Tuesday,13:24,Suspected Serious Injury,Daylight,Clear,Motor Vehicle-In-Transport On Same Roadway,None,SEVIER CO SHERIFFS OFFICE,Other,Unbelted,-,-,-,-,Speeding,-,-,-,-,-,-,-,Sevier,Not in City Limit,3
67485,400216120,0,1,36.20016,-86.76989,3,2025-02-03 17:39:00,2025,2,3,17,39,Monday,17:39,Suspected Serious Injury,Dark-Lighted,Clear,Motor Vehicle-In-Transport On Same Roadway,None,METROPOLITAN NASHVILLE POLICE DEPT,Other,Unbelted,-,-,-,-,-,-,-,-,-,-,Motorcyclist,-,Davidson,Nashville,2
67490,400216155,0,1,35.33902,-84.56029,2,2025-02-03 00:31:00,2025,2,3,0,31,Monday,00:31,Suspected Serious Injury,Dark-Not Lighted,Clear,Standing Tree,None,THP District 2 - Chattanooga,THP,Unbelted,-,-,-,Drowsy,-,-,-,-,-,-,-,-,McMinn,Not in City Limit,2
67492,400216158,0,2,35.14726,-86.56158,7,2025-02-04 14:24:00,2025,2,4,14,24,Tuesday,14:24,Suspected Serious Injury,Daylight,Clear,Motor Vehicle-In-Transport On Same Roadway,None,FAYETTEVILLE POLICE DEPT,Other,Unbelted,Distracted,-,-,-,-,-,-,-,-,-,-,-,Lincoln,Fayetteville,3
67495,400216169,2,0,35.20424,-89.00007,4,2025-02-03 00:00:00,2025,2,3,24,0,Monday,24:00,Fatal,Dark-Lighted,Cloudy,Standing Tree,None,THP District 4 - Memphis,THP,Unbelted,-,-,-,-,-,-,-,-,-,-,-,-,Hardeman,Not in City Limit,2
67514,400216271,1,0,36.48403,-87.89393,3,2025-02-03 17:31:00,2025,2,3,17,31,Monday,17:31,Fatal,Daylight,Clear,Motor Vehicle-In-Transport On Same Roadway,None,THP District 3 - Nashville,THP,Unbelted,-,-,-,-,-,-,-,-,-,-,Motorcyclist,-,Stewart,Not in City Limit,2
67518,400216282,0,2,35.66306,-88.85382,8,2025-02-04 20:38:00,2025,2,4,20,38,Tuesday,20:38,Suspected Serious Injury,Dark-Lighted,Clear,Motor Vehicle-In-Transport On Same Roadway,None,JACKSON POLICE DEPT,Other,Unbelted,-,-,-,-,-,-,-,-,-,-,-,-,Madison,Jackson,3
67533,400216379,0,1,36.34731,-83.31319,5,2025-02-02 16:44:00,2025,2,2,16,44,Sunday,16:44,Suspected Serious Injury,Daylight,Clear,Other Fixed Object,None,BEAN STATION POLICE DEPT,Other,Unbelted,-,-,Drug,Drowsy,-,-,-,-,-,-,-,-,Grainger,Bean Station,1
67538,400216426,0,1,36.07319,-86.42966,3,2025-02-04 12:45:00,2025,2,4,12,45,Tuesday,12:45,Suspected Serious Injury,Daylight,Clear,Motor Vehicle-In-Transport On Same Roadway,None,THP District 3 - Nashville,THP,Unbelted,-,-,-,-,-,-,-,-,-,ATV_Involved,-,-,Wilson,Not in City Limit,3
67540,400216432,0,1,36.16961,-86.82127,3,2025-02-05 09:00:00,2025,2,5,9,0,Wednesday,09:00,Suspected Serious Injury,Daylight,Clear,Pedestrian,None,METROPOLITAN NASHVILLE POLICE DEPT,Other,Unbelted,-,-,-,-,-,-,Pedestrian,-,-,-,-,-,Davidson,Nashville,4
67544,400216469,0,1,36.57391,-87.17558,3,2025-02-04 15:43:00,2025,2,4,15,43,Tuesday,15:43,Suspected Serious Injury,Daylight,Clear,Motor Vehicle-In-Transport On Same Roadway,None,THP District 3 - Nashville,THP,Unbelted,-,-,-,-,-,-,-,-,-,-,-,Direct,Montgomery,Not in City Limit,3
67545,400216472,0,1,35.51982,-88.66215,8,2025-02-02 16:46:00,2025,2,2,16,46,Sunday,16:46,Suspected Serious Injury,Daylight,Clear,Unknown,None,MADISON CO SHERIFFS DEPT,Other,-,-,-,-,-,-,-,-,-,-,-,Motorcyclist,-,Madison,Not in City Limit,1
67546,400216473,0,1,36.47307,-82.97781,5,2025-02-04 14:43:00,2025,2,4,14,43,Tuesday,14:43,Suspected Serious Injury,Daylight,Clear,Motor Vehicle-In-Transport On Same Roadway,None,THP District 5 - Fall Branch,THP,Unbelted,-,-,-,-,-,-,-,-,-,-,Motorcyclist,-,Hawkins,Not in City Limit,3
67549,400216511,1,2,36.12413,-84.08607,1,2025-02-02 17:57:00,2025,2,2,17,57,Sunday,17:57,Fatal,Dusk,Clear,Motor Vehicle-In-Transport On Same Roadway,None,THP District 1 - Knoxville,THP,Unbelted,-,Drinking,-,-,-,-,-,-,-,-,-,-,Anderson,Not in City Limit,1
67554,400216546,0,1,35.90104,-85.43942,6,2025-02-05 15:10:00,2025,2,5,15,10,Wednesday,15:10,Suspected Serious Injury,Daylight,Cloudy,Pedal-Cycle,None,THP District 6 - Cookeville,THP,-,-,-,-,-,-,-,-,-,-,-,Motorcyclist,-,White,Not in City Limit,4
67564,400216597,0,2,36.20748,-83.08875,5,2025-02-05 15:45:00,2025,2,5,15,45,Wednesday,15:45,Suspected Serious Injury,Daylight,Clear,Motor Vehicle-In-Transport On Same Roadway,None,THP District 5 - Fall Branch,THP,Unbelted,-,-,-,-,-,-,-,-,-,-,-,-,Greene,Not in City Limit,4
67568,400216632,0,1,36.07853,-86.95099,3,2025-02-05 19:29:00,2025,2,5,19,29,Wednesday,19:29,Suspected Serious Injury,Dark-Lighted,Clear,Pedestrian,None,METROPOLITAN NASHVILLE POLICE DEPT,Other,Unbelted,-,-,-,-,-,-,Pedestrian,-,-,-,-,-,Davidson,Nashville,4
67579,400216665,0,1,35.70093,-85.78755,6,2025-02-05 19:50:00,2025,2,5,19,50,Wednesday,19:50,Suspected Serious Injury,Dark-Not Lighted,Clear,Pedestrian,None,MCMINNVILLE POLICE DEPT,Other,Unbelted,-,-,-,-,-,-,Pedestrian,-,-,-,-,-,Warren,McMinnville,4
67606,400216792,1,0,35.34235,-84.97315,2,2025-02-06 06:45:00,2025,2,6,6,45,Thursday,06:45,Fatal,Dark-Not Lighted,Cloudy,"Over Turn, Roll Over",None,THP District 2 - Chattanooga,THP,Unbelted,-,-,-,-,-,-,-,-,-,-,-,-,Meigs,Not in City Limit,5
67608,400216837,0,1,35.81921,-88.15518,8,2025-02-06 00:00:00,2025,2,6,24,0,Thursday,24:00,Suspected Serious Injury,Daylight,Cloudy,Motor Vehicle-In-Transport On Same Roadway,None,THP District 8 - Jackson,THP,Unbelted,Distracted,-,-,-,-,-,-,-,-,ATV_Involved,-,-,Decatur,Not in City Limit,5
67616,400216894,1,1,35.37026,-85.62561,2,2025-02-06 11:35:00,2025,2,6,11,35,Thursday,11:35,Fatal,Daylight,Rain,Motor Vehicle-In-Transport On Same Roadway,None,THP District 2 - Chattanooga,THP,Unbelted,-,-,Drug,-,-,-,-,-,-,-,-,-,Grundy,Gruetli-Laager,5
67617,400216895,1,0,35.8962,-84.84431,6,2025-02-05 15:45:00,2025,2,5,15,45,Wednesday,15:45,Fatal,Daylight,Clear,Guard Rail Face,None,THP District 6 - Cookeville,THP,Unbelted,-,-,-,-,-,-,-,-,-,-,-,-,Cumberland,Not in City Limit,4
67640,400217033,0,2,35.65754,-88.1271,8,2025-02-06 09:21:00,2025,2,6,9,21,Thursday,09:21,Suspected Serious Injury,Daylight,Cloudy,Motor Vehicle-In-Transport On Same Roadway,None,PARSONS POLICE DEPT,Other,Unbelted,-,-,-,-,-,-,-,-,-,-,-,-,Decatur,Parsons,5
67642,400217043,0,2,36.04369,-86.67545,3,2025-02-06 17:23:00,2025,2,6,17,23,Thursday,17:23,Suspected Serious Injury,Dusk,Rain,Motor Vehicle-In-Transport On Same Roadway,None,METROPOLITAN NASHVILLE POLICE DEPT,Other,Unbelted,-,-,-,-,-,-,-,-,-,-,-,-,Davidson,Nashville,5