OBJECTID,MRN,Fatality,Injury,Latitude,Longitude,THP_District,Collision_Date,Collision_Year,Collision_Month,Collision_Day,Collision_Hour,Collision_Min,Collision_DOW,Collision_Time,Crash_Type,Light_Condition,Weather,First_Harmfu_Event,Work_Zone_Type,Agency_Name,THP,Unbelted,Distracted_Driver,Driver_Drinking,Driver_Drugged,Drowsy_Driver,Speeding_Involved,Pedalcyclist,Pedestrian,Other_Nonmotorist,ATV_Involved,LargeTruck_Involved,Motorcycle_Involved,SchoolBus,County,City,DOW_Nmb
67660,400217145,0,1,36.17381,-85.51154,6,2025-02-06 20:34:00,2025,2,6,20,34,Thursday,20:34,Suspected Serious Injury,Dark-Lighted,Rain,Pedestrian,None,COOKEVILLE POLICE DEPT,Other,Unbelted,-,-,-,-,-,-,Pedestrian,-,-,-,-,-,Putnam,Cookeville,5
67667,400217163,0,1,36.03906,-86.64961,3,2025-02-07 02:42:00,2025,2,7,2,42,Friday,02:42,Suspected Serious Injury,Dark-Lighted,Clear,Utility Pole,None,METROPOLITAN NASHVILLE POLICE DEPT,Other,Unbelted,-,Drinking,Drug,-,-,-,-,-,-,-,-,-,Davidson,Nashville,6
67669,400217169,0,1,36.00387,-86.81195,3,2025-02-07 00:30:00,2025,2,7,0,30,Friday,00:30,Suspected Serious Injury,Dark-Lighted,Clear,Mail Box,None,BRENTWOOD POLICE DEPT,Other,Unbelted,-,-,-,-,Speeding,-,-,-,-,-,-,-,Williamson,Brentwood,6
67678,400217205,0,2,36.42244,-83.52027,5,2025-02-04 17:28:00,2025,2,4,17,28,Tuesday,17:28,Suspected Serious Injury,Daylight,Clear,Motor Vehicle-In-Transport On Same Roadway,None,CLAIBORNE CO SHERIFFS OFFICE,Other,Unbelted,Distracted,-,-,Drowsy,-,-,-,-,-,-,-,-,Claiborne,Not in City Limit,3
67689,400217249,0,1,35.92031,-88.74791,8,2025-02-07 08:24:00,2025,2,7,8,24,Friday,08:24,Suspected Serious Injury,Daylight,Clear,Pedestrian,None,MILAN POLICE DEPT,Other,Unbelted,-,-,-,-,-,-,Pedestrian,-,-,-,-,-,Gibson,Milan,6
67690,400217261,0,1,35.96988,-86.53146,3,2025-02-07 08:22:00,2025,2,7,8,22,Friday,08:22,Suspected Serious Injury,Daylight,Cloudy,"Over Turn, Roll Over",None,SMYRNA POLICE DEPT,Other,Unbelted,-,-,-,-,-,-,-,-,-,ATV_Involved,-,-,Rutherford,Smyrna,6
67699,400217305,1,2,35.03059,-89.70953,4,2025-02-07 05:00:00,2025,2,7,5,0,Friday,05:00,Fatal,Dark-Not Lighted,Cloudy,Motor Vehicle-In-Transport On Same Roadway,None,COLLIERVILLE POLICE DEPT,Other,Unbelted,-,-,Drug,-,-,-,-,-,-,-,-,-,Shelby,Collierville,6
67702,400217339,0,1,35.0879,-86.5249,7,2025-02-06 09:20:00,2025,2,6,9,20,Thursday,09:20,Suspected Serious Injury,Daylight,Clear,Ditch,None,THP District 7 - Lawrenceburg,THP,Unbelted,-,-,-,-,-,-,-,-,-,-,-,-,Lincoln,Not in City Limit,5
67716,400217446,0,1,36.37839,-82.71559,5,2025-02-07 17:57:00,2025,2,7,17,57,Friday,17:57,Suspected Serious Injury,Dark-Not Lighted,Clear,Ditch,None,THP District 5 - Fall Branch,THP,-,-,-,-,-,-,-,-,-,ATV_Involved,-,-,-,Greene,Not in City Limit,6
67719,400217482,0,1,35.25565,-88.33222,8,2025-02-07 19:05:00,2025,2,7,19,5,Friday,19:05,Suspected Serious Injury,Dark-Not Lighted,Cloudy,Standing Tree,None,THP District 8 - Jackson,THP,Unbelted,-,-,-,-,-,-,-,-,-,-,-,-,Hardin,Not in City Limit,6
67720,400217484,0,1,35.5564,-86.92043,7,2025-02-07 17:30:00,2025,2,7,17,30,Friday,17:30,Suspected Serious Injury,Dark-Not Lighted,Clear,Standing Tree,None,THP District 7 - Lawrenceburg,THP,Unbelted,-,Drinking,-,-,Speeding,-,-,-,-,-,-,-,Maury,Not in City Limit,6
67735,400217577,0,1,35.03269,-85.12596,2,2025-02-08 06:24:00,2025,2,8,6,24,Saturday,06:24,Suspected Serious Injury,Dark-Not Lighted,Clear,Parked Motor Vehicle,None,HAMILTON COUNTY SHERIFF'S OFFICE,Other,Unbelted,Distracted,-,-,-,-,-,-,-,-,-,-,-,Hamilton,Not in City Limit,7
67762,400217754,0,1,35.51562,-84.35468,1,2025-02-08 00:00:00,2025,2,8,24,0,Saturday,24:00,Suspected Serious Injury,,Clear,Embankment Earth,None,MADISONVILLE POLICE DEPT,Other,Unbelted,-,-,-,-,-,-,-,-,-,-,-,-,Monroe,Madisonville,7
67771,400217780,1,0,36.33411,-89.16246,8,2025-02-07 14:27:00,2025,2,7,14,27,Friday,14:27,Fatal,Daylight,Clear,Motor Vehicle-In-Transport On Same Roadway,None,THP District 8 - Jackson,THP,Unbelted,Distracted,-,Drug,-,-,-,-,-,-,ATV_Involved,-,-,Obion,Troy,6
67779,400217807,0,3,35.71605,-84.01616,1,2025-02-08 18:22:00,2025,2,8,18,22,Saturday,18:22,Suspected Serious Injury,Dusk,Clear,Motor Vehicle-In-Transport On Same Roadway,None,MARYVILLE POLICE DEPT,Other,Unbelted,-,-,-,-,-,-,-,-,-,-,-,-,Blount,Maryville,7
67780,400217808,0,2,36.46124,-86.54357,3,2025-02-08 20:07:00,2025,2,8,20,7,Saturday,20:07,Suspected Serious Injury,Dark-Not Lighted,Cloudy,Standing Tree,None,THP District 3 - Nashville,THP,Unbelted,-,-,-,-,Speeding,-,-,-,-,-,-,-,Sumner,Not in City Limit,7
67781,400217823,0,1,36.16332,-86.7621,3,2025-02-08 02:35:00,2025,2,8,2,35,Saturday,02:35,Suspected Serious Injury,Dark-Lighted,Clear,Other Traffic Barrier,Work Zone,METROPOLITAN NASHVILLE POLICE DEPT,Other,Unbelted,-,Drinking,Drug,-,-,-,-,-,-,-,-,-,Davidson,Nashville,7
67782,400217832,0,2,36.07035,-86.735,3,2025-02-08 18:08:00,2025,2,8,18,8,Saturday,18:08,Suspected Serious Injury,Dark-Lighted,Rain,Motor Vehicle-In-Transport On Same Roadway,None,METROPOLITAN NASHVILLE POLICE DEPT,Other,Unbelted,-,-,-,-,Speeding,-,-,-,-,-,-,-,Davidson,Nashville,7
67784,400217852,0,4,36.21911,-86.32004,3,2025-02-08 20:05:00,2025,2,8,20,5,Saturday,20:05,Suspected Serious Injury,,Clear,Motor Vehicle-In-Transport On Same Roadway,None,LEBANON POLICE DEPT,Other,Unbelted,-,-,-,-,-,-,-,-,-,-,-,-,Wilson,Lebanon,7
67787,400217869,0,1,36.11579,-86.69595,3,2025-02-09 01:30:00,2025,2,9,1,30,Sunday,01:30,Suspected Serious Injury,Dark-Lighted,Clear,Motor Vehicle-In-Transport On Same Roadway,None,METROPOLITAN NASHVILLE POLICE DEPT,Other,Unbelted,-,-,-,-,-,-,-,-,-,-,Motorcyclist,-,Davidson,Nashville,1
67790,400217882,0,2,35.32225,-84.52599,2,2025-02-07 19:19:00,2025,2,7,19,19,Friday,19:19,Suspected Serious Injury,Dark-Lighted,Rain,Motor Vehicle-In-Transport On Same Roadway,None,ETOWAH POLICE DEPT,Other,Unbelted,-,-,-,-,-,-,-,-,-,-,-,-,McMinn,Etowah,6
67794,400217895,0,2,35.93065,-83.90113,1,2025-02-09 05:31:00,2025,2,9,5,31,Sunday,05:31,Suspected Serious Injury,Dark-Not Lighted,Rain,Embankment Earth,None,KNOXVILLE POLICE DEPT,Other,Unbelted,-,Drinking,Drug,-,-,-,-,-,-,-,-,-,Knox,Knoxville,1
67801,400217916,0,1,35.19646,-85.24318,2,2025-02-09 00:00:00,2025,2,9,24,0,Sunday,24:00,Suspected Serious Injury,Dark-Lighted,Cloudy,Utility Pole,None,SODDY DAISY POLICE DEPT,Other,Unbelted,-,-,-,-,-,-,-,-,-,-,-,-,Hamilton,Soddy-Daisy,1
67815,400218034,0,2,35.67875,-88.47921,8,2025-02-09 13:50:00,2025,2,9,13,50,Sunday,13:50,Suspected Serious Injury,Daylight,Rain,Motor Vehicle-In-Transport On Same Roadway,None,THP District 8 - Jackson,THP,Unbelted,-,-,-,-,-,-,-,-,-,-,-,-,Henderson,Not in City Limit,1
67819,400218053,0,1,35.54597,-89.28546,4,2025-02-09 14:50:00,2025,2,9,14,50,Sunday,14:50,Suspected Serious Injury,Daylight,Rain,Ditch,None,THP District 4 - Memphis,THP,Unbelted,-,-,-,-,-,-,-,-,-,-,-,-,Haywood,Not in City Limit,1
67822,400218076,0,1,36.50148,-82.82278,5,2025-02-09 16:19:00,2025,2,9,16,19,Sunday,16:19,Suspected Serious Injury,Daylight,Clear,Embankment Earth,None,THP District 5 - Fall Branch,THP,-,-,-,-,-,Speeding,-,-,-,-,-,Motorcyclist,-,Hawkins,Not in City Limit,1
67829,400218102,0,1,35.81476,-84.4004,1,2025-02-08 11:34:00,2025,2,8,11,34,Saturday,11:34,Suspected Serious Injury,Daylight,Clear,Ditch,None,THP District 1 - Knoxville,THP,-,-,-,-,-,-,-,-,-,-,-,Motorcyclist,-,Roane,Not in City Limit,7
67834,400218137,0,2,35.52199,-84.59242,2,2025-02-09 19:20:00,2025,2,9,19,20,Sunday,19:20,Suspected Serious Injury,Dark-Lighted,Rain,"Over Turn, Roll Over",None,THP District 2 - Chattanooga,THP,Unbelted,-,Drinking,Drug,-,-,-,-,-,-,-,-,-,McMinn,Not in City Limit,1
67850,400218212,0,1,35.99897,-84.02975,1,2025-02-10 06:10:00,2025,2,10,6,10,Monday,06:10,Suspected Serious Injury,Dark-Not Lighted,Clear,Utility Pole,None,KNOX CO SHERIFFS OFFICE,Other,Unbelted,-,-,-,-,-,-,-,-,-,-,-,-,Knox,Not in City Limit,2
67861,400218273,0,1,35.47237,-88.69325,8,2025-02-10 07:54:00,2025,2,10,7,54,Monday,07:54,Suspected Serious Injury,Daylight,Cloudy,Motor Vehicle-In-Transport On Same Roadway,None,HENDERSON POLICE DEPT,Other,Unbelted,-,-,-,-,-,-,-,-,-,ATV_Involved,-,-,Chester,Henderson,2
67867,400218309,0,2,35.92959,-86.84214,3,2025-02-10 07:48:00,2025,2,10,7,48,Monday,07:48,Suspected Serious Injury,Daylight,Clear,Motor Vehicle-In-Transport On Same Roadway,None,FRANKLIN POLICE DEPT,Other,Unbelted,-,-,-,-,-,-,-,-,-,-,-,-,Williamson,Franklin,2
67869,400218317,0,1,36.2498,-84.182,1,2025-02-10 10:10:00,2025,2,10,10,10,Monday,10:10,Suspected Serious Injury,Daylight,Clear,Traffic Signal Support,None,THP District 1 - Knoxville,THP,Unbelted,-,-,-,-,-,-,-,-,-,ATV_Involved,-,-,Campbell,Not in City Limit,2
67882,400218423,0,4,35.59709,-84.49999,1,2025-02-10 15:08:00,2025,2,10,15,8,Monday,15:08,Suspected Serious Injury,Daylight,Clear,Motor Vehicle-In-Transport On Same Roadway,None,SWEETWATER POLICE DEPT,Other,Unbelted,-,-,-,-,-,-,-,-,-,-,-,-,Monroe,Sweetwater,2
67899,400218541,0,1,35.50802,-83.96095,1,2025-02-07 13:35:00,2025,2,7,13,35,Friday,13:35,Suspected Serious Injury,Daylight,Clear,Other Non-Collision,None,THP District 1 - Knoxville,THP,-,-,-,-,-,-,-,-,-,-,-,Motorcyclist,-,Blount,Not in City Limit,6
67905,400218571,1,2,36.06818,-86.71912,3,2025-02-10 17:56:00,2025,2,10,17,56,Monday,17:56,Fatal,Dark-Lighted,Clear,Motor Vehicle-In-Transport On Same Roadway,None,METROPOLITAN NASHVILLE POLICE DEPT,Other,Unbelted,-,-,-,-,-,-,-,-,-,-,Motorcyclist,-,Davidson,Nashville,2
67908,400218590,0,2,36.0179,-86.5783,3,2025-02-10 23:08:00,2025,2,10,23,8,Monday,23:08,Suspected Serious Injury,Dark-Lighted,Rain,Motor Vehicle-In-Transport On Same Roadway,None,LAVERGNE POLICE DEPT,Other,Unbelted,-,-,-,-,Speeding,-,-,-,-,-,-,-,Rutherford,Lavergne,2
67910,400218607,0,1,36.03689,-86.60006,3,2025-02-10 23:23:00,2025,2,10,23,23,Monday,23:23,Suspected Serious Injury,Dark-Lighted,Rain,Motor Vehicle-In-Transport On Same Roadway,None,METROPOLITAN NASHVILLE POLICE DEPT,Other,Unbelted,-,-,-,-,-,-,-,-,-,-,-,-,Davidson,Nashville,2
67911,400218611,0,1,35.4796,-86.98176,7,2025-02-10 01:38:00,2025,2,10,1,38,Monday,01:38,Suspected Serious Injury,Dark-Not Lighted,Clear,Bridge Rail,None,THP District 7 - Lawrenceburg,THP,Unbelted,-,Drinking,-,-,-,-,-,-,-,-,-,-,Maury,Not in City Limit,2
67928,400218705,0,2,36.16302,-83.21514,5,2025-02-11 08:20:00,2025,2,11,8,20,Tuesday,08:20,Suspected Serious Injury,Other,Rain,Motor Vehicle-In-Transport On Same Roadway,None,MORRISTOWN POLICE DEPT,Other,Unbelted,-,-,-,-,-,-,-,-,-,-,-,-,Hamblen,Morristown,3
67946,400218785,0,2,35.22368,-85.87267,2,2025-02-11 08:07:00,2025,2,11,8,7,Tuesday,08:07,Suspected Serious Injury,Daylight,Rain,Motor Vehicle-In-Transport On Same Roadway,None,THP District 2 - Chattanooga,THP,Unbelted,-,-,-,-,Speeding,-,-,-,-,-,-,-,Grundy,Monteagle,3
67949,400218817,0,2,35.49193,-86.8243,7,2025-02-11 09:30:00,2025,2,11,9,30,Tuesday,09:30,Suspected Serious Injury,Daylight,Rain,Motor Vehicle-In-Transport On Same Roadway,None,THP District 7 - Lawrenceburg,THP,Unbelted,-,-,-,-,-,-,-,-,-,-,-,-,Marshall,Not in City Limit,3
67970,400218946,0,1,35.67253,-88.83255,8,2025-02-11 13:45:00,2025,2,11,13,45,Tuesday,13:45,Suspected Serious Injury,Daylight,Rain,Pedestrian,None,JACKSON POLICE DEPT,Other,Unbelted,-,-,-,-,-,-,Pedestrian,-,-,-,-,-,Madison,Jackson,3
67984,400219046,0,1,35.086,-89.76466,4,2025-02-11 15:44:00,2025,2,11,15,44,Tuesday,15:44,Suspected Serious Injury,Daylight,Cloudy,Pedestrian,None,GERMANTOWN POLICE DEPT,Other,Unbelted,-,-,-,-,-,-,Pedestrian,-,-,-,-,-,Shelby,Germantown,3
67991,400219089,0,1,36.03753,-83.3733,5,2025-02-11 18:50:00,2025,2,11,18,50,Tuesday,18:50,Suspected Serious Injury,Dark-Not Lighted,Rain,Motor Vehicle-In-Transport On Same Roadway,None,THP District 5 - Fall Branch,THP,Unbelted,-,-,-,-,-,-,-,-,-,-,-,-,Jefferson,Not in City Limit,3
67992,400219091,0,1,36.34282,-83.74233,5,2025-02-06 23:54:00,2025,2,6,23,54,Thursday,23:54,Suspected Serious Injury,Dark-Not Lighted,Clear,Standing Tree,None,THP District 5 - Fall Branch,THP,Unbelted,-,-,Drug,-,-,-,-,-,-,-,-,-,Union,Not in City Limit,5
68006,400219159,0,1,35.68085,-88.76756,8,2025-02-11 08:23:00,2025,2,11,8,23,Tuesday,08:23,Suspected Serious Injury,Dark-Lighted,Cloudy,Motor Vehicle-In-Transport On Same Roadway,None,THP District 8 - Jackson,THP,Unbelted,Distracted,-,-,-,-,-,-,-,-,ATV_Involved,-,-,Madison,Jackson,3
68012,400219200,0,1,36.21137,-83.829,5,2025-02-12 01:20:00,2025,2,12,1,20,Wednesday,01:20,Suspected Serious Injury,Dark-Not Lighted,Rain,"Over Turn, Roll Over",None,THP District 5 - Fall Branch,THP,Unbelted,-,Drinking,-,-,-,-,-,-,-,-,-,-,Union,Not in City Limit,4
68013,400219208,0,2,35.53487,-87.0898,7,2025-02-11 20:14:00,2025,2,11,20,14,Tuesday,20:14,Suspected Serious Injury,Dark-Not Lighted,Cloudy,Standing Tree,None,THP District 7 - Lawrenceburg,THP,Unbelted,-,-,-,-,-,-,-,-,-,-,-,-,Maury,Not in City Limit,3
68015,400219214,0,1,35.24427,-88.61824,8,2025-02-12 02:15:00,2025,2,12,2,15,Wednesday,02:15,Suspected Serious Injury,Dark-Not Lighted,Rain,"Over Turn, Roll Over",None,THP District 8 - Jackson,THP,-,Distracted,-,-,-,Speeding,-,-,-,-,-,Motorcyclist,-,McNairy,Bethel Springs,4
68020,400219231,1,1,35.62523,-86.8176,7,2025-02-11 07:00:00,2025,2,11,7,0,Tuesday,07:00,Fatal,Daylight,Rain,Motor Vehicle-In-Transport On Same Roadway,None,THP District 7 - Lawrenceburg,THP,Unbelted,-,-,Drug,-,-,-,-,-,-,-,-,-,Marshall,Not in City Limit,3
68040,400219339,0,2,35.83444,-86.25494,3,2025-02-08 17:12:00,2025,2,8,17,12,Saturday,17:12,Suspected Serious Injury,Dark-Not Lighted,Cloudy,Ditch,None,RUTHERFORD CO SHERIFFS DEPT,Other,Unbelted,Distracted,Drinking,Drug,-,Speeding,-,-,-,-,-,-,-,Rutherford,Not in City Limit,7
68078,400219559,0,1,35.94473,-83.91167,1,2025-02-12 18:34:00,2025,2,12,18,34,Wednesday,18:34,Suspected Serious Injury,Dark-Lighted,Rain,Pedestrian,None,KNOXVILLE POLICE DEPT,Other,Unbelted,-,-,-,-,-,-,Pedestrian,-,-,-,-,-,Knox,Knoxville,4
68079,400219563,0,1,35.01975,-88.66199,8,2025-02-12 16:01:00,2025,2,12,16,1,Wednesday,16:01,Suspected Serious Injury,Daylight,Rain,Motor Vehicle-In-Transport On Same Roadway,None,THP District 8 - Jackson,THP,Unbelted,-,-,-,-,-,-,-,-,-,-,-,Direct,McNairy,Not in City Limit,4
68088,400219606,0,3,35.35336,-84.90721,2,2025-02-11 20:47:00,2025,2,11,20,47,Tuesday,20:47,Suspected Serious Injury,Dark-Not Lighted,Rain,Motor Vehicle-In-Transport On Same Roadway,None,THP District 2 - Chattanooga,THP,Unbelted,-,Drinking,Drug,-,-,-,-,-,-,-,-,-,Meigs,Not in City Limit,3
68096,400219651,0,1,36.45929,-86.63294,3,2025-02-09 19:18:00,2025,2,9,19,18,Sunday,19:18,Suspected Serious Injury,Dark-Unknown Lighting,Rain,Pedestrian,None,WHITE HOUSE POLICE DEPT,Other,Unbelted,-,-,-,-,-,-,Pedestrian,-,-,-,-,-,Sumner,White House,1
68097,400219652,0,1,35.98196,-86.37626,3,2025-02-12 16:21:00,2025,2,12,16,21,Wednesday,16:21,Suspected Serious Injury,Daylight,Rain,Motor Vehicle-In-Transport On Same Roadway,None,THP District 3 - Nashville,THP,Unbelted,-,-,-,-,-,-,-,-,-,-,Motorcyclist,Direct,Rutherford,Not in City Limit,4
68099,400219656,0,3,36.37662,-86.47188,3,2024-10-27 23:05:00,2024,10,27,23,5,Sunday,23:05,Suspected Serious Injury,Dark-Lighted,Clear,Motor Vehicle-In-Transport On Same Roadway,None,THP District 3 - Nashville,THP,Unbelted,-,-,-,-,-,-,-,-,-,-,-,-,Sumner,Gallatin,1
68117,400219773,0,1,35.32185,-84.73426,2,2025-02-13 06:11:00,2025,2,13,6,11,Thursday,06:11,Suspected Serious Injury,Dark-Not Lighted,Rain,Standing Tree,None,THP District 2 - Chattanooga,THP,Unbelted,-,-,-,-,Speeding,-,-,-,-,-,-,-,McMinn,Not in City Limit,5
68120,400219791,0,2,35.59849,-87.95195,7,2025-02-12 09:17:00,2025,2,12,9,17,Wednesday,09:17,Suspected Serious Injury,Daylight,Rain,Motor Vehicle-In-Transport On Same Roadway,None,THP District 7 - Lawrenceburg,THP,Unbelted,Distracted,-,-,-,-,-,-,-,-,-,-,-,Perry,Not in City Limit,4
68134,400219857,0,3,35.85725,-83.95997,1,2025-02-13 08:01:00,2025,2,13,8,1,Thursday,08:01,Suspected Serious Injury,Daylight,Cloudy,Motor Vehicle-In-Transport On Same Roadway,None,ALCOA POLICE DEPARTMENT,Other,Unbelted,-,-,-,-,-,-,-,-,-,-,Motorcyclist,-,Blount,Alcoa,5
68136,400219870,0,2,35.97445,-83.22746,5,2025-02-13 12:00:00,2025,2,13,12,0,Thursday,12:00,Suspected Serious Injury,Daylight,Cloudy,Motor Vehicle-In-Transport On Same Roadway,None,NEWPORT POLICE DEPT,Other,Unbelted,-,-,-,-,-,-,-,-,-,-,-,-,Cocke,Newport,5
68144,400219935,0,1,36.16702,-83.21816,5,2025-02-13 15:19:00,2025,2,13,15,19,Thursday,15:19,Suspected Serious Injury,Daylight,Clear,"Over Turn, Roll Over",None,THP District 5 - Fall Branch,THP,Unbelted,-,-,-,-,-,-,-,-,-,ATV_Involved,-,-,Hamblen,Not in City Limit,5
68163,400220062,0,2,35.04139,-85.5817,2,2025-02-13 16:42:00,2025,2,13,16,42,Thursday,16:42,Suspected Serious Injury,Daylight,Cloudy,Motor Vehicle-In-Transport On Same Roadway,None,THP District 2 - Chattanooga,THP,Unbelted,-,-,-,-,-,-,-,-,-,-,-,-,Marion,Jasper,5
68167,400220096,0,1,35.08945,-86.41699,7,2025-02-13 18:12:00,2025,2,13,18,12,Thursday,18:12,Suspected Serious Injury,Dark-Not Lighted,Clear,Pedestrian,None,THP District 7 - Lawrenceburg,THP,Unbelted,-,-,Drug,-,-,-,Pedestrian,-,-,-,-,-,Lincoln,Not in City Limit,5
68175,400220142,0,2,35.51993,-84.35527,1,2025-02-13 23:01:00,2025,2,13,23,1,Thursday,23:01,Suspected Serious Injury,Dark-Lighted,Clear,Motor Vehicle-In-Transport On Different Roadway,None,MADISONVILLE POLICE DEPT,Other,Unbelted,-,-,-,-,-,-,-,-,-,-,-,-,Monroe,Madisonville,5
68177,400220169,0,1,36.14235,-83.79092,1,2025-02-14 04:50:00,2025,2,14,4,50,Friday,04:50,Suspected Serious Injury,Dark-Not Lighted,Clear,Fence,None,THP District 1 - Knoxville,THP,Unbelted,-,-,-,-,-,-,-,-,-,-,-,-,Knox,Not in City Limit,6
68188,400220235,1,1,35.34856,-84.44584,2,2025-02-13 13:00:00,2025,2,13,13,0,Thursday,13:00,Fatal,Daylight,Clear,Motor Vehicle-In-Transport On Same Roadway,None,THP District 2 - Chattanooga,THP,Unbelted,-,-,Drug,-,-,-,-,-,-,-,-,-,McMinn,Not in City Limit,5
68206,400220312,0,2,35.52906,-88.77725,8,2025-02-14 11:43:00,2025,2,14,11,43,Friday,11:43,Suspected Serious Injury,Daylight,Clear,Utility Pole,None,THP District 8 - Jackson,THP,Unbelted,-,-,-,-,-,-,-,-,-,-,-,-,Madison,Not in City Limit,6
68231,400220525,0,1,36.19981,-85.5116,6,2025-02-13 23:06:00,2025,2,13,23,6,Thursday,23:06,Suspected Serious Injury,Dark-Not Lighted,Clear,Pedal-Cycle,None,THP District 6 - Cookeville,THP,Unbelted,-,-,-,-,-,Pedalcyclist,-,-,-,-,-,-,Putnam,Not in City Limit,5
68234,400220546,0,1,36.12388,-82.4301,5,2025-02-14 20:11:00,2025,2,14,20,11,Friday,20:11,Suspected Serious Injury,Dark-Not Lighted,Clear,Standing Tree,None,THP District 5 - Fall Branch,THP,Unbelted,-,Drinking,Drug,-,-,-,-,-,-,-,-,-,Unicoi,Not in City Limit,6
68242,400220575,2,0,36.51663,-86.50735,3,2025-02-14 14:11:00,2025,2,14,14,11,Friday,14:11,Fatal,Daylight,Cloudy,Motor Vehicle-In-Transport On Same Roadway,None,THP District 3 - Nashville,THP,Unbelted,-,-,-,-,-,-,-,-,-,-,-,-,Sumner,Not in City Limit,6
68246,400220584,0,1,35.81595,-88.19869,8,2025-02-14 17:43:00,2025,2,14,17,43,Friday,17:43,Suspected Serious Injury,Dark-Not Lighted,Clear,Motor Vehicle-In-Transport On Same Roadway,None,THP District 8 - Jackson,THP,Unbelted,-,-,-,-,-,-,-,-,-,ATV_Involved,-,-,Henderson,Not in City Limit,6
68248,400220588,0,3,36.04038,-86.76964,3,2025-02-14 20:06:00,2025,2,14,20,6,Friday,20:06,Suspected Serious Injury,Dark-Lighted,Clear,Motor Vehicle-In-Transport On Same Roadway,None,METROPOLITAN NASHVILLE POLICE DEPT,Other,Unbelted,-,-,-,-,-,-,-,-,-,-,-,-,Davidson,Nashville,6
68258,400220636,0,2,36.12749,-86.62953,3,2025-02-14 23:40:00,2025,2,14,23,40,Friday,23:40,Suspected Serious Injury,Dark-Lighted,Cloudy,Motor Vehicle-In-Transport On Same Roadway,None,METROPOLITAN NASHVILLE POLICE DEPT,Other,Unbelted,-,-,-,-,-,-,-,-,-,-,-,-,Davidson,Nashville,6
68262,400220648,0,1,35.25165,-86.99628,7,2025-02-15 01:03:00,2025,2,15,1,3,Saturday,01:03,Suspected Serious Injury,Dark-Not Lighted,Cloudy,Standing Tree,None,THP District 7 - Lawrenceburg,THP,Unbelted,-,-,-,Drowsy,-,-,-,-,-,-,-,-,Giles,Not in City Limit,7
68264,400220655,0,2,35.75167,-83.98593,1,2025-02-15 02:04:00,2025,2,15,2,4,Saturday,02:04,Suspected Serious Injury,Dark-Lighted,Cloudy,Curb,None,MARYVILLE POLICE DEPT,Other,Unbelted,-,Drinking,Drug,-,Speeding,-,-,-,-,-,-,-,Blount,Maryville,7
68277,400220715,0,1,35.14032,-84.99096,2,2025-02-14 09:32:00,2025,2,14,9,32,Friday,09:32,Suspected Serious Injury,Daylight,Clear,Motor Vehicle-In-Transport On Different Roadway,None,THP District 2 - Chattanooga,THP,Unbelted,-,-,-,-,-,-,-,-,-,-,-,-,Bradley,Not in City Limit,6
68279,400220720,0,1,35.43569,-85.07988,2,2025-02-09 10:00:00,2025,2,9,10,0,Sunday,10:00,Suspected Serious Injury,Daylight,Clear,Pedal-Cycle,None,THP District 2 - Chattanooga,THP,Unbelted,-,-,-,-,-,Pedalcyclist,-,-,-,-,-,-,Rhea,Not in City Limit,1
68281,400220736,0,1,35.42958,-87.32656,7,2025-02-15 04:00:00,2025,2,15,4,0,Saturday,04:00,Suspected Serious Injury,Dark-Not Lighted,Rain,Embankment Earth,None,THP District 7 - Lawrenceburg,THP,Unbelted,-,-,-,-,-,-,-,-,-,-,-,-,Lawrence,Not in City Limit,7
68286,400220772,0,2,36.12043,-86.77342,3,2025-02-15 10:15:00,2025,2,15,10,15,Saturday,10:15,Suspected Serious Injury,Daylight,Rain,Embankment Earth,None,METROPOLITAN NASHVILLE POLICE DEPT,Other,Unbelted,-,-,-,-,-,-,-,-,-,-,-,-,Davidson,Berry Hill,7
68288,400220788,0,1,35.99635,-85.11112,6,2025-02-14 13:13:00,2025,2,14,13,13,Friday,13:13,Suspected Serious Injury,Daylight,Clear,Motor Vehicle-In-Transport On Same Roadway,None,THP District 6 - Cookeville,THP,Unbelted,-,-,-,-,-,-,-,-,-,-,-,-,Cumberland,Not in City Limit,6
68299,400220827,1,2,35.9892,-84.42683,1,2025-02-14 15:17:00,2025,2,14,15,17,Friday,15:17,Fatal,Daylight,Clear,Motor Vehicle-In-Transport On Same Roadway,None,THP District 1 - Knoxville,THP,Unbelted,-,-,-,-,-,-,-,-,-,-,-,-,Roane,Not in City Limit,6
68314,400220885,0,2,35.98659,-84.04545,1,2025-02-15 17:41:00,2025,2,15,17,41,Saturday,17:41,Suspected Serious Injury,Dusk,Rain,Motor Vehicle-In-Transport On Same Roadway,None,KNOX CO SHERIFFS OFFICE,Other,Unbelted,-,-,-,-,-,-,-,-,-,-,-,-,Knox,Not in City Limit,7
68317,400220905,0,1,35.12042,-84.50688,2,2025-02-15 18:19:00,2025,2,15,18,19,Saturday,18:19,Suspected Serious Injury,Dusk,Cloudy,Standing Tree,None,THP District 2 - Chattanooga,THP,Unbelted,-,-,-,-,Speeding,-,-,-,-,-,-,-,Polk,Not in City Limit,7