OBJECTID,MRN,Fatality,Injury,Latitude,Longitude,THP_District,Collision_Date,Collision_Year,Collision_Month,Collision_Day,Collision_Hour,Collision_Min,Collision_DOW,Collision_Time,Crash_Type,Light_Condition,Weather,First_Harmfu_Event,Work_Zone_Type,Agency_Name,THP,Unbelted,Distracted_Driver,Driver_Drinking,Driver_Drugged,Drowsy_Driver,Speeding_Involved,Pedalcyclist,Pedestrian,Other_Nonmotorist,ATV_Involved,LargeTruck_Involved,Motorcycle_Involved,SchoolBus,County,City,DOW_Nmb
68324,400220926,0,1,36.61574,-86.93972,3,2025-02-15 19:01:00,2025,2,15,19,1,Saturday,19:01,Suspected Serious Injury,Dark-Not Lighted,Rain,Embankment Earth,None,THP District 3 - Nashville,THP,Unbelted,-,-,-,-,-,-,-,-,-,-,-,-,Robertson,Not in City Limit,7
68373,400221182,0,1,35.87872,-87.84729,3,2025-02-15 23:22:00,2025,2,15,23,22,Saturday,23:22,Suspected Serious Injury,Dark-Not Lighted,Rain,Guard Rail End,Construction Zone,THP District 3 - Nashville,THP,Unbelted,-,-,-,-,-,-,-,-,-,-,-,-,Humphreys,Not in City Limit,7
68390,400221275,0,3,36.19472,-86.77203,3,2025-02-16 18:44:00,2025,2,16,18,44,Sunday,18:44,Suspected Serious Injury,Dark-Lighted,Clear,Motor Vehicle-In-Transport On Same Roadway,None,METROPOLITAN NASHVILLE POLICE DEPT,Other,Unbelted,-,Drinking,-,-,-,-,-,-,-,-,-,-,Davidson,Nashville,1
68392,400221285,0,2,36.55375,-86.04268,6,2025-02-16 18:10:00,2025,2,16,18,10,Sunday,18:10,Suspected Serious Injury,Dark-Not Lighted,Cloudy,Motor Vehicle-In-Transport On Same Roadway,None,THP District 6 - Cookeville,THP,Unbelted,Distracted,-,-,-,-,-,-,-,-,-,-,-,Macon,Not in City Limit,1
68405,400221332,0,6,35.8117,-86.36965,3,2025-02-16 23:03:00,2025,2,16,23,3,Sunday,23:03,Suspected Serious Injury,Dark-Lighted,Clear,Motor Vehicle-In-Transport On Same Roadway,None,THP District 3 - Nashville,THP,Unbelted,-,-,-,-,-,-,-,-,-,-,-,-,Rutherford,Murfreesboro,1
68408,400221351,0,2,36.37955,-86.46591,3,2025-02-16 07:03:00,2025,2,16,7,3,Sunday,07:03,Suspected Serious Injury,Dawn,Cloudy,Utility Pole,None,THP District 3 - Nashville,THP,Unbelted,-,-,-,-,Speeding,-,-,-,-,-,-,-,Sumner,Gallatin,1
68420,400221407,0,2,35.99438,-87.43975,3,2025-02-16 04:42:00,2025,2,16,4,42,Sunday,04:42,Suspected Serious Injury,Dark-Not Lighted,Cloudy,Shrubbery,None,THP District 3 - Nashville,THP,Unbelted,-,-,-,-,-,-,-,-,-,-,-,-,Dickson,Not in City Limit,1
68421,400221409,1,1,35.0893,-88.89846,4,2025-02-16 01:12:00,2025,2,16,1,12,Sunday,01:12,Fatal,Dark-Not Lighted,Rain,"Over Turn, Roll Over",None,THP District 4 - Memphis,THP,-,-,Drinking,-,-,-,-,-,-,-,-,-,-,Hardeman,Not in City Limit,1
68423,400221429,1,0,36.28252,-85.99026,6,2025-02-17 10:51:00,2025,2,17,10,51,Monday,10:51,Fatal,Daylight,Clear,Other Fixed Object,None,THP District 6 - Cookeville,THP,Unbelted,-,-,-,-,-,-,-,-,-,-,-,-,Smith,Not in City Limit,2
68425,400221440,0,1,35.5612,-86.28931,7,2025-02-17 12:10:00,2025,2,17,12,10,Monday,12:10,Suspected Serious Injury,Daylight,Clear,Standing Tree,None,THP District 7 - Lawrenceburg,THP,Unbelted,-,-,-,-,-,-,-,-,-,-,-,-,Bedford,Not in City Limit,2
68426,400221442,0,4,36.04137,-86.77761,3,2025-02-17 10:22:00,2025,2,17,10,22,Monday,10:22,Suspected Serious Injury,Daylight,Clear,Motor Vehicle-In-Transport On Same Roadway,None,METROPOLITAN NASHVILLE POLICE DEPT,Other,Unbelted,-,-,Drug,-,-,-,-,-,-,-,-,-,Davidson,Nashville,2
68452,400221582,0,1,35.64122,-88.92117,8,2025-02-17 15:33:00,2025,2,17,15,33,Monday,15:33,Suspected Serious Injury,Daylight,Cloudy,Motor Vehicle-In-Transport On Same Roadway,None,THP District 8 - Jackson,THP,Unbelted,-,-,-,-,-,-,-,-,-,-,-,-,Madison,Not in City Limit,2
68455,400221594,0,2,35.85772,-83.95984,1,2025-02-17 18:18:00,2025,2,17,18,18,Monday,18:18,Suspected Serious Injury,Daylight,Clear,Motor Vehicle-In-Transport On Different Roadway,None,ALCOA POLICE DEPARTMENT,Other,Unbelted,-,-,-,-,-,-,-,-,-,-,-,-,Blount,Alcoa,2
68463,400221642,0,1,36.16065,-86.77803,3,2025-02-17 00:00:00,2025,2,17,24,0,Monday,24:00,Suspected Serious Injury,Dark-Lighted,Clear,Pedestrian,None,METROPOLITAN NASHVILLE POLICE DEPT,Other,Unbelted,-,-,-,-,-,-,Pedestrian,-,-,-,-,-,Davidson,Nashville,2
68470,400221694,1,0,35.03183,-89.70476,4,2025-02-17 22:28:00,2025,2,17,22,28,Monday,22:28,Fatal,Dark-Not Lighted,Clear,Motor Vehicle-In-Transport On Same Roadway,None,COLLIERVILLE POLICE DEPT,Other,Unbelted,Distracted,-,-,-,-,-,-,-,-,-,-,-,Shelby,Collierville,2
68489,400221809,1,0,35.71399,-84.26538,1,2025-02-18 12:20:00,2025,2,18,12,20,Tuesday,12:20,Fatal,Daylight,Clear,Standing Tree,None,LOUDON CO SHERIFFS DEPT,Other,Unbelted,-,-,-,-,-,-,-,-,-,-,-,-,Loudon,Not in City Limit,3
68492,400221838,0,1,35.6847,-89.39476,4,2025-02-18 11:57:00,2025,2,18,11,57,Tuesday,11:57,Suspected Serious Injury,Daylight,Clear,Standing Tree,None,THP District 4 - Memphis,THP,Unbelted,-,-,-,-,-,-,-,-,-,-,-,-,Haywood,Not in City Limit,3
68498,400221871,1,1,35.51743,-84.35907,1,2025-02-18 14:27:00,2025,2,18,14,27,Tuesday,14:27,Fatal,Daylight,Clear,Motor Vehicle-In-Transport On Same Roadway,None,MADISONVILLE POLICE DEPT,Other,Unbelted,-,-,-,-,-,-,-,-,-,-,-,-,Monroe,Madisonville,3
68500,400221875,0,2,35.69596,-88.82977,8,2025-02-18 11:47:00,2025,2,18,11,47,Tuesday,11:47,Suspected Serious Injury,Daylight,Clear,Motor Vehicle-In-Transport On Same Roadway,None,JACKSON POLICE DEPT,Other,Unbelted,-,-,-,-,-,-,-,-,-,-,-,-,Madison,Jackson,3
68502,400221877,0,1,35.17084,-84.80776,2,2025-02-18 12:35:00,2025,2,18,12,35,Tuesday,12:35,Suspected Serious Injury,Daylight,Clear,Utility Pole,None,THP District 2 - Chattanooga,THP,Unbelted,-,-,-,-,-,-,-,-,-,-,-,-,Bradley,Not in City Limit,3
68515,400221946,0,2,35.03418,-88.44777,8,2025-02-16 17:48:00,2025,2,16,17,48,Sunday,17:48,Suspected Serious Injury,Dark-Not Lighted,Cloudy,Motor Vehicle-In-Transport On Same Roadway,None,THP District 8 - Jackson,THP,Unbelted,-,-,Drug,-,-,-,-,-,-,-,-,-,McNairy,Not in City Limit,1
68526,400222011,0,1,36.30127,-86.81216,3,2025-02-18 00:00:00,2025,2,18,24,0,Tuesday,24:00,Suspected Serious Injury,Daylight,Cloudy,Bridge/Pier Abutment,None,METROPOLITAN NASHVILLE POLICE DEPT,Other,Unbelted,-,-,-,-,Speeding,-,-,-,-,-,-,-,Davidson,Nashville,3
68529,400222024,0,2,36.30925,-86.665,3,2025-02-17 02:37:00,2025,2,17,2,37,Monday,02:37,Suspected Serious Injury,Dark-Lighted,Clear,Ditch,None,HENDERSONVILLE POLICE DEPT,Other,Unbelted,Distracted,-,-,-,Speeding,-,-,-,-,-,-,-,Sumner,Hendersonville,2
68550,400222096,0,1,36.10056,-86.73992,3,2025-02-19 00:15:00,2025,2,19,0,15,Wednesday,00:15,Suspected Serious Injury,Dark-Lighted,Cloudy,Utility Pole,None,METROPOLITAN NASHVILLE POLICE DEPT,Other,Unbelted,-,-,-,-,-,-,-,-,-,-,-,-,Davidson,Nashville,4
68586,400222360,1,0,35.30777,-84.96795,2,2025-02-19 06:17:00,2025,2,19,6,17,Wednesday,06:17,Fatal,Dark-Not Lighted,Snow,Standing Tree,None,THP District 2 - Chattanooga,THP,Unbelted,-,-,-,-,Speeding,-,-,-,-,-,-,-,Hamilton,Not in City Limit,4
68609,400222469,1,3,36.18214,-88.54578,8,2025-02-19 08:26:00,2025,2,19,8,26,Wednesday,08:26,Fatal,Daylight,Snow,Motor Vehicle-In-Transport On Same Roadway,None,THP District 8 - Jackson,THP,Unbelted,-,-,Drug,-,Speeding,-,-,-,-,-,-,-,Weakley,Not in City Limit,4
68614,400222492,0,3,35.68017,-84.3983,1,2025-02-19 16:00:00,2025,2,19,16,0,Wednesday,16:00,Suspected Serious Injury,Daylight,Cloudy,Motor Vehicle-In-Transport On Same Roadway,None,THP District 1 - Knoxville,THP,Unbelted,-,-,-,-,-,-,-,-,-,-,-,-,Loudon,Philadelphia,4
68619,400222504,0,3,35.55982,-88.81304,8,2025-02-19 16:20:00,2025,2,19,16,20,Wednesday,16:20,Suspected Serious Injury,Daylight,Snow,Motor Vehicle-In-Transport On Same Roadway,None,JACKSON POLICE DEPT,Other,Unbelted,-,Drinking,-,-,-,-,-,-,-,-,-,-,Madison,Jackson,4
68623,400222528,0,3,36.02348,-84.25722,1,2025-02-18 21:07:00,2025,2,18,21,7,Tuesday,21:07,Suspected Serious Injury,Dark-Not Lighted,Clear,Standing Tree,None,OAK RIDGE POLICE DEPT,Other,Unbelted,-,Drinking,Drug,-,Speeding,-,-,-,-,-,-,-,Anderson,Oak Ridge,3
68625,400222531,0,2,35.75524,-85.05655,2,2025-02-19 00:20:00,2025,2,19,0,20,Wednesday,00:20,Suspected Serious Injury,Dark-Not Lighted,Blowing Snow,Culvert,None,THP District 2 - Chattanooga,THP,Unbelted,Distracted,-,-,Drowsy,-,-,-,-,-,-,-,-,Bledsoe,Not in City Limit,4
68628,400222552,0,1,35.22996,-84.92647,2,2025-02-18 00:00:00,2025,2,18,24,0,Tuesday,24:00,Suspected Serious Injury,Dark-Not Lighted,Clear,Embankment Earth,None,THP District 2 - Chattanooga,THP,Unbelted,-,Drinking,-,-,-,-,-,-,-,-,-,-,Bradley,Not in City Limit,3
68631,400222572,0,1,36.31327,-82.28998,5,2025-02-19 22:54:00,2025,2,19,22,54,Wednesday,22:54,Suspected Serious Injury,Dark-Lighted,Freezing Rain/Freezing Drizzle,Embankment Earth,None,ELIZABETHTON POLICE DEPT,Other,Unbelted,-,-,-,-,-,-,-,-,-,-,-,-,Carter,Elizabethton,4
68637,400222599,0,2,36.05592,-86.4315,3,2025-02-19 20:12:00,2025,2,19,20,12,Wednesday,20:12,Suspected Serious Injury,Dark-Not Lighted,Clear,Motor Vehicle-In-Transport On Same Roadway,None,THP District 3 - Nashville,THP,Unbelted,-,-,-,-,-,-,-,-,-,-,-,-,Wilson,Not in City Limit,4
68640,400222634,0,2,35.76474,-88.96916,4,2025-02-16 21:03:00,2025,2,16,21,3,Sunday,21:03,Suspected Serious Injury,Dark-Not Lighted,Clear,"Over Turn, Roll Over",None,THP District 4 - Memphis,THP,Unbelted,-,Drinking,-,-,-,-,-,-,-,-,-,-,Crockett,Not in City Limit,1
68646,400222688,1,0,35.41829,-86.01695,2,2025-02-20 06:02:00,2025,2,20,6,2,Thursday,06:02,Fatal,Dark-Not Lighted,Snow,Pedestrian,None,THP District 2 - Chattanooga,THP,Unbelted,-,-,-,-,-,-,Pedestrian,-,-,-,-,-,Coffee,Not in City Limit,5
68650,400222707,0,1,35.09897,-84.60846,2,2025-02-20 09:03:00,2025,2,20,9,3,Thursday,09:03,Suspected Serious Injury,Daylight,Snow,Motor Vehicle-In-Transport On Same Roadway,None,THP District 2 - Chattanooga,THP,Unbelted,-,-,-,-,-,-,-,-,-,ATV_Involved,-,-,Polk,Not in City Limit,5
68654,400222733,0,2,35.95319,-86.81209,3,2025-02-19 11:58:00,2025,2,19,11,58,Wednesday,11:58,Suspected Serious Injury,Daylight,Snow,Motor Vehicle-In-Transport On Same Roadway,None,THP District 3 - Nashville,THP,Unbelted,-,-,-,-,Speeding,-,-,-,-,-,-,-,Williamson,Franklin,4
68655,400222740,0,3,35.08953,-85.31225,2,2025-02-20 11:56:00,2025,2,20,11,56,Thursday,11:56,Suspected Serious Injury,Daylight,Clear,Motor Vehicle-In-Transport On Same Roadway,None,RED BANK POLICE DEPT,Other,Unbelted,Distracted,-,-,-,-,-,-,-,-,-,-,-,Hamilton,Red Bank,5
68669,400222815,0,1,35.15471,-84.84444,2,2025-02-19 18:14:00,2025,2,19,18,14,Wednesday,18:14,Suspected Serious Injury,Daylight,Clear,Concrete Traffic Barrier,None,THP District 2 - Chattanooga,THP,Unbelted,-,-,Drug,-,-,-,-,-,-,-,-,-,Bradley,Not in City Limit,4
68672,400222826,0,5,35.17245,-87.00603,7,2025-02-20 07:40:00,2025,2,20,7,40,Thursday,07:40,Suspected Serious Injury,Daylight,Clear,Motor Vehicle-In-Transport On Same Roadway,None,THP District 7 - Lawrenceburg,THP,Unbelted,-,-,-,-,-,-,-,-,-,ATV_Involved,-,-,Giles,Not in City Limit,5
68679,400222877,0,3,35.83735,-83.94165,1,2025-02-20 15:26:00,2025,2,20,15,26,Thursday,15:26,Suspected Serious Injury,Daylight,Cloudy,Motor Vehicle-In-Transport On Same Roadway,None,THP District 1 - Knoxville,THP,Unbelted,-,-,-,-,-,-,-,-,-,-,-,-,Blount,Rockford,5
68684,400222906,0,1,35.39902,-87.38343,7,2025-02-20 18:30:00,2025,2,20,18,30,Thursday,18:30,Suspected Serious Injury,Dark-Not Lighted,Clear,Embankment Earth,None,THP District 7 - Lawrenceburg,THP,Unbelted,-,-,-,-,-,-,-,-,-,-,-,-,Lawrence,Not in City Limit,5
68686,400222915,1,2,35.45541,-86.8851,7,2025-02-18 17:25:00,2025,2,18,17,25,Tuesday,17:25,Fatal,Daylight,Clear,Motor Vehicle-In-Transport On Same Roadway,None,THP District 7 - Lawrenceburg,THP,Unbelted,-,-,-,-,-,-,-,-,-,-,-,-,Marshall,Not in City Limit,3
68694,400222954,0,3,36.13721,-86.79695,3,2025-02-20 17:37:00,2025,2,20,17,37,Thursday,17:37,Suspected Serious Injury,,Clear,Motor Vehicle-In-Transport On Same Roadway,None,METROPOLITAN NASHVILLE POLICE DEPT,Other,Unbelted,-,-,-,-,-,-,-,-,-,-,-,-,Davidson,Nashville,5
68708,400223014,0,1,36.16782,-86.81875,3,2025-02-21 01:01:00,2025,2,21,1,1,Friday,01:01,Suspected Serious Injury,Dark-Lighted,Cloudy,Utility Pole,None,METROPOLITAN NASHVILLE POLICE DEPT,Other,Unbelted,-,Drinking,-,-,-,-,-,-,-,-,-,-,Davidson,Nashville,6
68710,400223019,1,1,35.12313,-86.1938,2,2025-02-17 12:36:00,2025,2,17,12,36,Monday,12:36,Fatal,Daylight,Clear,Motor Vehicle-In-Transport On Same Roadway,None,THP District 2 - Chattanooga,THP,Unbelted,-,-,-,-,-,-,-,-,-,-,-,-,Franklin,Not in City Limit,2
68711,400223028,0,1,36.46692,-86.17561,6,2025-02-18 15:50:00,2025,2,18,15,50,Tuesday,15:50,Suspected Serious Injury,Daylight,Clear,Building,None,MACON CO SHERIFFS OFFICE,Other,Unbelted,-,-,-,-,-,-,-,-,-,-,-,-,Macon,Not in City Limit,3
68713,400223034,0,1,36.30241,-86.44235,3,2025-02-19 09:05:00,2025,2,19,9,5,Wednesday,09:05,Suspected Serious Injury,Daylight,Cloudy,Motor Vehicle-In-Transport On Same Roadway,None,THP District 3 - Nashville,THP,Unbelted,-,-,-,-,-,-,-,-,-,ATV_Involved,-,-,Wilson,Not in City Limit,4
68720,400223088,0,2,35.72966,-88.59744,8,2025-02-21 06:45:00,2025,2,21,6,45,Friday,06:45,Suspected Serious Injury,Daylight,Clear,Motor Vehicle-In-Transport On Same Roadway,None,THP District 8 - Jackson,THP,Unbelted,-,-,-,-,-,-,-,-,-,ATV_Involved,-,-,Henderson,Not in City Limit,6
68723,400223108,0,2,36.22795,-83.21679,5,2025-02-21 11:33:00,2025,2,21,11,33,Friday,11:33,Suspected Serious Injury,Daylight,Clear,Building,None,HAMBLEN CO SHERIFFS DEPT,Other,Unbelted,-,-,-,-,-,-,-,-,-,-,-,-,Hamblen,Not in City Limit,6
68730,400223144,0,1,35.75069,-87.28291,7,2025-02-18 00:00:00,2025,2,18,24,0,Tuesday,24:00,Suspected Serious Injury,Daylight,Clear,Ditch,None,THP District 7 - Lawrenceburg,THP,Unbelted,-,-,-,-,-,-,-,-,-,-,-,-,Hickman,Not in City Limit,3
68733,400223155,0,2,36.18215,-86.60812,3,2025-02-21 00:00:00,2025,2,21,24,0,Friday,24:00,Suspected Serious Injury,Daylight,Clear,Motor Vehicle-In-Transport On Same Roadway,None,METROPOLITAN NASHVILLE POLICE DEPT,Other,Unbelted,-,-,-,-,-,-,-,-,-,-,-,-,Davidson,Nashville,6
68752,400223273,0,2,36.13457,-83.23472,5,2025-02-21 18:36:00,2025,2,21,18,36,Friday,18:36,Suspected Serious Injury,Dark-Not Lighted,Clear,Motor Vehicle-In-Transport On Same Roadway,None,HAMBLEN CO SHERIFFS DEPT,Other,Unbelted,-,-,-,-,-,-,-,-,-,-,-,-,Hamblen,Not in City Limit,6
68753,400223275,0,1,35.251,-84.85605,2,2025-02-21 18:00:00,2025,2,21,18,0,Friday,18:00,Suspected Serious Injury,Daylight,Clear,"Over Turn, Roll Over",None,THP District 2 - Chattanooga,THP,Unbelted,-,-,-,-,-,-,-,-,-,-,-,-,Bradley,Not in City Limit,6
68770,400223354,1,0,35.81393,-84.25328,1,2025-02-21 20:35:00,2025,2,21,20,35,Friday,20:35,Fatal,Dark-Not Lighted,Clear,Pedestrian,None,THP District 1 - Knoxville,THP,Unbelted,-,-,-,-,-,-,Pedestrian,-,-,-,-,-,Loudon,Not in City Limit,6
68781,400223434,0,2,36.05955,-86.6,3,2025-02-22 06:30:00,2025,2,22,6,30,Saturday,06:30,Suspected Serious Injury,Daylight,Clear,Motor Vehicle-In-Transport On Same Roadway,None,METROPOLITAN NASHVILLE POLICE DEPT,Other,Unbelted,-,-,-,-,-,-,-,-,-,-,-,-,Davidson,Nashville,7
68798,400223570,0,1,35.24693,-84.83711,2,2025-02-22 17:40:00,2025,2,22,17,40,Saturday,17:40,Suspected Serious Injury,Daylight,Clear,Embankment Earth,None,THP District 2 - Chattanooga,THP,Unbelted,-,Drinking,-,-,-,-,-,-,-,-,-,-,Bradley,Not in City Limit,7
68806,400223612,0,2,36.08638,-87.41312,3,2025-02-21 01:24:00,2025,2,21,1,24,Friday,01:24,Suspected Serious Injury,Dark-Lighted,Snow,Embankment Earth,None,DICKSON POLICE DEPT,Other,Unbelted,-,Drinking,-,-,-,-,-,-,-,-,-,-,Dickson,Dickson,6
68808,400223629,0,6,35.88983,-86.38224,3,2025-02-22 21:40:00,2025,2,22,21,40,Saturday,21:40,Suspected Serious Injury,Dark-Lighted,Clear,Motor Vehicle-In-Transport On Same Roadway,None,MURFREESBORO POLICE DEPT,Other,Unbelted,-,-,-,-,-,-,-,-,-,-,-,-,Rutherford,Murfreesboro,7
68816,400223664,0,1,36.14602,-84.07649,1,2025-02-23 00:49:00,2025,2,23,0,49,Sunday,00:49,Suspected Serious Injury,Dark-Not Lighted,Clear,"Fire, Explosion",None,THP District 1 - Knoxville,THP,Unbelted,-,-,-,-,-,-,-,-,-,-,-,-,Anderson,Not in City Limit,1
68822,400223696,0,2,36.04294,-86.6904,3,2025-02-23 03:33:00,2025,2,23,3,33,Sunday,03:33,Suspected Serious Injury,Dark-Lighted,Clear,Shrubbery,None,METROPOLITAN NASHVILLE POLICE DEPT,Other,Unbelted,-,-,-,-,-,-,-,-,-,-,-,-,Davidson,Nashville,1
68851,400223860,0,1,35.80546,-84.4118,1,2025-02-20 21:21:00,2025,2,20,21,21,Thursday,21:21,Suspected Serious Injury,Dark-Not Lighted,Clear,Other Post/Pole Support,None,THP District 1 - Knoxville,THP,Unbelted,-,Drinking,-,-,-,-,-,-,-,-,-,-,Roane,Not in City Limit,5
68874,400223964,0,1,35.79757,-86.91012,3,2025-02-23 14:40:00,2025,2,23,14,40,Sunday,14:40,Suspected Serious Injury,Daylight,Clear,Pedal-Cycle,None,THP District 3 - Nashville,THP,Unbelted,-,-,-,-,-,Pedalcyclist,-,-,-,ATV_Involved,-,-,Williamson,Thompson's Station,1
68875,400223966,1,0,35.61825,-88.7969,8,2025-02-23 19:15:00,2025,2,23,19,15,Sunday,19:15,Fatal,Dark-Lighted,Clear,Pedestrian,None,JACKSON POLICE DEPT,Other,Unbelted,-,-,-,-,-,-,Pedestrian,-,-,-,-,-,Madison,Jackson,1
68881,400223984,0,1,35.95431,-83.93546,1,2025-02-24 01:01:00,2025,2,24,1,1,Monday,01:01,Suspected Serious Injury,Dark-Lighted,Clear,Pedestrian,None,KNOXVILLE POLICE DEPT,Other,Unbelted,-,-,-,-,-,-,Pedestrian,-,-,-,-,-,Knox,Knoxville,2
68904,400224137,1,0,36.26923,-86.75572,3,2025-02-24 03:58:00,2025,2,24,3,58,Monday,03:58,Fatal,Dark-Lighted,Clear,Utility Pole,None,METROPOLITAN NASHVILLE POLICE DEPT,Other,Unbelted,-,-,-,-,Speeding,-,-,-,-,-,-,-,Davidson,Nashville,2
68906,400224161,0,2,35.61783,-87.07108,7,2025-02-24 06:20:00,2025,2,24,6,20,Monday,06:20,Suspected Serious Injury,Daylight,Clear,Pedestrian,None,COLUMBIA POLICE DEPT,Other,Unbelted,-,-,-,-,-,-,Pedestrian,-,-,-,-,-,Maury,Columbia,2
68912,400224210,0,2,36.50333,-85.43058,6,2025-02-23 21:30:00,2025,2,23,21,30,Sunday,21:30,Suspected Serious Injury,Dark-Not Lighted,Clear,Guard Rail Face,None,THP District 6 - Cookeville,THP,Unbelted,Distracted,Drinking,-,-,Speeding,-,-,-,-,-,-,-,Clay,Not in City Limit,1
68915,400224224,0,1,36.20147,-83.3337,5,2025-02-24 15:03:00,2025,2,24,15,3,Monday,15:03,Suspected Serious Injury,Daylight,Clear,Motor Vehicle-In-Transport On Same Roadway,None,MORRISTOWN POLICE DEPT,Other,Unbelted,-,-,-,-,-,-,-,-,-,-,-,-,Hamblen,Morristown,2
68917,400224231,0,1,35.92606,-83.86539,1,2025-02-24 16:38:00,2025,2,24,16,38,Monday,16:38,Suspected Serious Injury,Daylight,Clear,Standing Tree,None,KNOXVILLE POLICE DEPT,Other,Unbelted,-,-,-,-,-,-,-,-,-,-,-,-,Knox,Knoxville,2
68925,400224287,0,1,36.12951,-86.77819,3,2025-02-22 18:21:00,2025,2,22,18,21,Saturday,18:21,Suspected Serious Injury,Dark-Lighted,Clear,Pedestrian,None,METROPOLITAN NASHVILLE POLICE DEPT,Other,Unbelted,-,-,-,-,-,-,Pedestrian,-,-,-,-,-,Davidson,Nashville,7
68934,400224320,1,0,35.16654,-84.92884,2,2025-02-24 15:11:00,2025,2,24,15,11,Monday,15:11,Fatal,Daylight,Clear,Parked Motor Vehicle,None,THP District 2 - Chattanooga,THP,Unbelted,-,-,Drug,-,-,-,-,-,-,ATV_Involved,-,-,Bradley,Not in City Limit,2
68935,400224336,2,1,36.38383,-83.01346,5,2025-02-24 15:39:00,2025,2,24,15,39,Monday,15:39,Fatal,Daylight,Clear,Motor Vehicle-In-Transport On Same Roadway,None,THP District 5 - Fall Branch,THP,Unbelted,-,-,-,-,-,-,-,-,-,-,-,-,Hawkins,Not in City Limit,2
68952,400224407,0,2,36.09137,-86.82849,3,2025-02-25 05:01:00,2025,2,25,5,1,Tuesday,05:01,Suspected Serious Injury,Dark-Lighted,Clear,Motor Vehicle-In-Transport On Same Roadway,None,METROPOLITAN NASHVILLE POLICE DEPT,Other,Unbelted,-,-,-,-,-,-,-,-,-,-,-,-,Davidson,Forest Hills,3
68973,400224539,0,1,35.844,-86.42657,3,2025-02-23 09:50:00,2025,2,23,9,50,Sunday,09:50,Suspected Serious Injury,Daylight,Clear,Pedestrian,None,MURFREESBORO POLICE DEPT,Other,Unbelted,-,-,-,-,-,-,Pedestrian,-,-,-,-,-,Rutherford,Murfreesboro,1
68996,400224675,0,1,36.15455,-86.73775,3,2025-02-25 16:06:00,2025,2,25,16,6,Tuesday,16:06,Suspected Serious Injury,Daylight,Clear,Motor Vehicle-In-Transport On Same Roadway,None,METROPOLITAN NASHVILLE POLICE DEPT,Other,Unbelted,-,-,-,-,-,-,-,-,-,-,-,-,Davidson,Nashville,3
68997,400224677,1,0,35.84324,-86.5374,3,2025-02-22 03:23:00,2025,2,22,3,23,Saturday,03:23,Fatal,Dark-Not Lighted,Clear,Utility Pole,None,THP District 3 - Nashville,THP,Unbelted,-,-,-,-,-,-,-,-,-,-,-,-,Rutherford,Not in City Limit,7
68999,400224688,0,7,36.35511,-86.6117,3,2025-02-21 14:55:00,2025,2,21,14,55,Friday,14:55,Suspected Serious Injury,Daylight,Clear,Motor Vehicle-In-Transport On Same Roadway,None,THP District 3 - Nashville,THP,Unbelted,-,-,-,-,-,-,-,-,-,-,-,-,Sumner,Not in City Limit,6
69000,400224693,0,1,35.46683,-86.09064,2,2025-02-25 16:14:00,2025,2,25,16,14,Tuesday,16:14,Suspected Serious Injury,Daylight,Clear,Motor Vehicle-In-Transport On Same Roadway,None,MANCHESTER POLICE DEPT,Other,Unbelted,-,-,-,-,-,-,-,-,-,-,-,-,Coffee,Manchester,3
69013,400224765,0,1,36.55493,-82.4674,5,2025-02-25 19:15:00,2025,2,25,19,15,Tuesday,19:15,Suspected Serious Injury,Dark-Lighted,Clear,Pedestrian,None,SULLIVAN CO SHERIFFS DEPT,Other,Unbelted,-,-,-,-,-,-,Pedestrian,-,-,-,-,-,Sullivan,Not in City Limit,3
69024,400224816,1,0,35.49036,-84.76242,2,2025-02-22 22:10:00,2025,2,22,22,10,Saturday,22:10,Fatal,Dark-Not Lighted,Clear,"Over Turn, Roll Over",None,THP District 2 - Chattanooga,THP,Unbelted,-,Drinking,Drug,-,-,-,-,-,-,-,-,-,Meigs,Not in City Limit,7
69028,400224828,0,2,35.56617,-84.95441,2,2025-02-22 00:44:00,2025,2,22,0,44,Saturday,00:44,Suspected Serious Injury,Dark-Not Lighted,Clear,"Over Turn, Roll Over",None,THP District 2 - Chattanooga,THP,Unbelted,-,Drinking,Drug,-,-,-,-,-,-,-,-,-,Rhea,Not in City Limit,7
69037,400224879,2,1,36.55427,-83.64483,5,2025-02-21 13:33:00,2025,2,21,13,33,Friday,13:33,Fatal,Daylight,Clear,Motor Vehicle-In-Transport On Same Roadway,None,THP District 5 - Fall Branch,THP,Unbelted,-,Drinking,Drug,-,-,-,-,-,-,-,-,-,Claiborne,Harrogate,6
69045,400224923,1,0,36.33665,-82.20711,5,2025-02-25 06:37:00,2025,2,25,6,37,Tuesday,06:37,Fatal,Dawn,Cloudy,Motor Vehicle-In-Transport On Same Roadway,None,ELIZABETHTON POLICE DEPT,Other,Unbelted,-,-,-,-,-,-,-,-,-,ATV_Involved,-,-,Carter,Elizabethton,3
69052,400224979,0,1,35.63026,-86.08586,2,2025-02-23 18:07:00,2025,2,23,18,7,Sunday,18:07,Suspected Serious Injury,Dark-Not Lighted,Clear,Ditch,None,THP District 2 - Chattanooga,THP,-,-,Drinking,Drug,-,-,-,-,-,-,-,Motorcyclist,-,Coffee,Not in City Limit,1