OBJECTID,MRN,Fatality,Injury,Latitude,Longitude,THP_District,Collision_Date,Collision_Year,Collision_Month,Collision_Day,Collision_Hour,Collision_Min,Collision_DOW,Collision_Time,Crash_Type,Light_Condition,Weather,First_Harmfu_Event,Work_Zone_Type,Agency_Name,THP,Unbelted,Distracted_Driver,Driver_Drinking,Driver_Drugged,Drowsy_Driver,Speeding_Involved,Pedalcyclist,Pedestrian,Other_Nonmotorist,ATV_Involved,LargeTruck_Involved,Motorcycle_Involved,SchoolBus,County,City,DOW_Nmb
69056,400225002,0,1,36.22212,-86.3196,3,2025-02-26 11:33:00,2025,2,26,11,33,Wednesday,11:33,Suspected Serious Injury,Daylight,Clear,Ditch,None,LEBANON POLICE DEPT,Other,Unbelted,-,-,-,-,-,-,-,-,-,-,-,-,Wilson,Lebanon,4
69057,400225031,0,4,35.15117,-88.92334,4,2025-02-26 07:40:00,2025,2,26,7,40,Wednesday,07:40,Suspected Serious Injury,Daylight,Clear,Motor Vehicle-In-Transport On Same Roadway,None,THP District 4 - Memphis,THP,Unbelted,-,-,-,-,-,-,-,-,-,ATV_Involved,-,-,Hardeman,Not in City Limit,4
69070,400225094,0,1,36.43891,-82.28722,5,2025-02-26 15:50:00,2025,2,26,15,50,Wednesday,15:50,Suspected Serious Injury,Daylight,Clear,Embankment Earth,None,SULLIVAN CO SHERIFFS DEPT,Other,-,-,-,-,-,-,-,-,-,-,-,Motorcyclist,-,Sullivan,Not in City Limit,4
69071,400225098,1,0,36.1443,-86.7159,3,2025-02-26 08:53:00,2025,2,26,8,53,Wednesday,08:53,Fatal,Daylight,Clear,Motor Vehicle-In-Transport On Same Roadway,None,METROPOLITAN NASHVILLE POLICE DEPT,Other,Unbelted,-,-,-,-,Speeding,-,-,-,-,-,Motorcyclist,-,Davidson,Nashville,4
69082,400225156,1,0,35.1139,-84.86709,2,2025-02-26 14:56:00,2025,2,26,14,56,Wednesday,14:56,Fatal,Daylight,Clear,Motor Vehicle-In-Transport On Same Roadway,None,THP District 2 - Chattanooga,THP,Unbelted,-,-,Drug,-,Speeding,-,-,-,-,ATV_Involved,Motorcyclist,-,Bradley,Not in City Limit,4
69099,400225258,0,2,35.25696,-87.3271,7,2025-02-26 18:18:00,2025,2,26,18,18,Wednesday,18:18,Suspected Serious Injury,Dark-Lighted,Clear,Ditch,None,LAWRENCEBURG POLICE DEPT,Other,Unbelted,-,-,-,-,-,-,-,-,-,-,-,-,Lawrence,Lawrenceburg,4
69105,400225274,0,2,35.99708,-84.25695,1,2025-02-26 22:58:00,2025,2,26,22,58,Wednesday,22:58,Suspected Serious Injury,Dark-Lighted,Clear,Standing Tree,None,OAK RIDGE POLICE DEPT,Other,Unbelted,-,-,-,-,Speeding,-,-,-,-,-,-,-,Anderson,Oak Ridge,4
69108,400225293,0,3,36.54131,-82.1227,5,2025-02-23 16:37:00,2025,2,23,16,37,Sunday,16:37,Suspected Serious Injury,Daylight,Clear,Motor Vehicle-In-Transport On Different Roadway,None,THP District 5 - Fall Branch,THP,Unbelted,-,-,Drug,-,-,-,-,-,-,-,-,-,Sullivan,Not in City Limit,1
69134,400225443,1,0,36.20444,-83.3072,5,2025-02-26 21:32:00,2025,2,26,21,32,Wednesday,21:32,Fatal,Dark-Lighted,Clear,Curb,None,THP District 5 - Fall Branch,THP,-,-,-,Drug,-,-,-,-,-,-,-,Motorcyclist,-,Hamblen,Morristown,4
69144,400225503,0,2,36.15143,-86.6364,3,2025-02-25 20:50:00,2025,2,25,20,50,Tuesday,20:50,Suspected Serious Injury,Dark-Not Lighted,Clear,Motor Vehicle-In-Transport On Same Roadway,None,THP District 3 - Nashville,THP,Unbelted,-,-,-,-,-,-,-,-,-,-,-,-,Davidson,Nashville,3
69151,400225561,0,1,35.19465,-85.24441,2,2025-02-23 19:46:00,2025,2,23,19,46,Sunday,19:46,Suspected Serious Injury,Dark-Lighted,Clear,Bridge/Overhead Structure,None,THP District 2 - Chattanooga,THP,Unbelted,-,-,-,-,-,-,-,-,-,-,-,-,Hamilton,Soddy-Daisy,1
69152,400225562,0,1,35.9111,-86.55669,3,2025-02-27 10:43:00,2025,2,27,10,43,Thursday,10:43,Suspected Serious Injury,Daylight,Clear,Motor Vehicle-In-Transport On Same Roadway,None,THP District 3 - Nashville,THP,Unbelted,-,-,-,-,-,-,-,-,-,-,-,-,Rutherford,Not in City Limit,5
69164,400225620,0,1,35.01877,-86.56416,7,2025-02-22 14:32:00,2025,2,22,14,32,Saturday,14:32,Suspected Serious Injury,Daylight,Clear,Ditch,None,THP District 7 - Lawrenceburg,THP,Unbelted,-,-,-,-,-,-,-,-,-,-,-,-,Lincoln,Not in City Limit,7
69182,400225687,2,1,36.30876,-82.24661,5,2025-02-27 19:10:00,2025,2,27,19,10,Thursday,19:10,Fatal,Dark-Not Lighted,Clear,Motor Vehicle-In-Transport On Same Roadway,None,THP District 5 - Fall Branch,THP,Unbelted,-,Drinking,Drug,-,-,-,-,-,-,-,-,-,Carter,Not in City Limit,5
69183,400225688,0,2,36.0501,-86.60619,3,2025-02-27 18:53:00,2025,2,27,18,53,Thursday,18:53,Suspected Serious Injury,Dark-Not Lighted,Clear,Pedestrian,None,METROPOLITAN NASHVILLE POLICE DEPT,Other,Unbelted,-,-,-,-,-,-,Pedestrian,-,-,-,-,-,Davidson,Nashville,5
69184,400225692,0,1,36.37449,-86.50608,3,2025-02-26 18:59:00,2025,2,26,18,59,Wednesday,18:59,Suspected Serious Injury,Dark-Not Lighted,Clear,"Over Turn, Roll Over",None,THP District 3 - Nashville,THP,Unbelted,-,-,-,-,-,-,-,-,-,-,-,-,Sumner,Gallatin,4
69185,400225701,0,1,35.72912,-84.03341,1,2025-02-27 17:22:00,2025,2,27,17,22,Thursday,17:22,Suspected Serious Injury,Daylight,Clear,Motor Vehicle-In-Transport On Same Roadway,None,BLOUNT CO SHERIFFS DEPT,Other,Unbelted,-,-,-,-,-,-,-,-,-,-,-,-,Blount,Not in City Limit,5
69186,400225705,0,4,36.32558,-87.77704,3,2025-02-26 20:41:00,2025,2,26,20,41,Wednesday,20:41,Suspected Serious Injury,Dark-Not Lighted,Clear,Standing Tree,None,THP District 3 - Nashville,THP,-,-,Drinking,-,-,-,-,-,-,-,-,-,-,Houston,Tennessee Ridge,4
69218,400225870,0,1,35.32637,-84.56043,2,2025-02-28 11:07:00,2025,2,28,11,7,Friday,11:07,Suspected Serious Injury,Daylight,Clear,Ditch,None,THP District 2 - Chattanooga,THP,Unbelted,-,-,-,-,Speeding,-,-,-,-,-,-,-,McMinn,Not in City Limit,6
69223,400225902,0,1,35.92185,-84.09286,1,2025-02-28 10:16:00,2025,2,28,10,16,Friday,10:16,Suspected Serious Injury,Daylight,Clear,Pedestrian,None,KNOXVILLE POLICE DEPT,Other,Unbelted,-,-,-,-,-,-,Pedestrian,-,-,-,-,-,Knox,Knoxville,6
69228,400225919,1,0,35.69276,-85.87541,6,2025-02-28 07:09:00,2025,2,28,7,9,Friday,07:09,Fatal,Daylight,Clear,Motor Vehicle-In-Transport On Same Roadway,None,THP District 6 - Cookeville,THP,Unbelted,-,-,Drug,-,-,-,-,-,-,-,-,-,Warren,Not in City Limit,6
69229,400225937,0,1,36.13799,-86.72987,3,2025-02-28 11:31:00,2025,2,28,11,31,Friday,11:31,Suspected Serious Injury,Daylight,Clear,Motor Vehicle-In-Transport On Same Roadway,None,METROPOLITAN NASHVILLE POLICE DEPT,Other,Unbelted,-,-,-,-,-,-,-,-,-,-,-,-,Davidson,Nashville,6
69237,400225982,0,2,36.33943,-82.20676,5,2025-02-28 13:29:00,2025,2,28,13,29,Friday,13:29,Suspected Serious Injury,Daylight,Clear,Motor Vehicle-In-Transport On Same Roadway,None,ELIZABETHTON POLICE DEPT,Other,Unbelted,-,-,-,-,-,-,-,-,-,-,-,-,Carter,Elizabethton,6
69248,400226072,0,2,35.81688,-84.29454,1,2025-02-28 16:21:00,2025,2,28,16,21,Friday,16:21,Suspected Serious Injury,Daylight,Clear,Motor Vehicle-In-Transport On Same Roadway,None,THP District 1 - Knoxville,THP,Unbelted,Distracted,-,-,-,-,-,-,-,-,ATV_Involved,-,-,Loudon,Not in City Limit,6
69259,400226120,1,0,35.5052,-87.01429,7,2025-02-28 15:02:00,2025,2,28,15,2,Friday,15:02,Fatal,Daylight,Clear,Ditch,None,THP District 7 - Lawrenceburg,THP,Unbelted,-,-,-,-,Speeding,-,-,-,-,-,-,-,Maury,Not in City Limit,6
69263,400226129,0,1,36.52338,-82.20496,5,2025-02-28 18:30:00,2025,2,28,18,30,Friday,18:30,Suspected Serious Injury,Dusk,Clear,"Over Turn, Roll Over",None,SULLIVAN CO SHERIFFS DEPT,Other,-,-,-,-,Drowsy,-,-,-,-,ATV_Involved,-,-,-,Sullivan,Not in City Limit,6
69266,400226146,0,1,35.79264,-88.16295,8,2025-02-27 15:04:00,2025,2,27,15,4,Thursday,15:04,Suspected Serious Injury,Daylight,Clear,Other Non-Fixed Object,None,THP District 8 - Jackson,THP,-,-,-,-,-,Speeding,-,-,-,-,-,-,-,Decatur,Sugar Tree,5
69267,400226149,0,1,36.3074,-87.11676,3,2025-02-27 20:59:00,2025,2,27,20,59,Thursday,20:59,Suspected Serious Injury,Dark-Not Lighted,Clear,Ditch,None,THP District 3 - Nashville,THP,Unbelted,-,Drinking,Drug,-,-,-,-,-,-,-,-,-,Cheatham,Not in City Limit,5
69272,400226170,0,1,36.54339,-82.4223,5,2025-02-28 16:46:00,2025,2,28,16,46,Friday,16:46,Suspected Serious Injury,Daylight,Clear,Motor Vehicle-In-Transport On Same Roadway,None,THP District 5 - Fall Branch,THP,Unbelted,-,-,-,-,-,-,-,-,-,-,-,-,Sullivan,Not in City Limit,6
69282,400226204,0,1,36.0455,-86.70413,3,2025-02-28 20:08:00,2025,2,28,20,8,Friday,20:08,Suspected Serious Injury,Dark-Lighted,Clear,Motor Vehicle-In-Transport On Same Roadway,None,METROPOLITAN NASHVILLE POLICE DEPT,Other,Unbelted,-,-,-,-,-,-,-,-,-,-,-,-,Davidson,Nashville,6
69301,400226287,0,1,36.17238,-86.77351,3,2025-02-28 22:50:00,2025,2,28,22,50,Friday,22:50,Suspected Serious Injury,,Clear,Motor Vehicle-In-Transport On Same Roadway,None,METROPOLITAN NASHVILLE POLICE DEPT,Other,Unbelted,-,-,-,-,-,-,-,-,-,-,Motorcyclist,-,Davidson,Nashville,6
69306,400226300,0,1,35.85808,-86.41536,3,2025-03-01 02:30:00,2025,3,1,2,30,Saturday,02:30,Suspected Serious Injury,Dark-Lighted,Clear,"Over Turn, Roll Over",None,MURFREESBORO POLICE DEPT,Other,-,-,-,-,-,-,-,-,-,-,-,Motorcyclist,-,Rutherford,Murfreesboro,7
69315,400226335,0,1,35.39007,-88.89352,4,2025-02-25 15:04:00,2025,2,25,15,4,Tuesday,15:04,Suspected Serious Injury,Daylight,Clear,"Over Turn, Roll Over",None,THP District 4 - Memphis,THP,-,-,Drinking,-,-,-,-,-,-,-,-,-,-,Hardeman,Not in City Limit,3
69324,400226370,0,1,36.15888,-83.96647,1,2025-02-27 06:03:00,2025,2,27,6,3,Thursday,06:03,Suspected Serious Injury,Dark-Not Lighted,Clear,Standing Tree,None,THP District 1 - Knoxville,THP,Unbelted,-,Drinking,Drug,-,-,-,-,-,-,-,-,-,Knox,Not in City Limit,5
69327,400226375,0,2,36.00059,-83.87585,1,2025-02-28 13:00:00,2025,2,28,13,0,Friday,13:00,Suspected Serious Injury,Daylight,Clear,Other Fixed Object,None,KNOXVILLE POLICE DEPT,Other,Unbelted,-,-,-,-,-,-,-,-,-,-,-,-,Knox,Knoxville,6
69337,400226398,0,1,35.22282,-88.81774,4,2025-03-01 00:00:00,2025,3,1,24,0,Saturday,24:00,Suspected Serious Injury,Daylight,Clear,Embankment Earth,None,THP District 4 - Memphis,THP,Unbelted,-,-,Drug,-,-,-,-,-,-,-,-,-,Hardeman,Hornsby,7
69344,400226425,0,2,36.12022,-83.72657,1,2025-02-24 16:32:00,2025,2,24,16,32,Monday,16:32,Suspected Serious Injury,Daylight,Clear,Motor Vehicle-In-Transport On Same Roadway,None,THP District 1 - Knoxville,THP,Unbelted,-,-,-,-,-,-,-,-,-,-,-,-,Knox,Not in City Limit,2
69345,400226429,2,0,36.21121,-88.08732,8,2025-03-01 10:52:00,2025,3,1,10,52,Saturday,10:52,Fatal,Daylight,Clear,Ditch,None,THP District 8 - Jackson,THP,Unbelted,-,-,Drug,-,-,-,-,-,-,-,-,-,Benton,Not in City Limit,7
69347,400226438,0,2,35.33294,-85.42909,2,2025-03-01 11:06:00,2025,3,1,11,6,Saturday,11:06,Suspected Serious Injury,Daylight,Clear,Motor Vehicle-In-Transport On Same Roadway,None,SEQUATCHIE CO SHERIFFS DEPT,Other,Unbelted,-,-,-,-,-,-,-,-,-,-,-,-,Sequatchie,Not in City Limit,7
69349,400226446,1,0,35.95246,-88.91017,8,2025-02-28 18:24:00,2025,2,28,18,24,Friday,18:24,Fatal,Dark-Not Lighted,Clear,Utility Pole,None,THP District 8 - Jackson,THP,Unbelted,-,Drinking,Drug,-,-,-,-,-,-,-,-,-,Gibson,Not in City Limit,6
69356,400226464,0,1,35.93535,-83.90641,1,2025-03-01 11:31:00,2025,3,1,11,31,Saturday,11:31,Suspected Serious Injury,Daylight,Clear,Pedal-Cycle,None,KNOXVILLE POLICE DEPT,Other,Unbelted,-,-,-,-,-,Pedalcyclist,-,-,-,-,-,-,Knox,Knoxville,7
69363,400226506,0,1,36.38037,-86.46436,3,2025-03-01 12:09:00,2025,3,1,12,9,Saturday,12:09,Suspected Serious Injury,Daylight,Clear,Pedestrian,None,THP District 3 - Nashville,THP,Unbelted,-,-,-,-,-,-,Pedestrian,-,-,-,-,-,Sumner,Gallatin,7
69371,400226549,0,1,35.91409,-89.41867,4,2025-03-01 14:29:00,2025,3,1,14,29,Saturday,14:29,Suspected Serious Injury,Daylight,Clear,Motor Vehicle-In-Transport On Same Roadway,None,THP District 4 - Memphis,THP,Unbelted,Distracted,-,-,-,-,-,-,-,-,-,-,-,Lauderdale,Not in City Limit,7
69377,400226590,0,1,36.03035,-83.73043,1,2025-03-01 15:59:00,2025,3,1,15,59,Saturday,15:59,Suspected Serious Injury,Daylight,Clear,Embankment Earth,None,THP District 1 - Knoxville,THP,Unbelted,-,Drinking,Drug,-,-,-,-,-,-,-,-,-,Knox,Not in City Limit,7
69378,400226594,0,1,35.87391,-83.4903,1,2025-02-25 15:00:00,2025,2,25,15,0,Tuesday,15:00,Suspected Serious Injury,Daylight,Clear,Motor Vehicle-In-Transport On Same Roadway,None,THP District 1 - Knoxville,THP,Unbelted,-,-,-,-,-,-,-,-,-,-,Motorcyclist,-,Sevier,Not in City Limit,3
69381,400226612,0,1,35.88171,-83.77032,1,2025-02-28 22:10:00,2025,2,28,22,10,Friday,22:10,Suspected Serious Injury,Dark-Not Lighted,Clear,Standing Tree,None,THP District 1 - Knoxville,THP,Unbelted,Distracted,-,-,-,Speeding,-,-,-,-,-,-,-,Sevier,Not in City Limit,6
69382,400226618,1,0,35.53145,-86.47684,7,2025-03-01 03:57:00,2025,3,1,3,57,Saturday,03:57,Fatal,Dark-Not Lighted,Clear,Embankment Earth,None,THP District 7 - Lawrenceburg,THP,-,-,Drinking,-,-,-,-,-,-,-,-,Motorcyclist,-,Bedford,Not in City Limit,7
69405,400226756,0,4,36.09298,-89.58472,8,2025-02-28 17:29:00,2025,2,28,17,29,Friday,17:29,Suspected Serious Injury,Daylight,Clear,Motor Vehicle-In-Transport On Same Roadway,None,THP District 8 - Jackson,THP,Unbelted,-,-,-,-,-,-,-,-,-,ATV_Involved,-,-,Dyer,Not in City Limit,6
69410,400226795,0,2,36.16955,-86.60097,3,2025-03-02 11:30:00,2025,3,2,11,30,Sunday,11:30,Suspected Serious Injury,Daylight,Clear,Motor Vehicle-In-Transport On Same Roadway,None,THP District 3 - Nashville,THP,Unbelted,-,-,-,-,-,-,-,-,-,-,-,-,Davidson,Nashville,1
69418,400226821,0,2,36.07704,-87.36065,3,2025-03-02 11:38:00,2025,3,2,11,38,Sunday,11:38,Suspected Serious Injury,Daylight,Clear,Motor Vehicle-In-Transport On Same Roadway,None,DICKSON POLICE DEPT,Other,Unbelted,-,-,-,-,-,-,-,-,-,-,-,-,Dickson,Dickson,1
69432,400226894,0,3,35.15098,-85.54276,2,2025-03-02 15:34:00,2025,3,2,15,34,Sunday,15:34,Suspected Serious Injury,Daylight,Clear,Motor Vehicle-In-Transport On Same Roadway,None,THP District 2 - Chattanooga,THP,Unbelted,-,-,-,-,-,-,-,-,-,-,-,-,Marion,Not in City Limit,1
69442,400226938,1,3,36.07319,-84.5421,1,2025-03-01 16:28:00,2025,3,1,16,28,Saturday,16:28,Fatal,Daylight,Clear,Motor Vehicle-In-Transport On Same Roadway,None,THP District 1 - Knoxville,THP,Unbelted,-,-,Drug,-,-,-,-,-,-,-,-,-,Morgan,Not in City Limit,7
69458,400227021,0,2,35.8199,-85.14051,6,2025-03-03 03:45:00,2025,3,3,3,45,Monday,03:45,Suspected Serious Injury,Dark-Not Lighted,Clear,"Over Turn, Roll Over",None,THP District 6 - Cookeville,THP,Unbelted,-,-,-,-,-,-,-,-,-,-,-,-,Cumberland,Not in City Limit,2
69460,400227027,0,2,35.97841,-86.56303,3,2025-03-02 05:52:00,2025,3,2,5,52,Sunday,05:52,Suspected Serious Injury,Dawn,Clear,Motor Vehicle-In-Transport On Same Roadway,None,SMYRNA POLICE DEPT,Other,Unbelted,-,-,-,-,-,-,-,-,-,-,-,-,Rutherford,Smyrna,1
69463,400227036,0,1,36.30743,-87.62111,3,2025-03-02 02:20:00,2025,3,2,2,20,Sunday,02:20,Suspected Serious Injury,Dark-Not Lighted,Clear,Ditch,None,THP District 3 - Nashville,THP,Unbelted,-,-,-,-,-,-,-,-,-,-,-,-,Houston,Not in City Limit,1
69468,400227060,0,1,36.11293,-86.68898,3,2025-03-01 19:15:00,2025,3,1,19,15,Saturday,19:15,Suspected Serious Injury,Dark-Lighted,Clear,Motor Vehicle-In-Transport On Same Roadway,None,METROPOLITAN NASHVILLE POLICE DEPT,Other,Unbelted,-,-,-,-,Speeding,-,-,-,-,ATV_Involved,Motorcyclist,-,Davidson,Nashville,7
69470,400227064,0,1,35.47776,-86.40009,7,2025-03-03 07:32:00,2025,3,3,7,32,Monday,07:32,Suspected Serious Injury,Daylight,Clear,Motor Vehicle-In-Transport On Same Roadway,None,SHELBYVILLE POLICE DEPT,Other,Unbelted,Distracted,-,-,-,-,-,-,-,-,-,-,-,Bedford,Shelbyville,2
69472,400227068,1,0,36.13525,-86.70191,3,2025-03-02 04:36:00,2025,3,2,4,36,Sunday,04:36,Fatal,Dark-Not Lighted,Clear,Highway Traffic Sign Post,None,METROPOLITAN NASHVILLE POLICE DEPT,Other,Unbelted,-,-,Drug,-,-,-,-,-,-,-,-,-,Davidson,Nashville,1
69473,400227079,1,0,36.29576,-88.31076,8,2025-03-03 05:38:00,2025,3,3,5,38,Monday,05:38,Fatal,Dark-Lighted,Clear,Pedestrian,None,PARIS POLICE DEPT,Other,Unbelted,Distracted,-,-,-,-,-,Pedestrian,-,-,-,-,-,Henry,Paris,2
69487,400227165,0,1,35.93006,-88.77332,8,2025-03-03 06:52:00,2025,3,3,6,52,Monday,06:52,Suspected Serious Injury,Dusk,Clear,"Over Turn, Roll Over",None,MILAN POLICE DEPT,Other,Unbelted,-,-,-,-,-,-,-,-,-,-,-,-,Gibson,Milan,2
69509,400227295,1,3,35.46762,-88.53739,8,2025-03-01 15:11:00,2025,3,1,15,11,Saturday,15:11,Fatal,Daylight,Clear,Motor Vehicle-In-Transport On Same Roadway,None,THP District 8 - Jackson,THP,Unbelted,-,-,-,-,-,-,-,-,-,ATV_Involved,-,-,Chester,Not in City Limit,7
69520,400227353,0,3,36.0309,-83.88574,1,2025-03-03 20:05:00,2025,3,3,20,5,Monday,20:05,Suspected Serious Injury,Dark-Lighted,Clear,Motor Vehicle-In-Transport On Same Roadway,None,KNOXVILLE POLICE DEPT,Other,Unbelted,-,-,-,-,-,-,-,-,-,-,-,-,Knox,Knoxville,2
69523,400227364,0,1,35.83105,-86.83395,3,2025-03-03 13:55:00,2025,3,3,13,55,Monday,13:55,Suspected Serious Injury,Daylight,Clear,Motor Vehicle-In-Transport On Same Roadway,None,THP District 3 - Nashville,THP,Unbelted,-,-,Drug,-,Speeding,-,-,-,-,ATV_Involved,-,-,Williamson,Not in City Limit,2
69524,400227377,0,3,35.33682,-84.64576,2,2025-03-03 18:54:00,2025,3,3,18,54,Monday,18:54,Suspected Serious Injury,Dark-Not Lighted,Clear,Motor Vehicle-In-Transport On Same Roadway,None,THP District 2 - Chattanooga,THP,Unbelted,-,-,Drug,-,-,-,-,-,-,-,-,-,McMinn,Not in City Limit,2
69535,400227417,1,0,35.92813,-86.58888,3,2025-03-03 20:56:00,2025,3,3,20,56,Monday,20:56,Fatal,Dark-Not Lighted,Clear,Utility Pole,None,THP District 3 - Nashville,THP,Unbelted,-,Drinking,-,-,-,-,-,-,-,-,-,-,Rutherford,Not in City Limit,2
69537,400227420,0,1,35.94612,-84.94691,6,2025-03-03 22:45:00,2025,3,3,22,45,Monday,22:45,Suspected Serious Injury,Dark-Not Lighted,Clear,Embankment Earth,None,THP District 6 - Cookeville,THP,Unbelted,-,-,-,-,-,-,-,-,-,-,-,-,Cumberland,Not in City Limit,2
69557,400227507,0,1,35.16747,-86.12715,2,2025-03-04 06:17:00,2025,3,4,6,17,Tuesday,06:17,Suspected Serious Injury,Daylight,Clear,Motor Vehicle-In-Transport On Same Roadway,None,WINCHESTER POLICE DEPT,Other,Unbelted,-,-,-,-,-,-,-,-,-,-,-,-,Franklin,Winchester,3
69558,400227521,0,2,36.35748,-82.23252,5,2025-03-03 11:00:00,2025,3,3,11,0,Monday,11:00,Suspected Serious Injury,Daylight,Clear,Motor Vehicle-In-Transport On Same Roadway,None,THP District 5 - Fall Branch,THP,Unbelted,-,-,-,-,-,-,-,-,-,-,-,-,Carter,Not in City Limit,2
69560,400227532,0,1,35.02414,-88.52411,8,2025-03-03 12:10:00,2025,3,3,12,10,Monday,12:10,Suspected Serious Injury,Daylight,Clear,Motor Vehicle-In-Transport On Same Roadway,None,THP District 4 - Memphis,THP,Unbelted,-,-,-,-,-,-,-,-,-,-,-,-,McNairy,Guys,2
69562,400227538,1,0,35.99896,-85.0013,6,2025-03-04 05:38:00,2025,3,4,5,38,Tuesday,05:38,Fatal,Dark-Not Lighted,Clear,Pedestrian,None,THP District 6 - Cookeville,THP,Unbelted,-,-,-,-,-,-,Pedestrian,-,-,-,-,-,Cumberland,Not in City Limit,3
69596,400227734,1,0,36.01435,-86.62045,3,2025-03-03 18:49:00,2025,3,3,18,49,Monday,18:49,Fatal,Dark-Not Lighted,Clear,Pedestrian,None,METROPOLITAN NASHVILLE POLICE DEPT,Other,Unbelted,-,-,-,-,-,-,Pedestrian,-,-,-,-,-,Davidson,Nashville,2
69600,400227769,0,1,35.61006,-88.83059,8,2025-03-04 14:25:00,2025,3,4,14,25,Tuesday,14:25,Suspected Serious Injury,Daylight,Clear,Other Fixed Object,None,JACKSON POLICE DEPT,Other,Unbelted,-,-,-,-,-,-,-,-,-,-,-,-,Madison,Jackson,3
69611,400227821,0,1,36.27165,-83.14092,5,2025-03-04 00:00:00,2025,3,4,24,0,Tuesday,24:00,Suspected Serious Injury,Daylight,Clear,Utility Pole,None,HAMBLEN CO SHERIFFS DEPT,Other,Unbelted,-,-,-,-,-,-,-,-,-,-,-,-,Hamblen,Whitesburg,3
69614,400227830,1,2,35.507,-86.10372,2,2025-03-04 19:30:00,2025,3,4,19,30,Tuesday,19:30,Fatal,Dark-Not Lighted,Rain,Standing Tree,None,THP District 2 - Chattanooga,THP,Unbelted,-,Drinking,Drug,-,Speeding,-,-,-,-,-,-,-,Coffee,Not in City Limit,3
69616,400227842,0,1,35.86657,-83.95967,1,2025-03-04 17:47:00,2025,3,4,17,47,Tuesday,17:47,Suspected Serious Injury,Daylight,Clear,Guard Rail Face,None,ALCOA POLICE DEPARTMENT,Other,-,-,-,-,-,-,-,-,-,-,-,Motorcyclist,-,Blount,Alcoa,3
69631,400227920,0,2,35.81227,-86.39659,3,2025-03-04 21:55:00,2025,3,4,21,55,Tuesday,21:55,Suspected Serious Injury,Dark-Lighted,Rain,Motor Vehicle-In-Transport On Same Roadway,None,MURFREESBORO POLICE DEPT,Other,Unbelted,-,-,Drug,-,Speeding,-,-,-,-,-,-,-,Rutherford,Murfreesboro,3
69638,400227953,0,2,35.99989,-84.08826,1,2025-03-04 12:57:00,2025,3,4,12,57,Tuesday,12:57,Suspected Serious Injury,Daylight,Clear,Ditch,None,KNOX CO SHERIFFS OFFICE,Other,Unbelted,-,-,-,-,-,-,-,-,-,-,-,-,Knox,Not in City Limit,3
69646,400228002,0,1,35.32868,-88.01609,8,2025-03-01 16:14:00,2025,3,1,16,14,Saturday,16:14,Suspected Serious Injury,Daylight,Clear,Ditch,None,THP District 8 - Jackson,THP,-,-,-,-,-,-,-,-,-,ATV_Involved,-,-,-,Hardin,Not in City Limit,7
69659,400228062,0,2,35.74306,-86.94039,7,2025-03-05 10:03:00,2025,3,5,10,3,Wednesday,10:03,Suspected Serious Injury,Daylight,Cloudy,Motor Vehicle-In-Transport On Same Roadway,None,SPRING HILL POLICE DEPT,Other,Unbelted,-,-,-,-,-,-,-,-,-,-,-,-,Maury,Spring Hill,4
69661,400228077,0,2,36.02573,-84.23963,1,2025-03-05 11:15:00,2025,3,5,11,15,Wednesday,11:15,Suspected Serious Injury,Daylight,Cloudy,Motor Vehicle-In-Transport On Same Roadway,None,OAK RIDGE POLICE DEPT,Other,Unbelted,-,-,-,-,-,-,-,-,-,-,-,-,Anderson,Oak Ridge,4
69687,400228219,1,0,35.92374,-84.13424,1,2025-03-04 15:37:00,2025,3,4,15,37,Tuesday,15:37,Fatal,Daylight,Clear,Motor Vehicle-In-Transport On Same Roadway,None,KNOX CO SHERIFFS OFFICE,Other,Unbelted,-,-,-,-,-,-,-,-,-,-,Motorcyclist,-,Knox,Not in City Limit,3
69714,400228333,0,1,35.42505,-88.64005,8,2025-03-05 23:16:00,2025,3,5,23,16,Wednesday,23:16,Suspected Serious Injury,Dark-Lighted,Clear,Other Post/Pole Support,None,THP District 8 - Jackson,THP,Unbelted,Distracted,Drinking,Drug,-,Speeding,-,-,-,-,-,-,-,Chester,Henderson,4
69716,400228353,0,1,36.45068,-81.88057,5,2025-03-02 21:40:00,2025,3,2,21,40,Sunday,21:40,Suspected Serious Injury,Dark-Not Lighted,Clear,Ditch,None,THP District 5 - Fall Branch,THP,Unbelted,-,-,-,-,-,-,-,-,-,-,-,-,Johnson,Not in City Limit,1
69717,400228359,0,1,35.9037,-84.11646,1,2025-03-06 02:55:00,2025,3,6,2,55,Thursday,02:55,Suspected Serious Injury,Dark-Lighted,Clear,Fence,None,KNOXVILLE POLICE DEPT,Other,Unbelted,-,Drinking,-,-,-,-,-,-,-,-,-,-,Knox,Knoxville,5
69719,400228374,0,1,35.31754,-87.77125,7,2025-03-01 19:57:00,2025,3,1,19,57,Saturday,19:57,Suspected Serious Injury,Dark-Not Lighted,Clear,Ditch,None,WAYNESBORO POLICE DEPT,Other,Unbelted,-,Drinking,Drug,-,-,-,-,-,-,-,-,-,Wayne,Waynesboro,7