OBJECTID,MRN,Fatality,Injury,Latitude,Longitude,THP_District,Collision_Date,Collision_Year,Collision_Month,Collision_Day,Collision_Hour,Collision_Min,Collision_DOW,Collision_Time,Crash_Type,Light_Condition,Weather,First_Harmfu_Event,Work_Zone_Type,Agency_Name,THP,Unbelted,Distracted_Driver,Driver_Drinking,Driver_Drugged,Drowsy_Driver,Speeding_Involved,Pedalcyclist,Pedestrian,Other_Nonmotorist,ATV_Involved,LargeTruck_Involved,Motorcycle_Involved,SchoolBus,County,City,DOW_Nmb
69722,400228414,0,2,36.06341,-86.62692,3,2025-03-06 05:25:00,2025,3,6,5,25,Thursday,05:25,Suspected Serious Injury,Dark-Lighted,Clear,Motor Vehicle-In-Transport On Same Roadway,None,METROPOLITAN NASHVILLE POLICE DEPT,Other,Unbelted,-,-,-,-,-,-,-,-,-,-,-,-,Davidson,Nashville,5
69727,400228475,0,2,35.90693,-85.8136,6,2025-03-06 07:12:00,2025,3,6,7,12,Thursday,07:12,Suspected Serious Injury,Daylight,Clear,Motor Vehicle-In-Transport On Same Roadway,None,THP District 6 - Cookeville,THP,Unbelted,-,-,-,-,-,-,-,-,-,-,-,-,DeKalb,Not in City Limit,5
69747,400228569,1,0,36.02702,-84.02534,1,2025-03-05 19:15:00,2025,3,5,19,15,Wednesday,19:15,Fatal,Dark-Not Lighted,Cloudy,Curb,None,THP District 1 - Knoxville,THP,-,-,-,-,-,-,-,-,-,-,-,Motorcyclist,-,Knox,Not in City Limit,4
69748,400228573,0,1,36.32688,-89.09002,8,2025-03-06 12:17:00,2025,3,6,12,17,Thursday,12:17,Suspected Serious Injury,Daylight,Clear,Railway Train,None,THP District 8 - Jackson,THP,Unbelted,-,-,-,-,-,-,-,-,-,-,-,-,Obion,Not in City Limit,5
69750,400228581,0,2,35.62296,-88.41861,8,2025-03-06 11:37:00,2025,3,6,11,37,Thursday,11:37,Suspected Serious Injury,Daylight,Clear,Motor Vehicle-In-Transport On Same Roadway,None,LEXINGTON POLICE DEPT,Other,Unbelted,-,-,-,-,-,-,-,-,-,-,-,-,Henderson,Lexington,5
69751,400228582,0,2,36.45019,-82.52925,5,2025-03-06 15:13:00,2025,3,6,15,13,Thursday,15:13,Suspected Serious Injury,Daylight,Clear,Guard Rail Face,None,THP District 5 - Fall Branch,THP,Unbelted,Distracted,-,-,Drowsy,-,-,-,-,-,-,-,-,Sullivan,Kingsport,5
69754,400228600,0,2,35.94951,-83.92492,1,2025-03-06 11:07:00,2025,3,6,11,7,Thursday,11:07,Suspected Serious Injury,Daylight,Cloudy,Motor Vehicle-In-Transport On Same Roadway,None,UNIV OF TENN KNOXVILLE POLICE,Other,Unbelted,-,-,-,-,-,-,-,-,-,-,-,-,Knox,Knoxville,5
69755,400228605,0,2,36.46145,-86.66272,3,2025-03-06 13:50:00,2025,3,6,13,50,Thursday,13:50,Suspected Serious Injury,Daylight,Clear,Motor Vehicle-In-Transport On Same Roadway,None,WHITE HOUSE POLICE DEPT,Other,Unbelted,-,-,-,Drowsy,-,-,-,-,-,-,-,-,Sumner,White House,5
69761,400228638,0,3,35.71999,-84.31162,1,2025-03-06 16:26:00,2025,3,6,16,26,Thursday,16:26,Suspected Serious Injury,Daylight,Clear,Motor Vehicle-In-Transport On Same Roadway,None,THP District 1 - Knoxville,THP,Unbelted,-,Drinking,-,-,-,-,-,-,-,-,-,-,Loudon,Not in City Limit,5
69766,400228683,0,2,35.33403,-89.51526,4,2025-03-06 14:53:00,2025,3,6,14,53,Thursday,14:53,Suspected Serious Injury,Daylight,Clear,Ditch,None,FAYETTE CO SHERIFF'S OFFICE,Other,Unbelted,-,-,-,-,Speeding,-,-,-,-,-,-,-,Fayette,Not in City Limit,5
69774,400228719,0,1,35.37175,-86.83858,7,2025-03-06 14:45:00,2025,3,6,14,45,Thursday,14:45,Suspected Serious Injury,Daylight,Clear,Pedestrian,None,THP District 7 - Lawrenceburg,THP,Unbelted,-,-,-,-,-,-,Pedestrian,-,-,-,-,-,Marshall,Cornersville,5
69799,400228816,0,1,36.44496,-82.95823,5,2025-03-07 00:22:00,2025,3,7,0,22,Friday,00:22,Suspected Serious Injury,Dark-Not Lighted,Clear,Culvert,None,THP District 5 - Fall Branch,THP,Unbelted,-,-,-,-,-,-,-,-,-,-,-,-,Hawkins,Not in City Limit,6
69805,400228855,2,0,35.35675,-86.16132,2,2025-03-07 05:05:00,2025,3,7,5,5,Friday,05:05,Fatal,Dark-Not Lighted,Clear,Motor Vehicle-In-Transport On Same Roadway,None,THP District 2 - Chattanooga,THP,Unbelted,-,-,-,-,-,-,-,-,-,-,-,-,Coffee,Not in City Limit,6
69808,400228872,1,0,35.82555,-83.97629,1,2025-03-07 07:30:00,2025,3,7,7,30,Friday,07:30,Fatal,Daylight,Cloudy,Motor Vehicle-In-Transport On Same Roadway,None,ALCOA POLICE DEPARTMENT,Other,Unbelted,-,-,-,-,-,-,-,-,-,-,-,-,Blount,Alcoa,6
69812,400228885,0,1,35.95355,-84.96415,6,2025-03-06 10:35:00,2025,3,6,10,35,Thursday,10:35,Suspected Serious Injury,Daylight,Clear,Other Fixed Object,None,THP District 6 - Cookeville,THP,Unbelted,-,Drinking,Drug,-,-,-,-,-,-,-,-,-,Cumberland,Not in City Limit,5
69820,400228935,0,1,35.85185,-86.3352,3,2025-03-07 09:43:00,2025,3,7,9,43,Friday,09:43,Suspected Serious Injury,Daylight,Clear,Fell/Jumped From Vehicle,None,RUTHERFORD CO SHERIFFS DEPT,Other,-,-,-,-,-,-,-,-,-,-,-,Motorcyclist,-,Rutherford,Not in City Limit,6
69821,400228936,1,2,35.52159,-86.4686,7,2025-03-01 22:25:00,2025,3,1,22,25,Saturday,22:25,Fatal,Dark-Not Lighted,Clear,Fence,None,THP District 7 - Lawrenceburg,THP,Unbelted,-,Drinking,-,-,-,-,-,-,-,-,-,-,Bedford,Not in City Limit,7
69827,400228959,0,3,36.34154,-83.03574,5,2025-03-07 11:17:00,2025,3,7,11,17,Friday,11:17,Suspected Serious Injury,Daylight,Cloudy,Motor Vehicle-In-Transport On Same Roadway,None,THP District 5 - Fall Branch,THP,Unbelted,-,-,-,-,-,-,-,-,-,-,-,-,Hawkins,Not in City Limit,6
69838,400229025,0,2,35.92282,-84.03283,1,2025-03-07 14:53:00,2025,3,7,14,53,Friday,14:53,Suspected Serious Injury,Daylight,Cloudy,Motor Vehicle-In-Transport On Same Roadway,None,KNOXVILLE POLICE DEPT,Other,Unbelted,-,-,-,-,-,-,-,-,-,-,Motorcyclist,-,Knox,Knoxville,6
69842,400229062,0,1,35.94402,-85.48381,6,2025-03-07 14:48:00,2025,3,7,14,48,Friday,14:48,Suspected Serious Injury,Daylight,Cloudy,Motor Vehicle-In-Transport On Same Roadway,None,SPARTA POLICE DEPT,Other,Unbelted,-,-,-,-,-,-,-,-,-,-,-,-,White,Sparta,6
69844,400229076,0,1,36.16334,-86.7879,3,2025-03-07 15:36:00,2025,3,7,15,36,Friday,15:36,Suspected Serious Injury,Daylight,Clear,Pedestrian,None,METROPOLITAN NASHVILLE POLICE DEPT,Other,Unbelted,-,-,-,-,-,-,Pedestrian,-,-,-,-,-,Davidson,Nashville,6
69845,400229079,0,3,36.20066,-83.87943,5,2025-03-07 15:30:00,2025,3,7,15,30,Friday,15:30,Suspected Serious Injury,Daylight,Cloudy,Motor Vehicle-In-Transport On Same Roadway,Construction Zone,THP District 5 - Fall Branch,THP,Unbelted,Distracted,-,-,-,-,-,-,-,-,-,-,Direct,Union,Not in City Limit,6
69849,400229101,0,4,35.78736,-86.40049,3,2025-03-07 16:47:00,2025,3,7,16,47,Friday,16:47,Suspected Serious Injury,Daylight,Clear,Motor Vehicle-In-Transport On Same Roadway,None,MURFREESBORO POLICE DEPT,Other,Unbelted,-,-,-,-,-,-,-,-,-,-,-,-,Rutherford,Murfreesboro,6
69851,400229110,0,1,35.37203,-88.28511,8,2025-03-07 16:25:00,2025,3,7,16,25,Friday,16:25,Suspected Serious Injury,Daylight,Cloudy,Embankment Earth,None,THP District 8 - Jackson,THP,Unbelted,-,-,-,-,-,-,-,-,-,-,-,-,Hardin,Not in City Limit,6
69855,400229152,1,0,36.45105,-82.52121,5,2025-03-04 22:20:00,2025,3,4,22,20,Tuesday,22:20,Fatal,Dark-Not Lighted,Clear,Motor Vehicle-In-Transport On Same Roadway,None,THP District 5 - Fall Branch,THP,Unbelted,-,Drinking,Drug,-,-,-,-,-,-,-,Motorcyclist,-,Sullivan,Kingsport,3
69856,400229165,0,1,36.15816,-86.7718,3,2025-03-07 20:02:00,2025,3,7,20,2,Friday,20:02,Suspected Serious Injury,Dark-Lighted,Clear,Other Post/Pole Support,None,METROPOLITAN NASHVILLE POLICE DEPT,Other,Unbelted,-,-,Drug,-,-,-,-,-,-,-,-,-,Davidson,Nashville,6
69859,400229176,1,0,36.38351,-88.72368,8,2025-03-07 10:21:00,2025,3,7,10,21,Friday,10:21,Fatal,Daylight,Cloudy,Standing Tree,None,THP District 8 - Jackson,THP,Unbelted,-,-,-,-,-,-,-,-,-,-,-,-,Weakley,Not in City Limit,6
69863,400229187,1,0,35.60774,-85.90823,6,2025-03-07 15:43:00,2025,3,7,15,43,Friday,15:43,Fatal,Daylight,Cloudy,Motor Vehicle-In-Transport On Same Roadway,None,THP District 6 - Cookeville,THP,Unbelted,-,-,-,-,-,-,-,-,-,ATV_Involved,-,-,Warren,Morrison,6
69866,400229201,1,3,35.43133,-87.28461,7,2025-03-07 18:30:00,2025,3,7,18,30,Friday,18:30,Fatal,Dark-Not Lighted,Cloudy,Motor Vehicle-In-Transport On Same Roadway,None,THP District 7 - Lawrenceburg,THP,Unbelted,-,Drinking,-,-,-,-,-,-,-,-,-,-,Lawrence,Not in City Limit,6
69870,400229215,1,0,35.90131,-83.85047,1,2025-03-04 00:49:00,2025,3,4,0,49,Tuesday,00:49,Fatal,Dark-Not Lighted,Clear,Pedestrian,None,THP District 1 - Knoxville,THP,Unbelted,-,-,-,-,-,-,Pedestrian,-,-,-,-,-,Knox,Not in City Limit,3
69872,400229231,0,1,35.62657,-86.09827,2,2025-03-07 23:00:00,2025,3,7,23,0,Friday,23:00,Suspected Serious Injury,Dark-Not Lighted,Clear,Ditch,None,THP District 2 - Chattanooga,THP,-,-,-,-,-,Speeding,-,-,-,-,-,Motorcyclist,-,Coffee,Not in City Limit,6
69878,400229268,0,2,36.25698,-86.73851,3,2025-03-07 12:20:00,2025,3,7,12,20,Friday,12:20,Suspected Serious Injury,Daylight,Clear,Motor Vehicle-In-Transport On Same Roadway,None,THP District 3 - Nashville,THP,Unbelted,-,-,-,-,-,-,-,-,-,ATV_Involved,-,-,Davidson,Nashville,6
69887,400229304,0,1,35.72754,-83.63421,1,2025-03-07 00:00:00,2025,3,7,24,0,Friday,24:00,Suspected Serious Injury,Dark-Not Lighted,Clear,Ditch,None,SEVIER CO SHERIFFS OFFICE,Other,Unbelted,-,-,-,-,-,-,-,-,-,-,-,-,Sevier,Not in City Limit,6
69889,400229308,0,2,35.38189,-86.17868,2,2025-03-08 08:57:00,2025,3,8,8,57,Saturday,08:57,Suspected Serious Injury,Daylight,Clear,Culvert,None,TULLAHOMA POLICE DEPT,Other,Unbelted,Distracted,-,-,-,-,-,-,-,-,-,-,-,Coffee,Tullahoma,7
69915,400229429,0,2,35.66574,-88.84824,8,2025-03-04 14:27:00,2025,3,4,14,27,Tuesday,14:27,Suspected Serious Injury,Daylight,Cloudy,Motor Vehicle-In-Transport On Same Roadway,Maintenance Zone,THP District 8 - Jackson,THP,Unbelted,-,-,-,-,-,-,-,-,-,ATV_Involved,-,-,Madison,Jackson,3
69916,400229431,0,1,36.26992,-83.40266,5,2025-03-08 16:20:00,2025,3,8,16,20,Saturday,16:20,Suspected Serious Injury,Daylight,Clear,Standing Tree,None,THP District 5 - Fall Branch,THP,Unbelted,-,-,-,-,-,-,-,-,-,-,-,-,Grainger,Not in City Limit,7
69920,400229441,0,1,35.57617,-84.35661,1,2025-03-08 13:30:00,2025,3,8,13,30,Saturday,13:30,Suspected Serious Injury,Daylight,Clear,Embankment Earth,None,THP District 1 - Knoxville,THP,-,-,-,-,-,-,-,-,-,-,-,Motorcyclist,-,Monroe,Not in City Limit,7
69937,400229505,0,1,36.26666,-86.73858,3,2025-03-08 19:18:00,2025,3,8,19,18,Saturday,19:18,Suspected Serious Injury,Dark-Lighted,Clear,Concrete Traffic Barrier,None,METROPOLITAN NASHVILLE POLICE DEPT,Other,Unbelted,-,-,-,-,-,-,-,-,-,-,-,-,Davidson,Nashville,7
69945,400229528,0,1,36.00952,-82.83312,5,2025-03-07 19:15:00,2025,3,7,19,15,Friday,19:15,Suspected Serious Injury,Dark-Not Lighted,Clear,Culvert,None,THP District 5 - Fall Branch,THP,Unbelted,Distracted,Drinking,Drug,-,-,-,-,-,-,-,-,-,Greene,Not in City Limit,6
69952,400229574,0,1,35.82249,-86.83792,3,2025-03-09 04:01:00,2025,3,9,4,1,Sunday,04:01,Suspected Serious Injury,Dark-Not Lighted,Clear,Embankment Rock/Stone/Concrete,None,WILLIAMSON CO SHERIFFS OFFICE,Other,Unbelted,-,Drinking,-,-,-,-,-,-,-,-,-,-,Williamson,Not in City Limit,1
69955,400229584,0,2,35.64144,-88.85013,8,2025-03-08 16:07:00,2025,3,8,16,7,Saturday,16:07,Suspected Serious Injury,Daylight,Clear,Motor Vehicle-In-Transport On Same Roadway,None,JACKSON POLICE DEPT,Other,Unbelted,-,-,-,-,-,-,-,-,-,-,-,-,Madison,Jackson,7
69959,400229598,0,1,35.8343,-88.93124,8,2025-03-08 11:25:00,2025,3,8,11,25,Saturday,11:25,Suspected Serious Injury,Daylight,Clear,Motor Vehicle-In-Transport On Same Roadway,None,HUMBOLDT POLICE DEPT,Other,Unbelted,Distracted,-,-,-,-,-,-,-,-,-,-,-,Gibson,Humboldt,7
69960,400229601,2,0,35.50957,-86.39944,7,2025-03-08 13:15:00,2025,3,8,13,15,Saturday,13:15,Fatal,Daylight,Clear,Motor Vehicle-In-Transport On Same Roadway,None,THP District 7 - Lawrenceburg,THP,Unbelted,-,-,-,-,-,-,-,-,-,ATV_Involved,-,-,Bedford,Not in City Limit,7
69970,400229660,0,2,36.45562,-85.39361,6,2025-03-08 00:00:00,2025,3,8,24,0,Saturday,24:00,Suspected Serious Injury,Unknown,Unknown,Standing Tree,None,OVERTON CO SHERIFFS DEPT,Other,Unbelted,-,Drinking,-,-,Speeding,-,-,-,-,-,-,-,Overton,Not in City Limit,7
69974,400229696,0,1,35.07394,-84.81497,2,2025-03-08 15:38:00,2025,3,8,15,38,Saturday,15:38,Suspected Serious Injury,Daylight,Clear,Motor Vehicle-In-Transport On Same Roadway,None,THP District 2 - Chattanooga,THP,Unbelted,-,-,-,-,-,-,-,-,-,-,Motorcyclist,-,Bradley,Not in City Limit,7
69988,400229732,0,3,36.01659,-83.41585,5,2025-03-09 15:21:00,2025,3,9,15,21,Sunday,15:21,Suspected Serious Injury,Daylight,Clear,Motor Vehicle-In-Transport On Same Roadway,None,DANDRIDGE POLICE DEPT,Other,Unbelted,-,-,Drug,-,-,-,-,-,-,-,-,-,Jefferson,Dandridge,1
69996,400229784,0,1,36.16614,-84.19172,1,2025-03-09 17:51:00,2025,3,9,17,51,Sunday,17:51,Suspected Serious Injury,Daylight,Clear,Standing Tree,None,THP District 1 - Knoxville,THP,-,-,-,-,-,-,-,-,-,-,-,Motorcyclist,-,Anderson,Not in City Limit,1
69997,400229786,0,1,35.06799,-84.77582,2,2025-03-09 16:52:00,2025,3,9,16,52,Sunday,16:52,Suspected Serious Injury,Daylight,Clear,Fence,None,THP District 2 - Chattanooga,THP,Unbelted,-,-,-,-,Speeding,-,-,-,-,-,-,-,Bradley,Not in City Limit,1
69999,400229794,0,1,36.06126,-88.03845,8,2025-03-09 14:07:00,2025,3,9,14,7,Sunday,14:07,Suspected Serious Injury,Daylight,Clear,Standing Tree,None,THP District 8 - Jackson,THP,Unbelted,-,-,-,-,-,-,-,-,-,-,-,-,Benton,Not in City Limit,1
70008,400229819,0,3,36.57809,-86.23928,3,2025-03-09 16:00:00,2025,3,9,16,0,Sunday,16:00,Suspected Serious Injury,Daylight,Clear,Motor Vehicle-In-Transport On Same Roadway,None,THP District 3 - Nashville,THP,Unbelted,-,Drinking,-,-,-,-,-,-,-,-,-,-,Sumner,Westmoreland,1
70016,400229887,0,1,35.61886,-87.09333,7,2025-03-09 20:48:00,2025,3,9,20,48,Sunday,20:48,Suspected Serious Injury,Dark-Lighted,Clear,Pedestrian,None,COLUMBIA POLICE DEPT,Other,-,-,-,-,-,-,-,Pedestrian,-,-,-,-,-,Maury,Columbia,1
70017,400229891,0,1,35.01119,-88.45868,8,2025-03-09 00:20:00,2025,3,9,0,20,Sunday,00:20,Suspected Serious Injury,Dark-Not Lighted,Rain,Culvert,None,THP District 8 - Jackson,THP,Unbelted,-,Drinking,-,-,Speeding,-,-,-,-,-,-,-,McNairy,Not in City Limit,1
70025,400229934,0,3,35.04162,-85.58204,2,2025-03-09 13:35:00,2025,3,9,13,35,Sunday,13:35,Suspected Serious Injury,Daylight,Cloudy,Motor Vehicle-In-Transport On Same Roadway,None,THP District 2 - Chattanooga,THP,Unbelted,-,-,-,-,-,-,-,-,-,-,-,-,Marion,Not in City Limit,1
70029,400229959,0,1,36.25502,-87.48071,3,2025-03-09 14:10:00,2025,3,9,14,10,Sunday,14:10,Suspected Serious Injury,Daylight,Clear,Motor Vehicle-In-Transport On Same Roadway,None,THP District 3 - Nashville,THP,Unbelted,-,-,-,-,-,-,-,-,-,-,Motorcyclist,-,Dickson,Vanleer,1
70031,400229963,0,1,36.234,-85.894,6,2025-03-09 15:04:00,2025,3,9,15,4,Sunday,15:04,Suspected Serious Injury,Daylight,Clear,"Over Turn, Roll Over",None,THP District 6 - Cookeville,THP,-,-,-,-,-,-,-,-,-,-,-,Motorcyclist,-,Smith,Not in City Limit,1
70046,400230029,1,0,36.01347,-87.37383,3,2025-03-06 07:36:00,2025,3,6,7,36,Thursday,07:36,Fatal,Daylight,Clear,Standing Tree,None,THP District 3 - Nashville,THP,Unbelted,-,-,Drug,-,-,-,-,-,-,-,-,-,Dickson,Not in City Limit,5
70062,400230104,0,1,35.89429,-84.14075,1,2025-03-09 17:23:00,2025,3,9,17,23,Sunday,17:23,Suspected Serious Injury,Daylight,Clear,Fell/Jumped From Vehicle,None,KNOX CO SHERIFFS OFFICE,Other,-,Distracted,-,Drug,-,-,-,-,-,-,-,Motorcyclist,-,Knox,Not in City Limit,1
70074,400230160,1,1,35.24765,-87.04298,7,2025-03-10 17:38:00,2025,3,10,17,38,Monday,17:38,Fatal,Daylight,Clear,Motor Vehicle-In-Transport On Same Roadway,None,THP District 7 - Lawrenceburg,THP,Unbelted,-,-,-,-,-,-,-,-,-,-,-,-,Giles,Not in City Limit,2
70077,400230172,0,1,35.475,-89.74712,4,2025-03-08 03:22:00,2025,3,8,3,22,Saturday,03:22,Suspected Serious Injury,Dark-Not Lighted,Clear,Other Fixed Object,None,THP District 4 - Memphis,THP,Unbelted,-,-,-,-,-,-,-,-,-,-,-,-,Tipton,Brighton,7
70085,400230227,0,1,35.8626,-87.80942,3,2025-03-11 07:07:00,2025,3,11,7,7,Tuesday,07:07,Suspected Serious Injury,Daylight,Clear,Embankment Earth,None,THP District 3 - Nashville,THP,Unbelted,-,-,-,Drowsy,-,-,-,-,-,-,-,-,Humphreys,Not in City Limit,3
70091,400230272,1,0,36.35721,-82.22399,5,2025-03-11 07:15:00,2025,3,11,7,15,Tuesday,07:15,Fatal,Dark-Not Lighted,Clear,Pedestrian,None,THP District 5 - Fall Branch,THP,Unbelted,-,-,-,-,-,-,Pedestrian,-,-,-,-,-,Carter,Not in City Limit,3
70103,400230324,0,2,36.07508,-85.55849,6,2025-03-11 08:18:00,2025,3,11,8,18,Tuesday,08:18,Suspected Serious Injury,Daylight,Clear,Ditch,None,THP District 6 - Cookeville,THP,Unbelted,-,-,-,-,-,-,-,-,-,-,-,-,White,Not in City Limit,3
70109,400230366,1,0,35.98292,-83.61049,1,2025-03-11 02:31:00,2025,3,11,2,31,Tuesday,02:31,Fatal,Dark-Lighted,Clear,Parked Motor Vehicle,None,SEVIERVILLE POLICE DEPT,Other,Unbelted,-,Drinking,Drug,-,-,-,-,-,-,ATV_Involved,-,-,Sevier,Sevierville,3
70123,400230439,0,6,36.02849,-86.60409,3,2025-03-10 19:00:00,2025,3,10,19,0,Monday,19:00,Suspected Serious Injury,Dark-Not Lighted,Clear,Culvert,None,METROPOLITAN NASHVILLE POLICE DEPT,Other,Unbelted,-,-,-,-,-,-,-,-,-,-,-,-,Davidson,Nashville,2
70129,400230480,0,1,36.1529,-86.76562,3,2025-03-10 17:20:00,2025,3,10,17,20,Monday,17:20,Suspected Serious Injury,Daylight,Clear,Motor Vehicle-In-Transport On Same Roadway,None,METROPOLITAN NASHVILLE POLICE DEPT,Other,Unbelted,-,-,-,-,-,-,-,-,-,-,Motorcyclist,-,Davidson,Nashville,2
70141,400230556,0,1,35.87651,-87.33342,7,2025-03-11 16:36:00,2025,3,11,16,36,Tuesday,16:36,Suspected Serious Injury,Daylight,Clear,"Over Turn, Roll Over",None,THP District 7 - Lawrenceburg,THP,Unbelted,-,-,-,-,-,-,-,-,-,-,-,-,Hickman,Not in City Limit,3
70151,400230614,0,3,35.97567,-88.65851,8,2025-03-11 16:00:00,2025,3,11,16,0,Tuesday,16:00,Suspected Serious Injury,Daylight,Clear,Motor Vehicle-In-Transport On Same Roadway,None,THP District 8 - Jackson,THP,Unbelted,-,-,-,-,-,-,-,-,-,-,-,-,Carroll,Atwood,3
70159,400230653,0,1,35.34258,-84.23075,1,2025-03-11 13:50:00,2025,3,11,13,50,Tuesday,13:50,Suspected Serious Injury,Daylight,Clear,Embankment Rock/Stone/Concrete,None,THP District 1 - Knoxville,THP,Unbelted,-,-,-,-,-,-,-,-,-,-,-,-,Monroe,Not in City Limit,3
70167,400230682,0,2,35.94969,-85.74144,6,2025-03-10 18:18:00,2025,3,10,18,18,Monday,18:18,Suspected Serious Injury,Daylight,Clear,Guard Rail Face,None,THP District 6 - Cookeville,THP,Unbelted,-,Drinking,Drug,-,-,-,-,-,-,-,-,-,DeKalb,Not in City Limit,2
70173,400230722,0,1,35.56059,-89.17737,4,2025-03-12 04:47:00,2025,3,12,4,47,Wednesday,04:47,Suspected Serious Injury,Dark-Not Lighted,Clear,Motor Vehicle-In-Transport On Same Roadway,None,THP District 4 - Memphis,THP,Unbelted,-,-,-,-,-,-,-,-,-,ATV_Involved,-,-,Haywood,Not in City Limit,4
70174,400230727,0,1,36.41789,-87.35128,3,2025-03-12 05:30:00,2025,3,12,5,30,Wednesday,05:30,Suspected Serious Injury,Dark-Not Lighted,Clear,Deer,None,MONTGOMERY CO SHERIFFS OFFICE,Other,-,-,-,-,-,-,-,-,-,-,-,Motorcyclist,-,Montgomery,Not in City Limit,4
70177,400230755,0,1,36.17895,-86.32511,3,2025-03-10 01:52:00,2025,3,10,1,52,Monday,01:52,Suspected Serious Injury,Dark-Not Lighted,Clear,Curb,None,LEBANON POLICE DEPT,Other,-,-,-,-,-,-,-,-,-,-,-,Motorcyclist,-,Wilson,Lebanon,2
70184,400230803,0,1,35.72909,-84.03339,1,2025-03-12 08:01:00,2025,3,12,8,1,Wednesday,08:01,Suspected Serious Injury,Dawn,Clear,Motor Vehicle-In-Transport On Same Roadway,None,BLOUNT CO SHERIFFS DEPT,Other,Unbelted,-,-,-,-,Speeding,-,-,-,-,-,Motorcyclist,-,Blount,Not in City Limit,4
70191,400230845,0,1,35.91386,-88.34432,8,2025-03-12 11:00:00,2025,3,12,11,0,Wednesday,11:00,Suspected Serious Injury,Daylight,Clear,Embankment Earth,None,THP District 8 - Jackson,THP,Unbelted,-,-,-,-,-,-,-,-,-,-,-,-,Carroll,Not in City Limit,4
70196,400230865,0,2,35.27063,-85.71484,2,2025-03-11 13:20:00,2025,3,11,13,20,Tuesday,13:20,Suspected Serious Injury,Daylight,Clear,Ditch,None,TRACY CITY POLICE DEPT,Other,Unbelted,-,-,-,-,-,-,-,-,-,-,-,-,Grundy,Tracy City,3
70205,400230897,0,2,36.31342,-84.20509,1,2025-03-12 14:18:00,2025,3,12,14,18,Wednesday,14:18,Suspected Serious Injury,Daylight,Clear,Motor Vehicle-In-Transport On Same Roadway,None,CARYVILLE POLICE DEPT,Other,Unbelted,-,-,-,-,-,-,-,-,-,-,-,-,Campbell,Caryville,4
70214,400230956,0,1,36.45564,-86.69966,3,2025-03-12 15:50:00,2025,3,12,15,50,Wednesday,15:50,Suspected Serious Injury,Daylight,Clear,Culvert,None,THP District 3 - Nashville,THP,-,Distracted,-,-,-,-,-,-,-,-,-,Motorcyclist,-,Robertson,White House,4
70218,400230965,0,4,35.98013,-84.18176,1,2025-03-12 17:29:00,2025,3,12,17,29,Wednesday,17:29,Suspected Serious Injury,Daylight,Clear,Motor Vehicle-In-Transport On Same Roadway,None,THP District 1 - Knoxville,THP,Unbelted,-,-,-,-,-,-,-,-,-,-,-,-,Knox,Not in City Limit,4
70224,400230988,0,1,36.23909,-86.75499,3,2025-03-12 16:41:00,2025,3,12,16,41,Wednesday,16:41,Suspected Serious Injury,Daylight,Clear,Motor Vehicle-In-Transport On Same Roadway,None,METROPOLITAN NASHVILLE POLICE DEPT,Other,Unbelted,-,-,-,-,-,-,-,-,-,ATV_Involved,-,-,Davidson,Nashville,4
70227,400231008,0,1,35.91552,-86.76467,3,2025-03-12 17:36:00,2025,3,12,17,36,Wednesday,17:36,Suspected Serious Injury,Daylight,Clear,Motor Vehicle-In-Transport On Same Roadway,None,WILLIAMSON CO SHERIFFS OFFICE,Other,Unbelted,Distracted,-,-,-,-,-,-,-,-,-,Motorcyclist,-,Williamson,Not in City Limit,4
70231,400231014,0,1,35.87385,-86.39564,3,2025-03-12 17:47:00,2025,3,12,17,47,Wednesday,17:47,Suspected Serious Injury,Daylight,Clear,Motor Vehicle-In-Transport On Same Roadway,None,MURFREESBORO POLICE DEPT,Other,Unbelted,-,-,-,-,-,-,-,-,-,-,-,-,Rutherford,Murfreesboro,4
70259,400231126,1,0,35.98992,-86.58809,3,2025-03-12 22:40:00,2025,3,12,22,40,Wednesday,22:40,Fatal,Dark-Lighted,Clear,Motor Vehicle-In-Transport On Same Roadway,None,THP District 3 - Nashville,THP,Unbelted,-,Drinking,Drug,-,-,-,-,-,-,ATV_Involved,-,-,Rutherford,Lavergne,4
70261,400231143,0,1,35.12697,-85.02659,2,2025-03-13 05:25:00,2025,3,13,5,25,Thursday,05:25,Suspected Serious Injury,Dark-Not Lighted,Clear,Motor Vehicle-In-Transport On Same Roadway,None,THP District 2 - Chattanooga,THP,Unbelted,-,-,-,-,-,-,-,-,-,ATV_Involved,-,-,Hamilton,Not in City Limit,5
70268,400231177,0,1,36.40421,-87.67146,3,2025-03-13 06:33:00,2025,3,13,6,33,Thursday,06:33,Suspected Serious Injury,Dark-Not Lighted,Clear,Deer,None,THP District 3 - Nashville,THP,-,-,-,-,-,-,-,-,-,-,-,Motorcyclist,-,Stewart,Not in City Limit,5
70283,400231240,0,1,35.20783,-87.30396,7,2025-03-11 12:58:00,2025,3,11,12,58,Tuesday,12:58,Suspected Serious Injury,Daylight,Clear,Motor Vehicle-In-Transport On Same Roadway,None,THP District 7 - Lawrenceburg,THP,Unbelted,-,-,-,-,-,-,-,-,-,-,Motorcyclist,-,Lawrence,Not in City Limit,3