OBJECTID,MRN,Fatality,Injury,Latitude,Longitude,THP_District,Collision_Date,Collision_Year,Collision_Month,Collision_Day,Collision_Hour,Collision_Min,Collision_DOW,Collision_Time,Crash_Type,Light_Condition,Weather,First_Harmfu_Event,Work_Zone_Type,Agency_Name,THP,Unbelted,Distracted_Driver,Driver_Drinking,Driver_Drugged,Drowsy_Driver,Speeding_Involved,Pedalcyclist,Pedestrian,Other_Nonmotorist,ATV_Involved,LargeTruck_Involved,Motorcycle_Involved,SchoolBus,County,City,DOW_Nmb
70284,400231242,0,2,35.91375,-83.82851,1,2025-03-12 12:11:00,2025,3,12,12,11,Wednesday,12:11,Suspected Serious Injury,Daylight,Clear,Motor Vehicle-In-Transport On Same Roadway,None,KNOX CO SHERIFFS OFFICE,Other,Unbelted,-,-,-,-,-,-,-,-,-,-,-,-,Knox,Not in City Limit,4
70319,400231421,1,0,36.12952,-84.14794,1,2025-03-13 15:43:00,2025,3,13,15,43,Thursday,15:43,Fatal,Daylight,Clear,Embankment Earth,None,THP District 1 - Knoxville,THP,-,-,-,Drug,-,-,-,-,-,-,-,Motorcyclist,-,Anderson,Not in City Limit,5
70320,400231427,0,2,35.55251,-87.52364,7,2025-03-10 16:49:00,2025,3,10,16,49,Monday,16:49,Suspected Serious Injury,Daylight,Clear,Standing Tree,None,THP District 7 - Lawrenceburg,THP,Unbelted,-,-,-,-,-,-,-,-,-,-,-,-,Lewis,Not in City Limit,2
70325,400231457,0,1,36.1779,-88.16004,8,2025-03-12 13:49:00,2025,3,12,13,49,Wednesday,13:49,Suspected Serious Injury,Daylight,Clear,Motor Vehicle-In-Transport On Same Roadway,None,THP District 8 - Jackson,THP,Unbelted,-,-,-,-,-,-,-,-,-,-,Motorcyclist,-,Benton,Not in City Limit,4
70336,400231520,0,2,36.11338,-86.69037,3,2025-03-13 20:00:00,2025,3,13,20,0,Thursday,20:00,Suspected Serious Injury,Dark-Not Lighted,Clear,Motor Vehicle-In-Transport On Same Roadway,None,METROPOLITAN NASHVILLE POLICE DEPT,Other,Unbelted,-,-,-,-,-,-,-,-,-,-,Motorcyclist,-,Davidson,Nashville,5
70343,400231545,0,1,35.64466,-88.77581,8,2025-03-13 20:25:00,2025,3,13,20,25,Thursday,20:25,Suspected Serious Injury,Dark-Not Lighted,Clear,Motor Vehicle-In-Transport On Same Roadway,None,JACKSON POLICE DEPT,Other,Unbelted,-,-,-,-,-,-,-,-,-,-,Motorcyclist,-,Madison,Jackson,5
70346,400231565,0,3,35.88668,-86.47432,3,2025-03-12 00:00:00,2025,3,12,0,0,Wednesday,00:00,Suspected Serious Injury,Dark-Not Lighted,Clear,Motor Vehicle-In-Transport On Same Roadway,None,THP District 3 - Nashville,THP,Unbelted,Distracted,Drinking,Drug,Drowsy,-,-,-,-,-,-,-,-,Rutherford,Not in City Limit,4
70353,400231595,0,4,35.98433,-83.94103,1,2025-03-13 23:37:00,2025,3,13,23,37,Thursday,23:37,Suspected Serious Injury,Dark-Lighted,Clear,Guard Rail Face,None,KNOXVILLE POLICE DEPT,Other,Unbelted,-,-,-,-,-,-,-,-,-,-,-,-,Knox,Knoxville,5
70367,400231666,0,2,36.54919,-82.44896,5,2025-03-12 13:40:00,2025,3,12,13,40,Wednesday,13:40,Suspected Serious Injury,Daylight,Clear,Motor Vehicle-In-Transport On Same Roadway,None,THP District 5 - Fall Branch,THP,Unbelted,Distracted,-,-,-,-,-,-,-,-,-,-,-,Sullivan,Kingsport,4
70376,400231715,0,1,35.49537,-84.97401,2,2025-03-10 18:10:00,2025,3,10,18,10,Monday,18:10,Suspected Serious Injury,Daylight,Clear,Ditch,None,RHEA CO SHERIFFS DEPT,Other,-,-,-,-,-,-,-,-,-,-,-,Motorcyclist,-,Rhea,Not in City Limit,2
70400,400231831,0,1,35.24253,-86.34752,7,2025-03-12 09:14:00,2025,3,12,9,14,Wednesday,09:14,Suspected Serious Injury,Daylight,Clear,Motor Vehicle-In-Transport On Same Roadway,None,THP District 7 - Lawrenceburg,THP,Unbelted,-,-,-,-,-,-,-,-,-,-,Motorcyclist,-,Moore,Not in City Limit,4
70402,400231842,0,2,35.97395,-84.11761,1,2025-03-11 21:45:00,2025,3,11,21,45,Tuesday,21:45,Suspected Serious Injury,Dark-Lighted,Clear,Motor Vehicle-In-Transport On Same Roadway,None,THP District 1 - Knoxville,THP,Unbelted,-,-,-,-,-,-,-,-,-,-,-,-,Knox,Not in City Limit,3
70407,400231856,0,1,35.48478,-86.18054,2,2025-03-14 14:49:00,2025,3,14,14,49,Friday,14:49,Suspected Serious Injury,Daylight,Clear,Embankment Earth,None,THP District 2 - Chattanooga,THP,-,-,-,-,-,-,-,-,-,-,-,-,-,Coffee,Not in City Limit,6
70413,400231870,0,1,35.97686,-83.82586,1,2025-03-14 15:48:00,2025,3,14,15,48,Friday,15:48,Suspected Serious Injury,Daylight,Clear,Motor Vehicle-In-Transport On Same Roadway,None,THP District 1 - Knoxville,THP,Unbelted,-,-,-,-,-,-,-,-,-,-,-,-,Knox,Not in City Limit,6
70414,400231872,0,1,35.65965,-86.66495,7,2025-03-11 17:05:00,2025,3,11,17,5,Tuesday,17:05,Suspected Serious Injury,Daylight,Clear,Embankment Earth,None,THP District 7 - Lawrenceburg,THP,-,-,-,-,-,-,-,-,-,-,-,Motorcyclist,-,Marshall,Not in City Limit,3
70421,400231896,0,2,35.5546,-89.1796,4,2025-03-13 18:50:00,2025,3,13,18,50,Thursday,18:50,Suspected Serious Injury,Dusk,Clear,Ditch,None,THP District 4 - Memphis,THP,Unbelted,-,Drinking,-,-,-,-,-,-,-,-,-,-,Haywood,Not in City Limit,5
70426,400231927,0,1,35.19719,-85.18255,2,2025-03-14 15:23:00,2025,3,14,15,23,Friday,15:23,Suspected Serious Injury,Daylight,Clear,Standing Tree,None,SODDY DAISY POLICE DEPT,Other,Unbelted,Distracted,-,-,-,-,-,-,-,-,-,-,-,Hamilton,Soddy-Daisy,6
70433,400231963,0,1,36.26287,-83.04033,5,2025-03-14 19:47:00,2025,3,14,19,47,Friday,19:47,Suspected Serious Injury,Dark-Not Lighted,Clear,Motor Vehicle-In-Transport On Same Roadway,None,THP District 5 - Fall Branch,THP,Unbelted,-,-,-,-,-,-,-,-,-,-,Motorcyclist,-,Greene,Not in City Limit,6
70436,400231967,0,1,36.07626,-84.56162,1,2025-03-07 00:55:00,2025,3,7,0,55,Friday,00:55,Suspected Serious Injury,Dark-Not Lighted,Clear,Standing Tree,None,MORGAN CO SHERIFFS DEPT,Other,Unbelted,Distracted,Drinking,-,-,Speeding,-,-,-,-,-,-,-,Morgan,Not in City Limit,6
70442,400231994,0,3,35.14183,-86.5798,7,2025-03-14 17:42:00,2025,3,14,17,42,Friday,17:42,Suspected Serious Injury,Daylight,Clear,Motor Vehicle-In-Transport On Same Roadway,None,FAYETTEVILLE POLICE DEPT,Other,Unbelted,-,-,Drug,-,-,-,-,-,-,-,-,-,Lincoln,Fayetteville,6
70449,400232019,0,1,36.02543,-83.93893,1,2025-03-02 17:34:00,2025,3,2,17,34,Sunday,17:34,Suspected Serious Injury,Daylight,Clear,"Over Turn, Roll Over",None,KNOXVILLE POLICE DEPT,Other,Unbelted,-,-,-,-,-,-,-,-,-,-,-,-,Knox,Knoxville,1
70479,400232152,0,1,35.60671,-84.89737,2,2025-03-14 13:19:00,2025,3,14,13,19,Friday,13:19,Suspected Serious Injury,Daylight,Clear,Ditch,None,RHEA CO SHERIFFS DEPT,Other,Unbelted,-,-,-,-,-,-,-,-,-,-,-,-,Rhea,Not in City Limit,6
70496,400232230,0,1,36.07127,-87.39774,3,2025-03-15 09:31:00,2025,3,15,9,31,Saturday,09:31,Suspected Serious Injury,Daylight,Rain,Embankment Earth,None,DICKSON POLICE DEPT,Other,Unbelted,Distracted,-,-,-,Speeding,-,-,-,-,-,-,-,Dickson,Dickson,7
70500,400232264,0,2,36.22442,-86.77453,3,2025-03-15 13:12:00,2025,3,15,13,12,Saturday,13:12,Suspected Serious Injury,Daylight,Cloudy,Motor Vehicle-In-Transport On Same Roadway,None,METROPOLITAN NASHVILLE POLICE DEPT,Other,Unbelted,-,-,-,-,Speeding,-,-,-,-,-,-,-,Davidson,Nashville,7
70508,400232301,1,0,36.05687,-88.10393,8,2025-03-14 19:55:00,2025,3,14,19,55,Friday,19:55,Fatal,Dark-Not Lighted,Severe Cross-Winds,Other Post/Pole Support,None,THP District 8 - Jackson,THP,-,-,Drinking,Drug,-,Speeding,-,-,-,-,-,Motorcyclist,-,Benton,Camden,6
70517,400232356,0,1,36.1399,-85.79078,6,2025-03-15 16:30:00,2025,3,15,16,30,Saturday,16:30,Suspected Serious Injury,Daylight,Rain,Motor Vehicle-In-Transport On Same Roadway,None,THP District 6 - Cookeville,THP,Unbelted,-,-,-,-,Speeding,-,-,-,-,ATV_Involved,-,-,Putnam,Not in City Limit,7
70535,400232429,0,1,36.36802,-82.96828,5,2025-03-15 20:21:00,2025,3,15,20,21,Saturday,20:21,Suspected Serious Injury,Dark-Not Lighted,Cloudy,Other Non-Collision,None,THP District 5 - Fall Branch,THP,-,-,-,-,-,-,-,-,-,-,-,Motorcyclist,-,Hawkins,Not in City Limit,7
70549,400232515,1,0,36.03438,-84.12554,1,2025-03-15 01:42:00,2025,3,15,1,42,Saturday,01:42,Fatal,Dark-Not Lighted,Clear,Pedestrian,None,THP District 1 - Knoxville,THP,Unbelted,-,-,-,-,-,-,Pedestrian,-,-,-,-,-,Anderson,Not in City Limit,7
70567,400232659,0,1,36.16624,-86.76579,3,2025-03-16 14:35:00,2025,3,16,14,35,Sunday,14:35,Suspected Serious Injury,Daylight,Cloudy,Motor Vehicle-In-Transport On Same Roadway,None,METROPOLITAN NASHVILLE POLICE DEPT,Other,Unbelted,-,-,-,-,-,-,-,-,-,-,Motorcyclist,-,Davidson,Nashville,1
70570,400232669,1,0,36.41727,-87.56944,3,2025-03-14 11:46:00,2025,3,14,11,46,Friday,11:46,Fatal,Daylight,Clear,Motor Vehicle-In-Transport On Same Roadway,None,THP District 3 - Nashville,THP,Unbelted,-,-,Drug,-,-,-,-,-,-,ATV_Involved,-,-,Montgomery,Not in City Limit,6
70592,400232815,0,1,35.99739,-84.3051,1,2025-03-14 13:31:00,2025,3,14,13,31,Friday,13:31,Suspected Serious Injury,Daylight,Clear,Motor Vehicle-In-Transport On Same Roadway,None,OAK RIDGE POLICE DEPT,Other,Unbelted,-,-,-,-,-,-,-,-,-,-,-,-,Anderson,Oak Ridge,6
70594,400232820,0,1,35.94211,-84.00162,1,2025-03-17 00:00:00,2025,3,17,24,0,Monday,24:00,Suspected Serious Injury,Dark-Lighted,Clear,Motor Vehicle-In-Transport On Same Roadway,None,KNOXVILLE POLICE DEPT,Other,Unbelted,-,-,-,-,-,-,-,-,-,-,-,-,Knox,Knoxville,2
70595,400232821,0,4,35.00711,-84.70137,2,2025-03-17 00:05:00,2025,3,17,0,5,Monday,00:05,Suspected Serious Injury,Dark-Not Lighted,Clear,Standing Tree,None,THP District 2 - Chattanooga,THP,Unbelted,-,Drinking,-,-,-,-,-,-,-,-,-,-,Polk,Oldfort,2
70619,400232971,0,2,35.37344,-86.23058,2,2025-03-17 10:17:00,2025,3,17,10,17,Monday,10:17,Suspected Serious Injury,Daylight,Clear,Motor Vehicle-In-Transport On Same Roadway,None,THP District 2 - Chattanooga,THP,Unbelted,-,-,-,-,-,-,-,-,-,-,-,-,Coffee,Tullahoma,2
70622,400232987,1,0,35.32421,-84.78531,2,2025-03-17 05:52:00,2025,3,17,5,52,Monday,05:52,Fatal,Dark-Not Lighted,Clear,Motor Vehicle-In-Transport On Same Roadway,None,THP District 2 - Chattanooga,THP,Unbelted,-,-,-,-,-,-,-,-,-,-,-,-,McMinn,Not in City Limit,2
70624,400233001,0,2,36.18142,-82.02295,5,2025-03-14 21:40:00,2025,3,14,21,40,Friday,21:40,Suspected Serious Injury,Dark-Not Lighted,Clear,Motor Vehicle-In-Transport On Same Roadway,None,THP District 5 - Fall Branch,THP,Unbelted,-,Drinking,Drug,-,-,-,-,-,-,-,-,-,Carter,Not in City Limit,6
70638,400233050,0,4,36.19366,-86.83122,3,2025-03-17 14:26:00,2025,3,17,14,26,Monday,14:26,Suspected Serious Injury,Daylight,Clear,Motor Vehicle-In-Transport On Same Roadway,None,METROPOLITAN NASHVILLE POLICE DEPT,Other,Unbelted,-,-,-,-,-,-,-,-,-,-,-,-,Davidson,Nashville,2
70670,400233203,1,0,35.38362,-86.93833,7,2025-03-17 15:30:00,2025,3,17,15,30,Monday,15:30,Fatal,Daylight,Clear,"Over Turn, Roll Over",None,THP District 7 - Lawrenceburg,THP,Unbelted,-,Drinking,-,-,-,-,-,-,-,-,-,-,Giles,Not in City Limit,2
70672,400233208,0,1,35.8263,-88.66946,8,2025-03-17 15:22:00,2025,3,17,15,22,Monday,15:22,Suspected Serious Injury,Daylight,Clear,"Over Turn, Roll Over",None,THP District 8 - Jackson,THP,Unbelted,-,-,-,-,-,-,-,-,-,-,-,-,Carroll,Not in City Limit,2
70679,400233247,0,1,35.51275,-85.95135,2,2025-03-17 00:00:00,2025,3,17,24,0,Monday,24:00,Suspected Serious Injury,Daylight,Clear,Standing Tree,None,COFFEE CO SHERIFFS DEPT,Other,Unbelted,-,-,-,-,-,-,-,-,-,-,-,-,Coffee,Not in City Limit,2
70681,400233256,0,1,35.56353,-89.49725,4,2025-03-08 04:08:00,2025,3,8,4,8,Saturday,04:08,Suspected Serious Injury,Dark-Not Lighted,Clear,Highway Traffic Sign Post,None,TIPTON CO SHERIFFS DEPT,Other,Unbelted,-,Drinking,-,-,-,-,-,-,-,-,-,-,Tipton,Not in City Limit,7
70684,400233278,0,1,35.9972,-83.92418,1,2025-03-17 22:15:00,2025,3,17,22,15,Monday,22:15,Suspected Serious Injury,Dark-Lighted,Clear,Utility Pole,None,KNOXVILLE POLICE DEPT,Other,Unbelted,-,Drinking,Drug,-,Speeding,-,-,-,-,-,-,-,Knox,Knoxville,2
70701,400233336,0,1,35.44696,-86.79016,7,2025-03-18 06:31:00,2025,3,18,6,31,Tuesday,06:31,Suspected Serious Injury,Dawn,Clear,Utility Pole,None,LEWISBURG POLICE DEPT,Other,Unbelted,-,-,-,-,-,-,-,-,-,-,-,-,Marshall,Lewisburg,3
70703,400233345,0,1,36.23135,-86.77832,3,2025-03-18 07:25:00,2025,3,18,7,25,Tuesday,07:25,Suspected Serious Injury,Daylight,Clear,Motor Vehicle-In-Transport On Same Roadway,None,METROPOLITAN NASHVILLE POLICE DEPT,Other,Unbelted,Distracted,-,-,-,-,-,-,-,-,-,-,Direct,Davidson,Nashville,3
70709,400233395,1,2,36.35999,-86.88587,3,2025-03-13 07:04:00,2025,3,13,7,4,Thursday,07:04,Fatal,Daylight,Clear,Motor Vehicle-In-Transport On Same Roadway,None,THP District 3 - Nashville,THP,Unbelted,-,-,-,-,-,-,-,-,-,ATV_Involved,-,-,Davidson,Nashville,5
70720,400233434,0,1,35.53224,-85.05092,2,2025-03-18 07:16:00,2025,3,18,7,16,Tuesday,07:16,Suspected Serious Injury,Daylight,Clear,Motor Vehicle-In-Transport On Same Roadway,None,THP District 2 - Chattanooga,THP,Unbelted,-,-,-,Drowsy,-,-,-,-,-,-,-,-,Rhea,Not in City Limit,3
70727,400233504,1,1,36.01751,-84.28322,1,2025-03-18 13:15:00,2025,3,18,13,15,Tuesday,13:15,Fatal,Daylight,Clear,Motor Vehicle-In-Transport On Same Roadway,None,OAK RIDGE POLICE DEPT,Other,Unbelted,-,-,-,-,-,-,-,-,-,-,-,-,Anderson,Oak Ridge,3
70729,400233514,0,1,35.67263,-88.83004,8,2025-03-18 13:30:00,2025,3,18,13,30,Tuesday,13:30,Suspected Serious Injury,Daylight,Clear,Motor Vehicle-In-Transport On Same Roadway,None,JACKSON POLICE DEPT,Other,Unbelted,-,-,-,-,-,-,-,-,-,-,-,-,Madison,Jackson,3
70748,400233602,0,1,35.734,-86.90281,7,2025-03-18 16:24:00,2025,3,18,16,24,Tuesday,16:24,Suspected Serious Injury,Daylight,Clear,Ditch,None,SPRING HILL POLICE DEPT,Other,-,-,-,-,-,-,-,-,-,-,-,Motorcyclist,-,Maury,Spring Hill,3
70754,400233641,0,2,35.64218,-88.23043,8,2025-03-18 16:30:00,2025,3,18,16,30,Tuesday,16:30,Suspected Serious Injury,Daylight,Clear,Motor Vehicle-In-Transport On Same Roadway,None,THP District 8 - Jackson,THP,Unbelted,-,-,-,-,-,-,-,-,-,-,-,-,Henderson,Not in City Limit,3
70758,400233651,0,1,35.8405,-86.38843,3,2025-03-18 17:59:00,2025,3,18,17,59,Tuesday,17:59,Suspected Serious Injury,Daylight,Clear,Motor Vehicle-In-Transport On Same Roadway,None,MURFREESBORO POLICE DEPT,Other,Unbelted,-,-,-,-,-,-,-,-,-,-,-,-,Rutherford,Murfreesboro,3
70764,400233691,0,2,35.17967,-88.11433,8,2025-03-18 19:48:00,2025,3,18,19,48,Tuesday,19:48,Suspected Serious Injury,Dark-Not Lighted,Clear,Motor Vehicle-In-Transport On Same Roadway,None,THP District 8 - Jackson,THP,Unbelted,-,-,-,-,-,-,-,-,-,-,-,-,Hardin,Not in City Limit,3
70772,400233724,0,1,35.58114,-87.14514,7,2025-03-18 17:48:00,2025,3,18,17,48,Tuesday,17:48,Suspected Serious Injury,Daylight,Clear,Motor Vehicle-In-Transport On Same Roadway,None,MOUNT PLEASANT POLICE DEPT,Other,Unbelted,-,-,-,-,-,-,-,-,-,-,Motorcyclist,-,Maury,Mount Pleasant,3
70774,400233732,0,1,36.23571,-83.11314,5,2025-03-18 23:05:00,2025,3,18,23,5,Tuesday,23:05,Suspected Serious Injury,Dark-Not Lighted,Clear,Embankment Earth,None,HAMBLEN CO SHERIFFS DEPT,Other,Unbelted,-,-,-,-,-,-,-,-,-,-,-,-,Hamblen,Not in City Limit,3
70775,400233740,1,0,36.54523,-82.65469,5,2025-03-19 01:36:00,2025,3,19,1,36,Wednesday,01:36,Fatal,Dark-Lighted,Cloudy,Utility Pole,None,THP District 5 - Fall Branch,THP,Unbelted,-,-,Drug,-,-,-,-,-,-,-,-,-,Hawkins,Not in City Limit,4
70781,400233788,1,1,36.21541,-85.47997,6,2025-03-18 13:45:00,2025,3,18,13,45,Tuesday,13:45,Fatal,Daylight,Clear,Mail Box,None,THP District 6 - Cookeville,THP,Unbelted,-,-,-,-,-,-,-,-,-,-,-,-,Putnam,Not in City Limit,3
70824,400233996,0,1,36.01906,-83.6108,5,2025-03-19 14:30:00,2025,3,19,14,30,Wednesday,14:30,Suspected Serious Injury,Daylight,Cloudy,Motor Vehicle-In-Transport On Same Roadway,None,THP District 5 - Fall Branch,THP,Unbelted,-,-,-,-,-,-,-,-,-,-,-,-,Jefferson,Not in City Limit,4
70825,400233997,0,1,36.02262,-83.92569,1,2025-03-19 15:17:00,2025,3,19,15,17,Wednesday,15:17,Suspected Serious Injury,Daylight,Clear,Pedestrian,None,KNOXVILLE POLICE DEPT,Other,Unbelted,-,-,-,-,-,Pedalcyclist,-,-,-,-,-,-,Knox,Knoxville,4
70837,400234042,0,2,36.25845,-83.19339,5,2025-03-19 00:00:00,2025,3,19,24,0,Wednesday,24:00,Suspected Serious Injury,Daylight,Clear,Motor Vehicle-In-Transport On Same Roadway,None,HAMBLEN CO SHERIFFS DEPT,Other,Unbelted,Distracted,-,-,-,-,-,-,-,-,-,-,-,Hamblen,Not in City Limit,4
70840,400234048,0,3,35.82477,-83.91795,1,2025-03-19 17:26:00,2025,3,19,17,26,Wednesday,17:26,Suspected Serious Injury,Daylight,Clear,Other Non-Collision,None,BLOUNT CO SHERIFFS DEPT,Other,Unbelted,-,-,-,-,-,-,-,-,-,-,-,-,Blount,Rockford,4
70852,400234092,0,1,36.31527,-86.58921,3,2025-03-18 20:12:00,2025,3,18,20,12,Tuesday,20:12,Suspected Serious Injury,Dark-Lighted,Clear,Motor Vehicle-In-Transport On Same Roadway,None,THP District 3 - Nashville,THP,Unbelted,-,Drinking,-,-,-,-,-,-,-,-,-,-,Sumner,Hendersonville,3
70861,400234137,0,1,35.96139,-82.55733,5,2025-03-19 21:48:00,2025,3,19,21,48,Wednesday,21:48,Suspected Serious Injury,Dark-Not Lighted,Clear,Ditch,None,THP District 5 - Fall Branch,THP,Unbelted,-,-,-,-,-,-,-,-,-,-,-,-,Unicoi,Not in City Limit,4
70870,400234193,0,5,36.18874,-85.05212,6,2025-03-19 11:04:00,2025,3,19,11,4,Wednesday,11:04,Suspected Serious Injury,Daylight,Clear,Motor Vehicle-In-Transport On Same Roadway,None,THP District 6 - Cookeville,THP,Unbelted,Distracted,-,-,-,-,-,-,-,-,-,-,-,Fentress,Not in City Limit,4
70875,400234205,0,1,36.16904,-85.53055,6,2025-03-19 17:29:00,2025,3,19,17,29,Wednesday,17:29,Suspected Serious Injury,Daylight,Cloudy,Embankment Earth,None,COOKEVILLE POLICE DEPT,Other,-,-,-,-,-,-,-,-,-,-,-,Motorcyclist,-,Putnam,Cookeville,4
70880,400234240,0,1,36.0939,-84.07373,1,2025-03-19 05:53:00,2025,3,19,5,53,Wednesday,05:53,Suspected Serious Injury,Dark-Not Lighted,Clear,Embankment Earth,None,ANDERSON CO SHERIFFS DEPT,Other,Unbelted,-,-,-,-,-,-,-,-,-,-,-,-,Anderson,Not in City Limit,4
70907,400234382,1,1,36.24977,-89.04294,8,2025-03-20 10:10:00,2025,3,20,10,10,Thursday,10:10,Fatal,Daylight,Cloudy,Motor Vehicle-In-Transport On Same Roadway,None,THP District 8 - Jackson,THP,Unbelted,Distracted,-,-,-,-,-,-,-,-,-,-,-,Obion,Not in City Limit,5
70925,400234492,0,4,35.91163,-86.45628,3,2025-03-20 15:48:00,2025,3,20,15,48,Thursday,15:48,Suspected Serious Injury,Daylight,Cloudy,Motor Vehicle-In-Transport On Same Roadway,None,MURFREESBORO POLICE DEPT,Other,Unbelted,-,-,-,-,-,-,-,-,-,-,-,-,Rutherford,Murfreesboro,5
70930,400234520,0,2,36.20251,-86.82053,3,2025-03-20 16:55:00,2025,3,20,16,55,Thursday,16:55,Suspected Serious Injury,Daylight,Cloudy,Motor Vehicle-In-Transport On Same Roadway,None,METROPOLITAN NASHVILLE POLICE DEPT,Other,Unbelted,-,-,-,-,-,-,-,-,-,-,-,-,Davidson,Nashville,5
70933,400234536,1,0,35.24718,-88.65576,8,2025-03-17 17:20:00,2025,3,17,17,20,Monday,17:20,Fatal,Daylight,Clear,Standing Tree,None,THP District 8 - Jackson,THP,Unbelted,-,-,-,-,Speeding,-,-,-,-,-,-,-,McNairy,Not in City Limit,2
70939,400234564,0,2,35.65125,-88.83295,8,2025-03-20 19:15:00,2025,3,20,19,15,Thursday,19:15,Suspected Serious Injury,Dark-Lighted,Clear,Motor Vehicle-In-Transport On Same Roadway,None,JACKSON POLICE DEPT,Other,Unbelted,-,-,-,-,-,-,-,-,-,-,Motorcyclist,-,Madison,Jackson,5
70943,400234572,0,1,35.84695,-86.70038,3,2025-03-20 03:29:00,2025,3,20,3,29,Thursday,03:29,Suspected Serious Injury,Dark-Not Lighted,Clear,Guard Rail End,None,THP District 3 - Nashville,THP,Unbelted,-,Drinking,Drug,-,-,-,-,-,-,-,-,-,Williamson,Not in City Limit,5
70947,400234592,0,6,36.44685,-83.92384,5,2025-03-20 15:53:00,2025,3,20,15,53,Thursday,15:53,Suspected Serious Injury,Daylight,Cloudy,Motor Vehicle-In-Transport On Same Roadway,None,THP District 5 - Fall Branch,THP,Unbelted,-,-,-,-,-,-,-,-,-,-,-,-,Claiborne,Not in City Limit,5
70948,400234596,0,1,35.80743,-83.83083,1,2025-03-19 17:54:00,2025,3,19,17,54,Wednesday,17:54,Suspected Serious Injury,Daylight,Clear,Ditch,None,BLOUNT CO SHERIFFS DEPT,Other,-,-,-,-,-,-,-,-,-,-,-,Motorcyclist,-,Blount,Not in City Limit,4
70954,400234612,0,3,36.18768,-83.29574,5,2025-03-20 21:12:00,2025,3,20,21,12,Thursday,21:12,Suspected Serious Injury,Dark-Lighted,Clear,Motor Vehicle-In-Transport On Same Roadway,None,MORRISTOWN POLICE DEPT,Other,Unbelted,-,-,-,-,-,-,-,-,-,-,-,-,Hamblen,Morristown,5
70956,400234618,0,1,36.03241,-86.61203,3,2025-03-20 20:24:00,2025,3,20,20,24,Thursday,20:24,Suspected Serious Injury,Dark-Not Lighted,Clear,Fell/Jumped From Vehicle,None,METROPOLITAN NASHVILLE POLICE DEPT,Other,-,-,Drinking,-,-,-,-,-,-,-,-,Motorcyclist,-,Davidson,Nashville,5
70959,400234629,0,1,35.91223,-84.60482,1,2025-03-21 01:49:00,2025,3,21,1,49,Friday,01:49,Suspected Serious Injury,Dark-Not Lighted,Clear,Ditch,None,ROANE CO SHERIFFS DEPT,Other,Unbelted,-,-,-,-,-,-,-,-,-,-,-,-,Roane,Not in City Limit,6
70960,400234643,1,0,35.61648,-86.06662,2,2025-03-20 22:10:00,2025,3,20,22,10,Thursday,22:10,Fatal,Dark-Not Lighted,Clear,"Over Turn, Roll Over",None,THP District 2 - Chattanooga,THP,Unbelted,-,Drinking,Drug,-,Speeding,-,-,-,-,-,-,-,Coffee,Not in City Limit,5
70977,400234732,0,2,35.19088,-87.33983,7,2025-03-21 06:26:00,2025,3,21,6,26,Friday,06:26,Suspected Serious Injury,Dawn,Clear,Motor Vehicle-In-Transport On Same Roadway,None,LAWRENCEBURG POLICE DEPT,Other,Unbelted,-,-,-,-,-,-,-,-,-,-,-,-,Lawrence,Lawrenceburg,6
70984,400234799,1,1,35.35161,-85.39476,2,2025-03-20 15:36:00,2025,3,20,15,36,Thursday,15:36,Fatal,Daylight,Cloudy,Other Non-Collision,None,DUNLAP POLICE DEPT,Other,Unbelted,-,Drinking,-,-,Speeding,-,-,-,-,-,-,-,Sequatchie,Dunlap,5
70985,400234801,0,1,35.93019,-83.35115,5,2025-03-21 07:01:00,2025,3,21,7,1,Friday,07:01,Suspected Serious Injury,Dark-Not Lighted,Clear,Parked Motor Vehicle,Construction Zone,THP District 5 - Fall Branch,THP,Unbelted,-,-,-,-,-,-,-,-,-,ATV_Involved,-,-,Jefferson,Not in City Limit,6
70986,400234802,0,5,36.07638,-87.79407,3,2025-03-21 09:23:00,2025,3,21,9,23,Friday,09:23,Suspected Serious Injury,Daylight,Clear,Motor Vehicle-In-Transport On Same Roadway,None,WAVERLY POLICE DEPT,Other,Unbelted,-,-,-,-,-,-,-,-,-,-,-,-,Humphreys,Waverly,6
70989,400234827,0,2,36.23846,-86.17195,3,2025-03-20 12:08:00,2025,3,20,12,8,Thursday,12:08,Suspected Serious Injury,Daylight,Cloudy,Motor Vehicle-In-Transport On Same Roadway,None,THP District 3 - Nashville,THP,Unbelted,-,-,-,-,-,-,-,-,-,-,-,-,Wilson,Not in City Limit,5
71005,400234934,0,1,36.22052,-83.60526,5,2025-03-21 16:00:00,2025,3,21,16,0,Friday,16:00,Suspected Serious Injury,Daylight,Clear,Embankment Earth,None,THP District 5 - Fall Branch,THP,-,-,-,-,-,-,-,-,-,-,-,Motorcyclist,-,Grainger,Not in City Limit,6
71038,400235088,0,1,35.79114,-86.35627,3,2025-03-21 19:28:00,2025,3,21,19,28,Friday,19:28,Suspected Serious Injury,Dark-Not Lighted,Clear,Motor Vehicle-In-Transport On Same Roadway,None,MURFREESBORO POLICE DEPT,Other,Unbelted,-,Drinking,-,-,-,-,-,-,-,ATV_Involved,-,-,Rutherford,Murfreesboro,6