OBJECTID,MRN,Fatality,Injury,Latitude,Longitude,THP_District,Collision_Date,Collision_Year,Collision_Month,Collision_Day,Collision_Hour,Collision_Min,Collision_DOW,Collision_Time,Crash_Type,Light_Condition,Weather,First_Harmfu_Event,Work_Zone_Type,Agency_Name,THP,Unbelted,Distracted_Driver,Driver_Drinking,Driver_Drugged,Drowsy_Driver,Speeding_Involved,Pedalcyclist,Pedestrian,Other_Nonmotorist,ATV_Involved,LargeTruck_Involved,Motorcycle_Involved,SchoolBus,County,City,DOW_Nmb
71040,400235092,0,1,35.99665,-83.95271,1,2025-03-21 21:12:00,2025,3,21,21,12,Friday,21:12,Suspected Serious Injury,Dark-Lighted,Clear,Motor Vehicle-In-Transport On Same Roadway,None,KNOXVILLE POLICE DEPT,Other,Unbelted,-,-,-,-,-,-,-,-,-,-,Motorcyclist,-,Knox,Knoxville,6
71041,400235093,0,1,36.02139,-83.99447,1,2025-03-21 21:52:00,2025,3,21,21,52,Friday,21:52,Suspected Serious Injury,Dark-Lighted,Clear,Motor Vehicle-In-Transport On Same Roadway,None,KNOXVILLE POLICE DEPT,Other,Unbelted,-,-,-,-,-,-,-,-,-,-,Motorcyclist,-,Knox,Knoxville,6
71063,400235199,1,2,36.51279,-82.13834,5,2025-03-17 12:44:00,2025,3,17,12,44,Monday,12:44,Fatal,Daylight,Clear,Motor Vehicle-In-Transport On Same Roadway,None,THP District 5 - Fall Branch,THP,Unbelted,Distracted,-,-,-,-,-,-,-,-,-,-,-,Sullivan,Bristol,2
71064,400235218,0,1,36.07112,-87.38005,3,2025-03-21 12:56:00,2025,3,21,12,56,Friday,12:56,Suspected Serious Injury,Daylight,Clear,Fell/Jumped From Vehicle,None,DICKSON POLICE DEPT,Other,Unbelted,-,-,-,-,-,-,-,-,-,-,Motorcyclist,-,Dickson,Dickson,6
71079,400235291,0,2,35.95388,-86.95526,3,2025-03-22 14:04:00,2025,3,22,14,4,Saturday,14:04,Suspected Serious Injury,Daylight,Clear,Motor Vehicle-In-Transport On Same Roadway,None,WILLIAMSON CO SHERIFFS OFFICE,Other,Unbelted,Distracted,-,-,-,-,-,-,-,-,-,-,-,Williamson,Not in City Limit,7
71081,400235300,0,3,36.19776,-86.74166,3,2025-03-22 13:45:00,2025,3,22,13,45,Saturday,13:45,Suspected Serious Injury,Daylight,Clear,Motor Vehicle-In-Transport On Same Roadway,None,METROPOLITAN NASHVILLE POLICE DEPT,Other,Unbelted,Distracted,-,-,-,-,-,-,-,-,-,-,-,Davidson,Nashville,7
71085,400235305,0,1,35.79145,-88.55365,8,2025-03-22 14:50:00,2025,3,22,14,50,Saturday,14:50,Suspected Serious Injury,Daylight,Clear,Ditch,None,THP District 8 - Jackson,THP,-,-,-,-,-,-,-,-,-,-,-,Motorcyclist,-,Henderson,Not in City Limit,7
71090,400235337,0,1,36.15259,-86.79697,3,2025-03-21 22:46:00,2025,3,21,22,46,Friday,22:46,Suspected Serious Injury,Dark-Lighted,Clear,Pedestrian,None,METROPOLITAN NASHVILLE POLICE DEPT,Other,Unbelted,-,-,-,-,-,-,Pedestrian,-,-,-,-,-,Davidson,Nashville,6
71096,400235368,0,1,36.18786,-85.87258,6,2025-03-21 19:38:00,2025,3,21,19,38,Friday,19:38,Suspected Serious Injury,Dark-Not Lighted,Clear,Guard Rail Face,None,THP District 6 - Cookeville,THP,Unbelted,-,Drinking,-,-,-,-,-,-,-,-,-,-,Smith,Not in City Limit,6
71098,400235381,0,3,36.02725,-86.80816,3,2025-03-22 18:12:00,2025,3,22,18,12,Saturday,18:12,Suspected Serious Injury,Daylight,Clear,Mail Box,None,BRENTWOOD POLICE DEPT,Other,-,Distracted,-,-,-,-,-,-,-,-,-,-,-,Williamson,Brentwood,7
71102,400235400,0,1,35.30991,-89.11533,4,2025-03-22 17:59:00,2025,3,22,17,59,Saturday,17:59,Suspected Serious Injury,Daylight,Clear,Motor Vehicle-In-Transport On Same Roadway,None,THP District 4 - Memphis,THP,Unbelted,-,-,-,-,Speeding,-,-,-,ATV_Involved,-,-,-,Hardeman,Not in City Limit,7
71109,400235428,0,1,35.14081,-84.98834,2,2025-03-22 19:56:00,2025,3,22,19,56,Saturday,19:56,Suspected Serious Injury,Dusk,Clear,Standing Tree,None,THP District 2 - Chattanooga,THP,Unbelted,Distracted,-,-,-,-,-,-,-,-,-,-,-,Bradley,Not in City Limit,7
71122,400235489,0,1,36.37516,-87.06933,3,2025-03-23 00:04:00,2025,3,23,0,4,Sunday,00:04,Suspected Serious Injury,Dark-Not Lighted,Clear,Ditch,None,THP District 3 - Nashville,THP,-,-,Drinking,-,-,-,-,-,-,-,-,Motorcyclist,-,Cheatham,Not in City Limit,1
71134,400235545,0,6,35.8123,-83.42151,1,2025-03-22 10:53:00,2025,3,22,10,53,Saturday,10:53,Suspected Serious Injury,Daylight,Clear,Motor Vehicle-In-Transport On Same Roadway,None,THP District 1 - Knoxville,THP,Unbelted,-,-,-,-,-,-,-,-,-,-,-,-,Sevier,Not in City Limit,7
71135,400235548,0,1,35.18282,-85.81144,2,2025-03-22 00:00:00,2025,3,22,24,0,Saturday,24:00,Suspected Serious Injury,Daylight,Clear,Motor Vehicle-In-Transport On Same Roadway,None,THP District 2 - Chattanooga,THP,Unbelted,Distracted,-,-,-,-,-,-,-,-,-,-,-,Marion,Not in City Limit,7
71137,400235560,1,0,35.54344,-84.04259,1,2025-03-22 16:18:00,2025,3,22,16,18,Saturday,16:18,Fatal,Daylight,Clear,Guard Rail Face,None,THP District 1 - Knoxville,THP,-,-,-,-,-,-,-,-,-,-,-,Motorcyclist,-,Blount,Not in City Limit,7
71141,400235569,0,2,35.35628,-87.71772,7,2025-03-22 15:40:00,2025,3,22,15,40,Saturday,15:40,Suspected Serious Injury,Daylight,Clear,Utility Pole,None,THP District 7 - Lawrenceburg,THP,Unbelted,-,Drinking,-,-,Speeding,-,-,-,-,-,-,-,Wayne,Not in City Limit,7
71142,400235581,0,2,35.62703,-86.10222,2,2025-03-21 18:33:00,2025,3,21,18,33,Friday,18:33,Suspected Serious Injury,Daylight,Clear,Motor Vehicle-In-Transport On Same Roadway,None,THP District 2 - Chattanooga,THP,Unbelted,-,-,Drug,-,Speeding,-,-,-,-,-,Motorcyclist,-,Coffee,Not in City Limit,6
71143,400235584,1,1,35.03062,-85.57652,2,2025-03-22 11:23:00,2025,3,22,11,23,Saturday,11:23,Fatal,Daylight,Clear,"Over Turn, Roll Over",None,THP District 2 - Chattanooga,THP,Unbelted,-,-,-,-,-,-,-,-,-,-,-,-,Marion,Not in City Limit,7
71151,400235632,0,1,35.88964,-85.05972,6,2025-03-23 10:20:00,2025,3,23,10,20,Sunday,10:20,Suspected Serious Injury,Daylight,Clear,Ditch,None,THP District 6 - Cookeville,THP,Unbelted,-,-,-,-,-,-,-,-,-,-,-,-,Cumberland,Crossville,1
71153,400235638,0,5,35.90743,-83.69099,1,2025-03-23 08:52:00,2025,3,23,8,52,Sunday,08:52,Suspected Serious Injury,Daylight,Clear,Motor Vehicle-In-Transport On Same Roadway,None,THP District 1 - Knoxville,THP,Unbelted,-,-,-,Drowsy,-,-,-,-,-,-,-,-,Sevier,Not in City Limit,1
71162,400235681,1,1,36.22479,-85.01051,6,2025-03-22 20:40:00,2025,3,22,20,40,Saturday,20:40,Fatal,Dark-Not Lighted,Clear,Utility Pole,None,THP District 6 - Cookeville,THP,Unbelted,-,-,-,-,-,-,-,-,-,-,-,-,Fentress,Not in City Limit,7
71163,400235689,0,1,35.87032,-85.91911,6,2025-03-22 19:36:00,2025,3,22,19,36,Saturday,19:36,Suspected Serious Injury,Dark-Not Lighted,Clear,Ditch,None,THP District 6 - Cookeville,THP,Unbelted,-,Drinking,-,-,-,-,-,-,-,-,-,-,Cannon,Not in City Limit,7
71172,400235745,0,1,35.91896,-83.66814,1,2025-03-23 16:44:00,2025,3,23,16,44,Sunday,16:44,Suspected Serious Injury,Daylight,Clear,Other Non-Collision,None,SEVIER CO SHERIFFS OFFICE,Other,-,-,-,-,-,-,-,-,-,-,-,Motorcyclist,-,Sevier,Not in City Limit,1
71177,400235767,0,1,35.37731,-84.69642,2,2025-03-20 11:48:00,2025,3,20,11,48,Thursday,11:48,Suspected Serious Injury,Daylight,Clear,Parked Motor Vehicle,None,THP District 2 - Chattanooga,THP,Unbelted,-,-,Drug,-,-,-,-,-,-,-,-,-,McMinn,Riceville,5
71190,400235836,0,1,36.0945,-86.63486,3,2025-03-23 20:39:00,2025,3,23,20,39,Sunday,20:39,Suspected Serious Injury,Dark-Not Lighted,Rain,"Over Turn, Roll Over",None,METROPOLITAN NASHVILLE POLICE DEPT,Other,Unbelted,-,Drinking,-,-,Speeding,-,-,-,-,-,-,-,Davidson,Nashville,1
71191,400235842,0,2,36.02467,-83.56835,5,2025-03-23 19:10:00,2025,3,23,19,10,Sunday,19:10,Suspected Serious Injury,Daylight,Clear,Motor Vehicle-In-Transport On Same Roadway,None,THP District 5 - Fall Branch,THP,Unbelted,-,-,-,-,-,-,-,-,-,-,Motorcyclist,-,Jefferson,Not in City Limit,1
71192,400235844,0,1,35.99144,-89.37137,8,2025-03-23 02:29:00,2025,3,23,2,29,Sunday,02:29,Suspected Serious Injury,Dark-Not Lighted,Clear,Deer,None,THP District 8 - Jackson,THP,-,-,-,-,-,-,-,-,-,-,-,Motorcyclist,-,Dyer,Not in City Limit,1
71198,400235872,0,6,36.21338,-86.32204,3,2025-03-23 19:13:00,2025,3,23,19,13,Sunday,19:13,Suspected Serious Injury,Dark-Lighted,Rain,Motor Vehicle-In-Transport On Same Roadway,None,LEBANON POLICE DEPT,Other,Unbelted,-,-,-,-,-,-,-,-,-,-,-,-,Wilson,Lebanon,1
71202,400235886,0,2,36.03963,-83.9297,1,2025-03-23 18:38:00,2025,3,23,18,38,Sunday,18:38,Suspected Serious Injury,Daylight,Clear,Utility Pole,None,KNOXVILLE POLICE DEPT,Other,Unbelted,-,-,-,-,-,-,-,-,-,-,-,-,Knox,Knoxville,1
71203,400235893,0,2,35.97823,-86.76095,3,2025-03-23 20:53:00,2025,3,23,20,53,Sunday,20:53,Suspected Serious Injury,Dark-Not Lighted,Rain,Fire Hydrant,None,BRENTWOOD POLICE DEPT,Other,Unbelted,-,Drinking,-,-,Speeding,-,-,-,-,-,-,-,Williamson,Brentwood,1
71213,400235941,0,4,36.03807,-83.43878,5,2025-03-23 17:25:00,2025,3,23,17,25,Sunday,17:25,Suspected Serious Injury,Daylight,Clear,Motor Vehicle-In-Transport On Same Roadway,None,DANDRIDGE POLICE DEPT,Other,Unbelted,-,-,-,-,-,-,-,-,-,-,-,-,Jefferson,Dandridge,1
71214,400235944,0,2,35.92125,-84.07703,1,2025-03-24 06:54:00,2025,3,24,6,54,Monday,06:54,Suspected Serious Injury,Dark-Lighted,Rain,Motor Vehicle-In-Transport On Same Roadway,None,KNOXVILLE POLICE DEPT,Other,Unbelted,-,-,-,-,-,-,-,-,-,-,-,-,Knox,Knoxville,2
71228,400236012,0,3,36.12308,-82.5444,5,2025-03-22 00:00:00,2025,3,22,24,0,Saturday,24:00,Suspected Serious Injury,Dark-Not Lighted,Unknown,Standing Tree,None,UNICOI CO SHERIFFS DEPT,Other,Unbelted,-,-,-,-,-,-,-,-,-,-,-,-,Unicoi,Not in City Limit,7
71232,400236045,0,1,36.21923,-86.17464,3,2025-03-24 10:50:00,2025,3,24,10,50,Monday,10:50,Suspected Serious Injury,Daylight,Clear,Mail Box,None,THP District 3 - Nashville,THP,Unbelted,-,-,-,-,-,-,-,-,-,-,-,-,Wilson,Not in City Limit,2
71234,400236072,0,1,35.83674,-86.36797,3,2025-03-24 07:18:00,2025,3,24,7,18,Monday,07:18,Suspected Serious Injury,Daylight,Clear,Motor Vehicle-In-Transport On Same Roadway,None,MURFREESBORO POLICE DEPT,Other,Unbelted,-,-,-,-,-,-,-,-,-,-,-,-,Rutherford,Murfreesboro,2
71243,400236133,0,1,35.85789,-86.40497,3,2025-03-24 14:50:00,2025,3,24,14,50,Monday,14:50,Suspected Serious Injury,Daylight,Clear,Other Non-Collision,None,MURFREESBORO POLICE DEPT,Other,-,-,-,-,-,-,-,-,-,-,-,Motorcyclist,-,Rutherford,Murfreesboro,2
71244,400236135,0,1,36.2738,-82.87846,5,2025-03-24 16:54:00,2025,3,24,16,54,Monday,16:54,Suspected Serious Injury,Daylight,Clear,Motor Vehicle-In-Transport On Same Roadway,None,THP District 5 - Fall Branch,THP,Unbelted,-,-,-,-,-,-,-,-,-,-,Motorcyclist,-,Greene,Not in City Limit,2
71266,400236215,0,2,36.29835,-82.24638,5,2025-03-24 17:29:00,2025,3,24,17,29,Monday,17:29,Suspected Serious Injury,Daylight,Clear,Motor Vehicle-In-Transport On Same Roadway,None,CARTER CO SHERIFFS DEPT,Other,Unbelted,-,-,-,-,-,-,-,-,-,-,-,-,Carter,Not in City Limit,2
71271,400236234,0,1,35.93245,-88.50939,8,2025-03-24 13:35:00,2025,3,24,13,35,Monday,13:35,Suspected Serious Injury,Daylight,Clear,Embankment Earth,None,THP District 8 - Jackson,THP,-,-,-,-,-,-,-,-,-,-,-,-,-,Carroll,Not in City Limit,2
71273,400236249,0,1,35.64688,-84.57973,1,2025-03-24 00:00:00,2025,3,24,24,0,Monday,24:00,Suspected Serious Injury,Daylight,Clear,Fell/Jumped From Vehicle,None,LOUDON CO SHERIFFS DEPT,Other,-,-,Drinking,-,-,-,-,-,-,-,-,Motorcyclist,-,Loudon,Philadelphia,2
71274,400236250,0,1,35.09471,-84.76243,2,2025-03-23 23:29:00,2025,3,23,23,29,Sunday,23:29,Suspected Serious Injury,Dark-Not Lighted,Rain,Deer,None,THP District 2 - Chattanooga,THP,-,-,-,-,-,-,-,-,-,-,-,Motorcyclist,-,Bradley,Not in City Limit,1
71287,400236325,0,2,35.54392,-84.56207,2,2025-03-25 07:07:00,2025,3,25,7,7,Tuesday,07:07,Suspected Serious Injury,Dawn,Clear,Motor Vehicle-In-Transport On Same Roadway,None,THP District 2 - Chattanooga,THP,Unbelted,-,-,-,-,-,-,-,-,-,-,-,-,McMinn,Niota,3
71300,400236382,0,2,36.04498,-86.66647,3,2025-03-19 12:19:00,2025,3,19,12,19,Wednesday,12:19,Suspected Serious Injury,Daylight,Clear,Motor Vehicle-In-Transport On Same Roadway,None,METROPOLITAN NASHVILLE POLICE DEPT,Other,Unbelted,-,-,-,-,-,-,-,-,-,-,Motorcyclist,-,Davidson,Nashville,4
71303,400236396,0,1,35.90619,-84.14528,1,2025-03-25 10:13:00,2025,3,25,10,13,Tuesday,10:13,Suspected Serious Injury,Daylight,Cloudy,Motor Vehicle-In-Transport On Same Roadway,None,THP District 1 - Knoxville,THP,Unbelted,-,-,-,-,-,-,-,-,-,-,-,-,Knox,Knoxville,3
71306,400236405,0,1,35.66069,-88.86305,8,2025-03-24 18:03:00,2025,3,24,18,3,Monday,18:03,Suspected Serious Injury,Daylight,Clear,Concrete Traffic Barrier,None,THP District 8 - Jackson,THP,Unbelted,-,Drinking,Drug,-,-,-,-,-,-,-,-,-,Madison,Jackson,2
71308,400236412,0,1,35.84504,-86.66112,3,2025-03-19 16:31:00,2025,3,19,16,31,Wednesday,16:31,Suspected Serious Injury,Daylight,Clear,Motor Vehicle-In-Transport On Same Roadway,None,WILLIAMSON CO SHERIFFS OFFICE,Other,Unbelted,-,-,-,-,-,-,-,-,-,ATV_Involved,-,-,Williamson,Not in City Limit,4
71317,400236489,0,2,36.01896,-83.665,1,2025-03-24 18:47:00,2025,3,24,18,47,Monday,18:47,Suspected Serious Injury,Dusk,Clear,Motor Vehicle-In-Transport On Same Roadway,None,THP District 1 - Knoxville,THP,Unbelted,Distracted,-,Drug,-,-,-,-,-,-,-,-,-,Sevier,Not in City Limit,2
71325,400236523,0,1,35.99211,-83.92333,1,2025-03-25 13:52:00,2025,3,25,13,52,Tuesday,13:52,Suspected Serious Injury,Daylight,Clear,Motor Vehicle-In-Transport On Same Roadway,None,KNOXVILLE POLICE DEPT,Other,Unbelted,Distracted,-,Drug,-,-,-,-,-,-,-,-,-,Knox,Knoxville,3
71334,400236589,0,4,36.30221,-89.47587,8,2025-03-24 14:50:00,2025,3,24,14,50,Monday,14:50,Suspected Serious Injury,Daylight,Clear,Motor Vehicle-In-Transport On Same Roadway,None,THP District 8 - Jackson,THP,Unbelted,-,Drinking,Drug,-,Speeding,-,-,-,-,-,-,-,Lake,Not in City Limit,2
71339,400236609,0,1,36.27998,-86.69124,3,2025-03-25 15:33:00,2025,3,25,15,33,Tuesday,15:33,Suspected Serious Injury,Daylight,Clear,Culvert,None,METROPOLITAN NASHVILLE POLICE DEPT,Other,-,-,-,-,-,-,-,-,-,-,-,-,-,Davidson,Nashville,3
71344,400236630,0,1,36.03358,-86.56581,3,2025-03-25 13:52:00,2025,3,25,13,52,Tuesday,13:52,Suspected Serious Injury,Daylight,Clear,Utility Pole,None,LAVERGNE POLICE DEPT,Other,Unbelted,Distracted,-,-,-,-,-,-,-,-,-,-,-,Rutherford,Lavergne,3
71347,400236643,0,1,35.96869,-88.67253,8,2025-03-25 14:40:00,2025,3,25,14,40,Tuesday,14:40,Suspected Serious Injury,Daylight,Clear,Motor Vehicle-In-Transport On Same Roadway,None,THP District 8 - Jackson,THP,Unbelted,-,-,-,-,-,-,-,-,-,-,-,-,Carroll,Atwood,3
71351,400236665,0,2,35.07506,-86.5525,7,2025-03-24 09:50:00,2025,3,24,9,50,Monday,09:50,Suspected Serious Injury,Daylight,Clear,Mail Box,None,THP District 7 - Lawrenceburg,THP,Unbelted,-,-,-,-,Speeding,-,-,-,-,-,-,-,Lincoln,Not in City Limit,2
71358,400236701,1,0,35.66151,-86.66435,7,2025-03-24 19:25:00,2025,3,24,19,25,Monday,19:25,Fatal,Dark-Not Lighted,Clear,Standing Tree,None,THP District 7 - Lawrenceburg,THP,Unbelted,-,Drinking,Drug,-,-,-,-,-,-,-,-,-,Marshall,Not in City Limit,2
71362,400236721,0,1,36.18693,-85.4834,6,2025-03-25 19:50:00,2025,3,25,19,50,Tuesday,19:50,Suspected Serious Injury,Dark-Lighted,Clear,Other Non-Collision,None,COOKEVILLE POLICE DEPT,Other,-,-,-,-,-,-,-,-,-,-,-,Motorcyclist,-,Putnam,Cookeville,3
71370,400236749,0,1,36.2855,-87.35539,3,2025-03-25 21:06:00,2025,3,25,21,6,Tuesday,21:06,Suspected Serious Injury,Dark-Not Lighted,Clear,Ditch,None,THP District 3 - Nashville,THP,-,-,-,-,-,Speeding,-,-,-,-,-,Motorcyclist,-,Dickson,Not in City Limit,3
71390,400236813,0,1,35.97134,-83.9031,1,2025-03-26 06:52:00,2025,3,26,6,52,Wednesday,06:52,Suspected Serious Injury,Dawn,Clear,Pedestrian,None,KNOXVILLE POLICE DEPT,Other,Unbelted,-,-,-,-,-,-,Pedestrian,-,-,-,-,-,Knox,Knoxville,4
71402,400236872,0,2,36.10897,-86.66551,3,2025-03-24 20:46:00,2025,3,24,20,46,Monday,20:46,Suspected Serious Injury,Dark-Not Lighted,Clear,Ditch,None,Nashville Airport Police,Other,Unbelted,Distracted,-,-,-,Speeding,-,-,-,-,-,-,-,Davidson,Nashville,2
71407,400236892,1,1,36.38283,-84.11997,1,2025-03-26 09:22:00,2025,3,26,9,22,Wednesday,09:22,Fatal,Daylight,Clear,Pedestrian,None,THP District 1 - Knoxville,THP,Unbelted,-,-,-,-,-,-,Pedestrian,-,-,-,-,-,Campbell,LaFollette,4
71415,400236922,0,2,36.44731,-87.45009,3,2025-03-25 06:37:00,2025,3,25,6,37,Tuesday,06:37,Suspected Serious Injury,Daylight,Clear,Motor Vehicle-In-Transport On Same Roadway,None,THP District 3 - Nashville,THP,Unbelted,-,-,-,-,-,-,-,-,-,-,Motorcyclist,-,Montgomery,Palmyra,3
71439,400237054,0,1,35.66708,-86.58861,7,2025-03-24 22:49:00,2025,3,24,22,49,Monday,22:49,Suspected Serious Injury,Dark-Not Lighted,Clear,Standing Tree,None,THP District 7 - Lawrenceburg,THP,Unbelted,-,-,-,-,-,-,-,-,-,-,-,-,Bedford,Not in City Limit,2
71447,400237099,0,1,35.0467,-85.08286,2,2025-03-26 19:14:00,2025,3,26,19,14,Wednesday,19:14,Suspected Serious Injury,Daylight,Clear,"Over Turn, Roll Over",None,HAMILTON COUNTY SHERIFF'S OFFICE,Other,-,-,-,-,-,Speeding,-,-,-,-,-,Motorcyclist,-,Hamilton,Ooltewah,4
71448,400237103,0,1,36.34713,-86.93206,3,2025-03-26 05:40:00,2025,3,26,5,40,Wednesday,05:40,Suspected Serious Injury,Daylight,Clear,Fell/Jumped From Vehicle,None,THP District 3 - Nashville,THP,-,-,-,-,-,-,-,-,-,-,-,Motorcyclist,-,Cheatham,Not in City Limit,4
71449,400237108,0,3,35.81114,-84.23335,1,2025-03-23 17:51:00,2025,3,23,17,51,Sunday,17:51,Suspected Serious Injury,Daylight,Clear,Motor Vehicle-In-Transport On Same Roadway,None,THP District 1 - Knoxville,THP,Unbelted,-,Drinking,-,-,-,-,-,-,-,-,-,-,Loudon,Not in City Limit,1
71452,400237111,0,1,35.94601,-83.98074,1,2025-02-26 19:35:00,2025,2,26,19,35,Wednesday,19:35,Suspected Serious Injury,Dusk,Clear,Pedestrian,None,KNOXVILLE POLICE DEPT,Other,Unbelted,Distracted,-,-,-,-,-,Pedestrian,-,-,-,-,-,Knox,Knoxville,4
71458,400237130,0,2,35.65801,-88.41392,8,2025-03-26 18:29:00,2025,3,26,18,29,Wednesday,18:29,Suspected Serious Injury,Daylight,Clear,Motor Vehicle-In-Transport On Same Roadway,None,LEXINGTON POLICE DEPT,Other,Unbelted,-,-,-,-,-,-,-,-,-,-,-,-,Henderson,Lexington,4
71471,400237202,0,3,36.57921,-84.28645,1,2025-03-22 23:23:00,2025,3,22,23,23,Saturday,23:23,Suspected Serious Injury,Dark-Not Lighted,Clear,"Over Turn, Roll Over",None,THP District 1 - Knoxville,THP,Unbelted,-,-,-,-,Speeding,-,-,-,-,-,-,-,Scott,Not in City Limit,7
71480,400237239,0,1,35.99793,-83.28785,5,2025-03-25 12:35:00,2025,3,25,12,35,Tuesday,12:35,Suspected Serious Injury,Daylight,Clear,Motor Vehicle-In-Transport On Same Roadway,None,THP District 5 - Fall Branch,THP,Unbelted,-,-,Drug,-,-,-,-,-,-,-,-,-,Jefferson,Not in City Limit,3
71481,400237242,1,1,36.00958,-83.91064,1,2025-03-27 01:46:00,2025,3,27,1,46,Thursday,01:46,Fatal,Dark-Lighted,Clear,Standing Tree,None,KNOXVILLE POLICE DEPT,Other,Unbelted,-,-,Drug,-,-,-,-,-,-,-,-,-,Knox,Knoxville,5
71488,400237271,0,1,35.34375,-86.19341,2,2025-03-26 16:46:00,2025,3,26,16,46,Wednesday,16:46,Suspected Serious Injury,Daylight,Clear,Motor Vehicle-In-Transport On Same Roadway,None,TULLAHOMA POLICE DEPT,Other,Unbelted,-,-,-,-,-,-,-,-,-,-,-,-,Franklin,Tullahoma,4
71492,400237313,0,2,35.8548,-83.64351,1,2025-03-27 09:53:00,2025,3,27,9,53,Thursday,09:53,Suspected Serious Injury,Daylight,Cloudy,Utility Pole,None,THP District 1 - Knoxville,THP,Unbelted,-,-,-,-,-,-,-,-,-,-,-,-,Sevier,Not in City Limit,5
71495,400237321,1,1,36.29829,-82.24638,5,2025-03-26 14:05:00,2025,3,26,14,5,Wednesday,14:05,Fatal,Daylight,Clear,Motor Vehicle-In-Transport On Same Roadway,None,THP District 5 - Fall Branch,THP,Unbelted,-,-,-,-,-,-,-,-,-,-,-,-,Carter,Not in City Limit,4
71515,400237416,0,2,36.14031,-86.76361,3,2025-03-27 13:47:00,2025,3,27,13,47,Thursday,13:47,Suspected Serious Injury,Daylight,Clear,Motor Vehicle-In-Transport On Same Roadway,Construction Zone,METROPOLITAN NASHVILLE POLICE DEPT,Other,Unbelted,-,-,-,-,-,-,-,-,-,-,-,-,Davidson,Nashville,5
71516,400237420,0,3,36.24222,-86.75693,3,2025-03-27 12:09:00,2025,3,27,12,9,Thursday,12:09,Suspected Serious Injury,Daylight,Clear,Motor Vehicle-In-Transport On Same Roadway,None,METROPOLITAN NASHVILLE POLICE DEPT,Other,Unbelted,-,-,-,-,Speeding,-,-,-,-,-,-,-,Davidson,Nashville,5
71517,400237423,0,1,36.41069,-88.58402,8,2025-03-26 18:17:00,2025,3,26,18,17,Wednesday,18:17,Suspected Serious Injury,Daylight,Clear,Motor Vehicle-In-Transport On Same Roadway,None,THP District 8 - Jackson,THP,Unbelted,-,-,-,-,-,-,-,-,-,-,-,-,Weakley,Not in City Limit,4
71526,400237472,2,2,36.01172,-86.61767,3,2025-03-27 01:13:00,2025,3,27,1,13,Thursday,01:13,Fatal,Dark-Lighted,Clear,Motor Vehicle-In-Transport On Same Roadway,None,METROPOLITAN NASHVILLE POLICE DEPT,Other,Unbelted,-,Drinking,Drug,-,-,-,-,-,-,-,-,-,Davidson,Nashville,5
71530,400237492,1,0,36.26389,-85.60959,6,2025-03-26 20:09:00,2025,3,26,20,9,Wednesday,20:09,Fatal,Daylight,Clear,Standing Tree,None,THP District 6 - Cookeville,THP,Unbelted,-,-,-,-,-,-,-,-,-,-,-,-,Jackson,Not in City Limit,4
71532,400237495,0,1,36.057,-89.40006,8,2025-03-27 14:17:00,2025,3,27,14,17,Thursday,14:17,Suspected Serious Injury,Daylight,Clear,Pedal-Cycle,None,DYERSBURG POLICE DEPT,Other,Unbelted,-,-,-,-,-,Pedalcyclist,-,-,-,-,-,-,Dyer,Dyersburg,5
71546,400237566,0,2,36.11259,-84.78,1,2025-03-27 18:35:00,2025,3,27,18,35,Thursday,18:35,Suspected Serious Injury,Daylight,Clear,Ditch,None,MORGAN CO SHERIFFS DEPT,Other,Unbelted,Distracted,-,-,-,-,-,-,-,-,-,-,-,Morgan,Not in City Limit,5
71553,400237599,0,1,36.03457,-86.8027,3,2025-03-27 18:05:00,2025,3,27,18,5,Thursday,18:05,Suspected Serious Injury,Daylight,Clear,Motor Vehicle-In-Transport On Same Roadway,None,BRENTWOOD POLICE DEPT,Other,Unbelted,-,-,-,-,-,-,-,-,-,-,Motorcyclist,-,Williamson,Brentwood,5
71557,400237613,0,4,36.23572,-86.72616,3,2025-03-27 00:00:00,2025,3,27,24,0,Thursday,24:00,Suspected Serious Injury,Dusk,Clear,Motor Vehicle-In-Transport On Same Roadway,None,METROPOLITAN NASHVILLE POLICE DEPT,Other,Unbelted,-,-,-,-,-,-,-,-,-,-,-,-,Davidson,Nashville,5
71576,400237713,0,1,36.10708,-87.70028,3,2025-03-27 21:10:00,2025,3,27,21,10,Thursday,21:10,Suspected Serious Injury,Dark-Not Lighted,Clear,Embankment Earth,None,HUMPHREYS CO SHERIFFS DEPT,Other,Unbelted,-,-,-,-,-,-,-,-,-,-,-,-,Humphreys,Not in City Limit,5
71585,400237763,0,1,35.25169,-84.84423,2,2025-03-28 08:32:00,2025,3,28,8,32,Friday,08:32,Suspected Serious Injury,Daylight,Clear,Standing Tree,None,BRADLEY CO SHERIFFS DEPT,Other,Unbelted,-,-,-,Drowsy,-,-,-,-,-,-,-,-,Bradley,Not in City Limit,6
71587,400237766,0,1,35.806,-84.08014,1,2025-03-27 08:10:00,2025,3,27,8,10,Thursday,08:10,Suspected Serious Injury,Daylight,Clear,Other Non-Collision,None,THP District 1 - Knoxville,THP,Unbelted,-,-,-,-,-,-,-,-,-,-,-,-,Blount,Louisville,5