OBJECTID,MRN,Fatality,Injury,Latitude,Longitude,THP_District,Collision_Date,Collision_Year,Collision_Month,Collision_Day,Collision_Hour,Collision_Min,Collision_DOW,Collision_Time,Crash_Type,Light_Condition,Weather,First_Harmfu_Event,Work_Zone_Type,Agency_Name,THP,Unbelted,Distracted_Driver,Driver_Drinking,Driver_Drugged,Drowsy_Driver,Speeding_Involved,Pedalcyclist,Pedestrian,Other_Nonmotorist,ATV_Involved,LargeTruck_Involved,Motorcycle_Involved,SchoolBus,County,City,DOW_Nmb
71588,400237772,1,0,36.21881,-86.74878,3,2025-03-28 03:37:00,2025,3,28,3,37,Friday,03:37,Fatal,Dark-Lighted,Clear,Embankment Rock/Stone/Concrete,None,METROPOLITAN NASHVILLE POLICE DEPT,Other,Unbelted,-,Drinking,-,-,-,-,-,-,-,-,-,-,Davidson,Nashville,6
71591,400237808,0,2,35.13406,-84.8611,2,2025-03-26 15:43:00,2025,3,26,15,43,Wednesday,15:43,Suspected Serious Injury,Daylight,Clear,Motor Vehicle-In-Transport On Same Roadway,None,BRADLEY CO SHERIFFS DEPT,Other,Unbelted,-,-,-,-,-,-,-,-,-,-,-,-,Bradley,Not in City Limit,4
71597,400237850,0,2,36.44125,-87.97551,3,2025-03-28 10:55:00,2025,3,28,10,55,Friday,10:55,Suspected Serious Injury,Daylight,Clear,Motor Vehicle-In-Transport On Same Roadway,None,THP District 3 - Nashville,THP,Unbelted,-,-,-,-,-,-,-,-,-,-,-,-,Stewart,Not in City Limit,6
71598,400237852,0,3,35.76232,-84.32045,1,2025-03-28 09:50:00,2025,3,28,9,50,Friday,09:50,Suspected Serious Injury,Daylight,Clear,Motor Vehicle-In-Transport On Same Roadway,None,THP District 1 - Knoxville,THP,Unbelted,-,-,-,-,-,-,-,-,-,-,-,-,Loudon,Not in City Limit,6
71603,400237889,0,1,35.91683,-83.71736,1,2025-03-28 06:35:00,2025,3,28,6,35,Friday,06:35,Suspected Serious Injury,Dawn,Clear,Pedestrian,None,THP District 1 - Knoxville,THP,Unbelted,-,-,-,-,-,-,Pedestrian,-,-,-,-,-,Sevier,Not in City Limit,6
71612,400237913,1,0,36.15128,-86.3114,3,2025-03-19 06:11:00,2025,3,19,6,11,Wednesday,06:11,Fatal,Dark-Not Lighted,Clear,Motor Vehicle-In-Transport On Same Roadway,None,LEBANON POLICE DEPT,Other,Unbelted,-,-,-,-,-,-,-,-,-,ATV_Involved,-,-,Wilson,Lebanon,4
71615,400237930,1,0,36.45558,-82.52032,5,2025-03-27 21:49:00,2025,3,27,21,49,Thursday,21:49,Fatal,Dark-Not Lighted,Clear,Embankment Earth,None,THP District 5 - Fall Branch,THP,-,-,-,-,-,-,-,-,-,-,-,Motorcyclist,-,Sullivan,Kingsport,5
71616,400237932,0,1,36.17468,-86.82356,3,2025-03-28 13:19:00,2025,3,28,13,19,Friday,13:19,Suspected Serious Injury,Daylight,Clear,Ditch,None,METROPOLITAN NASHVILLE POLICE DEPT,Other,Unbelted,-,-,-,-,-,-,-,-,-,-,-,-,Davidson,Nashville,6
71619,400237943,0,1,35.10423,-89.92466,4,2025-03-26 15:45:00,2025,3,26,15,45,Wednesday,15:45,Suspected Serious Injury,Daylight,Clear,Pedestrian,Construction Zone,Univ of Memphis Police Services,Other,Unbelted,Distracted,-,-,-,-,-,Pedestrian,-,-,-,-,Indirect,Shelby,Memphis,4
71659,400238124,0,1,35.81386,-86.39647,3,2025-03-28 19:50:00,2025,3,28,19,50,Friday,19:50,Suspected Serious Injury,Dark-Not Lighted,Clear,Pedestrian,None,MURFREESBORO POLICE DEPT,Other,Unbelted,-,-,-,-,-,-,Pedestrian,-,-,-,-,-,Rutherford,Murfreesboro,6
71664,400238140,0,1,35.67001,-86.43512,3,2025-03-28 21:09:00,2025,3,28,21,9,Friday,21:09,Suspected Serious Injury,Dark-Not Lighted,Clear,Ditch,None,RUTHERFORD CO SHERIFFS DEPT,Other,-,-,-,-,-,-,-,-,-,-,-,Motorcyclist,-,Rutherford,Not in City Limit,6
71666,400238148,0,1,35.96796,-83.92988,1,2025-03-28 22:53:00,2025,3,28,22,53,Friday,22:53,Suspected Serious Injury,Dark-Lighted,Clear,Other Non-Collision,None,KNOXVILLE POLICE DEPT,Other,-,-,-,-,-,-,-,-,-,-,-,Motorcyclist,-,Knox,Knoxville,6
71670,400238157,1,1,36.13992,-86.72876,3,2025-03-28 18:35:00,2025,3,28,18,35,Friday,18:35,Fatal,Daylight,Cloudy,Wall,None,METROPOLITAN NASHVILLE POLICE DEPT,Other,Unbelted,-,Drinking,-,-,Speeding,-,-,-,-,-,-,-,Davidson,Nashville,6
71682,400238188,0,1,36.01074,-83.17098,5,2025-03-29 00:00:00,2025,3,29,24,0,Saturday,24:00,Suspected Serious Injury,Dark-Not Lighted,Clear,Embankment Earth,None,COCKE CO SHERIFFS DEPT,Other,-,-,Drinking,-,-,-,-,-,-,-,-,Motorcyclist,-,Cocke,Not in City Limit,7
71686,400238218,1,0,36.13263,-87.64393,3,2025-03-29 00:00:00,2025,3,29,24,0,Saturday,24:00,Fatal,Dark-Not Lighted,Clear,Standing Tree,None,THP District 3 - Nashville,THP,-,-,-,-,-,-,-,-,-,-,-,Motorcyclist,-,Humphreys,Not in City Limit,7
71704,400238305,0,1,35.86067,-83.74073,1,2025-03-29 07:55:00,2025,3,29,7,55,Saturday,07:55,Suspected Serious Injury,Daylight,Clear,Motor Vehicle-In-Transport On Same Roadway,None,SEVIER CO SHERIFFS OFFICE,Other,Unbelted,-,-,-,Drowsy,-,-,-,-,-,-,-,-,Sevier,Not in City Limit,7
71722,400238361,0,1,35.94365,-84.36154,1,2025-03-29 10:46:00,2025,3,29,10,46,Saturday,10:46,Suspected Serious Injury,Daylight,Clear,Concrete Traffic Barrier,None,OAK RIDGE POLICE DEPT,Other,Unbelted,Distracted,-,-,-,-,-,-,-,-,-,-,-,Roane,Oak Ridge,7
71723,400238363,0,1,35.81541,-88.21621,8,2025-03-28 16:13:00,2025,3,28,16,13,Friday,16:13,Suspected Serious Injury,Daylight,Clear,Motor Vehicle-In-Transport On Same Roadway,None,THP District 8 - Jackson,THP,Unbelted,-,-,-,-,-,-,-,-,-,ATV_Involved,Motorcyclist,-,Henderson,Not in City Limit,6
71726,400238375,0,1,35.82272,-86.82438,3,2025-03-28 17:04:00,2025,3,28,17,4,Friday,17:04,Suspected Serious Injury,Daylight,Clear,Embankment Rock/Stone/Concrete,None,THP District 3 - Nashville,THP,Unbelted,-,Drinking,Drug,-,-,-,-,-,-,-,-,-,Williamson,Not in City Limit,6
71731,400238387,0,1,35.92561,-84.01953,1,2025-03-29 02:56:00,2025,3,29,2,56,Saturday,02:56,Suspected Serious Injury,Dark-Lighted,Clear,Mail Box,None,KNOXVILLE POLICE DEPT,Other,Unbelted,-,-,-,-,-,-,-,-,-,-,-,-,Knox,Knoxville,7
71735,400238402,0,1,36.082,-87.35991,3,2025-03-29 00:00:00,2025,3,29,24,0,Saturday,24:00,Suspected Serious Injury,Daylight,Rain,Ditch,None,DICKSON POLICE DEPT,Other,Unbelted,-,-,-,-,-,-,-,-,-,-,-,-,Dickson,Dickson,7
71743,400238437,0,1,35.33503,-85.10686,2,2025-03-29 18:30:00,2025,3,29,18,30,Saturday,18:30,Suspected Serious Injury,Daylight,Clear,Embankment Earth,None,HAMILTON COUNTY SHERIFF'S OFFICE,Other,-,-,-,-,-,-,-,-,-,-,-,Motorcyclist,-,Hamilton,Not in City Limit,7
71751,400238480,0,1,35.05459,-86.62182,7,2025-03-29 00:20:00,2025,3,29,0,20,Saturday,00:20,Suspected Serious Injury,Dark-Not Lighted,Clear,Ditch,None,THP District 7 - Lawrenceburg,THP,-,-,-,-,-,-,-,-,-,-,-,Motorcyclist,-,Lincoln,Not in City Limit,7
71753,400238493,0,2,36.00806,-83.7688,1,2025-03-29 15:56:00,2025,3,29,15,56,Saturday,15:56,Suspected Serious Injury,Daylight,Clear,Motor Vehicle-In-Transport On Same Roadway,None,KNOXVILLE POLICE DEPT,Other,Unbelted,-,-,-,-,-,-,-,-,-,-,-,-,Knox,Knoxville,7
71758,400238503,1,0,35.43908,-84.36518,1,2025-03-29 20:16:00,2025,3,29,20,16,Saturday,20:16,Fatal,Daylight,Cloudy,Embankment Earth,None,THP District 1 - Knoxville,THP,-,-,Drinking,-,-,-,-,-,-,-,-,Motorcyclist,-,Monroe,Not in City Limit,7
71765,400238528,0,1,35.9648,-83.92414,1,2025-03-29 21:00:00,2025,3,29,21,0,Saturday,21:00,Suspected Serious Injury,Dark-Lighted,Clear,Pedestrian,None,KNOXVILLE POLICE DEPT,Other,Unbelted,-,-,-,-,-,-,Pedestrian,-,-,-,-,-,Knox,Knoxville,7
71783,400238605,0,1,36.46531,-82.48078,5,2025-03-29 12:15:00,2025,3,29,12,15,Saturday,12:15,Suspected Serious Injury,Daylight,Clear,Motor Vehicle-In-Transport On Same Roadway,None,THP District 5 - Fall Branch,THP,Unbelted,-,-,-,-,-,-,-,-,-,-,Motorcyclist,-,Sullivan,Not in City Limit,7
71803,400238672,0,2,35.00084,-86.90505,7,2025-03-29 14:16:00,2025,3,29,14,16,Saturday,14:16,Suspected Serious Injury,Daylight,Clear,Fence,None,THP District 7 - Lawrenceburg,THP,-,-,-,-,-,-,-,-,-,ATV_Involved,-,-,-,Giles,Not in City Limit,7
71815,400238734,0,1,36.06766,-87.38082,3,2025-03-30 11:10:00,2025,3,30,11,10,Sunday,11:10,Suspected Serious Injury,Daylight,Cloudy,Pedal-Cycle,None,DICKSON POLICE DEPT,Other,Unbelted,Distracted,-,-,-,-,Pedalcyclist,-,-,-,-,-,-,Dickson,Dickson,1
71820,400238758,0,1,36.002,-85.893,6,2025-03-30 13:30:00,2025,3,30,13,30,Sunday,13:30,Suspected Serious Injury,Daylight,Clear,"Over Turn, Roll Over",None,THP District 6 - Cookeville,THP,-,-,-,-,-,-,-,-,-,-,-,Motorcyclist,-,DeKalb,Not in City Limit,1
71822,400238761,0,1,36.33422,-84.17647,1,2025-03-29 21:41:00,2025,3,29,21,41,Saturday,21:41,Suspected Serious Injury,Dusk,Clear,Utility Pole,None,THP District 1 - Knoxville,THP,Unbelted,-,Drinking,-,-,Speeding,-,-,-,-,-,-,-,Campbell,Jacksboro,7
71830,400238782,0,5,36.34745,-86.52094,3,2025-03-29 19:20:00,2025,3,29,19,20,Saturday,19:20,Suspected Serious Injury,Dark-Not Lighted,Cloudy,Motor Vehicle-In-Transport On Same Roadway,None,THP District 3 - Nashville,THP,Unbelted,Distracted,Drinking,Drug,-,-,-,-,-,-,-,-,-,Sumner,Gallatin,7
71840,400238818,0,4,36.12661,-85.50627,6,2025-03-30 15:25:00,2025,3,30,15,25,Sunday,15:25,Suspected Serious Injury,Daylight,Clear,Motor Vehicle-In-Transport On Same Roadway,Construction Zone,COOKEVILLE POLICE DEPT,Other,Unbelted,-,-,-,-,-,-,-,-,-,-,-,-,Putnam,Cookeville,1
71842,400238827,0,3,35.55372,-88.84974,8,2025-03-30 16:11:00,2025,3,30,16,11,Sunday,16:11,Suspected Serious Injury,Daylight,Clear,Motor Vehicle-In-Transport On Same Roadway,None,MADISON CO SHERIFFS DEPT,Other,Unbelted,-,-,-,-,-,-,-,-,-,-,-,-,Madison,Not in City Limit,1
71850,400238858,0,2,36.57523,-82.42283,5,2025-03-29 22:02:00,2025,3,29,22,2,Saturday,22:02,Suspected Serious Injury,Dark-Not Lighted,Clear,Motor Vehicle-In-Transport On Same Roadway,None,THP District 5 - Fall Branch,THP,Unbelted,-,Drinking,Drug,-,-,-,-,-,-,-,-,-,Sullivan,Not in City Limit,7
71852,400238863,0,1,36.32057,-84.1975,1,2025-03-30 18:00:00,2025,3,30,18,0,Sunday,18:00,Suspected Serious Injury,Daylight,Clear,Motor Vehicle-In-Transport On Same Roadway,None,THP District 1 - Knoxville,THP,Unbelted,-,-,-,-,-,-,-,-,-,-,-,-,Campbell,Jacksboro,1
71855,400238878,0,4,36.1517,-86.677,3,2025-03-30 20:18:00,2025,3,30,20,18,Sunday,20:18,Suspected Serious Injury,Dark-Lighted,Clear,Motor Vehicle-In-Transport On Same Roadway,None,METROPOLITAN NASHVILLE POLICE DEPT,Other,Unbelted,-,-,-,-,-,-,-,-,-,-,-,-,Davidson,Nashville,1
71858,400238883,0,2,35.71855,-84.05551,1,2025-03-30 21:40:00,2025,3,30,21,40,Sunday,21:40,Suspected Serious Injury,Dark-Not Lighted,Clear,Pedestrian,None,BLOUNT CO SHERIFFS DEPT,Other,Unbelted,-,-,-,-,-,-,Pedestrian,-,-,-,-,-,Blount,Not in City Limit,1
71864,400238915,0,1,35.40433,-86.88075,7,2025-03-30 02:52:00,2025,3,30,2,52,Sunday,02:52,Suspected Serious Injury,Dark-Not Lighted,Cloudy,Ditch,None,THP District 7 - Lawrenceburg,THP,Unbelted,-,-,-,-,-,-,-,-,-,-,-,-,Marshall,Not in City Limit,1
71865,400238921,0,1,35.62395,-88.53445,8,2025-03-29 00:10:00,2025,3,29,0,10,Saturday,00:10,Suspected Serious Injury,Dark-Not Lighted,Clear,Deer,None,THP District 8 - Jackson,THP,-,-,-,-,-,-,-,-,-,-,-,Motorcyclist,-,Henderson,Not in City Limit,7
71872,400238935,0,2,35.56762,-88.02423,8,2025-03-29 22:20:00,2025,3,29,22,20,Saturday,22:20,Suspected Serious Injury,Dark-Not Lighted,Rain,Ditch,None,THP District 8 - Jackson,THP,Unbelted,-,Drinking,-,-,Speeding,-,-,-,-,-,-,-,Decatur,Not in City Limit,7
71873,400238945,0,1,35.97846,-84.13091,1,2025-03-30 20:25:00,2025,3,30,20,25,Sunday,20:25,Suspected Serious Injury,Dark-Not Lighted,Clear,Motor Vehicle-In-Transport On Same Roadway,None,THP District 1 - Knoxville,THP,Unbelted,-,Drinking,Drug,-,-,-,-,-,-,-,-,-,Knox,Not in City Limit,1
71882,400238986,0,3,36.17561,-86.47643,3,2025-03-30 13:45:00,2025,3,30,13,45,Sunday,13:45,Suspected Serious Injury,Daylight,Cloudy,Motor Vehicle-In-Transport On Same Roadway,None,THP District 3 - Nashville,THP,Unbelted,-,-,-,-,-,-,-,-,-,ATV_Involved,-,-,Wilson,Mount Juliet,1
71883,400238992,0,1,35.95597,-85.83838,6,2025-03-30 15:43:00,2025,3,30,15,43,Sunday,15:43,Suspected Serious Injury,Daylight,Cloudy,Other Post/Pole Support,None,SMITHVILLE POLICE DEPT,Other,Unbelted,-,Drinking,-,-,-,-,-,-,-,-,-,-,DeKalb,Smithville,1
71885,400239012,3,2,36.38162,-86.89475,3,2025-03-27 07:53:00,2025,3,27,7,53,Thursday,07:53,Fatal,Daylight,Clear,Motor Vehicle-In-Transport On Same Roadway,None,METROPOLITAN NASHVILLE POLICE DEPT,Other,Unbelted,-,-,-,-,-,-,-,-,-,ATV_Involved,-,-,Davidson,Nashville,5
71903,400239118,0,4,35.81368,-83.46303,1,2025-03-30 16:50:00,2025,3,30,16,50,Sunday,16:50,Suspected Serious Injury,Daylight,Clear,Motor Vehicle-In-Transport On Same Roadway,None,SEVIER CO SHERIFFS OFFICE,Other,Unbelted,-,-,-,-,-,-,-,-,-,-,-,-,Sevier,Not in City Limit,1
71907,400239134,0,1,35.80305,-86.7392,3,2025-03-31 11:11:00,2025,3,31,11,11,Monday,11:11,Suspected Serious Injury,Daylight,Cloudy,Ditch,None,WILLIAMSON CO SHERIFFS OFFICE,Other,Unbelted,-,-,-,-,Speeding,-,-,-,-,-,-,-,Williamson,Not in City Limit,2
71909,400239137,0,2,36.27814,-88.2377,8,2025-03-31 07:26:00,2025,3,31,7,26,Monday,07:26,Suspected Serious Injury,Daylight,Cloudy,Embankment Earth,None,THP District 8 - Jackson,THP,Unbelted,-,-,-,-,-,-,-,-,-,-,-,-,Henry,Not in City Limit,2
71924,400239227,0,4,34.9973,-85.70501,2,2025-03-31 13:10:00,2025,3,31,13,10,Monday,13:10,Suspected Serious Injury,Daylight,Cloudy,Motor Vehicle-In-Transport On Same Roadway,None,THP District 2 - Chattanooga,THP,Unbelted,-,-,-,-,-,-,-,-,-,-,-,-,Marion,South Pittsburg,2
71936,400239317,0,2,35.96585,-86.49506,3,2025-03-31 16:41:00,2025,3,31,16,41,Monday,16:41,Suspected Serious Injury,Daylight,Cloudy,Motor Vehicle-In-Transport On Same Roadway,None,SMYRNA POLICE DEPT,Other,Unbelted,-,-,-,-,-,-,-,-,-,-,-,-,Rutherford,Smyrna,2
71951,400239372,0,1,36.10715,-89.38439,8,2025-03-22 10:01:00,2025,3,22,10,1,Saturday,10:01,Suspected Serious Injury,Daylight,Clear,Motor Vehicle-In-Transport On Same Roadway,None,THP District 8 - Jackson,THP,Unbelted,-,Drinking,Drug,-,-,-,-,-,-,-,-,-,Dyer,Not in City Limit,7
71959,400239390,1,0,35.35828,-85.56728,2,2025-03-31 00:00:00,2025,3,31,24,0,Monday,24:00,Fatal,Dark-Not Lighted,Clear,Pedal-Cycle,None,THP District 2 - Chattanooga,THP,Unbelted,-,-,-,-,-,Pedalcyclist,-,-,-,-,-,-,Grundy,Palmer,2
71967,400239412,0,1,35.94246,-86.9029,3,2025-04-01 00:02:00,2025,4,1,0,2,Tuesday,00:02,Suspected Serious Injury,Dark-Lighted,Clear,Traffic Signal Support,None,FRANKLIN POLICE DEPT,Other,Unbelted,-,Drinking,-,-,-,-,-,-,-,-,-,-,Williamson,Franklin,3
71969,400239416,0,1,36.15507,-86.77172,3,2025-04-01 03:04:00,2025,4,1,3,4,Tuesday,03:04,Suspected Serious Injury,Dark-Lighted,Clear,Guard Rail Face,None,METROPOLITAN NASHVILLE POLICE DEPT,Other,Unbelted,-,-,-,-,-,-,-,-,-,-,-,-,Davidson,Nashville,3
71973,400239445,0,1,35.16751,-88.09009,8,2025-03-31 17:50:00,2025,3,31,17,50,Monday,17:50,Suspected Serious Injury,Daylight,Clear,Embankment Earth,None,THP District 8 - Jackson,THP,Unbelted,-,-,-,-,-,-,-,-,-,-,-,-,Hardin,Not in City Limit,2
71978,400239466,0,1,36.17387,-85.51154,6,2025-04-01 05:59:00,2025,4,1,5,59,Tuesday,05:59,Suspected Serious Injury,Dawn,Cloudy,Motor Vehicle-In-Transport On Same Roadway,None,COOKEVILLE POLICE DEPT,Other,Unbelted,-,-,-,-,-,-,-,-,-,-,Motorcyclist,-,Putnam,Cookeville,3
71984,400239483,0,2,36.02478,-83.92354,1,2025-04-01 07:49:00,2025,4,1,7,49,Tuesday,07:49,Suspected Serious Injury,Daylight,Cloudy,Motor Vehicle-In-Transport On Same Roadway,None,KNOX CO SHERIFFS OFFICE,Other,Unbelted,-,-,-,-,-,-,-,-,-,-,-,-,Knox,Knoxville,3
72004,400239586,0,1,35.99728,-86.59638,3,2025-04-01 11:12:00,2025,4,1,11,12,Tuesday,11:12,Suspected Serious Injury,Daylight,Clear,Motor Vehicle-In-Transport On Same Roadway,None,LAVERGNE POLICE DEPT,Other,Unbelted,Distracted,-,-,-,Speeding,-,-,-,-,-,-,-,Rutherford,Lavergne,3
72011,400239628,0,3,36.15659,-86.78747,3,2025-04-01 14:10:00,2025,4,1,14,10,Tuesday,14:10,Suspected Serious Injury,Daylight,Clear,Motor Vehicle-In-Transport On Same Roadway,None,METROPOLITAN NASHVILLE POLICE DEPT,Other,Unbelted,-,-,-,-,-,-,-,-,-,-,-,-,Davidson,Nashville,3
72013,400239631,0,1,36.54255,-82.58268,5,2025-03-31 16:57:00,2025,3,31,16,57,Monday,16:57,Suspected Serious Injury,Daylight,Clear,Cable Barrier,None,THP District 5 - Fall Branch,THP,Unbelted,-,Drinking,-,-,-,-,-,-,-,-,-,-,Sullivan,Kingsport,2
72017,400239638,1,0,35.48574,-88.51632,8,2025-04-01 12:02:00,2025,4,1,12,2,Tuesday,12:02,Fatal,Daylight,Clear,Embankment Earth,None,THP District 8 - Jackson,THP,Unbelted,-,-,-,-,-,-,-,-,-,ATV_Involved,-,-,Chester,Not in City Limit,3
72018,400239639,0,1,35.15604,-88.92266,4,2025-04-01 00:00:00,2025,4,1,24,0,Tuesday,24:00,Suspected Serious Injury,Daylight,Clear,Embankment Earth,None,THP District 4 - Memphis,THP,Unbelted,-,Drinking,-,-,-,-,-,-,-,-,-,-,Hardeman,Not in City Limit,3
72019,400239658,3,4,35.41028,-84.70329,2,2025-03-31 17:27:00,2025,3,31,17,27,Monday,17:27,Fatal,Daylight,Clear,Highway Traffic Sign Post,None,THP District 2 - Chattanooga,THP,Unbelted,-,-,-,-,-,-,-,-,-,-,-,-,McMinn,Not in City Limit,2
72020,400239661,0,2,35.91353,-84.58141,1,2025-04-01 15:00:00,2025,4,1,15,0,Tuesday,15:00,Suspected Serious Injury,Daylight,Clear,Motor Vehicle-In-Transport On Same Roadway,None,HARRIMAN POLICE DEPT,Other,Unbelted,-,-,-,-,-,-,-,-,-,-,-,-,Roane,Harriman,3
72026,400239680,2,0,36.24072,-86.63243,3,2025-03-31 20:34:00,2025,3,31,20,34,Monday,20:34,Fatal,Dark-Lighted,Clear,Utility Pole,None,METROPOLITAN NASHVILLE POLICE DEPT,Other,Unbelted,-,-,Drug,-,-,-,-,-,-,-,-,-,Davidson,Nashville,2
72027,400239683,0,2,35.64312,-86.89911,7,2025-04-01 15:52:00,2025,4,1,15,52,Tuesday,15:52,Suspected Serious Injury,Daylight,Clear,Motor Vehicle-In-Transport On Same Roadway,None,COLUMBIA POLICE DEPT,Other,Unbelted,-,-,-,-,-,-,-,-,-,-,-,-,Maury,Columbia,3
72029,400239691,0,2,36.04577,-86.74383,3,2025-04-01 15:48:00,2025,4,1,15,48,Tuesday,15:48,Suspected Serious Injury,Daylight,Clear,Motor Vehicle-In-Transport On Same Roadway,None,METROPOLITAN NASHVILLE POLICE DEPT,Other,Unbelted,-,-,-,-,-,-,-,-,-,-,-,-,Davidson,Nashville,3
72033,400239713,1,1,36.14638,-82.41253,5,2025-04-01 17:15:00,2025,4,1,17,15,Tuesday,17:15,Fatal,Daylight,Clear,Motor Vehicle-In-Transport On Same Roadway,None,THP District 5 - Fall Branch,THP,Unbelted,-,-,-,-,-,-,-,-,-,-,Motorcyclist,-,Unicoi,Erwin,3
72054,400239807,0,1,36.17489,-86.17489,3,2025-04-01 20:39:00,2025,4,1,20,39,Tuesday,20:39,Suspected Serious Injury,Dark-Not Lighted,Clear,Pedestrian,None,METROPOLITAN NASHVILLE POLICE DEPT,Other,Unbelted,-,-,-,-,-,-,Pedestrian,-,-,-,-,-,Wilson,Not in City Limit,3
72055,400239818,0,2,36.14103,-86.51727,3,2025-04-01 20:31:00,2025,4,1,20,31,Tuesday,20:31,Suspected Serious Injury,Dark-Not Lighted,Clear,Motor Vehicle-In-Transport On Same Roadway,None,THP District 3 - Nashville,THP,Unbelted,-,-,-,-,-,-,-,-,-,-,-,-,Wilson,Not in City Limit,3
72056,400239821,0,1,35.94786,-83.6403,1,2025-04-01 19:35:00,2025,4,1,19,35,Tuesday,19:35,Suspected Serious Injury,Dusk,Clear,Fence,None,THP District 1 - Knoxville,THP,-,-,-,-,-,-,-,-,-,-,-,Motorcyclist,-,Sevier,Not in City Limit,3
72070,400239868,0,1,35.9719,-83.93357,1,2025-04-01 19:00:00,2025,4,1,19,0,Tuesday,19:00,Suspected Serious Injury,Daylight,Clear,Pedal-Cycle,None,KNOXVILLE POLICE DEPT,Other,Unbelted,-,-,-,-,-,Pedalcyclist,-,-,-,-,-,-,Knox,Knoxville,3
72073,400239874,0,1,36.17065,-86.81322,3,2025-04-02 03:31:00,2025,4,2,3,31,Wednesday,03:31,Suspected Serious Injury,Dark-Lighted,Clear,Other Fixed Object,None,METROPOLITAN NASHVILLE POLICE DEPT,Other,Unbelted,-,-,-,-,-,-,-,-,-,-,-,-,Davidson,Nashville,4
72106,400240066,0,2,36.20041,-83.33805,5,2025-04-02 14:49:00,2025,4,2,14,49,Wednesday,14:49,Suspected Serious Injury,Daylight,Clear,Motor Vehicle-In-Transport On Same Roadway,None,MORRISTOWN POLICE DEPT,Other,Unbelted,Distracted,-,-,-,-,-,-,-,-,-,-,-,Hamblen,Morristown,4
72113,400240088,0,1,35.22209,-89.60458,4,2025-03-31 06:23:00,2025,3,31,6,23,Monday,06:23,Suspected Serious Injury,Daylight,Clear,Motor Vehicle-In-Transport On Same Roadway,None,THP District 4 - Memphis,THP,Unbelted,-,-,-,-,-,-,-,-,-,-,-,Direct,Fayette,Oakland,2
72131,400240175,1,3,36.02115,-83.60089,5,2025-04-02 15:10:00,2025,4,2,15,10,Wednesday,15:10,Fatal,Daylight,Clear,Motor Vehicle-In-Transport On Same Roadway,None,THP District 5 - Fall Branch,THP,Unbelted,-,Drinking,-,-,-,-,-,-,-,-,Motorcyclist,-,Jefferson,Not in City Limit,4
72141,400240201,0,4,35.56379,-84.41048,1,2025-04-02 14:45:00,2025,4,2,14,45,Wednesday,14:45,Suspected Serious Injury,Daylight,Clear,Motor Vehicle-In-Transport On Same Roadway,None,THP District 1 - Knoxville,THP,Unbelted,-,-,-,-,-,-,-,-,-,-,-,-,Monroe,Not in City Limit,4
72156,400240262,0,1,36.4331,-86.80137,3,2025-04-02 23:13:00,2025,4,2,23,13,Wednesday,23:13,Suspected Serious Injury,Dark-Not Lighted,Rain,Fell/Jumped From Vehicle,None,GREENBRIER POLICE DEPT,Other,-,Distracted,Drinking,-,-,-,-,-,-,-,-,Motorcyclist,-,Robertson,Greenbrier,4
72157,400240264,1,1,36.42872,-88.88834,8,2025-04-02 21:12:00,2025,4,2,21,12,Wednesday,21:12,Fatal,Dark-Not Lighted,Rain,Thrown Or Falling Object,None,THP District 8 - Jackson,THP,Unbelted,-,-,-,-,-,-,-,-,-,-,-,-,Obion,Not in City Limit,4
72161,400240286,0,1,36.28283,-82.29931,5,2025-04-03 05:55:00,2025,4,3,5,55,Thursday,05:55,Suspected Serious Injury,Dark-Not Lighted,Clear,Pedestrian,None,THP District 5 - Fall Branch,THP,Unbelted,-,-,-,-,-,-,Pedestrian,-,-,-,-,-,Carter,Not in City Limit,5
72164,400240302,1,1,35.874,-88.40017,8,2025-04-03 02:31:00,2025,4,3,2,31,Thursday,02:31,Fatal,Dark-Not Lighted,Rain,"Over Turn, Roll Over",None,THP District 8 - Jackson,THP,Unbelted,-,-,-,-,-,-,-,-,-,ATV_Involved,-,-,Carroll,Not in City Limit,5
72167,400240316,0,1,35.59597,-84.3771,1,2025-04-02 15:06:00,2025,4,2,15,6,Wednesday,15:06,Suspected Serious Injury,Daylight,Clear,Ditch,None,MONROE CO SHERIFFS DEPT,Other,-,-,-,-,-,-,-,-,-,-,-,Motorcyclist,-,Monroe,Not in City Limit,4
72173,400240350,0,1,35.71231,-83.51636,1,2025-04-03 00:00:00,2025,4,3,24,0,Thursday,24:00,Suspected Serious Injury,Daylight,Cloudy,Pedestrian,None,GATLINBURG POLICE DEPT,Other,Unbelted,-,-,-,-,-,-,Pedestrian,-,-,-,-,-,Sevier,Gatlinburg,5
72181,400240398,0,1,35.82701,-86.28983,3,2025-04-01 13:45:00,2025,4,1,13,45,Tuesday,13:45,Suspected Serious Injury,Daylight,Cloudy,Pedal-Cycle,None,THP District 3 - Nashville,THP,Unbelted,-,-,-,-,-,Pedalcyclist,-,-,-,-,-,-,Rutherford,Not in City Limit,3
72189,400240448,0,1,36.16695,-86.76372,3,2025-04-03 00:00:00,2025,4,3,24,0,Thursday,24:00,Suspected Serious Injury,Dark-Lighted,Rain,Pedestrian,None,METROPOLITAN NASHVILLE POLICE DEPT,Other,Unbelted,-,-,-,-,-,-,Pedestrian,-,-,-,-,-,Davidson,Nashville,5