OBJECTID,MRN,Fatality,Injury,Latitude,Longitude,THP_District,Collision_Date,Collision_Year,Collision_Month,Collision_Day,Collision_Hour,Collision_Min,Collision_DOW,Collision_Time,Crash_Type,Light_Condition,Weather,First_Harmfu_Event,Work_Zone_Type,Agency_Name,THP,Unbelted,Distracted_Driver,Driver_Drinking,Driver_Drugged,Drowsy_Driver,Speeding_Involved,Pedalcyclist,Pedestrian,Other_Nonmotorist,ATV_Involved,LargeTruck_Involved,Motorcycle_Involved,SchoolBus,County,City,DOW_Nmb
72191,400240458,0,1,36.53899,-82.34824,5,2025-04-02 18:46:00,2025,4,2,18,46,Wednesday,18:46,Suspected Serious Injury,Daylight,Clear,Guard Rail Face,None,THP District 5 - Fall Branch,THP,Unbelted,-,Drinking,Drug,-,-,-,-,-,-,-,-,-,Sullivan,Not in City Limit,4
72195,400240476,0,1,35.72985,-83.99723,1,2025-04-03 14:44:00,2025,4,3,14,44,Thursday,14:44,Suspected Serious Injury,Daylight,Clear,Motor Vehicle-In-Transport On Same Roadway,None,BLOUNT CO SHERIFFS DEPT,Other,Unbelted,-,-,-,-,-,-,-,-,-,-,Motorcyclist,-,Blount,Maryville,5
72201,400240519,2,0,35.06524,-84.73379,2,2025-04-03 12:17:00,2025,4,3,12,17,Thursday,12:17,Fatal,Daylight,Clear,Motor Vehicle-In-Transport On Same Roadway,None,THP District 2 - Chattanooga,THP,Unbelted,-,-,Drug,-,-,-,-,-,-,-,-,-,Polk,Not in City Limit,5
72202,400240522,0,1,35.14434,-84.97502,2,2025-04-03 16:39:00,2025,4,3,16,39,Thursday,16:39,Suspected Serious Injury,Daylight,Cloudy,Standing Tree,None,THP District 2 - Chattanooga,THP,Unbelted,-,-,-,-,-,-,-,-,-,-,-,-,Bradley,Not in City Limit,5
72212,400240582,0,2,35.85293,-87.45629,7,2025-04-03 16:01:00,2025,4,3,16,1,Thursday,16:01,Suspected Serious Injury,Daylight,Rain,Injured In Vehicle,None,THP District 7 - Lawrenceburg,THP,Unbelted,-,-,-,-,-,-,-,-,-,-,-,-,Hickman,Not in City Limit,5
72213,400240583,0,1,35.07736,-87.01767,7,2025-04-03 17:11:00,2025,4,3,17,11,Thursday,17:11,Suspected Serious Injury,Daylight,Cloudy,Standing Tree,None,THP District 7 - Lawrenceburg,THP,-,-,Drinking,-,-,-,-,-,-,-,-,-,-,Giles,Not in City Limit,5
72216,400240595,1,4,36.22382,-86.91467,3,2025-04-03 13:57:00,2025,4,3,13,57,Thursday,13:57,Fatal,Daylight,Cloudy,Motor Vehicle-In-Transport On Same Roadway,None,METROPOLITAN NASHVILLE POLICE DEPT,Other,Unbelted,-,-,Drug,-,-,-,-,-,-,-,-,-,Davidson,Nashville,5
72218,400240599,1,1,35.4436,-87.09295,7,2025-04-03 17:07:00,2025,4,3,17,7,Thursday,17:07,Fatal,Daylight,Cloudy,Standing Tree,None,THP District 7 - Lawrenceburg,THP,Unbelted,-,-,-,-,-,-,-,-,-,-,-,-,Maury,Not in City Limit,5
72226,400240646,1,0,36.42692,-82.31641,5,2025-04-03 22:42:00,2025,4,3,22,42,Thursday,22:42,Fatal,Dark-Not Lighted,Clear,Utility Pole,None,SULLIVAN CO SHERIFFS DEPT,Other,-,-,-,-,-,-,-,-,-,-,-,Motorcyclist,-,Sullivan,Not in City Limit,5
72228,400240653,0,1,36.10078,-86.71887,3,2025-04-03 19:55:00,2025,4,3,19,55,Thursday,19:55,Suspected Serious Injury,Dark-Lighted,Rain,Other Non-Fixed Object,None,METROPOLITAN NASHVILLE POLICE DEPT,Other,Unbelted,Distracted,-,-,-,-,-,-,-,-,-,-,-,Davidson,Nashville,5
72231,400240673,0,1,35.93693,-83.90746,1,2025-04-03 22:08:00,2025,4,3,22,8,Thursday,22:08,Suspected Serious Injury,Dark-Lighted,Clear,Pedestrian,None,KNOXVILLE POLICE DEPT,Other,Unbelted,-,-,-,-,-,-,Pedestrian,-,-,-,-,-,Knox,Knoxville,5
72240,400240724,1,0,36.56342,-86.31877,3,2025-04-03 14:54:00,2025,4,3,14,54,Thursday,14:54,Fatal,Daylight,Cloudy,Culvert,None,THP District 3 - Nashville,THP,Unbelted,-,-,-,-,-,-,-,-,-,-,-,-,Sumner,Not in City Limit,5
72241,400240727,0,1,35.77348,-83.8493,1,2025-04-04 07:52:00,2025,4,4,7,52,Friday,07:52,Suspected Serious Injury,Daylight,Clear,Standing Tree,None,BLOUNT CO SHERIFFS DEPT,Other,Unbelted,-,-,-,-,-,-,-,-,-,-,-,-,Blount,Not in City Limit,6
72245,400240760,0,1,36.00541,-86.36502,3,2025-04-03 12:45:00,2025,4,3,12,45,Thursday,12:45,Suspected Serious Injury,Daylight,Clear,Motor Vehicle-In-Transport On Same Roadway,None,THP District 3 - Nashville,THP,Unbelted,-,-,-,-,-,-,-,-,-,ATV_Involved,-,-,Rutherford,Not in City Limit,5
72252,400240791,0,2,35.61092,-85.19505,2,2025-04-01 19:05:00,2025,4,1,19,5,Tuesday,19:05,Suspected Serious Injury,Dusk,Clear,Unknown,None,PIKEVILLE POLICE DEPT,Other,Unbelted,-,-,-,-,Speeding,-,-,-,-,-,Motorcyclist,-,Bledsoe,Pikeville,3
72270,400240867,0,1,36.13613,-85.52679,6,2025-04-04 12:25:00,2025,4,4,12,25,Friday,12:25,Suspected Serious Injury,Daylight,Clear,Motor Vehicle-In-Transport On Same Roadway,None,THP District 6 - Cookeville,THP,Unbelted,-,-,-,-,-,-,-,-,-,ATV_Involved,-,-,Putnam,Cookeville,6
72271,400240868,0,1,35.83732,-86.37352,3,2025-04-04 13:05:00,2025,4,4,13,5,Friday,13:05,Suspected Serious Injury,Daylight,Clear,Pedal-Cycle,None,MURFREESBORO POLICE DEPT,Other,Unbelted,-,-,-,-,-,Pedalcyclist,-,-,-,-,-,-,Rutherford,Murfreesboro,6
72287,400240935,0,1,35.96381,-86.80842,3,2025-04-04 07:00:00,2025,4,4,7,0,Friday,07:00,Suspected Serious Injury,Daylight,Clear,Struck an object at rest from or set in motion by other motor vehicle,None,THP District 3 - Nashville,THP,Unbelted,-,-,-,-,-,-,-,-,-,-,-,-,Williamson,Franklin,6
72288,400240944,0,1,35.02939,-87.00295,7,2025-04-04 14:32:00,2025,4,4,14,32,Friday,14:32,Suspected Serious Injury,Daylight,Cloudy,Other Fixed Object,None,THP District 7 - Lawrenceburg,THP,Unbelted,-,Drinking,-,-,-,-,-,-,-,-,-,-,Giles,Not in City Limit,6
72289,400240948,1,0,35.892,-86.45364,3,2025-04-04 14:16:00,2025,4,4,14,16,Friday,14:16,Fatal,Daylight,Clear,Standing Tree,None,THP District 3 - Nashville,THP,Unbelted,-,-,-,-,-,-,-,-,-,-,-,-,Rutherford,Not in City Limit,6
72291,400240960,0,1,35.87187,-86.35473,3,2025-04-04 14:40:00,2025,4,4,14,40,Friday,14:40,Suspected Serious Injury,Daylight,Cloudy,Motor Vehicle-In-Transport On Same Roadway,None,MURFREESBORO POLICE DEPT,Other,Unbelted,-,-,-,-,-,-,-,-,-,-,Motorcyclist,-,Rutherford,Murfreesboro,6
72296,400240988,0,1,35.15059,-86.57223,7,2025-04-04 14:15:00,2025,4,4,14,15,Friday,14:15,Suspected Serious Injury,Daylight,Clear,Pedal-Cycle,None,FAYETTEVILLE POLICE DEPT,Other,Unbelted,-,-,-,-,-,-,Pedestrian,-,-,-,-,-,Lincoln,Fayetteville,6
72297,400240991,0,2,36.13199,-86.40098,3,2025-04-03 19:38:00,2025,4,3,19,38,Thursday,19:38,Suspected Serious Injury,Dark-Lighted,Clear,Motor Vehicle-In-Transport On Same Roadway,None,THP District 3 - Nashville,THP,Unbelted,-,Drinking,Drug,-,-,-,-,-,-,-,-,-,Wilson,Lebanon,5
72316,400241066,0,1,35.18066,-84.9285,2,2025-04-03 18:45:00,2025,4,3,18,45,Thursday,18:45,Suspected Serious Injury,Daylight,Clear,Standing Tree,None,THP District 2 - Chattanooga,THP,Unbelted,-,-,-,-,-,-,-,-,-,-,-,-,Bradley,Not in City Limit,5
72325,400241113,0,1,36.02427,-89.32785,8,2025-04-04 18:54:00,2025,4,4,18,54,Friday,18:54,Suspected Serious Injury,Dusk,Cloudy,Ditch,None,THP District 8 - Jackson,THP,Unbelted,-,Drinking,-,-,Speeding,-,-,-,-,-,-,-,Dyer,Not in City Limit,6
72335,400241158,0,1,35.80369,-86.47843,3,2025-04-04 19:19:00,2025,4,4,19,19,Friday,19:19,Suspected Serious Injury,Dark-Lighted,Clear,Motor Vehicle-In-Transport On Same Roadway,None,MURFREESBORO POLICE DEPT,Other,Unbelted,-,-,-,-,-,-,-,-,-,-,Motorcyclist,-,Rutherford,Murfreesboro,6
72348,400241203,0,1,36.215,-86.59192,3,2025-04-04 22:47:00,2025,4,4,22,47,Friday,22:47,Suspected Serious Injury,Dark-Lighted,Clear,Other Fixed Object,None,METROPOLITAN NASHVILLE POLICE DEPT,Other,Unbelted,-,-,-,-,-,-,-,-,-,-,-,-,Davidson,Nashville,6
72351,400241228,0,1,36.08686,-86.73028,3,2025-04-05 01:40:00,2025,4,5,1,40,Saturday,01:40,Suspected Serious Injury,Dark-Lighted,Clear,Motor Vehicle-In-Transport On Same Roadway,None,METROPOLITAN NASHVILLE POLICE DEPT,Other,Unbelted,-,Drinking,-,-,Speeding,-,-,-,-,-,-,-,Davidson,Nashville,7
72359,400241259,0,2,35.92105,-83.86262,1,2025-04-05 03:18:00,2025,4,5,3,18,Saturday,03:18,Suspected Serious Injury,Dark-Lighted,Clear,Utility Pole,None,KNOXVILLE POLICE DEPT,Other,Unbelted,-,Drinking,-,-,-,-,-,-,-,-,-,-,Knox,Knoxville,7
72372,400241347,0,1,35.49545,-85.29752,2,2025-04-05 10:15:00,2025,4,5,10,15,Saturday,10:15,Suspected Serious Injury,Daylight,Cloudy,Ditch,None,THP District 2 - Chattanooga,THP,Unbelted,Distracted,-,-,-,-,-,-,-,-,-,-,-,Bledsoe,Not in City Limit,7
72382,400241386,0,1,35.50544,-86.57148,7,2025-04-05 12:15:00,2025,4,5,12,15,Saturday,12:15,Suspected Serious Injury,Daylight,Cloudy,Ditch,None,THP District 7 - Lawrenceburg,THP,Unbelted,-,-,-,-,-,-,-,-,-,-,-,-,Bedford,Not in City Limit,7
72388,400241434,0,1,36.0518,-84.03528,1,2025-04-05 16:15:00,2025,4,5,16,15,Saturday,16:15,Suspected Serious Injury,Daylight,Clear,Ditch,None,KNOX CO SHERIFFS OFFICE,Other,Unbelted,-,-,-,-,-,-,-,-,-,-,-,-,Knox,Not in City Limit,7
72395,400241459,0,1,35.26849,-85.96353,2,2025-04-04 18:10:00,2025,4,4,18,10,Friday,18:10,Suspected Serious Injury,Daylight,Clear,Ditch,None,FRANKLIN CO SHERIFFS DEPT,Other,-,-,-,-,-,-,-,-,-,-,-,Motorcyclist,-,Franklin,Not in City Limit,6
72399,400241483,0,1,35.84273,-86.44056,3,2025-04-05 18:26:00,2025,4,5,18,26,Saturday,18:26,Suspected Serious Injury,Dusk,Rain,Motor Vehicle-In-Transport On Same Roadway,None,MURFREESBORO POLICE DEPT,Other,Unbelted,-,-,-,-,-,-,-,-,-,-,-,-,Rutherford,Murfreesboro,7
72401,400241485,0,1,35.34216,-84.85189,2,2025-04-05 13:55:00,2025,4,5,13,55,Saturday,13:55,Suspected Serious Injury,Daylight,Clear,Fell/Jumped From Vehicle,None,THP District 2 - Chattanooga,THP,-,-,-,-,-,-,-,-,-,-,-,Motorcyclist,-,Bradley,Not in City Limit,7
72406,400241504,0,2,35.83475,-86.35097,3,2025-04-05 00:00:00,2025,4,5,24,0,Saturday,24:00,Suspected Serious Injury,Dark-Lighted,Rain,Motor Vehicle-In-Transport On Same Roadway,None,MURFREESBORO POLICE DEPT,Other,Unbelted,-,-,-,-,-,-,-,-,-,-,-,-,Rutherford,Murfreesboro,7
72420,400241580,0,1,35.59583,-87.08238,7,2025-04-05 22:00:00,2025,4,5,22,0,Saturday,22:00,Suspected Serious Injury,Dark-Lighted,Rain,Utility Pole,None,COLUMBIA POLICE DEPT,Other,Unbelted,Distracted,-,-,-,-,-,-,-,-,-,-,-,Maury,Columbia,7
72421,400241590,0,2,35.589,-87.03962,7,2025-04-05 22:02:00,2025,4,5,22,2,Saturday,22:02,Suspected Serious Injury,Dark-Lighted,Rain,"Over Turn, Roll Over",None,COLUMBIA POLICE DEPT,Other,-,-,Drinking,-,-,-,-,-,-,-,-,Motorcyclist,-,Maury,Columbia,7
72427,400241630,1,1,36.06387,-83.3947,5,2025-04-05 19:36:00,2025,4,5,19,36,Saturday,19:36,Fatal,Daylight,Clear,Concrete Traffic Barrier,None,THP District 5 - Fall Branch,THP,Unbelted,-,-,-,-,-,-,-,-,-,-,-,-,Jefferson,Not in City Limit,7
72428,400241632,0,1,35.19787,-89.20758,4,2025-04-06 00:00:00,2025,4,6,24,0,Sunday,24:00,Suspected Serious Injury,Dark-Not Lighted,Rain,Paved Surface-Irregular,None,FAYETTE CO SHERIFF'S OFFICE,Other,Unbelted,-,-,-,-,-,-,-,-,-,-,-,-,Fayette,Not in City Limit,1
72437,400241670,1,1,35.92659,-83.02199,5,2025-04-05 13:36:00,2025,4,5,13,36,Saturday,13:36,Fatal,Daylight,Clear,Motor Vehicle-In-Transport On Same Roadway,None,THP District 5 - Fall Branch,THP,Unbelted,-,-,-,-,-,-,-,-,-,ATV_Involved,Motorcyclist,-,Cocke,Not in City Limit,7
72449,400241731,0,3,35.94266,-83.58394,1,2025-04-06 10:06:00,2025,4,6,10,6,Sunday,10:06,Suspected Serious Injury,Daylight,Rain,Motor Vehicle-In-Transport On Same Roadway,None,SEVIERVILLE POLICE DEPT,Other,Unbelted,-,-,-,-,-,-,-,-,-,-,-,-,Sevier,Sevierville,1
72453,400241762,0,2,36.22003,-86.56768,3,2025-04-06 09:39:00,2025,4,6,9,39,Sunday,09:39,Suspected Serious Injury,,Cloudy,Motor Vehicle-In-Transport On Same Roadway,None,MOUNT JULIET POLICE DEPT,Other,Unbelted,-,-,-,-,-,-,-,-,-,-,-,-,Wilson,Mount Juliet,1
72455,400241767,0,1,35.06041,-86.70857,7,2025-04-06 09:48:00,2025,4,6,9,48,Sunday,09:48,Suspected Serious Injury,Daylight,Rain,Standing Tree,None,THP District 7 - Lawrenceburg,THP,Unbelted,-,-,-,-,-,-,-,-,-,-,-,-,Lincoln,Not in City Limit,1
72471,400241851,0,1,35.67059,-83.71734,1,2025-04-05 11:55:00,2025,4,5,11,55,Saturday,11:55,Suspected Serious Injury,Daylight,Clear,Motor Vehicle-In-Transport On Same Roadway,None,TOWNSEND POLICE DEPT,Other,Unbelted,-,-,-,-,-,-,-,-,-,-,Motorcyclist,-,Blount,Townsend,7
72479,400241872,0,2,35.99032,-83.99963,1,2025-04-06 16:21:00,2025,4,6,16,21,Sunday,16:21,Suspected Serious Injury,Daylight,Rain,Motor Vehicle-In-Transport On Same Roadway,None,KNOXVILLE POLICE DEPT,Other,Unbelted,-,-,-,-,-,-,-,-,-,-,-,-,Knox,Knoxville,1
72489,400241913,0,1,35.98301,-83.97638,1,2025-04-06 19:40:00,2025,4,6,19,40,Sunday,19:40,Suspected Serious Injury,Dark-Lighted,Rain,Motor Vehicle-In-Transport On Same Roadway,None,KNOXVILLE POLICE DEPT,Other,Unbelted,-,-,-,-,-,-,-,-,-,-,Motorcyclist,-,Knox,Knoxville,1
72498,400241955,2,2,35.93256,-83.0382,5,2025-04-05 15:18:00,2025,4,5,15,18,Saturday,15:18,Fatal,Daylight,Clear,Motor Vehicle-In-Transport On Same Roadway,None,THP District 5 - Fall Branch,THP,-,-,Drinking,-,-,-,-,-,-,-,-,Motorcyclist,-,Cocke,Not in City Limit,7
72504,400241985,0,3,35.28637,-88.59547,8,2025-04-03 02:50:00,2025,4,3,2,50,Thursday,02:50,Suspected Serious Injury,Dark-Not Lighted,Rain,Ditch,None,THP District 8 - Jackson,THP,Unbelted,-,-,-,-,-,-,-,-,-,-,-,-,McNairy,Not in City Limit,5
72521,400242049,0,1,36.58146,-82.31876,5,2025-04-04 18:36:00,2025,4,4,18,36,Friday,18:36,Suspected Serious Injury,Daylight,Clear,Motor Vehicle-In-Transport On Same Roadway,None,THP District 5 - Fall Branch,THP,Unbelted,-,-,-,-,-,-,-,-,-,-,Motorcyclist,-,Sullivan,Not in City Limit,6
72525,400242085,0,2,35.32293,-87.70357,7,2025-04-03 16:45:00,2025,4,3,16,45,Thursday,16:45,Suspected Serious Injury,Daylight,Cloudy,Motor Vehicle-In-Transport On Same Roadway,None,THP District 7 - Lawrenceburg,THP,Unbelted,-,-,-,-,-,-,-,-,-,-,-,-,Wayne,Not in City Limit,5
72528,400242102,1,0,36.04705,-83.98616,1,2025-04-04 19:24:00,2025,4,4,19,24,Friday,19:24,Fatal,Dusk,Clear,Motor Vehicle-In-Transport On Same Roadway,None,KNOX CO SHERIFFS OFFICE,Other,Unbelted,-,-,-,-,Speeding,-,-,-,-,-,Motorcyclist,-,Knox,Not in City Limit,6
72531,400242112,0,1,35.95601,-87.48841,7,2025-04-07 08:01:00,2025,4,7,8,1,Monday,08:01,Suspected Serious Injury,Daylight,Cloudy,Ditch,None,THP District 7 - Lawrenceburg,THP,Unbelted,-,-,-,-,-,-,-,-,-,-,-,-,Hickman,Not in City Limit,2
72535,400242137,0,2,36.00358,-83.53999,5,2025-04-05 21:10:00,2025,4,5,21,10,Saturday,21:10,Suspected Serious Injury,Dark-Not Lighted,Clear,Other Non-Fixed Object,None,THP District 5 - Fall Branch,THP,Unbelted,-,-,-,-,-,-,-,-,-,-,-,-,Jefferson,Not in City Limit,7
72537,400242147,0,1,35.98025,-84.18165,1,2025-04-03 08:19:00,2025,4,3,8,19,Thursday,08:19,Suspected Serious Injury,Daylight,Clear,Motor Vehicle-In-Transport On Same Roadway,None,THP District 1 - Knoxville,THP,Unbelted,-,-,-,-,-,-,-,-,-,-,-,-,Knox,Knoxville,5
72540,400242155,0,5,35.88469,-84.515,1,2025-04-04 17:48:00,2025,4,4,17,48,Friday,17:48,Suspected Serious Injury,Daylight,Clear,Motor Vehicle-In-Transport On Same Roadway,None,THP District 1 - Knoxville,THP,Unbelted,-,-,-,-,-,-,-,-,-,-,Motorcyclist,-,Roane,Not in City Limit,6
72548,400242234,0,1,36.08608,-83.92561,1,2025-04-07 05:40:00,2025,4,7,5,40,Monday,05:40,Suspected Serious Injury,Dark-Not Lighted,Rain,Motor Vehicle-In-Transport On Same Roadway,None,THP District 1 - Knoxville,THP,Unbelted,-,-,-,-,-,-,-,-,-,ATV_Involved,-,-,Knox,Knoxville,2
72560,400242281,0,4,35.96333,-88.40884,8,2025-04-07 14:26:00,2025,4,7,14,26,Monday,14:26,Suspected Serious Injury,Daylight,Clear,Motor Vehicle-In-Transport On Different Roadway,None,HUNTINGDON POLICE DEPT,Other,Unbelted,-,-,-,-,-,-,-,-,-,-,-,-,Carroll,Huntingdon,2
72571,400242328,0,2,35.99518,-88.43646,8,2025-04-07 15:27:00,2025,4,7,15,27,Monday,15:27,Suspected Serious Injury,Daylight,Clear,Motor Vehicle-In-Transport On Different Roadway,None,HUNTINGDON POLICE DEPT,Other,Unbelted,-,-,-,-,-,-,-,-,-,-,-,-,Carroll,Huntingdon,2
72578,400242368,0,1,36.33145,-86.9011,3,2025-04-07 17:34:00,2025,4,7,17,34,Monday,17:34,Suspected Serious Injury,Daylight,Clear,Motor Vehicle-In-Transport On Same Roadway,None,METROPOLITAN NASHVILLE POLICE DEPT,Other,Unbelted,-,-,-,-,-,-,-,-,-,ATV_Involved,-,-,Davidson,Nashville,2
72580,400242372,0,1,35.0307,-87.55808,7,2025-04-07 15:45:00,2025,4,7,15,45,Monday,15:45,Suspected Serious Injury,Daylight,Cloudy,Ditch,None,THP District 7 - Lawrenceburg,THP,Unbelted,-,-,-,-,-,-,-,-,-,-,-,-,Lawrence,Not in City Limit,2
72583,400242379,0,1,35.78231,-84.09482,1,2025-04-07 18:27:00,2025,4,7,18,27,Monday,18:27,Suspected Serious Injury,Daylight,Rain,Embankment Earth,None,BLOUNT CO SHERIFFS DEPT,Other,Unbelted,-,-,-,-,-,-,-,-,-,-,-,-,Blount,Not in City Limit,2
72589,400242402,0,1,35.67612,-84.85605,2,2025-04-02 18:15:00,2025,4,2,18,15,Wednesday,18:15,Suspected Serious Injury,Daylight,Clear,Ditch,None,SPRING CITY POLICE DEPT,Other,Unbelted,-,-,-,-,-,-,-,-,-,-,-,-,Rhea,Spring City,4
72591,400242405,0,1,36.20511,-82.87959,5,2025-04-07 21:27:00,2025,4,7,21,27,Monday,21:27,Suspected Serious Injury,Dark-Not Lighted,Cloudy,Other Fixed Object,None,THP District 5 - Fall Branch,THP,Unbelted,-,-,-,-,-,-,-,-,-,-,-,-,Greene,Not in City Limit,2
72602,400242448,0,2,36.16249,-85.88785,6,2025-04-08 01:23:00,2025,4,8,1,23,Tuesday,01:23,Suspected Serious Injury,Dark-Not Lighted,Clear,Ditch,None,THP District 6 - Cookeville,THP,Unbelted,-,-,-,-,Speeding,-,-,-,-,-,-,-,Smith,Gordonsville,3
72612,400242498,0,1,36.49626,-87.8974,3,2025-04-07 15:25:00,2025,4,7,15,25,Monday,15:25,Suspected Serious Injury,Daylight,Clear,Parked Motor Vehicle,None,THP District 3 - Nashville,THP,-,-,-,-,-,-,-,-,-,-,-,Motorcyclist,-,Stewart,Not in City Limit,2
72625,400242607,1,0,35.69552,-84.78759,2,2025-03-26 22:00:00,2025,3,26,22,0,Wednesday,22:00,Fatal,Dark-Not Lighted,Clear,Motor Vehicle-In-Transport On Same Roadway,None,THP District 2 - Chattanooga,THP,Unbelted,-,Drinking,Drug,-,-,-,-,-,-,-,Motorcyclist,-,Rhea,Not in City Limit,4
72627,400242610,0,1,36.47543,-85.76788,6,2025-04-08 07:30:00,2025,4,8,7,30,Tuesday,07:30,Suspected Serious Injury,Daylight,Clear,Bridge Rail,None,THP District 6 - Cookeville,THP,Unbelted,-,-,-,-,-,-,-,-,-,-,-,-,Jackson,Not in City Limit,3
72629,400242616,0,1,35.93531,-83.34112,5,2025-04-08 13:10:00,2025,4,8,13,10,Tuesday,13:10,Suspected Serious Injury,Daylight,Clear,Ditch,None,THP District 5 - Fall Branch,THP,Unbelted,-,Drinking,Drug,-,-,-,-,-,-,-,-,-,Jefferson,Not in City Limit,3
72644,400242736,0,2,36.19474,-89.45517,8,2025-04-08 05:35:00,2025,4,8,5,35,Tuesday,05:35,Suspected Serious Injury,Dawn,Clear,Motor Vehicle-In-Transport On Same Roadway,None,THP District 8 - Jackson,THP,Unbelted,-,-,-,-,-,-,-,-,-,-,-,-,Dyer,Not in City Limit,3
72649,400242765,0,1,36.16163,-85.51038,6,2025-04-08 17:00:00,2025,4,8,17,0,Tuesday,17:00,Suspected Serious Injury,Daylight,Clear,Motor Vehicle-In-Transport On Same Roadway,None,COOKEVILLE POLICE DEPT,Other,Unbelted,-,-,-,-,-,-,-,-,-,-,-,-,Putnam,Cookeville,3
72662,400242823,0,2,36.14241,-83.27868,5,2025-04-08 18:13:00,2025,4,8,18,13,Tuesday,18:13,Suspected Serious Injury,Daylight,Clear,Motor Vehicle-In-Transport On Same Roadway,None,MORRISTOWN POLICE DEPT,Other,Unbelted,-,-,-,-,-,-,-,-,-,-,-,-,Hamblen,Morristown,3
72665,400242832,0,1,35.14687,-85.39191,2,2025-04-08 18:52:00,2025,4,8,18,52,Tuesday,18:52,Suspected Serious Injury,Dusk,Clear,Guard Rail Face,None,THP District 2 - Chattanooga,THP,-,-,-,-,-,-,-,-,-,-,-,Motorcyclist,-,Marion,Not in City Limit,3
72670,400242844,0,2,36.00388,-83.79014,1,2025-04-08 18:07:00,2025,4,8,18,7,Tuesday,18:07,Suspected Serious Injury,Daylight,Clear,Motor Vehicle-In-Transport On Same Roadway,None,KNOXVILLE POLICE DEPT,Other,Unbelted,Distracted,-,-,-,-,-,-,-,-,-,-,-,Knox,Knoxville,3
72673,400242854,0,1,36.05976,-86.64091,3,2025-04-08 19:37:00,2025,4,8,19,37,Tuesday,19:37,Suspected Serious Injury,Dark-Lighted,Clear,Motor Vehicle-In-Transport On Same Roadway,None,METROPOLITAN NASHVILLE POLICE DEPT,Other,Unbelted,-,-,-,-,-,-,-,-,-,-,Motorcyclist,-,Davidson,Nashville,3
72680,400242881,0,1,35.60808,-88.03964,8,2025-04-08 21:53:00,2025,4,8,21,53,Tuesday,21:53,Suspected Serious Injury,Dark-Not Lighted,Clear,Ditch,None,THP District 8 - Jackson,THP,Unbelted,-,-,-,-,-,-,-,-,-,-,-,-,Decatur,Not in City Limit,3
72684,400242908,0,1,35.18174,-88.17485,8,2025-04-09 01:00:00,2025,4,9,1,0,Wednesday,01:00,Suspected Serious Injury,Dark-Not Lighted,Clear,Fence,None,THP District 8 - Jackson,THP,Unbelted,-,-,-,-,-,-,-,-,-,-,-,-,Hardin,Not in City Limit,4
72714,400243089,1,1,36.43793,-82.70603,5,2025-04-09 07:43:00,2025,4,9,7,43,Wednesday,07:43,Fatal,Dawn,Clear,Guard Rail Face,None,THP District 5 - Fall Branch,THP,Unbelted,-,Drinking,Drug,-,-,-,-,-,-,-,-,-,Hawkins,Not in City Limit,4
72717,400243104,1,2,35.02562,-85.72071,2,2025-04-08 17:51:00,2025,4,8,17,51,Tuesday,17:51,Fatal,Daylight,Clear,Motor Vehicle-In-Transport On Same Roadway,None,THP District 2 - Chattanooga,THP,Unbelted,-,-,Drug,-,Speeding,-,-,-,-,-,Motorcyclist,-,Marion,South Pittsburg,3
72719,400243112,1,2,36.30578,-86.81556,3,2025-04-09 01:09:00,2025,4,9,1,9,Wednesday,01:09,Fatal,Dark-Not Lighted,Clear,Motor Vehicle-In-Transport On Same Roadway,None,METROPOLITAN NASHVILLE POLICE DEPT,Other,Unbelted,-,-,-,-,-,-,-,-,-,ATV_Involved,-,-,Davidson,Nashville,4
72726,400243144,0,2,35.29941,-85.90437,2,2025-04-09 12:50:00,2025,4,9,12,50,Wednesday,12:50,Suspected Serious Injury,Daylight,Clear,Motor Vehicle-In-Transport On Same Roadway,None,GRUNDY CO SHERIFFS OFFICE,Other,Unbelted,-,-,-,-,-,-,-,-,-,-,-,-,Grundy,Pelham,4
72737,400243210,0,3,36.00683,-83.75937,1,2025-04-08 12:12:00,2025,4,8,12,12,Tuesday,12:12,Suspected Serious Injury,Daylight,Clear,Motor Vehicle-In-Transport On Same Roadway,None,KNOX CO SHERIFFS OFFICE,Other,Unbelted,-,-,-,-,-,-,-,-,-,-,-,-,Knox,Not in City Limit,3
72754,400243269,0,1,35.77719,-86.39981,3,2025-04-09 17:42:00,2025,4,9,17,42,Wednesday,17:42,Suspected Serious Injury,Daylight,Clear,Motor Vehicle-In-Transport On Same Roadway,None,MURFREESBORO POLICE DEPT,Other,Unbelted,-,-,-,-,-,-,-,-,-,-,-,-,Rutherford,Murfreesboro,4
72761,400243295,0,2,36.16025,-86.78297,3,2025-04-09 19:40:00,2025,4,9,19,40,Wednesday,19:40,Suspected Serious Injury,Dark-Lighted,Clear,Motor Vehicle-In-Transport On Same Roadway,None,METROPOLITAN NASHVILLE POLICE DEPT,Other,Unbelted,-,-,-,-,-,-,-,-,-,-,Motorcyclist,-,Davidson,Nashville,4
72783,400243427,0,1,35.4806,-85.02474,2,2025-04-09 15:46:00,2025,4,9,15,46,Wednesday,15:46,Suspected Serious Injury,Daylight,Clear,Motor Vehicle-In-Transport On Same Roadway,None,DAYTON POLICE DEPT,Other,Unbelted,-,-,-,-,-,-,-,-,-,-,-,-,Rhea,Dayton,4