OBJECTID,MRN,Fatality,Injury,Latitude,Longitude,THP_District,Collision_Date,Collision_Year,Collision_Month,Collision_Day,Collision_Hour,Collision_Min,Collision_DOW,Collision_Time,Crash_Type,Light_Condition,Weather,First_Harmfu_Event,Work_Zone_Type,Agency_Name,THP,Unbelted,Distracted_Driver,Driver_Drinking,Driver_Drugged,Drowsy_Driver,Speeding_Involved,Pedalcyclist,Pedestrian,Other_Nonmotorist,ATV_Involved,LargeTruck_Involved,Motorcycle_Involved,SchoolBus,County,City,DOW_Nmb
72786,400243448,0,1,36.21521,-86.30289,3,2025-04-09 14:31:00,2025,4,9,14,31,Wednesday,14:31,Suspected Serious Injury,Daylight,Clear,Motor Vehicle-In-Transport On Same Roadway,None,LEBANON POLICE DEPT,Other,Unbelted,-,-,-,-,-,-,-,-,-,ATV_Involved,Motorcyclist,-,Wilson,Lebanon,4
72796,400243478,0,1,36.1885,-86.40898,3,2025-04-05 16:05:00,2025,4,5,16,5,Saturday,16:05,Suspected Serious Injury,Daylight,Cloudy,Curb,None,LEBANON POLICE DEPT,Other,Unbelted,-,-,-,-,-,-,-,-,-,-,-,-,Wilson,Lebanon,7
72798,400243484,0,2,35.77007,-89.53479,4,2025-04-10 07:17:00,2025,4,10,7,17,Thursday,07:17,Suspected Serious Injury,Daylight,Clear,Motor Vehicle-In-Transport On Same Roadway,None,RIPLEY POLICE DEPT,Other,Unbelted,-,-,-,-,-,-,-,-,-,-,-,-,Lauderdale,Ripley,5
72802,400243502,2,2,36.15462,-86.7862,3,2025-04-04 02:29:00,2025,4,4,2,29,Friday,02:29,Fatal,Dark-Lighted,Clear,Motor Vehicle-In-Transport On Same Roadway,None,METROPOLITAN NASHVILLE POLICE DEPT,Other,Unbelted,-,-,-,-,Speeding,-,-,-,-,-,-,-,Davidson,Nashville,6
72811,400243540,0,1,36.38323,-85.66109,6,2025-04-10 11:00:00,2025,4,10,11,0,Thursday,11:00,Suspected Serious Injury,Daylight,Clear,Pedal-Cycle,None,THP District 6 - Cookeville,THP,Unbelted,-,-,-,-,-,Pedalcyclist,-,-,-,-,-,-,Jackson,Not in City Limit,5
72812,400243542,0,1,36.05803,-84.0888,1,2025-04-10 11:26:00,2025,4,10,11,26,Thursday,11:26,Suspected Serious Injury,Daylight,Rain,Mail Box,None,THP District 1 - Knoxville,THP,Unbelted,-,-,-,-,-,-,-,-,-,-,-,-,Anderson,Not in City Limit,5
72824,400243578,0,2,35.20059,-85.15888,2,2025-04-10 10:19:00,2025,4,10,10,19,Thursday,10:19,Suspected Serious Injury,Daylight,Clear,Motor Vehicle-In-Transport On Same Roadway,None,HAMILTON COUNTY SHERIFF'S OFFICE,Other,Unbelted,-,-,Drug,-,-,-,-,-,-,-,-,-,Hamilton,Not in City Limit,5
72833,400243615,1,0,36.20642,-86.77428,3,2025-04-04 02:00:00,2025,4,4,2,0,Friday,02:00,Fatal,Dark-Lighted,Clear,Pedestrian,None,METROPOLITAN NASHVILLE POLICE DEPT,Other,Unbelted,-,-,-,-,-,-,Pedestrian,-,-,-,-,-,Davidson,Nashville,6
72837,400243627,1,0,36.08685,-86.6486,3,2025-04-06 01:56:00,2025,4,6,1,56,Sunday,01:56,Fatal,Dark-Lighted,Rain,Curb,None,METROPOLITAN NASHVILLE POLICE DEPT,Other,Unbelted,-,-,-,-,Speeding,-,-,-,-,-,-,-,Davidson,Nashville,1
72839,400243652,1,0,36.34582,-83.26116,5,2025-04-09 19:16:00,2025,4,9,19,16,Wednesday,19:16,Fatal,Dark-Not Lighted,Clear,Motor Vehicle-In-Transport On Same Roadway,None,THP District 5 - Fall Branch,THP,Unbelted,-,-,Drug,-,-,-,-,-,-,-,-,-,Hawkins,Not in City Limit,4
72840,400243654,0,1,36.07448,-83.79043,1,2025-04-08 07:31:00,2025,4,8,7,31,Tuesday,07:31,Suspected Serious Injury,Daylight,Cloudy,Ditch,None,KNOX CO SHERIFFS OFFICE,Other,Unbelted,-,-,-,-,-,-,-,-,-,-,-,-,Knox,Not in City Limit,3
72843,400243659,1,1,36.06565,-86.81274,3,2025-04-26 17:00:00,2025,4,26,17,0,Saturday,17:00,Fatal,Daylight,Clear,Standing Tree,None,METROPOLITAN NASHVILLE POLICE DEPT,Other,Unbelted,-,-,-,Drowsy,-,-,-,-,-,-,-,-,Davidson,Nashville,7
72848,400243678,0,1,36.04215,-86.65354,3,2025-04-10 16:05:00,2025,4,10,16,5,Thursday,16:05,Suspected Serious Injury,Daylight,Clear,Motor Vehicle-In-Transport On Same Roadway,None,METROPOLITAN NASHVILLE POLICE DEPT,Other,Unbelted,-,-,-,-,-,-,-,-,-,-,-,-,Davidson,Nashville,5
72863,400243744,0,2,35.80194,-88.78297,8,2025-04-10 04:27:00,2025,4,10,4,27,Thursday,04:27,Suspected Serious Injury,Dark-Unknown Lighting,Clear,Motor Vehicle-In-Transport On Same Roadway,None,MEDINA POLICE DEPT,Other,Unbelted,-,-,-,-,-,-,-,-,-,ATV_Involved,-,-,Gibson,Medina,5
72888,400243858,0,3,35.11619,-86.56614,7,2025-04-10 00:33:00,2025,4,10,0,33,Thursday,00:33,Suspected Serious Injury,Dark-Not Lighted,Clear,Utility Pole,None,THP District 7 - Lawrenceburg,THP,Unbelted,-,-,Drug,-,Speeding,-,-,-,-,-,-,-,Lincoln,Fayetteville,5
72889,400243867,0,1,36.30338,-86.63549,3,2025-04-11 01:15:00,2025,4,11,1,15,Friday,01:15,Suspected Serious Injury,Dark-Lighted,Clear,Ditch,None,THP District 3 - Nashville,THP,Unbelted,-,-,-,-,-,-,-,-,-,-,-,-,Sumner,Hendersonville,6
72898,400243914,0,1,35.28144,-85.45315,2,2025-04-11 05:50:00,2025,4,11,5,50,Friday,05:50,Suspected Serious Injury,Dark-Not Lighted,Fog,Motor Vehicle-In-Transport On Same Roadway,None,THP District 2 - Chattanooga,THP,Unbelted,-,-,-,-,-,-,-,-,-,-,-,-,Sequatchie,Not in City Limit,6
72900,400243922,0,1,35.80362,-85.03727,6,2025-04-07 12:09:00,2025,4,7,12,9,Monday,12:09,Suspected Serious Injury,Daylight,Clear,Standing Tree,None,THP District 6 - Cookeville,THP,Unbelted,-,-,-,-,-,-,-,-,-,-,-,-,Cumberland,Not in City Limit,2
72915,400244003,1,1,35.85463,-86.35282,3,2025-04-10 22:32:00,2025,4,10,22,32,Thursday,22:32,Fatal,Dark-Unknown Lighting,Clear,Motor Vehicle-In-Transport On Same Roadway,None,MURFREESBORO POLICE DEPT,Other,Unbelted,-,Drinking,-,-,Speeding,-,-,-,-,-,Motorcyclist,-,Rutherford,Murfreesboro,5
72924,400244043,0,1,36.56455,-86.32556,3,2025-04-11 06:30:00,2025,4,11,6,30,Friday,06:30,Suspected Serious Injury,Daylight,Cloudy,Motor Vehicle-In-Transport On Same Roadway,None,THP District 3 - Nashville,THP,Unbelted,-,-,-,-,-,-,-,-,-,-,-,-,Sumner,Not in City Limit,6
72931,400244079,0,1,35.6202,-85.88224,6,2025-04-11 12:39:00,2025,4,11,12,39,Friday,12:39,Suspected Serious Injury,Daylight,Rain,Motor Vehicle-In-Transport On Same Roadway,None,THP District 6 - Cookeville,THP,Unbelted,-,-,-,-,-,-,-,-,-,-,-,-,Warren,Morrison,6
72955,400244187,0,1,35.8193,-86.35503,3,2025-04-11 15:39:00,2025,4,11,15,39,Friday,15:39,Suspected Serious Injury,Daylight,Rain,Other Non-Collision,None,MURFREESBORO POLICE DEPT,Other,-,-,-,-,-,-,-,-,-,-,-,Motorcyclist,-,Rutherford,Murfreesboro,6
72956,400244188,0,1,36.55108,-87.2477,3,2025-04-11 15:40:00,2025,4,11,15,40,Friday,15:40,Suspected Serious Injury,Daylight,Clear,Motor Vehicle-In-Transport On Same Roadway,None,THP District 3 - Nashville,THP,Unbelted,-,-,-,-,-,-,-,-,-,-,-,-,Montgomery,Not in City Limit,6
72972,400244290,0,2,35.84626,-86.42584,3,2025-04-11 20:09:00,2025,4,11,20,9,Friday,20:09,Suspected Serious Injury,Dark-Lighted,Clear,Motor Vehicle-In-Transport On Same Roadway,None,MURFREESBORO POLICE DEPT,Other,Unbelted,-,-,-,-,-,-,-,-,-,-,-,-,Rutherford,Murfreesboro,6
72980,400244316,0,1,35.90908,-84.14909,1,2025-04-10 22:46:00,2025,4,10,22,46,Thursday,22:46,Suspected Serious Injury,Dark-Lighted,Rain,Pedestrian,None,THP District 1 - Knoxville,THP,Unbelted,-,-,-,-,-,-,Pedestrian,-,-,-,-,-,Knox,Not in City Limit,5
72988,400244353,0,1,36.04791,-86.66324,3,2025-04-11 23:35:00,2025,4,11,23,35,Friday,23:35,Suspected Serious Injury,Dark-Lighted,Clear,Motor Vehicle-In-Transport On Same Roadway,None,METROPOLITAN NASHVILLE POLICE DEPT,Other,Unbelted,-,-,-,-,-,-,-,-,-,-,-,-,Davidson,Nashville,6
72992,400244380,0,1,34.9895,-85.47107,2,2025-04-11 23:14:00,2025,4,11,23,14,Friday,23:14,Suspected Serious Injury,Dark-Not Lighted,Clear,Motor Vehicle-In-Transport On Same Roadway,None,THP District 2 - Chattanooga,THP,Unbelted,-,Drinking,-,-,-,-,-,-,-,-,-,-,Marion,Not in City Limit,6
72996,400244388,0,5,36.01653,-85.07228,6,2025-04-11 20:20:00,2025,4,11,20,20,Friday,20:20,Suspected Serious Injury,Dark-Not Lighted,Clear,Ditch,None,THP District 6 - Cookeville,THP,Unbelted,-,-,Drug,-,-,-,-,-,-,-,-,-,Cumberland,Not in City Limit,6
73001,400244414,0,2,35.19491,-87.43866,7,2025-04-12 02:27:00,2025,4,12,2,27,Saturday,02:27,Suspected Serious Injury,Dark-Not Lighted,Clear,Standing Tree,None,THP District 7 - Lawrenceburg,THP,Unbelted,-,Drinking,-,-,-,-,-,-,-,-,-,-,Lawrence,Not in City Limit,7
73010,400244449,0,1,36.07881,-86.64512,3,2025-04-12 08:18:00,2025,4,12,8,18,Saturday,08:18,Suspected Serious Injury,Daylight,Clear,Motor Vehicle-In-Transport On Same Roadway,None,METROPOLITAN NASHVILLE POLICE DEPT,Other,Unbelted,-,-,-,-,-,-,-,-,-,-,-,-,Davidson,Nashville,7
73016,400244483,0,1,36.0066,-86.78834,3,2025-04-12 10:09:00,2025,4,12,10,9,Saturday,10:09,Suspected Serious Injury,Daylight,Clear,Motor Vehicle-In-Transport On Same Roadway,None,THP District 3 - Nashville,THP,Unbelted,-,-,-,-,-,-,-,-,-,-,Motorcyclist,-,Williamson,Brentwood,7
73042,400244611,0,1,35.69589,-86.32158,3,2025-04-12 15:26:00,2025,4,12,15,26,Saturday,15:26,Suspected Serious Injury,Daylight,Clear,Ditch,None,RUTHERFORD CO SHERIFFS DEPT,Other,Unbelted,-,-,-,Drowsy,-,-,-,-,-,-,-,-,Rutherford,Not in City Limit,7
73045,400244622,0,1,36.37145,-86.25704,6,2025-04-12 14:30:00,2025,4,12,14,30,Saturday,14:30,Suspected Serious Injury,Daylight,Clear,Embankment Rock/Stone/Concrete,None,HARTSVILLE-TROUSDALE SHERIFFS DEPT,Other,Unbelted,Distracted,-,-,-,-,-,-,-,-,-,-,-,Trousdale,Hartsville,7
73046,400244628,0,1,35.96019,-86.58048,3,2025-04-10 16:53:00,2025,4,10,16,53,Thursday,16:53,Suspected Serious Injury,Daylight,Clear,Pedestrian,None,SMYRNA POLICE DEPT,Other,Unbelted,-,-,-,-,-,-,Pedestrian,-,-,-,-,-,Rutherford,Smyrna,5
73057,400244680,1,0,35.22624,-89.35928,4,2025-04-12 17:31:00,2025,4,12,17,31,Saturday,17:31,Fatal,Daylight,Clear,Injured In Vehicle,None,THP District 4 - Memphis,THP,Unbelted,-,-,-,-,-,-,-,-,-,-,-,-,Fayette,Somerville,7
73060,400244684,0,1,36.01494,-84.17018,1,2025-04-12 19:48:00,2025,4,12,19,48,Saturday,19:48,Suspected Serious Injury,Dusk,Clear,Embankment Earth,None,OAK RIDGE POLICE DEPT,Other,Unbelted,-,-,-,-,-,-,-,-,-,-,-,-,Anderson,Oak Ridge,7
73065,400244700,0,1,35.99933,-83.92501,1,2025-04-12 17:27:00,2025,4,12,17,27,Saturday,17:27,Suspected Serious Injury,Daylight,Clear,Pedestrian,None,KNOXVILLE POLICE DEPT,Other,Unbelted,-,-,-,-,-,-,Pedestrian,-,-,-,-,-,Knox,Knoxville,7
73067,400244709,0,1,36.01412,-87.37203,3,2025-04-11 20:04:00,2025,4,11,20,4,Friday,20:04,Suspected Serious Injury,Dark-Not Lighted,Clear,Motor Vehicle-In-Transport On Same Roadway,None,THP District 3 - Nashville,THP,Unbelted,-,Drinking,Drug,-,-,-,-,-,-,-,-,-,Dickson,Dickson,6
73068,400244711,0,3,35.94159,-86.52576,3,2025-04-12 19:15:00,2025,4,12,19,15,Saturday,19:15,Suspected Serious Injury,Dusk,Clear,Motor Vehicle-In-Transport On Same Roadway,None,SMYRNA POLICE DEPT,Other,Unbelted,-,-,-,-,-,-,-,-,-,-,-,-,Rutherford,Smyrna,7
73079,400244776,0,1,35.53241,-84.36278,1,2025-04-12 18:10:00,2025,4,12,18,10,Saturday,18:10,Suspected Serious Injury,Daylight,Clear,Ditch,None,MADISONVILLE POLICE DEPT,Other,Unbelted,-,-,-,Drowsy,-,-,-,-,-,-,-,-,Monroe,Madisonville,7
73080,400244781,0,2,36.11292,-86.68895,3,2025-04-12 20:25:00,2025,4,12,20,25,Saturday,20:25,Suspected Serious Injury,Dark-Lighted,Clear,Motor Vehicle-In-Transport On Same Roadway,None,METROPOLITAN NASHVILLE POLICE DEPT,Other,Unbelted,-,-,-,-,-,-,-,-,-,-,-,-,Davidson,Nashville,7
73083,400244787,0,2,36.16906,-86.75849,3,2025-04-12 22:00:00,2025,4,12,22,0,Saturday,22:00,Suspected Serious Injury,Dark-Lighted,Clear,Pedestrian,None,METROPOLITAN NASHVILLE POLICE DEPT,Other,Unbelted,-,-,-,-,-,-,Pedestrian,-,-,-,-,-,Davidson,Nashville,7
73089,400244818,0,1,36.33921,-87.57013,3,2025-04-13 00:50:00,2025,4,13,0,50,Sunday,00:50,Suspected Serious Injury,Dark-Not Lighted,Clear,Utility Pole,None,THP District 3 - Nashville,THP,Unbelted,-,Drinking,Drug,-,-,-,-,-,-,-,-,-,Houston,Not in City Limit,1
73094,400244847,0,1,35.89397,-84.19373,1,2025-04-08 07:55:00,2025,4,8,7,55,Tuesday,07:55,Suspected Serious Injury,Daylight,Clear,Motor Vehicle-In-Transport On Same Roadway,None,THP District 1 - Knoxville,THP,Unbelted,Distracted,-,-,-,-,-,-,-,-,-,-,-,Knox,Farragut,3
73128,400244992,0,1,35.08768,-86.59839,7,2025-04-10 20:00:00,2025,4,10,20,0,Thursday,20:00,Suspected Serious Injury,Dark-Not Lighted,Clear,Motor Vehicle-In-Transport On Same Roadway,None,THP District 7 - Lawrenceburg,THP,Unbelted,-,-,-,-,-,-,-,-,-,-,-,-,Lincoln,Not in City Limit,5
73130,400244998,1,3,35.51045,-85.28399,2,2025-04-12 18:17:00,2025,4,12,18,17,Saturday,18:17,Fatal,Daylight,Clear,Motor Vehicle-In-Transport On Same Roadway,None,THP District 2 - Chattanooga,THP,Unbelted,-,-,-,-,-,-,-,-,-,-,-,-,Bledsoe,Not in City Limit,7
73140,400245037,0,1,36.32134,-86.62334,3,2025-04-13 14:30:00,2025,4,13,14,30,Sunday,14:30,Suspected Serious Injury,Daylight,Clear,Pedestrian,None,HENDERSONVILLE POLICE DEPT,Other,Unbelted,-,-,-,-,-,-,Pedestrian,-,-,-,-,-,Sumner,Hendersonville,1
73146,400245062,0,3,36.01738,-84.04988,1,2025-04-12 21:10:00,2025,4,12,21,10,Saturday,21:10,Suspected Serious Injury,Dark-Lighted,Clear,Motor Vehicle-In-Transport On Same Roadway,None,THP District 1 - Knoxville,THP,Unbelted,-,-,-,-,-,-,-,-,-,-,-,-,Knox,Not in City Limit,7
73161,400245139,0,1,35.08467,-84.92246,2,2025-04-13 16:47:00,2025,4,13,16,47,Sunday,16:47,Suspected Serious Injury,Daylight,Clear,Standing Tree,None,THP District 2 - Chattanooga,THP,Unbelted,-,Drinking,-,-,-,-,-,-,-,-,-,-,Bradley,Not in City Limit,1
73162,400245140,0,1,35.88061,-84.68424,1,2025-04-13 02:30:00,2025,4,13,2,30,Sunday,02:30,Suspected Serious Injury,Dark-Not Lighted,Clear,Utility Pole,None,ROCKWOOD POLICE DEPT,Other,Unbelted,-,Drinking,Drug,-,Speeding,-,-,-,-,-,-,-,Roane,Rockwood,1
73163,400245143,0,1,35.95363,-83.92769,1,2025-04-11 09:40:00,2025,4,11,9,40,Friday,09:40,Suspected Serious Injury,Daylight,Cloudy,Pedestrian,None,UNIV OF TENN KNOXVILLE POLICE,Other,Unbelted,-,-,-,-,-,-,Pedestrian,-,-,-,-,-,Knox,Knoxville,6
73166,400245165,0,1,36.20496,-85.81427,6,2025-04-13 17:45:00,2025,4,13,17,45,Sunday,17:45,Suspected Serious Injury,Daylight,Clear,Ditch,None,THP District 6 - Cookeville,THP,-,-,-,-,-,-,-,-,-,-,-,Motorcyclist,-,Smith,Not in City Limit,1
73171,400245175,0,1,35.56389,-84.928,2,2025-04-13 19:55:00,2025,4,13,19,55,Sunday,19:55,Suspected Serious Injury,Daylight,Clear,Motor Vehicle-In-Transport On Same Roadway,None,RHEA CO SHERIFFS DEPT,Other,-,-,-,-,-,-,-,-,-,ATV_Involved,-,-,-,Rhea,Not in City Limit,1
73174,400245190,0,2,36.03171,-86.59405,3,2025-04-13 20:49:00,2025,4,13,20,49,Sunday,20:49,Suspected Serious Injury,Dark-Lighted,Clear,Motor Vehicle-In-Transport On Same Roadway,None,METROPOLITAN NASHVILLE POLICE DEPT,Other,Unbelted,-,-,-,-,-,-,-,-,-,-,Motorcyclist,-,Davidson,Nashville,1
73178,400245208,0,3,35.46083,-88.22635,8,2025-04-13 00:38:00,2025,4,13,0,38,Sunday,00:38,Suspected Serious Injury,Dark-Not Lighted,Clear,Ditch,None,THP District 8 - Jackson,THP,Unbelted,-,Drinking,-,-,-,-,-,-,-,-,-,-,Decatur,Not in City Limit,1
73188,400245265,0,5,36.12717,-87.22806,3,2025-04-10 16:00:00,2025,4,10,16,0,Thursday,16:00,Suspected Serious Injury,Daylight,Cloudy,Motor Vehicle-In-Transport On Same Roadway,None,WHITE BLUFF POLICE DEPT,Other,Unbelted,-,-,-,-,-,-,-,-,-,-,-,-,Dickson,White Bluff,5
73190,400245267,0,2,36.04543,-86.70361,3,2025-04-14 05:50:00,2025,4,14,5,50,Monday,05:50,Suspected Serious Injury,Dawn,Clear,Motor Vehicle-In-Transport On Same Roadway,None,METROPOLITAN NASHVILLE POLICE DEPT,Other,Unbelted,-,Drinking,Drug,-,-,-,-,-,-,-,-,-,Davidson,Nashville,2
73194,400245305,0,1,36.20219,-86.31373,3,2025-04-11 08:00:00,2025,4,11,8,0,Friday,08:00,Suspected Serious Injury,Daylight,Clear,Pedestrian,None,LEBANON POLICE DEPT,Other,Unbelted,-,-,-,-,Speeding,-,Pedestrian,-,-,-,-,-,Wilson,Lebanon,6
73196,400245319,0,1,36.31417,-89.18107,8,2025-04-08 13:40:00,2025,4,8,13,40,Tuesday,13:40,Suspected Serious Injury,Daylight,Clear,Highway Traffic Sign Post,None,THP District 8 - Jackson,THP,Unbelted,-,-,-,-,-,-,-,-,-,-,-,-,Obion,Not in City Limit,3
73200,400245341,0,2,36.06009,-82.97547,5,2025-04-12 12:20:00,2025,4,12,12,20,Saturday,12:20,Suspected Serious Injury,Daylight,Clear,Motor Vehicle-In-Transport On Same Roadway,None,THP District 5 - Fall Branch,THP,Unbelted,-,-,-,-,-,-,-,-,-,-,-,-,Greene,Not in City Limit,7
73205,400245361,0,1,36.12215,-87.36091,3,2025-04-14 07:55:00,2025,4,14,7,55,Monday,07:55,Suspected Serious Injury,Daylight,Clear,Utility Pole,None,THP District 3 - Nashville,THP,Unbelted,-,-,-,-,-,-,-,-,-,-,-,-,Dickson,Not in City Limit,2
73210,400245405,0,1,36.08785,-85.50523,6,2025-04-14 12:45:00,2025,4,14,12,45,Monday,12:45,Suspected Serious Injury,Daylight,Clear,Motor Vehicle-In-Transport On Same Roadway,None,COOKEVILLE POLICE DEPT,Other,Unbelted,-,-,-,-,-,-,-,-,-,-,-,-,Putnam,Cookeville,2
73213,400245422,0,1,35.06571,-84.89564,2,2025-04-14 09:55:00,2025,4,14,9,55,Monday,09:55,Suspected Serious Injury,Daylight,Clear,Standing Tree,None,THP District 2 - Chattanooga,THP,Unbelted,-,-,-,-,-,-,-,-,-,ATV_Involved,-,-,Bradley,Not in City Limit,2
73215,400245440,0,2,35.17198,-85.79525,2,2025-04-13 16:55:00,2025,4,13,16,55,Sunday,16:55,Suspected Serious Injury,Daylight,Clear,Parked Motor Vehicle,None,THP District 2 - Chattanooga,THP,Unbelted,-,-,-,-,-,-,Pedestrian,-,-,ATV_Involved,-,-,Marion,Not in City Limit,1
73216,400245441,0,1,35.09539,-89.74404,4,2025-04-13 18:26:00,2025,4,13,18,26,Sunday,18:26,Suspected Serious Injury,Daylight,Clear,Motor Vehicle-In-Transport On Same Roadway,None,GERMANTOWN POLICE DEPT,Other,Unbelted,-,-,-,-,-,-,-,-,-,-,Motorcyclist,-,Shelby,Germantown,1
73218,400245455,0,2,36.49222,-88.38204,8,2025-04-14 13:36:00,2025,4,14,13,36,Monday,13:36,Suspected Serious Injury,Daylight,Clear,Ditch,None,THP District 8 - Jackson,THP,Unbelted,Distracted,-,-,-,-,-,-,-,-,-,-,-,Henry,Not in City Limit,2
73223,400245470,0,1,36.50441,-83.01685,5,2025-04-14 15:30:00,2025,4,14,15,30,Monday,15:30,Suspected Serious Injury,Daylight,Clear,Ditch,None,THP District 5 - Fall Branch,THP,-,-,-,-,-,-,-,-,-,-,-,Motorcyclist,-,Hawkins,Not in City Limit,2
73228,400245499,0,3,35.63586,-87.01759,7,2025-04-14 15:22:00,2025,4,14,15,22,Monday,15:22,Suspected Serious Injury,Daylight,Clear,Motor Vehicle-In-Transport On Same Roadway,None,COLUMBIA POLICE DEPT,Other,Unbelted,-,-,-,-,-,-,-,-,-,-,-,-,Maury,Columbia,2
73231,400245506,0,2,36.17727,-85.55903,6,2025-04-14 15:11:00,2025,4,14,15,11,Monday,15:11,Suspected Serious Injury,Daylight,Clear,Motor Vehicle-In-Transport On Same Roadway,None,COOKEVILLE POLICE DEPT,Other,Unbelted,-,-,-,-,-,-,-,-,-,ATV_Involved,-,-,Putnam,Cookeville,2
73233,400245513,1,0,36.00748,-84.03074,1,2025-04-14 15:32:00,2025,4,14,15,32,Monday,15:32,Fatal,Daylight,Clear,Thrown Or Falling Object,None,THP District 1 - Knoxville,THP,Unbelted,-,-,-,-,-,-,-,-,-,-,-,-,Knox,Not in City Limit,2
73248,400245627,2,1,36.27499,-82.92107,5,2025-04-14 03:12:00,2025,4,14,3,12,Monday,03:12,Fatal,Dark-Not Lighted,Clear,Motor Vehicle-In-Transport On Same Roadway,None,THP District 5 - Fall Branch,THP,Unbelted,-,-,-,-,-,-,-,-,-,-,-,-,Greene,Not in City Limit,2
73254,400245649,0,1,35.63802,-86.82538,7,2025-04-14 17:22:00,2025,4,14,17,22,Monday,17:22,Suspected Serious Injury,Daylight,Clear,Motor Vehicle-In-Transport On Same Roadway,None,THP District 7 - Lawrenceburg,THP,Unbelted,-,-,-,-,-,-,-,-,-,-,-,-,Maury,Not in City Limit,2
73256,400245662,0,1,35.50647,-83.95368,1,2025-04-14 13:30:00,2025,4,14,13,30,Monday,13:30,Suspected Serious Injury,Daylight,Clear,Guard Rail Face,None,THP District 1 - Knoxville,THP,-,-,-,-,-,-,-,-,-,-,-,Motorcyclist,-,Blount,Not in City Limit,2
73269,400245713,0,1,36.0514,-86.6473,3,2025-04-14 22:20:00,2025,4,14,22,20,Monday,22:20,Suspected Serious Injury,Dark-Lighted,Clear,Motor Vehicle-In-Transport On Same Roadway,None,METROPOLITAN NASHVILLE POLICE DEPT,Other,Unbelted,-,-,-,-,-,-,-,-,-,-,Motorcyclist,-,Davidson,Nashville,2
73270,400245719,0,1,35.80463,-88.89006,8,2025-04-12 00:00:00,2025,4,12,24,0,Saturday,24:00,Suspected Serious Injury,Dawn,Clear,Guard Rail End,None,HUMBOLDT POLICE DEPT,Other,Unbelted,-,-,-,-,-,-,-,-,-,-,-,-,Gibson,Humboldt,7
73274,400245738,0,2,36.04919,-86.65158,3,2025-04-15 01:39:00,2025,4,15,1,39,Tuesday,01:39,Suspected Serious Injury,Dark-Lighted,Rain,Motor Vehicle-In-Transport On Same Roadway,None,METROPOLITAN NASHVILLE POLICE DEPT,Other,Unbelted,-,Drinking,Drug,-,Speeding,-,-,-,-,-,-,-,Davidson,Nashville,3
73277,400245746,0,2,36.41712,-82.98184,5,2025-04-14 14:32:00,2025,4,14,14,32,Monday,14:32,Suspected Serious Injury,Daylight,Clear,Motor Vehicle-In-Transport On Same Roadway,None,ROGERSVILLE POLICE DEPT,Other,Unbelted,-,-,-,-,-,-,-,-,-,-,Motorcyclist,-,Hawkins,Rogersville,2
73278,400245751,0,2,35.64058,-84.14988,1,2025-04-15 05:33:00,2025,4,15,5,33,Tuesday,05:33,Suspected Serious Injury,Dark-Not Lighted,Rain,Motor Vehicle-In-Transport On Same Roadway,None,LOUDON CO SHERIFFS DEPT,Other,Unbelted,-,-,-,-,-,-,-,-,-,-,-,-,Loudon,Greenback,3
73279,400245752,0,1,36.30241,-86.62026,3,2025-04-14 18:02:00,2025,4,14,18,2,Monday,18:02,Suspected Serious Injury,Daylight,Clear,Pedestrian,None,HENDERSONVILLE POLICE DEPT,Other,Unbelted,-,-,-,-,-,-,Pedestrian,-,-,-,-,-,Sumner,Hendersonville,2
73314,400245990,0,1,36.36257,-84.14045,1,2025-04-14 13:46:00,2025,4,14,13,46,Monday,13:46,Suspected Serious Injury,Daylight,Clear,Motor Vehicle-In-Transport On Same Roadway,None,LAFOLLETTE POLICE DEPT,Other,Unbelted,-,-,-,-,-,-,-,-,-,-,-,-,Campbell,LaFollette,2
73317,400245993,0,1,36.00347,-84.24194,1,2025-04-15 16:04:00,2025,4,15,16,4,Tuesday,16:04,Suspected Serious Injury,Daylight,Clear,Motor Vehicle-In-Transport On Same Roadway,None,OAK RIDGE POLICE DEPT,Other,Unbelted,-,-,-,-,-,-,-,-,-,-,Motorcyclist,-,Anderson,Oak Ridge,3
73323,400246030,1,1,36.20849,-86.76718,3,2025-04-14 16:50:00,2025,4,14,16,50,Monday,16:50,Fatal,Daylight,Clear,Utility Pole,None,METROPOLITAN NASHVILLE POLICE DEPT,Other,Unbelted,-,-,-,-,-,-,-,-,-,-,-,-,Davidson,Nashville,2
73327,400246058,1,1,36.17647,-86.64544,3,2025-04-13 12:15:00,2025,4,13,12,15,Sunday,12:15,Fatal,Daylight,Clear,Motor Vehicle-In-Transport On Same Roadway,None,METROPOLITAN NASHVILLE POLICE DEPT,Other,Unbelted,-,-,-,-,Speeding,-,-,-,-,-,Motorcyclist,-,Davidson,Nashville,1
73340,400246130,0,3,36.2025,-86.41662,3,2025-04-15 16:43:00,2025,4,15,16,43,Tuesday,16:43,Suspected Serious Injury,Daylight,Clear,Motor Vehicle-In-Transport On Same Roadway,None,LEBANON POLICE DEPT,Other,Unbelted,-,-,-,-,-,-,-,-,-,-,-,-,Wilson,Lebanon,3
73341,400246138,0,1,35.36731,-87.29616,7,2025-04-14 16:21:00,2025,4,14,16,21,Monday,16:21,Suspected Serious Injury,Daylight,Clear,Ditch,None,THP District 7 - Lawrenceburg,THP,Unbelted,-,-,-,-,-,-,-,-,-,-,-,-,Lawrence,Not in City Limit,2