OBJECTID,MRN,Fatality,Injury,Latitude,Longitude,THP_District,Collision_Date,Collision_Year,Collision_Month,Collision_Day,Collision_Hour,Collision_Min,Collision_DOW,Collision_Time,Crash_Type,Light_Condition,Weather,First_Harmfu_Event,Work_Zone_Type,Agency_Name,THP,Unbelted,Distracted_Driver,Driver_Drinking,Driver_Drugged,Drowsy_Driver,Speeding_Involved,Pedalcyclist,Pedestrian,Other_Nonmotorist,ATV_Involved,LargeTruck_Involved,Motorcycle_Involved,SchoolBus,County,City,DOW_Nmb
73343,400246142,0,2,35.75613,-84.02537,1,2025-04-15 19:49:00,2025,4,15,19,49,Tuesday,19:49,Suspected Serious Injury,Daylight,Clear,Motor Vehicle-In-Transport On Same Roadway,None,MARYVILLE POLICE DEPT,Other,Unbelted,-,-,-,-,-,-,-,-,-,-,-,-,Blount,Maryville,3
73346,400246149,0,1,35.87023,-84.25487,1,2025-04-15 01:57:00,2025,4,15,1,57,Tuesday,01:57,Suspected Serious Injury,Dark-Not Lighted,Clear,Motor Vehicle-In-Transport On Same Roadway,None,THP District 1 - Knoxville,THP,Unbelted,-,Drinking,-,-,-,-,-,-,-,ATV_Involved,-,-,Loudon,Not in City Limit,3
73355,400246171,0,1,35.90764,-84.14704,1,2025-04-15 22:36:00,2025,4,15,22,36,Tuesday,22:36,Suspected Serious Injury,Dark-Lighted,Clear,Curb,None,THP District 1 - Knoxville,THP,Unbelted,-,-,-,-,Speeding,-,-,-,-,-,-,-,Knox,Knoxville,3
73357,400246179,0,1,36.25475,-83.50285,5,2025-04-15 22:25:00,2025,4,15,22,25,Tuesday,22:25,Suspected Serious Injury,Dark-Not Lighted,Clear,Standing Tree,None,THP District 5 - Fall Branch,THP,Unbelted,-,-,-,-,-,-,-,-,-,-,-,-,Grainger,Not in City Limit,3
73362,400246209,0,1,36.35498,-86.88138,3,2025-04-16 00:15:00,2025,4,16,0,15,Wednesday,00:15,Suspected Serious Injury,Dark-Not Lighted,Clear,"Over Turn, Roll Over",None,METROPOLITAN NASHVILLE POLICE DEPT,Other,Unbelted,-,-,-,-,-,-,-,-,-,-,-,-,Davidson,Nashville,4
73364,400246215,0,1,35.85816,-86.41557,3,2025-04-15 22:30:00,2025,4,15,22,30,Tuesday,22:30,Suspected Serious Injury,,Clear,Motor Vehicle-In-Transport On Same Roadway,None,MURFREESBORO POLICE DEPT,Other,Unbelted,-,-,-,-,-,-,-,-,-,-,Motorcyclist,-,Rutherford,Murfreesboro,3
73368,400246228,0,1,36.4226,-89.01593,8,2025-04-15 19:44:00,2025,4,15,19,44,Tuesday,19:44,Suspected Serious Injury,Dark-Lighted,Clear,Motor Vehicle-In-Transport On Same Roadway,None,UNION CITY POLICE DEPT,Other,Unbelted,-,Drinking,-,-,-,-,-,-,-,-,Motorcyclist,-,Obion,Union City,3
73374,400246252,2,1,35.04098,-88.30262,8,2025-04-15 05:38:00,2025,4,15,5,38,Tuesday,05:38,Fatal,Dark-Not Lighted,Clear,Motor Vehicle-In-Transport On Same Roadway,None,THP District 8 - Jackson,THP,Unbelted,-,-,Drug,-,-,-,-,-,-,ATV_Involved,-,-,Hardin,Not in City Limit,3
73395,400246392,0,1,36.27295,-87.62727,3,2025-04-16 09:23:00,2025,4,16,9,23,Wednesday,09:23,Suspected Serious Injury,Daylight,Clear,Motor Vehicle-In-Transport On Same Roadway,None,THP District 3 - Nashville,THP,Unbelted,-,-,-,Drowsy,-,-,-,-,-,-,-,-,Houston,Not in City Limit,4
73417,400246501,0,2,35.84917,-86.83255,3,2025-04-15 01:43:00,2025,4,15,1,43,Tuesday,01:43,Suspected Serious Injury,Dark-Not Lighted,Clear,Other Non-Fixed Object,Maintenance Zone,THP District 3 - Nashville,THP,Unbelted,-,-,-,-,-,-,-,-,-,-,-,-,Williamson,Franklin,3
73425,400246534,0,1,36.02373,-89.28268,8,2025-04-11 19:06:00,2025,4,11,19,6,Friday,19:06,Suspected Serious Injury,Dusk,Clear,Pedestrian,None,THP District 8 - Jackson,THP,Unbelted,Distracted,-,Drug,-,-,-,Pedestrian,-,-,-,-,-,Dyer,Not in City Limit,6
73426,400246541,0,1,35.69931,-85.78712,6,2025-04-16 13:27:00,2025,4,16,13,27,Wednesday,13:27,Suspected Serious Injury,Daylight,Clear,Curb,None,MCMINNVILLE POLICE DEPT,Other,-,-,-,-,-,-,-,-,-,-,-,Motorcyclist,-,Warren,McMinnville,4
73427,400246543,0,1,36.55182,-87.45064,3,2025-04-16 16:35:00,2025,4,16,16,35,Wednesday,16:35,Suspected Serious Injury,Daylight,Clear,Pedal-Cycle,None,MONTGOMERY CO SHERIFFS OFFICE,Other,Unbelted,-,-,-,-,-,Pedalcyclist,-,-,-,-,-,-,Montgomery,Not in City Limit,4
73431,400246566,0,2,36.00143,-83.92591,1,2025-04-16 17:06:00,2025,4,16,17,6,Wednesday,17:06,Suspected Serious Injury,Daylight,Clear,Motor Vehicle-In-Transport On Same Roadway,None,KNOXVILLE POLICE DEPT,Other,Unbelted,-,-,-,-,-,-,-,-,-,-,-,-,Knox,Knoxville,4
73436,400246595,1,0,35.93039,-87.30312,7,2025-04-14 15:10:00,2025,4,14,15,10,Monday,15:10,Fatal,Daylight,Clear,Motor Vehicle-In-Transport On Same Roadway,None,THP District 7 - Lawrenceburg,THP,Unbelted,-,-,-,-,-,-,-,-,-,-,-,-,Hickman,Not in City Limit,2
73441,400246611,0,1,35.14413,-87.07684,7,2025-04-13 19:02:00,2025,4,13,19,2,Sunday,19:02,Suspected Serious Injury,Dusk,Clear,Shrubbery,None,THP District 7 - Lawrenceburg,THP,-,-,-,-,-,-,-,-,-,-,-,Motorcyclist,-,Giles,Not in City Limit,1
73445,400246621,0,1,35.90645,-88.12761,8,2025-04-16 15:33:00,2025,4,16,15,33,Wednesday,15:33,Suspected Serious Injury,Daylight,Clear,Utility Pole,None,THP District 8 - Jackson,THP,Unbelted,-,-,-,-,Speeding,-,-,-,-,-,-,-,Benton,Not in City Limit,4
73450,400246647,0,1,35.88597,-84.0649,1,2025-04-16 21:34:00,2025,4,16,21,34,Wednesday,21:34,Suspected Serious Injury,Dark-Not Lighted,Clear,Curb,None,KNOX CO SHERIFFS OFFICE,Other,-,-,-,-,-,-,-,-,-,-,-,Motorcyclist,-,Knox,Not in City Limit,4
73455,400246669,0,1,36.04533,-84.32536,1,2025-04-16 00:00:00,2025,4,16,24,0,Wednesday,24:00,Suspected Serious Injury,Dark-Unknown Lighting,Clear,Pedal-Cycle,None,OLIVER SPRINGS POLICE DEPT,Other,Unbelted,Distracted,-,Drug,-,-,Pedalcyclist,-,-,-,-,-,-,Anderson,Oliver Springs,4
73466,400246707,0,1,35.90611,-84.07406,1,2025-04-16 20:44:00,2025,4,16,20,44,Wednesday,20:44,Suspected Serious Injury,Dark-Not Lighted,Clear,Motor Vehicle-In-Transport On Same Roadway,None,KNOX CO SHERIFFS OFFICE,Other,Unbelted,-,-,-,-,-,-,-,-,-,-,-,-,Knox,Not in City Limit,4
73474,400246806,0,1,36.44224,-88.95516,8,2025-04-16 07:00:00,2025,4,16,7,0,Wednesday,07:00,Suspected Serious Injury,Daylight,Clear,"Over Turn, Roll Over",None,THP District 8 - Jackson,THP,Unbelted,Distracted,-,-,-,-,-,-,-,-,-,-,-,Obion,Not in City Limit,4
73476,400246817,1,0,35.08199,-88.63328,8,2025-04-03 01:30:00,2025,4,3,1,30,Thursday,01:30,Fatal,Dark-Not Lighted,Other,Standing Tree,None,THP District 8 - Jackson,THP,Unbelted,-,-,-,-,-,-,-,-,-,-,-,-,McNairy,Not in City Limit,5
73479,400246845,0,3,35.81134,-84.88386,6,2025-04-17 04:23:00,2025,4,17,4,23,Thursday,04:23,Suspected Serious Injury,Dark-Not Lighted,Clear,Motor Vehicle-In-Transport On Same Roadway,None,THP District 6 - Cookeville,THP,Unbelted,-,-,-,-,-,-,-,-,-,ATV_Involved,-,-,Cumberland,Not in City Limit,5
73488,400246915,0,1,36.57172,-84.11906,1,2025-04-15 10:24:00,2025,4,15,10,24,Tuesday,10:24,Suspected Serious Injury,Daylight,Clear,Concrete Traffic Barrier,None,THP District 1 - Knoxville,THP,-,-,-,-,-,Speeding,-,-,-,-,-,Motorcyclist,-,Campbell,Jellico,3
73489,400246923,0,1,35.2819,-86.62967,7,2025-04-18 10:57:00,2025,4,18,10,57,Friday,10:57,Suspected Serious Injury,Daylight,Clear,Guard Rail Face,None,THP District 7 - Lawrenceburg,THP,Unbelted,-,-,-,-,-,-,-,-,-,-,-,-,Lincoln,Not in City Limit,6
73500,400246979,0,1,35.83703,-83.70929,1,2025-04-11 23:20:00,2025,4,11,23,20,Friday,23:20,Suspected Serious Injury,Dark-Not Lighted,Clear,Utility Pole,None,THP District 1 - Knoxville,THP,Unbelted,-,Drinking,-,-,-,-,-,-,-,-,-,-,Sevier,Not in City Limit,6
73518,400247083,1,1,34.99017,-85.21941,2,2025-04-02 13:19:00,2025,4,2,13,19,Wednesday,13:19,Fatal,Daylight,Clear,Other Fixed Object,None,EAST RIDGE POLICE DEPT,Other,Unbelted,-,Drinking,Drug,-,-,-,Pedestrian,-,-,-,-,-,Hamilton,East Ridge,4
73525,400247122,0,1,36.03643,-85.04899,6,2025-04-17 16:34:00,2025,4,17,16,34,Thursday,16:34,Suspected Serious Injury,Daylight,Clear,Motor Vehicle-In-Transport On Same Roadway,None,THP District 6 - Cookeville,THP,Unbelted,Distracted,-,-,-,-,-,-,-,-,-,-,-,Cumberland,Not in City Limit,5
73527,400247126,0,1,35.92127,-83.92188,1,2025-04-17 16:41:00,2025,4,17,16,41,Thursday,16:41,Suspected Serious Injury,Daylight,Clear,Non-Motorist Personal Conveyance,None,KNOXVILLE POLICE DEPT,Other,Unbelted,-,-,-,-,-,-,Pedestrian,-,-,-,-,-,Knox,Knoxville,5
73531,400247149,0,4,35.98494,-86.55377,3,2025-04-17 18:03:00,2025,4,17,18,3,Thursday,18:03,Suspected Serious Injury,Daylight,Clear,Motor Vehicle-In-Transport On Same Roadway,None,SMYRNA POLICE DEPT,Other,Unbelted,-,-,-,-,Speeding,-,-,-,-,-,-,-,Rutherford,Smyrna,5
73537,400247171,0,3,35.68943,-88.83001,8,2025-04-17 18:43:00,2025,4,17,18,43,Thursday,18:43,Suspected Serious Injury,Daylight,Clear,Motor Vehicle-In-Transport On Same Roadway,None,JACKSON POLICE DEPT,Other,Unbelted,-,-,-,-,-,-,-,-,-,-,-,-,Madison,Jackson,5
73546,400247236,0,1,36.05363,-86.7151,3,2025-04-18 00:14:00,2025,4,18,0,14,Friday,00:14,Suspected Serious Injury,Dark-Lighted,Clear,Motor Vehicle-In-Transport On Same Roadway,None,METROPOLITAN NASHVILLE POLICE DEPT,Other,Unbelted,-,-,-,-,-,-,-,-,-,-,Motorcyclist,-,Davidson,Nashville,6
73549,400247247,0,1,36.34585,-85.81065,6,2025-04-18 01:39:00,2025,4,18,1,39,Friday,01:39,Suspected Serious Injury,Dark-Not Lighted,Clear,Embankment Earth,None,THP District 6 - Cookeville,THP,-,-,-,-,-,-,-,-,-,-,-,Motorcyclist,-,Jackson,Not in City Limit,6
73552,400247254,0,1,36.20935,-83.08154,5,2025-04-18 03:30:00,2025,4,18,3,30,Friday,03:30,Suspected Serious Injury,Dark-Not Lighted,Cloudy,Standing Tree,None,THP District 5 - Fall Branch,THP,Unbelted,-,-,-,-,-,-,-,-,-,ATV_Involved,-,-,Greene,Not in City Limit,6
73580,400247371,0,2,36.33854,-87.60472,3,2025-04-15 09:18:00,2025,4,15,9,18,Tuesday,09:18,Suspected Serious Injury,Daylight,Clear,Motor Vehicle-In-Transport On Same Roadway,None,THP District 3 - Nashville,THP,Unbelted,-,Drinking,Drug,-,Speeding,-,-,-,-,ATV_Involved,-,-,Houston,Not in City Limit,3
73585,400247387,1,2,36.14061,-86.66638,3,2025-04-18 06:33:00,2025,4,18,6,33,Friday,06:33,Fatal,Dawn,Clear,Motor Vehicle-In-Transport On Same Roadway,Construction Zone,METROPOLITAN NASHVILLE POLICE DEPT,Other,Unbelted,-,-,Drug,-,-,-,-,-,-,-,-,-,Davidson,Nashville,6
73619,400247566,0,2,35.77078,-89.00363,4,2025-04-16 20:28:00,2025,4,16,20,28,Wednesday,20:28,Suspected Serious Injury,Dark-Not Lighted,Clear,Motor Vehicle-In-Transport On Same Roadway,None,THP District 4 - Memphis,THP,-,-,-,Drug,-,-,-,-,-,ATV_Involved,-,-,-,Crockett,Not in City Limit,4
73623,400247584,0,2,35.96848,-83.22829,5,2025-04-18 16:33:00,2025,4,18,16,33,Friday,16:33,Suspected Serious Injury,Daylight,Clear,Cable Barrier,None,THP District 5 - Fall Branch,THP,Unbelted,-,-,-,-,-,-,-,-,-,-,-,-,Cocke,Not in City Limit,6
73626,400247595,0,1,35.7877,-86.85167,3,2025-04-17 18:30:00,2025,4,17,18,30,Thursday,18:30,Suspected Serious Injury,Daylight,Clear,Motor Vehicle-In-Transport On Same Roadway,None,THP District 3 - Nashville,THP,Unbelted,-,-,-,-,-,-,-,-,-,-,Motorcyclist,-,Williamson,Thompson's Station,5
73630,400247605,0,1,36.18893,-85.02057,6,2025-04-18 18:15:00,2025,4,18,18,15,Friday,18:15,Suspected Serious Injury,Daylight,Clear,Concrete Traffic Barrier,Construction Zone,THP District 6 - Cookeville,THP,Unbelted,-,-,-,-,-,-,-,-,-,-,-,-,Fentress,Not in City Limit,6
73636,400247622,0,1,36.15047,-86.80119,3,2025-04-18 20:55:00,2025,4,18,20,55,Friday,20:55,Suspected Serious Injury,Dark-Lighted,Clear,Pedestrian,None,METROPOLITAN NASHVILLE POLICE DEPT,Other,Unbelted,-,-,-,-,-,-,Pedestrian,-,-,-,-,-,Davidson,Nashville,6
73637,400247633,0,1,36.20842,-86.77777,3,2025-04-18 21:08:00,2025,4,18,21,8,Friday,21:08,Suspected Serious Injury,Dark-Lighted,Clear,Pedestrian,None,METROPOLITAN NASHVILLE POLICE DEPT,Other,Unbelted,-,-,-,-,Speeding,-,Pedestrian,-,-,-,-,-,Davidson,Nashville,6
73638,400247636,0,1,36.58199,-87.44209,3,2025-04-16 16:25:00,2025,4,16,16,25,Wednesday,16:25,Suspected Serious Injury,Daylight,Clear,Motor Vehicle-In-Transport On Same Roadway,None,THP District 3 - Nashville,THP,Unbelted,-,-,Drug,-,-,-,-,-,-,-,-,-,Montgomery,Not in City Limit,4
73652,400247700,0,1,36.13355,-86.72168,3,2025-04-19 00:00:00,2025,4,19,24,0,Saturday,24:00,Suspected Serious Injury,Dark-Lighted,Clear,Fence,None,METROPOLITAN NASHVILLE POLICE DEPT,Other,Unbelted,-,Drinking,-,-,-,-,-,-,-,-,-,-,Davidson,Nashville,7
73653,400247701,0,1,36.08688,-86.69381,3,2025-04-19 03:11:00,2025,4,19,3,11,Saturday,03:11,Suspected Serious Injury,Dark-Lighted,Clear,Pedestrian,None,METROPOLITAN NASHVILLE POLICE DEPT,Other,Unbelted,-,-,-,-,-,-,Pedestrian,-,-,-,-,-,Davidson,Nashville,7
73655,400247706,1,0,35.74477,-84.43818,1,2025-04-15 03:51:00,2025,4,15,3,51,Tuesday,03:51,Fatal,Dark-Not Lighted,Clear,Standing Tree,None,THP District 1 - Knoxville,THP,Unbelted,-,-,-,-,-,-,-,-,-,-,-,-,Loudon,Not in City Limit,3
73656,400247707,0,3,35.90659,-83.83449,1,2025-04-18 21:40:00,2025,4,18,21,40,Friday,21:40,Suspected Serious Injury,Dark-Lighted,Clear,Motor Vehicle-In-Transport On Same Roadway,None,THP District 1 - Knoxville,THP,Unbelted,-,-,Drug,-,-,-,-,-,-,-,-,-,Knox,Not in City Limit,6
73665,400247774,0,2,35.9507,-83.20085,5,2025-04-19 11:45:00,2025,4,19,11,45,Saturday,11:45,Suspected Serious Injury,Daylight,Clear,Motor Vehicle-In-Transport On Same Roadway,None,NEWPORT POLICE DEPT,Other,Unbelted,-,-,-,-,-,-,-,-,-,-,Motorcyclist,-,Cocke,Newport,7
73668,400247783,0,1,35.7204,-84.36812,1,2025-04-19 11:37:00,2025,4,19,11,37,Saturday,11:37,Suspected Serious Injury,Daylight,Clear,Pedestrian,None,LOUDON POLICE DEPT,Other,Unbelted,-,-,-,-,-,Pedalcyclist,-,-,-,-,-,-,Loudon,Loudon,7
73671,400247791,0,1,36.17108,-85.44293,6,2025-04-19 11:49:00,2025,4,19,11,49,Saturday,11:49,Suspected Serious Injury,Daylight,Clear,Curb,None,PUTNAM COUNTY SHERIFF'S OFFICE,Other,-,-,-,-,-,-,-,-,-,-,-,Motorcyclist,-,Putnam,Not in City Limit,7
73678,400247828,0,1,35.90672,-88.40095,8,2025-04-19 11:25:00,2025,4,19,11,25,Saturday,11:25,Suspected Serious Injury,Daylight,Clear,Embankment Earth,None,THP District 8 - Jackson,THP,-,-,-,-,-,-,-,-,-,-,-,Motorcyclist,-,Carroll,Not in City Limit,7
73679,400247829,0,1,36.02775,-83.92244,1,2025-04-19 12:41:00,2025,4,19,12,41,Saturday,12:41,Suspected Serious Injury,Daylight,Clear,Motor Vehicle-In-Transport On Same Roadway,None,KNOXVILLE POLICE DEPT,Other,Unbelted,-,-,-,-,-,-,-,-,-,-,Motorcyclist,-,Knox,Knoxville,7
73682,400247844,0,1,36.27184,-86.5867,3,2025-04-18 17:32:00,2025,4,18,17,32,Friday,17:32,Suspected Serious Injury,Daylight,Clear,Pedal-Cycle,None,HENDERSONVILLE POLICE DEPT,Other,Unbelted,-,-,-,-,-,Pedalcyclist,-,-,-,-,-,-,Sumner,Hendersonville,6
73684,400247851,0,1,35.9831,-83.15987,5,2025-04-19 13:05:00,2025,4,19,13,5,Saturday,13:05,Suspected Serious Injury,Daylight,Clear,Motor Vehicle-In-Transport On Same Roadway,None,THP District 5 - Fall Branch,THP,Unbelted,-,-,-,-,-,-,-,-,-,-,Motorcyclist,-,Cocke,Not in City Limit,7
73688,400247861,0,6,36.22191,-85.01211,6,2025-04-19 00:00:00,2025,4,19,24,0,Saturday,24:00,Suspected Serious Injury,Daylight,Clear,Motor Vehicle-In-Transport On Same Roadway,None,THP District 6 - Cookeville,THP,Unbelted,-,-,-,-,-,-,-,-,-,-,-,-,Fentress,Not in City Limit,7
73699,400247895,0,1,35.87027,-86.39467,3,2025-04-19 15:00:00,2025,4,19,15,0,Saturday,15:00,Suspected Serious Injury,Daylight,Clear,Other Animal,None,MURFREESBORO POLICE DEPT,Other,-,-,-,-,-,-,-,-,-,-,-,Motorcyclist,-,Rutherford,Murfreesboro,7
73710,400247943,0,1,36.003,-85.893,6,2025-04-19 14:39:00,2025,4,19,14,39,Saturday,14:39,Suspected Serious Injury,Daylight,Clear,Ditch,None,THP District 6 - Cookeville,THP,-,-,-,-,-,Speeding,-,-,-,-,-,Motorcyclist,-,DeKalb,Not in City Limit,7
73712,400247951,0,1,35.32093,-85.1549,2,2025-04-19 17:00:00,2025,4,19,17,0,Saturday,17:00,Suspected Serious Injury,Daylight,Clear,Embankment Rock/Stone/Concrete,None,SODDY DAISY POLICE DEPT,Other,-,-,-,-,-,-,-,-,-,-,-,Motorcyclist,-,Hamilton,Soddy-Daisy,7
73723,400247986,0,2,35.37491,-84.90796,2,2025-04-18 00:52:00,2025,4,18,0,52,Friday,00:52,Suspected Serious Injury,Dark-Not Lighted,Clear,Fence,None,THP District 2 - Chattanooga,THP,Unbelted,-,-,-,-,-,-,-,-,-,-,-,-,Meigs,Not in City Limit,6
73731,400247997,0,3,36.2912,-83.74726,5,2025-04-19 18:45:00,2025,4,19,18,45,Saturday,18:45,Suspected Serious Injury,Daylight,Clear,Other Non-Collision,None,THP District 5 - Fall Branch,THP,-,-,-,-,-,-,-,-,-,ATV_Involved,-,Motorcyclist,-,Union,Not in City Limit,7
73732,400248000,0,2,35.35761,-84.27529,1,2025-04-19 00:00:00,2025,4,19,24,0,Saturday,24:00,Suspected Serious Injury,Daylight,Clear,Ditch,None,MONROE CO SHERIFFS DEPT,Other,-,-,-,-,-,-,-,-,-,-,-,Motorcyclist,-,Monroe,Not in City Limit,7
73734,400248009,0,2,35.61018,-89.66564,4,2025-04-19 17:32:00,2025,4,19,17,32,Saturday,17:32,Suspected Serious Injury,Daylight,Clear,"Over Turn, Roll Over",None,THP District 4 - Memphis,THP,-,-,-,-,-,-,-,-,-,-,-,-,-,Tipton,Not in City Limit,7
73736,400248016,0,3,35.89477,-86.62677,3,2025-04-19 15:15:00,2025,4,19,15,15,Saturday,15:15,Suspected Serious Injury,Daylight,Clear,Motor Vehicle-In-Transport On Same Roadway,None,THP District 3 - Nashville,THP,-,Distracted,Drinking,Drug,-,-,-,-,-,-,-,Motorcyclist,-,Williamson,Not in City Limit,7
73746,400248056,0,1,35.13286,-86.20695,2,2025-04-19 21:29:00,2025,4,19,21,29,Saturday,21:29,Suspected Serious Injury,Dark-Not Lighted,Clear,"Over Turn, Roll Over",None,FRANKLIN CO SHERIFFS DEPT,Other,-,-,-,-,-,-,-,-,-,-,-,Motorcyclist,-,Franklin,Not in City Limit,7
73747,400248057,0,1,36.14096,-88.13381,8,2025-04-20 00:00:00,2025,4,20,24,0,Sunday,24:00,Suspected Serious Injury,Dark-Lighted,Clear,Embankment Earth,None,THP District 8 - Jackson,THP,Unbelted,-,-,-,-,-,-,-,-,-,-,-,-,Benton,Not in City Limit,1
73748,400248069,0,1,35.03856,-88.22869,8,2025-04-19 02:13:00,2025,4,19,2,13,Saturday,02:13,Suspected Serious Injury,Dark-Lighted,Clear,Pedestrian,None,THP District 8 - Jackson,THP,Unbelted,-,-,-,-,-,-,Pedestrian,-,-,ATV_Involved,-,-,Hardin,Not in City Limit,7
73758,400248092,0,3,35.5233,-88.67201,8,2025-04-19 21:22:00,2025,4,19,21,22,Saturday,21:22,Suspected Serious Injury,Dark-Not Lighted,Clear,Motor Vehicle-In-Transport On Same Roadway,None,MADISON CO SHERIFFS DEPT,Other,Unbelted,-,Drinking,-,-,-,-,-,-,-,-,-,-,Madison,Not in City Limit,7
73768,400248145,0,2,36.06492,-86.62841,3,2025-04-20 07:04:00,2025,4,20,7,4,Sunday,07:04,Suspected Serious Injury,Daylight,Clear,Motor Vehicle-In-Transport On Same Roadway,None,METROPOLITAN NASHVILLE POLICE DEPT,Other,Unbelted,-,-,-,-,-,-,-,-,-,-,-,-,Davidson,Nashville,1
73770,400248150,0,2,36.34281,-83.22873,5,2025-04-20 09:45:00,2025,4,20,9,45,Sunday,09:45,Suspected Serious Injury,Daylight,Clear,Motor Vehicle-In-Transport On Same Roadway,None,THP District 5 - Fall Branch,THP,Unbelted,-,-,-,-,-,-,-,-,-,-,-,-,Hawkins,Not in City Limit,1
73776,400248177,0,1,35.65629,-85.35222,6,2025-04-20 07:40:00,2025,4,20,7,40,Sunday,07:40,Suspected Serious Injury,Daylight,Clear,Ditch,None,Fall Creek Falls State Park,Other,Unbelted,-,-,-,-,-,-,-,-,-,ATV_Involved,-,-,Van Buren,Not in City Limit,1
73779,400248186,0,1,35.43315,-86.11988,2,2025-04-20 11:33:00,2025,4,20,11,33,Sunday,11:33,Suspected Serious Injury,Daylight,Clear,Standing Tree,None,THP District 2 - Chattanooga,THP,Unbelted,-,-,-,-,-,-,-,-,-,-,-,-,Coffee,Not in City Limit,1
73785,400248213,0,3,35.96752,-86.76832,3,2025-04-20 12:25:00,2025,4,20,12,25,Sunday,12:25,Suspected Serious Injury,Daylight,Clear,"Over Turn, Roll Over",None,BRENTWOOD POLICE DEPT,Other,-,-,-,-,-,-,-,-,-,-,-,-,-,Williamson,Brentwood,1
73791,400248244,0,1,36.42873,-88.29501,8,2025-04-11 21:10:00,2025,4,11,21,10,Friday,21:10,Suspected Serious Injury,Dark-Not Lighted,Clear,Ditch,None,THP District 8 - Jackson,THP,-,-,-,-,-,-,-,-,-,-,-,Motorcyclist,-,Henry,Not in City Limit,6
73795,400248261,0,1,35.02214,-86.77011,7,2025-04-20 14:20:00,2025,4,20,14,20,Sunday,14:20,Suspected Serious Injury,Daylight,Cloudy,Motor Vehicle-In-Transport On Same Roadway,None,THP District 7 - Lawrenceburg,THP,Unbelted,-,-,-,-,-,-,-,-,-,-,Motorcyclist,-,Lincoln,Not in City Limit,1
73814,400248339,0,3,36.26733,-86.74622,3,2025-04-20 19:40:00,2025,4,20,19,40,Sunday,19:40,Suspected Serious Injury,Dark-Lighted,Clear,Motor Vehicle-In-Transport On Same Roadway,None,METROPOLITAN NASHVILLE POLICE DEPT,Other,Unbelted,-,-,-,-,-,-,-,-,-,-,-,-,Davidson,Nashville,1
73822,400248355,0,2,36.372,-86.54512,3,2025-04-20 15:48:00,2025,4,20,15,48,Sunday,15:48,Suspected Serious Injury,Daylight,Clear,Motor Vehicle-In-Transport On Same Roadway,None,GALLATIN POLICE DEPT,Other,Unbelted,-,-,-,-,-,-,-,-,-,-,-,-,Sumner,Gallatin,1
73836,400248400,0,2,36.0901,-84.04155,1,2025-04-21 01:58:00,2025,4,21,1,58,Monday,01:58,Suspected Serious Injury,Dark-Lighted,Clear,Culvert,None,THP District 1 - Knoxville,THP,Unbelted,-,-,-,-,-,-,-,-,-,-,-,-,Knox,Not in City Limit,2
73849,400248463,0,1,36.26571,-87.05654,3,2025-04-20 13:28:00,2025,4,20,13,28,Sunday,13:28,Suspected Serious Injury,Daylight,Clear,Motor Vehicle-In-Transport On Same Roadway,None,ASHLAND CITY POLICE DEPT,Other,Unbelted,-,-,-,-,-,-,-,-,ATV_Involved,-,-,-,Cheatham,Ashland City,1
73850,400248468,0,1,35.20858,-85.18454,2,2025-04-16 08:00:00,2025,4,16,8,0,Wednesday,08:00,Suspected Serious Injury,Dusk,Clear,Ditch,None,HAMILTON COUNTY SHERIFF'S OFFICE,Other,Unbelted,-,-,-,-,-,-,-,-,-,-,-,-,Hamilton,Not in City Limit,4
73854,400248495,0,1,35.08357,-86.58268,7,2025-04-20 12:32:00,2025,4,20,12,32,Sunday,12:32,Suspected Serious Injury,Daylight,Clear,Motor Vehicle-In-Transport On Same Roadway,None,THP District 7 - Lawrenceburg,THP,Unbelted,-,-,-,-,-,-,-,-,-,-,Motorcyclist,-,Lincoln,Not in City Limit,1
73871,400248556,0,2,35.49463,-83.92777,1,2025-04-20 12:18:00,2025,4,20,12,18,Sunday,12:18,Suspected Serious Injury,Daylight,Clear,Embankment Earth,None,BLOUNT CO SHERIFFS DEPT,Other,-,-,-,-,-,Speeding,-,-,-,-,-,Motorcyclist,-,Blount,Not in City Limit,1
73880,400248621,1,0,36.32829,-83.08634,5,2025-04-21 11:58:00,2025,4,21,11,58,Monday,11:58,Fatal,Daylight,Cloudy,Motor Vehicle-In-Transport On Same Roadway,None,THP District 5 - Fall Branch,THP,Unbelted,-,-,Drug,-,-,-,-,-,-,-,Motorcyclist,-,Hawkins,Not in City Limit,2
73899,400248699,0,2,36.15656,-86.665,3,2025-04-07 15:42:00,2025,4,7,15,42,Monday,15:42,Suspected Serious Injury,Daylight,Clear,Motor Vehicle-In-Transport On Same Roadway,None,METROPOLITAN NASHVILLE POLICE DEPT,Other,Unbelted,-,-,-,-,-,-,-,-,-,-,-,-,Davidson,Nashville,2
73900,400248708,1,0,35.19121,-88.57602,8,2025-04-19 22:01:00,2025,4,19,22,1,Saturday,22:01,Fatal,Dark-Not Lighted,Clear,"Over Turn, Roll Over",None,THP District 8 - Jackson,THP,-,-,Drinking,Drug,-,-,-,-,-,-,-,-,-,McNairy,Not in City Limit,7