OBJECTID,MRN,Fatality,Injury,Latitude,Longitude,THP_District,Collision_Date,Collision_Year,Collision_Month,Collision_Day,Collision_Hour,Collision_Min,Collision_DOW,Collision_Time,Crash_Type,Light_Condition,Weather,First_Harmfu_Event,Work_Zone_Type,Agency_Name,THP,Unbelted,Distracted_Driver,Driver_Drinking,Driver_Drugged,Drowsy_Driver,Speeding_Involved,Pedalcyclist,Pedestrian,Other_Nonmotorist,ATV_Involved,LargeTruck_Involved,Motorcycle_Involved,SchoolBus,County,City,DOW_Nmb
73907,400248745,0,2,35.39084,-84.70624,2,2025-04-21 15:20:00,2025,4,21,15,20,Monday,15:20,Suspected Serious Injury,Daylight,Clear,Motor Vehicle-In-Transport On Same Roadway,None,THP District 2 - Chattanooga,THP,Unbelted,-,-,-,-,-,-,-,-,-,-,-,-,McMinn,Not in City Limit,2
73929,400248857,0,5,35.94149,-83.7169,1,2025-04-19 21:16:00,2025,4,19,21,16,Saturday,21:16,Suspected Serious Injury,Dark-Lighted,Clear,Standing Tree,None,KNOX CO SHERIFFS OFFICE,Other,Unbelted,-,Drinking,Drug,-,-,-,-,-,-,-,-,-,Knox,Not in City Limit,7
73930,400248858,1,0,35.04657,-89.70544,4,2025-04-21 16:54:00,2025,4,21,16,54,Monday,16:54,Fatal,Daylight,Clear,Motor Vehicle-In-Transport On Same Roadway,None,COLLIERVILLE POLICE DEPT,Other,Unbelted,-,-,-,-,Speeding,-,-,-,-,-,Motorcyclist,-,Shelby,Collierville,2
73944,400248935,0,1,35.92581,-85.46406,6,2025-04-21 17:57:00,2025,4,21,17,57,Monday,17:57,Suspected Serious Injury,Dusk,Cloudy,Motor Vehicle-In-Transport On Same Roadway,None,SPARTA POLICE DEPT,Other,Unbelted,-,-,-,-,-,-,-,-,-,-,-,-,White,Sparta,2
73946,400248942,0,1,36.49961,-88.89765,8,2025-04-21 14:50:00,2025,4,21,14,50,Monday,14:50,Suspected Serious Injury,Daylight,Clear,Other Non-Collision,None,SOUTH FULTON POLICE DEPT,Other,Unbelted,-,-,-,-,-,-,-,-,-,ATV_Involved,Motorcyclist,-,Obion,South Fulton,2
73977,400249097,0,1,35.99484,-85.5125,6,2025-04-22 00:00:00,2025,4,22,24,0,Tuesday,24:00,Suspected Serious Injury,Dark-Not Lighted,Fog,Embankment Earth,None,THP District 6 - Cookeville,THP,Unbelted,-,-,-,-,-,-,-,-,-,-,-,-,White,Sparta,3
73982,400249135,0,1,35.89558,-84.54568,1,2025-04-21 00:00:00,2025,4,21,24,0,Monday,24:00,Suspected Serious Injury,Daylight,Cloudy,Motor Vehicle-In-Transport On Same Roadway,None,HARRIMAN POLICE DEPT,Other,Unbelted,-,-,-,-,-,-,-,-,-,-,-,-,Roane,Harriman,2
73990,400249168,0,2,35.86006,-86.84695,3,2025-04-22 11:25:00,2025,4,22,11,25,Tuesday,11:25,Suspected Serious Injury,Daylight,Clear,Other Non-Collision,Construction Zone,FRANKLIN POLICE DEPT,Other,-,-,-,-,-,-,-,-,-,-,-,Motorcyclist,-,Williamson,Franklin,3
74027,400249318,1,0,36.18239,-84.14161,1,2025-04-19 19:09:00,2025,4,19,19,9,Saturday,19:09,Fatal,Daylight,Clear,Ditch,None,THP District 1 - Knoxville,THP,-,-,-,Drug,-,Speeding,-,-,-,-,-,Motorcyclist,-,Anderson,Not in City Limit,7
74031,400249342,0,5,35.80013,-86.48547,3,2025-04-22 19:12:00,2025,4,22,19,12,Tuesday,19:12,Suspected Serious Injury,Dark-Not Lighted,Clear,Motor Vehicle-In-Transport On Same Roadway,None,MURFREESBORO POLICE DEPT,Other,Unbelted,-,Drinking,-,-,-,-,-,-,-,-,-,-,Rutherford,Murfreesboro,3
74035,400249351,0,1,35.13169,-85.00206,2,2025-04-22 22:16:00,2025,4,22,22,16,Tuesday,22:16,Suspected Serious Injury,Dark-Not Lighted,Clear,Standing Tree,None,THP District 2 - Chattanooga,THP,Unbelted,-,-,-,-,-,-,-,-,-,-,-,-,Bradley,Not in City Limit,3
74041,400249380,1,1,35.9893,-83.92033,1,2025-04-22 23:58:00,2025,4,22,23,58,Tuesday,23:58,Fatal,Dark-Lighted,Clear,Motor Vehicle-In-Transport On Same Roadway,None,KNOXVILLE POLICE DEPT,Other,Unbelted,-,Drinking,-,-,-,-,-,-,-,-,-,-,Knox,Knoxville,3
74046,400249398,0,1,35.76548,-88.46817,8,2025-04-23 01:05:00,2025,4,23,1,5,Wednesday,01:05,Suspected Serious Injury,Dark-Not Lighted,Clear,Motor Vehicle-In-Transport On Same Roadway,None,THP District 8 - Jackson,THP,Unbelted,Distracted,-,-,-,-,-,-,-,-,ATV_Involved,-,-,Henderson,Not in City Limit,4
74048,400249401,0,1,35.93687,-83.98915,1,2025-04-23 00:00:00,2025,4,23,24,0,Wednesday,24:00,Suspected Serious Injury,Dark-Lighted,Clear,Ditch,None,KNOXVILLE POLICE DEPT,Other,Unbelted,-,-,-,-,-,-,-,-,-,-,-,-,Knox,Knoxville,4
74049,400249402,0,1,35.57769,-86.59692,7,2025-04-21 00:00:00,2025,4,21,24,0,Monday,24:00,Suspected Serious Injury,Dark-Not Lighted,Clear,Standing Tree,None,BEDFORD CO SHERIFFS DEPT,Other,Unbelted,-,-,-,-,-,-,-,-,-,-,-,-,Bedford,Not in City Limit,2
74068,400249489,0,1,36.06831,-84.00724,1,2025-04-22 19:37:00,2025,4,22,19,37,Tuesday,19:37,Suspected Serious Injury,Dusk,Clear,Standing Tree,None,KNOX CO SHERIFFS OFFICE,Other,-,-,-,-,-,-,-,-,-,-,-,Motorcyclist,-,Knox,Powell,3
74070,400249504,0,2,35.52083,-84.41962,1,2025-04-20 09:11:00,2025,4,20,9,11,Sunday,09:11,Suspected Serious Injury,Daylight,Clear,Motor Vehicle-In-Transport On Same Roadway,None,THP District 1 - Knoxville,THP,Unbelted,-,-,-,-,-,-,-,-,-,-,Motorcyclist,-,Monroe,Not in City Limit,1
74071,400249512,1,0,36.0419,-86.82447,3,2025-04-23 02:05:00,2025,4,23,2,5,Wednesday,02:05,Fatal,Dark-Not Lighted,Clear,Wall,None,METROPOLITAN NASHVILLE POLICE DEPT,Other,Unbelted,-,-,-,-,-,-,-,-,-,-,-,-,Davidson,Forest Hills,4
74074,400249539,0,1,36.24532,-86.7362,3,2025-04-23 08:57:00,2025,4,23,8,57,Wednesday,08:57,Suspected Serious Injury,Dark-Lighted,Clear,Standing Tree,None,METROPOLITAN NASHVILLE POLICE DEPT,Other,Unbelted,-,-,Drug,-,-,-,-,-,-,-,-,-,Davidson,Nashville,4
74088,400249613,1,0,36.23281,-84.14545,1,2025-04-20 01:34:00,2025,4,20,1,34,Sunday,01:34,Fatal,Dark-Not Lighted,Clear,Guard Rail Face,None,THP District 1 - Knoxville,THP,Unbelted,-,Drinking,-,-,Speeding,-,-,-,-,-,-,-,Anderson,Not in City Limit,1
74092,400249630,0,1,36.46696,-87.32553,3,2025-04-19 21:27:00,2025,4,19,21,27,Saturday,21:27,Suspected Serious Injury,Dark-Not Lighted,Clear,"Over Turn, Roll Over",None,THP District 3 - Nashville,THP,Unbelted,-,-,-,-,Speeding,-,-,-,-,-,-,-,Montgomery,Not in City Limit,7
74096,400249654,0,2,36.07456,-86.69314,3,2025-04-23 15:00:00,2025,4,23,15,0,Wednesday,15:00,Suspected Serious Injury,Daylight,Clear,Motor Vehicle-In-Transport On Same Roadway,None,METROPOLITAN NASHVILLE POLICE DEPT,Other,Unbelted,-,-,-,-,-,-,-,-,-,-,-,-,Davidson,Nashville,4
74102,400249678,0,1,35.43703,-89.5435,4,2025-04-16 20:31:00,2025,4,16,20,31,Wednesday,20:31,Suspected Serious Injury,Dark-Not Lighted,Clear,Parked Motor Vehicle,None,THP District 4 - Memphis,THP,Unbelted,Distracted,-,-,-,-,-,-,-,-,-,-,-,Tipton,Not in City Limit,4
74148,400249841,0,2,36.46846,-89.05296,8,2025-04-23 00:00:00,2025,4,23,0,0,Wednesday,00:00,Suspected Serious Injury,Dark-Not Lighted,Cloudy,Other Animal,None,THP District 8 - Jackson,THP,-,-,-,-,-,-,-,-,-,-,-,Motorcyclist,-,Obion,Not in City Limit,4
74154,400249884,0,1,36.03551,-83.93237,1,2025-04-24 06:30:00,2025,4,24,6,30,Thursday,06:30,Suspected Serious Injury,Dark-Lighted,Rain,Pedestrian,None,KNOXVILLE POLICE DEPT,Other,Unbelted,-,-,-,-,-,-,Pedestrian,-,-,-,-,-,Knox,Knoxville,5
74161,400249913,1,2,36.30779,-83.29168,5,2025-04-18 15:22:00,2025,4,18,15,22,Friday,15:22,Fatal,Daylight,Clear,Motor Vehicle-In-Transport On Same Roadway,None,BEAN STATION POLICE DEPT,Other,Unbelted,-,-,-,-,-,-,-,-,-,-,-,-,Grainger,Bean Station,6
74164,400249928,0,2,35.64654,-88.14836,8,2025-04-23 13:11:00,2025,4,23,13,11,Wednesday,13:11,Suspected Serious Injury,Daylight,Clear,"Over Turn, Roll Over",None,PARSONS POLICE DEPT,Other,Unbelted,-,-,-,-,-,-,-,-,-,-,-,-,Decatur,Parsons,4
74184,400250058,0,1,35.3955,-84.90013,2,2025-04-23 13:26:00,2025,4,23,13,26,Wednesday,13:26,Suspected Serious Injury,Daylight,Clear,Motor Vehicle-In-Transport On Same Roadway,None,THP District 2 - Chattanooga,THP,Unbelted,-,-,-,-,-,-,-,-,-,-,-,-,Meigs,Not in City Limit,4
74189,400250080,0,1,36.11217,-88.32064,8,2025-04-24 10:10:00,2025,4,24,10,10,Thursday,10:10,Suspected Serious Injury,Daylight,Cloudy,Standing Tree,None,THP District 8 - Jackson,THP,Unbelted,-,-,Drug,Drowsy,Speeding,-,-,-,-,-,-,-,Carroll,Not in City Limit,5
74190,400250086,0,1,35.49076,-86.70832,7,2025-04-23 18:12:00,2025,4,23,18,12,Wednesday,18:12,Suspected Serious Injury,Daylight,Cloudy,"Over Turn, Roll Over",None,THP District 7 - Lawrenceburg,THP,Unbelted,Distracted,Drinking,-,-,-,-,-,-,-,-,-,-,Marshall,Not in City Limit,4
74195,400250107,0,1,36.14303,-85.57871,6,2025-04-24 13:05:00,2025,4,24,13,5,Thursday,13:05,Suspected Serious Injury,Daylight,Cloudy,Motor Vehicle-In-Transport On Same Roadway,None,COOKEVILLE POLICE DEPT,Other,Unbelted,Distracted,-,-,-,-,-,-,-,-,-,-,-,Putnam,Cookeville,5
74212,400250207,0,1,35.63868,-87.01585,7,2025-04-24 06:28:00,2025,4,24,6,28,Thursday,06:28,Suspected Serious Injury,Daylight,Clear,Motor Vehicle-In-Transport On Same Roadway,None,COLUMBIA POLICE DEPT,Other,Unbelted,-,-,-,-,-,-,-,-,-,-,-,-,Maury,Columbia,5
74226,400250288,0,1,36.06052,-88.97566,8,2025-04-19 15:40:00,2025,4,19,15,40,Saturday,15:40,Suspected Serious Injury,Daylight,Clear,Motor Vehicle-In-Transport On Same Roadway,None,THP District 8 - Jackson,THP,Unbelted,-,-,-,-,-,-,-,-,-,-,Motorcyclist,-,Gibson,Not in City Limit,7
74233,400250323,0,1,36.354,-85.959,6,2025-04-24 18:30:00,2025,4,24,18,30,Thursday,18:30,Suspected Serious Injury,Daylight,Clear,Ditch,None,THP District 6 - Cookeville,THP,-,-,-,-,-,-,-,-,-,-,-,Motorcyclist,-,Smith,Not in City Limit,5
74238,400250350,1,1,35.82014,-86.39538,3,2025-04-24 19:18:00,2025,4,24,19,18,Thursday,19:18,Fatal,Dark-Lighted,Clear,Motor Vehicle-In-Transport On Same Roadway,None,MURFREESBORO POLICE DEPT,Other,Unbelted,-,-,Drug,-,-,-,-,-,-,-,Motorcyclist,-,Rutherford,Murfreesboro,5
74254,400250397,0,2,35.64119,-88.37862,8,2025-04-24 04:52:00,2025,4,24,4,52,Thursday,04:52,Suspected Serious Injury,Dark-Not Lighted,Clear,Pedestrian,None,LEXINGTON POLICE DEPT,Other,-,-,-,-,-,-,-,Pedestrian,-,-,-,Motorcyclist,-,Henderson,Lexington,5
74285,400250546,0,1,35.25137,-88.08302,8,2025-04-25 07:16:00,2025,4,25,7,16,Friday,07:16,Suspected Serious Injury,Daylight,Cloudy,Motor Vehicle-In-Transport On Same Roadway,None,THP District 8 - Jackson,THP,Unbelted,-,-,-,-,-,-,-,-,-,ATV_Involved,-,-,Hardin,Not in City Limit,6
74296,400250574,0,1,35.63362,-88.815,8,2025-04-25 11:18:00,2025,4,25,11,18,Friday,11:18,Suspected Serious Injury,,Clear,Standing Tree,None,JACKSON POLICE DEPT,Other,Unbelted,-,-,-,-,-,-,-,-,-,-,-,-,Madison,Jackson,6
74309,400250637,1,1,36.18394,-86.36538,3,2025-04-21 09:21:00,2025,4,21,9,21,Monday,09:21,Fatal,Daylight,Rain,Concrete Traffic Barrier,None,LEBANON POLICE DEPT,Other,Unbelted,-,-,-,-,-,-,-,-,-,-,-,-,Wilson,Lebanon,2
74332,400250784,0,1,36.43364,-84.93538,6,2025-04-23 15:24:00,2025,4,23,15,24,Wednesday,15:24,Suspected Serious Injury,Daylight,Clear,Pedal-Cycle,None,JAMESTOWN POLICE DEPT,Other,Unbelted,-,-,-,-,-,Pedalcyclist,-,-,-,-,-,-,Fentress,Jamestown,4
74334,400250789,0,1,35.31547,-89.57726,4,2025-04-25 16:46:00,2025,4,25,16,46,Friday,16:46,Suspected Serious Injury,Daylight,Clear,Ditch,None,THP District 4 - Memphis,THP,Unbelted,-,-,-,-,-,-,-,-,-,-,-,-,Fayette,Not in City Limit,6
74335,400250794,0,2,36.59963,-86.68582,3,2025-04-25 15:18:00,2025,4,25,15,18,Friday,15:18,Suspected Serious Injury,Daylight,Clear,Motor Vehicle-In-Transport On Same Roadway,None,THP District 3 - Nashville,THP,Unbelted,-,-,-,-,-,-,-,-,-,-,-,-,Robertson,Orlinda,6
74342,400250826,0,2,35.85654,-85.88094,6,2025-04-25 13:29:00,2025,4,25,13,29,Friday,13:29,Suspected Serious Injury,Daylight,Rain,Standing Tree,None,THP District 6 - Cookeville,THP,Unbelted,-,-,-,-,Speeding,-,-,-,-,-,-,-,DeKalb,Not in City Limit,6
74362,400250910,0,1,35.48743,-86.44654,7,2025-04-25 20:55:00,2025,4,25,20,55,Friday,20:55,Suspected Serious Injury,Dark-Lighted,Clear,Pedestrian,None,SHELBYVILLE POLICE DEPT,Other,Unbelted,-,-,-,-,-,-,Pedestrian,-,-,-,-,-,Bedford,Shelbyville,6
74367,400250936,1,0,35.47851,-86.59477,7,2025-04-25 21:09:00,2025,4,25,21,9,Friday,21:09,Fatal,Dark-Not Lighted,Fog,Culvert,None,THP District 7 - Lawrenceburg,THP,Unbelted,-,-,Drug,-,-,-,-,-,-,-,-,-,Bedford,Not in City Limit,6
74374,400250955,0,1,35.93141,-85.05135,6,2025-04-26 00:22:00,2025,4,26,0,22,Saturday,00:22,Suspected Serious Injury,Dark-Not Lighted,Rain,Ditch,None,CUMBERLAND CO SHERIFFS OFFICE,Other,Unbelted,-,Drinking,-,-,-,-,-,-,-,-,-,-,Cumberland,Not in City Limit,7
74375,400250957,1,0,36.21516,-86.60002,3,2025-04-25 20:59:00,2025,4,25,20,59,Friday,20:59,Fatal,Dark-Lighted,Clear,Motor Vehicle-In-Transport On Same Roadway,None,METROPOLITAN NASHVILLE POLICE DEPT,Other,Unbelted,-,-,-,-,-,-,-,-,-,-,Motorcyclist,-,Davidson,Nashville,6
74379,400250975,0,1,36.18206,-86.15224,3,2025-04-26 01:26:00,2025,4,26,1,26,Saturday,01:26,Suspected Serious Injury,Dark-Not Lighted,Clear,Motor Vehicle-In-Transport On Same Roadway,None,THP District 3 - Nashville,THP,Unbelted,-,-,-,-,-,-,-,-,-,ATV_Involved,-,-,Wilson,Not in City Limit,7
74386,400251005,0,1,36.45727,-82.67102,5,2025-04-26 05:45:00,2025,4,26,5,45,Saturday,05:45,Suspected Serious Injury,Dawn,Cloudy,"Over Turn, Roll Over",None,THP District 5 - Fall Branch,THP,Unbelted,-,-,-,-,-,-,-,-,-,-,-,-,Sullivan,Not in City Limit,7
74390,400251022,0,2,35.38901,-89.48571,4,2025-04-24 13:50:00,2025,4,24,13,50,Thursday,13:50,Suspected Serious Injury,Daylight,Clear,Ditch,None,FAYETTE CO SHERIFF'S OFFICE,Other,-,-,-,-,-,-,-,-,-,-,-,Motorcyclist,-,Fayette,Not in City Limit,5
74391,400251023,0,1,36.05516,-86.7752,3,2025-04-26 07:31:00,2025,4,26,7,31,Saturday,07:31,Suspected Serious Injury,Daylight,Cloudy,Motor Vehicle-In-Transport On Same Roadway,None,METROPOLITAN NASHVILLE POLICE DEPT,Other,Unbelted,-,-,-,Drowsy,-,-,-,-,-,-,-,-,Davidson,Nashville,7
74395,400251060,0,1,36.39585,-86.76557,3,2025-04-26 05:19:00,2025,4,26,5,19,Saturday,05:19,Suspected Serious Injury,Dawn,Clear,Embankment Earth,None,THP District 3 - Nashville,THP,Unbelted,-,Drinking,Drug,-,-,-,-,-,-,-,-,-,Robertson,Ridgetop,7
74402,400251107,0,2,36.34584,-88.3694,8,2025-04-26 12:20:00,2025,4,26,12,20,Saturday,12:20,Suspected Serious Injury,Daylight,Cloudy,"Over Turn, Roll Over",None,THP District 8 - Jackson,THP,Unbelted,-,-,-,-,-,-,-,-,-,-,-,-,Henry,Not in City Limit,7
74424,400251186,1,0,36.12602,-86.37484,3,2025-04-21 15:11:00,2025,4,21,15,11,Monday,15:11,Fatal,Daylight,Clear,Ditch,None,THP District 3 - Nashville,THP,Unbelted,-,-,-,-,-,-,-,-,-,-,-,-,Wilson,Not in City Limit,2
74426,400251204,0,4,35.64854,-88.79217,8,2025-04-26 16:13:00,2025,4,26,16,13,Saturday,16:13,Suspected Serious Injury,Daylight,Clear,Motor Vehicle-In-Transport On Same Roadway,None,JACKSON POLICE DEPT,Other,Unbelted,-,-,-,Drowsy,-,-,-,-,-,-,-,-,Madison,Jackson,7
74427,400251222,1,0,36.07553,-85.87041,6,2025-04-26 16:46:00,2025,4,26,16,46,Saturday,16:46,Fatal,Daylight,Clear,Embankment Earth,None,THP District 6 - Cookeville,THP,-,-,-,-,-,-,-,-,-,-,-,Motorcyclist,-,DeKalb,Not in City Limit,7
74432,400251243,0,1,36.17916,-82.80959,5,2025-04-26 20:04:00,2025,4,26,20,4,Saturday,20:04,Suspected Serious Injury,Daylight,Clear,Motor Vehicle-In-Transport On Same Roadway,None,THP District 5 - Fall Branch,THP,Unbelted,-,-,-,-,-,-,-,-,-,-,-,-,Greene,Greeneville,7
74434,400251247,0,2,36.32698,-86.61934,3,2025-04-26 17:50:00,2025,4,26,17,50,Saturday,17:50,Suspected Serious Injury,Daylight,Clear,Motor Vehicle-In-Transport On Same Roadway,None,HENDERSONVILLE POLICE DEPT,Other,Unbelted,-,-,-,Drowsy,-,-,-,-,-,-,-,-,Sumner,Hendersonville,7
74447,400251285,1,0,36.25978,-83.17063,5,2025-04-26 19:00:00,2025,4,26,19,0,Saturday,19:00,Fatal,Daylight,Clear,Utility Pole,None,THP District 5 - Fall Branch,THP,-,-,-,-,-,-,-,-,-,-,-,Motorcyclist,-,Hamblen,Not in City Limit,7
74452,400251299,0,1,36.15325,-86.794,3,2025-04-26 22:14:00,2025,4,26,22,14,Saturday,22:14,Suspected Serious Injury,Dark-Lighted,Clear,Pedestrian,None,METROPOLITAN NASHVILLE POLICE DEPT,Other,Unbelted,-,-,-,-,-,-,Pedestrian,-,-,-,-,-,Davidson,Nashville,7
74457,400251312,0,2,35.13283,-88.79528,4,2025-04-26 00:00:00,2025,4,26,24,0,Saturday,24:00,Suspected Serious Injury,Dusk,Clear,Standing Tree,None,THP District 4 - Memphis,THP,Unbelted,-,Drinking,Drug,-,-,-,-,-,-,-,-,-,Hardeman,Not in City Limit,7
74464,400251332,0,2,36.11065,-89.29744,8,2025-04-27 00:41:00,2025,4,27,0,41,Sunday,00:41,Suspected Serious Injury,Dark-Not Lighted,Clear,Ditch,None,THP District 8 - Jackson,THP,Unbelted,-,-,-,-,Speeding,-,-,-,-,-,-,-,Dyer,Not in City Limit,1
74468,400251344,0,1,36.52011,-82.09351,5,2025-04-26 00:00:00,2025,4,26,24,0,Saturday,24:00,Suspected Serious Injury,Dark-Not Lighted,Clear,Standing Tree,None,SULLIVAN CO SHERIFFS DEPT,Other,Unbelted,-,-,-,-,-,-,-,-,-,-,-,-,Sullivan,Not in City Limit,7
74478,400251367,0,1,35.85028,-86.25709,3,2025-04-22 19:42:00,2025,4,22,19,42,Tuesday,19:42,Suspected Serious Injury,Dark-Not Lighted,Clear,Standing Tree,None,RUTHERFORD CO SHERIFFS DEPT,Other,Unbelted,-,-,-,-,Speeding,-,-,-,-,-,-,-,Rutherford,Not in City Limit,3
74492,400251469,0,1,35.59764,-84.50411,1,2025-04-27 12:30:00,2025,4,27,12,30,Sunday,12:30,Suspected Serious Injury,Daylight,Clear,Motor Vehicle-In-Transport On Same Roadway,None,SWEETWATER POLICE DEPT,Other,Unbelted,-,-,-,-,-,-,-,-,-,-,-,-,Monroe,Sweetwater,1
74494,400251480,0,1,36.09254,-83.42816,5,2025-04-26 21:12:00,2025,4,26,21,12,Saturday,21:12,Suspected Serious Injury,Dark-Not Lighted,Clear,Motor Vehicle-In-Transport On Same Roadway,None,JEFFERSON CO SHERIFFS DEPT,Other,Unbelted,-,-,-,-,-,-,-,-,-,-,Motorcyclist,-,Jefferson,Not in City Limit,7
74498,400251488,0,1,36.39043,-86.16626,6,2025-04-26 18:46:00,2025,4,26,18,46,Saturday,18:46,Suspected Serious Injury,Dusk,Clear,Motor Vehicle-In-Transport On Same Roadway,None,THP District 6 - Cookeville,THP,Unbelted,-,-,Drug,-,-,-,-,-,-,-,-,-,Trousdale,Hartsville,7
74499,400251494,1,2,35.67307,-84.67246,2,2025-04-27 12:48:00,2025,4,27,12,48,Sunday,12:48,Fatal,Daylight,Clear,Motor Vehicle-In-Transport On Same Roadway,None,MEIGS CO SHERIFFS DEPT,Other,Unbelted,-,-,-,-,-,-,-,-,-,-,-,-,Meigs,Not in City Limit,1
74501,400251500,0,1,35.67817,-88.80758,8,2025-04-27 13:50:00,2025,4,27,13,50,Sunday,13:50,Suspected Serious Injury,Daylight,Cloudy,Culvert,None,JACKSON POLICE DEPT,Other,-,-,-,-,-,-,-,-,-,-,-,Motorcyclist,-,Madison,Jackson,1
74514,400251549,0,1,36.09438,-85.82998,6,2025-04-27 14:34:00,2025,4,27,14,34,Sunday,14:34,Suspected Serious Injury,Daylight,Clear,Guard Rail Face,None,THP District 6 - Cookeville,THP,-,-,-,-,-,-,-,-,-,-,-,Motorcyclist,-,DeKalb,Not in City Limit,1
74520,400251568,0,1,36.36999,-89.15845,8,2025-04-25 13:00:00,2025,4,25,13,0,Friday,13:00,Suspected Serious Injury,Daylight,Clear,"Over Turn, Roll Over",None,THP District 8 - Jackson,THP,Unbelted,-,-,-,-,-,-,-,-,-,ATV_Involved,-,-,Obion,Not in City Limit,6
74525,400251597,0,3,35.52064,-84.41951,1,2025-04-26 17:22:00,2025,4,26,17,22,Saturday,17:22,Suspected Serious Injury,Daylight,Clear,Motor Vehicle-In-Transport On Same Roadway,None,THP District 1 - Knoxville,THP,Unbelted,-,Drinking,-,-,-,-,-,-,-,-,-,-,Monroe,Not in City Limit,7
74527,400251610,0,2,36.04978,-83.99761,1,2025-04-27 19:27:00,2025,4,27,19,27,Sunday,19:27,Suspected Serious Injury,Daylight,Clear,Motor Vehicle-In-Transport On Same Roadway,None,KNOXVILLE POLICE DEPT,Other,Unbelted,-,-,-,-,-,-,-,-,-,-,Motorcyclist,-,Knox,Knoxville,1
74530,400251623,0,1,35.07202,-89.77683,4,2025-04-27 17:02:00,2025,4,27,17,2,Sunday,17:02,Suspected Serious Injury,Daylight,Clear,Mail Box,None,GERMANTOWN POLICE DEPT,Other,Unbelted,-,-,-,-,-,-,-,-,-,-,-,-,Shelby,Germantown,1
74538,400251663,0,1,35.56354,-89.49729,4,2025-04-23 23:00:00,2025,4,23,23,0,Wednesday,23:00,Suspected Serious Injury,Dark-Not Lighted,Clear,Embankment Earth,None,THP District 4 - Memphis,THP,Unbelted,-,-,-,-,-,-,-,-,-,-,-,-,Tipton,Not in City Limit,4
74540,400251669,0,1,35.22751,-86.87123,7,2025-04-27 01:26:00,2025,4,27,1,26,Sunday,01:26,Suspected Serious Injury,Dark-Not Lighted,Clear,Ditch,None,THP District 7 - Lawrenceburg,THP,Unbelted,-,Drinking,-,-,-,-,-,-,-,-,-,-,Giles,Not in City Limit,1
74543,400251675,1,0,36.49078,-86.70371,3,2025-04-27 00:32:00,2025,4,27,0,32,Sunday,00:32,Fatal,Dark-Not Lighted,Clear,"Over Turn, Roll Over",None,THP District 3 - Nashville,THP,-,-,-,-,-,-,-,-,-,-,-,Motorcyclist,-,Robertson,White House,1
74545,400251682,0,1,36.56761,-86.28028,3,2025-04-27 19:00:00,2025,4,27,19,0,Sunday,19:00,Suspected Serious Injury,Daylight,Clear,Fell/Jumped From Vehicle,None,SUMNER CO SHERIFFS OFFICE,Other,-,-,Drinking,Drug,-,-,-,-,-,-,-,Motorcyclist,-,Sumner,Westmoreland,1
74550,400251696,0,1,36.38967,-88.11481,8,2025-04-27 13:39:00,2025,4,27,13,39,Sunday,13:39,Suspected Serious Injury,Daylight,Clear,Culvert,None,THP District 8 - Jackson,THP,-,-,-,-,-,-,-,-,-,-,-,Motorcyclist,-,Henry,Not in City Limit,1
74563,400251753,0,2,36.0426,-86.83911,3,2025-04-28 07:00:00,2025,4,28,7,0,Monday,07:00,Suspected Serious Injury,Daylight,Clear,Motor Vehicle-In-Transport On Same Roadway,None,METROPOLITAN NASHVILLE POLICE DEPT,Other,Unbelted,-,-,-,-,-,-,-,-,-,-,-,-,Davidson,Forest Hills,2
74567,400251763,0,1,36.02828,-87.17494,3,2025-04-28 07:07:00,2025,4,28,7,7,Monday,07:07,Suspected Serious Injury,Daylight,Clear,"Over Turn, Roll Over",None,THP District 3 - Nashville,THP,Unbelted,-,-,-,-,-,-,-,-,-,ATV_Involved,-,-,Williamson,Not in City Limit,2
74568,400251765,0,1,35.11796,-89.63671,4,2025-04-28 07:55:00,2025,4,28,7,55,Monday,07:55,Suspected Serious Injury,Daylight,Clear,"Fire, Explosion",None,THP District 4 - Memphis,THP,Unbelted,-,-,-,-,-,-,-,-,-,-,-,-,Fayette,Not in City Limit,2
74580,400251841,0,1,35.74428,-84.05156,1,2025-04-28 10:26:00,2025,4,28,10,26,Monday,10:26,Suspected Serious Injury,Daylight,Clear,Pedestrian,None,BLOUNT CO SHERIFFS DEPT,Other,Unbelted,-,-,-,-,-,-,Pedestrian,-,-,-,-,-,Blount,Friendsville,2
74589,400251878,0,4,35.92052,-86.52209,3,2025-04-28 12:16:00,2025,4,28,12,16,Monday,12:16,Suspected Serious Injury,Daylight,Clear,Motor Vehicle-In-Transport On Same Roadway,None,SMYRNA POLICE DEPT,Other,Unbelted,-,-,-,-,-,-,-,-,-,ATV_Involved,-,-,Rutherford,Smyrna,2
74592,400251884,0,1,35.15837,-88.57994,8,2025-04-28 13:10:00,2025,4,28,13,10,Monday,13:10,Suspected Serious Injury,Daylight,Clear,Motor Vehicle-In-Transport On Same Roadway,None,SELMER POLICE DEPT,Other,Unbelted,-,-,-,-,-,-,-,-,-,ATV_Involved,-,-,McNairy,Selmer,2