OBJECTID,MRN,Fatality,Injury,Latitude,Longitude,THP_District,Collision_Date,Collision_Year,Collision_Month,Collision_Day,Collision_Hour,Collision_Min,Collision_DOW,Collision_Time,Crash_Type,Light_Condition,Weather,First_Harmfu_Event,Work_Zone_Type,Agency_Name,THP,Unbelted,Distracted_Driver,Driver_Drinking,Driver_Drugged,Drowsy_Driver,Speeding_Involved,Pedalcyclist,Pedestrian,Other_Nonmotorist,ATV_Involved,LargeTruck_Involved,Motorcycle_Involved,SchoolBus,County,City,DOW_Nmb
74608,400251947,0,1,35.45478,-86.34227,7,2025-04-27 20:12:00,2025,4,27,20,12,Sunday,20:12,Suspected Serious Injury,Dark-Not Lighted,Clear,Motor Vehicle-In-Transport On Same Roadway,None,THP District 7 - Lawrenceburg,THP,Unbelted,-,-,-,-,-,-,-,-,-,-,Motorcyclist,-,Bedford,Not in City Limit,1
74637,400252074,0,3,36.49758,-85.55798,6,2025-04-28 17:30:00,2025,4,28,17,30,Monday,17:30,Suspected Serious Injury,Daylight,Clear,Motor Vehicle-In-Transport On Same Roadway,None,THP District 6 - Cookeville,THP,Unbelted,-,-,-,-,-,-,-,-,-,-,-,-,Clay,Not in City Limit,2
74647,400252117,0,1,36.17719,-86.80095,3,2025-04-28 21:49:00,2025,4,28,21,49,Monday,21:49,Suspected Serious Injury,Dark-Lighted,Clear,Pedestrian,None,METROPOLITAN NASHVILLE POLICE DEPT,Other,Unbelted,-,-,-,-,-,-,Pedestrian,-,-,ATV_Involved,-,-,Davidson,Nashville,2
74649,400252121,0,1,36.15956,-86.77464,3,2025-04-28 22:57:00,2025,4,28,22,57,Monday,22:57,Suspected Serious Injury,Dark-Lighted,Clear,Motor Vehicle-In-Transport On Same Roadway,None,METROPOLITAN NASHVILLE POLICE DEPT,Other,Unbelted,-,-,-,-,-,-,-,-,-,-,Motorcyclist,-,Davidson,Nashville,2
74660,400252166,0,2,35.97696,-86.55012,3,2025-04-26 00:00:00,2025,4,26,24,0,Saturday,24:00,Suspected Serious Injury,Dark-Lighted,Clear,Highway Traffic Sign Post,None,SMYRNA POLICE DEPT,Other,Unbelted,Distracted,-,-,-,Speeding,-,-,-,-,-,-,-,Rutherford,Smyrna,7
74661,400252167,0,1,36.41186,-89.02302,8,2025-04-28 00:00:00,2025,4,28,24,0,Monday,24:00,Suspected Serious Injury,Daylight,Clear,Motor Vehicle-In-Transport On Same Roadway,None,UNION CITY POLICE DEPT,Other,Unbelted,-,-,-,-,-,-,-,-,-,-,-,-,Obion,Union City,2
74667,400252217,0,1,36.23076,-86.42813,3,2025-04-26 13:34:00,2025,4,26,13,34,Saturday,13:34,Suspected Serious Injury,Daylight,Clear,Other Non-Collision,None,LEBANON POLICE DEPT,Other,-,-,-,-,-,-,-,-,-,-,-,Motorcyclist,-,Wilson,Lebanon,7
74678,400252303,0,2,36.43508,-87.4882,3,2025-04-29 08:56:00,2025,4,29,8,56,Tuesday,08:56,Suspected Serious Injury,Daylight,Clear,Motor Vehicle-In-Transport On Same Roadway,None,THP District 3 - Nashville,THP,Unbelted,-,-,-,-,-,-,-,-,-,ATV_Involved,-,-,Montgomery,Not in City Limit,3
74681,400252329,0,2,35.8256,-88.91309,8,2025-04-14 00:00:00,2025,4,14,24,0,Monday,24:00,Suspected Serious Injury,Dark-Lighted,Clear,Parked Motor Vehicle,None,HUMBOLDT POLICE DEPT,Other,Unbelted,-,Drinking,-,-,-,-,-,-,-,-,-,-,Gibson,Humboldt,2
74684,400252356,0,2,36.03172,-83.24947,5,2025-04-29 10:40:00,2025,4,29,10,40,Tuesday,10:40,Suspected Serious Injury,Daylight,Clear,Motor Vehicle-In-Transport On Same Roadway,None,THP District 5 - Fall Branch,THP,Unbelted,-,-,-,-,-,-,-,-,-,-,-,-,Cocke,Not in City Limit,3
74685,400252367,0,1,36.56202,-82.02632,5,2025-04-29 12:27:00,2025,4,29,12,27,Tuesday,12:27,Suspected Serious Injury,Daylight,Clear,Embankment Earth,None,THP District 5 - Fall Branch,THP,-,-,-,-,-,-,-,-,-,-,-,Motorcyclist,-,Sullivan,Not in City Limit,3
74692,400252420,0,2,36.60311,-86.58583,3,2025-04-29 10:18:00,2025,4,29,10,18,Tuesday,10:18,Suspected Serious Injury,Daylight,Clear,Motor Vehicle-In-Transport On Same Roadway,Construction Zone,THP District 3 - Nashville,THP,Unbelted,-,-,-,-,-,-,-,-,-,ATV_Involved,-,-,Robertson,Not in City Limit,3
74718,400252540,0,1,35.72703,-88.60495,8,2025-04-29 16:27:00,2025,4,29,16,27,Tuesday,16:27,Suspected Serious Injury,Daylight,Clear,Guard Rail End,None,THP District 8 - Jackson,THP,Unbelted,-,-,-,-,-,-,-,-,-,-,-,-,Henderson,Not in City Limit,3
74720,400252557,0,1,35.64211,-88.81029,8,2025-04-20 17:33:00,2025,4,20,17,33,Sunday,17:33,Suspected Serious Injury,Daylight,Clear,Motor Vehicle-In-Transport On Same Roadway,None,JACKSON POLICE DEPT,Other,Unbelted,-,-,-,-,-,-,-,-,ATV_Involved,-,-,-,Madison,Jackson,1
74723,400252573,0,1,35.76879,-89.21164,4,2025-04-28 17:52:00,2025,4,28,17,52,Monday,17:52,Suspected Serious Injury,Daylight,Clear,Standing Tree,None,THP District 4 - Memphis,THP,Unbelted,-,-,-,-,-,-,-,-,-,-,-,-,Crockett,Not in City Limit,2
74744,400252652,0,3,35.9976,-86.50764,3,2025-04-29 19:24:00,2025,4,29,19,24,Tuesday,19:24,Suspected Serious Injury,Daylight,Clear,Motor Vehicle-In-Transport On Same Roadway,None,SMYRNA POLICE DEPT,Other,Unbelted,-,-,-,-,-,-,-,-,-,-,-,-,Rutherford,Smyrna,3
74747,400252670,0,1,36.02874,-83.61592,5,2025-04-29 21:48:00,2025,4,29,21,48,Tuesday,21:48,Suspected Serious Injury,Dark-Not Lighted,Clear,Motor Vehicle-In-Transport On Same Roadway,None,THP District 5 - Fall Branch,THP,Unbelted,-,-,-,-,-,-,-,-,-,-,Motorcyclist,-,Jefferson,Not in City Limit,3
74749,400252690,0,2,35.91522,-83.93481,1,2025-04-29 22:11:00,2025,4,29,22,11,Tuesday,22:11,Suspected Serious Injury,Dark-Lighted,Clear,Motor Vehicle-In-Transport On Same Roadway,None,THP District 1 - Knoxville,THP,Unbelted,-,-,Drug,-,-,-,-,-,-,-,-,-,Knox,Not in City Limit,3
74750,400252694,0,1,35.81842,-86.23257,3,2025-04-30 01:00:00,2025,4,30,1,0,Wednesday,01:00,Suspected Serious Injury,Dark-Lighted,Clear,Deer,None,RUTHERFORD CO SHERIFFS DEPT,Other,Unbelted,-,-,-,-,-,-,-,-,-,-,-,-,Rutherford,Not in City Limit,4
74773,400252865,1,0,35.74664,-87.38666,7,2025-04-30 03:12:00,2025,4,30,3,12,Wednesday,03:12,Fatal,Dark-Not Lighted,Clear,Standing Tree,None,THP District 7 - Lawrenceburg,THP,Unbelted,-,Drinking,-,-,-,-,-,-,-,-,-,-,Hickman,Not in City Limit,4
74782,400252892,0,1,35.10737,-84.66475,2,2025-04-30 09:55:00,2025,4,30,9,55,Wednesday,09:55,Suspected Serious Injury,Daylight,Clear,Mail Box,None,THP District 2 - Chattanooga,THP,Unbelted,-,-,-,-,-,-,-,-,-,-,-,-,Polk,Not in City Limit,4
74788,400252970,0,1,35.80305,-88.44988,8,2025-04-27 20:52:00,2025,4,27,20,52,Sunday,20:52,Suspected Serious Injury,Dark-Not Lighted,Cloudy,Standing Tree,None,THP District 8 - Jackson,THP,Unbelted,-,-,-,-,-,-,-,-,-,-,-,-,Henderson,Not in City Limit,1
74789,400252971,0,1,36.1448,-84.84148,1,2025-04-28 17:39:00,2025,4,28,17,39,Monday,17:39,Suspected Serious Injury,Daylight,Clear,Motor Vehicle-In-Transport On Same Roadway,None,THP District 1 - Knoxville,THP,Unbelted,-,-,Drug,-,-,-,-,-,-,-,Motorcyclist,-,Morgan,Not in City Limit,2
74796,400253001,1,0,36.00081,-83.92565,1,2025-04-30 10:38:00,2025,4,30,10,38,Wednesday,10:38,Fatal,Daylight,Clear,Pedestrian,None,KNOXVILLE POLICE DEPT,Other,Unbelted,-,-,-,-,-,-,Pedestrian,-,-,-,-,-,Knox,Knoxville,4
74799,400253006,0,1,36.13838,-85.57062,6,2025-04-30 13:59:00,2025,4,30,13,59,Wednesday,13:59,Suspected Serious Injury,Daylight,Clear,Guard Rail Face,None,THP District 6 - Cookeville,THP,Unbelted,-,-,-,-,-,-,-,-,-,-,-,-,Putnam,Cookeville,4
74800,400253010,0,1,36.64233,-86.26791,3,2025-04-30 09:42:00,2025,4,30,9,42,Wednesday,09:42,Suspected Serious Injury,Daylight,Clear,Cargo Equip Loss/Shift,Work Zone,THP District 3 - Nashville,THP,Unbelted,-,-,-,-,-,-,-,-,-,ATV_Involved,-,-,Sumner,Not in City Limit,4
74809,400253053,0,2,35.99707,-86.50005,3,2025-04-30 15:46:00,2025,4,30,15,46,Wednesday,15:46,Suspected Serious Injury,Daylight,Clear,Motor Vehicle-In-Transport On Same Roadway,None,SMYRNA POLICE DEPT,Other,Unbelted,-,-,-,-,-,-,-,-,-,-,-,-,Rutherford,Smyrna,4
74811,400253059,0,1,36.56126,-83.65335,5,2025-04-30 14:26:00,2025,4,30,14,26,Wednesday,14:26,Suspected Serious Injury,Daylight,Clear,Other Non-Collision,None,THP District 5 - Fall Branch,THP,-,-,-,-,-,-,-,-,-,-,-,Motorcyclist,-,Claiborne,Harrogate,4
74813,400253075,0,1,36.06478,-82.50918,5,2025-04-30 17:10:00,2025,4,30,17,10,Wednesday,17:10,Suspected Serious Injury,Daylight,Rain,"Over Turn, Roll Over",None,THP District 5 - Fall Branch,THP,Unbelted,-,-,-,-,-,-,-,-,-,-,-,-,Unicoi,Not in City Limit,4
74816,400253097,0,1,35.39515,-87.94354,7,2025-04-30 16:30:00,2025,4,30,16,30,Wednesday,16:30,Suspected Serious Injury,Daylight,Clear,Bridge/Parapet End,None,THP District 7 - Lawrenceburg,THP,Unbelted,-,-,-,-,-,-,-,-,-,-,-,-,Wayne,Not in City Limit,4
74824,400253125,0,1,35.85577,-86.37028,3,2025-04-30 17:49:00,2025,4,30,17,49,Wednesday,17:49,Suspected Serious Injury,Daylight,Clear,Pedestrian,None,MURFREESBORO POLICE DEPT,Other,Unbelted,-,-,-,-,-,-,Pedestrian,-,-,-,-,-,Rutherford,Murfreesboro,4
74830,400253145,0,1,35.85069,-86.38943,3,2025-04-29 20:19:00,2025,4,29,20,19,Tuesday,20:19,Suspected Serious Injury,Dark-Lighted,Clear,Pedestrian,None,MURFREESBORO POLICE DEPT,Other,Unbelted,-,-,-,-,-,-,Pedestrian,-,-,-,-,-,Rutherford,Murfreesboro,3
74832,400253158,0,1,35.19245,-85.81619,2,2025-04-29 20:13:00,2025,4,29,20,13,Tuesday,20:13,Suspected Serious Injury,Dark-Not Lighted,Clear,Motor Vehicle-In-Transport On Same Roadway,None,THP District 2 - Chattanooga,THP,Unbelted,-,-,-,-,-,-,-,-,-,ATV_Involved,-,-,Marion,Not in City Limit,3
74837,400253192,1,0,36.32166,-82.11652,5,2025-04-30 18:32:00,2025,4,30,18,32,Wednesday,18:32,Fatal,Daylight,Rain,Embankment Earth,None,THP District 5 - Fall Branch,THP,Unbelted,-,Drinking,Drug,-,-,-,-,-,-,-,-,-,Carter,Not in City Limit,4
74840,400253208,0,1,35.60759,-89.28462,4,2025-04-30 21:26:00,2025,4,30,21,26,Wednesday,21:26,Suspected Serious Injury,Dark-Not Lighted,Clear,Ditch,None,THP District 4 - Memphis,THP,Unbelted,-,-,-,-,-,-,-,-,-,-,-,-,Haywood,Not in City Limit,4
74842,400253216,0,1,36.44738,-87.63312,3,2025-04-26 16:35:00,2025,4,26,16,35,Saturday,16:35,Suspected Serious Injury,Daylight,Clear,Ditch,None,THP District 3 - Nashville,THP,-,-,-,-,-,-,-,-,-,-,-,Motorcyclist,-,Stewart,Not in City Limit,7
74850,400253262,0,2,36.15784,-83.42112,5,2025-05-01 06:17:00,2025,5,1,6,17,Thursday,06:17,Suspected Serious Injury,Dark-Not Lighted,Clear,Motor Vehicle-In-Transport On Same Roadway,None,MORRISTOWN POLICE DEPT,Other,Unbelted,Distracted,-,-,-,-,-,-,-,-,-,-,-,Hamblen,Morristown,5
74854,400253281,0,1,35.90284,-84.02151,1,2025-05-01 06:31:00,2025,5,1,6,31,Thursday,06:31,Suspected Serious Injury,Dawn,Cloudy,Pedestrian,None,KNOXVILLE POLICE DEPT,Other,Unbelted,-,-,-,-,-,-,Pedestrian,-,-,-,-,-,Knox,Knoxville,5
74862,400253327,0,1,36.50978,-84.96935,6,2025-04-29 11:45:00,2025,4,29,11,45,Tuesday,11:45,Suspected Serious Injury,Daylight,Clear,Guard Rail Face,None,THP District 6 - Cookeville,THP,Unbelted,-,Drinking,Drug,-,-,-,-,-,-,ATV_Involved,-,-,Fentress,Not in City Limit,3
74870,400253394,0,2,35.73424,-88.79742,8,2025-05-01 07:40:00,2025,5,1,7,40,Thursday,07:40,Suspected Serious Injury,Daylight,Cloudy,Motor Vehicle-In-Transport On Same Roadway,None,MADISON CO SHERIFFS DEPT,Other,Unbelted,-,-,-,Drowsy,-,-,-,-,-,-,-,-,Madison,Not in City Limit,5
74878,400253438,0,1,36.26722,-85.04126,6,2025-04-30 13:10:00,2025,4,30,13,10,Wednesday,13:10,Suspected Serious Injury,Daylight,Clear,Motor Vehicle-In-Transport On Same Roadway,None,THP District 6 - Cookeville,THP,Unbelted,-,-,-,-,-,-,-,-,-,-,Motorcyclist,-,Fentress,Not in City Limit,4
74880,400253460,1,0,35.99728,-86.55783,3,2025-05-01 00:00:00,2025,5,1,0,0,Thursday,00:00,Fatal,Dark-Not Lighted,Clear,Pedestrian,None,THP District 3 - Nashville,THP,-,-,-,-,-,-,-,Pedestrian,-,-,-,-,-,Rutherford,Not in City Limit,5
74883,400253479,0,1,36.23054,-88.27086,8,2025-04-27 13:27:00,2025,4,27,13,27,Sunday,13:27,Suspected Serious Injury,Daylight,Cloudy,Ditch,None,THP District 8 - Jackson,THP,Unbelted,-,-,-,-,-,-,-,-,-,-,-,-,Henry,Not in City Limit,1
74908,400253581,0,1,36.11265,-83.42663,5,2025-05-01 15:32:00,2025,5,1,15,32,Thursday,15:32,Suspected Serious Injury,Daylight,Clear,Motor Vehicle-In-Transport On Same Roadway,None,JEFFERSON CO SHERIFFS DEPT,Other,Unbelted,-,-,-,-,-,-,-,-,-,-,-,-,Jefferson,Not in City Limit,5
74912,400253604,0,3,35.13022,-84.71557,2,2025-05-01 15:20:00,2025,5,1,15,20,Thursday,15:20,Suspected Serious Injury,Daylight,Clear,Motor Vehicle-In-Transport On Same Roadway,None,THP District 2 - Chattanooga,THP,Unbelted,-,-,-,-,-,-,-,-,-,-,-,-,Polk,Not in City Limit,5
74913,400253615,0,2,35.9801,-84.18123,1,2025-05-01 15:49:00,2025,5,1,15,49,Thursday,15:49,Suspected Serious Injury,Daylight,Clear,Motor Vehicle-In-Transport On Same Roadway,None,THP District 1 - Knoxville,THP,Unbelted,-,-,-,-,-,-,-,-,-,-,-,-,Knox,Not in City Limit,5
74916,400253623,0,1,35.33891,-84.92686,2,2025-04-30 16:26:00,2025,4,30,16,26,Wednesday,16:26,Suspected Serious Injury,Daylight,Clear,Ditch,None,THP District 2 - Chattanooga,THP,Unbelted,-,-,-,-,-,-,-,-,-,-,-,-,Meigs,Not in City Limit,4
74919,400253628,0,2,35.9018,-85.96472,6,2025-04-26 23:30:00,2025,4,26,23,30,Saturday,23:30,Suspected Serious Injury,Dark-Not Lighted,Clear,Standing Tree,None,CANNON CO SHERIFFS DEPT,Other,Unbelted,-,-,-,-,-,-,-,-,-,-,-,-,Cannon,Not in City Limit,7
74921,400253639,0,1,36.18868,-82.73468,5,2025-05-01 17:20:00,2025,5,1,17,20,Thursday,17:20,Suspected Serious Injury,Daylight,Clear,Motor Vehicle-In-Transport On Same Roadway,None,THP District 5 - Fall Branch,THP,Unbelted,-,-,-,-,-,-,-,-,-,ATV_Involved,-,-,Greene,Tusculum,5
74925,400253657,0,1,35.83213,-83.61634,1,2025-04-30 16:29:00,2025,4,30,16,29,Wednesday,16:29,Suspected Serious Injury,Daylight,Clear,Other Non-Collision,None,SEVIER CO SHERIFFS OFFICE,Other,Unbelted,-,-,-,-,-,-,-,-,-,-,-,-,Sevier,Not in City Limit,4
74930,400253672,0,1,35.38451,-88.24027,8,2025-04-28 15:37:00,2025,4,28,15,37,Monday,15:37,Suspected Serious Injury,Daylight,Clear,Standing Tree,None,THP District 8 - Jackson,THP,Unbelted,-,-,-,-,-,-,-,-,-,-,-,-,Hardin,Not in City Limit,2
74931,400253674,0,4,35.98203,-88.62681,8,2025-05-01 15:53:00,2025,5,1,15,53,Thursday,15:53,Suspected Serious Injury,Daylight,Clear,Motor Vehicle-In-Transport On Same Roadway,None,THP District 8 - Jackson,THP,Unbelted,-,-,-,-,-,-,-,-,ATV_Involved,-,-,-,Carroll,Not in City Limit,5
74943,400253730,0,1,36.0948,-83.47805,5,2025-04-30 20:03:00,2025,4,30,20,3,Wednesday,20:03,Suspected Serious Injury,Dusk,Clear,Curb,None,JEFFERSON CITY POLICE DEPT,Other,Unbelted,-,-,Drug,-,-,-,-,-,-,-,-,-,Jefferson,Jefferson City,4
74957,400253783,0,1,35.91408,-85.47824,6,2025-05-01 20:15:00,2025,5,1,20,15,Thursday,20:15,Suspected Serious Injury,Dark-Not Lighted,Clear,Parked Motor Vehicle,None,THP District 6 - Cookeville,THP,Unbelted,-,-,-,-,-,-,-,-,-,-,Motorcyclist,-,White,Sparta,5
74961,400253796,0,1,36.20356,-86.73851,3,2025-05-01 21:18:00,2025,5,1,21,18,Thursday,21:18,Suspected Serious Injury,Dark-Lighted,Clear,Motor Vehicle-In-Transport On Same Roadway,None,METROPOLITAN NASHVILLE POLICE DEPT,Other,Unbelted,-,-,-,-,-,-,-,-,-,-,Motorcyclist,-,Davidson,Nashville,5
74962,400253807,1,1,36.08332,-87.40599,3,2025-05-01 22:47:00,2025,5,1,22,47,Thursday,22:47,Fatal,Dark-Lighted,Clear,Motor Vehicle-In-Transport On Same Roadway,None,DICKSON POLICE DEPT,Other,Unbelted,-,Drinking,-,-,-,-,-,-,-,-,-,-,Dickson,Dickson,5
74967,400253831,0,1,36.07161,-87.00467,3,2025-05-02 05:43:00,2025,5,2,5,43,Friday,05:43,Suspected Serious Injury,Dawn,Clear,Other Animal,None,METROPOLITAN NASHVILLE POLICE DEPT,Other,Unbelted,-,-,-,-,-,-,-,-,-,-,-,-,Davidson,Nashville,6
74973,400253861,0,1,35.32165,-88.35428,8,2025-05-02 06:26:00,2025,5,2,6,26,Friday,06:26,Suspected Serious Injury,Daylight,Cloudy,Ditch,None,THP District 8 - Jackson,THP,Unbelted,-,-,-,-,-,-,-,-,-,-,-,-,Hardin,Not in City Limit,6
74979,400253873,0,1,36.55017,-85.50531,6,2025-05-01 11:55:00,2025,5,1,11,55,Thursday,11:55,Suspected Serious Injury,Daylight,Cloudy,Motor Vehicle-In-Transport On Same Roadway,None,THP District 6 - Cookeville,THP,Unbelted,-,-,-,-,-,-,-,-,-,-,Motorcyclist,-,Clay,Celina,5
74984,400253909,0,1,36.1409,-84.10275,1,2025-04-26 19:22:00,2025,4,26,19,22,Saturday,19:22,Suspected Serious Injury,Daylight,Cloudy,Fell/Jumped From Vehicle,None,THP District 1 - Knoxville,THP,-,-,Drinking,-,-,Speeding,-,-,-,-,-,Motorcyclist,-,Anderson,Not in City Limit,7
74998,400253975,0,1,35.0243,-85.02451,2,2025-05-01 18:15:00,2025,5,1,18,15,Thursday,18:15,Suspected Serious Injury,Daylight,Cloudy,"Over Turn, Roll Over",None,HAMILTON COUNTY SHERIFF'S OFFICE,Other,-,-,-,-,-,Speeding,-,-,-,ATV_Involved,-,-,-,Hamilton,Not in City Limit,5
75011,400254024,0,1,36.14514,-83.84812,1,2025-05-02 11:51:00,2025,5,2,11,51,Friday,11:51,Suspected Serious Injury,Daylight,Clear,Ditch,None,THP District 1 - Knoxville,THP,Unbelted,-,-,-,-,Speeding,-,-,-,-,-,-,-,Knox,Not in City Limit,6
75015,400254040,0,1,35.59617,-84.22533,1,2025-05-02 13:28:00,2025,5,2,13,28,Friday,13:28,Suspected Serious Injury,Daylight,Clear,Motor Vehicle-In-Transport On Same Roadway,None,VONORE POLICE DEPT,Other,Unbelted,-,-,-,-,-,-,-,-,-,-,Motorcyclist,-,Monroe,Vonore,6
75017,400254046,0,1,35.97442,-83.97521,1,2025-05-02 11:49:00,2025,5,2,11,49,Friday,11:49,Suspected Serious Injury,Daylight,Cloudy,Motor Vehicle-In-Transport On Same Roadway,None,KNOXVILLE POLICE DEPT,Other,Unbelted,-,-,-,-,-,-,-,-,-,ATV_Involved,-,-,Knox,Knoxville,6
75022,400254054,0,1,35.74837,-89.65325,4,2025-04-26 19:57:00,2025,4,26,19,57,Saturday,19:57,Suspected Serious Injury,Dusk,Clear,Standing Tree,None,THP District 4 - Memphis,THP,Unbelted,-,Drinking,-,-,-,-,-,-,-,-,-,-,Lauderdale,Not in City Limit,7
75035,400254089,0,3,35.86878,-84.68289,1,2025-05-02 15:03:00,2025,5,2,15,3,Friday,15:03,Suspected Serious Injury,Daylight,Clear,Motor Vehicle-In-Transport On Same Roadway,None,ROCKWOOD POLICE DEPT,Other,Unbelted,-,-,-,-,-,-,-,-,-,-,-,-,Roane,Rockwood,6
75036,400254092,0,1,36.14404,-82.41995,5,2025-05-01 20:15:00,2025,5,1,20,15,Thursday,20:15,Suspected Serious Injury,Dusk,Clear,Pedestrian,None,ERWIN POLICE DEPT,Other,Unbelted,Distracted,-,-,-,-,-,Pedestrian,-,-,-,-,-,Unicoi,Erwin,5
75041,400254146,0,1,35.66646,-88.82913,8,2025-05-02 00:00:00,2025,5,2,24,0,Friday,24:00,Suspected Serious Injury,Daylight,Cloudy,Motor Vehicle-In-Transport On Same Roadway,None,JACKSON POLICE DEPT,Other,Unbelted,-,-,-,-,-,-,-,-,-,-,-,-,Madison,Jackson,6
75044,400254163,0,1,36.56381,-82.32015,5,2025-05-02 14:57:00,2025,5,2,14,57,Friday,14:57,Suspected Serious Injury,Daylight,Cloudy,Embankment Earth,None,SULLIVAN CO SHERIFFS DEPT,Other,Unbelted,-,-,-,-,Speeding,-,-,-,-,ATV_Involved,-,-,Sullivan,Not in City Limit,6
75050,400254193,1,0,36.18204,-83.34045,5,2025-05-02 15:13:00,2025,5,2,15,13,Friday,15:13,Fatal,Daylight,Clear,Standing Tree,None,THP District 5 - Fall Branch,THP,Unbelted,-,-,Drug,-,-,-,-,-,-,-,-,-,Hamblen,Not in City Limit,6
75072,400254280,0,5,36.36347,-83.72282,5,2025-05-02 16:20:00,2025,5,2,16,20,Friday,16:20,Suspected Serious Injury,Daylight,Clear,Motor Vehicle-In-Transport On Same Roadway,None,THP District 5 - Fall Branch,THP,Unbelted,-,-,-,-,-,-,-,-,-,-,-,-,Claiborne,Not in City Limit,6
75074,400254288,0,1,35.84035,-83.78962,1,2025-05-02 21:12:00,2025,5,2,21,12,Friday,21:12,Suspected Serious Injury,Dark-Not Lighted,Rain,Ditch,None,BLOUNT CO SHERIFFS DEPT,Other,Unbelted,-,Drinking,-,-,-,-,-,-,-,-,-,-,Blount,Not in City Limit,6
75081,400254357,0,1,36.12552,-86.72995,3,2025-05-03 00:51:00,2025,5,3,0,51,Saturday,00:51,Suspected Serious Injury,Dark-Lighted,Cloudy,Standing Tree,None,METROPOLITAN NASHVILLE POLICE DEPT,Other,Unbelted,Distracted,-,-,-,-,-,-,-,-,-,-,-,Davidson,Nashville,7
75090,400254387,0,3,35.99235,-86.52762,3,2025-05-03 04:13:00,2025,5,3,4,13,Saturday,04:13,Suspected Serious Injury,Dark-Lighted,Clear,Standing Tree,None,SMYRNA POLICE DEPT,Other,Unbelted,-,Drinking,-,-,-,-,-,-,-,-,-,-,Rutherford,Smyrna,7
75104,400254446,0,2,35.69124,-86.8306,7,2025-05-02 16:31:00,2025,5,2,16,31,Friday,16:31,Suspected Serious Injury,Daylight,Rain,Motor Vehicle-In-Transport On Same Roadway,None,THP District 7 - Lawrenceburg,THP,Unbelted,-,-,Drug,-,-,-,-,-,-,-,-,-,Maury,Not in City Limit,6
75153,400254682,0,1,36.19064,-88.42948,8,2025-05-03 16:45:00,2025,5,3,16,45,Saturday,16:45,Suspected Serious Injury,Daylight,Cloudy,Other Non-Collision,None,THP District 8 - Jackson,THP,-,-,-,-,-,-,-,-,-,-,-,Motorcyclist,-,Henry,Not in City Limit,7
75162,400254734,1,2,35.87053,-83.49763,1,2025-04-30 00:20:00,2025,4,30,0,20,Wednesday,00:20,Fatal,Dark-Not Lighted,Clear,Motor Vehicle-In-Transport On Same Roadway,None,THP District 1 - Knoxville,THP,Unbelted,-,Drinking,Drug,-,-,-,-,-,-,-,-,-,Sevier,Not in City Limit,4
75165,400254738,0,1,36.0629,-83.92448,1,2025-05-02 19:01:00,2025,5,2,19,1,Friday,19:01,Suspected Serious Injury,Daylight,Rain,Motor Vehicle-In-Transport On Same Roadway,None,KNOXVILLE POLICE DEPT,Other,Unbelted,-,-,-,-,-,-,-,-,-,-,-,-,Knox,Knoxville,6
75181,400254830,0,1,35.88586,-83.61608,1,2025-05-03 00:00:00,2025,5,3,24,0,Saturday,24:00,Suspected Serious Injury,Daylight,Cloudy,Embankment Earth,None,SEVIER CO SHERIFFS OFFICE,Other,Unbelted,Distracted,-,-,-,Speeding,-,-,-,-,-,-,-,Sevier,Not in City Limit,7
75187,400254858,0,1,35.92531,-83.88757,1,2025-05-04 06:32:00,2025,5,4,6,32,Sunday,06:32,Suspected Serious Injury,Daylight,Cloudy,Motor Vehicle-In-Transport On Same Roadway,None,KNOXVILLE POLICE DEPT,Other,Unbelted,-,Drinking,-,-,-,-,-,-,-,-,-,-,Knox,Knoxville,1
75189,400254867,1,0,35.55787,-87.50245,7,2025-05-03 14:55:00,2025,5,3,14,55,Saturday,14:55,Fatal,Daylight,Clear,Pedestrian,None,THP District 7 - Lawrenceburg,THP,Unbelted,-,-,Drug,-,Speeding,-,Pedestrian,-,-,-,-,-,Lewis,Not in City Limit,7
75199,400254925,0,4,35.89593,-83.58119,1,2025-05-04 10:47:00,2025,5,4,10,47,Sunday,10:47,Suspected Serious Injury,Daylight,Cloudy,Motor Vehicle-In-Transport On Same Roadway,None,SEVIERVILLE POLICE DEPT,Other,Unbelted,-,-,-,-,-,-,-,-,-,-,-,-,Sevier,Sevierville,1
75217,400254997,0,1,36.53854,-81.98512,5,2025-05-04 15:06:00,2025,5,4,15,6,Sunday,15:06,Suspected Serious Injury,Daylight,Clear,"Over Turn, Roll Over",None,THP District 5 - Fall Branch,THP,-,-,-,-,-,-,-,-,-,-,-,Motorcyclist,-,Sullivan,Bristol,1
75227,400255043,0,1,35.82521,-89.45656,4,2025-05-01 16:41:00,2025,5,1,16,41,Thursday,16:41,Suspected Serious Injury,Daylight,Clear,Motor Vehicle-In-Transport On Same Roadway,None,THP District 4 - Memphis,THP,Unbelted,-,-,-,-,-,-,-,-,-,ATV_Involved,-,-,Lauderdale,Not in City Limit,5
75228,400255044,0,1,35.66976,-88.1212,8,2025-05-04 15:51:00,2025,5,4,15,51,Sunday,15:51,Suspected Serious Injury,Daylight,Clear,Culvert,None,PARSONS POLICE DEPT,Other,Unbelted,-,-,-,-,-,-,-,-,-,-,-,-,Decatur,Parsons,1