OBJECTID,MRN,Fatality,Injury,Latitude,Longitude,THP_District,Collision_Date,Collision_Year,Collision_Month,Collision_Day,Collision_Hour,Collision_Min,Collision_DOW,Collision_Time,Crash_Type,Light_Condition,Weather,First_Harmfu_Event,Work_Zone_Type,Agency_Name,THP,Unbelted,Distracted_Driver,Driver_Drinking,Driver_Drugged,Drowsy_Driver,Speeding_Involved,Pedalcyclist,Pedestrian,Other_Nonmotorist,ATV_Involved,LargeTruck_Involved,Motorcycle_Involved,SchoolBus,County,City,DOW_Nmb
75229,400255053,0,1,35.81805,-89.09529,4,2025-05-03 21:58:00,2025,5,3,21,58,Saturday,21:58,Suspected Serious Injury,Dark-Not Lighted,Clear,Motor Vehicle-In-Transport On Same Roadway,None,THP District 4 - Memphis,THP,Unbelted,-,-,-,-,-,-,-,-,-,-,-,-,Crockett,Not in City Limit,7
75230,400255057,0,1,35.86854,-86.40923,3,2025-05-04 00:00:00,2025,5,4,24,0,Sunday,24:00,Suspected Serious Injury,Daylight,Cloudy,Utility Pole,None,MURFREESBORO POLICE DEPT,Other,Unbelted,Distracted,-,-,-,Speeding,-,-,-,-,-,-,-,Rutherford,Murfreesboro,1
75236,400255069,1,1,36.17257,-84.04901,1,2025-04-29 13:49:00,2025,4,29,13,49,Tuesday,13:49,Fatal,Daylight,Clear,Motor Vehicle-In-Transport On Same Roadway,None,THP District 1 - Knoxville,THP,Unbelted,-,Drinking,Drug,-,-,-,-,-,-,-,-,-,Anderson,Not in City Limit,3
75237,400255070,0,1,36.43471,-86.24243,6,2025-05-04 00:00:00,2025,5,4,24,0,Sunday,24:00,Suspected Serious Injury,Dark-Not Lighted,Rain,Ditch,None,HARTSVILLE-TROUSDALE SHERIFFS DEPT,Other,Unbelted,-,Drinking,-,-,-,-,-,-,-,-,-,-,Trousdale,Hartsville,1
75238,400255077,0,1,35.80585,-83.98669,1,2025-05-04 03:30:00,2025,5,4,3,30,Sunday,03:30,Suspected Serious Injury,Dark-Lighted,Clear,Motor Vehicle-In-Transport On Same Roadway,None,ALCOA POLICE DEPARTMENT,Other,Unbelted,Distracted,-,-,-,-,-,-,-,-,ATV_Involved,-,-,Blount,Alcoa,1
75250,400255134,0,3,35.81411,-86.39628,3,2025-05-04 00:00:00,2025,5,4,24,0,Sunday,24:00,Suspected Serious Injury,Daylight,Rain,Motor Vehicle-In-Transport On Same Roadway,None,MURFREESBORO POLICE DEPT,Other,Unbelted,-,-,-,-,-,-,-,-,-,-,-,-,Rutherford,Murfreesboro,1
75254,400255147,1,0,35.83692,-86.37903,3,2025-05-04 21:57:00,2025,5,4,21,57,Sunday,21:57,Fatal,Dark-Lighted,Rain,Pedal-Cycle,None,MURFREESBORO POLICE DEPT,Other,Unbelted,-,-,-,-,-,Pedalcyclist,-,-,-,-,-,-,Rutherford,Murfreesboro,1
75256,400255162,0,4,35.97983,-83.87713,1,2025-05-04 21:11:00,2025,5,4,21,11,Sunday,21:11,Suspected Serious Injury,Dark-Unknown Lighting,Clear,Motor Vehicle-In-Transport On Same Roadway,None,KNOXVILLE POLICE DEPT,Other,Unbelted,-,-,-,-,-,-,-,-,-,-,-,-,Knox,Knoxville,1
75273,400255221,0,1,35.03323,-88.22868,8,2025-05-02 12:43:00,2025,5,2,12,43,Friday,12:43,Suspected Serious Injury,Daylight,Rain,Motor Vehicle-In-Transport On Same Roadway,None,THP District 8 - Jackson,THP,Unbelted,-,-,-,-,-,-,-,-,-,-,-,-,Hardin,Not in City Limit,6
75281,400255282,0,3,35.69213,-88.53065,8,2025-05-05 07:20:00,2025,5,5,7,20,Monday,07:20,Suspected Serious Injury,Daylight,Cloudy,Motor Vehicle-In-Transport On Same Roadway,None,THP District 8 - Jackson,THP,Unbelted,Distracted,-,-,-,-,-,-,-,-,-,-,-,Henderson,Not in City Limit,2
75287,400255309,0,1,35.97505,-83.96925,1,2025-05-05 09:51:00,2025,5,5,9,51,Monday,09:51,Suspected Serious Injury,Daylight,Clear,Motor Vehicle-In-Transport On Same Roadway,None,KNOXVILLE POLICE DEPT,Other,Unbelted,-,Drinking,-,-,-,-,-,-,-,-,-,-,Knox,Knoxville,2
75289,400255338,0,1,35.40241,-84.67626,2,2025-05-05 12:32:00,2025,5,5,12,32,Monday,12:32,Suspected Serious Injury,Daylight,Cloudy,Embankment Earth,None,THP District 2 - Chattanooga,THP,Unbelted,-,-,Drug,-,-,-,-,-,-,-,-,-,McMinn,Not in City Limit,2
75301,400255394,1,1,36.1416,-86.71511,3,2025-05-03 22:37:00,2025,5,3,22,37,Saturday,22:37,Fatal,Dark-Lighted,Cloudy,Motor Vehicle-In-Transport On Same Roadway,None,METROPOLITAN NASHVILLE POLICE DEPT,Other,Unbelted,-,-,-,-,Speeding,-,-,-,-,ATV_Involved,-,-,Davidson,Nashville,7
75302,400255396,0,3,35.07656,-89.77244,4,2025-05-05 13:30:00,2025,5,5,13,30,Monday,13:30,Suspected Serious Injury,Daylight,Clear,Motor Vehicle-In-Transport On Same Roadway,None,GERMANTOWN POLICE DEPT,Other,Unbelted,-,-,-,-,-,-,-,-,-,-,-,-,Shelby,Germantown,2
75315,400255470,0,3,35.94526,-84.10954,1,2025-05-05 16:49:00,2025,5,5,16,49,Monday,16:49,Suspected Serious Injury,Daylight,Cloudy,Motor Vehicle-In-Transport On Same Roadway,None,THP District 1 - Knoxville,THP,Unbelted,-,Drinking,-,-,-,-,-,-,-,-,-,-,Knox,Not in City Limit,2
75322,400255510,0,1,36.51497,-83.61046,5,2025-05-01 21:43:00,2025,5,1,21,43,Thursday,21:43,Suspected Serious Injury,Dark-Not Lighted,Clear,Embankment Earth,None,THP District 5 - Fall Branch,THP,Unbelted,-,-,Drug,-,-,-,-,-,-,-,-,-,Claiborne,Speedwell,5
75323,400255525,1,0,36.47478,-82.54338,5,2025-05-05 19:00:00,2025,5,5,19,0,Monday,19:00,Fatal,Daylight,Clear,Motor Vehicle-In-Transport On Same Roadway,None,THP District 5 - Fall Branch,THP,Unbelted,-,Drinking,Drug,-,-,-,-,-,-,ATV_Involved,Motorcyclist,-,Sullivan,Kingsport,2
75334,400255557,1,1,36.36846,-86.96696,3,2025-05-02 00:51:00,2025,5,2,0,51,Friday,00:51,Fatal,Dark-Not Lighted,Clear,Motor Vehicle-In-Transport On Same Roadway,Maintenance Zone,THP District 3 - Nashville,THP,Unbelted,-,-,-,-,-,-,-,-,-,-,-,-,Cheatham,Not in City Limit,6
75343,400255590,1,1,36.05391,-83.82545,1,2025-05-05 22:18:00,2025,5,5,22,18,Monday,22:18,Fatal,Dark-Not Lighted,Clear,Motor Vehicle-In-Transport On Same Roadway,None,KNOX CO SHERIFFS OFFICE,Other,Unbelted,-,Drinking,Drug,-,Speeding,-,-,-,-,-,-,-,Knox,Not in City Limit,2
75350,400255620,0,1,35.79261,-85.84838,6,2025-05-05 12:29:00,2025,5,5,12,29,Monday,12:29,Suspected Serious Injury,Daylight,Cloudy,Other Animal,None,WARREN CO SHERIFFS DEPT,Other,-,-,-,-,-,-,-,-,-,-,-,Motorcyclist,-,Warren,Not in City Limit,2
75352,400255633,1,0,36.18821,-86.40556,3,2025-04-28 16:30:00,2025,4,28,16,30,Monday,16:30,Fatal,Daylight,Clear,Culvert,None,LEBANON POLICE DEPT,Other,Unbelted,-,-,-,-,-,-,-,-,-,ATV_Involved,Motorcyclist,-,Wilson,Lebanon,2
75364,400255698,0,2,35.97266,-88.68002,8,2025-05-06 07:30:00,2025,5,6,7,30,Tuesday,07:30,Suspected Serious Injury,Daylight,Clear,Motor Vehicle-In-Transport On Same Roadway,None,THP District 8 - Jackson,THP,Unbelted,-,-,-,Drowsy,-,-,-,-,-,-,-,-,Carroll,Atwood,3
75374,400255765,0,1,36.45114,-83.56966,5,2025-05-06 05:44:00,2025,5,6,5,44,Tuesday,05:44,Suspected Serious Injury,Dark-Lighted,Rain,Motor Vehicle-In-Transport On Same Roadway,None,TAZEWELL POLICE DEPT,Other,Unbelted,-,-,-,-,-,-,-,-,-,-,-,-,Claiborne,Tazewell,3
75375,400255768,0,1,35.82991,-88.94512,8,2025-03-08 13:55:00,2025,3,8,13,55,Saturday,13:55,Suspected Serious Injury,Daylight,Clear,Injured In Vehicle,None,HUMBOLDT POLICE DEPT,Other,Unbelted,-,-,-,-,-,-,-,-,-,-,-,-,Gibson,Humboldt,7
75379,400255799,0,1,36.53449,-82.31954,5,2025-05-06 07:20:00,2025,5,6,7,20,Tuesday,07:20,Suspected Serious Injury,Daylight,Cloudy,Concrete Traffic Barrier,Construction Zone,SULLIVAN CO SHERIFFS DEPT,Other,Unbelted,Distracted,-,-,-,Speeding,-,-,-,-,-,-,-,Sullivan,Not in City Limit,3
75381,400255811,0,1,36.14321,-86.76082,3,2025-05-06 13:22:00,2025,5,6,13,22,Tuesday,13:22,Suspected Serious Injury,Daylight,Clear,Motor Vehicle-In-Transport On Same Roadway,None,METROPOLITAN NASHVILLE POLICE DEPT,Other,Unbelted,-,-,-,-,-,-,-,-,-,-,Motorcyclist,-,Davidson,Nashville,3
75382,400255815,0,1,35.90353,-86.44941,3,2025-04-28 14:22:00,2025,4,28,14,22,Monday,14:22,Suspected Serious Injury,Daylight,Clear,Guard Rail End,None,MURFREESBORO POLICE DEPT,Other,Unbelted,-,Drinking,Drug,-,Speeding,-,-,-,-,-,-,-,Rutherford,Murfreesboro,2
75387,400255840,0,1,35.97764,-86.52616,3,2025-05-02 22:58:00,2025,5,2,22,58,Friday,22:58,Suspected Serious Injury,Dark-Lighted,Clear,Ditch,None,SMYRNA POLICE DEPT,Other,Unbelted,Distracted,Drinking,-,-,-,-,-,-,-,-,-,-,Rutherford,Smyrna,6
75388,400255844,0,2,35.55006,-84.5153,2,2025-05-06 15:47:00,2025,5,6,15,47,Tuesday,15:47,Suspected Serious Injury,Daylight,Clear,Motor Vehicle-In-Transport On Same Roadway,None,THP District 2 - Chattanooga,THP,Unbelted,-,-,-,-,-,-,-,-,-,-,Motorcyclist,-,McMinn,Niota,3
75412,400255965,0,3,36.02376,-86.54244,3,2025-05-03 15:40:00,2025,5,3,15,40,Saturday,15:40,Suspected Serious Injury,Daylight,Clear,Motor Vehicle-In-Transport On Same Roadway,None,LAVERGNE POLICE DEPT,Other,Unbelted,-,Drinking,-,-,Speeding,-,-,-,-,-,-,-,Rutherford,Lavergne,7
75418,400256008,0,3,36.4414,-86.89815,3,2025-05-05 17:28:00,2025,5,5,17,28,Monday,17:28,Suspected Serious Injury,Daylight,Cloudy,Motor Vehicle-In-Transport On Same Roadway,None,THP District 3 - Nashville,THP,Unbelted,-,-,-,-,-,-,-,-,-,-,-,-,Robertson,Springfield,2
75424,400256020,0,4,36.12099,-83.85344,1,2025-05-06 20:46:00,2025,5,6,20,46,Tuesday,20:46,Suspected Serious Injury,Dark-Lighted,Clear,Motor Vehicle-In-Transport On Same Roadway,None,KNOX CO SHERIFFS OFFICE,Other,Unbelted,-,-,-,-,-,-,-,-,-,-,-,-,Knox,Not in City Limit,3
75464,400256333,0,1,36.47196,-84.54361,1,2025-05-07 13:41:00,2025,5,7,13,41,Wednesday,13:41,Suspected Serious Injury,Daylight,Cloudy,Motor Vehicle-In-Transport On Same Roadway,None,SCOTT CO SHERIFFS DEPT,Other,Unbelted,-,-,-,-,-,-,-,-,-,-,Motorcyclist,-,Scott,Oneida,4
75472,400256360,0,1,36.07694,-88.46828,8,2025-05-07 16:38:00,2025,5,7,16,38,Wednesday,16:38,Suspected Serious Injury,Daylight,Cloudy,Motor Vehicle-In-Transport On Same Roadway,None,THP District 8 - Jackson,THP,Unbelted,-,-,Drug,-,-,-,-,-,-,ATV_Involved,-,-,Carroll,Not in City Limit,4
75474,400256374,1,3,36.17041,-85.60274,6,2025-05-07 16:48:00,2025,5,7,16,48,Wednesday,16:48,Fatal,Daylight,Clear,Motor Vehicle-In-Transport On Same Roadway,None,THP District 6 - Cookeville,THP,Unbelted,-,-,Drug,-,-,-,-,-,-,-,-,-,Putnam,Not in City Limit,4
75481,400256400,0,1,36.44214,-86.93786,3,2025-05-06 15:06:00,2025,5,6,15,6,Tuesday,15:06,Suspected Serious Injury,Daylight,Clear,Motor Vehicle-In-Transport On Same Roadway,None,THP District 3 - Nashville,THP,Unbelted,-,-,-,Drowsy,-,-,-,-,-,-,-,-,Robertson,Coopertown,3
75486,400256434,0,1,36.33942,-82.20675,5,2025-05-07 20:35:00,2025,5,7,20,35,Wednesday,20:35,Suspected Serious Injury,Dark-Lighted,Cloudy,Motor Vehicle-In-Transport On Same Roadway,None,ELIZABETHTON POLICE DEPT,Other,Unbelted,-,-,-,-,-,-,-,-,-,-,Motorcyclist,-,Carter,Elizabethton,4
75488,400256443,0,1,36.06739,-86.68804,3,2025-05-07 22:20:00,2025,5,7,22,20,Wednesday,22:20,Suspected Serious Injury,Dark-Lighted,Rain,Other Fixed Object,None,METROPOLITAN NASHVILLE POLICE DEPT,Other,Unbelted,-,-,-,-,Speeding,-,-,-,-,-,-,-,Davidson,Nashville,4
75489,400256448,0,1,35.84428,-84.70327,1,2025-05-03 23:07:00,2025,5,3,23,7,Saturday,23:07,Suspected Serious Injury,Dark-Not Lighted,Clear,Embankment Earth,None,THP District 1 - Knoxville,THP,Unbelted,-,Drinking,-,-,-,-,-,-,-,-,-,-,Roane,Not in City Limit,7
75495,400256479,0,5,35.49618,-86.15908,2,2025-05-06 00:00:00,2025,5,6,24,0,Tuesday,24:00,Suspected Serious Injury,Daylight,Clear,Motor Vehicle-In-Transport On Same Roadway,None,COFFEE CO SHERIFFS DEPT,Other,Unbelted,-,Drinking,-,-,Speeding,-,-,-,-,-,-,-,Coffee,Not in City Limit,3
75496,400256484,0,1,36.02198,-83.85968,1,2025-05-08 01:48:00,2025,5,8,1,48,Thursday,01:48,Suspected Serious Injury,Dark-Not Lighted,Clear,Unknown,None,KNOXVILLE POLICE DEPT,Other,-,-,-,-,-,-,-,Pedestrian,-,-,-,-,-,Knox,Knoxville,5
75498,400256488,1,1,35.55474,-84.51172,2,2025-05-08 00:16:00,2025,5,8,0,16,Thursday,00:16,Fatal,Dark-Not Lighted,Cloudy,Standing Tree,None,THP District 2 - Chattanooga,THP,Unbelted,-,-,Drug,-,-,-,-,-,-,-,-,-,McMinn,Not in City Limit,5
75501,400256518,0,2,35.25528,-89.87543,4,2025-05-07 11:50:00,2025,5,7,11,50,Wednesday,11:50,Suspected Serious Injury,Daylight,Clear,Motor Vehicle-In-Transport On Same Roadway,None,THP District 4 - Memphis,THP,Unbelted,-,-,-,-,-,-,-,-,-,-,-,-,Shelby,Not in City Limit,4
75522,400256664,0,1,36.11347,-86.92279,3,2025-05-08 05:07:00,2025,5,8,5,7,Thursday,05:07,Suspected Serious Injury,Dawn,Clear,Pedal-Cycle,None,METROPOLITAN NASHVILLE POLICE DEPT,Other,Unbelted,Distracted,-,-,-,-,Pedalcyclist,-,-,-,-,-,-,Davidson,Nashville,5
75524,400256670,0,1,35.39612,-89.13882,4,2025-05-08 12:22:00,2025,5,8,12,22,Thursday,12:22,Suspected Serious Injury,Daylight,Clear,Standing Tree,None,THP District 4 - Memphis,THP,Unbelted,-,-,-,-,-,-,-,-,-,-,-,-,Hardeman,Not in City Limit,5
75527,400256683,0,3,36.18,-85.996,6,2025-05-08 11:43:00,2025,5,8,11,43,Thursday,11:43,Suspected Serious Injury,Daylight,Clear,Motor Vehicle-In-Transport On Same Roadway,None,THP District 6 - Cookeville,THP,Unbelted,-,-,-,-,-,-,-,-,-,ATV_Involved,-,-,Smith,Not in City Limit,5
75538,400256742,1,1,35.80599,-86.3985,3,2025-05-05 12:14:00,2025,5,5,12,14,Monday,12:14,Fatal,Daylight,Clear,Motor Vehicle-In-Transport On Same Roadway,None,MURFREESBORO POLICE DEPT,Other,Unbelted,-,Drinking,Drug,-,-,-,-,-,-,-,-,-,Rutherford,Murfreesboro,2
75544,400256778,1,0,36.07642,-86.68178,3,2025-05-07 17:34:00,2025,5,7,17,34,Wednesday,17:34,Fatal,Daylight,Cloudy,Pedestrian,None,METROPOLITAN NASHVILLE POLICE DEPT,Other,Unbelted,-,-,-,-,Speeding,Pedalcyclist,-,-,-,-,-,-,Davidson,Nashville,4
75545,400256783,2,0,35.71325,-86.69777,3,2025-05-07 16:40:00,2025,5,7,16,40,Wednesday,16:40,Fatal,Daylight,Clear,Motor Vehicle-In-Transport On Same Roadway,None,THP District 3 - Nashville,THP,Unbelted,Distracted,-,-,-,-,-,-,-,-,ATV_Involved,-,-,Williamson,Not in City Limit,4
75561,400256843,0,1,35.96728,-86.4491,3,2025-05-08 17:42:00,2025,5,8,17,42,Thursday,17:42,Suspected Serious Injury,Daylight,Rain,"Over Turn, Roll Over",None,THP District 3 - Nashville,THP,Unbelted,-,-,-,-,-,-,-,-,-,-,-,-,Rutherford,Not in City Limit,5
75575,400256904,0,1,35.40999,-87.96399,7,2025-05-08 19:15:00,2025,5,8,19,15,Thursday,19:15,Suspected Serious Injury,Dark-Lighted,Clear,Embankment Earth,None,THP District 7 - Lawrenceburg,THP,-,-,-,-,-,-,-,-,-,-,-,Motorcyclist,-,Wayne,Not in City Limit,5
75578,400256914,0,1,35.78228,-83.55015,1,2025-05-08 17:58:00,2025,5,8,17,58,Thursday,17:58,Suspected Serious Injury,Daylight,Cloudy,Curb,None,PIGEON FORGE POLICE DEPT,Other,-,-,-,-,-,-,-,-,-,-,-,Motorcyclist,-,Sevier,Pigeon Forge,5
75583,400256933,0,3,36.15652,-86.82544,3,2025-05-08 21:30:00,2025,5,8,21,30,Thursday,21:30,Suspected Serious Injury,Dark-Lighted,Clear,Motor Vehicle-In-Transport On Same Roadway,Construction Zone,METROPOLITAN NASHVILLE POLICE DEPT,Other,Unbelted,-,-,-,-,-,-,-,-,-,-,-,-,Davidson,Nashville,5
75588,400256950,0,2,36.02403,-83.40395,5,2025-05-08 18:14:00,2025,5,8,18,14,Thursday,18:14,Suspected Serious Injury,Daylight,Cloudy,Motor Vehicle-In-Transport On Same Roadway,None,DANDRIDGE POLICE DEPT,Other,Unbelted,-,-,-,-,-,-,-,-,-,-,Motorcyclist,-,Jefferson,Dandridge,5
75589,400256956,1,1,35.61955,-88.14368,8,2025-05-08 01:47:00,2025,5,8,1,47,Thursday,01:47,Fatal,Dark-Not Lighted,Clear,Standing Tree,None,THP District 8 - Jackson,THP,Unbelted,-,Drinking,Drug,-,-,-,-,-,-,-,-,-,Decatur,Not in City Limit,5
75611,400257074,0,2,36.18129,-83.38265,5,2025-05-09 10:05:00,2025,5,9,10,5,Friday,10:05,Suspected Serious Injury,Daylight,Clear,Motor Vehicle-In-Transport On Same Roadway,None,MORRISTOWN POLICE DEPT,Other,Unbelted,-,-,-,-,-,-,-,-,-,-,-,-,Hamblen,Morristown,6
75612,400257082,0,3,36.4404,-86.82738,3,2025-05-09 06:33:00,2025,5,9,6,33,Friday,06:33,Suspected Serious Injury,Daylight,Cloudy,Motor Vehicle-In-Transport On Same Roadway,None,THP District 3 - Nashville,THP,Unbelted,-,-,-,-,-,-,-,-,-,-,-,Direct,Robertson,Not in City Limit,6
75614,400257093,0,3,35.5271,-84.98181,2,2025-05-09 11:07:00,2025,5,9,11,7,Friday,11:07,Suspected Serious Injury,Daylight,Clear,Motor Vehicle-In-Transport On Same Roadway,None,DAYTON POLICE DEPT,Other,Unbelted,-,-,-,-,-,-,-,-,-,-,Motorcyclist,-,Rhea,Dayton,6
75615,400257094,0,2,36.44246,-82.55165,5,2025-05-09 07:17:00,2025,5,9,7,17,Friday,07:17,Suspected Serious Injury,Daylight,Cloudy,"Over Turn, Roll Over",None,THP District 5 - Fall Branch,THP,Unbelted,-,-,-,-,-,-,-,-,-,-,-,-,Sullivan,Kingsport,6
75626,400257141,0,1,36.275,-87.191,3,2025-05-09 11:59:00,2025,5,9,11,59,Friday,11:59,Suspected Serious Injury,Daylight,Cloudy,Embankment Earth,None,THP District 3 - Nashville,THP,Unbelted,-,-,-,-,-,-,-,-,-,-,-,-,Dickson,Not in City Limit,6
75641,400257187,0,1,36.3374,-82.82745,5,2025-05-09 15:56:00,2025,5,9,15,56,Friday,15:56,Suspected Serious Injury,Daylight,Clear,Motor Vehicle-In-Transport On Same Roadway,None,THP District 5 - Fall Branch,THP,Unbelted,-,-,-,-,Speeding,-,-,-,-,-,Motorcyclist,-,Greene,Baileyton,6
75642,400257195,0,1,35.91088,-88.754,8,2025-05-09 14:00:00,2025,5,9,14,0,Friday,14:00,Suspected Serious Injury,Daylight,Clear,Pedal-Cycle,None,MILAN POLICE DEPT,Other,Unbelted,-,-,-,-,-,Pedalcyclist,-,-,-,-,-,-,Gibson,Milan,6
75649,400257213,0,1,36.23314,-89.4238,8,2025-05-08 16:08:00,2025,5,8,16,8,Thursday,16:08,Suspected Serious Injury,Daylight,Clear,Ditch,None,THP District 8 - Jackson,THP,Unbelted,-,Drinking,Drug,-,-,-,-,-,-,-,-,-,Obion,Not in City Limit,5
75658,400257295,0,3,35.19159,-89.97634,4,2025-05-09 15:25:00,2025,5,9,15,25,Friday,15:25,Suspected Serious Injury,Daylight,Clear,Parked Motor Vehicle,None,THP District 4 - Memphis,THP,Unbelted,Distracted,-,-,-,-,-,-,-,-,ATV_Involved,-,-,Shelby,Memphis,6
75659,400257302,0,1,35.91846,-84.70466,6,2025-05-09 17:45:00,2025,5,9,17,45,Friday,17:45,Suspected Serious Injury,Daylight,Clear,Culvert,None,THP District 6 - Cookeville,THP,Unbelted,-,-,-,Drowsy,-,-,-,-,-,-,-,-,Cumberland,Not in City Limit,6
75660,400257303,0,1,36.26488,-86.83079,3,2025-05-09 15:54:00,2025,5,9,15,54,Friday,15:54,Suspected Serious Injury,Daylight,Clear,Building,None,METROPOLITAN NASHVILLE POLICE DEPT,Other,Unbelted,-,-,-,-,-,-,-,-,-,-,-,-,Davidson,Nashville,6
75663,400257318,0,5,35.71378,-83.65402,1,2025-05-09 20:13:00,2025,5,9,20,13,Friday,20:13,Suspected Serious Injury,Daylight,Clear,Motor Vehicle-In-Transport On Same Roadway,None,SEVIER CO SHERIFFS OFFICE,Other,Unbelted,-,-,-,-,-,-,-,-,-,-,-,-,Sevier,Not in City Limit,6
75664,400257322,1,1,35.93103,-84.14246,1,2025-05-09 14:57:00,2025,5,9,14,57,Friday,14:57,Fatal,Daylight,Clear,Motor Vehicle-In-Transport On Same Roadway,None,KNOX CO SHERIFFS OFFICE,Other,Unbelted,Distracted,-,-,-,Speeding,-,-,-,-,-,-,-,Knox,Not in City Limit,6
75665,400257324,0,1,35.85468,-86.82556,3,2025-05-09 17:03:00,2025,5,9,17,3,Friday,17:03,Suspected Serious Injury,Daylight,Clear,Ditch,None,FRANKLIN POLICE DEPT,Other,Unbelted,Distracted,-,-,-,-,-,-,-,-,-,-,-,Williamson,Franklin,6
75669,400257340,0,1,36.10838,-84.02264,1,2025-05-09 21:33:00,2025,5,9,21,33,Friday,21:33,Suspected Serious Injury,Dark-Not Lighted,Cloudy,Motor Vehicle-In-Transport On Same Roadway,None,THP District 1 - Knoxville,THP,Unbelted,-,Drinking,Drug,-,-,-,-,-,-,-,Motorcyclist,-,Knox,Not in City Limit,6
75676,400257366,0,4,36.60847,-86.12404,6,2025-05-09 18:18:00,2025,5,9,18,18,Friday,18:18,Suspected Serious Injury,Daylight,Clear,Standing Tree,None,THP District 6 - Cookeville,THP,Unbelted,-,-,-,-,-,-,-,-,-,-,-,-,Macon,Not in City Limit,6
75677,400257367,0,4,36.09429,-89.38288,8,2025-05-09 20:55:00,2025,5,9,20,55,Friday,20:55,Suspected Serious Injury,Dark-Not Lighted,Clear,Motor Vehicle-In-Transport On Same Roadway,None,THP District 8 - Jackson,THP,Unbelted,Distracted,-,-,-,Speeding,-,-,-,-,-,-,-,Dyer,Not in City Limit,6
75680,400257380,0,1,36.33848,-86.71779,3,2025-05-09 21:30:00,2025,5,9,21,30,Friday,21:30,Suspected Serious Injury,Dark-Lighted,Clear,Motor Vehicle-In-Transport On Same Roadway,None,GOODLETTSVILLE POLICE DEPT,Other,Unbelted,-,-,-,-,-,-,-,-,-,-,Motorcyclist,-,Davidson,Goodlettsville,6
75681,400257382,1,0,35.93126,-88.77574,8,2025-05-09 20:54:00,2025,5,9,20,54,Friday,20:54,Fatal,Dark-Lighted,Clear,Pedestrian,None,MILAN POLICE DEPT,Other,Unbelted,-,-,-,-,-,-,Pedestrian,-,-,-,-,-,Gibson,Milan,6
75684,400257403,0,1,36.31188,-83.23478,5,2025-05-09 19:18:00,2025,5,9,19,18,Friday,19:18,Suspected Serious Injury,Daylight,Clear,Motor Vehicle-In-Transport On Same Roadway,None,THP District 5 - Fall Branch,THP,Unbelted,-,-,-,-,Speeding,-,-,-,-,-,-,-,Hawkins,Not in City Limit,6
75686,400257406,0,1,35.22481,-88.26296,8,2025-05-06 01:15:00,2025,5,6,1,15,Tuesday,01:15,Suspected Serious Injury,Dark-Not Lighted,Clear,Motor Vehicle-In-Transport On Same Roadway,None,THP District 8 - Jackson,THP,Unbelted,Distracted,-,Drug,-,-,-,-,-,-,-,-,-,Hardin,Not in City Limit,3
75689,400257409,0,1,35.35198,-86.34261,7,2025-05-09 22:55:00,2025,5,9,22,55,Friday,22:55,Suspected Serious Injury,Dark-Not Lighted,Clear,Other Non-Collision,None,THP District 7 - Lawrenceburg,THP,-,-,-,-,-,-,-,-,-,-,-,Motorcyclist,-,Moore,Not in City Limit,6
75690,400257411,0,1,36.03161,-89.35619,8,2025-05-09 23:45:00,2025,5,9,23,45,Friday,23:45,Suspected Serious Injury,Dark-Lighted,Clear,Utility Pole,None,DYERSBURG POLICE DEPT,Other,Unbelted,-,-,-,Drowsy,-,-,-,-,-,-,-,-,Dyer,Dyersburg,6
75691,400257415,0,1,36.25405,-87.07092,3,2025-05-10 00:07:00,2025,5,10,0,7,Saturday,00:07,Suspected Serious Injury,Dark-Not Lighted,Fog,Embankment Earth,None,THP District 3 - Nashville,THP,Unbelted,-,Drinking,-,-,-,-,-,-,-,-,-,-,Cheatham,Not in City Limit,7
75693,400257417,0,1,36.14853,-86.62567,3,2025-05-09 16:25:00,2025,5,9,16,25,Friday,16:25,Suspected Serious Injury,Daylight,Clear,Motor Vehicle-In-Transport On Same Roadway,None,METROPOLITAN NASHVILLE POLICE DEPT,Other,Unbelted,-,-,-,-,-,-,-,-,-,-,-,-,Davidson,Nashville,6
75695,400257426,0,1,35.20949,-85.36217,2,2025-05-10 00:54:00,2025,5,10,0,54,Saturday,00:54,Suspected Serious Injury,Dark-Not Lighted,Clear,Ditch,None,THP District 2 - Chattanooga,THP,Unbelted,-,Drinking,-,-,-,-,-,-,-,-,-,-,Sequatchie,Not in City Limit,7
75696,400257428,0,1,35.9661,-86.80652,3,2025-05-10 00:00:00,2025,5,10,24,0,Saturday,24:00,Suspected Serious Injury,Dark-Lighted,Clear,Guard Rail End,None,BRENTWOOD POLICE DEPT,Other,Unbelted,-,-,-,-,-,-,-,-,-,-,-,-,Williamson,Brentwood,7
75699,400257440,0,2,36.33948,-82.20653,5,2025-05-09 15:44:00,2025,5,9,15,44,Friday,15:44,Suspected Serious Injury,Daylight,Clear,Motor Vehicle-In-Transport On Same Roadway,None,ELIZABETHTON POLICE DEPT,Other,Unbelted,-,-,-,-,-,-,-,-,-,-,-,-,Carter,Elizabethton,6
75701,400257444,0,1,36.08606,-88.34651,8,2025-05-10 01:21:00,2025,5,10,1,21,Saturday,01:21,Suspected Serious Injury,Dark-Not Lighted,Clear,"Over Turn, Roll Over",None,THP District 8 - Jackson,THP,Unbelted,-,Drinking,Drug,-,Speeding,-,-,-,-,-,-,-,Carroll,Not in City Limit,7