OBJECTID,MRN,Fatality,Injury,Latitude,Longitude,THP_District,Collision_Date,Collision_Year,Collision_Month,Collision_Day,Collision_Hour,Collision_Min,Collision_DOW,Collision_Time,Crash_Type,Light_Condition,Weather,First_Harmfu_Event,Work_Zone_Type,Agency_Name,THP,Unbelted,Distracted_Driver,Driver_Drinking,Driver_Drugged,Drowsy_Driver,Speeding_Involved,Pedalcyclist,Pedestrian,Other_Nonmotorist,ATV_Involved,LargeTruck_Involved,Motorcycle_Involved,SchoolBus,County,City,DOW_Nmb
75706,400257481,0,1,36.25953,-86.71343,3,2025-05-10 07:05:00,2025,5,10,7,5,Saturday,07:05,Suspected Serious Injury,Daylight,Clear,Motor Vehicle-In-Transport On Same Roadway,None,METROPOLITAN NASHVILLE POLICE DEPT,Other,Unbelted,-,-,-,-,-,-,-,-,-,-,Motorcyclist,-,Davidson,Madison,7
75714,400257515,1,0,35.98753,-83.92117,1,2025-05-10 08:35:00,2025,5,10,8,35,Saturday,08:35,Fatal,Daylight,Cloudy,Curb,None,KNOXVILLE POLICE DEPT,Other,Unbelted,-,-,-,-,-,-,-,-,-,-,-,-,Knox,Knoxville,7
75720,400257556,0,1,35.90948,-83.18574,5,2025-05-10 00:19:00,2025,5,10,0,19,Saturday,00:19,Suspected Serious Injury,Dark-Not Lighted,Clear,Guard Rail Face,None,THP District 1 - Knoxville,THP,Unbelted,-,-,Drug,-,-,-,-,-,-,-,-,-,Cocke,Not in City Limit,7
75722,400257568,0,1,36.56649,-83.93286,5,2025-05-10 11:02:00,2025,5,10,11,2,Saturday,11:02,Suspected Serious Injury,Daylight,Clear,Building,None,CLAIBORNE CO SHERIFFS OFFICE,Other,Unbelted,-,-,-,-,-,-,-,-,-,-,-,-,Claiborne,Not in City Limit,7
75725,400257594,0,3,34.996,-85.25323,2,2025-05-10 14:45:00,2025,5,10,14,45,Saturday,14:45,Suspected Serious Injury,Daylight,Rain,Motor Vehicle-In-Transport On Same Roadway,None,EAST RIDGE POLICE DEPT,Other,Unbelted,-,-,-,-,-,-,-,-,-,-,-,-,Hamilton,East Ridge,7
75728,400257615,0,1,36.1609,-85.51042,6,2025-05-10 13:43:00,2025,5,10,13,43,Saturday,13:43,Suspected Serious Injury,Daylight,Clear,Motor Vehicle-In-Transport On Same Roadway,None,COOKEVILLE POLICE DEPT,Other,Unbelted,-,-,-,-,-,-,-,-,-,-,-,-,Putnam,Cookeville,7
75742,400257706,0,4,35.06461,-87.44271,7,2025-05-10 01:27:00,2025,5,10,1,27,Saturday,01:27,Suspected Serious Injury,Dark-Not Lighted,Clear,Ditch,None,THP District 7 - Lawrenceburg,THP,-,-,Drinking,-,-,-,-,-,-,-,-,-,-,Lawrence,Not in City Limit,7
75745,400257719,0,1,35.26825,-84.86272,2,2025-05-08 17:33:00,2025,5,8,17,33,Thursday,17:33,Suspected Serious Injury,Daylight,Clear,"Over Turn, Roll Over",None,THP District 2 - Chattanooga,THP,Unbelted,-,-,-,-,-,-,-,-,-,ATV_Involved,-,-,Bradley,Not in City Limit,5
75747,400257726,0,2,35.03251,-84.73254,2,2025-05-10 18:27:00,2025,5,10,18,27,Saturday,18:27,Suspected Serious Injury,Daylight,Rain,Motor Vehicle-In-Transport On Same Roadway,None,THP District 2 - Chattanooga,THP,Unbelted,-,-,-,-,-,-,-,-,-,-,-,-,Polk,Not in City Limit,7
75748,400257729,0,1,36.23065,-86.77508,3,2025-05-10 20:00:00,2025,5,10,20,0,Saturday,20:00,Suspected Serious Injury,Dark-Lighted,Cloudy,Motor Vehicle-In-Transport On Same Roadway,None,METROPOLITAN NASHVILLE POLICE DEPT,Other,Unbelted,Distracted,-,-,-,-,-,-,-,-,-,Motorcyclist,-,Davidson,Nashville,7
75767,400257810,0,2,35.82187,-86.85327,3,2025-05-11 01:48:00,2025,5,11,1,48,Sunday,01:48,Suspected Serious Injury,Dark-Lighted,Clear,Overhead Sign Support,None,THP District 3 - Nashville,THP,Unbelted,-,Drinking,Drug,-,Speeding,-,-,-,-,-,-,-,Williamson,Not in City Limit,1
75776,400257860,0,1,36.20107,-86.08095,6,2025-05-11 03:50:00,2025,5,11,3,50,Sunday,03:50,Suspected Serious Injury,Dark-Not Lighted,Clear,Standing Tree,None,THP District 6 - Cookeville,THP,Unbelted,-,-,-,Drowsy,-,-,-,-,-,-,-,-,Smith,Not in City Limit,1
75795,400258010,0,1,35.45357,-86.03715,2,2025-05-11 11:15:00,2025,5,11,11,15,Sunday,11:15,Suspected Serious Injury,Daylight,Clear,Standing Tree,None,MANCHESTER POLICE DEPT,Other,Unbelted,-,-,-,-,-,-,-,-,-,-,-,-,Coffee,Manchester,1
75800,400258026,0,1,36.06455,-89.39413,8,2025-05-11 13:57:00,2025,5,11,13,57,Sunday,13:57,Suspected Serious Injury,Daylight,Clear,Motor Vehicle-In-Transport On Same Roadway,None,DYERSBURG POLICE DEPT,Other,Unbelted,-,-,-,-,-,-,-,-,-,-,Motorcyclist,-,Dyer,Dyersburg,1
75803,400258039,1,4,35.1736,-87.34541,7,2025-05-11 15:24:00,2025,5,11,15,24,Sunday,15:24,Fatal,Daylight,Cloudy,Motor Vehicle-In-Transport On Same Roadway,None,THP District 7 - Lawrenceburg,THP,Unbelted,-,-,Drug,-,-,-,-,-,-,-,-,-,Lawrence,Not in City Limit,1
75804,400258040,0,2,36.28413,-88.32791,8,2025-05-10 23:20:00,2025,5,10,23,20,Saturday,23:20,Suspected Serious Injury,Dark-Lighted,Clear,Ditch,None,THP District 8 - Jackson,THP,Unbelted,-,Drinking,Drug,-,-,-,-,-,-,-,-,-,Henry,Paris,7
75815,400258086,0,2,35.63686,-89.60942,4,2025-05-03 12:41:00,2025,5,3,12,41,Saturday,12:41,Suspected Serious Injury,Daylight,Clear,Bridge Rail,None,THP District 4 - Memphis,THP,Unbelted,-,-,-,-,-,-,-,-,-,-,-,-,Tipton,Not in City Limit,7
75817,400258092,1,0,35.0547,-85.71271,2,2025-05-10 23:16:00,2025,5,10,23,16,Saturday,23:16,Fatal,Dark-Not Lighted,Rain,Culvert,None,THP District 2 - Chattanooga,THP,Unbelted,-,-,Drug,-,-,-,-,-,-,-,-,-,Marion,Kimball,7
75820,400258105,0,1,35.24868,-86.96249,7,2025-05-11 04:05:00,2025,5,11,4,5,Sunday,04:05,Suspected Serious Injury,Dark-Not Lighted,Cloudy,Standing Tree,None,THP District 7 - Lawrenceburg,THP,Unbelted,-,-,-,-,-,-,-,-,-,-,-,-,Giles,Not in City Limit,1
75827,400258135,0,2,35.68133,-88.85535,8,2025-05-11 19:55:00,2025,5,11,19,55,Sunday,19:55,Suspected Serious Injury,Dusk,Cloudy,Motor Vehicle-In-Transport On Same Roadway,None,JACKSON POLICE DEPT,Other,Unbelted,-,-,-,-,-,-,-,-,-,-,-,-,Madison,Jackson,1
75829,400258137,0,2,36.33513,-86.47447,3,2025-05-11 17:49:00,2025,5,11,17,49,Sunday,17:49,Suspected Serious Injury,Daylight,Clear,Motor Vehicle-In-Transport On Same Roadway,None,GALLATIN POLICE DEPT,Other,-,-,-,-,-,Speeding,-,-,-,-,-,Motorcyclist,-,Sumner,Gallatin,1
75858,400258293,0,1,36.21169,-85.01709,6,2025-05-12 07:30:00,2025,5,12,7,30,Monday,07:30,Suspected Serious Injury,Daylight,Rain,Standing Tree,None,THP District 6 - Cookeville,THP,Unbelted,-,-,-,-,-,-,-,-,-,-,-,-,Fentress,Not in City Limit,2
75861,400258301,1,0,35.77246,-83.61966,1,2025-05-09 20:28:00,2025,5,9,20,28,Friday,20:28,Fatal,Dusk,Clear,Guard Rail Face,None,THP District 1 - Knoxville,THP,-,-,Drinking,Drug,-,-,-,-,-,-,-,Motorcyclist,-,Sevier,Not in City Limit,6
75881,400258435,1,1,35.67356,-85.18687,2,2025-05-11 17:52:00,2025,5,11,17,52,Sunday,17:52,Fatal,Daylight,Rain,Motor Vehicle-In-Transport On Same Roadway,None,THP District 2 - Chattanooga,THP,Unbelted,-,-,-,-,-,-,-,-,-,-,Motorcyclist,-,Bledsoe,Not in City Limit,1
75884,400258440,1,0,35.61489,-87.12006,7,2025-05-12 13:10:00,2025,5,12,13,10,Monday,13:10,Fatal,Daylight,Clear,Motor Vehicle-In-Transport On Same Roadway,None,COLUMBIA POLICE DEPT,Other,Unbelted,-,-,-,-,-,-,-,-,-,ATV_Involved,-,-,Maury,Columbia,2
75887,400258458,1,0,36.50986,-85.92013,6,2025-05-11 18:51:00,2025,5,11,18,51,Sunday,18:51,Fatal,Daylight,Clear,Embankment Rock/Stone/Concrete,None,THP District 6 - Cookeville,THP,Unbelted,-,Drinking,-,-,-,-,-,-,-,-,-,-,Macon,Not in City Limit,1
75916,400258600,0,1,35.74005,-86.87282,3,2025-05-12 18:16:00,2025,5,12,18,16,Monday,18:16,Suspected Serious Injury,Dusk,Cloudy,Paved Surface-Irregular,Construction Zone,SPRING HILL POLICE DEPT,Other,-,-,-,-,-,-,-,-,-,-,-,Motorcyclist,-,Williamson,Spring Hill,2
75924,400258629,0,1,36.0645,-87.34593,3,2025-05-12 18:47:00,2025,5,12,18,47,Monday,18:47,Suspected Serious Injury,Daylight,Rain,Other Fixed Object,None,BURNS POLICE DEPT,Other,Unbelted,Distracted,-,-,Drowsy,-,-,-,-,-,-,-,-,Dickson,Burns,2
75925,400258630,1,2,35.97688,-85.69261,6,2025-05-11 00:54:00,2025,5,11,0,54,Sunday,00:54,Fatal,Dark-Not Lighted,Clear,Deer,None,THP District 6 - Cookeville,THP,Unbelted,-,Drinking,-,-,-,-,-,-,-,-,-,-,DeKalb,Not in City Limit,1
75934,400258682,0,4,36.00339,-83.86562,1,2025-05-12 19:51:00,2025,5,12,19,51,Monday,19:51,Suspected Serious Injury,Daylight,Clear,Motor Vehicle-In-Transport On Same Roadway,None,KNOXVILLE POLICE DEPT,Other,Unbelted,-,-,-,-,-,-,-,-,-,-,-,-,Knox,Knoxville,2
75940,400258701,0,2,35.20477,-89.81482,4,2025-05-13 00:42:00,2025,5,13,0,42,Tuesday,00:42,Suspected Serious Injury,Dark-Lighted,Clear,Motor Vehicle-In-Transport On Same Roadway,None,THP District 4 - Memphis,THP,Unbelted,Distracted,-,-,-,-,-,-,-,-,-,-,-,Shelby,Bartlett,3
75944,400258711,0,1,36.35839,-82.17819,5,2025-05-11 22:54:00,2025,5,11,22,54,Sunday,22:54,Suspected Serious Injury,Dark-Not Lighted,Clear,"Over Turn, Roll Over",None,CARTER CO SHERIFFS DEPT,Other,Unbelted,-,-,-,-,Speeding,-,-,-,-,-,-,-,Carter,Not in City Limit,1
75945,400258713,0,1,36.00702,-86.54011,3,2025-05-12 22:59:00,2025,5,12,22,59,Monday,22:59,Suspected Serious Injury,Dark-Not Lighted,Clear,Pedestrian,None,THP District 3 - Nashville,THP,Unbelted,-,-,-,-,-,-,Pedestrian,-,-,-,-,-,Rutherford,Lavergne,2
75955,400258755,0,3,36.13453,-83.71639,5,2025-05-12 17:26:00,2025,5,12,17,26,Monday,17:26,Suspected Serious Injury,Daylight,Rain,Motor Vehicle-In-Transport On Same Roadway,None,BLAINE POLICE DEPT,Other,Unbelted,-,-,-,-,-,-,-,-,-,-,-,-,Grainger,Blaine,2
75969,400258818,0,1,35.11626,-84.9652,2,2025-05-13 08:25:00,2025,5,13,8,25,Tuesday,08:25,Suspected Serious Injury,Daylight,Cloudy,Ditch,None,BRADLEY CO SHERIFFS DEPT,Other,Unbelted,-,-,-,-,-,-,-,-,-,-,-,-,Bradley,Not in City Limit,3
75971,400258877,0,3,35.76764,-86.52184,3,2025-05-13 10:46:00,2025,5,13,10,46,Tuesday,10:46,Suspected Serious Injury,Daylight,Cloudy,Motor Vehicle-In-Transport On Same Roadway,None,RUTHERFORD CO SHERIFFS DEPT,Other,Unbelted,Distracted,-,-,-,-,-,-,-,-,-,-,-,Rutherford,Not in City Limit,3
75979,400258922,0,2,35.84916,-83.5642,1,2025-05-12 17:03:00,2025,5,12,17,3,Monday,17:03,Suspected Serious Injury,Daylight,Rain,Motor Vehicle-In-Transport On Same Roadway,None,SEVIERVILLE POLICE DEPT,Other,Unbelted,-,-,-,-,Speeding,-,-,-,-,-,-,-,Sevier,Sevierville,2
75991,400258996,0,3,36.02295,-86.54264,3,2025-05-02 18:30:00,2025,5,2,18,30,Friday,18:30,Suspected Serious Injury,Daylight,Rain,Motor Vehicle-In-Transport On Same Roadway,None,THP District 3 - Nashville,THP,Unbelted,-,-,-,-,-,-,-,-,-,-,-,-,Rutherford,Lavergne,6
75992,400259000,0,1,35.98661,-84.04547,1,2025-05-13 16:04:00,2025,5,13,16,4,Tuesday,16:04,Suspected Serious Injury,Daylight,Cloudy,Motor Vehicle-In-Transport On Same Roadway,None,KNOX CO SHERIFFS OFFICE,Other,Unbelted,-,-,-,-,-,-,-,-,-,-,Motorcyclist,-,Knox,Not in City Limit,3
75999,400259017,1,0,36.25734,-87.04063,3,2025-05-13 13:59:00,2025,5,13,13,59,Tuesday,13:59,Fatal,Daylight,Clear,"Over Turn, Roll Over",None,ASHLAND CITY POLICE DEPT,Other,Unbelted,-,-,-,Drowsy,-,-,-,-,-,-,-,-,Cheatham,Ashland City,3
76024,400259150,0,2,35.86553,-83.45896,1,2025-05-13 15:31:00,2025,5,13,15,31,Tuesday,15:31,Suspected Serious Injury,Daylight,Clear,Standing Tree,None,THP District 1 - Knoxville,THP,Unbelted,-,-,-,-,-,-,-,-,-,-,-,-,Sevier,Not in City Limit,3
76025,400259158,0,1,35.61777,-87.06158,7,2025-05-13 14:50:00,2025,5,13,14,50,Tuesday,14:50,Suspected Serious Injury,Daylight,Clear,Utility Pole,None,COLUMBIA POLICE DEPT,Other,Unbelted,-,Drinking,-,-,Speeding,-,-,-,-,-,-,-,Maury,Columbia,3
76032,400259185,0,2,36.33483,-84.59972,1,2025-05-13 19:57:00,2025,5,13,19,57,Tuesday,19:57,Suspected Serious Injury,Daylight,Clear,Standing Tree,None,THP District 1 - Knoxville,THP,Unbelted,-,-,-,-,-,-,-,-,-,-,-,-,Scott,Not in City Limit,3
76033,400259189,0,1,35.55228,-85.36289,2,2025-05-13 18:28:00,2025,5,13,18,28,Tuesday,18:28,Suspected Serious Injury,Daylight,Rain,Fence,None,THP District 2 - Chattanooga,THP,Unbelted,-,-,-,-,Speeding,-,-,-,-,-,-,-,Bledsoe,Not in City Limit,3
76052,400259298,0,1,35.78921,-86.40017,3,2025-05-14 06:09:00,2025,5,14,6,9,Wednesday,06:09,Suspected Serious Injury,Daylight,Cloudy,Building,None,MURFREESBORO POLICE DEPT,Other,Unbelted,-,-,-,-,-,-,-,-,-,-,-,-,Rutherford,Murfreesboro,4
76068,400259357,0,2,35.83521,-89.45037,4,2025-05-14 08:36:00,2025,5,14,8,36,Wednesday,08:36,Suspected Serious Injury,Daylight,Clear,Motor Vehicle-In-Transport On Same Roadway,None,THP District 4 - Memphis,THP,Unbelted,-,-,-,-,-,-,-,-,-,ATV_Involved,-,-,Lauderdale,Not in City Limit,4
76071,400259371,1,0,36.28813,-83.39679,5,2025-05-13 11:44:00,2025,5,13,11,44,Tuesday,11:44,Fatal,Daylight,Clear,Building,None,THP District 5 - Fall Branch,THP,Unbelted,-,-,-,-,-,-,-,-,-,-,-,-,Grainger,Not in City Limit,3
76090,400259478,0,1,36.23176,-85.00836,6,2025-05-14 12:45:00,2025,5,14,12,45,Wednesday,12:45,Suspected Serious Injury,Daylight,Clear,Motor Vehicle-In-Transport On Same Roadway,None,THP District 6 - Cookeville,THP,Unbelted,Distracted,-,-,-,-,-,-,-,-,-,-,-,Fentress,Not in City Limit,4
76097,400259496,0,2,36.17363,-86.60215,3,2025-05-14 14:32:00,2025,5,14,14,32,Wednesday,14:32,Suspected Serious Injury,Daylight,Clear,Motor Vehicle-In-Transport On Same Roadway,None,METROPOLITAN NASHVILLE POLICE DEPT,Other,Unbelted,-,-,-,-,-,-,-,-,-,-,Motorcyclist,-,Davidson,Nashville,4
76107,400259535,0,1,35.87985,-86.42839,3,2025-05-14 16:03:00,2025,5,14,16,3,Wednesday,16:03,Suspected Serious Injury,Daylight,Clear,Motor Vehicle-In-Transport On Same Roadway,None,MURFREESBORO POLICE DEPT,Other,Unbelted,-,-,-,-,-,-,-,-,-,-,-,-,Rutherford,Murfreesboro,4
76118,400259602,0,1,35.94744,-83.20397,5,2025-05-12 04:54:00,2025,5,12,4,54,Monday,04:54,Suspected Serious Injury,Dark-Lighted,Clear,Motor Vehicle-In-Transport On Same Roadway,None,NEWPORT POLICE DEPT,Other,Unbelted,-,-,-,-,-,-,-,-,-,ATV_Involved,-,-,Cocke,Newport,2
76120,400259612,0,1,35.90797,-85.43892,6,2025-05-13 16:30:00,2025,5,13,16,30,Tuesday,16:30,Suspected Serious Injury,Daylight,Rain,Motor Vehicle-In-Transport On Same Roadway,None,THP District 6 - Cookeville,THP,Unbelted,-,-,-,-,Speeding,-,-,-,-,-,-,-,White,Not in City Limit,3
76130,400259651,0,3,36.12683,-86.62967,3,2025-05-14 20:40:00,2025,5,14,20,40,Wednesday,20:40,Suspected Serious Injury,Dark-Lighted,Clear,Motor Vehicle-In-Transport On Same Roadway,None,METROPOLITAN NASHVILLE POLICE DEPT,Other,Unbelted,-,-,-,-,-,-,-,-,-,-,-,-,Davidson,Nashville,4
76133,400259678,0,1,35.97889,-83.86965,1,2025-05-15 00:27:00,2025,5,15,0,27,Thursday,00:27,Suspected Serious Injury,Dark-Not Lighted,Clear,Motor Vehicle-In-Transport On Same Roadway,None,KNOXVILLE POLICE DEPT,Other,Unbelted,-,-,-,-,-,-,-,-,-,-,-,-,Knox,Knoxville,5
76137,400259699,0,1,36.07926,-84.16213,1,2025-05-14 18:46:00,2025,5,14,18,46,Wednesday,18:46,Suspected Serious Injury,Daylight,Cloudy,Motor Vehicle-In-Transport On Same Roadway,None,CLINTON POLICE DEPT,Other,Unbelted,-,-,-,-,-,-,-,-,-,-,-,-,Anderson,Clinton,4
76146,400259730,1,0,36.01133,-87.74581,3,2025-05-14 13:52:00,2025,5,14,13,52,Wednesday,13:52,Fatal,Daylight,Clear,Standing Tree,None,THP District 3 - Nashville,THP,Unbelted,-,-,-,-,-,-,-,-,-,-,-,-,Humphreys,Not in City Limit,4
76167,400259856,0,2,36.54512,-82.33637,5,2025-05-15 10:27:00,2025,5,15,10,27,Thursday,10:27,Suspected Serious Injury,Daylight,Clear,Motor Vehicle-In-Transport On Same Roadway,None,THP District 5 - Fall Branch,THP,Unbelted,-,-,-,-,-,-,-,-,-,ATV_Involved,-,-,Sullivan,Not in City Limit,5
76168,400259858,1,1,36.02347,-85.5061,6,2025-05-15 07:41:00,2025,5,15,7,41,Thursday,07:41,Fatal,Daylight,Clear,Motor Vehicle-In-Transport On Same Roadway,None,THP District 6 - Cookeville,THP,Unbelted,-,-,Drug,-,Speeding,-,-,-,-,-,Motorcyclist,-,White,Not in City Limit,5
76173,400259879,0,1,36.12148,-89.27285,8,2025-05-15 10:21:00,2025,5,15,10,21,Thursday,10:21,Suspected Serious Injury,Daylight,Clear,Motor Vehicle-In-Transport On Same Roadway,None,NEWBERN POLICE DEPT,Other,Unbelted,-,-,-,-,-,-,-,-,-,-,-,-,Dyer,Newbern,5
76181,400259909,0,2,36.06445,-89.39,8,2025-05-15 11:55:00,2025,5,15,11,55,Thursday,11:55,Suspected Serious Injury,Daylight,Clear,Motor Vehicle-In-Transport On Same Roadway,None,DYERSBURG POLICE DEPT,Other,Unbelted,-,-,-,-,-,-,-,-,-,-,-,-,Dyer,Dyersburg,5
76185,400259927,1,0,35.97842,-85.03566,6,2025-05-14 20:40:00,2025,5,14,20,40,Wednesday,20:40,Fatal,Dark-Not Lighted,Cloudy,Standing Tree,None,THP District 6 - Cookeville,THP,-,-,-,-,-,-,-,-,-,-,-,Motorcyclist,-,Cumberland,Crossville,4
76187,400259933,0,1,35.84867,-83.53189,1,2025-05-13 21:45:00,2025,5,13,21,45,Tuesday,21:45,Suspected Serious Injury,Dark-Lighted,Cloudy,Fell/Jumped From Vehicle,None,SEVIERVILLE POLICE DEPT,Other,Unbelted,-,-,-,-,-,-,-,-,-,-,-,-,Sevier,Sevierville,3
76202,400260008,0,1,36.00516,-84.25108,1,2025-05-15 15:52:00,2025,5,15,15,52,Thursday,15:52,Suspected Serious Injury,Daylight,Clear,Motor Vehicle-In-Transport On Same Roadway,None,OAK RIDGE POLICE DEPT,Other,Unbelted,-,-,-,-,-,-,-,-,-,-,Motorcyclist,-,Anderson,Oak Ridge,5
76208,400260049,0,3,36.3317,-88.8198,8,2025-05-15 15:23:00,2025,5,15,15,23,Thursday,15:23,Suspected Serious Injury,Daylight,Cloudy,Motor Vehicle-In-Transport On Same Roadway,None,MARTIN POLICE DEPT,Other,Unbelted,-,-,-,-,-,-,-,-,-,-,-,-,Weakley,Martin,5
76221,400260100,0,2,36.17348,-85.55229,6,2025-05-14 20:14:00,2025,5,14,20,14,Wednesday,20:14,Suspected Serious Injury,Dark-Not Lighted,Clear,Motor Vehicle-In-Transport On Same Roadway,None,COOKEVILLE POLICE DEPT,Other,Unbelted,-,-,-,-,-,-,-,-,-,-,Motorcyclist,-,Putnam,Cookeville,4
76227,400260151,0,2,36.0013,-83.92585,1,2025-05-15 22:39:00,2025,5,15,22,39,Thursday,22:39,Suspected Serious Injury,Dark-Lighted,Clear,Motor Vehicle-In-Transport On Same Roadway,None,KNOXVILLE POLICE DEPT,Other,Unbelted,Distracted,-,-,-,-,-,-,-,-,-,-,-,Knox,Knoxville,5
76234,400260167,0,1,36.2285,-86.75944,3,2025-05-15 00:00:00,2025,5,15,24,0,Thursday,24:00,Suspected Serious Injury,Dark-Lighted,Clear,Pedestrian,None,METROPOLITAN NASHVILLE POLICE DEPT,Other,-,-,-,-,-,-,-,Pedestrian,-,-,-,-,-,Davidson,Nashville,5
76238,400260181,0,1,36.54028,-87.80233,3,2025-05-16 00:22:00,2025,5,16,0,22,Friday,00:22,Suspected Serious Injury,Dark-Not Lighted,Clear,Pedal-Cycle,None,THP District 3 - Nashville,THP,Unbelted,-,-,-,-,-,Pedalcyclist,-,-,-,-,-,-,Stewart,Not in City Limit,6
76246,400260213,0,2,36.508,-83.79135,5,2025-05-14 13:25:00,2025,5,14,13,25,Wednesday,13:25,Suspected Serious Injury,Daylight,Clear,Motor Vehicle-In-Transport On Same Roadway,None,THP District 5 - Fall Branch,THP,Unbelted,-,-,Drug,-,-,-,-,-,-,-,-,-,Claiborne,Not in City Limit,4
76248,400260216,0,5,35.66602,-84.09993,1,2025-05-16 06:47:00,2025,5,16,6,47,Friday,06:47,Suspected Serious Injury,Dawn,Cloudy,Motor Vehicle-In-Transport On Same Roadway,None,THP District 1 - Knoxville,THP,Unbelted,-,-,-,Drowsy,-,-,-,-,-,-,-,-,Blount,Not in City Limit,6
76257,400260269,1,0,36.04585,-87.34307,3,2025-05-13 13:52:00,2025,5,13,13,52,Tuesday,13:52,Fatal,Daylight,Rain,Ditch,None,DICKSON POLICE DEPT,Other,Unbelted,-,-,-,-,Speeding,-,-,-,-,-,-,-,Dickson,Dickson,3
76258,400260271,1,0,36.35421,-82.7443,5,2025-05-16 04:55:00,2025,5,16,4,55,Friday,04:55,Fatal,Dark-Not Lighted,Cloudy,Parked Motor Vehicle,None,THP District 5 - Fall Branch,THP,Unbelted,-,-,-,-,-,-,-,-,-,ATV_Involved,-,-,Greene,Not in City Limit,6
76273,400260386,0,1,35.48006,-87.77076,7,2025-05-16 13:00:00,2025,5,16,13,0,Friday,13:00,Suspected Serious Injury,Daylight,Cloudy,Guard Rail Face,None,THP District 7 - Lawrenceburg,THP,-,-,-,-,-,-,-,-,-,-,-,Motorcyclist,-,Wayne,Not in City Limit,6
76292,400260453,0,3,36.38512,-86.45522,3,2025-05-16 12:15:00,2025,5,16,12,15,Friday,12:15,Suspected Serious Injury,Daylight,Clear,Motor Vehicle-In-Transport On Same Roadway,None,SUMNER CO SHERIFFS OFFICE,Other,Unbelted,Distracted,Drinking,-,-,-,-,-,-,-,-,-,-,Sumner,Gallatin,6
76302,400260494,0,4,36.08721,-84.56206,1,2025-05-13 19:00:00,2025,5,13,19,0,Tuesday,19:00,Suspected Serious Injury,Daylight,Rain,Motor Vehicle-In-Transport On Same Roadway,None,THP District 1 - Knoxville,THP,Unbelted,Distracted,-,-,-,Speeding,-,-,-,-,-,-,-,Morgan,Not in City Limit,3
76303,400260500,0,3,35.73557,-84.84067,2,2025-05-16 14:38:00,2025,5,16,14,38,Friday,14:38,Suspected Serious Injury,Daylight,Clear,Ditch,None,THP District 2 - Chattanooga,THP,Unbelted,-,-,-,-,-,-,-,-,-,-,-,-,Rhea,Not in City Limit,6
76324,400260587,0,1,35.57782,-84.27186,1,2025-05-14 16:45:00,2025,5,14,16,45,Wednesday,16:45,Suspected Serious Injury,Daylight,Clear,Motor Vehicle-In-Transport On Same Roadway,None,THP District 1 - Knoxville,THP,Unbelted,-,Drinking,-,-,-,-,-,-,-,-,Motorcyclist,-,Monroe,Vonore,4
76328,400260609,0,1,35.84984,-86.3993,3,2025-05-16 16:45:00,2025,5,16,16,45,Friday,16:45,Suspected Serious Injury,Daylight,Clear,Bridge Rail,None,MURFREESBORO POLICE DEPT,Other,Unbelted,-,-,-,-,-,-,-,-,-,-,-,-,Rutherford,Murfreesboro,6
76343,400260652,0,1,35.83158,-83.98019,1,2025-05-17 00:26:00,2025,5,17,0,26,Saturday,00:26,Suspected Serious Injury,Dark-Not Lighted,Clear,Pedestrian,None,ALCOA POLICE DEPARTMENT,Other,Unbelted,-,-,-,-,-,-,Pedestrian,-,-,-,-,-,Blount,Alcoa,7
76352,400260688,1,0,36.05874,-83.69272,5,2025-05-16 10:17:00,2025,5,16,10,17,Friday,10:17,Fatal,Daylight,Clear,Standing Tree,None,THP District 5 - Fall Branch,THP,Unbelted,-,-,-,-,-,-,-,-,-,-,-,-,Jefferson,Not in City Limit,6
76367,400260771,0,3,35.92433,-83.88559,1,2025-05-17 12:57:00,2025,5,17,12,57,Saturday,12:57,Suspected Serious Injury,Daylight,Clear,Motor Vehicle-In-Transport On Same Roadway,None,KNOXVILLE POLICE DEPT,Other,Unbelted,-,-,-,-,-,-,-,-,-,-,-,-,Knox,Knoxville,7
76375,400260805,0,3,36.27404,-87.06389,3,2025-05-13 14:19:00,2025,5,13,14,19,Tuesday,14:19,Suspected Serious Injury,Daylight,Clear,Motor Vehicle-In-Transport On Same Roadway,None,ASHLAND CITY POLICE DEPT,Other,Unbelted,-,Drinking,Drug,-,Speeding,-,-,-,-,-,-,-,Cheatham,Ashland City,3
76379,400260821,0,1,36.39187,-87.00555,3,2025-05-17 06:59:00,2025,5,17,6,59,Saturday,06:59,Suspected Serious Injury,Daylight,Clear,Ditch,None,THP District 3 - Nashville,THP,Unbelted,-,-,-,-,Speeding,-,-,-,-,-,-,-,Cheatham,Pleasant View,7
76385,400260842,0,1,36.14413,-84.24249,1,2025-05-17 14:21:00,2025,5,17,14,21,Saturday,14:21,Suspected Serious Injury,Daylight,Clear,Guard Rail Face,None,THP District 1 - Knoxville,THP,-,-,-,-,-,-,-,-,-,-,-,Motorcyclist,-,Anderson,Not in City Limit,7
76395,400260889,1,0,36.53354,-83.68473,5,2025-05-16 20:18:00,2025,5,16,20,18,Friday,20:18,Fatal,Dark-Not Lighted,Cloudy,Standing Tree,None,THP District 5 - Fall Branch,THP,Unbelted,-,-,-,-,-,-,-,-,-,-,-,-,Claiborne,Not in City Limit,6