OBJECTID,MRN,Fatality,Injury,Latitude,Longitude,THP_District,Collision_Date,Collision_Year,Collision_Month,Collision_Day,Collision_Hour,Collision_Min,Collision_DOW,Collision_Time,Crash_Type,Light_Condition,Weather,First_Harmfu_Event,Work_Zone_Type,Agency_Name,THP,Unbelted,Distracted_Driver,Driver_Drinking,Driver_Drugged,Drowsy_Driver,Speeding_Involved,Pedalcyclist,Pedestrian,Other_Nonmotorist,ATV_Involved,LargeTruck_Involved,Motorcycle_Involved,SchoolBus,County,City,DOW_Nmb
76405,400260925,0,1,36.53522,-81.97962,5,2025-05-17 17:23:00,2025,5,17,17,23,Saturday,17:23,Suspected Serious Injury,Daylight,Clear,Embankment Earth,None,THP District 5 - Fall Branch,THP,-,-,-,-,-,-,-,-,-,-,-,Motorcyclist,-,Sullivan,Not in City Limit,7
76406,400260929,0,1,35.69573,-83.68452,1,2025-05-17 17:40:00,2025,5,17,17,40,Saturday,17:40,Suspected Serious Injury,Daylight,Clear,Motor Vehicle-In-Transport On Same Roadway,None,THP District 1 - Knoxville,THP,Unbelted,-,-,-,-,-,-,-,-,-,-,Motorcyclist,-,Blount,Not in City Limit,7
76410,400260949,0,1,35.86367,-86.83167,3,2025-05-17 03:45:00,2025,5,17,3,45,Saturday,03:45,Suspected Serious Injury,Dark-Not Lighted,Rain,Concrete Traffic Barrier,None,THP District 3 - Nashville,THP,Unbelted,-,-,-,-,Speeding,-,-,-,-,-,-,-,Williamson,Not in City Limit,7
76411,400260954,0,2,36.07688,-82.86846,5,2025-05-14 18:30:00,2025,5,14,18,30,Wednesday,18:30,Suspected Serious Injury,Daylight,Clear,Motor Vehicle-In-Transport On Same Roadway,None,THP District 5 - Fall Branch,THP,Unbelted,-,-,-,-,-,-,-,-,-,-,Motorcyclist,-,Greene,Not in City Limit,4
76413,400260964,0,1,35.98965,-87.76192,3,2025-05-17 19:20:00,2025,5,17,19,20,Saturday,19:20,Suspected Serious Injury,Dusk,Clear,Ditch,None,THP District 3 - Nashville,THP,-,-,-,-,-,Speeding,-,-,-,-,-,Motorcyclist,-,Humphreys,Not in City Limit,7
76437,400261117,0,1,35.33464,-89.549,4,2025-05-18 00:00:00,2025,5,18,24,0,Sunday,24:00,Suspected Serious Injury,Daylight,Clear,Concrete Traffic Barrier,None,THP District 4 - Memphis,THP,Unbelted,-,Drinking,-,-,-,-,-,-,-,-,-,-,Fayette,Not in City Limit,1
76442,400261148,0,3,35.8407,-88.75432,8,2025-05-17 11:23:00,2025,5,17,11,23,Saturday,11:23,Suspected Serious Injury,Daylight,Clear,Motor Vehicle-In-Transport On Same Roadway,None,THP District 8 - Jackson,THP,Unbelted,Distracted,-,-,-,-,-,-,-,-,-,-,-,Gibson,Not in City Limit,7
76444,400261153,1,1,35.96887,-88.67252,8,2025-05-17 14:00:00,2025,5,17,14,0,Saturday,14:00,Fatal,Daylight,Clear,Motor Vehicle-In-Transport On Same Roadway,None,THP District 8 - Jackson,THP,Unbelted,-,Drinking,Drug,-,-,-,-,-,-,-,-,-,Carroll,Atwood,7
76450,400261193,0,1,36.44531,-88.3324,8,2025-05-17 09:15:00,2025,5,17,9,15,Saturday,09:15,Suspected Serious Injury,Daylight,Clear,Pedestrian,None,THP District 8 - Jackson,THP,Unbelted,-,-,-,-,-,-,Pedestrian,-,-,-,-,-,Henry,Puryear,7
76457,400261214,0,4,35.52542,-87.60527,7,2025-05-18 04:45:00,2025,5,18,4,45,Sunday,04:45,Suspected Serious Injury,Dark-Not Lighted,Clear,Standing Tree,None,THP District 7 - Lawrenceburg,THP,Unbelted,-,Drinking,-,-,-,-,-,-,-,-,-,-,Lewis,Not in City Limit,1
76459,400261226,1,0,35.29561,-84.94149,2,2025-05-17 15:00:00,2025,5,17,15,0,Saturday,15:00,Fatal,Daylight,Clear,Standing Tree,None,THP District 2 - Chattanooga,THP,-,-,-,-,-,-,-,-,-,-,-,Motorcyclist,-,Meigs,Not in City Limit,7
76464,400261241,0,1,36.4027,-87.02453,3,2025-05-18 11:48:00,2025,5,18,11,48,Sunday,11:48,Suspected Serious Injury,Daylight,Clear,Motor Vehicle-In-Transport On Same Roadway,None,THP District 3 - Nashville,THP,-,-,-,-,-,Speeding,-,-,-,-,-,Motorcyclist,-,Robertson,OTHER,1
76465,400261242,0,3,35.545,-87.0176,7,2025-05-18 11:54:00,2025,5,18,11,54,Sunday,11:54,Suspected Serious Injury,Daylight,Cloudy,Motor Vehicle-In-Transport On Same Roadway,None,THP District 7 - Lawrenceburg,THP,Unbelted,-,-,-,-,-,-,-,-,-,-,-,-,Maury,Not in City Limit,1
76466,400261245,0,1,35.66517,-88.43722,8,2025-05-17 16:38:00,2025,5,17,16,38,Saturday,16:38,Suspected Serious Injury,Daylight,Clear,Fell/Jumped From Vehicle,None,LEXINGTON POLICE DEPT,Other,-,-,-,-,-,-,-,-,-,-,-,Motorcyclist,-,Henderson,Lexington,7
76478,400261285,0,1,36.38851,-89.22644,8,2025-05-11 16:00:00,2025,5,11,16,0,Sunday,16:00,Suspected Serious Injury,Daylight,Clear,Fence,None,THP District 8 - Jackson,THP,-,-,-,-,-,Speeding,-,-,-,-,-,Motorcyclist,-,Obion,Not in City Limit,1
76479,400261293,0,2,36.33272,-85.86556,6,2025-05-18 13:05:00,2025,5,18,13,5,Sunday,13:05,Suspected Serious Injury,Daylight,Clear,"Over Turn, Roll Over",None,THP District 6 - Cookeville,THP,-,-,-,-,-,-,-,-,-,-,-,Motorcyclist,-,Smith,Not in City Limit,1
76491,400261337,0,3,35.27005,-89.98489,4,2025-05-18 17:19:00,2025,5,18,17,19,Sunday,17:19,Suspected Serious Injury,Daylight,Clear,Motor Vehicle-In-Transport On Same Roadway,None,THP District 4 - Memphis,THP,Unbelted,-,-,-,-,-,-,-,-,-,-,-,-,Shelby,Not in City Limit,1
76497,400261352,0,1,35.82048,-88.89652,8,2025-05-14 22:08:00,2025,5,14,22,8,Wednesday,22:08,Suspected Serious Injury,Dark-Not Lighted,Clear,"Over Turn, Roll Over",None,HUMBOLDT POLICE DEPT,Other,Unbelted,-,-,-,-,-,-,-,-,-,-,-,-,Gibson,Humboldt,4
76509,400261386,0,1,35.57399,-87.05917,7,2025-05-18 16:00:00,2025,5,18,16,0,Sunday,16:00,Suspected Serious Injury,Daylight,Clear,Motor Vehicle-In-Transport On Same Roadway,None,THP District 7 - Lawrenceburg,THP,Unbelted,-,-,-,-,-,-,-,-,-,-,Motorcyclist,-,Maury,Not in City Limit,1
76510,400261388,0,6,35.90018,-83.81888,1,2025-05-18 14:07:00,2025,5,18,14,7,Sunday,14:07,Suspected Serious Injury,Daylight,Clear,Motor Vehicle-In-Transport On Same Roadway,Construction Zone,THP District 1 - Knoxville,THP,Unbelted,-,-,-,-,-,-,-,-,-,-,-,-,Knox,Not in City Limit,1
76514,400261403,0,1,36.33428,-88.16429,8,2025-05-14 18:55:00,2025,5,14,18,55,Wednesday,18:55,Suspected Serious Injury,Dark-Lighted,Clear,Standing Tree,None,THP District 8 - Jackson,THP,Unbelted,-,-,-,-,-,-,-,-,-,-,-,-,Henry,Not in City Limit,4
76523,400261461,0,1,35.70406,-88.46793,8,2025-05-18 22:59:00,2025,5,18,22,59,Sunday,22:59,Suspected Serious Injury,Dark-Not Lighted,Clear,Standing Tree,None,THP District 8 - Jackson,THP,Unbelted,-,Drinking,-,-,-,-,-,-,-,-,-,-,Henderson,Not in City Limit,1
76525,400261467,0,1,36.17427,-82.00612,5,2025-05-18 23:08:00,2025,5,18,23,8,Sunday,23:08,Suspected Serious Injury,Dark-Not Lighted,Clear,Embankment Rock/Stone/Concrete,None,CARTER CO SHERIFFS DEPT,Other,Unbelted,-,-,-,-,-,-,-,-,-,-,-,-,Carter,Roan Mountain,1
76534,400261507,0,3,35.38937,-89.41693,4,2025-05-17 10:30:00,2025,5,17,10,30,Saturday,10:30,Suspected Serious Injury,Daylight,Clear,Motor Vehicle-In-Transport On Different Roadway,None,THP District 4 - Memphis,THP,Unbelted,-,-,-,-,-,-,-,-,-,-,-,-,Fayette,Not in City Limit,7
76543,400261539,1,0,35.85708,-86.98092,3,2025-05-18 12:26:00,2025,5,18,12,26,Sunday,12:26,Fatal,Daylight,Clear,Utility Pole,None,THP District 3 - Nashville,THP,-,-,-,-,-,-,-,-,-,-,-,Motorcyclist,-,Williamson,Not in City Limit,1
76547,400261555,0,1,35.96937,-86.51923,3,2025-05-19 07:12:00,2025,5,19,7,12,Monday,07:12,Suspected Serious Injury,Daylight,Cloudy,Pedestrian,None,SMYRNA POLICE DEPT,Other,Unbelted,-,-,-,-,-,-,Pedestrian,-,-,-,-,-,Rutherford,Smyrna,2
76548,400261557,0,1,35.95866,-83.90023,1,2025-05-18 16:24:00,2025,5,18,16,24,Sunday,16:24,Suspected Serious Injury,Daylight,Clear,Motor Vehicle-In-Transport On Same Roadway,None,KNOXVILLE POLICE DEPT,Other,Unbelted,-,-,-,-,-,-,-,-,-,-,Motorcyclist,-,Knox,Knoxville,1
76554,400261572,0,2,35.867,-84.764,6,2025-05-19 07:16:00,2025,5,19,7,16,Monday,07:16,Suspected Serious Injury,Daylight,Cloudy,Motor Vehicle-In-Transport On Same Roadway,None,THP District 6 - Cookeville,THP,Unbelted,-,-,-,-,-,-,-,-,-,-,-,-,Cumberland,Not in City Limit,2
76557,400261586,0,3,36.32638,-86.61947,3,2025-05-18 13:13:00,2025,5,18,13,13,Sunday,13:13,Suspected Serious Injury,Daylight,Clear,Motor Vehicle-In-Transport On Same Roadway,None,HENDERSONVILLE POLICE DEPT,Other,Unbelted,-,-,-,-,-,-,-,-,-,-,-,-,Sumner,Hendersonville,1
76561,400261595,1,0,35.18151,-84.91729,2,2025-05-19 09:03:00,2025,5,19,9,3,Monday,09:03,Fatal,Daylight,Cloudy,Standing Tree,None,BRADLEY CO SHERIFFS DEPT,Other,Unbelted,-,-,-,-,Speeding,-,-,-,-,-,-,-,Bradley,Not in City Limit,2
76585,400261695,0,3,36.1182,-86.494,3,2025-05-18 19:54:00,2025,5,18,19,54,Sunday,19:54,Suspected Serious Injury,Dusk,Clear,Motor Vehicle-In-Transport On Same Roadway,None,THP District 3 - Nashville,THP,Unbelted,-,-,-,-,-,-,-,-,-,-,-,-,Wilson,Not in City Limit,1
76588,400261711,0,1,35.91265,-89.41898,4,2025-05-19 13:35:00,2025,5,19,13,35,Monday,13:35,Suspected Serious Injury,Daylight,Clear,Other Fixed Object,None,LAUDERDALE CO SHERIFFS OFFICE,Other,Unbelted,-,-,-,-,-,-,-,-,-,-,-,-,Lauderdale,Not in City Limit,2
76607,400261806,0,1,36.03297,-87.3523,3,2025-05-19 10:40:00,2025,5,19,10,40,Monday,10:40,Suspected Serious Injury,Daylight,Clear,Motor Vehicle-In-Transport On Same Roadway,None,DICKSON POLICE DEPT,Other,Unbelted,-,-,-,-,-,-,-,-,-,-,-,-,Dickson,Dickson,2
76628,400261884,0,1,36.26577,-86.82959,3,2025-05-19 19:36:00,2025,5,19,19,36,Monday,19:36,Suspected Serious Injury,Dark-Not Lighted,Rain,Wall,None,METROPOLITAN NASHVILLE POLICE DEPT,Other,Unbelted,-,-,-,-,Speeding,-,-,-,-,-,-,-,Davidson,Nashville,2
76631,400261894,0,1,35.92717,-85.59916,6,2025-05-19 20:20:00,2025,5,19,20,20,Monday,20:20,Suspected Serious Injury,Dark-Not Lighted,Clear,Standing Tree,None,THP District 6 - Cookeville,THP,Unbelted,-,Drinking,-,-,-,-,-,-,-,-,-,-,White,Not in City Limit,2
76640,400261925,0,3,35.99477,-86.49288,3,2025-05-19 17:00:00,2025,5,19,17,0,Monday,17:00,Suspected Serious Injury,Daylight,Clear,Motor Vehicle-In-Transport On Same Roadway,None,SMYRNA POLICE DEPT,Other,Unbelted,-,-,-,-,-,-,-,-,-,-,-,-,Rutherford,Smyrna,2
76645,400261932,0,1,35.99768,-86.7966,3,2025-05-14 22:37:00,2025,5,14,22,37,Wednesday,22:37,Suspected Serious Injury,Dark-Not Lighted,Clear,"Over Turn, Roll Over",None,THP District 3 - Nashville,THP,-,-,-,-,-,-,-,-,-,-,-,Motorcyclist,-,Williamson,Brentwood,4
76647,400261934,0,1,35.3984,-84.72193,2,2025-05-19 00:00:00,2025,5,19,24,0,Monday,24:00,Suspected Serious Injury,Dark-Not Lighted,Clear,Pedestrian,None,THP District 2 - Chattanooga,THP,Unbelted,-,-,-,-,-,-,Pedestrian,-,-,-,-,-,McMinn,Not in City Limit,2
76648,400261941,0,1,35.39078,-85.38974,2,2025-05-19 21:33:00,2025,5,19,21,33,Monday,21:33,Suspected Serious Injury,Dark-Not Lighted,Rain,Standing Tree,None,DUNLAP POLICE DEPT,Other,Unbelted,-,-,-,-,Speeding,-,-,-,-,-,-,-,Sequatchie,Dunlap,2
76650,400261943,0,1,35.94998,-84.11659,1,2025-05-19 22:20:00,2025,5,19,22,20,Monday,22:20,Suspected Serious Injury,Dark-Not Lighted,Clear,Motor Vehicle-In-Transport On Same Roadway,None,THP District 1 - Knoxville,THP,Unbelted,-,-,-,-,-,-,-,-,-,-,Motorcyclist,-,Knox,Not in City Limit,2
76654,400261956,0,1,36.07261,-86.66429,3,2025-05-19 22:38:00,2025,5,19,22,38,Monday,22:38,Suspected Serious Injury,Dark-Lighted,Rain,Pedestrian,None,METROPOLITAN NASHVILLE POLICE DEPT,Other,Unbelted,-,-,-,-,-,-,Pedestrian,-,-,-,-,-,Davidson,Nashville,2
76658,400261969,0,2,36.21464,-83.28634,5,2025-05-19 19:25:00,2025,5,19,19,25,Monday,19:25,Suspected Serious Injury,Daylight,Clear,Pedestrian,None,MORRISTOWN POLICE DEPT,Other,Unbelted,-,-,-,-,-,-,Pedestrian,-,-,-,-,-,Hamblen,Morristown,2
76661,400261981,0,1,36.28992,-83.75835,5,2025-05-17 21:57:00,2025,5,17,21,57,Saturday,21:57,Suspected Serious Injury,Dark-Not Lighted,Clear,Motor Vehicle-In-Transport On Same Roadway,None,THP District 5 - Fall Branch,THP,Unbelted,-,-,-,-,-,-,-,-,-,-,-,-,Union,Not in City Limit,7
76699,400262182,0,1,36.17898,-84.72101,1,2025-05-20 00:00:00,2025,5,20,24,0,Tuesday,24:00,Suspected Serious Injury,Daylight,Clear,Ditch,None,MORGAN CO SHERIFFS DEPT,Other,Unbelted,-,-,-,-,Speeding,-,-,-,-,-,-,-,Morgan,Not in City Limit,3
76702,400262194,0,1,35.94773,-83.99333,1,2025-05-20 00:00:00,2025,5,20,24,0,Tuesday,24:00,Suspected Serious Injury,Daylight,Clear,Curb,None,KNOXVILLE POLICE DEPT,Other,Unbelted,-,-,-,-,-,-,-,-,-,-,-,-,Knox,Knoxville,3
76708,400262220,0,1,36.53724,-86.41457,3,2025-05-19 16:01:00,2025,5,19,16,1,Monday,16:01,Suspected Serious Injury,Daylight,Clear,Motor Vehicle-In-Transport On Same Roadway,None,THP District 3 - Nashville,THP,Unbelted,Distracted,-,-,-,-,-,-,-,-,-,Motorcyclist,-,Sumner,Portland,2
76720,400262277,0,2,35.65568,-88.40471,8,2025-05-20 13:40:00,2025,5,20,13,40,Tuesday,13:40,Suspected Serious Injury,Daylight,Clear,Motor Vehicle-In-Transport On Same Roadway,None,LEXINGTON POLICE DEPT,Other,Unbelted,-,-,-,-,-,-,-,-,-,-,-,-,Henderson,Lexington,3
76729,400262312,0,1,35.95803,-86.73889,3,2025-05-20 16:40:00,2025,5,20,16,40,Tuesday,16:40,Suspected Serious Injury,Daylight,Rain,Thrown Or Falling Object,None,BRENTWOOD POLICE DEPT,Other,Unbelted,-,-,-,-,-,-,-,-,-,ATV_Involved,-,-,Williamson,Brentwood,3
76743,400262356,0,2,35.64639,-88.85111,8,2025-05-20 15:58:00,2025,5,20,15,58,Tuesday,15:58,Suspected Serious Injury,Daylight,Rain,Motor Vehicle-In-Transport On Same Roadway,None,JACKSON POLICE DEPT,Other,Unbelted,-,-,-,-,-,-,-,-,-,-,-,-,Madison,Jackson,3
76768,400262495,0,1,36.19583,-86.54845,3,2025-05-20 21:02:00,2025,5,20,21,2,Tuesday,21:02,Suspected Serious Injury,Dark-Not Lighted,Clear,Deer,None,MOUNT JULIET POLICE DEPT,Other,Unbelted,-,-,Drug,-,-,-,-,-,-,-,-,-,Wilson,Not in City Limit,3
76775,400262526,0,4,36.00219,-83.95675,1,2025-04-14 14:56:00,2025,4,14,14,56,Monday,14:56,Suspected Serious Injury,Daylight,Clear,Wall,None,KNOXVILLE POLICE DEPT,Other,Unbelted,-,-,-,-,-,-,-,-,-,-,-,-,Knox,Knoxville,2
76778,400262543,1,1,35.58835,-86.44028,7,2025-05-20 10:30:00,2025,5,20,10,30,Tuesday,10:30,Fatal,Daylight,Rain,Motor Vehicle-In-Transport On Same Roadway,None,THP District 7 - Lawrenceburg,THP,Unbelted,-,-,-,-,-,-,-,-,-,-,-,-,Bedford,Not in City Limit,3
76786,400262602,0,1,36.45965,-82.47232,5,2025-05-21 08:24:00,2025,5,21,8,24,Wednesday,08:24,Suspected Serious Injury,Daylight,Clear,Motor Vehicle-In-Transport On Same Roadway,None,THP District 5 - Fall Branch,THP,Unbelted,-,-,-,-,-,-,-,-,-,-,-,-,Sullivan,Not in City Limit,4
76796,400262654,0,2,36.10497,-86.66986,3,2025-05-21 00:00:00,2025,5,21,24,0,Wednesday,24:00,Suspected Serious Injury,Daylight,Clear,Motor Vehicle-In-Transport On Same Roadway,None,Nashville Airport Police,Other,Unbelted,-,-,-,-,-,-,-,-,-,-,-,-,Davidson,Nashville,4
76815,400262763,0,2,36.276,-85.40927,6,2025-05-21 13:04:00,2025,5,21,13,4,Wednesday,13:04,Suspected Serious Injury,Daylight,Clear,Motor Vehicle-In-Transport On Same Roadway,None,THP District 6 - Cookeville,THP,Unbelted,-,-,-,-,-,-,-,-,-,ATV_Involved,-,-,Overton,Not in City Limit,4
76836,400262841,0,2,35.17244,-84.86969,2,2025-05-20 06:14:00,2025,5,20,6,14,Tuesday,06:14,Suspected Serious Injury,Dawn,Clear,Motor Vehicle-In-Transport On Same Roadway,None,THP District 2 - Chattanooga,THP,Unbelted,-,-,-,-,-,-,-,-,-,-,-,-,Bradley,Cleveland,3
76846,400262897,0,1,35.02953,-84.71737,2,2025-05-21 00:00:00,2025,5,21,24,0,Wednesday,24:00,Suspected Serious Injury,Daylight,Clear,Embankment Earth,None,THP District 2 - Chattanooga,THP,Unbelted,-,-,-,-,-,-,-,-,-,-,-,-,Polk,Not in City Limit,4
76848,400262910,0,1,36.58709,-86.38402,3,2025-05-21 19:28:00,2025,5,21,19,28,Wednesday,19:28,Suspected Serious Injury,Daylight,Clear,"Over Turn, Roll Over",None,THP District 3 - Nashville,THP,-,-,-,-,-,-,-,-,-,-,-,Motorcyclist,-,Sumner,Not in City Limit,4
76852,400262925,0,1,36.50852,-85.31189,6,2025-05-21 18:55:00,2025,5,21,18,55,Wednesday,18:55,Suspected Serious Injury,Daylight,Clear,Fell/Jumped From Vehicle,None,THP District 6 - Cookeville,THP,-,-,-,-,-,-,-,-,-,-,-,Motorcyclist,-,Overton,Not in City Limit,4
76855,400262935,0,1,36.2155,-83.3822,5,2025-05-21 18:10:00,2025,5,21,18,10,Wednesday,18:10,Suspected Serious Injury,Daylight,Clear,Curb,None,HAMBLEN CO SHERIFFS DEPT,Other,Unbelted,-,-,-,-,Speeding,-,-,-,-,-,-,-,Hamblen,Not in City Limit,4
76860,400262972,0,1,36.13493,-85.50332,6,2025-05-21 20:41:00,2025,5,21,20,41,Wednesday,20:41,Suspected Serious Injury,Dark-Lighted,Clear,Motor Vehicle-In-Transport On Same Roadway,None,THP District 6 - Cookeville,THP,Unbelted,-,-,-,-,-,-,-,-,-,-,-,-,Putnam,Cookeville,4
76862,400262979,0,2,36.17455,-86.76093,3,2025-05-21 20:18:00,2025,5,21,20,18,Wednesday,20:18,Suspected Serious Injury,Dark-Lighted,Clear,Motor Vehicle-In-Transport On Same Roadway,None,METROPOLITAN NASHVILLE POLICE DEPT,Other,Unbelted,-,-,-,-,-,-,-,-,-,-,-,-,Davidson,Nashville,4
76863,400262980,0,5,35.6428,-84.13677,1,2025-05-22 00:09:00,2025,5,22,0,9,Thursday,00:09,Suspected Serious Injury,Dark-Not Lighted,Clear,Motor Vehicle-In-Transport On Same Roadway,None,BLOUNT CO SHERIFFS DEPT,Other,Unbelted,-,-,Drug,-,Speeding,-,-,-,-,-,-,-,Blount,Not in City Limit,5
76874,400263015,0,1,36.01877,-82.58093,5,2025-05-21 20:49:00,2025,5,21,20,49,Wednesday,20:49,Suspected Serious Injury,Dusk,Clear,Embankment Earth,None,THP District 5 - Fall Branch,THP,Unbelted,-,Drinking,-,-,-,-,-,-,-,-,-,-,Unicoi,Not in City Limit,4
76876,400263021,0,1,35.9406,-87.18118,3,2025-05-15 22:45:00,2025,5,15,22,45,Thursday,22:45,Suspected Serious Injury,Dark-Not Lighted,Clear,Highway Traffic Sign Post,None,THP District 3 - Nashville,THP,Unbelted,-,-,-,-,-,-,-,-,-,-,-,-,Williamson,Fairview,5
76887,400263081,0,2,35.98389,-83.95992,1,2025-05-22 06:07:00,2025,5,22,6,7,Thursday,06:07,Suspected Serious Injury,Dawn,Clear,Motor Vehicle-In-Transport On Same Roadway,None,KNOXVILLE POLICE DEPT,Other,Unbelted,-,-,-,-,-,-,-,-,-,-,Motorcyclist,-,Knox,Knoxville,5
76892,400263102,1,0,36.06169,-86.63851,3,2025-05-21 22:21:00,2025,5,21,22,21,Wednesday,22:21,Fatal,Dark-Lighted,Clear,Pedal-Cycle,None,METROPOLITAN NASHVILLE POLICE DEPT,Other,Unbelted,-,-,-,-,Speeding,Pedalcyclist,-,-,-,-,-,-,Davidson,Nashville,4
76904,400263166,0,1,36.01432,-85.06894,6,2025-05-22 11:07:00,2025,5,22,11,7,Thursday,11:07,Suspected Serious Injury,Daylight,Clear,Motor Vehicle-In-Transport On Same Roadway,None,THP District 6 - Cookeville,THP,Unbelted,-,-,-,-,-,-,-,-,-,-,-,-,Cumberland,Not in City Limit,5
76912,400263221,1,0,35.06103,-88.16869,8,2025-05-18 15:24:00,2025,5,18,15,24,Sunday,15:24,Fatal,Daylight,Clear,"Over Turn, Roll Over",None,THP District 8 - Jackson,THP,-,-,-,-,-,Speeding,-,-,-,ATV_Involved,-,-,-,Hardin,Not in City Limit,1
76917,400263249,0,2,36.30368,-83.44984,5,2025-05-22 13:55:00,2025,5,22,13,55,Thursday,13:55,Suspected Serious Injury,Daylight,Clear,Standing Tree,None,THP District 5 - Fall Branch,THP,Unbelted,-,-,-,-,-,-,-,-,-,-,-,-,Grainger,Not in City Limit,5
76918,400263250,0,2,35.83155,-86.30515,3,2025-05-21 17:12:00,2025,5,21,17,12,Wednesday,17:12,Suspected Serious Injury,Daylight,Clear,Motor Vehicle-In-Transport On Same Roadway,None,THP District 3 - Nashville,THP,Unbelted,-,-,-,-,-,-,-,-,-,-,Motorcyclist,-,Rutherford,Murfreesboro,4
76923,400263262,0,1,36.491,-81.85833,5,2025-05-18 10:31:00,2025,5,18,10,31,Sunday,10:31,Suspected Serious Injury,Daylight,Clear,"Over Turn, Roll Over",None,THP District 5 - Fall Branch,THP,-,-,-,-,-,-,-,-,-,-,-,Motorcyclist,-,Johnson,Not in City Limit,1
76930,400263288,0,1,35.99831,-86.49714,3,2025-05-22 12:15:00,2025,5,22,12,15,Thursday,12:15,Suspected Serious Injury,Daylight,Clear,Fence,None,SMYRNA POLICE DEPT,Other,Unbelted,-,-,-,-,-,-,-,-,-,-,-,-,Rutherford,Smyrna,5
76962,400263390,0,4,35.10302,-84.87116,2,2025-05-22 14:55:00,2025,5,22,14,55,Thursday,14:55,Suspected Serious Injury,Daylight,Clear,Motor Vehicle-In-Transport On Same Roadway,None,THP District 2 - Chattanooga,THP,Unbelted,-,-,-,-,-,-,-,-,-,-,-,-,Bradley,Not in City Limit,5
76973,400263428,0,2,36.54549,-83.67229,5,2025-05-22 17:22:00,2025,5,22,17,22,Thursday,17:22,Suspected Serious Injury,Daylight,Clear,Motor Vehicle-In-Transport On Same Roadway,None,CLAIBORNE CO SHERIFFS OFFICE,Other,Unbelted,-,-,-,-,-,-,-,-,-,-,-,-,Claiborne,Not in City Limit,5
76987,400263474,0,1,35.78533,-83.61759,1,2025-05-22 18:28:00,2025,5,22,18,28,Thursday,18:28,Suspected Serious Injury,Daylight,Clear,Motor Vehicle-In-Transport On Same Roadway,None,PIGEON FORGE POLICE DEPT,Other,Unbelted,-,-,-,-,-,-,-,-,-,-,Motorcyclist,-,Sevier,Pigeon Forge,5
76991,400263503,0,1,35.86684,-88.0883,8,2025-05-22 20:37:00,2025,5,22,20,37,Thursday,20:37,Suspected Serious Injury,Dark-Not Lighted,Clear,Ditch,None,THP District 8 - Jackson,THP,Unbelted,-,-,-,-,-,-,-,-,-,ATV_Involved,-,-,Benton,Not in City Limit,5
76993,400263513,0,1,36.0007,-83.9256,1,2025-05-22 22:00:00,2025,5,22,22,0,Thursday,22:00,Suspected Serious Injury,Dark-Lighted,Clear,Motor Vehicle-In-Transport On Same Roadway,None,KNOXVILLE POLICE DEPT,Other,Unbelted,-,-,-,-,Speeding,-,-,-,-,-,Motorcyclist,-,Knox,Knoxville,5
76995,400263522,0,1,35.18315,-86.267,2,2025-05-22 18:59:00,2025,5,22,18,59,Thursday,18:59,Suspected Serious Injury,Daylight,Clear,Ditch,None,FRANKLIN CO SHERIFFS DEPT,Other,-,-,-,-,-,-,-,-,-,-,-,Motorcyclist,-,Franklin,Not in City Limit,5
76998,400263537,0,1,35.20374,-88.46294,8,2025-05-22 19:33:00,2025,5,22,19,33,Thursday,19:33,Suspected Serious Injury,Dusk,Clear,Ditch,None,THP District 8 - Jackson,THP,Unbelted,-,Drinking,Drug,-,-,-,-,-,-,-,-,-,McNairy,Not in City Limit,5
77006,400263566,0,1,35.84597,-86.66132,3,2025-05-23 04:31:00,2025,5,23,4,31,Friday,04:31,Suspected Serious Injury,Dark-Not Lighted,Clear,"Over Turn, Roll Over",None,THP District 3 - Nashville,THP,Unbelted,-,-,-,-,-,-,-,-,-,-,-,-,Williamson,Not in City Limit,6
77013,400263593,0,1,35.95269,-83.99179,1,2025-05-23 07:27:00,2025,5,23,7,27,Friday,07:27,Suspected Serious Injury,Daylight,Clear,Mail Box,None,KNOXVILLE POLICE DEPT,Other,Unbelted,-,-,-,-,-,-,-,-,-,-,-,-,Knox,Knoxville,6
77020,400263630,1,1,36.08709,-84.56143,1,2025-05-15 06:58:00,2025,5,15,6,58,Thursday,06:58,Fatal,Daylight,Clear,Standing Tree,None,THP District 1 - Knoxville,THP,Unbelted,-,-,-,-,-,-,-,-,-,-,-,-,Morgan,Not in City Limit,5
77026,400263644,0,2,36.02188,-87.33886,3,2025-05-19 14:30:00,2025,5,19,14,30,Monday,14:30,Suspected Serious Injury,Daylight,Clear,Motor Vehicle-In-Transport On Same Roadway,None,DICKSON POLICE DEPT,Other,Unbelted,-,-,-,-,-,-,-,-,-,-,-,-,Dickson,Dickson,2
77027,400263645,0,3,35.90472,-84.59809,1,2025-05-23 08:26:00,2025,5,23,8,26,Friday,08:26,Suspected Serious Injury,Daylight,Clear,Motor Vehicle-In-Transport On Same Roadway,None,HARRIMAN POLICE DEPT,Other,Unbelted,Distracted,-,-,-,-,-,-,-,-,-,-,-,Roane,Harriman,6