OBJECTID,MRN,Fatality,Injury,Latitude,Longitude,THP_District,Collision_Date,Collision_Year,Collision_Month,Collision_Day,Collision_Hour,Collision_Min,Collision_DOW,Collision_Time,Crash_Type,Light_Condition,Weather,First_Harmfu_Event,Work_Zone_Type,Agency_Name,THP,Unbelted,Distracted_Driver,Driver_Drinking,Driver_Drugged,Drowsy_Driver,Speeding_Involved,Pedalcyclist,Pedestrian,Other_Nonmotorist,ATV_Involved,LargeTruck_Involved,Motorcycle_Involved,SchoolBus,County,City,DOW_Nmb
77033,400263689,0,2,36.3681,-86.45934,3,2025-05-23 06:10:00,2025,5,23,6,10,Friday,06:10,Suspected Serious Injury,Daylight,Clear,Motor Vehicle-In-Transport On Same Roadway,None,THP District 3 - Nashville,THP,Unbelted,-,-,-,-,-,-,-,-,-,-,-,-,Sumner,Gallatin,6
77041,400263728,1,0,35.18873,-86.8135,7,2025-05-22 11:05:00,2025,5,22,11,5,Thursday,11:05,Fatal,Daylight,Clear,Motor Vehicle-In-Transport On Same Roadway,None,THP District 7 - Lawrenceburg,THP,Unbelted,-,-,Drug,-,-,-,-,-,-,ATV_Involved,-,-,Lincoln,Not in City Limit,5
77045,400263737,0,1,35.26621,-85.18145,2,2025-05-22 00:00:00,2025,5,22,24,0,Thursday,24:00,Suspected Serious Injury,Daylight,Clear,Other Post/Pole Support,None,SODDY DAISY POLICE DEPT,Other,-,-,-,-,-,-,-,-,-,-,-,Motorcyclist,-,Hamilton,Soddy-Daisy,5
77059,400263796,0,1,35.82863,-83.24126,5,2025-05-21 18:07:00,2025,5,21,18,7,Wednesday,18:07,Suspected Serious Injury,Daylight,Clear,Motor Vehicle-In-Transport On Same Roadway,None,THP District 5 - Fall Branch,THP,Unbelted,-,-,-,-,-,-,-,-,-,-,-,-,Cocke,Not in City Limit,4
77065,400263831,0,3,35.85061,-83.69193,1,2025-05-22 19:51:00,2025,5,22,19,51,Thursday,19:51,Suspected Serious Injury,Daylight,Clear,Motor Vehicle-In-Transport On Same Roadway,None,THP District 1 - Knoxville,THP,Unbelted,-,Drinking,-,-,-,-,-,-,-,-,-,-,Sevier,Not in City Limit,5
77066,400263844,1,0,36.48565,-86.27088,3,2025-05-23 14:23:00,2025,5,23,14,23,Friday,14:23,Fatal,Daylight,Clear,Motor Vehicle-In-Transport On Same Roadway,None,THP District 3 - Nashville,THP,Unbelted,-,-,-,-,-,-,-,-,-,ATV_Involved,-,-,Sumner,Not in City Limit,6
77082,400263901,0,1,35.23124,-88.99999,4,2025-05-22 22:23:00,2025,5,22,22,23,Thursday,22:23,Suspected Serious Injury,Dark-Not Lighted,Clear,Pedestrian,None,THP District 4 - Memphis,THP,Unbelted,-,-,-,-,-,-,Pedestrian,-,-,-,-,-,Hardeman,Not in City Limit,5
77097,400263977,0,1,36.15917,-86.78082,3,2025-05-23 22:02:00,2025,5,23,22,2,Friday,22:02,Suspected Serious Injury,Dark-Lighted,Clear,Motor Vehicle-In-Transport On Same Roadway,None,METROPOLITAN NASHVILLE POLICE DEPT,Other,Unbelted,-,-,-,-,-,-,-,-,-,-,Motorcyclist,-,Davidson,Nashville,6
77098,400263978,0,4,36.0287,-86.63682,3,2025-05-23 22:14:00,2025,5,23,22,14,Friday,22:14,Suspected Serious Injury,Dark-Lighted,Clear,Motor Vehicle-In-Transport On Same Roadway,None,METROPOLITAN NASHVILLE POLICE DEPT,Other,Unbelted,-,-,-,-,-,-,-,-,-,ATV_Involved,-,-,Davidson,Nashville,6
77100,400263994,0,2,36.4655,-82.54185,5,2025-05-23 20:05:00,2025,5,23,20,5,Friday,20:05,Suspected Serious Injury,Daylight,Clear,Motor Vehicle-In-Transport On Same Roadway,None,THP District 5 - Fall Branch,THP,Unbelted,Distracted,-,-,-,-,-,-,-,-,-,-,-,Sullivan,Kingsport,6
77116,400264084,0,1,35.61707,-86.05584,2,2025-05-23 12:23:00,2025,5,23,12,23,Friday,12:23,Suspected Serious Injury,Daylight,Clear,Motor Vehicle-In-Transport On Same Roadway,None,THP District 2 - Chattanooga,THP,Unbelted,-,-,-,-,-,-,-,-,-,-,-,-,Coffee,Manchester,6
77119,400264097,0,1,36.37232,-85.65216,6,2025-05-24 05:40:00,2025,5,24,5,40,Saturday,05:40,Suspected Serious Injury,Dawn,Cloudy,Pedal-Cycle,None,THP District 6 - Cookeville,THP,Unbelted,-,-,-,-,-,Pedalcyclist,-,-,-,-,-,-,Jackson,Gainesboro,7
77121,400264104,0,1,36.42528,-89.04722,8,2025-05-23 09:28:00,2025,5,23,9,28,Friday,09:28,Suspected Serious Injury,Daylight,Clear,Curb,None,UNION CITY POLICE DEPT,Other,Unbelted,-,-,-,-,-,-,-,-,-,-,-,-,Obion,Union City,6
77133,400264166,0,1,35.85458,-83.4976,1,2025-05-24 12:18:00,2025,5,24,12,18,Saturday,12:18,Suspected Serious Injury,Daylight,Clear,Culvert,None,SEVIERVILLE POLICE DEPT,Other,Unbelted,Distracted,Drinking,-,-,-,-,-,-,-,-,-,-,Sevier,Sevierville,7
77137,400264183,0,1,36.50612,-82.39453,5,2025-05-24 12:15:00,2025,5,24,12,15,Saturday,12:15,Suspected Serious Injury,Daylight,Clear,Motor Vehicle-In-Transport On Same Roadway,None,THP District 5 - Fall Branch,THP,Unbelted,-,-,-,-,-,-,-,-,-,-,Motorcyclist,-,Sullivan,Not in City Limit,7
77143,400264200,0,2,35.77137,-83.61778,1,2025-05-24 14:42:00,2025,5,24,14,42,Saturday,14:42,Suspected Serious Injury,Daylight,Clear,Other Non-Collision,None,SEVIER CO SHERIFFS OFFICE,Other,-,-,-,-,-,-,-,-,-,-,-,Motorcyclist,-,Sevier,Not in City Limit,7
77147,400264209,3,2,35.47496,-88.85722,8,2025-05-23 20:26:00,2025,5,23,20,26,Friday,20:26,Fatal,Dusk,Clear,Motor Vehicle-In-Transport On Same Roadway,None,THP District 8 - Jackson,THP,Unbelted,-,-,Drug,-,-,-,-,-,-,-,-,-,Madison,Not in City Limit,6
77151,400264220,0,1,35.41299,-86.87753,7,2025-05-24 13:47:00,2025,5,24,13,47,Saturday,13:47,Suspected Serious Injury,Daylight,Rain,"Over Turn, Roll Over",None,THP District 7 - Lawrenceburg,THP,Unbelted,-,-,-,-,-,-,-,-,-,-,-,-,Marshall,Not in City Limit,7
77165,400264275,1,0,36.44363,-84.91181,6,2025-05-23 23:00:00,2025,5,23,23,0,Friday,23:00,Fatal,Dark-Not Lighted,Clear,Embankment Rock/Stone/Concrete,None,THP District 6 - Cookeville,THP,-,-,Drinking,-,-,-,-,-,-,ATV_Involved,-,-,-,Fentress,Not in City Limit,6
77167,400264288,0,2,36.21672,-86.76346,3,2025-05-24 18:54:00,2025,5,24,18,54,Saturday,18:54,Suspected Serious Injury,Daylight,Clear,Ditch,None,METROPOLITAN NASHVILLE POLICE DEPT,Other,Unbelted,-,-,-,-,Speeding,-,-,-,-,-,-,-,Davidson,Nashville,7
77174,400264300,0,1,35.45204,-89.91868,4,2025-05-24 15:46:00,2025,5,24,15,46,Saturday,15:46,Suspected Serious Injury,Daylight,Clear,Mail Box,None,THP District 4 - Memphis,THP,Unbelted,-,-,-,-,Speeding,-,-,-,-,-,-,-,Tipton,Not in City Limit,7
77176,400264303,1,1,35.26586,-85.884,2,2025-05-24 15:40:00,2025,5,24,15,40,Saturday,15:40,Fatal,Daylight,Clear,Cable Barrier,None,THP District 2 - Chattanooga,THP,-,-,-,Drug,-,-,-,-,-,-,-,Motorcyclist,-,Grundy,Not in City Limit,7
77179,400264312,0,6,36.0648,-86.62848,3,2025-05-24 18:55:00,2025,5,24,18,55,Saturday,18:55,Suspected Serious Injury,Daylight,Clear,Motor Vehicle-In-Transport On Same Roadway,None,METROPOLITAN NASHVILLE POLICE DEPT,Other,Unbelted,-,-,Drug,-,-,-,-,-,-,-,-,-,Davidson,Nashville,7
77193,400264374,0,2,36.18366,-85.4626,6,2025-05-24 05:01:00,2025,5,24,5,1,Saturday,05:01,Suspected Serious Injury,Dawn,Clear,Motor Vehicle-In-Transport On Same Roadway,None,THP District 6 - Cookeville,THP,Unbelted,-,-,Drug,-,-,-,-,-,-,-,-,-,Putnam,Cookeville,7
77195,400264382,0,1,36.12776,-85.67419,6,2025-05-24 23:12:00,2025,5,24,23,12,Saturday,23:12,Suspected Serious Injury,Dark-Not Lighted,Clear,Standing Tree,None,THP District 6 - Cookeville,THP,Unbelted,-,-,-,-,-,-,-,-,-,-,-,-,Putnam,Not in City Limit,7
77196,400264388,0,1,35.63618,-87.0033,7,2025-05-24 23:33:00,2025,5,24,23,33,Saturday,23:33,Suspected Serious Injury,Dark-Lighted,Clear,Culvert,None,COLUMBIA POLICE DEPT,Other,Unbelted,-,-,-,-,-,-,-,-,-,-,-,-,Maury,Columbia,7
77201,400264412,0,1,36.11853,-86.6307,3,2025-05-25 00:00:00,2025,5,25,24,0,Sunday,24:00,Suspected Serious Injury,Dawn,Clear,Embankment Earth,None,METROPOLITAN NASHVILLE POLICE DEPT,Other,Unbelted,-,-,-,Drowsy,-,-,-,-,-,-,-,-,Davidson,Nashville,1
77203,400264421,0,1,35.60525,-84.67316,2,2025-05-23 07:44:00,2025,5,23,7,44,Friday,07:44,Suspected Serious Injury,Daylight,Clear,Motor Vehicle-In-Transport On Same Roadway,None,THP District 2 - Chattanooga,THP,Unbelted,-,-,-,-,-,-,-,-,-,-,-,Direct,Meigs,Not in City Limit,6
77207,400264431,1,0,35.35191,-85.62902,2,2025-05-25 06:30:00,2025,5,25,6,30,Sunday,06:30,Fatal,Daylight,Cloudy,"Over Turn, Roll Over",None,GRUNDY CO SHERIFFS OFFICE,Other,-,-,Drinking,-,-,-,-,-,-,-,-,-,-,Grundy,Not in City Limit,1
77213,400264452,1,0,35.10745,-84.90165,2,2025-05-25 07:00:00,2025,5,25,7,0,Sunday,07:00,Fatal,Daylight,Cloudy,Utility Pole,None,THP District 2 - Chattanooga,THP,Unbelted,-,Drinking,Drug,-,-,-,-,-,-,-,-,-,Bradley,Not in City Limit,1
77217,400264477,0,1,35.47946,-83.933,1,2025-05-25 10:03:00,2025,5,25,10,3,Sunday,10:03,Suspected Serious Injury,Daylight,Cloudy,Motor Vehicle-In-Transport On Same Roadway,None,BLOUNT CO SHERIFFS DEPT,Other,Unbelted,-,-,-,-,-,-,-,-,-,-,Motorcyclist,-,Blount,Not in City Limit,1
77221,400264509,0,1,35.9752,-83.22164,5,2025-05-24 16:44:00,2025,5,24,16,44,Saturday,16:44,Suspected Serious Injury,Daylight,Clear,Motor Vehicle-In-Transport On Different Roadway,None,NEWPORT POLICE DEPT,Other,Unbelted,Distracted,Drinking,-,-,-,-,-,-,-,-,-,-,Cocke,Newport,7
77222,400264515,0,1,36.53609,-81.98269,5,2025-05-25 13:31:00,2025,5,25,13,31,Sunday,13:31,Suspected Serious Injury,Daylight,Clear,Motor Vehicle-In-Transport On Same Roadway,None,THP District 5 - Fall Branch,THP,-,-,-,-,-,-,-,-,-,-,-,Motorcyclist,-,Sullivan,Not in City Limit,1
77223,400264518,2,0,35.9717,-87.53058,7,2025-05-25 00:00:00,2025,5,25,24,0,Sunday,24:00,Fatal,Dark-Not Lighted,Clear,Ditch,None,THP District 7 - Lawrenceburg,THP,Unbelted,-,-,-,-,-,-,-,-,-,-,-,-,Hickman,Not in City Limit,1
77240,400264579,1,0,36.02084,-83.48143,5,2025-05-24 22:01:00,2025,5,24,22,1,Saturday,22:01,Fatal,Daylight,Clear,Guard Rail Face,None,THP District 5 - Fall Branch,THP,-,-,Drinking,-,-,-,-,-,-,-,-,Motorcyclist,-,Jefferson,Not in City Limit,7
77245,400264596,1,1,35.99642,-86.52117,3,2025-05-25 13:59:00,2025,5,25,13,59,Sunday,13:59,Fatal,Daylight,Cloudy,Motor Vehicle-In-Transport On Same Roadway,None,SMYRNA POLICE DEPT,Other,Unbelted,-,-,-,-,Speeding,-,-,-,-,-,Motorcyclist,-,Rutherford,Smyrna,1
77259,400264650,0,2,35.81692,-87.03239,3,2025-05-25 03:40:00,2025,5,25,3,40,Sunday,03:40,Suspected Serious Injury,Dark-Not Lighted,Clear,"Over Turn, Roll Over",None,THP District 3 - Nashville,THP,Unbelted,-,-,-,-,-,-,-,-,-,-,-,-,Williamson,Not in City Limit,1
77268,400264702,0,3,35.31872,-85.72319,2,2025-05-25 19:54:00,2025,5,25,19,54,Sunday,19:54,Suspected Serious Injury,Dusk,Clear,Motor Vehicle-In-Transport On Same Roadway,None,GRUNDY CO SHERIFFS OFFICE,Other,Unbelted,-,-,-,Drowsy,-,-,-,-,-,-,-,-,Grundy,Coalmont,1
77269,400264706,0,1,36.13974,-86.95553,3,2025-05-25 22:20:00,2025,5,25,22,20,Sunday,22:20,Suspected Serious Injury,Dark-Not Lighted,Clear,Guard Rail Face,None,METROPOLITAN NASHVILLE POLICE DEPT,Other,-,-,Drinking,-,-,-,-,-,-,-,-,Motorcyclist,-,Davidson,Nashville,1
77271,400264715,0,2,35.74441,-86.33784,3,2025-05-25 20:44:00,2025,5,25,20,44,Sunday,20:44,Suspected Serious Injury,Dark-Not Lighted,Rain,Embankment Earth,None,THP District 3 - Nashville,THP,Unbelted,-,-,-,-,-,-,-,-,-,-,-,-,Rutherford,Not in City Limit,1
77288,400264778,0,1,36.31348,-82.2401,5,2025-05-21 17:25:00,2025,5,21,17,25,Wednesday,17:25,Suspected Serious Injury,Daylight,Clear,Motor Vehicle-In-Transport On Same Roadway,Construction Zone,THP District 5 - Fall Branch,THP,Unbelted,-,-,-,-,-,-,-,-,-,-,Motorcyclist,-,Carter,Not in City Limit,4
77293,400264822,0,2,36.18712,-82.96475,5,2025-05-25 13:30:00,2025,5,25,13,30,Sunday,13:30,Suspected Serious Injury,Daylight,Clear,Motor Vehicle-In-Transport On Same Roadway,None,THP District 5 - Fall Branch,THP,Unbelted,-,-,-,-,-,-,-,-,-,-,-,-,Greene,Mosheim,1
77299,400264849,0,1,35.56318,-84.76161,2,2025-05-26 08:30:00,2025,5,26,8,30,Monday,08:30,Suspected Serious Injury,Daylight,Rain,Standing Tree,None,THP District 2 - Chattanooga,THP,Unbelted,-,-,-,-,-,-,-,-,-,-,-,-,Meigs,Not in City Limit,2
77303,400264862,0,2,35.49249,-85.30452,2,2025-05-26 12:15:00,2025,5,26,12,15,Monday,12:15,Suspected Serious Injury,Daylight,Clear,Embankment Earth,None,THP District 2 - Chattanooga,THP,Unbelted,-,-,-,-,Speeding,-,-,-,-,-,-,-,Bledsoe,Not in City Limit,2
77317,400264918,0,2,35.40143,-85.37082,2,2025-05-26 14:47:00,2025,5,26,14,47,Monday,14:47,Suspected Serious Injury,Daylight,Cloudy,Motor Vehicle-In-Transport On Different Roadway,None,DUNLAP POLICE DEPT,Other,Unbelted,-,-,-,-,-,-,-,-,-,-,-,-,Sequatchie,Dunlap,2
77324,400264948,0,3,35.50858,-88.32375,8,2025-05-26 15:32:00,2025,5,26,15,32,Monday,15:32,Suspected Serious Injury,Daylight,Rain,Motor Vehicle-In-Transport On Same Roadway,None,THP District 8 - Jackson,THP,Unbelted,Distracted,-,-,-,-,-,-,-,-,-,-,-,Henderson,Reagan,2
77330,400264959,0,1,36.34036,-82.24895,5,2025-05-23 20:34:00,2025,5,23,20,34,Friday,20:34,Suspected Serious Injury,Dusk,Clear,Curb,None,ELIZABETHTON POLICE DEPT,Other,-,Distracted,Drinking,-,-,-,-,-,-,-,-,Motorcyclist,-,Carter,Elizabethton,6
77337,400264990,0,1,35.65086,-84.46402,1,2025-05-23 00:06:00,2025,5,23,0,6,Friday,00:06,Suspected Serious Injury,Dark-Not Lighted,Clear,Motor Vehicle-In-Transport On Same Roadway,None,THP District 1 - Knoxville,THP,Unbelted,-,Drinking,Drug,-,Speeding,-,-,-,-,-,-,-,Monroe,Not in City Limit,6
77339,400264995,0,1,35.73274,-84.45778,1,2025-05-23 19:10:00,2025,5,23,19,10,Friday,19:10,Suspected Serious Injury,Daylight,Clear,Standing Tree,None,THP District 1 - Knoxville,THP,Unbelted,-,-,-,-,-,-,-,-,-,-,-,-,Loudon,Not in City Limit,6
77342,400265013,0,1,36.20852,-86.83912,3,2025-05-26 22:26:00,2025,5,26,22,26,Monday,22:26,Suspected Serious Injury,Dark-Lighted,Rain,Pedestrian,None,METROPOLITAN NASHVILLE POLICE DEPT,Other,Unbelted,-,-,-,-,-,-,Pedestrian,-,-,-,-,-,Davidson,Nashville,2
77347,400265033,0,1,36.00505,-83.87444,1,2025-05-27 01:11:00,2025,5,27,1,11,Tuesday,01:11,Suspected Serious Injury,Dark-Not Lighted,Rain,Motor Vehicle-In-Transport On Same Roadway,None,KNOXVILLE POLICE DEPT,Other,Unbelted,-,-,-,-,-,-,-,-,-,-,-,-,Knox,Knoxville,3
77358,400265085,0,3,36.33537,-86.86976,3,2025-05-24 13:51:00,2025,5,24,13,51,Saturday,13:51,Suspected Serious Injury,Daylight,Cloudy,Motor Vehicle-In-Transport On Same Roadway,None,METROPOLITAN NASHVILLE POLICE DEPT,Other,Unbelted,-,-,-,Drowsy,-,-,-,-,-,-,-,-,Davidson,Joelton,7
77361,400265099,0,1,36.04286,-86.60653,3,2025-05-24 06:33:00,2025,5,24,6,33,Saturday,06:33,Suspected Serious Injury,Daylight,Cloudy,Motor Vehicle-In-Transport On Same Roadway,None,METROPOLITAN NASHVILLE POLICE DEPT,Other,Unbelted,-,-,-,-,-,-,-,-,-,-,Motorcyclist,-,Davidson,Antioch,7
77363,400265104,0,1,36.23751,-83.27143,5,2025-05-27 08:48:00,2025,5,27,8,48,Tuesday,08:48,Suspected Serious Injury,Daylight,Cloudy,Standing Tree,None,MORRISTOWN POLICE DEPT,Other,Unbelted,-,Drinking,-,-,Speeding,-,-,-,-,-,-,-,Hamblen,Morristown,3
77372,400265152,0,1,36.26236,-86.52237,3,2025-05-27 09:32:00,2025,5,27,9,32,Tuesday,09:32,Suspected Serious Injury,Daylight,Clear,Motor Vehicle-In-Transport On Same Roadway,None,THP District 3 - Nashville,THP,Unbelted,-,-,-,-,-,-,-,-,-,-,-,-,Wilson,Not in City Limit,3
77387,400265232,1,0,35.83404,-83.9719,1,2025-05-27 09:32:00,2025,5,27,9,32,Tuesday,09:32,Fatal,Daylight,Clear,Highway Traffic Sign Post,None,ALCOA POLICE DEPARTMENT,Other,Unbelted,-,-,-,-,-,-,-,-,-,-,-,-,Blount,Alcoa,3
77409,400265340,0,3,36.02234,-87.3201,3,2025-05-27 16:52:00,2025,5,27,16,52,Tuesday,16:52,Suspected Serious Injury,Daylight,Clear,Motor Vehicle-In-Transport On Same Roadway,None,THP District 3 - Nashville,THP,Unbelted,-,-,-,-,-,-,-,-,-,-,-,-,Dickson,Not in City Limit,3
77414,400265373,0,1,36.26645,-88.12775,8,2025-05-26 17:42:00,2025,5,26,17,42,Monday,17:42,Suspected Serious Injury,Daylight,Rain,Motor Vehicle-In-Transport On Same Roadway,None,THP District 8 - Jackson,THP,Unbelted,-,-,-,-,Speeding,-,-,-,-,-,-,-,Henry,Not in City Limit,2
77421,400265403,1,0,35.31048,-89.34848,4,2025-05-27 20:05:00,2025,5,27,20,5,Tuesday,20:05,Fatal,Daylight,Cloudy,"Over Turn, Roll Over",None,THP District 4 - Memphis,THP,-,-,-,-,-,-,-,-,-,ATV_Involved,-,-,-,Fayette,Not in City Limit,3
77428,400265432,0,2,36.06203,-87.28479,3,2025-05-26 20:08:00,2025,5,26,20,8,Monday,20:08,Suspected Serious Injury,Dark-Not Lighted,Rain,Embankment Earth,None,THP District 3 - Nashville,THP,Unbelted,-,Drinking,Drug,-,-,-,-,-,-,-,-,-,Dickson,Not in City Limit,2
77435,400265457,0,1,35.99809,-86.79628,3,2025-05-27 23:19:00,2025,5,27,23,19,Tuesday,23:19,Suspected Serious Injury,Dark-Not Lighted,Clear,Standing Tree,None,THP District 3 - Nashville,THP,Unbelted,Distracted,-,-,-,-,-,-,-,-,-,-,-,Williamson,Brentwood,3
77444,400265498,0,1,36.14823,-86.75143,3,2025-05-28 00:00:00,2025,5,28,24,0,Wednesday,24:00,Suspected Serious Injury,Dark-Not Lighted,Clear,"Over Turn, Roll Over",None,METROPOLITAN NASHVILLE POLICE DEPT,Other,Unbelted,-,-,-,-,-,-,-,-,-,ATV_Involved,-,-,Davidson,Nashville,4
77447,400265513,0,1,35.7465,-88.36928,8,2025-05-23 17:09:00,2025,5,23,17,9,Friday,17:09,Suspected Serious Injury,Daylight,Clear,Ditch,None,THP District 8 - Jackson,THP,Unbelted,-,-,-,-,-,-,-,-,-,-,-,-,Henderson,Not in City Limit,6
77452,400265529,0,1,36.14152,-86.7328,3,2025-05-28 06:22:00,2025,5,28,6,22,Wednesday,06:22,Suspected Serious Injury,Daylight,Clear,Motor Vehicle-In-Transport On Same Roadway,None,METROPOLITAN NASHVILLE POLICE DEPT,Other,Unbelted,-,-,-,-,-,-,-,-,-,ATV_Involved,-,-,Davidson,Nashville,4
77454,400265533,0,3,36.14211,-86.67643,3,2025-05-27 15:46:00,2025,5,27,15,46,Tuesday,15:46,Suspected Serious Injury,Daylight,Cloudy,Motor Vehicle-In-Transport On Same Roadway,None,THP District 3 - Nashville,THP,Unbelted,-,-,-,-,-,-,-,-,-,-,-,-,Davidson,Nashville,3
77456,400265560,0,1,35.61929,-88.8132,8,2025-05-28 08:05:00,2025,5,28,8,5,Wednesday,08:05,Suspected Serious Injury,Daylight,Clear,Utility Pole,None,JACKSON POLICE DEPT,Other,Unbelted,-,-,-,-,-,-,-,-,-,-,-,-,Madison,Jackson,4
77464,400265592,0,1,35.80194,-88.78273,8,2025-05-28 07:29:00,2025,5,28,7,29,Wednesday,07:29,Suspected Serious Injury,Daylight,Clear,Motor Vehicle-In-Transport On Same Roadway,None,MEDINA POLICE DEPT,Other,Unbelted,-,-,-,-,-,-,-,-,-,-,-,-,Gibson,Medina,4
77466,400265610,0,3,35.7568,-84.04557,1,2025-05-28 06:49:00,2025,5,28,6,49,Wednesday,06:49,Suspected Serious Injury,Daylight,Cloudy,Motor Vehicle-In-Transport On Same Roadway,None,MARYVILLE POLICE DEPT,Other,Unbelted,Distracted,-,-,-,-,-,-,-,-,-,-,-,Blount,Maryville,4
77481,400265727,0,1,36.14483,-82.69358,5,2025-05-28 16:01:00,2025,5,28,16,1,Wednesday,16:01,Suspected Serious Injury,Daylight,Clear,Ditch,None,THP District 5 - Fall Branch,THP,Unbelted,-,Drinking,-,-,-,-,-,-,-,-,-,-,Greene,Not in City Limit,4
77501,400265829,0,2,35.43151,-84.65299,2,2025-05-28 19:46:00,2025,5,28,19,46,Wednesday,19:46,Suspected Serious Injury,Dusk,Clear,Standing Tree,None,THP District 2 - Chattanooga,THP,Unbelted,-,-,Drug,-,-,-,-,-,-,-,-,-,McMinn,Not in City Limit,4
77503,400265836,0,1,36.20532,-86.99366,3,2025-05-28 20:08:00,2025,5,28,20,8,Wednesday,20:08,Suspected Serious Injury,Dusk,Cloudy,Other Non-Collision,None,THP District 3 - Nashville,THP,-,-,-,-,-,-,-,-,-,-,-,Motorcyclist,-,Cheatham,Not in City Limit,4
77516,400265900,0,1,35.59393,-84.09569,1,2025-05-24 16:20:00,2025,5,24,16,20,Saturday,16:20,Suspected Serious Injury,Daylight,Cloudy,Motor Vehicle-In-Transport On Same Roadway,None,THP District 1 - Knoxville,THP,Unbelted,-,-,-,-,-,-,-,-,-,-,Motorcyclist,-,Blount,Not in City Limit,7
77521,400265935,1,0,36.08439,-88.10377,8,2025-05-28 08:37:00,2025,5,28,8,37,Wednesday,08:37,Fatal,Daylight,Clear,Mail Box,None,THP District 8 - Jackson,THP,Unbelted,-,-,-,-,-,-,-,-,-,-,-,-,Benton,Not in City Limit,4
77523,400265940,0,4,35.9112,-84.88703,6,2025-05-28 07:49:00,2025,5,28,7,49,Wednesday,07:49,Suspected Serious Injury,Daylight,Clear,Motor Vehicle-In-Transport On Same Roadway,None,THP District 6 - Cookeville,THP,Unbelted,-,-,-,-,-,-,-,-,-,-,-,-,Cumberland,Crab Orchard,4
77526,400265948,0,1,36.05017,-86.60744,3,2025-05-29 01:58:00,2025,5,29,1,58,Thursday,01:58,Suspected Serious Injury,Dark-Lighted,Clear,Guard Rail End,None,METROPOLITAN NASHVILLE POLICE DEPT,Other,Unbelted,-,-,-,-,-,-,-,-,-,-,-,-,Davidson,Nashville,5
77529,400265973,0,1,35.63524,-88.84675,8,2025-05-29 08:15:00,2025,5,29,8,15,Thursday,08:15,Suspected Serious Injury,Daylight,Clear,Building,None,JACKSON POLICE DEPT,Other,Unbelted,-,-,-,-,-,-,-,-,-,-,-,-,Madison,Jackson,5
77534,400266002,1,4,35.92897,-86.22991,3,2025-05-29 09:39:00,2025,5,29,9,39,Thursday,09:39,Fatal,Daylight,Rain,Motor Vehicle-In-Transport On Same Roadway,None,THP District 3 - Nashville,THP,Unbelted,-,-,-,-,-,-,-,-,-,-,-,-,Rutherford,Not in City Limit,5
77537,400266045,1,0,36.49732,-85.99496,6,2025-05-28 13:45:00,2025,5,28,13,45,Wednesday,13:45,Fatal,Daylight,Cloudy,Culvert,None,LAFAYETTE POLICE DEPT,Other,Unbelted,-,-,-,-,-,-,-,-,-,-,-,-,Macon,Lafayette,4
77542,400266081,1,1,36.01072,-86.54413,3,2025-05-28 14:39:00,2025,5,28,14,39,Wednesday,14:39,Fatal,Daylight,Cloudy,Motor Vehicle-In-Transport On Same Roadway,None,THP District 3 - Nashville,THP,Unbelted,-,-,Drug,-,Speeding,-,-,-,-,ATV_Involved,-,-,Rutherford,Lavergne,4
77547,400266104,1,0,35.31237,-85.12295,2,2025-05-17 00:00:00,2025,5,17,24,0,Saturday,24:00,Fatal,Dark-Lighted,Rain,Mail Box,None,HAMILTON COUNTY SHERIFF'S OFFICE,Other,-,-,Drinking,Drug,-,-,-,-,-,-,-,Motorcyclist,-,Hamilton,Not in City Limit,7
77554,400266146,0,1,35.27525,-85.145,2,2025-05-28 00:00:00,2025,5,28,24,0,Wednesday,24:00,Suspected Serious Injury,Daylight,Clear,Motor Vehicle-In-Transport On Same Roadway,None,SODDY DAISY POLICE DEPT,Other,Unbelted,-,-,-,-,-,-,-,-,-,-,-,-,Hamilton,Soddy-Daisy,4
77561,400266194,0,1,35.99121,-85.49965,6,2025-05-28 19:00:00,2025,5,28,19,0,Wednesday,19:00,Suspected Serious Injury,Daylight,Clear,Embankment Rock/Stone/Concrete,None,THP District 6 - Cookeville,THP,Unbelted,-,Drinking,Drug,-,Speeding,-,-,-,-,-,-,-,White,Not in City Limit,4
77566,400266230,1,0,36.34188,-86.53275,3,2025-05-27 12:18:00,2025,5,27,12,18,Tuesday,12:18,Fatal,Daylight,Rain,Motor Vehicle-In-Transport On Same Roadway,None,THP District 3 - Nashville,THP,Unbelted,-,-,-,-,Speeding,-,-,-,-,-,Motorcyclist,-,Sumner,Gallatin,3
77570,400266257,0,1,36.29577,-83.28068,5,2025-05-29 18:45:00,2025,5,29,18,45,Thursday,18:45,Suspected Serious Injury,Daylight,Rain,Standing Tree,None,THP District 5 - Fall Branch,THP,Unbelted,-,-,-,-,Speeding,-,-,-,-,-,-,-,Grainger,Not in City Limit,5
77576,400266291,0,1,36.11064,-89.38244,8,2025-05-21 15:33:00,2025,5,21,15,33,Wednesday,15:33,Suspected Serious Injury,Daylight,Clear,Pedestrian,None,THP District 8 - Jackson,THP,Unbelted,Distracted,-,-,-,-,-,Pedestrian,-,-,-,-,Direct,Dyer,Not in City Limit,4