OBJECTID,MRN,Fatality,Injury,Latitude,Longitude,THP_District,Collision_Date,Collision_Year,Collision_Month,Collision_Day,Collision_Hour,Collision_Min,Collision_DOW,Collision_Time,Crash_Type,Light_Condition,Weather,First_Harmfu_Event,Work_Zone_Type,Agency_Name,THP,Unbelted,Distracted_Driver,Driver_Drinking,Driver_Drugged,Drowsy_Driver,Speeding_Involved,Pedalcyclist,Pedestrian,Other_Nonmotorist,ATV_Involved,LargeTruck_Involved,Motorcycle_Involved,SchoolBus,County,City,DOW_Nmb
77579,400266309,0,1,36.15604,-83.52683,5,2025-05-30 01:07:00,2025,5,30,1,7,Friday,01:07,Suspected Serious Injury,Dark-Unknown Lighting,Rain,Standing Tree,None,JEFFERSON CO SHERIFFS DEPT,Other,Unbelted,-,-,-,-,Speeding,-,-,-,-,-,-,-,Jefferson,Not in City Limit,6
77583,400266320,0,1,36.00833,-84.26481,1,2025-05-28 11:24:00,2025,5,28,11,24,Wednesday,11:24,Suspected Serious Injury,Daylight,Clear,Pedestrian,None,OAK RIDGE POLICE DEPT,Other,Unbelted,-,-,-,-,-,-,Pedestrian,-,-,-,-,-,Anderson,Oak Ridge,4
77585,400266324,0,1,36.00446,-83.95293,1,2025-05-29 03:04:00,2025,5,29,3,4,Thursday,03:04,Suspected Serious Injury,Dark-Lighted,Rain,Curb,None,THP District 1 - Knoxville,THP,-,-,-,Drug,-,Speeding,-,-,-,-,-,Motorcyclist,-,Knox,Knoxville,5
77589,400266344,0,1,36.13658,-86.72721,3,2025-05-30 04:28:00,2025,5,30,4,28,Friday,04:28,Suspected Serious Injury,Dark-Lighted,Clear,Wall,None,METROPOLITAN NASHVILLE POLICE DEPT,Other,Unbelted,-,Drinking,-,-,-,-,-,-,-,-,-,-,Davidson,Nashville,6
77590,400266363,0,3,35.54498,-84.56416,2,2025-05-28 08:20:00,2025,5,28,8,20,Wednesday,08:20,Suspected Serious Injury,Daylight,Clear,Motor Vehicle-In-Transport On Same Roadway,None,THP District 2 - Chattanooga,THP,Unbelted,-,-,-,-,-,-,-,-,-,ATV_Involved,-,-,McMinn,Niota,4
77591,400266365,0,1,36.16189,-86.78251,3,2025-05-30 06:35:00,2025,5,30,6,35,Friday,06:35,Suspected Serious Injury,Daylight,Cloudy,Pedal-Cycle,None,METROPOLITAN NASHVILLE POLICE DEPT,Other,Unbelted,-,-,-,-,-,Pedalcyclist,-,-,-,-,-,-,Davidson,Nashville,6
77599,400266421,0,2,36.13329,-86.7688,3,2025-05-30 08:54:00,2025,5,30,8,54,Friday,08:54,Suspected Serious Injury,Daylight,Cloudy,Motor Vehicle-In-Transport On Same Roadway,None,METROPOLITAN NASHVILLE POLICE DEPT,Other,Unbelted,-,-,-,-,Speeding,-,-,-,-,-,-,-,Davidson,Nashville,6
77616,400266509,1,2,36.07395,-86.62642,3,2025-05-29 20:18:00,2025,5,29,20,18,Thursday,20:18,Fatal,Dark-Lighted,Clear,Curb,None,METROPOLITAN NASHVILLE POLICE DEPT,Other,Unbelted,-,-,-,-,Speeding,-,-,-,-,-,-,-,Davidson,Nashville,5
77628,400266581,1,3,35.35033,-84.21112,1,2025-05-29 18:50:00,2025,5,29,18,50,Thursday,18:50,Fatal,Daylight,Rain,Motor Vehicle-In-Transport On Same Roadway,None,THP District 1 - Knoxville,THP,Unbelted,-,-,Drug,-,Speeding,-,-,-,-,-,-,-,Monroe,Not in City Limit,5
77634,400266621,0,1,35.73105,-85.74689,6,2025-05-30 16:37:00,2025,5,30,16,37,Friday,16:37,Suspected Serious Injury,Daylight,Cloudy,Utility Pole,None,THP District 6 - Cookeville,THP,Unbelted,-,-,-,-,Speeding,-,-,-,-,-,-,-,Warren,Not in City Limit,6
77650,400266733,0,1,36.47561,-85.23978,6,2025-05-30 21:15:00,2025,5,30,21,15,Friday,21:15,Suspected Serious Injury,Dark-Not Lighted,Clear,Guard Rail Face,None,THP District 6 - Cookeville,THP,-,-,Drinking,-,-,Speeding,-,-,-,-,-,Motorcyclist,-,Overton,Not in City Limit,6
77660,400266776,0,3,35.75286,-86.96089,7,2025-05-30 20:00:00,2025,5,30,20,0,Friday,20:00,Suspected Serious Injury,Dusk,Clear,Motor Vehicle-In-Transport On Same Roadway,None,SPRING HILL POLICE DEPT,Other,Unbelted,Distracted,-,-,Drowsy,-,-,-,-,-,-,-,-,Maury,Spring Hill,6
77663,400266801,0,1,35.78476,-88.5361,8,2025-05-30 22:55:00,2025,5,30,22,55,Friday,22:55,Suspected Serious Injury,Dark-Not Lighted,Clear,"Over Turn, Roll Over",None,THP District 8 - Jackson,THP,-,-,-,-,-,-,-,-,-,ATV_Involved,-,-,-,Henderson,Not in City Limit,6
77665,400266824,0,2,35.95685,-86.49568,3,2025-05-30 22:33:00,2025,5,30,22,33,Friday,22:33,Suspected Serious Injury,Dark-Lighted,Clear,Motor Vehicle-In-Transport On Same Roadway,None,SMYRNA POLICE DEPT,Other,Unbelted,-,Drinking,-,-,-,-,-,-,-,-,-,-,Rutherford,Smyrna,6
77679,400266912,0,1,36.53821,-82.39165,5,2025-05-31 06:59:00,2025,5,31,6,59,Saturday,06:59,Suspected Serious Injury,Daylight,Cloudy,Embankment Rock/Stone/Concrete,None,THP District 5 - Fall Branch,THP,Unbelted,-,-,Drug,-,-,-,-,-,-,-,-,-,Sullivan,Not in City Limit,7
77685,400266948,0,3,35.70778,-88.80353,8,2025-05-31 10:13:00,2025,5,31,10,13,Saturday,10:13,Suspected Serious Injury,Daylight,Clear,Motor Vehicle-In-Transport On Same Roadway,None,MADISON CO SHERIFFS DEPT,Other,Unbelted,-,-,-,-,-,-,-,-,-,-,-,-,Madison,Oakfield,7
77689,400266967,0,1,35.53273,-88.35515,8,2025-05-31 14:15:00,2025,5,31,14,15,Saturday,14:15,Suspected Serious Injury,Daylight,Clear,Standing Tree,None,THP District 8 - Jackson,THP,Unbelted,-,-,-,-,-,-,-,-,-,-,-,-,Henderson,Not in City Limit,7
77696,400267004,0,1,36.52748,-82.13449,5,2025-05-31 04:16:00,2025,5,31,4,16,Saturday,04:16,Suspected Serious Injury,Dark-Not Lighted,Rain,Embankment Earth,None,SULLIVAN CO SHERIFFS DEPT,Other,Unbelted,-,-,-,-,Speeding,-,-,-,-,-,-,-,Sullivan,Not in City Limit,7
77704,400267034,0,2,36.03042,-87.17112,3,2025-05-31 13:34:00,2025,5,31,13,34,Saturday,13:34,Suspected Serious Injury,Daylight,Clear,Motor Vehicle-In-Transport On Same Roadway,None,THP District 3 - Nashville,THP,Unbelted,-,-,-,-,-,-,-,-,-,ATV_Involved,-,-,Williamson,Fairview,7
77708,400267042,0,1,35.55026,-86.30666,7,2025-05-31 18:52:00,2025,5,31,18,52,Saturday,18:52,Suspected Serious Injury,Daylight,Clear,Guard Rail Face,None,THP District 7 - Lawrenceburg,THP,-,-,-,-,-,-,-,-,-,-,-,Motorcyclist,-,Bedford,Not in City Limit,7
77712,400267050,0,3,35.94684,-86.82184,3,2025-05-31 17:53:00,2025,5,31,17,53,Saturday,17:53,Suspected Serious Injury,Daylight,Clear,Motor Vehicle-In-Transport On Same Roadway,None,FRANKLIN POLICE DEPT,Other,Unbelted,-,-,-,-,-,-,-,-,-,-,-,-,Williamson,Franklin,7
77717,400267066,0,2,36.14108,-85.36531,6,2025-05-31 15:38:00,2025,5,31,15,38,Saturday,15:38,Suspected Serious Injury,Daylight,Clear,Motor Vehicle-In-Transport On Same Roadway,None,THP District 6 - Cookeville,THP,Unbelted,-,-,-,-,Speeding,-,-,-,-,-,-,-,Putnam,Not in City Limit,7
77720,400267074,0,1,35.06249,-87.22916,7,2025-05-31 18:43:00,2025,5,31,18,43,Saturday,18:43,Suspected Serious Injury,Daylight,Clear,Ditch,None,THP District 7 - Lawrenceburg,THP,-,-,-,-,-,-,-,-,-,-,-,-,-,Lawrence,Not in City Limit,7
77727,400267089,0,3,35.98567,-83.88895,1,2025-05-31 21:38:00,2025,5,31,21,38,Saturday,21:38,Suspected Serious Injury,Dark-Not Lighted,Clear,Pedestrian,None,KNOXVILLE POLICE DEPT,Other,Unbelted,-,-,-,-,-,-,Pedestrian,-,-,-,-,-,Knox,Knoxville,7
77731,400267098,0,1,36.13615,-86.72713,3,2025-05-31 22:30:00,2025,5,31,22,30,Saturday,22:30,Suspected Serious Injury,Dark-Lighted,Clear,Other Non-Collision,None,METROPOLITAN NASHVILLE POLICE DEPT,Other,-,-,-,-,-,-,-,-,-,-,-,Motorcyclist,-,Davidson,Nashville,7
77732,400267104,0,1,36.06937,-89.44169,8,2025-05-31 03:50:00,2025,5,31,3,50,Saturday,03:50,Suspected Serious Injury,Dark-Not Lighted,Clear,Motor Vehicle-In-Transport On Same Roadway,None,THP District 8 - Jackson,THP,Unbelted,-,-,-,-,-,-,-,-,-,ATV_Involved,-,-,Dyer,Not in City Limit,7
77733,400267105,0,1,36.18908,-86.82077,3,2025-05-31 22:36:00,2025,5,31,22,36,Saturday,22:36,Suspected Serious Injury,Dark-Lighted,Clear,Other Non-Collision,None,METROPOLITAN NASHVILLE POLICE DEPT,Other,-,-,-,-,-,-,-,-,-,-,-,Motorcyclist,-,Davidson,Nashville,7
77737,400267118,0,5,36.22528,-83.29641,5,2025-05-31 23:12:00,2025,5,31,23,12,Saturday,23:12,Suspected Serious Injury,Dark-Lighted,Clear,Motor Vehicle-In-Transport On Same Roadway,None,MORRISTOWN POLICE DEPT,Other,Unbelted,-,Drinking,-,-,-,-,-,-,-,-,-,-,Hamblen,Morristown,7
77746,400267159,0,1,36.61897,-87.29884,3,2025-06-01 00:29:00,2025,6,1,0,29,Sunday,00:29,Suspected Serious Injury,Dark-Not Lighted,Clear,Motor Vehicle-In-Transport On Same Roadway,None,THP District 3 - Nashville,THP,Unbelted,-,Drinking,-,-,-,-,-,-,-,ATV_Involved,-,-,Montgomery,Clarksville,1
77750,400267168,0,1,36.13962,-86.72494,3,2025-06-01 02:14:00,2025,6,1,2,14,Sunday,02:14,Suspected Serious Injury,Dark-Lighted,Clear,Unknown,None,METROPOLITAN NASHVILLE POLICE DEPT,Other,Unbelted,-,-,-,-,-,-,-,-,-,-,-,-,Davidson,Nashville,1
77752,400267171,0,5,35.83415,-88.09802,8,2025-05-31 11:00:00,2025,5,31,11,0,Saturday,11:00,Suspected Serious Injury,Daylight,Clear,Ditch,None,THP District 8 - Jackson,THP,Unbelted,-,-,-,-,-,-,-,-,-,ATV_Involved,-,-,Decatur,Not in City Limit,7
77756,400267198,0,3,35.36233,-86.88598,7,2025-05-30 05:20:00,2025,5,30,5,20,Friday,05:20,Suspected Serious Injury,Dusk,Clear,Standing Tree,None,THP District 7 - Lawrenceburg,THP,Unbelted,-,-,-,-,-,-,-,-,-,-,-,-,Marshall,Not in City Limit,6
77758,400267207,0,1,36.12342,-87.09824,3,2025-05-31 14:24:00,2025,5,31,14,24,Saturday,14:24,Suspected Serious Injury,Daylight,Clear,Motor Vehicle-In-Transport On Same Roadway,None,THP District 3 - Nashville,THP,Unbelted,-,-,-,-,-,-,-,-,-,-,Motorcyclist,-,Cheatham,Not in City Limit,7
77760,400267212,0,1,35.78981,-86.86124,3,2025-06-01 07:42:00,2025,6,1,7,42,Sunday,07:42,Suspected Serious Injury,Daylight,Clear,Embankment Earth,Construction Zone,THP District 3 - Nashville,THP,Unbelted,-,-,-,-,-,-,-,-,-,-,-,-,Williamson,Not in City Limit,1
77773,400267267,0,1,35.65724,-87.02402,7,2025-06-01 12:20:00,2025,6,1,12,20,Sunday,12:20,Suspected Serious Injury,Daylight,Clear,Ditch,None,THP District 7 - Lawrenceburg,THP,Unbelted,-,-,-,-,-,-,-,-,-,-,-,-,Maury,Not in City Limit,1
77774,400267278,0,1,35.98129,-83.9383,1,2025-06-01 14:11:00,2025,6,1,14,11,Sunday,14:11,Suspected Serious Injury,Daylight,Clear,Bridge/Pier Abutment,None,KNOXVILLE POLICE DEPT,Other,Unbelted,-,-,-,-,-,-,-,-,-,-,-,-,Knox,Knoxville,1
77775,400267279,0,1,35.82964,-86.43638,3,2025-06-01 04:30:00,2025,6,1,4,30,Sunday,04:30,Suspected Serious Injury,Dark-Unknown Lighting,Clear,Parked Motor Vehicle,None,MURFREESBORO POLICE DEPT,Other,-,-,-,-,-,-,-,-,-,-,-,Motorcyclist,-,Rutherford,Murfreesboro,1
77777,400267298,0,1,36.52054,-87.91842,3,2025-06-01 12:55:00,2025,6,1,12,55,Sunday,12:55,Suspected Serious Injury,Daylight,Clear,Other Animal,None,THP District 3 - Nashville,THP,-,-,-,-,-,-,-,-,-,-,-,Motorcyclist,-,Stewart,Not in City Limit,1
77782,400267307,0,1,35.67773,-85.84898,6,2025-06-01 13:46:00,2025,6,1,13,46,Sunday,13:46,Suspected Serious Injury,Daylight,Clear,Ditch,None,THP District 6 - Cookeville,THP,-,-,-,-,-,-,-,-,-,-,-,Motorcyclist,-,Warren,Not in City Limit,1
77801,400267390,0,5,35.23616,-84.85757,2,2025-06-01 17:55:00,2025,6,1,17,55,Sunday,17:55,Suspected Serious Injury,Daylight,Clear,Fire Hydrant,None,THP District 2 - Chattanooga,THP,Unbelted,-,-,-,-,-,-,-,-,-,-,-,-,Bradley,Not in City Limit,1
77802,400267391,0,1,35.96209,-85.07604,6,2025-06-01 14:23:00,2025,6,1,14,23,Sunday,14:23,Suspected Serious Injury,Daylight,Clear,Deer,None,CROSSVILLE POLICE DEPT,Other,-,-,-,-,-,-,-,-,-,-,-,Motorcyclist,-,Cumberland,Crossville,1
77808,400267408,0,1,35.75056,-85.84902,6,2025-06-01 16:15:00,2025,6,1,16,15,Sunday,16:15,Suspected Serious Injury,Daylight,Clear,Ditch,None,THP District 6 - Cookeville,THP,Unbelted,-,Drinking,Drug,-,-,-,-,-,-,-,-,-,Warren,Not in City Limit,1
77810,400267423,1,1,36.22748,-82.16723,5,2025-05-31 21:12:00,2025,5,31,21,12,Saturday,21:12,Fatal,Dark-Not Lighted,Rain,Guard Rail Face,None,THP District 5 - Fall Branch,THP,-,-,-,-,-,Speeding,-,-,-,-,-,Motorcyclist,-,Carter,Not in City Limit,7
77811,400267427,0,1,35.92372,-87.47571,7,2025-06-01 17:46:00,2025,6,1,17,46,Sunday,17:46,Suspected Serious Injury,Daylight,Clear,"Over Turn, Roll Over",None,THP District 7 - Lawrenceburg,THP,-,-,-,-,-,-,-,-,-,-,-,Motorcyclist,-,Hickman,Not in City Limit,1
77813,400267432,1,1,35.92217,-86.86671,3,2025-05-28 02:19:00,2025,5,28,2,19,Wednesday,02:19,Fatal,Dark-Lighted,Clear,Other Post/Pole Support,None,THP District 3 - Nashville,THP,Unbelted,-,Drinking,Drug,-,Speeding,-,-,-,-,-,-,-,Williamson,Franklin,4
77815,400267442,1,0,35.89666,-86.86569,3,2025-06-01 16:26:00,2025,6,1,16,26,Sunday,16:26,Fatal,Daylight,Clear,Curb,None,FRANKLIN POLICE DEPT,Other,Unbelted,-,Drinking,-,-,-,-,-,-,-,-,-,-,Williamson,Franklin,1
77823,400267474,0,1,35.97659,-85.81536,6,2025-05-31 11:10:00,2025,5,31,11,10,Saturday,11:10,Suspected Serious Injury,Daylight,Clear,Building,None,THP District 6 - Cookeville,THP,Unbelted,-,-,-,-,-,-,-,-,-,-,-,-,DeKalb,Not in City Limit,7
77826,400267492,0,1,35.97747,-84.01149,1,2025-06-01 16:24:00,2025,6,1,16,24,Sunday,16:24,Suspected Serious Injury,Daylight,Clear,Motor Vehicle-In-Transport On Same Roadway,None,KNOXVILLE POLICE DEPT,Other,Unbelted,-,-,-,-,-,-,-,-,-,-,Motorcyclist,-,Knox,Knoxville,1
77837,400267530,0,1,36.07271,-83.2633,5,2025-06-02 04:54:00,2025,6,2,4,54,Monday,04:54,Suspected Serious Injury,Dark-Not Lighted,Clear,Other Non-Fixed Object,None,THP District 5 - Fall Branch,THP,Unbelted,-,-,-,-,-,-,Pedestrian,-,-,-,-,-,Jefferson,Not in City Limit,2
77840,400267542,2,29,35.65881,-88.7634,8,2025-05-26 18:45:00,2025,5,26,18,45,Monday,18:45,Fatal,Daylight,Rain,Motor Vehicle-In-Transport On Same Roadway,None,THP District 8 - Jackson,THP,Unbelted,-,-,Drug,-,-,-,-,-,-,-,-,-,Madison,Not in City Limit,2
77842,400267552,0,3,36.47625,-85.55206,6,2025-05-30 22:05:00,2025,5,30,22,5,Friday,22:05,Suspected Serious Injury,Dark-Not Lighted,Cloudy,Standing Tree,None,THP District 6 - Cookeville,THP,Unbelted,-,-,-,-,-,-,-,-,-,-,-,-,Clay,Not in City Limit,6
77844,400267565,0,1,36.07101,-84.13423,1,2025-05-31 16:23:00,2025,5,31,16,23,Saturday,16:23,Suspected Serious Injury,Daylight,Clear,Culvert,None,CLINTON POLICE DEPT,Other,Unbelted,-,-,-,-,-,-,-,-,-,-,-,-,Anderson,Clinton,7
77858,400267646,0,1,35.88973,-87.12032,3,2025-06-02 10:07:00,2025,6,2,10,7,Monday,10:07,Suspected Serious Injury,Daylight,Clear,Bridge Rail,None,THP District 3 - Nashville,THP,Unbelted,-,-,-,-,-,-,-,-,-,-,-,-,Williamson,Not in City Limit,2
77874,400267736,0,5,36.1241,-86.74375,3,2025-05-31 22:11:00,2025,5,31,22,11,Saturday,22:11,Suspected Serious Injury,Dark-Lighted,Clear,Motor Vehicle-In-Transport On Same Roadway,None,METROPOLITAN NASHVILLE POLICE DEPT,Other,Unbelted,-,-,Drug,-,Speeding,-,-,-,-,-,Motorcyclist,-,Davidson,Nashville,7
77882,400267774,0,5,35.02496,-85.5575,2,2025-06-01 18:59:00,2025,6,1,18,59,Sunday,18:59,Suspected Serious Injury,Daylight,Clear,Motor Vehicle-In-Transport On Same Roadway,None,THP District 2 - Chattanooga,THP,Unbelted,-,-,-,-,-,-,-,-,-,ATV_Involved,-,-,Marion,Not in City Limit,1
77884,400267787,0,1,35.92314,-84.06551,1,2025-06-02 00:00:00,2025,6,2,24,0,Monday,24:00,Suspected Serious Injury,Daylight,Clear,Motor Vehicle-In-Transport On Same Roadway,None,KNOXVILLE POLICE DEPT,Other,Unbelted,-,-,-,-,-,-,-,-,-,-,-,-,Knox,Knoxville,2
77886,400267795,0,2,36.19983,-83.28095,5,2025-06-02 15:57:00,2025,6,2,15,57,Monday,15:57,Suspected Serious Injury,Daylight,Clear,Motor Vehicle-In-Transport On Same Roadway,None,MORRISTOWN POLICE DEPT,Other,Unbelted,-,-,-,-,-,-,-,-,-,-,-,-,Hamblen,Morristown,2
77887,400267799,1,0,35.25679,-87.34023,7,2025-06-02 14:33:00,2025,6,2,14,33,Monday,14:33,Fatal,Daylight,Clear,Ditch,None,LAWRENCEBURG POLICE DEPT,Other,Unbelted,-,-,-,-,-,-,-,-,-,-,-,-,Lawrence,Lawrenceburg,2
77888,400267807,1,0,36.46167,-86.67546,3,2025-06-02 12:11:00,2025,6,2,12,11,Monday,12:11,Fatal,Daylight,Clear,Other Post/Pole Support,None,WHITE HOUSE POLICE DEPT,Other,Unbelted,-,-,-,-,Speeding,-,-,-,-,-,-,-,Robertson,White House,2
77891,400267840,0,1,35.95869,-85.28761,6,2025-06-02 15:30:00,2025,6,2,15,30,Monday,15:30,Suspected Serious Injury,Daylight,Clear,Motor Vehicle-In-Transport On Same Roadway,None,THP District 6 - Cookeville,THP,Unbelted,Distracted,-,-,-,-,-,-,-,-,-,-,-,White,Not in City Limit,2
77893,400267851,0,1,36.17816,-82.27029,5,2025-05-31 12:30:00,2025,5,31,12,30,Saturday,12:30,Suspected Serious Injury,Daylight,Clear,Ditch,None,THP District 5 - Fall Branch,THP,-,-,-,-,-,-,-,-,-,-,-,Motorcyclist,-,Unicoi,Not in City Limit,7
77898,400267880,0,1,36.1943,-86.20926,3,2025-06-01 18:07:00,2025,6,1,18,7,Sunday,18:07,Suspected Serious Injury,Daylight,Clear,Motor Vehicle-In-Transport On Same Roadway,None,THP District 3 - Nashville,THP,Unbelted,-,-,-,-,-,-,-,-,-,-,Motorcyclist,-,Wilson,Not in City Limit,1
77905,400267928,0,1,36.53808,-87.58045,3,2025-05-28 20:08:00,2025,5,28,20,8,Wednesday,20:08,Suspected Serious Injury,Dark-Not Lighted,Clear,Standing Tree,None,THP District 3 - Nashville,THP,Unbelted,-,-,-,-,-,-,-,-,-,ATV_Involved,-,-,Montgomery,Not in City Limit,4
77909,400267945,0,1,35.99329,-83.6729,1,2025-06-02 01:41:00,2025,6,2,1,41,Monday,01:41,Suspected Serious Injury,Dark-Not Lighted,Clear,Motor Vehicle-In-Transport On Same Roadway,Work Zone,KNOX CO SHERIFFS OFFICE,Other,Unbelted,-,-,-,-,-,-,-,-,-,-,-,-,Knox,Not in City Limit,2
77914,400267958,0,1,35.75056,-86.93074,7,2025-06-02 20:38:00,2025,6,2,20,38,Monday,20:38,Suspected Serious Injury,Dark-Not Lighted,Clear,Pedestrian,None,SPRING HILL POLICE DEPT,Other,Unbelted,-,-,-,-,-,-,Pedestrian,-,-,-,-,-,Maury,Spring Hill,2
77915,400267959,0,1,35.90241,-84.14693,1,2025-06-02 23:00:00,2025,6,2,23,0,Monday,23:00,Suspected Serious Injury,Dark-Not Lighted,Clear,Pedal-Cycle,None,KNOXVILLE POLICE DEPT,Other,Unbelted,-,-,-,-,-,Pedalcyclist,-,-,-,-,-,-,Knox,Knoxville,2
77917,400267978,0,2,35.62622,-88.61383,8,2025-06-02 00:00:00,2025,6,2,24,0,Monday,24:00,Suspected Serious Injury,Dark-Not Lighted,Clear,Mail Box,None,MADISON CO SHERIFFS DEPT,Other,-,-,-,-,-,-,-,-,-,-,-,Motorcyclist,-,Madison,Not in City Limit,2
77928,400268025,1,0,36.16047,-88.72862,8,2025-05-29 18:29:00,2025,5,29,18,29,Thursday,18:29,Fatal,Daylight,Clear,Boulder,None,THP District 8 - Jackson,THP,-,-,-,-,-,-,-,-,-,-,-,Motorcyclist,-,Weakley,Not in City Limit,5
77929,400268026,0,3,35.49209,-84.94115,2,2025-06-02 15:43:00,2025,6,2,15,43,Monday,15:43,Suspected Serious Injury,Daylight,Clear,Other Post/Pole Support,None,THP District 2 - Chattanooga,THP,Unbelted,-,-,-,-,Speeding,-,-,-,-,-,-,-,Rhea,Not in City Limit,2
77952,400268174,0,2,36.06148,-85.06158,6,2025-06-03 12:35:00,2025,6,3,12,35,Tuesday,12:35,Suspected Serious Injury,Daylight,Clear,Motor Vehicle-In-Transport On Same Roadway,Construction Zone,THP District 6 - Cookeville,THP,Unbelted,Distracted,-,-,-,-,-,-,-,-,ATV_Involved,-,-,Cumberland,Not in City Limit,3
77982,400268305,0,2,36.0274,-83.54323,5,2025-06-03 17:10:00,2025,6,3,17,10,Tuesday,17:10,Suspected Serious Injury,Daylight,Clear,Motor Vehicle-In-Transport On Same Roadway,None,THP District 5 - Fall Branch,THP,Unbelted,-,-,-,-,-,-,-,-,-,-,Motorcyclist,-,Jefferson,Not in City Limit,3
77998,400268385,0,1,35.47824,-84.817,2,2025-06-02 23:16:00,2025,6,2,23,16,Monday,23:16,Suspected Serious Injury,Dark-Not Lighted,Clear,Other Fixed Object,None,THP District 2 - Chattanooga,THP,Unbelted,-,-,-,-,-,-,-,-,-,-,-,-,Meigs,Not in City Limit,2
78001,400268406,0,1,35.92277,-86.51834,3,2025-06-03 22:03:00,2025,6,3,22,3,Tuesday,22:03,Suspected Serious Injury,Dark-Lighted,Clear,Cable Barrier,None,THP District 3 - Nashville,THP,Unbelted,-,-,-,-,-,-,-,-,-,-,-,-,Rutherford,Smyrna,3
78005,400268435,0,1,36.20598,-86.76968,3,2025-06-03 19:12:00,2025,6,3,19,12,Tuesday,19:12,Suspected Serious Injury,Daylight,Clear,Motor Vehicle-In-Transport On Same Roadway,None,METROPOLITAN NASHVILLE POLICE DEPT,Other,Unbelted,-,-,-,-,-,-,-,-,-,-,Motorcyclist,-,Davidson,Nashville,3
78013,400268466,0,1,35.13665,-88.59924,8,2025-06-02 19:01:00,2025,6,2,19,1,Monday,19:01,Suspected Serious Injury,Daylight,Clear,"Over Turn, Roll Over",None,THP District 8 - Jackson,THP,-,-,-,-,-,-,-,-,-,-,-,Motorcyclist,-,McNairy,Not in City Limit,2
78014,400268472,1,0,35.93897,-84.11372,1,2025-06-04 01:05:00,2025,6,4,1,5,Wednesday,01:05,Fatal,Dark-Not Lighted,Clear,Pedestrian,None,KNOX CO SHERIFFS OFFICE,Other,Unbelted,-,-,-,-,-,-,Pedestrian,-,-,-,-,-,Knox,Not in City Limit,4
78016,400268483,0,1,36.36903,-86.88894,3,2025-06-04 04:56:00,2025,6,4,4,56,Wednesday,04:56,Suspected Serious Injury,Dark-Not Lighted,Clear,Utility Pole,None,METROPOLITAN NASHVILLE POLICE DEPT,Other,Unbelted,-,-,-,Drowsy,-,-,-,-,-,-,-,-,Davidson,Nashville,4
78018,400268496,0,3,36.53391,-87.80938,3,2025-05-29 13:24:00,2025,5,29,13,24,Thursday,13:24,Suspected Serious Injury,Daylight,Clear,Motor Vehicle-In-Transport On Same Roadway,None,THP District 3 - Nashville,THP,Unbelted,-,-,-,-,-,-,-,-,-,-,-,-,Stewart,Not in City Limit,5
78024,400268525,0,1,35.89509,-84.84286,6,2025-06-04 06:25:00,2025,6,4,6,25,Wednesday,06:25,Suspected Serious Injury,Daylight,Clear,Motor Vehicle-In-Transport On Same Roadway,None,THP District 6 - Cookeville,THP,Unbelted,-,-,-,-,-,-,-,-,-,ATV_Involved,-,-,Cumberland,Not in City Limit,4
78028,400268562,0,1,35.23143,-85.14474,2,2025-06-03 06:00:00,2025,6,3,6,0,Tuesday,06:00,Suspected Serious Injury,Dark-Not Lighted,Clear,Pedal-Cycle,None,HAMILTON COUNTY SHERIFF'S OFFICE,Other,Unbelted,-,-,-,-,-,Pedalcyclist,-,-,-,-,-,-,Hamilton,Not in City Limit,3
78032,400268591,1,0,36.61431,-86.42313,3,2025-06-04 10:26:00,2025,6,4,10,26,Wednesday,10:26,Fatal,Daylight,Clear,Standing Tree,None,THP District 3 - Nashville,THP,Unbelted,-,-,-,-,-,-,-,-,-,-,-,-,Sumner,Not in City Limit,4
78034,400268598,0,1,36.09483,-84.13285,1,2025-05-31 21:16:00,2025,5,31,21,16,Saturday,21:16,Suspected Serious Injury,Dark-Lighted,Clear,Motor Vehicle-In-Transport On Same Roadway,None,CLINTON POLICE DEPT,Other,Unbelted,-,Drinking,-,-,-,-,-,-,-,-,-,-,Anderson,Clinton,7
78049,400268684,0,1,36.2467,-86.75686,3,2025-06-04 14:04:00,2025,6,4,14,4,Wednesday,14:04,Suspected Serious Injury,Daylight,Clear,Motor Vehicle-In-Transport On Same Roadway,None,METROPOLITAN NASHVILLE POLICE DEPT,Other,Unbelted,-,-,-,-,-,-,-,-,-,-,Motorcyclist,-,Davidson,Nashville,4
78054,400268723,0,1,36.12211,-86.80439,3,2025-06-04 14:50:00,2025,6,4,14,50,Wednesday,14:50,Suspected Serious Injury,Daylight,Clear,Concrete Traffic Barrier,None,METROPOLITAN NASHVILLE POLICE DEPT,Other,Unbelted,-,-,-,-,-,-,-,-,-,-,-,-,Davidson,Nashville,4
78056,400268733,0,1,35.70276,-89.64377,4,2025-06-01 15:55:00,2025,6,1,15,55,Sunday,15:55,Suspected Serious Injury,Daylight,Clear,Other Fixed Object,None,THP District 4 - Memphis,THP,Unbelted,-,Drinking,Drug,-,-,-,-,-,-,-,-,-,Lauderdale,Not in City Limit,1