OBJECTID,MRN,Fatality,Injury,Latitude,Longitude,THP_District,Collision_Date,Collision_Year,Collision_Month,Collision_Day,Collision_Hour,Collision_Min,Collision_DOW,Collision_Time,Crash_Type,Light_Condition,Weather,First_Harmfu_Event,Work_Zone_Type,Agency_Name,THP,Unbelted,Distracted_Driver,Driver_Drinking,Driver_Drugged,Drowsy_Driver,Speeding_Involved,Pedalcyclist,Pedestrian,Other_Nonmotorist,ATV_Involved,LargeTruck_Involved,Motorcycle_Involved,SchoolBus,County,City,DOW_Nmb
78066,400268780,0,3,35.87827,-89.42393,4,2025-06-01 21:39:00,2025,6,1,21,39,Sunday,21:39,Suspected Serious Injury,Dark-Lighted,Clear,Motor Vehicle-In-Transport On Same Roadway,None,THP District 4 - Memphis,THP,Unbelted,-,Drinking,Drug,-,-,-,-,-,-,-,-,-,Lauderdale,Not in City Limit,1
78068,400268784,1,6,35.71219,-83.5169,1,2025-06-01 16:23:00,2025,6,1,16,23,Sunday,16:23,Fatal,Daylight,Cloudy,Pedestrian,None,THP District 1 - Knoxville,THP,Unbelted,-,-,-,-,-,-,Pedestrian,-,-,-,-,-,Sevier,Gatlinburg,1
78078,400268829,1,0,36.03999,-86.42931,3,2025-06-04 14:25:00,2025,6,4,14,25,Wednesday,14:25,Fatal,Daylight,Clear,Bridge/Pier Abutment,None,THP District 3 - Nashville,THP,Unbelted,-,-,-,-,-,-,-,-,-,-,-,-,Rutherford,Not in City Limit,4
78080,400268844,0,3,35.88275,-83.46533,1,2025-06-04 16:33:00,2025,6,4,16,33,Wednesday,16:33,Suspected Serious Injury,Daylight,Clear,Motor Vehicle-In-Transport On Same Roadway,None,THP District 1 - Knoxville,THP,Unbelted,-,-,-,-,-,-,-,-,-,-,-,-,Sevier,Not in City Limit,4
78086,400268875,0,1,35.23169,-87.08334,7,2025-06-04 20:24:00,2025,6,4,20,24,Wednesday,20:24,Suspected Serious Injury,Dark-Not Lighted,Clear,Utility Pole,None,THP District 7 - Lawrenceburg,THP,Unbelted,-,-,-,-,-,-,-,-,-,-,-,-,Giles,Not in City Limit,4
78094,400268911,0,1,35.56481,-88.86759,8,2025-06-04 00:00:00,2025,6,4,24,0,Wednesday,24:00,Suspected Serious Injury,Dark-Not Lighted,Clear,Standing Tree,None,MADISON CO SHERIFFS DEPT,Other,Unbelted,-,-,-,-,-,-,-,-,-,-,-,-,Madison,Not in City Limit,4
78096,400268915,0,1,35.98092,-83.82007,1,2025-06-04 18:41:00,2025,6,4,18,41,Wednesday,18:41,Suspected Serious Injury,Daylight,Clear,Ditch,None,KNOX CO SHERIFFS OFFICE,Other,-,-,Drinking,-,-,-,-,-,-,-,-,Motorcyclist,-,Knox,Not in City Limit,4
78110,400268962,0,1,35.32124,-84.79066,2,2025-06-05 06:05:00,2025,6,5,6,5,Thursday,06:05,Suspected Serious Injury,Dark-Not Lighted,Clear,Standing Tree,None,THP District 2 - Chattanooga,THP,Unbelted,-,-,-,Drowsy,-,-,-,-,-,-,-,-,McMinn,Not in City Limit,5
78111,400268972,0,2,35.27453,-85.13795,2,2025-06-05 06:40:00,2025,6,5,6,40,Thursday,06:40,Suspected Serious Injury,Dawn,Clear,Motor Vehicle-In-Transport On Same Roadway,None,SODDY DAISY POLICE DEPT,Other,Unbelted,-,-,-,-,-,-,-,-,-,-,-,-,Hamilton,Soddy-Daisy,5
78116,400268997,0,3,35.943,-88.5707,8,2025-05-31 22:45:00,2025,5,31,22,45,Saturday,22:45,Suspected Serious Injury,Dark-Not Lighted,Clear,Motor Vehicle-In-Transport On Same Roadway,None,THP District 8 - Jackson,THP,Unbelted,-,Drinking,Drug,-,-,-,-,-,-,-,-,-,Carroll,Not in City Limit,7
78125,400269040,1,0,35.78296,-87.5303,7,2025-06-05 05:05:00,2025,6,5,5,5,Thursday,05:05,Fatal,Dawn,Clear,Motor Vehicle-In-Transport On Same Roadway,None,THP District 7 - Lawrenceburg,THP,Unbelted,-,-,-,-,-,-,-,-,-,ATV_Involved,-,-,Hickman,Not in City Limit,5
78129,400269070,1,1,35.43126,-88.64463,8,2025-06-05 08:37:00,2025,6,5,8,37,Thursday,08:37,Fatal,Daylight,Cloudy,Motor Vehicle-In-Transport On Same Roadway,None,THP District 8 - Jackson,THP,Unbelted,Distracted,-,-,-,-,-,-,-,-,ATV_Involved,-,-,Chester,Henderson,5
78130,400269072,0,1,36.52516,-87.5378,3,2025-06-02 14:18:00,2025,6,2,14,18,Monday,14:18,Suspected Serious Injury,Daylight,Clear,Motor Vehicle-In-Transport On Same Roadway,None,THP District 3 - Nashville,THP,Unbelted,-,-,-,-,-,-,-,-,-,-,-,-,Montgomery,Woodlawn,2
78146,400269152,0,1,35.48451,-86.07716,2,2025-06-05 13:21:00,2025,6,5,13,21,Thursday,13:21,Suspected Serious Injury,Daylight,Clear,Motor Vehicle-In-Transport On Same Roadway,None,MANCHESTER POLICE DEPT,Other,Unbelted,-,-,-,-,-,-,-,-,-,-,-,-,Coffee,Manchester,5
78171,400269291,0,4,35.96728,-84.08061,1,2025-06-05 18:36:00,2025,6,5,18,36,Thursday,18:36,Suspected Serious Injury,Daylight,Clear,Motor Vehicle-In-Transport On Same Roadway,None,THP District 1 - Knoxville,THP,Unbelted,-,-,-,-,-,-,-,-,-,-,-,-,Knox,Not in City Limit,5
78173,400269298,0,5,36.18883,-86.27936,3,2025-06-05 12:55:00,2025,6,5,12,55,Thursday,12:55,Suspected Serious Injury,Daylight,Clear,Motor Vehicle-In-Transport On Same Roadway,None,LEBANON POLICE DEPT,Other,Unbelted,-,-,-,-,-,-,-,-,-,-,-,-,Wilson,Lebanon,5
78176,400269305,0,1,36.1121,-86.70965,3,2025-06-05 17:38:00,2025,6,5,17,38,Thursday,17:38,Suspected Serious Injury,Daylight,Clear,Motor Vehicle-In-Transport On Same Roadway,None,METROPOLITAN NASHVILLE POLICE DEPT,Other,Unbelted,-,-,-,-,-,-,-,-,-,-,Motorcyclist,-,Davidson,Nashville,5
78179,400269320,0,1,36.31205,-86.59502,3,2025-06-05 00:00:00,2025,6,5,24,0,Thursday,24:00,Suspected Serious Injury,Daylight,Clear,Pedal-Cycle,None,HENDERSONVILLE POLICE DEPT,Other,Unbelted,-,-,-,-,-,Pedalcyclist,-,-,-,-,-,-,Sumner,Hendersonville,5
78188,400269396,0,1,35.92744,-84.04898,1,2025-06-05 17:21:00,2025,6,5,17,21,Thursday,17:21,Suspected Serious Injury,Daylight,Clear,Motor Vehicle-In-Transport On Same Roadway,None,KNOXVILLE POLICE DEPT,Other,Unbelted,-,-,-,-,-,-,-,-,-,-,-,-,Knox,Knoxville,5
78198,400269437,0,1,36.1106,-86.71636,3,2025-06-05 23:35:00,2025,6,5,23,35,Thursday,23:35,Suspected Serious Injury,Dark-Not Lighted,Clear,Curb,None,METROPOLITAN NASHVILLE POLICE DEPT,Other,Unbelted,-,-,-,-,-,-,-,-,-,-,-,-,Davidson,Nashville,5
78202,400269463,0,1,36.62593,-86.57547,3,2025-06-05 15:29:00,2025,6,5,15,29,Thursday,15:29,Suspected Serious Injury,Daylight,Clear,Concrete Traffic Barrier,None,THP District 3 - Nashville,THP,Unbelted,-,-,-,-,-,-,-,-,-,ATV_Involved,-,-,Sumner,Portland,5
78206,400269480,0,2,35.15291,-85.39503,2,2025-06-05 13:02:00,2025,6,5,13,2,Thursday,13:02,Suspected Serious Injury,Daylight,Clear,Motor Vehicle-In-Transport On Same Roadway,None,THP District 2 - Chattanooga,THP,Unbelted,-,-,-,-,-,-,-,-,-,-,-,-,Marion,Not in City Limit,5
78220,400269542,0,3,36.12254,-83.85328,1,2025-06-03 14:49:00,2025,6,3,14,49,Tuesday,14:49,Suspected Serious Injury,Daylight,Clear,Motor Vehicle-In-Transport On Same Roadway,None,THP District 1 - Knoxville,THP,Unbelted,-,Drinking,-,-,-,-,-,-,-,-,-,-,Knox,Not in City Limit,3
78228,400269566,0,2,36.01896,-87.33955,3,2025-06-06 09:19:00,2025,6,6,9,19,Friday,09:19,Suspected Serious Injury,Daylight,Rain,Motor Vehicle-In-Transport On Same Roadway,None,THP District 3 - Nashville,THP,Unbelted,-,-,-,-,Speeding,-,-,-,-,-,-,-,Dickson,Dickson,6
78254,400269700,0,4,36.32421,-86.5974,3,2025-06-06 15:07:00,2025,6,6,15,7,Friday,15:07,Suspected Serious Injury,Daylight,Rain,Motor Vehicle-In-Transport On Same Roadway,None,HENDERSONVILLE POLICE DEPT,Other,Unbelted,-,-,-,-,-,-,-,-,-,-,-,-,Sumner,Hendersonville,6
78263,400269741,0,2,35.92124,-83.87352,1,2025-06-06 16:24:00,2025,6,6,16,24,Friday,16:24,Suspected Serious Injury,Daylight,Clear,Ditch,None,KNOXVILLE POLICE DEPT,Other,-,-,-,-,-,-,-,-,-,-,-,Motorcyclist,-,Knox,Knoxville,6
78290,400269864,0,1,35.89533,-87.63944,7,2025-06-06 20:00:00,2025,6,6,20,0,Friday,20:00,Suspected Serious Injury,Dark-Lighted,Rain,Ditch,None,THP District 7 - Lawrenceburg,THP,Unbelted,-,-,-,-,-,-,-,-,-,-,-,-,Hickman,Not in City Limit,6
78294,400269875,1,0,35.47933,-86.80775,7,2025-06-06 17:52:00,2025,6,6,17,52,Friday,17:52,Fatal,Daylight,Clear,Pedestrian,None,THP District 7 - Lawrenceburg,THP,Unbelted,-,-,-,-,-,-,Pedestrian,-,-,-,-,-,Marshall,Lewisburg,6
78301,400269897,3,6,34.99577,-85.2076,2,2025-05-11 17:17:00,2025,5,11,17,17,Sunday,17:17,Fatal,Daylight,Clear,Motor Vehicle-In-Transport On Same Roadway,None,EAST RIDGE POLICE DEPT,Other,Unbelted,-,-,-,-,-,-,-,-,-,ATV_Involved,-,-,Hamilton,East Ridge,1
78304,400269916,0,1,35.48569,-84.98304,2,2025-06-03 18:22:00,2025,6,3,18,22,Tuesday,18:22,Suspected Serious Injury,Daylight,Clear,Unknown,None,RHEA CO SHERIFFS DEPT,Other,-,-,-,-,-,-,-,-,-,-,-,Motorcyclist,-,Rhea,Not in City Limit,3
78323,400270008,0,1,35.20981,-84.60335,2,2025-06-06 10:12:00,2025,6,6,10,12,Friday,10:12,Suspected Serious Injury,Daylight,Clear,Motor Vehicle-In-Transport On Same Roadway,None,THP District 2 - Chattanooga,THP,Unbelted,-,-,-,-,-,-,-,-,-,ATV_Involved,-,-,Polk,Not in City Limit,6
78328,400270031,1,0,36.03369,-88.27433,8,2025-06-04 16:20:00,2025,6,4,16,20,Wednesday,16:20,Fatal,Daylight,Clear,Motor Vehicle-In-Transport On Same Roadway,None,THP District 8 - Jackson,THP,Unbelted,-,-,-,-,-,-,-,-,-,ATV_Involved,-,-,Carroll,Hollow Rock,4
78342,400270107,0,2,36.41673,-81.7679,5,2025-06-07 12:30:00,2025,6,7,12,30,Saturday,12:30,Suspected Serious Injury,Daylight,Rain,Embankment Rock/Stone/Concrete,None,THP District 5 - Fall Branch,THP,-,-,-,-,-,-,-,-,-,-,-,Motorcyclist,-,Johnson,Not in City Limit,7
78359,400270179,0,2,36.17223,-83.80653,5,2025-06-02 16:04:00,2025,6,2,16,4,Monday,16:04,Suspected Serious Injury,Daylight,Clear,Motor Vehicle-In-Transport On Same Roadway,None,PLAINVIEW POLICE DEPT,Other,Unbelted,-,-,-,-,-,-,-,-,-,-,-,-,Union,Plainview,2
78365,400270206,0,2,35.92457,-84.09399,1,2025-06-07 15:16:00,2025,6,7,15,16,Saturday,15:16,Suspected Serious Injury,Daylight,Clear,Motor Vehicle-In-Transport On Same Roadway,None,KNOX CO SHERIFFS OFFICE,Other,Unbelted,-,-,-,-,-,-,-,-,-,-,-,-,Knox,Not in City Limit,7
78371,400270229,0,2,36.48644,-87.15958,3,2025-06-07 16:06:00,2025,6,7,16,6,Saturday,16:06,Suspected Serious Injury,Daylight,Clear,Ditch,None,THP District 3 - Nashville,THP,Unbelted,-,-,-,-,-,-,-,-,-,ATV_Involved,-,-,Montgomery,Not in City Limit,7
78376,400270253,0,2,36.51437,-86.26402,3,2025-06-07 04:22:00,2025,6,7,4,22,Saturday,04:22,Suspected Serious Injury,Dark-Not Lighted,Clear,Motor Vehicle-In-Transport On Same Roadway,None,SUMNER CO SHERIFFS OFFICE,Other,Unbelted,-,Drinking,Drug,-,-,-,-,-,-,-,-,-,Sumner,Not in City Limit,7
78379,400270257,0,1,35.73312,-87.65346,7,2025-06-07 19:37:00,2025,6,7,19,37,Saturday,19:37,Suspected Serious Injury,Daylight,Blowing Sand/Soil/Dirt,Ditch,None,THP District 7 - Lawrenceburg,THP,-,-,-,-,-,-,-,-,-,-,-,Motorcyclist,-,Hickman,Not in City Limit,7
78380,400270266,1,0,35.03056,-87.63307,7,2025-06-07 17:15:00,2025,6,7,17,15,Saturday,17:15,Fatal,Daylight,Clear,Ditch,None,THP District 7 - Lawrenceburg,THP,Unbelted,-,-,-,-,-,-,-,-,-,-,-,-,Wayne,Not in City Limit,7
78384,400270278,0,1,35.63392,-84.89858,2,2025-06-03 22:36:00,2025,6,3,22,36,Tuesday,22:36,Suspected Serious Injury,Dark-Not Lighted,Clear,Standing Tree,None,RHEA CO SHERIFFS DEPT,Other,Unbelted,-,-,-,-,-,-,-,-,-,-,-,-,Rhea,Not in City Limit,3
78390,400270295,0,1,35.89302,-83.80461,1,2025-06-07 18:25:00,2025,6,7,18,25,Saturday,18:25,Suspected Serious Injury,Daylight,Cloudy,Ditch,None,THP District 1 - Knoxville,THP,-,-,Drinking,-,-,-,-,-,-,-,-,Motorcyclist,-,Knox,Not in City Limit,7
78405,400270369,0,1,35.89785,-83.8129,1,2025-06-08 04:43:00,2025,6,8,4,43,Sunday,04:43,Suspected Serious Injury,Dark-Not Lighted,Clear,Pedal-Cycle,None,KNOX CO SHERIFFS OFFICE,Other,Unbelted,-,-,-,-,-,Pedalcyclist,-,-,-,-,-,-,Knox,Not in City Limit,1
78406,400270370,0,1,35.68915,-83.759,1,2025-06-07 22:16:00,2025,6,7,22,16,Saturday,22:16,Suspected Serious Injury,Dark-Not Lighted,Clear,Pedestrian,None,BLOUNT CO SHERIFFS DEPT,Other,Unbelted,-,-,-,-,-,-,Pedestrian,-,-,-,-,-,Blount,Not in City Limit,7
78409,400270391,0,1,35.48659,-88.43599,8,2025-06-07 13:07:00,2025,6,7,13,7,Saturday,13:07,Suspected Serious Injury,Daylight,Rain,"Over Turn, Roll Over",None,THP District 8 - Jackson,THP,Unbelted,-,-,-,-,-,-,-,-,-,-,-,-,Chester,Not in City Limit,7
78422,400270450,0,1,35.23927,-87.32052,7,2025-06-08 10:43:00,2025,6,8,10,43,Sunday,10:43,Suspected Serious Injury,Daylight,Clear,Pedestrian,None,LAWRENCEBURG POLICE DEPT,Other,Unbelted,-,-,-,-,-,-,Pedestrian,-,-,-,-,-,Lawrence,Lawrenceburg,1
78426,400270465,0,2,36.17178,-86.86538,3,2025-06-08 12:05:00,2025,6,8,12,5,Sunday,12:05,Suspected Serious Injury,Daylight,Clear,Motor Vehicle-In-Transport On Same Roadway,None,METROPOLITAN NASHVILLE POLICE DEPT,Other,Unbelted,-,-,-,-,-,-,-,-,-,-,-,-,Davidson,Nashville,1
78431,400270493,0,2,35.87142,-84.18172,1,2025-06-08 10:27:00,2025,6,8,10,27,Sunday,10:27,Suspected Serious Injury,Daylight,Clear,Motor Vehicle-In-Transport On Same Roadway,None,THP District 1 - Knoxville,THP,Unbelted,-,-,-,-,-,-,-,-,-,-,-,-,Knox,Farragut,1
78436,400270517,0,1,36.14414,-86.69179,3,2025-06-08 13:13:00,2025,6,8,13,13,Sunday,13:13,Suspected Serious Injury,Daylight,Clear,"Over Turn, Roll Over",None,METROPOLITAN NASHVILLE POLICE DEPT,Other,Unbelted,-,-,-,-,-,-,-,-,-,-,-,-,Davidson,Nashville,1
78439,400270537,0,2,35.84812,-86.35338,3,2025-06-07 20:33:00,2025,6,7,20,33,Saturday,20:33,Suspected Serious Injury,Dark-Lighted,Clear,Motor Vehicle-In-Transport On Same Roadway,None,MURFREESBORO POLICE DEPT,Other,Unbelted,-,-,-,-,-,-,-,-,-,-,-,-,Rutherford,Murfreesboro,7
78443,400270561,0,2,36.02054,-83.55167,5,2025-06-08 11:20:00,2025,6,8,11,20,Sunday,11:20,Suspected Serious Injury,Daylight,Clear,Motor Vehicle-In-Transport On Same Roadway,None,THP District 5 - Fall Branch,THP,Unbelted,-,Drinking,Drug,-,-,-,-,-,-,-,-,-,Jefferson,Not in City Limit,1
78456,400270624,0,2,36.30706,-86.65538,3,2025-06-07 00:00:00,2025,6,7,24,0,Saturday,24:00,Suspected Serious Injury,Daylight,Clear,Motor Vehicle-In-Transport On Same Roadway,None,HENDERSONVILLE POLICE DEPT,Other,Unbelted,Distracted,-,-,-,-,-,-,-,-,-,-,-,Sumner,Hendersonville,7
78457,400270626,0,2,35.9325,-84.01756,1,2025-06-08 15:22:00,2025,6,8,15,22,Sunday,15:22,Suspected Serious Injury,Daylight,Clear,Motor Vehicle-In-Transport On Same Roadway,None,KNOXVILLE POLICE DEPT,Other,Unbelted,-,-,-,-,-,-,-,-,-,-,-,-,Knox,Knoxville,1
78495,400270817,0,1,36.3022,-84.2645,1,2025-05-17 17:42:00,2025,5,17,17,42,Saturday,17:42,Suspected Serious Injury,Daylight,Clear,"Over Turn, Roll Over",None,Tennessee Wildlife Resource Agency,Other,-,-,Drinking,-,-,-,-,-,-,ATV_Involved,-,-,-,Campbell,Not in City Limit,7
78496,400270821,0,1,35.3899,-87.96893,7,2025-06-06 11:00:00,2025,6,6,11,0,Friday,11:00,Suspected Serious Injury,Daylight,Clear,Embankment Earth,None,CLIFTON POLICE DEPT,Other,Unbelted,-,-,-,-,-,-,-,-,-,-,-,-,Wayne,Clifton,6
78501,400270845,0,1,35.26031,-85.11186,2,2025-06-08 20:33:00,2025,6,8,20,33,Sunday,20:33,Suspected Serious Injury,Dark-Not Lighted,Clear,"Over Turn, Roll Over",None,HAMILTON COUNTY SHERIFF'S OFFICE,Other,-,-,-,-,-,-,-,-,-,ATV_Involved,-,-,-,Hamilton,Not in City Limit,1
78502,400270846,0,1,36.10538,-89.28565,8,2025-06-09 08:52:00,2025,6,9,8,52,Monday,08:52,Suspected Serious Injury,Daylight,Cloudy,"Over Turn, Roll Over",None,NEWBERN POLICE DEPT,Other,Unbelted,-,-,-,-,-,-,-,-,-,-,-,-,Dyer,Newbern,2
78507,400270879,1,0,36.31368,-84.23627,1,2025-05-17 16:49:00,2025,5,17,16,49,Saturday,16:49,Fatal,Daylight,Clear,"Over Turn, Roll Over",None,Tennessee Wildlife Resource Agency,Other,-,-,-,-,-,-,-,-,-,-,-,-,-,Campbell,Not in City Limit,7
78513,400270919,1,0,36.18144,-86.7888,3,2025-06-08 19:31:00,2025,6,8,19,31,Sunday,19:31,Fatal,Dark-Lighted,Clear,Pedestrian,None,METROPOLITAN NASHVILLE POLICE DEPT,Other,Unbelted,-,-,-,-,-,-,Pedestrian,-,-,-,-,-,Davidson,Nashville,1
78519,400270938,1,0,36.12264,-86.71763,3,2025-06-08 20:35:00,2025,6,8,20,35,Sunday,20:35,Fatal,Dark-Lighted,Clear,Wall,None,METROPOLITAN NASHVILLE POLICE DEPT,Other,Unbelted,-,Drinking,-,-,-,-,-,-,-,-,-,-,Davidson,Nashville,1
78530,400270999,0,1,35.22331,-84.86299,2,2025-06-09 16:30:00,2025,6,9,16,30,Monday,16:30,Suspected Serious Injury,Daylight,Rain,Standing Tree,None,THP District 2 - Chattanooga,THP,Unbelted,-,-,-,-,-,-,-,-,-,-,-,-,Bradley,Not in City Limit,2
78533,400271007,0,2,35.95199,-85.48459,6,2025-06-09 14:11:00,2025,6,9,14,11,Monday,14:11,Suspected Serious Injury,Daylight,Rain,Motor Vehicle-In-Transport On Same Roadway,None,SPARTA POLICE DEPT,Other,Unbelted,-,-,-,-,-,-,-,-,-,-,-,-,White,Sparta,2
78538,400271030,1,0,35.35494,-84.91581,2,2025-06-08 14:30:00,2025,6,8,14,30,Sunday,14:30,Fatal,Daylight,Clear,Motor Vehicle-In-Transport On Same Roadway,None,THP District 2 - Chattanooga,THP,Unbelted,-,-,-,-,-,-,-,-,-,-,Motorcyclist,-,Meigs,Not in City Limit,1
78546,400271080,0,1,36.0507,-88.84292,8,2025-06-08 21:55:00,2025,6,8,21,55,Sunday,21:55,Suspected Serious Injury,Dark-Not Lighted,Clear,Ditch,None,THP District 8 - Jackson,THP,-,-,Drinking,-,-,-,-,-,-,-,-,-,-,Gibson,Not in City Limit,1
78563,400271124,0,3,36.17638,-86.75943,3,2025-06-09 18:59:00,2025,6,9,18,59,Monday,18:59,Suspected Serious Injury,Daylight,Clear,Motor Vehicle-In-Transport On Same Roadway,None,METROPOLITAN NASHVILLE POLICE DEPT,Other,Unbelted,-,-,-,-,Speeding,-,Pedestrian,-,-,-,-,-,Davidson,Nashville,2
78565,400271129,0,1,35.86635,-86.48352,3,2025-06-09 20:41:00,2025,6,9,20,41,Monday,20:41,Suspected Serious Injury,Dark-Lighted,Rain,Ditch,None,MURFREESBORO POLICE DEPT,Other,Unbelted,-,-,-,-,-,-,-,-,-,-,-,-,Rutherford,Murfreesboro,2
78566,400271130,0,4,36.38732,-88.1698,8,2025-06-06 17:55:00,2025,6,6,17,55,Friday,17:55,Suspected Serious Injury,Daylight,Rain,Motor Vehicle-In-Transport On Same Roadway,None,THP District 8 - Jackson,THP,Unbelted,-,-,-,-,-,-,-,-,-,-,-,-,Henry,Not in City Limit,6
78569,400271135,0,4,36.1008,-87.37456,3,2025-06-09 18:11:00,2025,6,9,18,11,Monday,18:11,Suspected Serious Injury,Daylight,Rain,Motor Vehicle-In-Transport On Same Roadway,None,THP District 3 - Nashville,THP,Unbelted,-,-,-,-,-,-,-,-,-,ATV_Involved,-,-,Dickson,Not in City Limit,2
78576,400271167,0,1,36.20504,-86.73762,3,2025-06-09 00:00:00,2025,6,9,24,0,Monday,24:00,Suspected Serious Injury,Dark-Lighted,Clear,Pedal-Cycle,None,METROPOLITAN NASHVILLE POLICE DEPT,Other,Unbelted,-,-,-,-,-,Pedalcyclist,-,-,-,-,-,-,Davidson,Nashville,2
78577,400271168,0,1,35.81251,-88.60318,8,2025-06-08 05:00:00,2025,6,8,5,0,Sunday,05:00,Suspected Serious Injury,Dawn,Clear,Embankment Earth,None,THP District 8 - Jackson,THP,Unbelted,-,Drinking,Drug,-,-,-,-,-,-,-,-,-,Carroll,Not in City Limit,1
78578,400271169,0,3,36.5944,-83.60956,5,2025-06-09 20:10:00,2025,6,9,20,10,Monday,20:10,Suspected Serious Injury,Dusk,Clear,"Over Turn, Roll Over",None,THP District 5 - Fall Branch,THP,-,-,Drinking,-,-,-,-,-,-,-,-,-,-,Claiborne,Not in City Limit,2
78583,400271184,0,1,35.76625,-83.29082,1,2025-06-10 01:28:00,2025,6,10,1,28,Tuesday,01:28,Suspected Serious Injury,Dark-Not Lighted,Clear,Ditch,None,SEVIER CO SHERIFFS OFFICE,Other,Unbelted,Distracted,-,-,-,-,-,-,-,-,-,-,-,Sevier,Not in City Limit,3
78598,400271271,0,1,35.69859,-86.88322,7,2025-06-10 06:16:00,2025,6,10,6,16,Tuesday,06:16,Suspected Serious Injury,Daylight,Fog,Motor Vehicle-In-Transport On Same Roadway,None,THP District 9 - Administrative,THP,Unbelted,-,-,-,-,-,-,-,-,-,ATV_Involved,-,-,Maury,Not in City Limit,3
78605,400271331,0,2,35.01251,-85.03976,2,2025-06-09 14:01:00,2025,6,9,14,1,Monday,14:01,Suspected Serious Injury,Daylight,Cloudy,Motor Vehicle-In-Transport On Same Roadway,None,HAMILTON COUNTY SHERIFF'S OFFICE,Other,Unbelted,-,-,-,-,-,-,-,-,-,-,-,-,Hamilton,Not in City Limit,2
78641,400271548,0,2,36.31858,-86.88389,3,2025-06-10 16:40:00,2025,6,10,16,40,Tuesday,16:40,Suspected Serious Injury,Dusk,Clear,Parked Motor Vehicle,None,METROPOLITAN NASHVILLE POLICE DEPT,Other,Unbelted,-,-,-,-,-,-,-,-,-,-,-,-,Davidson,Nashville,3
78648,400271574,0,2,35.8701,-86.35954,3,2025-06-10 17:50:00,2025,6,10,17,50,Tuesday,17:50,Suspected Serious Injury,Daylight,Clear,Motor Vehicle-In-Transport On Same Roadway,None,MURFREESBORO POLICE DEPT,Other,Unbelted,-,-,-,-,-,-,-,-,-,-,-,-,Rutherford,Murfreesboro,3
78650,400271579,0,1,35.80762,-86.39738,3,2025-06-10 17:13:00,2025,6,10,17,13,Tuesday,17:13,Suspected Serious Injury,Dark-Lighted,Clear,Motor Vehicle-In-Transport On Same Roadway,None,MURFREESBORO POLICE DEPT,Other,Unbelted,-,-,-,-,-,-,-,-,-,-,Motorcyclist,-,Rutherford,Murfreesboro,3
78679,400271710,0,2,35.44963,-84.65627,2,2025-06-10 18:26:00,2025,6,10,18,26,Tuesday,18:26,Suspected Serious Injury,Daylight,Clear,"Over Turn, Roll Over",None,THP District 2 - Chattanooga,THP,-,-,-,-,-,-,-,-,-,-,-,Motorcyclist,-,McMinn,Not in City Limit,3
78685,400271747,0,1,36.15143,-83.69435,5,2025-06-08 15:55:00,2025,6,8,15,55,Sunday,15:55,Suspected Serious Injury,Daylight,Clear,Standing Tree,None,BLAINE POLICE DEPT,Other,Unbelted,-,-,-,-,-,-,-,-,-,-,-,-,Grainger,Blaine,1
78691,400271773,0,2,36.259,-87.6896,3,2025-06-07 17:31:00,2025,6,7,17,31,Saturday,17:31,Suspected Serious Injury,Daylight,Clear,Motor Vehicle-In-Transport On Same Roadway,None,THP District 3 - Nashville,THP,Unbelted,-,Drinking,-,-,-,-,-,-,-,-,-,-,Houston,Not in City Limit,7
78692,400271785,0,1,36.25785,-88.36908,8,2025-06-11 07:50:00,2025,6,11,7,50,Wednesday,07:50,Suspected Serious Injury,Daylight,Clear,Standing Tree,None,THP District 8 - Jackson,THP,Unbelted,-,-,-,-,-,-,-,-,-,ATV_Involved,-,-,Henry,Not in City Limit,4
78713,400271900,0,3,35.62389,-88.41693,8,2025-06-11 11:35:00,2025,6,11,11,35,Wednesday,11:35,Suspected Serious Injury,Daylight,Clear,Motor Vehicle-In-Transport On Same Roadway,None,LEXINGTON POLICE DEPT,Other,Unbelted,-,-,-,-,-,-,-,-,-,-,-,-,Henderson,Lexington,4
78731,400272022,0,1,34.99602,-85.25321,2,2025-06-11 18:35:00,2025,6,11,18,35,Wednesday,18:35,Suspected Serious Injury,Daylight,Clear,Other Fixed Object,None,EAST RIDGE POLICE DEPT,Other,-,-,-,-,-,-,-,-,-,-,-,Motorcyclist,-,Hamilton,East Ridge,4
78735,400272058,0,1,35.18524,-88.71817,8,2025-06-11 18:14:00,2025,6,11,18,14,Wednesday,18:14,Suspected Serious Injury,Daylight,Clear,Other Animal,None,THP District 8 - Jackson,THP,-,-,-,-,-,-,-,-,-,-,-,Motorcyclist,-,McNairy,Not in City Limit,4
78740,400272081,0,1,35.91833,-88.7339,8,2025-06-11 20:05:00,2025,6,11,20,5,Wednesday,20:05,Suspected Serious Injury,Dusk,Clear,Motor Vehicle-In-Transport On Same Roadway,None,MILAN POLICE DEPT,Other,Unbelted,-,-,-,-,-,-,-,-,-,-,Motorcyclist,-,Gibson,Milan,4
78746,400272106,0,2,35.19717,-89.41742,4,2025-06-08 16:18:00,2025,6,8,16,18,Sunday,16:18,Suspected Serious Injury,Daylight,Clear,Ditch,None,THP District 4 - Memphis,THP,Unbelted,-,Drinking,Drug,-,Speeding,-,-,-,-,-,-,-,Fayette,Not in City Limit,1
78756,400272142,0,1,36.4465,-88.12853,8,2025-06-11 21:21:00,2025,6,11,21,21,Wednesday,21:21,Suspected Serious Injury,Dark-Not Lighted,Clear,Standing Tree,None,THP District 8 - Jackson,THP,Unbelted,-,Drinking,-,-,-,-,-,-,-,-,-,-,Henry,Not in City Limit,4