OBJECTID,MRN,Fatality,Injury,Latitude,Longitude,THP_District,Collision_Date,Collision_Year,Collision_Month,Collision_Day,Collision_Hour,Collision_Min,Collision_DOW,Collision_Time,Crash_Type,Light_Condition,Weather,First_Harmfu_Event,Work_Zone_Type,Agency_Name,THP,Unbelted,Distracted_Driver,Driver_Drinking,Driver_Drugged,Drowsy_Driver,Speeding_Involved,Pedalcyclist,Pedestrian,Other_Nonmotorist,ATV_Involved,LargeTruck_Involved,Motorcycle_Involved,SchoolBus,County,City,DOW_Nmb
78762,400272171,0,1,36.15063,-86.86911,3,2025-06-12 03:06:00,2025,6,12,3,6,Thursday,03:06,Suspected Serious Injury,Dark-Lighted,Clear,Other Fixed Object,None,METROPOLITAN NASHVILLE POLICE DEPT,Other,-,-,-,-,-,-,-,-,-,-,-,Motorcyclist,-,Davidson,Nashville,5
78767,400272208,0,2,36.17259,-82.89856,5,2025-06-12 08:04:00,2025,6,12,8,4,Thursday,08:04,Suspected Serious Injury,Daylight,Clear,Motor Vehicle-In-Transport On Same Roadway,None,THP District 5 - Fall Branch,THP,Unbelted,-,-,-,-,-,-,-,-,-,-,-,-,Greene,Greeneville,5
78769,400272216,0,3,35.97328,-83.91707,1,2025-06-12 08:48:00,2025,6,12,8,48,Thursday,08:48,Suspected Serious Injury,Daylight,Clear,Motor Vehicle-In-Transport On Same Roadway,None,KNOXVILLE POLICE DEPT,Other,Unbelted,Distracted,-,-,-,-,-,-,-,-,-,-,-,Knox,Knoxville,5
78783,400272313,0,2,36.10552,-87.2736,3,2025-06-12 12:28:00,2025,6,12,12,28,Thursday,12:28,Suspected Serious Injury,Daylight,Clear,Parked Motor Vehicle,None,THP District 3 - Nashville,THP,Unbelted,-,-,-,-,-,-,-,-,-,-,-,-,Dickson,Not in City Limit,5
78785,400272324,0,1,36.39441,-84.89792,6,2025-06-12 12:30:00,2025,6,12,12,30,Thursday,12:30,Suspected Serious Injury,Daylight,Cloudy,Ditch,None,THP District 6 - Cookeville,THP,Unbelted,-,-,-,-,-,-,-,-,-,-,-,-,Fentress,Allardt,5
78790,400272351,0,2,35.84373,-86.47243,3,2025-06-12 13:48:00,2025,6,12,13,48,Thursday,13:48,Suspected Serious Injury,Daylight,Clear,Motor Vehicle-In-Transport On Same Roadway,None,MURFREESBORO POLICE DEPT,Other,Unbelted,Distracted,-,-,-,-,-,-,-,-,ATV_Involved,-,-,Rutherford,Murfreesboro,5
78795,400272377,0,1,34.99013,-85.29084,2,2025-06-11 22:35:00,2025,6,11,22,35,Wednesday,22:35,Suspected Serious Injury,Dark-Lighted,Clear,Pedal-Cycle,None,THP District 2 - Chattanooga,THP,Unbelted,-,-,-,-,-,Pedalcyclist,-,-,-,-,-,-,Hamilton,Chattanooga,4
78806,400272403,0,1,35.37391,-84.99681,2,2025-06-11 17:38:00,2025,6,11,17,38,Wednesday,17:38,Suspected Serious Injury,Daylight,Clear,"Over Turn, Roll Over",None,HAMILTON COUNTY SHERIFF'S OFFICE,Other,Unbelted,-,-,-,-,-,-,-,-,-,-,-,-,Hamilton,Not in City Limit,4
78809,400272434,0,1,35.61862,-88.85989,8,2025-06-12 15:38:00,2025,6,12,15,38,Thursday,15:38,Suspected Serious Injury,Daylight,Clear,Ditch,None,JACKSON POLICE DEPT,Other,Unbelted,-,-,-,-,-,-,-,-,-,-,-,-,Madison,Jackson,5
78817,400272472,0,1,35.34381,-87.81556,7,2025-06-11 18:30:00,2025,6,11,18,30,Wednesday,18:30,Suspected Serious Injury,Daylight,Clear,Embankment Earth,None,THP District 7 - Lawrenceburg,THP,Unbelted,-,-,-,-,-,-,-,-,-,-,-,-,Wayne,Waynesboro,4
78818,400272476,0,1,36.071,-87.875,3,2025-06-12 16:33:00,2025,6,12,16,33,Thursday,16:33,Suspected Serious Injury,Daylight,Clear,Embankment Earth,None,THP District 3 - Nashville,THP,Unbelted,-,-,-,-,-,-,-,-,-,-,-,-,Humphreys,Not in City Limit,5
78822,400272517,0,1,36.31854,-86.88906,3,2025-06-12 00:00:00,2025,6,12,24,0,Thursday,24:00,Suspected Serious Injury,Daylight,Clear,Pedestrian,None,METROPOLITAN NASHVILLE POLICE DEPT,Other,Unbelted,-,-,-,-,-,-,Pedestrian,-,-,-,-,-,Davidson,Nashville,5
78823,400272519,0,2,35.7314,-84.3894,1,2025-06-12 17:24:00,2025,6,12,17,24,Thursday,17:24,Suspected Serious Injury,Daylight,Rain,Motor Vehicle-In-Transport On Same Roadway,None,LOUDON POLICE DEPT,Other,Unbelted,-,-,-,-,-,-,-,-,-,-,-,-,Loudon,Loudon,5
78846,400272675,0,1,36.11941,-87.48716,3,2025-06-13 07:10:00,2025,6,13,7,10,Friday,07:10,Suspected Serious Injury,Daylight,Cloudy,Ditch,None,THP District 3 - Nashville,THP,Unbelted,-,-,-,-,-,-,-,-,-,-,-,-,Dickson,Not in City Limit,6
78850,400272693,0,1,36.34502,-88.81588,8,2025-06-12 14:48:00,2025,6,12,14,48,Thursday,14:48,Suspected Serious Injury,Daylight,Cloudy,Motor Vehicle-In-Transport On Same Roadway,None,MARTIN POLICE DEPT,Other,Unbelted,-,-,-,-,-,-,-,-,-,-,Motorcyclist,-,Weakley,Martin,5
78859,400272740,0,2,35.51692,-86.89664,7,2025-06-13 08:28:00,2025,6,13,8,28,Friday,08:28,Suspected Serious Injury,Daylight,Cloudy,"Over Turn, Roll Over",None,THP District 7 - Lawrenceburg,THP,Unbelted,-,-,-,-,Speeding,-,-,-,-,ATV_Involved,-,-,Maury,Not in City Limit,6
78862,400272751,0,1,35.89203,-85.77228,6,2025-06-12 21:50:00,2025,6,12,21,50,Thursday,21:50,Suspected Serious Injury,Dark-Not Lighted,Clear,Ditch,None,THP District 6 - Cookeville,THP,Unbelted,-,-,-,-,-,-,-,-,-,-,-,-,DeKalb,Not in City Limit,5
78863,400272763,1,2,36.05147,-83.99187,1,2025-06-12 13:46:00,2025,6,12,13,46,Thursday,13:46,Fatal,Daylight,Cloudy,Motor Vehicle-In-Transport On Same Roadway,None,THP District 1 - Knoxville,THP,Unbelted,Distracted,-,-,-,-,-,-,-,-,-,-,-,Knox,Knoxville,5
78874,400272819,0,2,36.57175,-86.37871,3,2025-06-13 12:05:00,2025,6,13,12,5,Friday,12:05,Suspected Serious Injury,Daylight,Rain,Motor Vehicle-In-Transport On Same Roadway,None,THP District 3 - Nashville,THP,Unbelted,-,-,-,-,-,-,-,-,-,-,-,-,Sumner,Not in City Limit,6
78899,400272918,0,1,35.91188,-83.33899,1,2025-06-13 16:24:00,2025,6,13,16,24,Friday,16:24,Suspected Serious Injury,Daylight,Clear,Standing Tree,None,SEVIER CO SHERIFFS OFFICE,Other,Unbelted,-,-,-,-,-,-,-,-,-,-,-,-,Sevier,Not in City Limit,6
78905,400272955,0,1,35.59407,-89.31038,4,2025-06-12 15:35:00,2025,6,12,15,35,Thursday,15:35,Suspected Serious Injury,Daylight,Rain,Motor Vehicle-In-Transport On Same Roadway,None,THP District 4 - Memphis,THP,Unbelted,-,-,-,-,-,-,-,-,-,-,-,-,Haywood,Not in City Limit,5
78915,400273005,0,2,35.28005,-89.97537,4,2025-06-13 14:45:00,2025,6,13,14,45,Friday,14:45,Suspected Serious Injury,Daylight,Cloudy,Motor Vehicle-In-Transport On Same Roadway,None,THP District 4 - Memphis,THP,Unbelted,Distracted,-,-,-,-,-,-,-,-,ATV_Involved,-,-,Shelby,Not in City Limit,6
78924,400273076,0,2,36.35629,-83.07668,5,2025-06-13 20:30:00,2025,6,13,20,30,Friday,20:30,Suspected Serious Injury,Daylight,Clear,Other Fixed Object,None,THP District 5 - Fall Branch,THP,-,-,-,-,-,Speeding,-,-,-,ATV_Involved,-,-,-,Hawkins,Not in City Limit,6
78935,400273103,0,2,36.28642,-86.69291,3,2025-06-13 17:25:00,2025,6,13,17,25,Friday,17:25,Suspected Serious Injury,Daylight,Rain,Motor Vehicle-In-Transport On Same Roadway,None,METROPOLITAN NASHVILLE POLICE DEPT,Other,Unbelted,-,-,-,-,Speeding,-,-,-,-,-,-,-,Davidson,Nashville,6
78946,400273147,0,3,36.1879,-86.79857,3,2025-06-13 17:50:00,2025,6,13,17,50,Friday,17:50,Suspected Serious Injury,Daylight,Cloudy,Motor Vehicle-In-Transport On Same Roadway,None,METROPOLITAN NASHVILLE POLICE DEPT,Other,Unbelted,-,-,-,-,-,-,-,-,-,-,-,-,Davidson,Nashville,6
78947,400273148,0,1,35.94618,-86.80875,3,2025-06-13 14:05:00,2025,6,13,14,5,Friday,14:05,Suspected Serious Injury,Daylight,Rain,Motor Vehicle-In-Transport On Same Roadway,None,FRANKLIN POLICE DEPT,Other,Unbelted,-,-,-,-,-,-,-,-,-,-,-,-,Williamson,Franklin,6
78949,400273163,0,1,36.21725,-83.35522,5,2025-06-13 21:57:00,2025,6,13,21,57,Friday,21:57,Suspected Serious Injury,Dark-Not Lighted,Rain,Embankment Earth,None,HAMBLEN CO SHERIFFS DEPT,Other,Unbelted,-,-,-,-,-,-,-,-,-,-,-,-,Hamblen,Morristown,6
78950,400273198,0,2,36.23024,-83.85068,5,2025-06-10 12:00:00,2025,6,10,12,0,Tuesday,12:00,Suspected Serious Injury,Daylight,Clear,Boulder,None,THP District 5 - Fall Branch,THP,-,-,-,-,-,-,-,-,-,-,-,Motorcyclist,-,Union,Not in City Limit,3
78951,400273202,1,0,35.86794,-86.70884,3,2025-06-13 15:08:00,2025,6,13,15,8,Friday,15:08,Fatal,Daylight,Rain,Motor Vehicle-In-Transport On Same Roadway,None,THP District 3 - Nashville,THP,Unbelted,-,-,-,-,-,-,-,-,-,-,-,-,Williamson,Not in City Limit,6
78955,400273225,0,2,35.84734,-86.43555,3,2025-06-13 12:16:00,2025,6,13,12,16,Friday,12:16,Suspected Serious Injury,Daylight,Clear,Motor Vehicle-In-Transport On Same Roadway,None,THP District 3 - Nashville,THP,Unbelted,-,-,-,-,-,-,-,-,-,-,-,-,Rutherford,Not in City Limit,6
78958,400273240,0,3,36.05481,-87.32377,3,2025-06-14 09:20:00,2025,6,14,9,20,Saturday,09:20,Suspected Serious Injury,Daylight,Cloudy,Motor Vehicle-In-Transport On Same Roadway,None,THP District 3 - Nashville,THP,Unbelted,-,-,-,-,-,-,-,-,-,-,-,-,Dickson,Burns,7
78960,400273250,0,1,36.14023,-85.43243,6,2025-06-13 20:08:00,2025,6,13,20,8,Friday,20:08,Suspected Serious Injury,Dusk,Clear,Embankment Earth,None,THP District 6 - Cookeville,THP,Unbelted,-,-,-,-,Speeding,-,-,-,-,-,-,-,Putnam,Not in City Limit,6
78961,400273254,0,1,35.46226,-88.6608,8,2025-06-10 16:01:00,2025,6,10,16,1,Tuesday,16:01,Suspected Serious Injury,Daylight,Clear,Standing Tree,None,HENDERSON POLICE DEPT,Other,Unbelted,-,-,-,-,-,-,-,-,-,-,-,-,Chester,Henderson,3
78980,400273333,0,1,36.25772,-83.19664,5,2025-06-14 15:03:00,2025,6,14,15,3,Saturday,15:03,Suspected Serious Injury,Daylight,Clear,Motor Vehicle-In-Transport On Same Roadway,None,HAMBLEN CO SHERIFFS DEPT,Other,Unbelted,-,-,-,-,-,-,-,-,-,-,-,-,Hamblen,Not in City Limit,7
78982,400273340,1,2,36.07301,-84.50123,1,2025-06-10 13:41:00,2025,6,10,13,41,Tuesday,13:41,Fatal,Daylight,Clear,Motor Vehicle-In-Transport On Same Roadway,None,THP District 1 - Knoxville,THP,Unbelted,-,-,-,-,-,-,-,-,-,-,-,-,Morgan,Not in City Limit,3
78984,400273342,0,1,35.11169,-89.01747,4,2025-06-14 00:00:00,2025,6,14,24,0,Saturday,24:00,Suspected Serious Injury,Daylight,Clear,Other Non-Collision,None,THP District 4 - Memphis,THP,-,-,-,-,-,-,-,-,-,ATV_Involved,-,-,-,Hardeman,Not in City Limit,7
78993,400273398,0,1,35.49083,-86.73844,7,2025-06-14 00:33:00,2025,6,14,0,33,Saturday,00:33,Suspected Serious Injury,Dark-Not Lighted,Clear,Mail Box,None,THP District 7 - Lawrenceburg,THP,Unbelted,-,-,-,-,-,-,-,-,-,-,-,-,Marshall,Not in City Limit,7
78995,400273402,0,2,35.02319,-84.32988,2,2025-06-14 15:07:00,2025,6,14,15,7,Saturday,15:07,Suspected Serious Injury,Daylight,Cloudy,Motor Vehicle-In-Transport On Same Roadway,None,THP District 2 - Chattanooga,THP,-,-,-,-,-,-,-,-,-,-,-,Motorcyclist,-,Polk,Not in City Limit,7
79000,400273432,0,1,35.08788,-89.75021,4,2025-06-14 16:10:00,2025,6,14,16,10,Saturday,16:10,Suspected Serious Injury,Daylight,Clear,Pedal-Cycle,None,GERMANTOWN POLICE DEPT,Other,Unbelted,-,-,-,-,-,Pedalcyclist,-,-,-,-,-,-,Shelby,Germantown,7
79004,400273451,0,1,36.19836,-82.06762,5,2025-06-13 21:40:00,2025,6,13,21,40,Friday,21:40,Suspected Serious Injury,Dark-Not Lighted,Rain,Pedestrian,None,THP District 5 - Fall Branch,THP,Unbelted,-,-,-,-,-,-,Pedestrian,-,-,-,-,-,Carter,Roan Mountain,6
79012,400273483,1,1,36.16976,-86.51968,3,2025-06-14 16:04:00,2025,6,14,16,4,Saturday,16:04,Fatal,Daylight,Clear,Motor Vehicle-In-Transport On Same Roadway,None,THP District 3 - Nashville,THP,Unbelted,-,-,-,-,-,-,-,-,-,-,-,-,Wilson,Mount Juliet,7
79015,400273518,0,2,36.13596,-87.16093,3,2025-06-14 20:40:00,2025,6,14,20,40,Saturday,20:40,Suspected Serious Injury,Dark-Not Lighted,Cloudy,Deer,None,CHEATHAM CO SHERIFFS OFFICE,Other,-,-,-,-,-,-,-,-,-,-,-,Motorcyclist,-,Cheatham,Not in City Limit,7
79019,400273527,0,1,35.7821,-84.16064,1,2025-06-14 18:25:00,2025,6,14,18,25,Saturday,18:25,Suspected Serious Injury,Daylight,Clear,Other Non-Collision,None,BLOUNT CO SHERIFFS DEPT,Other,Unbelted,-,Drinking,Drug,-,-,-,-,-,-,-,-,-,Blount,Not in City Limit,7
79028,400273557,0,1,34.99912,-85.25942,2,2025-06-14 21:03:00,2025,6,14,21,3,Saturday,21:03,Suspected Serious Injury,Dark-Lighted,Cloudy,Other Fixed Object,None,EAST RIDGE POLICE DEPT,Other,Unbelted,-,-,Drug,-,-,-,-,-,-,-,-,-,Hamilton,East Ridge,7
79034,400273574,0,1,36.15773,-86.79275,3,2025-06-15 02:13:00,2025,6,15,2,13,Sunday,02:13,Suspected Serious Injury,Dark-Lighted,Clear,Motor Vehicle-In-Transport On Same Roadway,None,METROPOLITAN NASHVILLE POLICE DEPT,Other,Unbelted,-,-,-,-,-,-,-,-,-,-,Motorcyclist,-,Davidson,Nashville,1
79040,400273598,0,4,36.17597,-86.76618,3,2025-06-15 03:33:00,2025,6,15,3,33,Sunday,03:33,Suspected Serious Injury,Dark-Lighted,Clear,Motor Vehicle-In-Transport On Same Roadway,None,METROPOLITAN NASHVILLE POLICE DEPT,Other,Unbelted,-,Drinking,-,-,-,-,-,-,-,-,-,-,Davidson,Nashville,1
79043,400273605,0,2,36.0352,-83.88833,1,2025-06-14 15:30:00,2025,6,14,15,30,Saturday,15:30,Suspected Serious Injury,Daylight,Clear,Motor Vehicle-In-Transport On Same Roadway,None,KNOXVILLE POLICE DEPT,Other,Unbelted,-,-,-,-,-,-,-,-,-,-,-,-,Knox,Knoxville,7
79052,400273656,0,1,35.58553,-85.72629,6,2025-06-14 16:42:00,2025,6,14,16,42,Saturday,16:42,Suspected Serious Injury,Daylight,Rain,"Over Turn, Roll Over",None,WARREN CO SHERIFFS DEPT,Other,Unbelted,-,Drinking,-,-,-,-,-,-,-,-,-,-,Warren,Not in City Limit,7
79060,400273680,0,2,36.26367,-86.68715,3,2025-06-15 09:52:00,2025,6,15,9,52,Sunday,09:52,Suspected Serious Injury,Daylight,Clear,Motor Vehicle-In-Transport On Same Roadway,None,METROPOLITAN NASHVILLE POLICE DEPT,Other,Unbelted,-,-,-,-,-,-,-,-,-,-,-,-,Davidson,Nashville,1
79065,400273710,0,1,36.18391,-86.79769,3,2025-06-15 12:30:00,2025,6,15,12,30,Sunday,12:30,Suspected Serious Injury,Daylight,Clear,Pedestrian,None,METROPOLITAN NASHVILLE POLICE DEPT,Other,Unbelted,-,-,-,-,-,-,Pedestrian,-,-,-,-,-,Davidson,Nashville,1
79085,400273812,0,1,36.41999,-86.9009,3,2025-06-15 15:35:00,2025,6,15,15,35,Sunday,15:35,Suspected Serious Injury,Daylight,Clear,Motor Vehicle-In-Transport On Same Roadway,None,THP District 3 - Nashville,THP,Unbelted,-,Drinking,-,-,-,-,-,-,-,ATV_Involved,-,-,Robertson,Coopertown,1
79087,400273815,0,1,35.23887,-85.19032,2,2025-06-15 00:00:00,2025,6,15,24,0,Sunday,24:00,Suspected Serious Injury,Daylight,Clear,Unknown,None,SODDY DAISY POLICE DEPT,Other,-,-,-,-,-,-,-,-,-,-,-,Motorcyclist,-,Hamilton,Soddy-Daisy,1
79093,400273834,0,1,35.57359,-86.8369,7,2025-06-15 17:10:00,2025,6,15,17,10,Sunday,17:10,Suspected Serious Injury,Daylight,Rain,Embankment Earth,None,THP District 7 - Lawrenceburg,THP,Unbelted,-,-,-,-,Speeding,-,-,-,-,-,-,-,Maury,Not in City Limit,1
79097,400273846,0,1,36.55946,-85.79327,6,2025-06-15 15:32:00,2025,6,15,15,32,Sunday,15:32,Suspected Serious Injury,Daylight,Clear,Motor Vehicle-In-Transport On Same Roadway,None,THP District 6 - Cookeville,THP,Unbelted,-,-,-,-,-,-,-,-,-,-,Motorcyclist,-,Clay,Not in City Limit,1
79114,400273961,0,3,36.34612,-84.11432,1,2025-06-15 16:53:00,2025,6,15,16,53,Sunday,16:53,Suspected Serious Injury,Daylight,Rain,"Over Turn, Roll Over",None,THP District 1 - Knoxville,THP,Unbelted,-,-,-,-,Speeding,-,-,-,-,-,-,-,Campbell,Not in City Limit,1
79116,400273964,0,1,35.27348,-88.03312,8,2025-06-15 18:43:00,2025,6,15,18,43,Sunday,18:43,Suspected Serious Injury,Daylight,Clear,Embankment Rock/Stone/Concrete,None,THP District 8 - Jackson,THP,-,-,Drinking,-,-,Speeding,-,-,-,-,-,Motorcyclist,-,Hardin,Not in City Limit,1
79124,400273998,0,1,35.2206,-88.22084,8,2025-06-12 22:00:00,2025,6,12,22,0,Thursday,22:00,Suspected Serious Injury,Dark-Not Lighted,Rain,Pedestrian,None,SAVANNAH POLICE DEPT,Other,Unbelted,-,-,-,Drowsy,-,-,Pedestrian,-,-,-,-,-,Hardin,Savannah,5
79125,400274000,0,1,36.162,-83.677,5,2025-06-16 05:35:00,2025,6,16,5,35,Monday,05:35,Suspected Serious Injury,Dark-Not Lighted,Cloudy,Standing Tree,None,THP District 5 - Fall Branch,THP,Unbelted,-,Drinking,-,-,Speeding,-,-,-,-,-,-,-,Grainger,Blaine,2
79128,400274013,1,3,36.15725,-83.91481,1,2025-06-13 19:59:00,2025,6,13,19,59,Friday,19:59,Fatal,Dusk,Cloudy,Motor Vehicle-In-Transport On Same Roadway,None,KNOX CO SHERIFFS OFFICE,Other,Unbelted,-,Drinking,Drug,-,Speeding,-,-,-,-,ATV_Involved,-,-,Knox,Not in City Limit,6
79149,400274137,1,0,36.07898,-86.64386,3,2025-06-10 21:30:00,2025,6,10,21,30,Tuesday,21:30,Fatal,Dark-Lighted,Clear,Pedestrian,None,METROPOLITAN NASHVILLE POLICE DEPT,Other,Unbelted,-,-,-,-,-,-,Pedestrian,-,-,-,-,-,Davidson,Nashville,3
79181,400274281,0,10,35.92541,-84.9145,6,2025-06-16 14:35:00,2025,6,16,14,35,Monday,14:35,Suspected Serious Injury,Daylight,Clear,Motor Vehicle-In-Transport On Same Roadway,None,THP District 6 - Cookeville,THP,Unbelted,-,-,-,-,-,-,-,-,-,ATV_Involved,-,-,Cumberland,Crab Orchard,2
79184,400274295,1,2,36.54291,-82.14046,5,2025-06-13 11:47:00,2025,6,13,11,47,Friday,11:47,Fatal,Daylight,Clear,Motor Vehicle-In-Transport On Same Roadway,None,THP District 5 - Fall Branch,THP,Unbelted,-,-,-,-,-,-,-,-,-,-,-,-,Sullivan,Not in City Limit,6
79197,400274349,1,0,35.93027,-84.06146,1,2025-06-12 12:01:00,2025,6,12,12,1,Thursday,12:01,Fatal,Daylight,Clear,Motor Vehicle-In-Transport On Same Roadway,None,KNOXVILLE POLICE DEPT,Other,Unbelted,-,Drinking,Drug,-,-,-,-,-,-,-,Motorcyclist,-,Knox,Knoxville,5
79203,400274366,0,3,36.14115,-88.78662,8,2025-06-15 21:30:00,2025,6,15,21,30,Sunday,21:30,Suspected Serious Injury,Dark-Not Lighted,Cloudy,Ditch,None,THP District 8 - Jackson,THP,Unbelted,-,-,-,-,-,-,-,-,-,-,-,-,Weakley,Not in City Limit,1
79220,400274488,1,0,35.25741,-87.34024,7,2025-06-16 10:43:00,2025,6,16,10,43,Monday,10:43,Fatal,Daylight,Cloudy,Ditch,None,THP District 7 - Lawrenceburg,THP,-,-,-,-,-,-,-,Pedestrian,-,-,ATV_Involved,-,-,Lawrence,Lawrenceburg,2
79243,400274644,0,7,35.82981,-86.40762,3,2025-06-17 12:06:00,2025,6,17,12,6,Tuesday,12:06,Suspected Serious Injury,Daylight,Cloudy,Motor Vehicle-In-Transport On Same Roadway,None,MURFREESBORO POLICE DEPT,Other,Unbelted,-,-,-,-,Speeding,-,-,-,-,-,-,-,Rutherford,Murfreesboro,3
79245,400274656,1,0,36.23869,-88.57424,8,2025-06-16 07:39:00,2025,6,16,7,39,Monday,07:39,Fatal,Daylight,Clear,Ditch,None,THP District 8 - Jackson,THP,Unbelted,-,-,-,-,-,-,-,-,-,-,-,-,Weakley,Not in City Limit,2
79252,400274720,0,1,36.51344,-82.75911,5,2025-06-17 09:15:00,2025,6,17,9,15,Tuesday,09:15,Suspected Serious Injury,,Clear,Wall,None,CHURCH HILL PUBLIC SAFETY,Other,Unbelted,-,Drinking,Drug,-,-,-,-,-,-,-,-,-,Hawkins,Church Hill,3
79253,400274721,0,1,36.11421,-85.55161,6,2025-06-16 06:07:00,2025,6,16,6,7,Monday,06:07,Suspected Serious Injury,Daylight,Clear,Ditch,None,THP District 6 - Cookeville,THP,Unbelted,-,-,-,-,-,-,-,-,-,-,-,-,Putnam,Not in City Limit,2
79259,400274746,0,1,36.02913,-84.06956,1,2025-06-17 14:36:00,2025,6,17,14,36,Tuesday,14:36,Suspected Serious Injury,Daylight,Cloudy,Motor Vehicle-In-Transport On Same Roadway,None,THP District 1 - Knoxville,THP,Unbelted,-,-,-,-,-,-,-,-,-,-,-,-,Knox,Not in City Limit,3
79274,400274834,0,1,35.01982,-84.93719,2,2025-05-15 00:00:00,2025,5,15,24,0,Thursday,24:00,Suspected Serious Injury,Dark-Not Lighted,Clear,Deer,None,BRADLEY CO SHERIFFS DEPT,Other,-,-,-,-,-,Speeding,-,-,-,-,-,Motorcyclist,-,Bradley,Not in City Limit,5
79289,400274887,0,1,35.94063,-86.46886,3,2025-06-17 19:22:00,2025,6,17,19,22,Tuesday,19:22,Suspected Serious Injury,Dusk,Rain,Ditch,None,RUTHERFORD CO SHERIFFS DEPT,Other,Unbelted,-,-,-,-,-,-,-,-,-,-,-,-,Rutherford,Not in City Limit,3
79291,400274898,1,1,35.4917,-86.88997,7,2025-06-17 15:00:00,2025,6,17,15,0,Tuesday,15:00,Fatal,Daylight,Rain,Motor Vehicle-In-Transport On Same Roadway,None,THP District 7 - Lawrenceburg,THP,Unbelted,-,-,Drug,-,Speeding,-,-,-,-,-,-,-,Maury,Not in City Limit,3
79306,400274962,0,1,36.02903,-83.42948,5,2025-06-17 15:04:00,2025,6,17,15,4,Tuesday,15:04,Suspected Serious Injury,Daylight,Cloudy,Motor Vehicle-In-Transport On Same Roadway,None,DANDRIDGE POLICE DEPT,Other,Unbelted,-,-,-,-,-,-,-,-,-,-,-,-,Jefferson,Dandridge,3
79324,400275060,0,3,35.99637,-86.49717,3,2025-06-17 13:24:00,2025,6,17,13,24,Tuesday,13:24,Suspected Serious Injury,Daylight,Clear,Motor Vehicle-In-Transport On Same Roadway,None,SMYRNA POLICE DEPT,Other,Unbelted,-,-,-,-,-,-,-,-,-,-,-,-,Rutherford,Smyrna,3
79335,400275155,0,1,36.0818,-87.10709,3,2025-06-18 10:57:00,2025,6,18,10,57,Wednesday,10:57,Suspected Serious Injury,Daylight,Clear,Standing Tree,None,THP District 3 - Nashville,THP,Unbelted,-,Drinking,Drug,-,-,-,-,-,-,-,-,-,Cheatham,Not in City Limit,4
79339,400275188,0,1,36.48254,-87.25491,3,2025-06-15 12:53:00,2025,6,15,12,53,Sunday,12:53,Suspected Serious Injury,Daylight,Clear,Motor Vehicle-In-Transport On Same Roadway,None,THP District 3 - Nashville,THP,Unbelted,-,-,-,-,-,-,-,-,-,-,Motorcyclist,-,Montgomery,Not in City Limit,1
79342,400275198,0,2,35.28503,-85.16812,2,2025-06-14 12:04:00,2025,6,14,12,4,Saturday,12:04,Suspected Serious Injury,Daylight,Clear,Other Non-Fixed Object,None,HAMILTON COUNTY SHERIFF'S OFFICE,Other,Unbelted,-,Drinking,-,-,Speeding,-,-,-,-,-,-,-,Hamilton,Soddy-Daisy,7
79351,400275220,1,0,36.09176,-86.65167,3,2025-06-17 21:24:00,2025,6,17,21,24,Tuesday,21:24,Fatal,Dark-Lighted,Cloudy,Utility Pole,None,METROPOLITAN NASHVILLE POLICE DEPT,Other,Unbelted,-,-,-,-,-,-,-,-,-,-,-,-,Davidson,Nashville,3
79354,400275226,1,1,35.69989,-86.62075,7,2025-06-18 11:12:00,2025,6,18,11,12,Wednesday,11:12,Fatal,Daylight,Cloudy,Motor Vehicle-In-Transport On Same Roadway,None,THP District 7 - Lawrenceburg,THP,Unbelted,-,-,-,-,-,-,-,-,-,ATV_Involved,-,-,Bedford,Not in City Limit,4
79366,400275267,0,1,35.51912,-86.72855,7,2025-06-17 16:40:00,2025,6,17,16,40,Tuesday,16:40,Suspected Serious Injury,Daylight,Cloudy,Standing Tree,None,THP District 7 - Lawrenceburg,THP,Unbelted,-,-,-,-,-,-,-,-,-,-,-,-,Marshall,Not in City Limit,3
79372,400275284,0,1,35.46527,-86.46874,7,2025-06-18 16:23:00,2025,6,18,16,23,Wednesday,16:23,Suspected Serious Injury,Daylight,Cloudy,Motor Vehicle-In-Transport On Same Roadway,None,SHELBYVILLE POLICE DEPT,Other,Unbelted,-,-,-,-,-,-,-,-,-,-,-,-,Bedford,Shelbyville,4
79399,400275422,0,2,35.88254,-84.6592,1,2025-06-05 17:13:00,2025,6,5,17,13,Thursday,17:13,Suspected Serious Injury,Daylight,Clear,Motor Vehicle-In-Transport On Same Roadway,None,ROCKWOOD POLICE DEPT,Other,Unbelted,-,-,-,-,-,-,-,-,-,-,-,-,Roane,Rockwood,5
79401,400275434,0,1,36.13779,-85.51339,6,2025-06-18 17:45:00,2025,6,18,17,45,Wednesday,17:45,Suspected Serious Injury,Daylight,Clear,Fell/Jumped From Vehicle,None,COOKEVILLE POLICE DEPT,Other,-,-,-,-,-,-,-,-,-,-,-,Motorcyclist,-,Putnam,Cookeville,4
79426,400275556,0,1,36.06037,-86.71661,3,2025-05-07 16:00:00,2025,5,7,16,0,Wednesday,16:00,Suspected Serious Injury,Unknown,Unknown,Pedestrian,None,METROPOLITAN NASHVILLE POLICE DEPT,Other,Unbelted,-,-,-,-,-,-,Pedestrian,-,-,-,-,-,Davidson,Nashville,4