OBJECTID,MRN,Fatality,Injury,Latitude,Longitude,THP_District,Collision_Date,Collision_Year,Collision_Month,Collision_Day,Collision_Hour,Collision_Min,Collision_DOW,Collision_Time,Crash_Type,Light_Condition,Weather,First_Harmfu_Event,Work_Zone_Type,Agency_Name,THP,Unbelted,Distracted_Driver,Driver_Drinking,Driver_Drugged,Drowsy_Driver,Speeding_Involved,Pedalcyclist,Pedestrian,Other_Nonmotorist,ATV_Involved,LargeTruck_Involved,Motorcycle_Involved,SchoolBus,County,City,DOW_Nmb
79442,400275642,0,2,35.80732,-89.10476,4,2025-06-19 08:03:00,2025,6,19,8,3,Thursday,08:03,Suspected Serious Injury,Daylight,Clear,Motor Vehicle-In-Transport On Same Roadway,None,THP District 4 - Memphis,THP,Unbelted,Distracted,-,-,-,Speeding,-,-,-,-,-,-,-,Crockett,Not in City Limit,5
79452,400275689,0,1,35.50425,-86.44943,7,2025-06-19 12:27:00,2025,6,19,12,27,Thursday,12:27,Suspected Serious Injury,Daylight,Cloudy,Motor Vehicle-In-Transport On Same Roadway,None,SHELBYVILLE POLICE DEPT,Other,Unbelted,-,-,-,-,-,-,-,-,-,-,-,-,Bedford,Shelbyville,5
79453,400275690,0,1,35.61092,-87.06049,7,2025-06-19 14:20:00,2025,6,19,14,20,Thursday,14:20,Suspected Serious Injury,Daylight,Clear,Motor Vehicle-In-Transport On Same Roadway,None,COLUMBIA POLICE DEPT,Other,Unbelted,-,-,-,-,-,-,-,-,-,-,Motorcyclist,-,Maury,Columbia,5
79462,400275753,0,1,35.62405,-84.76363,2,2025-06-19 16:15:00,2025,6,19,16,15,Thursday,16:15,Suspected Serious Injury,Daylight,Cloudy,Motor Vehicle-In-Transport On Same Roadway,None,THP District 2 - Chattanooga,THP,Unbelted,-,-,-,-,-,-,-,-,-,-,Motorcyclist,-,Rhea,Not in City Limit,5
79465,400275764,0,4,35.80787,-85.45895,6,2025-06-19 14:25:00,2025,6,19,14,25,Thursday,14:25,Suspected Serious Injury,Daylight,Clear,Motor Vehicle-In-Transport On Same Roadway,None,THP District 6 - Cookeville,THP,Unbelted,-,-,-,-,-,-,-,-,-,ATV_Involved,-,-,Van Buren,Not in City Limit,5
79474,400275795,0,1,35.15499,-89.47972,4,2025-06-18 20:30:00,2025,6,18,20,30,Wednesday,20:30,Suspected Serious Injury,Dark-Not Lighted,Clear,Standing Tree,None,THP District 4 - Memphis,THP,Unbelted,-,-,-,-,-,-,-,-,-,-,-,-,Fayette,Not in City Limit,4
79478,400275827,0,1,36.05311,-86.65413,3,2025-06-19 19:11:00,2025,6,19,19,11,Thursday,19:11,Suspected Serious Injury,Daylight,Clear,Utility Pole,None,METROPOLITAN NASHVILLE POLICE DEPT,Other,Unbelted,-,-,-,-,-,-,-,-,-,-,-,-,Davidson,Nashville,5
79494,400275911,0,1,36.13543,-86.72672,3,2025-06-19 00:00:00,2025,6,19,24,0,Thursday,24:00,Suspected Serious Injury,Dark-Lighted,Clear,Motor Vehicle-In-Transport On Same Roadway,None,METROPOLITAN NASHVILLE POLICE DEPT,Other,Unbelted,-,Drinking,Drug,-,-,-,-,-,-,ATV_Involved,-,-,Davidson,Nashville,5
79518,400276021,0,3,36.00493,-86.62182,3,2025-06-20 09:05:00,2025,6,20,9,5,Friday,09:05,Suspected Serious Injury,Daylight,Clear,Motor Vehicle-In-Transport On Same Roadway,None,METROPOLITAN NASHVILLE POLICE DEPT,Other,Unbelted,-,-,-,-,-,-,-,-,-,-,-,-,Davidson,Nashville,6
79524,400276049,0,1,36.14683,-84.057,1,2025-06-08 13:10:00,2025,6,8,13,10,Sunday,13:10,Suspected Serious Injury,Daylight,Clear,Motor Vehicle-In-Transport On Same Roadway,None,THP District 1 - Knoxville,THP,Unbelted,-,-,-,-,-,-,-,-,-,-,Motorcyclist,-,Anderson,Not in City Limit,1
79528,400276075,0,4,35.38323,-85.06045,2,2025-06-18 21:31:00,2025,6,18,21,31,Wednesday,21:31,Suspected Serious Injury,Dark-Not Lighted,Clear,Motor Vehicle-In-Transport On Same Roadway,None,HAMILTON COUNTY SHERIFF'S OFFICE,Other,Unbelted,-,-,-,-,-,-,-,-,-,-,-,-,Hamilton,Not in City Limit,4
79529,400276078,0,2,36.37308,-84.76143,6,2025-06-20 11:15:00,2025,6,20,11,15,Friday,11:15,Suspected Serious Injury,Daylight,Clear,Ditch,None,THP District 6 - Cookeville,THP,-,-,-,-,-,-,-,-,-,-,-,Motorcyclist,-,Fentress,Not in City Limit,6
79536,400276109,0,1,36.50315,-83.56165,5,2025-06-20 13:08:00,2025,6,20,13,8,Friday,13:08,Suspected Serious Injury,Daylight,Clear,Embankment Earth,None,THP District 5 - Fall Branch,THP,Unbelted,-,-,-,-,-,-,-,-,-,-,-,-,Claiborne,Not in City Limit,6
79550,400276175,0,1,36.46799,-86.60819,3,2025-06-18 15:47:00,2025,6,18,15,47,Wednesday,15:47,Suspected Serious Injury,Daylight,Cloudy,Culvert,None,THP District 3 - Nashville,THP,Unbelted,-,-,-,-,-,-,-,-,-,-,-,-,Sumner,Not in City Limit,4
79570,400276267,1,0,35.02422,-84.38289,2,2025-06-20 16:22:00,2025,6,20,16,22,Friday,16:22,Fatal,Daylight,Clear,Motor Vehicle-In-Transport On Same Roadway,None,THP District 2 - Chattanooga,THP,Unbelted,-,-,-,-,-,-,-,-,-,-,Motorcyclist,-,Polk,Ducktown,6
79574,400276285,0,1,35.26601,-85.12088,2,2025-06-20 00:00:00,2025,6,20,24,0,Friday,24:00,Suspected Serious Injury,Daylight,Clear,Motor Vehicle-In-Transport On Same Roadway,None,SODDY DAISY POLICE DEPT,Other,Unbelted,-,-,-,-,-,-,-,-,-,-,Motorcyclist,-,Hamilton,Soddy-Daisy,6
79577,400276305,0,2,36.50808,-82.54702,5,2025-06-19 19:51:00,2025,6,19,19,51,Thursday,19:51,Suspected Serious Injury,Dark-Not Lighted,Clear,Motor Vehicle-In-Transport On Same Roadway,None,THP District 5 - Fall Branch,THP,Unbelted,-,-,-,-,-,-,-,-,-,-,-,-,Sullivan,Kingsport,5
79586,400276348,0,1,36.38078,-86.46355,3,2025-06-19 23:02:00,2025,6,19,23,2,Thursday,23:02,Suspected Serious Injury,Dark-Lighted,Clear,Pedestrian,None,THP District 3 - Nashville,THP,Unbelted,-,-,-,-,-,-,Pedestrian,-,-,-,-,-,Sumner,Gallatin,5
79587,400276351,0,1,35.64847,-88.82901,8,2025-06-20 00:00:00,2025,6,20,24,0,Friday,24:00,Suspected Serious Injury,Dark-Lighted,Clear,Pedestrian,None,JACKSON POLICE DEPT,Other,Unbelted,-,-,-,-,-,-,Pedestrian,-,-,-,-,-,Madison,Jackson,6
79599,400276418,1,3,36.07869,-85.72859,6,2025-06-21 02:32:00,2025,6,21,2,32,Saturday,02:32,Fatal,Dark-Not Lighted,Clear,Motor Vehicle-In-Transport On Same Roadway,None,THP District 6 - Cookeville,THP,Unbelted,-,Drinking,Drug,-,-,-,-,-,-,-,-,-,DeKalb,Not in City Limit,7
79600,400276420,0,1,36.00471,-86.36518,3,2025-06-21 03:16:00,2025,6,21,3,16,Saturday,03:16,Suspected Serious Injury,Dark-Not Lighted,Clear,Ditch,None,RUTHERFORD CO SHERIFFS DEPT,Other,Unbelted,-,-,-,-,-,-,-,-,-,-,-,-,Rutherford,Not in City Limit,7
79610,400276458,0,1,36.04106,-86.90546,3,2025-06-20 10:47:00,2025,6,20,10,47,Friday,10:47,Suspected Serious Injury,Daylight,Clear,Motor Vehicle-In-Transport On Same Roadway,None,THP District 3 - Nashville,THP,Unbelted,-,-,-,-,-,-,-,-,-,ATV_Involved,Motorcyclist,-,Williamson,Not in City Limit,6
79615,400276498,1,0,35.72202,-84.82779,2,2025-06-19 03:27:00,2025,6,19,3,27,Thursday,03:27,Fatal,Dark-Not Lighted,Clear,Pedestrian,None,THP District 2 - Chattanooga,THP,Unbelted,-,-,Drug,-,-,-,Pedestrian,-,-,-,-,-,Rhea,Not in City Limit,5
79618,400276525,0,1,36.58048,-87.83355,3,2025-06-21 09:46:00,2025,6,21,9,46,Saturday,09:46,Suspected Serious Injury,Daylight,Clear,Motor Vehicle-In-Transport On Same Roadway,None,THP District 3 - Nashville,THP,Unbelted,-,-,-,-,-,-,-,-,-,-,Motorcyclist,-,Stewart,Not in City Limit,7
79623,400276563,0,2,35.50134,-86.87467,7,2025-06-21 12:37:00,2025,6,21,12,37,Saturday,12:37,Suspected Serious Injury,Daylight,Clear,Motor Vehicle-In-Transport On Same Roadway,None,THP District 7 - Lawrenceburg,THP,Unbelted,-,-,-,-,-,-,-,-,-,-,-,-,Marshall,Not in City Limit,7
79630,400276587,0,2,35.25337,-85.06843,2,2025-06-20 17:23:00,2025,6,20,17,23,Friday,17:23,Suspected Serious Injury,Daylight,Clear,Motor Vehicle-In-Transport On Same Roadway,None,HAMILTON COUNTY SHERIFF'S OFFICE,Other,Unbelted,-,Drinking,Drug,-,-,-,-,-,-,-,-,-,Hamilton,Not in City Limit,6
79638,400276633,0,9,35.48355,-86.60626,7,2025-06-19 14:55:00,2025,6,19,14,55,Thursday,14:55,Suspected Serious Injury,Daylight,Clear,Ditch,None,THP District 7 - Lawrenceburg,THP,-,-,-,-,-,-,-,-,-,-,-,-,-,Bedford,Not in City Limit,5
79643,400276670,0,1,36.08052,-86.95526,3,2025-06-21 16:00:00,2025,6,21,16,0,Saturday,16:00,Suspected Serious Injury,Daylight,Clear,Motor Vehicle-In-Transport On Same Roadway,None,METROPOLITAN NASHVILLE POLICE DEPT,Other,-,-,-,-,-,-,-,-,-,-,-,Motorcyclist,-,Davidson,Nashville,7
79646,400276693,0,2,35.10403,-84.63402,2,2025-06-21 18:42:00,2025,6,21,18,42,Saturday,18:42,Suspected Serious Injury,Daylight,Clear,Ditch,None,THP District 2 - Chattanooga,THP,-,-,-,-,-,-,-,-,-,-,-,Motorcyclist,-,Polk,Not in City Limit,7
79648,400276695,0,4,35.75531,-85.8969,6,2025-06-20 17:16:00,2025,6,20,17,16,Friday,17:16,Suspected Serious Injury,Daylight,Clear,Motor Vehicle-In-Transport On Same Roadway,None,THP District 6 - Cookeville,THP,Unbelted,-,-,Drug,-,-,-,-,-,-,-,-,-,Warren,Not in City Limit,6
79653,400276708,0,2,35.09301,-88.69911,8,2025-06-21 01:56:00,2025,6,21,1,56,Saturday,01:56,Suspected Serious Injury,Dark-Not Lighted,Clear,Ditch,None,THP District 8 - Jackson,THP,Unbelted,-,Drinking,-,-,Speeding,-,-,-,-,-,-,-,McNairy,Not in City Limit,7
79658,400276721,0,5,36.04915,-83.92651,1,2025-06-21 19:21:00,2025,6,21,19,21,Saturday,19:21,Suspected Serious Injury,Daylight,Clear,Motor Vehicle-In-Transport On Same Roadway,None,KNOXVILLE POLICE DEPT,Other,Unbelted,-,-,-,-,-,-,-,-,-,-,-,-,Knox,Knoxville,7
79660,400276735,0,1,36.19674,-84.30002,1,2025-06-21 20:47:00,2025,6,21,20,47,Saturday,20:47,Suspected Serious Injury,Dusk,Clear,Embankment Earth,None,ANDERSON CO SHERIFFS DEPT,Other,-,-,-,-,-,-,-,-,-,ATV_Involved,-,-,-,Anderson,Not in City Limit,7
79662,400276745,0,1,35.84505,-86.44742,3,2025-06-21 19:15:00,2025,6,21,19,15,Saturday,19:15,Suspected Serious Injury,Daylight,Clear,Pedestrian,None,MURFREESBORO POLICE DEPT,Other,Unbelted,-,-,-,-,-,-,Pedestrian,-,-,-,-,-,Rutherford,Murfreesboro,7
79673,400276788,0,2,36.52172,-82.09535,5,2025-06-21 20:29:00,2025,6,21,20,29,Saturday,20:29,Suspected Serious Injury,Dusk,Clear,Motor Vehicle-In-Transport On Same Roadway,None,SULLIVAN CO SHERIFFS DEPT,Other,-,-,-,-,-,-,-,-,-,-,-,Motorcyclist,-,Sullivan,Not in City Limit,7
79684,400276833,0,1,36.61472,-86.54731,3,2025-06-21 15:12:00,2025,6,21,15,12,Saturday,15:12,Suspected Serious Injury,Daylight,Clear,"Over Turn, Roll Over",None,PORTLAND POLICE DEPT,Other,-,-,-,-,-,-,-,-,-,-,-,Motorcyclist,-,Sumner,Portland,7
79685,400276853,1,3,36.33926,-89.47555,8,2025-06-20 14:14:00,2025,6,20,14,14,Friday,14:14,Fatal,Daylight,Clear,Motor Vehicle-In-Transport On Same Roadway,None,THP District 8 - Jackson,THP,Unbelted,Distracted,Drinking,Drug,-,-,-,-,-,-,ATV_Involved,-,-,Lake,Not in City Limit,6
79690,400276878,0,5,36.05253,-86.6446,3,2025-06-22 09:00:00,2025,6,22,9,0,Sunday,09:00,Suspected Serious Injury,Daylight,Clear,Motor Vehicle-In-Transport On Same Roadway,None,METROPOLITAN NASHVILLE POLICE DEPT,Other,Unbelted,-,-,-,-,-,-,-,-,-,-,-,-,Davidson,Nashville,1
79696,400276903,1,1,36.34666,-88.40011,8,2025-06-22 10:50:00,2025,6,22,10,50,Sunday,10:50,Fatal,Daylight,Cloudy,Motor Vehicle-In-Transport On Same Roadway,None,THP District 8 - Jackson,THP,Unbelted,-,-,-,-,-,-,-,-,-,-,-,-,Henry,Not in City Limit,1
79697,400276904,0,1,36.13627,-88.10608,8,2025-06-22 09:55:00,2025,6,22,9,55,Sunday,09:55,Suspected Serious Injury,Daylight,Clear,Ditch,None,THP District 8 - Jackson,THP,-,-,-,-,-,-,-,-,-,-,-,Motorcyclist,-,Benton,Not in City Limit,1
79707,400276947,0,2,36.49991,-86.82723,3,2025-06-21 09:29:00,2025,6,21,9,29,Saturday,09:29,Suspected Serious Injury,Daylight,Clear,Embankment Earth,None,THP District 3 - Nashville,THP,Unbelted,Distracted,Drinking,Drug,-,-,-,-,-,-,-,-,-,Robertson,Not in City Limit,7
79737,400277058,0,1,35.53067,-86.83513,7,2025-06-18 14:15:00,2025,6,18,14,15,Wednesday,14:15,Suspected Serious Injury,Daylight,Clear,Utility Pole,None,THP District 7 - Lawrenceburg,THP,Unbelted,-,-,-,-,-,-,-,-,-,-,-,-,Marshall,Not in City Limit,4
79740,400277065,0,1,36.19577,-86.77602,3,2025-06-22 17:59:00,2025,6,22,17,59,Sunday,17:59,Suspected Serious Injury,Daylight,Clear,Guard Rail End,None,METROPOLITAN NASHVILLE POLICE DEPT,Other,Unbelted,-,-,-,-,-,-,-,-,-,-,-,-,Davidson,Nashville,1
79741,400277078,0,1,35.73405,-85.59523,6,2025-06-22 18:34:00,2025,6,22,18,34,Sunday,18:34,Suspected Serious Injury,Daylight,Clear,Ditch,None,THP District 6 - Cookeville,THP,-,-,-,-,-,-,-,-,-,-,-,Motorcyclist,-,Warren,Not in City Limit,1
79745,400277093,0,1,36.14648,-86.70524,3,2025-06-22 19:25:00,2025,6,22,19,25,Sunday,19:25,Suspected Serious Injury,Dark-Lighted,Clear,Ditch,None,METROPOLITAN NASHVILLE POLICE DEPT,Other,Unbelted,Distracted,-,-,-,-,-,-,-,-,-,-,-,Davidson,Nashville,1
79746,400277094,0,1,36.14555,-86.75255,3,2025-06-22 19:08:00,2025,6,22,19,8,Sunday,19:08,Suspected Serious Injury,Daylight,Clear,Pedestrian,None,METROPOLITAN NASHVILLE POLICE DEPT,Other,-,-,-,-,-,-,-,Pedestrian,-,-,-,-,-,Davidson,Nashville,1
79749,400277110,0,1,35.49281,-84.62213,2,2025-06-21 00:00:00,2025,6,21,24,0,Saturday,24:00,Suspected Serious Injury,Dusk,Clear,Paved Surface-Irregular,None,THP District 2 - Chattanooga,THP,-,-,-,-,-,-,-,-,-,-,-,Motorcyclist,-,McMinn,Not in City Limit,7
79753,400277121,0,2,35.97217,-83.24557,5,2025-06-22 20:00:00,2025,6,22,20,0,Sunday,20:00,Suspected Serious Injury,Daylight,Clear,Motor Vehicle-In-Transport On Same Roadway,None,NEWPORT POLICE DEPT,Other,Unbelted,-,Drinking,-,-,-,-,-,-,-,ATV_Involved,Motorcyclist,-,Cocke,Newport,1
79755,400277127,0,2,35.5553,-86.49476,7,2025-06-22 04:11:00,2025,6,22,4,11,Sunday,04:11,Suspected Serious Injury,Dark-Not Lighted,Clear,Standing Tree,None,THP District 7 - Lawrenceburg,THP,Unbelted,-,Drinking,Drug,-,-,-,-,-,-,-,-,-,Bedford,Not in City Limit,1
79759,400277141,0,3,36.30451,-82.33501,5,2025-06-22 01:09:00,2025,6,22,1,9,Sunday,01:09,Suspected Serious Injury,Dark-Not Lighted,Clear,Boulder,None,THP District 5 - Fall Branch,THP,Unbelted,-,Drinking,Drug,-,-,-,-,-,-,-,-,-,Washington,Johnson City,1
79764,400277166,1,1,36.56547,-84.44871,1,2025-06-22 00:18:00,2025,6,22,0,18,Sunday,00:18,Fatal,Dark-Lighted,Clear,Motor Vehicle-In-Transport On Different Roadway,None,THP District 1 - Knoxville,THP,Unbelted,-,Drinking,Drug,-,-,-,-,-,-,-,Motorcyclist,-,Scott,Winfield,1
79772,400277199,0,1,35.8685,-83.52863,1,2025-06-23 00:22:00,2025,6,23,0,22,Monday,00:22,Suspected Serious Injury,Dark-Lighted,Clear,Other Post/Pole Support,None,SEVIERVILLE POLICE DEPT,Other,-,-,Drinking,-,-,-,-,-,-,-,-,Motorcyclist,-,Sevier,Sevierville,2
79773,400277202,0,4,35.63311,-88.94865,8,2025-06-21 21:43:00,2025,6,21,21,43,Saturday,21:43,Suspected Serious Injury,Dark-Not Lighted,Clear,Motor Vehicle-In-Transport On Same Roadway,None,THP District 8 - Jackson,THP,Unbelted,-,Drinking,-,-,-,-,-,-,-,-,-,-,Madison,Not in City Limit,7
79776,400277213,0,2,36.20113,-86.61787,3,2025-06-21 00:41:00,2025,6,21,0,41,Saturday,00:41,Suspected Serious Injury,Dark-Lighted,Clear,Motor Vehicle-In-Transport On Same Roadway,None,METROPOLITAN NASHVILLE POLICE DEPT,Other,Unbelted,-,-,-,-,-,-,-,-,-,-,Motorcyclist,-,Davidson,Nashville,7
79778,400277222,0,1,36.64106,-87.87604,3,2025-06-22 20:27:00,2025,6,22,20,27,Sunday,20:27,Suspected Serious Injury,Dusk,Clear,Pedestrian,None,THP District 3 - Nashville,THP,Unbelted,-,-,-,-,-,-,Pedestrian,-,-,-,-,-,Stewart,Not in City Limit,1
79790,400277303,0,2,36.13339,-86.21839,3,2025-06-23 05:59:00,2025,6,23,5,59,Monday,05:59,Suspected Serious Injury,Dark-Lighted,Clear,Motor Vehicle-In-Transport On Same Roadway,None,THP District 3 - Nashville,THP,Unbelted,-,-,-,-,-,-,-,-,-,-,-,-,Wilson,Not in City Limit,2
79798,400277347,0,3,35.97183,-83.24699,5,2025-06-23 11:52:00,2025,6,23,11,52,Monday,11:52,Suspected Serious Injury,Daylight,Clear,Motor Vehicle-In-Transport On Same Roadway,None,NEWPORT POLICE DEPT,Other,Unbelted,Distracted,-,-,-,Speeding,-,-,-,-,-,-,-,Cocke,Newport,2
79808,400277385,0,1,35.99546,-86.53012,3,2025-06-19 21:13:00,2025,6,19,21,13,Thursday,21:13,Suspected Serious Injury,Dark-Not Lighted,Clear,Motor Vehicle-In-Transport On Same Roadway,None,SMYRNA POLICE DEPT,Other,Unbelted,-,-,-,-,-,-,-,-,-,-,-,-,Rutherford,Smyrna,5
79824,400277462,0,1,35.42458,-86.76016,7,2025-06-23 15:00:00,2025,6,23,15,0,Monday,15:00,Suspected Serious Injury,Daylight,Clear,Motor Vehicle-In-Transport On Same Roadway,None,LEWISBURG POLICE DEPT,Other,Unbelted,Distracted,-,-,-,-,-,-,-,-,ATV_Involved,-,-,Marshall,Lewisburg,2
79826,400277475,0,1,36.17092,-86.81119,3,2025-06-23 17:22:00,2025,6,23,17,22,Monday,17:22,Suspected Serious Injury,Daylight,Clear,Pedal-Cycle,None,METROPOLITAN NASHVILLE POLICE DEPT,Other,Unbelted,-,-,-,-,-,Pedalcyclist,-,-,-,-,-,-,Davidson,Nashville,2
79831,400277494,0,1,35.3194,-88.48458,8,2025-06-23 17:32:00,2025,6,23,17,32,Monday,17:32,Suspected Serious Injury,Daylight,Clear,Ditch,None,THP District 8 - Jackson,THP,Unbelted,-,-,-,-,-,-,-,-,-,-,-,-,McNairy,Not in City Limit,2
79839,400277530,0,1,36.03689,-84.42746,1,2025-06-23 20:38:00,2025,6,23,20,38,Monday,20:38,Suspected Serious Injury,Daylight,Clear,Fell/Jumped From Vehicle,None,MORGAN CO SHERIFFS DEPT,Other,-,-,-,-,-,-,-,-,-,-,-,Motorcyclist,-,Morgan,Not in City Limit,2
79840,400277531,0,2,36.61672,-85.41784,6,2025-06-23 18:35:00,2025,6,23,18,35,Monday,18:35,Suspected Serious Injury,Daylight,Clear,Guard Rail Face,None,THP District 6 - Cookeville,THP,Unbelted,Distracted,-,-,-,-,-,-,-,-,-,-,-,Clay,Not in City Limit,2
79842,400277540,0,2,35.82639,-83.80979,1,2025-06-23 20:31:00,2025,6,23,20,31,Monday,20:31,Suspected Serious Injury,Dusk,Clear,Other Non-Collision,None,BLOUNT CO SHERIFFS DEPT,Other,Unbelted,-,-,-,-,-,-,-,-,-,-,-,-,Blount,Not in City Limit,2
79855,400277586,0,2,36.09243,-86.70502,3,2025-06-24 00:42:00,2025,6,24,0,42,Tuesday,00:42,Suspected Serious Injury,Dark-Lighted,Clear,Motor Vehicle-In-Transport On Same Roadway,None,METROPOLITAN NASHVILLE POLICE DEPT,Other,Unbelted,-,-,-,-,-,-,-,-,-,-,-,-,Davidson,Nashville,3
79870,400277646,0,1,35.15785,-88.24502,8,2025-06-24 06:52:00,2025,6,24,6,52,Tuesday,06:52,Suspected Serious Injury,Dawn,Clear,Embankment Earth,None,THP District 8 - Jackson,THP,Unbelted,-,-,-,Drowsy,-,-,-,-,-,-,-,-,Hardin,Not in City Limit,3
79872,400277657,0,1,36.36705,-88.90371,8,2025-06-23 13:05:00,2025,6,23,13,5,Monday,13:05,Suspected Serious Injury,Daylight,Clear,Motor Vehicle-In-Transport On Same Roadway,None,THP District 8 - Jackson,THP,Unbelted,-,-,-,-,-,-,-,-,-,ATV_Involved,-,-,Weakley,Not in City Limit,2
79873,400277663,0,2,36.41469,-89.06103,8,2025-06-24 07:25:00,2025,6,24,7,25,Tuesday,07:25,Suspected Serious Injury,Daylight,Clear,Motor Vehicle-In-Transport On Same Roadway,None,UNION CITY POLICE DEPT,Other,Unbelted,-,-,-,Drowsy,-,-,-,-,-,-,-,-,Obion,Union City,3
79879,400277680,1,1,35.98108,-86.38826,3,2025-06-24 05:25:00,2025,6,24,5,25,Tuesday,05:25,Fatal,Daylight,Clear,Motor Vehicle-In-Transport On Same Roadway,None,THP District 3 - Nashville,THP,Unbelted,-,-,-,-,-,-,-,-,-,-,-,-,Rutherford,Not in City Limit,3
79883,400277697,0,2,36.35583,-89.046,8,2025-06-24 06:15:00,2025,6,24,6,15,Tuesday,06:15,Suspected Serious Injury,Dawn,Clear,Ditch,None,THP District 8 - Jackson,THP,Unbelted,-,-,-,-,-,-,-,-,-,-,-,-,Obion,Rives,3
79892,400277732,0,3,36.04584,-83.90355,1,2025-06-23 08:54:00,2025,6,23,8,54,Monday,08:54,Suspected Serious Injury,Daylight,Clear,Standing Tree,None,KNOXVILLE POLICE DEPT,Other,Unbelted,Distracted,Drinking,Drug,-,-,-,-,-,-,-,-,-,Knox,Knoxville,2
79895,400277761,0,1,35.61759,-84.79098,2,2025-06-24 09:23:00,2025,6,24,9,23,Tuesday,09:23,Suspected Serious Injury,Daylight,Clear,Embankment Earth,None,THP District 2 - Chattanooga,THP,Unbelted,-,-,-,-,-,-,-,-,-,-,-,-,Rhea,Not in City Limit,3
79920,400277895,0,3,36.08065,-86.50131,3,2025-06-24 14:39:00,2025,6,24,14,39,Tuesday,14:39,Suspected Serious Injury,Daylight,Clear,Motor Vehicle-In-Transport On Same Roadway,None,THP District 3 - Nashville,THP,Unbelted,-,-,-,-,-,-,-,-,-,-,-,-,Rutherford,Not in City Limit,3
79927,400277946,0,1,35.48533,-86.43012,7,2025-06-24 17:00:00,2025,6,24,17,0,Tuesday,17:00,Suspected Serious Injury,Daylight,Cloudy,Motor Vehicle-In-Transport On Same Roadway,None,SHELBYVILLE POLICE DEPT,Other,Unbelted,-,-,-,-,-,-,-,-,-,-,Motorcyclist,-,Bedford,Shelbyville,3
79933,400277965,0,1,35.43399,-89.16791,4,2025-06-24 17:43:00,2025,6,24,17,43,Tuesday,17:43,Suspected Serious Injury,Daylight,Clear,Motor Vehicle-In-Transport On Same Roadway,None,THP District 4 - Memphis,THP,Unbelted,-,-,-,-,-,-,-,-,ATV_Involved,-,-,-,Haywood,Not in City Limit,3
79939,400277975,0,2,35.63224,-84.47985,1,2025-06-24 19:03:00,2025,6,24,19,3,Tuesday,19:03,Suspected Serious Injury,Daylight,Cloudy,Motor Vehicle-In-Transport On Same Roadway,None,THP District 1 - Knoxville,THP,Unbelted,-,Drinking,Drug,-,-,-,-,-,-,ATV_Involved,-,-,Monroe,Not in City Limit,3
79940,400277981,0,1,36.10351,-85.70125,6,2025-06-24 18:52:00,2025,6,24,18,52,Tuesday,18:52,Suspected Serious Injury,Daylight,Clear,Cable Barrier,None,THP District 6 - Cookeville,THP,Unbelted,-,-,-,-,-,-,-,-,-,-,-,-,Putnam,Not in City Limit,3
79948,400278015,0,1,36.09139,-86.64442,3,2025-06-24 00:00:00,2025,6,24,24,0,Tuesday,24:00,Suspected Serious Injury,Dark-Lighted,Clear,Ditch,None,METROPOLITAN NASHVILLE POLICE DEPT,Other,Unbelted,-,-,-,-,-,-,-,-,-,-,-,-,Davidson,Nashville,3
79957,400278060,0,1,35.98502,-86.49395,3,2025-06-25 00:10:00,2025,6,25,0,10,Wednesday,00:10,Suspected Serious Injury,Dark-Lighted,Clear,Motor Vehicle-In-Transport On Same Roadway,None,SMYRNA POLICE DEPT,Other,Unbelted,-,-,-,-,-,-,-,-,-,-,Motorcyclist,-,Rutherford,Smyrna,4
79962,400278074,0,1,35.90272,-84.55392,1,2025-06-24 20:28:00,2025,6,24,20,28,Tuesday,20:28,Suspected Serious Injury,Daylight,Clear,Unknown,None,HARRIMAN POLICE DEPT,Other,-,-,-,-,-,-,-,-,-,-,-,Motorcyclist,-,Roane,Harriman,3
79966,400278087,0,1,35.6564,-88.40747,8,2025-06-22 17:05:00,2025,6,22,17,5,Sunday,17:05,Suspected Serious Injury,Daylight,Clear,Pedestrian,None,LEXINGTON POLICE DEPT,Other,Unbelted,-,Drinking,-,-,-,-,Pedestrian,-,-,-,-,-,Henderson,Lexington,1
79967,400278091,0,1,35.42936,-85.42841,2,2025-06-22 11:30:00,2025,6,22,11,30,Sunday,11:30,Suspected Serious Injury,Daylight,Clear,Unknown,None,SEQUATCHIE CO SHERIFFS DEPT,Other,-,-,-,-,-,-,-,-,-,-,-,Motorcyclist,-,Sequatchie,Not in City Limit,1
79972,400278121,0,2,35.51041,-85.28403,2,2025-06-25 07:59:00,2025,6,25,7,59,Wednesday,07:59,Suspected Serious Injury,Daylight,Clear,Motor Vehicle-In-Transport On Same Roadway,None,THP District 2 - Chattanooga,THP,Unbelted,-,-,-,-,-,-,-,-,-,-,-,-,Bledsoe,Not in City Limit,4
79974,400278124,0,1,35.99736,-84.01503,1,2025-06-25 07:50:00,2025,6,25,7,50,Wednesday,07:50,Suspected Serious Injury,Daylight,Clear,Ditch,None,KNOXVILLE POLICE DEPT,Other,Unbelted,-,-,-,-,-,-,-,-,-,-,-,-,Knox,Knoxville,4