OBJECTID,MRN,Fatality,Injury,Latitude,Longitude,THP_District,Collision_Date,Collision_Year,Collision_Month,Collision_Day,Collision_Hour,Collision_Min,Collision_DOW,Collision_Time,Crash_Type,Light_Condition,Weather,First_Harmfu_Event,Work_Zone_Type,Agency_Name,THP,Unbelted,Distracted_Driver,Driver_Drinking,Driver_Drugged,Drowsy_Driver,Speeding_Involved,Pedalcyclist,Pedestrian,Other_Nonmotorist,ATV_Involved,LargeTruck_Involved,Motorcycle_Involved,SchoolBus,County,City,DOW_Nmb
79978,400278138,1,0,36.38823,-86.41173,3,2025-06-24 17:06:00,2025,6,24,17,6,Tuesday,17:06,Fatal,Daylight,Clear,Motor Vehicle-In-Transport On Same Roadway,None,THP District 3 - Nashville,THP,Unbelted,-,Drinking,-,-,-,-,-,-,-,ATV_Involved,-,-,Sumner,Gallatin,3
79997,400278230,0,1,35.91833,-88.75637,8,2025-06-25 12:06:00,2025,6,25,12,6,Wednesday,12:06,Suspected Serious Injury,Daylight,Clear,Motor Vehicle-In-Transport On Same Roadway,None,MILAN POLICE DEPT,Other,Unbelted,-,-,-,-,-,-,-,-,-,-,Motorcyclist,-,Gibson,Milan,4
80000,400278247,0,1,35.38036,-84.6957,2,2025-06-25 11:53:00,2025,6,25,11,53,Wednesday,11:53,Suspected Serious Injury,Daylight,Clear,Mail Box,None,THP District 2 - Chattanooga,THP,Unbelted,-,-,-,-,-,-,-,-,-,-,-,-,McMinn,Riceville,4
80023,400278355,0,2,36.15119,-86.69182,3,2025-06-25 00:00:00,2025,6,25,24,0,Wednesday,24:00,Suspected Serious Injury,Daylight,Clear,Motor Vehicle-In-Transport On Same Roadway,None,METROPOLITAN NASHVILLE POLICE DEPT,Other,Unbelted,-,-,-,-,Speeding,-,-,-,-,-,-,-,Davidson,Nashville,4
80024,400278365,0,1,36.0858,-87.39971,3,2025-06-25 13:55:00,2025,6,25,13,55,Wednesday,13:55,Suspected Serious Injury,Daylight,Clear,Motor Vehicle-In-Transport On Same Roadway,None,DICKSON POLICE DEPT,Other,Unbelted,-,-,-,-,-,-,-,-,-,-,-,-,Dickson,Dickson,4
80033,400278415,0,3,35.62909,-88.8242,8,2025-06-25 15:00:00,2025,6,25,15,0,Wednesday,15:00,Suspected Serious Injury,Daylight,Clear,Motor Vehicle-In-Transport On Same Roadway,None,JACKSON POLICE DEPT,Other,Unbelted,-,-,-,-,-,-,-,-,-,-,-,-,Madison,Jackson,4
80037,400278449,0,1,36.51054,-82.21792,5,2025-06-25 19:10:00,2025,6,25,19,10,Wednesday,19:10,Suspected Serious Injury,Daylight,Clear,Motor Vehicle-In-Transport On Same Roadway,None,SULLIVAN CO SHERIFFS DEPT,Other,Unbelted,-,-,-,-,-,-,-,-,-,-,Motorcyclist,-,Sullivan,Not in City Limit,4
80042,400278465,0,3,35.98424,-83.9111,1,2025-06-25 18:00:00,2025,6,25,18,0,Wednesday,18:00,Suspected Serious Injury,Daylight,Clear,Motor Vehicle-In-Transport On Same Roadway,None,KNOXVILLE POLICE DEPT,Other,Unbelted,-,-,-,-,-,-,-,-,-,-,-,-,Knox,Knoxville,4
80045,400278473,1,0,35.15801,-85.5395,2,2025-06-24 20:54:00,2025,6,24,20,54,Tuesday,20:54,Fatal,Dark-Not Lighted,Cloudy,Pedestrian,None,THP District 2 - Chattanooga,THP,Unbelted,-,-,Drug,Drowsy,-,-,Pedestrian,-,-,ATV_Involved,-,-,Marion,Not in City Limit,3
80053,400278502,0,1,35.96285,-86.49535,3,2025-06-25 20:51:00,2025,6,25,20,51,Wednesday,20:51,Suspected Serious Injury,Dark-Lighted,Clear,Motor Vehicle-In-Transport On Same Roadway,None,SMYRNA POLICE DEPT,Other,Unbelted,-,-,-,-,-,-,-,-,-,-,Motorcyclist,-,Rutherford,Smyrna,4
80054,400278503,0,1,36.49688,-81.86442,5,2025-06-25 21:20:00,2025,6,25,21,20,Wednesday,21:20,Suspected Serious Injury,Dark-Not Lighted,Clear,Other Non-Collision,None,JOHNSON CO SHERIFFS DEPT,Other,-,-,-,-,-,-,-,-,-,-,-,Motorcyclist,-,Johnson,Not in City Limit,4
80063,400278535,0,3,36.56781,-82.04928,5,2025-06-14 23:38:00,2025,6,14,23,38,Saturday,23:38,Suspected Serious Injury,Dark-Not Lighted,Clear,Shrubbery,None,THP District 5 - Fall Branch,THP,Unbelted,-,-,-,-,Speeding,-,-,-,-,-,-,-,Sullivan,Not in City Limit,7
80064,400278536,0,1,35.4527,-86.79656,7,2025-06-25 20:25:00,2025,6,25,20,25,Wednesday,20:25,Suspected Serious Injury,Dark-Lighted,Clear,Pedestrian,None,LEWISBURG POLICE DEPT,Other,Unbelted,-,-,-,-,-,-,Pedestrian,-,-,-,-,-,Marshall,Lewisburg,4
80066,400278554,0,1,36.57782,-85.498,6,2025-06-24 11:57:00,2025,6,24,11,57,Tuesday,11:57,Suspected Serious Injury,Daylight,Clear,Motor Vehicle-In-Transport On Same Roadway,None,THP District 6 - Cookeville,THP,Unbelted,-,-,-,-,-,-,-,-,-,-,Motorcyclist,-,Clay,Not in City Limit,3
80076,400278610,1,0,36.54473,-86.63586,3,2025-06-26 04:27:00,2025,6,26,4,27,Thursday,04:27,Fatal,Dark-Not Lighted,Clear,Motor Vehicle-In-Transport On Same Roadway,None,THP District 3 - Nashville,THP,Unbelted,-,-,-,-,-,-,-,-,-,ATV_Involved,-,-,Robertson,Cross Plains,5
80078,400278620,0,1,36.02953,-86.87623,3,2025-06-25 14:45:00,2025,6,25,14,45,Wednesday,14:45,Suspected Serious Injury,Daylight,Clear,Motor Vehicle-In-Transport On Same Roadway,None,WILLIAMSON CO SHERIFFS OFFICE,Other,Unbelted,-,-,-,-,-,-,-,-,-,-,Motorcyclist,-,Williamson,Not in City Limit,4
80083,400278633,0,1,35.1213,-85.75517,2,2025-06-21 18:42:00,2025,6,21,18,42,Saturday,18:42,Suspected Serious Injury,Daylight,Clear,Guard Rail Face,None,THP District 2 - Chattanooga,THP,-,-,-,-,-,-,-,-,-,-,-,Motorcyclist,-,Marion,Not in City Limit,7
80084,400278644,0,1,36.48931,-84.2152,1,2025-06-24 11:38:00,2025,6,24,11,38,Tuesday,11:38,Suspected Serious Injury,Daylight,Clear,Cable Barrier,None,THP District 1 - Knoxville,THP,Unbelted,-,-,-,-,-,-,-,-,-,-,-,-,Campbell,Not in City Limit,3
80085,400278650,1,0,35.87457,-84.45985,1,2025-06-22 15:59:00,2025,6,22,15,59,Sunday,15:59,Fatal,Daylight,Clear,Pedestrian,None,THP District 1 - Knoxville,THP,Unbelted,-,Drinking,Drug,-,-,-,Pedestrian,-,-,-,-,-,Roane,Kingston,1
80089,400278657,0,1,36.42215,-86.99449,3,2025-06-24 13:10:00,2025,6,24,13,10,Tuesday,13:10,Suspected Serious Injury,Daylight,Clear,Ditch,None,THP District 3 - Nashville,THP,-,-,-,-,-,-,-,-,-,-,-,Motorcyclist,-,Robertson,Coopertown,3
80094,400278677,0,2,35.86642,-83.50552,1,2025-06-26 11:00:00,2025,6,26,11,0,Thursday,11:00,Suspected Serious Injury,Daylight,Clear,Motor Vehicle-In-Transport On Same Roadway,None,THP District 1 - Knoxville,THP,Unbelted,-,-,-,-,-,-,-,-,-,-,-,-,Sevier,Sevierville,5
80101,400278736,0,3,36.05462,-83.97314,1,2025-06-26 13:08:00,2025,6,26,13,8,Thursday,13:08,Suspected Serious Injury,Daylight,Clear,Motor Vehicle-In-Transport On Same Roadway,None,KNOX CO SHERIFFS OFFICE,Other,Unbelted,-,-,-,-,-,-,-,-,-,-,-,-,Knox,Not in City Limit,5
80103,400278747,1,0,36.49274,-83.07744,5,2025-06-24 21:53:00,2025,6,24,21,53,Tuesday,21:53,Fatal,Dark-Not Lighted,Clear,Fence,None,THP District 5 - Fall Branch,THP,Unbelted,-,Drinking,Drug,-,-,-,-,-,-,-,-,-,Hawkins,Not in City Limit,3
80109,400278775,0,1,36.0236,-83.24253,5,2025-06-26 13:30:00,2025,6,26,13,30,Thursday,13:30,Suspected Serious Injury,Daylight,Clear,Motor Vehicle-In-Transport On Same Roadway,None,THP District 5 - Fall Branch,THP,Unbelted,-,-,-,-,-,-,-,-,-,-,Motorcyclist,-,Cocke,Not in City Limit,5
80112,400278787,0,2,36.3478,-82.78106,5,2025-06-25 21:39:00,2025,6,25,21,39,Wednesday,21:39,Suspected Serious Injury,Dusk,Clear,Motor Vehicle-In-Transport On Same Roadway,None,THP District 5 - Fall Branch,THP,-,-,Drinking,Drug,-,-,-,-,-,-,-,Motorcyclist,-,Greene,Not in City Limit,4
80115,400278815,0,1,35.81568,-86.41343,3,2025-06-26 14:51:00,2025,6,26,14,51,Thursday,14:51,Suspected Serious Injury,Daylight,Clear,Shrubbery,None,MURFREESBORO POLICE DEPT,Other,Unbelted,-,-,-,-,-,-,-,-,-,-,-,-,Rutherford,Murfreesboro,5
80127,400278890,0,1,36.2237,-86.80629,3,2025-06-26 15:00:00,2025,6,26,15,0,Thursday,15:00,Suspected Serious Injury,Daylight,Clear,Motor Vehicle-In-Transport On Same Roadway,None,METROPOLITAN NASHVILLE POLICE DEPT,Other,Unbelted,-,-,-,-,-,-,-,-,-,-,Motorcyclist,-,Davidson,Nashville,5
80134,400278934,0,2,36.04593,-87.27468,3,2025-06-26 18:09:00,2025,6,26,18,9,Thursday,18:09,Suspected Serious Injury,Daylight,Clear,Motor Vehicle-In-Transport On Same Roadway,None,THP District 3 - Nashville,THP,Unbelted,-,-,-,-,-,-,-,-,-,-,-,-,Dickson,Burns,5
80141,400278955,0,1,36.19804,-87.38643,3,2025-06-26 18:22:00,2025,6,26,18,22,Thursday,18:22,Suspected Serious Injury,Daylight,Clear,Embankment Earth,None,THP District 3 - Nashville,THP,-,-,-,-,-,-,-,-,-,-,-,Motorcyclist,-,Dickson,Not in City Limit,5
80151,400278997,0,2,35.61069,-84.47271,1,2025-06-26 18:05:00,2025,6,26,18,5,Thursday,18:05,Suspected Serious Injury,Daylight,Clear,Motor Vehicle-In-Transport On Same Roadway,None,SWEETWATER POLICE DEPT,Other,Unbelted,-,-,-,-,-,-,-,-,-,-,-,-,Monroe,Sweetwater,5
80161,400279048,0,1,36.16756,-86.5435,3,2025-06-26 04:23:00,2025,6,26,4,23,Thursday,04:23,Suspected Serious Injury,Dark-Not Lighted,Clear,Motor Vehicle-In-Transport On Same Roadway,None,THP District 3 - Nashville,THP,Unbelted,-,Drinking,Drug,-,-,-,-,-,-,ATV_Involved,-,-,Wilson,Mount Juliet,5
80164,400279064,0,1,36.24013,-84.67651,1,2025-06-25 08:35:00,2025,6,25,8,35,Wednesday,08:35,Suspected Serious Injury,Daylight,Clear,Pedestrian,Maintenance Zone,THP District 1 - Knoxville,THP,Unbelted,Distracted,-,-,-,-,-,Pedestrian,-,-,-,-,-,Morgan,Sunbright,4
80166,400279073,1,0,35.76279,-83.30238,1,2025-06-27 05:48:00,2025,6,27,5,48,Friday,05:48,Fatal,Dark-Not Lighted,Clear,Motor Vehicle-In-Transport On Same Roadway,None,THP District 1 - Knoxville,THP,Unbelted,-,-,-,-,-,-,-,-,-,ATV_Involved,-,-,Sevier,Not in City Limit,6
80183,400279156,0,1,35.49033,-89.68432,4,2025-06-27 05:24:00,2025,6,27,5,24,Friday,05:24,Suspected Serious Injury,Dawn,Clear,Other Non-Fixed Object,None,THP District 4 - Memphis,THP,Unbelted,-,-,-,-,-,-,-,-,-,-,-,-,Tipton,Not in City Limit,6
80199,400279243,0,2,35.69621,-88.83604,8,2025-06-27 13:50:00,2025,6,27,13,50,Friday,13:50,Suspected Serious Injury,Daylight,Clear,Motor Vehicle-In-Transport On Same Roadway,None,JACKSON POLICE DEPT,Other,Unbelted,-,-,-,-,-,-,-,-,-,-,Motorcyclist,-,Madison,Jackson,6
80206,400279266,2,2,36.039,-84.39836,1,2025-06-24 18:40:00,2025,6,24,18,40,Tuesday,18:40,Fatal,Daylight,Clear,Motor Vehicle-In-Transport On Same Roadway,None,THP District 1 - Knoxville,THP,Unbelted,-,Drinking,-,-,-,-,-,-,-,-,Motorcyclist,-,Morgan,Not in City Limit,3
80215,400279300,0,1,36.23619,-86.80323,3,2025-06-27 14:50:00,2025,6,27,14,50,Friday,14:50,Suspected Serious Injury,Dusk,Rain,Utility Pole,None,METROPOLITAN NASHVILLE POLICE DEPT,Other,Unbelted,-,-,-,-,-,-,-,-,-,-,-,-,Davidson,Nashville,6
80216,400279303,0,5,36.49438,-87.17353,3,2025-06-25 18:31:00,2025,6,25,18,31,Wednesday,18:31,Suspected Serious Injury,Daylight,Clear,Motor Vehicle-In-Transport On Same Roadway,None,THP District 3 - Nashville,THP,Unbelted,Distracted,-,-,-,-,-,-,-,-,-,-,-,Montgomery,Not in City Limit,4
80219,400279310,0,1,35.96151,-85.72143,6,2025-06-27 16:02:00,2025,6,27,16,2,Friday,16:02,Suspected Serious Injury,Daylight,Clear,Guard Rail Face,None,THP District 6 - Cookeville,THP,-,-,-,-,-,Speeding,-,-,-,-,-,Motorcyclist,-,DeKalb,Not in City Limit,6
80231,400279383,0,1,35.30851,-88.46443,8,2025-06-27 15:15:00,2025,6,27,15,15,Friday,15:15,Suspected Serious Injury,Daylight,Clear,Embankment Earth,None,THP District 8 - Jackson,THP,Unbelted,-,-,-,-,-,-,-,-,-,-,-,-,McNairy,Leapwood,6
80241,400279427,0,1,35.92849,-84.03622,1,2025-06-27 23:10:00,2025,6,27,23,10,Friday,23:10,Suspected Serious Injury,Dark-Lighted,Clear,Motor Vehicle-In-Transport On Same Roadway,None,KNOXVILLE POLICE DEPT,Other,Unbelted,-,-,-,-,-,-,-,-,-,-,-,-,Knox,Knoxville,6
80243,400279435,0,1,35.30623,-88.91504,4,2025-06-25 04:15:00,2025,6,25,4,15,Wednesday,04:15,Suspected Serious Injury,Dark-Not Lighted,Clear,Ditch,None,HARDEMAN CO SHERIFFS DEPT,Other,Unbelted,-,-,-,-,-,-,-,-,-,-,-,-,Hardeman,Not in City Limit,4
80250,400279470,0,1,35.50107,-86.51433,7,2025-06-26 19:00:00,2025,6,26,19,0,Thursday,19:00,Suspected Serious Injury,Daylight,Clear,Ditch,None,THP District 7 - Lawrenceburg,THP,-,-,Drinking,-,-,-,-,-,-,-,-,Motorcyclist,-,Bedford,Not in City Limit,5
80253,400279484,0,1,35.93801,-86.47971,3,2025-06-23 23:41:00,2025,6,23,23,41,Monday,23:41,Suspected Serious Injury,Dark-Lighted,Clear,Wall,None,SMYRNA POLICE DEPT,Other,Unbelted,-,Drinking,-,-,Speeding,-,-,-,-,-,-,-,Rutherford,Smyrna,2
80264,400279535,0,1,36.31158,-88.12402,8,2025-06-27 08:00:00,2025,6,27,8,0,Friday,08:00,Suspected Serious Injury,Daylight,Clear,Motor Vehicle-In-Transport On Same Roadway,None,THP District 8 - Jackson,THP,Unbelted,-,-,-,-,-,-,-,-,-,-,Motorcyclist,-,Henry,Not in City Limit,6
80267,400279539,0,3,36.25986,-82.83137,5,2025-06-27 13:47:00,2025,6,27,13,47,Friday,13:47,Suspected Serious Injury,Daylight,Clear,Motor Vehicle-In-Transport On Same Roadway,None,THP District 5 - Fall Branch,THP,Unbelted,-,-,-,-,-,-,-,-,-,-,-,-,Greene,Not in City Limit,6
80283,400279602,0,1,36.18284,-89.21302,8,2025-06-28 10:15:00,2025,6,28,10,15,Saturday,10:15,Suspected Serious Injury,Daylight,Cloudy,Ditch,None,THP District 8 - Jackson,THP,Unbelted,-,-,-,-,-,-,-,-,-,-,-,-,Dyer,Not in City Limit,7
80294,400279656,0,1,36.30303,-87.06321,3,2025-06-28 12:39:00,2025,6,28,12,39,Saturday,12:39,Suspected Serious Injury,Daylight,Clear,Motor Vehicle-In-Transport On Same Roadway,None,THP District 3 - Nashville,THP,Unbelted,-,-,-,-,-,-,-,-,-,-,-,-,Cheatham,Not in City Limit,7
80319,400279763,0,3,35.9725,-86.58687,3,2025-06-28 16:38:00,2025,6,28,16,38,Saturday,16:38,Suspected Serious Injury,Daylight,Cloudy,Standing Tree,None,LAVERGNE POLICE DEPT,Other,-,-,-,-,-,Speeding,-,-,-,-,-,-,-,Rutherford,Lavergne,7
80321,400279765,0,1,35.80116,-87.78381,7,2025-06-21 22:15:00,2025,6,21,22,15,Saturday,22:15,Suspected Serious Injury,Dark-Not Lighted,Clear,Ditch,None,THP District 7 - Lawrenceburg,THP,Unbelted,-,-,-,-,-,-,-,-,-,-,-,-,Perry,Not in City Limit,7
80329,400279794,0,1,35.45631,-86.55382,7,2025-06-20 23:20:00,2025,6,20,23,20,Friday,23:20,Suspected Serious Injury,Dark-Not Lighted,Clear,Embankment Earth,None,THP District 7 - Lawrenceburg,THP,Unbelted,-,Drinking,Drug,-,-,-,-,-,-,-,-,-,Bedford,Not in City Limit,6
80337,400279832,0,1,36.18187,-87.31053,3,2025-06-28 22:02:00,2025,6,28,22,2,Saturday,22:02,Suspected Serious Injury,Dark-Not Lighted,Clear,Embankment Earth,None,THP District 3 - Nashville,THP,Unbelted,-,-,-,-,-,-,-,-,-,-,-,-,Dickson,Not in City Limit,7
80338,400279833,0,1,36.26248,-83.77969,5,2025-06-23 01:10:00,2025,6,23,1,10,Monday,01:10,Suspected Serious Injury,Dark-Lighted,Clear,Fell/Jumped From Vehicle,None,THP District 5 - Fall Branch,THP,Unbelted,-,-,-,-,-,-,-,-,-,-,-,-,Union,Maynardville,2
80351,400279896,0,1,36.20925,-84.12797,1,2025-06-28 15:10:00,2025,6,28,15,10,Saturday,15:10,Suspected Serious Injury,Daylight,Clear,"Over Turn, Roll Over",None,THP District 1 - Knoxville,THP,Unbelted,-,-,-,-,-,-,-,-,-,-,-,-,Anderson,Not in City Limit,7
80362,400279934,0,2,36.06109,-83.92422,1,2025-06-29 10:04:00,2025,6,29,10,4,Sunday,10:04,Suspected Serious Injury,Daylight,Clear,Motor Vehicle-In-Transport On Same Roadway,None,KNOX CO SHERIFFS OFFICE,Other,Unbelted,-,-,-,-,-,-,-,-,-,-,-,-,Knox,Knoxville,1
80372,400279978,0,1,36.07835,-84.01714,1,2025-06-29 12:24:00,2025,6,29,12,24,Sunday,12:24,Suspected Serious Injury,Daylight,Clear,Embankment Earth,None,THP District 1 - Knoxville,THP,Unbelted,-,-,-,-,-,-,-,-,-,-,-,-,Knox,Not in City Limit,1
80375,400279996,0,1,36.5002,-81.87405,5,2025-06-29 11:17:00,2025,6,29,11,17,Sunday,11:17,Suspected Serious Injury,Daylight,Clear,Parked Motor Vehicle,None,THP District 5 - Fall Branch,THP,-,-,-,Drug,-,-,-,-,-,-,ATV_Involved,Motorcyclist,-,Johnson,Not in City Limit,1
80391,400280052,0,1,36.51567,-87.21719,3,2025-06-29 10:40:00,2025,6,29,10,40,Sunday,10:40,Suspected Serious Injury,Daylight,Clear,Ditch,None,THP District 3 - Nashville,THP,Unbelted,-,-,-,-,-,-,-,-,-,-,-,-,Montgomery,Not in City Limit,1
80397,400280069,0,1,35.87493,-84.78849,6,2025-06-28 16:55:00,2025,6,28,16,55,Saturday,16:55,Suspected Serious Injury,Daylight,Clear,Guard Rail Face,None,THP District 6 - Cookeville,THP,Unbelted,-,-,-,-,-,-,-,-,-,ATV_Involved,-,-,Cumberland,Not in City Limit,7
80402,400280106,0,1,36.36653,-87.0448,3,2025-06-29 13:20:00,2025,6,29,13,20,Sunday,13:20,Suspected Serious Injury,Daylight,Clear,Motor Vehicle-In-Transport On Same Roadway,None,THP District 3 - Nashville,THP,Unbelted,-,-,-,-,-,-,-,-,-,-,Motorcyclist,-,Cheatham,Pleasant View,1
80408,400280132,0,1,36.53319,-81.94021,5,2025-06-28 19:33:00,2025,6,28,19,33,Saturday,19:33,Suspected Serious Injury,Daylight,Clear,"Over Turn, Roll Over",None,THP District 5 - Fall Branch,THP,-,-,-,-,-,-,-,-,-,-,-,Motorcyclist,-,Johnson,Not in City Limit,7
80415,400280168,0,2,35.89867,-83.42843,1,2025-06-29 16:58:00,2025,6,29,16,58,Sunday,16:58,Suspected Serious Injury,Daylight,Clear,Motor Vehicle-In-Transport On Same Roadway,None,THP District 1 - Knoxville,THP,-,-,-,-,-,-,-,-,-,-,-,Motorcyclist,-,Sevier,Not in City Limit,1
80420,400280188,0,2,36.51387,-86.90671,3,2025-06-29 15:21:00,2025,6,29,15,21,Sunday,15:21,Suspected Serious Injury,Daylight,Clear,Motor Vehicle-In-Transport On Same Roadway,None,THP District 3 - Nashville,THP,Unbelted,-,-,-,-,-,-,-,-,-,-,-,-,Robertson,Springfield,1
80423,400280200,1,0,35.993,-86.75798,3,2025-06-28 00:22:00,2025,6,28,0,22,Saturday,00:22,Fatal,Dark-Lighted,Clear,Mail Box,None,THP District 3 - Nashville,THP,Unbelted,-,-,-,-,Speeding,-,-,-,-,-,-,-,Williamson,Brentwood,7
80436,400280276,0,1,35.0539,-84.7333,2,2025-06-25 13:34:00,2025,6,25,13,34,Wednesday,13:34,Suspected Serious Injury,Daylight,Clear,Motor Vehicle-In-Transport On Same Roadway,None,THP District 2 - Chattanooga,THP,Unbelted,-,-,-,-,-,-,-,-,-,ATV_Involved,-,-,Polk,Not in City Limit,4
80444,400280306,1,0,35.76338,-87.14033,7,2025-06-27 10:45:00,2025,6,27,10,45,Friday,10:45,Fatal,Daylight,Clear,Pedestrian,None,THP District 7 - Lawrenceburg,THP,Unbelted,-,-,-,-,-,-,Pedestrian,-,-,ATV_Involved,-,-,Maury,Not in City Limit,6
80455,400280343,1,0,36.13438,-86.72318,3,2025-06-28 00:28:00,2025,6,28,0,28,Saturday,00:28,Fatal,Dark-Lighted,Cloudy,Pedestrian,None,METROPOLITAN NASHVILLE POLICE DEPT,Other,Unbelted,-,-,-,-,-,-,Pedestrian,-,-,-,-,-,Davidson,Nashville,7
80457,400280352,1,0,36.04578,-86.65995,3,2025-06-29 03:18:00,2025,6,29,3,18,Sunday,03:18,Fatal,Dark-Lighted,Clear,Motor Vehicle-In-Transport On Same Roadway,None,METROPOLITAN NASHVILLE POLICE DEPT,Other,Unbelted,-,Drinking,Drug,-,-,-,-,-,-,-,-,-,Davidson,Nashville,1
80464,400280403,0,1,36.25467,-83.49141,5,2025-06-29 00:00:00,2025,6,29,0,0,Sunday,00:00,Suspected Serious Injury,Dark-Not Lighted,Clear,"Over Turn, Roll Over",None,THP District 5 - Fall Branch,THP,-,-,Drinking,-,-,-,-,-,-,-,-,Motorcyclist,-,Grainger,Not in City Limit,1
80474,400280463,0,2,35.96664,-85.03777,6,2025-06-29 15:47:00,2025,6,29,15,47,Sunday,15:47,Suspected Serious Injury,Daylight,Clear,Motor Vehicle-In-Transport On Same Roadway,None,THP District 6 - Cookeville,THP,Unbelted,-,-,Drug,-,-,-,-,-,-,-,-,-,Cumberland,Crossville,1
80475,400280464,0,1,36.25194,-87.03499,3,2025-06-29 20:36:00,2025,6,29,20,36,Sunday,20:36,Suspected Serious Injury,Dark-Lighted,Clear,Motor Vehicle-In-Transport On Same Roadway,None,ASHLAND CITY POLICE DEPT,Other,Unbelted,-,-,-,-,-,-,-,-,-,-,Motorcyclist,-,Cheatham,Ashland City,1
80479,400280479,1,1,36.10939,-86.72794,3,2025-06-29 14:41:00,2025,6,29,14,41,Sunday,14:41,Fatal,Daylight,Clear,Motor Vehicle-In-Transport On Same Roadway,None,METROPOLITAN NASHVILLE POLICE DEPT,Other,Unbelted,-,Drinking,-,-,-,-,-,-,-,-,-,-,Davidson,Nashville,1
80487,400280512,0,1,35.81251,-84.68658,1,2025-06-30 15:09:00,2025,6,30,15,9,Monday,15:09,Suspected Serious Injury,Daylight,Cloudy,Deer,None,ROANE CO SHERIFFS DEPT,Other,-,-,-,-,-,-,-,-,-,-,-,Motorcyclist,-,Roane,Not in City Limit,2
80490,400280521,0,1,35.50483,-83.95777,1,2025-06-28 12:49:00,2025,6,28,12,49,Saturday,12:49,Suspected Serious Injury,Daylight,Clear,Ditch,None,THP District 1 - Knoxville,THP,-,-,-,-,-,-,-,-,-,-,-,Motorcyclist,-,Blount,Not in City Limit,7
80501,400280570,0,1,35.94929,-85.04133,6,2025-06-30 17:28:00,2025,6,30,17,28,Monday,17:28,Suspected Serious Injury,Daylight,Clear,Standing Tree,None,THP District 6 - Cookeville,THP,-,-,-,-,-,-,-,-,-,-,-,Motorcyclist,-,Cumberland,Crossville,2
80502,400280571,0,2,35.66485,-84.1023,1,2025-06-30 18:33:00,2025,6,30,18,33,Monday,18:33,Suspected Serious Injury,Daylight,Clear,Motor Vehicle-In-Transport On Same Roadway,None,THP District 1 - Knoxville,THP,Unbelted,-,Drinking,Drug,-,-,-,-,-,-,-,-,-,Blount,Not in City Limit,2
80512,400280603,1,3,35.7084,-89.56756,4,2025-06-28 19:29:00,2025,6,28,19,29,Saturday,19:29,Fatal,Dusk,Rain,Motor Vehicle-In-Transport On Same Roadway,None,THP District 4 - Memphis,THP,Unbelted,-,Drinking,Drug,-,Speeding,-,-,-,-,-,-,-,Lauderdale,Not in City Limit,7
80513,400280608,0,2,35.24274,-85.19187,2,2025-06-29 20:08:00,2025,6,29,20,8,Sunday,20:08,Suspected Serious Injury,Daylight,Clear,Motor Vehicle-In-Transport On Same Roadway,None,THP District 2 - Chattanooga,THP,Unbelted,-,-,-,-,-,-,-,-,-,-,-,-,Hamilton,Soddy-Daisy,1
80515,400280613,0,1,36.23102,-86.75108,3,2025-06-30 16:45:00,2025,6,30,16,45,Monday,16:45,Suspected Serious Injury,Daylight,Clear,Motor Vehicle-In-Transport On Same Roadway,None,METROPOLITAN NASHVILLE POLICE DEPT,Other,Unbelted,Distracted,-,-,-,-,-,-,-,-,-,Motorcyclist,-,Davidson,Nashville,2
80520,400280630,0,1,35.99807,-86.43044,3,2025-06-30 03:20:00,2025,6,30,3,20,Monday,03:20,Suspected Serious Injury,Dark-Not Lighted,Clear,Guard Rail Face,None,RUTHERFORD CO SHERIFFS DEPT,Other,-,-,-,-,-,-,-,-,-,-,-,Motorcyclist,-,Rutherford,Not in City Limit,2
80529,400280713,0,1,35.97742,-83.97282,1,2025-07-01 04:32:00,2025,7,1,4,32,Tuesday,04:32,Suspected Serious Injury,Dark-Lighted,Clear,Pedal-Cycle,None,KNOXVILLE POLICE DEPT,Other,Unbelted,-,-,-,-,-,Pedalcyclist,-,-,-,-,-,-,Knox,Knoxville,3
80534,400280728,0,3,36.28751,-83.72323,5,2025-06-29 23:20:00,2025,6,29,23,20,Sunday,23:20,Suspected Serious Injury,Dark-Not Lighted,Rain,Standing Tree,None,THP District 5 - Fall Branch,THP,Unbelted,-,-,-,-,-,-,-,-,-,-,-,-,Union,Not in City Limit,1
80542,400280754,0,1,35.20254,-85.20741,2,2025-07-01 08:18:00,2025,7,1,8,18,Tuesday,08:18,Suspected Serious Injury,Daylight,Clear,Motor Vehicle-In-Transport On Same Roadway,None,HAMILTON COUNTY SHERIFF'S OFFICE,Other,Unbelted,-,-,-,-,-,-,-,-,-,-,-,-,Hamilton,Not in City Limit,3
80558,400280786,0,1,36.10695,-83.90929,1,2025-07-01 06:47:00,2025,7,1,6,47,Tuesday,06:47,Suspected Serious Injury,Daylight,Clear,Embankment Earth,None,THP District 1 - Knoxville,THP,Unbelted,-,-,-,-,-,-,-,-,-,-,-,-,Knox,Not in City Limit,3