OBJECTID,MRN,Fatality,Injury,Latitude,Longitude,THP_District,Collision_Date,Collision_Year,Collision_Month,Collision_Day,Collision_Hour,Collision_Min,Collision_DOW,Collision_Time,Crash_Type,Light_Condition,Weather,First_Harmfu_Event,Work_Zone_Type,Agency_Name,THP,Unbelted,Distracted_Driver,Driver_Drinking,Driver_Drugged,Drowsy_Driver,Speeding_Involved,Pedalcyclist,Pedestrian,Other_Nonmotorist,ATV_Involved,LargeTruck_Involved,Motorcycle_Involved,SchoolBus,County,City,DOW_Nmb
80568,400280826,1,1,35.94036,-83.21118,5,2025-07-01 11:20:00,2025,7,1,11,20,Tuesday,11:20,Fatal,Daylight,Clear,Motor Vehicle-In-Transport On Same Roadway,None,NEWPORT POLICE DEPT,Other,Unbelted,-,-,-,-,-,-,-,-,-,-,Motorcyclist,-,Cocke,Newport,3
80569,400280829,0,2,35.76781,-83.97592,1,2025-07-01 13:07:00,2025,7,1,13,7,Tuesday,13:07,Suspected Serious Injury,Daylight,Clear,Motor Vehicle-In-Transport On Same Roadway,None,ALCOA POLICE DEPARTMENT,Other,Unbelted,-,-,-,-,-,-,-,-,-,-,-,-,Blount,Alcoa,3
80575,400280861,0,1,35.98731,-83.97358,1,2025-07-01 10:39:00,2025,7,1,10,39,Tuesday,10:39,Suspected Serious Injury,Daylight,Clear,Concrete Traffic Barrier,None,KNOXVILLE POLICE DEPT,Other,Unbelted,-,-,-,-,-,-,-,-,-,-,-,-,Knox,Knoxville,3
80577,400280865,0,2,35.47933,-86.80747,7,2025-07-01 12:04:00,2025,7,1,12,4,Tuesday,12:04,Suspected Serious Injury,Daylight,Clear,Motor Vehicle-In-Transport On Same Roadway,None,LEWISBURG POLICE DEPT,Other,Unbelted,-,-,-,-,-,-,-,-,-,-,-,-,Marshall,Lewisburg,3
80578,400280872,0,1,35.74966,-84.12118,1,2025-07-01 14:12:00,2025,7,1,14,12,Tuesday,14:12,Suspected Serious Injury,Daylight,Cloudy,Ditch,None,BLOUNT CO SHERIFFS DEPT,Other,Unbelted,Distracted,-,-,-,-,-,-,-,-,ATV_Involved,-,-,Blount,Not in City Limit,3
80608,400281049,0,1,35.70476,-88.4674,8,2025-07-01 16:45:00,2025,7,1,16,45,Tuesday,16:45,Suspected Serious Injury,Daylight,Clear,Standing Tree,None,THP District 8 - Jackson,THP,Unbelted,-,-,-,-,Speeding,-,-,-,-,-,-,-,Henderson,Not in City Limit,3
80613,400281062,0,1,35.60617,-84.50968,1,2025-07-01 20:18:00,2025,7,1,20,18,Tuesday,20:18,Suspected Serious Injury,Daylight,Clear,"Over Turn, Roll Over",None,THP District 1 - Knoxville,THP,Unbelted,-,-,-,-,-,-,-,-,-,-,-,-,Monroe,Not in City Limit,3
80620,400281118,0,1,35.91859,-84.08731,1,2025-07-01 22:50:00,2025,7,1,22,50,Tuesday,22:50,Suspected Serious Injury,Dark-Lighted,Rain,Concrete Traffic Barrier,None,KNOXVILLE POLICE DEPT,Other,Unbelted,-,-,Drug,-,-,-,-,-,-,-,-,-,Knox,Knoxville,3
80624,400281143,0,1,35.69035,-88.7124,8,2025-06-29 12:49:00,2025,6,29,12,49,Sunday,12:49,Suspected Serious Injury,Daylight,Rain,Guard Rail Face,None,THP District 8 - Jackson,THP,-,-,-,-,-,-,-,-,-,-,-,Motorcyclist,-,Madison,Not in City Limit,1
80634,400281202,1,0,35.2723,-88.6333,8,2025-07-01 09:07:00,2025,7,1,9,7,Tuesday,09:07,Fatal,Daylight,Cloudy,Motor Vehicle-In-Transport On Same Roadway,None,THP District 8 - Jackson,THP,Unbelted,-,-,-,-,-,-,-,-,-,ATV_Involved,-,-,McNairy,Not in City Limit,3
80646,400281253,0,2,36.56259,-86.38762,3,2025-07-02 07:40:00,2025,7,2,7,40,Wednesday,07:40,Suspected Serious Injury,Daylight,Clear,Motor Vehicle-In-Transport On Same Roadway,None,THP District 3 - Nashville,THP,Unbelted,-,-,-,-,-,-,-,-,-,ATV_Involved,-,-,Sumner,Not in City Limit,4
80651,400281279,1,0,36.38544,-86.27912,3,2025-07-02 00:00:00,2025,7,2,24,0,Wednesday,24:00,Fatal,Dark-Not Lighted,Clear,Embankment Earth,None,THP District 3 - Nashville,THP,-,-,-,-,-,-,-,-,-,-,-,Motorcyclist,-,Sumner,Not in City Limit,4
80662,400281307,0,1,35.20413,-89.86855,4,2025-07-02 10:55:00,2025,7,2,10,55,Wednesday,10:55,Suspected Serious Injury,Daylight,Clear,Railway Train,None,THP District 4 - Memphis,THP,Unbelted,-,-,-,-,-,-,-,-,-,-,-,-,Shelby,Bartlett,4
80667,400281323,0,2,36.27704,-87.1364,3,2025-07-02 11:40:00,2025,7,2,11,40,Wednesday,11:40,Suspected Serious Injury,Daylight,Clear,Motor Vehicle-In-Transport On Same Roadway,None,THP District 3 - Nashville,THP,Unbelted,-,-,-,-,-,-,-,-,-,-,-,-,Cheatham,Not in City Limit,4
80670,400281331,0,1,35.86179,-83.66846,1,2025-06-29 00:00:00,2025,6,29,24,0,Sunday,24:00,Suspected Serious Injury,Daylight,Clear,Embankment Earth,None,SEVIER CO SHERIFFS OFFICE,Other,Unbelted,-,Drinking,-,-,-,-,-,-,-,-,-,-,Sevier,Not in City Limit,1
80704,400281507,0,2,35.8176,-83.97325,1,2025-07-02 01:21:00,2025,7,2,1,21,Wednesday,01:21,Suspected Serious Injury,,Clear,"Over Turn, Roll Over",None,ALCOA POLICE DEPARTMENT,Other,Unbelted,-,Drinking,-,-,-,-,-,-,-,-,-,-,Blount,Alcoa,4
80705,400281514,1,0,36.0449,-86.67981,3,2025-04-26 00:00:00,2025,4,26,24,0,Saturday,24:00,Fatal,Dark-Not Lighted,Clear,Fell/Jumped From Vehicle,None,METROPOLITAN NASHVILLE POLICE DEPT,Other,Unbelted,-,Drinking,-,-,-,-,-,-,-,-,-,-,Davidson,Nashville,7
80711,400281536,0,1,35.09479,-88.26699,8,2025-06-29 00:41:00,2025,6,29,0,41,Sunday,00:41,Suspected Serious Injury,Dark-Not Lighted,Clear,Standing Tree,None,THP District 8 - Jackson,THP,Unbelted,-,Drinking,-,-,-,-,-,-,-,-,-,-,Hardin,Not in City Limit,1
80716,400281548,0,1,35.90401,-84.14227,1,2025-07-02 21:57:00,2025,7,2,21,57,Wednesday,21:57,Suspected Serious Injury,Dark-Lighted,Clear,Motor Vehicle-In-Transport On Same Roadway,None,THP District 1 - Knoxville,THP,Unbelted,-,-,-,-,-,-,-,-,-,-,Motorcyclist,-,Knox,Not in City Limit,4
80717,400281553,0,1,36.08452,-86.60614,3,2025-07-02 00:00:00,2025,7,2,0,0,Wednesday,00:00,Suspected Serious Injury,Dark-Lighted,Clear,Motor Vehicle-In-Transport On Same Roadway,None,METROPOLITAN NASHVILLE POLICE DEPT,Other,Unbelted,-,-,-,-,-,-,-,-,-,-,-,-,Davidson,Nashville,4
80723,400281595,0,1,36.28017,-84.20821,1,2025-06-29 20:45:00,2025,6,29,20,45,Sunday,20:45,Suspected Serious Injury,Dark-Not Lighted,Clear,Cable Barrier,None,THP District 1 - Knoxville,THP,Unbelted,-,-,-,-,-,-,-,-,-,-,-,-,Campbell,Not in City Limit,1
80726,400281608,2,2,36.04133,-84.37523,1,2025-07-02 08:28:00,2025,7,2,8,28,Wednesday,08:28,Fatal,Daylight,Fog,Motor Vehicle-In-Transport On Same Roadway,None,THP District 1 - Knoxville,THP,Unbelted,-,-,Drug,-,-,-,-,-,-,-,-,-,Morgan,Not in City Limit,4
80729,400281614,1,3,36.21081,-86.77851,3,2025-07-02 14:48:00,2025,7,2,14,48,Wednesday,14:48,Fatal,Daylight,Clear,Motor Vehicle-In-Transport On Same Roadway,None,METROPOLITAN NASHVILLE POLICE DEPT,Other,Unbelted,-,-,-,-,-,-,-,-,-,-,-,-,Davidson,Nashville,4
80733,400281638,2,1,35.87093,-84.27385,1,2025-06-30 12:11:00,2025,6,30,12,11,Monday,12:11,Fatal,Daylight,Clear,Motor Vehicle-In-Transport On Same Roadway,None,THP District 1 - Knoxville,THP,Unbelted,Distracted,-,Drug,-,-,-,-,-,-,-,-,-,Loudon,Not in City Limit,2
80746,400281694,0,1,36.43709,-86.80852,3,2025-07-01 12:23:00,2025,7,1,12,23,Tuesday,12:23,Suspected Serious Injury,Daylight,Clear,Utility Pole,None,THP District 3 - Nashville,THP,Unbelted,-,-,-,-,-,-,-,-,-,-,-,-,Robertson,Greenbrier,3
80750,400281714,0,2,36.54309,-86.50536,3,2025-07-03 10:19:00,2025,7,3,10,19,Thursday,10:19,Suspected Serious Injury,Daylight,Clear,Motor Vehicle-In-Transport On Same Roadway,None,PORTLAND POLICE DEPT,Other,Unbelted,-,-,-,-,-,-,-,-,-,-,-,-,Sumner,Portland,5
80751,400281716,0,1,36.53773,-86.91645,3,2025-07-03 09:40:00,2025,7,3,9,40,Thursday,09:40,Suspected Serious Injury,Daylight,Clear,Motor Vehicle-In-Transport On Same Roadway,None,THP District 3 - Nashville,THP,Unbelted,Distracted,-,-,-,-,-,-,-,-,ATV_Involved,-,-,Robertson,Not in City Limit,5
80753,400281721,0,1,35.79928,-85.61907,6,2025-07-03 09:05:00,2025,7,3,9,5,Thursday,09:05,Suspected Serious Injury,Daylight,Clear,Standing Tree,None,THP District 6 - Cookeville,THP,Unbelted,Distracted,-,-,-,-,-,-,-,-,-,-,-,Warren,Not in City Limit,5
80755,400281725,1,0,35.00332,-86.87581,7,2025-06-30 00:00:00,2025,6,30,24,0,Monday,24:00,Fatal,Dark-Not Lighted,Clear,Embankment Earth,None,ARDMORE POLICE DEPT,Other,Unbelted,-,-,-,-,-,-,-,-,-,-,-,-,Giles,Ardmore,2
80760,400281757,0,1,36.45632,-83.5675,5,2025-07-02 16:43:00,2025,7,2,16,43,Wednesday,16:43,Suspected Serious Injury,Daylight,Clear,Motor Vehicle-In-Transport On Same Roadway,None,TAZEWELL POLICE DEPT,Other,Unbelted,-,-,-,-,-,-,-,-,-,-,Motorcyclist,-,Claiborne,Tazewell,4
80764,400281779,0,1,36.42442,-86.30908,3,2025-07-03 13:06:00,2025,7,3,13,6,Thursday,13:06,Suspected Serious Injury,Daylight,Clear,Embankment Earth,None,THP District 3 - Nashville,THP,-,-,-,-,-,-,-,-,-,-,-,Motorcyclist,-,Sumner,Not in City Limit,5
80767,400281797,0,5,35.97957,-84.96652,6,2025-07-03 12:06:00,2025,7,3,12,6,Thursday,12:06,Suspected Serious Injury,Daylight,Clear,Motor Vehicle-In-Transport On Same Roadway,None,THP District 6 - Cookeville,THP,Unbelted,-,-,-,-,-,-,-,-,-,-,-,-,Cumberland,Crossville,5
80770,400281810,1,0,35.48531,-84.27716,1,2025-07-03 13:31:00,2025,7,3,13,31,Thursday,13:31,Fatal,Daylight,Clear,Ditch,None,THP District 1 - Knoxville,THP,-,-,-,-,-,-,-,-,-,-,-,Motorcyclist,-,Monroe,Not in City Limit,5
80774,400281821,0,1,35.92367,-88.76512,8,2025-07-02 19:08:00,2025,7,2,19,8,Wednesday,19:08,Suspected Serious Injury,Daylight,Clear,Utility Pole,None,MILAN POLICE DEPT,Other,Unbelted,Distracted,-,-,-,-,-,-,-,-,-,-,-,Gibson,Milan,4
80780,400281849,0,1,35.31188,-86.32591,7,2025-07-03 14:00:00,2025,7,3,14,0,Thursday,14:00,Suspected Serious Injury,Daylight,Clear,Motor Vehicle-In-Transport On Same Roadway,None,THP District 7 - Lawrenceburg,THP,Unbelted,-,-,-,-,-,-,-,-,-,-,-,-,Moore,Not in City Limit,5
80781,400281856,0,1,35.66071,-88.82827,8,2025-07-03 15:04:00,2025,7,3,15,4,Thursday,15:04,Suspected Serious Injury,Daylight,Clear,Motor Vehicle-In-Transport On Same Roadway,None,JACKSON POLICE DEPT,Other,Unbelted,-,-,-,-,-,-,-,-,-,-,Motorcyclist,-,Madison,Jackson,5
80783,400281871,1,1,36.29187,-86.70307,3,2025-07-03 07:52:00,2025,7,3,7,52,Thursday,07:52,Fatal,Daylight,Clear,Motor Vehicle-In-Transport On Same Roadway,None,METROPOLITAN NASHVILLE POLICE DEPT,Other,Unbelted,-,-,-,-,-,-,-,-,-,-,Motorcyclist,-,Davidson,Nashville,5
80789,400281887,0,1,36.03948,-87.09638,3,2025-07-02 03:45:00,2025,7,2,3,45,Wednesday,03:45,Suspected Serious Injury,Dark-Not Lighted,Clear,Ditch,None,THP District 3 - Nashville,THP,Unbelted,-,-,-,-,-,-,-,-,-,-,-,-,Williamson,Not in City Limit,4
80797,400281925,0,3,36.47326,-86.70371,3,2025-07-02 19:30:00,2025,7,2,19,30,Wednesday,19:30,Suspected Serious Injury,Daylight,Clear,Motor Vehicle-In-Transport On Same Roadway,None,WHITE HOUSE POLICE DEPT,Other,Unbelted,-,Drinking,Drug,-,-,-,-,-,-,-,-,-,Robertson,White House,4
80798,400281927,0,1,35.51257,-83.98852,1,2025-07-02 11:09:00,2025,7,2,11,9,Wednesday,11:09,Suspected Serious Injury,Daylight,Clear,Ditch,None,THP District 1 - Knoxville,THP,-,-,-,-,-,-,-,-,-,-,-,Motorcyclist,-,Blount,Not in City Limit,4
80810,400281978,0,2,35.29962,-86.33175,7,2025-07-03 17:41:00,2025,7,3,17,41,Thursday,17:41,Suspected Serious Injury,Daylight,Clear,Embankment Earth,None,THP District 7 - Lawrenceburg,THP,Unbelted,-,Drinking,Drug,-,-,-,-,-,-,-,-,-,Moore,Not in City Limit,5
80817,400282002,0,1,35.9627,-83.94306,1,2025-07-03 22:06:00,2025,7,3,22,6,Thursday,22:06,Suspected Serious Injury,Dark-Lighted,Clear,Motor Vehicle-In-Transport On Same Roadway,None,KNOXVILLE POLICE DEPT,Other,Unbelted,-,-,-,-,-,-,-,-,-,-,Motorcyclist,-,Knox,Knoxville,5
80818,400282009,0,2,35.95641,-85.31927,6,2025-07-03 21:00:00,2025,7,3,21,0,Thursday,21:00,Suspected Serious Injury,Dark-Not Lighted,Clear,Ditch,None,THP District 6 - Cookeville,THP,-,-,-,-,-,-,-,-,-,-,-,Motorcyclist,-,White,Not in City Limit,5
80820,400282017,0,2,36.04213,-84.11086,1,2025-07-03 20:00:00,2025,7,3,20,0,Thursday,20:00,Suspected Serious Injury,Daylight,Clear,Embankment Earth,None,THP District 1 - Knoxville,THP,Unbelted,-,-,Drug,-,-,-,-,-,-,-,-,-,Anderson,Not in City Limit,5
80821,400282018,0,1,36.28065,-86.70822,3,2025-07-03 22:12:00,2025,7,3,22,12,Thursday,22:12,Suspected Serious Injury,Dark-Lighted,Clear,Pedal-Cycle,None,METROPOLITAN NASHVILLE POLICE DEPT,Other,Unbelted,-,-,-,-,-,Pedalcyclist,-,-,-,-,-,-,Davidson,Nashville,5
80824,400282028,0,2,35.75759,-88.90656,8,2025-07-03 02:21:00,2025,7,3,2,21,Thursday,02:21,Suspected Serious Injury,Dark-Not Lighted,Clear,Ditch,None,MADISON CO SHERIFFS DEPT,Other,Unbelted,-,-,-,-,Speeding,-,-,-,-,-,-,-,Madison,Not in City Limit,5
80825,400282029,0,1,35.10282,-86.74268,7,2025-07-03 21:40:00,2025,7,3,21,40,Thursday,21:40,Suspected Serious Injury,Dark-Not Lighted,Clear,Standing Tree,None,THP District 7 - Lawrenceburg,THP,Unbelted,-,-,-,-,-,-,-,-,-,-,-,-,Lincoln,Not in City Limit,5
80832,400282072,1,0,36.13671,-85.53136,6,2025-07-03 12:30:00,2025,7,3,12,30,Thursday,12:30,Fatal,Daylight,Clear,Embankment Earth,None,THP District 6 - Cookeville,THP,Unbelted,-,-,Drug,-,-,-,-,-,-,-,-,-,Putnam,Cookeville,5
80833,400282073,0,4,35.36167,-86.21134,2,2025-07-03 17:55:00,2025,7,3,17,55,Thursday,17:55,Suspected Serious Injury,Daylight,Clear,Motor Vehicle-In-Transport On Same Roadway,None,TULLAHOMA POLICE DEPT,Other,Unbelted,-,Drinking,-,-,-,-,-,-,-,-,-,-,Coffee,Tullahoma,5
80835,400282081,0,2,36.41256,-84.53784,1,2025-07-03 15:50:00,2025,7,3,15,50,Thursday,15:50,Suspected Serious Injury,Daylight,Clear,Motor Vehicle-In-Transport On Same Roadway,None,THP District 1 - Knoxville,THP,Unbelted,-,-,-,-,-,-,-,-,-,-,-,-,Scott,Huntsville,5
80839,400282094,0,1,35.2376,-88.2305,8,2025-07-03 16:40:00,2025,7,3,16,40,Thursday,16:40,Suspected Serious Injury,Daylight,Clear,Motor Vehicle-In-Transport On Same Roadway,None,SAVANNAH POLICE DEPT,Other,Unbelted,-,-,-,-,-,-,-,-,-,-,-,-,Hardin,Savannah,5
80841,400282104,0,1,36.41976,-85.38839,6,2025-07-04 08:10:00,2025,7,4,8,10,Friday,08:10,Suspected Serious Injury,Daylight,Clear,Standing Tree,None,THP District 6 - Cookeville,THP,Unbelted,-,-,-,-,-,-,-,-,-,-,-,-,Overton,Not in City Limit,6
80844,400282115,0,2,36.0327,-83.93359,1,2025-07-04 10:15:00,2025,7,4,10,15,Friday,10:15,Suspected Serious Injury,,Clear,Motor Vehicle-In-Transport On Same Roadway,None,KNOXVILLE POLICE DEPT,Other,Unbelted,-,-,-,Drowsy,-,-,-,-,-,-,-,-,Knox,Knoxville,6
80846,400282119,1,0,35.06948,-87.42869,7,2025-06-30 18:45:00,2025,6,30,18,45,Monday,18:45,Fatal,Daylight,Clear,Culvert,None,THP District 7 - Lawrenceburg,THP,Unbelted,-,-,-,-,-,-,-,-,-,-,-,-,Lawrence,Loretto,2
80855,400282164,0,1,36.00545,-83.40162,5,2025-07-04 13:15:00,2025,7,4,13,15,Friday,13:15,Suspected Serious Injury,Daylight,Clear,Guard Rail Face,None,THP District 5 - Fall Branch,THP,-,-,-,-,-,Speeding,-,-,-,-,-,Motorcyclist,-,Jefferson,Not in City Limit,6
80860,400282176,0,1,36.08482,-86.65556,3,2025-07-04 12:38:00,2025,7,4,12,38,Friday,12:38,Suspected Serious Injury,Daylight,Clear,Pedestrian,None,METROPOLITAN NASHVILLE POLICE DEPT,Other,-,-,-,-,-,-,-,Pedestrian,-,-,-,-,-,Davidson,Nashville,6
80864,400282190,0,1,35.24768,-84.80284,2,2025-07-04 13:33:00,2025,7,4,13,33,Friday,13:33,Suspected Serious Injury,Daylight,Clear,Embankment Earth,None,THP District 2 - Chattanooga,THP,-,-,-,-,-,Speeding,-,-,-,-,-,Motorcyclist,-,Bradley,Not in City Limit,6
80882,400282263,1,2,35.14953,-86.5735,7,2025-07-03 19:09:00,2025,7,3,19,9,Thursday,19:09,Fatal,Daylight,Clear,Mail Box,None,THP District 7 - Lawrenceburg,THP,Unbelted,-,-,-,-,-,-,Pedestrian,-,-,-,-,-,Lincoln,Fayetteville,5
80886,400282271,0,1,36.34036,-82.29501,5,2025-07-04 18:03:00,2025,7,4,18,3,Friday,18:03,Suspected Serious Injury,Daylight,Clear,Embankment Earth,None,THP District 5 - Fall Branch,THP,Unbelted,-,-,-,-,Speeding,-,-,-,-,-,-,-,Carter,Not in City Limit,6
80893,400282293,0,3,35.44217,-87.279,7,2025-07-04 15:12:00,2025,7,4,15,12,Friday,15:12,Suspected Serious Injury,Daylight,Clear,Motor Vehicle-In-Transport On Same Roadway,None,THP District 7 - Lawrenceburg,THP,Unbelted,-,-,-,-,-,-,-,-,-,-,-,-,Maury,Not in City Limit,6
80894,400282296,0,1,36.22959,-83.58194,5,2025-07-04 01:47:00,2025,7,4,1,47,Friday,01:47,Suspected Serious Injury,Dark-Not Lighted,Clear,Embankment Earth,None,THP District 5 - Fall Branch,THP,-,-,-,-,-,-,-,-,-,-,-,Motorcyclist,-,Grainger,Not in City Limit,6
80900,400282313,0,1,35.86105,-84.02886,1,2025-07-04 17:17:00,2025,7,4,17,17,Friday,17:17,Suspected Serious Injury,Daylight,Cloudy,Guard Rail Face,None,KNOXVILLE POLICE DEPT,Other,-,Distracted,-,-,-,-,-,-,-,-,-,Motorcyclist,-,Knox,Knoxville,6
80901,400282315,0,2,36.48129,-83.58559,5,2025-07-01 22:12:00,2025,7,1,22,12,Tuesday,22:12,Suspected Serious Injury,Dark-Not Lighted,Clear,Utility Pole,None,TAZEWELL POLICE DEPT,Other,Unbelted,Distracted,-,-,-,-,-,-,-,-,-,-,-,Claiborne,Tazewell,3
80912,400282369,0,1,35.98038,-83.96236,1,2025-07-05 01:52:00,2025,7,5,1,52,Saturday,01:52,Suspected Serious Injury,Dark-Lighted,Clear,Pedestrian,None,KNOXVILLE POLICE DEPT,Other,Unbelted,-,-,-,-,-,-,Pedestrian,-,-,-,-,-,Knox,Knoxville,7
80924,400282398,1,0,35.1948,-86.86874,7,2025-07-04 22:15:00,2025,7,4,22,15,Friday,22:15,Fatal,Dark-Not Lighted,Clear,"Over Turn, Roll Over",None,THP District 7 - Lawrenceburg,THP,Unbelted,-,Drinking,-,-,-,-,-,-,-,-,-,-,Giles,Not in City Limit,6
80928,400282408,0,2,35.91929,-84.9758,6,2025-07-05 04:42:00,2025,7,5,4,42,Saturday,04:42,Suspected Serious Injury,Dark-Not Lighted,Clear,Ditch,None,CUMBERLAND CO SHERIFFS OFFICE,Other,Unbelted,-,-,-,Drowsy,-,-,-,-,-,-,-,-,Cumberland,Not in City Limit,7
80935,400282448,0,2,36.50802,-86.65836,3,2025-06-30 12:42:00,2025,6,30,12,42,Monday,12:42,Suspected Serious Injury,Daylight,Clear,Guard Rail Face,None,THP District 3 - Nashville,THP,Unbelted,-,-,-,-,Speeding,-,-,-,-,-,-,-,Robertson,Not in City Limit,2
80955,400282524,0,1,36.20703,-85.44255,6,2025-07-05 09:09:00,2025,7,5,9,9,Saturday,09:09,Suspected Serious Injury,Daylight,Clear,Embankment Earth,None,THP District 6 - Cookeville,THP,Unbelted,-,-,-,-,-,-,-,-,-,-,-,-,Putnam,Algood,7
80957,400282532,0,2,35.03545,-84.38316,2,2025-07-05 12:50:00,2025,7,5,12,50,Saturday,12:50,Suspected Serious Injury,Daylight,Clear,Motor Vehicle-In-Transport On Same Roadway,None,THP District 2 - Chattanooga,THP,Unbelted,-,-,-,-,-,-,-,-,-,-,Motorcyclist,-,Polk,Ducktown,7
80964,400282559,0,1,36.53828,-84.00984,1,2025-07-04 14:30:00,2025,7,4,14,30,Friday,14:30,Suspected Serious Injury,Daylight,Clear,Embankment Earth,None,THP District 1 - Knoxville,THP,-,-,-,-,-,-,-,-,-,-,-,Motorcyclist,-,Campbell,Not in City Limit,6
80966,400282561,0,1,35.14298,-86.5699,7,2025-07-05 00:00:00,2025,7,5,24,0,Saturday,24:00,Suspected Serious Injury,Daylight,Clear,Motor Vehicle-In-Transport On Same Roadway,None,FAYETTEVILLE POLICE DEPT,Other,Unbelted,-,-,-,-,-,-,-,-,-,-,-,-,Lincoln,Fayetteville,7
80971,400282584,0,1,36.31079,-82.11004,5,2025-07-05 15:10:00,2025,7,5,15,10,Saturday,15:10,Suspected Serious Injury,Daylight,Clear,Motor Vehicle-In-Transport On Same Roadway,None,THP District 5 - Fall Branch,THP,Unbelted,Distracted,-,-,-,-,-,-,-,-,-,Motorcyclist,-,Carter,Not in City Limit,7
80972,400282585,0,2,36.00703,-84.0222,1,2025-07-05 16:22:00,2025,7,5,16,22,Saturday,16:22,Suspected Serious Injury,Daylight,Clear,Motor Vehicle-In-Transport On Same Roadway,None,KNOXVILLE POLICE DEPT,Other,Unbelted,-,-,-,Drowsy,-,-,-,-,-,-,-,-,Knox,Knoxville,7
80984,400282623,0,1,35.66288,-88.42124,8,2025-07-04 21:13:00,2025,7,4,21,13,Friday,21:13,Suspected Serious Injury,Dark-Not Lighted,Clear,Pedestrian,None,LEXINGTON POLICE DEPT,Other,Unbelted,-,-,-,-,-,-,Pedestrian,-,-,-,-,-,Henderson,Lexington,6
80991,400282655,0,2,35.89759,-86.47724,3,2025-07-05 20:10:00,2025,7,5,20,10,Saturday,20:10,Suspected Serious Injury,Dark-Not Lighted,Clear,Motor Vehicle-In-Transport On Same Roadway,None,MURFREESBORO POLICE DEPT,Other,Unbelted,-,Drinking,-,-,-,-,-,-,-,-,-,-,Rutherford,Murfreesboro,7
80992,400282660,0,1,35.19504,-87.0228,7,2025-07-05 06:10:00,2025,7,5,6,10,Saturday,06:10,Suspected Serious Injury,Daylight,Clear,Ditch,None,PULASKI POLICE DEPT,Other,Unbelted,-,-,-,-,-,-,-,-,-,-,-,-,Giles,Pulaski,7
80995,400282667,0,1,36.47356,-82.87226,5,2025-07-06 00:00:00,2025,7,6,24,0,Sunday,24:00,Suspected Serious Injury,Dark-Not Lighted,Clear,Ditch,None,THP District 5 - Fall Branch,THP,Unbelted,-,-,-,-,-,-,-,-,-,-,-,-,Hawkins,Surgoinsville,1
80998,400282683,0,1,36.14405,-86.71651,3,2025-07-06 03:32:00,2025,7,6,3,32,Sunday,03:32,Suspected Serious Injury,Dark-Lighted,Clear,Utility Pole,None,METROPOLITAN NASHVILLE POLICE DEPT,Other,Unbelted,Distracted,Drinking,Drug,-,-,-,-,-,-,-,-,-,Davidson,Nashville,1
81009,400282740,1,3,35.42108,-86.43364,7,2025-07-04 11:50:00,2025,7,4,11,50,Friday,11:50,Fatal,Daylight,Clear,Motor Vehicle-In-Transport On Same Roadway,None,THP District 7 - Lawrenceburg,THP,Unbelted,-,-,-,-,-,-,-,-,-,-,-,-,Bedford,Not in City Limit,6
81011,400282747,0,2,36.52238,-86.0388,6,2025-07-06 09:33:00,2025,7,6,9,33,Sunday,09:33,Suspected Serious Injury,Daylight,Clear,Motor Vehicle-In-Transport On Same Roadway,None,LAFAYETTE POLICE DEPT,Other,Unbelted,-,-,-,-,-,-,-,-,-,-,Motorcyclist,-,Macon,Lafayette,1
81035,400282859,1,0,36.16759,-86.82452,3,2025-07-06 13:24:00,2025,7,6,13,24,Sunday,13:24,Fatal,Daylight,Clear,Wall,None,METROPOLITAN NASHVILLE POLICE DEPT,Other,Unbelted,-,-,-,-,Speeding,-,-,-,-,-,-,-,Davidson,Nashville,1
81038,400282882,0,1,35.12553,-84.87245,2,2025-07-06 18:15:00,2025,7,6,18,15,Sunday,18:15,Suspected Serious Injury,Daylight,Clear,Embankment Earth,None,THP District 2 - Chattanooga,THP,-,-,-,-,-,-,-,-,-,-,-,Motorcyclist,-,Bradley,Not in City Limit,1
81042,400282896,0,1,35.98245,-83.92875,1,2025-07-06 18:48:00,2025,7,6,18,48,Sunday,18:48,Suspected Serious Injury,Daylight,Clear,Other Fixed Object,None,KNOXVILLE POLICE DEPT,Other,Unbelted,Distracted,-,-,-,-,-,-,-,-,-,-,-,Knox,Knoxville,1
81044,400282904,0,1,36.35919,-87.66018,3,2025-07-06 18:12:00,2025,7,6,18,12,Sunday,18:12,Suspected Serious Injury,Daylight,Clear,Ditch,None,THP District 3 - Nashville,THP,Unbelted,-,-,-,-,-,-,-,-,-,-,-,-,Houston,Not in City Limit,1
81045,400282905,0,1,34.98957,-85.2105,2,2025-07-06 17:34:00,2025,7,6,17,34,Sunday,17:34,Suspected Serious Injury,Daylight,Clear,Pedestrian,None,EAST RIDGE POLICE DEPT,Other,Unbelted,-,-,-,-,-,Pedalcyclist,-,-,-,-,-,-,Hamilton,East Ridge,1
81048,400282916,0,2,35.91271,-86.55168,3,2025-07-06 15:06:00,2025,7,6,15,6,Sunday,15:06,Suspected Serious Injury,Daylight,Clear,Standing Tree,None,SMYRNA POLICE DEPT,Other,Unbelted,-,Drinking,-,-,-,-,-,-,-,-,-,-,Rutherford,Smyrna,1
81052,400282925,0,2,36.30962,-82.10428,5,2025-07-06 20:15:00,2025,7,6,20,15,Sunday,20:15,Suspected Serious Injury,Daylight,Clear,Utility Pole,None,THP District 5 - Fall Branch,THP,Unbelted,-,-,-,-,Speeding,-,-,-,-,-,-,-,Carter,Not in City Limit,1