OBJECTID,MRN,Fatality,Injury,Latitude,Longitude,THP_District,Collision_Date,Collision_Year,Collision_Month,Collision_Day,Collision_Hour,Collision_Min,Collision_DOW,Collision_Time,Crash_Type,Light_Condition,Weather,First_Harmfu_Event,Work_Zone_Type,Agency_Name,THP,Unbelted,Distracted_Driver,Driver_Drinking,Driver_Drugged,Drowsy_Driver,Speeding_Involved,Pedalcyclist,Pedestrian,Other_Nonmotorist,ATV_Involved,LargeTruck_Involved,Motorcycle_Involved,SchoolBus,County,City,DOW_Nmb
81055,400282934,0,1,36.0573,-83.86702,1,2025-07-06 01:56:00,2025,7,6,1,56,Sunday,01:56,Suspected Serious Injury,Dark-Not Lighted,Clear,Building,None,KNOX CO SHERIFFS OFFICE,Other,Unbelted,-,-,-,-,Speeding,-,-,-,-,-,-,-,Knox,Not in City Limit,1
81056,400282936,1,0,36.50408,-83.79486,5,2025-07-06 17:23:00,2025,7,6,17,23,Sunday,17:23,Fatal,Daylight,Clear,Fence,None,THP District 5 - Fall Branch,THP,-,-,-,-,-,-,-,-,-,-,-,Motorcyclist,-,Claiborne,Not in City Limit,1
81058,400282945,0,1,35.36723,-84.22349,1,2025-07-05 18:00:00,2025,7,5,18,0,Saturday,18:00,Suspected Serious Injury,Daylight,Clear,Ditch,None,THP District 1 - Knoxville,THP,-,-,-,-,-,-,-,-,-,-,-,-,-,Monroe,Not in City Limit,7
81064,400282971,1,0,36.17292,-86.76515,3,2025-07-06 20:30:00,2025,7,6,20,30,Sunday,20:30,Fatal,Dark-Lighted,Clear,Motor Vehicle-In-Transport On Same Roadway,None,METROPOLITAN NASHVILLE POLICE DEPT,Other,Unbelted,-,-,-,-,-,-,-,-,-,ATV_Involved,Motorcyclist,-,Davidson,Nashville,1
81077,400283044,0,1,35.07418,-86.37645,7,2025-07-02 08:02:00,2025,7,2,8,2,Wednesday,08:02,Suspected Serious Injury,Daylight,Clear,Motor Vehicle-In-Transport On Same Roadway,None,THP District 7 - Lawrenceburg,THP,Unbelted,-,-,-,-,-,-,-,-,-,-,Motorcyclist,-,Lincoln,Not in City Limit,4
81080,400283056,0,3,36.3887,-87.99736,3,2025-07-05 12:22:00,2025,7,5,12,22,Saturday,12:22,Suspected Serious Injury,Daylight,Clear,"Over Turn, Roll Over",None,THP District 3 - Nashville,THP,-,-,-,-,-,-,-,-,-,-,-,-,-,Stewart,Not in City Limit,7
81087,400283073,0,1,35.17658,-87.02045,7,2025-07-07 06:56:00,2025,7,7,6,56,Monday,06:56,Suspected Serious Injury,Daylight,Clear,Motor Vehicle-In-Transport On Same Roadway,None,PULASKI POLICE DEPT,Other,Unbelted,-,-,-,-,-,-,-,-,-,-,Motorcyclist,-,Giles,Pulaski,2
81103,400283162,0,1,35.57737,-88.3886,8,2025-07-07 08:49:00,2025,7,7,8,49,Monday,08:49,Suspected Serious Injury,Daylight,Clear,"Over Turn, Roll Over",None,THP District 8 - Jackson,THP,Unbelted,-,-,-,-,-,-,-,-,-,ATV_Involved,-,-,Henderson,Not in City Limit,2
81113,400283206,0,1,35.46492,-87.21901,7,2025-07-07 09:21:00,2025,7,7,9,21,Monday,09:21,Suspected Serious Injury,Daylight,Clear,Motor Vehicle-In-Transport On Same Roadway,None,THP District 7 - Lawrenceburg,THP,Unbelted,-,-,-,-,-,-,-,-,-,-,-,-,Maury,Not in City Limit,2
81134,400283318,0,2,35.55328,-87.55682,7,2025-07-07 15:28:00,2025,7,7,15,28,Monday,15:28,Suspected Serious Injury,Daylight,Rain,Ditch,None,HOHENWALD POLICE DEPT,Other,Unbelted,-,Drinking,Drug,-,Speeding,-,-,-,-,-,-,-,Lewis,Hohenwald,2
81144,400283357,0,1,36.14906,-88.3234,8,2025-07-06 20:50:00,2025,7,6,20,50,Sunday,20:50,Suspected Serious Injury,Dark-Not Lighted,Clear,Ditch,None,THP District 8 - Jackson,THP,Unbelted,-,-,-,-,-,-,-,-,-,-,-,-,Henry,Not in City Limit,1
81146,400283361,1,2,35.17532,-87.25921,7,2025-07-07 17:50:00,2025,7,7,17,50,Monday,17:50,Fatal,Daylight,Cloudy,"Over Turn, Roll Over",None,THP District 7 - Lawrenceburg,THP,Unbelted,-,-,Drug,-,-,-,-,-,-,-,-,-,Lawrence,Not in City Limit,2
81155,400283418,0,2,36.16178,-86.78335,3,2025-07-07 21:10:00,2025,7,7,21,10,Monday,21:10,Suspected Serious Injury,Dark-Lighted,Clear,Occupant Struck By Own Vehicle,None,METROPOLITAN NASHVILLE POLICE DEPT,Other,-,-,-,-,-,-,-,Pedestrian,-,-,-,-,-,Davidson,Nashville,2
81160,400283436,0,1,35.85035,-84.29371,1,2025-07-07 19:53:00,2025,7,7,19,53,Monday,19:53,Suspected Serious Injury,Daylight,Clear,Standing Tree,None,LOUDON CO SHERIFFS DEPT,Other,Unbelted,-,-,-,-,-,-,-,-,-,-,-,-,Loudon,Not in City Limit,2
81175,400283495,0,2,36.02597,-86.63324,3,2025-07-08 04:27:00,2025,7,8,4,27,Tuesday,04:27,Suspected Serious Injury,Dark-Not Lighted,Clear,Guard Rail Face,None,METROPOLITAN NASHVILLE POLICE DEPT,Other,Unbelted,-,Drinking,Drug,-,-,-,-,-,-,-,-,-,Davidson,Nashville,3
81187,400283594,1,1,36.0234,-83.92582,1,2025-07-08 08:49:00,2025,7,8,8,49,Tuesday,08:49,Fatal,Daylight,Clear,Motor Vehicle-In-Transport On Same Roadway,None,KNOXVILLE POLICE DEPT,Other,Unbelted,-,-,-,-,-,-,-,-,-,-,Motorcyclist,-,Knox,Knoxville,3
81197,400283624,0,3,35.9761,-89.39089,8,2025-07-05 10:45:00,2025,7,5,10,45,Saturday,10:45,Suspected Serious Injury,,Clear,Motor Vehicle-In-Transport On Same Roadway,None,THP District 8 - Jackson,THP,Unbelted,-,-,-,-,-,-,-,-,-,-,-,-,Dyer,Not in City Limit,7
81211,400283704,0,1,36.01688,-83.924,1,2025-07-08 15:19:00,2025,7,8,15,19,Tuesday,15:19,Suspected Serious Injury,Daylight,Clear,Motor Vehicle-In-Transport On Same Roadway,None,KNOXVILLE POLICE DEPT,Other,Unbelted,-,-,-,-,-,-,-,-,-,-,-,-,Knox,Knoxville,3
81213,400283724,0,1,36.03332,-87.24329,3,2025-07-05 12:37:00,2025,7,5,12,37,Saturday,12:37,Suspected Serious Injury,Daylight,Clear,Other Post/Pole Support,None,BURNS POLICE DEPT,Other,Unbelted,Distracted,Drinking,Drug,-,-,-,-,-,-,-,-,-,Dickson,Burns,7
81217,400283741,0,3,35.05526,-85.05163,2,2025-07-06 18:59:00,2025,7,6,18,59,Sunday,18:59,Suspected Serious Injury,Dusk,Clear,Motor Vehicle-In-Transport On Same Roadway,None,HAMILTON COUNTY SHERIFF'S OFFICE,Other,Unbelted,-,-,-,-,-,-,-,-,-,-,-,-,Hamilton,Collegedale,1
81237,400283855,1,0,36.17289,-86.76528,3,2025-07-08 15:32:00,2025,7,8,15,32,Tuesday,15:32,Fatal,Daylight,Clear,Pedestrian,None,METROPOLITAN NASHVILLE POLICE DEPT,Other,Unbelted,-,-,-,-,-,-,Pedestrian,-,-,-,-,-,Davidson,Nashville,3
81250,400283916,0,1,36.44664,-86.65927,3,2025-07-08 19:12:00,2025,7,8,19,12,Tuesday,19:12,Suspected Serious Injury,Daylight,Clear,"Over Turn, Roll Over",None,WHITE HOUSE POLICE DEPT,Other,Unbelted,-,-,-,-,-,-,-,-,-,-,-,-,Sumner,White House,3
81251,400283917,0,1,35.89219,-86.40201,3,2025-07-08 00:00:00,2025,7,8,24,0,Tuesday,24:00,Suspected Serious Injury,Dark-Not Lighted,Clear,Embankment Earth,None,MURFREESBORO POLICE DEPT,Other,Unbelted,-,Drinking,Drug,-,Speeding,-,-,-,-,-,-,-,Rutherford,Murfreesboro,3
81259,400283932,0,1,35.56662,-85.10039,2,2025-07-09 00:36:00,2025,7,9,0,36,Wednesday,00:36,Suspected Serious Injury,Dark-Not Lighted,Clear,Culvert,None,THP District 2 - Chattanooga,THP,Unbelted,-,-,-,Drowsy,-,-,-,-,-,-,-,-,Rhea,Not in City Limit,4
81269,400283967,0,1,35.38255,-86.97016,7,2025-07-06 09:16:00,2025,7,6,9,16,Sunday,09:16,Suspected Serious Injury,Daylight,Clear,Embankment Earth,None,THP District 7 - Lawrenceburg,THP,Unbelted,-,-,-,-,-,-,-,-,-,-,-,-,Giles,Not in City Limit,1
81282,400284035,0,1,36.47394,-86.75425,3,2025-07-09 08:10:00,2025,7,9,8,10,Wednesday,08:10,Suspected Serious Injury,Daylight,Clear,Standing Tree,None,THP District 3 - Nashville,THP,Unbelted,-,-,-,Drowsy,-,-,-,-,-,-,-,-,Robertson,Not in City Limit,4
81285,400284065,1,1,36.18516,-86.40231,3,2025-07-07 16:20:00,2025,7,7,16,20,Monday,16:20,Fatal,Daylight,Cloudy,Motor Vehicle-In-Transport On Same Roadway,None,THP District 3 - Nashville,THP,Unbelted,-,-,-,-,-,-,-,-,-,-,-,-,Wilson,Lebanon,2
81286,400284084,0,1,35.77602,-83.9934,1,2025-07-09 11:44:00,2025,7,9,11,44,Wednesday,11:44,Suspected Serious Injury,Daylight,Clear,Motor Vehicle-In-Transport On Same Roadway,None,ALCOA POLICE DEPARTMENT,Other,Unbelted,-,-,-,-,Speeding,-,-,-,-,-,Motorcyclist,-,Blount,Alcoa,4
81293,400284122,0,1,36.61255,-84.99191,6,2025-07-09 09:10:00,2025,7,9,9,10,Wednesday,09:10,Suspected Serious Injury,Daylight,Clear,Guard Rail Face,None,THP District 6 - Cookeville,THP,-,-,-,-,-,-,-,-,-,-,-,Motorcyclist,-,Pickett,Not in City Limit,4
81300,400284147,0,2,36.04211,-86.71291,3,2025-07-09 14:15:00,2025,7,9,14,15,Wednesday,14:15,Suspected Serious Injury,Daylight,Clear,Motor Vehicle-In-Transport On Same Roadway,Construction Zone,METROPOLITAN NASHVILLE POLICE DEPT,Other,Unbelted,-,-,-,-,-,-,-,-,-,-,-,-,Davidson,Nashville,4
81302,400284153,0,1,35.95504,-86.49693,3,2025-07-07 21:41:00,2025,7,7,21,41,Monday,21:41,Suspected Serious Injury,Dark-Not Lighted,Clear,Motor Vehicle-In-Transport On Same Roadway,None,SMYRNA POLICE DEPT,Other,-,-,-,-,-,-,-,-,-,-,-,Motorcyclist,-,Rutherford,Smyrna,2
81310,400284195,0,1,35.81796,-86.9992,3,2025-07-09 15:43:00,2025,7,9,15,43,Wednesday,15:43,Suspected Serious Injury,Daylight,Rain,Guard Rail Face,None,WILLIAMSON CO SHERIFFS OFFICE,Other,Unbelted,-,-,-,-,Speeding,-,-,-,-,-,-,-,Williamson,Not in City Limit,4
81317,400284224,0,1,36.25595,-83.57817,5,2025-07-09 15:19:00,2025,7,9,15,19,Wednesday,15:19,Suspected Serious Injury,Daylight,Clear,Culvert,None,RUTLEDGE POLICE DEPT,Other,Unbelted,-,-,-,Drowsy,-,-,-,-,-,-,-,-,Grainger,Rutledge,4
81320,400284241,0,3,36.53857,-82.35742,5,2025-07-03 04:15:00,2025,7,3,4,15,Thursday,04:15,Suspected Serious Injury,Dark-Not Lighted,Clear,"Over Turn, Roll Over",None,THP District 5 - Fall Branch,THP,Unbelted,-,-,-,-,-,-,-,-,-,-,-,-,Sullivan,Not in City Limit,5
81339,400284316,0,1,35.98619,-83.91947,1,2025-07-09 21:14:00,2025,7,9,21,14,Wednesday,21:14,Suspected Serious Injury,Dark-Lighted,Rain,Standing Tree,None,KNOXVILLE POLICE DEPT,Other,Unbelted,-,-,-,-,-,-,-,-,-,-,-,-,Knox,Knoxville,4
81340,400284320,0,1,36.47829,-86.64725,3,2025-07-09 19:15:00,2025,7,9,19,15,Wednesday,19:15,Suspected Serious Injury,Daylight,Clear,Motor Vehicle-In-Transport On Same Roadway,None,WHITE HOUSE POLICE DEPT,Other,Unbelted,Distracted,-,-,-,-,-,-,-,-,-,-,-,Sumner,White House,4
81345,400284349,0,1,36.2215,-83.26455,5,2025-07-09 22:23:00,2025,7,9,22,23,Wednesday,22:23,Suspected Serious Injury,Dark-Lighted,Rain,Pedestrian,None,MORRISTOWN POLICE DEPT,Other,Unbelted,-,-,-,-,-,-,Pedestrian,-,-,-,-,-,Hamblen,Morristown,4
81346,400284351,1,0,35.25621,-85.87315,2,2025-07-09 00:00:00,2025,7,9,24,0,Wednesday,24:00,Fatal,Dark-Not Lighted,Clear,"Over Turn, Roll Over",None,THP District 2 - Chattanooga,THP,Unbelted,-,-,Drug,-,-,-,-,-,-,-,-,-,Grundy,Not in City Limit,4
81351,400284366,1,0,36.46013,-82.75035,5,2025-07-09 23:36:00,2025,7,9,23,36,Wednesday,23:36,Fatal,Dark-Not Lighted,Rain,Ditch,None,THP District 5 - Fall Branch,THP,Unbelted,-,-,-,-,-,-,-,-,-,-,-,-,Hawkins,Not in City Limit,4
81352,400284368,0,1,35.95707,-84.131,1,2025-07-06 21:10:00,2025,7,6,21,10,Sunday,21:10,Suspected Serious Injury,Dusk,Clear,Curb,None,KNOX CO SHERIFFS OFFICE,Other,-,-,-,-,-,-,-,-,-,-,-,Motorcyclist,-,Knox,Not in City Limit,1
81366,400284456,1,2,36.46617,-88.9748,8,2025-07-08 11:38:00,2025,7,8,11,38,Tuesday,11:38,Fatal,Daylight,Rain,Parked Motor Vehicle,None,THP District 8 - Jackson,THP,Unbelted,-,Drinking,Drug,-,Speeding,-,-,-,-,-,-,-,Obion,Not in City Limit,3
81370,400284475,0,1,35.89123,-86.82933,3,2025-07-09 16:55:00,2025,7,9,16,55,Wednesday,16:55,Suspected Serious Injury,Daylight,Clear,Guard Rail End,None,FRANKLIN POLICE DEPT,Other,Unbelted,-,-,-,-,-,-,-,-,-,-,-,-,Williamson,Franklin,4
81377,400284511,0,1,36.04109,-83.20922,5,2025-07-10 10:55:00,2025,7,10,10,55,Thursday,10:55,Suspected Serious Injury,,Clear,Motor Vehicle-In-Transport On Same Roadway,None,THP District 5 - Fall Branch,THP,Unbelted,-,-,-,-,-,-,-,-,-,-,-,-,Cocke,Not in City Limit,5
81392,400284608,0,1,35.20454,-89.75448,4,2025-07-09 16:35:00,2025,7,9,16,35,Wednesday,16:35,Suspected Serious Injury,Daylight,Clear,Motor Vehicle-In-Transport On Same Roadway,None,THP District 4 - Memphis,THP,Unbelted,-,-,-,-,-,-,-,-,-,-,Motorcyclist,-,Shelby,Not in City Limit,4
81403,400284657,0,1,35.6267,-87.03874,7,2025-07-10 15:00:00,2025,7,10,15,0,Thursday,15:00,Suspected Serious Injury,Daylight,Clear,Pedal-Cycle,None,COLUMBIA POLICE DEPT,Other,Unbelted,-,-,-,-,-,Pedalcyclist,-,-,-,-,-,-,Maury,Columbia,5
81404,400284665,0,3,36.57634,-82.33848,5,2025-07-10 15:15:00,2025,7,10,15,15,Thursday,15:15,Suspected Serious Injury,Daylight,Rain,Motor Vehicle-In-Transport On Same Roadway,None,THP District 5 - Fall Branch,THP,Unbelted,-,-,-,-,-,-,-,-,-,-,-,-,Sullivan,Not in City Limit,5
81410,400284692,0,1,36.47155,-82.62085,5,2025-06-27 04:50:00,2025,6,27,4,50,Friday,04:50,Suspected Serious Injury,Dark-Not Lighted,Clear,Utility Pole,None,THP District 5 - Fall Branch,THP,Unbelted,-,-,-,-,-,-,-,-,-,-,-,-,Sullivan,Not in City Limit,6
81414,400284709,0,1,35.97401,-83.75341,1,2025-07-10 16:07:00,2025,7,10,16,7,Thursday,16:07,Suspected Serious Injury,Daylight,Clear,Pedal-Cycle,None,KNOX CO SHERIFFS OFFICE,Other,Unbelted,-,-,-,-,-,Pedalcyclist,-,-,-,-,-,-,Knox,Not in City Limit,5
81428,400284749,0,2,35.50412,-88.37911,8,2025-07-10 17:10:00,2025,7,10,17,10,Thursday,17:10,Suspected Serious Injury,Daylight,Clear,Motor Vehicle-In-Transport On Same Roadway,None,THP District 8 - Jackson,THP,Unbelted,Distracted,-,-,-,-,-,-,-,-,-,-,-,Henderson,Not in City Limit,5
81429,400284755,0,1,36.1417,-86.77868,3,2025-07-10 19:25:00,2025,7,10,19,25,Thursday,19:25,Suspected Serious Injury,Dusk,Clear,Pedal-Cycle,None,METROPOLITAN NASHVILLE POLICE DEPT,Other,Unbelted,-,-,-,-,-,Pedalcyclist,-,-,-,-,-,-,Davidson,Nashville,5
81438,400284788,0,2,35.937,-83.99102,1,2025-07-10 17:01:00,2025,7,10,17,1,Thursday,17:01,Suspected Serious Injury,Daylight,Rain,Motor Vehicle-In-Transport On Same Roadway,None,KNOXVILLE POLICE DEPT,Other,Unbelted,-,-,-,-,-,-,-,-,-,-,-,-,Knox,Knoxville,5
81439,400284794,0,3,36.15627,-85.27489,6,2025-07-10 17:25:00,2025,7,10,17,25,Thursday,17:25,Suspected Serious Injury,Daylight,Clear,Motor Vehicle-In-Transport On Same Roadway,None,THP District 6 - Cookeville,THP,Unbelted,-,-,-,-,-,-,-,-,-,-,-,-,Putnam,Monterey,5
81441,400284803,0,1,35.8224,-83.62352,1,2025-07-08 00:00:00,2025,7,8,24,0,Tuesday,24:00,Suspected Serious Injury,Dark-Not Lighted,Clear,Utility Pole,None,SEVIER CO SHERIFFS OFFICE,Other,Unbelted,-,-,Drug,-,-,-,-,-,-,-,-,-,Sevier,Not in City Limit,3
81442,400284806,0,1,35.32374,-86.17519,2,2025-07-10 19:44:00,2025,7,10,19,44,Thursday,19:44,Suspected Serious Injury,Dusk,Clear,Fell/Jumped From Vehicle,None,TULLAHOMA POLICE DEPT,Other,-,Distracted,-,-,-,-,-,-,-,-,-,Motorcyclist,-,Franklin,Tullahoma,5
81443,400284812,0,1,36.23249,-85.49155,6,2025-07-04 22:02:00,2025,7,4,22,2,Friday,22:02,Suspected Serious Injury,Dark-Not Lighted,Clear,Shrubbery,None,PUTNAM COUNTY SHERIFF'S OFFICE,Other,-,-,-,-,-,-,-,-,-,-,-,Motorcyclist,-,Putnam,Not in City Limit,6
81444,400284815,0,1,35.38605,-89.47786,4,2025-07-09 18:30:00,2025,7,9,18,30,Wednesday,18:30,Suspected Serious Injury,Daylight,Clear,Motor Vehicle-In-Transport On Same Roadway,None,THP District 4 - Memphis,THP,Unbelted,-,-,-,-,-,-,-,-,-,-,-,-,Fayette,Not in City Limit,4
81462,400284930,0,2,35.92804,-87.31238,7,2025-07-11 06:20:00,2025,7,11,6,20,Friday,06:20,Suspected Serious Injury,Daylight,Clear,Motor Vehicle-In-Transport On Same Roadway,None,THP District 7 - Lawrenceburg,THP,Unbelted,-,-,-,-,-,-,-,-,-,ATV_Involved,-,-,Hickman,Not in City Limit,6
81466,400284952,0,1,35.98058,-86.57654,3,2025-07-11 10:49:00,2025,7,11,10,49,Friday,10:49,Suspected Serious Injury,Daylight,Clear,Motor Vehicle-In-Transport On Same Roadway,None,THP District 3 - Nashville,THP,Unbelted,-,-,-,-,-,-,-,-,-,ATV_Involved,-,-,Rutherford,Not in City Limit,6
81477,400285016,0,6,35.83729,-86.3854,3,2025-07-11 13:34:00,2025,7,11,13,34,Friday,13:34,Suspected Serious Injury,Daylight,Clear,Motor Vehicle-In-Transport On Same Roadway,None,MURFREESBORO POLICE DEPT,Other,Unbelted,-,-,-,-,-,-,-,-,-,ATV_Involved,-,-,Rutherford,Murfreesboro,6
81485,400285050,0,4,36.09246,-89.33124,8,2025-07-10 16:40:00,2025,7,10,16,40,Thursday,16:40,Suspected Serious Injury,Daylight,Clear,Ditch,None,THP District 8 - Jackson,THP,Unbelted,-,-,-,-,Speeding,-,-,-,-,-,-,-,Dyer,Not in City Limit,5
81487,400285052,0,4,35.08013,-85.20413,2,2025-07-06 00:01:00,2025,7,6,0,1,Sunday,00:01,Suspected Serious Injury,Dark-Lighted,Clear,Guard Rail Face,None,THP District 2 - Chattanooga,THP,Unbelted,Distracted,-,Drug,-,-,-,-,-,-,-,-,-,Hamilton,Chattanooga,1
81494,400285085,0,1,35.6927,-88.47408,8,2025-07-11 00:00:00,2025,7,11,24,0,Friday,24:00,Suspected Serious Injury,Daylight,Clear,Motor Vehicle-In-Transport On Same Roadway,None,THP District 8 - Jackson,THP,Unbelted,-,-,-,-,-,-,-,-,-,-,-,-,Henderson,Not in City Limit,6
81498,400285121,2,3,35.6613,-84.10972,1,2025-07-08 15:19:00,2025,7,8,15,19,Tuesday,15:19,Fatal,Daylight,Clear,Motor Vehicle-In-Transport On Same Roadway,None,THP District 1 - Knoxville,THP,Unbelted,-,-,-,-,-,-,-,-,-,-,-,-,Blount,Not in City Limit,3
81500,400285124,0,1,36.54485,-82.33613,5,2025-07-10 21:50:00,2025,7,10,21,50,Thursday,21:50,Suspected Serious Injury,Dark-Lighted,Cloudy,Motor Vehicle-In-Transport On Same Roadway,None,THP District 5 - Fall Branch,THP,Unbelted,-,-,-,-,-,-,-,-,-,-,-,-,Sullivan,Not in City Limit,5
81505,400285135,0,2,35.13162,-85.58215,2,2025-07-11 16:56:00,2025,7,11,16,56,Friday,16:56,Suspected Serious Injury,Daylight,Rain,Embankment Earth,None,THP District 2 - Chattanooga,THP,Unbelted,-,-,-,-,-,-,-,-,-,-,-,-,Marion,Not in City Limit,6
81515,400285177,0,1,35.74537,-88.39302,8,2025-07-11 16:33:00,2025,7,11,16,33,Friday,16:33,Suspected Serious Injury,Daylight,Clear,Fell/Jumped From Vehicle,None,THP District 8 - Jackson,THP,Unbelted,-,-,-,-,-,-,-,-,-,-,-,-,Henderson,Parkers Crossroads,6
81520,400285198,0,4,35.97785,-88.45095,8,2025-07-10 16:48:00,2025,7,10,16,48,Thursday,16:48,Suspected Serious Injury,Daylight,Clear,Motor Vehicle-In-Transport On Same Roadway,None,THP District 8 - Jackson,THP,Unbelted,-,-,-,-,-,-,-,-,-,-,-,-,Carroll,Not in City Limit,5
81521,400285204,0,1,35.46195,-86.87839,7,2025-07-11 18:42:00,2025,7,11,18,42,Friday,18:42,Suspected Serious Injury,Daylight,Clear,Shrubbery,None,THP District 7 - Lawrenceburg,THP,Unbelted,-,-,-,-,Speeding,-,-,-,-,-,-,-,Marshall,Not in City Limit,6
81522,400285206,0,3,36.09823,-83.95391,1,2025-07-11 17:49:00,2025,7,11,17,49,Friday,17:49,Suspected Serious Injury,Daylight,Clear,Motor Vehicle-In-Transport On Same Roadway,None,THP District 1 - Knoxville,THP,Unbelted,-,-,-,-,-,-,-,-,-,-,-,-,Knox,Not in City Limit,6
81527,400285229,0,1,36.02905,-84.0922,1,2025-07-11 21:21:00,2025,7,11,21,21,Friday,21:21,Suspected Serious Injury,Dark-Not Lighted,Clear,Parked Motor Vehicle,None,THP District 1 - Knoxville,THP,-,-,Drinking,-,-,-,-,-,-,-,-,Motorcyclist,-,Anderson,Not in City Limit,6
81545,400285304,0,2,36.37865,-85.38312,6,2025-07-10 19:32:00,2025,7,10,19,32,Thursday,19:32,Suspected Serious Injury,Daylight,Clear,Mail Box,None,OVERTON CO SHERIFFS DEPT,Other,Unbelted,-,-,-,-,-,-,-,-,-,-,-,-,Overton,Not in City Limit,5
81548,400285318,0,3,36.46946,-88.08988,8,2025-07-11 00:00:00,2025,7,11,0,0,Friday,00:00,Suspected Serious Injury,Dark-Lighted,Clear,Motor Vehicle-In-Transport On Same Roadway,None,THP District 8 - Jackson,THP,Unbelted,-,Drinking,-,-,-,-,-,-,-,-,-,-,Henry,Not in City Limit,6
81549,400285320,0,2,35.64194,-86.98094,7,2025-07-08 01:09:00,2025,7,8,1,9,Tuesday,01:09,Suspected Serious Injury,Dark-Not Lighted,Clear,Other Non-Fixed Object,None,THP District 7 - Lawrenceburg,THP,-,-,Drinking,Drug,-,-,-,-,-,-,-,Motorcyclist,-,Maury,Not in City Limit,3
81570,400285427,0,1,35.91387,-87.5104,7,2025-07-11 12:10:00,2025,7,11,12,10,Friday,12:10,Suspected Serious Injury,Daylight,Clear,Standing Tree,None,THP District 7 - Lawrenceburg,THP,Unbelted,-,-,-,-,-,-,-,-,-,-,-,-,Hickman,Not in City Limit,6
81577,400285447,0,2,35.64727,-84.06376,1,2025-07-11 18:44:00,2025,7,11,18,44,Friday,18:44,Suspected Serious Injury,Daylight,Clear,Other Non-Collision,None,THP District 1 - Knoxville,THP,Unbelted,-,-,-,-,-,-,-,-,-,-,Motorcyclist,-,Blount,Not in City Limit,6
81590,400285494,0,1,35.04095,-85.1688,2,2025-07-12 15:20:00,2025,7,12,15,20,Saturday,15:20,Suspected Serious Injury,Daylight,Clear,Motor Vehicle-In-Transport On Same Roadway,None,THP District 2 - Chattanooga,THP,Unbelted,-,Drinking,-,-,-,-,-,-,-,-,-,-,Hamilton,Chattanooga,7
81592,400285508,0,1,36.17434,-86.80019,3,2025-07-12 14:53:00,2025,7,12,14,53,Saturday,14:53,Suspected Serious Injury,Daylight,Clear,Ditch,None,METROPOLITAN NASHVILLE POLICE DEPT,Other,Unbelted,-,-,-,Drowsy,-,-,-,-,-,-,-,-,Davidson,Nashville,7
81599,400285537,0,1,35.87583,-87.34599,7,2025-07-10 16:20:00,2025,7,10,16,20,Thursday,16:20,Suspected Serious Injury,Daylight,Clear,Ditch,None,THP District 7 - Lawrenceburg,THP,-,-,-,-,-,-,-,-,-,-,-,Motorcyclist,-,Hickman,Not in City Limit,5
81607,400285585,0,3,35.97844,-84.33646,1,2025-07-11 13:28:00,2025,7,11,13,28,Friday,13:28,Suspected Serious Injury,Daylight,Clear,Motor Vehicle-In-Transport On Same Roadway,None,OAK RIDGE POLICE DEPT,Other,Unbelted,-,-,-,-,-,-,-,-,-,-,-,-,Roane,Oak Ridge,6
81609,400285608,0,2,35.89704,-84.23604,1,2025-07-12 13:21:00,2025,7,12,13,21,Saturday,13:21,Suspected Serious Injury,Daylight,Clear,Motor Vehicle-In-Transport On Same Roadway,None,KNOX CO SHERIFFS OFFICE,Other,Unbelted,-,-,-,-,-,-,-,-,-,-,-,-,Knox,Not in City Limit,7
81615,400285633,0,1,35.04632,-87.23347,7,2025-07-12 20:56:00,2025,7,12,20,56,Saturday,20:56,Suspected Serious Injury,Dark-Not Lighted,Cloudy,Standing Tree,None,THP District 7 - Lawrenceburg,THP,Unbelted,-,Drinking,-,-,-,-,-,-,-,-,-,-,Lawrence,Not in City Limit,7
81621,400285661,0,6,36.14387,-86.70052,3,2025-07-12 18:27:00,2025,7,12,18,27,Saturday,18:27,Suspected Serious Injury,Daylight,Clear,Motor Vehicle-In-Transport On Same Roadway,None,METROPOLITAN NASHVILLE POLICE DEPT,Other,Unbelted,-,-,-,-,-,-,-,-,-,-,-,-,Davidson,Nashville,7
81626,400285678,0,1,36.20222,-86.56146,3,2025-07-09 16:25:00,2025,7,9,16,25,Wednesday,16:25,Suspected Serious Injury,Daylight,Clear,Non-Motorist Personal Conveyance,None,MOUNT JULIET POLICE DEPT,Other,Unbelted,-,-,-,-,-,-,Pedestrian,-,-,-,-,-,Wilson,Mount Juliet,4
81629,400285688,0,1,35.69857,-84.02619,1,2025-07-13 01:59:00,2025,7,13,1,59,Sunday,01:59,Suspected Serious Injury,Dark-Not Lighted,Cloudy,Standing Tree,None,BLOUNT CO SHERIFFS DEPT,Other,Unbelted,-,-,-,-,-,-,-,-,-,-,-,-,Blount,Not in City Limit,1
81631,400285693,0,1,35.28845,-86.18786,2,2025-07-13 00:00:00,2025,7,13,24,0,Sunday,24:00,Suspected Serious Injury,Dark-Not Lighted,Clear,Guard Rail End,None,THP District 2 - Chattanooga,THP,Unbelted,-,Drinking,-,-,-,-,-,-,-,-,-,-,Franklin,Not in City Limit,1