OBJECTID,MRN,Fatality,Injury,Latitude,Longitude,THP_District,Collision_Date,Collision_Year,Collision_Month,Collision_Day,Collision_Hour,Collision_Min,Collision_DOW,Collision_Time,Crash_Type,Light_Condition,Weather,First_Harmfu_Event,Work_Zone_Type,Agency_Name,THP,Unbelted,Distracted_Driver,Driver_Drinking,Driver_Drugged,Drowsy_Driver,Speeding_Involved,Pedalcyclist,Pedestrian,Other_Nonmotorist,ATV_Involved,LargeTruck_Involved,Motorcycle_Involved,SchoolBus,County,City,DOW_Nmb
81633,400285703,0,1,35.37825,-84.6937,2,2025-07-13 02:45:00,2025,7,13,2,45,Sunday,02:45,Suspected Serious Injury,Dark-Not Lighted,Clear,Embankment Earth,None,THP District 2 - Chattanooga,THP,Unbelted,-,-,-,-,-,-,-,-,-,-,-,-,McMinn,Not in City Limit,1
81647,400285809,1,0,35.99634,-84.13607,1,2025-07-13 00:00:00,2025,7,13,24,0,Sunday,24:00,Fatal,Daylight,Clear,Ditch,None,ANDERSON CO SHERIFFS DEPT,Other,-,-,-,-,-,-,-,-,-,-,-,Motorcyclist,-,Anderson,Not in City Limit,1
81653,400285824,0,3,36.23763,-86.17529,3,2025-07-12 16:50:00,2025,7,12,16,50,Saturday,16:50,Suspected Serious Injury,Daylight,Clear,Motor Vehicle-In-Transport On Same Roadway,None,THP District 3 - Nashville,THP,Unbelted,-,-,-,-,-,-,-,-,-,-,-,-,Wilson,Not in City Limit,7
81654,400285830,0,1,36.29985,-88.12994,8,2025-07-12 03:05:00,2025,7,12,3,5,Saturday,03:05,Suspected Serious Injury,Dark-Not Lighted,Clear,Standing Tree,None,THP District 8 - Jackson,THP,Unbelted,-,-,-,-,-,-,-,-,-,-,-,-,Henry,Not in City Limit,7
81660,400285866,0,1,35.28388,-87.01211,7,2025-07-12 20:06:00,2025,7,12,20,6,Saturday,20:06,Suspected Serious Injury,Dusk,Clear,Ditch,None,THP District 7 - Lawrenceburg,THP,-,-,Drinking,-,Drowsy,-,-,-,-,-,-,Motorcyclist,-,Giles,Not in City Limit,7
81662,400285873,0,1,36.23664,-85.94792,6,2025-07-13 15:10:00,2025,7,13,15,10,Sunday,15:10,Suspected Serious Injury,Daylight,Cloudy,Motor Vehicle-In-Transport On Same Roadway,None,THP District 6 - Cookeville,THP,-,-,-,-,-,-,-,-,-,-,-,Motorcyclist,-,Smith,South Carthage,1
81671,400285906,0,2,36.49748,-82.40262,5,2025-07-13 13:58:00,2025,7,13,13,58,Sunday,13:58,Suspected Serious Injury,Daylight,Clear,Motor Vehicle-In-Transport On Same Roadway,None,THP District 5 - Fall Branch,THP,Unbelted,-,-,-,-,-,-,-,-,-,-,Motorcyclist,-,Sullivan,Not in City Limit,1
81684,400285985,0,1,36.34876,-87.53966,3,2025-07-13 04:33:00,2025,7,13,4,33,Sunday,04:33,Suspected Serious Injury,Dark-Not Lighted,Clear,Mail Box,None,THP District 3 - Nashville,THP,Unbelted,-,Drinking,Drug,-,-,-,-,-,-,-,-,-,Montgomery,Not in City Limit,1
81686,400285996,0,1,36.05548,-84.26018,1,2025-07-13 20:29:00,2025,7,13,20,29,Sunday,20:29,Suspected Serious Injury,Daylight,Clear,Embankment Earth,None,THP District 1 - Knoxville,THP,-,-,-,-,-,-,-,-,-,-,-,Motorcyclist,-,Anderson,Not in City Limit,1
81690,400286020,0,1,36.3035,-87.05929,3,2025-07-13 21:15:00,2025,7,13,21,15,Sunday,21:15,Suspected Serious Injury,Dark-Not Lighted,Clear,Ditch,None,THP District 3 - Nashville,THP,-,-,-,-,-,-,-,-,-,-,-,Motorcyclist,-,Cheatham,Not in City Limit,1
81693,400286033,0,1,36.57483,-86.61624,3,2025-07-13 03:14:00,2025,7,13,3,14,Sunday,03:14,Suspected Serious Injury,Dark-Not Lighted,Clear,"Over Turn, Roll Over",None,THP District 3 - Nashville,THP,Unbelted,-,-,-,Drowsy,-,-,-,-,-,-,-,-,Robertson,Not in City Limit,1
81702,400286070,0,1,35.93568,-85.31219,6,2025-07-12 22:41:00,2025,7,12,22,41,Saturday,22:41,Suspected Serious Injury,Dark-Not Lighted,Cloudy,Fell/Jumped From Vehicle,None,THP District 6 - Cookeville,THP,Unbelted,-,-,-,-,-,-,-,-,-,-,-,-,White,Not in City Limit,7
81707,400286100,0,1,35.81218,-88.29352,8,2025-07-14 06:01:00,2025,7,14,6,1,Monday,06:01,Suspected Serious Injury,Dark-Not Lighted,Clear,Guard Rail Face,None,THP District 8 - Jackson,THP,-,-,-,-,-,-,-,-,-,-,-,Motorcyclist,-,Henderson,Not in City Limit,2
81716,400286153,0,2,35.92984,-86.4942,3,2025-07-14 09:55:00,2025,7,14,9,55,Monday,09:55,Suspected Serious Injury,Daylight,Clear,Motor Vehicle-In-Transport On Same Roadway,None,RUTHERFORD CO SHERIFFS DEPT,Other,Unbelted,Distracted,-,-,-,-,-,-,-,-,-,Motorcyclist,-,Rutherford,Not in City Limit,2
81735,400286245,0,5,35.59958,-87.12233,7,2025-07-14 13:50:00,2025,7,14,13,50,Monday,13:50,Suspected Serious Injury,Daylight,Clear,Motor Vehicle-In-Transport On Same Roadway,None,COLUMBIA POLICE DEPT,Other,Unbelted,Distracted,-,-,-,-,-,-,-,-,-,-,-,Maury,Columbia,2
81741,400286275,1,1,36.14061,-86.72183,3,2025-07-14 15:20:00,2025,7,14,15,20,Monday,15:20,Fatal,Daylight,Cloudy,Motor Vehicle-In-Transport On Same Roadway,None,METROPOLITAN NASHVILLE POLICE DEPT,Other,Unbelted,-,-,-,-,-,-,-,-,-,-,-,-,Davidson,Nashville,2
81754,400286355,0,2,36.2706,-86.52905,3,2025-07-14 16:45:00,2025,7,14,16,45,Monday,16:45,Suspected Serious Injury,Daylight,Rain,Motor Vehicle-In-Transport On Same Roadway,None,THP District 3 - Nashville,THP,Unbelted,-,-,-,-,-,-,-,-,-,-,-,-,Wilson,Not in City Limit,2
81770,400286424,0,1,36.58363,-87.44366,3,2025-07-10 16:51:00,2025,7,10,16,51,Thursday,16:51,Suspected Serious Injury,Daylight,Clear,Motor Vehicle-In-Transport On Same Roadway,None,THP District 3 - Nashville,THP,Unbelted,Distracted,-,-,-,-,-,-,-,-,-,-,-,Montgomery,Not in City Limit,5
81776,400286442,0,1,36.26034,-83.70392,5,2025-07-14 16:45:00,2025,7,14,16,45,Monday,16:45,Suspected Serious Injury,Daylight,Clear,Motor Vehicle-In-Transport On Same Roadway,None,THP District 5 - Fall Branch,THP,Unbelted,-,-,-,-,-,-,-,-,-,-,Motorcyclist,-,Grainger,Not in City Limit,2
81779,400286449,0,1,36.15229,-86.77265,3,2025-07-14 22:10:00,2025,7,14,22,10,Monday,22:10,Suspected Serious Injury,Dark-Lighted,Clear,Pedestrian,None,METROPOLITAN NASHVILLE POLICE DEPT,Other,Unbelted,-,-,-,-,-,-,Pedestrian,-,-,-,-,-,Davidson,Nashville,2
81781,400286458,0,3,35.85793,-86.43015,3,2025-07-14 00:00:00,2025,7,14,24,0,Monday,24:00,Suspected Serious Injury,Dark-Lighted,Clear,Motor Vehicle-In-Transport On Same Roadway,None,MURFREESBORO POLICE DEPT,Other,Unbelted,-,-,-,-,-,-,-,-,-,-,-,-,Rutherford,Murfreesboro,2
81785,400286472,0,1,36.17296,-86.7649,3,2025-07-14 21:45:00,2025,7,14,21,45,Monday,21:45,Suspected Serious Injury,Dark-Lighted,Clear,Pedestrian,None,METROPOLITAN NASHVILLE POLICE DEPT,Other,Unbelted,-,-,-,-,-,-,Pedestrian,-,-,-,-,-,Davidson,Nashville,2
81792,400286512,0,1,35.83157,-86.83385,3,2025-07-11 11:30:00,2025,7,11,11,30,Friday,11:30,Suspected Serious Injury,Daylight,Clear,Guard Rail End,None,THP District 3 - Nashville,THP,Unbelted,-,-,-,-,-,-,-,-,-,-,-,-,Williamson,Franklin,6
81799,400286537,0,2,35.0491,-89.72376,4,2025-07-14 17:39:00,2025,7,14,17,39,Monday,17:39,Suspected Serious Injury,Daylight,Clear,Motor Vehicle-In-Transport On Same Roadway,None,COLLIERVILLE POLICE DEPT,Other,Unbelted,-,-,-,-,-,-,-,-,-,-,Motorcyclist,-,Shelby,Collierville,2
81803,400286552,0,1,35.30387,-85.15907,2,2025-07-15 08:50:00,2025,7,15,8,50,Tuesday,08:50,Suspected Serious Injury,Daylight,Clear,Concrete Traffic Barrier,None,SODDY DAISY POLICE DEPT,Other,Unbelted,-,-,-,-,-,-,-,-,-,-,-,-,Hamilton,Soddy-Daisy,3
81812,400286633,0,1,35.64665,-88.12501,8,2025-07-15 06:57:00,2025,7,15,6,57,Tuesday,06:57,Suspected Serious Injury,Daylight,Clear,Pedestrian,None,PARSONS POLICE DEPT,Other,Unbelted,-,-,-,-,-,-,Pedestrian,-,-,-,-,-,Decatur,Parsons,3
81819,400286672,0,3,36.2185,-86.83714,3,2025-07-14 15:15:00,2025,7,14,15,15,Monday,15:15,Suspected Serious Injury,Daylight,Clear,Motor Vehicle-In-Transport On Same Roadway,None,METROPOLITAN NASHVILLE POLICE DEPT,Other,Unbelted,-,-,-,-,Speeding,-,-,-,-,-,-,-,Davidson,Nashville,2
81827,400286706,0,4,35.62456,-87.0327,7,2025-07-15 11:42:00,2025,7,15,11,42,Tuesday,11:42,Suspected Serious Injury,Daylight,Clear,Motor Vehicle-In-Transport On Same Roadway,None,COLUMBIA POLICE DEPT,Other,Unbelted,-,-,-,-,-,-,-,-,-,-,-,-,Maury,Columbia,3
81836,400286758,0,1,35.46174,-86.78316,7,2025-07-15 15:21:00,2025,7,15,15,21,Tuesday,15:21,Suspected Serious Injury,Daylight,Clear,Motor Vehicle-In-Transport On Same Roadway,None,LEWISBURG POLICE DEPT,Other,Unbelted,-,-,-,-,-,-,-,-,-,-,-,-,Marshall,Lewisburg,3
81838,400286771,0,1,36.44783,-82.2908,5,2025-07-15 14:37:00,2025,7,15,14,37,Tuesday,14:37,Suspected Serious Injury,Daylight,Clear,Motor Vehicle-In-Transport On Same Roadway,None,THP District 5 - Fall Branch,THP,Unbelted,-,-,-,-,-,-,-,-,-,-,Motorcyclist,-,Sullivan,Bluff City,3
81839,400286772,1,2,35.86919,-84.29486,1,2025-07-15 14:40:00,2025,7,15,14,40,Tuesday,14:40,Fatal,Daylight,Clear,Motor Vehicle-In-Transport On Same Roadway,Maintenance Zone,THP District 1 - Knoxville,THP,Unbelted,Distracted,-,Drug,-,-,-,-,-,-,ATV_Involved,-,-,Loudon,Not in City Limit,3
81860,400286863,0,1,35.44548,-88.29539,8,2025-07-15 15:00:00,2025,7,15,15,0,Tuesday,15:00,Suspected Serious Injury,Daylight,Cloudy,Motor Vehicle-In-Transport On Same Roadway,None,THP District 8 - Jackson,THP,Unbelted,-,-,-,-,-,-,-,-,-,-,Motorcyclist,-,Henderson,Sardis,3
81863,400286870,0,1,35.74877,-84.03741,1,2025-07-15 20:48:00,2025,7,15,20,48,Tuesday,20:48,Suspected Serious Injury,Dark-Lighted,Clear,Culvert,None,BLOUNT CO SHERIFFS DEPT,Other,Unbelted,-,-,-,-,-,-,-,-,-,-,-,-,Blount,Not in City Limit,3
81868,400286894,1,2,36.19712,-83.34531,5,2025-07-15 18:30:00,2025,7,15,18,30,Tuesday,18:30,Fatal,Daylight,Clear,Motor Vehicle-In-Transport On Same Roadway,None,MORRISTOWN POLICE DEPT,Other,Unbelted,-,Drinking,Drug,-,-,-,-,-,-,-,-,-,Hamblen,Morristown,3
81883,400286945,0,1,36.01828,-84.00798,1,2025-07-15 18:15:00,2025,7,15,18,15,Tuesday,18:15,Suspected Serious Injury,Daylight,Clear,Non-Motorist Personal Conveyance,None,KNOXVILLE POLICE DEPT,Other,Unbelted,-,-,-,-,-,-,-,-,-,-,-,-,Knox,Knoxville,3
81890,400286978,0,2,36.42465,-88.12819,8,2025-07-11 10:51:00,2025,7,11,10,51,Friday,10:51,Suspected Serious Injury,Daylight,Cloudy,Motor Vehicle-In-Transport On Same Roadway,None,THP District 8 - Jackson,THP,Unbelted,-,-,-,-,-,-,-,-,-,-,-,-,Henry,Not in City Limit,6
81892,400286987,0,1,35.44677,-89.2429,4,2025-07-16 07:40:00,2025,7,16,7,40,Wednesday,07:40,Suspected Serious Injury,Daylight,Clear,Bridge Rail,None,THP District 4 - Memphis,THP,Unbelted,Distracted,-,-,-,-,-,-,-,-,-,-,-,Haywood,Not in City Limit,4
81894,400286996,0,1,36.06824,-86.71067,3,2025-07-10 23:05:00,2025,7,10,23,5,Thursday,23:05,Suspected Serious Injury,Dark-Lighted,Clear,Motor Vehicle-In-Transport On Same Roadway,None,METROPOLITAN NASHVILLE POLICE DEPT,Other,Unbelted,-,-,-,-,-,-,-,-,-,-,Motorcyclist,-,Davidson,Nashville,5
81895,400286998,0,1,35.20582,-86.72398,7,2025-07-13 13:19:00,2025,7,13,13,19,Sunday,13:19,Suspected Serious Injury,Daylight,Clear,Motor Vehicle-In-Transport On Same Roadway,None,THP District 7 - Lawrenceburg,THP,Unbelted,-,-,-,-,-,-,-,-,-,-,-,-,Lincoln,Not in City Limit,1
81901,400287034,0,1,36.21122,-85.85866,6,2025-07-15 21:01:00,2025,7,15,21,1,Tuesday,21:01,Suspected Serious Injury,Dark-Not Lighted,Clear,Pedal-Cycle,None,THP District 6 - Cookeville,THP,Unbelted,-,-,-,-,-,Pedalcyclist,-,-,-,-,-,-,Smith,Not in City Limit,3
81926,400287156,0,1,36.06449,-86.71722,3,2025-07-15 19:25:00,2025,7,15,19,25,Tuesday,19:25,Suspected Serious Injury,Daylight,Cloudy,Motor Vehicle-In-Transport On Same Roadway,None,METROPOLITAN NASHVILLE POLICE DEPT,Other,Unbelted,-,Drinking,-,-,Speeding,-,-,-,-,-,-,-,Davidson,Nashville,3
81951,400287299,0,2,36.39025,-83.0119,5,2025-07-16 15:39:00,2025,7,16,15,39,Wednesday,15:39,Suspected Serious Injury,Daylight,Clear,Motor Vehicle-In-Transport On Same Roadway,None,THP District 5 - Fall Branch,THP,Unbelted,-,-,-,-,-,-,-,-,-,-,-,-,Hawkins,Not in City Limit,4
81959,400287321,0,2,36.34636,-84.16185,1,2025-07-16 16:58:00,2025,7,16,16,58,Wednesday,16:58,Suspected Serious Injury,,Clear,Motor Vehicle-In-Transport On Same Roadway,None,LAFOLLETTE POLICE DEPT,Other,Unbelted,-,-,-,-,-,-,-,-,-,-,-,-,Campbell,LaFollette,4
81962,400287333,0,1,35.7279,-83.8179,1,2025-07-16 20:35:00,2025,7,16,20,35,Wednesday,20:35,Suspected Serious Injury,Dusk,Clear,"Over Turn, Roll Over",None,BLOUNT CO SHERIFFS DEPT,Other,Unbelted,-,-,-,-,Speeding,-,-,-,-,-,-,-,Blount,Not in City Limit,4
81966,400287358,1,0,35.8924,-84.79777,6,2025-07-15 20:48:00,2025,7,15,20,48,Tuesday,20:48,Fatal,Dark-Not Lighted,Clear,Standing Tree,None,THP District 6 - Cookeville,THP,Unbelted,-,-,Drug,-,-,-,-,-,-,-,-,-,Cumberland,Not in City Limit,3
81968,400287367,0,2,36.10668,-83.48504,5,2025-07-16 21:49:00,2025,7,16,21,49,Wednesday,21:49,Suspected Serious Injury,Dark-Lighted,Cloudy,Motor Vehicle-In-Transport On Same Roadway,None,JEFFERSON CITY POLICE DEPT,Other,Unbelted,-,Drinking,-,-,-,-,-,-,-,-,-,-,Jefferson,Jefferson City,4
81971,400287378,2,3,36.44914,-82.28925,5,2025-07-15 21:25:00,2025,7,15,21,25,Tuesday,21:25,Fatal,Dark-Not Lighted,Clear,Motor Vehicle-In-Transport On Same Roadway,None,THP District 5 - Fall Branch,THP,Unbelted,-,Drinking,Drug,-,-,-,-,-,-,-,-,-,Sullivan,Bluff City,3
81972,400287381,0,3,35.95752,-86.50001,3,2025-07-17 00:03:00,2025,7,17,0,3,Thursday,00:03,Suspected Serious Injury,Dark-Not Lighted,Clear,Ditch,None,SMYRNA POLICE DEPT,Other,Unbelted,-,-,-,-,-,-,-,-,-,-,-,-,Rutherford,Smyrna,5
81976,400287405,1,3,36.09608,-86.87819,3,2025-07-16 08:16:00,2025,7,16,8,16,Wednesday,08:16,Fatal,Daylight,Clear,Motor Vehicle-In-Transport On Same Roadway,None,METROPOLITAN NASHVILLE POLICE DEPT,Other,Unbelted,-,-,Drug,-,-,-,-,-,-,-,-,-,Davidson,Nashville,4
81977,400287412,0,1,36.58644,-81.90823,5,2025-07-16 11:02:00,2025,7,16,11,2,Wednesday,11:02,Suspected Serious Injury,Daylight,Clear,Motor Vehicle-In-Transport On Same Roadway,None,THP District 5 - Fall Branch,THP,Unbelted,-,-,-,-,-,-,-,-,-,-,-,-,Sullivan,Not in City Limit,4
81992,400287493,1,0,35.72005,-84.36636,1,2025-07-17 09:48:00,2025,7,17,9,48,Thursday,09:48,Fatal,Daylight,Clear,Motor Vehicle-In-Transport On Same Roadway,None,LOUDON POLICE DEPT,Other,Unbelted,-,-,-,-,-,-,-,-,-,ATV_Involved,-,-,Loudon,Loudon,5
81996,400287511,0,1,36.36241,-86.495,3,2025-07-17 06:58:00,2025,7,17,6,58,Thursday,06:58,Suspected Serious Injury,Daylight,Clear,Motor Vehicle-In-Transport On Same Roadway,None,GALLATIN POLICE DEPT,Other,Unbelted,-,-,-,-,-,-,-,-,-,-,Motorcyclist,-,Sumner,Gallatin,5
82004,400287561,1,4,36.1197,-86.69727,3,2025-07-12 18:39:00,2025,7,12,18,39,Saturday,18:39,Fatal,Daylight,Clear,Motor Vehicle-In-Transport On Same Roadway,None,METROPOLITAN NASHVILLE POLICE DEPT,Other,Unbelted,-,-,-,-,-,-,-,-,-,-,-,-,Davidson,Nashville,7
82035,400287755,0,1,36.15624,-86.78561,3,2025-07-16 22:49:00,2025,7,16,22,49,Wednesday,22:49,Suspected Serious Injury,Dark-Lighted,Clear,Curb,None,METROPOLITAN NASHVILLE POLICE DEPT,Other,-,-,-,-,-,-,-,-,-,-,-,Motorcyclist,-,Davidson,Nashville,4
82039,400287785,0,1,35.92338,-83.91361,1,2025-07-17 20:04:00,2025,7,17,20,4,Thursday,20:04,Suspected Serious Injury,Dawn,Clear,Unknown,None,KNOXVILLE POLICE DEPT,Other,Unbelted,-,-,-,-,-,-,Pedestrian,-,-,-,-,-,Knox,Knoxville,5
82040,400287788,0,3,35.9059,-86.3485,3,2025-07-17 19:31:00,2025,7,17,19,31,Thursday,19:31,Suspected Serious Injury,Dusk,Clear,Motor Vehicle-In-Transport On Same Roadway,None,MURFREESBORO POLICE DEPT,Other,Unbelted,-,-,-,-,-,-,-,-,-,-,-,-,Rutherford,Murfreesboro,5
82042,400287794,1,2,36.28016,-85.29898,6,2025-07-17 14:46:00,2025,7,17,14,46,Thursday,14:46,Fatal,Daylight,Clear,Motor Vehicle-In-Transport On Same Roadway,None,THP District 6 - Cookeville,THP,Unbelted,-,-,-,-,-,-,-,-,-,-,-,-,Overton,Rickman,5
82044,400287811,1,2,36.08659,-86.77212,3,2025-07-17 19:50:00,2025,7,17,19,50,Thursday,19:50,Fatal,Daylight,Clear,Motor Vehicle-In-Transport On Different Roadway,None,METROPOLITAN NASHVILLE POLICE DEPT,Other,Unbelted,-,-,-,-,-,-,-,-,-,-,-,-,Davidson,Oak Hill,5
82064,400287893,0,1,35.01088,-89.75965,4,2025-07-18 02:04:00,2025,7,18,2,4,Friday,02:04,Suspected Serious Injury,Dark-Lighted,Clear,Standing Tree,None,COLLIERVILLE POLICE DEPT,Other,Unbelted,-,-,-,-,-,-,-,-,-,-,-,-,Shelby,Collierville,6
82066,400287910,2,0,35.79149,-86.74787,3,2025-07-17 11:10:00,2025,7,17,11,10,Thursday,11:10,Fatal,Daylight,Clear,Ditch,None,THP District 3 - Nashville,THP,Unbelted,-,-,Drug,-,-,-,-,-,-,-,-,-,Williamson,College Grove,5
82081,400287993,1,1,35.82336,-83.47311,1,2025-07-15 20:45:00,2025,7,15,20,45,Tuesday,20:45,Fatal,Dark-Not Lighted,Cloudy,Embankment Earth,None,THP District 1 - Knoxville,THP,Unbelted,-,Drinking,Drug,-,-,-,-,-,-,-,-,-,Sevier,Not in City Limit,3
82084,400288012,0,1,35.75044,-86.44126,3,2025-07-18 09:38:00,2025,7,18,9,38,Friday,09:38,Suspected Serious Injury,Daylight,Clear,Motor Vehicle-In-Transport On Same Roadway,None,RUTHERFORD CO SHERIFFS DEPT,Other,Unbelted,-,-,-,-,-,-,-,-,-,-,-,-,Rutherford,Not in City Limit,6
82089,400288052,0,1,36.34608,-86.71689,3,2025-07-18 12:25:00,2025,7,18,12,25,Friday,12:25,Suspected Serious Injury,Daylight,Clear,Motor Vehicle-In-Transport On Same Roadway,None,GOODLETTSVILLE POLICE DEPT,Other,Unbelted,Distracted,-,-,-,-,-,-,-,-,-,-,-,Sumner,Goodlettsville,6
82100,400288096,0,3,35.04626,-89.69445,4,2025-07-18 12:10:00,2025,7,18,12,10,Friday,12:10,Suspected Serious Injury,Daylight,Clear,Motor Vehicle-In-Transport On Same Roadway,None,COLLIERVILLE POLICE DEPT,Other,Unbelted,Distracted,-,-,-,-,-,-,-,-,-,-,-,Shelby,Collierville,6
82102,400288103,0,2,35.20824,-90.0038,4,2025-07-18 11:10:00,2025,7,18,11,10,Friday,11:10,Suspected Serious Injury,Daylight,Clear,Motor Vehicle-In-Transport On Same Roadway,None,THP District 4 - Memphis,THP,Unbelted,Distracted,-,-,-,-,-,-,-,-,-,-,-,Shelby,Memphis,6
82104,400288109,0,1,35.4939,-86.43879,7,2025-07-15 22:34:00,2025,7,15,22,34,Tuesday,22:34,Suspected Serious Injury,Dark-Lighted,Clear,Highway Traffic Sign Post,None,SHELBYVILLE POLICE DEPT,Other,Unbelted,-,-,-,Drowsy,-,-,-,-,-,-,-,-,Bedford,Shelbyville,3
82105,400288110,0,2,36.4759,-81.8091,5,2025-07-12 16:27:00,2025,7,12,16,27,Saturday,16:27,Suspected Serious Injury,Daylight,Rain,Motor Vehicle-In-Transport On Same Roadway,None,MOUNTAIN CITY POLICE DEPT,Other,Unbelted,-,-,-,-,-,-,-,-,-,-,-,-,Johnson,Mountain City,7
82107,400288114,1,1,35.82965,-86.34971,3,2025-07-18 10:39:00,2025,7,18,10,39,Friday,10:39,Fatal,Daylight,Clear,Motor Vehicle-In-Transport On Same Roadway,None,MURFREESBORO POLICE DEPT,Other,Unbelted,-,-,-,-,Speeding,-,-,-,-,-,-,-,Rutherford,Murfreesboro,6
82111,400288147,0,1,36.36886,-82.30259,5,2025-07-14 22:40:00,2025,7,14,22,40,Monday,22:40,Suspected Serious Injury,Dark-Lighted,Clear,Embankment Earth,None,THP District 5 - Fall Branch,THP,Unbelted,-,Drinking,Drug,-,-,-,-,-,-,-,-,-,Washington,Johnson City,2
82131,400288208,0,2,36.07448,-86.92095,3,2025-07-18 18:10:00,2025,7,18,18,10,Friday,18:10,Suspected Serious Injury,Daylight,Clear,Motor Vehicle-In-Transport On Same Roadway,None,METROPOLITAN NASHVILLE POLICE DEPT,Other,Unbelted,-,-,-,-,-,-,-,-,-,-,-,-,Davidson,Nashville,6
82137,400288228,0,1,35.63656,-88.82179,8,2025-07-18 19:35:00,2025,7,18,19,35,Friday,19:35,Suspected Serious Injury,Dusk,Clear,Motor Vehicle-In-Transport On Same Roadway,None,JACKSON POLICE DEPT,Other,Unbelted,-,-,-,-,-,-,-,-,-,-,Motorcyclist,-,Madison,Jackson,6
82143,400288247,0,2,35.919,-85.04871,6,2025-07-18 17:58:00,2025,7,18,17,58,Friday,17:58,Suspected Serious Injury,Daylight,Cloudy,Motor Vehicle-In-Transport On Same Roadway,None,CROSSVILLE POLICE DEPT,Other,Unbelted,-,-,-,-,-,-,-,-,-,-,-,-,Cumberland,Crossville,6
82150,400288281,0,1,36.21513,-86.59701,3,2025-07-18 20:32:00,2025,7,18,20,32,Friday,20:32,Suspected Serious Injury,Dark-Lighted,Clear,Motor Vehicle-In-Transport On Same Roadway,None,METROPOLITAN NASHVILLE POLICE DEPT,Other,Unbelted,-,-,-,-,-,-,-,-,-,-,Motorcyclist,-,Davidson,Nashville,6
82154,400288289,0,1,35.79544,-86.39916,3,2025-07-18 21:01:00,2025,7,18,21,1,Friday,21:01,Suspected Serious Injury,Dark-Lighted,Rain,Pedestrian,None,MURFREESBORO POLICE DEPT,Other,Unbelted,-,-,-,-,-,-,Pedestrian,-,-,-,-,-,Rutherford,Murfreesboro,6
82156,400288307,0,1,36.08329,-86.7021,3,2025-07-18 23:00:00,2025,7,18,23,0,Friday,23:00,Suspected Serious Injury,Dark-Lighted,Rain,Pedal-Cycle,None,METROPOLITAN NASHVILLE POLICE DEPT,Other,Unbelted,-,Drinking,-,-,-,Pedalcyclist,-,-,-,-,-,-,Davidson,Nashville,6
82165,400288341,1,1,35.93183,-84.00224,1,2025-07-19 01:00:00,2025,7,19,1,0,Saturday,01:00,Fatal,Dark-Lighted,Clear,Motor Vehicle-In-Transport On Same Roadway,None,KNOXVILLE POLICE DEPT,Other,Unbelted,-,Drinking,Drug,-,-,-,-,-,-,-,Motorcyclist,-,Knox,Knoxville,7
82178,400288405,2,3,35.1604,-84.93604,2,2025-07-14 10:41:00,2025,7,14,10,41,Monday,10:41,Fatal,Daylight,Clear,Motor Vehicle-In-Transport On Different Roadway,None,THP District 2 - Chattanooga,THP,Unbelted,-,-,Drug,-,-,-,-,-,-,ATV_Involved,-,-,Bradley,Not in City Limit,2
82185,400288485,0,1,35.16026,-87.84993,7,2025-07-19 12:45:00,2025,7,19,12,45,Saturday,12:45,Suspected Serious Injury,Daylight,Cloudy,Embankment Earth,None,THP District 7 - Lawrenceburg,THP,Unbelted,-,-,-,-,-,-,-,-,-,-,-,-,Wayne,Not in City Limit,7
82188,400288492,0,2,36.51677,-82.75708,5,2025-07-19 12:40:00,2025,7,19,12,40,Saturday,12:40,Suspected Serious Injury,Daylight,Rain,Motor Vehicle-In-Transport On Same Roadway,None,THP District 5 - Fall Branch,THP,Unbelted,-,-,-,-,-,-,-,-,-,-,-,-,Hawkins,Not in City Limit,7
82192,400288528,0,1,35.99313,-83.5617,5,2025-07-19 15:02:00,2025,7,19,15,2,Saturday,15:02,Suspected Serious Injury,Daylight,Clear,Fence,None,JEFFERSON CO SHERIFFS DEPT,Other,-,-,-,-,-,-,-,-,-,-,-,Motorcyclist,-,Jefferson,Not in City Limit,7
82205,400288572,0,1,35.70676,-85.78026,6,2025-07-19 09:15:00,2025,7,19,9,15,Saturday,09:15,Suspected Serious Injury,Daylight,Clear,Motor Vehicle-In-Transport On Same Roadway,None,MCMINNVILLE POLICE DEPT,Other,-,-,-,-,-,-,-,-,-,-,-,-,-,Warren,McMinnville,7
82211,400288589,0,1,35.2292,-89.72708,4,2025-07-18 00:00:00,2025,7,18,24,0,Friday,24:00,Suspected Serious Injury,Dark-Not Lighted,Clear,Motor Vehicle-In-Transport On Same Roadway,None,THP District 4 - Memphis,THP,Unbelted,-,-,-,-,-,-,-,-,-,ATV_Involved,Motorcyclist,-,Shelby,Lakeland,6
82216,400288620,0,1,35.03361,-88.41637,8,2025-07-19 16:21:00,2025,7,19,16,21,Saturday,16:21,Suspected Serious Injury,Daylight,Clear,Ditch,None,THP District 8 - Jackson,THP,-,-,-,-,-,-,-,-,-,ATV_Involved,-,-,-,McNairy,Not in City Limit,7
82221,400288629,1,1,36.44034,-89.13847,8,2025-07-19 13:29:00,2025,7,19,13,29,Saturday,13:29,Fatal,Daylight,Clear,Ditch,None,THP District 8 - Jackson,THP,-,-,-,-,-,-,-,-,-,-,-,Motorcyclist,-,Obion,Not in City Limit,7