OBJECTID,MRN,Fatality,Injury,Latitude,Longitude,THP_District,Collision_Date,Collision_Year,Collision_Month,Collision_Day,Collision_Hour,Collision_Min,Collision_DOW,Collision_Time,Crash_Type,Light_Condition,Weather,First_Harmfu_Event,Work_Zone_Type,Agency_Name,THP,Unbelted,Distracted_Driver,Driver_Drinking,Driver_Drugged,Drowsy_Driver,Speeding_Involved,Pedalcyclist,Pedestrian,Other_Nonmotorist,ATV_Involved,LargeTruck_Involved,Motorcycle_Involved,SchoolBus,County,City,DOW_Nmb
82223,400288632,0,4,36.06263,-83.97748,1,2025-07-18 21:44:00,2025,7,18,21,44,Friday,21:44,Suspected Serious Injury,Dark-Not Lighted,Clear,Motor Vehicle-In-Transport On Same Roadway,None,THP District 1 - Knoxville,THP,Unbelted,-,-,-,-,-,-,-,-,-,-,-,-,Knox,Not in City Limit,6
82231,400288681,0,1,35.06786,-84.9323,2,2025-07-19 18:39:00,2025,7,19,18,39,Saturday,18:39,Suspected Serious Injury,Daylight,Clear,Ditch,None,THP District 2 - Chattanooga,THP,Unbelted,-,Drinking,Drug,-,Speeding,-,-,-,-,-,-,-,Bradley,Not in City Limit,7
82236,400288693,0,2,36.5388,-81.98554,5,2025-07-19 18:21:00,2025,7,19,18,21,Saturday,18:21,Suspected Serious Injury,Daylight,Clear,Motor Vehicle-In-Transport On Same Roadway,None,THP District 5 - Fall Branch,THP,-,-,-,-,-,-,-,-,-,-,-,Motorcyclist,-,Sullivan,Not in City Limit,7
82244,400288738,0,2,36.03186,-87.30158,3,2025-07-19 00:40:00,2025,7,19,0,40,Saturday,00:40,Suspected Serious Injury,Dark-Not Lighted,Fog,Fence,None,DICKSON CO SHERIFFS OFFICE,Other,Unbelted,-,Drinking,-,-,Speeding,-,-,-,-,-,-,-,Dickson,Not in City Limit,7
82247,400288750,0,2,36.17297,-85.55234,6,2025-07-19 23:32:00,2025,7,19,23,32,Saturday,23:32,Suspected Serious Injury,,Clear,Standing Tree,None,COOKEVILLE POLICE DEPT,Other,Unbelted,-,-,-,-,-,-,-,-,-,-,-,-,Putnam,Cookeville,7
82249,400288763,1,2,35.97074,-83.95493,1,2025-07-20 01:36:00,2025,7,20,1,36,Sunday,01:36,Fatal,Dark-Lighted,Clear,Motor Vehicle-In-Transport On Same Roadway,None,KNOXVILLE POLICE DEPT,Other,Unbelted,-,Drinking,-,-,Speeding,-,-,-,-,-,-,-,Knox,Knoxville,1
82254,400288775,1,0,36.32387,-86.25903,6,2025-07-20 01:07:00,2025,7,20,1,7,Sunday,01:07,Fatal,Dark-Not Lighted,Clear,Embankment Earth,None,THP District 6 - Cookeville,THP,Unbelted,-,Drinking,-,-,-,-,-,-,-,-,-,-,Trousdale,Not in City Limit,1
82258,400288793,0,2,35.51154,-84.64702,2,2025-07-18 18:37:00,2025,7,18,18,37,Friday,18:37,Suspected Serious Injury,Daylight,Cloudy,Motor Vehicle-In-Transport On Same Roadway,None,THP District 2 - Chattanooga,THP,Unbelted,-,-,-,-,-,-,-,-,-,-,-,-,McMinn,Not in City Limit,6
82260,400288800,0,1,35.15357,-88.45487,8,2025-07-19 10:51:00,2025,7,19,10,51,Saturday,10:51,Suspected Serious Injury,Daylight,Clear,"Over Turn, Roll Over",None,THP District 8 - Jackson,THP,Unbelted,-,-,-,-,-,-,-,-,-,-,-,-,McNairy,Stantonville,7
82265,400288816,0,1,35.03638,-87.53918,7,2025-07-19 10:27:00,2025,7,19,10,27,Saturday,10:27,Suspected Serious Injury,Daylight,Cloudy,Embankment Earth,None,THP District 7 - Lawrenceburg,THP,-,-,-,-,-,-,-,-,-,-,-,Motorcyclist,-,Lawrence,Not in City Limit,7
82266,400288818,1,1,35.9964,-83.52431,5,2025-07-19 13:55:00,2025,7,19,13,55,Saturday,13:55,Fatal,Daylight,Cloudy,Utility Pole,None,THP District 5 - Fall Branch,THP,Unbelted,Distracted,-,-,-,-,-,-,-,-,ATV_Involved,-,-,Jefferson,Not in City Limit,7
82269,400288824,0,1,35.98526,-87.05605,3,2025-07-20 07:35:00,2025,7,20,7,35,Sunday,07:35,Suspected Serious Injury,Daylight,Clear,Ditch,None,WILLIAMSON CO SHERIFFS OFFICE,Other,-,-,-,-,-,Speeding,-,-,-,-,-,Motorcyclist,-,Williamson,Not in City Limit,1
82276,400288860,0,1,36.04711,-83.80727,1,2025-07-20 11:21:00,2025,7,20,11,21,Sunday,11:21,Suspected Serious Injury,Daylight,Clear,Guard Rail Face,None,KNOX CO SHERIFFS OFFICE,Other,-,-,-,-,-,-,-,-,-,-,-,Motorcyclist,-,Knox,Not in City Limit,1
82279,400288866,0,2,35.99483,-83.56394,5,2025-07-20 11:25:00,2025,7,20,11,25,Sunday,11:25,Suspected Serious Injury,Daylight,Clear,"Over Turn, Roll Over",None,THP District 5 - Fall Branch,THP,-,-,-,-,-,-,-,-,-,-,-,Motorcyclist,-,Jefferson,Not in City Limit,1
82286,400288909,0,1,36.36429,-88.25146,8,2025-07-16 08:55:00,2025,7,16,8,55,Wednesday,08:55,Suspected Serious Injury,Daylight,Clear,Standing Tree,None,THP District 8 - Jackson,THP,Unbelted,-,-,-,-,-,-,-,-,-,-,-,-,Henry,Not in City Limit,4
82304,400288984,0,5,35.80603,-86.15074,6,2025-07-20 14:07:00,2025,7,20,14,7,Sunday,14:07,Suspected Serious Injury,Daylight,Clear,Motor Vehicle-In-Transport On Same Roadway,None,THP District 6 - Cookeville,THP,Unbelted,-,-,-,-,-,-,-,-,-,-,-,-,Cannon,Not in City Limit,1
82309,400289000,0,2,35.51255,-84.79844,2,2025-07-20 14:49:00,2025,7,20,14,49,Sunday,14:49,Suspected Serious Injury,Daylight,Clear,"Over Turn, Roll Over",None,THP District 2 - Chattanooga,THP,Unbelted,-,Drinking,-,-,Speeding,-,Pedestrian,-,-,-,-,-,Meigs,Decatur,1
82312,400289015,0,4,36.16285,-85.79758,6,2025-07-18 18:27:00,2025,7,18,18,27,Friday,18:27,Suspected Serious Injury,Daylight,Clear,Motor Vehicle-In-Transport On Same Roadway,None,THP District 6 - Cookeville,THP,Unbelted,-,Drinking,Drug,-,-,-,-,-,-,-,-,-,Putnam,Not in City Limit,6
82313,400289016,0,1,36.27105,-83.50529,5,2025-07-20 17:10:00,2025,7,20,17,10,Sunday,17:10,Suspected Serious Injury,Daylight,Rain,Motor Vehicle-In-Transport On Same Roadway,None,THP District 5 - Fall Branch,THP,Unbelted,-,-,-,-,Speeding,-,-,-,-,-,-,-,Grainger,Not in City Limit,1
82318,400289035,0,1,36.23605,-88.65921,8,2025-07-20 17:30:00,2025,7,20,17,30,Sunday,17:30,Suspected Serious Injury,Daylight,Cloudy,Other Animal,None,THP District 8 - Jackson,THP,-,-,-,-,-,-,-,-,-,-,-,Motorcyclist,-,Weakley,Not in City Limit,1
82322,400289048,0,3,35.81316,-88.82027,8,2025-07-19 18:40:00,2025,7,19,18,40,Saturday,18:40,Suspected Serious Injury,Daylight,Clear,Utility Pole,None,THP District 8 - Jackson,THP,Unbelted,-,Drinking,-,-,Speeding,-,-,-,-,-,-,-,Gibson,Not in City Limit,7
82325,400289058,0,1,35.89575,-84.11577,1,2025-07-20 17:39:00,2025,7,20,17,39,Sunday,17:39,Suspected Serious Injury,Daylight,Clear,Paved Surface-Irregular,None,KNOXVILLE POLICE DEPT,Other,-,-,Drinking,-,-,Speeding,-,-,-,-,-,Motorcyclist,-,Knox,Knoxville,1
82337,400289120,0,1,36.19989,-86.62123,3,2025-07-20 17:47:00,2025,7,20,17,47,Sunday,17:47,Suspected Serious Injury,Daylight,Clear,Motor Vehicle-In-Transport On Same Roadway,None,METROPOLITAN NASHVILLE POLICE DEPT,Other,Unbelted,-,-,-,-,-,-,-,-,-,-,-,-,Davidson,Nashville,1
82350,400289163,0,1,35.47581,-83.91795,1,2025-07-19 13:36:00,2025,7,19,13,36,Saturday,13:36,Suspected Serious Injury,Daylight,Rain,Other Fixed Object,None,BLOUNT CO SHERIFFS DEPT,Other,-,-,-,-,-,-,-,-,-,-,-,Motorcyclist,-,Blount,Not in City Limit,7
82354,400289178,0,1,36.38019,-84.11445,1,2025-07-13 15:36:00,2025,7,13,15,36,Sunday,15:36,Suspected Serious Injury,Daylight,Clear,Pedal-Cycle,None,LAFOLLETTE POLICE DEPT,Other,Unbelted,-,-,-,-,-,Pedalcyclist,-,-,-,-,-,-,Campbell,LaFollette,1
82356,400289184,0,1,35.63212,-86.07294,2,2025-07-20 10:49:00,2025,7,20,10,49,Sunday,10:49,Suspected Serious Injury,Daylight,Clear,Culvert,None,THP District 2 - Chattanooga,THP,-,-,-,-,-,-,-,-,-,-,-,Motorcyclist,-,Coffee,Not in City Limit,1
82375,400289277,0,1,35.95454,-86.6,3,2025-07-21 10:57:00,2025,7,21,10,57,Monday,10:57,Suspected Serious Injury,Daylight,Clear,Utility Pole,None,SMYRNA POLICE DEPT,Other,Unbelted,Distracted,-,-,-,-,-,-,-,-,-,-,-,Rutherford,Smyrna,2
82376,400289291,0,1,35.97614,-88.67617,8,2025-07-21 09:32:00,2025,7,21,9,32,Monday,09:32,Suspected Serious Injury,Daylight,Clear,Railway Train,None,THP District 8 - Jackson,THP,Unbelted,-,-,-,-,-,-,-,-,-,-,-,-,Carroll,Atwood,2
82381,400289325,0,2,35.38025,-89.60781,4,2025-07-20 21:11:00,2025,7,20,21,11,Sunday,21:11,Suspected Serious Injury,Dark-Not Lighted,Clear,Ditch,None,FAYETTE CO SHERIFF'S OFFICE,Other,Unbelted,-,-,-,-,-,-,-,-,-,-,-,-,Fayette,Not in City Limit,1
82385,400289347,0,1,36.02608,-84.28738,1,2025-07-21 11:38:00,2025,7,21,11,38,Monday,11:38,Suspected Serious Injury,Daylight,Clear,Concrete Traffic Barrier,Construction Zone,THP District 1 - Knoxville,THP,Unbelted,-,-,-,-,-,-,-,-,-,ATV_Involved,-,-,Anderson,Not in City Limit,2
82396,400289386,0,1,36.41559,-86.14207,6,2025-07-21 15:05:00,2025,7,21,15,5,Monday,15:05,Suspected Serious Injury,Daylight,Cloudy,Fence,None,THP District 6 - Cookeville,THP,-,-,-,-,-,-,-,-,-,-,-,Motorcyclist,-,Trousdale,Hartsville,2
82401,400289407,0,2,36.33617,-82.36365,5,2025-07-21 15:07:00,2025,7,21,15,7,Monday,15:07,Suspected Serious Injury,Daylight,Rain,Motor Vehicle-In-Transport On Same Roadway,None,THP District 5 - Fall Branch,THP,Unbelted,-,-,-,-,Speeding,-,-,-,-,-,-,-,Washington,Johnson City,2
82405,400289425,0,1,36.36264,-86.65939,3,2025-07-18 17:57:00,2025,7,18,17,57,Friday,17:57,Suspected Serious Injury,Daylight,Clear,Ditch,None,THP District 3 - Nashville,THP,Unbelted,-,-,Drug,-,-,-,-,-,-,-,-,-,Sumner,Not in City Limit,6
82406,400289428,0,1,35.94513,-83.89527,1,2025-07-21 17:21:00,2025,7,21,17,21,Monday,17:21,Suspected Serious Injury,Daylight,Rain,Motor Vehicle-In-Transport On Same Roadway,None,KNOXVILLE POLICE DEPT,Other,Unbelted,-,-,-,-,-,-,-,-,-,-,-,-,Knox,Knoxville,2
82413,400289561,0,4,36.41245,-84.52915,1,2025-07-17 17:30:00,2025,7,17,17,30,Thursday,17:30,Suspected Serious Injury,Daylight,Clear,Motor Vehicle-In-Transport On Same Roadway,None,THP District 1 - Knoxville,THP,Unbelted,-,-,Drug,-,-,-,-,-,-,-,-,-,Scott,Huntsville,5
82427,400289790,0,1,35.74459,-86.9493,7,2025-07-19 19:20:00,2025,7,19,19,20,Saturday,19:20,Suspected Serious Injury,Dark-Lighted,Clear,Embankment Earth,None,THP District 7 - Lawrenceburg,THP,-,-,-,-,-,Speeding,-,-,-,-,-,Motorcyclist,-,Maury,Not in City Limit,7
82435,400289954,0,1,36.0953,-86.82426,3,2025-07-22 00:33:00,2025,7,22,0,33,Tuesday,00:33,Suspected Serious Injury,Dark-Lighted,Clear,"Over Turn, Roll Over",None,METROPOLITAN NASHVILLE POLICE DEPT,Other,Unbelted,-,-,-,-,-,-,-,-,-,-,-,-,Davidson,Nashville,3
82445,400290134,1,0,35.14379,-85.11542,2,2025-07-18 12:10:00,2025,7,18,12,10,Friday,12:10,Fatal,Daylight,Clear,Immersion,None,HAMILTON COUNTY SHERIFF'S OFFICE,Other,Unbelted,-,-,Drug,-,-,-,-,-,-,-,-,-,Hamilton,Not in City Limit,6
82446,400290161,0,1,35.85862,-83.62759,1,2025-07-22 08:20:00,2025,7,22,8,20,Tuesday,08:20,Suspected Serious Injury,Daylight,Clear,Motor Vehicle-In-Transport On Same Roadway,None,SEVIER CO SHERIFFS OFFICE,Other,Unbelted,-,-,-,-,-,-,-,-,-,-,-,-,Sevier,Not in City Limit,3
82448,400290205,0,1,36.26705,-86.94585,3,2025-07-22 04:19:00,2025,7,22,4,19,Tuesday,04:19,Suspected Serious Injury,Dark-Not Lighted,Clear,Other Non-Fixed Object,None,METROPOLITAN NASHVILLE POLICE DEPT,Other,-,-,-,-,-,-,-,-,-,-,-,Motorcyclist,-,Davidson,Nashville,3
82472,400290808,0,3,35.12053,-85.28553,2,2025-07-21 22:30:00,2025,7,21,22,30,Monday,22:30,Suspected Serious Injury,Dark-Not Lighted,Rain,Motor Vehicle-In-Transport On Same Roadway,None,THP District 2 - Chattanooga,THP,Unbelted,-,Drinking,Drug,-,-,-,-,-,-,-,-,-,Hamilton,Red Bank,2
82474,400290815,0,6,36.23883,-86.7789,3,2025-07-21 18:28:00,2025,7,21,18,28,Monday,18:28,Suspected Serious Injury,Daylight,Cloudy,Embankment Earth,None,METROPOLITAN NASHVILLE POLICE DEPT,Other,Unbelted,-,Drinking,Drug,-,Speeding,-,-,-,-,-,-,-,Davidson,Nashville,2
82475,400290874,0,1,35.36131,-84.14725,1,2025-07-21 13:30:00,2025,7,21,13,30,Monday,13:30,Suspected Serious Injury,Daylight,Cloudy,Guard Rail Face,None,THP District 1 - Knoxville,THP,-,-,-,-,-,-,-,-,-,-,-,Motorcyclist,-,Monroe,Tellico Plains,2
82487,400291143,0,8,36.0732,-83.37988,5,2025-07-22 15:18:00,2025,7,22,15,18,Tuesday,15:18,Suspected Serious Injury,Daylight,Clear,Motor Vehicle-In-Transport On Same Roadway,None,THP District 5 - Fall Branch,THP,Unbelted,-,-,-,-,Speeding,-,-,-,-,-,-,-,Jefferson,Not in City Limit,3
82491,400291201,0,1,36.55331,-82.33701,5,2025-07-22 16:05:00,2025,7,22,16,5,Tuesday,16:05,Suspected Serious Injury,Daylight,Cloudy,Motor Vehicle-In-Transport On Same Roadway,None,THP District 5 - Fall Branch,THP,Unbelted,Distracted,-,-,-,-,-,-,-,-,-,-,-,Sullivan,Not in City Limit,3
82502,400291468,0,5,36.47991,-87.20854,3,2025-07-21 19:20:00,2025,7,21,19,20,Monday,19:20,Suspected Serious Injury,Dusk,Clear,Motor Vehicle-In-Transport On Same Roadway,None,THP District 3 - Nashville,THP,Unbelted,-,Drinking,Drug,-,-,-,-,-,-,-,-,-,Montgomery,Not in City Limit,2
82509,400291622,1,1,35.94473,-83.91167,1,2025-07-22 23:19:00,2025,7,22,23,19,Tuesday,23:19,Fatal,Dark-Lighted,Clear,Motor Vehicle-In-Transport On Same Roadway,None,KNOXVILLE POLICE DEPT,Other,Unbelted,-,Drinking,-,-,-,-,-,-,-,-,Motorcyclist,-,Knox,Knoxville,3
82515,400291766,0,1,35.81456,-88.20723,8,2025-07-23 02:15:00,2025,7,23,2,15,Wednesday,02:15,Suspected Serious Injury,Dark-Not Lighted,Clear,Motor Vehicle-In-Transport On Same Roadway,None,THP District 8 - Jackson,THP,Unbelted,-,-,-,-,-,-,-,-,-,ATV_Involved,-,-,Henderson,Not in City Limit,4
82517,400291838,1,0,35.86514,-83.95966,1,2025-07-11 05:35:00,2025,7,11,5,35,Friday,05:35,Fatal,Dawn,Fog,Standing Tree,None,ALCOA POLICE DEPARTMENT,Other,Unbelted,-,-,-,-,-,-,-,-,-,-,-,-,Blount,Alcoa,6
82524,400291961,1,0,36.45006,-87.97886,3,2025-07-20 12:20:00,2025,7,20,12,20,Sunday,12:20,Fatal,Daylight,Clear,Standing Tree,None,THP District 3 - Nashville,THP,-,-,-,-,-,-,-,-,-,-,-,Motorcyclist,-,Stewart,Not in City Limit,1
82540,400292400,0,1,36.40737,-88.19499,8,2025-07-23 12:01:00,2025,7,23,12,1,Wednesday,12:01,Suspected Serious Injury,Daylight,Clear,Standing Tree,None,THP District 8 - Jackson,THP,Unbelted,-,-,-,-,-,-,-,-,-,-,-,-,Henry,Not in City Limit,4
82560,400292772,0,1,35.07463,-86.57186,7,2025-07-20 19:30:00,2025,7,20,19,30,Sunday,19:30,Suspected Serious Injury,Dark-Not Lighted,Clear,Motor Vehicle-In-Transport On Same Roadway,None,THP District 7 - Lawrenceburg,THP,Unbelted,-,-,-,-,-,-,-,-,-,-,Motorcyclist,-,Lincoln,Not in City Limit,1
82561,400292787,0,3,35.26546,-89.58777,4,2025-07-15 11:16:00,2025,7,15,11,16,Tuesday,11:16,Suspected Serious Injury,Daylight,Clear,Motor Vehicle-In-Transport On Same Roadway,None,THP District 4 - Memphis,THP,Unbelted,-,-,-,-,-,-,-,-,-,-,-,-,Fayette,Not in City Limit,3
82563,400292831,0,4,36.39704,-84.08485,1,2025-07-20 16:50:00,2025,7,20,16,50,Sunday,16:50,Suspected Serious Injury,Daylight,Clear,Embankment Earth,None,THP District 1 - Knoxville,THP,Unbelted,-,-,Drug,-,-,-,-,-,-,-,-,-,Campbell,Not in City Limit,1
82576,400293023,0,1,35.36718,-87.1576,7,2025-07-23 15:23:00,2025,7,23,15,23,Wednesday,15:23,Suspected Serious Injury,Daylight,Clear,Standing Tree,None,THP District 7 - Lawrenceburg,THP,Unbelted,-,-,-,-,-,-,-,-,-,-,-,-,Giles,Not in City Limit,4
82578,400293053,0,1,36.08568,-83.93868,1,2025-07-23 17:00:00,2025,7,23,17,0,Wednesday,17:00,Suspected Serious Injury,Daylight,Clear,Motor Vehicle-In-Transport On Same Roadway,None,THP District 1 - Knoxville,THP,Unbelted,-,-,-,-,-,-,-,-,-,-,-,-,Knox,Not in City Limit,4
82583,400293113,0,1,35.19484,-87.02384,7,2025-07-22 21:05:00,2025,7,22,21,5,Tuesday,21:05,Suspected Serious Injury,Dark-Lighted,Clear,Embankment Earth,None,PULASKI POLICE DEPT,Other,Unbelted,-,-,-,-,-,-,-,-,-,-,-,-,Giles,Pulaski,3
82585,400293125,0,2,36.21654,-86.33103,3,2025-07-23 16:51:00,2025,7,23,16,51,Wednesday,16:51,Suspected Serious Injury,Daylight,Clear,Motor Vehicle-In-Transport On Same Roadway,None,LEBANON POLICE DEPT,Other,Unbelted,-,-,-,-,-,-,-,-,-,-,-,-,Wilson,Lebanon,4
82594,400293416,0,1,35.16414,-88.62044,8,2025-07-23 20:06:00,2025,7,23,20,6,Wednesday,20:06,Suspected Serious Injury,Daylight,Clear,Standing Tree,None,THP District 8 - Jackson,THP,Unbelted,-,-,-,-,-,-,-,-,-,-,-,-,McNairy,Not in City Limit,4
82595,400293419,0,5,36.15794,-86.78429,3,2025-07-23 19:49:00,2025,7,23,19,49,Wednesday,19:49,Suspected Serious Injury,Daylight,Clear,Motor Vehicle-In-Transport On Same Roadway,None,METROPOLITAN NASHVILLE POLICE DEPT,Other,Unbelted,-,-,-,-,Speeding,-,-,-,-,-,-,-,Davidson,Nashville,4
82597,400293492,0,2,36.08115,-86.75836,3,2025-07-23 21:25:00,2025,7,23,21,25,Wednesday,21:25,Suspected Serious Injury,Dark-Lighted,Clear,Motor Vehicle-In-Transport On Same Roadway,None,METROPOLITAN NASHVILLE POLICE DEPT,Other,Unbelted,-,-,-,-,-,-,-,-,-,-,-,-,Davidson,Nashville,4
82598,400293512,0,3,35.90214,-84.15202,1,2025-07-23 21:03:00,2025,7,23,21,3,Wednesday,21:03,Suspected Serious Injury,Dark-Lighted,Clear,Motor Vehicle-In-Transport On Same Roadway,None,KNOXVILLE POLICE DEPT,Other,Unbelted,-,-,-,-,Speeding,-,-,-,-,-,-,-,Knox,Knoxville,4
82601,400293584,0,1,35.24265,-89.88789,4,2025-07-21 17:18:00,2025,7,21,17,18,Monday,17:18,Suspected Serious Injury,Daylight,Clear,Motor Vehicle-In-Transport On Same Roadway,None,THP District 4 - Memphis,THP,Unbelted,Distracted,-,-,-,-,-,-,-,-,-,-,-,Shelby,Not in City Limit,2
82609,400293808,0,4,35.5481,-85.98855,2,2025-07-24 05:15:00,2025,7,24,5,15,Thursday,05:15,Suspected Serious Injury,Dawn,Clear,Motor Vehicle-In-Transport On Same Roadway,None,THP District 2 - Chattanooga,THP,Unbelted,-,-,-,-,-,-,-,-,-,-,-,-,Coffee,Not in City Limit,5
82616,400293923,0,1,35.83929,-86.39864,3,2025-07-24 07:02:00,2025,7,24,7,2,Thursday,07:02,Suspected Serious Injury,Daylight,Clear,Motor Vehicle-In-Transport On Same Roadway,None,MURFREESBORO POLICE DEPT,Other,Unbelted,-,-,-,-,-,-,-,-,-,ATV_Involved,-,-,Rutherford,Murfreesboro,5
82617,400293936,0,2,35.49478,-84.50651,2,2025-07-24 05:30:00,2025,7,24,5,30,Thursday,05:30,Suspected Serious Injury,Dark-Not Lighted,Clear,Motor Vehicle-In-Transport On Same Roadway,None,THP District 2 - Chattanooga,THP,Unbelted,-,-,-,-,-,-,-,-,-,-,Motorcyclist,-,McMinn,Not in City Limit,5
82620,400294005,0,2,35.8055,-84.53732,1,2025-07-24 06:00:00,2025,7,24,6,0,Thursday,06:00,Suspected Serious Injury,Dark-Not Lighted,Rain,Embankment Earth,None,ROANE CO SHERIFFS DEPT,Other,Unbelted,-,-,-,-,-,-,-,-,-,-,-,-,Roane,Not in City Limit,5
82629,400294202,1,1,35.47019,-85.03525,2,2025-07-23 06:21:00,2025,7,23,6,21,Wednesday,06:21,Fatal,Dawn,Clear,Motor Vehicle-In-Transport On Same Roadway,None,DAYTON POLICE DEPT,Other,Unbelted,Distracted,-,-,-,-,-,-,-,-,-,Motorcyclist,-,Rhea,Dayton,4
82639,400294380,0,2,36.21975,-83.27828,5,2025-07-23 14:54:00,2025,7,23,14,54,Wednesday,14:54,Suspected Serious Injury,Daylight,Cloudy,Motor Vehicle-In-Transport On Same Roadway,None,MORRISTOWN POLICE DEPT,Other,Unbelted,-,-,-,-,-,-,-,-,-,-,-,-,Hamblen,Morristown,4
82660,400294862,0,2,36.54988,-87.24713,3,2025-07-24 14:11:00,2025,7,24,14,11,Thursday,14:11,Suspected Serious Injury,Daylight,Clear,Motor Vehicle-In-Transport On Same Roadway,None,THP District 3 - Nashville,THP,Unbelted,-,-,-,-,-,-,-,-,-,ATV_Involved,-,-,Montgomery,Clarksville,5
82662,400294870,0,3,35.30265,-88.95202,4,2025-07-24 14:20:00,2025,7,24,14,20,Thursday,14:20,Suspected Serious Injury,Daylight,Clear,Motor Vehicle-In-Transport On Different Roadway,None,HARDEMAN CO SHERIFFS DEPT,Other,Unbelted,-,-,-,-,Speeding,-,-,-,-,ATV_Involved,-,-,Hardeman,Not in City Limit,5
82664,400294927,0,1,35.46166,-86.57063,7,2025-07-23 17:01:00,2025,7,23,17,1,Wednesday,17:01,Suspected Serious Injury,Daylight,Clear,Motor Vehicle-In-Transport On Same Roadway,None,THP District 7 - Lawrenceburg,THP,Unbelted,-,-,-,-,-,-,-,-,-,-,Motorcyclist,-,Bedford,Not in City Limit,4
82665,400294956,0,2,36.46889,-82.97766,5,2025-07-24 14:37:00,2025,7,24,14,37,Thursday,14:37,Suspected Serious Injury,Daylight,Clear,Motor Vehicle-In-Transport On Same Roadway,None,THP District 5 - Fall Branch,THP,Unbelted,-,-,-,-,-,-,-,-,-,-,-,-,Hawkins,Not in City Limit,5
82683,400295260,1,1,35.92021,-88.75828,8,2025-07-24 16:10:00,2025,7,24,16,10,Thursday,16:10,Fatal,Daylight,Clear,Motor Vehicle-In-Transport On Same Roadway,None,MILAN POLICE DEPT,Other,Unbelted,-,-,-,-,-,-,-,-,-,-,Motorcyclist,-,Gibson,Milan,5
82695,400295454,0,1,36.34671,-83.30482,5,2025-07-24 20:30:00,2025,7,24,20,30,Thursday,20:30,Suspected Serious Injury,Daylight,Clear,Motor Vehicle-In-Transport On Same Roadway,None,BEAN STATION POLICE DEPT,Other,Unbelted,-,-,-,-,-,-,-,-,-,-,Motorcyclist,-,Grainger,Bean Station,5
82708,400295683,0,1,36.47669,-88.94072,8,2025-07-23 06:50:00,2025,7,23,6,50,Wednesday,06:50,Suspected Serious Injury,Daylight,Clear,Motor Vehicle-In-Transport On Same Roadway,None,THP District 8 - Jackson,THP,Unbelted,-,-,-,-,-,-,-,-,-,-,Motorcyclist,-,Obion,Not in City Limit,4
82709,400295688,0,1,36.17292,-86.80079,3,2025-07-24 22:45:00,2025,7,24,22,45,Thursday,22:45,Suspected Serious Injury,Dark-Lighted,Clear,Bridge Rail,None,METROPOLITAN NASHVILLE POLICE DEPT,Other,-,-,-,-,-,-,-,-,-,-,-,Motorcyclist,-,Davidson,Nashville,5
82713,400295751,0,2,36.59884,-81.74968,5,2025-07-24 21:51:00,2025,7,24,21,51,Thursday,21:51,Suspected Serious Injury,Dark-Not Lighted,Clear,"Over Turn, Roll Over",None,JOHNSON CO SHERIFFS DEPT,Other,Unbelted,-,-,-,-,-,-,-,-,-,-,-,-,Johnson,Not in City Limit,5
82715,400295766,0,3,36.1622,-86.79337,3,2025-07-24 23:20:00,2025,7,24,23,20,Thursday,23:20,Suspected Serious Injury,Dark-Lighted,Clear,Motor Vehicle-In-Transport On Same Roadway,None,METROPOLITAN NASHVILLE POLICE DEPT,Other,Unbelted,-,-,-,-,-,-,-,-,-,-,-,-,Davidson,Nashville,5
82717,400295778,0,1,36.06246,-87.37687,3,2025-07-24 22:34:00,2025,7,24,22,34,Thursday,22:34,Suspected Serious Injury,Dark-Lighted,Clear,Motor Vehicle-In-Transport On Same Roadway,None,DICKSON POLICE DEPT,Other,Unbelted,-,-,-,-,-,-,-,-,-,-,-,-,Dickson,Dickson,5
82719,400295852,0,1,35.95432,-84.00915,1,2025-07-25 03:37:00,2025,7,25,3,37,Friday,03:37,Suspected Serious Injury,Dark-Lighted,Clear,Pedal-Cycle,None,KNOXVILLE POLICE DEPT,Other,Unbelted,-,-,-,-,-,Pedalcyclist,-,-,-,-,-,-,Knox,Knoxville,6
82722,400295891,0,1,35.11935,-88.17386,8,2025-07-24 12:24:00,2025,7,24,12,24,Thursday,12:24,Suspected Serious Injury,Daylight,Clear,"Over Turn, Roll Over",None,THP District 8 - Jackson,THP,Unbelted,Distracted,-,-,-,-,-,-,-,-,-,-,-,Hardin,Not in City Limit,5
82723,400295895,0,2,36.02469,-86.58628,3,2025-07-24 10:22:00,2025,7,24,10,22,Thursday,10:22,Suspected Serious Injury,Daylight,Clear,Motor Vehicle-In-Transport On Same Roadway,None,LAVERGNE POLICE DEPT,Other,Unbelted,-,-,-,-,-,-,-,-,-,ATV_Involved,-,-,Rutherford,Lavergne,5
82726,400295919,1,0,36.56695,-83.05983,5,2025-07-22 19:06:00,2025,7,22,19,6,Tuesday,19:06,Fatal,Daylight,Clear,"Over Turn, Roll Over",None,THP District 5 - Fall Branch,THP,Unbelted,-,Drinking,-,-,-,-,-,-,-,-,-,-,Hancock,Not in City Limit,3