OBJECTID,MRN,Fatality,Injury,Latitude,Longitude,THP_District,Collision_Date,Collision_Year,Collision_Month,Collision_Day,Collision_Hour,Collision_Min,Collision_DOW,Collision_Time,Crash_Type,Light_Condition,Weather,First_Harmfu_Event,Work_Zone_Type,Agency_Name,THP,Unbelted,Distracted_Driver,Driver_Drinking,Driver_Drugged,Drowsy_Driver,Speeding_Involved,Pedalcyclist,Pedestrian,Other_Nonmotorist,ATV_Involved,LargeTruck_Involved,Motorcycle_Involved,SchoolBus,County,City,DOW_Nmb
82727,400295922,0,3,36.08974,-86.62373,3,2025-07-13 00:00:00,2025,7,13,24,0,Sunday,24:00,Suspected Serious Injury,Daylight,Clear,Motor Vehicle-In-Transport On Same Roadway,None,METROPOLITAN NASHVILLE POLICE DEPT,Other,Unbelted,-,Drinking,-,-,-,-,-,-,-,-,-,-,Davidson,Nashville,1
82734,400296055,0,1,35.2545,-85.11961,2,2025-07-24 22:05:00,2025,7,24,22,5,Thursday,22:05,Suspected Serious Injury,Dark-Not Lighted,Clear,Embankment Earth,None,HAMILTON COUNTY SHERIFF'S OFFICE,Other,Unbelted,-,-,-,-,-,-,-,-,-,-,-,-,Hamilton,Not in City Limit,5
82737,400296158,0,2,35.91096,-83.38992,1,2025-07-22 11:59:00,2025,7,22,11,59,Tuesday,11:59,Suspected Serious Injury,Daylight,Clear,Motor Vehicle-In-Transport On Same Roadway,None,THP District 1 - Knoxville,THP,Unbelted,-,-,-,-,-,-,-,-,-,-,-,-,Sevier,Not in City Limit,3
82740,400296258,1,0,35.50096,-88.3787,8,2025-07-22 13:00:00,2025,7,22,13,0,Tuesday,13:00,Fatal,Daylight,Clear,Ditch,None,THP District 8 - Jackson,THP,Unbelted,-,-,-,-,-,-,-,-,-,-,-,-,Henderson,Not in City Limit,3
82743,400296349,0,1,36.16958,-83.21579,5,2025-07-25 12:05:00,2025,7,25,12,5,Friday,12:05,Suspected Serious Injury,Daylight,Cloudy,Motor Vehicle-In-Transport On Same Roadway,None,THP District 5 - Fall Branch,THP,Unbelted,-,-,-,-,-,-,-,-,-,ATV_Involved,-,-,Hamblen,Not in City Limit,6
82744,400296360,0,1,36.29245,-88.99596,8,2025-07-25 00:00:00,2025,7,25,24,0,Friday,24:00,Suspected Serious Injury,Daylight,Clear,Pedestrian,Construction Zone,THP District 8 - Jackson,THP,-,Distracted,-,-,-,-,-,Pedestrian,-,-,-,-,-,Obion,Not in City Limit,6
82755,400296756,0,1,36.53862,-81.98524,5,2025-07-25 15:32:00,2025,7,25,15,32,Friday,15:32,Suspected Serious Injury,Daylight,Clear,"Over Turn, Roll Over",None,THP District 5 - Fall Branch,THP,-,-,-,-,-,-,-,-,-,-,-,Motorcyclist,-,Sullivan,Bristol,6
82759,400296824,0,1,36.17461,-86.51308,3,2025-07-25 15:03:00,2025,7,25,15,3,Friday,15:03,Suspected Serious Injury,Daylight,Clear,Motor Vehicle-In-Transport On Same Roadway,None,MOUNT JULIET POLICE DEPT,Other,Unbelted,-,-,-,-,-,-,-,-,-,-,Motorcyclist,-,Wilson,Mount Juliet,6
82776,400297122,0,1,35.67893,-88.4791,8,2025-07-25 15:02:00,2025,7,25,15,2,Friday,15:02,Suspected Serious Injury,Daylight,Clear,Motor Vehicle-In-Transport On Same Roadway,None,THP District 8 - Jackson,THP,Unbelted,-,-,-,-,-,-,-,-,-,-,-,-,Henderson,Not in City Limit,6
82779,400297222,0,2,36.46455,-87.15206,3,2025-07-25 19:26:00,2025,7,25,19,26,Friday,19:26,Suspected Serious Injury,Dusk,Clear,Motor Vehicle-In-Transport On Same Roadway,None,THP District 3 - Nashville,THP,Unbelted,-,-,-,-,-,-,-,-,-,-,-,-,Montgomery,Not in City Limit,6
82781,400297240,0,3,36.3668,-89.14884,8,2025-07-25 17:53:00,2025,7,25,17,53,Friday,17:53,Suspected Serious Injury,Daylight,Clear,Ditch,None,THP District 8 - Jackson,THP,Unbelted,-,-,-,-,-,-,-,-,-,-,-,-,Obion,Not in City Limit,6
82785,400297291,0,1,35.30649,-84.69949,2,2025-07-20 21:07:00,2025,7,20,21,7,Sunday,21:07,Suspected Serious Injury,Dark-Not Lighted,Clear,Motor Vehicle-In-Transport On Same Roadway,None,THP District 2 - Chattanooga,THP,Unbelted,-,-,Drug,-,-,-,-,-,-,-,Motorcyclist,-,McMinn,Not in City Limit,1
82789,400297344,0,3,36.56514,-82.56509,5,2025-07-25 18:30:00,2025,7,25,18,30,Friday,18:30,Suspected Serious Injury,Daylight,Clear,Motor Vehicle-In-Transport On Same Roadway,None,THP District 5 - Fall Branch,THP,Unbelted,-,-,-,-,-,-,-,-,-,-,-,-,Sullivan,Kingsport,6
82794,400297417,0,2,35.48848,-86.62969,7,2025-07-24 16:01:00,2025,7,24,16,1,Thursday,16:01,Suspected Serious Injury,Daylight,Clear,Motor Vehicle-In-Transport On Same Roadway,None,THP District 7 - Lawrenceburg,THP,Unbelted,-,-,-,-,-,-,-,-,-,-,-,-,Bedford,Not in City Limit,5
82795,400297425,1,0,36.3659,-84.03633,1,2025-07-25 17:23:00,2025,7,25,17,23,Friday,17:23,Fatal,Daylight,Clear,Standing Tree,None,THP District 1 - Knoxville,THP,Unbelted,-,Drinking,-,-,-,-,-,-,-,-,-,-,Campbell,Not in City Limit,6
82796,400297429,0,1,35.87702,-83.8949,1,2025-07-25 18:55:00,2025,7,25,18,55,Friday,18:55,Suspected Serious Injury,Daylight,Clear,Other Non-Collision,None,KNOX CO SHERIFFS OFFICE,Other,-,-,-,-,-,-,-,-,-,-,-,Motorcyclist,-,Knox,Not in City Limit,6
82799,400297489,0,2,35.41923,-85.36076,2,2025-07-25 18:58:00,2025,7,25,18,58,Friday,18:58,Suspected Serious Injury,Daylight,Cloudy,Motor Vehicle-In-Transport On Same Roadway,None,THP District 2 - Chattanooga,THP,Unbelted,-,-,-,-,-,-,-,-,-,-,-,-,Sequatchie,Not in City Limit,6
82801,400297535,0,2,36.18888,-86.8231,3,2025-07-25 21:43:00,2025,7,25,21,43,Friday,21:43,Suspected Serious Injury,Dark-Lighted,Clear,Motor Vehicle-In-Transport On Same Roadway,None,METROPOLITAN NASHVILLE POLICE DEPT,Other,Unbelted,-,-,-,-,-,-,-,-,-,-,-,-,Davidson,Nashville,6
82803,400297555,1,1,35.79159,-85.15505,6,2025-07-25 18:07:00,2025,7,25,18,7,Friday,18:07,Fatal,Daylight,Clear,Motor Vehicle-In-Transport On Same Roadway,None,THP District 6 - Cookeville,THP,Unbelted,-,-,Drug,-,-,-,-,-,-,-,-,-,Cumberland,Not in City Limit,6
82806,400297620,0,1,35.14509,-86.0464,2,2025-07-25 22:15:00,2025,7,25,22,15,Friday,22:15,Suspected Serious Injury,Dark-Not Lighted,Clear,Standing Tree,None,THP District 2 - Chattanooga,THP,-,-,-,-,-,-,-,-,-,-,-,Motorcyclist,-,Franklin,Not in City Limit,6
82812,400297791,0,1,36.032,-83.93756,1,2025-07-25 23:20:00,2025,7,25,23,20,Friday,23:20,Suspected Serious Injury,Dark-Lighted,Clear,Motor Vehicle-In-Transport On Same Roadway,None,KNOXVILLE POLICE DEPT,Other,Unbelted,-,-,-,-,-,-,-,-,-,-,-,-,Knox,Knoxville,6
82815,400297817,0,2,36.16088,-88.30706,8,2025-07-26 02:50:00,2025,7,26,2,50,Saturday,02:50,Suspected Serious Injury,Dark-Not Lighted,Clear,"Over Turn, Roll Over",None,THP District 8 - Jackson,THP,Unbelted,-,-,-,-,-,-,-,-,-,-,-,-,Henry,Not in City Limit,7
82816,400297821,0,2,36.48663,-82.32829,5,2025-07-26 02:28:00,2025,7,26,2,28,Saturday,02:28,Suspected Serious Injury,Dark-Not Lighted,Clear,"Over Turn, Roll Over",None,SULLIVAN CO SHERIFFS DEPT,Other,-,-,Drinking,-,-,Speeding,-,-,-,-,-,-,-,Sullivan,Not in City Limit,7
82817,400297840,0,1,35.9998,-83.92524,1,2025-07-25 22:05:00,2025,7,25,22,5,Friday,22:05,Suspected Serious Injury,Dark-Lighted,Clear,Motor Vehicle-In-Transport On Same Roadway,None,KNOXVILLE POLICE DEPT,Other,-,-,-,-,-,-,-,-,-,-,-,Motorcyclist,-,Knox,Knoxville,6
82833,400298103,1,1,36.44018,-82.64212,5,2025-07-26 08:28:00,2025,7,26,8,28,Saturday,08:28,Fatal,Daylight,Clear,Non-Motorist Personal Conveyance,None,SULLIVAN CO SHERIFFS DEPT,Other,Unbelted,-,-,-,-,-,Pedalcyclist,-,-,-,-,-,-,Sullivan,Not in City Limit,7
82843,400298169,0,1,36.18777,-82.96007,5,2025-07-26 11:54:00,2025,7,26,11,54,Saturday,11:54,Suspected Serious Injury,Daylight,Clear,Motor Vehicle-In-Transport On Same Roadway,None,THP District 5 - Fall Branch,THP,Unbelted,-,-,-,-,-,-,-,-,-,ATV_Involved,-,-,Greene,Mosheim,7
82853,400298314,0,1,36.00139,-86.97651,3,2025-07-26 13:15:00,2025,7,26,13,15,Saturday,13:15,Suspected Serious Injury,Daylight,Clear,Ditch,None,WILLIAMSON CO SHERIFFS OFFICE,Other,-,-,-,-,-,Speeding,-,-,-,-,-,Motorcyclist,-,Williamson,Not in City Limit,7
82859,400298410,0,2,36.04122,-86.3892,3,2025-07-26 12:15:00,2025,7,26,12,15,Saturday,12:15,Suspected Serious Injury,Daylight,Clear,Motor Vehicle-In-Transport On Same Roadway,None,THP District 3 - Nashville,THP,Unbelted,-,-,-,-,-,-,-,-,-,-,-,-,Wilson,Not in City Limit,7
82873,400298692,0,1,36.07851,-88.11154,8,2025-07-25 21:48:00,2025,7,25,21,48,Friday,21:48,Suspected Serious Injury,Dark-Lighted,Clear,Highway Traffic Sign Post,None,THP District 8 - Jackson,THP,Unbelted,-,-,-,-,-,-,-,-,-,-,-,-,Benton,Camden,6
82879,400298838,0,2,35.40769,-88.30012,8,2025-07-24 18:45:00,2025,7,24,18,45,Thursday,18:45,Suspected Serious Injury,Daylight,Clear,Parked Motor Vehicle,None,THP District 8 - Jackson,THP,Unbelted,-,-,-,-,-,-,-,-,-,-,-,-,Hardin,Not in City Limit,5
82881,400298884,1,1,35.99518,-85.08911,6,2025-07-26 15:42:00,2025,7,26,15,42,Saturday,15:42,Fatal,Daylight,Cloudy,Motor Vehicle-In-Transport On Same Roadway,None,THP District 6 - Cookeville,THP,Unbelted,-,-,-,-,-,-,-,-,-,-,-,-,Cumberland,Not in City Limit,7
82883,400298911,0,2,35.586,-89.242,4,2025-07-26 15:45:00,2025,7,26,15,45,Saturday,15:45,Suspected Serious Injury,Daylight,Clear,Motor Vehicle-In-Transport On Same Roadway,None,THP District 4 - Memphis,THP,Unbelted,-,-,-,-,-,-,-,-,-,-,-,-,Haywood,Brownsville,7
82885,400298943,0,1,35.62017,-87.92227,7,2025-07-21 14:36:00,2025,7,21,14,36,Monday,14:36,Suspected Serious Injury,Daylight,Clear,Utility Pole,None,THP District 7 - Lawrenceburg,THP,Unbelted,-,-,-,-,-,-,-,-,-,-,-,-,Perry,Not in City Limit,2
82889,400299035,0,1,35.90932,-84.58487,1,2025-07-24 03:56:00,2025,7,24,3,56,Thursday,03:56,Suspected Serious Injury,Dark-Not Lighted,Clear,Embankment Earth,None,THP District 1 - Knoxville,THP,-,-,-,-,Drowsy,-,-,-,-,-,-,-,-,Roane,Harriman,5
82893,400299079,0,1,36.38806,-83.01369,5,2025-07-26 18:53:00,2025,7,26,18,53,Saturday,18:53,Suspected Serious Injury,Daylight,Clear,Motor Vehicle-In-Transport On Same Roadway,None,THP District 5 - Fall Branch,THP,Unbelted,-,-,-,-,-,-,-,-,-,ATV_Involved,-,-,Hawkins,Not in City Limit,7
82897,400299131,0,1,35.92407,-83.92028,1,2025-07-26 22:21:00,2025,7,26,22,21,Saturday,22:21,Suspected Serious Injury,Dark-Lighted,Clear,Utility Pole,None,KNOXVILLE POLICE DEPT,Other,Unbelted,-,-,-,-,-,-,-,-,-,-,-,-,Knox,Knoxville,7
82910,400299317,0,1,35.5518,-88.85063,8,2025-07-26 21:09:00,2025,7,26,21,9,Saturday,21:09,Suspected Serious Injury,Dark-Not Lighted,Clear,Motor Vehicle-In-Transport On Same Roadway,None,MADISON CO SHERIFFS DEPT,Other,Unbelted,-,-,-,-,-,-,-,-,-,-,-,-,Madison,Not in City Limit,7
82912,400299358,0,1,36.02665,-87.17966,3,2025-07-27 03:20:00,2025,7,27,3,20,Sunday,03:20,Suspected Serious Injury,Dark-Not Lighted,Clear,Ditch,None,THP District 3 - Nashville,THP,Unbelted,-,Drinking,Drug,-,-,-,-,-,-,-,-,-,Williamson,Fairview,1
82922,400299555,0,1,36.34499,-86.54937,3,2025-07-26 19:00:00,2025,7,26,19,0,Saturday,19:00,Suspected Serious Injury,Dusk,Clear,Cable Barrier,None,HENDERSONVILLE POLICE DEPT,Other,-,-,-,-,-,-,-,-,-,-,-,Motorcyclist,-,Sumner,Hendersonville,7
82929,400299698,0,2,36.3055,-86.6524,3,2025-07-26 13:33:00,2025,7,26,13,33,Saturday,13:33,Suspected Serious Injury,Daylight,Clear,Motor Vehicle-In-Transport On Same Roadway,None,HENDERSONVILLE POLICE DEPT,Other,Unbelted,-,Drinking,Drug,-,-,-,-,-,-,-,-,-,Sumner,Hendersonville,7
82934,400299839,0,4,35.87557,-84.66974,1,2025-07-27 12:52:00,2025,7,27,12,52,Sunday,12:52,Suspected Serious Injury,Daylight,Clear,Motor Vehicle-In-Transport On Same Roadway,None,ROCKWOOD POLICE DEPT,Other,Unbelted,-,-,-,-,-,-,-,-,-,-,-,-,Roane,Rockwood,1
82947,400300085,0,1,35.90937,-85.87405,6,2025-07-27 14:18:00,2025,7,27,14,18,Sunday,14:18,Suspected Serious Injury,Daylight,Clear,Motor Vehicle-In-Transport On Same Roadway,None,THP District 6 - Cookeville,THP,Unbelted,-,-,-,-,-,-,-,-,-,-,-,-,DeKalb,Not in City Limit,1
82968,400300486,0,1,35.8723,-86.35912,3,2025-07-27 18:29:00,2025,7,27,18,29,Sunday,18:29,Suspected Serious Injury,Daylight,Clear,Motor Vehicle-In-Transport On Same Roadway,None,MURFREESBORO POLICE DEPT,Other,Unbelted,-,-,-,Drowsy,-,-,-,-,-,-,-,-,Rutherford,Murfreesboro,1
82973,400300550,0,1,35.49893,-86.45779,7,2025-07-27 17:53:00,2025,7,27,17,53,Sunday,17:53,Suspected Serious Injury,Daylight,Clear,Pedal-Cycle,None,SHELBYVILLE POLICE DEPT,Other,Unbelted,-,-,-,-,-,Pedalcyclist,-,-,-,-,-,-,Bedford,Shelbyville,1
82976,400300640,0,3,36.17731,-87.34181,3,2025-07-27 15:12:00,2025,7,27,15,12,Sunday,15:12,Suspected Serious Injury,Daylight,Clear,Motor Vehicle-In-Transport On Same Roadway,None,THP District 3 - Nashville,THP,Unbelted,-,-,-,-,Speeding,-,-,-,-,-,-,-,Dickson,Charlotte,1
82979,400300671,0,1,36.07201,-86.74155,3,2025-07-27 00:00:00,2025,7,27,24,0,Sunday,24:00,Suspected Serious Injury,Dark-Not Lighted,Clear,Ditch,None,METROPOLITAN NASHVILLE POLICE DEPT,Other,Unbelted,-,-,-,-,Speeding,-,-,-,-,-,-,-,Davidson,Nashville,1
82984,400300755,0,1,36.16848,-86.78831,3,2025-07-27 00:00:00,2025,7,27,24,0,Sunday,24:00,Suspected Serious Injury,Dark-Lighted,Clear,Pedestrian,None,METROPOLITAN NASHVILLE POLICE DEPT,Other,-,-,-,-,-,-,-,Pedestrian,-,-,-,-,-,Davidson,Nashville,1
82986,400300814,1,0,36.24344,-86.72286,3,2025-07-27 01:55:00,2025,7,27,1,55,Sunday,01:55,Fatal,Dark-Lighted,Clear,Pedestrian,None,METROPOLITAN NASHVILLE POLICE DEPT,Other,Unbelted,-,-,-,-,-,-,Pedestrian,-,-,-,-,-,Davidson,Nashville,1
83006,400301424,0,1,35.8349,-86.65944,3,2025-07-27 18:40:00,2025,7,27,18,40,Sunday,18:40,Suspected Serious Injury,Daylight,Clear,Ditch,None,THP District 3 - Nashville,THP,Unbelted,-,Drinking,-,-,-,-,-,-,-,-,-,-,Williamson,Not in City Limit,1
83009,400301491,0,1,36.32052,-82.81811,5,2025-07-28 14:35:00,2025,7,28,14,35,Monday,14:35,Suspected Serious Injury,Daylight,Rain,Ditch,None,THP District 5 - Fall Branch,THP,Unbelted,-,-,-,-,Speeding,-,-,-,-,-,-,-,Greene,Not in City Limit,2
83011,400301531,0,2,36.10471,-84.02283,1,2025-07-28 10:08:00,2025,7,28,10,8,Monday,10:08,Suspected Serious Injury,Daylight,Cloudy,Concrete Traffic Barrier,None,THP District 1 - Knoxville,THP,Unbelted,-,-,-,-,Speeding,-,-,-,-,-,-,-,Knox,Not in City Limit,2
83012,400301550,0,1,35.57267,-86.9219,7,2025-07-28 11:01:00,2025,7,28,11,1,Monday,11:01,Suspected Serious Injury,Daylight,Clear,Bridge/Parapet End,None,THP District 7 - Lawrenceburg,THP,Unbelted,-,-,-,-,-,-,-,-,-,-,-,-,Maury,Not in City Limit,2
83016,400301580,0,4,35.97902,-86.56392,3,2025-07-28 12:48:00,2025,7,28,12,48,Monday,12:48,Suspected Serious Injury,Daylight,Clear,Motor Vehicle-In-Transport On Same Roadway,None,SMYRNA POLICE DEPT,Other,Unbelted,-,-,-,-,-,-,-,-,-,-,-,-,Rutherford,Smyrna,2
83033,400301874,0,3,35.22169,-85.22177,2,2025-07-28 17:20:00,2025,7,28,17,20,Monday,17:20,Suspected Serious Injury,Daylight,Clear,Motor Vehicle-In-Transport On Same Roadway,None,SODDY DAISY POLICE DEPT,Other,Unbelted,Distracted,-,-,-,-,-,-,-,-,-,-,-,Hamilton,Soddy-Daisy,2
83048,400302094,0,2,35.27756,-89.54526,4,2025-07-28 17:59:00,2025,7,28,17,59,Monday,17:59,Suspected Serious Injury,Daylight,Clear,Motor Vehicle-In-Transport On Same Roadway,None,THP District 4 - Memphis,THP,Unbelted,-,-,-,-,-,-,-,-,-,-,-,-,Fayette,Not in City Limit,2
83053,400302210,1,0,36.16339,-86.78777,3,2025-07-28 17:45:00,2025,7,28,17,45,Monday,17:45,Fatal,Daylight,Clear,Pedestrian,None,METROPOLITAN NASHVILLE POLICE DEPT,Other,Unbelted,-,-,-,-,-,-,Pedestrian,-,-,-,-,-,Davidson,Nashville,2
83059,400302345,0,1,35.78409,-83.55225,1,2025-07-27 18:58:00,2025,7,27,18,58,Sunday,18:58,Suspected Serious Injury,Daylight,Clear,Motor Vehicle-In-Transport On Same Roadway,None,PIGEON FORGE POLICE DEPT,Other,Unbelted,Distracted,-,-,-,-,-,-,-,-,-,-,-,Sevier,Pigeon Forge,1
83065,400302489,0,1,35.93651,-86.6409,3,2025-07-28 23:42:00,2025,7,28,23,42,Monday,23:42,Suspected Serious Injury,Dark-Not Lighted,Clear,Standing Tree,None,NOLENSVILLE POLICE DEPT,Other,Unbelted,Distracted,-,-,Drowsy,-,-,-,-,-,-,-,-,Williamson,Nolensville,2
83066,400302508,0,1,36.03484,-88.19999,8,2025-07-28 22:21:00,2025,7,28,22,21,Monday,22:21,Suspected Serious Injury,Dark-Not Lighted,Clear,"Over Turn, Roll Over",None,THP District 8 - Jackson,THP,-,-,-,-,-,-,-,-,-,-,-,Motorcyclist,-,Benton,Not in City Limit,2
83070,400302661,0,4,35.93035,-83.19219,5,2025-07-28 12:37:00,2025,7,28,12,37,Monday,12:37,Suspected Serious Injury,Daylight,Clear,Ditch,None,THP District 5 - Fall Branch,THP,Unbelted,-,-,-,-,-,-,-,-,-,-,-,-,Cocke,Not in City Limit,2
83077,400302791,0,1,36.41054,-85.44163,6,2025-07-28 09:33:00,2025,7,28,9,33,Monday,09:33,Suspected Serious Injury,Daylight,Clear,Ditch,None,THP District 6 - Cookeville,THP,Unbelted,-,-,-,-,-,-,-,-,-,-,-,-,Overton,Not in City Limit,2
83080,400302881,0,2,35.98519,-86.50224,3,2025-07-27 13:15:00,2025,7,27,13,15,Sunday,13:15,Suspected Serious Injury,Daylight,Clear,Motor Vehicle-In-Transport On Same Roadway,None,SMYRNA POLICE DEPT,Other,Unbelted,-,Drinking,Drug,-,-,-,-,-,-,-,-,-,Rutherford,Smyrna,1
83084,400303091,0,3,35.98724,-83.89358,1,2025-07-29 06:41:00,2025,7,29,6,41,Tuesday,06:41,Suspected Serious Injury,Daylight,Clear,Motor Vehicle-In-Transport On Same Roadway,None,KNOXVILLE POLICE DEPT,Other,Unbelted,-,-,-,-,-,-,-,-,-,-,-,-,Knox,Knoxville,3
83085,400303103,0,1,35.50514,-87.20549,7,2025-07-29 09:19:00,2025,7,29,9,19,Tuesday,09:19,Suspected Serious Injury,Daylight,Clear,Motor Vehicle-In-Transport On Same Roadway,None,THP District 7 - Lawrenceburg,THP,Unbelted,-,-,-,-,-,-,-,-,-,-,Motorcyclist,-,Maury,Not in City Limit,3
83091,400303187,0,3,36.39632,-88.46295,8,2025-07-28 11:08:00,2025,7,28,11,8,Monday,11:08,Suspected Serious Injury,Daylight,Clear,Motor Vehicle-In-Transport On Same Roadway,None,THP District 8 - Jackson,THP,Unbelted,-,-,-,-,Speeding,-,-,-,-,-,-,-,Henry,Not in City Limit,2
83101,400303424,0,1,36.19261,-83.36012,5,2025-07-29 13:28:00,2025,7,29,13,28,Tuesday,13:28,Suspected Serious Injury,Daylight,Clear,Motor Vehicle-In-Transport On Same Roadway,None,MORRISTOWN POLICE DEPT,Other,Unbelted,-,-,-,-,-,-,-,-,-,-,Motorcyclist,-,Hamblen,Morristown,3
83103,400303467,0,3,35.16118,-84.80605,2,2025-07-29 13:05:00,2025,7,29,13,5,Tuesday,13:05,Suspected Serious Injury,Daylight,Clear,Motor Vehicle-In-Transport On Same Roadway,None,THP District 2 - Chattanooga,THP,Unbelted,Distracted,-,-,-,-,-,-,-,-,-,-,-,Bradley,Not in City Limit,3
83104,400303481,0,4,36.28374,-83.15415,5,2025-07-28 18:41:00,2025,7,28,18,41,Monday,18:41,Suspected Serious Injury,Daylight,Clear,Motor Vehicle-In-Transport On Same Roadway,None,THP District 5 - Fall Branch,THP,Unbelted,-,-,-,-,-,-,-,-,-,-,-,-,Hamblen,Not in City Limit,2
83116,400303744,1,1,36.09756,-85.23627,6,2025-07-29 13:15:00,2025,7,29,13,15,Tuesday,13:15,Fatal,Daylight,Clear,Motor Vehicle-In-Transport On Same Roadway,None,THP District 6 - Cookeville,THP,Unbelted,-,-,Drug,-,-,-,-,-,-,ATV_Involved,-,-,Cumberland,Not in City Limit,3
83122,400303959,0,1,35.87296,-88.18401,8,2025-07-29 15:56:00,2025,7,29,15,56,Tuesday,15:56,Suspected Serious Injury,Daylight,Clear,Deer,None,THP District 8 - Jackson,THP,-,-,-,-,-,-,-,-,-,-,-,Motorcyclist,-,Benton,Not in City Limit,3
83128,400304060,0,1,35.83981,-89.43025,4,2025-07-28 20:25:00,2025,7,28,20,25,Monday,20:25,Suspected Serious Injury,Dark-Lighted,Clear,"Over Turn, Roll Over",None,THP District 4 - Memphis,THP,-,-,-,-,-,-,-,-,-,-,-,Motorcyclist,-,Lauderdale,Not in City Limit,2
83151,400304425,0,2,36.04133,-89.35995,8,2025-07-29 21:19:00,2025,7,29,21,19,Tuesday,21:19,Suspected Serious Injury,Dark-Lighted,Clear,Motor Vehicle-In-Transport On Same Roadway,None,DYERSBURG POLICE DEPT,Other,Unbelted,-,Drinking,-,-,-,-,-,-,-,-,-,-,Dyer,Dyersburg,3
83152,400304451,0,1,36.37284,-85.46521,6,2025-07-29 00:00:00,2025,7,29,24,0,Tuesday,24:00,Suspected Serious Injury,Dark-Not Lighted,Clear,Standing Tree,None,OVERTON CO SHERIFFS DEPT,Other,Unbelted,-,-,-,Drowsy,-,-,-,-,-,-,-,-,Overton,Not in City Limit,3
83153,400304467,0,1,35.95752,-85.05285,6,2025-07-30 00:22:00,2025,7,30,0,22,Wednesday,00:22,Suspected Serious Injury,Dark-Lighted,Clear,Ditch,None,CROSSVILLE POLICE DEPT,Other,Unbelted,-,-,-,-,-,-,-,-,-,-,-,-,Cumberland,Crossville,4
83157,400304518,0,1,36.1089,-86.25124,3,2025-07-29 06:57:00,2025,7,29,6,57,Tuesday,06:57,Suspected Serious Injury,Daylight,Clear,Standing Tree,None,THP District 3 - Nashville,THP,Unbelted,-,-,-,-,-,-,-,-,-,-,-,-,Wilson,Not in City Limit,3
83159,400304556,0,1,36.08424,-86.94398,3,2025-07-30 07:04:00,2025,7,30,7,4,Wednesday,07:04,Suspected Serious Injury,Daylight,Clear,Motor Vehicle-In-Transport On Same Roadway,None,METROPOLITAN NASHVILLE POLICE DEPT,Other,Unbelted,-,-,-,-,-,-,-,-,-,-,-,-,Davidson,Nashville,4
83162,400304646,0,1,35.74886,-85.64899,6,2025-07-29 13:05:00,2025,7,29,13,5,Tuesday,13:05,Suspected Serious Injury,Daylight,Clear,Culvert,None,THP District 6 - Cookeville,THP,Unbelted,-,-,-,-,Speeding,-,-,-,-,-,-,-,Warren,Not in City Limit,3
83172,400304888,0,2,35.02383,-89.73358,4,2025-07-29 13:18:00,2025,7,29,13,18,Tuesday,13:18,Suspected Serious Injury,Daylight,Clear,Motor Vehicle-In-Transport On Same Roadway,None,COLLIERVILLE POLICE DEPT,Other,Unbelted,-,-,-,-,-,-,-,-,-,-,-,-,Shelby,Collierville,3
83177,400304985,0,1,35.27933,-85.89173,2,2025-07-30 08:43:00,2025,7,30,8,43,Wednesday,08:43,Suspected Serious Injury,Daylight,Clear,Guard Rail End,None,THP District 2 - Chattanooga,THP,Unbelted,-,-,-,-,-,-,-,-,-,-,-,-,Grundy,Not in City Limit,4
83191,400305259,0,1,35.32169,-88.95119,4,2025-07-30 12:08:00,2025,7,30,12,8,Wednesday,12:08,Suspected Serious Injury,Daylight,Clear,Deer,None,HARDEMAN CO SHERIFFS DEPT,Other,Unbelted,-,-,-,-,-,-,-,-,-,-,-,-,Hardeman,Not in City Limit,4
83195,400305315,0,1,35.84051,-89.42919,4,2025-07-28 20:25:00,2025,7,28,20,25,Monday,20:25,Suspected Serious Injury,Dark-Lighted,Clear,Deer,None,THP District 4 - Memphis,THP,-,-,-,-,-,-,-,-,-,-,-,Motorcyclist,-,Lauderdale,Not in City Limit,2
83200,400305360,1,0,35.87161,-84.44443,1,2025-07-30 13:36:00,2025,7,30,13,36,Wednesday,13:36,Fatal,Daylight,Clear,Guard Rail Face,None,THP District 1 - Knoxville,THP,Unbelted,-,-,Drug,-,-,-,-,-,-,ATV_Involved,-,-,Roane,Not in City Limit,4
83205,400305516,0,1,35.59718,-87.03781,7,2025-07-30 11:28:00,2025,7,30,11,28,Wednesday,11:28,Suspected Serious Injury,Daylight,Clear,Motor Vehicle-In-Transport On Same Roadway,None,COLUMBIA POLICE DEPT,Other,Unbelted,-,-,-,-,-,-,-,-,-,-,Motorcyclist,-,Maury,Columbia,4
83209,400305543,0,1,35.67398,-88.81202,8,2025-07-30 16:13:00,2025,7,30,16,13,Wednesday,16:13,Suspected Serious Injury,Daylight,Clear,Culvert,None,THP District 8 - Jackson,THP,Unbelted,-,-,-,-,-,-,-,-,-,-,-,-,Madison,Jackson,4