OBJECTID,MRN,Fatality,Injury,Latitude,Longitude,THP_District,Collision_Date,Collision_Year,Collision_Month,Collision_Day,Collision_Hour,Collision_Min,Collision_DOW,Collision_Time,Crash_Type,Light_Condition,Weather,First_Harmfu_Event,Work_Zone_Type,Agency_Name,THP,Unbelted,Distracted_Driver,Driver_Drinking,Driver_Drugged,Drowsy_Driver,Speeding_Involved,Pedalcyclist,Pedestrian,Other_Nonmotorist,ATV_Involved,LargeTruck_Involved,Motorcycle_Involved,SchoolBus,County,City,DOW_Nmb
83210,400305567,0,1,35.01099,-88.22545,8,2025-07-28 17:18:00,2025,7,28,17,18,Monday,17:18,Suspected Serious Injury,Daylight,Clear,Standing Tree,None,THP District 8 - Jackson,THP,Unbelted,-,Drinking,Drug,-,Speeding,-,-,-,-,-,-,-,Hardin,Not in City Limit,2
83220,400305665,0,2,36.10621,-87.62891,3,2025-07-27 19:47:00,2025,7,27,19,47,Sunday,19:47,Suspected Serious Injury,Daylight,Clear,Motor Vehicle-In-Transport On Same Roadway,None,MCEWEN POLICE DEPT,Other,Unbelted,-,-,-,-,-,-,-,-,-,-,-,-,Humphreys,McEwen,1
83227,400305773,0,1,36.17353,-82.10084,5,2025-07-29 23:45:00,2025,7,29,23,45,Tuesday,23:45,Suspected Serious Injury,Dark-Not Lighted,Clear,Embankment Earth,None,CARTER CO SHERIFFS DEPT,Other,Unbelted,-,-,-,-,-,-,-,-,-,-,-,-,Carter,Not in City Limit,3
83240,400306050,1,0,35.1351,-84.84635,2,2025-07-30 14:37:00,2025,7,30,14,37,Wednesday,14:37,Fatal,Daylight,Clear,Motor Vehicle-In-Transport On Same Roadway,None,THP District 2 - Chattanooga,THP,Unbelted,-,-,-,-,-,-,-,-,-,ATV_Involved,Motorcyclist,-,Bradley,Not in City Limit,4
83242,400306070,0,1,35.76164,-83.97746,1,2025-07-30 20:19:00,2025,7,30,20,19,Wednesday,20:19,Suspected Serious Injury,Dusk,Clear,Curb,None,ALCOA POLICE DEPARTMENT,Other,Unbelted,-,-,-,-,-,-,-,-,-,-,-,-,Blount,Alcoa,4
83243,400306100,0,3,36.10168,-83.48272,5,2025-07-30 17:14:00,2025,7,30,17,14,Wednesday,17:14,Suspected Serious Injury,Daylight,Rain,Motor Vehicle-In-Transport On Same Roadway,None,JEFFERSON CITY POLICE DEPT,Other,Unbelted,-,-,-,-,Speeding,-,-,-,-,-,-,-,Jefferson,Jefferson City,4
83255,400306357,0,1,35.393,-84.71973,2,2025-07-30 22:22:00,2025,7,30,22,22,Wednesday,22:22,Suspected Serious Injury,Dark-Not Lighted,Cloudy,Pedestrian,None,THP District 2 - Chattanooga,THP,Unbelted,-,-,Drug,-,-,-,Pedestrian,-,-,-,-,-,McMinn,Not in City Limit,4
83264,400306499,0,1,36.0269,-83.92758,1,2025-07-31 03:28:00,2025,7,31,3,28,Thursday,03:28,Suspected Serious Injury,Dark-Lighted,Fog,Pedestrian,None,KNOXVILLE POLICE DEPT,Other,Unbelted,-,-,-,-,-,-,Pedestrian,-,-,-,-,-,Knox,Knoxville,5
83275,400306670,0,1,36.11301,-84.12702,1,2025-07-30 15:42:00,2025,7,30,15,42,Wednesday,15:42,Suspected Serious Injury,Daylight,Clear,Other Fixed Object,None,CLINTON POLICE DEPT,Other,Unbelted,-,-,-,-,-,-,-,-,-,-,-,-,Anderson,Clinton,4
83287,400306957,1,2,34.992,-84.73777,2,2025-07-30 12:24:00,2025,7,30,12,24,Wednesday,12:24,Fatal,Daylight,Clear,Standing Tree,None,THP District 2 - Chattanooga,THP,Unbelted,-,Drinking,Drug,-,-,-,-,-,-,-,-,-,Polk,Not in City Limit,4
83300,400307152,0,2,35.29077,-84.81392,2,2025-07-30 22:48:00,2025,7,30,22,48,Wednesday,22:48,Suspected Serious Injury,Dark-Not Lighted,Rain,Motor Vehicle-In-Transport On Same Roadway,None,THP District 2 - Chattanooga,THP,Unbelted,-,-,-,-,Speeding,-,-,-,-,ATV_Involved,-,-,Bradley,Not in City Limit,4
83306,400307235,0,1,36.08278,-86.64679,3,2025-07-31 13:15:00,2025,7,31,13,15,Thursday,13:15,Suspected Serious Injury,Daylight,Clear,Motor Vehicle-In-Transport On Same Roadway,None,METROPOLITAN NASHVILLE POLICE DEPT,Other,Unbelted,-,-,-,-,-,-,-,-,-,-,-,-,Davidson,Nashville,5
83313,400307328,2,0,36.08009,-85.20846,6,2025-07-23 21:07:00,2025,7,23,21,7,Wednesday,21:07,Fatal,Dusk,Clear,Motor Vehicle-In-Motion Outside Trafficway,None,THP District 9 - Administrative,THP,Unbelted,-,-,-,-,Speeding,-,-,-,-,ATV_Involved,-,-,Cumberland,Not in City Limit,4
83325,400307602,0,1,36.14968,-86.77916,3,2025-07-31 15:20:00,2025,7,31,15,20,Thursday,15:20,Suspected Serious Injury,Daylight,Clear,Motor Vehicle-In-Transport On Same Roadway,None,METROPOLITAN NASHVILLE POLICE DEPT,Other,Unbelted,-,-,-,-,-,-,-,-,-,-,-,-,Davidson,Nashville,5
83327,400307621,0,1,36.53551,-82.32138,5,2025-07-31 10:52:00,2025,7,31,10,52,Thursday,10:52,Suspected Serious Injury,Daylight,Clear,Pedestrian,None,SULLIVAN CO SHERIFFS DEPT,Other,Unbelted,-,-,-,-,-,-,Pedestrian,-,-,-,-,-,Sullivan,Not in City Limit,5
83332,400307701,0,1,35.98593,-83.588,1,2025-07-26 14:18:00,2025,7,26,14,18,Saturday,14:18,Suspected Serious Injury,Daylight,Clear,Cargo Equip Loss/Shift,None,SEVIERVILLE POLICE DEPT,Other,Unbelted,-,-,-,-,-,-,-,-,-,ATV_Involved,-,-,Sevier,Sevierville,7
83338,400307764,0,1,35.14998,-88.59662,8,2025-07-31 13:19:00,2025,7,31,13,19,Thursday,13:19,Suspected Serious Injury,Daylight,Clear,"Over Turn, Roll Over",None,SELMER POLICE DEPT,Other,Unbelted,-,-,-,-,-,-,-,-,-,ATV_Involved,-,-,McNairy,Selmer,5
83341,400307818,0,3,35.86858,-84.30216,1,2025-07-30 18:34:00,2025,7,30,18,34,Wednesday,18:34,Suspected Serious Injury,Dusk,Rain,Motor Vehicle-In-Transport On Same Roadway,Construction Zone,THP District 1 - Knoxville,THP,Unbelted,-,-,-,-,-,-,-,-,-,ATV_Involved,-,-,Loudon,Not in City Limit,4
83348,400307938,0,3,35.93379,-84.92399,6,2025-07-31 13:53:00,2025,7,31,13,53,Thursday,13:53,Suspected Serious Injury,Daylight,Clear,Motor Vehicle-In-Transport On Same Roadway,None,THP District 6 - Cookeville,THP,Unbelted,Distracted,-,-,Drowsy,-,-,-,-,-,-,-,-,Cumberland,Not in City Limit,5
83350,400307957,0,1,36.2189,-84.14692,1,2025-07-31 12:52:00,2025,7,31,12,52,Thursday,12:52,Suspected Serious Injury,Daylight,Clear,Motor Vehicle-In-Transport On Same Roadway,None,THP District 1 - Knoxville,THP,-,-,-,-,-,-,-,-,-,-,-,Motorcyclist,-,Anderson,Not in City Limit,5
83372,400308367,0,1,36.12855,-87.22933,3,2025-07-31 20:32:00,2025,7,31,20,32,Thursday,20:32,Suspected Serious Injury,Dark-Lighted,Clear,Motor Vehicle-In-Transport On Different Roadway,None,WHITE BLUFF POLICE DEPT,Other,Unbelted,-,-,-,-,-,-,-,-,-,-,-,-,Dickson,White Bluff,5
83378,400308557,0,2,36.34654,-86.93339,3,2025-07-31 12:18:00,2025,7,31,12,18,Thursday,12:18,Suspected Serious Injury,Daylight,Clear,Motor Vehicle-In-Transport On Same Roadway,None,THP District 3 - Nashville,THP,Unbelted,-,-,-,-,-,-,-,-,-,-,-,-,Cheatham,Not in City Limit,5
83382,400308634,0,1,36.54283,-82.54684,5,2025-08-01 05:28:00,2025,8,1,5,28,Friday,05:28,Suspected Serious Injury,Dark-Lighted,Cloudy,Pedestrian,None,SULLIVAN CO SHERIFFS DEPT,Other,Unbelted,-,-,-,-,-,-,Pedestrian,-,-,-,-,-,Sullivan,Kingsport,6
83392,400308921,0,7,36.05181,-88.34765,8,2025-07-31 18:20:00,2025,7,31,18,20,Thursday,18:20,Suspected Serious Injury,Daylight,Cloudy,Motor Vehicle-In-Transport On Same Roadway,None,THP District 8 - Jackson,THP,Unbelted,-,Drinking,-,-,-,-,-,-,-,-,-,-,Carroll,Not in City Limit,5
83402,400309101,0,1,36.03181,-86.96661,3,2025-08-01 10:45:00,2025,8,1,10,45,Friday,10:45,Suspected Serious Injury,Daylight,Cloudy,Curb,None,METROPOLITAN NASHVILLE POLICE DEPT,Other,Unbelted,-,-,-,-,-,-,-,-,-,-,-,-,Davidson,Nashville,6
83405,400309152,0,1,36.1152,-89.57462,8,2025-07-26 21:05:00,2025,7,26,21,5,Saturday,21:05,Suspected Serious Injury,Dark-Not Lighted,Clear,Ditch,None,THP District 8 - Jackson,THP,-,-,-,-,-,-,-,-,-,ATV_Involved,-,-,-,Dyer,Not in City Limit,7
83410,400309204,1,2,36.16673,-85.51245,6,2025-08-01 12:01:00,2025,8,1,12,1,Friday,12:01,Fatal,Daylight,Cloudy,Motor Vehicle-In-Transport On Same Roadway,None,COOKEVILLE POLICE DEPT,Other,Unbelted,-,-,Drug,Drowsy,-,-,-,-,-,-,-,-,Putnam,Cookeville,6
83412,400309248,0,1,35.13504,-84.99743,2,2025-08-01 06:40:00,2025,8,1,6,40,Friday,06:40,Suspected Serious Injury,Dawn,Clear,Motor Vehicle-In-Transport On Same Roadway,None,THP District 2 - Chattanooga,THP,Unbelted,-,-,Drug,-,-,-,-,-,-,ATV_Involved,-,-,Bradley,Not in City Limit,6
83413,400309259,0,4,36.11171,-86.70093,3,2025-08-01 11:50:00,2025,8,1,11,50,Friday,11:50,Suspected Serious Injury,Daylight,Cloudy,Motor Vehicle-In-Transport On Same Roadway,None,METROPOLITAN NASHVILLE POLICE DEPT,Other,Unbelted,-,-,-,-,-,-,-,-,-,-,-,-,Davidson,Nashville,6
83416,400309321,0,3,35.89131,-86.87713,3,2025-08-01 11:08:00,2025,8,1,11,8,Friday,11:08,Suspected Serious Injury,Daylight,Cloudy,Motor Vehicle-In-Transport On Same Roadway,None,FRANKLIN POLICE DEPT,Other,Unbelted,-,-,-,-,-,-,-,-,-,-,-,-,Williamson,Franklin,6
83424,400309558,0,1,36.0806,-87.53654,3,2025-08-01 11:46:00,2025,8,1,11,46,Friday,11:46,Suspected Serious Injury,Daylight,Clear,Other Post/Pole Support,None,HUMPHREYS CO SHERIFFS DEPT,Other,Unbelted,Distracted,Drinking,Drug,-,Speeding,-,-,-,-,-,-,-,Dickson,Not in City Limit,6
83431,400309707,0,1,36.42037,-87.31552,3,2025-08-01 16:22:00,2025,8,1,16,22,Friday,16:22,Suspected Serious Injury,Daylight,Clear,Mail Box,None,MONTGOMERY CO SHERIFFS OFFICE,Other,Unbelted,-,Drinking,Drug,-,-,-,-,-,-,-,-,-,Montgomery,Not in City Limit,6
83441,400309845,0,2,35.86394,-87.9081,3,2025-08-01 13:40:00,2025,8,1,13,40,Friday,13:40,Suspected Serious Injury,Daylight,Clear,Motor Vehicle-In-Transport On Same Roadway,None,THP District 3 - Nashville,THP,Unbelted,-,-,-,-,-,-,-,-,-,-,-,-,Humphreys,Not in City Limit,6
83443,400309860,0,3,35.92481,-83.75973,1,2025-08-01 17:21:00,2025,8,1,17,21,Friday,17:21,Suspected Serious Injury,Daylight,Clear,Ditch,None,KNOX CO SHERIFFS OFFICE,Other,Unbelted,-,-,-,-,-,-,-,-,-,-,-,-,Knox,Knoxville,6
83450,400309983,0,1,35.84761,-83.70978,1,2025-08-01 18:11:00,2025,8,1,18,11,Friday,18:11,Suspected Serious Injury,Daylight,Clear,Motor Vehicle-In-Transport On Same Roadway,None,THP District 1 - Knoxville,THP,Unbelted,-,-,-,-,-,-,-,-,-,-,Motorcyclist,-,Sevier,Not in City Limit,6
83451,400310002,0,4,35.86049,-86.37498,3,2025-08-01 17:46:00,2025,8,1,17,46,Friday,17:46,Suspected Serious Injury,Daylight,Clear,Motor Vehicle-In-Transport On Same Roadway,None,MURFREESBORO POLICE DEPT,Other,Unbelted,-,-,-,-,-,-,-,-,-,-,-,-,Rutherford,Murfreesboro,6
83460,400310158,1,0,35.91397,-84.09543,1,2025-08-01 19:09:00,2025,8,1,19,9,Friday,19:09,Fatal,Daylight,Clear,Motor Vehicle-In-Transport On Same Roadway,None,KNOXVILLE POLICE DEPT,Other,Unbelted,-,-,-,-,-,-,-,-,-,-,Motorcyclist,-,Knox,Knoxville,6
83461,400310184,0,3,35.44929,-86.44186,7,2025-08-01 19:17:00,2025,8,1,19,17,Friday,19:17,Suspected Serious Injury,Dusk,Clear,Motor Vehicle-In-Transport On Same Roadway,None,THP District 7 - Lawrenceburg,THP,Unbelted,-,-,-,-,-,-,-,-,-,-,Motorcyclist,-,Bedford,Not in City Limit,6
83470,400310370,0,1,36.32789,-82.30497,5,2025-08-01 21:51:00,2025,8,1,21,51,Friday,21:51,Suspected Serious Injury,Dark-Not Lighted,Cloudy,Ditch,None,CARTER CO SHERIFFS DEPT,Other,Unbelted,Distracted,-,-,-,-,-,-,-,-,-,-,-,Carter,Not in City Limit,6
83477,400310426,0,1,36.46269,-82.43211,5,2025-08-02 00:45:00,2025,8,2,0,45,Saturday,00:45,Suspected Serious Injury,Dark-Not Lighted,Cloudy,Standing Tree,None,THP District 5 - Fall Branch,THP,Unbelted,-,-,-,Drowsy,-,-,-,-,-,-,-,-,Sullivan,Not in City Limit,7
83491,400310689,0,1,35.66803,-88.56426,8,2025-08-02 06:17:00,2025,8,2,6,17,Saturday,06:17,Suspected Serious Injury,Daylight,Cloudy,Deer,None,THP District 8 - Jackson,THP,-,-,-,-,-,-,-,-,-,-,-,Motorcyclist,-,Henderson,Not in City Limit,7
83492,400310698,0,1,35.53154,-85.22614,2,2025-08-01 00:00:00,2025,8,1,24,0,Friday,24:00,Suspected Serious Injury,Daylight,Clear,Ditch,None,THP District 2 - Chattanooga,THP,Unbelted,-,-,Drug,-,Speeding,-,-,-,-,-,-,-,Bledsoe,Not in City Limit,6
83493,400310716,0,1,36.16113,-86.62035,3,2025-08-02 07:54:00,2025,8,2,7,54,Saturday,07:54,Suspected Serious Injury,Daylight,Clear,Motor Vehicle-In-Transport On Same Roadway,None,METROPOLITAN NASHVILLE POLICE DEPT,Other,Unbelted,Distracted,-,-,-,Speeding,-,-,-,-,-,-,-,Davidson,Nashville,7
83498,400310843,0,1,35.40775,-86.1365,2,2025-08-02 10:06:00,2025,8,2,10,6,Saturday,10:06,Suspected Serious Injury,Daylight,Cloudy,Other Fixed Object,None,THP District 2 - Chattanooga,THP,Unbelted,-,-,-,-,-,-,-,-,-,-,-,-,Coffee,Not in City Limit,7
83505,400311033,1,1,36.22838,-86.77244,3,2025-08-01 22:47:00,2025,8,1,22,47,Friday,22:47,Fatal,Dark-Lighted,Clear,Motor Vehicle-In-Transport On Same Roadway,None,METROPOLITAN NASHVILLE POLICE DEPT,Other,Unbelted,-,Drinking,Drug,-,Speeding,-,-,-,-,ATV_Involved,Motorcyclist,-,Davidson,Nashville,6
83509,400311073,0,1,36.13895,-83.47579,5,2025-08-01 21:51:00,2025,8,1,21,51,Friday,21:51,Suspected Serious Injury,Dark-Lighted,Clear,Shrubbery,None,JEFFERSON CITY POLICE DEPT,Other,Unbelted,-,Drinking,-,-,-,-,-,-,-,-,-,-,Jefferson,Jefferson City,6
83527,400311356,0,2,36.34836,-83.19994,5,2025-08-02 16:17:00,2025,8,2,16,17,Saturday,16:17,Suspected Serious Injury,Daylight,Rain,Motor Vehicle-In-Transport On Same Roadway,None,THP District 5 - Fall Branch,THP,Unbelted,-,-,-,-,Speeding,-,-,-,-,-,-,-,Hawkins,Not in City Limit,7
83534,400311472,0,1,35.70914,-83.55695,1,2025-08-02 17:40:00,2025,8,2,17,40,Saturday,17:40,Suspected Serious Injury,Daylight,Rain,Embankment Rock/Stone/Concrete,None,GATLINBURG POLICE DEPT,Other,-,-,-,-,-,-,-,-,-,-,-,Motorcyclist,-,Sevier,Gatlinburg,7
83535,400311476,0,1,36.04512,-83.88597,1,2025-08-02 16:59:00,2025,8,2,16,59,Saturday,16:59,Suspected Serious Injury,Daylight,Cloudy,Other Fixed Object,None,KNOXVILLE POLICE DEPT,Other,-,-,-,-,-,-,-,-,-,-,-,Motorcyclist,-,Knox,Knoxville,7
83537,400311506,0,1,36.0214,-84.25173,1,2025-07-30 12:41:00,2025,7,30,12,41,Wednesday,12:41,Suspected Serious Injury,Daylight,Clear,Motor Vehicle-In-Transport On Same Roadway,None,OAK RIDGE POLICE DEPT,Other,Unbelted,-,-,-,-,-,-,-,-,-,-,Motorcyclist,-,Anderson,Oak Ridge,4
83539,400311530,0,1,36.32158,-87.85034,3,2025-08-02 18:19:00,2025,8,2,18,19,Saturday,18:19,Suspected Serious Injury,Daylight,Clear,Ditch,None,THP District 3 - Nashville,THP,Unbelted,-,-,-,-,-,-,-,-,-,-,-,-,Houston,Not in City Limit,7
83543,400311584,0,1,36.22153,-83.27787,5,2025-08-02 20:34:00,2025,8,2,20,34,Saturday,20:34,Suspected Serious Injury,Dark-Not Lighted,Rain,Embankment Earth,None,MORRISTOWN POLICE DEPT,Other,Unbelted,-,-,-,-,-,-,-,-,-,-,-,-,Hamblen,Morristown,7
83548,400311617,0,1,35.46973,-84.61494,2,2025-07-31 20:55:00,2025,7,31,20,55,Thursday,20:55,Suspected Serious Injury,Dark-Not Lighted,Clear,Embankment Earth,None,THP District 2 - Chattanooga,THP,Unbelted,-,-,-,-,-,-,-,-,-,-,-,-,McMinn,Not in City Limit,5
83552,400311647,0,1,35.56671,-86.4831,7,2025-08-02 20:15:00,2025,8,2,20,15,Saturday,20:15,Suspected Serious Injury,Dark-Not Lighted,Cloudy,"Over Turn, Roll Over",None,THP District 7 - Lawrenceburg,THP,-,-,-,-,-,-,-,-,-,-,-,Motorcyclist,-,Bedford,Not in City Limit,7
83554,400311677,1,2,36.44654,-82.44444,5,2025-08-01 16:30:00,2025,8,1,16,30,Friday,16:30,Fatal,Daylight,Cloudy,Motor Vehicle-In-Transport On Same Roadway,None,THP District 5 - Fall Branch,THP,Unbelted,-,Drinking,Drug,-,-,-,-,-,-,ATV_Involved,-,-,Sullivan,Not in City Limit,6
83555,400311689,0,1,36.46014,-82.75036,5,2025-08-02 16:20:00,2025,8,2,16,20,Saturday,16:20,Suspected Serious Injury,Daylight,Rain,Guard Rail End,None,THP District 5 - Fall Branch,THP,Unbelted,-,-,-,-,-,-,-,-,-,-,-,-,Hawkins,Not in City Limit,7
83567,400311932,0,2,36.085,-83.50653,5,2025-08-02 00:00:00,2025,8,2,24,0,Saturday,24:00,Suspected Serious Injury,Dark-Not Lighted,Clear,Standing Tree,None,JEFFERSON CO SHERIFFS DEPT,Other,Unbelted,-,Drinking,-,-,-,-,-,-,-,-,-,-,Jefferson,Not in City Limit,7
83574,400312084,0,1,35.74553,-84.11815,1,2025-08-02 06:04:00,2025,8,2,6,4,Saturday,06:04,Suspected Serious Injury,Dawn,Cloudy,Ditch,None,BLOUNT CO SHERIFFS DEPT,Other,Unbelted,-,-,-,-,-,-,-,-,-,-,-,-,Blount,Not in City Limit,7
83576,400312137,0,1,35.97735,-86.52738,3,2025-08-03 05:05:00,2025,8,3,5,5,Sunday,05:05,Suspected Serious Injury,Dark-Not Lighted,Clear,Shrubbery,None,SMYRNA POLICE DEPT,Other,Unbelted,-,Drinking,-,-,-,-,-,-,-,-,-,-,Rutherford,Smyrna,1
83583,400312259,0,1,35.29194,-87.15701,7,2025-08-02 14:02:00,2025,8,2,14,2,Saturday,14:02,Suspected Serious Injury,Daylight,Clear,Other Non-Fixed Object,None,THP District 7 - Lawrenceburg,THP,Unbelted,-,Drinking,-,-,-,-,-,-,-,-,-,-,Giles,Not in City Limit,7
83585,400312290,1,3,35.42407,-86.28058,7,2025-08-02 13:17:00,2025,8,2,13,17,Saturday,13:17,Fatal,Daylight,Cloudy,Motor Vehicle-In-Transport On Same Roadway,None,THP District 7 - Lawrenceburg,THP,Unbelted,-,-,-,-,-,-,-,-,-,-,-,-,Bedford,Not in City Limit,7
83587,400312320,0,2,35.9539,-86.72097,3,2025-08-03 08:57:00,2025,8,3,8,57,Sunday,08:57,Suspected Serious Injury,Daylight,Rain,Motor Vehicle-In-Transport On Same Roadway,None,WILLIAMSON CO SHERIFFS OFFICE,Other,Unbelted,-,-,-,-,Speeding,-,-,-,-,-,-,-,Williamson,Not in City Limit,1
83590,400312338,3,3,36.00764,-86.78721,3,2025-08-03 08:25:00,2025,8,3,8,25,Sunday,08:25,Fatal,Daylight,Rain,Motor Vehicle-In-Transport On Same Roadway,None,THP District 3 - Nashville,THP,Unbelted,-,-,-,-,-,-,-,-,-,-,-,-,Williamson,Brentwood,1
83595,400312392,0,4,36.35006,-84.23073,1,2025-08-02 11:50:00,2025,8,2,11,50,Saturday,11:50,Suspected Serious Injury,Daylight,Clear,Concrete Traffic Barrier,None,THP District 1 - Knoxville,THP,Unbelted,-,-,-,-,-,-,-,-,-,-,-,-,Campbell,Not in City Limit,7
83596,400312396,1,0,35.49145,-88.84396,8,2025-08-03 06:30:00,2025,8,3,6,30,Sunday,06:30,Fatal,Daylight,Clear,Standing Tree,None,THP District 8 - Jackson,THP,Unbelted,-,-,Drug,-,-,-,-,-,-,-,-,-,Madison,Not in City Limit,1
83618,400312868,0,1,35.8268,-86.3501,3,2025-08-03 00:00:00,2025,8,3,24,0,Sunday,24:00,Suspected Serious Injury,Dawn,Rain,Motor Vehicle-In-Transport On Same Roadway,None,MURFREESBORO POLICE DEPT,Other,Unbelted,-,-,-,Drowsy,-,-,-,-,-,-,-,-,Rutherford,Murfreesboro,1
83619,400312899,0,1,35.98244,-86.51886,3,2025-08-03 00:00:00,2025,8,3,24,0,Sunday,24:00,Suspected Serious Injury,Daylight,Rain,Pedal-Cycle,None,SMYRNA POLICE DEPT,Other,Unbelted,-,-,-,-,-,Pedalcyclist,-,-,-,-,-,-,Rutherford,Smyrna,1
83626,400313046,0,1,35.86979,-86.45999,3,2025-08-03 16:50:00,2025,8,3,16,50,Sunday,16:50,Suspected Serious Injury,Daylight,Rain,Shrubbery,None,THP District 3 - Nashville,THP,Unbelted,-,-,-,-,-,-,-,-,-,-,-,-,Rutherford,Not in City Limit,1
83628,400313081,0,1,36.02327,-87.29993,3,2025-08-03 01:41:00,2025,8,3,1,41,Sunday,01:41,Suspected Serious Injury,Dark-Not Lighted,Clear,Pedal-Cycle,None,THP District 3 - Nashville,THP,Unbelted,Distracted,-,-,-,-,Pedalcyclist,-,-,-,-,-,-,Dickson,Not in City Limit,1
83629,400313092,0,2,35.51836,-84.29343,1,2025-08-01 17:00:00,2025,8,1,17,0,Friday,17:00,Suspected Serious Injury,Daylight,Clear,Motor Vehicle-In-Transport On Same Roadway,None,THP District 1 - Knoxville,THP,Unbelted,-,-,Drug,-,-,-,-,-,-,-,-,-,Monroe,Not in City Limit,6
83635,400313197,0,1,36.02491,-83.8786,1,2025-08-03 19:41:00,2025,8,3,19,41,Sunday,19:41,Suspected Serious Injury,Dusk,Rain,Fire Hydrant,None,KNOXVILLE POLICE DEPT,Other,-,-,-,-,-,-,-,-,-,-,-,Motorcyclist,-,Knox,Knoxville,1
83638,400313229,1,1,35.95899,-83.04825,5,2025-08-03 15:10:00,2025,8,3,15,10,Sunday,15:10,Fatal,Daylight,Clear,"Over Turn, Roll Over",None,THP District 5 - Fall Branch,THP,Unbelted,-,-,-,-,-,-,-,-,-,-,-,-,Cocke,Not in City Limit,1
83650,400313486,0,1,35.7927,-86.88052,3,2025-08-03 04:46:00,2025,8,3,4,46,Sunday,04:46,Suspected Serious Injury,Dark-Not Lighted,Clear,Standing Tree,None,THP District 3 - Nashville,THP,Unbelted,-,Drinking,-,-,-,-,-,-,-,-,-,-,Williamson,Thompson's Station,1
83665,400313868,1,0,36.30212,-86.69279,3,2025-08-02 22:20:00,2025,8,2,22,20,Saturday,22:20,Fatal,Dark-Lighted,Clear,Motor Vehicle-In-Transport On Same Roadway,None,METROPOLITAN NASHVILLE POLICE DEPT,Other,Unbelted,-,Drinking,-,-,Speeding,-,-,-,-,-,Motorcyclist,-,Davidson,Nashville,7
83666,400313877,1,0,36.4975,-85.00189,6,2025-07-31 21:32:00,2025,7,31,21,32,Thursday,21:32,Fatal,Dark-Not Lighted,Clear,Embankment Earth,None,THP District 6 - Cookeville,THP,Unbelted,-,-,-,-,-,-,-,-,-,-,-,-,Fentress,Not in City Limit,5
83676,400314093,0,1,36.55084,-84.14414,1,2025-08-04 11:03:00,2025,8,4,11,3,Monday,11:03,Suspected Serious Injury,Daylight,Clear,Paved Surface-Irregular,None,THP District 1 - Knoxville,THP,-,-,-,-,-,-,-,-,-,-,-,Motorcyclist,-,Campbell,Not in City Limit,2
83687,400314244,0,1,35.03492,-84.99411,2,2025-08-03 19:26:00,2025,8,3,19,26,Sunday,19:26,Suspected Serious Injury,Daylight,Clear,Motor Vehicle-In-Transport On Same Roadway,None,HAMILTON COUNTY SHERIFF'S OFFICE,Other,Unbelted,-,Drinking,-,-,-,-,-,-,-,-,-,-,Hamilton,Not in City Limit,1
83698,400314456,1,0,35.42734,-89.89415,4,2025-07-31 08:49:00,2025,7,31,8,49,Thursday,08:49,Fatal,Daylight,Clear,Standing Tree,None,THP District 4 - Memphis,THP,Unbelted,-,Drinking,Drug,-,-,-,-,-,-,-,-,-,Tipton,Not in City Limit,5
83699,400314506,0,2,36.08933,-87.47302,3,2025-08-04 10:18:00,2025,8,4,10,18,Monday,10:18,Suspected Serious Injury,Daylight,Clear,Motor Vehicle-In-Transport On Same Roadway,None,THP District 3 - Nashville,THP,Unbelted,-,Drinking,Drug,-,-,-,-,-,-,-,-,-,Dickson,Not in City Limit,2
83708,400314728,0,1,36.00256,-86.79281,3,2025-08-03 21:45:00,2025,8,3,21,45,Sunday,21:45,Suspected Serious Injury,Dark-Not Lighted,Clear,Standing Tree,None,THP District 3 - Nashville,THP,Unbelted,-,Drinking,Drug,-,-,-,-,-,-,-,-,-,Williamson,Brentwood,1
83712,400314778,0,1,35.71625,-86.75144,3,2025-08-04 01:05:00,2025,8,4,1,5,Monday,01:05,Suspected Serious Injury,Dark-Not Lighted,Clear,Ditch,None,THP District 3 - Nashville,THP,Unbelted,-,-,-,-,-,-,-,-,-,-,-,-,Williamson,Not in City Limit,2
83724,400315027,0,1,36.31075,-86.98218,3,2025-08-04 18:37:00,2025,8,4,18,37,Monday,18:37,Suspected Serious Injury,Daylight,Clear,Motor Vehicle-In-Transport On Same Roadway,None,THP District 3 - Nashville,THP,Unbelted,-,-,-,-,-,-,-,-,-,-,Motorcyclist,-,Cheatham,Not in City Limit,2
83725,400315034,0,2,35.40322,-89.89691,4,2025-08-04 15:53:00,2025,8,4,15,53,Monday,15:53,Suspected Serious Injury,Daylight,Clear,Motor Vehicle-In-Transport On Same Roadway,None,THP District 4 - Memphis,THP,Unbelted,-,-,-,-,Speeding,-,-,-,-,-,-,-,Tipton,Not in City Limit,2
83733,400315128,0,1,35.9672,-83.2583,5,2025-08-04 21:47:00,2025,8,4,21,47,Monday,21:47,Suspected Serious Injury,Dark-Lighted,Rain,Standing Tree,None,THP District 5 - Fall Branch,THP,Unbelted,-,-,-,-,-,-,-,-,-,-,-,-,Cocke,Not in City Limit,2
83742,400315217,0,1,36.11416,-86.74833,3,2025-08-04 15:15:00,2025,8,4,15,15,Monday,15:15,Suspected Serious Injury,Daylight,Clear,Motor Vehicle-In-Transport On Same Roadway,None,METROPOLITAN NASHVILLE POLICE DEPT,Other,Unbelted,-,-,-,-,-,-,-,-,-,-,Motorcyclist,-,Davidson,Nashville,2