OBJECTID,MRN,Fatality,Injury,Latitude,Longitude,THP_District,Collision_Date,Collision_Year,Collision_Month,Collision_Day,Collision_Hour,Collision_Min,Collision_DOW,Collision_Time,Crash_Type,Light_Condition,Weather,First_Harmfu_Event,Work_Zone_Type,Agency_Name,THP,Unbelted,Distracted_Driver,Driver_Drinking,Driver_Drugged,Drowsy_Driver,Speeding_Involved,Pedalcyclist,Pedestrian,Other_Nonmotorist,ATV_Involved,LargeTruck_Involved,Motorcycle_Involved,SchoolBus,County,City,DOW_Nmb
83787,400316138,0,2,35.8562,-84.6472,1,2025-08-04 14:00:00,2025,8,4,14,0,Monday,14:00,Suspected Serious Injury,Daylight,Cloudy,Motor Vehicle-In-Transport On Same Roadway,None,THP District 1 - Knoxville,THP,Unbelted,-,-,-,-,-,-,-,-,-,-,-,-,Roane,Not in City Limit,2
83793,400316291,1,0,35.86196,-84.41118,1,2025-08-02 01:13:00,2025,8,2,1,13,Saturday,01:13,Fatal,Dark-Lighted,Clear,Motor Vehicle-In-Transport On Same Roadway,None,THP District 1 - Knoxville,THP,Unbelted,-,Drinking,-,-,-,-,-,-,-,-,-,-,Roane,Not in City Limit,7
83794,400316303,0,1,35.09735,-89.83143,4,2025-08-05 15:12:00,2025,8,5,15,12,Tuesday,15:12,Suspected Serious Injury,Daylight,Clear,Motor Vehicle-In-Transport On Same Roadway,None,GERMANTOWN POLICE DEPT,Other,Unbelted,-,-,-,-,-,-,-,-,-,-,-,-,Shelby,Germantown,3
83795,400316330,0,1,36.18836,-83.51226,5,2025-08-04 22:31:00,2025,8,4,22,31,Monday,22:31,Suspected Serious Injury,Dark-Not Lighted,Rain,Standing Tree,None,THP District 5 - Fall Branch,THP,Unbelted,-,-,Drug,-,-,-,-,-,-,-,-,-,Grainger,Not in City Limit,2
83801,400316430,0,1,35.62441,-86.72592,7,2025-08-05 14:55:00,2025,8,5,14,55,Tuesday,14:55,Suspected Serious Injury,Daylight,Clear,Ditch,None,THP District 7 - Lawrenceburg,THP,-,-,-,-,-,-,-,-,-,-,-,Motorcyclist,-,Marshall,Not in City Limit,3
83803,400316480,0,3,36.32462,-86.5049,3,2025-07-31 22:24:00,2025,7,31,22,24,Thursday,22:24,Suspected Serious Injury,Dark-Not Lighted,Clear,Standing Tree,None,THP District 3 - Nashville,THP,Unbelted,-,-,-,-,Speeding,-,-,-,-,-,-,-,Sumner,Not in City Limit,5
83812,400316655,1,0,35.84647,-86.40757,3,2025-08-05 11:23:00,2025,8,5,11,23,Tuesday,11:23,Fatal,Daylight,Clear,Pedestrian,None,MURFREESBORO POLICE DEPT,Other,Unbelted,-,-,-,-,-,-,Pedestrian,-,-,-,-,-,Rutherford,Murfreesboro,3
83818,400316775,1,1,36.0135,-83.93275,1,2025-08-05 15:24:00,2025,8,5,15,24,Tuesday,15:24,Fatal,Daylight,Clear,Guard Rail Face,None,KNOXVILLE POLICE DEPT,Other,Unbelted,-,-,Drug,-,Speeding,-,-,-,-,-,-,-,Knox,Knoxville,3
83821,400316843,0,1,35.89071,-84.11159,1,2025-08-05 17:47:00,2025,8,5,17,47,Tuesday,17:47,Suspected Serious Injury,Daylight,Clear,Motor Vehicle-In-Transport On Same Roadway,None,KNOXVILLE POLICE DEPT,Other,Unbelted,-,-,-,-,-,-,-,-,-,-,-,-,Knox,Knoxville,3
83824,400316938,1,0,36.15444,-84.84575,1,2025-08-05 16:56:00,2025,8,5,16,56,Tuesday,16:56,Fatal,Daylight,Clear,Motor Vehicle-In-Transport On Same Roadway,None,THP District 1 - Knoxville,THP,Unbelted,-,-,Drug,-,-,-,-,-,-,-,Motorcyclist,-,Morgan,Not in City Limit,3
83838,400317150,0,2,35.39904,-85.37413,2,2025-08-06 01:02:00,2025,8,6,1,2,Wednesday,01:02,Suspected Serious Injury,Dark-Not Lighted,Clear,Ditch,None,THP District 2 - Chattanooga,THP,Unbelted,-,-,-,-,Speeding,-,-,-,-,-,-,-,Sequatchie,Dunlap,4
83842,400317242,1,1,35.37939,-86.02886,2,2025-08-05 09:37:00,2025,8,5,9,37,Tuesday,09:37,Fatal,Daylight,Cloudy,Motor Vehicle-In-Transport On Same Roadway,None,THP District 2 - Chattanooga,THP,Unbelted,-,-,-,-,-,-,-,-,-,-,-,-,Coffee,Arnold AFB,3
83847,400317397,0,1,36.29529,-86.62125,3,2025-08-06 07:24:00,2025,8,6,7,24,Wednesday,07:24,Suspected Serious Injury,Daylight,Clear,Utility Pole,None,HENDERSONVILLE POLICE DEPT,Other,Unbelted,-,-,-,Drowsy,-,-,-,-,-,-,-,-,Sumner,Hendersonville,4
83849,400317481,0,1,35.93946,-86.34928,3,2025-08-05 13:19:00,2025,8,5,13,19,Tuesday,13:19,Suspected Serious Injury,Daylight,Clear,Standing Tree,None,THP District 3 - Nashville,THP,Unbelted,-,Drinking,-,-,-,-,-,-,-,-,-,-,Rutherford,Murfreesboro,3
83860,400317682,0,2,35.96521,-83.93175,1,2025-08-06 05:48:00,2025,8,6,5,48,Wednesday,05:48,Suspected Serious Injury,Dark-Lighted,Cloudy,Motor Vehicle-In-Transport On Same Roadway,None,KNOXVILLE POLICE DEPT,Other,Unbelted,-,-,-,-,-,-,-,-,-,-,-,-,Knox,Knoxville,4
83902,400318729,0,1,35.96745,-83.82739,1,2025-08-03 22:14:00,2025,8,3,22,14,Sunday,22:14,Suspected Serious Injury,Dark-Lighted,Clear,Motor Vehicle-In-Transport On Same Roadway,None,THP District 1 - Knoxville,THP,Unbelted,-,-,-,-,-,-,-,-,-,-,-,-,Knox,Not in City Limit,1
83913,400318955,1,0,35.97383,-84.4086,1,2025-07-31 05:26:00,2025,7,31,5,26,Thursday,05:26,Fatal,Dark-Not Lighted,Clear,Motor Vehicle-In-Transport On Same Roadway,None,THP District 1 - Knoxville,THP,Unbelted,-,-,Drug,-,-,-,-,-,-,ATV_Involved,-,-,Roane,Not in City Limit,5
83914,400318959,0,1,35.21982,-88.53117,8,2025-08-02 17:31:00,2025,8,2,17,31,Saturday,17:31,Suspected Serious Injury,Daylight,Clear,Ditch,None,THP District 8 - Jackson,THP,Unbelted,-,-,-,-,-,-,-,-,-,-,-,-,McNairy,Not in City Limit,7
83921,400319051,0,1,35.78172,-88.3662,8,2025-08-07 02:49:00,2025,8,7,2,49,Thursday,02:49,Suspected Serious Injury,Dark-Not Lighted,Clear,Ditch,None,THP District 8 - Jackson,THP,Unbelted,-,-,-,-,Speeding,-,-,-,-,-,-,-,Henderson,Not in City Limit,5
83924,400319086,0,6,36.45283,-87.10252,3,2025-08-07 02:20:00,2025,8,7,2,20,Thursday,02:20,Suspected Serious Injury,Dark-Not Lighted,Clear,Motor Vehicle-In-Transport On Same Roadway,None,THP District 3 - Nashville,THP,Unbelted,-,-,-,-,-,-,-,-,-,-,-,-,Robertson,Not in City Limit,5
83927,400319147,0,1,35.23357,-89.44295,4,2025-08-06 08:44:00,2025,8,6,8,44,Wednesday,08:44,Suspected Serious Injury,Daylight,Clear,Motor Vehicle-In-Transport On Same Roadway,None,SOMERVILLE POLICE DEPT,Other,Unbelted,-,-,-,-,-,-,-,-,-,-,-,-,Fayette,Somerville,4
83930,400319233,0,1,36.34472,-88.63035,8,2025-08-06 06:50:00,2025,8,6,6,50,Wednesday,06:50,Suspected Serious Injury,Daylight,Clear,Ditch,None,THP District 8 - Jackson,THP,Unbelted,-,-,-,-,-,-,-,-,-,-,-,-,Weakley,Not in City Limit,4
83934,400319272,1,0,35.62503,-85.43192,6,2025-08-06 09:09:00,2025,8,6,9,9,Wednesday,09:09,Fatal,Daylight,Clear,Embankment Earth,None,THP District 6 - Cookeville,THP,Unbelted,-,-,Drug,-,-,-,-,-,-,-,-,-,Van Buren,Not in City Limit,4
83944,400319504,0,2,35.13142,-84.87722,2,2025-08-07 10:08:00,2025,8,7,10,8,Thursday,10:08,Suspected Serious Injury,Daylight,Clear,Motor Vehicle-In-Transport On Same Roadway,None,THP District 2 - Chattanooga,THP,Unbelted,-,-,-,-,-,-,-,-,-,-,-,-,Bradley,Cleveland,5
83958,400319849,0,1,36.1559,-82.78393,5,2025-08-07 12:27:00,2025,8,7,12,27,Thursday,12:27,Suspected Serious Injury,Daylight,Clear,Standing Tree,None,THP District 5 - Fall Branch,THP,Unbelted,-,-,-,-,-,-,-,-,-,-,-,-,Greene,Not in City Limit,5
83960,400319932,0,2,35.94088,-86.48238,3,2025-08-07 13:07:00,2025,8,7,13,7,Thursday,13:07,Suspected Serious Injury,Daylight,Clear,Motor Vehicle-In-Transport On Same Roadway,None,SMYRNA POLICE DEPT,Other,Unbelted,-,-,-,-,-,-,-,-,-,-,Motorcyclist,-,Rutherford,Smyrna,5
83978,400320576,0,1,35.80143,-88.88562,8,2025-08-06 21:44:00,2025,8,6,21,44,Wednesday,21:44,Suspected Serious Injury,Dark-Lighted,Clear,Pedestrian,None,THP District 8 - Jackson,THP,Unbelted,-,-,-,-,-,Pedalcyclist,-,-,-,-,-,-,Gibson,Humboldt,4
83980,400320617,0,1,36.23657,-83.24227,5,2025-08-07 18:18:00,2025,8,7,18,18,Thursday,18:18,Suspected Serious Injury,Daylight,Cloudy,"Over Turn, Roll Over",Construction Zone,MORRISTOWN POLICE DEPT,Other,-,-,-,-,-,-,-,-,-,-,-,Motorcyclist,-,Hamblen,Morristown,5
83982,400320630,0,2,36.41572,-86.66633,3,2025-08-03 02:25:00,2025,8,3,2,25,Sunday,02:25,Suspected Serious Injury,Dark-Unknown Lighting,Clear,"Over Turn, Roll Over",None,SUMNER CO SHERIFFS OFFICE,Other,Unbelted,-,-,-,-,-,-,-,-,-,-,-,-,Sumner,Not in City Limit,1
83984,400320638,0,6,35.51983,-84.36348,1,2025-08-01 23:00:00,2025,8,1,23,0,Friday,23:00,Suspected Serious Injury,Dark-Lighted,Clear,Motor Vehicle-In-Transport On Same Roadway,None,THP District 1 - Knoxville,THP,Unbelted,-,Drinking,-,-,-,-,-,-,-,-,-,-,Monroe,Madisonville,6
83999,400320886,0,1,35.92909,-86.18075,3,2025-08-06 17:27:00,2025,8,6,17,27,Wednesday,17:27,Suspected Serious Injury,Daylight,Clear,Other Non-Collision,None,THP District 3 - Nashville,THP,-,-,-,-,-,-,-,-,-,-,-,Motorcyclist,-,Rutherford,Not in City Limit,4
84005,400320953,1,0,35.65609,-87.07129,7,2025-08-07 20:44:00,2025,8,7,20,44,Thursday,20:44,Fatal,Unknown,Cloudy,Pedestrian,None,THP District 7 - Lawrenceburg,THP,-,-,-,-,-,-,-,Pedestrian,-,-,-,-,-,Maury,Not in City Limit,5
84007,400320963,0,1,35.74704,-83.83243,1,2025-08-07 19:55:00,2025,8,7,19,55,Thursday,19:55,Suspected Serious Injury,Daylight,Clear,Other Non-Collision,None,BLOUNT CO SHERIFFS DEPT,Other,-,-,-,-,-,-,-,-,-,-,-,Motorcyclist,-,Blount,Not in City Limit,5
84008,400320986,0,1,36.21791,-86.72831,3,2025-08-07 18:55:00,2025,8,7,18,55,Thursday,18:55,Suspected Serious Injury,Daylight,Clear,Pedestrian,None,METROPOLITAN NASHVILLE POLICE DEPT,Other,Unbelted,Distracted,-,-,-,-,-,Pedestrian,-,-,-,-,-,Davidson,Nashville,5
84009,400320990,0,1,36.15194,-87.81839,3,2025-08-07 00:00:00,2025,8,7,24,0,Thursday,24:00,Suspected Serious Injury,Daylight,Clear,Embankment Earth,None,HUMPHREYS CO SHERIFFS DEPT,Other,Unbelted,-,-,-,-,-,-,-,-,-,-,-,-,Humphreys,Not in City Limit,5
84010,400320996,0,1,35.5956,-85.90129,6,2025-08-07 22:51:00,2025,8,7,22,51,Thursday,22:51,Suspected Serious Injury,Dark-Not Lighted,Clear,Ditch,None,WARREN CO SHERIFFS DEPT,Other,Unbelted,-,-,-,-,-,-,-,-,-,-,-,-,Warren,Not in City Limit,5
84011,400321017,1,0,35.79427,-86.41328,3,2025-08-08 00:00:00,2025,8,8,24,0,Friday,24:00,Fatal,Dark-Not Lighted,Clear,Culvert,None,THP District 3 - Nashville,THP,-,-,-,-,-,-,-,-,-,-,-,Motorcyclist,-,Rutherford,Not in City Limit,6
84014,400321049,0,1,36.13028,-87.64339,3,2025-08-07 02:13:00,2025,8,7,2,13,Thursday,02:13,Suspected Serious Injury,Dark-Not Lighted,Clear,Culvert,None,HUMPHREYS CO SHERIFFS DEPT,Other,Unbelted,-,-,-,Drowsy,-,-,-,-,-,-,-,-,Humphreys,Not in City Limit,5
84023,400321210,1,3,35.96007,-83.54869,1,2025-08-03 03:32:00,2025,8,3,3,32,Sunday,03:32,Fatal,Dark-Not Lighted,Clear,Standing Tree,None,THP District 1 - Knoxville,THP,Unbelted,-,Drinking,Drug,-,-,-,-,-,-,-,-,-,Sevier,Not in City Limit,1
84024,400321239,1,0,35.71809,-86.41533,3,2025-08-08 05:33:00,2025,8,8,5,33,Friday,05:33,Fatal,Dark-Not Lighted,Clear,Pedestrian,None,THP District 3 - Nashville,THP,Unbelted,-,Drinking,Drug,-,-,-,Pedestrian,-,-,-,-,-,Rutherford,Not in City Limit,6
84025,400321259,1,0,36.08425,-87.37915,3,2025-08-05 15:48:00,2025,8,5,15,48,Tuesday,15:48,Fatal,Daylight,Clear,Motor Vehicle-In-Transport On Same Roadway,None,DICKSON POLICE DEPT,Other,Unbelted,-,-,-,-,-,-,-,-,-,-,Motorcyclist,-,Dickson,Dickson,3
84029,400321360,0,1,35.16224,-88.56981,8,2025-08-08 07:08:00,2025,8,8,7,8,Friday,07:08,Suspected Serious Injury,Daylight,Clear,Motor Vehicle-In-Transport On Same Roadway,None,SELMER POLICE DEPT,Other,Unbelted,-,-,-,-,-,-,-,-,-,ATV_Involved,-,-,McNairy,Selmer,6
84033,400321467,0,3,35.88769,-85.08276,6,2025-08-08 07:45:00,2025,8,8,7,45,Friday,07:45,Suspected Serious Injury,Daylight,Clear,Motor Vehicle-In-Transport On Same Roadway,None,THP District 6 - Cookeville,THP,Unbelted,Distracted,-,-,-,-,-,-,-,-,-,-,-,Cumberland,Not in City Limit,6
84043,400321568,0,3,35.39423,-84.34501,1,2025-08-06 17:30:00,2025,8,6,17,30,Wednesday,17:30,Suspected Serious Injury,Daylight,Clear,Motor Vehicle-In-Transport On Same Roadway,None,THP District 1 - Knoxville,THP,Unbelted,-,-,-,Drowsy,-,-,-,-,-,-,-,-,Monroe,Not in City Limit,4
84044,400321581,0,3,35.69232,-88.11059,8,2025-08-08 06:03:00,2025,8,8,6,3,Friday,06:03,Suspected Serious Injury,Daylight,Clear,Motor Vehicle-In-Transport On Same Roadway,None,PARSONS POLICE DEPT,Other,Unbelted,-,-,-,-,-,-,-,-,-,-,-,-,Decatur,Parsons,6
84061,400321930,0,1,36.14885,-86.76245,3,2025-08-08 12:55:00,2025,8,8,12,55,Friday,12:55,Suspected Serious Injury,Daylight,Clear,Pedestrian,None,METROPOLITAN NASHVILLE POLICE DEPT,Other,Unbelted,-,-,-,-,-,-,Pedestrian,-,-,-,-,-,Davidson,Nashville,6
84073,400322194,0,1,36.29687,-82.30768,5,2025-08-08 11:11:00,2025,8,8,11,11,Friday,11:11,Suspected Serious Injury,Daylight,Clear,Mail Box,None,CARTER CO SHERIFFS DEPT,Other,Unbelted,-,-,-,-,-,-,-,-,-,-,-,-,Carter,Elizabethton,6
84104,400322791,0,1,36.42976,-88.17814,8,2025-08-08 16:45:00,2025,8,8,16,45,Friday,16:45,Suspected Serious Injury,Daylight,Clear,Standing Tree,None,THP District 8 - Jackson,THP,Unbelted,-,-,-,-,-,-,-,-,-,-,-,-,Henry,Not in City Limit,6
84114,400322952,0,2,36.04741,-83.47692,5,2025-08-07 21:32:00,2025,8,7,21,32,Thursday,21:32,Suspected Serious Injury,Dark-Not Lighted,Clear,Standing Tree,None,THP District 5 - Fall Branch,THP,Unbelted,Distracted,-,-,-,-,-,-,-,-,-,-,-,Jefferson,Not in City Limit,5
84135,400323264,0,1,35.65871,-84.10508,1,2025-08-09 05:18:00,2025,8,9,5,18,Saturday,05:18,Suspected Serious Injury,Dark-Not Lighted,Clear,Standing Tree,None,BLOUNT CO SHERIFFS DEPT,Other,Unbelted,-,-,-,-,-,-,-,-,-,-,-,-,Blount,Not in City Limit,7
84137,400323291,0,7,36.03352,-86.71295,3,2025-08-09 00:04:00,2025,8,9,0,4,Saturday,00:04,Suspected Serious Injury,Dark-Lighted,Clear,Motor Vehicle-In-Transport On Same Roadway,None,METROPOLITAN NASHVILLE POLICE DEPT,Other,Unbelted,-,-,Drug,-,-,-,-,-,-,-,-,-,Davidson,Nashville,7
84145,400323541,0,1,34.99645,-85.59245,2,2025-08-07 11:17:00,2025,8,7,11,17,Thursday,11:17,Suspected Serious Injury,Daylight,Clear,Ditch,None,THP District 2 - Chattanooga,THP,Unbelted,-,-,-,-,-,-,-,-,-,ATV_Involved,-,-,Marion,Not in City Limit,5
84166,400323928,0,1,36.44668,-87.22139,3,2025-08-08 18:40:00,2025,8,8,18,40,Friday,18:40,Suspected Serious Injury,Daylight,Clear,Motor Vehicle-In-Transport On Same Roadway,None,THP District 3 - Nashville,THP,Unbelted,-,-,-,-,-,-,-,-,-,ATV_Involved,-,-,Montgomery,Not in City Limit,6
84169,400324013,0,1,35.77612,-88.82036,8,2025-08-09 14:32:00,2025,8,9,14,32,Saturday,14:32,Suspected Serious Injury,Daylight,Clear,Motor Vehicle-In-Transport On Same Roadway,None,THP District 8 - Jackson,THP,Unbelted,-,-,-,-,-,-,-,-,-,-,-,-,Madison,Not in City Limit,7
84174,400324104,0,1,36.239,-86.80263,3,2025-08-09 00:00:00,2025,8,9,24,0,Saturday,24:00,Suspected Serious Injury,Daylight,Clear,Motor Vehicle-In-Transport On Same Roadway,None,METROPOLITAN NASHVILLE POLICE DEPT,Other,Unbelted,-,-,-,-,-,-,-,-,-,-,Motorcyclist,-,Davidson,Nashville,7
84190,400324324,0,1,36.5718,-81.73612,5,2025-08-09 03:30:00,2025,8,9,3,30,Saturday,03:30,Suspected Serious Injury,Dark-Not Lighted,Clear,Ditch,None,THP District 5 - Fall Branch,THP,Unbelted,-,-,-,-,Speeding,-,-,-,-,-,-,-,Johnson,Mountain City,7
84198,400324410,1,0,36.46263,-82.01005,5,2025-08-09 13:48:00,2025,8,9,13,48,Saturday,13:48,Fatal,Daylight,Clear,Motor Vehicle-In-Transport On Same Roadway,None,THP District 5 - Fall Branch,THP,Unbelted,-,-,-,-,-,-,-,-,-,-,Motorcyclist,-,Carter,Not in City Limit,7
84209,400324525,0,3,36.02026,-83.91865,1,2025-08-09 22:00:00,2025,8,9,22,0,Saturday,22:00,Suspected Serious Injury,Dark-Lighted,Clear,Motor Vehicle-In-Transport On Same Roadway,None,KNOXVILLE POLICE DEPT,Other,Unbelted,-,-,-,-,-,-,-,-,-,-,Motorcyclist,-,Knox,Knoxville,7
84222,400324713,0,1,35.98188,-83.38717,5,2025-08-09 00:00:00,2025,8,9,24,0,Saturday,24:00,Suspected Serious Injury,Dark-Not Lighted,Clear,Embankment Earth,None,JEFFERSON CO SHERIFFS DEPT,Other,Unbelted,-,-,-,-,-,-,-,-,-,-,-,-,Jefferson,Dandridge,7
84223,400324725,0,1,36.42451,-83.59568,5,2025-08-09 16:38:00,2025,8,9,16,38,Saturday,16:38,Suspected Serious Injury,Daylight,Clear,Ditch,None,THP District 5 - Fall Branch,THP,-,-,Drinking,-,-,-,-,-,-,-,-,Motorcyclist,-,Claiborne,Not in City Limit,7
84233,400324851,1,2,36.28112,-82.37892,5,2025-08-08 07:34:00,2025,8,8,7,34,Friday,07:34,Fatal,Daylight,Clear,Motor Vehicle-In-Transport On Same Roadway,None,THP District 5 - Fall Branch,THP,Unbelted,-,-,Drug,-,-,-,-,-,-,-,-,-,Washington,Johnson City,6
84241,400324918,1,0,35.78337,-84.11039,1,2025-08-09 09:25:00,2025,8,9,9,25,Saturday,09:25,Fatal,Daylight,Clear,Motor Vehicle-In-Transport On Same Roadway,None,THP District 1 - Knoxville,THP,Unbelted,-,-,-,-,-,-,-,-,-,-,Motorcyclist,-,Blount,Not in City Limit,7
84249,400325120,0,1,36.40213,-88.99896,8,2025-08-10 06:00:00,2025,8,10,6,0,Sunday,06:00,Suspected Serious Injury,Dawn,Clear,Guard Rail End,None,THP District 8 - Jackson,THP,Unbelted,Distracted,-,-,-,-,-,-,-,-,-,-,-,Obion,Not in City Limit,1
84260,400325408,0,1,35.64151,-88.23348,8,2025-08-08 18:26:00,2025,8,8,18,26,Friday,18:26,Suspected Serious Injury,Daylight,Clear,Embankment Earth,None,THP District 8 - Jackson,THP,Unbelted,-,-,-,-,-,-,-,-,-,ATV_Involved,-,-,Henderson,Not in City Limit,6
84264,400325454,0,1,35.54176,-89.23295,4,2025-08-08 20:18:00,2025,8,8,20,18,Friday,20:18,Suspected Serious Injury,Dark-Not Lighted,Clear,Motor Vehicle-In-Transport On Same Roadway,None,THP District 4 - Memphis,THP,Unbelted,-,-,-,-,-,-,-,-,-,ATV_Involved,-,-,Haywood,Not in City Limit,6
84265,400325459,0,1,36.35958,-89.06954,8,2025-08-10 14:20:00,2025,8,10,14,20,Sunday,14:20,Suspected Serious Injury,Daylight,Clear,Ditch,None,THP District 8 - Jackson,THP,-,-,-,-,-,-,-,-,-,-,-,Motorcyclist,-,Obion,Not in City Limit,1
84269,400325523,0,1,35.24988,-87.16792,7,2025-08-10 15:06:00,2025,8,10,15,6,Sunday,15:06,Suspected Serious Injury,Daylight,Clear,Motor Vehicle-In-Transport On Same Roadway,None,THP District 7 - Lawrenceburg,THP,Unbelted,-,-,-,-,-,-,-,-,-,-,-,-,Giles,Pulaski,1
84275,400325584,0,4,35.53444,-88.82711,8,2025-08-10 14:52:00,2025,8,10,14,52,Sunday,14:52,Suspected Serious Injury,Daylight,Clear,Motor Vehicle-In-Transport On Same Roadway,None,MADISON CO SHERIFFS DEPT,Other,Unbelted,Distracted,-,-,-,-,-,-,-,-,-,-,-,Madison,Not in City Limit,1
84277,400325608,0,2,35.65019,-87.75897,7,2025-08-10 13:15:00,2025,8,10,13,15,Sunday,13:15,Suspected Serious Injury,Daylight,Clear,Standing Tree,None,THP District 7 - Lawrenceburg,THP,Unbelted,-,-,-,-,-,-,-,-,-,-,-,-,Perry,Linden,1
84278,400325615,0,1,36.02991,-86.63783,3,2025-08-10 16:17:00,2025,8,10,16,17,Sunday,16:17,Suspected Serious Injury,Daylight,Clear,Fell/Jumped From Vehicle,None,METROPOLITAN NASHVILLE POLICE DEPT,Other,-,-,-,-,-,-,-,-,-,-,-,Motorcyclist,-,Davidson,Nashville,1
84283,400325713,0,3,35.02795,-85.56747,2,2025-08-10 16:31:00,2025,8,10,16,31,Sunday,16:31,Suspected Serious Injury,Daylight,Clear,Motor Vehicle-In-Transport On Same Roadway,None,THP District 2 - Chattanooga,THP,Unbelted,-,-,-,-,-,-,-,-,-,-,-,-,Marion,Not in City Limit,1
84286,400325812,1,0,35.92295,-84.34166,1,2025-08-10 14:46:00,2025,8,10,14,46,Sunday,14:46,Fatal,Daylight,Clear,Standing Tree,None,THP District 1 - Knoxville,THP,-,-,-,Drug,-,-,-,-,-,-,-,Motorcyclist,-,Roane,Not in City Limit,1
84289,400325845,0,1,35.921,-84.34051,1,2025-08-10 18:26:00,2025,8,10,18,26,Sunday,18:26,Suspected Serious Injury,Daylight,Clear,Shrubbery,None,THP District 1 - Knoxville,THP,-,-,-,-,-,Speeding,-,-,-,-,-,Motorcyclist,-,Roane,Oak Ridge,1
84290,400325867,0,1,35.98802,-84.05761,1,2025-08-06 08:10:00,2025,8,6,8,10,Wednesday,08:10,Suspected Serious Injury,Daylight,Cloudy,"Over Turn, Roll Over",None,KNOX CO SHERIFFS OFFICE,Other,Unbelted,-,-,-,-,-,-,-,-,-,-,-,-,Knox,Not in City Limit,4
84292,400325895,0,1,36.09176,-87.15405,3,2025-08-10 18:23:00,2025,8,10,18,23,Sunday,18:23,Suspected Serious Injury,Daylight,Clear,Standing Tree,None,THP District 3 - Nashville,THP,-,-,Drinking,-,-,Speeding,-,-,-,-,-,-,-,Cheatham,Not in City Limit,1
84294,400325913,0,1,35.19353,-88.25171,8,2025-08-10 16:29:00,2025,8,10,16,29,Sunday,16:29,Suspected Serious Injury,Daylight,Clear,"Over Turn, Roll Over",None,THP District 8 - Jackson,THP,-,-,-,-,-,-,-,-,-,-,-,Motorcyclist,-,Hardin,Not in City Limit,1
84300,400325983,0,1,36.14707,-86.7437,3,2025-08-10 21:35:00,2025,8,10,21,35,Sunday,21:35,Suspected Serious Injury,Dark-Lighted,Clear,Motor Vehicle-In-Transport On Same Roadway,None,METROPOLITAN NASHVILLE POLICE DEPT,Other,Unbelted,-,-,-,-,-,-,-,-,-,-,Motorcyclist,-,Davidson,Nashville,1
84302,400326035,0,2,35.86795,-86.70704,3,2025-08-10 01:51:00,2025,8,10,1,51,Sunday,01:51,Suspected Serious Injury,Dark-Lighted,Clear,Utility Pole,None,THP District 3 - Nashville,THP,Unbelted,Distracted,-,Drug,-,-,-,-,-,-,-,-,-,Williamson,Not in City Limit,1
84304,400326047,0,2,35.58998,-88.25375,8,2025-08-09 22:09:00,2025,8,9,22,9,Saturday,22:09,Suspected Serious Injury,Dark-Not Lighted,Clear,"Over Turn, Roll Over",None,THP District 8 - Jackson,THP,-,Distracted,Drinking,-,-,-,-,-,-,ATV_Involved,-,-,-,Henderson,Not in City Limit,7
84307,400326129,0,2,35.85488,-84.44971,1,2025-08-10 17:33:00,2025,8,10,17,33,Sunday,17:33,Suspected Serious Injury,Daylight,Clear,Standing Tree,None,THP District 1 - Knoxville,THP,Unbelted,-,Drinking,Drug,-,-,-,-,-,-,-,-,-,Roane,Not in City Limit,1
84319,400326287,0,1,35.51359,-83.98519,1,2025-08-10 12:30:00,2025,8,10,12,30,Sunday,12:30,Suspected Serious Injury,Daylight,Clear,Motor Vehicle-In-Transport On Same Roadway,None,BLOUNT CO SHERIFFS DEPT,Other,Unbelted,-,-,-,-,-,-,-,-,-,-,Motorcyclist,-,Blount,Not in City Limit,1
84320,400326295,0,1,35.2506,-85.1746,2,2025-08-11 04:43:00,2025,8,11,4,43,Monday,04:43,Suspected Serious Injury,Dark-Not Lighted,Clear,Embankment Earth,None,SODDY DAISY POLICE DEPT,Other,Unbelted,-,-,-,-,-,-,-,-,-,-,-,-,Hamilton,Soddy-Daisy,2
84321,400326315,0,2,35.82915,-86.37596,3,2025-08-09 22:17:00,2025,8,9,22,17,Saturday,22:17,Suspected Serious Injury,Dark-Lighted,Clear,Pedestrian,None,MURFREESBORO POLICE DEPT,Other,Unbelted,-,-,-,-,-,-,Pedestrian,-,-,-,-,-,Rutherford,Murfreesboro,7
84326,400326470,0,2,36.09141,-87.52011,3,2025-08-11 07:30:00,2025,8,11,7,30,Monday,07:30,Suspected Serious Injury,Daylight,Clear,Motor Vehicle-In-Transport On Same Roadway,None,THP District 3 - Nashville,THP,Unbelted,-,-,-,-,-,-,-,-,-,-,-,-,Dickson,Not in City Limit,2
84341,400326767,0,1,36.45233,-87.43539,3,2025-08-10 19:01:00,2025,8,10,19,1,Sunday,19:01,Suspected Serious Injury,Daylight,Clear,Motor Vehicle-In-Transport On Same Roadway,None,THP District 3 - Nashville,THP,-,-,-,-,-,-,-,-,-,ATV_Involved,-,-,-,Montgomery,Not in City Limit,1