OBJECTID,MRN,Fatality,Injury,Latitude,Longitude,THP_District,Collision_Date,Collision_Year,Collision_Month,Collision_Day,Collision_Hour,Collision_Min,Collision_DOW,Collision_Time,Crash_Type,Light_Condition,Weather,First_Harmfu_Event,Work_Zone_Type,Agency_Name,THP,Unbelted,Distracted_Driver,Driver_Drinking,Driver_Drugged,Drowsy_Driver,Speeding_Involved,Pedalcyclist,Pedestrian,Other_Nonmotorist,ATV_Involved,LargeTruck_Involved,Motorcycle_Involved,SchoolBus,County,City,DOW_Nmb
84342,400326791,0,1,36.00765,-87.40448,3,2025-08-11 09:45:00,2025,8,11,9,45,Monday,09:45,Suspected Serious Injury,Daylight,Cloudy,Other Non-Collision,None,THP District 3 - Nashville,THP,-,-,-,-,-,-,-,-,-,-,-,Motorcyclist,-,Dickson,Not in City Limit,2
84348,400326962,0,3,36.3505,-82.76741,5,2025-08-07 19:50:00,2025,8,7,19,50,Thursday,19:50,Suspected Serious Injury,Dusk,Cloudy,Motor Vehicle-In-Transport On Different Roadway,None,THP District 5 - Fall Branch,THP,Unbelted,-,-,-,-,-,-,-,-,-,ATV_Involved,-,-,Greene,Not in City Limit,5
84351,400326986,0,2,36.26482,-83.75478,5,2025-08-11 12:35:00,2025,8,11,12,35,Monday,12:35,Suspected Serious Injury,Daylight,Cloudy,"Over Turn, Roll Over",None,THP District 5 - Fall Branch,THP,Unbelted,-,-,-,-,-,-,-,-,-,-,-,-,Union,Not in City Limit,2
84385,400327613,1,0,35.7313,-85.91879,6,2025-08-10 18:16:00,2025,8,10,18,16,Sunday,18:16,Fatal,Dusk,Clear,Motor Vehicle-In-Transport On Same Roadway,None,THP District 6 - Cookeville,THP,Unbelted,Distracted,-,Drug,-,-,-,-,-,-,-,-,-,Warren,Centertown,1
84388,400327682,1,2,36.38483,-83.70966,5,2025-08-11 14:55:00,2025,8,11,14,55,Monday,14:55,Fatal,Daylight,Clear,Motor Vehicle-In-Transport On Same Roadway,None,THP District 5 - Fall Branch,THP,Unbelted,-,-,-,-,-,-,-,-,-,-,-,-,Claiborne,Not in City Limit,2
84391,400327708,1,0,35.37355,-86.88354,7,2025-08-09 17:21:00,2025,8,9,17,21,Saturday,17:21,Fatal,Daylight,Clear,Guard Rail Face,None,THP District 7 - Lawrenceburg,THP,-,-,-,-,-,-,-,-,-,-,-,Motorcyclist,-,Marshall,Cornersville,7
84398,400327826,2,1,36.08361,-86.42785,3,2025-08-10 00:09:00,2025,8,10,0,9,Sunday,00:09,Fatal,Dark-Not Lighted,Clear,Motor Vehicle-In-Transport On Same Roadway,None,THP District 3 - Nashville,THP,Unbelted,Distracted,Drinking,Drug,-,Speeding,-,-,-,-,-,-,-,Wilson,Not in City Limit,1
84404,400327908,0,2,35.02367,-86.5759,7,2025-08-09 16:03:00,2025,8,9,16,3,Saturday,16:03,Suspected Serious Injury,Daylight,Clear,Motor Vehicle-In-Transport On Same Roadway,None,THP District 7 - Lawrenceburg,THP,Unbelted,-,-,-,-,-,-,-,-,-,-,-,-,Lincoln,Not in City Limit,7
84408,400327962,0,1,36.38916,-81.91482,5,2025-08-11 00:00:00,2025,8,11,24,0,Monday,24:00,Suspected Serious Injury,Dark-Not Lighted,Clear,Ditch,None,JOHNSON CO SHERIFFS DEPT,Other,Unbelted,-,-,-,-,-,-,-,-,-,-,-,-,Johnson,Not in City Limit,2
84410,400327978,0,1,35.46428,-89.4039,4,2025-08-09 16:10:00,2025,8,9,16,10,Saturday,16:10,Suspected Serious Injury,Daylight,Clear,"Over Turn, Roll Over",None,THP District 4 - Memphis,THP,-,-,Drinking,Drug,-,-,-,-,-,ATV_Involved,-,-,-,Haywood,Stanton,7
84415,400328066,1,0,35.2133,-85.39395,2,2025-08-11 19:35:00,2025,8,11,19,35,Monday,19:35,Fatal,Dark-Not Lighted,Cloudy,Motor Vehicle-In-Transport On Same Roadway,None,THP District 2 - Chattanooga,THP,Unbelted,-,Drinking,Drug,-,Speeding,-,-,-,-,-,Motorcyclist,-,Sequatchie,Not in City Limit,2
84417,400328100,0,1,36.06977,-87.38065,3,2025-08-11 19:45:00,2025,8,11,19,45,Monday,19:45,Suspected Serious Injury,Daylight,Clear,Other Non-Collision,None,DICKSON POLICE DEPT,Other,Unbelted,-,-,-,-,-,-,-,-,-,-,Motorcyclist,-,Dickson,Dickson,2
84421,400328171,1,0,36.49194,-84.85365,6,2025-08-11 22:30:00,2025,8,11,22,30,Monday,22:30,Fatal,Dark-Not Lighted,Clear,Standing Tree,None,THP District 6 - Cookeville,THP,Unbelted,-,Drinking,Drug,-,-,-,-,-,-,-,-,-,Fentress,Not in City Limit,2
84422,400328175,0,1,36.38393,-81.94626,5,2025-08-12 04:45:00,2025,8,12,4,45,Tuesday,04:45,Suspected Serious Injury,Dark-Not Lighted,Clear,Concrete Traffic Barrier,None,THP District 5 - Fall Branch,THP,Unbelted,-,-,-,-,-,-,-,-,-,-,-,-,Johnson,Not in City Limit,3
84427,400328259,0,2,36.06108,-84.12333,1,2025-08-11 00:00:00,2025,8,11,24,0,Monday,24:00,Suspected Serious Injury,Daylight,Clear,Motor Vehicle-In-Transport On Same Roadway,None,ANDERSON CO SHERIFFS DEPT,Other,Unbelted,-,-,-,-,-,-,-,-,-,-,-,-,Anderson,Not in City Limit,2
84428,400328265,1,0,35.22283,-87.13995,7,2025-08-08 05:17:00,2025,8,8,5,17,Friday,05:17,Fatal,Dark-Not Lighted,Clear,Pedestrian,None,THP District 7 - Lawrenceburg,THP,Unbelted,-,-,-,Drowsy,-,-,Pedestrian,-,-,-,-,-,Giles,Not in City Limit,6
84440,400328469,1,0,35.78183,-83.54974,1,2025-08-08 17:57:00,2025,8,8,17,57,Friday,17:57,Fatal,Daylight,Clear,Pedestrian,None,PIGEON FORGE POLICE DEPT,Other,Unbelted,-,-,Drug,-,-,-,Pedestrian,-,-,-,-,-,Sevier,Pigeon Forge,6
84445,400328604,0,2,35.13483,-86.98357,7,2025-08-12 08:33:00,2025,8,12,8,33,Tuesday,08:33,Suspected Serious Injury,Daylight,Clear,Motor Vehicle-In-Transport On Same Roadway,None,THP District 7 - Lawrenceburg,THP,Unbelted,-,-,-,-,-,-,-,-,-,-,-,-,Giles,Not in City Limit,3
84448,400328642,0,1,35.88534,-84.68607,1,2025-08-12 09:19:00,2025,8,12,9,19,Tuesday,09:19,Suspected Serious Injury,Daylight,Cloudy,Cable Barrier,None,THP District 1 - Knoxville,THP,Unbelted,-,-,-,-,-,-,-,-,-,ATV_Involved,-,-,Roane,Not in City Limit,3
84452,400328683,1,1,36.06852,-86.58517,3,2025-08-11 20:15:00,2025,8,11,20,15,Monday,20:15,Fatal,Dark-Lighted,Clear,Motor Vehicle-In-Transport On Same Roadway,None,METROPOLITAN NASHVILLE POLICE DEPT,Other,Unbelted,-,-,-,-,-,-,-,-,ATV_Involved,-,-,-,Davidson,Nashville,2
84453,400328763,0,2,35.82064,-83.90882,1,2025-08-12 07:34:00,2025,8,12,7,34,Tuesday,07:34,Suspected Serious Injury,Dawn,Rain,Utility Pole,None,BLOUNT CO SHERIFFS DEPT,Other,Unbelted,-,-,-,-,Speeding,-,-,-,-,-,-,-,Blount,Not in City Limit,3
84463,400329000,1,0,36.07936,-86.96053,3,2025-08-09 02:25:00,2025,8,9,2,25,Saturday,02:25,Fatal,Dark-Not Lighted,Clear,Motor Vehicle-In-Transport On Same Roadway,None,METROPOLITAN NASHVILLE POLICE DEPT,Other,Unbelted,-,-,-,-,-,-,-,-,-,ATV_Involved,-,-,Davidson,Nashville,7
84465,400329011,1,2,36.04484,-86.68643,3,2025-08-10 03:25:00,2025,8,10,3,25,Sunday,03:25,Fatal,Dark-Lighted,Clear,Motor Vehicle-In-Transport On Same Roadway,None,METROPOLITAN NASHVILLE POLICE DEPT,Other,Unbelted,-,Drinking,-,-,Speeding,-,-,-,-,-,-,-,Davidson,Nashville,1
84480,400329306,0,2,36.074,-86.62487,3,2025-08-12 13:28:00,2025,8,12,13,28,Tuesday,13:28,Suspected Serious Injury,Daylight,Clear,Motor Vehicle-In-Transport On Same Roadway,None,METROPOLITAN NASHVILLE POLICE DEPT,Other,Unbelted,-,-,-,Drowsy,-,-,-,-,-,-,-,-,Davidson,Nashville,3
84489,400329480,0,2,35.99983,-83.96613,1,2025-08-12 14:11:00,2025,8,12,14,11,Tuesday,14:11,Suspected Serious Injury,Daylight,Cloudy,Motor Vehicle-In-Transport On Same Roadway,None,KNOXVILLE POLICE DEPT,Other,Unbelted,-,-,-,-,-,-,-,-,-,-,-,-,Knox,Knoxville,3
84493,400329614,0,1,35.28158,-84.89516,2,2025-08-12 17:25:00,2025,8,12,17,25,Tuesday,17:25,Suspected Serious Injury,Daylight,Rain,Ditch,None,THP District 2 - Chattanooga,THP,Unbelted,-,-,-,-,-,-,-,-,-,-,-,-,Bradley,Not in City Limit,3
84503,400329742,0,2,35.89081,-86.39359,3,2025-08-12 17:23:00,2025,8,12,17,23,Tuesday,17:23,Suspected Serious Injury,Daylight,Clear,Ditch,None,MURFREESBORO POLICE DEPT,Other,Unbelted,-,-,-,-,-,-,-,-,-,-,-,-,Rutherford,Murfreesboro,3
84519,400330029,0,1,35.20634,-87.70391,7,2025-08-12 19:07:00,2025,8,12,19,7,Tuesday,19:07,Suspected Serious Injury,Daylight,Clear,Utility Pole,None,THP District 7 - Lawrenceburg,THP,Unbelted,-,-,-,-,-,-,-,-,-,-,-,-,Wayne,Not in City Limit,3
84527,400330126,1,2,36.01521,-83.86921,1,2025-08-12 21:00:00,2025,8,12,21,0,Tuesday,21:00,Fatal,Dark-Not Lighted,Rain,Standing Tree,None,KNOXVILLE POLICE DEPT,Other,Unbelted,-,-,-,-,Speeding,-,-,-,-,-,-,-,Knox,Knoxville,3
84529,400330148,0,1,36.16922,-86.75784,3,2025-08-12 19:30:00,2025,8,12,19,30,Tuesday,19:30,Suspected Serious Injury,Dusk,Clear,Pedestrian,None,METROPOLITAN NASHVILLE POLICE DEPT,Other,Unbelted,-,Drinking,Drug,-,-,-,Pedestrian,-,-,-,-,-,Davidson,Nashville,3
84551,400330412,1,1,36.15276,-84.09924,1,2025-08-12 18:41:00,2025,8,12,18,41,Tuesday,18:41,Fatal,Daylight,Cloudy,Motor Vehicle-In-Transport On Same Roadway,None,CLINTON POLICE DEPT,Other,Unbelted,-,-,-,-,-,-,-,-,-,-,-,-,Anderson,Clinton,3
84560,400330502,0,1,36.41013,-87.20398,3,2025-08-12 23:15:00,2025,8,12,23,15,Tuesday,23:15,Suspected Serious Injury,Dark-Not Lighted,Rain,Motor Vehicle-In-Transport On Same Roadway,None,CHEATHAM CO SHERIFFS OFFICE,Other,Unbelted,-,-,-,-,Speeding,-,-,-,-,-,Motorcyclist,-,Cheatham,Not in City Limit,3
84582,400330897,0,5,35.00065,-86.82782,7,2025-08-12 11:45:00,2025,8,12,11,45,Tuesday,11:45,Suspected Serious Injury,Daylight,Clear,Motor Vehicle-In-Transport On Same Roadway,None,THP District 7 - Lawrenceburg,THP,Unbelted,-,-,-,Drowsy,-,-,-,-,-,ATV_Involved,-,-,Lincoln,Not in City Limit,3
84598,400331330,0,4,35.16239,-86.03176,2,2025-08-13 07:35:00,2025,8,13,7,35,Wednesday,07:35,Suspected Serious Injury,Daylight,Rain,Motor Vehicle-In-Transport On Same Roadway,None,COWAN POLICE DEPT,Other,Unbelted,Distracted,-,-,-,-,-,-,-,-,-,-,-,Franklin,Cowan,4
84603,400331495,0,2,35.65597,-85.70746,6,2025-08-13 08:15:00,2025,8,13,8,15,Wednesday,08:15,Suspected Serious Injury,Daylight,Rain,Motor Vehicle-In-Transport On Same Roadway,None,THP District 6 - Cookeville,THP,Unbelted,-,-,-,-,-,-,-,-,-,ATV_Involved,-,-,Warren,Not in City Limit,4
84608,400331570,1,1,36.27561,-85.38436,6,2025-08-11 17:10:00,2025,8,11,17,10,Monday,17:10,Fatal,Daylight,Clear,Motor Vehicle-In-Transport On Same Roadway,None,THP District 6 - Cookeville,THP,Unbelted,-,-,-,-,-,-,-,-,-,-,-,-,Overton,Not in City Limit,2
84610,400331587,0,1,35.92705,-86.54396,3,2025-08-13 13:05:00,2025,8,13,13,5,Wednesday,13:05,Suspected Serious Injury,Daylight,Clear,Standing Tree,None,SMYRNA POLICE DEPT,Other,Unbelted,-,-,-,-,-,-,-,-,-,-,-,-,Rutherford,Smyrna,4
84612,400331633,1,2,36.39879,-88.15061,8,2025-08-13 12:45:00,2025,8,13,12,45,Wednesday,12:45,Fatal,Daylight,Clear,Motor Vehicle-In-Transport On Same Roadway,None,THP District 8 - Jackson,THP,Unbelted,-,-,-,-,-,-,-,-,-,-,-,-,Henry,Not in City Limit,4
84615,400331767,0,3,35.20059,-85.15881,2,2025-08-13 13:45:00,2025,8,13,13,45,Wednesday,13:45,Suspected Serious Injury,Daylight,Clear,Motor Vehicle-In-Transport On Same Roadway,None,HAMILTON COUNTY SHERIFF'S OFFICE,Other,Unbelted,-,-,-,-,-,-,-,-,-,-,-,-,Hamilton,Lakesite,4
84618,400331814,0,1,35.90985,-84.67214,1,2025-08-13 10:25:00,2025,8,13,10,25,Wednesday,10:25,Suspected Serious Injury,Daylight,Rain,Utility Pole,None,THP District 1 - Knoxville,THP,-,-,-,-,-,-,-,-,-,-,-,-,-,Roane,Not in City Limit,4
84620,400331875,1,1,36.09674,-88.49573,8,2025-08-13 00:00:00,2025,8,13,24,0,Wednesday,24:00,Fatal,Daylight,Clear,Railway Train,None,THP District 8 - Jackson,THP,Unbelted,-,-,-,-,-,-,-,-,-,-,-,-,Carroll,Not in City Limit,4
84623,400331946,0,1,35.95525,-83.96061,1,2025-08-13 06:11:00,2025,8,13,6,11,Wednesday,06:11,Suspected Serious Injury,Dark-Lighted,Rain,Motor Vehicle-In-Transport On Same Roadway,None,KNOXVILLE POLICE DEPT,Other,Unbelted,-,-,-,-,-,-,-,-,-,ATV_Involved,Motorcyclist,-,Knox,Knoxville,4
84642,400332223,0,2,36.39698,-82.22829,5,2025-08-10 21:10:00,2025,8,10,21,10,Sunday,21:10,Suspected Serious Injury,Dark-Not Lighted,Clear,Pedestrian,None,THP District 5 - Fall Branch,THP,Unbelted,-,-,-,-,-,-,Pedestrian,-,-,-,-,-,Carter,Not in City Limit,1
84661,400332538,0,1,36.05848,-83.66335,5,2025-08-13 22:00:00,2025,8,13,22,0,Wednesday,22:00,Suspected Serious Injury,Dark-Not Lighted,Clear,Bridge/Overhead Structure,None,THP District 5 - Fall Branch,THP,Unbelted,-,-,-,-,-,-,-,-,-,-,-,-,Jefferson,Not in City Limit,4
84662,400332546,0,2,36.46917,-86.95911,3,2025-08-13 18:24:00,2025,8,13,18,24,Wednesday,18:24,Suspected Serious Injury,Dark-Not Lighted,Clear,Motor Vehicle-In-Transport On Same Roadway,None,THP District 3 - Nashville,THP,Unbelted,-,-,-,-,-,-,-,-,-,-,-,-,Robertson,Not in City Limit,4
84663,400332561,0,3,36.21735,-86.76317,3,2025-08-12 21:09:00,2025,8,12,21,9,Tuesday,21:09,Suspected Serious Injury,Dark-Lighted,Clear,Motor Vehicle-In-Transport On Same Roadway,None,METROPOLITAN NASHVILLE POLICE DEPT,Other,Unbelted,-,-,-,-,Speeding,-,-,-,-,-,-,-,Davidson,Nashville,3
84664,400332697,0,1,35.94045,-84.05985,1,2025-08-14 02:08:00,2025,8,14,2,8,Thursday,02:08,Suspected Serious Injury,Dark-Not Lighted,Clear,Curb,None,KNOXVILLE POLICE DEPT,Other,-,-,-,-,-,Speeding,-,-,-,-,-,Motorcyclist,-,Knox,Knoxville,5
84674,400332928,0,1,35.81939,-86.83874,3,2025-08-13 06:49:00,2025,8,13,6,49,Wednesday,06:49,Suspected Serious Injury,Daylight,Rain,Concrete Traffic Barrier,None,THP District 3 - Nashville,THP,Unbelted,-,-,-,-,-,-,-,-,-,-,-,-,Williamson,Not in City Limit,4
84680,400333136,2,0,36.43559,-89.30213,8,2025-08-12 18:40:00,2025,8,12,18,40,Tuesday,18:40,Fatal,Daylight,Clear,Motor Vehicle-In-Transport On Same Roadway,None,THP District 8 - Jackson,THP,Unbelted,-,Drinking,-,-,-,-,-,-,-,-,-,-,Obion,Not in City Limit,3
84710,400334078,0,2,35.77325,-84.23219,1,2025-08-14 07:28:00,2025,8,14,7,28,Thursday,07:28,Suspected Serious Injury,Dawn,Fog,Motor Vehicle-In-Transport On Same Roadway,None,THP District 1 - Knoxville,THP,Unbelted,-,-,-,-,-,-,-,-,-,-,-,-,Loudon,Not in City Limit,5
84712,400334101,0,1,35.11165,-84.68007,2,2025-08-14 17:55:00,2025,8,14,17,55,Thursday,17:55,Suspected Serious Injury,Daylight,Clear,Motor Vehicle-In-Transport On Same Roadway,None,THP District 2 - Chattanooga,THP,Unbelted,-,-,-,-,-,-,-,-,-,-,Motorcyclist,-,Polk,Not in City Limit,5
84722,400334271,0,1,36.22577,-83.30368,5,2025-08-14 18:14:00,2025,8,14,18,14,Thursday,18:14,Suspected Serious Injury,Daylight,Clear,Pedal-Cycle,None,MORRISTOWN POLICE DEPT,Other,Unbelted,-,-,-,-,-,Pedalcyclist,-,-,-,-,-,-,Hamblen,Morristown,5
84733,400334508,0,3,36.09703,-86.70864,3,2025-08-14 19:06:00,2025,8,14,19,6,Thursday,19:06,Suspected Serious Injury,Dusk,Clear,Motor Vehicle-In-Transport On Same Roadway,None,METROPOLITAN NASHVILLE POLICE DEPT,Other,Unbelted,-,-,-,-,-,-,-,-,-,ATV_Involved,-,-,Davidson,Nashville,5
84736,400334538,0,1,36.11094,-86.74522,3,2025-08-14 20:00:00,2025,8,14,20,0,Thursday,20:00,Suspected Serious Injury,Dark-Lighted,Clear,Pedestrian,None,METROPOLITAN NASHVILLE POLICE DEPT,Other,Unbelted,-,-,-,-,-,-,Pedestrian,-,-,-,-,-,Davidson,Nashville,5
84739,400334587,0,1,35.60057,-84.48407,1,2025-08-14 21:09:00,2025,8,14,21,9,Thursday,21:09,Suspected Serious Injury,Dark-Not Lighted,Clear,Pedestrian,None,SWEETWATER POLICE DEPT,Other,Unbelted,-,-,-,-,-,Pedalcyclist,-,-,-,-,-,-,Monroe,Sweetwater,5
84752,400334856,0,1,35.01786,-89.44105,4,2025-08-15 00:00:00,2025,8,15,24,0,Friday,24:00,Suspected Serious Injury,Dark-Not Lighted,Clear,Embankment Earth,None,THP District 4 - Memphis,THP,Unbelted,-,-,-,-,-,-,-,-,-,ATV_Involved,-,-,Fayette,Not in City Limit,6
84761,400335117,0,2,35.86692,-88.0847,8,2025-08-13 12:27:00,2025,8,13,12,27,Wednesday,12:27,Suspected Serious Injury,Daylight,Clear,Motor Vehicle-In-Transport On Same Roadway,None,THP District 8 - Jackson,THP,Unbelted,-,-,Drug,-,-,-,-,-,-,-,-,-,Benton,Not in City Limit,4
84780,400335688,0,1,35.95433,-85.5711,6,2025-08-15 11:40:00,2025,8,15,11,40,Friday,11:40,Suspected Serious Injury,Daylight,Clear,Motor Vehicle-In-Transport On Same Roadway,None,THP District 6 - Cookeville,THP,Unbelted,-,-,-,-,-,-,-,-,-,-,-,-,White,Not in City Limit,6
84793,400336070,0,1,36.03665,-83.99689,1,2025-08-15 15:16:00,2025,8,15,15,16,Friday,15:16,Suspected Serious Injury,Daylight,Clear,Motor Vehicle-In-Transport On Same Roadway,None,KNOXVILLE POLICE DEPT,Other,Unbelted,-,-,-,-,-,-,-,-,-,ATV_Involved,-,-,Knox,Knoxville,6
84794,400336097,0,1,35.478,-86.987,7,2025-08-15 13:25:00,2025,8,15,13,25,Friday,13:25,Suspected Serious Injury,Daylight,Clear,Motor Vehicle-In-Transport On Same Roadway,None,MAURY CO SHERIFFS DEPT,Other,-,-,-,-,-,-,-,-,-,-,-,Motorcyclist,-,Maury,Not in City Limit,6
84811,400336461,1,1,35.98107,-85.09386,6,2025-08-14 15:00:00,2025,8,14,15,0,Thursday,15:00,Fatal,Daylight,Clear,Standing Tree,None,THP District 6 - Cookeville,THP,Unbelted,-,Drinking,-,-,-,-,-,-,-,-,-,-,Cumberland,Not in City Limit,5
84819,400336667,1,0,35.6105,-88.7966,8,2025-08-15 00:00:00,2025,8,15,24,0,Friday,24:00,Fatal,Dark-Lighted,Rain,Pedestrian,None,JACKSON POLICE DEPT,Other,Unbelted,-,-,-,-,-,-,Pedestrian,-,-,-,-,-,Madison,Jackson,6
84834,400336908,1,0,35.95835,-83.96791,1,2025-08-15 19:57:00,2025,8,15,19,57,Friday,19:57,Fatal,Daylight,Clear,Concrete Traffic Barrier,None,KNOXVILLE POLICE DEPT,Other,-,-,-,-,-,-,-,-,-,-,-,Motorcyclist,-,Knox,Knoxville,6
84851,400337400,0,1,35.82929,-86.41331,3,2025-08-16 09:33:00,2025,8,16,9,33,Saturday,09:33,Suspected Serious Injury,Daylight,Clear,Motor Vehicle-In-Transport On Same Roadway,None,MURFREESBORO POLICE DEPT,Other,Unbelted,-,-,-,-,-,-,-,-,-,-,-,-,Rutherford,Murfreesboro,7
84862,400337662,0,1,36.19234,-86.8291,3,2025-08-15 21:20:00,2025,8,15,21,20,Friday,21:20,Suspected Serious Injury,Dark-Lighted,Clear,Non-Motorist Personal Conveyance,None,METROPOLITAN NASHVILLE POLICE DEPT,Other,Unbelted,-,-,-,-,-,-,Pedestrian,-,-,-,-,-,Davidson,Nashville,6
84863,400337705,2,2,36.38839,-82.36048,5,2025-08-07 18:07:00,2025,8,7,18,7,Thursday,18:07,Fatal,Daylight,Clear,Motor Vehicle-In-Transport On Same Roadway,None,THP District 5 - Fall Branch,THP,Unbelted,-,Drinking,Drug,-,Speeding,-,-,-,-,-,-,-,Washington,Johnson City,5
84870,400337835,0,2,35.32105,-88.0652,8,2025-08-12 00:00:00,2025,8,12,24,0,Tuesday,24:00,Suspected Serious Injury,Unknown,Clear,Motor Vehicle-In-Transport On Same Roadway,None,THP District 8 - Jackson,THP,Unbelted,-,-,-,-,-,-,-,-,ATV_Involved,-,-,-,Hardin,Not in City Limit,3
84874,400338034,0,1,36.23966,-82.188,5,2025-08-16 15:51:00,2025,8,16,15,51,Saturday,15:51,Suspected Serious Injury,Daylight,Clear,Curb,None,THP District 5 - Fall Branch,THP,Unbelted,-,-,-,-,-,-,-,-,-,-,-,-,Carter,Not in City Limit,7
84875,400338049,0,1,35.47859,-83.93025,1,2025-08-16 15:39:00,2025,8,16,15,39,Saturday,15:39,Suspected Serious Injury,,Cloudy,Motor Vehicle-In-Transport On Same Roadway,None,BLOUNT CO SHERIFFS DEPT,Other,Unbelted,-,-,-,-,-,-,-,-,-,-,Motorcyclist,-,Blount,Not in City Limit,7
84876,400338058,0,1,36.01111,-86.78491,3,2025-08-15 21:25:00,2025,8,15,21,25,Friday,21:25,Suspected Serious Injury,Dark-Not Lighted,Clear,Motor Vehicle-In-Transport On Same Roadway,None,THP District 3 - Nashville,THP,Unbelted,-,Drinking,Drug,-,-,-,-,-,-,-,-,-,Williamson,Brentwood,6
84877,400338074,0,1,36.18148,-86.78877,3,2025-08-16 17:36:00,2025,8,16,17,36,Saturday,17:36,Suspected Serious Injury,Daylight,Clear,Pedestrian,None,METROPOLITAN NASHVILLE POLICE DEPT,Other,Unbelted,-,-,-,-,-,-,Pedestrian,-,-,-,-,-,Davidson,Nashville,7
84883,400338241,0,1,35.45802,-84.19278,1,2025-08-16 00:00:00,2025,8,16,24,0,Saturday,24:00,Suspected Serious Injury,Daylight,Clear,Guard Rail Face,None,THP District 1 - Knoxville,THP,-,-,-,-,-,-,-,-,-,-,-,Motorcyclist,-,Monroe,Not in City Limit,7
84884,400338262,0,1,36.41021,-86.17608,6,2025-08-16 17:01:00,2025,8,16,17,1,Saturday,17:01,Suspected Serious Injury,Daylight,Clear,Motor Vehicle-In-Transport On Same Roadway,None,THP District 6 - Cookeville,THP,Unbelted,-,-,-,-,-,-,-,-,-,-,-,-,Trousdale,Hartsville,7
84891,400338352,0,1,36.07551,-85.17907,6,2025-08-16 20:36:00,2025,8,16,20,36,Saturday,20:36,Suspected Serious Injury,Dark-Not Lighted,Fog,Ditch,None,THP District 6 - Cookeville,THP,Unbelted,-,-,-,-,-,-,-,-,-,-,-,-,Cumberland,Not in City Limit,7
84894,400338380,0,1,35.09832,-88.38542,8,2025-08-16 20:55:00,2025,8,16,20,55,Saturday,20:55,Suspected Serious Injury,Dark-Not Lighted,Clear,Embankment Earth,None,THP District 8 - Jackson,THP,-,-,Drinking,Drug,-,-,-,-,-,-,-,Motorcyclist,-,McNairy,Not in City Limit,7
84896,400338399,0,1,36.35245,-82.75369,5,2025-08-16 21:45:00,2025,8,16,21,45,Saturday,21:45,Suspected Serious Injury,Dark-Not Lighted,Clear,Paved Surface-Irregular,None,THP District 5 - Fall Branch,THP,-,-,-,-,-,-,-,-,-,-,-,Motorcyclist,-,Greene,Not in City Limit,7
84899,400338426,0,1,35.38119,-86.22902,2,2025-08-17 21:23:00,2025,8,17,21,23,Sunday,21:23,Suspected Serious Injury,Dark-Lighted,Clear,Pedestrian,None,THP District 2 - Chattanooga,THP,Unbelted,-,-,-,-,-,-,Pedestrian,-,-,-,-,-,Coffee,Tullahoma,1
84902,400338484,0,1,35.68863,-88.85633,8,2025-08-16 23:51:00,2025,8,16,23,51,Saturday,23:51,Suspected Serious Injury,Dark-Lighted,Clear,Curb,None,JACKSON POLICE DEPT,Other,Unbelted,-,-,-,-,Speeding,-,-,-,-,-,-,-,Madison,Jackson,7
84903,400338510,0,1,35.9658,-89.39257,8,2025-08-16 21:50:00,2025,8,16,21,50,Saturday,21:50,Suspected Serious Injury,Dark-Lighted,Clear,Motor Vehicle-In-Transport On Same Roadway,None,THP District 8 - Jackson,THP,Unbelted,-,-,-,-,-,-,-,-,-,-,-,-,Dyer,Not in City Limit,7
84904,400338529,0,2,35.97411,-83.9185,1,2025-08-17 02:02:00,2025,8,17,2,2,Sunday,02:02,Suspected Serious Injury,Dark-Lighted,Clear,"Over Turn, Roll Over",None,KNOXVILLE POLICE DEPT,Other,-,-,-,-,-,-,-,-,-,-,-,Motorcyclist,-,Knox,Knoxville,1
84906,400338554,0,1,36.20587,-86.76879,3,2025-08-17 00:03:00,2025,8,17,0,3,Sunday,00:03,Suspected Serious Injury,Dark-Lighted,Clear,Pedestrian,None,METROPOLITAN NASHVILLE POLICE DEPT,Other,Unbelted,-,-,-,-,-,-,Pedestrian,-,-,-,-,-,Davidson,Nashville,1
84910,400338593,0,1,36.16769,-86.76203,3,2025-08-17 03:00:00,2025,8,17,3,0,Sunday,03:00,Suspected Serious Injury,Dark-Lighted,Clear,Motor Vehicle-In-Transport On Same Roadway,None,METROPOLITAN NASHVILLE POLICE DEPT,Other,Unbelted,-,-,-,-,-,-,-,-,-,-,-,-,Davidson,Nashville,1
84912,400338625,0,2,35.97824,-84.45034,1,2025-08-17 03:51:00,2025,8,17,3,51,Sunday,03:51,Suspected Serious Injury,Dark-Not Lighted,Clear,Motor Vehicle-In-Transport On Same Roadway,None,THP District 1 - Knoxville,THP,Unbelted,-,-,-,Drowsy,-,-,-,-,-,-,-,-,Roane,Not in City Limit,1
84921,400338735,0,1,35.98328,-88.6758,8,2025-08-16 11:45:00,2025,8,16,11,45,Saturday,11:45,Suspected Serious Injury,Daylight,Clear,Pedal-Cycle,None,THP District 8 - Jackson,THP,-,-,-,-,-,-,Pedalcyclist,-,-,-,-,-,-,Carroll,Not in City Limit,7
84923,400338747,0,3,36.27273,-86.73611,3,2025-08-17 03:10:00,2025,8,17,3,10,Sunday,03:10,Suspected Serious Injury,Dark-Lighted,Clear,Motor Vehicle-In-Transport On Same Roadway,None,METROPOLITAN NASHVILLE POLICE DEPT,Other,Unbelted,-,Drinking,Drug,-,-,-,-,-,-,-,-,-,Davidson,Nashville,1