OBJECTID,MRN,Fatality,Injury,Latitude,Longitude,THP_District,Collision_Date,Collision_Year,Collision_Month,Collision_Day,Collision_Hour,Collision_Min,Collision_DOW,Collision_Time,Crash_Type,Light_Condition,Weather,First_Harmfu_Event,Work_Zone_Type,Agency_Name,THP,Unbelted,Distracted_Driver,Driver_Drinking,Driver_Drugged,Drowsy_Driver,Speeding_Involved,Pedalcyclist,Pedestrian,Other_Nonmotorist,ATV_Involved,LargeTruck_Involved,Motorcycle_Involved,SchoolBus,County,City,DOW_Nmb
84926,400338818,0,1,36.24402,-87.77551,3,2025-08-16 11:28:00,2025,8,16,11,28,Saturday,11:28,Suspected Serious Injury,,Clear,Embankment Earth,None,THP District 3 - Nashville,THP,Unbelted,-,-,-,-,-,-,-,-,-,-,-,-,Houston,Not in City Limit,7
84928,400338842,0,3,35.57781,-84.27187,1,2025-08-16 16:17:00,2025,8,16,16,17,Saturday,16:17,Suspected Serious Injury,Daylight,Clear,Motor Vehicle-In-Transport On Same Roadway,None,VONORE POLICE DEPT,Other,Unbelted,-,-,-,-,-,-,-,-,-,-,-,-,Monroe,Vonore,7
84931,400338862,0,1,36.2419,-84.16516,1,2025-08-16 00:00:00,2025,8,16,24,0,Saturday,24:00,Suspected Serious Injury,Daylight,Clear,Unknown,None,ROCKY TOP POLICE DEPT,Other,Unbelted,-,-,-,-,-,-,-,-,-,-,Motorcyclist,-,Campbell,OTHER,7
84933,400338877,0,1,35.92594,-83.95378,1,2025-08-17 09:21:00,2025,8,17,9,21,Sunday,09:21,Suspected Serious Injury,Daylight,Clear,Other Non-Collision,Construction Zone,KNOXVILLE POLICE DEPT,Other,-,-,-,-,-,-,-,-,-,-,-,Motorcyclist,-,Knox,Knoxville,1
84935,400338948,1,0,36.3886,-86.44535,3,2025-08-17 02:49:00,2025,8,17,2,49,Sunday,02:49,Fatal,Dark-Lighted,Clear,Curb,None,GALLATIN POLICE DEPT,Other,-,-,Drinking,-,-,-,-,-,-,-,-,Motorcyclist,-,Sumner,Gallatin,1
84941,400339077,0,4,35.43143,-85.72732,2,2025-08-17 11:15:00,2025,8,17,11,15,Sunday,11:15,Suspected Serious Injury,Daylight,Clear,Motor Vehicle-In-Transport On Same Roadway,None,GRUNDY CO SHERIFFS OFFICE,Other,Unbelted,-,-,-,-,-,-,-,-,-,-,-,-,Grundy,Altamont,1
84947,400339127,0,2,35.74556,-83.83489,1,2025-08-16 18:54:00,2025,8,16,18,54,Saturday,18:54,Suspected Serious Injury,Daylight,Clear,Motor Vehicle-In-Transport On Same Roadway,None,THP District 1 - Knoxville,THP,Unbelted,-,-,-,-,Speeding,-,-,-,-,-,-,-,Blount,Not in City Limit,7
84954,400339231,0,4,36.07343,-83.96135,1,2025-08-16 00:00:00,2025,8,16,24,0,Saturday,24:00,Suspected Serious Injury,Daylight,Rain,Motor Vehicle-In-Transport On Same Roadway,None,THP District 1 - Knoxville,THP,Unbelted,-,Drinking,Drug,-,Speeding,-,-,-,-,-,-,-,Knox,Not in City Limit,7
84957,400339331,0,4,35.90949,-85.05926,6,2025-08-17 13:22:00,2025,8,17,13,22,Sunday,13:22,Suspected Serious Injury,Daylight,Clear,Motor Vehicle-In-Transport On Same Roadway,None,CROSSVILLE POLICE DEPT,Other,Unbelted,-,-,-,-,-,-,-,-,-,-,-,-,Cumberland,Crossville,1
84972,400339589,1,0,36.41654,-81.76798,5,2025-08-15 22:45:00,2025,8,15,22,45,Friday,22:45,Fatal,Dark-Not Lighted,Clear,Embankment Earth,None,THP District 5 - Fall Branch,THP,Unbelted,-,Drinking,-,-,-,-,-,-,-,-,-,-,Johnson,Not in City Limit,6
84974,400339642,0,6,35.03287,-84.73262,2,2025-08-17 16:16:00,2025,8,17,16,16,Sunday,16:16,Suspected Serious Injury,Daylight,Clear,Motor Vehicle-In-Transport On Same Roadway,None,THP District 2 - Chattanooga,THP,Unbelted,-,-,-,-,-,-,-,-,-,-,-,-,Polk,Not in City Limit,1
84981,400339880,0,4,35.98559,-86.49406,3,2025-08-17 16:19:00,2025,8,17,16,19,Sunday,16:19,Suspected Serious Injury,Daylight,Clear,Motor Vehicle-In-Transport On Same Roadway,None,SMYRNA POLICE DEPT,Other,Unbelted,-,-,-,-,-,-,-,-,-,-,-,-,Rutherford,Smyrna,1
84992,400340079,0,3,35.85993,-86.39097,3,2025-08-17 14:15:00,2025,8,17,14,15,Sunday,14:15,Suspected Serious Injury,Daylight,Clear,Motor Vehicle-In-Transport On Same Roadway,None,MURFREESBORO POLICE DEPT,Other,Unbelted,-,Drinking,-,-,-,-,-,-,-,-,-,-,Rutherford,Murfreesboro,1
85000,400340270,0,1,36.16816,-89.07726,8,2025-08-17 22:58:00,2025,8,17,22,58,Sunday,22:58,Suspected Serious Injury,Dark-Not Lighted,Clear,Ditch,None,THP District 8 - Jackson,THP,Unbelted,-,-,-,-,-,-,-,-,-,-,-,-,Gibson,Not in City Limit,1
85006,400340388,0,1,36.11482,-83.85427,1,2025-08-18 06:25:00,2025,8,18,6,25,Monday,06:25,Suspected Serious Injury,Daylight,Clear,Motor Vehicle-In-Transport On Same Roadway,None,THP District 1 - Knoxville,THP,Unbelted,-,-,-,-,-,-,-,-,-,-,Motorcyclist,-,Knox,Knoxville,2
85009,400340489,0,1,36.23568,-86.75822,3,2025-08-14 13:19:00,2025,8,14,13,19,Thursday,13:19,Suspected Serious Injury,Daylight,Clear,Utility Pole,None,METROPOLITAN NASHVILLE POLICE DEPT,Other,Unbelted,-,Drinking,Drug,-,-,-,-,-,-,-,-,-,Davidson,Nashville,5
85040,400341172,0,1,35.07243,-86.54633,7,2025-08-16 22:07:00,2025,8,16,22,7,Saturday,22:07,Suspected Serious Injury,Dark-Not Lighted,Clear,Standing Tree,None,THP District 7 - Lawrenceburg,THP,Unbelted,-,-,-,-,-,-,-,-,-,-,-,-,Lincoln,Not in City Limit,7
85044,400341211,0,4,36.43701,-85.61064,6,2025-08-15 20:00:00,2025,8,15,20,0,Friday,20:00,Suspected Serious Injury,Dark-Not Lighted,Clear,Embankment Rock/Stone/Concrete,None,THP District 6 - Cookeville,THP,Unbelted,Distracted,Drinking,-,-,-,-,-,-,-,-,-,-,Jackson,Not in City Limit,6
85054,400341490,0,2,35.51259,-83.98702,1,2025-08-17 16:25:00,2025,8,17,16,25,Sunday,16:25,Suspected Serious Injury,Daylight,Clear,Motor Vehicle-In-Transport On Same Roadway,None,BLOUNT CO SHERIFFS DEPT,Other,-,-,-,-,-,-,-,-,-,-,-,Motorcyclist,-,Blount,Not in City Limit,1
85061,400341643,0,1,36.1026,-87.66404,3,2025-08-18 16:56:00,2025,8,18,16,56,Monday,16:56,Suspected Serious Injury,Daylight,Clear,Motor Vehicle-In-Transport On Same Roadway,None,THP District 3 - Nashville,THP,Unbelted,-,-,-,-,-,-,-,-,-,-,Motorcyclist,-,Humphreys,Not in City Limit,2
85066,400341690,0,1,36.01892,-83.66568,1,2025-08-18 18:15:00,2025,8,18,18,15,Monday,18:15,Suspected Serious Injury,Dusk,Clear,Motor Vehicle-In-Transport On Same Roadway,None,SEVIER CO SHERIFFS OFFICE,Other,Unbelted,-,-,-,-,-,-,-,-,-,-,-,-,Sevier,Not in City Limit,2
85068,400341705,0,2,35.93491,-84.01429,1,2025-08-18 16:18:00,2025,8,18,16,18,Monday,16:18,Suspected Serious Injury,Daylight,Clear,Motor Vehicle-In-Transport On Same Roadway,None,KNOXVILLE POLICE DEPT,Other,Unbelted,-,-,-,-,-,-,-,-,-,-,-,-,Knox,Knoxville,2
85073,400341750,0,1,36.01646,-83.06,5,2025-08-18 00:00:00,2025,8,18,24,0,Monday,24:00,Suspected Serious Injury,Daylight,Clear,Deer,None,COCKE CO SHERIFFS DEPT,Other,-,-,-,-,-,-,-,-,-,-,-,Motorcyclist,-,Cocke,Not in City Limit,2
85077,400341955,0,1,36.12388,-86.71638,3,2025-08-18 20:31:00,2025,8,18,20,31,Monday,20:31,Suspected Serious Injury,Dark-Lighted,Clear,Embankment Rock/Stone/Concrete,None,METROPOLITAN NASHVILLE POLICE DEPT,Other,Unbelted,-,-,-,Drowsy,Speeding,-,-,-,-,-,-,-,Davidson,Nashville,2
85100,400342342,0,1,36.56266,-82.15406,5,2025-08-19 07:48:00,2025,8,19,7,48,Tuesday,07:48,Suspected Serious Injury,Daylight,Clear,Pedal-Cycle,None,SULLIVAN CO SHERIFFS DEPT,Other,Unbelted,-,-,-,-,-,Pedalcyclist,-,-,-,-,-,-,Sullivan,Not in City Limit,3
85103,400342565,0,2,35.90121,-87.14381,3,2025-08-15 08:43:00,2025,8,15,8,43,Friday,08:43,Suspected Serious Injury,Daylight,Clear,Embankment Rock/Stone/Concrete,None,THP District 3 - Nashville,THP,Unbelted,-,-,-,-,-,-,-,-,-,-,-,-,Williamson,Not in City Limit,6
85104,400342592,0,2,36.31275,-83.31314,5,2025-08-18 11:18:00,2025,8,18,11,18,Monday,11:18,Suspected Serious Injury,Daylight,Clear,Motor Vehicle-In-Transport On Same Roadway,None,THP District 5 - Fall Branch,THP,Unbelted,-,-,-,-,-,-,-,-,-,-,Motorcyclist,-,Grainger,Not in City Limit,2
85105,400342611,1,0,36.38568,-89.10675,8,2025-08-18 13:25:00,2025,8,18,13,25,Monday,13:25,Fatal,Daylight,Clear,Motor Vehicle-In-Transport On Same Roadway,None,THP District 8 - Jackson,THP,Unbelted,-,-,Drug,-,-,-,-,-,-,-,-,-,Obion,Not in City Limit,2
85106,400342623,0,2,36.23983,-86.77451,3,2025-08-19 08:28:00,2025,8,19,8,28,Tuesday,08:28,Suspected Serious Injury,Daylight,Clear,Motor Vehicle-In-Transport On Same Roadway,None,METROPOLITAN NASHVILLE POLICE DEPT,Other,Unbelted,-,-,-,-,-,-,-,-,-,-,-,-,Davidson,Nashville,3
85115,400342820,0,1,36.5318,-82.32723,5,2025-08-19 07:59:00,2025,8,19,7,59,Tuesday,07:59,Suspected Serious Injury,Daylight,Clear,Motor Vehicle-In-Transport On Same Roadway,None,THP District 5 - Fall Branch,THP,Unbelted,-,-,-,-,-,-,-,-,-,ATV_Involved,-,-,Sullivan,Not in City Limit,3
85118,400342855,0,2,36.15047,-86.80119,3,2025-08-17 02:06:00,2025,8,17,2,6,Sunday,02:06,Suspected Serious Injury,Dark-Lighted,Clear,Pedestrian,None,METROPOLITAN NASHVILLE POLICE DEPT,Other,Unbelted,-,-,-,-,-,-,Pedestrian,-,-,-,-,-,Davidson,Nashville,1
85138,400343215,0,3,35.79201,-86.84373,3,2025-08-19 11:10:00,2025,8,19,11,10,Tuesday,11:10,Suspected Serious Injury,Daylight,Clear,Motor Vehicle-In-Transport On Same Roadway,None,WILLIAMSON CO SHERIFFS OFFICE,Other,Unbelted,-,-,-,Drowsy,-,-,-,-,-,ATV_Involved,-,-,Williamson,Thompson's Station,3
85143,400343340,1,0,36.31901,-84.62315,1,2025-08-18 22:55:00,2025,8,18,22,55,Monday,22:55,Fatal,Dark-Not Lighted,Fog,"Over Turn, Roll Over",None,THP District 1 - Knoxville,THP,-,-,-,-,-,Speeding,-,-,-,ATV_Involved,-,-,-,Scott,Not in City Limit,2
85150,400343431,0,1,35.76077,-88.68147,8,2025-08-18 14:33:00,2025,8,18,14,33,Monday,14:33,Suspected Serious Injury,Daylight,Clear,Standing Tree,None,THP District 8 - Jackson,THP,Unbelted,-,-,-,-,-,-,-,-,-,-,-,-,Madison,Not in City Limit,2
85153,400343503,1,0,36.18896,-85.5249,6,2025-08-19 14:36:00,2025,8,19,14,36,Tuesday,14:36,Fatal,Daylight,Clear,Standing Tree,None,THP District 6 - Cookeville,THP,Unbelted,-,-,-,-,-,-,-,-,-,-,-,-,Putnam,Not in City Limit,3
85158,400343607,0,1,36.03611,-84.12988,1,2025-08-19 15:25:00,2025,8,19,15,25,Tuesday,15:25,Suspected Serious Injury,Daylight,Clear,Motor Vehicle-In-Transport On Same Roadway,None,THP District 1 - Knoxville,THP,Unbelted,-,-,-,-,-,-,-,-,-,-,-,-,Anderson,Not in City Limit,3
85169,400343825,1,0,35.69627,-89.70368,4,2025-08-19 15:47:00,2025,8,19,15,47,Tuesday,15:47,Fatal,Daylight,Clear,Standing Tree,None,THP District 4 - Memphis,THP,Unbelted,-,-,-,-,-,-,-,-,-,-,-,-,Lauderdale,Not in City Limit,3
85173,400343904,0,1,35.95732,-85.00035,6,2025-08-19 17:44:00,2025,8,19,17,44,Tuesday,17:44,Suspected Serious Injury,Daylight,Clear,Mail Box,None,CROSSVILLE POLICE DEPT,Other,Unbelted,-,Drinking,-,-,Speeding,-,-,-,-,-,-,-,Cumberland,Crossville,3
85174,400343928,0,3,35.46383,-85.83733,2,2025-08-19 15:33:00,2025,8,19,15,33,Tuesday,15:33,Suspected Serious Injury,Daylight,Clear,Motor Vehicle-In-Transport On Same Roadway,None,THP District 2 - Chattanooga,THP,Unbelted,-,-,-,Drowsy,-,-,-,-,-,-,-,-,Grundy,Not in City Limit,3
85175,400343949,0,1,36.34808,-82.13886,5,2025-08-15 16:11:00,2025,8,15,16,11,Friday,16:11,Suspected Serious Injury,Daylight,Clear,Ditch,None,CARTER CO SHERIFFS DEPT,Other,Unbelted,-,-,-,-,-,-,-,-,-,-,-,-,Carter,Not in City Limit,6
85178,400344023,0,3,35.49971,-86.31576,7,2025-08-19 01:14:00,2025,8,19,1,14,Tuesday,01:14,Suspected Serious Injury,Dark-Not Lighted,Clear,Embankment Earth,None,THP District 7 - Lawrenceburg,THP,Unbelted,-,Drinking,-,-,-,-,-,-,-,-,-,-,Bedford,Not in City Limit,3
85184,400344144,0,1,34.99834,-84.73527,2,2025-08-19 20:50:00,2025,8,19,20,50,Tuesday,20:50,Suspected Serious Injury,Dark-Not Lighted,Clear,Guard Rail End,None,THP District 2 - Chattanooga,THP,Unbelted,-,-,-,-,-,-,-,-,-,-,-,-,Polk,Not in City Limit,3
85193,400344354,1,0,35.39702,-89.52716,4,2025-08-19 22:16:00,2025,8,19,22,16,Tuesday,22:16,Fatal,Dark-Not Lighted,Clear,Ditch,None,THP District 4 - Memphis,THP,-,-,-,-,-,-,-,-,-,-,-,Motorcyclist,-,Fayette,Not in City Limit,3
85201,400344597,0,2,36.03984,-83.58897,5,2025-08-20 07:43:00,2025,8,20,7,43,Wednesday,07:43,Suspected Serious Injury,Daylight,Clear,Motor Vehicle-In-Transport On Same Roadway,None,JEFFERSON CO SHERIFFS DEPT,Other,Unbelted,Distracted,-,-,-,-,-,-,-,-,-,-,-,Jefferson,Not in City Limit,4
85208,400344797,0,1,35.39353,-85.40148,2,2025-08-15 09:29:00,2025,8,15,9,29,Friday,09:29,Suspected Serious Injury,Daylight,Clear,Paved Surface-Irregular,None,SEQUATCHIE CO SHERIFFS DEPT,Other,-,-,-,-,-,-,-,-,-,-,-,Motorcyclist,-,Sequatchie,Not in City Limit,6
85217,400345116,0,1,36.23689,-86.75955,3,2025-08-18 23:53:00,2025,8,18,23,53,Monday,23:53,Suspected Serious Injury,Dark-Not Lighted,Clear,Pedestrian,None,METROPOLITAN NASHVILLE POLICE DEPT,Other,Unbelted,-,-,-,-,-,-,Pedestrian,-,-,-,-,-,Davidson,Nashville,2
85227,400345517,1,0,35.16185,-86.14091,2,2025-08-20 07:55:00,2025,8,20,7,55,Wednesday,07:55,Fatal,Daylight,Clear,Motor Vehicle-In-Transport On Same Roadway,None,THP District 2 - Chattanooga,THP,Unbelted,-,Drinking,Drug,-,-,-,-,-,-,ATV_Involved,-,-,Franklin,Not in City Limit,4
85256,400346366,1,0,35.96607,-85.71078,6,2025-08-19 14:56:00,2025,8,19,14,56,Tuesday,14:56,Fatal,Daylight,Clear,Guard Rail Face,None,THP District 6 - Cookeville,THP,-,-,-,-,-,-,-,-,-,-,-,Motorcyclist,-,DeKalb,Not in City Limit,3
85260,400346428,1,4,35.20102,-85.04162,2,2025-08-17 21:14:00,2025,8,17,21,14,Sunday,21:14,Fatal,Dark-Not Lighted,Clear,Motor Vehicle-In-Transport On Same Roadway,None,HAMILTON COUNTY SHERIFF'S OFFICE,Other,Unbelted,-,Drinking,Drug,-,-,-,-,-,-,-,-,-,Hamilton,Not in City Limit,1
85263,400346454,0,1,35.26382,-87.38213,7,2025-08-20 18:30:00,2025,8,20,18,30,Wednesday,18:30,Suspected Serious Injury,Daylight,Rain,Culvert,None,THP District 7 - Lawrenceburg,THP,Unbelted,-,-,-,-,Speeding,-,-,-,-,-,-,-,Lawrence,Not in City Limit,4
85270,400346617,0,2,36.08344,-87.40908,3,2025-08-15 22:40:00,2025,8,15,22,40,Friday,22:40,Suspected Serious Injury,Dark-Lighted,Clear,Motor Vehicle-In-Transport On Same Roadway,None,DICKSON POLICE DEPT,Other,Unbelted,-,Drinking,Drug,-,-,-,-,-,-,-,-,-,Dickson,Dickson,6
85275,400346669,0,2,35.82832,-84.12744,1,2025-08-20 16:42:00,2025,8,20,16,42,Wednesday,16:42,Suspected Serious Injury,Daylight,Cloudy,Other Non-Collision,None,BLOUNT CO SHERIFFS DEPT,Other,Unbelted,-,Drinking,-,-,-,-,-,-,-,-,-,-,Blount,Not in City Limit,4
85276,400346732,0,3,36.13526,-84.2608,1,2025-08-17 02:02:00,2025,8,17,2,2,Sunday,02:02,Suspected Serious Injury,Dark-Not Lighted,Clear,Standing Tree,None,THP District 1 - Knoxville,THP,-,Distracted,Drinking,-,-,-,-,-,-,-,-,-,-,Anderson,Not in City Limit,1
85287,400346999,0,1,36.20968,-83.28205,5,2025-08-20 13:38:00,2025,8,20,13,38,Wednesday,13:38,Suspected Serious Injury,Daylight,Clear,Motor Vehicle-In-Transport On Same Roadway,None,MORRISTOWN POLICE DEPT,Other,Unbelted,-,-,-,-,-,-,-,-,-,-,-,-,Hamblen,Morristown,4
85292,400347034,0,3,35.51399,-86.11591,2,2025-08-21 05:21:00,2025,8,21,5,21,Thursday,05:21,Suspected Serious Injury,Dark-Not Lighted,Cloudy,"Over Turn, Roll Over",None,THP District 2 - Chattanooga,THP,Unbelted,-,-,-,Drowsy,-,-,-,-,-,ATV_Involved,-,-,Coffee,Not in City Limit,5
85307,400347615,0,1,36.40524,-87.03157,3,2025-08-15 21:51:00,2025,8,15,21,51,Friday,21:51,Suspected Serious Injury,Dark-Not Lighted,Clear,"Over Turn, Roll Over",None,THP District 3 - Nashville,THP,-,-,-,-,-,-,-,-,-,-,-,Motorcyclist,-,Robertson,Coopertown,6
85326,400347991,0,1,36.26382,-86.71164,3,2025-08-21 11:28:00,2025,8,21,11,28,Thursday,11:28,Suspected Serious Injury,Daylight,Cloudy,Motor Vehicle-In-Transport On Same Roadway,None,METROPOLITAN NASHVILLE POLICE DEPT,Other,Unbelted,-,-,-,-,-,-,-,-,-,-,Motorcyclist,-,Davidson,Nashville,5
85332,400348190,0,1,35.40628,-86.23377,2,2025-08-21 09:35:00,2025,8,21,9,35,Thursday,09:35,Suspected Serious Injury,Daylight,Cloudy,Culvert,None,THP District 2 - Chattanooga,THP,-,-,Drinking,-,-,Speeding,-,-,-,-,-,Motorcyclist,-,Coffee,Not in City Limit,5
85346,400348479,0,2,35.62143,-86.91175,7,2025-08-21 15:03:00,2025,8,21,15,3,Thursday,15:03,Suspected Serious Injury,Daylight,Cloudy,Motor Vehicle-In-Transport On Same Roadway,None,THP District 7 - Lawrenceburg,THP,Unbelted,-,-,-,-,-,-,-,-,-,-,-,-,Maury,Not in City Limit,5
85349,400348559,0,3,35.20687,-85.1739,2,2025-08-21 14:14:00,2025,8,21,14,14,Thursday,14:14,Suspected Serious Injury,Daylight,Clear,Culvert,None,HAMILTON COUNTY SHERIFF'S OFFICE,Other,Unbelted,-,-,-,-,-,-,-,-,-,-,-,-,Hamilton,Not in City Limit,5
85371,400348895,0,2,35.30863,-87.94705,7,2025-08-20 20:45:00,2025,8,20,20,45,Wednesday,20:45,Suspected Serious Injury,Dark-Not Lighted,Clear,Ditch,None,THP District 7 - Lawrenceburg,THP,Unbelted,-,-,-,-,-,-,-,-,-,-,-,-,Wayne,Not in City Limit,4
85375,400348917,3,0,34.9988,-85.23557,2,2025-08-12 23:45:00,2025,8,12,23,45,Tuesday,23:45,Fatal,Dark-Not Lighted,Rain,Thrown Or Falling Object,None,EAST RIDGE POLICE DEPT,Other,Unbelted,-,-,-,-,-,-,-,-,-,-,-,-,Hamilton,East Ridge,3
85387,400348989,0,1,35.64369,-86.99279,7,2025-08-22 02:53:00,2025,8,22,2,53,Friday,02:53,Suspected Serious Injury,Dark-Not Lighted,Clear,Embankment Earth,None,THP District 7 - Lawrenceburg,THP,-,-,-,-,-,-,-,-,-,-,-,Motorcyclist,-,Maury,Not in City Limit,6
85393,400349018,0,1,35.91845,-85.19547,6,2025-08-22 03:51:00,2025,8,22,3,51,Friday,03:51,Suspected Serious Injury,Dark-Not Lighted,Fog,"Over Turn, Roll Over",None,CUMBERLAND CO SHERIFFS OFFICE,Other,Unbelted,-,Drinking,-,-,Speeding,-,-,-,-,-,-,-,Cumberland,Not in City Limit,6
85394,400349021,0,1,36.17149,-86.51297,3,2025-08-18 15:00:00,2025,8,18,15,0,Monday,15:00,Suspected Serious Injury,Daylight,Clear,Motor Vehicle-In-Transport On Different Roadway,None,MOUNT JULIET POLICE DEPT,Other,Unbelted,Distracted,-,-,-,-,-,-,-,-,-,-,-,Wilson,Mount Juliet,2
85409,400349125,0,4,36.30054,-86.71131,3,2025-08-22 06:12:00,2025,8,22,6,12,Friday,06:12,Suspected Serious Injury,Daylight,Clear,Motor Vehicle-In-Transport On Same Roadway,None,GOODLETTSVILLE POLICE DEPT,Other,Unbelted,-,-,-,-,-,-,-,-,-,-,-,-,Davidson,Goodlettsville,6
85413,400349138,0,1,36.15304,-86.84846,3,2025-08-22 09:46:00,2025,8,22,9,46,Friday,09:46,Suspected Serious Injury,Daylight,Clear,Motor Vehicle-In-Transport On Same Roadway,None,METROPOLITAN NASHVILLE POLICE DEPT,Other,Unbelted,-,-,-,-,-,-,-,-,-,-,-,-,Davidson,Nashville,6
85424,400349212,0,2,35.34988,-86.23704,2,2025-08-22 11:10:00,2025,8,22,11,10,Friday,11:10,Suspected Serious Injury,Daylight,Cloudy,Motor Vehicle-In-Transport On Same Roadway,None,TULLAHOMA POLICE DEPT,Other,Unbelted,-,-,-,-,-,-,-,-,-,-,Motorcyclist,-,Coffee,Tullahoma,6
85425,400349213,0,2,36.1521,-86.79727,3,2025-08-22 12:30:00,2025,8,22,12,30,Friday,12:30,Suspected Serious Injury,Daylight,Cloudy,Motor Vehicle-In-Transport On Same Roadway,None,METROPOLITAN NASHVILLE POLICE DEPT,Other,Unbelted,-,-,-,-,-,-,-,-,-,-,-,-,Davidson,Nashville,6
85426,400349234,0,1,35.78626,-89.41936,4,2025-08-21 18:47:00,2025,8,21,18,47,Thursday,18:47,Suspected Serious Injury,Daylight,Clear,"Over Turn, Roll Over",None,THP District 4 - Memphis,THP,Unbelted,-,-,-,-,-,-,-,-,-,-,-,-,Haywood,Not in City Limit,5
85434,400349286,1,6,36.04039,-86.65029,3,2025-08-22 12:27:00,2025,8,22,12,27,Friday,12:27,Fatal,Daylight,Clear,Motor Vehicle-In-Transport On Same Roadway,None,METROPOLITAN NASHVILLE POLICE DEPT,Other,Unbelted,-,-,-,-,-,-,-,-,-,-,-,-,Davidson,Nashville,6
85444,400349328,0,1,35.76551,-85.97715,6,2025-08-22 16:08:00,2025,8,22,16,8,Friday,16:08,Suspected Serious Injury,Daylight,Clear,Motor Vehicle-In-Transport On Same Roadway,None,THP District 6 - Cookeville,THP,Unbelted,-,-,-,-,-,-,-,-,-,-,-,-,Cannon,Not in City Limit,6
85456,400349386,0,2,35.50431,-88.15931,8,2025-08-22 15:42:00,2025,8,22,15,42,Friday,15:42,Suspected Serious Injury,Daylight,Clear,Motor Vehicle-In-Transport On Same Roadway,None,THP District 8 - Jackson,THP,Unbelted,-,-,-,-,-,-,-,-,-,-,-,-,Decatur,Not in City Limit,6
85460,400349397,0,1,36.21352,-83.22978,5,2025-08-22 18:51:00,2025,8,22,18,51,Friday,18:51,Suspected Serious Injury,Daylight,Clear,Other Non-Collision,None,THP District 5 - Fall Branch,THP,Unbelted,-,Drinking,Drug,-,-,-,-,-,-,-,-,-,Hamblen,Not in City Limit,6
85464,400349414,1,0,35.56428,-87.55018,7,2025-08-21 22:50:00,2025,8,21,22,50,Thursday,22:50,Fatal,Dark-Not Lighted,Clear,Pedestrian,None,THP District 7 - Lawrenceburg,THP,Unbelted,Distracted,-,-,-,-,-,Pedestrian,-,-,-,-,-,Lewis,Not in City Limit,5
85465,400349422,0,2,35.70323,-89.0326,4,2025-08-22 15:30:00,2025,8,22,15,30,Friday,15:30,Suspected Serious Injury,Daylight,Clear,Motor Vehicle-In-Transport On Same Roadway,None,THP District 4 - Memphis,THP,Unbelted,-,-,-,-,-,-,-,-,-,-,-,-,Crockett,Not in City Limit,6
85480,400349464,0,1,36.21455,-88.20069,8,2025-08-22 16:28:00,2025,8,22,16,28,Friday,16:28,Suspected Serious Injury,Daylight,Clear,"Over Turn, Roll Over",None,THP District 8 - Jackson,THP,-,-,-,-,-,-,-,-,-,-,-,Motorcyclist,-,Henry,Not in City Limit,6
85482,400349470,0,1,35.47022,-85.03521,2,2025-08-22 21:28:00,2025,8,22,21,28,Friday,21:28,Suspected Serious Injury,Dark-Not Lighted,Cloudy,Motor Vehicle-In-Transport On Same Roadway,None,DAYTON POLICE DEPT,Other,Unbelted,-,-,-,-,-,-,-,-,-,-,Motorcyclist,-,Rhea,Dayton,6
85485,400349476,0,1,36.27213,-88.2428,8,2025-08-22 19:52:00,2025,8,22,19,52,Friday,19:52,Suspected Serious Injury,Dark-Not Lighted,Clear,Paved Surface-Irregular,None,THP District 8 - Jackson,THP,-,-,-,-,-,-,-,-,-,-,-,Motorcyclist,-,Henry,Not in City Limit,6
85487,400349479,0,2,35.80459,-83.57587,1,2025-08-22 21:37:00,2025,8,22,21,37,Friday,21:37,Suspected Serious Injury,Dark-Lighted,Rain,Pedestrian,None,PIGEON FORGE POLICE DEPT,Other,Unbelted,-,-,-,-,-,-,Pedestrian,-,-,-,-,-,Sevier,Pigeon Forge,6
85489,400349483,0,4,36.2933,-88.42017,8,2025-08-22 17:15:00,2025,8,22,17,15,Friday,17:15,Suspected Serious Injury,Daylight,Clear,Motor Vehicle-In-Transport On Same Roadway,None,THP District 8 - Jackson,THP,Unbelted,-,-,-,-,-,-,-,-,-,-,-,-,Henry,Not in City Limit,6
85490,400349485,0,2,35.33572,-87.16712,7,2025-08-22 21:00:00,2025,8,22,21,0,Friday,21:00,Suspected Serious Injury,Dark-Not Lighted,Clear,Ditch,None,THP District 7 - Lawrenceburg,THP,Unbelted,-,-,-,-,-,-,-,-,-,-,-,-,Giles,Not in City Limit,6
85499,400349506,0,4,36.30451,-86.81424,3,2025-08-22 23:45:00,2025,8,22,23,45,Friday,23:45,Suspected Serious Injury,Dark-Not Lighted,Clear,Motor Vehicle-In-Transport On Same Roadway,None,METROPOLITAN NASHVILLE POLICE DEPT,Other,Unbelted,Distracted,-,-,-,-,-,-,-,-,ATV_Involved,-,-,Davidson,Nashville,6
85514,400349578,0,1,36.33395,-86.81611,3,2025-08-23 02:45:00,2025,8,23,2,45,Saturday,02:45,Suspected Serious Injury,Dark-Lighted,Clear,"Over Turn, Roll Over",None,METROPOLITAN NASHVILLE POLICE DEPT,Other,-,-,Drinking,-,-,-,-,-,-,-,-,Motorcyclist,-,Davidson,Nashville,7