OBJECTID,MRN,Fatality,Injury,Latitude,Longitude,THP_District,Collision_Date,Collision_Year,Collision_Month,Collision_Day,Collision_Hour,Collision_Min,Collision_DOW,Collision_Time,Crash_Type,Light_Condition,Weather,First_Harmfu_Event,Work_Zone_Type,Agency_Name,THP,Unbelted,Distracted_Driver,Driver_Drinking,Driver_Drugged,Drowsy_Driver,Speeding_Involved,Pedalcyclist,Pedestrian,Other_Nonmotorist,ATV_Involved,LargeTruck_Involved,Motorcycle_Involved,SchoolBus,County,City,DOW_Nmb
85516,400349593,0,1,35.17769,-85.94375,2,2025-08-22 12:31:00,2025,8,22,12,31,Friday,12:31,Suspected Serious Injury,Daylight,Cloudy,Highway Traffic Sign Post,None,THP District 2 - Chattanooga,THP,Unbelted,-,-,-,-,-,-,-,-,-,-,-,-,Franklin,Not in City Limit,6
85519,400349621,0,1,35.8729,-86.86981,3,2025-08-23 08:38:00,2025,8,23,8,38,Saturday,08:38,Suspected Serious Injury,Daylight,Cloudy,Other Post/Pole Support,None,WILLIAMSON CO SHERIFFS OFFICE,Other,Unbelted,-,-,-,-,-,-,-,-,-,-,-,-,Williamson,Not in City Limit,7
85524,400349662,0,1,36.22236,-86.76145,3,2025-08-23 11:00:00,2025,8,23,11,0,Saturday,11:00,Suspected Serious Injury,Daylight,Clear,Motor Vehicle-In-Transport On Same Roadway,None,METROPOLITAN NASHVILLE POLICE DEPT,Other,Unbelted,-,-,-,-,-,-,-,-,-,-,Motorcyclist,-,Davidson,Nashville,7
85525,400349663,0,2,36.20333,-83.26726,5,2025-08-23 10:45:00,2025,8,23,10,45,Saturday,10:45,Suspected Serious Injury,Daylight,Clear,Motor Vehicle-In-Transport On Same Roadway,None,MORRISTOWN POLICE DEPT,Other,Unbelted,-,-,-,-,-,-,-,-,-,-,Motorcyclist,-,Hamblen,Morristown,7
85531,400349688,0,4,35.99894,-87.32446,3,2025-08-23 11:20:00,2025,8,23,11,20,Saturday,11:20,Suspected Serious Injury,Daylight,Clear,Motor Vehicle-In-Transport On Same Roadway,None,THP District 3 - Nashville,THP,Unbelted,-,-,-,-,-,-,-,-,-,-,-,-,Dickson,Not in City Limit,7
85535,400349702,0,1,35.18749,-85.34986,2,2025-08-23 09:15:00,2025,8,23,9,15,Saturday,09:15,Suspected Serious Injury,Daylight,Cloudy,Motor Vehicle-In-Transport On Same Roadway,None,HAMILTON COUNTY SHERIFF'S OFFICE,Other,Unbelted,Distracted,-,-,-,-,-,-,-,-,-,-,-,Hamilton,Not in City Limit,7
85537,400349713,1,0,35.94551,-86.54447,3,2025-08-23 11:40:00,2025,8,23,11,40,Saturday,11:40,Fatal,Unknown,Unknown,Standing Tree,None,THP District 3 - Nashville,THP,Unbelted,-,Drinking,Drug,-,-,-,-,-,-,-,-,-,Rutherford,Not in City Limit,7
85542,400349724,0,1,35.19863,-86.09592,2,2025-08-23 09:23:00,2025,8,23,9,23,Saturday,09:23,Suspected Serious Injury,Daylight,Clear,Building,None,WINCHESTER POLICE DEPT,Other,Unbelted,-,-,-,-,Speeding,-,-,-,-,-,-,-,Franklin,Winchester,7
85545,400349751,0,1,36.17697,-86.75443,3,2025-08-23 14:49:00,2025,8,23,14,49,Saturday,14:49,Suspected Serious Injury,Daylight,Clear,Pedestrian,None,METROPOLITAN NASHVILLE POLICE DEPT,Other,Unbelted,-,-,-,-,-,-,Pedestrian,-,-,-,-,-,Davidson,Nashville,7
85548,400349773,0,1,36.35079,-89.44676,8,2025-08-16 15:15:00,2025,8,16,15,15,Saturday,15:15,Suspected Serious Injury,Daylight,Clear,Pedestrian,None,THP District 8 - Jackson,THP,Unbelted,-,-,-,-,-,-,Pedestrian,-,-,-,-,-,Lake,Not in City Limit,7
85569,400349857,0,4,35.68241,-86.06195,6,2025-08-23 16:51:00,2025,8,23,16,51,Saturday,16:51,Suspected Serious Injury,Daylight,Clear,Motor Vehicle-In-Transport On Same Roadway,None,THP District 6 - Cookeville,THP,Unbelted,-,-,-,-,-,-,-,-,-,-,-,-,Cannon,Not in City Limit,7
85576,400349883,0,1,35.33692,-84.52943,2,2025-08-23 18:46:00,2025,8,23,18,46,Saturday,18:46,Suspected Serious Injury,Daylight,Rain,Utility Pole,None,THP District 2 - Chattanooga,THP,Unbelted,-,-,-,-,Speeding,-,-,-,-,-,-,-,McMinn,Etowah,7
85582,400349900,0,1,35.53152,-84.36303,1,2025-08-23 00:00:00,2025,8,23,24,0,Saturday,24:00,Suspected Serious Injury,Dark-Lighted,Rain,Standing Tree,None,MADISONVILLE POLICE DEPT,Other,Unbelted,-,Drinking,-,-,-,-,-,-,-,-,-,-,Monroe,Madisonville,7
85584,400349909,0,4,36.15511,-86.76187,3,2025-08-23 19:05:00,2025,8,23,19,5,Saturday,19:05,Suspected Serious Injury,Dusk,Clear,Motor Vehicle-In-Transport On Same Roadway,None,METROPOLITAN NASHVILLE POLICE DEPT,Other,Unbelted,-,-,-,-,-,-,-,-,-,-,-,-,Davidson,Nashville,7
85588,400349930,0,2,36.32514,-88.8036,8,2025-08-23 01:05:00,2025,8,23,1,5,Saturday,01:05,Suspected Serious Injury,Dark-Not Lighted,Clear,Other Post/Pole Support,None,THP District 8 - Jackson,THP,Unbelted,-,Drinking,Drug,-,-,-,-,-,-,-,-,-,Weakley,Martin,7
85592,400349947,0,2,35.69789,-88.82958,8,2025-08-23 20:02:00,2025,8,23,20,2,Saturday,20:02,Suspected Serious Injury,Dark-Lighted,Clear,Motor Vehicle-In-Transport On Same Roadway,None,JACKSON POLICE DEPT,Other,Unbelted,Distracted,-,-,-,-,-,-,-,-,-,-,-,Madison,Jackson,7
85608,400350027,0,1,36.05214,-86.46711,3,2025-08-23 11:56:00,2025,8,23,11,56,Saturday,11:56,Suspected Serious Injury,Daylight,Clear,Motor Vehicle-In-Transport On Same Roadway,None,RUTHERFORD CO SHERIFFS DEPT,Other,Unbelted,-,-,-,-,Speeding,-,-,-,-,-,Motorcyclist,-,Rutherford,Not in City Limit,7
85623,400350115,1,0,36.18785,-86.10365,3,2025-08-24 09:20:00,2025,8,24,9,20,Sunday,09:20,Fatal,Daylight,Clear,Ditch,None,THP District 3 - Nashville,THP,-,-,-,-,-,-,-,-,-,-,-,Motorcyclist,-,Wilson,Not in City Limit,1
85626,400350121,0,1,36.10924,-86.2454,3,2025-08-24 06:33:00,2025,8,24,6,33,Sunday,06:33,Suspected Serious Injury,Daylight,Clear,Ditch,None,THP District 3 - Nashville,THP,Unbelted,-,-,-,-,-,-,-,-,-,-,-,-,Wilson,Not in City Limit,1
85635,400350149,0,1,36.48409,-84.54303,1,2025-08-24 12:45:00,2025,8,24,12,45,Sunday,12:45,Suspected Serious Injury,Daylight,Clear,Motor Vehicle-In-Transport On Same Roadway,None,THP District 1 - Knoxville,THP,Unbelted,-,-,-,-,-,-,-,-,-,-,Motorcyclist,-,Scott,Not in City Limit,1
85639,400350175,0,1,35.77738,-86.40156,3,2025-08-24 14:58:00,2025,8,24,14,58,Sunday,14:58,Suspected Serious Injury,Daylight,Clear,Motor Vehicle-In-Transport On Same Roadway,None,MURFREESBORO POLICE DEPT,Other,Unbelted,-,-,-,-,-,-,-,-,-,-,Motorcyclist,-,Rutherford,Murfreesboro,1
85640,400350192,0,1,35.2418,-85.85132,2,2025-08-24 13:20:00,2025,8,24,13,20,Sunday,13:20,Suspected Serious Injury,Daylight,Clear,Parked Motor Vehicle,None,THP District 2 - Chattanooga,THP,Unbelted,-,-,-,Drowsy,-,-,-,-,-,ATV_Involved,-,-,Grundy,Monteagle,1
85641,400350198,0,1,35.14548,-84.53608,2,2025-08-24 14:48:00,2025,8,24,14,48,Sunday,14:48,Suspected Serious Injury,Daylight,Clear,Other Non-Collision,None,THP District 2 - Chattanooga,THP,-,-,-,-,-,-,-,-,-,-,-,Motorcyclist,-,Polk,Not in City Limit,1
85644,400350214,0,1,35.49498,-83.92738,1,2025-08-21 11:30:00,2025,8,21,11,30,Thursday,11:30,Suspected Serious Injury,Daylight,Clear,Ditch,None,THP District 1 - Knoxville,THP,-,-,-,-,-,-,-,-,-,-,-,Motorcyclist,-,Blount,Not in City Limit,5
85647,400350239,0,6,36.27762,-84.20637,1,2025-08-24 14:12:00,2025,8,24,14,12,Sunday,14:12,Suspected Serious Injury,Daylight,Clear,Cable Barrier,None,THP District 1 - Knoxville,THP,Unbelted,Distracted,-,-,-,-,-,-,-,-,-,-,-,Campbell,Not in City Limit,1
85648,400350242,0,1,35.71694,-88.71704,8,2025-08-24 14:03:00,2025,8,24,14,3,Sunday,14:03,Suspected Serious Injury,Daylight,Clear,Motor Vehicle-In-Transport On Same Roadway,None,THP District 8 - Jackson,THP,Unbelted,-,Drinking,Drug,-,-,-,-,-,-,-,-,-,Madison,Not in City Limit,1
85650,400350250,0,1,35.98417,-86.70692,3,2025-08-24 17:45:00,2025,8,24,17,45,Sunday,17:45,Suspected Serious Injury,Daylight,Clear,Pedal-Cycle,None,BRENTWOOD POLICE DEPT,Other,Unbelted,-,-,-,-,-,-,Pedestrian,-,-,-,-,-,Williamson,Brentwood,1
85652,400350262,0,1,35.71314,-84.28951,1,2025-08-24 18:55:00,2025,8,24,18,55,Sunday,18:55,Suspected Serious Injury,Daylight,Clear,Culvert,None,THP District 1 - Knoxville,THP,-,-,-,-,-,-,-,-,-,-,-,Motorcyclist,-,Loudon,Not in City Limit,1
85657,400350297,0,1,36.36568,-82.41169,5,2025-08-23 21:42:00,2025,8,23,21,42,Saturday,21:42,Suspected Serious Injury,Dark-Lighted,Clear,Embankment Earth,None,THP District 5 - Fall Branch,THP,Unbelted,-,Drinking,-,-,-,-,-,-,-,-,-,-,Washington,Johnson City,7
85658,400350298,1,0,35.79068,-86.40177,3,2025-08-24 16:51:00,2025,8,24,16,51,Sunday,16:51,Fatal,Daylight,Clear,Pedestrian,None,MURFREESBORO POLICE DEPT,Other,Unbelted,-,-,-,-,-,-,Pedestrian,-,-,-,-,-,Rutherford,Murfreesboro,1
85660,400350314,0,1,36.57954,-87.83332,3,2025-08-24 16:45:00,2025,8,24,16,45,Sunday,16:45,Suspected Serious Injury,Daylight,Clear,Embankment Earth,None,THP District 3 - Nashville,THP,-,-,-,-,-,-,-,-,-,-,-,Motorcyclist,-,Stewart,Not in City Limit,1
85661,400350317,0,1,35.73897,-86.9459,7,2025-08-24 01:31:00,2025,8,24,1,31,Sunday,01:31,Suspected Serious Injury,Dark-Lighted,Clear,Embankment Rock/Stone/Concrete,None,SPRING HILL POLICE DEPT,Other,Unbelted,-,Drinking,-,-,-,-,-,-,-,-,-,-,Maury,Spring Hill,1
85663,400350323,0,2,36.11472,-87.98891,8,2025-08-24 17:09:00,2025,8,24,17,9,Sunday,17:09,Suspected Serious Injury,Daylight,Clear,"Over Turn, Roll Over",None,THP District 8 - Jackson,THP,-,-,Drinking,-,Drowsy,-,-,-,-,-,-,Motorcyclist,-,Benton,Not in City Limit,1
85664,400350324,0,2,36.13311,-84.03754,1,2025-08-22 19:02:00,2025,8,22,19,2,Friday,19:02,Suspected Serious Injury,Daylight,Clear,Motor Vehicle-In-Transport On Same Roadway,None,THP District 1 - Knoxville,THP,Unbelted,-,-,Drug,-,-,-,-,-,-,ATV_Involved,-,-,Anderson,Not in City Limit,6
85669,400350339,0,1,35.31041,-85.13437,2,2025-08-24 18:58:00,2025,8,24,18,58,Sunday,18:58,Suspected Serious Injury,Daylight,Clear,Standing Tree,None,THP District 2 - Chattanooga,THP,Unbelted,-,Drinking,-,-,-,-,-,-,-,-,-,-,Hamilton,Soddy-Daisy,1
85675,400350365,0,1,35.86396,-86.45331,3,2025-08-24 15:36:00,2025,8,24,15,36,Sunday,15:36,Suspected Serious Injury,Daylight,Rain,Utility Pole,None,THP District 3 - Nashville,THP,Unbelted,-,-,-,-,-,-,-,-,-,-,-,-,Rutherford,Not in City Limit,1
85681,400350419,1,0,35.62524,-87.74777,7,2025-08-24 08:39:00,2025,8,24,8,39,Sunday,08:39,Fatal,Daylight,Clear,Standing Tree,None,THP District 7 - Lawrenceburg,THP,Unbelted,-,-,-,-,-,-,-,-,-,-,-,-,Perry,Not in City Limit,1
85713,400350575,0,1,35.77249,-83.98793,1,2025-08-25 11:25:00,2025,8,25,11,25,Monday,11:25,Suspected Serious Injury,Daylight,Clear,Pedal-Cycle,None,ALCOA POLICE DEPARTMENT,Other,-,-,-,-,-,-,Pedalcyclist,-,-,-,-,-,-,Blount,Alcoa,2
85715,400350589,0,1,35.57645,-84.09524,1,2025-08-20 11:44:00,2025,8,20,11,44,Wednesday,11:44,Suspected Serious Injury,Daylight,Cloudy,Guard Rail Face,None,BLOUNT CO SHERIFFS DEPT,Other,-,-,-,-,-,-,-,-,-,-,-,Motorcyclist,-,Blount,Not in City Limit,4
85719,400350600,0,1,36.25843,-86.7579,3,2025-08-25 10:15:00,2025,8,25,10,15,Monday,10:15,Suspected Serious Injury,Daylight,Clear,Motor Vehicle-In-Transport On Same Roadway,None,METROPOLITAN NASHVILLE POLICE DEPT,Other,Unbelted,-,-,-,-,-,-,-,-,-,-,Motorcyclist,-,Davidson,Nashville,2
85727,400350660,0,2,36.51579,-85.89365,6,2025-08-23 09:30:00,2025,8,23,9,30,Saturday,09:30,Suspected Serious Injury,Daylight,Rain,Motor Vehicle-In-Transport On Same Roadway,None,THP District 6 - Cookeville,THP,Unbelted,-,-,-,-,-,-,-,-,-,-,-,-,Macon,Not in City Limit,7
85740,400350734,0,2,35.64609,-84.68814,2,2025-08-25 16:14:00,2025,8,25,16,14,Monday,16:14,Suspected Serious Injury,Daylight,Clear,Motor Vehicle-In-Transport On Same Roadway,None,THP District 2 - Chattanooga,THP,Unbelted,-,-,-,-,-,-,-,-,-,-,-,-,Meigs,Not in City Limit,2
85751,400350772,0,1,35.86309,-86.36462,3,2025-08-25 19:19:00,2025,8,25,19,19,Monday,19:19,Suspected Serious Injury,Dusk,Clear,Pedal-Cycle,None,MURFREESBORO POLICE DEPT,Other,Unbelted,-,-,-,-,-,Pedalcyclist,-,-,-,-,-,-,Rutherford,Murfreesboro,2
85753,400350784,0,3,36.57403,-86.38559,3,2025-08-23 16:34:00,2025,8,23,16,34,Saturday,16:34,Suspected Serious Injury,Daylight,Clear,Motor Vehicle-In-Transport On Same Roadway,None,THP District 3 - Nashville,THP,Unbelted,Distracted,-,-,-,-,-,-,-,-,-,Motorcyclist,-,Sumner,Not in City Limit,7
85761,400350819,0,1,36.34529,-83.46189,5,2025-08-26 02:03:00,2025,8,26,2,3,Tuesday,02:03,Suspected Serious Injury,Dark-Not Lighted,Clear,Guard Rail Face,None,THP District 5 - Fall Branch,THP,Unbelted,-,-,-,-,-,-,-,-,-,-,-,-,Grainger,Not in City Limit,3
85788,400350999,1,0,35.80517,-83.97651,1,2025-08-26 07:52:00,2025,8,26,7,52,Tuesday,07:52,Fatal,Dawn,Clear,Pedal-Cycle,None,ALCOA POLICE DEPARTMENT,Other,Unbelted,-,-,-,-,-,Pedalcyclist,-,-,-,ATV_Involved,-,-,Blount,Alcoa,3
85795,400351038,0,1,35.2141,-86.56638,7,2025-08-26 07:44:00,2025,8,26,7,44,Tuesday,07:44,Suspected Serious Injury,Daylight,Clear,Ditch,None,THP District 7 - Lawrenceburg,THP,Unbelted,-,-,-,-,-,-,-,-,-,-,-,-,Lincoln,Not in City Limit,3
85807,400351135,0,1,35.2831,-86.19915,2,2025-08-08 16:12:00,2025,8,8,16,12,Friday,16:12,Suspected Serious Injury,Daylight,Clear,Other Non-Collision,None,FRANKLIN CO SHERIFFS DEPT,Other,-,-,-,-,-,-,-,-,-,-,-,Motorcyclist,-,Franklin,Not in City Limit,6
85808,400351138,0,1,36.23805,-83.20385,5,2025-07-13 18:00:00,2025,7,13,18,0,Sunday,18:00,Suspected Serious Injury,Daylight,Clear,Standing Tree,None,THP District 5 - Fall Branch,THP,Unbelted,-,Drinking,-,-,-,-,-,-,-,-,-,-,Hamblen,Not in City Limit,1
85825,400351237,0,4,36.58103,-83.6564,5,2025-08-22 22:05:00,2025,8,22,22,5,Friday,22:05,Suspected Serious Injury,Dark-Lighted,Clear,Motor Vehicle-In-Transport On Same Roadway,None,THP District 5 - Fall Branch,THP,Unbelted,-,-,-,-,Speeding,-,-,-,-,-,-,-,Claiborne,Harrogate,6
85840,400351296,0,3,36.30542,-83.40811,5,2025-08-25 22:45:00,2025,8,25,22,45,Monday,22:45,Suspected Serious Injury,Dark-Lighted,Clear,Boulder,None,THP District 5 - Fall Branch,THP,Unbelted,-,-,-,-,-,-,-,-,-,-,-,-,Grainger,Not in City Limit,2
85844,400351301,1,1,35.54483,-85.99736,2,2025-08-26 14:21:00,2025,8,26,14,21,Tuesday,14:21,Fatal,Daylight,Clear,Motor Vehicle-In-Transport On Same Roadway,None,THP District 2 - Chattanooga,THP,Unbelted,-,Drinking,Drug,-,-,-,-,-,-,-,-,-,Coffee,Not in City Limit,3
85848,400351326,0,1,35.23659,-87.04372,7,2025-08-26 17:50:00,2025,8,26,17,50,Tuesday,17:50,Suspected Serious Injury,Daylight,Clear,Motor Vehicle-In-Transport On Same Roadway,None,THP District 7 - Lawrenceburg,THP,Unbelted,-,-,Drug,-,-,-,-,-,-,-,-,-,Giles,Not in City Limit,3
85849,400351327,2,2,35.55153,-86.19355,2,2025-08-26 00:00:00,2025,8,26,24,0,Tuesday,24:00,Fatal,Dark-Not Lighted,Clear,Motor Vehicle-In-Transport On Same Roadway,None,THP District 2 - Chattanooga,THP,Unbelted,-,Drinking,Drug,-,-,-,-,-,-,ATV_Involved,-,-,Coffee,Not in City Limit,3
85851,400351329,0,4,35.97432,-84.9709,6,2025-08-26 18:11:00,2025,8,26,18,11,Tuesday,18:11,Suspected Serious Injury,Daylight,Clear,Motor Vehicle-In-Transport On Same Roadway,None,CROSSVILLE POLICE DEPT,Other,Unbelted,-,-,-,-,-,-,-,-,-,-,-,-,Cumberland,Crossville,3
85858,400351367,1,0,35.26503,-84.83247,2,2025-08-22 23:30:00,2025,8,22,23,30,Friday,23:30,Fatal,Dark-Not Lighted,Clear,Standing Tree,None,THP District 2 - Chattanooga,THP,Unbelted,-,Drinking,-,-,-,-,-,-,-,-,-,-,Bradley,Not in City Limit,6
85859,400351368,0,1,35.74311,-89.12219,4,2025-08-26 18:30:00,2025,8,26,18,30,Tuesday,18:30,Suspected Serious Injury,Dusk,Clear,Motor Vehicle-In-Transport On Same Roadway,None,THP District 4 - Memphis,THP,Unbelted,-,Drinking,-,-,-,-,-,-,-,-,-,-,Crockett,Not in City Limit,3
85865,400351393,0,1,36.31814,-86.88863,3,2025-08-27 00:42:00,2025,8,27,0,42,Wednesday,00:42,Suspected Serious Injury,Dark-Not Lighted,Clear,Utility Pole,None,METROPOLITAN NASHVILLE POLICE DEPT,Other,Unbelted,-,-,-,-,-,-,-,-,-,-,-,-,Davidson,Nashville,4
85876,400351480,0,6,36.03191,-87.26732,3,2025-08-27 07:48:00,2025,8,27,7,48,Wednesday,07:48,Suspected Serious Injury,Daylight,Clear,Motor Vehicle-In-Transport On Same Roadway,None,THP District 3 - Nashville,THP,Unbelted,-,-,-,-,-,-,-,-,-,-,-,-,Dickson,Not in City Limit,4
85886,400351557,0,1,35.21218,-87.11034,7,2025-08-27 08:30:00,2025,8,27,8,30,Wednesday,08:30,Suspected Serious Injury,Daylight,Clear,Embankment Earth,None,THP District 7 - Lawrenceburg,THP,Unbelted,-,-,-,Drowsy,-,-,-,-,-,-,-,-,Giles,Not in City Limit,4
85889,400351588,1,1,36.03153,-88.33676,8,2025-08-26 10:50:00,2025,8,26,10,50,Tuesday,10:50,Fatal,Daylight,Clear,Motor Vehicle-In-Transport On Same Roadway,None,THP District 8 - Jackson,THP,Unbelted,-,-,Drug,-,-,-,-,-,-,ATV_Involved,-,-,Carroll,Not in City Limit,3
85892,400351606,0,2,35.61504,-89.00612,8,2025-08-27 10:38:00,2025,8,27,10,38,Wednesday,10:38,Suspected Serious Injury,Daylight,Clear,Parked Motor Vehicle,None,THP District 8 - Jackson,THP,Unbelted,-,-,-,-,-,-,-,-,-,ATV_Involved,-,-,Madison,Not in City Limit,4
85893,400351616,0,1,35.96177,-89.32727,8,2025-08-26 06:00:00,2025,8,26,6,0,Tuesday,06:00,Suspected Serious Injury,Dawn,Clear,"Over Turn, Roll Over",None,THP District 8 - Jackson,THP,Unbelted,-,-,-,Drowsy,-,-,-,-,-,-,-,-,Dyer,Not in City Limit,3
85898,400351646,1,3,36.1684,-85.51234,6,2025-08-27 10:34:00,2025,8,27,10,34,Wednesday,10:34,Fatal,Daylight,Clear,Motor Vehicle-In-Transport On Same Roadway,None,THP District 6 - Cookeville,THP,Unbelted,-,-,-,-,-,-,-,-,-,-,Motorcyclist,-,Putnam,Cookeville,4
85904,400351679,0,1,35.8411,-83.18151,5,2025-08-27 13:40:00,2025,8,27,13,40,Wednesday,13:40,Suspected Serious Injury,Daylight,Clear,Guard Rail Face,None,THP District 5 - Fall Branch,THP,-,-,-,-,-,-,-,-,-,-,-,Motorcyclist,-,Cocke,Not in City Limit,4
85915,400351739,0,1,36.43536,-85.23627,6,2025-08-27 15:12:00,2025,8,27,15,12,Wednesday,15:12,Suspected Serious Injury,Daylight,Clear,Standing Tree,None,THP District 6 - Cookeville,THP,Unbelted,-,-,-,-,Speeding,-,-,-,-,-,-,-,Overton,Not in City Limit,4
85925,400351779,0,2,35.85633,-83.62989,1,2025-08-27 15:29:00,2025,8,27,15,29,Wednesday,15:29,Suspected Serious Injury,Daylight,Clear,Motor Vehicle-In-Transport On Same Roadway,None,THP District 1 - Knoxville,THP,Unbelted,-,-,-,-,-,-,-,-,-,-,-,-,Sevier,Not in City Limit,4
85927,400351782,1,0,35.59863,-87.28634,7,2025-08-27 15:48:00,2025,8,27,15,48,Wednesday,15:48,Fatal,Daylight,Clear,Standing Tree,None,THP District 7 - Lawrenceburg,THP,Unbelted,-,-,-,-,-,-,-,-,-,-,-,-,Maury,Not in City Limit,4
85940,400351824,2,0,36.11323,-86.74639,3,2025-08-26 23:39:00,2025,8,26,23,39,Tuesday,23:39,Fatal,Dark-Lighted,Clear,Motor Vehicle-In-Transport On Same Roadway,None,METROPOLITAN NASHVILLE POLICE DEPT,Other,Unbelted,-,-,-,-,Speeding,-,-,-,-,-,Motorcyclist,-,Davidson,Nashville,3
85949,400351880,0,1,36.08781,-83.9432,1,2025-08-27 22:30:00,2025,8,27,22,30,Wednesday,22:30,Suspected Serious Injury,Dark-Not Lighted,Clear,Standing Tree,None,THP District 1 - Knoxville,THP,Unbelted,-,-,-,-,-,-,-,-,-,-,-,-,Knox,Not in City Limit,4
85959,400351931,0,1,36.57646,-87.26236,3,2025-08-28 00:14:00,2025,8,28,0,14,Thursday,00:14,Suspected Serious Injury,Dark-Not Lighted,Clear,Embankment Earth,None,THP District 3 - Nashville,THP,Unbelted,-,-,-,-,-,-,-,-,-,-,-,-,Montgomery,Clarksville,5
85971,400352039,0,2,35.92381,-87.31115,7,2025-08-27 12:57:00,2025,8,27,12,57,Wednesday,12:57,Suspected Serious Injury,Daylight,Clear,Motor Vehicle-In-Transport On Same Roadway,None,THP District 7 - Lawrenceburg,THP,Unbelted,-,-,-,-,Speeding,-,-,-,-,ATV_Involved,-,-,Hickman,Not in City Limit,4
86003,400352257,0,1,36.17335,-82.86433,5,2025-08-28 14:53:00,2025,8,28,14,53,Thursday,14:53,Suspected Serious Injury,Daylight,Clear,Fence,None,THP District 5 - Fall Branch,THP,Unbelted,-,-,-,-,-,-,-,-,-,-,-,-,Greene,Not in City Limit,5
86005,400352275,0,2,36.3344,-86.9236,3,2025-08-21 16:03:00,2025,8,21,16,3,Thursday,16:03,Suspected Serious Injury,Daylight,Clear,Motor Vehicle-In-Transport On Same Roadway,None,THP District 3 - Nashville,THP,Unbelted,-,Drinking,Drug,-,-,-,-,-,-,-,-,-,Cheatham,Not in City Limit,5
86008,400352296,0,1,36.03529,-86.9691,3,2025-08-28 13:47:00,2025,8,28,13,47,Thursday,13:47,Suspected Serious Injury,Daylight,Clear,Pedal-Cycle,None,METROPOLITAN NASHVILLE POLICE DEPT,Other,Unbelted,-,-,-,-,-,Pedalcyclist,-,-,-,-,-,-,Davidson,Nashville,5
86009,400352297,0,1,35.56294,-86.55122,7,2025-08-27 15:15:00,2025,8,27,15,15,Wednesday,15:15,Suspected Serious Injury,Daylight,Clear,Fell/Jumped From Vehicle,None,THP District 7 - Lawrenceburg,THP,-,-,-,-,-,-,-,-,-,ATV_Involved,-,-,-,Bedford,Not in City Limit,4
86014,400352325,1,0,36.48305,-82.47831,5,2025-08-27 21:47:00,2025,8,27,21,47,Wednesday,21:47,Fatal,Dark-Not Lighted,Clear,Pedestrian,None,THP District 5 - Fall Branch,THP,Unbelted,-,-,-,-,-,-,Pedestrian,-,-,ATV_Involved,-,-,Sullivan,Kingsport,4
86021,400352358,0,4,35.37587,-86.36205,7,2025-08-27 21:11:00,2025,8,27,21,11,Wednesday,21:11,Suspected Serious Injury,Dark-Not Lighted,Clear,Standing Tree,None,THP District 7 - Lawrenceburg,THP,Unbelted,-,Drinking,Drug,-,-,-,-,-,-,-,-,-,Bedford,Not in City Limit,4
86025,400352367,0,1,36.22472,-87.00712,3,2025-08-28 15:58:00,2025,8,28,15,58,Thursday,15:58,Suspected Serious Injury,Daylight,Clear,Other Non-Collision,None,ASHLAND CITY POLICE DEPT,Other,-,-,-,-,-,-,-,-,-,-,-,Motorcyclist,-,Cheatham,Ashland City,5
86030,400352381,0,1,35.99343,-86.53697,3,2025-08-28 16:04:00,2025,8,28,16,4,Thursday,16:04,Suspected Serious Injury,Daylight,Clear,Motor Vehicle-In-Transport On Same Roadway,None,SMYRNA POLICE DEPT,Other,Unbelted,-,-,-,-,-,-,-,-,-,-,-,-,Rutherford,Smyrna,5
86032,400352402,0,1,36.483,-82.47839,5,2025-08-27 21:40:00,2025,8,27,21,40,Wednesday,21:40,Suspected Serious Injury,Dark-Not Lighted,Clear,Fell/Jumped From Vehicle,None,THP District 5 - Fall Branch,THP,-,-,Drinking,Drug,-,-,-,-,-,-,-,Motorcyclist,-,Sullivan,Kingsport,4
86039,400352444,0,1,35.63088,-85.85829,6,2025-08-28 17:34:00,2025,8,28,17,34,Thursday,17:34,Suspected Serious Injury,Daylight,Clear,Motor Vehicle-In-Transport On Same Roadway,None,THP District 6 - Cookeville,THP,Unbelted,Distracted,-,-,-,-,-,-,-,-,-,-,-,Warren,Not in City Limit,5
86045,400352466,0,1,36.02988,-83.92889,1,2025-08-28 20:58:00,2025,8,28,20,58,Thursday,20:58,Suspected Serious Injury,Dark-Lighted,Clear,Pedestrian,None,KNOXVILLE POLICE DEPT,Other,Unbelted,-,-,-,-,-,-,Pedestrian,-,-,-,-,-,Knox,Knoxville,5
86047,400352472,1,0,36.41859,-84.92176,6,2025-08-26 13:45:00,2025,8,26,13,45,Tuesday,13:45,Fatal,Daylight,Clear,Motor Vehicle-In-Transport On Same Roadway,None,JAMESTOWN POLICE DEPT,Other,Unbelted,-,-,-,-,-,-,-,-,-,-,Motorcyclist,-,Fentress,Jamestown,3