OBJECTID,MRN,Fatality,Injury,Latitude,Longitude,THP_District,Collision_Date,Collision_Year,Collision_Month,Collision_Day,Collision_Hour,Collision_Min,Collision_DOW,Collision_Time,Crash_Type,Light_Condition,Weather,First_Harmfu_Event,Work_Zone_Type,Agency_Name,THP,Unbelted,Distracted_Driver,Driver_Drinking,Driver_Drugged,Drowsy_Driver,Speeding_Involved,Pedalcyclist,Pedestrian,Other_Nonmotorist,ATV_Involved,LargeTruck_Involved,Motorcycle_Involved,SchoolBus,County,City,DOW_Nmb
86069,400352565,0,1,36.06743,-87.39852,3,2025-08-28 20:06:00,2025,8,28,20,6,Thursday,20:06,Suspected Serious Injury,Dark-Lighted,Clear,Guard Rail Face,None,DICKSON POLICE DEPT,Other,Unbelted,-,-,-,-,-,-,-,-,-,-,-,-,Dickson,Dickson,5
86074,400352621,0,2,36.47095,-83.16906,5,2025-08-29 04:12:00,2025,8,29,4,12,Friday,04:12,Suspected Serious Injury,Dark-Not Lighted,Fog,"Over Turn, Roll Over",None,THP District 5 - Fall Branch,THP,-,-,-,-,-,-,-,-,-,-,-,-,-,Hancock,Not in City Limit,6
86082,400352662,0,1,35.71477,-85.85428,6,2025-08-29 06:52:00,2025,8,29,6,52,Friday,06:52,Suspected Serious Injury,Daylight,Clear,Motor Vehicle-In-Transport On Same Roadway,None,THP District 6 - Cookeville,THP,Unbelted,-,-,-,-,-,-,-,-,-,-,-,Direct,Warren,Not in City Limit,6
86088,400352693,0,1,36.05737,-83.98449,1,2025-08-29 00:00:00,2025,8,29,24,0,Friday,24:00,Suspected Serious Injury,Daylight,Clear,Motor Vehicle-In-Transport On Same Roadway,None,THP District 1 - Knoxville,THP,Unbelted,-,-,-,-,-,-,-,-,-,-,-,-,Knox,Not in City Limit,6
86091,400352708,0,1,35.75009,-83.40007,1,2025-08-29 09:26:00,2025,8,29,9,26,Friday,09:26,Suspected Serious Injury,Daylight,Clear,Embankment Earth,None,THP District 1 - Knoxville,THP,Unbelted,-,-,-,-,-,-,-,-,-,-,-,-,Sevier,Pittman Center,6
86098,400352731,1,2,35.17017,-87.05143,7,2025-08-29 09:33:00,2025,8,29,9,33,Friday,09:33,Fatal,Daylight,Clear,Motor Vehicle-In-Transport On Same Roadway,None,THP District 7 - Lawrenceburg,THP,Unbelted,-,-,-,-,-,-,-,-,-,-,-,-,Giles,Not in City Limit,6
86137,400352941,0,1,35.64975,-89.10055,4,2025-08-29 14:05:00,2025,8,29,14,5,Friday,14:05,Suspected Serious Injury,Daylight,Clear,Standing Tree,None,THP District 4 - Memphis,THP,Unbelted,-,-,-,-,-,-,-,-,-,-,-,-,Haywood,Not in City Limit,6
86145,400352985,1,0,35.17534,-85.20372,2,2025-08-28 14:46:00,2025,8,28,14,46,Thursday,14:46,Fatal,Daylight,Clear,Embankment Earth,None,HAMILTON COUNTY SHERIFF'S OFFICE,Other,Unbelted,-,-,-,-,-,-,-,-,-,-,-,-,Hamilton,Not in City Limit,5
86151,400353026,1,0,35.28873,-84.81483,2,2025-08-29 16:57:00,2025,8,29,16,57,Friday,16:57,Fatal,Daylight,Clear,Fell/Jumped From Vehicle,None,THP District 2 - Chattanooga,THP,-,-,-,Drug,-,Speeding,-,-,-,-,-,Motorcyclist,-,Bradley,Not in City Limit,6
86152,400353039,0,3,35.47031,-84.65791,2,2025-08-24 18:35:00,2025,8,24,18,35,Sunday,18:35,Suspected Serious Injury,Daylight,Clear,Motor Vehicle-In-Transport On Same Roadway,None,THP District 2 - Chattanooga,THP,Unbelted,-,-,-,-,-,-,-,-,-,-,-,-,McMinn,Not in City Limit,1
86153,400353048,0,4,35.90967,-86.38376,3,2025-08-29 17:35:00,2025,8,29,17,35,Friday,17:35,Suspected Serious Injury,Daylight,Clear,Motor Vehicle-In-Transport On Same Roadway,None,MURFREESBORO POLICE DEPT,Other,Unbelted,-,-,-,-,-,-,-,-,-,-,-,-,Rutherford,Murfreesboro,6
86155,400353053,0,1,35.92649,-83.90992,1,2025-08-29 19:01:00,2025,8,29,19,1,Friday,19:01,Suspected Serious Injury,Daylight,Clear,Standing Tree,None,KNOXVILLE POLICE DEPT,Other,Unbelted,-,-,-,-,-,-,-,-,-,-,-,-,Knox,Knoxville,6
86156,400353058,0,1,36.30547,-84.16059,1,2025-08-28 20:10:00,2025,8,28,20,10,Thursday,20:10,Suspected Serious Injury,Daylight,Clear,Occupant Struck By Own Vehicle,None,THP District 1 - Knoxville,THP,-,-,-,-,-,-,-,Pedestrian,-,-,-,-,-,Campbell,Not in City Limit,5
86157,400353059,0,1,36.03243,-83.71846,1,2025-08-29 18:18:00,2025,8,29,18,18,Friday,18:18,Suspected Serious Injury,Daylight,Clear,Motor Vehicle-In-Transport On Same Roadway,None,KNOX CO SHERIFFS OFFICE,Other,Unbelted,-,-,-,-,Speeding,-,-,-,-,-,Motorcyclist,-,Knox,Not in City Limit,6
86158,400353062,0,1,35.99782,-83.95454,1,2025-08-29 17:39:00,2025,8,29,17,39,Friday,17:39,Suspected Serious Injury,Daylight,Clear,Motor Vehicle-In-Transport On Same Roadway,None,KNOXVILLE POLICE DEPT,Other,Unbelted,-,-,-,-,-,-,-,-,-,-,-,-,Knox,Knoxville,6
86168,400353125,0,4,36.15087,-86.77077,3,2025-08-28 18:40:00,2025,8,28,18,40,Thursday,18:40,Suspected Serious Injury,Daylight,Clear,Motor Vehicle-In-Transport On Same Roadway,None,METROPOLITAN NASHVILLE POLICE DEPT,Other,Unbelted,-,-,-,-,-,-,-,-,-,-,-,-,Davidson,Nashville,5
86170,400353132,1,0,36.07115,-85.62764,6,2025-08-29 19:50:00,2025,8,29,19,50,Friday,19:50,Fatal,Dark-Not Lighted,Clear,Embankment Earth,None,THP District 6 - Cookeville,THP,Unbelted,-,-,Drug,-,Speeding,-,-,-,-,-,-,-,Putnam,Not in City Limit,6
86174,400353150,0,2,35.63458,-88.92108,8,2025-08-29 21:37:00,2025,8,29,21,37,Friday,21:37,Suspected Serious Injury,Dark-Not Lighted,Clear,Motor Vehicle-In-Transport On Same Roadway,None,THP District 8 - Jackson,THP,Unbelted,-,-,-,-,-,-,-,-,-,-,-,-,Madison,Not in City Limit,6
86189,400353202,0,1,35.94926,-83.91999,1,2025-08-30 02:52:00,2025,8,30,2,52,Saturday,02:52,Suspected Serious Injury,Dark-Unknown Lighting,Clear,Motor Vehicle-In-Transport On Same Roadway,None,KNOXVILLE POLICE DEPT,Other,Unbelted,-,-,-,-,-,-,-,-,-,-,-,-,Knox,Knoxville,7
86191,400353218,0,2,36.17276,-86.80008,3,2025-08-30 03:25:00,2025,8,30,3,25,Saturday,03:25,Suspected Serious Injury,Dark-Not Lighted,Clear,Concrete Traffic Barrier,None,METROPOLITAN NASHVILLE POLICE DEPT,Other,Unbelted,-,-,-,-,-,-,-,-,-,-,-,-,Davidson,Nashville,7
86198,400353258,0,1,35.9864,-89.02568,8,2025-08-30 00:00:00,2025,8,30,0,0,Saturday,00:00,Suspected Serious Injury,Dark-Lighted,Clear,Deer,None,THP District 8 - Jackson,THP,-,-,-,-,-,-,-,-,-,-,-,Motorcyclist,-,Gibson,Not in City Limit,7
86199,400353259,0,2,35.94271,-85.47279,6,2025-08-29 16:30:00,2025,8,29,16,30,Friday,16:30,Suspected Serious Injury,Daylight,Clear,Motor Vehicle-In-Transport On Same Roadway,None,SPARTA POLICE DEPT,Other,Unbelted,-,-,-,-,-,-,-,-,-,-,-,-,White,Sparta,6
86208,400353284,0,2,36.08567,-83.92576,1,2025-08-30 09:09:00,2025,8,30,9,9,Saturday,09:09,Suspected Serious Injury,Daylight,Clear,Motor Vehicle-In-Transport On Same Roadway,None,THP District 1 - Knoxville,THP,Unbelted,-,-,-,-,-,-,-,-,-,-,-,-,Knox,Not in City Limit,7
86211,400353289,0,2,36.17133,-83.27359,5,2025-08-30 04:05:00,2025,8,30,4,5,Saturday,04:05,Suspected Serious Injury,Dark-Not Lighted,Clear,Motor Vehicle-In-Transport On Same Roadway,None,MORRISTOWN POLICE DEPT,Other,Unbelted,-,Drinking,-,-,-,-,-,-,-,-,-,-,Hamblen,Morristown,7
86214,400353325,0,2,35.97129,-86.56871,3,2025-08-29 18:28:00,2025,8,29,18,28,Friday,18:28,Suspected Serious Injury,Daylight,Clear,Motor Vehicle-In-Transport On Same Roadway,None,THP District 3 - Nashville,THP,Unbelted,-,-,-,-,-,-,-,-,-,-,-,Direct,Rutherford,Not in City Limit,6
86219,400353361,0,1,36.23546,-85.47576,6,2025-08-30 09:21:00,2025,8,30,9,21,Saturday,09:21,Suspected Serious Injury,Daylight,Clear,Ditch,None,THP District 6 - Cookeville,THP,Unbelted,-,-,-,-,-,-,-,-,-,-,-,-,Putnam,Not in City Limit,7
86229,400353416,0,1,35.93845,-83.94879,1,2025-08-30 14:38:00,2025,8,30,14,38,Saturday,14:38,Suspected Serious Injury,Daylight,Clear,Paved Surface-Irregular,Construction Zone,KNOXVILLE POLICE DEPT,Other,-,-,-,-,-,-,-,-,-,-,-,Motorcyclist,-,Knox,Knoxville,7
86231,400353432,0,1,35.21916,-87.22306,7,2025-08-30 14:00:00,2025,8,30,14,0,Saturday,14:00,Suspected Serious Injury,Daylight,Clear,"Over Turn, Roll Over",None,THP District 7 - Lawrenceburg,THP,-,-,-,-,-,-,-,-,-,-,-,Motorcyclist,-,Lawrence,Not in City Limit,7
86237,400353462,0,3,36.24955,-83.27318,5,2025-08-30 11:47:00,2025,8,30,11,47,Saturday,11:47,Suspected Serious Injury,Daylight,Clear,Motor Vehicle-In-Transport On Same Roadway,None,MORRISTOWN POLICE DEPT,Other,Unbelted,-,Drinking,-,-,-,-,-,-,-,-,Motorcyclist,-,Hamblen,Morristown,7
86247,400353498,0,1,36.10825,-85.62917,6,2025-08-30 17:09:00,2025,8,30,17,9,Saturday,17:09,Suspected Serious Injury,Daylight,Clear,Pedal-Cycle,None,PUTNAM COUNTY SHERIFF'S OFFICE,Other,Unbelted,Distracted,-,-,-,-,Pedalcyclist,-,-,-,-,-,-,Putnam,Not in City Limit,7
86254,400353542,0,1,35.04566,-85.61075,2,2025-08-30 18:34:00,2025,8,30,18,34,Saturday,18:34,Suspected Serious Injury,Daylight,Clear,Motor Vehicle-In-Transport On Same Roadway,None,THP District 2 - Chattanooga,THP,Unbelted,-,-,-,-,-,-,-,-,-,-,-,-,Marion,Not in City Limit,7
86260,400353558,1,0,35.36791,-88.95625,4,2025-08-30 03:47:00,2025,8,30,3,47,Saturday,03:47,Fatal,Dark-Lighted,Clear,"Over Turn, Roll Over",None,THP District 4 - Memphis,THP,Unbelted,-,-,-,-,-,-,-,-,-,-,-,-,Hardeman,Toone,7
86264,400353593,0,4,36.57677,-82.35277,5,2025-08-30 21:40:00,2025,8,30,21,40,Saturday,21:40,Suspected Serious Injury,Dark-Unknown Lighting,Clear,Motor Vehicle-In-Transport On Same Roadway,None,THP District 5 - Fall Branch,THP,Unbelted,-,Drinking,-,-,-,-,-,-,-,-,-,-,Sullivan,Not in City Limit,7
86268,400353603,1,0,35.6833,-88.78381,8,2025-08-31 00:00:00,2025,8,31,24,0,Sunday,24:00,Fatal,Dark-Lighted,Clear,Unknown,None,JACKSON POLICE DEPT,Other,-,-,-,-,-,-,-,-,-,-,-,Motorcyclist,-,Madison,Jackson,1
86272,400353616,0,1,36.16486,-84.08484,1,2025-08-28 20:52:00,2025,8,28,20,52,Thursday,20:52,Suspected Serious Injury,Dark-Lighted,Clear,Motor Vehicle-In-Transport On Same Roadway,None,CLINTON POLICE DEPT,Other,Unbelted,-,-,-,-,-,-,-,-,-,-,-,-,Anderson,Clinton,5
86278,400353643,0,2,36.27493,-88.37179,8,2025-08-30 14:54:00,2025,8,30,14,54,Saturday,14:54,Suspected Serious Injury,Daylight,Clear,Embankment Earth,None,THP District 8 - Jackson,THP,Unbelted,-,-,-,-,-,-,-,-,-,-,-,-,Henry,Not in City Limit,7
86280,400353663,0,1,36.3207,-86.63888,3,2025-08-31 03:23:00,2025,8,31,3,23,Sunday,03:23,Suspected Serious Injury,Dark-Not Lighted,Clear,Embankment Earth,None,HENDERSONVILLE POLICE DEPT,Other,Unbelted,-,Drinking,-,Drowsy,-,-,-,-,-,-,-,-,Sumner,Hendersonville,1
86286,400353710,0,1,35.56028,-86.0814,2,2025-08-30 20:48:00,2025,8,30,20,48,Saturday,20:48,Suspected Serious Injury,Dark-Not Lighted,Clear,Ditch,None,THP District 2 - Chattanooga,THP,-,-,Drinking,-,-,-,-,-,-,-,-,Motorcyclist,-,Coffee,Not in City Limit,7
86287,400353719,0,1,36.53903,-81.98597,5,2025-08-30 18:56:00,2025,8,30,18,56,Saturday,18:56,Suspected Serious Injury,Daylight,Clear,Motor Vehicle-In-Transport On Same Roadway,None,THP District 5 - Fall Branch,THP,Unbelted,-,-,-,-,-,-,-,-,-,-,Motorcyclist,-,Sullivan,Not in City Limit,7
86293,400353781,0,1,36.16679,-86.10442,3,2025-08-31 12:10:00,2025,8,31,12,10,Sunday,12:10,Suspected Serious Injury,Daylight,Clear,Embankment Earth,None,THP District 3 - Nashville,THP,Unbelted,-,-,-,-,-,-,-,-,-,-,-,-,Wilson,Not in City Limit,1
86295,400353789,0,1,35.71804,-86.91216,7,2025-08-31 10:53:00,2025,8,31,10,53,Sunday,10:53,Suspected Serious Injury,Daylight,Clear,Parked Motor Vehicle,None,SPRING HILL POLICE DEPT,Other,Unbelted,-,-,-,-,Speeding,-,-,-,-,-,-,-,Maury,Spring Hill,1
86296,400353791,0,1,35.6298,-84.08159,1,2025-08-31 14:25:00,2025,8,31,14,25,Sunday,14:25,Suspected Serious Injury,Daylight,Cloudy,Embankment Earth,None,THP District 1 - Knoxville,THP,Unbelted,-,-,-,-,-,-,-,-,-,-,-,-,Blount,Not in City Limit,1
86299,400353797,0,2,36.18546,-85.55117,6,2025-08-30 23:11:00,2025,8,30,23,11,Saturday,23:11,Suspected Serious Injury,Dark-Not Lighted,Clear,Standing Tree,None,THP District 6 - Cookeville,THP,Unbelted,-,-,-,-,Speeding,-,-,-,-,-,-,-,Putnam,Not in City Limit,7
86307,400353818,0,4,35.62734,-86.70778,7,2025-08-29 12:40:00,2025,8,29,12,40,Friday,12:40,Suspected Serious Injury,Daylight,Clear,Other Non-Fixed Object,None,THP District 7 - Lawrenceburg,THP,Unbelted,-,-,-,-,-,-,-,Other_NM,-,ATV_Involved,-,-,Marshall,Chapel Hill,6
86311,400353841,0,1,35.53328,-87.08994,7,2025-08-31 00:44:00,2025,8,31,0,44,Sunday,00:44,Suspected Serious Injury,Dark-Not Lighted,Clear,Motor Vehicle-In-Transport On Same Roadway,None,THP District 7 - Lawrenceburg,THP,-,-,-,-,-,-,-,-,-,-,-,Motorcyclist,-,Maury,Not in City Limit,1
86314,400353857,0,1,36.07925,-82.96003,5,2025-08-31 16:00:00,2025,8,31,16,0,Sunday,16:00,Suspected Serious Injury,Daylight,Clear,Paved Surface-Irregular,None,THP District 5 - Fall Branch,THP,-,-,-,-,-,-,-,-,-,-,-,Motorcyclist,-,Greene,Not in City Limit,1
86318,400353883,0,1,35.91164,-87.40546,7,2025-08-31 00:00:00,2025,8,31,24,0,Sunday,24:00,Suspected Serious Injury,Daylight,Clear,Fence,None,THP District 7 - Lawrenceburg,THP,-,-,-,-,-,Speeding,-,-,-,-,-,Motorcyclist,-,Hickman,Not in City Limit,1
86322,400353897,0,1,35.34821,-84.8772,2,2025-08-31 15:40:00,2025,8,31,15,40,Sunday,15:40,Suspected Serious Injury,Daylight,Clear,Embankment Earth,None,THP District 2 - Chattanooga,THP,Unbelted,-,-,-,-,-,-,-,-,-,-,-,-,Meigs,Not in City Limit,1
86323,400353913,0,1,35.99535,-83.67972,1,2025-08-30 20:00:00,2025,8,30,20,0,Saturday,20:00,Suspected Serious Injury,Daylight,Clear,Embankment Earth,None,THP District 1 - Knoxville,THP,Unbelted,-,-,Drug,-,Speeding,-,-,-,-,-,-,-,Knox,Not in City Limit,7
86335,400353948,1,1,36.47877,-83.57716,5,2025-08-31 21:35:00,2025,8,31,21,35,Sunday,21:35,Fatal,Dark-Not Lighted,Clear,Standing Tree,None,THP District 5 - Fall Branch,THP,Unbelted,-,Drinking,Drug,-,-,-,-,-,-,-,-,-,Claiborne,Not in City Limit,1
86340,400353961,0,5,35.47435,-85.46038,2,2025-08-31 22:17:00,2025,8,31,22,17,Sunday,22:17,Suspected Serious Injury,Dark-Not Lighted,Clear,Motor Vehicle-In-Transport On Same Roadway,None,THP District 2 - Chattanooga,THP,Unbelted,-,-,-,-,-,-,-,-,-,-,-,-,Sequatchie,Not in City Limit,1
86343,400353980,0,1,35.71955,-86.96854,7,2025-08-31 21:36:00,2025,8,31,21,36,Sunday,21:36,Suspected Serious Injury,Dark-Not Lighted,Clear,Motor Vehicle-In-Transport On Same Roadway,None,COLUMBIA POLICE DEPT,Other,Unbelted,-,Drinking,-,-,-,-,-,-,-,ATV_Involved,Motorcyclist,-,Maury,Columbia,1
86344,400353988,0,3,35.92096,-83.86218,1,2025-08-31 23:42:00,2025,8,31,23,42,Sunday,23:42,Suspected Serious Injury,Dark-Lighted,Clear,Motor Vehicle-In-Transport On Same Roadway,None,KNOXVILLE POLICE DEPT,Other,Unbelted,-,-,-,-,-,-,-,-,-,-,-,-,Knox,Knoxville,1
86347,400354013,0,3,35.97927,-84.1287,1,2025-08-29 23:22:00,2025,8,29,23,22,Friday,23:22,Suspected Serious Injury,Dark-Lighted,Clear,Motor Vehicle-In-Transport On Same Roadway,None,THP District 1 - Knoxville,THP,Unbelted,-,Drinking,-,-,-,-,-,-,-,-,-,-,Knox,Not in City Limit,6
86351,400354029,0,2,35.91673,-83.3561,1,2025-08-29 17:04:00,2025,8,29,17,4,Friday,17:04,Suspected Serious Injury,Daylight,Clear,Other Non-Collision,None,THP District 1 - Knoxville,THP,Unbelted,-,Drinking,-,-,-,-,-,-,-,-,Motorcyclist,-,Sevier,Not in City Limit,6
86363,400354087,0,1,35.49011,-89.271,4,2025-08-31 19:27:00,2025,8,31,19,27,Sunday,19:27,Suspected Serious Injury,Dusk,Clear,Motor Vehicle-In-Transport On Same Roadway,None,THP District 4 - Memphis,THP,Unbelted,-,-,-,-,Speeding,-,-,-,-,-,-,-,Haywood,Not in City Limit,1
86365,400354095,0,1,36.34816,-84.19648,1,2025-08-31 00:00:00,2025,8,31,24,0,Sunday,24:00,Suspected Serious Injury,Dark-Not Lighted,Clear,Embankment Earth,None,THP District 1 - Knoxville,THP,Unbelted,-,-,-,-,-,-,-,-,-,-,-,-,Campbell,Not in City Limit,1
86377,400354154,0,1,35.65943,-87.94896,7,2025-09-01 08:20:00,2025,9,1,8,20,Monday,08:20,Suspected Serious Injury,Dark-Not Lighted,Clear,Embankment Earth,None,THP District 7 - Lawrenceburg,THP,Unbelted,-,-,-,-,-,-,-,-,-,-,-,-,Perry,Not in City Limit,2
86381,400354188,0,2,35.39372,-85.37438,2,2025-09-01 12:44:00,2025,9,1,12,44,Monday,12:44,Suspected Serious Injury,Daylight,Clear,Motor Vehicle-In-Transport On Same Roadway,None,DUNLAP POLICE DEPT,Other,Unbelted,-,-,-,-,-,-,-,-,-,-,-,-,Sequatchie,Dunlap,2
86382,400354196,0,1,35.00043,-86.51975,7,2025-08-31 13:06:00,2025,8,31,13,6,Sunday,13:06,Suspected Serious Injury,Daylight,Clear,Motor Vehicle-In-Transport On Same Roadway,None,THP District 7 - Lawrenceburg,THP,Unbelted,-,-,-,-,-,-,-,-,-,-,Motorcyclist,-,Lincoln,Not in City Limit,1
86391,400354237,0,7,36.0441,-86.5844,3,2025-09-01 13:05:00,2025,9,1,13,5,Monday,13:05,Suspected Serious Injury,Daylight,Clear,Motor Vehicle-In-Transport On Same Roadway,None,METROPOLITAN NASHVILLE POLICE DEPT,Other,Unbelted,-,-,-,-,-,-,-,-,-,-,-,-,Davidson,Nashville,2
86396,400354258,0,1,35.59145,-87.37303,7,2025-08-29 09:40:00,2025,8,29,9,40,Friday,09:40,Suspected Serious Injury,Daylight,Clear,Standing Tree,None,THP District 7 - Lawrenceburg,THP,Unbelted,-,-,-,-,-,-,-,-,-,-,-,-,Lewis,Not in City Limit,6
86406,400354331,0,3,36.55018,-87.46716,3,2025-09-01 19:03:00,2025,9,1,19,3,Monday,19:03,Suspected Serious Injury,Daylight,Clear,Motor Vehicle-In-Transport On Same Roadway,None,THP District 3 - Nashville,THP,Unbelted,Distracted,-,-,-,-,-,-,-,-,-,-,-,Montgomery,Clarksville,2
86408,400354338,0,1,35.9854,-86.73158,3,2025-09-01 18:55:00,2025,9,1,18,55,Monday,18:55,Suspected Serious Injury,Dusk,Clear,Pedal-Cycle,None,BRENTWOOD POLICE DEPT,Other,Unbelted,-,-,-,-,-,Pedalcyclist,-,-,-,-,-,-,Williamson,Brentwood,2
86411,400354354,1,0,35.90198,-84.56597,1,2025-08-28 23:49:00,2025,8,28,23,49,Thursday,23:49,Fatal,Dark-Not Lighted,Clear,Pedestrian,None,THP District 1 - Knoxville,THP,Unbelted,-,-,-,-,-,-,Pedestrian,-,-,-,-,-,Roane,Not in City Limit,5
86412,400354358,0,2,36.26476,-86.44248,3,2025-09-01 14:09:00,2025,9,1,14,9,Monday,14:09,Suspected Serious Injury,Daylight,Clear,Motor Vehicle-In-Transport On Same Roadway,None,THP District 3 - Nashville,THP,Unbelted,-,-,-,-,Speeding,-,-,-,-,-,Motorcyclist,-,Wilson,Not in City Limit,2
86413,400354367,0,1,35.89379,-83.80886,1,2025-09-01 20:47:00,2025,9,1,20,47,Monday,20:47,Suspected Serious Injury,Dark-Not Lighted,Cloudy,Pedestrian,Construction Zone,THP District 1 - Knoxville,THP,Unbelted,-,-,-,-,-,-,Pedestrian,-,-,-,-,-,Knox,Not in City Limit,2
86415,400354373,1,0,35.9491,-83.98905,1,2025-09-01 19:57:00,2025,9,1,19,57,Monday,19:57,Fatal,Dusk,Clear,Motor Vehicle-In-Transport On Same Roadway,None,KNOXVILLE POLICE DEPT,Other,Unbelted,-,-,-,-,-,-,-,-,-,-,-,-,Knox,Knoxville,2
86420,400354405,0,1,35.07098,-88.25093,8,2025-08-29 23:00:00,2025,8,29,23,0,Friday,23:00,Suspected Serious Injury,Dark-Lighted,Clear,Curb,None,THP District 8 - Jackson,THP,-,-,Drinking,-,-,-,-,-,-,-,-,Motorcyclist,-,Hardin,Not in City Limit,6
86428,400354460,0,2,35.83578,-89.39634,4,2025-09-01 15:57:00,2025,9,1,15,57,Monday,15:57,Suspected Serious Injury,Daylight,Clear,Motor Vehicle-In-Transport On Same Roadway,None,LAUDERDALE CO SHERIFFS OFFICE,Other,Unbelted,-,-,-,-,-,-,-,-,-,-,-,-,Lauderdale,Not in City Limit,2
86437,400354520,1,0,34.99886,-88.3677,8,2025-09-01 05:55:00,2025,9,1,5,55,Monday,05:55,Fatal,Dawn,Clear,Ditch,None,THP District 8 - Jackson,THP,Unbelted,-,-,-,-,-,-,-,-,-,ATV_Involved,-,-,Hardin,Not in City Limit,2
86440,400354530,0,1,36.1754,-86.78306,3,2025-09-02 08:37:00,2025,9,2,8,37,Tuesday,08:37,Suspected Serious Injury,Daylight,Cloudy,Motor Vehicle-In-Transport On Same Roadway,None,METROPOLITAN NASHVILLE POLICE DEPT,Other,Unbelted,-,-,-,-,-,-,-,-,-,-,-,-,Davidson,Nashville,3
86450,400354588,0,1,36.43884,-88.58229,8,2025-09-02 10:04:00,2025,9,2,10,4,Tuesday,10:04,Suspected Serious Injury,Daylight,Clear,"Over Turn, Roll Over",None,THP District 8 - Jackson,THP,-,-,-,-,-,-,-,-,-,-,-,Motorcyclist,-,Weakley,Not in City Limit,3
86452,400354593,0,1,36.55448,-86.04405,6,2025-09-01 10:54:00,2025,9,1,10,54,Monday,10:54,Suspected Serious Injury,Daylight,Clear,Motor Vehicle-In-Transport On Same Roadway,None,THP District 6 - Cookeville,THP,Unbelted,-,-,-,-,-,-,-,-,-,-,Motorcyclist,-,Macon,Lafayette,2
86469,400354707,0,3,36.23652,-86.75797,3,2025-09-02 14:25:00,2025,9,2,14,25,Tuesday,14:25,Suspected Serious Injury,Daylight,Cloudy,Motor Vehicle-In-Transport On Same Roadway,None,METROPOLITAN NASHVILLE POLICE DEPT,Other,Unbelted,-,-,-,-,-,-,-,-,-,-,-,-,Davidson,Nashville,3
86471,400354717,0,1,36.1846,-86.74803,3,2025-08-30 20:14:00,2025,8,30,20,14,Saturday,20:14,Suspected Serious Injury,Dark-Lighted,Clear,Motor Vehicle-In-Transport On Same Roadway,None,METROPOLITAN NASHVILLE POLICE DEPT,Other,Unbelted,-,-,-,-,Speeding,-,-,-,-,-,Motorcyclist,-,Davidson,Nashville,7
86474,400354733,0,7,36.33114,-87.15698,3,2025-09-01 17:10:00,2025,9,1,17,10,Monday,17:10,Suspected Serious Injury,Daylight,Clear,"Over Turn, Roll Over",None,THP District 3 - Nashville,THP,Unbelted,-,Drinking,Drug,-,-,-,-,-,-,-,-,-,Cheatham,Not in City Limit,2
86476,400354740,0,2,36.15438,-86.73964,3,2025-09-02 08:35:00,2025,9,2,8,35,Tuesday,08:35,Suspected Serious Injury,Daylight,Clear,Wall,None,METROPOLITAN NASHVILLE POLICE DEPT,Other,Unbelted,-,-,-,-,-,-,-,-,-,-,-,-,Davidson,Nashville,3
86478,400354776,0,2,35.49195,-86.46899,7,2025-09-02 15:52:00,2025,9,2,15,52,Tuesday,15:52,Suspected Serious Injury,Daylight,Cloudy,Motor Vehicle-In-Transport On Same Roadway,None,SHELBYVILLE POLICE DEPT,Other,Unbelted,-,-,-,-,-,-,-,-,-,-,-,-,Bedford,Shelbyville,3
86498,400354861,0,1,36.04225,-84.26968,1,2025-09-02 19:13:00,2025,9,2,19,13,Tuesday,19:13,Suspected Serious Injury,Dusk,Rain,Standing Tree,None,THP District 1 - Knoxville,THP,Unbelted,-,-,-,-,-,-,-,-,-,-,-,-,Anderson,Not in City Limit,3
86508,400354927,0,1,35.96096,-86.49676,3,2025-09-02 18:15:00,2025,9,2,18,15,Tuesday,18:15,Suspected Serious Injury,Daylight,Clear,Injured In Vehicle,None,SMYRNA POLICE DEPT,Other,Unbelted,-,-,-,-,-,-,-,-,-,-,-,-,Rutherford,Smyrna,3
86511,400354948,1,0,36.02242,-86.36095,3,2025-09-02 19:56:00,2025,9,2,19,56,Tuesday,19:56,Fatal,Dark-Not Lighted,Clear,Motor Vehicle-In-Transport On Same Roadway,None,THP District 3 - Nashville,THP,Unbelted,-,Drinking,Drug,-,-,-,-,-,-,-,Motorcyclist,-,Wilson,Not in City Limit,3
86514,400354972,0,1,35.83691,-86.37822,3,2025-09-02 23:22:00,2025,9,2,23,22,Tuesday,23:22,Suspected Serious Injury,Dark-Lighted,Clear,Standing Tree,None,MURFREESBORO POLICE DEPT,Other,Unbelted,-,-,Drug,-,-,-,-,-,-,-,-,-,Rutherford,Murfreesboro,3
86524,400355004,0,1,35.88818,-84.21465,1,2025-09-03 06:00:00,2025,9,3,6,0,Wednesday,06:00,Suspected Serious Injury,Dark-Not Lighted,Rain,Motor Vehicle-In-Transport On Same Roadway,None,THP District 1 - Knoxville,THP,Unbelted,-,-,-,-,-,-,-,-,-,ATV_Involved,-,-,Knox,Farragut,4
86527,400355018,0,1,36.31756,-82.06355,5,2025-08-29 15:13:00,2025,8,29,15,13,Friday,15:13,Suspected Serious Injury,Daylight,Clear,Motor Vehicle-In-Transport On Same Roadway,None,THP District 5 - Fall Branch,THP,Unbelted,-,-,-,-,-,-,-,-,-,-,-,-,Carter,Not in City Limit,6