OBJECTID,MRN,Fatality,Injury,Latitude,Longitude,THP_District,Collision_Date,Collision_Year,Collision_Month,Collision_Day,Collision_Hour,Collision_Min,Collision_DOW,Collision_Time,Crash_Type,Light_Condition,Weather,First_Harmfu_Event,Work_Zone_Type,Agency_Name,THP,Unbelted,Distracted_Driver,Driver_Drinking,Driver_Drugged,Drowsy_Driver,Speeding_Involved,Pedalcyclist,Pedestrian,Other_Nonmotorist,ATV_Involved,LargeTruck_Involved,Motorcycle_Involved,SchoolBus,County,City,DOW_Nmb
86529,400355036,0,1,35.7671,-83.2852,1,2025-08-31 18:05:00,2025,8,31,18,5,Sunday,18:05,Suspected Serious Injury,Daylight,Clear,Motor Vehicle-In-Transport On Same Roadway,None,THP District 1 - Knoxville,THP,Unbelted,-,-,-,-,-,-,-,-,-,-,-,-,Sevier,Not in City Limit,1
86548,400355133,0,2,35.87533,-88.84665,8,2025-08-30 17:15:00,2025,8,30,17,15,Saturday,17:15,Suspected Serious Injury,Daylight,Clear,Motor Vehicle-In-Transport On Same Roadway,None,THP District 8 - Jackson,THP,Unbelted,-,-,-,-,Speeding,-,-,-,-,-,-,-,Gibson,Gibson,7
86551,400355142,0,1,35.25034,-89.58939,4,2025-09-03 10:20:00,2025,9,3,10,20,Wednesday,10:20,Suspected Serious Injury,Daylight,Cloudy,Ditch,None,FAYETTE CO SHERIFF'S OFFICE,Other,Unbelted,-,-,-,-,-,-,-,-,-,-,-,-,Fayette,Not in City Limit,4
86566,400355204,0,1,35.112,-85.59346,2,2025-09-03 12:50:00,2025,9,3,12,50,Wednesday,12:50,Suspected Serious Injury,Daylight,Clear,Motor Vehicle-In-Transport On Same Roadway,None,THP District 2 - Chattanooga,THP,Unbelted,-,-,-,-,-,-,-,-,-,-,-,-,Marion,Not in City Limit,4
86577,400355252,1,1,35.43604,-88.63328,8,2025-09-03 13:38:00,2025,9,3,13,38,Wednesday,13:38,Fatal,Daylight,Cloudy,Motor Vehicle-In-Transport On Same Roadway,None,HENDERSON POLICE DEPT,Other,Unbelted,-,-,-,-,-,-,-,-,-,ATV_Involved,-,-,Chester,Henderson,4
86591,400355315,1,0,36.42826,-86.79515,3,2025-08-31 19:25:00,2025,8,31,19,25,Sunday,19:25,Fatal,Daylight,Clear,Fell/Jumped From Vehicle,None,GREENBRIER POLICE DEPT,Other,-,-,-,-,-,-,-,-,-,ATV_Involved,-,-,-,Robertson,Greenbrier,1
86592,400355337,0,4,35.63576,-87.01765,7,2025-09-03 15:14:00,2025,9,3,15,14,Wednesday,15:14,Suspected Serious Injury,Daylight,Cloudy,Motor Vehicle-In-Transport On Same Roadway,None,COLUMBIA POLICE DEPT,Other,Unbelted,-,-,-,-,-,-,-,-,-,-,-,-,Maury,Columbia,4
86598,400355361,0,2,36.31304,-83.76308,5,2025-08-30 21:11:00,2025,8,30,21,11,Saturday,21:11,Suspected Serious Injury,Dark-Not Lighted,Clear,"Over Turn, Roll Over",None,THP District 5 - Fall Branch,THP,-,-,Drinking,-,-,-,-,-,-,ATV_Involved,-,-,-,Union,Not in City Limit,7
86605,400355381,0,2,36.04373,-83.42772,5,2025-09-03 18:10:00,2025,9,3,18,10,Wednesday,18:10,Suspected Serious Injury,Daylight,Clear,Highway Traffic Sign Post,None,THP District 5 - Fall Branch,THP,Unbelted,-,-,-,-,-,-,-,-,-,-,-,-,Jefferson,Not in City Limit,4
86606,400355384,0,2,36.01562,-82.99683,5,2025-08-28 18:54:00,2025,8,28,18,54,Thursday,18:54,Suspected Serious Injury,Daylight,Clear,"Over Turn, Roll Over",None,THP District 5 - Fall Branch,THP,-,-,-,-,-,-,-,-,-,-,-,Motorcyclist,-,Cocke,Not in City Limit,5
86608,400355387,0,1,36.12056,-86.75003,3,2025-09-03 18:02:00,2025,9,3,18,2,Wednesday,18:02,Suspected Serious Injury,Daylight,Cloudy,Motor Vehicle-In-Transport On Same Roadway,None,METROPOLITAN NASHVILLE POLICE DEPT,Other,Unbelted,-,-,-,-,-,-,-,-,ATV_Involved,-,-,-,Davidson,Nashville,4
86621,400355449,1,2,35.32541,-84.60914,2,2025-09-01 17:39:00,2025,9,1,17,39,Monday,17:39,Fatal,Daylight,Clear,Motor Vehicle-In-Transport On Same Roadway,None,THP District 2 - Chattanooga,THP,Unbelted,-,Drinking,Drug,-,-,-,-,-,-,-,Motorcyclist,-,McMinn,Not in City Limit,2
86636,400355513,0,2,35.92311,-84.05896,1,2025-09-03 20:14:00,2025,9,3,20,14,Wednesday,20:14,Suspected Serious Injury,Dark-Lighted,Rain,Motor Vehicle-In-Transport On Same Roadway,None,KNOXVILLE POLICE DEPT,Other,Unbelted,-,-,-,-,-,-,-,-,-,-,Motorcyclist,-,Knox,Knoxville,4
86640,400355532,0,3,36.47589,-82.54344,5,2025-09-03 13:49:00,2025,9,3,13,49,Wednesday,13:49,Suspected Serious Injury,Daylight,Clear,Motor Vehicle-In-Transport On Same Roadway,Maintenance Zone,THP District 5 - Fall Branch,THP,Unbelted,Distracted,-,-,-,Speeding,-,-,-,-,-,-,-,Sullivan,Kingsport,4
86642,400355541,0,1,35.45425,-85.03205,2,2025-09-04 06:20:00,2025,9,4,6,20,Thursday,06:20,Suspected Serious Injury,Dark-Not Lighted,Clear,"Over Turn, Roll Over",None,THP District 2 - Chattanooga,THP,-,-,-,-,-,-,-,-,-,-,-,Motorcyclist,-,Rhea,Not in City Limit,5
86649,400355588,0,1,36.41922,-86.71594,3,2025-09-03 14:30:00,2025,9,3,14,30,Wednesday,14:30,Suspected Serious Injury,Daylight,Clear,Guard Rail Face,None,MILLERSVILLE POLICE DEPT,Other,-,-,Drinking,Drug,-,-,-,-,-,-,-,Motorcyclist,-,Robertson,MILLERSVILLE,4
86650,400355594,0,2,35.61977,-88.81951,8,2025-08-25 21:46:00,2025,8,25,21,46,Monday,21:46,Suspected Serious Injury,Dark-Lighted,Clear,Motor Vehicle-In-Transport On Same Roadway,None,JACKSON POLICE DEPT,Other,-,-,-,-,-,-,-,-,-,-,-,Motorcyclist,-,Madison,Jackson,2
86651,400355599,1,0,35.94468,-85.57124,6,2025-09-03 00:00:00,2025,9,3,24,0,Wednesday,24:00,Fatal,Daylight,Clear,Pedestrian,None,THP District 6 - Cookeville,THP,Unbelted,Distracted,-,-,-,-,-,Pedestrian,-,-,-,-,-,White,Not in City Limit,4
86652,400355600,0,1,36.12372,-84.00631,1,2025-09-03 17:47:00,2025,9,3,17,47,Wednesday,17:47,Suspected Serious Injury,Dark-Lighted,Clear,"Over Turn, Roll Over",None,THP District 1 - Knoxville,THP,Unbelted,-,-,-,-,Speeding,-,-,-,-,-,-,-,Knox,Not in City Limit,4
86669,400355700,0,3,35.54784,-88.00952,8,2025-09-01 21:40:00,2025,9,1,21,40,Monday,21:40,Suspected Serious Injury,Dark-Not Lighted,Clear,"Over Turn, Roll Over",None,THP District 8 - Jackson,THP,-,-,Drinking,-,-,-,-,-,-,-,-,-,-,Decatur,Not in City Limit,2
86674,400355738,0,2,35.59215,-88.75134,8,2025-09-04 00:00:00,2025,9,4,24,0,Thursday,24:00,Suspected Serious Injury,Daylight,Clear,Motor Vehicle-In-Transport On Same Roadway,None,MADISON CO SHERIFFS DEPT,Other,Unbelted,-,-,-,-,-,-,-,-,-,-,-,-,Madison,Not in City Limit,5
86686,400355795,0,1,36.18778,-86.79906,3,2025-09-04 13:27:00,2025,9,4,13,27,Thursday,13:27,Suspected Serious Injury,Daylight,Clear,Pedestrian,None,METROPOLITAN NASHVILLE POLICE DEPT,Other,Unbelted,-,-,-,-,-,-,Pedestrian,-,-,-,-,-,Davidson,Nashville,5
86687,400355804,0,4,36.105,-87.18386,3,2025-09-04 12:48:00,2025,9,4,12,48,Thursday,12:48,Suspected Serious Injury,Daylight,Clear,Motor Vehicle-In-Transport On Same Roadway,None,THP District 3 - Nashville,THP,Unbelted,-,-,-,-,-,-,-,-,-,ATV_Involved,-,-,Dickson,White Bluff,5
86707,400355902,0,6,36.37891,-82.22504,5,2025-09-04 14:30:00,2025,9,4,14,30,Thursday,14:30,Suspected Serious Injury,Daylight,Rain,Motor Vehicle-In-Transport On Same Roadway,None,THP District 5 - Fall Branch,THP,Unbelted,-,-,-,-,-,-,-,-,-,-,-,-,Carter,Not in City Limit,5
86714,400355922,0,1,35.41522,-86.4854,7,2025-09-04 00:23:00,2025,9,4,0,23,Thursday,00:23,Suspected Serious Injury,Dark-Not Lighted,Clear,Ditch,None,THP District 7 - Lawrenceburg,THP,Unbelted,-,Drinking,Drug,-,-,-,-,-,-,-,-,-,Bedford,Not in City Limit,5
86715,400355924,0,2,35.89387,-84.0327,1,2025-09-03 20:51:00,2025,9,3,20,51,Wednesday,20:51,Suspected Serious Injury,Dark-Lighted,Cloudy,Motor Vehicle-In-Transport On Same Roadway,None,THP District 1 - Knoxville,THP,Unbelted,-,-,-,-,-,-,-,-,-,-,-,-,Knox,Knoxville,4
86721,400355958,0,1,35.84767,-83.10248,5,2025-09-04 16:15:00,2025,9,4,16,15,Thursday,16:15,Suspected Serious Injury,Daylight,Rain,Pedal-Cycle,None,THP District 5 - Fall Branch,THP,Unbelted,-,-,-,-,-,Pedalcyclist,-,-,-,-,-,-,Cocke,Not in City Limit,5
86722,400355968,0,4,35.75918,-83.62039,1,2025-09-04 18:45:00,2025,9,4,18,45,Thursday,18:45,Suspected Serious Injury,Dark-Lighted,Rain,Embankment Earth,None,THP District 1 - Knoxville,THP,Unbelted,-,-,-,-,-,-,-,-,-,-,-,-,Sevier,Not in City Limit,5
86742,400356053,0,3,35.81528,-88.20215,8,2025-09-04 14:50:00,2025,9,4,14,50,Thursday,14:50,Suspected Serious Injury,Daylight,Clear,Motor Vehicle-In-Transport On Same Roadway,None,THP District 8 - Jackson,THP,Unbelted,-,-,-,-,-,-,-,-,-,ATV_Involved,-,-,Henderson,Not in City Limit,5
86746,400356063,0,7,36.01701,-87.03298,3,2025-09-04 16:50:00,2025,9,4,16,50,Thursday,16:50,Suspected Serious Injury,Daylight,Clear,Motor Vehicle-In-Transport On Same Roadway,None,METROPOLITAN NASHVILLE POLICE DEPT,Other,Unbelted,-,-,-,-,-,-,-,-,-,-,-,-,Davidson,Nashville,5
86750,400356086,0,1,36.06987,-84.2736,1,2025-09-04 22:52:00,2025,9,4,22,52,Thursday,22:52,Suspected Serious Injury,Dark-Not Lighted,Fog,Embankment Earth,None,ANDERSON CO SHERIFFS DEPT,Other,Unbelted,-,-,-,-,-,-,-,-,-,-,-,-,Anderson,Not in City Limit,5
86752,400356089,0,2,36.05166,-89.36537,8,2025-09-04 23:00:00,2025,9,4,23,0,Thursday,23:00,Suspected Serious Injury,Dark-Lighted,Clear,Motor Vehicle-In-Transport On Same Roadway,None,DYERSBURG POLICE DEPT,Other,Unbelted,-,Drinking,-,Drowsy,-,-,-,-,-,-,-,-,Dyer,Dyersburg,5
86756,400356098,0,2,36.45216,-84.26349,1,2025-09-02 03:57:00,2025,9,2,3,57,Tuesday,03:57,Suspected Serious Injury,Dark-Not Lighted,Clear,Guard Rail Face,None,THP District 1 - Knoxville,THP,Unbelted,-,-,-,-,-,-,-,-,-,-,-,-,Campbell,Not in City Limit,3
86757,400356118,0,1,36.57282,-82.37877,5,2025-09-04 10:14:00,2025,9,4,10,14,Thursday,10:14,Suspected Serious Injury,Daylight,Clear,Motor Vehicle-In-Transport On Same Roadway,None,THP District 5 - Fall Branch,THP,Unbelted,-,-,-,-,-,-,-,-,-,-,-,-,Sullivan,Not in City Limit,5
86768,400356248,0,2,35.89659,-87.35065,7,2025-09-04 09:26:00,2025,9,4,9,26,Thursday,09:26,Suspected Serious Injury,Daylight,Clear,Motor Vehicle-In-Transport On Same Roadway,None,THP District 7 - Lawrenceburg,THP,Unbelted,-,-,-,-,-,-,-,-,-,ATV_Involved,-,-,Hickman,Not in City Limit,5
86780,400356285,0,1,35.63598,-86.96564,7,2025-09-05 10:14:00,2025,9,5,10,14,Friday,10:14,Suspected Serious Injury,Daylight,Cloudy,Standing Tree,None,COLUMBIA POLICE DEPT,Other,Unbelted,-,-,-,-,-,-,-,-,-,-,-,-,Maury,Columbia,6
86784,400356319,0,1,35.67793,-85.76261,6,2025-09-05 07:24:00,2025,9,5,7,24,Friday,07:24,Suspected Serious Injury,Daylight,Cloudy,Motor Vehicle-In-Transport On Same Roadway,None,MCMINNVILLE POLICE DEPT,Other,Unbelted,Distracted,-,-,-,-,-,-,-,-,-,Motorcyclist,-,Warren,McMinnville,6
86794,400356387,0,1,35.71268,-84.83234,2,2025-09-04 19:05:00,2025,9,4,19,5,Thursday,19:05,Suspected Serious Injury,Dusk,Cloudy,Pedestrian,None,THP District 2 - Chattanooga,THP,Unbelted,-,-,Drug,-,-,-,Pedestrian,-,-,-,-,-,Rhea,Not in City Limit,5
86799,400356407,0,1,36.03472,-88.11589,8,2025-09-05 10:30:00,2025,9,5,10,30,Friday,10:30,Suspected Serious Injury,Daylight,Clear,"Over Turn, Roll Over",None,THP District 8 - Jackson,THP,Unbelted,-,-,-,-,Speeding,-,-,-,-,ATV_Involved,-,-,Benton,Not in City Limit,6
86800,400356408,0,1,36.32778,-82.30899,5,2025-09-02 21:12:00,2025,9,2,21,12,Tuesday,21:12,Suspected Serious Injury,Dark-Not Lighted,Clear,Motor Vehicle-In-Transport On Same Roadway,None,THP District 5 - Fall Branch,THP,Unbelted,-,-,-,-,-,-,-,-,-,-,Motorcyclist,-,Carter,Not in City Limit,3
86812,400356447,1,1,35.00544,-89.16829,4,2025-08-30 19:15:00,2025,8,30,19,15,Saturday,19:15,Fatal,Dusk,Clear,Standing Tree,None,THP District 4 - Memphis,THP,-,-,-,-,-,-,-,-,-,ATV_Involved,-,-,-,Hardeman,Grand Junction,7
86821,400356491,0,1,35.20449,-89.76338,4,2025-09-04 20:23:00,2025,9,4,20,23,Thursday,20:23,Suspected Serious Injury,Dark-Not Lighted,Clear,Pedestrian,None,THP District 4 - Memphis,THP,Unbelted,-,-,-,-,-,-,Pedestrian,-,-,-,-,-,Shelby,Not in City Limit,5
86823,400356501,0,1,36.22561,-86.5143,3,2025-09-05 04:30:00,2025,9,5,4,30,Friday,04:30,Suspected Serious Injury,,Clear,Motor Vehicle-In-Transport On Same Roadway,None,MOUNT JULIET POLICE DEPT,Other,Unbelted,-,-,-,-,-,-,-,-,-,-,Motorcyclist,-,Wilson,Mount Juliet,6
86824,400356504,0,1,35.93406,-83.32847,5,2025-09-05 14:04:00,2025,9,5,14,4,Friday,14:04,Suspected Serious Injury,Daylight,Clear,Motor Vehicle-In-Transport On Same Roadway,None,THP District 5 - Fall Branch,THP,Unbelted,-,-,-,-,-,-,-,-,-,-,-,-,Jefferson,Not in City Limit,6
86837,400356596,0,1,36.50613,-82.79254,5,2025-09-02 15:26:00,2025,9,2,15,26,Tuesday,15:26,Suspected Serious Injury,Daylight,Clear,"Over Turn, Roll Over",None,THP District 5 - Fall Branch,THP,Unbelted,-,-,-,-,-,-,-,-,-,ATV_Involved,-,-,Hawkins,Surgoinsville,3
86838,400356609,0,4,36.56781,-82.04975,5,2025-09-02 16:12:00,2025,9,2,16,12,Tuesday,16:12,Suspected Serious Injury,Daylight,Clear,Embankment Earth,None,THP District 5 - Fall Branch,THP,Unbelted,-,-,Drug,-,-,-,-,-,-,-,-,-,Sullivan,Not in City Limit,3
86847,400356648,0,1,35.70328,-89.54254,4,2025-09-05 17:41:00,2025,9,5,17,41,Friday,17:41,Suspected Serious Injury,Daylight,Clear,Motor Vehicle-In-Transport On Same Roadway,None,THP District 4 - Memphis,THP,Unbelted,-,Drinking,Drug,-,-,-,-,-,-,-,-,-,Lauderdale,Not in City Limit,6
86849,400356651,0,1,36.54329,-81.98649,5,2025-09-05 17:49:00,2025,9,5,17,49,Friday,17:49,Suspected Serious Injury,Daylight,Clear,"Over Turn, Roll Over",None,THP District 5 - Fall Branch,THP,-,-,-,-,-,-,-,-,-,-,-,Motorcyclist,-,Sullivan,Not in City Limit,6
86860,400356719,0,1,35.78386,-86.47235,3,2025-09-04 16:17:00,2025,9,4,16,17,Thursday,16:17,Suspected Serious Injury,Daylight,Clear,Motor Vehicle-In-Transport On Same Roadway,None,THP District 3 - Nashville,THP,Unbelted,-,-,-,-,-,-,-,-,-,-,-,-,Rutherford,Not in City Limit,5
86867,400356758,0,1,35.96838,-83.19271,5,2025-09-03 05:20:00,2025,9,3,5,20,Wednesday,05:20,Suspected Serious Injury,Dark-Lighted,Clear,Other Fixed Object,None,NEWPORT POLICE DEPT,Other,Unbelted,-,-,Drug,-,-,-,-,-,-,-,-,-,Cocke,Newport,4
86874,400356795,1,1,36.14922,-88.80022,8,2025-09-05 01:47:00,2025,9,5,1,47,Friday,01:47,Fatal,Dark-Lighted,Clear,Motor Vehicle-In-Transport On Same Roadway,None,THP District 8 - Jackson,THP,Unbelted,-,-,Drug,-,-,-,-,-,-,ATV_Involved,Motorcyclist,-,Weakley,Greenfield,6
86878,400356828,0,1,35.68747,-89.7034,4,2025-09-03 05:41:00,2025,9,3,5,41,Wednesday,05:41,Suspected Serious Injury,Dark-Not Lighted,Clear,Parked Motor Vehicle,None,THP District 4 - Memphis,THP,Unbelted,-,-,-,-,-,-,-,-,-,-,-,-,Lauderdale,Not in City Limit,4
86893,400356905,0,4,36.26385,-86.71956,3,2025-09-06 05:30:00,2025,9,6,5,30,Saturday,05:30,Suspected Serious Injury,Dark-Lighted,Rain,Motor Vehicle-In-Transport On Same Roadway,None,METROPOLITAN NASHVILLE POLICE DEPT,Other,Unbelted,-,-,-,-,Speeding,-,-,-,-,-,-,-,Davidson,Nashville,7
86907,400356969,0,1,35.71252,-89.44667,4,2025-09-06 10:45:00,2025,9,6,10,45,Saturday,10:45,Suspected Serious Injury,Daylight,Rain,Standing Tree,None,THP District 4 - Memphis,THP,Unbelted,-,-,-,-,-,-,-,-,-,-,-,-,Lauderdale,Not in City Limit,7
86915,400357004,0,3,35.16957,-88.6134,8,2025-09-06 00:00:00,2025,9,6,24,0,Saturday,24:00,Suspected Serious Injury,Daylight,Cloudy,Motor Vehicle-In-Transport On Same Roadway,None,SELMER POLICE DEPT,Other,Unbelted,-,-,-,-,-,-,-,-,-,-,-,-,McNairy,Selmer,7
86922,400357066,0,2,35.33541,-85.39523,2,2025-09-06 08:55:00,2025,9,6,8,55,Saturday,08:55,Suspected Serious Injury,Daylight,Rain,Embankment Earth,None,DUNLAP POLICE DEPT,Other,Unbelted,-,-,-,-,-,-,-,-,-,-,-,-,Sequatchie,Dunlap,7
86932,400357107,2,0,36.0967,-88.49574,8,2025-09-06 07:35:00,2025,9,6,7,35,Saturday,07:35,Fatal,Daylight,Rain,Railway Train,None,THP District 8 - Jackson,THP,Unbelted,-,-,Drug,-,-,-,-,-,-,ATV_Involved,-,-,Carroll,Not in City Limit,7
86933,400357109,0,3,35.05388,-84.73335,2,2025-09-06 16:25:00,2025,9,6,16,25,Saturday,16:25,Suspected Serious Injury,Daylight,Rain,Motor Vehicle-In-Transport On Same Roadway,None,THP District 2 - Chattanooga,THP,Unbelted,-,-,-,-,-,-,-,-,-,-,-,-,Polk,Not in City Limit,7
86938,400357140,0,1,35.06489,-89.68582,4,2025-09-05 23:03:00,2025,9,5,23,3,Friday,23:03,Suspected Serious Injury,Dark-Lighted,Clear,Luminaire Light Support,None,COLLIERVILLE POLICE DEPT,Other,Unbelted,Distracted,Drinking,-,-,-,-,-,-,-,-,-,-,Shelby,Collierville,6
86944,400357156,0,1,36.41309,-82.99101,5,2025-09-06 15:47:00,2025,9,6,15,47,Saturday,15:47,Suspected Serious Injury,Daylight,Cloudy,Pedestrian,None,THP District 5 - Fall Branch,THP,-,-,-,-,-,-,-,Pedestrian,-,-,-,-,-,Hawkins,Rogersville,7
86956,400357211,0,1,36.11873,-83.86885,1,2025-09-06 22:56:00,2025,9,6,22,56,Saturday,22:56,Suspected Serious Injury,Dark-Not Lighted,Rain,Embankment Earth,None,THP District 1 - Knoxville,THP,Unbelted,-,-,-,-,Speeding,-,-,-,-,-,-,-,Knox,Not in City Limit,7
86960,400357239,0,1,36.16002,-88.74948,8,2025-09-06 22:58:00,2025,9,6,22,58,Saturday,22:58,Suspected Serious Injury,Dark-Not Lighted,Clear,Ditch,None,THP District 8 - Jackson,THP,Unbelted,-,-,-,-,-,-,-,-,-,-,-,-,Weakley,Not in City Limit,7
86966,400357263,0,2,36.26588,-86.71102,3,2025-09-07 02:13:00,2025,9,7,2,13,Sunday,02:13,Suspected Serious Injury,Dark-Lighted,Clear,Motor Vehicle-In-Transport On Same Roadway,None,METROPOLITAN NASHVILLE POLICE DEPT,Other,Unbelted,-,Drinking,Drug,-,-,-,-,-,-,ATV_Involved,-,-,Davidson,Nashville,1
86974,400357306,0,2,35.18621,-86.11658,2,2025-09-06 11:41:00,2025,9,6,11,41,Saturday,11:41,Suspected Serious Injury,Daylight,Rain,Motor Vehicle-In-Transport On Same Roadway,None,WINCHESTER POLICE DEPT,Other,Unbelted,-,-,-,-,-,-,-,-,-,-,-,-,Franklin,Winchester,7
86980,400357340,0,5,35.34501,-84.75089,2,2025-09-06 10:12:00,2025,9,6,10,12,Saturday,10:12,Suspected Serious Injury,Daylight,Rain,Standing Tree,None,THP District 2 - Chattanooga,THP,Unbelted,-,-,-,-,Speeding,-,-,-,-,-,-,-,McMinn,Not in City Limit,7
86989,400357421,0,4,35.90594,-88.75221,8,2025-09-07 12:32:00,2025,9,7,12,32,Sunday,12:32,Suspected Serious Injury,Daylight,Clear,Motor Vehicle-In-Transport On Same Roadway,None,MILAN POLICE DEPT,Other,Unbelted,-,-,-,-,-,-,-,-,-,-,-,-,Gibson,Milan,1
87001,400357467,0,1,35.72644,-88.60753,8,2025-09-07 12:13:00,2025,9,7,12,13,Sunday,12:13,Suspected Serious Injury,Daylight,Clear,"Over Turn, Roll Over",None,THP District 8 - Jackson,THP,Unbelted,-,-,-,Drowsy,-,-,-,-,-,-,-,-,Henderson,Not in City Limit,1
87005,400357480,0,1,35.54512,-84.08737,1,2025-09-07 13:00:00,2025,9,7,13,0,Sunday,13:00,Suspected Serious Injury,Daylight,Clear,Embankment Earth,None,THP District 1 - Knoxville,THP,-,-,-,-,-,-,-,-,-,-,-,Motorcyclist,-,Blount,Not in City Limit,1
87006,400357481,0,1,35.32142,-88.57902,8,2025-09-07 14:55:00,2025,9,7,14,55,Sunday,14:55,Suspected Serious Injury,Daylight,Clear,Ditch,None,THP District 8 - Jackson,THP,Unbelted,-,-,-,-,-,-,-,-,-,-,-,-,McNairy,Not in City Limit,1
87017,400357560,0,1,36.42614,-88.23013,8,2025-09-07 14:59:00,2025,9,7,14,59,Sunday,14:59,Suspected Serious Injury,Daylight,Clear,Ditch,None,THP District 8 - Jackson,THP,Unbelted,-,-,-,-,-,-,-,-,-,-,-,-,Henry,Not in City Limit,1
87029,400357607,0,1,35.53918,-86.84691,7,2025-09-07 15:32:00,2025,9,7,15,32,Sunday,15:32,Suspected Serious Injury,Daylight,Clear,"Over Turn, Roll Over",None,THP District 7 - Lawrenceburg,THP,Unbelted,-,-,-,-,-,-,-,-,-,-,-,-,Maury,Not in City Limit,1
87040,400357639,0,1,35.98791,-85.12397,6,2025-09-07 21:29:00,2025,9,7,21,29,Sunday,21:29,Suspected Serious Injury,Dark-Not Lighted,Clear,Standing Tree,None,CUMBERLAND CO SHERIFFS OFFICE,Other,Unbelted,-,-,-,-,-,-,-,-,-,-,-,-,Cumberland,Not in City Limit,1
87046,400357657,1,0,35.11606,-85.32668,2,2025-08-13 16:43:00,2025,8,13,16,43,Wednesday,16:43,Fatal,Daylight,Clear,Ditch,None,HAMILTON COUNTY SHERIFF'S OFFICE,Other,Unbelted,-,-,-,-,-,-,-,-,-,-,-,-,Hamilton,Not in City Limit,4
87059,400357727,0,1,35.95151,-83.89434,1,2025-09-08 07:26:00,2025,9,8,7,26,Monday,07:26,Suspected Serious Injury,Daylight,Clear,Guard Rail Face,None,KNOXVILLE POLICE DEPT,Other,Unbelted,-,-,-,-,-,-,-,-,-,-,-,-,Knox,Knoxville,2
87061,400357743,0,1,35.78058,-83.40496,1,2025-09-01 21:50:00,2025,9,1,21,50,Monday,21:50,Suspected Serious Injury,Dark-Not Lighted,Clear,Guard Rail Face,None,THP District 1 - Knoxville,THP,Unbelted,-,-,-,-,-,-,-,-,-,-,-,-,Sevier,Not in City Limit,2
87081,400357854,0,1,36.53368,-82.32338,5,2025-09-08 10:50:00,2025,9,8,10,50,Monday,10:50,Suspected Serious Injury,Daylight,Clear,Motor Vehicle-In-Transport On Same Roadway,None,THP District 5 - Fall Branch,THP,Unbelted,-,-,-,-,-,-,-,-,-,-,-,-,Sullivan,Not in City Limit,2
87099,400358022,0,1,36.45646,-86.26725,3,2025-09-05 12:58:00,2025,9,5,12,58,Friday,12:58,Suspected Serious Injury,Daylight,Clear,Motor Vehicle-In-Transport On Same Roadway,None,THP District 3 - Nashville,THP,Unbelted,-,-,-,-,-,-,-,-,-,-,Motorcyclist,-,Sumner,Not in City Limit,6
87111,400358084,0,2,36.4936,-88.621,8,2025-09-07 14:20:00,2025,9,7,14,20,Sunday,14:20,Suspected Serious Injury,Daylight,Clear,Motor Vehicle-In-Transport On Same Roadway,None,THP District 8 - Jackson,THP,Unbelted,-,-,-,-,-,-,-,-,-,-,-,-,Weakley,Not in City Limit,1
87117,400358129,0,1,35.52993,-86.7702,7,2025-09-08 19:35:00,2025,9,8,19,35,Monday,19:35,Suspected Serious Injury,Dark-Not Lighted,Clear,Pedestrian,None,THP District 7 - Lawrenceburg,THP,Unbelted,Distracted,-,-,-,-,-,Pedestrian,-,-,-,-,-,Marshall,Not in City Limit,2
87125,400358156,0,1,35.96049,-83.17947,5,2025-09-08 22:44:00,2025,9,8,22,44,Monday,22:44,Suspected Serious Injury,Dark-Lighted,Clear,Motor Vehicle-In-Motion Outside Trafficway,None,NEWPORT POLICE DEPT,Other,Unbelted,-,Drinking,Drug,-,Speeding,-,-,-,-,-,-,-,Cocke,Newport,2
87136,400358226,0,2,36.30256,-82.12604,5,2025-09-08 16:05:00,2025,9,8,16,5,Monday,16:05,Suspected Serious Injury,Daylight,Clear,Motor Vehicle-In-Transport On Same Roadway,None,THP District 5 - Fall Branch,THP,Unbelted,-,-,-,-,-,-,-,-,-,-,Motorcyclist,-,Carter,Not in City Limit,2
87137,400358228,0,3,35.38239,-89.86514,4,2025-09-08 11:21:00,2025,9,8,11,21,Monday,11:21,Suspected Serious Injury,Daylight,Clear,Motor Vehicle-In-Transport On Same Roadway,None,THP District 4 - Memphis,THP,Unbelted,-,-,-,-,-,-,-,-,-,-,-,-,Shelby,Millington,2
87142,400358259,0,1,35.2407,-87.33052,7,2025-09-09 07:12:00,2025,9,9,7,12,Tuesday,07:12,Suspected Serious Injury,Daylight,Clear,Motor Vehicle-In-Transport On Same Roadway,None,LAWRENCEBURG POLICE DEPT,Other,Unbelted,-,-,-,-,-,-,-,-,-,-,-,-,Lawrence,Lawrenceburg,3
87145,400358275,0,1,36.01302,-83.85464,1,2025-09-09 07:33:00,2025,9,9,7,33,Tuesday,07:33,Suspected Serious Injury,Daylight,Clear,Motor Vehicle-In-Transport On Same Roadway,None,KNOXVILLE POLICE DEPT,Other,Unbelted,-,-,-,-,-,-,-,-,-,ATV_Involved,-,-,Knox,Knoxville,3