OBJECTID,MRN,Fatality,Injury,Latitude,Longitude,THP_District,Collision_Date,Collision_Year,Collision_Month,Collision_Day,Collision_Hour,Collision_Min,Collision_DOW,Collision_Time,Crash_Type,Light_Condition,Weather,First_Harmfu_Event,Work_Zone_Type,Agency_Name,THP,Unbelted,Distracted_Driver,Driver_Drinking,Driver_Drugged,Drowsy_Driver,Speeding_Involved,Pedalcyclist,Pedestrian,Other_Nonmotorist,ATV_Involved,LargeTruck_Involved,Motorcycle_Involved,SchoolBus,County,City,DOW_Nmb
87153,400358324,0,1,36.02472,-83.95487,1,2025-09-09 08:48:00,2025,9,9,8,48,Tuesday,08:48,Suspected Serious Injury,Daylight,Clear,Motor Vehicle-In-Transport On Same Roadway,None,KNOXVILLE POLICE DEPT,Other,Unbelted,Distracted,-,-,-,-,-,-,-,-,-,-,-,Knox,Knoxville,3
87155,400358337,0,1,35.50712,-85.28672,2,2025-09-09 07:53:00,2025,9,9,7,53,Tuesday,07:53,Suspected Serious Injury,Daylight,Clear,Guard Rail End,None,THP District 2 - Chattanooga,THP,Unbelted,-,-,-,-,-,-,-,-,-,ATV_Involved,-,-,Bledsoe,Not in City Limit,3
87156,400358342,0,1,35.95151,-83.99403,1,2025-09-09 00:00:00,2025,9,9,24,0,Tuesday,24:00,Suspected Serious Injury,Daylight,Clear,Motor Vehicle-In-Transport On Same Roadway,None,KNOXVILLE POLICE DEPT,Other,Unbelted,-,-,-,-,-,-,-,-,-,-,-,-,Knox,Knoxville,3
87172,400358422,0,3,36.3825,-86.11777,6,2025-09-08 17:48:00,2025,9,8,17,48,Monday,17:48,Suspected Serious Injury,Daylight,Clear,Motor Vehicle-In-Transport On Same Roadway,None,THP District 6 - Cookeville,THP,Unbelted,-,-,-,-,-,-,-,-,-,-,-,-,Trousdale,Hartsville,2
87176,400358455,0,3,35.60818,-87.03479,7,2025-09-09 08:25:00,2025,9,9,8,25,Tuesday,08:25,Suspected Serious Injury,Daylight,Clear,Motor Vehicle-In-Transport On Same Roadway,None,COLUMBIA POLICE DEPT,Other,Unbelted,Distracted,-,-,-,-,-,-,-,-,-,-,-,Maury,Columbia,3
87191,400358551,0,2,36.5386,-81.98511,5,2025-09-07 13:04:00,2025,9,7,13,4,Sunday,13:04,Suspected Serious Injury,Daylight,Clear,"Over Turn, Roll Over",None,THP District 5 - Fall Branch,THP,-,-,-,-,-,-,-,-,-,-,-,Motorcyclist,-,Sullivan,Not in City Limit,1
87194,400358563,0,1,36.05708,-83.98522,1,2025-09-09 15:30:00,2025,9,9,15,30,Tuesday,15:30,Suspected Serious Injury,Daylight,Clear,Motor Vehicle-In-Transport On Same Roadway,None,THP District 1 - Knoxville,THP,Unbelted,-,-,-,-,-,-,-,-,-,-,-,-,Knox,Not in City Limit,3
87198,400358590,0,5,35.11947,-90.0392,4,2025-09-09 18:19:00,2025,9,9,18,19,Tuesday,18:19,Suspected Serious Injury,Daylight,Clear,Motor Vehicle-In-Transport On Same Roadway,None,THP District 4 - Memphis,THP,Unbelted,-,-,-,-,Speeding,-,-,-,-,-,-,-,Shelby,Memphis,3
87199,400358591,0,1,35.60378,-84.90154,2,2025-09-09 18:20:00,2025,9,9,18,20,Tuesday,18:20,Suspected Serious Injury,Daylight,Clear,Standing Tree,None,THP District 2 - Chattanooga,THP,Unbelted,-,-,-,-,-,-,-,-,-,-,-,-,Rhea,Not in City Limit,3
87200,400358594,0,1,36.442,-85.236,6,2025-09-09 18:46:00,2025,9,9,18,46,Tuesday,18:46,Suspected Serious Injury,Daylight,Clear,Motor Vehicle-In-Transport On Same Roadway,None,THP District 6 - Cookeville,THP,Unbelted,-,-,-,-,-,-,-,-,-,-,-,-,Overton,Not in City Limit,3
87205,400358618,0,1,35.99931,-83.55249,5,2025-09-09 15:30:00,2025,9,9,15,30,Tuesday,15:30,Suspected Serious Injury,Daylight,Clear,Standing Tree,None,THP District 5 - Fall Branch,THP,Unbelted,-,-,-,-,-,-,-,-,-,-,-,-,Jefferson,Not in City Limit,3
87211,400358640,0,1,35.00786,-87.67192,7,2025-09-09 17:15:00,2025,9,9,17,15,Tuesday,17:15,Suspected Serious Injury,Daylight,Clear,Ditch,None,THP District 7 - Lawrenceburg,THP,Unbelted,-,-,-,-,-,-,-,-,-,-,-,-,Wayne,Not in City Limit,3
87214,400358648,0,1,35.01392,-85.21097,2,2025-09-05 14:56:00,2025,9,5,14,56,Friday,14:56,Suspected Serious Injury,,Clear,Pedestrian,None,THP District 2 - Chattanooga,THP,Unbelted,-,-,-,-,-,-,Pedestrian,-,-,-,-,-,Hamilton,Chattanooga,6
87221,400358670,1,0,36.56669,-82.69979,5,2025-09-09 14:40:00,2025,9,9,14,40,Tuesday,14:40,Fatal,Daylight,Clear,"Over Turn, Roll Over",None,THP District 5 - Fall Branch,THP,-,-,-,-,-,-,-,-,-,-,-,Motorcyclist,-,Hawkins,Not in City Limit,3
87229,400358696,0,1,35.07792,-84.48674,2,2025-09-06 01:36:00,2025,9,6,1,36,Saturday,01:36,Suspected Serious Injury,Dark-Not Lighted,Clear,Embankment Rock/Stone/Concrete,None,THP District 2 - Chattanooga,THP,Unbelted,-,Drinking,Drug,-,-,-,-,-,-,-,-,-,Polk,Not in City Limit,7
87234,400358723,0,2,36.08294,-89.18286,8,2025-09-09 13:01:00,2025,9,9,13,1,Tuesday,13:01,Suspected Serious Injury,Daylight,Clear,Motor Vehicle-In-Transport On Same Roadway,None,THP District 8 - Jackson,THP,Unbelted,-,-,-,-,-,-,-,-,-,-,-,-,Dyer,Not in City Limit,3
87236,400358728,0,1,35.77287,-87.47,7,2025-09-10 02:00:00,2025,9,10,2,0,Wednesday,02:00,Suspected Serious Injury,Dark-Not Lighted,Clear,Guard Rail Face,None,THP District 7 - Lawrenceburg,THP,Unbelted,-,-,-,-,-,-,-,-,-,ATV_Involved,-,-,Hickman,Centerville,4
87238,400358752,0,3,36.20234,-86.2778,3,2025-09-05 22:21:00,2025,9,5,22,21,Friday,22:21,Suspected Serious Injury,Dark-Not Lighted,Rain,"Over Turn, Roll Over",None,LEBANON POLICE DEPT,Other,Unbelted,-,-,-,-,-,-,-,-,-,-,-,-,Wilson,Lebanon,6
87242,400358779,0,3,36.06326,-83.76136,1,2025-08-28 19:41:00,2025,8,28,19,41,Thursday,19:41,Suspected Serious Injury,Daylight,Clear,Motor Vehicle-In-Transport On Same Roadway,None,KNOX CO SHERIFFS OFFICE,Other,Unbelted,-,-,-,-,-,-,-,-,-,-,-,-,Knox,Not in City Limit,5
87243,400358781,0,1,35.70481,-86.62568,3,2025-09-10 06:16:00,2025,9,10,6,16,Wednesday,06:16,Suspected Serious Injury,Daylight,Clear,Motor Vehicle-In-Transport On Same Roadway,None,RUTHERFORD CO SHERIFFS DEPT,Other,Unbelted,-,-,-,Drowsy,-,-,-,-,-,ATV_Involved,-,-,Rutherford,Eagleville,4
87261,400358848,0,1,36.33012,-86.6165,3,2025-09-09 18:10:00,2025,9,9,18,10,Tuesday,18:10,Suspected Serious Injury,Daylight,Clear,Other Non-Collision,None,HENDERSONVILLE POLICE DEPT,Other,-,-,-,-,-,Speeding,-,-,-,-,-,Motorcyclist,-,Sumner,Hendersonville,3
87264,400358857,0,1,35.99255,-83.89985,1,2025-09-10 09:05:00,2025,9,10,9,5,Wednesday,09:05,Suspected Serious Injury,Daylight,Clear,Motor Vehicle-In-Transport On Same Roadway,None,THP District 1 - Knoxville,THP,Unbelted,-,-,-,Drowsy,-,-,-,-,-,ATV_Involved,-,-,Knox,Knoxville,4
87267,400358865,0,2,35.76781,-88.83414,8,2025-09-09 15:35:00,2025,9,9,15,35,Tuesday,15:35,Suspected Serious Injury,Daylight,Clear,Motor Vehicle-In-Transport On Same Roadway,None,THP District 8 - Jackson,THP,Unbelted,-,-,-,-,-,-,-,-,-,-,-,-,Madison,Not in City Limit,3
87272,400358886,0,1,35.43284,-89.90134,4,2025-09-08 06:45:00,2025,9,8,6,45,Monday,06:45,Suspected Serious Injury,Daylight,Clear,Other Post/Pole Support,None,THP District 4 - Memphis,THP,Unbelted,-,-,-,-,Speeding,-,-,-,-,-,-,-,Tipton,Not in City Limit,2
87275,400358900,0,2,35.79741,-83.42899,1,2025-09-07 10:57:00,2025,9,7,10,57,Sunday,10:57,Suspected Serious Injury,Daylight,Clear,Motor Vehicle-In-Transport On Same Roadway,None,THP District 1 - Knoxville,THP,Unbelted,-,-,-,-,-,-,-,-,-,-,Motorcyclist,-,Sevier,Not in City Limit,1
87283,400358980,1,0,35.91705,-89.39117,4,2025-09-10 13:46:00,2025,9,10,13,46,Wednesday,13:46,Fatal,Daylight,Clear,Standing Tree,None,THP District 4 - Memphis,THP,Unbelted,-,Drinking,Drug,-,-,-,-,-,-,-,-,-,Lauderdale,Not in City Limit,4
87285,400358987,0,1,36.30092,-87.69024,3,2025-09-07 23:14:00,2025,9,7,23,14,Sunday,23:14,Suspected Serious Injury,Dark-Not Lighted,Clear,Ditch,None,THP District 3 - Nashville,THP,Unbelted,-,Drinking,Drug,-,-,-,-,-,-,-,-,-,Houston,Not in City Limit,1
87288,400359004,1,0,36.23876,-86.62998,3,2025-09-09 19:29:00,2025,9,9,19,29,Tuesday,19:29,Fatal,Dark-Lighted,Clear,Motor Vehicle-In-Transport On Same Roadway,None,METROPOLITAN NASHVILLE POLICE DEPT,Other,Unbelted,-,-,-,-,-,-,-,-,-,-,Motorcyclist,-,Davidson,Nashville,3
87289,400359009,0,2,35.86927,-84.57837,1,2025-09-10 14:32:00,2025,9,10,14,32,Wednesday,14:32,Suspected Serious Injury,Daylight,Clear,Motor Vehicle-In-Transport On Same Roadway,None,HARRIMAN POLICE DEPT,Other,Unbelted,-,-,-,-,-,-,-,-,-,ATV_Involved,-,-,Roane,Not in City Limit,4
87306,400359110,0,3,35.16743,-89.90412,4,2025-09-10 17:41:00,2025,9,10,17,41,Wednesday,17:41,Suspected Serious Injury,Daylight,Clear,Motor Vehicle-In-Transport On Same Roadway,None,THP District 4 - Memphis,THP,Unbelted,-,-,-,-,Speeding,-,-,-,-,-,-,-,Shelby,Memphis,4
87312,400359129,0,3,36.02313,-84.37147,1,2025-09-10 17:16:00,2025,9,10,17,16,Wednesday,17:16,Suspected Serious Injury,Daylight,Clear,Motor Vehicle-In-Transport On Same Roadway,None,THP District 1 - Knoxville,THP,Unbelted,-,-,-,-,-,-,-,-,-,-,-,-,Roane,Not in City Limit,4
87315,400359140,0,1,36.61981,-87.23419,3,2025-09-10 16:14:00,2025,9,10,16,14,Wednesday,16:14,Suspected Serious Injury,Daylight,Clear,Motor Vehicle-In-Transport On Same Roadway,None,THP District 3 - Nashville,THP,Unbelted,-,-,Drug,-,-,-,-,-,-,-,-,-,Montgomery,Not in City Limit,4
87320,400359160,0,1,35.2589,-87.32464,7,2025-09-10 20:49:00,2025,9,10,20,49,Wednesday,20:49,Suspected Serious Injury,Dark-Lighted,Clear,Other Non-Collision,None,LAWRENCEBURG POLICE DEPT,Other,-,-,-,-,-,-,-,-,-,-,-,Motorcyclist,-,Lawrence,Lawrenceburg,4
87323,400359176,1,0,36.16168,-83.22851,5,2025-09-09 23:50:00,2025,9,9,23,50,Tuesday,23:50,Fatal,Dark-Not Lighted,Clear,Motor Vehicle-In-Transport On Same Roadway,None,THP District 5 - Fall Branch,THP,Unbelted,-,-,-,-,-,-,-,-,-,-,Motorcyclist,-,Hamblen,Not in City Limit,3
87327,400359187,0,1,35.21519,-85.88925,2,2025-09-10 16:09:00,2025,9,10,16,9,Wednesday,16:09,Suspected Serious Injury,Daylight,Clear,Ditch,None,FRANKLIN CO SHERIFFS DEPT,Other,Unbelted,-,-,Drug,-,-,-,-,-,-,-,-,-,Franklin,Not in City Limit,4
87337,400359222,0,3,35.61754,-87.06477,7,2025-09-10 22:00:00,2025,9,10,22,0,Wednesday,22:00,Suspected Serious Injury,Dark-Lighted,Clear,Motor Vehicle-In-Transport On Same Roadway,None,COLUMBIA POLICE DEPT,Other,Unbelted,-,-,-,-,-,-,-,-,-,-,-,-,Maury,Columbia,4
87340,400359230,1,0,36.11616,-83.32881,5,2025-09-10 06:35:00,2025,9,10,6,35,Wednesday,06:35,Fatal,Dark-Not Lighted,Clear,Motor Vehicle-In-Transport On Same Roadway,Construction Zone,THP District 5 - Fall Branch,THP,Unbelted,-,-,Drug,-,Speeding,-,-,-,-,ATV_Involved,-,-,Jefferson,Not in City Limit,4
87341,400359232,1,0,35.60149,-87.01622,7,2025-09-11 00:00:00,2025,9,11,24,0,Thursday,24:00,Fatal,Dark-Not Lighted,Clear,Pedestrian,None,COLUMBIA POLICE DEPT,Other,Unbelted,-,-,-,-,-,-,Pedestrian,-,-,-,-,-,Maury,Columbia,5
87342,400359241,0,4,36.04527,-86.71708,3,2025-09-11 04:42:00,2025,9,11,4,42,Thursday,04:42,Suspected Serious Injury,Dark-Lighted,Clear,Motor Vehicle-In-Transport On Same Roadway,None,METROPOLITAN NASHVILLE POLICE DEPT,Other,Unbelted,-,-,-,-,-,-,-,-,-,-,-,-,Davidson,Nashville,5
87349,400359300,0,1,36.38462,-87.07537,3,2025-09-11 06:21:00,2025,9,11,6,21,Thursday,06:21,Suspected Serious Injury,Daylight,Fog,Utility Pole,None,THP District 3 - Nashville,THP,Unbelted,-,-,-,-,-,-,-,-,-,-,-,-,Cheatham,Not in City Limit,5
87354,400359325,0,1,36.01072,-86.54414,3,2025-09-11 08:11:00,2025,9,11,8,11,Thursday,08:11,Suspected Serious Injury,Daylight,Clear,Motor Vehicle-In-Transport On Same Roadway,None,LAVERGNE POLICE DEPT,Other,Unbelted,-,-,-,-,-,-,-,-,-,-,-,-,Rutherford,Lavergne,5
87365,400359421,0,3,35.10549,-84.86506,2,2025-09-11 11:50:00,2025,9,11,11,50,Thursday,11:50,Suspected Serious Injury,Daylight,Clear,Motor Vehicle-In-Transport On Same Roadway,None,BRADLEY CO SHERIFFS DEPT,Other,Unbelted,Distracted,-,-,-,-,-,-,-,-,-,-,-,Bradley,Not in City Limit,5
87366,400359423,0,1,35.99689,-89.39589,8,2025-09-11 12:04:00,2025,9,11,12,4,Thursday,12:04,Suspected Serious Injury,Daylight,Clear,Motor Vehicle-In-Transport On Same Roadway,None,THP District 8 - Jackson,THP,Unbelted,-,-,-,-,-,-,-,-,-,ATV_Involved,-,-,Dyer,Not in City Limit,5
87376,400359456,0,2,36.01715,-83.49862,5,2025-09-11 09:38:00,2025,9,11,9,38,Thursday,09:38,Suspected Serious Injury,Daylight,Clear,Ditch,None,THP District 5 - Fall Branch,THP,Unbelted,-,-,-,Drowsy,-,-,-,-,-,-,-,-,Jefferson,Not in City Limit,5
87377,400359458,0,1,35.60741,-86.76312,7,2025-09-10 12:35:00,2025,9,10,12,35,Wednesday,12:35,Suspected Serious Injury,Daylight,Clear,"Over Turn, Roll Over",None,THP District 7 - Lawrenceburg,THP,Unbelted,-,-,-,-,-,-,-,-,-,ATV_Involved,-,-,Marshall,Not in City Limit,4
87378,400359459,0,1,35.85321,-85.55649,6,2025-09-10 17:35:00,2025,9,10,17,35,Wednesday,17:35,Suspected Serious Injury,Daylight,Clear,Shrubbery,None,THP District 6 - Cookeville,THP,-,-,-,-,-,-,-,-,-,-,-,Motorcyclist,-,White,Not in City Limit,4
87380,400359461,0,1,35.98739,-83.58121,1,2025-09-10 20:02:00,2025,9,10,20,2,Wednesday,20:02,Suspected Serious Injury,Dark-Lighted,Clear,Motor Vehicle-In-Transport On Same Roadway,None,SEVIERVILLE POLICE DEPT,Other,Unbelted,-,Drinking,-,-,-,-,-,-,-,ATV_Involved,-,-,Sevier,Sevierville,4
87382,400359466,0,1,36.25584,-85.46578,6,2025-09-10 16:50:00,2025,9,10,16,50,Wednesday,16:50,Suspected Serious Injury,Daylight,Clear,Fence,None,THP District 6 - Cookeville,THP,Unbelted,-,Drinking,Drug,-,-,-,-,-,-,-,-,-,Putnam,Not in City Limit,4
87387,400359478,0,2,35.70892,-88.90861,8,2025-09-11 13:35:00,2025,9,11,13,35,Thursday,13:35,Suspected Serious Injury,Daylight,Clear,Parked Motor Vehicle,None,JACKSON POLICE DEPT,Other,Unbelted,-,-,-,-,-,-,-,-,-,-,-,-,Madison,Jackson,5
87396,400359518,1,0,36.15706,-86.77464,3,2025-09-11 03:20:00,2025,9,11,3,20,Thursday,03:20,Fatal,Dark-Lighted,Clear,Pedestrian,None,METROPOLITAN NASHVILLE POLICE DEPT,Other,Unbelted,-,-,-,-,-,-,Pedestrian,-,-,-,-,-,Davidson,Nashville,5
87401,400359581,0,1,35.95148,-86.81805,3,2025-09-11 13:50:00,2025,9,11,13,50,Thursday,13:50,Suspected Serious Injury,Daylight,Clear,Motor Vehicle-In-Transport On Same Roadway,None,FRANKLIN POLICE DEPT,Other,Unbelted,-,-,-,-,-,-,-,-,-,-,-,-,Williamson,Franklin,5
87413,400359634,0,2,35.93238,-84.02106,1,2025-09-11 16:31:00,2025,9,11,16,31,Thursday,16:31,Suspected Serious Injury,Daylight,Clear,Motor Vehicle-In-Transport On Same Roadway,None,KNOXVILLE POLICE DEPT,Other,Unbelted,-,-,-,-,-,-,-,-,-,-,-,-,Knox,Knoxville,5
87414,400359636,0,1,35.99628,-84.91169,6,2025-09-11 00:00:00,2025,9,11,24,0,Thursday,24:00,Suspected Serious Injury,Daylight,Clear,Other Non-Fixed Object,Construction Zone,FAIRFIELD GLADE POLICE DEPT,Other,Unbelted,-,-,-,-,-,-,Pedestrian,-,-,-,-,-,Cumberland,Fairfield Glade,5
87417,400359660,0,1,36.3788,-87.04129,3,2025-09-11 18:07:00,2025,9,11,18,7,Thursday,18:07,Suspected Serious Injury,Daylight,Clear,Motor Vehicle-In-Transport On Same Roadway,None,THP District 3 - Nashville,THP,Unbelted,-,-,-,-,-,-,-,-,-,-,Motorcyclist,-,Cheatham,Pleasant View,5
87424,400359689,0,1,35.68172,-84.66748,2,2025-09-11 18:10:00,2025,9,11,18,10,Thursday,18:10,Suspected Serious Injury,Daylight,Clear,Ditch,None,THP District 2 - Chattanooga,THP,Unbelted,-,-,-,Drowsy,-,-,-,-,-,-,-,-,Meigs,Not in City Limit,5
87434,400359741,1,0,36.06876,-86.71769,3,2025-09-11 20:23:00,2025,9,11,20,23,Thursday,20:23,Fatal,Dark-Lighted,Cloudy,Pedestrian,None,METROPOLITAN NASHVILLE POLICE DEPT,Other,Unbelted,-,-,-,-,Speeding,-,Pedestrian,-,-,-,-,-,Davidson,Nashville,5
87445,400359781,0,4,35.01131,-89.98987,4,2025-09-11 22:23:00,2025,9,11,22,23,Thursday,22:23,Suspected Serious Injury,Dark-Lighted,Clear,Motor Vehicle-In-Transport On Same Roadway,None,THP District 4 - Memphis,THP,Unbelted,Distracted,Drinking,Drug,-,Speeding,-,-,-,-,-,-,-,Shelby,Memphis,5
87447,400359797,0,1,35.88867,-83.91984,1,2025-09-09 13:54:00,2025,9,9,13,54,Tuesday,13:54,Suspected Serious Injury,Daylight,Clear,Motor Vehicle-In-Transport On Same Roadway,None,THP District 1 - Knoxville,THP,Unbelted,-,-,-,-,-,-,-,-,-,-,-,-,Knox,Not in City Limit,3
87452,400359813,0,1,35.96482,-83.92435,1,2025-09-11 18:56:00,2025,9,11,18,56,Thursday,18:56,Suspected Serious Injury,Daylight,Clear,Motor Vehicle-In-Transport On Same Roadway,None,KNOXVILLE POLICE DEPT,Other,Unbelted,-,-,-,-,-,-,-,-,-,-,-,-,Knox,Knoxville,5
87460,400359867,0,2,35.22393,-85.4962,2,2025-09-11 19:24:00,2025,9,11,19,24,Thursday,19:24,Suspected Serious Injury,Dusk,Clear,Motor Vehicle-In-Transport On Same Roadway,None,THP District 2 - Chattanooga,THP,Unbelted,-,-,-,-,-,-,-,-,-,-,Motorcyclist,-,Marion,Not in City Limit,5
87468,400359891,0,1,36.01142,-83.9702,1,2025-09-12 07:46:00,2025,9,12,7,46,Friday,07:46,Suspected Serious Injury,Daylight,Clear,Pedestrian,None,KNOXVILLE POLICE DEPT,Other,Unbelted,-,-,-,-,-,-,Pedestrian,-,-,-,-,-,Knox,Knoxville,6
87473,400359930,0,1,35.28009,-86.16293,2,2025-09-12 08:03:00,2025,9,12,8,3,Friday,08:03,Suspected Serious Injury,Daylight,Clear,Fell/Jumped From Vehicle,None,THP District 2 - Chattanooga,THP,-,-,-,-,-,-,-,-,-,-,-,Motorcyclist,-,Franklin,Not in City Limit,6
87500,400360107,0,1,35.92665,-87.07448,3,2025-09-12 14:22:00,2025,9,12,14,22,Friday,14:22,Suspected Serious Injury,Daylight,Clear,Ditch,None,WILLIAMSON CO SHERIFFS OFFICE,Other,-,-,-,-,-,-,-,-,-,-,-,Motorcyclist,-,Williamson,Not in City Limit,6
87502,400360114,0,2,35.2243,-88.24403,8,2025-09-12 07:18:00,2025,9,12,7,18,Friday,07:18,Suspected Serious Injury,Daylight,Clear,Motor Vehicle-In-Transport On Same Roadway,None,SAVANNAH POLICE DEPT,Other,Unbelted,-,-,-,-,-,-,-,-,-,ATV_Involved,-,-,Hardin,Savannah,6
87503,400360115,0,1,35.8446,-86.37889,3,2025-09-12 13:23:00,2025,9,12,13,23,Friday,13:23,Suspected Serious Injury,Daylight,Clear,Curb,None,MURFREESBORO POLICE DEPT,Other,Unbelted,-,-,-,-,-,-,-,-,-,-,-,-,Rutherford,Murfreesboro,6
87507,400360124,0,3,36.52362,-86.15045,6,2025-09-12 00:00:00,2025,9,12,24,0,Friday,24:00,Suspected Serious Injury,Daylight,Clear,Motor Vehicle-In-Transport On Same Roadway,None,THP District 6 - Cookeville,THP,Unbelted,-,-,-,-,-,-,-,-,-,-,-,-,Macon,Not in City Limit,6
87510,400360157,1,0,35.70044,-85.78061,6,2025-09-11 20:29:00,2025,9,11,20,29,Thursday,20:29,Fatal,Dark-Lighted,Clear,Pedal-Cycle,None,THP District 6 - Cookeville,THP,Unbelted,-,-,Drug,-,-,-,-,Other_NM,-,-,-,-,Warren,McMinnville,5
87519,400360214,0,2,35.64163,-87.04354,7,2025-09-12 17:08:00,2025,9,12,17,8,Friday,17:08,Suspected Serious Injury,Daylight,Clear,Motor Vehicle-In-Transport On Same Roadway,None,COLUMBIA POLICE DEPT,Other,Unbelted,-,Drinking,Drug,-,-,-,-,-,-,-,-,-,Maury,Not in City Limit,6
87540,400360296,0,1,36.1894,-86.7459,3,2025-09-12 19:19:00,2025,9,12,19,19,Friday,19:19,Suspected Serious Injury,Dark-Lighted,Clear,Motor Vehicle-In-Transport On Same Roadway,None,METROPOLITAN NASHVILLE POLICE DEPT,Other,Unbelted,-,-,-,-,-,-,-,-,-,-,Motorcyclist,-,Davidson,Nashville,6
87541,400360302,0,2,35.72629,-83.47919,1,2025-09-12 00:00:00,2025,9,12,24,0,Friday,24:00,Suspected Serious Injury,Dawn,Clear,Motor Vehicle-In-Transport On Same Roadway,None,GATLINBURG POLICE DEPT,Other,Unbelted,-,-,-,-,-,-,-,-,-,-,Motorcyclist,-,Sevier,Gatlinburg,6
87542,400360305,0,1,36.1436,-87.28777,3,2025-09-11 21:31:00,2025,9,11,21,31,Thursday,21:31,Suspected Serious Injury,Dark-Not Lighted,Clear,Guard Rail End,None,THP District 3 - Nashville,THP,Unbelted,-,Drinking,-,-,Speeding,-,-,-,-,-,-,-,Dickson,Not in City Limit,5
87543,400360319,0,1,36.47662,-87.24626,3,2025-09-09 16:33:00,2025,9,9,16,33,Tuesday,16:33,Suspected Serious Injury,Daylight,Clear,Motor Vehicle-In-Transport On Same Roadway,None,THP District 3 - Nashville,THP,Unbelted,-,Drinking,Drug,-,-,-,-,-,-,-,-,-,Montgomery,Not in City Limit,3
87545,400360332,0,1,36.04027,-86.8164,3,2025-09-12 22:35:00,2025,9,12,22,35,Friday,22:35,Suspected Serious Injury,Dark-Not Lighted,Clear,Motor Vehicle-In-Transport On Same Roadway,None,METROPOLITAN NASHVILLE POLICE DEPT,Other,Unbelted,Distracted,-,-,-,-,-,-,-,-,-,-,-,Davidson,Nashville,6
87547,400360335,1,0,35.87127,-84.10441,1,2025-09-12 11:46:00,2025,9,12,11,46,Friday,11:46,Fatal,Daylight,Clear,Ditch,None,KNOX CO SHERIFFS OFFICE,Other,Unbelted,-,-,-,-,-,-,-,-,-,-,-,-,Knox,Not in City Limit,6
87550,400360344,0,1,35.86938,-86.42182,3,2025-09-12 23:27:00,2025,9,12,23,27,Friday,23:27,Suspected Serious Injury,Dark-Lighted,Clear,Curb,None,MURFREESBORO POLICE DEPT,Other,-,-,-,-,-,-,-,-,-,-,-,Motorcyclist,-,Rutherford,Murfreesboro,6
87551,400360345,0,1,35.43675,-86.03639,2,2025-09-12 23:22:00,2025,9,12,23,22,Friday,23:22,Suspected Serious Injury,Dark-Not Lighted,Clear,Standing Tree,None,THP District 2 - Chattanooga,THP,Unbelted,-,-,-,-,-,-,-,-,-,-,-,-,Coffee,Not in City Limit,6
87555,400360367,0,1,35.863,-89.161,4,2025-09-13 01:50:00,2025,9,13,1,50,Saturday,01:50,Suspected Serious Injury,Dark-Not Lighted,Clear,Ditch,None,THP District 4 - Memphis,THP,Unbelted,-,-,-,-,Speeding,-,-,-,-,-,-,-,Crockett,Not in City Limit,7
87556,400360368,0,1,35.1996,-88.12686,8,2025-09-13 01:00:00,2025,9,13,1,0,Saturday,01:00,Suspected Serious Injury,Dark-Not Lighted,Clear,Standing Tree,None,THP District 8 - Jackson,THP,-,-,Drinking,-,-,-,-,-,-,-,-,Motorcyclist,-,Hardin,Not in City Limit,7
87557,400360370,0,3,35.72129,-84.40621,1,2025-09-13 03:23:00,2025,9,13,3,23,Saturday,03:23,Suspected Serious Injury,Dark-Not Lighted,Clear,Motor Vehicle-In-Transport On Same Roadway,None,THP District 1 - Knoxville,THP,Unbelted,-,Drinking,-,-,-,-,-,-,-,-,-,-,Loudon,Loudon,7
87558,400360371,0,1,35.95375,-83.9383,1,2025-09-13 03:29:00,2025,9,13,3,29,Saturday,03:29,Suspected Serious Injury,Dark-Lighted,Clear,Parked Motor Vehicle,None,UNIV OF TENN KNOXVILLE POLICE,Other,Unbelted,-,Drinking,-,-,-,-,-,-,-,-,-,-,Knox,Knoxville,7
87559,400360372,0,1,36.38495,-85.18653,6,2025-09-13 03:56:00,2025,9,13,3,56,Saturday,03:56,Suspected Serious Injury,Dark-Not Lighted,Clear,Embankment Earth,None,THP District 6 - Cookeville,THP,Unbelted,-,-,-,-,-,-,-,-,-,-,-,-,Overton,Not in City Limit,7
87565,400360398,1,2,36.48129,-86.78155,3,2025-09-12 12:14:00,2025,9,12,12,14,Friday,12:14,Fatal,Daylight,Clear,Motor Vehicle-In-Transport On Same Roadway,None,THP District 3 - Nashville,THP,Unbelted,-,-,-,-,-,-,-,-,-,-,-,-,Robertson,Not in City Limit,6
87567,400360403,0,2,36.39189,-83.70195,5,2025-09-13 06:34:00,2025,9,13,6,34,Saturday,06:34,Suspected Serious Injury,Dawn,Clear,Motor Vehicle-In-Transport On Same Roadway,None,THP District 5 - Fall Branch,THP,Unbelted,-,-,Drug,-,-,-,-,-,-,-,-,-,Claiborne,Not in City Limit,7
87584,400360532,0,1,36.14166,-86.87689,3,2025-09-13 05:13:00,2025,9,13,5,13,Saturday,05:13,Suspected Serious Injury,Dark-Unknown Lighting,Unknown,Other Fixed Object,None,METROPOLITAN NASHVILLE POLICE DEPT,Other,Unbelted,-,-,-,-,-,-,-,-,-,-,Motorcyclist,-,Davidson,Nashville,7