OBJECTID,MRN,Fatality,Injury,Latitude,Longitude,THP_District,Collision_Date,Collision_Year,Collision_Month,Collision_Day,Collision_Hour,Collision_Min,Collision_DOW,Collision_Time,Crash_Type,Light_Condition,Weather,First_Harmfu_Event,Work_Zone_Type,Agency_Name,THP,Unbelted,Distracted_Driver,Driver_Drinking,Driver_Drugged,Drowsy_Driver,Speeding_Involved,Pedalcyclist,Pedestrian,Other_Nonmotorist,ATV_Involved,LargeTruck_Involved,Motorcycle_Involved,SchoolBus,County,City,DOW_Nmb
87587,400360549,1,0,35.31149,-89.72244,4,2025-09-13 10:48:00,2025,9,13,10,48,Saturday,10:48,Fatal,Daylight,Clear,"Over Turn, Roll Over",None,THP District 4 - Memphis,THP,Unbelted,-,-,-,-,-,-,-,-,-,-,-,-,Shelby,Lakeland,7
87603,400360622,0,2,36.0285,-83.92831,1,2025-09-13 14:59:00,2025,9,13,14,59,Saturday,14:59,Suspected Serious Injury,Daylight,Clear,Motor Vehicle-In-Transport On Same Roadway,None,KNOXVILLE POLICE DEPT,Other,Unbelted,-,-,-,-,-,-,-,-,-,-,-,-,Knox,Knoxville,7
87615,400360666,0,2,35.10512,-85.3132,2,2025-09-13 08:00:00,2025,9,13,8,0,Saturday,08:00,Suspected Serious Injury,Daylight,Clear,Motor Vehicle-In-Transport On Same Roadway,None,RED BANK POLICE DEPT,Other,Unbelted,-,-,-,-,-,-,Pedestrian,-,-,-,-,-,Hamilton,Red Bank,7
87618,400360674,0,2,35.70733,-83.90868,1,2025-09-13 17:17:00,2025,9,13,17,17,Saturday,17:17,Suspected Serious Injury,Daylight,Clear,Fence,None,BLOUNT CO SHERIFFS DEPT,Other,Unbelted,-,Drinking,-,-,-,-,-,-,-,-,-,-,Blount,Not in City Limit,7
87630,400360722,1,0,35.34846,-84.21735,1,2025-09-13 15:20:00,2025,9,13,15,20,Saturday,15:20,Fatal,Daylight,Clear,Guard Rail Face,None,THP District 1 - Knoxville,THP,-,-,-,Drug,-,Speeding,-,-,-,-,-,Motorcyclist,-,Monroe,Not in City Limit,7
87641,400360765,0,1,35.77707,-87.01907,7,2025-09-13 15:50:00,2025,9,13,15,50,Saturday,15:50,Suspected Serious Injury,Daylight,Clear,Motor Vehicle-In-Transport On Same Roadway,None,THP District 7 - Lawrenceburg,THP,Unbelted,-,-,-,-,-,-,-,-,-,-,Motorcyclist,-,Maury,Not in City Limit,7
87644,400360772,0,2,36.25223,-83.7609,5,2025-09-12 23:40:00,2025,9,12,23,40,Friday,23:40,Suspected Serious Injury,Dark-Not Lighted,Clear,Utility Pole,None,THP District 5 - Fall Branch,THP,Unbelted,-,-,-,-,-,-,-,-,-,-,-,-,Union,Not in City Limit,6
87646,400360794,1,0,36.36731,-82.40183,5,2025-09-13 22:31:00,2025,9,13,22,31,Saturday,22:31,Fatal,Dark-Lighted,Clear,Embankment Earth,None,THP District 5 - Fall Branch,THP,-,-,Drinking,-,-,-,-,-,-,-,-,Motorcyclist,-,Washington,Johnson City,7
87650,400360801,0,1,35.83612,-86.37134,3,2025-09-13 18:03:00,2025,9,13,18,3,Saturday,18:03,Suspected Serious Injury,Daylight,Clear,Motor Vehicle-In-Transport On Same Roadway,None,MURFREESBORO POLICE DEPT,Other,Unbelted,-,-,-,-,-,-,-,-,-,-,-,-,Rutherford,Murfreesboro,7
87655,400360815,0,2,35.7821,-89.50468,4,2025-09-13 20:14:00,2025,9,13,20,14,Saturday,20:14,Suspected Serious Injury,Dark-Not Lighted,Clear,Motor Vehicle-In-Transport On Same Roadway,None,THP District 4 - Memphis,THP,Unbelted,-,-,-,-,-,-,-,-,-,-,-,-,Lauderdale,Not in City Limit,7
87659,400360834,0,1,35.80409,-83.57677,1,2025-09-13 23:12:00,2025,9,13,23,12,Saturday,23:12,Suspected Serious Injury,Dark-Lighted,Clear,Pedestrian,None,THP District 1 - Knoxville,THP,Unbelted,-,-,-,-,-,-,Pedestrian,-,-,-,-,-,Sevier,Pigeon Forge,7
87672,400360871,0,2,36.39281,-86.90069,3,2025-09-14 02:09:00,2025,9,14,2,9,Sunday,02:09,Suspected Serious Injury,Dark-Not Lighted,Clear,Ditch,None,THP District 3 - Nashville,THP,-,-,-,-,-,-,-,-,-,-,-,Motorcyclist,-,Robertson,Greenbrier,1
87676,400360896,0,2,36.15851,-88.08769,8,2025-09-13 10:58:00,2025,9,13,10,58,Saturday,10:58,Suspected Serious Injury,Daylight,Clear,Utility Pole,None,THP District 8 - Jackson,THP,-,-,-,-,-,-,-,-,-,-,-,Motorcyclist,-,Benton,Not in City Limit,7
87677,400360909,0,1,36.32235,-86.57235,3,2025-09-11 16:19:00,2025,9,11,16,19,Thursday,16:19,Suspected Serious Injury,Daylight,Clear,"Over Turn, Roll Over",None,THP District 3 - Nashville,THP,-,-,-,-,-,Speeding,-,-,-,-,-,Motorcyclist,-,Sumner,Hendersonville,5
87679,400360940,0,1,36.14485,-89.43185,8,2025-09-14 07:42:00,2025,9,14,7,42,Sunday,07:42,Suspected Serious Injury,Daylight,Clear,"Over Turn, Roll Over",None,THP District 8 - Jackson,THP,Unbelted,-,Drinking,Drug,-,-,-,-,-,-,-,-,-,Dyer,Not in City Limit,1
87684,400360977,0,1,35.48469,-86.31673,7,2025-09-14 10:00:00,2025,9,14,10,0,Sunday,10:00,Suspected Serious Injury,Daylight,Clear,"Over Turn, Roll Over",None,THP District 7 - Lawrenceburg,THP,Unbelted,-,-,-,-,-,-,-,-,-,-,-,-,Bedford,Not in City Limit,1
87688,400361004,1,1,35.88054,-86.48139,3,2025-09-14 05:59:00,2025,9,14,5,59,Sunday,05:59,Fatal,Dark-Not Lighted,Clear,Guard Rail End,None,THP District 3 - Nashville,THP,Unbelted,-,-,-,-,-,-,-,-,-,-,-,-,Rutherford,Murfreesboro,1
87700,400361077,0,1,35.2211,-88.1671,8,2025-09-14 11:33:00,2025,9,14,11,33,Sunday,11:33,Suspected Serious Injury,Daylight,Clear,Ditch,None,THP District 8 - Jackson,THP,Unbelted,-,Drinking,-,-,-,-,-,-,-,-,-,-,Hardin,Not in City Limit,1
87708,400361127,0,1,36.17953,-85.94766,6,2025-09-13 08:10:00,2025,9,13,8,10,Saturday,08:10,Suspected Serious Injury,Daylight,Clear,Guard Rail Face,None,GORDONSVILLE POLICE DEPT,Other,-,-,-,-,-,-,-,-,-,-,-,Motorcyclist,-,Smith,Gordonsville,7
87711,400361149,0,2,36.49868,-82.58513,5,2025-09-14 17:16:00,2025,9,14,17,16,Sunday,17:16,Suspected Serious Injury,Daylight,Clear,Pedal-Cycle,None,SULLIVAN CO SHERIFFS DEPT,Other,Unbelted,-,-,-,-,-,Pedalcyclist,-,-,-,-,-,-,Sullivan,Not in City Limit,1
87714,400361158,0,3,35.64851,-88.7877,8,2025-09-14 16:57:00,2025,9,14,16,57,Sunday,16:57,Suspected Serious Injury,Daylight,Clear,Motor Vehicle-In-Transport On Same Roadway,None,JACKSON POLICE DEPT,Other,Unbelted,-,-,-,-,-,-,-,-,-,-,-,-,Madison,Jackson,1
87723,400361199,0,2,36.20705,-86.79161,3,2025-09-14 19:10:00,2025,9,14,19,10,Sunday,19:10,Suspected Serious Injury,Dark-Lighted,Clear,Motor Vehicle-In-Transport On Same Roadway,None,METROPOLITAN NASHVILLE POLICE DEPT,Other,Unbelted,-,-,-,-,-,-,-,-,-,-,-,-,Davidson,Nashville,1
87724,400361205,0,1,35.94524,-84.10899,1,2025-09-14 20:31:00,2025,9,14,20,31,Sunday,20:31,Suspected Serious Injury,Dark-Not Lighted,Clear,Pedal-Cycle,None,THP District 1 - Knoxville,THP,Unbelted,-,-,-,-,-,Pedalcyclist,-,-,-,-,-,-,Knox,Not in City Limit,1
87729,400361217,0,1,35.24583,-88.97005,4,2025-09-13 22:37:00,2025,9,13,22,37,Saturday,22:37,Suspected Serious Injury,Dark-Lighted,Clear,"Over Turn, Roll Over",None,THP District 4 - Memphis,THP,-,-,-,-,-,-,-,-,-,ATV_Involved,-,-,-,Hardeman,Not in City Limit,7
87730,400361221,0,2,36.26383,-86.70457,3,2025-09-14 19:40:00,2025,9,14,19,40,Sunday,19:40,Suspected Serious Injury,Dark-Lighted,Clear,Motor Vehicle-In-Transport On Same Roadway,None,METROPOLITAN NASHVILLE POLICE DEPT,Other,Unbelted,-,-,-,-,Speeding,-,-,-,-,-,-,-,Davidson,Nashville,1
87733,400361226,0,2,36.14335,-86.85772,3,2025-09-12 19:46:00,2025,9,12,19,46,Friday,19:46,Suspected Serious Injury,Dark-Lighted,Clear,Motor Vehicle-In-Transport On Same Roadway,None,METROPOLITAN NASHVILLE POLICE DEPT,Other,Unbelted,-,-,-,-,Speeding,-,-,-,-,-,-,-,Davidson,Nashville,6
87737,400361232,2,1,36.06787,-86.68775,3,2025-09-12 20:31:00,2025,9,12,20,31,Friday,20:31,Fatal,Dark-Lighted,Clear,Motor Vehicle-In-Transport On Same Roadway,None,METROPOLITAN NASHVILLE POLICE DEPT,Other,Unbelted,-,-,-,-,Speeding,-,-,-,-,-,Motorcyclist,-,Davidson,Nashville,6
87745,400361260,0,3,35.65917,-88.76295,8,2025-09-14 20:00:00,2025,9,14,20,0,Sunday,20:00,Suspected Serious Injury,Dark-Not Lighted,Clear,Motor Vehicle-In-Transport On Same Roadway,None,THP District 8 - Jackson,THP,Unbelted,-,Drinking,Drug,-,-,-,-,-,-,-,-,-,Madison,Not in City Limit,1
87748,400361275,0,1,35.14956,-84.76685,2,2025-09-13 19:13:00,2025,9,13,19,13,Saturday,19:13,Suspected Serious Injury,Daylight,Clear,Ditch,None,THP District 2 - Chattanooga,THP,Unbelted,-,Drinking,-,-,-,-,-,-,-,-,-,-,Bradley,Not in City Limit,7
87749,400361288,0,1,35.1157,-85.37173,2,2025-09-15 00:00:00,2025,9,15,24,0,Monday,24:00,Suspected Serious Injury,Dark-Not Lighted,Clear,Ditch,None,HAMILTON COUNTY SHERIFF'S OFFICE,Other,-,-,Drinking,-,-,-,-,-,-,-,-,Motorcyclist,-,Hamilton,Not in City Limit,2
87754,400361308,0,4,36.13453,-86.72345,3,2025-09-15 00:50:00,2025,9,15,0,50,Monday,00:50,Suspected Serious Injury,Dark-Lighted,Clear,Motor Vehicle-In-Transport On Same Roadway,None,METROPOLITAN NASHVILLE POLICE DEPT,Other,Unbelted,-,Drinking,Drug,-,Speeding,-,-,-,-,-,-,-,Davidson,Nashville,2
87763,400361382,0,1,36.27667,-88.70648,8,2025-09-11 12:59:00,2025,9,11,12,59,Thursday,12:59,Suspected Serious Injury,Daylight,Clear,Motor Vehicle-In-Transport On Same Roadway,None,DRESDEN POLICE DEPT,Other,Unbelted,-,-,-,-,-,-,-,-,-,ATV_Involved,Motorcyclist,-,Weakley,Dresden,5
87768,400361399,0,1,35.92145,-85.77283,6,2025-09-13 11:06:00,2025,9,13,11,6,Saturday,11:06,Suspected Serious Injury,Daylight,Clear,"Over Turn, Roll Over",None,THP District 6 - Cookeville,THP,-,-,-,-,-,-,-,-,-,-,-,Motorcyclist,-,DeKalb,Not in City Limit,7
87773,400361435,1,0,35.0425,-86.95611,7,2025-09-15 09:50:00,2025,9,15,9,50,Monday,09:50,Fatal,Daylight,Clear,Embankment Earth,None,THP District 7 - Lawrenceburg,THP,Unbelted,-,-,Drug,-,-,-,-,-,-,-,-,-,Giles,Not in City Limit,2
87777,400361456,0,1,36.11525,-86.79194,3,2025-09-15 09:50:00,2025,9,15,9,50,Monday,09:50,Suspected Serious Injury,Daylight,Clear,Motor Vehicle-In-Transport On Same Roadway,None,METROPOLITAN NASHVILLE POLICE DEPT,Other,Unbelted,-,-,-,-,-,-,-,-,-,ATV_Involved,Motorcyclist,-,Davidson,Nashville,2
87778,400361461,0,2,36.07956,-87.83622,3,2025-09-15 08:17:00,2025,9,15,8,17,Monday,08:17,Suspected Serious Injury,Daylight,Cloudy,Motor Vehicle-In-Transport On Same Roadway,None,WAVERLY POLICE DEPT,Other,Unbelted,-,-,-,-,-,-,-,-,-,-,-,-,Humphreys,Waverly,2
87780,400361471,0,2,35.36136,-87.27527,7,2025-09-15 11:30:00,2025,9,15,11,30,Monday,11:30,Suspected Serious Injury,Daylight,Clear,Motor Vehicle-In-Transport On Same Roadway,None,THP District 7 - Lawrenceburg,THP,Unbelted,-,-,-,-,-,-,-,-,-,-,-,-,Lawrence,Not in City Limit,2
87784,400361493,0,1,35.73599,-89.08417,4,2025-09-11 10:25:00,2025,9,11,10,25,Thursday,10:25,Suspected Serious Injury,Daylight,Clear,Culvert,None,BELLS POLICE DEPT,Other,Unbelted,-,-,-,-,-,-,-,-,-,-,-,-,Crockett,Bells,5
87789,400361528,0,1,36.55139,-87.2477,3,2025-09-15 08:18:00,2025,9,15,8,18,Monday,08:18,Suspected Serious Injury,Daylight,Clear,Ditch,None,THP District 3 - Nashville,THP,-,-,-,-,-,-,-,-,-,-,-,Motorcyclist,-,Montgomery,Clarksville,2
87793,400361544,0,2,36.08714,-87.80261,3,2025-09-14 10:56:00,2025,9,14,10,56,Sunday,10:56,Suspected Serious Injury,Daylight,Clear,Motor Vehicle-In-Transport On Same Roadway,None,WAVERLY POLICE DEPT,Other,Unbelted,-,Drinking,Drug,-,Speeding,-,-,-,-,-,-,-,Humphreys,Waverly,1
87795,400361552,0,2,36.08721,-83.94153,1,2025-09-12 12:37:00,2025,9,12,12,37,Friday,12:37,Suspected Serious Injury,Daylight,Clear,Motor Vehicle-In-Transport On Same Roadway,None,THP District 1 - Knoxville,THP,Unbelted,-,-,Drug,Drowsy,-,-,-,-,-,-,-,-,Knox,Not in City Limit,6
87801,400361574,0,1,36.03604,-83.93233,1,2025-09-15 15:41:00,2025,9,15,15,41,Monday,15:41,Suspected Serious Injury,Daylight,Clear,Pedestrian,None,KNOXVILLE POLICE DEPT,Other,Unbelted,-,-,-,-,-,-,Pedestrian,-,-,-,-,-,Knox,Knoxville,2
87809,400361634,0,1,35.48897,-87.52995,7,2025-09-14 14:10:00,2025,9,14,14,10,Sunday,14:10,Suspected Serious Injury,Daylight,Clear,Standing Tree,None,THP District 7 - Lawrenceburg,THP,Unbelted,-,-,-,Drowsy,-,-,-,-,-,-,-,-,Lewis,Not in City Limit,1
87812,400361646,0,1,35.99688,-85.11311,6,2025-09-15 16:19:00,2025,9,15,16,19,Monday,16:19,Suspected Serious Injury,Daylight,Clear,Motor Vehicle-In-Transport On Same Roadway,None,THP District 6 - Cookeville,THP,Unbelted,-,-,-,-,-,-,-,-,-,ATV_Involved,-,-,Cumberland,Not in City Limit,2
87827,400361720,0,1,35.75265,-83.58311,1,2025-09-15 19:34:00,2025,9,15,19,34,Monday,19:34,Suspected Serious Injury,Dusk,Clear,"Over Turn, Roll Over",None,THP District 1 - Knoxville,THP,-,-,-,-,-,-,-,-,-,-,-,Motorcyclist,-,Sevier,Not in City Limit,2
87828,400361724,0,2,36.19169,-85.13325,6,2025-09-14 18:11:00,2025,9,14,18,11,Sunday,18:11,Suspected Serious Injury,Daylight,Clear,Embankment Earth,None,THP District 6 - Cookeville,THP,Unbelted,-,-,-,-,Speeding,-,-,-,-,-,-,-,Overton,Not in City Limit,1
87835,400361759,0,1,36.16756,-86.76218,3,2025-09-15 18:19:00,2025,9,15,18,19,Monday,18:19,Suspected Serious Injury,Daylight,Clear,Pedestrian,None,METROPOLITAN NASHVILLE POLICE DEPT,Other,Unbelted,-,-,-,-,-,-,Pedestrian,-,-,-,-,-,Davidson,Nashville,2
87845,400361797,0,1,35.426,-84.24035,1,2025-09-15 16:31:00,2025,9,15,16,31,Monday,16:31,Suspected Serious Injury,Daylight,Clear,Other Non-Collision,None,MONROE CO SHERIFFS DEPT,Other,-,-,-,-,-,-,-,-,-,-,-,Motorcyclist,-,Monroe,Not in City Limit,2
87846,400361806,0,1,36.18612,-86.81835,3,2025-09-16 05:27:00,2025,9,16,5,27,Tuesday,05:27,Suspected Serious Injury,Dark-Lighted,Clear,Pedestrian,None,METROPOLITAN NASHVILLE POLICE DEPT,Other,Unbelted,-,-,-,-,-,-,Pedestrian,-,-,-,-,-,Davidson,Nashville,3
87856,400361869,1,0,35.28146,-86.19712,2,2025-09-16 05:55:00,2025,9,16,5,55,Tuesday,05:55,Fatal,Dark-Not Lighted,Clear,Ditch,None,THP District 2 - Chattanooga,THP,-,-,-,-,-,-,-,-,-,-,-,Motorcyclist,-,Franklin,Not in City Limit,3
87868,400361935,1,1,36.10575,-86.62908,3,2025-09-16 03:58:00,2025,9,16,3,58,Tuesday,03:58,Fatal,Dark-Not Lighted,Clear,Motor Vehicle-In-Transport On Same Roadway,None,METROPOLITAN NASHVILLE POLICE DEPT,Other,Unbelted,-,Drinking,Drug,-,-,-,-,-,-,-,-,-,Davidson,Nashville,3
87879,400362062,0,1,36.15427,-86.79289,3,2025-09-13 03:29:00,2025,9,13,3,29,Saturday,03:29,Suspected Serious Injury,Dark-Lighted,Clear,Pedestrian,None,METROPOLITAN NASHVILLE POLICE DEPT,Other,Unbelted,-,Drinking,-,-,-,-,Pedestrian,-,-,-,-,-,Davidson,Nashville,7
87884,400362083,0,1,35.98795,-83.9059,1,2025-09-16 15:36:00,2025,9,16,15,36,Tuesday,15:36,Suspected Serious Injury,Daylight,Clear,Motor Vehicle-In-Transport On Same Roadway,None,KNOXVILLE POLICE DEPT,Other,Unbelted,-,-,-,-,-,-,-,-,-,-,-,-,Knox,Knoxville,3
87885,400362091,0,1,36.04642,-83.34145,5,2025-09-16 13:02:00,2025,9,16,13,2,Tuesday,13:02,Suspected Serious Injury,Daylight,Clear,Motor Vehicle-In-Transport On Same Roadway,None,THP District 5 - Fall Branch,THP,Unbelted,-,-,-,-,-,-,-,-,-,ATV_Involved,-,-,Jefferson,Not in City Limit,3
87888,400362104,1,0,36.04086,-86.81856,3,2025-09-13 12:51:00,2025,9,13,12,51,Saturday,12:51,Fatal,Daylight,Clear,Fire Hydrant,None,METROPOLITAN NASHVILLE POLICE DEPT,Other,-,-,-,-,-,-,-,-,-,-,-,Motorcyclist,-,Davidson,Nashville,7
87893,400362132,0,1,36.24773,-86.72056,3,2025-09-14 22:08:00,2025,9,14,22,8,Sunday,22:08,Suspected Serious Injury,Dark-Lighted,Clear,Pedestrian,None,METROPOLITAN NASHVILLE POLICE DEPT,Other,Unbelted,-,-,-,-,-,-,Pedestrian,-,-,-,-,-,Davidson,Nashville,1
87899,400362157,0,2,35.4767,-88.15406,8,2025-09-16 15:25:00,2025,9,16,15,25,Tuesday,15:25,Suspected Serious Injury,Daylight,Clear,Motor Vehicle-In-Transport On Same Roadway,None,THP District 8 - Jackson,THP,Unbelted,-,-,-,-,-,-,-,-,-,-,-,-,Decatur,Not in City Limit,3
87902,400362165,1,0,36.25257,-86.71728,3,2025-09-14 12:33:00,2025,9,14,12,33,Sunday,12:33,Fatal,Daylight,Clear,Motor Vehicle-In-Transport On Same Roadway,None,METROPOLITAN NASHVILLE POLICE DEPT,Other,Unbelted,-,-,-,-,Speeding,-,-,-,-,-,Motorcyclist,-,Davidson,Nashville,1
87907,400362190,1,0,36.15707,-86.77461,3,2025-09-14 22:38:00,2025,9,14,22,38,Sunday,22:38,Fatal,Dark-Lighted,Clear,Motor Vehicle-In-Transport On Same Roadway,None,METROPOLITAN NASHVILLE POLICE DEPT,Other,Unbelted,-,-,-,-,-,-,-,-,-,-,Motorcyclist,-,Davidson,Nashville,1
87910,400362203,0,1,35.98596,-86.89057,3,2025-09-16 16:39:00,2025,9,16,16,39,Tuesday,16:39,Suspected Serious Injury,Daylight,Cloudy,Pedestrian,None,WILLIAMSON CO SHERIFFS OFFICE,Other,Unbelted,Distracted,-,-,-,-,-,Pedestrian,-,-,-,-,-,Williamson,Not in City Limit,3
87911,400362206,0,1,35.92042,-84.06723,1,2025-09-16 17:18:00,2025,9,16,17,18,Tuesday,17:18,Suspected Serious Injury,Daylight,Clear,Motor Vehicle-In-Transport On Same Roadway,None,KNOXVILLE POLICE DEPT,Other,Unbelted,-,-,-,-,-,-,-,-,-,-,-,-,Knox,Knoxville,3
87918,400362268,0,1,35.82607,-84.09973,1,2025-09-16 14:46:00,2025,9,16,14,46,Tuesday,14:46,Suspected Serious Injury,Daylight,Clear,Standing Tree,None,BLOUNT CO SHERIFFS DEPT,Other,Unbelted,-,Drinking,-,-,-,-,-,-,-,-,-,-,Blount,Louisville,3
87923,400362297,0,2,35.62608,-88.78618,8,2025-09-16 18:27:00,2025,9,16,18,27,Tuesday,18:27,Suspected Serious Injury,Daylight,Clear,Motor Vehicle-In-Transport On Same Roadway,None,JACKSON POLICE DEPT,Other,Unbelted,-,-,-,-,-,-,-,-,-,-,-,-,Madison,Jackson,3
87935,400362378,1,0,35.53588,-84.35193,1,2025-09-16 00:00:00,2025,9,16,24,0,Tuesday,24:00,Fatal,Dark-Lighted,Clear,Pedestrian,None,MADISONVILLE POLICE DEPT,Other,-,-,-,-,-,-,-,Pedestrian,-,-,-,-,-,Monroe,Madisonville,3
87944,400362416,0,1,35.88135,-88.83288,8,2025-09-16 06:35:00,2025,9,16,6,35,Tuesday,06:35,Suspected Serious Injury,Dusk,Clear,Motor Vehicle-In-Transport On Same Roadway,None,THP District 8 - Jackson,THP,Unbelted,-,-,-,-,-,-,-,-,-,ATV_Involved,-,-,Gibson,Not in City Limit,3
87948,400362436,0,1,35.62747,-86.10945,2,2025-09-17 07:11:00,2025,9,17,7,11,Wednesday,07:11,Suspected Serious Injury,Daylight,Clear,Ditch,None,THP District 2 - Chattanooga,THP,Unbelted,-,-,-,-,Speeding,-,-,-,-,-,-,-,Coffee,Not in City Limit,4
87960,400362512,0,1,36.13993,-86.80338,3,2025-09-17 09:15:00,2025,9,17,9,15,Wednesday,09:15,Suspected Serious Injury,Daylight,Clear,Pedestrian,None,VANDERBILT UNIVERSITY POLICE,Other,Unbelted,-,-,-,-,-,-,Pedestrian,-,-,-,-,-,Davidson,Nashville,4
87964,400362533,2,0,35.64433,-86.06687,2,2025-09-16 16:50:00,2025,9,16,16,50,Tuesday,16:50,Fatal,Daylight,Clear,Ditch,None,THP District 2 - Chattanooga,THP,Unbelted,-,-,Drug,-,Speeding,-,-,-,-,-,-,-,Coffee,Not in City Limit,3
87967,400362548,0,3,35.07298,-86.27083,2,2025-09-16 13:02:00,2025,9,16,13,2,Tuesday,13:02,Suspected Serious Injury,Daylight,Clear,Motor Vehicle-In-Transport On Same Roadway,None,THP District 2 - Chattanooga,THP,Unbelted,-,-,-,-,-,-,-,-,-,ATV_Involved,-,-,Franklin,Not in City Limit,3
87999,400362731,0,2,35.61873,-87.09528,7,2025-09-17 16:09:00,2025,9,17,16,9,Wednesday,16:09,Suspected Serious Injury,Daylight,Clear,Motor Vehicle-In-Transport On Same Roadway,None,COLUMBIA POLICE DEPT,Other,Unbelted,-,-,-,-,-,-,-,-,-,-,-,-,Maury,Columbia,4
88004,400362742,0,2,35.3826,-89.86535,4,2025-09-17 14:58:00,2025,9,17,14,58,Wednesday,14:58,Suspected Serious Injury,Daylight,Clear,Motor Vehicle-In-Transport On Same Roadway,None,THP District 4 - Memphis,THP,Unbelted,-,-,-,-,-,-,-,-,-,-,-,-,Shelby,Millington,4
88009,400362776,0,5,35.66788,-88.90469,8,2025-09-17 17:15:00,2025,9,17,17,15,Wednesday,17:15,Suspected Serious Injury,Daylight,Clear,Motor Vehicle-In-Transport On Same Roadway,None,THP District 8 - Jackson,THP,Unbelted,-,-,-,-,-,-,-,-,-,-,-,-,Madison,Not in City Limit,4
88013,400362795,0,3,36.15539,-84.06865,1,2025-09-17 00:00:00,2025,9,17,24,0,Wednesday,24:00,Suspected Serious Injury,Daylight,Clear,Ditch,None,THP District 1 - Knoxville,THP,Unbelted,-,-,-,-,-,-,-,-,-,-,-,-,Anderson,Not in City Limit,4
88017,400362818,0,1,36.22533,-86.26321,3,2025-09-16 14:03:00,2025,9,16,14,3,Tuesday,14:03,Suspected Serious Injury,Daylight,Clear,Embankment Earth,None,THP District 3 - Nashville,THP,Unbelted,-,-,-,-,-,-,-,-,-,-,-,-,Wilson,Not in City Limit,3
88031,400362869,0,2,35.03634,-85.35974,2,2025-09-17 17:00:00,2025,9,17,17,0,Wednesday,17:00,Suspected Serious Injury,Daylight,Clear,Motor Vehicle-In-Transport On Same Roadway,None,THP District 2 - Chattanooga,THP,Unbelted,-,-,-,-,Speeding,-,-,-,-,-,-,-,Hamilton,Chattanooga,4
88033,400362885,1,0,36.17945,-86.81077,3,2025-09-16 20:10:00,2025,9,16,20,10,Tuesday,20:10,Fatal,Dark-Lighted,Clear,Pedestrian,None,METROPOLITAN NASHVILLE POLICE DEPT,Other,Unbelted,-,-,-,-,-,-,Pedestrian,-,-,-,-,-,Davidson,Nashville,3
88037,400362894,0,1,35.89382,-84.19438,1,2025-09-17 23:41:00,2025,9,17,23,41,Wednesday,23:41,Suspected Serious Injury,Dark-Not Lighted,Clear,Motor Vehicle-In-Transport On Same Roadway,None,THP District 1 - Knoxville,THP,Unbelted,-,-,-,-,Speeding,-,-,-,-,ATV_Involved,-,-,Knox,Farragut,4
88041,400362917,0,2,36.16453,-86.59474,3,2025-09-18 01:50:00,2025,9,18,1,50,Thursday,01:50,Suspected Serious Injury,Dark-Lighted,Clear,Fence,None,METROPOLITAN NASHVILLE POLICE DEPT,Other,Unbelted,-,-,-,-,-,-,-,-,-,-,-,-,Davidson,Nashville,5
88043,400362923,1,0,36.60672,-86.5824,3,2025-09-17 02:13:00,2025,9,17,2,13,Wednesday,02:13,Fatal,Dark-Not Lighted,Clear,Parked Motor Vehicle,None,THP District 3 - Nashville,THP,Unbelted,-,-,Drug,-,-,-,-,-,-,ATV_Involved,-,-,Robertson,Not in City Limit,4
88049,400362934,0,1,35.17297,-84.6467,2,2025-09-18 00:07:00,2025,9,18,0,7,Thursday,00:07,Suspected Serious Injury,Dark-Lighted,Clear,Embankment Earth,None,BENTON POLICE DEPT,Other,Unbelted,-,Drinking,-,-,-,-,-,-,-,-,-,-,Polk,Benton,5
88050,400362936,0,2,36.37829,-84.2499,1,2025-09-12 19:00:00,2025,9,12,19,0,Friday,19:00,Suspected Serious Injury,Daylight,Clear,Motor Vehicle-In-Transport On Same Roadway,None,CARYVILLE POLICE DEPT,Other,Unbelted,-,-,-,-,-,-,-,-,ATV_Involved,-,-,-,Campbell,Caryville,6
88053,400362943,0,1,35.60942,-87.11793,7,2025-09-17 16:00:00,2025,9,17,16,0,Wednesday,16:00,Suspected Serious Injury,Daylight,Clear,Non-Motorist Personal Conveyance,None,COLUMBIA POLICE DEPT,Other,Unbelted,-,-,-,-,-,-,Pedestrian,-,-,-,-,-,Maury,Columbia,4
88054,400362949,0,1,35.22241,-85.22064,2,2025-09-18 06:40:00,2025,9,18,6,40,Thursday,06:40,Suspected Serious Injury,Dark-Lighted,Clear,Other Non-Collision,None,SODDY DAISY POLICE DEPT,Other,-,-,-,-,-,-,-,-,-,-,-,Motorcyclist,-,Hamilton,Soddy-Daisy,5
88056,400362973,0,1,35.99411,-83.93064,1,2025-09-18 07:44:00,2025,9,18,7,44,Thursday,07:44,Suspected Serious Injury,Daylight,Clear,Curb,None,KNOXVILLE POLICE DEPT,Other,Unbelted,-,-,-,-,-,-,-,-,-,-,-,-,Knox,Knoxville,5
88059,400362981,0,1,35.55585,-86.70729,7,2025-09-18 03:24:00,2025,9,18,3,24,Thursday,03:24,Suspected Serious Injury,Dark-Not Lighted,Clear,Ditch,None,THP District 7 - Lawrenceburg,THP,Unbelted,-,-,-,-,-,-,-,-,-,-,-,-,Marshall,Not in City Limit,5