OBJECTID,MRN,Fatality,Injury,Latitude,Longitude,THP_District,Collision_Date,Collision_Year,Collision_Month,Collision_Day,Collision_Hour,Collision_Min,Collision_DOW,Collision_Time,Crash_Type,Light_Condition,Weather,First_Harmfu_Event,Work_Zone_Type,Agency_Name,THP,Unbelted,Distracted_Driver,Driver_Drinking,Driver_Drugged,Drowsy_Driver,Speeding_Involved,Pedalcyclist,Pedestrian,Other_Nonmotorist,ATV_Involved,LargeTruck_Involved,Motorcycle_Involved,SchoolBus,County,City,DOW_Nmb
88063,400363011,0,1,35.43836,-86.01349,2,2025-09-18 07:28:00,2025,9,18,7,28,Thursday,07:28,Suspected Serious Injury,Dawn,Clear,Motor Vehicle-In-Transport On Same Roadway,None,THP District 2 - Chattanooga,THP,-,-,-,-,-,-,-,-,-,-,-,Motorcyclist,-,Coffee,Not in City Limit,5
88069,400363078,0,1,35.99566,-83.56182,5,2025-09-18 08:20:00,2025,9,18,8,20,Thursday,08:20,Suspected Serious Injury,Daylight,Clear,Motor Vehicle-In-Transport On Same Roadway,None,THP District 5 - Fall Branch,THP,Unbelted,-,-,-,-,-,-,-,-,-,-,-,-,Jefferson,Not in City Limit,5
88070,400363083,0,1,36.10164,-87.467,3,2025-09-18 10:23:00,2025,9,18,10,23,Thursday,10:23,Suspected Serious Injury,Daylight,Clear,Building,None,THP District 3 - Nashville,THP,Unbelted,-,-,-,-,-,-,-,-,-,-,-,-,Dickson,Not in City Limit,5
88101,400363305,0,1,35.63779,-89.33793,4,2025-09-18 14:02:00,2025,9,18,14,2,Thursday,14:02,Suspected Serious Injury,Daylight,Clear,Ditch,None,THP District 4 - Memphis,THP,Unbelted,-,-,-,-,-,-,-,-,-,-,-,-,Haywood,Brownsville,5
88102,400363310,0,1,36.58182,-85.18609,6,2025-09-18 16:42:00,2025,9,18,16,42,Thursday,16:42,Suspected Serious Injury,Daylight,Clear,"Over Turn, Roll Over",None,THP District 6 - Cookeville,THP,-,-,-,-,-,-,-,-,-,-,-,Motorcyclist,-,Pickett,Not in City Limit,5
88105,400363346,0,1,35.98848,-87.23316,3,2025-09-18 13:52:00,2025,9,18,13,52,Thursday,13:52,Suspected Serious Injury,Daylight,Clear,Other Post/Pole Support,None,THP District 3 - Nashville,THP,Unbelted,-,-,-,Drowsy,-,-,-,-,-,-,-,-,Dickson,Not in City Limit,5
88114,400363390,0,1,35.9488,-86.64047,3,2025-09-18 04:45:00,2025,9,18,4,45,Thursday,04:45,Suspected Serious Injury,Dark-Not Lighted,Clear,Embankment Earth,None,THP District 3 - Nashville,THP,Unbelted,-,-,-,-,-,-,-,-,-,-,-,-,Williamson,Not in City Limit,5
88115,400363396,0,1,36.54841,-86.67132,3,2025-09-18 13:19:00,2025,9,18,13,19,Thursday,13:19,Suspected Serious Injury,Daylight,Clear,Embankment Earth,None,CROSS PLAINS POLICE DEPT,Other,Unbelted,-,-,-,-,-,-,-,-,-,-,-,-,Robertson,Cross Plains,5
88121,400363420,0,1,35.9971,-82.82871,5,2025-09-18 20:20:00,2025,9,18,20,20,Thursday,20:20,Suspected Serious Injury,Dark-Not Lighted,Cloudy,Ditch,None,THP District 5 - Fall Branch,THP,Unbelted,-,-,-,-,-,-,-,-,-,-,-,-,Greene,Not in City Limit,5
88130,400363452,0,3,36.08547,-83.92217,1,2025-09-18 16:05:00,2025,9,18,16,5,Thursday,16:05,Suspected Serious Injury,Daylight,Clear,Motor Vehicle-In-Transport On Same Roadway,None,THP District 1 - Knoxville,THP,Unbelted,-,-,-,-,-,-,-,-,-,-,-,-,Knox,Knoxville,5
88138,400363483,0,1,36.41967,-81.7694,5,2025-09-18 23:57:00,2025,9,18,23,57,Thursday,23:57,Suspected Serious Injury,Dark-Not Lighted,Clear,Embankment Earth,None,JOHNSON CO SHERIFFS DEPT,Other,Unbelted,-,-,-,-,-,-,-,-,-,-,-,-,Johnson,Not in City Limit,5
88139,400363487,0,1,35.95206,-83.61054,1,2025-09-18 20:28:00,2025,9,18,20,28,Thursday,20:28,Suspected Serious Injury,Dark-Not Lighted,Clear,Motor Vehicle-In-Transport On Same Roadway,None,THP District 1 - Knoxville,THP,Unbelted,-,Drinking,-,-,-,-,-,-,-,-,Motorcyclist,-,Sevier,Not in City Limit,5
88141,400363495,0,2,36.4408,-86.89494,3,2025-09-17 21:23:00,2025,9,17,21,23,Wednesday,21:23,Suspected Serious Injury,Dark-Not Lighted,Clear,Motor Vehicle-In-Transport On Same Roadway,None,THP District 3 - Nashville,THP,Unbelted,-,Drinking,Drug,-,-,-,-,-,-,-,-,-,Robertson,Not in City Limit,4
88164,400363610,0,1,36.09696,-87.80294,3,2025-09-18 12:20:00,2025,9,18,12,20,Thursday,12:20,Suspected Serious Injury,Daylight,Clear,Pedestrian,None,HUMPHREYS CO SHERIFFS DEPT,Other,Unbelted,-,-,-,-,-,-,Pedestrian,-,-,ATV_Involved,-,-,Humphreys,Not in City Limit,5
88173,400363681,1,0,36.46003,-82.47341,5,2025-09-19 10:53:00,2025,9,19,10,53,Friday,10:53,Fatal,Daylight,Clear,Embankment Earth,None,THP District 5 - Fall Branch,THP,Unbelted,-,-,-,-,-,-,-,-,-,-,-,-,Sullivan,Not in City Limit,6
88191,400363782,4,13,36.02965,-85.50874,6,2025-09-15 17:30:00,2025,9,15,17,30,Monday,17:30,Fatal,Daylight,Clear,Motor Vehicle-In-Transport On Different Roadway,None,THP District 6 - Cookeville,THP,Unbelted,-,Drinking,Drug,-,-,-,-,-,-,-,-,-,White,Not in City Limit,2
88206,400363887,0,1,36.2752,-86.37004,3,2025-09-19 12:08:00,2025,9,19,12,8,Friday,12:08,Suspected Serious Injury,Daylight,Clear,Mail Box,None,THP District 3 - Nashville,THP,Unbelted,-,Drinking,Drug,-,-,-,-,-,-,-,-,-,Wilson,Not in City Limit,6
88211,400363906,0,1,35.63521,-88.07952,8,2025-09-18 19:37:00,2025,9,18,19,37,Thursday,19:37,Suspected Serious Injury,Dark-Not Lighted,Clear,Other Animal,None,THP District 8 - Jackson,THP,-,-,-,Drug,-,-,-,-,-,ATV_Involved,-,-,-,Decatur,Not in City Limit,5
88213,400363909,1,1,35.69808,-89.81748,4,2025-09-19 14:10:00,2025,9,19,14,10,Friday,14:10,Fatal,Daylight,Clear,Motor Vehicle-In-Transport On Same Roadway,None,THP District 4 - Memphis,THP,Unbelted,-,-,-,-,-,-,-,-,-,-,-,-,Lauderdale,Not in City Limit,6
88225,400363975,0,2,36.4365,-82.56115,5,2025-09-19 19:07:00,2025,9,19,19,7,Friday,19:07,Suspected Serious Injury,Daylight,Clear,Motor Vehicle-In-Transport On Same Roadway,None,THP District 5 - Fall Branch,THP,Unbelted,-,-,-,-,-,-,-,-,-,-,-,-,Sullivan,Not in City Limit,6
88235,400364013,0,1,36.11942,-86.73007,3,2025-09-19 20:32:00,2025,9,19,20,32,Friday,20:32,Suspected Serious Injury,Dark-Lighted,Clear,Motor Vehicle-In-Transport On Same Roadway,None,METROPOLITAN NASHVILLE POLICE DEPT,Other,-,-,Drinking,-,-,-,-,-,-,-,-,Motorcyclist,-,Davidson,Nashville,6
88248,400364056,0,1,36.24021,-86.16482,3,2025-09-20 04:10:00,2025,9,20,4,10,Saturday,04:10,Suspected Serious Injury,Dark-Not Lighted,Clear,Mail Box,None,THP District 3 - Nashville,THP,Unbelted,-,-,-,-,-,-,-,-,-,-,-,-,Wilson,Not in City Limit,7
88251,400364078,1,0,35.92258,-83.95563,1,2025-09-20 03:52:00,2025,9,20,3,52,Saturday,03:52,Fatal,Dark-Lighted,Clear,Motor Vehicle-In-Transport On Same Roadway,None,KNOXVILLE POLICE DEPT,Other,Unbelted,-,-,-,-,-,-,-,-,-,ATV_Involved,-,-,Knox,Knoxville,7
88256,400364125,0,2,35.41636,-86.14441,2,2025-09-20 09:35:00,2025,9,20,9,35,Saturday,09:35,Suspected Serious Injury,Daylight,Clear,Standing Tree,None,THP District 2 - Chattanooga,THP,Unbelted,Distracted,-,-,-,-,-,-,-,-,-,-,-,Coffee,Not in City Limit,7
88262,400364160,0,1,36.24293,-86.75103,3,2025-09-20 00:00:00,2025,9,20,24,0,Saturday,24:00,Suspected Serious Injury,Daylight,Clear,Unknown,None,METROPOLITAN NASHVILLE POLICE DEPT,Other,-,-,-,-,-,-,-,-,-,-,-,Motorcyclist,-,Davidson,Nashville,7
88266,400364175,0,1,35.04657,-89.70544,4,2025-09-20 10:20:00,2025,9,20,10,20,Saturday,10:20,Suspected Serious Injury,Daylight,Clear,Motor Vehicle-In-Transport On Same Roadway,None,COLLIERVILLE POLICE DEPT,Other,Unbelted,Distracted,-,-,-,-,-,-,-,-,-,-,-,Shelby,Collierville,7
88274,400364245,0,2,36.00221,-83.29561,5,2025-09-20 12:10:00,2025,9,20,12,10,Saturday,12:10,Suspected Serious Injury,Daylight,Clear,Ditch,None,THP District 5 - Fall Branch,THP,Unbelted,-,-,-,-,-,-,-,-,-,-,-,-,Jefferson,Not in City Limit,7
88276,400364251,0,1,35.3672,-86.21702,2,2025-09-20 14:15:00,2025,9,20,14,15,Saturday,14:15,Suspected Serious Injury,Daylight,Clear,Motor Vehicle-In-Transport On Same Roadway,None,TULLAHOMA POLICE DEPT,Other,Unbelted,Distracted,-,-,-,-,-,-,-,-,-,Motorcyclist,-,Coffee,Tullahoma,7
88288,400364304,1,0,35.19121,-86.5677,7,2025-09-19 23:55:00,2025,9,19,23,55,Friday,23:55,Fatal,Dark-Not Lighted,Clear,Motor Vehicle-In-Transport On Same Roadway,None,THP District 7 - Lawrenceburg,THP,Unbelted,-,-,Drug,-,-,-,-,-,-,ATV_Involved,-,-,Lincoln,Not in City Limit,6
88301,400364352,1,2,35.75727,-83.84306,1,2025-09-20 17:00:00,2025,9,20,17,0,Saturday,17:00,Fatal,Daylight,Clear,Motor Vehicle-In-Transport On Same Roadway,None,BLOUNT CO SHERIFFS DEPT,Other,-,-,-,Drug,-,-,-,-,-,-,-,Motorcyclist,-,Blount,Not in City Limit,7
88303,400364365,1,1,35.47826,-83.93237,1,2025-09-20 15:32:00,2025,9,20,15,32,Saturday,15:32,Fatal,Daylight,Clear,Motor Vehicle-In-Transport On Same Roadway,None,THP District 1 - Knoxville,THP,-,-,-,-,-,-,-,-,-,-,-,Motorcyclist,-,Blount,Not in City Limit,7
88307,400364386,0,1,35.92698,-84.0425,1,2025-09-20 20:30:00,2025,9,20,20,30,Saturday,20:30,Suspected Serious Injury,Dark-Lighted,Clear,Motor Vehicle-In-Transport On Same Roadway,None,KNOXVILLE POLICE DEPT,Other,Unbelted,-,-,-,-,-,-,-,-,-,-,-,-,Knox,Knoxville,7
88310,400364413,0,1,35.85528,-86.37036,3,2025-09-20 19:17:00,2025,9,20,19,17,Saturday,19:17,Suspected Serious Injury,Dark-Lighted,Rain,Pedestrian,None,MURFREESBORO POLICE DEPT,Other,Unbelted,-,-,-,-,-,-,Pedestrian,-,-,-,-,-,Rutherford,Murfreesboro,7
88315,400364426,0,1,35.88173,-87.77945,3,2025-09-20 16:38:00,2025,9,20,16,38,Saturday,16:38,Suspected Serious Injury,Daylight,Clear,Other Non-Collision,None,THP District 3 - Nashville,THP,Unbelted,-,-,-,-,-,-,-,-,-,ATV_Involved,-,-,Humphreys,Not in City Limit,7
88320,400364442,0,3,35.50428,-83.97135,1,2025-09-20 12:10:00,2025,9,20,12,10,Saturday,12:10,Suspected Serious Injury,Daylight,Clear,Motor Vehicle-In-Transport On Same Roadway,None,THP District 1 - Knoxville,THP,Unbelted,-,-,-,-,-,-,-,-,-,-,Motorcyclist,-,Blount,Not in City Limit,7
88328,400364470,0,5,35.70733,-86.41798,3,2025-09-20 03:12:00,2025,9,20,3,12,Saturday,03:12,Suspected Serious Injury,Dark-Not Lighted,Clear,Motor Vehicle-In-Transport On Same Roadway,None,THP District 3 - Nashville,THP,Unbelted,-,Drinking,-,-,-,-,-,-,-,-,-,-,Rutherford,Not in City Limit,7
88330,400364474,0,1,35.9623,-86.66292,3,2025-09-20 00:00:00,2025,9,20,24,0,Saturday,24:00,Suspected Serious Injury,Daylight,Clear,Fell/Jumped From Vehicle,None,NOLENSVILLE POLICE DEPT,Other,-,-,-,-,-,-,-,-,-,-,-,Motorcyclist,-,Williamson,Nolensville,7
88332,400364477,0,1,36.11095,-86.74522,3,2025-09-21 01:04:00,2025,9,21,1,4,Sunday,01:04,Suspected Serious Injury,Dark-Lighted,Clear,Motor Vehicle-In-Transport On Same Roadway,None,METROPOLITAN NASHVILLE POLICE DEPT,Other,Unbelted,-,-,-,-,-,-,-,-,-,-,-,-,Davidson,Nashville,1
88335,400364491,0,1,35.85659,-83.5099,1,2025-09-21 01:38:00,2025,9,21,1,38,Sunday,01:38,Suspected Serious Injury,Dark-Not Lighted,Clear,Embankment Earth,None,SEVIER CO SHERIFFS OFFICE,Other,-,-,Drinking,-,-,-,-,-,-,-,-,Motorcyclist,-,Sevier,Not in City Limit,1
88337,400364495,0,1,35.87745,-88.58627,8,2025-09-21 00:50:00,2025,9,21,0,50,Sunday,00:50,Suspected Serious Injury,Dark-Not Lighted,Cloudy,Ditch,None,THP District 8 - Jackson,THP,-,-,-,-,-,-,-,-,-,-,-,Motorcyclist,-,Carroll,Not in City Limit,1
88338,400364497,1,0,36.04496,-84.1151,1,2025-09-20 03:25:00,2025,9,20,3,25,Saturday,03:25,Fatal,Dark-Not Lighted,Clear,Guard Rail Face,None,THP District 1 - Knoxville,THP,-,-,Drinking,-,-,-,-,-,-,-,-,Motorcyclist,-,Anderson,Not in City Limit,7
88362,400364642,0,1,36.28088,-89.26435,8,2025-09-21 00:00:00,2025,9,21,24,0,Sunday,24:00,Suspected Serious Injury,Daylight,Clear,Ditch,None,OBION CO SHERIFFS DEPT,Other,-,-,-,-,-,-,-,-,-,-,-,Motorcyclist,-,Obion,Not in City Limit,1
88363,400364649,0,1,35.27211,-88.03901,8,2025-09-20 17:00:00,2025,9,20,17,0,Saturday,17:00,Suspected Serious Injury,Daylight,Clear,Ditch,None,THP District 8 - Jackson,THP,-,-,-,-,-,-,-,-,-,-,-,Motorcyclist,-,Hardin,Not in City Limit,7
88366,400364685,0,2,36.20071,-83.27575,5,2025-09-21 15:37:00,2025,9,21,15,37,Sunday,15:37,Suspected Serious Injury,Daylight,Cloudy,Parked Motor Vehicle,None,MORRISTOWN POLICE DEPT,Other,Unbelted,-,-,Drug,-,-,-,-,-,-,-,-,-,Hamblen,Morristown,1
88371,400364705,0,1,35.03782,-89.70326,4,2025-09-21 15:05:00,2025,9,21,15,5,Sunday,15:05,Suspected Serious Injury,Daylight,Clear,Motor Vehicle-In-Transport On Same Roadway,None,COLLIERVILLE POLICE DEPT,Other,Unbelted,-,-,-,-,-,-,-,-,-,-,-,-,Shelby,Collierville,1
88376,400364723,0,3,35.47515,-88.9614,8,2025-09-21 13:36:00,2025,9,21,13,36,Sunday,13:36,Suspected Serious Injury,Daylight,Clear,Motor Vehicle-In-Transport On Same Roadway,None,MADISON CO SHERIFFS DEPT,Other,Unbelted,-,-,-,-,-,-,-,-,-,-,-,-,Madison,Not in City Limit,1
88384,400364764,0,1,35.71832,-83.91675,1,2025-09-20 18:51:00,2025,9,20,18,51,Saturday,18:51,Suspected Serious Injury,Daylight,Clear,Ditch,None,BLOUNT CO SHERIFFS DEPT,Other,-,-,-,-,-,-,-,-,-,-,-,Motorcyclist,-,Blount,Not in City Limit,7
88389,400364782,0,1,35.93212,-86.40658,3,2025-09-21 17:39:00,2025,9,21,17,39,Sunday,17:39,Suspected Serious Injury,Daylight,Rain,"Over Turn, Roll Over",None,RUTHERFORD CO SHERIFFS DEPT,Other,Unbelted,-,-,-,-,Speeding,-,-,-,-,-,-,-,Rutherford,Not in City Limit,1
88407,400364872,1,0,36.25,-84.16957,1,2025-09-20 22:26:00,2025,9,20,22,26,Saturday,22:26,Fatal,Dark-Not Lighted,Clear,Building,None,THP District 1 - Knoxville,THP,-,-,-,-,-,-,-,-,-,-,-,Motorcyclist,-,Campbell,Not in City Limit,7
88412,400364901,1,0,35.42477,-84.6548,2,2025-09-20 21:49:00,2025,9,20,21,49,Saturday,21:49,Fatal,Dark-Not Lighted,Clear,Pedestrian,None,THP District 2 - Chattanooga,THP,Unbelted,-,-,-,-,-,Pedalcyclist,-,-,-,-,-,-,McMinn,Not in City Limit,7
88414,400364905,0,1,35.76831,-88.67526,8,2025-09-20 23:41:00,2025,9,20,23,41,Saturday,23:41,Suspected Serious Injury,Dark-Not Lighted,Clear,"Over Turn, Roll Over",None,THP District 8 - Jackson,THP,Unbelted,-,Drinking,Drug,-,-,-,-,-,-,-,-,-,Madison,Not in City Limit,7
88419,400364917,0,1,36.11142,-86.74547,3,2025-09-21 23:17:00,2025,9,21,23,17,Sunday,23:17,Suspected Serious Injury,Dark-Lighted,Rain,Pedestrian,None,METROPOLITAN NASHVILLE POLICE DEPT,Other,Unbelted,-,-,-,-,-,-,Pedestrian,-,-,-,-,-,Davidson,Nashville,1
88421,400364931,0,1,36.33636,-83.28221,5,2025-09-19 17:50:00,2025,9,19,17,50,Friday,17:50,Suspected Serious Injury,Daylight,Clear,Motor Vehicle-In-Transport On Same Roadway,None,BEAN STATION POLICE DEPT,Other,Unbelted,-,-,-,-,-,-,-,-,-,-,Motorcyclist,-,Grainger,Bean Station,6
88427,400364963,0,1,35.52641,-86.15697,2,2025-09-22 00:00:00,2025,9,22,24,0,Monday,24:00,Suspected Serious Injury,Dark-Not Lighted,Clear,Ditch,None,THP District 2 - Chattanooga,THP,Unbelted,-,-,-,Drowsy,-,-,-,-,-,-,-,-,Coffee,Not in City Limit,2
88438,400365009,0,1,36.46242,-86.64729,3,2025-09-22 03:06:00,2025,9,22,3,6,Monday,03:06,Suspected Serious Injury,Dark-Not Lighted,Cloudy,Ditch,None,WHITE HOUSE POLICE DEPT,Other,Unbelted,-,Drinking,-,-,-,-,-,-,-,-,-,-,Sumner,White House,2
88440,400365016,0,1,35.95244,-83.58935,1,2025-09-14 14:16:00,2025,9,14,14,16,Sunday,14:16,Suspected Serious Injury,Daylight,Clear,Motor Vehicle-In-Transport On Same Roadway,None,SEVIERVILLE POLICE DEPT,Other,Unbelted,-,-,-,-,-,-,-,-,-,-,Motorcyclist,-,Sevier,Sevierville,1
88449,400365066,0,1,35.87778,-83.89548,1,2025-09-22 08:22:00,2025,9,22,8,22,Monday,08:22,Suspected Serious Injury,Daylight,Fog,Utility Pole,None,KNOX CO SHERIFFS OFFICE,Other,Unbelted,-,-,-,-,Speeding,-,-,-,-,-,-,-,Knox,Not in City Limit,2
88460,400365131,1,0,36.02141,-83.77894,1,2025-09-22 08:57:00,2025,9,22,8,57,Monday,08:57,Fatal,Daylight,Fog,Motor Vehicle-In-Transport On Same Roadway,None,KNOXVILLE POLICE DEPT,Other,Unbelted,-,-,Drug,-,-,-,-,-,-,ATV_Involved,-,-,Knox,Knoxville,2
88464,400365146,0,1,35.61858,-88.82291,8,2025-09-22 12:50:00,2025,9,22,12,50,Monday,12:50,Suspected Serious Injury,Daylight,Clear,Motor Vehicle-In-Transport On Same Roadway,None,JACKSON POLICE DEPT,Other,Unbelted,-,-,-,-,-,-,-,-,-,-,-,-,Madison,Jackson,2
88473,400365196,1,0,36.42001,-86.9009,3,2025-09-22 09:47:00,2025,9,22,9,47,Monday,09:47,Fatal,Daylight,Clear,Motor Vehicle-In-Transport On Same Roadway,None,THP District 3 - Nashville,THP,Unbelted,-,-,-,-,-,-,-,-,-,ATV_Involved,-,-,Robertson,Coopertown,2
88482,400365232,1,0,36.42091,-86.09225,6,2025-09-19 22:03:00,2025,9,19,22,3,Friday,22:03,Fatal,Dark-Not Lighted,Clear,Embankment Rock/Stone/Concrete,None,THP District 6 - Cookeville,THP,Unbelted,-,-,-,-,Speeding,-,-,-,-,-,-,-,Trousdale,Not in City Limit,6
88484,400365242,0,1,36.15723,-86.79308,3,2025-09-22 14:30:00,2025,9,22,14,30,Monday,14:30,Suspected Serious Injury,Daylight,Rain,Utility Pole,None,METROPOLITAN NASHVILLE POLICE DEPT,Other,Unbelted,-,-,-,-,-,-,-,-,-,-,-,-,Davidson,Nashville,2
88487,400365254,0,2,36.17975,-83.3384,5,2025-09-22 14:14:00,2025,9,22,14,14,Monday,14:14,Suspected Serious Injury,Daylight,Clear,Motor Vehicle-In-Transport On Same Roadway,None,THP District 5 - Fall Branch,THP,Unbelted,-,-,-,-,-,-,-,-,-,-,-,-,Hamblen,Not in City Limit,2
88507,400365363,1,0,36.3187,-82.31877,5,2025-09-22 16:00:00,2025,9,22,16,0,Monday,16:00,Fatal,Daylight,Clear,Guard Rail End,None,THP District 5 - Fall Branch,THP,Unbelted,-,Drinking,Drug,-,-,-,-,-,-,-,-,-,Washington,Johnson City,2
88516,400365407,1,1,35.83774,-88.14934,8,2025-09-22 01:17:00,2025,9,22,1,17,Monday,01:17,Fatal,Dark-Not Lighted,Cloudy,Embankment Earth,None,THP District 8 - Jackson,THP,Unbelted,-,Drinking,Drug,-,-,-,-,-,-,-,-,-,Decatur,Not in City Limit,2
88529,400365457,0,1,35.33766,-87.21746,7,2025-09-22 23:17:00,2025,9,22,23,17,Monday,23:17,Suspected Serious Injury,Dark-Not Lighted,Cloudy,Ditch,None,THP District 7 - Lawrenceburg,THP,-,-,-,-,-,Speeding,-,-,-,-,-,Motorcyclist,-,Lawrence,Not in City Limit,2
88536,400365489,0,1,35.14082,-84.84395,2,2025-09-23 00:52:00,2025,9,23,0,52,Tuesday,00:52,Suspected Serious Injury,Dark-Not Lighted,Cloudy,Utility Pole,None,THP District 2 - Chattanooga,THP,Unbelted,-,Drinking,-,-,-,-,-,-,-,-,-,-,Bradley,Not in City Limit,3
88572,400365637,2,0,35.92918,-88.49701,8,2025-09-23 06:00:00,2025,9,23,6,0,Tuesday,06:00,Fatal,Dark-Not Lighted,Fog,Motor Vehicle-In-Transport On Same Roadway,None,THP District 8 - Jackson,THP,Unbelted,-,-,Drug,-,-,-,-,-,-,-,-,-,Carroll,Not in City Limit,3
88573,400365642,1,1,36.25649,-87.99693,8,2025-09-01 00:00:00,2025,9,1,24,0,Monday,24:00,Fatal,Daylight,Clear,Standing Tree,None,THP District 8 - Jackson,THP,Unbelted,-,Drinking,-,-,-,-,-,-,-,-,-,-,Benton,Not in City Limit,2
88580,400365669,0,1,36.18022,-87.50087,3,2025-09-23 08:00:00,2025,9,23,8,0,Tuesday,08:00,Suspected Serious Injury,Daylight,Cloudy,Fence,None,THP District 3 - Nashville,THP,Unbelted,-,-,Drug,-,-,-,-,-,-,-,-,-,Dickson,Not in City Limit,3
88590,400365714,0,1,36.55044,-87.46117,3,2025-09-23 10:37:00,2025,9,23,10,37,Tuesday,10:37,Suspected Serious Injury,Daylight,Clear,Ditch,None,THP District 3 - Nashville,THP,Unbelted,-,-,-,-,-,-,-,-,-,-,-,-,Montgomery,Not in City Limit,3
88597,400365764,1,1,35.62101,-84.72238,2,2025-09-23 07:10:00,2025,9,23,7,10,Tuesday,07:10,Fatal,Dawn,Cloudy,Motor Vehicle-In-Transport On Same Roadway,None,THP District 2 - Chattanooga,THP,Unbelted,-,-,Drug,-,-,-,-,-,-,-,-,-,Meigs,Not in City Limit,3
88598,400365780,0,1,36.03987,-86.78138,3,2025-09-22 09:46:00,2025,9,22,9,46,Monday,09:46,Suspected Serious Injury,Daylight,Clear,Motor Vehicle-In-Transport On Same Roadway,None,THP District 3 - Nashville,THP,Unbelted,Distracted,-,-,-,-,-,-,-,-,-,-,-,Davidson,Not in City Limit,2
88606,400365816,0,3,36.49889,-84.20894,1,2025-09-23 05:45:00,2025,9,23,5,45,Tuesday,05:45,Suspected Serious Injury,Dark-Not Lighted,Rain,Motor Vehicle-In-Transport On Same Roadway,None,THP District 1 - Knoxville,THP,Unbelted,-,-,-,-,-,-,-,-,-,-,-,-,Campbell,Not in City Limit,3
88611,400365860,0,1,35.20233,-85.06913,2,2025-09-23 15:23:00,2025,9,23,15,23,Tuesday,15:23,Suspected Serious Injury,Daylight,Clear,Culvert,None,HAMILTON COUNTY SHERIFF'S OFFICE,Other,Unbelted,-,Drinking,Drug,-,-,-,-,-,-,-,-,-,Hamilton,Not in City Limit,3
88614,400365877,1,2,36.05693,-87.37123,3,2025-09-23 17:13:00,2025,9,23,17,13,Tuesday,17:13,Fatal,Daylight,Clear,Motor Vehicle-In-Transport On Same Roadway,None,DICKSON POLICE DEPT,Other,Unbelted,Distracted,-,-,Drowsy,-,-,-,-,-,-,-,-,Dickson,Dickson,3
88619,400365907,0,1,36.30182,-83.46634,5,2025-09-23 15:25:00,2025,9,23,15,25,Tuesday,15:25,Suspected Serious Injury,Daylight,Clear,Motor Vehicle-In-Transport On Same Roadway,None,THP District 5 - Fall Branch,THP,Unbelted,Distracted,-,-,-,-,-,-,-,-,-,-,-,Grainger,Not in City Limit,3
88644,400366034,0,2,35.66462,-88.8545,8,2025-09-24 05:18:00,2025,9,24,5,18,Wednesday,05:18,Suspected Serious Injury,Dark-Lighted,Clear,Motor Vehicle-In-Transport On Same Roadway,None,JACKSON POLICE DEPT,Other,Unbelted,-,-,-,-,-,-,-,-,-,-,-,-,Madison,Jackson,4
88647,400366039,0,1,35.19551,-87.02889,7,2025-09-23 12:15:00,2025,9,23,12,15,Tuesday,12:15,Suspected Serious Injury,Daylight,Rain,Embankment Earth,None,PULASKI POLICE DEPT,Other,Unbelted,-,-,-,-,-,-,-,-,-,-,-,-,Giles,Pulaski,3
88652,400366053,0,1,35.95205,-85.4843,6,2025-09-17 15:50:00,2025,9,17,15,50,Wednesday,15:50,Suspected Serious Injury,Daylight,Clear,Motor Vehicle-In-Transport On Same Roadway,None,SPARTA POLICE DEPT,Other,Unbelted,-,-,-,-,-,-,-,-,-,-,-,-,White,Sparta,4
88666,400366162,0,1,36.53851,-81.98509,5,2025-09-21 17:17:00,2025,9,21,17,17,Sunday,17:17,Suspected Serious Injury,Daylight,Clear,Ditch,None,THP District 5 - Fall Branch,THP,-,-,-,-,-,-,-,-,-,-,-,Motorcyclist,-,Sullivan,Bristol,1
88682,400366250,0,1,35.74224,-83.74369,1,2025-09-24 11:16:00,2025,9,24,11,16,Wednesday,11:16,Suspected Serious Injury,Daylight,Cloudy,Other Fixed Object,None,BLOUNT CO SHERIFFS DEPT,Other,-,-,-,-,-,-,-,-,-,-,-,Motorcyclist,-,Blount,Not in City Limit,4
88688,400366271,0,1,35.56772,-88.38724,8,2025-09-24 06:44:00,2025,9,24,6,44,Wednesday,06:44,Suspected Serious Injury,Dark-Not Lighted,Rain,Utility Pole,None,THP District 8 - Jackson,THP,Unbelted,-,-,-,-,-,-,-,-,-,-,-,-,Henderson,Not in City Limit,4
88711,400366405,0,1,35.38911,-86.69039,7,2025-09-24 15:19:00,2025,9,24,15,19,Wednesday,15:19,Suspected Serious Injury,Daylight,Rain,Embankment Rock/Stone/Concrete,None,THP District 7 - Lawrenceburg,THP,Unbelted,-,-,-,-,Speeding,-,-,-,-,-,-,-,Marshall,Not in City Limit,4
88717,400366437,0,1,36.0676,-86.48794,3,2025-09-24 15:10:00,2025,9,24,15,10,Wednesday,15:10,Suspected Serious Injury,Daylight,Rain,Embankment Earth,None,THP District 3 - Nashville,THP,Unbelted,-,-,-,-,Speeding,-,-,-,-,-,-,-,Rutherford,Not in City Limit,4