OBJECTID,MRN,Fatality,Injury,Latitude,Longitude,THP_District,Collision_Date,Collision_Year,Collision_Month,Collision_Day,Collision_Hour,Collision_Min,Collision_DOW,Collision_Time,Crash_Type,Light_Condition,Weather,First_Harmfu_Event,Work_Zone_Type,Agency_Name,THP,Unbelted,Distracted_Driver,Driver_Drinking,Driver_Drugged,Drowsy_Driver,Speeding_Involved,Pedalcyclist,Pedestrian,Other_Nonmotorist,ATV_Involved,LargeTruck_Involved,Motorcycle_Involved,SchoolBus,County,City,DOW_Nmb
88720,400366449,0,1,35.63064,-85.85899,6,2025-09-24 16:07:00,2025,9,24,16,7,Wednesday,16:07,Suspected Serious Injury,Daylight,Rain,Motor Vehicle-In-Transport On Same Roadway,None,THP District 6 - Cookeville,THP,Unbelted,-,-,-,-,-,-,-,-,-,ATV_Involved,-,-,Warren,Morrison,4
88727,400366492,0,1,35.59813,-86.48005,7,2025-09-24 13:45:00,2025,9,24,13,45,Wednesday,13:45,Suspected Serious Injury,Daylight,Rain,Motor Vehicle-In-Transport On Same Roadway,None,THP District 7 - Lawrenceburg,THP,Unbelted,-,Drinking,-,-,-,-,-,-,-,-,-,-,Bedford,Not in City Limit,4
88741,400366567,1,2,35.22166,-88.95627,4,2025-09-21 16:38:00,2025,9,21,16,38,Sunday,16:38,Fatal,Daylight,Clear,Motor Vehicle-In-Transport On Same Roadway,None,THP District 4 - Memphis,THP,Unbelted,-,-,Drug,-,-,-,-,-,-,-,-,-,Hardeman,Not in City Limit,1
88743,400366583,0,1,35.9604,-83.92747,1,2025-09-24 23:22:00,2025,9,24,23,22,Wednesday,23:22,Suspected Serious Injury,Dark-Lighted,Rain,Pedestrian,None,KNOXVILLE POLICE DEPT,Other,Unbelted,-,-,-,-,-,-,Pedestrian,-,-,-,-,-,Knox,Knoxville,4
88744,400366587,0,1,36.15349,-85.50286,6,2025-09-24 23:20:00,2025,9,24,23,20,Wednesday,23:20,Suspected Serious Injury,Dark-Lighted,Clear,Highway Traffic Sign Post,None,COOKEVILLE POLICE DEPT,Other,-,-,-,-,-,Speeding,-,-,-,-,-,Motorcyclist,-,Putnam,Cookeville,4
88747,400366599,0,2,36.51231,-85.9976,6,2025-09-25 00:30:00,2025,9,25,0,30,Thursday,00:30,Suspected Serious Injury,Dark-Not Lighted,Rain,Embankment Earth,None,THP District 6 - Cookeville,THP,Unbelted,-,-,-,-,Speeding,-,-,-,-,-,-,-,Macon,Not in City Limit,5
88749,400366613,0,2,35.97603,-83.64755,1,2025-09-25 02:04:00,2025,9,25,2,4,Thursday,02:04,Suspected Serious Injury,Dark-Not Lighted,Clear,Embankment Earth,None,THP District 1 - Knoxville,THP,Unbelted,-,-,-,-,-,-,-,-,-,-,-,-,Sevier,Not in City Limit,5
88751,400366631,1,0,35.89927,-83.87409,1,2025-09-24 07:01:00,2025,9,24,7,1,Wednesday,07:01,Fatal,Dark-Not Lighted,Clear,Embankment Earth,None,THP District 1 - Knoxville,THP,Unbelted,-,-,-,-,-,-,-,-,-,ATV_Involved,-,-,Knox,Not in City Limit,4
88752,400366641,0,1,35.82908,-83.70466,1,2025-09-24 15:24:00,2025,9,24,15,24,Wednesday,15:24,Suspected Serious Injury,Daylight,Cloudy,Other Non-Collision,None,SEVIER CO SHERIFFS OFFICE,Other,Unbelted,-,-,-,-,-,-,Pedestrian,-,-,-,-,-,Sevier,Not in City Limit,4
88779,400366761,0,2,35.726,-89.54811,4,2025-09-25 07:55:00,2025,9,25,7,55,Thursday,07:55,Suspected Serious Injury,Daylight,Rain,Motor Vehicle-In-Transport On Same Roadway,None,RIPLEY POLICE DEPT,Other,Unbelted,-,-,-,-,-,-,-,-,-,-,-,-,Lauderdale,Ripley,5
88786,400366799,0,2,36.34715,-82.24399,5,2025-09-24 12:14:00,2025,9,24,12,14,Wednesday,12:14,Suspected Serious Injury,Daylight,Cloudy,Motor Vehicle-In-Transport On Same Roadway,None,ELIZABETHTON POLICE DEPT,Other,Unbelted,-,-,-,-,-,-,-,-,-,-,-,-,Carter,Elizabethton,4
88788,400366814,0,1,35.75319,-87.31291,7,2025-09-25 05:07:00,2025,9,25,5,7,Thursday,05:07,Suspected Serious Injury,Dark-Not Lighted,Rain,"Over Turn, Roll Over",None,THP District 7 - Lawrenceburg,THP,Unbelted,-,-,-,-,-,-,-,-,-,ATV_Involved,-,-,Hickman,Not in City Limit,5
88790,400366822,1,1,35.6078,-88.9254,8,2025-09-25 06:26:00,2025,9,25,6,26,Thursday,06:26,Fatal,Dark-Not Lighted,Fog,Motor Vehicle-In-Transport On Same Roadway,None,THP District 8 - Jackson,THP,Unbelted,-,-,-,-,-,-,-,-,-,-,Motorcyclist,-,Madison,Not in City Limit,5
88796,400366848,0,1,36.34162,-83.03521,5,2025-09-23 21:45:00,2025,9,23,21,45,Tuesday,21:45,Suspected Serious Injury,Dark-Not Lighted,Clear,Motor Vehicle-In-Transport On Same Roadway,None,THP District 5 - Fall Branch,THP,Unbelted,-,-,-,-,-,-,-,-,-,-,-,-,Hawkins,Not in City Limit,3
88810,400366981,0,2,35.84517,-86.39512,3,2025-09-25 15:16:00,2025,9,25,15,16,Thursday,15:16,Suspected Serious Injury,Daylight,Cloudy,Motor Vehicle-In-Transport On Same Roadway,None,MURFREESBORO POLICE DEPT,Other,Unbelted,-,-,-,-,-,-,-,-,-,-,-,-,Rutherford,Murfreesboro,5
88821,400367033,0,2,35.8448,-86.45265,3,2025-09-25 17:03:00,2025,9,25,17,3,Thursday,17:03,Suspected Serious Injury,Daylight,Clear,Motor Vehicle-In-Transport On Same Roadway,None,MURFREESBORO POLICE DEPT,Other,Unbelted,-,-,-,-,-,-,-,-,-,-,-,-,Rutherford,Not in City Limit,5
88823,400367038,0,2,35.55591,-84.55887,2,2025-09-25 01:27:00,2025,9,25,1,27,Thursday,01:27,Suspected Serious Injury,Dark-Not Lighted,Cloudy,Motor Vehicle-In-Transport On Same Roadway,None,THP District 2 - Chattanooga,THP,Unbelted,-,Drinking,-,Drowsy,-,-,-,-,-,ATV_Involved,-,-,McMinn,Not in City Limit,5
88835,400367092,0,1,36.1515,-84.06587,1,2025-09-25 18:33:00,2025,9,25,18,33,Thursday,18:33,Suspected Serious Injury,Daylight,Cloudy,Ditch,None,THP District 1 - Knoxville,THP,-,-,-,-,-,-,-,-,-,-,-,Motorcyclist,-,Anderson,Not in City Limit,5
88842,400367142,0,1,35.69902,-85.79579,6,2025-09-25 18:40:00,2025,9,25,18,40,Thursday,18:40,Suspected Serious Injury,Daylight,Clear,Motor Vehicle-In-Transport On Same Roadway,None,THP District 6 - Cookeville,THP,Unbelted,-,Drinking,-,-,-,-,-,-,-,-,Motorcyclist,-,Warren,McMinnville,5
88843,400367143,0,1,35.68146,-84.01049,1,2025-09-25 20:12:00,2025,9,25,20,12,Thursday,20:12,Suspected Serious Injury,Dawn,Clear,Ditch,None,BLOUNT CO SHERIFFS DEPT,Other,Unbelted,-,-,-,-,Speeding,-,-,-,-,-,-,-,Blount,Not in City Limit,5
88867,400367272,1,0,35.20765,-87.30393,7,2025-09-26 05:25:00,2025,9,26,5,25,Friday,05:25,Fatal,Dark-Not Lighted,Fog,Motor Vehicle-In-Transport On Same Roadway,None,THP District 7 - Lawrenceburg,THP,Unbelted,-,-,-,-,-,-,-,-,-,-,Motorcyclist,-,Lawrence,Not in City Limit,6
88882,400367400,0,1,35.24578,-85.18821,2,2025-09-26 13:20:00,2025,9,26,13,20,Friday,13:20,Suspected Serious Injury,Daylight,Clear,Motor Vehicle-In-Transport On Same Roadway,None,SODDY DAISY POLICE DEPT,Other,Unbelted,-,-,-,-,-,-,-,-,-,-,-,-,Hamilton,Soddy-Daisy,6
88884,400367414,0,1,36.5414,-87.6148,3,2025-09-25 21:24:00,2025,9,25,21,24,Thursday,21:24,Suspected Serious Injury,Dark-Not Lighted,Clear,"Over Turn, Roll Over",None,THP District 3 - Nashville,THP,Unbelted,-,Drinking,-,-,Speeding,-,-,-,-,-,-,-,Montgomery,Not in City Limit,5
88889,400367429,1,0,36.06398,-86.14229,3,2025-09-26 06:09:00,2025,9,26,6,9,Friday,06:09,Fatal,Dawn,Fog,Standing Tree,None,THP District 3 - Nashville,THP,Unbelted,-,-,Drug,-,-,-,-,-,-,-,-,-,Wilson,Not in City Limit,6
88890,400367431,1,6,36.19707,-83.82978,5,2025-09-25 21:40:00,2025,9,25,21,40,Thursday,21:40,Fatal,Dark-Not Lighted,Clear,Motor Vehicle-In-Transport On Same Roadway,None,THP District 5 - Fall Branch,THP,Unbelted,Distracted,-,Drug,-,-,-,-,-,-,-,-,-,Union,Not in City Limit,5
88894,400367457,0,2,36.1157,-86.69571,3,2025-09-26 11:56:00,2025,9,26,11,56,Friday,11:56,Suspected Serious Injury,Daylight,Clear,Motor Vehicle-In-Transport On Same Roadway,None,METROPOLITAN NASHVILLE POLICE DEPT,Other,Unbelted,-,-,-,-,-,-,-,-,-,-,-,-,Davidson,Nashville,6
88898,400367480,0,1,36.03251,-87.35173,3,2025-09-26 14:45:00,2025,9,26,14,45,Friday,14:45,Suspected Serious Injury,Daylight,Clear,Motor Vehicle-In-Transport On Same Roadway,None,DICKSON POLICE DEPT,Other,Unbelted,-,-,-,-,-,-,-,-,-,-,-,-,Dickson,Dickson,6
88909,400367540,1,0,36.14823,-83.25016,5,2025-09-26 16:30:00,2025,9,26,16,30,Friday,16:30,Fatal,Daylight,Clear,Embankment Earth,None,THP District 5 - Fall Branch,THP,Unbelted,-,-,Drug,-,Speeding,-,-,-,-,-,-,-,Hamblen,Not in City Limit,6
88914,400367567,0,1,36.14798,-86.39323,3,2025-09-26 02:47:00,2025,9,26,2,47,Friday,02:47,Suspected Serious Injury,Dark-Not Lighted,Clear,Utility Pole,None,THP District 3 - Nashville,THP,-,-,-,-,-,-,-,-,-,-,-,Motorcyclist,-,Wilson,Not in City Limit,6
88922,400367626,1,2,35.97531,-84.00293,1,2025-09-26 18:07:00,2025,9,26,18,7,Friday,18:07,Fatal,Daylight,Clear,Motor Vehicle-In-Transport On Same Roadway,None,KNOXVILLE POLICE DEPT,Other,Unbelted,-,-,-,-,-,-,-,-,-,-,-,-,Knox,Knoxville,6
88924,400367641,0,1,36.1396,-86.87988,3,2025-09-26 19:20:00,2025,9,26,19,20,Friday,19:20,Suspected Serious Injury,Dark-Lighted,Clear,Pedestrian,None,METROPOLITAN NASHVILLE POLICE DEPT,Other,Unbelted,-,-,-,-,-,-,Pedestrian,-,-,-,-,-,Davidson,Nashville,6
88925,400367645,0,2,36.12398,-85.77733,6,2025-09-26 01:31:00,2025,9,26,1,31,Friday,01:31,Suspected Serious Injury,Dark-Not Lighted,Clear,Guard Rail Face,None,THP District 6 - Cookeville,THP,Unbelted,-,-,-,Drowsy,-,-,-,-,-,ATV_Involved,-,-,Putnam,Not in City Limit,6
88927,400367651,0,2,35.93612,-84.01288,1,2025-09-26 21:20:00,2025,9,26,21,20,Friday,21:20,Suspected Serious Injury,Dark-Lighted,Clear,Motor Vehicle-In-Transport On Same Roadway,None,KNOXVILLE POLICE DEPT,Other,Unbelted,-,-,-,-,-,-,-,-,-,ATV_Involved,-,-,Knox,Knoxville,6
88928,400367652,0,1,36.02434,-87.31361,3,2025-09-30 13:34:00,2025,9,30,13,34,Tuesday,13:34,Suspected Serious Injury,Daylight,Cloudy,Ditch,None,THP District 3 - Nashville,THP,Unbelted,-,-,-,-,-,-,-,-,-,-,-,-,Dickson,Not in City Limit,3
88930,400367664,1,0,36.38857,-88.44245,8,2025-09-26 17:00:00,2025,9,26,17,0,Friday,17:00,Fatal,Daylight,Cloudy,Ditch,None,THP District 8 - Jackson,THP,Unbelted,-,Drinking,Drug,-,-,-,-,-,-,-,-,-,Henry,Not in City Limit,6
88947,400367731,0,1,35.96182,-89.39405,8,2025-09-27 00:57:00,2025,9,27,0,57,Saturday,00:57,Suspected Serious Injury,Dark-Not Lighted,Fog,Culvert,None,THP District 8 - Jackson,THP,Unbelted,-,Drinking,-,Drowsy,-,-,-,-,-,-,-,-,Dyer,Not in City Limit,7
88950,400367761,0,1,36.44278,-87.10191,3,2025-09-26 11:11:00,2025,9,26,11,11,Friday,11:11,Suspected Serious Injury,Daylight,Clear,Motor Vehicle-In-Transport On Same Roadway,None,THP District 3 - Nashville,THP,Unbelted,-,-,-,-,-,-,-,-,-,-,-,-,Cheatham,Not in City Limit,6
88956,400367796,0,1,36.13569,-86.72504,3,2025-09-27 05:48:00,2025,9,27,5,48,Saturday,05:48,Suspected Serious Injury,Dark-Lighted,Clear,Motor Vehicle-In-Transport On Same Roadway,None,METROPOLITAN NASHVILLE POLICE DEPT,Other,Unbelted,-,Drinking,-,-,-,-,-,-,-,-,-,-,Davidson,Nashville,7
88958,400367800,0,2,35.18153,-85.05574,2,2025-09-26 13:10:00,2025,9,26,13,10,Friday,13:10,Suspected Serious Injury,Daylight,Clear,Ditch,None,HAMILTON COUNTY SHERIFF'S OFFICE,Other,Unbelted,-,-,-,-,-,-,-,-,-,-,-,-,Hamilton,Not in City Limit,6
88964,400367819,0,2,36.15305,-87.34158,3,2025-09-27 08:50:00,2025,9,27,8,50,Saturday,08:50,Suspected Serious Injury,Daylight,Clear,Ditch,None,THP District 3 - Nashville,THP,Unbelted,Distracted,-,-,-,-,-,-,-,-,-,-,-,Dickson,Not in City Limit,7
88970,400367864,0,2,35.70942,-83.82954,1,2025-09-27 12:40:00,2025,9,27,12,40,Saturday,12:40,Suspected Serious Injury,Daylight,Rain,Standing Tree,None,BLOUNT CO SHERIFFS DEPT,Other,Unbelted,-,-,-,-,-,-,-,-,-,-,-,-,Blount,Not in City Limit,7
88971,400367877,0,2,35.79622,-86.89849,3,2025-09-27 11:54:00,2025,9,27,11,54,Saturday,11:54,Suspected Serious Injury,Daylight,Clear,Motor Vehicle-In-Transport On Same Roadway,None,WILLIAMSON CO SHERIFFS OFFICE,Other,Unbelted,-,-,-,-,-,-,-,-,-,-,-,-,Williamson,Thompson's Station,7
88973,400367903,0,2,36.39468,-84.43496,1,2025-09-26 17:02:00,2025,9,26,17,2,Friday,17:02,Suspected Serious Injury,Daylight,Clear,Motor Vehicle-In-Transport On Same Roadway,None,THP District 1 - Knoxville,THP,Unbelted,-,Drinking,Drug,-,-,-,-,-,-,-,-,-,Scott,Huntsville,6
88988,400367963,0,1,35.63297,-85.71376,6,2025-09-27 15:26:00,2025,9,27,15,26,Saturday,15:26,Suspected Serious Injury,Daylight,Clear,Ditch,None,THP District 6 - Cookeville,THP,Unbelted,-,-,-,-,-,-,-,-,-,-,Motorcyclist,-,Warren,Not in City Limit,7
88998,400368005,0,3,36.20854,-86.77646,3,2025-09-27 15:25:00,2025,9,27,15,25,Saturday,15:25,Suspected Serious Injury,Daylight,Clear,Motor Vehicle-In-Transport On Same Roadway,None,METROPOLITAN NASHVILLE POLICE DEPT,Other,Unbelted,-,-,-,-,-,-,-,-,-,-,-,-,Davidson,Nashville,7
89020,400368074,2,0,35.69211,-84.0512,1,2025-09-27 19:35:00,2025,9,27,19,35,Saturday,19:35,Fatal,Dusk,Cloudy,Motor Vehicle-In-Transport On Same Roadway,None,THP District 1 - Knoxville,THP,Unbelted,Distracted,-,Drug,-,-,-,-,-,-,-,-,-,Blount,Not in City Limit,7
89045,400368166,0,1,36.08387,-83.9069,1,2025-09-27 23:30:00,2025,9,27,23,30,Saturday,23:30,Suspected Serious Injury,Dark-Not Lighted,Rain,Ditch,None,KNOX CO SHERIFFS OFFICE,Other,Unbelted,-,-,-,-,Speeding,-,-,-,-,-,-,-,Knox,Not in City Limit,7
89047,400368178,0,2,36.43457,-89.02587,8,2025-09-27 04:34:00,2025,9,27,4,34,Saturday,04:34,Suspected Serious Injury,Dark-Lighted,Clear,Ditch,None,UNION CITY POLICE DEPT,Other,Unbelted,-,Drinking,-,-,-,-,-,-,-,-,-,-,Obion,Union City,7
89051,400368190,0,2,36.02176,-84.22526,1,2025-09-27 19:54:00,2025,9,27,19,54,Saturday,19:54,Suspected Serious Injury,Dark-Lighted,Clear,Motor Vehicle-In-Transport On Same Roadway,None,OAK RIDGE POLICE DEPT,Other,Unbelted,-,-,-,-,-,-,-,-,-,-,Motorcyclist,-,Anderson,Oak Ridge,7
89054,400368198,0,1,35.81938,-86.84043,3,2025-09-27 01:13:00,2025,9,27,1,13,Saturday,01:13,Suspected Serious Injury,Dark-Not Lighted,Clear,Ditch,None,THP District 3 - Nashville,THP,Unbelted,-,-,-,-,-,-,-,-,-,-,-,-,Williamson,Not in City Limit,7
89060,400368219,0,2,35.81546,-88.20202,8,2025-09-27 09:33:00,2025,9,27,9,33,Saturday,09:33,Suspected Serious Injury,Daylight,Clear,Ditch,None,THP District 8 - Jackson,THP,Unbelted,-,-,-,-,-,-,-,-,-,-,-,-,Henderson,Not in City Limit,7
89070,400368276,0,1,36.15837,-84.16862,1,2025-09-26 08:35:00,2025,9,26,8,35,Friday,08:35,Suspected Serious Injury,Daylight,Clear,"Over Turn, Roll Over",None,THP District 1 - Knoxville,THP,Unbelted,-,-,-,-,-,-,-,-,-,ATV_Involved,-,-,Anderson,Not in City Limit,6
89073,400368293,1,1,36.436,-83.561,5,2025-09-28 06:53:00,2025,9,28,6,53,Sunday,06:53,Fatal,Dark-Not Lighted,Fog,Motor Vehicle-In-Transport On Same Roadway,None,THP District 5 - Fall Branch,THP,Unbelted,-,-,Drug,-,-,-,-,-,-,-,-,-,Claiborne,Not in City Limit,1
89081,400368325,0,1,36.06465,-86.59078,3,2025-09-28 08:35:00,2025,9,28,8,35,Sunday,08:35,Suspected Serious Injury,Daylight,Clear,Pedestrian,None,METROPOLITAN NASHVILLE POLICE DEPT,Other,-,-,-,-,-,-,Pedalcyclist,-,-,-,-,-,-,Davidson,Nashville,1
89093,400368394,1,1,35.17699,-85.20315,2,2025-09-25 14:30:00,2025,9,25,14,30,Thursday,14:30,Fatal,Daylight,Clear,Motor Vehicle-In-Transport On Same Roadway,None,HAMILTON COUNTY SHERIFF'S OFFICE,Other,Unbelted,Distracted,-,-,-,-,-,-,-,-,-,-,-,Hamilton,Not in City Limit,5
89096,400368401,1,0,35.56705,-86.04479,2,2025-09-27 21:14:00,2025,9,27,21,14,Saturday,21:14,Fatal,Dark-Not Lighted,Clear,Embankment Earth,None,THP District 2 - Chattanooga,THP,Unbelted,-,-,Drug,-,-,-,-,-,-,-,-,-,Coffee,Not in City Limit,7
89102,400368419,0,3,35.95825,-88.46226,8,2025-09-24 17:34:00,2025,9,24,17,34,Wednesday,17:34,Suspected Serious Injury,Daylight,Cloudy,Motor Vehicle-In-Transport On Same Roadway,None,THP District 8 - Jackson,THP,Unbelted,-,Drinking,-,-,-,-,-,-,-,-,-,-,Carroll,Not in City Limit,4
89103,400368421,0,1,35.99592,-83.88426,1,2025-09-28 15:41:00,2025,9,28,15,41,Sunday,15:41,Suspected Serious Injury,Daylight,Clear,Paved Surface-Irregular,None,KNOXVILLE POLICE DEPT,Other,-,-,-,-,-,-,-,-,-,-,-,Motorcyclist,-,Knox,Knoxville,1
89117,400368472,0,1,35.06511,-86.35503,7,2025-09-28 16:36:00,2025,9,28,16,36,Sunday,16:36,Suspected Serious Injury,Daylight,Clear,Culvert,None,THP District 7 - Lawrenceburg,THP,-,-,-,-,-,-,-,-,-,-,-,Motorcyclist,-,Lincoln,Not in City Limit,1
89118,400368477,0,2,36.00136,-84.96048,6,2025-09-27 17:07:00,2025,9,27,17,7,Saturday,17:07,Suspected Serious Injury,Daylight,Cloudy,"Over Turn, Roll Over",None,CUMBERLAND CO SHERIFFS OFFICE,Other,-,-,-,-,-,-,-,-,-,-,-,Motorcyclist,-,Cumberland,Not in City Limit,7
89125,400368514,0,1,35.54761,-84.69422,2,2025-09-28 17:59:00,2025,9,28,17,59,Sunday,17:59,Suspected Serious Injury,Daylight,Clear,"Over Turn, Roll Over",None,THP District 2 - Chattanooga,THP,-,-,-,-,-,-,-,-,-,-,-,Motorcyclist,-,McMinn,Not in City Limit,1
89126,400368518,0,1,35.95074,-89.23312,8,2025-09-27 17:50:00,2025,9,27,17,50,Saturday,17:50,Suspected Serious Injury,Daylight,Clear,Motor Vehicle-In-Transport On Same Roadway,None,THP District 8 - Jackson,THP,-,-,-,-,-,-,-,-,-,-,-,Motorcyclist,-,Dyer,Not in City Limit,7
89135,400368565,0,4,35.95777,-83.59372,1,2025-09-28 19:56:00,2025,9,28,19,56,Sunday,19:56,Suspected Serious Injury,Dark-Lighted,Clear,Motor Vehicle-In-Transport On Same Roadway,None,SEVIERVILLE POLICE DEPT,Other,Unbelted,-,-,-,-,-,-,-,-,-,-,-,-,Sevier,Sevierville,1
89136,400368568,0,2,36.2276,-82.68958,5,2025-09-28 16:56:00,2025,9,28,16,56,Sunday,16:56,Suspected Serious Injury,Daylight,Clear,Motor Vehicle-In-Transport On Same Roadway,None,THP District 5 - Fall Branch,THP,Unbelted,-,-,-,-,-,-,-,-,-,-,-,-,Greene,Not in City Limit,1
89140,400368580,0,1,36.57727,-86.50272,3,2025-09-27 22:15:00,2025,9,27,22,15,Saturday,22:15,Suspected Serious Injury,Dark-Lighted,Clear,Ditch,None,PORTLAND POLICE DEPT,Other,-,-,-,-,-,Speeding,-,-,-,-,-,Motorcyclist,-,Sumner,Portland,7
89143,400368596,1,0,36.31683,-84.22938,1,2025-09-27 02:38:00,2025,9,27,2,38,Saturday,02:38,Fatal,Dark-Not Lighted,Clear,Motor Vehicle-In-Transport On Same Roadway,None,THP District 1 - Knoxville,THP,Unbelted,-,-,-,-,-,-,Pedestrian,-,-,ATV_Involved,-,-,Campbell,Not in City Limit,7
89150,400368616,0,1,36.53704,-82.67035,5,2025-09-28 23:52:00,2025,9,28,23,52,Sunday,23:52,Suspected Serious Injury,Dark-Not Lighted,Clear,Embankment Earth,None,THP District 5 - Fall Branch,THP,-,-,-,Drug,-,-,-,-,-,-,-,Motorcyclist,-,Hawkins,Mount Carmel,1
89154,400368635,0,1,35.2804,-87.03182,7,2025-09-29 02:50:00,2025,9,29,2,50,Monday,02:50,Suspected Serious Injury,Dark-Not Lighted,Clear,Embankment Earth,None,THP District 7 - Lawrenceburg,THP,-,-,-,-,Drowsy,-,-,-,-,-,-,Motorcyclist,-,Giles,Not in City Limit,2
89155,400368637,1,0,36.27486,-86.22688,3,2025-09-28 02:40:00,2025,9,28,2,40,Sunday,02:40,Fatal,Dark-Not Lighted,Clear,Pedestrian,None,THP District 3 - Nashville,THP,Unbelted,Distracted,-,-,-,-,-,Pedestrian,-,-,-,-,-,Wilson,Not in City Limit,1
89180,400368748,0,1,36.17343,-87.6599,3,2025-09-29 09:41:00,2025,9,29,9,41,Monday,09:41,Suspected Serious Injury,Daylight,Clear,Utility Pole,None,THP District 3 - Nashville,THP,Unbelted,-,-,-,-,-,-,-,-,-,-,-,-,Humphreys,Not in City Limit,2
89183,400368784,0,1,36.29318,-88.63093,8,2025-09-29 00:00:00,2025,9,29,24,0,Monday,24:00,Suspected Serious Injury,Daylight,Clear,Embankment Earth,None,THP District 8 - Jackson,THP,Unbelted,-,-,-,-,-,-,-,-,-,-,-,-,Weakley,Not in City Limit,2
89199,400368943,0,2,35.7552,-84.0778,1,2025-09-29 15:09:00,2025,9,29,15,9,Monday,15:09,Suspected Serious Injury,Daylight,Clear,Motor Vehicle-In-Transport On Same Roadway,None,MARYVILLE POLICE DEPT,Other,Unbelted,-,-,-,-,Speeding,-,-,-,-,-,Motorcyclist,-,Blount,Maryville,2
89201,400368946,0,1,36.48279,-85.27968,6,2025-09-29 00:00:00,2025,9,29,24,0,Monday,24:00,Suspected Serious Injury,Daylight,Clear,Embankment Earth,None,THP District 6 - Cookeville,THP,Unbelted,Distracted,-,-,-,-,-,-,-,-,-,-,-,Overton,Not in City Limit,2
89203,400368957,1,0,35.85406,-84.44619,1,2025-09-29 14:58:00,2025,9,29,14,58,Monday,14:58,Fatal,Daylight,Clear,"Over Turn, Roll Over",None,THP District 1 - Knoxville,THP,-,-,-,-,-,-,-,-,-,-,-,Motorcyclist,-,Roane,Not in City Limit,2
89216,400369041,0,1,35.95369,-83.93995,1,2025-09-29 20:08:00,2025,9,29,20,8,Monday,20:08,Suspected Serious Injury,Dark-Lighted,Clear,Fell/Jumped From Vehicle,None,KNOXVILLE POLICE DEPT,Other,Unbelted,-,-,-,-,Speeding,-,-,-,-,-,Motorcyclist,-,Knox,Knoxville,2
89219,400369070,1,0,36.18242,-88.70943,8,2025-09-29 15:00:00,2025,9,29,15,0,Monday,15:00,Fatal,Daylight,Clear,Standing Tree,None,THP District 8 - Jackson,THP,Unbelted,-,-,-,-,-,-,-,-,-,-,-,-,Weakley,Not in City Limit,2
89223,400369101,0,1,35.51059,-86.12368,2,2025-09-28 15:50:00,2025,9,28,15,50,Sunday,15:50,Suspected Serious Injury,Daylight,Clear,Motor Vehicle-In-Transport On Same Roadway,None,THP District 2 - Chattanooga,THP,Unbelted,-,-,-,-,-,-,-,-,-,-,-,-,Coffee,Not in City Limit,1
89237,400369186,0,2,36.56388,-83.65142,5,2025-09-29 13:17:00,2025,9,29,13,17,Monday,13:17,Suspected Serious Injury,Daylight,Clear,Motor Vehicle-In-Transport On Same Roadway,None,THP District 5 - Fall Branch,THP,Unbelted,-,-,-,-,-,-,-,-,-,-,-,-,Claiborne,Harrogate,2
89254,400369289,0,3,36.21409,-86.3217,3,2025-09-26 13:06:00,2025,9,26,13,6,Friday,13:06,Suspected Serious Injury,Daylight,Clear,Motor Vehicle-In-Transport On Same Roadway,None,LEBANON POLICE DEPT,Other,Unbelted,-,-,-,-,-,-,-,-,-,-,-,-,Wilson,Lebanon,6
89256,400369310,0,2,36.1612,-82.394,5,2025-09-30 10:50:00,2025,9,30,10,50,Tuesday,10:50,Suspected Serious Injury,Daylight,Rain,Motor Vehicle-In-Transport On Same Roadway,None,ERWIN POLICE DEPT,Other,Unbelted,-,-,-,-,-,-,-,-,-,-,-,-,Unicoi,Erwin,3
89278,400369446,0,2,36.22211,-86.34664,3,2025-09-30 13:56:00,2025,9,30,13,56,Tuesday,13:56,Suspected Serious Injury,Daylight,Clear,Motor Vehicle-In-Transport On Same Roadway,None,LEBANON POLICE DEPT,Other,Unbelted,-,-,-,-,-,-,-,-,-,-,Motorcyclist,-,Wilson,Lebanon,3
89286,400369485,0,1,35.6359,-86.89496,7,2025-09-30 15:31:00,2025,9,30,15,31,Tuesday,15:31,Suspected Serious Injury,Daylight,Clear,Motor Vehicle-In-Transport On Same Roadway,None,THP District 7 - Lawrenceburg,THP,Unbelted,Distracted,-,-,-,-,-,-,-,-,ATV_Involved,-,-,Maury,Not in City Limit,3
89288,400369504,0,2,36.00507,-83.95219,1,2025-09-30 15:16:00,2025,9,30,15,16,Tuesday,15:16,Suspected Serious Injury,Daylight,Clear,Motor Vehicle-In-Transport On Same Roadway,None,KNOXVILLE POLICE DEPT,Other,Unbelted,-,-,-,-,-,-,-,-,-,-,-,-,Knox,Knoxville,3
89289,400369509,0,2,35.57824,-84.271,1,2025-09-30 17:14:00,2025,9,30,17,14,Tuesday,17:14,Suspected Serious Injury,Daylight,Clear,Motor Vehicle-In-Transport On Same Roadway,None,VONORE POLICE DEPT,Other,Unbelted,Distracted,-,-,-,-,-,-,-,-,-,-,-,Monroe,Vonore,3