OBJECTID,MRN,Fatality,Injury,Latitude,Longitude,THP_District,Collision_Date,Collision_Year,Collision_Month,Collision_Day,Collision_Hour,Collision_Min,Collision_DOW,Collision_Time,Crash_Type,Light_Condition,Weather,First_Harmfu_Event,Work_Zone_Type,Agency_Name,THP,Unbelted,Distracted_Driver,Driver_Drinking,Driver_Drugged,Drowsy_Driver,Speeding_Involved,Pedalcyclist,Pedestrian,Other_Nonmotorist,ATV_Involved,LargeTruck_Involved,Motorcycle_Involved,SchoolBus,County,City,DOW_Nmb
89292,400369519,0,1,36.08614,-86.72935,3,2025-09-30 17:46:00,2025,9,30,17,46,Tuesday,17:46,Suspected Serious Injury,Daylight,Clear,Non-Motorist Personal Conveyance,None,METROPOLITAN NASHVILLE POLICE DEPT,Other,Unbelted,-,-,-,-,-,-,Pedestrian,-,-,-,-,-,Davidson,Nashville,3
89294,400369539,0,1,36.47549,-84.26607,1,2025-09-29 09:18:00,2025,9,29,9,18,Monday,09:18,Suspected Serious Injury,Daylight,Clear,Standing Tree,None,THP District 1 - Knoxville,THP,Unbelted,Distracted,-,-,-,-,-,-,-,-,-,-,-,Campbell,Not in City Limit,2
89295,400369543,0,2,36.46497,-84.89618,6,2025-09-29 16:00:00,2025,9,29,16,0,Monday,16:00,Suspected Serious Injury,Daylight,Clear,Motor Vehicle-In-Transport On Same Roadway,None,THP District 6 - Cookeville,THP,Unbelted,-,-,-,-,-,-,-,-,-,-,-,-,Fentress,Not in City Limit,2
89309,400369618,0,1,35.96561,-83.90831,1,2025-10-01 01:34:00,2025,10,1,1,34,Wednesday,01:34,Suspected Serious Injury,Dark-Lighted,Clear,Concrete Traffic Barrier,None,KNOXVILLE POLICE DEPT,Other,-,-,-,-,-,-,-,-,-,-,-,Motorcyclist,-,Knox,Knoxville,4
89310,400369637,1,0,36.00933,-86.61502,3,2025-10-01 00:00:00,2025,10,1,24,0,Wednesday,24:00,Fatal,Dark-Not Lighted,Clear,Motor Vehicle-In-Transport On Same Roadway,None,THP District 3 - Nashville,THP,Unbelted,-,-,-,-,-,-,-,Other_NM,-,ATV_Involved,-,-,Davidson,Nashville,4
89324,400369734,0,1,36.57473,-86.50619,3,2025-09-28 16:16:00,2025,9,28,16,16,Sunday,16:16,Suspected Serious Injury,Daylight,Clear,Pedestrian,None,PORTLAND POLICE DEPT,Other,Unbelted,-,-,Drug,-,-,-,Pedestrian,-,-,-,-,-,Sumner,Portland,1
89330,400369799,0,1,36.30631,-86.98235,3,2025-09-29 12:06:00,2025,9,29,12,6,Monday,12:06,Suspected Serious Injury,Daylight,Clear,"Over Turn, Roll Over",None,THP District 3 - Nashville,THP,Unbelted,-,-,-,-,Speeding,-,-,-,-,-,-,-,Cheatham,Not in City Limit,2
89342,400369870,0,4,35.64367,-84.14564,1,2025-09-28 15:18:00,2025,9,28,15,18,Sunday,15:18,Suspected Serious Injury,Daylight,Clear,Motor Vehicle-In-Transport On Same Roadway,None,THP District 1 - Knoxville,THP,Unbelted,-,-,Drug,-,-,-,-,-,-,-,-,-,Loudon,Not in City Limit,1
89343,400369872,0,1,35.80621,-86.15079,6,2025-10-01 12:24:00,2025,10,1,12,24,Wednesday,12:24,Suspected Serious Injury,Daylight,Clear,Motor Vehicle-In-Transport On Same Roadway,None,THP District 6 - Cookeville,THP,Unbelted,Distracted,-,-,-,-,-,-,-,-,-,-,-,Cannon,Not in City Limit,4
89353,400369898,0,2,36.34417,-86.94449,3,2025-10-01 06:55:00,2025,10,1,6,55,Wednesday,06:55,Suspected Serious Injury,Dawn,Clear,Pedestrian,None,THP District 3 - Nashville,THP,Unbelted,Distracted,-,-,-,-,-,Pedestrian,-,-,-,-,-,Cheatham,Not in City Limit,4
89362,400369954,0,1,36.23608,-86.72698,3,2025-10-01 13:58:00,2025,10,1,13,58,Wednesday,13:58,Suspected Serious Injury,Daylight,Clear,Wall,None,METROPOLITAN NASHVILLE POLICE DEPT,Other,Unbelted,-,-,-,-,-,-,-,-,-,-,-,-,Davidson,Nashville,4
89370,400369982,0,1,35.41243,-87.32799,7,2025-09-30 22:03:00,2025,9,30,22,3,Tuesday,22:03,Suspected Serious Injury,Dark-Not Lighted,Clear,Standing Tree,None,THP District 7 - Lawrenceburg,THP,Unbelted,-,-,Drug,-,-,-,-,-,-,-,-,-,Lawrence,Not in City Limit,3
89373,400369997,1,0,35.44802,-85.04087,2,2025-09-30 20:01:00,2025,9,30,20,1,Tuesday,20:01,Fatal,Dark-Not Lighted,Cloudy,Pedestrian,None,THP District 2 - Chattanooga,THP,Unbelted,-,-,-,-,-,-,Pedestrian,-,-,-,-,-,Rhea,Not in City Limit,3
89384,400370051,0,1,36.24712,-84.17956,1,2025-10-01 18:25:00,2025,10,1,18,25,Wednesday,18:25,Suspected Serious Injury,Daylight,Clear,Motor Vehicle-In-Transport On Same Roadway,None,THP District 1 - Knoxville,THP,Unbelted,-,-,-,-,-,-,-,-,-,ATV_Involved,-,-,Campbell,Not in City Limit,4
89385,400370056,0,1,36.36341,-82.1786,5,2025-10-01 18:25:00,2025,10,1,18,25,Wednesday,18:25,Suspected Serious Injury,Daylight,Clear,Occupant Struck By Own Vehicle,None,ELIZABETHTON POLICE DEPT,Other,-,-,-,-,-,-,-,-,-,-,-,Motorcyclist,-,Carter,Elizabethton,4
89391,400370091,0,1,36.07365,-87.12109,3,2025-10-01 15:17:00,2025,10,1,15,17,Wednesday,15:17,Suspected Serious Injury,Daylight,Clear,Guard Rail Face,None,THP District 3 - Nashville,THP,Unbelted,-,-,-,-,-,-,-,-,-,-,-,-,Cheatham,Not in City Limit,4
89402,400370150,0,1,35.8869,-84.51945,1,2025-10-01 21:59:00,2025,10,1,21,59,Wednesday,21:59,Suspected Serious Injury,Dark-Not Lighted,Clear,Embankment Earth,None,THP District 1 - Knoxville,THP,Unbelted,-,-,-,-,-,-,-,-,-,-,-,-,Roane,Not in City Limit,4
89409,400370166,0,1,36.1303,-86.7002,3,2025-10-01 20:38:00,2025,10,1,20,38,Wednesday,20:38,Suspected Serious Injury,Dark-Lighted,Clear,Pedestrian,None,METROPOLITAN NASHVILLE POLICE DEPT,Other,Unbelted,-,-,-,-,-,-,Pedestrian,-,-,-,-,-,Davidson,Nashville,4
89418,400370187,0,1,36.15831,-86.77188,3,2025-10-01 20:35:00,2025,10,1,20,35,Wednesday,20:35,Suspected Serious Injury,Dark-Lighted,Clear,Motor Vehicle-In-Transport On Same Roadway,None,METROPOLITAN NASHVILLE POLICE DEPT,Other,Unbelted,-,-,-,-,-,-,-,-,-,-,Motorcyclist,-,Davidson,Nashville,4
89423,400370201,1,0,35.85896,-83.56702,1,2025-10-02 01:17:00,2025,10,2,1,17,Thursday,01:17,Fatal,Dark-Lighted,Clear,Other Non-Collision,None,SEVIERVILLE POLICE DEPT,Other,Unbelted,-,-,-,-,-,-,-,-,-,-,-,-,Sevier,Sevierville,5
89424,400370205,0,1,35.5884,-84.47162,1,2025-10-01 20:22:00,2025,10,1,20,22,Wednesday,20:22,Suspected Serious Injury,Dark-Lighted,Clear,Motor Vehicle-In-Transport On Same Roadway,None,SWEETWATER POLICE DEPT,Other,Unbelted,-,-,-,-,-,-,-,-,-,-,Motorcyclist,-,Monroe,Sweetwater,4
89429,400370227,0,2,36.50752,-82.43178,5,2025-10-01 11:33:00,2025,10,1,11,33,Wednesday,11:33,Suspected Serious Injury,Daylight,Clear,Motor Vehicle-In-Transport On Same Roadway,None,THP District 5 - Fall Branch,THP,Unbelted,-,Drinking,Drug,-,-,-,-,-,-,-,-,-,Sullivan,Kingsport,4
89430,400370230,0,1,35.85409,-86.36417,3,2025-10-02 00:55:00,2025,10,2,0,55,Thursday,00:55,Suspected Serious Injury,Dark-Lighted,Clear,Curb,None,MIDDLE TN STATE UNIVERSITY,Other,-,-,Drinking,-,-,-,-,-,-,-,-,Motorcyclist,-,Rutherford,Murfreesboro,5
89433,400370245,0,1,36.50538,-82.4381,5,2025-10-01 12:22:00,2025,10,1,12,22,Wednesday,12:22,Suspected Serious Injury,Daylight,Clear,Motor Vehicle-In-Transport On Same Roadway,None,THP District 5 - Fall Branch,THP,Unbelted,-,-,-,-,-,-,-,-,-,-,-,-,Sullivan,Kingsport,4
89439,400370265,0,1,35.94627,-84.02064,1,2025-10-02 07:49:00,2025,10,2,7,49,Thursday,07:49,Suspected Serious Injury,Daylight,Clear,Concrete Traffic Barrier,None,KNOXVILLE POLICE DEPT,Other,Unbelted,Distracted,-,-,Drowsy,-,-,-,-,-,-,-,-,Knox,Knoxville,5
89445,400370289,1,0,36.1697,-86.60499,3,2025-07-22 00:32:00,2025,7,22,0,32,Tuesday,00:32,Fatal,Dark-Not Lighted,Clear,Pedestrian,None,METROPOLITAN NASHVILLE POLICE DEPT,Other,Unbelted,-,-,-,-,-,-,Pedestrian,-,-,-,-,-,Davidson,Nashville,3
89446,400370290,0,1,35.25194,-86.33612,7,2025-10-02 00:00:00,2025,10,2,24,0,Thursday,24:00,Suspected Serious Injury,Dark-Not Lighted,Clear,Ditch,None,MOORE CO SHERIFFS DEPT,Other,Unbelted,-,-,-,-,-,-,-,-,-,-,-,-,Moore,Lynchburg,5
89451,400370323,0,1,36.41324,-82.65211,5,2025-10-02 08:35:00,2025,10,2,8,35,Thursday,08:35,Suspected Serious Injury,Daylight,Clear,Ditch,None,THP District 5 - Fall Branch,THP,Unbelted,-,-,-,-,-,-,-,-,-,-,-,-,Greene,Not in City Limit,5
89466,400370434,1,3,35.68967,-88.85542,8,2025-09-28 23:03:00,2025,9,28,23,3,Sunday,23:03,Fatal,Dark-Lighted,Clear,Motor Vehicle-In-Transport On Same Roadway,None,THP District 8 - Jackson,THP,Unbelted,-,Drinking,Drug,-,Speeding,-,-,-,-,-,-,-,Madison,Jackson,1
89469,400370449,1,0,36.0717,-83.3827,5,2025-09-24 00:00:00,2025,9,24,24,0,Wednesday,24:00,Fatal,Unknown,Unknown,Guard Rail End,None,THP District 5 - Fall Branch,THP,Unbelted,-,-,-,-,-,-,-,-,-,-,-,-,Jefferson,Not in City Limit,4
89477,400370500,0,2,36.49206,-82.82393,5,2025-10-02 14:35:00,2025,10,2,14,35,Thursday,14:35,Suspected Serious Injury,Daylight,Clear,Motor Vehicle-In-Transport On Same Roadway,None,THP District 5 - Fall Branch,THP,Unbelted,-,-,-,-,-,-,-,-,-,-,-,-,Hawkins,Surgoinsville,5
89479,400370507,0,3,35.51864,-84.3848,1,2025-10-02 07:43:00,2025,10,2,7,43,Thursday,07:43,Suspected Serious Injury,Dawn,Clear,Motor Vehicle-In-Transport On Same Roadway,None,MADISONVILLE POLICE DEPT,Other,Unbelted,-,-,-,-,-,-,-,-,-,-,-,-,Monroe,Madisonville,5
89487,400370533,0,1,35.94683,-86.54508,3,2025-10-01 12:46:00,2025,10,1,12,46,Wednesday,12:46,Suspected Serious Injury,Daylight,Clear,Pedestrian,None,THP District 3 - Nashville,THP,Unbelted,-,-,-,-,-,-,Pedestrian,-,-,ATV_Involved,-,-,Rutherford,Not in City Limit,4
89490,400370548,0,2,35.77131,-86.36287,3,2025-10-01 16:58:00,2025,10,1,16,58,Wednesday,16:58,Suspected Serious Injury,Dusk,Clear,Motor Vehicle-In-Transport On Same Roadway,None,RUTHERFORD CO SHERIFFS DEPT,Other,Unbelted,Distracted,-,-,-,Speeding,-,-,-,-,-,-,-,Rutherford,Not in City Limit,4
89493,400370563,1,1,36.22927,-86.75928,3,2025-10-01 20:34:00,2025,10,1,20,34,Wednesday,20:34,Fatal,Dark-Lighted,Clear,Pedestrian,None,METROPOLITAN NASHVILLE POLICE DEPT,Other,Unbelted,-,-,-,-,-,-,Pedestrian,-,-,-,-,-,Davidson,Nashville,4
89509,400370684,0,1,34.98795,-85.21013,2,2025-09-20 15:48:00,2025,9,20,15,48,Saturday,15:48,Suspected Serious Injury,Daylight,Clear,Utility Pole,None,EAST RIDGE POLICE DEPT,Other,Unbelted,-,-,-,-,-,-,-,-,-,-,-,-,Hamilton,East Ridge,7
89515,400370723,0,2,35.95763,-84.06923,1,2025-10-01 09:59:00,2025,10,1,9,59,Wednesday,09:59,Suspected Serious Injury,Daylight,Clear,Utility Pole,None,KNOX CO SHERIFFS OFFICE,Other,Unbelted,-,Drinking,Drug,-,Speeding,-,-,-,-,-,-,-,Knox,Not in City Limit,4
89521,400370753,0,2,36.45755,-81.73815,5,2025-10-02 17:48:00,2025,10,2,17,48,Thursday,17:48,Suspected Serious Injury,Daylight,Clear,Embankment Earth,None,THP District 5 - Fall Branch,THP,Unbelted,-,-,-,-,-,-,-,-,-,-,-,-,Johnson,Not in City Limit,5
89526,400370772,2,1,36.57074,-82.6943,5,2025-10-02 17:44:00,2025,10,2,17,44,Thursday,17:44,Fatal,Daylight,Clear,Embankment Earth,None,THP District 5 - Fall Branch,THP,Unbelted,-,-,-,-,-,-,-,-,-,-,-,-,Hawkins,Not in City Limit,5
89538,400370827,0,1,36.20987,-86.33927,3,2025-10-02 01:45:00,2025,10,2,1,45,Thursday,01:45,Suspected Serious Injury,Dark-Lighted,Clear,Parked Motor Vehicle,None,LEBANON POLICE DEPT,Other,Unbelted,-,Drinking,-,-,-,-,-,-,-,-,-,-,Wilson,Lebanon,5
89542,400370847,0,1,36.30806,-87.11847,3,2025-10-02 21:35:00,2025,10,2,21,35,Thursday,21:35,Suspected Serious Injury,Dark-Not Lighted,Clear,Ditch,None,THP District 3 - Nashville,THP,Unbelted,-,Drinking,-,-,-,-,-,-,-,-,-,-,Cheatham,Not in City Limit,5
89544,400370865,0,4,36.38595,-81.97251,5,2025-10-02 23:45:00,2025,10,2,23,45,Thursday,23:45,Suspected Serious Injury,Dark-Not Lighted,Clear,Embankment Rock/Stone/Concrete,None,THP District 5 - Fall Branch,THP,Unbelted,-,Drinking,Drug,-,Speeding,-,-,-,-,-,-,-,Johnson,Not in City Limit,5
89547,400370876,0,2,35.7847,-86.8624,3,2025-10-03 01:25:00,2025,10,3,1,25,Friday,01:25,Suspected Serious Injury,Dark-Not Lighted,Clear,Highway Traffic Sign Post,None,THP District 3 - Nashville,THP,Unbelted,-,-,-,-,-,-,-,-,-,-,-,-,Williamson,Not in City Limit,6
89548,400370877,0,7,36.0417,-83.99697,1,2025-09-30 14:36:00,2025,9,30,14,36,Tuesday,14:36,Suspected Serious Injury,Daylight,Clear,Motor Vehicle-In-Transport On Same Roadway,None,THP District 1 - Knoxville,THP,Unbelted,-,-,-,-,-,-,-,-,-,ATV_Involved,-,-,Knox,Knoxville,3
89549,400370883,0,3,35.33132,-89.47555,4,2025-09-29 17:42:00,2025,9,29,17,42,Monday,17:42,Suspected Serious Injury,Daylight,Clear,Motor Vehicle-In-Transport On Same Roadway,None,THP District 4 - Memphis,THP,Unbelted,-,-,-,-,-,-,-,-,-,-,-,-,Fayette,Not in City Limit,2
89555,400370906,1,0,36.26958,-86.4971,3,2025-10-02 11:18:00,2025,10,2,11,18,Thursday,11:18,Fatal,Daylight,Clear,Standing Tree,None,THP District 3 - Nashville,THP,Unbelted,-,-,-,-,-,-,-,-,-,-,-,-,Wilson,Not in City Limit,5
89557,400370930,1,2,36.40275,-86.77873,3,2025-10-02 12:01:00,2025,10,2,12,1,Thursday,12:01,Fatal,Daylight,Clear,Motor Vehicle-In-Transport On Same Roadway,None,THP District 3 - Nashville,THP,Unbelted,-,-,-,-,-,-,-,-,-,-,-,-,Robertson,Ridgetop,5
89558,400370939,0,3,35.96029,-83.58621,1,2025-10-03 07:05:00,2025,10,3,7,5,Friday,07:05,Suspected Serious Injury,Dawn,Clear,Embankment Earth,None,THP District 1 - Knoxville,THP,Unbelted,-,-,-,-,Speeding,-,-,-,-,-,-,-,Sevier,Not in City Limit,6
89566,400370973,1,0,35.75621,-88.08313,8,2025-10-01 13:21:00,2025,10,1,13,21,Wednesday,13:21,Fatal,Daylight,Clear,Ditch,None,THP District 8 - Jackson,THP,-,-,-,-,-,Speeding,-,-,-,-,-,Motorcyclist,-,Decatur,Not in City Limit,4
89575,400371035,0,1,35.43456,-89.34313,4,2025-10-03 09:50:00,2025,10,3,9,50,Friday,09:50,Suspected Serious Injury,Daylight,Clear,Standing Tree,None,THP District 4 - Memphis,THP,Unbelted,-,-,-,-,-,-,-,-,-,ATV_Involved,-,-,Haywood,Not in City Limit,6
89579,400371059,0,1,36.05394,-86.71519,3,2025-10-03 11:15:00,2025,10,3,11,15,Friday,11:15,Suspected Serious Injury,Daylight,Cloudy,Motor Vehicle-In-Transport On Same Roadway,None,METROPOLITAN NASHVILLE POLICE DEPT,Other,Unbelted,-,-,-,-,-,-,Pedestrian,-,-,-,-,-,Davidson,Nashville,6
89580,400371063,0,4,35.76804,-83.9817,1,2025-10-03 11:16:00,2025,10,3,11,16,Friday,11:16,Suspected Serious Injury,Daylight,Clear,Motor Vehicle-In-Transport On Same Roadway,None,ALCOA POLICE DEPARTMENT,Other,Unbelted,-,-,-,-,-,-,-,-,-,-,-,-,Blount,Alcoa,6
89582,400371071,0,1,35.84059,-86.3872,3,2025-10-03 11:42:00,2025,10,3,11,42,Friday,11:42,Suspected Serious Injury,Daylight,Clear,Motor Vehicle-In-Transport On Same Roadway,None,MURFREESBORO POLICE DEPT,Other,Unbelted,-,-,-,-,-,-,-,-,-,-,-,-,Rutherford,Murfreesboro,6
89583,400371077,1,3,36.26413,-86.7266,3,2025-10-03 11:49:00,2025,10,3,11,49,Friday,11:49,Fatal,Daylight,Clear,Motor Vehicle-In-Transport On Same Roadway,None,METROPOLITAN NASHVILLE POLICE DEPT,Other,Unbelted,-,-,-,-,-,-,-,-,-,-,-,-,Davidson,Nashville,6
89584,400371081,2,0,35.58617,-84.54526,2,2025-10-02 11:05:00,2025,10,2,11,5,Thursday,11:05,Fatal,Daylight,Clear,Motor Vehicle-In-Transport On Same Roadway,None,THP District 2 - Chattanooga,THP,Unbelted,-,-,-,-,-,-,-,-,-,-,-,-,McMinn,Not in City Limit,5
89585,400371086,0,3,36.16161,-83.27241,5,2025-10-03 12:51:00,2025,10,3,12,51,Friday,12:51,Suspected Serious Injury,Daylight,Clear,Motor Vehicle-In-Transport On Same Roadway,None,MORRISTOWN POLICE DEPT,Other,Unbelted,-,-,-,-,-,-,-,-,-,-,-,-,Hamblen,Morristown,6
89586,400371091,0,1,36.13968,-85.62896,6,2025-10-03 10:20:00,2025,10,3,10,20,Friday,10:20,Suspected Serious Injury,Daylight,Clear,Motor Vehicle-In-Transport On Same Roadway,None,THP District 6 - Cookeville,THP,Unbelted,-,-,-,-,-,-,-,-,-,-,Motorcyclist,-,Putnam,Baxter,6
89600,400371179,0,1,35.93235,-85.47703,6,2025-09-29 19:48:00,2025,9,29,19,48,Monday,19:48,Suspected Serious Injury,Dark-Lighted,Clear,Pedestrian,None,THP District 6 - Cookeville,THP,Unbelted,-,-,-,-,-,-,Pedestrian,-,-,-,-,-,White,Sparta,2
89602,400371183,0,2,36.44568,-82.29412,5,2025-09-30 19:03:00,2025,9,30,19,3,Tuesday,19:03,Suspected Serious Injury,Daylight,Clear,Motor Vehicle-In-Transport On Same Roadway,None,THP District 5 - Fall Branch,THP,Unbelted,Distracted,Drinking,Drug,-,-,-,-,-,-,-,-,-,Sullivan,Bluff City,3
89607,400371222,0,2,36.04785,-83.64964,5,2025-10-03 08:35:00,2025,10,3,8,35,Friday,08:35,Suspected Serious Injury,Daylight,Clear,Motor Vehicle-In-Transport On Same Roadway,None,THP District 5 - Fall Branch,THP,Unbelted,-,-,-,-,-,-,-,-,-,-,-,-,Jefferson,Not in City Limit,6
89622,400371294,0,1,36.38103,-86.45728,3,2025-09-30 19:23:00,2025,9,30,19,23,Tuesday,19:23,Suspected Serious Injury,Dark-Lighted,Clear,Motor Vehicle-In-Transport On Same Roadway,None,GALLATIN POLICE DEPT,Other,Unbelted,Distracted,-,-,-,-,-,-,-,-,-,Motorcyclist,-,Sumner,Gallatin,3
89623,400371301,1,0,35.07549,-87.49308,7,2025-10-02 00:00:00,2025,10,2,24,0,Thursday,24:00,Fatal,Dark-Not Lighted,Clear,Other Fixed Object,None,THP District 7 - Lawrenceburg,THP,-,-,-,-,-,-,-,-,-,-,-,Motorcyclist,-,Lawrence,Not in City Limit,5
89627,400371325,0,1,35.05599,-85.69306,2,2025-10-03 14:59:00,2025,10,3,14,59,Friday,14:59,Suspected Serious Injury,Daylight,Clear,Embankment Earth,None,THP District 2 - Chattanooga,THP,-,-,-,-,-,-,-,-,-,-,-,Motorcyclist,-,Marion,Not in City Limit,6
89628,400371333,0,1,35.01221,-87.5092,7,2025-10-02 19:23:00,2025,10,2,19,23,Thursday,19:23,Suspected Serious Injury,,Clear,Other Non-Collision,None,THP District 7 - Lawrenceburg,THP,-,-,-,-,-,-,-,-,-,ATV_Involved,-,-,-,Lawrence,Not in City Limit,5
89634,400371369,0,4,35.77833,-85.79041,6,2025-10-03 15:58:00,2025,10,3,15,58,Friday,15:58,Suspected Serious Injury,Daylight,Clear,Motor Vehicle-In-Transport On Same Roadway,None,THP District 6 - Cookeville,THP,Unbelted,Distracted,-,-,-,-,-,-,-,-,-,-,-,Warren,Not in City Limit,6
89635,400371376,0,1,35.86999,-84.28504,1,2025-10-03 16:17:00,2025,10,3,16,17,Friday,16:17,Suspected Serious Injury,Daylight,Clear,Motor Vehicle-In-Transport On Same Roadway,None,THP District 1 - Knoxville,THP,Unbelted,-,-,-,-,-,-,-,-,-,ATV_Involved,Motorcyclist,-,Loudon,Not in City Limit,6
89640,400371393,0,1,36.01075,-83.86638,1,2025-10-03 18:10:00,2025,10,3,18,10,Friday,18:10,Suspected Serious Injury,Daylight,Clear,Motor Vehicle-In-Transport On Same Roadway,None,KNOXVILLE POLICE DEPT,Other,Unbelted,-,-,-,-,-,-,-,-,-,ATV_Involved,-,-,Knox,Knoxville,6
89654,400371433,1,0,35.13913,-84.8206,2,2025-10-03 15:07:00,2025,10,3,15,7,Friday,15:07,Fatal,Daylight,Cloudy,Standing Tree,None,THP District 2 - Chattanooga,THP,Unbelted,-,-,Drug,-,-,-,-,-,-,-,-,-,Bradley,Not in City Limit,6
89655,400371436,0,2,35.65008,-88.82673,8,2025-10-03 18:30:00,2025,10,3,18,30,Friday,18:30,Suspected Serious Injury,Dusk,Clear,Motor Vehicle-In-Transport On Same Roadway,None,JACKSON POLICE DEPT,Other,Unbelted,-,-,-,-,-,-,-,-,-,-,-,-,Madison,Jackson,6
89661,400371453,0,1,35.94485,-84.12059,1,2025-10-03 15:01:00,2025,10,3,15,1,Friday,15:01,Suspected Serious Injury,Daylight,Clear,Motor Vehicle-In-Transport On Same Roadway,None,KNOX CO SHERIFFS OFFICE,Other,Unbelted,-,-,-,-,-,-,-,-,-,-,-,-,Knox,Not in City Limit,6
89678,400371555,0,2,36.15268,-88.66193,8,2025-10-03 15:58:00,2025,10,3,15,58,Friday,15:58,Suspected Serious Injury,Daylight,Clear,Motor Vehicle-In-Transport On Same Roadway,None,THP District 8 - Jackson,THP,Unbelted,-,-,-,-,-,-,-,-,-,-,-,-,Weakley,Not in City Limit,6
89681,400371564,1,0,35.62979,-88.96007,8,2025-09-30 04:25:00,2025,9,30,4,25,Tuesday,04:25,Fatal,Dark-Not Lighted,Clear,Struck an object at rest from or set in motion by other motor vehicle,Construction Zone,THP District 8 - Jackson,THP,Unbelted,-,-,-,-,-,-,-,-,-,-,-,-,Madison,Not in City Limit,3
89684,400371576,1,1,36.04871,-84.00074,1,2025-10-03 22:02:00,2025,10,3,22,2,Friday,22:02,Fatal,Dark-Lighted,Clear,Guard Rail Face,Maintenance Zone,KNOXVILLE POLICE DEPT,Other,Unbelted,-,Drinking,-,-,-,-,-,-,-,-,-,-,Knox,Knoxville,6
89697,400371657,0,1,35.97969,-83.89732,1,2025-10-04 05:32:00,2025,10,4,5,32,Saturday,05:32,Suspected Serious Injury,Dark-Lighted,Clear,Curb,None,KNOXVILLE POLICE DEPT,Other,-,-,-,-,-,-,-,-,-,-,-,Motorcyclist,-,Knox,Knoxville,7
89710,400371704,0,1,35.665,-88.84893,8,2025-10-04 10:10:00,2025,10,4,10,10,Saturday,10:10,Suspected Serious Injury,Daylight,Clear,Other Non-Collision,None,JACKSON POLICE DEPT,Other,-,-,-,-,-,-,-,-,-,-,-,Motorcyclist,-,Madison,Jackson,7
89714,400371714,0,1,35.11978,-85.28951,2,2025-10-03 12:38:00,2025,10,3,12,38,Friday,12:38,Suspected Serious Injury,Daylight,Clear,Fell/Jumped From Vehicle,None,RED BANK POLICE DEPT,Other,-,-,-,-,-,-,-,-,-,-,-,Motorcyclist,-,Hamilton,Red Bank,6
89731,400371806,0,1,36.38866,-84.93764,6,2025-10-04 12:10:00,2025,10,4,12,10,Saturday,12:10,Suspected Serious Injury,Daylight,Clear,Motor Vehicle-In-Transport On Same Roadway,None,THP District 6 - Cookeville,THP,Unbelted,-,-,-,-,-,-,-,-,-,-,Motorcyclist,-,Fentress,Not in City Limit,7
89732,400371812,0,4,35.48324,-86.47387,7,2025-10-04 13:29:00,2025,10,4,13,29,Saturday,13:29,Suspected Serious Injury,Daylight,Cloudy,Motor Vehicle-In-Transport On Same Roadway,None,SHELBYVILLE POLICE DEPT,Other,Unbelted,-,-,-,-,-,-,-,-,-,-,-,-,Bedford,Shelbyville,7
89750,400371912,1,0,35.80345,-89.55715,4,2025-09-27 16:30:00,2025,9,27,16,30,Saturday,16:30,Fatal,Daylight,Clear,"Over Turn, Roll Over",None,THP District 4 - Memphis,THP,-,-,Drinking,-,-,-,-,-,-,-,-,-,-,Lauderdale,Not in City Limit,7
89753,400371916,0,1,35.95616,-85.03167,6,2025-10-03 18:45:00,2025,10,3,18,45,Friday,18:45,Suspected Serious Injury,Dark-Lighted,Clear,Motor Vehicle-In-Transport On Same Roadway,None,CROSSVILLE POLICE DEPT,Other,Unbelted,-,-,-,-,-,-,-,-,-,-,Motorcyclist,-,Cumberland,Crossville,6
89757,400371933,0,1,35.79795,-85.14707,6,2025-10-04 16:04:00,2025,10,4,16,4,Saturday,16:04,Suspected Serious Injury,Daylight,Clear,Ditch,None,THP District 6 - Cookeville,THP,Unbelted,-,-,-,-,-,-,-,-,-,-,-,-,Cumberland,Not in City Limit,7
89758,400371939,0,1,35.63406,-86.247,3,2025-10-04 17:08:00,2025,10,4,17,8,Saturday,17:08,Suspected Serious Injury,Daylight,Clear,Guard Rail End,None,THP District 3 - Nashville,THP,Unbelted,-,-,-,-,-,-,-,-,-,-,-,-,Rutherford,Not in City Limit,7
89760,400371948,0,1,35.91843,-84.09099,1,2025-10-04 20:24:00,2025,10,4,20,24,Saturday,20:24,Suspected Serious Injury,Dark-Lighted,Clear,Motor Vehicle-In-Transport On Same Roadway,None,KNOXVILLE POLICE DEPT,Other,Unbelted,Distracted,-,-,-,-,-,-,-,-,-,Motorcyclist,-,Knox,Knoxville,7
89761,400371950,0,2,35.81508,-87.15529,7,2025-10-03 19:56:00,2025,10,3,19,56,Friday,19:56,Suspected Serious Injury,Dark-Not Lighted,Clear,Embankment Earth,None,THP District 7 - Lawrenceburg,THP,Unbelted,-,-,-,Drowsy,-,-,-,-,-,-,-,-,Maury,Not in City Limit,6
89776,400372008,1,0,36.13763,-85.45122,6,2025-10-04 18:54:00,2025,10,4,18,54,Saturday,18:54,Fatal,Dark-Lighted,Clear,Motor Vehicle-In-Transport On Same Roadway,None,COOKEVILLE POLICE DEPT,Other,Unbelted,-,-,-,-,-,-,-,-,-,-,Motorcyclist,-,Putnam,Cookeville,7