OBJECTID,MRN,Fatality,Injury,Latitude,Longitude,THP_District,Collision_Date,Collision_Year,Collision_Month,Collision_Day,Collision_Hour,Collision_Min,Collision_DOW,Collision_Time,Crash_Type,Light_Condition,Weather,First_Harmfu_Event,Work_Zone_Type,Agency_Name,THP,Unbelted,Distracted_Driver,Driver_Drinking,Driver_Drugged,Drowsy_Driver,Speeding_Involved,Pedalcyclist,Pedestrian,Other_Nonmotorist,ATV_Involved,LargeTruck_Involved,Motorcycle_Involved,SchoolBus,County,City,DOW_Nmb
89778,400372012,1,0,36.49484,-82.17368,5,2025-10-04 18:14:00,2025,10,4,18,14,Saturday,18:14,Fatal,Daylight,Clear,Embankment Earth,None,SULLIVAN CO SHERIFFS DEPT,Other,Unbelted,-,Drinking,Drug,-,Speeding,-,-,-,-,-,-,-,Sullivan,Not in City Limit,7
89788,400372075,0,2,36.04971,-83.25883,5,2025-10-04 20:40:00,2025,10,4,20,40,Saturday,20:40,Suspected Serious Injury,Dark-Not Lighted,Clear,Motor Vehicle-In-Transport On Same Roadway,None,THP District 5 - Fall Branch,THP,Unbelted,-,-,Drug,-,-,-,-,-,-,-,Motorcyclist,-,Jefferson,Not in City Limit,7
89789,400372076,0,1,35.65445,-88.85297,8,2025-10-05 00:00:00,2025,10,5,24,0,Sunday,24:00,Suspected Serious Injury,Dark-Not Lighted,Clear,Pedestrian,None,JACKSON POLICE DEPT,Other,-,-,-,-,-,-,-,Pedestrian,-,-,-,-,-,Madison,Jackson,1
89821,400372244,0,2,36.52222,-82.19363,5,2025-10-05 13:17:00,2025,10,5,13,17,Sunday,13:17,Suspected Serious Injury,Daylight,Clear,Motor Vehicle-In-Transport On Same Roadway,None,THP District 5 - Fall Branch,THP,Unbelted,-,-,-,-,-,-,-,-,-,-,Motorcyclist,-,Sullivan,Not in City Limit,1
89840,400372335,0,5,35.91189,-84.06377,1,2025-10-04 22:06:00,2025,10,4,22,6,Saturday,22:06,Suspected Serious Injury,Dark-Lighted,Clear,Motor Vehicle-In-Transport On Same Roadway,None,KNOX CO SHERIFFS OFFICE,Other,Unbelted,-,Drinking,-,-,-,-,-,-,-,-,-,-,Knox,Not in City Limit,7
89852,400372371,0,1,35.59142,-86.46701,7,2025-10-04 20:30:00,2025,10,4,20,30,Saturday,20:30,Suspected Serious Injury,Dark-Not Lighted,Clear,Standing Tree,None,THP District 7 - Lawrenceburg,THP,Unbelted,-,-,-,-,-,-,-,-,-,-,-,-,Bedford,Not in City Limit,7
89855,400372380,0,1,35.50592,-86.51364,7,2025-10-05 13:55:00,2025,10,5,13,55,Sunday,13:55,Suspected Serious Injury,Daylight,Clear,"Over Turn, Roll Over",None,THP District 7 - Lawrenceburg,THP,-,-,-,-,-,-,-,-,-,-,-,Motorcyclist,-,Bedford,Not in City Limit,1
89858,400372389,0,1,35.55147,-84.56324,2,2025-10-05 18:51:00,2025,10,5,18,51,Sunday,18:51,Suspected Serious Injury,Daylight,Cloudy,Embankment Earth,None,THP District 2 - Chattanooga,THP,Unbelted,-,-,-,-,-,-,-,-,-,-,-,-,McMinn,Not in City Limit,1
89868,400372424,0,1,36.24728,-87.54664,3,2025-10-05 19:14:00,2025,10,5,19,14,Sunday,19:14,Suspected Serious Injury,Dark-Not Lighted,Clear,Motor Vehicle-In-Transport On Different Roadway,None,THP District 3 - Nashville,THP,Unbelted,-,-,-,-,-,-,-,-,-,-,-,-,Houston,Not in City Limit,1
89869,400372426,0,1,35.13733,-84.77407,2,2025-10-05 16:50:00,2025,10,5,16,50,Sunday,16:50,Suspected Serious Injury,Daylight,Cloudy,Motor Vehicle-In-Transport On Same Roadway,None,THP District 2 - Chattanooga,THP,Unbelted,-,-,-,-,-,-,-,-,-,-,Motorcyclist,-,Bradley,Not in City Limit,1
89873,400372434,0,1,36.61388,-85.80408,6,2025-10-05 00:00:00,2025,10,5,24,0,Sunday,24:00,Suspected Serious Injury,Dark-Not Lighted,Clear,Embankment Earth,None,THP District 6 - Cookeville,THP,Unbelted,-,-,-,-,-,-,-,-,-,-,-,-,Macon,Not in City Limit,1
89874,400372435,1,0,35.98672,-86.46855,3,2025-10-04 23:36:00,2025,10,4,23,36,Saturday,23:36,Fatal,Dark-Lighted,Clear,Other Fixed Object,None,THP District 3 - Nashville,THP,Unbelted,-,-,-,-,-,-,-,-,-,-,-,-,Rutherford,Smyrna,7
89877,400372442,1,1,35.73204,-88.48563,8,2025-10-05 16:56:00,2025,10,5,16,56,Sunday,16:56,Fatal,Daylight,Cloudy,Motor Vehicle-In-Transport On Same Roadway,None,THP District 8 - Jackson,THP,Unbelted,-,-,-,-,-,-,-,-,-,-,-,-,Henderson,Not in City Limit,1
89888,400372480,1,0,35.39346,-85.47267,2,2025-10-05 18:36:00,2025,10,5,18,36,Sunday,18:36,Fatal,Dark-Not Lighted,Cloudy,"Over Turn, Roll Over",None,THP District 2 - Chattanooga,THP,-,-,-,-,-,-,-,-,-,ATV_Involved,-,-,-,Sequatchie,Not in City Limit,1
89893,400372525,0,1,36.37055,-84.13252,1,2025-10-05 23:35:00,2025,10,5,23,35,Sunday,23:35,Suspected Serious Injury,Dark-Not Lighted,Clear,Embankment Earth,None,LAFOLLETTE POLICE DEPT,Other,Unbelted,-,-,-,-,-,-,-,-,-,-,-,-,Campbell,LaFollette,1
89895,400372541,0,2,36.25814,-86.78792,3,2025-10-06 06:00:00,2025,10,6,6,0,Monday,06:00,Suspected Serious Injury,Dawn,Clear,Motor Vehicle-In-Transport On Same Roadway,None,METROPOLITAN NASHVILLE POLICE DEPT,Other,Unbelted,Distracted,-,-,-,-,-,-,-,-,ATV_Involved,-,-,Davidson,Nashville,2
89901,400372588,0,1,35.25409,-89.03732,4,2025-10-06 08:00:00,2025,10,6,8,0,Monday,08:00,Suspected Serious Injury,Daylight,Cloudy,Standing Tree,None,THP District 4 - Memphis,THP,Unbelted,-,-,-,-,-,-,-,-,-,-,-,-,Hardeman,Not in City Limit,2
89903,400372611,0,2,35.1269,-86.56595,7,2025-10-06 06:15:00,2025,10,6,6,15,Monday,06:15,Suspected Serious Injury,Dawn,Clear,Motor Vehicle-In-Transport On Same Roadway,None,FAYETTEVILLE POLICE DEPT,Other,Unbelted,Distracted,-,-,-,-,-,-,-,-,-,-,-,Lincoln,Fayetteville,2
89904,400372616,0,1,35.76088,-83.4615,1,2025-10-03 15:01:00,2025,10,3,15,1,Friday,15:01,Suspected Serious Injury,Daylight,Clear,Embankment Earth,None,SEVIER CO SHERIFFS OFFICE,Other,Unbelted,-,-,-,-,Speeding,-,-,-,-,-,-,-,Sevier,Not in City Limit,6
89928,400372784,0,1,36.43498,-89.16385,8,2025-10-06 11:38:00,2025,10,6,11,38,Monday,11:38,Suspected Serious Injury,Daylight,Clear,Motor Vehicle-In-Transport On Same Roadway,None,THP District 8 - Jackson,THP,Unbelted,-,-,-,-,-,-,-,-,-,-,Motorcyclist,-,Obion,Not in City Limit,2
89934,400372812,0,1,36.02222,-86.62938,3,2025-10-05 22:40:00,2025,10,5,22,40,Sunday,22:40,Suspected Serious Injury,Dark-Not Lighted,Cloudy,Ditch,None,METROPOLITAN NASHVILLE POLICE DEPT,Other,Unbelted,-,-,-,-,-,-,-,-,-,-,-,-,Davidson,Nashville,1
89938,400372824,0,2,36.30236,-88.3094,8,2025-10-06 14:50:00,2025,10,6,14,50,Monday,14:50,Suspected Serious Injury,Daylight,Cloudy,Motor Vehicle-In-Transport On Same Roadway,None,PARIS POLICE DEPT,Other,Unbelted,-,-,-,-,-,-,-,-,-,-,-,-,Henry,Paris,2
89939,400372840,0,1,36.13936,-86.8191,3,2025-10-06 11:20:00,2025,10,6,11,20,Monday,11:20,Suspected Serious Injury,Daylight,Rain,Pedestrian,None,VANDERBILT UNIVERSITY POLICE,Other,Unbelted,-,-,-,-,-,-,Pedestrian,-,-,-,-,-,Davidson,Nashville,2
89948,400372872,0,1,35.60623,-85.84944,6,2025-10-06 13:43:00,2025,10,6,13,43,Monday,13:43,Suspected Serious Injury,Daylight,Rain,Embankment Earth,None,THP District 6 - Cookeville,THP,Unbelted,-,-,-,-,-,-,-,-,-,-,-,-,Warren,Not in City Limit,2
89949,400372881,0,2,36.18932,-86.58489,3,2025-10-06 17:35:00,2025,10,6,17,35,Monday,17:35,Suspected Serious Injury,Daylight,Rain,Motor Vehicle-In-Transport On Same Roadway,None,METROPOLITAN NASHVILLE POLICE DEPT,Other,Unbelted,-,-,-,-,Speeding,-,-,-,-,-,-,-,Davidson,Nashville,2
89959,400372924,0,1,36.45962,-82.53261,5,2025-10-04 01:25:00,2025,10,4,1,25,Saturday,01:25,Suspected Serious Injury,Dark-Not Lighted,Clear,Cable Barrier,None,THP District 5 - Fall Branch,THP,Unbelted,-,-,-,-,-,-,-,-,-,-,-,-,Sullivan,Kingsport,7
89960,400372925,1,0,35.73636,-89.59595,4,2025-10-06 17:32:00,2025,10,6,17,32,Monday,17:32,Fatal,Daylight,Rain,"Over Turn, Roll Over",None,THP District 4 - Memphis,THP,Unbelted,-,Drinking,-,-,-,-,-,-,-,-,-,-,Lauderdale,Not in City Limit,2
89961,400372927,0,2,36.2076,-86.77777,3,2025-10-06 14:06:00,2025,10,6,14,6,Monday,14:06,Suspected Serious Injury,Daylight,Cloudy,Motor Vehicle-In-Transport On Same Roadway,None,METROPOLITAN NASHVILLE POLICE DEPT,Other,Unbelted,-,-,-,-,-,-,-,-,-,-,Motorcyclist,-,Davidson,Nashville,2
89970,400372971,1,0,36.32026,-85.90978,6,2025-10-05 16:27:00,2025,10,5,16,27,Sunday,16:27,Fatal,Daylight,Clear,Motor Vehicle-In-Transport On Same Roadway,None,THP District 6 - Cookeville,THP,Unbelted,-,Drinking,-,-,-,-,-,-,-,-,Motorcyclist,-,Smith,Not in City Limit,1
89985,400373028,0,1,36.1737,-86.49112,3,2025-10-06 21:40:00,2025,10,6,21,40,Monday,21:40,Suspected Serious Injury,Dark-Not Lighted,Rain,"Over Turn, Roll Over",Construction Zone,MOUNT JULIET POLICE DEPT,Other,Unbelted,-,-,-,-,-,-,-,-,-,-,-,-,Wilson,Mount Juliet,2
89992,400373085,0,2,36.40093,-89.09043,8,2025-10-06 15:30:00,2025,10,6,15,30,Monday,15:30,Suspected Serious Injury,Daylight,Rain,Motor Vehicle-In-Transport On Same Roadway,None,UNION CITY POLICE DEPT,Other,Unbelted,-,-,-,-,-,-,-,-,-,-,-,-,Obion,Union City,2
89997,400373114,1,0,35.58929,-84.71286,2,2025-10-07 07:37:00,2025,10,7,7,37,Tuesday,07:37,Fatal,Dawn,Cloudy,Culvert,None,THP District 2 - Chattanooga,THP,Unbelted,-,-,-,-,-,-,-,-,-,-,-,-,Meigs,Not in City Limit,3
90003,400373144,0,1,35.701,-84.31195,1,2025-10-07 08:57:00,2025,10,7,8,57,Tuesday,08:57,Suspected Serious Injury,Daylight,Rain,Embankment Earth,None,THP District 1 - Knoxville,THP,Unbelted,-,-,-,-,-,-,-,-,-,-,-,-,Loudon,Not in City Limit,3
90010,400373166,1,0,35.99653,-86.49821,3,2025-10-06 05:38:00,2025,10,6,5,38,Monday,05:38,Fatal,Dark-Lighted,Clear,Pedestrian,None,SMYRNA POLICE DEPT,Other,Unbelted,-,-,-,-,-,-,Pedestrian,-,-,ATV_Involved,-,-,Rutherford,Smyrna,2
90015,400373181,0,1,35.33327,-85.70567,2,2025-10-06 07:53:00,2025,10,6,7,53,Monday,07:53,Suspected Serious Injury,Daylight,Rain,Ditch,None,GRUNDY CO SHERIFFS OFFICE,Other,Unbelted,-,-,-,-,-,-,-,-,-,ATV_Involved,-,-,Grundy,Coalmont,2
90035,400373309,0,3,35.8858,-84.22073,1,2025-10-07 12:40:00,2025,10,7,12,40,Tuesday,12:40,Suspected Serious Injury,Daylight,Rain,Motor Vehicle-In-Transport On Same Roadway,None,THP District 1 - Knoxville,THP,Unbelted,-,-,-,-,-,-,-,-,-,-,-,-,Knox,Farragut,3
90051,400373389,0,1,35.39925,-88.69172,8,2025-10-04 10:02:00,2025,10,4,10,2,Saturday,10:02,Suspected Serious Injury,Daylight,Clear,Fell/Jumped From Vehicle,None,THP District 8 - Jackson,THP,-,-,-,-,-,-,-,-,-,-,-,-,-,Chester,Not in City Limit,7
90070,400373474,0,2,36.00967,-84.26819,1,2025-10-07 17:20:00,2025,10,7,17,20,Tuesday,17:20,Suspected Serious Injury,Daylight,Rain,Motor Vehicle-In-Transport On Same Roadway,None,OAK RIDGE POLICE DEPT,Other,Unbelted,-,-,-,-,-,-,-,-,-,-,-,-,Anderson,Oak Ridge,3
90071,400373477,0,3,35.7347,-83.43734,1,2025-10-07 16:52:00,2025,10,7,16,52,Tuesday,16:52,Suspected Serious Injury,Daylight,Cloudy,Curb,None,GATLINBURG POLICE DEPT,Other,-,Distracted,-,-,-,-,-,-,-,-,-,Motorcyclist,-,Sevier,Gatlinburg,3
90101,400373620,0,2,35.6468,-84.31281,1,2025-10-07 19:00:00,2025,10,7,19,0,Tuesday,19:00,Suspected Serious Injury,Dusk,Rain,Motor Vehicle-In-Transport On Same Roadway,None,THP District 1 - Knoxville,THP,Unbelted,-,-,-,-,-,-,-,-,-,-,-,-,Monroe,Not in City Limit,3
90113,400373649,0,2,36.04847,-83.87602,1,2025-10-07 20:04:00,2025,10,7,20,4,Tuesday,20:04,Suspected Serious Injury,Dark-Not Lighted,Rain,Motor Vehicle-In-Transport On Same Roadway,None,KNOXVILLE POLICE DEPT,Other,Unbelted,-,Drinking,-,-,-,-,-,-,-,-,-,-,Knox,Knoxville,3
90116,400373657,0,1,35.81415,-83.17756,5,2025-10-07 22:02:00,2025,10,7,22,2,Tuesday,22:02,Suspected Serious Injury,Dark-Not Lighted,Cloudy,Concrete Traffic Barrier,None,THP District 5 - Fall Branch,THP,Unbelted,-,Drinking,Drug,-,-,-,-,-,-,-,-,-,Cocke,Not in City Limit,3
90119,400373665,1,0,36.17743,-86.80995,3,2025-10-07 22:36:00,2025,10,7,22,36,Tuesday,22:36,Fatal,Dark-Not Lighted,Clear,Pedestrian,None,METROPOLITAN NASHVILLE POLICE DEPT,Other,Unbelted,-,-,-,-,-,-,Pedestrian,-,-,-,-,-,Davidson,Nashville,3
90133,400373769,1,0,36.56205,-82.04227,5,2025-10-06 03:59:00,2025,10,6,3,59,Monday,03:59,Fatal,Dark-Not Lighted,Clear,Ditch,None,THP District 5 - Fall Branch,THP,Unbelted,-,Drinking,Drug,-,-,-,-,-,-,-,-,-,Sullivan,Not in City Limit,2
90146,400373840,0,1,35.18785,-85.20144,2,2025-10-02 06:44:00,2025,10,2,6,44,Thursday,06:44,Suspected Serious Injury,Dark-Not Lighted,Clear,Pedal-Cycle,None,HAMILTON COUNTY SHERIFF'S OFFICE,Other,Unbelted,-,-,-,-,-,Pedalcyclist,-,-,-,-,-,-,Hamilton,Not in City Limit,5
90152,400373871,1,0,35.17237,-85.00767,2,2025-10-08 06:59:00,2025,10,8,6,59,Wednesday,06:59,Fatal,Dark-Not Lighted,Fog,Ditch,None,HAMILTON COUNTY SHERIFF'S OFFICE,Other,Unbelted,-,-,-,-,-,-,-,-,-,-,-,-,Hamilton,Not in City Limit,4
90154,400373880,0,1,35.54118,-88.71637,8,2025-10-07 17:24:00,2025,10,7,17,24,Tuesday,17:24,Suspected Serious Injury,Daylight,Cloudy,Ditch,None,MADISON CO SHERIFFS DEPT,Other,Unbelted,-,-,-,-,-,-,-,-,-,-,-,-,Madison,Not in City Limit,3
90155,400373897,0,1,36.48364,-82.20533,5,2025-10-08 12:01:00,2025,10,8,12,1,Wednesday,12:01,Suspected Serious Injury,Daylight,Cloudy,Culvert,None,SULLIVAN CO SHERIFFS DEPT,Other,Unbelted,Distracted,-,-,-,-,-,-,-,-,-,-,-,Sullivan,Not in City Limit,4
90177,400373998,0,2,36.07799,-87.37692,3,2025-10-08 15:09:00,2025,10,8,15,9,Wednesday,15:09,Suspected Serious Injury,Daylight,Clear,Pedestrian,None,DICKSON POLICE DEPT,Other,Unbelted,-,-,-,-,-,-,Pedestrian,-,-,-,-,-,Dickson,Dickson,4
90190,400374086,0,1,36.39647,-82.84597,5,2025-10-08 16:31:00,2025,10,8,16,31,Wednesday,16:31,Suspected Serious Injury,Daylight,Clear,Ditch,None,THP District 5 - Fall Branch,THP,-,-,-,-,-,-,-,-,-,-,-,Motorcyclist,-,Hawkins,Not in City Limit,4
90208,400374151,0,1,35.48818,-86.79244,7,2025-10-08 13:15:00,2025,10,8,13,15,Wednesday,13:15,Suspected Serious Injury,Daylight,Clear,Ditch,None,THP District 7 - Lawrenceburg,THP,Unbelted,-,-,-,-,-,-,-,-,-,-,-,-,Marshall,Not in City Limit,4
90214,400374174,0,1,35.58943,-89.78807,4,2025-10-08 19:43:00,2025,10,8,19,43,Wednesday,19:43,Suspected Serious Injury,Dark-Not Lighted,Clear,Ditch,None,THP District 4 - Memphis,THP,-,-,-,-,-,-,-,-,-,ATV_Involved,-,-,-,Tipton,Not in City Limit,4
90216,400374188,0,1,35.98869,-83.95657,1,2025-10-08 20:37:00,2025,10,8,20,37,Wednesday,20:37,Suspected Serious Injury,Dark-Lighted,Clear,Pedestrian,None,KNOXVILLE POLICE DEPT,Other,Unbelted,-,-,-,-,-,-,Pedestrian,-,-,-,-,-,Knox,Knoxville,4
90218,400374195,1,4,35.75221,-86.8689,3,2025-10-06 04:10:00,2025,10,6,4,10,Monday,04:10,Fatal,Dark-Not Lighted,Clear,Standing Tree,None,THP District 3 - Nashville,THP,Unbelted,-,Drinking,-,-,-,-,-,-,-,-,-,-,Williamson,Spring Hill,2
90230,400374251,0,4,35.86944,-84.10729,1,2025-10-08 13:44:00,2025,10,8,13,44,Wednesday,13:44,Suspected Serious Injury,Daylight,Clear,Motor Vehicle-In-Transport On Same Roadway,None,KNOX CO SHERIFFS OFFICE,Other,Unbelted,-,Drinking,Drug,-,-,-,-,-,-,-,-,-,Knox,Not in City Limit,4
90231,400374262,0,1,36.08448,-83.83878,1,2025-10-08 05:45:00,2025,10,8,5,45,Wednesday,05:45,Suspected Serious Injury,Dark-Not Lighted,Fog,Motor Vehicle-In-Transport On Same Roadway,None,KNOX CO SHERIFFS OFFICE,Other,Unbelted,-,-,-,-,-,-,-,-,-,-,Motorcyclist,-,Knox,Not in City Limit,4
90241,400374350,0,1,35.31298,-84.51903,2,2025-10-07 09:07:00,2025,10,7,9,7,Tuesday,09:07,Suspected Serious Injury,Daylight,Clear,Pedestrian,None,THP District 2 - Chattanooga,THP,Unbelted,-,-,Drug,-,-,-,Pedestrian,-,-,-,-,-,McMinn,Not in City Limit,3
90243,400374358,0,1,36.09373,-85.58025,6,2025-10-09 07:17:00,2025,10,9,7,17,Thursday,07:17,Suspected Serious Injury,Daylight,Clear,Motor Vehicle-In-Transport On Same Roadway,None,THP District 6 - Cookeville,THP,Unbelted,-,-,-,-,-,-,-,-,-,-,-,-,Putnam,Not in City Limit,5
90267,400374505,0,1,35.80317,-86.74186,3,2025-10-09 13:27:00,2025,10,9,13,27,Thursday,13:27,Suspected Serious Injury,Daylight,Clear,Motor Vehicle-In-Transport On Same Roadway,None,WILLIAMSON CO SHERIFFS OFFICE,Other,Unbelted,-,-,-,-,Speeding,-,-,-,-,-,Motorcyclist,-,Williamson,Not in City Limit,5
90286,400374580,0,3,35.05133,-89.44812,4,2025-10-09 14:47:00,2025,10,9,14,47,Thursday,14:47,Suspected Serious Injury,Daylight,Clear,Motor Vehicle-In-Transport On Same Roadway,None,THP District 4 - Memphis,THP,Unbelted,-,-,-,-,-,-,-,-,-,-,-,-,Fayette,Not in City Limit,5
90288,400374585,0,3,35.86658,-83.95968,1,2025-10-09 16:29:00,2025,10,9,16,29,Thursday,16:29,Suspected Serious Injury,Daylight,Clear,Motor Vehicle-In-Transport On Same Roadway,None,ALCOA POLICE DEPARTMENT,Other,Unbelted,-,-,-,-,-,-,-,-,-,-,-,-,Blount,Alcoa,5
90297,400374626,0,1,36.20283,-83.35867,5,2025-10-09 13:11:00,2025,10,9,13,11,Thursday,13:11,Suspected Serious Injury,Daylight,Clear,Mail Box,None,THP District 5 - Fall Branch,THP,Unbelted,-,-,-,-,-,-,-,-,-,-,-,-,Hamblen,Not in City Limit,5
90298,400374629,1,1,36.06191,-87.28614,3,2025-10-05 20:19:00,2025,10,5,20,19,Sunday,20:19,Fatal,Dark-Not Lighted,Clear,Ditch,None,THP District 3 - Nashville,THP,Unbelted,-,-,Drug,-,-,-,-,-,-,-,-,-,Dickson,Not in City Limit,1
90317,400374708,1,0,35.69686,-89.55981,4,2025-10-02 19:41:00,2025,10,2,19,41,Thursday,19:41,Fatal,Dark-Lighted,Clear,Motor Vehicle-In-Transport On Same Roadway,None,THP District 4 - Memphis,THP,Unbelted,-,-,-,-,-,-,-,-,-,-,Motorcyclist,-,Lauderdale,Henning,5
90322,400374732,0,6,36.04525,-88.36116,8,2025-10-08 15:22:00,2025,10,8,15,22,Wednesday,15:22,Suspected Serious Injury,Daylight,Clear,Motor Vehicle-In-Transport On Same Roadway,None,THP District 8 - Jackson,THP,Unbelted,-,-,-,-,-,-,-,-,-,-,-,-,Carroll,Not in City Limit,4
90323,400374740,0,1,36.14914,-86.7754,3,2025-10-09 22:10:00,2025,10,9,22,10,Thursday,22:10,Suspected Serious Injury,Dark-Lighted,Clear,"Over Turn, Roll Over",None,METROPOLITAN NASHVILLE POLICE DEPT,Other,-,-,-,-,-,-,-,-,-,-,-,Motorcyclist,-,Davidson,Nashville,5
90331,400374773,0,1,35.75269,-86.87266,3,2025-10-09 19:18:00,2025,10,9,19,18,Thursday,19:18,Suspected Serious Injury,Dark-Lighted,Clear,Pedal-Cycle,None,SPRING HILL POLICE DEPT,Other,Unbelted,-,-,-,-,-,Pedalcyclist,-,-,-,-,-,-,Williamson,Spring Hill,5
90346,400374832,0,2,35.0261,-88.52527,8,2025-10-09 07:33:00,2025,10,9,7,33,Thursday,07:33,Suspected Serious Injury,Daylight,Clear,Motor Vehicle-In-Transport On Same Roadway,Work Zone,THP District 8 - Jackson,THP,Unbelted,-,-,-,-,Speeding,-,-,-,-,-,-,-,McNairy,Guys,5
90360,400374916,1,1,35.9293,-85.47758,6,2025-10-10 08:30:00,2025,10,10,8,30,Friday,08:30,Fatal,Daylight,Clear,Motor Vehicle-In-Transport On Same Roadway,None,THP District 6 - Cookeville,THP,Unbelted,-,-,Drug,-,-,-,-,-,-,-,-,-,White,Sparta,6
90365,400374950,0,2,36.13716,-86.79754,3,2025-10-10 09:06:00,2025,10,10,9,6,Friday,09:06,Suspected Serious Injury,Daylight,Clear,Motor Vehicle-In-Transport On Same Roadway,None,METROPOLITAN NASHVILLE POLICE DEPT,Other,Unbelted,-,-,-,-,-,-,-,-,-,-,-,-,Davidson,Nashville,6
90371,400375012,1,0,36.20684,-86.78104,3,2025-10-09 21:01:00,2025,10,9,21,1,Thursday,21:01,Fatal,Dark-Lighted,Clear,Motor Vehicle-In-Transport On Same Roadway,None,METROPOLITAN NASHVILLE POLICE DEPT,Other,Unbelted,-,-,-,-,-,-,-,-,-,-,Motorcyclist,-,Davidson,Nashville,5
90375,400375028,0,1,35.83291,-84.30536,1,2025-10-10 13:36:00,2025,10,10,13,36,Friday,13:36,Suspected Serious Injury,Daylight,Clear,Embankment Earth,None,THP District 1 - Knoxville,THP,Unbelted,Distracted,-,-,-,-,-,-,-,-,-,-,-,Loudon,Not in City Limit,6
90378,400375049,0,1,35.96374,-83.80021,1,2025-10-10 13:18:00,2025,10,10,13,18,Friday,13:18,Suspected Serious Injury,Daylight,Clear,Other Non-Collision,None,KNOX CO SHERIFFS OFFICE,Other,Unbelted,-,Drinking,Drug,-,-,-,-,-,-,-,-,-,Knox,Not in City Limit,6
90385,400375080,0,3,35.8537,-83.98166,1,2025-10-10 13:55:00,2025,10,10,13,55,Friday,13:55,Suspected Serious Injury,Daylight,Clear,Motor Vehicle-In-Transport On Same Roadway,None,ALCOA POLICE DEPARTMENT,Other,Unbelted,Distracted,-,-,-,-,-,-,-,-,-,-,-,Blount,Alcoa,6
90391,400375109,0,1,36.59657,-86.42979,3,2025-10-04 17:13:00,2025,10,4,17,13,Saturday,17:13,Suspected Serious Injury,Daylight,Clear,Embankment Earth,None,THP District 3 - Nashville,THP,-,-,-,-,-,-,-,-,-,-,-,Motorcyclist,-,Sumner,Not in City Limit,7
90396,400375137,1,0,35.84599,-86.66258,3,2025-10-09 20:10:00,2025,10,9,20,10,Thursday,20:10,Fatal,Dark-Not Lighted,Clear,Motor Vehicle-In-Transport On Same Roadway,None,THP District 3 - Nashville,THP,Unbelted,-,-,-,-,Speeding,-,-,-,-,-,Motorcyclist,-,Williamson,Not in City Limit,5
90407,400375227,0,3,35.6636,-85.93874,6,2025-10-10 13:28:00,2025,10,10,13,28,Friday,13:28,Suspected Serious Injury,Daylight,Clear,Motor Vehicle-In-Transport On Same Roadway,None,THP District 6 - Cookeville,THP,Unbelted,-,-,-,-,-,-,-,-,-,ATV_Involved,-,-,Warren,Not in City Limit,6
90419,400375261,0,4,36.24947,-86.7837,3,2025-10-10 13:36:00,2025,10,10,13,36,Friday,13:36,Suspected Serious Injury,Daylight,Clear,Wall,None,METROPOLITAN NASHVILLE POLICE DEPT,Other,Unbelted,-,-,-,-,-,-,-,-,-,-,-,-,Davidson,Nashville,6
90427,400375302,0,1,35.75644,-84.04103,1,2025-10-10 19:51:00,2025,10,10,19,51,Friday,19:51,Suspected Serious Injury,Dark-Not Lighted,Clear,Pedestrian,None,MARYVILLE POLICE DEPT,Other,Unbelted,-,-,-,-,-,-,Pedestrian,-,-,-,-,-,Blount,Maryville,6
90435,400375345,0,2,36.2205,-87.26019,3,2025-10-10 16:42:00,2025,10,10,16,42,Friday,16:42,Suspected Serious Injury,Daylight,Clear,Motor Vehicle-In-Transport On Same Roadway,None,THP District 3 - Nashville,THP,Unbelted,-,-,-,-,-,-,-,-,-,-,-,-,Dickson,Not in City Limit,6
90454,400375432,0,3,36.44141,-86.89815,3,2025-10-09 00:18:00,2025,10,9,0,18,Thursday,00:18,Suspected Serious Injury,Dark-Lighted,Clear,Motor Vehicle-In-Transport On Different Roadway,None,THP District 3 - Nashville,THP,Unbelted,-,Drinking,-,-,Speeding,-,-,-,-,-,-,-,Robertson,Not in City Limit,5
90472,400375508,1,1,35.98363,-88.31696,8,2025-10-04 17:05:00,2025,10,4,17,5,Saturday,17:05,Fatal,Daylight,Clear,Fence,None,THP District 8 - Jackson,THP,Unbelted,-,-,Drug,-,-,-,-,-,-,-,-,-,Carroll,Not in City Limit,7
90484,400375609,0,1,36.55534,-84.13303,1,2025-10-11 09:10:00,2025,10,11,9,10,Saturday,09:10,Suspected Serious Injury,Daylight,Clear,Motor Vehicle-In-Transport On Same Roadway,None,THP District 1 - Knoxville,THP,Unbelted,-,-,-,-,-,-,-,-,-,-,Motorcyclist,-,Campbell,Not in City Limit,7
90487,400375618,0,2,36.35033,-82.22296,5,2025-10-11 11:26:00,2025,10,11,11,26,Saturday,11:26,Suspected Serious Injury,Daylight,Clear,Motor Vehicle-In-Transport On Same Roadway,None,ELIZABETHTON POLICE DEPT,Other,Unbelted,Distracted,-,-,-,-,-,-,-,-,-,-,-,Carter,Elizabethton,7
90490,400375634,0,2,36.57771,-82.50805,5,2025-10-11 12:37:00,2025,10,11,12,37,Saturday,12:37,Suspected Serious Injury,Daylight,Clear,Motor Vehicle-In-Transport On Same Roadway,None,THP District 5 - Fall Branch,THP,Unbelted,-,-,-,-,-,-,-,-,-,-,-,-,Sullivan,Not in City Limit,7