OBJECTID,MRN,Fatality,Injury,Latitude,Longitude,THP_District,Collision_Date,Collision_Year,Collision_Month,Collision_Day,Collision_Hour,Collision_Min,Collision_DOW,Collision_Time,Crash_Type,Light_Condition,Weather,First_Harmfu_Event,Work_Zone_Type,Agency_Name,THP,Unbelted,Distracted_Driver,Driver_Drinking,Driver_Drugged,Drowsy_Driver,Speeding_Involved,Pedalcyclist,Pedestrian,Other_Nonmotorist,ATV_Involved,LargeTruck_Involved,Motorcycle_Involved,SchoolBus,County,City,DOW_Nmb
90492,400375637,0,1,36.48482,-83.38055,5,2025-10-11 13:45:00,2025,10,11,13,45,Saturday,13:45,Suspected Serious Injury,Daylight,Clear,Embankment Earth,None,THP District 5 - Fall Branch,THP,Unbelted,-,-,-,-,-,-,-,-,-,-,-,-,Claiborne,Not in City Limit,7
90496,400375654,1,0,35.92075,-83.10339,5,2025-10-11 08:54:00,2025,10,11,8,54,Saturday,08:54,Fatal,Daylight,Clear,"Over Turn, Roll Over",None,THP District 5 - Fall Branch,THP,-,-,-,-,-,-,-,-,-,-,-,-,-,Cocke,Not in City Limit,7
90509,400375705,0,1,35.5811,-88.81438,8,2025-10-11 14:20:00,2025,10,11,14,20,Saturday,14:20,Suspected Serious Injury,Daylight,Clear,Ditch,None,JACKSON POLICE DEPT,Other,Unbelted,-,-,-,-,-,-,-,-,-,-,-,-,Madison,Jackson,7
90514,400375721,0,1,35.90845,-85.03842,6,2025-10-11 14:10:00,2025,10,11,14,10,Saturday,14:10,Suspected Serious Injury,Daylight,Clear,Ditch,None,THP District 6 - Cookeville,THP,-,-,-,-,-,-,-,-,-,-,-,Motorcyclist,-,Cumberland,Not in City Limit,7
90520,400375749,0,1,35.17553,-85.17188,2,2025-10-10 18:20:00,2025,10,10,18,20,Friday,18:20,Suspected Serious Injury,Daylight,Clear,Motor Vehicle-In-Transport On Same Roadway,None,HAMILTON COUNTY SHERIFF'S OFFICE,Other,Unbelted,-,-,-,Drowsy,-,-,-,-,-,-,Motorcyclist,-,Hamilton,Not in City Limit,6
90531,400375795,0,1,35.94384,-88.93743,8,2025-10-11 16:44:00,2025,10,11,16,44,Saturday,16:44,Suspected Serious Injury,Daylight,Clear,Highway Traffic Sign Post,None,TRENTON POLICE DEPT,Other,-,-,-,-,-,-,-,-,-,-,-,Motorcyclist,-,Gibson,Trenton,7
90544,400375836,0,2,35.05309,-85.59036,2,2025-10-10 16:56:00,2025,10,10,16,56,Friday,16:56,Suspected Serious Injury,Daylight,Clear,Motor Vehicle-In-Transport On Same Roadway,None,THP District 2 - Chattanooga,THP,Unbelted,-,-,-,-,-,-,-,-,-,-,Motorcyclist,-,Marion,Not in City Limit,6
90545,400375838,0,3,35.82107,-83.15299,5,2025-10-11 20:05:00,2025,10,11,20,5,Saturday,20:05,Suspected Serious Injury,Dark-Not Lighted,Clear,Standing Tree,None,THP District 5 - Fall Branch,THP,Unbelted,-,Drinking,-,-,-,-,-,-,-,-,-,-,Cocke,Not in City Limit,7
90546,400375845,0,1,36.48948,-86.60169,3,2025-10-06 16:48:00,2025,10,6,16,48,Monday,16:48,Suspected Serious Injury,Daylight,Cloudy,Motor Vehicle-In-Transport On Same Roadway,None,THP District 3 - Nashville,THP,Unbelted,-,-,-,-,-,-,-,-,-,-,-,-,Sumner,Not in City Limit,2
90559,400375897,0,2,36.0042,-83.96189,1,2025-10-12 02:19:00,2025,10,12,2,19,Sunday,02:19,Suspected Serious Injury,Dark-Lighted,Clear,Motor Vehicle-In-Transport On Same Roadway,None,KNOXVILLE POLICE DEPT,Other,Unbelted,-,-,-,-,-,-,-,-,-,-,-,-,Knox,Knoxville,1
90565,400375928,0,2,35.21095,-86.60505,7,2025-10-12 02:36:00,2025,10,12,2,36,Sunday,02:36,Suspected Serious Injury,Dark-Not Lighted,Clear,Motor Vehicle-In-Transport On Same Roadway,None,THP District 7 - Lawrenceburg,THP,Unbelted,-,Drinking,Drug,-,-,-,-,-,-,-,-,-,Lincoln,Not in City Limit,1
90568,400375934,0,1,36.31745,-88.29165,8,2025-10-12 04:04:00,2025,10,12,4,4,Sunday,04:04,Suspected Serious Injury,Dark-Not Lighted,Clear,Standing Tree,None,THP District 8 - Jackson,THP,Unbelted,-,-,-,-,Speeding,-,-,-,-,-,-,-,Henry,Not in City Limit,1
90575,400376013,0,1,36.187,-86.4666,3,2025-10-11 00:00:00,2025,10,11,24,0,Saturday,24:00,Suspected Serious Injury,Daylight,Clear,Motor Vehicle-In-Transport On Same Roadway,None,MOUNT JULIET POLICE DEPT,Other,Unbelted,Distracted,-,-,-,-,-,-,-,-,-,-,-,Wilson,Mount Juliet,7
90583,400376050,0,2,36.06984,-83.84358,1,2025-10-11 20:27:00,2025,10,11,20,27,Saturday,20:27,Suspected Serious Injury,Dark-Not Lighted,Clear,Motor Vehicle-In-Transport On Same Roadway,None,KNOX CO SHERIFFS OFFICE,Other,Unbelted,-,-,-,-,Speeding,-,-,-,-,-,-,-,Knox,Not in City Limit,7
90591,400376085,0,5,36.29015,-86.72338,3,2025-10-12 12:03:00,2025,10,12,12,3,Sunday,12:03,Suspected Serious Injury,Daylight,Clear,Motor Vehicle-In-Transport On Same Roadway,None,METROPOLITAN NASHVILLE POLICE DEPT,Other,Unbelted,-,-,-,-,Speeding,-,-,-,-,-,Motorcyclist,-,Davidson,Nashville,1
90610,400376194,0,4,35.82266,-83.97779,1,2025-10-12 16:12:00,2025,10,12,16,12,Sunday,16:12,Suspected Serious Injury,Daylight,Clear,Motor Vehicle-In-Transport On Same Roadway,None,ALCOA POLICE DEPARTMENT,Other,Unbelted,-,-,-,-,-,-,-,-,-,-,-,-,Blount,Alcoa,1
90615,400376223,0,2,36.22799,-83.30733,5,2025-10-12 16:50:00,2025,10,12,16,50,Sunday,16:50,Suspected Serious Injury,Daylight,Cloudy,Motor Vehicle-In-Transport On Same Roadway,None,MORRISTOWN POLICE DEPT,Other,Unbelted,-,-,-,-,-,-,-,-,-,-,Motorcyclist,-,Hamblen,Morristown,1
90617,400376238,0,1,36.0897,-86.64273,3,2025-10-12 16:59:00,2025,10,12,16,59,Sunday,16:59,Suspected Serious Injury,Daylight,Clear,Motor Vehicle-In-Transport On Same Roadway,None,METROPOLITAN NASHVILLE POLICE DEPT,Other,Unbelted,-,-,-,Drowsy,-,-,-,-,-,-,Motorcyclist,-,Davidson,Nashville,1
90619,400376251,0,1,36.24197,-85.16387,6,2025-10-12 15:22:00,2025,10,12,15,22,Sunday,15:22,Suspected Serious Injury,Daylight,Clear,Embankment Earth,None,THP District 6 - Cookeville,THP,-,-,Drinking,-,-,Speeding,-,-,-,ATV_Involved,-,-,-,Overton,Not in City Limit,1
90620,400376254,1,1,36.52581,-87.58604,3,2025-10-11 15:09:00,2025,10,11,15,9,Saturday,15:09,Fatal,Daylight,Clear,Ditch,None,THP District 3 - Nashville,THP,-,-,-,-,-,-,-,-,-,-,-,Motorcyclist,-,Montgomery,Not in City Limit,7
90626,400376276,0,1,36.14953,-86.86044,3,2025-10-12 19:22:00,2025,10,12,19,22,Sunday,19:22,Suspected Serious Injury,Dark-Lighted,Clear,Pedestrian,None,METROPOLITAN NASHVILLE POLICE DEPT,Other,Unbelted,-,-,-,-,-,-,Pedestrian,-,-,-,-,-,Davidson,Nashville,1
90634,400376303,0,1,35.82023,-86.97746,3,2025-10-12 18:59:00,2025,10,12,18,59,Sunday,18:59,Suspected Serious Injury,Dark-Not Lighted,Clear,"Over Turn, Roll Over",None,THP District 3 - Nashville,THP,Unbelted,-,-,-,-,-,-,-,-,-,-,-,-,Williamson,Thompson's Station,1
90647,400376344,0,1,35.86376,-83.50849,1,2025-10-12 22:52:00,2025,10,12,22,52,Sunday,22:52,Suspected Serious Injury,Dark-Lighted,Clear,Other Non-Collision,None,SEVIERVILLE POLICE DEPT,Other,-,-,-,-,-,-,-,-,-,-,-,Motorcyclist,-,Sevier,Sevierville,1
90673,400376469,1,0,35.02387,-84.38299,2,2025-10-13 07:22:00,2025,10,13,7,22,Monday,07:22,Fatal,Daylight,Clear,Motor Vehicle-In-Transport On Same Roadway,None,THP District 2 - Chattanooga,THP,Unbelted,-,-,-,-,-,-,-,-,-,-,-,-,Polk,Ducktown,2
90698,400376649,0,1,36.36714,-87.17803,3,2025-10-13 14:30:00,2025,10,13,14,30,Monday,14:30,Suspected Serious Injury,Daylight,Clear,Other Post/Pole Support,None,THP District 3 - Nashville,THP,Unbelted,-,-,-,-,-,-,-,-,-,-,-,-,Cheatham,Not in City Limit,2
90706,400376706,0,1,35.79791,-87.40101,7,2025-10-10 22:10:00,2025,10,10,22,10,Friday,22:10,Suspected Serious Injury,Dark-Not Lighted,Clear,Shrubbery,None,THP District 7 - Lawrenceburg,THP,Unbelted,-,Drinking,-,-,-,-,-,-,-,-,-,-,Hickman,Not in City Limit,6
90707,400376709,0,1,35.80911,-83.57803,1,2025-10-13 15:30:00,2025,10,13,15,30,Monday,15:30,Suspected Serious Injury,Daylight,Clear,Pedal-Cycle,None,PIGEON FORGE POLICE DEPT,Other,Unbelted,-,-,-,-,-,Pedalcyclist,-,-,-,-,-,-,Sevier,Pigeon Forge,2
90709,400376714,0,1,35.69929,-88.89172,8,2025-10-13 16:40:00,2025,10,13,16,40,Monday,16:40,Suspected Serious Injury,Daylight,Clear,Utility Pole,None,JACKSON POLICE DEPT,Other,Unbelted,-,-,-,-,-,-,-,-,-,-,-,-,Madison,Jackson,2
90711,400376741,0,1,36.15521,-86.85281,3,2025-10-13 18:25:00,2025,10,13,18,25,Monday,18:25,Suspected Serious Injury,Dark-Lighted,Clear,Motor Vehicle-In-Transport On Same Roadway,None,METROPOLITAN NASHVILLE POLICE DEPT,Other,Unbelted,-,-,-,-,-,-,-,-,-,-,Motorcyclist,-,Davidson,Nashville,2
90720,400376776,1,0,35.92015,-87.47618,7,2025-10-13 16:33:00,2025,10,13,16,33,Monday,16:33,Fatal,Daylight,Clear,"Over Turn, Roll Over",None,THP District 7 - Lawrenceburg,THP,Unbelted,-,-,-,-,-,-,-,-,-,-,-,-,Hickman,Not in City Limit,2
90723,400376790,1,0,36.04479,-86.66151,3,2025-10-13 17:58:00,2025,10,13,17,58,Monday,17:58,Fatal,Daylight,Clear,Pedestrian,None,METROPOLITAN NASHVILLE POLICE DEPT,Other,Unbelted,-,-,-,-,-,-,Pedestrian,-,-,-,-,-,Davidson,Nashville,2
90730,400376828,0,1,36.13283,-86.72041,3,2025-10-13 22:08:00,2025,10,13,22,8,Monday,22:08,Suspected Serious Injury,Dark-Lighted,Clear,Pedestrian,None,METROPOLITAN NASHVILLE POLICE DEPT,Other,Unbelted,-,-,-,-,-,-,Pedestrian,-,-,-,-,-,Davidson,Nashville,2
90742,400376853,1,0,35.82809,-86.66042,3,2025-10-13 21:29:00,2025,10,13,21,29,Monday,21:29,Fatal,Dark-Not Lighted,Clear,Mail Box,None,THP District 3 - Nashville,THP,Unbelted,-,Drinking,-,-,-,-,-,-,-,-,-,-,Williamson,Not in City Limit,2
90744,400376861,0,1,35.19795,-89.37409,4,2025-10-14 00:00:00,2025,10,14,24,0,Tuesday,24:00,Suspected Serious Injury,Dark-Not Lighted,Clear,Standing Tree,None,THP District 4 - Memphis,THP,Unbelted,-,-,-,-,Speeding,-,-,-,-,-,-,-,Fayette,Not in City Limit,3
90746,400376874,0,1,36.04352,-86.65564,3,2025-10-14 03:43:00,2025,10,14,3,43,Tuesday,03:43,Suspected Serious Injury,Dark-Lighted,Clear,Pedestrian,None,METROPOLITAN NASHVILLE POLICE DEPT,Other,-,-,-,-,-,-,-,Pedestrian,-,-,-,-,-,Davidson,Nashville,3
90783,400377060,1,0,35.72322,-88.61801,8,2025-10-13 15:22:00,2025,10,13,15,22,Monday,15:22,Fatal,Daylight,Clear,Motor Vehicle-In-Transport On Same Roadway,None,THP District 8 - Jackson,THP,Unbelted,-,-,-,-,-,-,-,-,-,ATV_Involved,-,-,Madison,Not in City Limit,2
90785,400377095,0,1,35.65271,-88.3223,8,2025-10-13 00:00:00,2025,10,13,24,0,Monday,24:00,Suspected Serious Injury,Unknown,Unknown,Standing Tree,None,THP District 8 - Jackson,THP,Unbelted,-,-,-,-,-,-,-,-,-,-,-,-,Henderson,Not in City Limit,2
90790,400377115,0,1,36.24686,-83.27001,5,2025-10-14 12:55:00,2025,10,14,12,55,Tuesday,12:55,Suspected Serious Injury,Daylight,Clear,Motor Vehicle-In-Transport On Same Roadway,None,MORRISTOWN POLICE DEPT,Other,Unbelted,-,-,-,-,-,-,-,-,-,-,Motorcyclist,-,Hamblen,Morristown,3
90794,400377126,0,1,36.01428,-83.9234,1,2025-10-14 14:08:00,2025,10,14,14,8,Tuesday,14:08,Suspected Serious Injury,Daylight,Clear,Pedestrian,None,KNOXVILLE POLICE DEPT,Other,Unbelted,-,-,-,-,-,-,Pedestrian,-,-,-,-,-,Knox,Knoxville,3
90797,400377143,0,2,36.17477,-86.78601,3,2025-10-12 23:32:00,2025,10,12,23,32,Sunday,23:32,Suspected Serious Injury,Dark-Lighted,Clear,Pedestrian,None,METROPOLITAN NASHVILLE POLICE DEPT,Other,Unbelted,-,-,-,-,-,-,Pedestrian,-,-,-,-,-,Davidson,Nashville,1
90803,400377169,1,0,36.14021,-86.88721,3,2025-10-12 23:30:00,2025,10,12,23,30,Sunday,23:30,Fatal,Dark-Not Lighted,Clear,Motor Vehicle-In-Transport On Same Roadway,None,METROPOLITAN NASHVILLE POLICE DEPT,Other,Unbelted,-,-,Drug,-,Speeding,-,-,-,-,-,Motorcyclist,-,Davidson,Nashville,1
90809,400377203,0,1,35.85225,-84.24567,1,2025-10-12 13:31:00,2025,10,12,13,31,Sunday,13:31,Suspected Serious Injury,Daylight,Clear,Standing Tree,None,THP District 1 - Knoxville,THP,Unbelted,-,-,-,-,-,-,-,-,-,-,-,-,Loudon,Not in City Limit,1
90813,400377217,0,3,36.01086,-84.23929,1,2025-10-14 17:06:00,2025,10,14,17,6,Tuesday,17:06,Suspected Serious Injury,Daylight,Clear,Motor Vehicle-In-Transport On Same Roadway,None,OAK RIDGE POLICE DEPT,Other,Unbelted,-,-,-,-,-,-,-,-,-,-,-,-,Anderson,Oak Ridge,3
90830,400377326,0,3,36.59063,-87.74337,3,2025-10-14 17:55:00,2025,10,14,17,55,Tuesday,17:55,Suspected Serious Injury,Dusk,Clear,"Over Turn, Roll Over",None,THP District 3 - Nashville,THP,Unbelted,-,Drinking,Drug,-,-,-,-,-,-,-,-,-,Stewart,Not in City Limit,3
90831,400377327,0,2,35.63581,-86.98484,7,2025-10-14 20:00:00,2025,10,14,20,0,Tuesday,20:00,Suspected Serious Injury,Dark-Not Lighted,Clear,Motor Vehicle-In-Transport On Same Roadway,Work Zone,COLUMBIA POLICE DEPT,Other,Unbelted,Distracted,-,-,-,Speeding,-,-,-,-,-,-,-,Maury,Columbia,3
90833,400377337,0,1,35.43867,-85.07775,2,2025-10-14 17:52:00,2025,10,14,17,52,Tuesday,17:52,Suspected Serious Injury,Daylight,Clear,Motor Vehicle-In-Transport On Same Roadway,None,THP District 2 - Chattanooga,THP,Unbelted,-,-,-,-,-,-,-,-,-,-,-,-,Rhea,Not in City Limit,3
90848,400377383,0,1,35.99443,-86.535,3,2025-10-14 05:21:00,2025,10,14,5,21,Tuesday,05:21,Suspected Serious Injury,Dawn,Clear,Deer,None,SMYRNA POLICE DEPT,Other,-,-,-,-,-,-,-,-,-,-,-,Motorcyclist,-,Rutherford,Smyrna,3
90871,400377480,0,1,35.93607,-86.33509,3,2025-10-15 07:02:00,2025,10,15,7,2,Wednesday,07:02,Suspected Serious Injury,Daylight,Clear,Motor Vehicle-In-Transport On Same Roadway,None,RUTHERFORD CO SHERIFFS DEPT,Other,Unbelted,-,-,-,-,-,-,-,-,-,-,-,-,Rutherford,Murfreesboro,4
90887,400377577,0,1,36.10351,-86.71465,3,2025-10-15 00:20:00,2025,10,15,0,20,Wednesday,00:20,Suspected Serious Injury,Dark-Lighted,Clear,Concrete Traffic Barrier,None,METROPOLITAN NASHVILLE POLICE DEPT,Other,Unbelted,-,Drinking,-,-,-,-,-,-,-,-,-,-,Davidson,Nashville,4
90895,400377622,0,1,34.99393,-85.20898,2,2025-10-04 14:13:00,2025,10,4,14,13,Saturday,14:13,Suspected Serious Injury,Daylight,Clear,Other Non-Collision,None,EAST RIDGE POLICE DEPT,Other,-,-,-,-,-,-,-,-,-,-,-,Motorcyclist,-,Hamilton,East Ridge,7
90901,400377657,1,1,35.34972,-84.24866,1,2025-10-12 15:00:00,2025,10,12,15,0,Sunday,15:00,Fatal,Daylight,Clear,Motor Vehicle-In-Transport On Same Roadway,None,THP District 1 - Knoxville,THP,Unbelted,-,-,-,-,Speeding,-,-,-,-,-,Motorcyclist,-,Monroe,Not in City Limit,1
90914,400377715,0,2,36.2969,-86.69917,3,2025-10-15 14:08:00,2025,10,15,14,8,Wednesday,14:08,Suspected Serious Injury,Daylight,Clear,Motor Vehicle-In-Transport On Same Roadway,None,METROPOLITAN NASHVILLE POLICE DEPT,Other,Unbelted,-,Drinking,Drug,-,-,-,-,-,-,-,-,-,Davidson,Nashville,4
90916,400377724,1,0,36.00316,-83.99055,1,2025-10-15 14:03:00,2025,10,15,14,3,Wednesday,14:03,Fatal,Daylight,Clear,Motor Vehicle-In-Transport On Same Roadway,None,KNOXVILLE POLICE DEPT,Other,Unbelted,-,-,-,-,-,-,-,-,-,-,Motorcyclist,-,Knox,Knoxville,4
90936,400377803,0,1,36.1008,-83.281,5,2025-10-15 04:03:00,2025,10,15,4,3,Wednesday,04:03,Suspected Serious Injury,Dark-Not Lighted,Clear,Culvert,None,WHITE PINE POLICE DEPT,Other,Unbelted,-,-,-,-,-,-,-,-,-,-,-,-,Jefferson,White Pine,4
90952,400377872,0,3,36.14708,-82.87149,5,2025-10-15 17:35:00,2025,10,15,17,35,Wednesday,17:35,Suspected Serious Injury,Daylight,Clear,Motor Vehicle-In-Transport On Same Roadway,None,THP District 5 - Fall Branch,THP,Unbelted,-,-,-,-,-,-,-,-,-,-,-,-,Greene,Not in City Limit,4
90953,400377876,0,1,35.67588,-89.69908,4,2025-10-15 15:37:00,2025,10,15,15,37,Wednesday,15:37,Suspected Serious Injury,Daylight,Clear,Embankment Earth,None,THP District 4 - Memphis,THP,Unbelted,-,-,-,-,-,-,-,-,-,-,-,-,Lauderdale,Not in City Limit,4
90955,400377887,1,1,35.39711,-89.84293,4,2025-10-15 15:42:00,2025,10,15,15,42,Wednesday,15:42,Fatal,Daylight,Clear,Ditch,None,THP District 4 - Memphis,THP,Unbelted,-,-,Drug,-,-,-,-,-,-,-,-,-,Tipton,Not in City Limit,4
90963,400377919,0,2,35.99175,-88.17401,8,2025-10-14 16:45:00,2025,10,14,16,45,Tuesday,16:45,Suspected Serious Injury,Daylight,Clear,Motor Vehicle-In-Transport On Same Roadway,None,THP District 8 - Jackson,THP,Unbelted,-,-,-,-,-,-,-,-,-,-,Motorcyclist,-,Benton,Not in City Limit,3
90976,400377975,0,1,35.75131,-88.14913,8,2025-10-14 07:37:00,2025,10,14,7,37,Tuesday,07:37,Suspected Serious Injury,Daylight,Clear,"Over Turn, Roll Over",None,THP District 8 - Jackson,THP,Unbelted,-,-,-,-,-,-,-,-,-,-,-,-,Decatur,Not in City Limit,3
90986,400378033,0,1,36.08597,-86.70015,3,2025-10-16 03:16:00,2025,10,16,3,16,Thursday,03:16,Suspected Serious Injury,Dark-Lighted,Clear,Pedestrian,None,METROPOLITAN NASHVILLE POLICE DEPT,Other,Unbelted,-,-,-,-,-,-,Pedestrian,-,-,-,-,-,Davidson,Nashville,5
91002,400378125,1,0,36.00559,-83.92682,1,2025-10-16 06:38:00,2025,10,16,6,38,Thursday,06:38,Fatal,Dark-Lighted,Clear,Pedestrian,None,KNOXVILLE POLICE DEPT,Other,Unbelted,-,-,-,-,-,-,Pedestrian,-,-,-,-,-,Knox,Knoxville,5
91027,400378248,0,2,35.49102,-87.23672,7,2025-10-13 20:50:00,2025,10,13,20,50,Monday,20:50,Suspected Serious Injury,Dark-Not Lighted,Clear,Guard Rail Face,None,THP District 7 - Lawrenceburg,THP,Unbelted,-,-,Drug,-,-,-,-,-,-,-,-,-,Maury,Not in City Limit,2
91029,400378258,0,1,36.06166,-88.5017,8,2025-10-15 17:30:00,2025,10,15,17,30,Wednesday,17:30,Suspected Serious Injury,Daylight,Clear,Standing Tree,None,THP District 8 - Jackson,THP,Unbelted,-,Drinking,-,-,-,-,-,-,-,-,-,-,Carroll,Not in City Limit,4
91030,400378265,0,1,35.20451,-89.76073,4,2025-10-16 11:56:00,2025,10,16,11,56,Thursday,11:56,Suspected Serious Injury,Daylight,Clear,Pedestrian,None,THP District 4 - Memphis,THP,Unbelted,-,-,-,-,-,-,Pedestrian,-,-,-,-,-,Shelby,Not in City Limit,5
91046,400378367,0,3,35.8636,-85.46891,6,2025-10-15 20:31:00,2025,10,15,20,31,Wednesday,20:31,Suspected Serious Injury,Dark-Not Lighted,Clear,Motor Vehicle-In-Transport On Same Roadway,None,THP District 6 - Cookeville,THP,Unbelted,-,-,-,-,-,-,-,-,-,-,-,-,White,Not in City Limit,4
91073,400378487,0,2,35.93076,-86.53508,3,2025-10-16 17:49:00,2025,10,16,17,49,Thursday,17:49,Suspected Serious Injury,Dusk,Clear,Motor Vehicle-In-Transport On Same Roadway,None,SMYRNA POLICE DEPT,Other,Unbelted,-,-,-,-,-,-,-,-,-,-,-,-,Rutherford,Smyrna,5
91075,400378493,0,2,36.14755,-83.43741,5,2025-10-15 19:10:00,2025,10,15,19,10,Wednesday,19:10,Suspected Serious Injury,Dusk,Clear,Motor Vehicle-In-Transport On Same Roadway,None,JEFFERSON CITY POLICE DEPT,Other,Unbelted,-,-,-,-,-,-,-,-,-,-,-,-,Jefferson,Jefferson City,4
91081,400378524,1,0,36.43602,-82.54706,5,2025-10-16 15:35:00,2025,10,16,15,35,Thursday,15:35,Fatal,Daylight,Clear,Motor Vehicle-In-Transport On Same Roadway,None,SULLIVAN CO SHERIFFS DEPT,Other,Unbelted,-,-,-,-,-,-,-,-,-,-,Motorcyclist,-,Sullivan,Not in City Limit,5
91094,400378573,1,0,35.84095,-86.42814,3,2025-10-10 03:20:00,2025,10,10,3,20,Friday,03:20,Fatal,Dark-Lighted,Clear,Motor Vehicle-In-Transport On Same Roadway,None,THP District 3 - Nashville,THP,Unbelted,-,-,-,-,-,-,-,-,-,ATV_Involved,-,-,Rutherford,Murfreesboro,6
91101,400378628,0,1,35.96734,-84.08083,1,2025-10-16 21:58:00,2025,10,16,21,58,Thursday,21:58,Suspected Serious Injury,Dark-Not Lighted,Clear,Embankment Earth,None,KNOX CO SHERIFFS OFFICE,Other,Unbelted,-,Drinking,Drug,-,-,-,-,-,-,-,-,-,Knox,Not in City Limit,5
91106,400378657,1,0,35.72499,-88.61156,8,2025-10-17 00:28:00,2025,10,17,0,28,Friday,00:28,Fatal,Dark-Not Lighted,Clear,Motor Vehicle-In-Transport On Same Roadway,None,THP District 8 - Jackson,THP,Unbelted,-,Drinking,-,-,-,-,-,-,-,ATV_Involved,-,-,Madison,Not in City Limit,6
91117,400378742,1,0,36.38332,-87.41269,3,2025-10-14 12:29:00,2025,10,14,12,29,Tuesday,12:29,Fatal,Daylight,Clear,"Over Turn, Roll Over",None,THP District 3 - Nashville,THP,Unbelted,-,-,-,-,-,-,-,-,-,-,-,-,Montgomery,Not in City Limit,3
91119,400378751,0,1,36.01988,-83.92261,1,2025-10-17 08:25:00,2025,10,17,8,25,Friday,08:25,Suspected Serious Injury,Daylight,Clear,Other Traffic Barrier,None,KNOXVILLE POLICE DEPT,Other,Unbelted,-,-,-,-,-,-,-,-,-,-,-,-,Knox,Knoxville,6
91126,400378796,0,3,35.65394,-88.39779,8,2025-10-17 07:27:00,2025,10,17,7,27,Friday,07:27,Suspected Serious Injury,Daylight,Clear,Motor Vehicle-In-Transport On Same Roadway,None,LEXINGTON POLICE DEPT,Other,Unbelted,-,-,-,-,-,-,-,-,-,-,-,-,Henderson,Lexington,6
91135,400378881,0,1,36.26886,-83.42143,5,2025-10-17 11:16:00,2025,10,17,11,16,Friday,11:16,Suspected Serious Injury,Daylight,Clear,Motor Vehicle-In-Transport On Same Roadway,None,THP District 5 - Fall Branch,THP,Unbelted,-,-,-,-,-,-,-,-,-,-,-,-,Grainger,Not in City Limit,6
91136,400378887,0,1,36.03702,-86.6109,3,2025-10-17 07:31:00,2025,10,17,7,31,Friday,07:31,Suspected Serious Injury,Dark-Not Lighted,Clear,Other Non-Collision,None,METROPOLITAN NASHVILLE POLICE DEPT,Other,-,-,-,-,-,-,-,-,-,-,-,Motorcyclist,-,Davidson,Nashville,6
91143,400378926,0,3,35.7395,-85.48159,6,2025-10-17 09:30:00,2025,10,17,9,30,Friday,09:30,Suspected Serious Injury,Daylight,Clear,Motor Vehicle-In-Transport On Same Roadway,None,THP District 6 - Cookeville,THP,Unbelted,-,-,-,-,-,-,-,-,-,-,-,-,Van Buren,Not in City Limit,6
91147,400378934,1,0,35.80873,-86.39271,3,2025-10-17 12:21:00,2025,10,17,12,21,Friday,12:21,Fatal,Daylight,Clear,Other Non-Fixed Object,Work Zone,THP District 3 - Nashville,THP,-,-,Drinking,-,-,-,-,-,-,-,-,Motorcyclist,-,Rutherford,Murfreesboro,6
91151,400378959,0,1,36.14542,-82.44119,5,2025-10-16 13:53:00,2025,10,16,13,53,Thursday,13:53,Suspected Serious Injury,Daylight,Clear,Motor Vehicle-In-Transport On Same Roadway,None,THP District 5 - Fall Branch,THP,Unbelted,-,-,Drug,-,-,-,-,-,-,-,-,-,Unicoi,Not in City Limit,5
91153,400378963,1,0,35.37565,-88.20119,8,2025-10-06 00:48:00,2025,10,6,0,48,Monday,00:48,Fatal,Dark-Unknown Lighting,Unknown,Immersion,None,THP District 8 - Jackson,THP,Unbelted,-,-,-,-,-,-,-,-,-,-,-,-,Hardin,Saltillo,2
91154,400378966,0,1,35.53146,-88.7808,8,2025-10-14 20:54:00,2025,10,14,20,54,Tuesday,20:54,Suspected Serious Injury,Dark-Lighted,Clear,Motor Vehicle-In-Transport On Same Roadway,None,THP District 8 - Jackson,THP,Unbelted,-,-,-,-,-,-,-,-,-,-,Motorcyclist,-,Madison,Not in City Limit,3
91158,400378988,1,3,36.63125,-87.31911,3,2025-10-17 11:06:00,2025,10,17,11,6,Friday,11:06,Fatal,Daylight,Clear,Motor Vehicle-In-Transport On Same Roadway,None,THP District 3 - Nashville,THP,Unbelted,-,-,-,-,-,-,-,-,-,ATV_Involved,-,-,Montgomery,Clarksville,6
91164,400379016,1,1,35.60833,-87.7142,7,2025-10-14 08:33:00,2025,10,14,8,33,Tuesday,08:33,Fatal,Daylight,Clear,Embankment Earth,None,THP District 7 - Lawrenceburg,THP,Unbelted,-,-,Drug,-,-,-,-,-,-,ATV_Involved,-,-,Perry,Not in City Limit,3
91187,400379180,1,0,35.46635,-89.67119,4,2025-10-16 20:07:00,2025,10,16,20,7,Thursday,20:07,Fatal,Dark-Not Lighted,Clear,Ditch,None,THP District 4 - Memphis,THP,Unbelted,-,Drinking,-,-,-,-,-,-,-,-,-,-,Tipton,Not in City Limit,5
91188,400379182,0,4,35.09779,-89.83482,4,2025-10-17 17:08:00,2025,10,17,17,8,Friday,17:08,Suspected Serious Injury,Daylight,Clear,Motor Vehicle-In-Transport On Same Roadway,None,GERMANTOWN POLICE DEPT,Other,Unbelted,-,-,-,-,-,-,-,-,-,-,-,-,Shelby,Germantown,6