OBJECTID,MRN,Fatality,Injury,Latitude,Longitude,THP_District,Collision_Date,Collision_Year,Collision_Month,Collision_Day,Collision_Hour,Collision_Min,Collision_DOW,Collision_Time,Crash_Type,Light_Condition,Weather,First_Harmfu_Event,Work_Zone_Type,Agency_Name,THP,Unbelted,Distracted_Driver,Driver_Drinking,Driver_Drugged,Drowsy_Driver,Speeding_Involved,Pedalcyclist,Pedestrian,Other_Nonmotorist,ATV_Involved,LargeTruck_Involved,Motorcycle_Involved,SchoolBus,County,City,DOW_Nmb
91191,400379193,0,1,36.18158,-87.16766,3,2025-10-17 16:41:00,2025,10,17,16,41,Friday,16:41,Suspected Serious Injury,Daylight,Clear,Motor Vehicle-In-Transport On Same Roadway,None,THP District 3 - Nashville,THP,Unbelted,-,-,-,-,-,-,-,-,-,-,-,-,Dickson,Not in City Limit,6
91193,400379202,0,1,35.98812,-83.18172,5,2025-10-08 15:02:00,2025,10,8,15,2,Wednesday,15:02,Suspected Serious Injury,Daylight,Clear,Ditch,None,THP District 5 - Fall Branch,THP,Unbelted,-,-,-,-,Speeding,-,-,-,-,-,-,-,Cocke,Not in City Limit,4
91194,400379214,1,2,36.33193,-86.90077,3,2025-10-14 00:07:00,2025,10,14,0,7,Tuesday,00:07,Fatal,Dark-Not Lighted,Clear,Motor Vehicle-In-Transport On Same Roadway,Construction Zone,THP District 3 - Nashville,THP,Unbelted,-,-,Drug,-,-,-,Pedestrian,-,-,ATV_Involved,-,-,Davidson,Nashville,3
91198,400379223,0,1,35.37223,-89.4677,4,2025-10-17 20:39:00,2025,10,17,20,39,Friday,20:39,Suspected Serious Injury,Dark-Not Lighted,Clear,Motor Vehicle-In-Transport On Same Roadway,None,THP District 4 - Memphis,THP,Unbelted,-,-,-,-,-,-,-,-,-,-,-,-,Fayette,Not in City Limit,6
91206,400379249,0,1,36.02107,-84.05552,1,2025-10-16 14:57:00,2025,10,16,14,57,Thursday,14:57,Suspected Serious Injury,Daylight,Clear,Pedestrian,None,THP District 1 - Knoxville,THP,-,-,-,-,-,-,-,Pedestrian,-,-,-,-,-,Knox,Not in City Limit,5
91208,400379257,0,1,36.45553,-86.69254,3,2025-10-17 02:42:00,2025,10,17,2,42,Friday,02:42,Suspected Serious Injury,Dark-Not Lighted,Clear,Guard Rail Face,None,THP District 3 - Nashville,THP,Unbelted,-,-,-,-,-,-,-,-,-,-,-,-,Robertson,Not in City Limit,6
91210,400379264,0,1,36.02111,-83.92172,1,2025-10-17 20:55:00,2025,10,17,20,55,Friday,20:55,Suspected Serious Injury,Dark-Lighted,Clear,Pedestrian,None,KNOXVILLE POLICE DEPT,Other,Unbelted,-,-,-,-,-,-,Pedestrian,-,-,-,-,-,Knox,Knoxville,6
91220,400379309,0,1,35.92472,-86.87221,3,2025-10-18 01:02:00,2025,10,18,1,2,Saturday,01:02,Suspected Serious Injury,Dark-Lighted,Clear,Curb,None,FRANKLIN POLICE DEPT,Other,Unbelted,-,Drinking,-,-,Speeding,-,-,-,-,-,-,-,Williamson,Franklin,7
91236,400379391,0,2,35.43729,-84.46601,2,2025-10-16 08:08:00,2025,10,16,8,8,Thursday,08:08,Suspected Serious Injury,Daylight,Clear,Curb,None,THP District 2 - Chattanooga,THP,Unbelted,-,-,-,-,-,-,-,-,-,-,-,-,McMinn,Not in City Limit,5
91243,400379432,0,1,35.87351,-84.45903,1,2025-10-17 14:15:00,2025,10,17,14,15,Friday,14:15,Suspected Serious Injury,Daylight,Clear,Motor Vehicle-In-Transport On Same Roadway,None,THP District 1 - Knoxville,THP,Unbelted,-,-,Drug,-,-,-,-,-,-,ATV_Involved,-,-,Roane,Kingston,6
91247,400379454,0,1,35.9105,-88.6376,8,2025-10-18 07:05:00,2025,10,18,7,5,Saturday,07:05,Suspected Serious Injury,Daylight,Cloudy,Culvert,None,THP District 8 - Jackson,THP,Unbelted,-,-,-,Drowsy,-,-,-,-,-,-,-,-,Carroll,Not in City Limit,7
91251,400379469,1,2,36.41154,-84.48766,1,2025-10-18 09:00:00,2025,10,18,9,0,Saturday,09:00,Fatal,Daylight,Clear,Motor Vehicle-In-Transport On Same Roadway,None,THP District 1 - Knoxville,THP,Unbelted,-,-,-,Drowsy,-,-,-,-,-,-,-,-,Scott,Huntsville,7
91280,400379626,0,1,36.50224,-86.18899,6,2025-10-18 00:00:00,2025,10,18,24,0,Saturday,24:00,Suspected Serious Injury,Daylight,Clear,Embankment Earth,None,THP District 6 - Cookeville,THP,Unbelted,-,-,-,-,-,-,-,-,-,-,-,-,Macon,Not in City Limit,7
91282,400379638,0,3,35.29632,-85.08329,2,2025-10-18 14:00:00,2025,10,18,14,0,Saturday,14:00,Suspected Serious Injury,Daylight,Cloudy,"Over Turn, Roll Over",None,HAMILTON COUNTY SHERIFF'S OFFICE,Other,-,-,-,-,-,-,-,-,-,-,-,-,-,Hamilton,Not in City Limit,7
91297,400379696,0,2,35.82717,-83.60317,1,2025-10-18 20:04:00,2025,10,18,20,4,Saturday,20:04,Suspected Serious Injury,Dark-Not Lighted,Clear,Embankment Earth,None,THP District 1 - Knoxville,THP,Unbelted,-,-,-,-,-,-,-,-,-,-,-,-,Sevier,Not in City Limit,7
91307,400379729,0,1,36.03528,-85.06838,6,2025-10-18 17:22:00,2025,10,18,17,22,Saturday,17:22,Suspected Serious Injury,Daylight,Clear,Mail Box,None,CUMBERLAND CO SHERIFFS OFFICE,Other,-,-,-,-,-,-,-,-,-,-,-,Motorcyclist,-,Cumberland,Not in City Limit,7
91319,400379768,0,1,36.09418,-83.24629,5,2025-10-18 20:21:00,2025,10,18,20,21,Saturday,20:21,Suspected Serious Injury,Dark-Not Lighted,Clear,Embankment Earth,None,JEFFERSON CO SHERIFFS DEPT,Other,-,-,-,-,-,Speeding,-,-,-,-,-,Motorcyclist,-,Jefferson,White Pine,7
91332,400379812,0,1,35.04641,-85.09759,2,2025-10-19 02:22:00,2025,10,19,2,22,Sunday,02:22,Suspected Serious Injury,Dark-Not Lighted,Clear,Ditch,None,HAMILTON COUNTY SHERIFF'S OFFICE,Other,Unbelted,-,Drinking,-,Drowsy,Speeding,-,-,-,-,-,-,-,Hamilton,Not in City Limit,1
91333,400379818,0,1,36.28522,-84.97729,6,2025-10-19 01:00:00,2025,10,19,1,0,Sunday,01:00,Suspected Serious Injury,Dark-Not Lighted,Cloudy,Culvert,None,THP District 6 - Cookeville,THP,Unbelted,-,Drinking,-,-,-,-,-,-,-,-,-,-,Fentress,Not in City Limit,1
91337,400379835,0,4,36.54035,-85.93942,6,2025-10-18 01:30:00,2025,10,18,1,30,Saturday,01:30,Suspected Serious Injury,Dark-Not Lighted,Clear,"Over Turn, Roll Over",None,MACON CO SHERIFFS OFFICE,Other,-,-,-,-,-,Speeding,-,-,-,ATV_Involved,-,-,-,Macon,Lafayette,7
91368,400380016,1,0,36.33647,-86.77695,3,2025-10-18 17:10:00,2025,10,18,17,10,Saturday,17:10,Fatal,Dark-Not Lighted,Clear,Culvert,None,METROPOLITAN NASHVILLE POLICE DEPT,Other,-,-,Drinking,Drug,-,-,-,-,-,-,-,Motorcyclist,-,Davidson,Goodlettsville,7
91375,400380046,1,1,36.27342,-86.71005,3,2025-10-18 23:55:00,2025,10,18,23,55,Saturday,23:55,Fatal,Dark-Lighted,Rain,Motor Vehicle-In-Transport On Same Roadway,None,METROPOLITAN NASHVILLE POLICE DEPT,Other,Unbelted,-,-,-,-,-,-,-,-,-,-,-,-,Davidson,Nashville,7
91378,400380064,0,2,36.32362,-88.08173,8,2025-10-17 10:46:00,2025,10,17,10,46,Friday,10:46,Suspected Serious Injury,Daylight,Clear,Motor Vehicle-In-Transport On Same Roadway,None,THP District 8 - Jackson,THP,Unbelted,-,-,-,-,-,-,-,-,-,-,Motorcyclist,-,Benton,Not in City Limit,6
91387,400380106,0,2,36.28178,-86.92705,3,2025-10-19 13:05:00,2025,10,19,13,5,Sunday,13:05,Suspected Serious Injury,Daylight,Clear,Standing Tree,None,METROPOLITAN NASHVILLE POLICE DEPT,Other,Unbelted,Distracted,-,-,-,Speeding,-,-,-,-,-,-,-,Davidson,Nashville,1
91402,400380165,0,4,36.05274,-83.98972,1,2025-10-19 16:08:00,2025,10,19,16,8,Sunday,16:08,Suspected Serious Injury,Daylight,Cloudy,Motor Vehicle-In-Transport On Same Roadway,None,KNOX CO SHERIFFS OFFICE,Other,Unbelted,-,-,-,-,-,-,-,-,-,-,-,-,Knox,Not in City Limit,1
91403,400380169,0,1,36.00807,-86.83296,3,2025-10-19 16:12:00,2025,10,19,16,12,Sunday,16:12,Suspected Serious Injury,Daylight,Clear,Pedestrian,None,BRENTWOOD POLICE DEPT,Other,Unbelted,-,-,-,-,-,-,Pedestrian,-,-,-,-,-,Williamson,Brentwood,1
91406,400380180,0,1,35.59472,-89.24011,4,2025-10-17 08:20:00,2025,10,17,8,20,Friday,08:20,Suspected Serious Injury,Daylight,Clear,Standing Tree,None,BROWNSVILLE POLICE DEPT,Other,Unbelted,-,-,-,-,-,-,-,-,-,-,-,-,Haywood,Brownsville,6
91410,400380192,0,1,35.98199,-86.56012,3,2025-10-17 00:00:00,2025,10,17,24,0,Friday,24:00,Suspected Serious Injury,Daylight,Clear,Pedestrian,None,SMYRNA POLICE DEPT,Other,Unbelted,-,-,-,-,-,-,Pedestrian,-,-,-,-,-,Rutherford,Smyrna,6
91435,400380294,0,1,36.15781,-86.77854,3,2025-10-19 21:00:00,2025,10,19,21,0,Sunday,21:00,Suspected Serious Injury,Dark-Lighted,Clear,Pedal-Cycle,None,METROPOLITAN NASHVILLE POLICE DEPT,Other,Unbelted,-,-,-,-,-,Pedalcyclist,-,-,-,-,-,-,Davidson,Nashville,1
91436,400380301,0,1,35.24117,-85.84444,2,2025-10-17 18:57:00,2025,10,17,18,57,Friday,18:57,Suspected Serious Injury,Dark-Lighted,Clear,Pedestrian,None,THP District 2 - Chattanooga,THP,Unbelted,-,-,-,-,-,-,Pedestrian,-,-,-,-,-,Grundy,Monteagle,6
91444,400380331,0,5,36.6254,-87.36987,3,2025-10-19 23:08:00,2025,10,19,23,8,Sunday,23:08,Suspected Serious Injury,Dark-Not Lighted,Clear,Motor Vehicle-In-Transport On Same Roadway,None,THP District 3 - Nashville,THP,Unbelted,-,-,-,-,-,-,-,-,-,-,-,-,Montgomery,Clarksville,1
91449,400380348,0,1,36.47835,-87.07072,3,2025-10-18 21:14:00,2025,10,18,21,14,Saturday,21:14,Suspected Serious Injury,Dark-Not Lighted,Clear,Ditch,None,THP District 3 - Nashville,THP,Unbelted,-,Drinking,Drug,-,-,-,-,-,-,-,-,-,Robertson,Not in City Limit,7
91452,400380364,1,0,36.49455,-86.88865,3,2025-10-18 23:22:00,2025,10,18,23,22,Saturday,23:22,Fatal,Dark-Lighted,Cloudy,Motor Vehicle-In-Transport On Same Roadway,None,THP District 3 - Nashville,THP,Unbelted,-,-,-,-,-,-,-,-,-,-,Motorcyclist,-,Robertson,Springfield,7
91456,400380404,0,1,36.07195,-84.51875,1,2025-10-10 08:37:00,2025,10,10,8,37,Friday,08:37,Suspected Serious Injury,Daylight,Clear,Ditch,None,MORGAN CO SHERIFFS DEPT,Other,Unbelted,Distracted,-,-,-,Speeding,-,-,-,-,-,-,-,Morgan,Not in City Limit,6
91460,400380426,0,2,35.63911,-85.17043,2,2025-10-20 05:34:00,2025,10,20,5,34,Monday,05:34,Suspected Serious Injury,Dark-Not Lighted,Fog,Motor Vehicle-In-Transport On Same Roadway,None,THP District 2 - Chattanooga,THP,Unbelted,-,-,-,-,-,-,-,-,-,ATV_Involved,-,-,Bledsoe,Not in City Limit,2
91461,400380428,0,3,35.78341,-83.89551,1,2025-10-20 07:35:00,2025,10,20,7,35,Monday,07:35,Suspected Serious Injury,Daylight,Cloudy,Motor Vehicle-In-Transport On Same Roadway,None,BLOUNT CO SHERIFFS DEPT,Other,Unbelted,-,-,-,-,-,-,-,-,-,-,-,-,Blount,Not in City Limit,2
91467,400380490,0,4,36.08826,-87.45021,3,2025-10-20 08:57:00,2025,10,20,8,57,Monday,08:57,Suspected Serious Injury,Daylight,Clear,Motor Vehicle-In-Transport On Same Roadway,None,THP District 3 - Nashville,THP,Unbelted,-,-,-,-,-,-,-,-,-,-,-,-,Dickson,Not in City Limit,2
91472,400380511,1,1,36.19977,-86.59202,3,2025-10-20 02:43:00,2025,10,20,2,43,Monday,02:43,Fatal,Dark-Not Lighted,Clear,Motor Vehicle-In-Transport On Same Roadway,None,METROPOLITAN NASHVILLE POLICE DEPT,Other,Unbelted,-,-,-,-,-,-,-,-,-,-,-,-,Davidson,Nashville,2
91484,400380579,0,1,35.09763,-84.54908,2,2025-10-20 13:50:00,2025,10,20,13,50,Monday,13:50,Suspected Serious Injury,Daylight,Clear,Fell/Jumped From Vehicle,None,THP District 2 - Chattanooga,THP,-,-,-,-,-,-,-,-,-,-,-,Motorcyclist,-,Polk,Not in City Limit,2
91505,400380714,0,1,36.31925,-82.1997,5,2025-10-20 16:24:00,2025,10,20,16,24,Monday,16:24,Suspected Serious Injury,Daylight,Clear,Motor Vehicle-In-Transport On Same Roadway,None,THP District 5 - Fall Branch,THP,Unbelted,-,-,-,-,-,-,-,-,-,-,-,-,Carter,Not in City Limit,2
91510,400380734,0,1,35.98135,-83.90117,1,2025-10-20 18:11:00,2025,10,20,18,11,Monday,18:11,Suspected Serious Injury,Daylight,Clear,Pedestrian,None,KNOXVILLE POLICE DEPT,Other,Unbelted,-,-,-,-,-,-,Pedestrian,-,-,-,-,-,Knox,Knoxville,2
91526,400380802,0,6,35.8626,-83.74388,1,2025-10-16 14:22:00,2025,10,16,14,22,Thursday,14:22,Suspected Serious Injury,Daylight,Clear,Motor Vehicle-In-Transport On Same Roadway,None,THP District 1 - Knoxville,THP,Unbelted,Distracted,-,-,-,-,-,-,-,-,-,-,-,Sevier,Not in City Limit,5
91539,400380855,0,3,35.90732,-86.4447,3,2025-10-20 18:24:00,2025,10,20,18,24,Monday,18:24,Suspected Serious Injury,Dark-Not Lighted,Clear,Motor Vehicle-In-Transport On Same Roadway,None,THP District 3 - Nashville,THP,Unbelted,-,-,-,-,Speeding,-,-,-,-,-,-,-,Rutherford,Not in City Limit,2
91553,400380940,0,2,35.8745,-84.17526,1,2025-10-20 11:04:00,2025,10,20,11,4,Monday,11:04,Suspected Serious Injury,Daylight,Clear,Motor Vehicle-In-Transport On Same Roadway,None,THP District 1 - Knoxville,THP,Unbelted,-,-,-,-,-,-,-,-,-,-,-,-,Knox,Farragut,2
91557,400380973,0,2,36.36986,-88.91059,8,2025-10-21 05:59:00,2025,10,21,5,59,Tuesday,05:59,Suspected Serious Injury,Dark-Not Lighted,Clear,Motor Vehicle-In-Transport On Same Roadway,None,THP District 8 - Jackson,THP,Unbelted,-,-,-,-,-,-,-,-,-,-,-,-,Weakley,Not in City Limit,3
91576,400381066,0,1,36.34833,-85.33472,6,2025-10-21 09:02:00,2025,10,21,9,2,Tuesday,09:02,Suspected Serious Injury,Daylight,Clear,Ditch,None,THP District 6 - Cookeville,THP,Unbelted,-,-,-,-,-,-,-,-,-,-,-,-,Overton,Not in City Limit,3
91586,400381145,0,3,35.05458,-88.43802,8,2025-10-20 18:04:00,2025,10,20,18,4,Monday,18:04,Suspected Serious Injury,Daylight,Clear,Motor Vehicle-In-Transport On Same Roadway,None,THP District 8 - Jackson,THP,Unbelted,-,-,-,-,-,-,-,-,-,-,-,-,McNairy,Michie,2
91599,400381211,1,0,36.10752,-86.92236,3,2025-10-17 19:24:00,2025,10,17,19,24,Friday,19:24,Fatal,Dark-Lighted,Clear,Pedestrian,None,METROPOLITAN NASHVILLE POLICE DEPT,Other,-,-,-,-,-,-,-,Pedestrian,-,-,-,-,-,Davidson,Nashville,6
91603,400381230,0,1,35.92444,-86.41575,3,2025-10-20 16:31:00,2025,10,20,16,31,Monday,16:31,Suspected Serious Injury,Daylight,Clear,Standing Tree,None,RUTHERFORD CO SHERIFFS DEPT,Other,Unbelted,-,Drinking,Drug,-,-,-,-,-,-,-,-,-,Rutherford,Not in City Limit,2
91634,400381391,0,2,35.95633,-86.76724,3,2025-10-21 16:10:00,2025,10,21,16,10,Tuesday,16:10,Suspected Serious Injury,Daylight,Clear,Motor Vehicle-In-Transport On Same Roadway,None,BRENTWOOD POLICE DEPT,Other,Unbelted,-,-,-,-,-,-,-,-,-,-,-,-,Williamson,Brentwood,3
91652,400381489,0,1,35.9887,-84.06956,1,2025-10-13 14:34:00,2025,10,13,14,34,Monday,14:34,Suspected Serious Injury,Daylight,Clear,Pedestrian,None,KNOX CO SHERIFFS OFFICE,Other,Unbelted,Distracted,-,-,-,-,-,Pedestrian,-,-,-,-,-,Knox,Not in City Limit,2
91680,400381640,0,2,36.19391,-86.75951,3,2025-10-22 07:25:00,2025,10,22,7,25,Wednesday,07:25,Suspected Serious Injury,Daylight,Clear,Motor Vehicle-In-Transport On Same Roadway,None,METROPOLITAN NASHVILLE POLICE DEPT,Other,Unbelted,-,-,-,-,-,-,-,-,-,-,-,-,Davidson,Nashville,4
91686,400381671,0,1,36.36202,-85.38115,6,2025-10-19 00:00:00,2025,10,19,24,0,Sunday,24:00,Suspected Serious Injury,Dark-Not Lighted,Clear,Standing Tree,None,OVERTON CO SHERIFFS DEPT,Other,Unbelted,-,-,-,-,-,-,-,-,-,-,-,-,Overton,Not in City Limit,1
91691,400381707,0,2,35.23364,-89.44295,4,2025-10-22 06:42:00,2025,10,22,6,42,Wednesday,06:42,Suspected Serious Injury,Dark-Not Lighted,Clear,Motor Vehicle-In-Transport On Different Roadway,None,SOMERVILLE POLICE DEPT,Other,Unbelted,-,-,-,-,-,-,-,-,-,-,-,-,Fayette,Somerville,4
91705,400381799,0,1,35.96457,-83.92387,1,2025-10-22 08:11:00,2025,10,22,8,11,Wednesday,08:11,Suspected Serious Injury,Daylight,Clear,Non-Motorist Personal Conveyance,None,KNOXVILLE POLICE DEPT,Other,Unbelted,-,-,-,-,-,-,Pedestrian,-,-,-,-,-,Knox,Knoxville,4
91708,400381812,0,1,36.25895,-83.76859,5,2025-10-21 16:42:00,2025,10,21,16,42,Tuesday,16:42,Suspected Serious Injury,Daylight,Clear,Utility Pole,None,MAYNARDVILLE POLICE DEPT,Other,-,Distracted,-,-,-,-,-,-,-,-,-,Motorcyclist,-,Union,Maynardville,3
91722,400381899,0,1,35.67837,-83.97448,1,2025-10-22 12:16:00,2025,10,22,12,16,Wednesday,12:16,Suspected Serious Injury,Daylight,Clear,Motor Vehicle-In-Transport On Same Roadway,None,THP District 1 - Knoxville,THP,Unbelted,-,-,-,-,-,-,-,-,-,-,-,-,Blount,Not in City Limit,4
91734,400381945,0,1,35.45465,-87.33869,7,2025-10-22 14:41:00,2025,10,22,14,41,Wednesday,14:41,Suspected Serious Injury,Daylight,Clear,Motor Vehicle-In-Transport On Same Roadway,None,THP District 7 - Lawrenceburg,THP,Unbelted,-,-,-,-,-,-,-,-,-,-,Motorcyclist,-,Lawrence,Not in City Limit,4
91738,400381956,0,2,35.74509,-89.45523,4,2025-10-22 16:25:00,2025,10,22,16,25,Wednesday,16:25,Suspected Serious Injury,Daylight,Clear,Ditch,None,THP District 4 - Memphis,THP,Unbelted,-,-,-,-,-,-,-,-,-,-,-,-,Lauderdale,Not in City Limit,4
91762,400382067,0,1,35.74926,-89.55239,4,2025-10-22 20:24:00,2025,10,22,20,24,Wednesday,20:24,Suspected Serious Injury,Dark-Unknown Lighting,Clear,Motor Vehicle-In-Transport On Same Roadway,None,RIPLEY POLICE DEPT,Other,Unbelted,Distracted,-,-,-,-,-,-,-,-,-,-,-,Lauderdale,Ripley,4
91775,400382115,0,1,36.34267,-88.85589,8,2025-10-22 19:49:00,2025,10,22,19,49,Wednesday,19:49,Suspected Serious Injury,Dark-Lighted,Clear,Motor Vehicle-In-Transport On Same Roadway,None,MARTIN POLICE DEPT,Other,Unbelted,-,-,-,-,-,-,-,-,-,-,Motorcyclist,-,Weakley,Martin,4
91779,400382143,1,0,36.5834,-83.78473,5,2025-10-23 02:42:00,2025,10,23,2,42,Thursday,02:42,Fatal,Dark-Not Lighted,Clear,"Over Turn, Roll Over",None,THP District 5 - Fall Branch,THP,Unbelted,-,Drinking,Drug,-,-,-,-,-,-,-,-,-,Claiborne,Not in City Limit,5
91784,400382169,0,1,35.95755,-85.8115,6,2025-10-23 03:32:00,2025,10,23,3,32,Thursday,03:32,Suspected Serious Injury,Dark-Lighted,Clear,Motor Vehicle-In-Transport On Same Roadway,None,THP District 6 - Cookeville,THP,Unbelted,-,-,-,Drowsy,-,-,-,-,-,-,-,-,DeKalb,Smithville,5
91802,400382306,0,2,36.03835,-87.1555,3,2025-10-23 09:44:00,2025,10,23,9,44,Thursday,09:44,Suspected Serious Injury,Daylight,Clear,Ditch,None,THP District 3 - Nashville,THP,Unbelted,-,-,-,-,-,-,-,-,-,-,-,-,Williamson,Fairview,5
91819,400382417,0,1,35.75994,-83.34233,1,2025-10-23 13:20:00,2025,10,23,13,20,Thursday,13:20,Suspected Serious Injury,Daylight,Clear,Fell/Jumped From Vehicle,None,THP District 1 - Knoxville,THP,-,-,-,-,-,-,-,-,-,-,-,Motorcyclist,-,Sevier,Not in City Limit,5
91833,400382510,1,0,36.11544,-87.13124,3,2025-10-22 16:15:00,2025,10,22,16,15,Wednesday,16:15,Fatal,Daylight,Clear,Utility Pole,None,THP District 3 - Nashville,THP,Unbelted,-,Drinking,Drug,-,-,-,-,-,-,-,-,-,Cheatham,Not in City Limit,4
91858,400382619,0,1,35.92702,-85.43625,6,2025-10-23 13:45:00,2025,10,23,13,45,Thursday,13:45,Suspected Serious Injury,Daylight,Clear,Boulder,None,THP District 6 - Cookeville,THP,Unbelted,-,-,-,-,-,-,-,-,-,-,-,-,White,Not in City Limit,5
91864,400382645,0,1,35.63513,-87.34127,7,2025-10-23 15:20:00,2025,10,23,15,20,Thursday,15:20,Suspected Serious Injury,Daylight,Clear,Ditch,None,THP District 7 - Lawrenceburg,THP,-,-,-,-,-,-,-,-,-,-,-,Motorcyclist,-,Lewis,Not in City Limit,5
91871,400382714,0,1,36.09087,-86.73452,3,2025-10-23 22:28:00,2025,10,23,22,28,Thursday,22:28,Suspected Serious Injury,Dark-Lighted,Clear,Utility Pole,None,METROPOLITAN NASHVILLE POLICE DEPT,Other,Unbelted,-,-,-,-,Speeding,-,-,-,-,-,-,-,Davidson,Nashville,5
91875,400382732,0,1,36.23728,-86.73219,3,2025-10-24 00:46:00,2025,10,24,0,46,Friday,00:46,Suspected Serious Injury,Dark-Lighted,Clear,Concrete Traffic Barrier,None,METROPOLITAN NASHVILLE POLICE DEPT,Other,Unbelted,-,-,-,-,-,-,-,-,-,-,-,-,Davidson,Nashville,6
91878,400382759,0,1,35.36862,-86.19986,2,2025-10-23 00:00:00,2025,10,23,24,0,Thursday,24:00,Suspected Serious Injury,Dark-Lighted,Clear,Pedestrian,None,TULLAHOMA POLICE DEPT,Other,Unbelted,-,-,-,-,-,Pedalcyclist,-,-,-,-,-,-,Coffee,Tullahoma,5
91922,400383024,0,3,36.2062,-82.10611,5,2025-10-24 11:40:00,2025,10,24,11,40,Friday,11:40,Suspected Serious Injury,Daylight,Clear,Motor Vehicle-In-Transport On Same Roadway,None,THP District 5 - Fall Branch,THP,Unbelted,-,-,-,-,-,-,-,-,-,-,-,-,Carter,Not in City Limit,6
91928,400383052,0,1,36.44316,-82.54771,5,2025-10-24 10:55:00,2025,10,24,10,55,Friday,10:55,Suspected Serious Injury,Daylight,Clear,"Over Turn, Roll Over",None,THP District 5 - Fall Branch,THP,Unbelted,-,-,-,-,-,-,-,-,-,-,-,-,Sullivan,Kingsport,6
91948,400383164,0,4,35.46687,-89.65411,4,2025-10-21 11:00:00,2025,10,21,11,0,Tuesday,11:00,Suspected Serious Injury,Daylight,Clear,Motor Vehicle-In-Transport On Same Roadway,None,THP District 4 - Memphis,THP,Unbelted,-,-,Drug,-,-,-,-,-,-,-,-,-,Tipton,Not in City Limit,3
91962,400383268,1,0,35.87491,-83.21551,5,2025-10-24 17:20:00,2025,10,24,17,20,Friday,17:20,Fatal,Daylight,Clear,Ditch,None,COCKE CO SHERIFFS DEPT,Other,Unbelted,-,-,-,-,-,-,-,-,-,-,-,-,Cocke,Not in City Limit,6
91974,400383309,1,3,36.32367,-86.70603,3,2025-10-24 20:02:00,2025,10,24,20,2,Friday,20:02,Fatal,Dark-Lighted,Clear,Motor Vehicle-In-Transport On Same Roadway,None,GOODLETTSVILLE POLICE DEPT,Other,Unbelted,-,-,-,-,-,-,-,-,-,ATV_Involved,-,-,Davidson,Goodlettsville,6
91975,400383314,0,1,36.58537,-86.8892,3,2025-10-24 18:42:00,2025,10,24,18,42,Friday,18:42,Suspected Serious Injury,Dark-Not Lighted,Clear,Pedestrian,None,THP District 3 - Nashville,THP,Unbelted,-,-,-,-,-,-,Pedestrian,-,-,-,-,-,Robertson,Not in City Limit,6
91976,400383318,1,0,35.88793,-88.92782,8,2025-10-23 08:55:00,2025,10,23,8,55,Thursday,08:55,Fatal,Dark-Not Lighted,Clear,Motor Vehicle-In-Transport On Same Roadway,None,THP District 8 - Jackson,THP,Unbelted,-,-,Drug,-,-,-,-,-,-,-,Motorcyclist,-,Gibson,Not in City Limit,5
91979,400383333,0,1,35.4664,-88.24628,8,2025-10-24 18:30:00,2025,10,24,18,30,Friday,18:30,Suspected Serious Injury,Dark-Not Lighted,Clear,Ditch,None,THP District 8 - Jackson,THP,Unbelted,-,-,-,-,-,-,-,-,-,-,-,-,Henderson,Not in City Limit,6
91986,400383360,0,3,35.95151,-83.99403,1,2025-10-24 16:05:00,2025,10,24,16,5,Friday,16:05,Suspected Serious Injury,Daylight,Cloudy,Motor Vehicle-In-Transport On Same Roadway,None,KNOXVILLE POLICE DEPT,Other,Unbelted,-,-,-,-,-,-,-,-,-,-,-,-,Knox,Knoxville,6
91989,400383380,0,1,35.65433,-88.88134,8,2025-10-24 23:32:00,2025,10,24,23,32,Friday,23:32,Suspected Serious Injury,Dark-Lighted,Clear,Motor Vehicle-In-Transport On Same Roadway,None,THP District 8 - Jackson,THP,Unbelted,Distracted,-,-,-,-,-,-,-,-,ATV_Involved,-,-,Madison,Not in City Limit,6
91992,400383395,0,2,36.46355,-82.22449,5,2025-10-25 00:44:00,2025,10,25,0,44,Saturday,00:44,Suspected Serious Injury,Dark-Not Lighted,Clear,Utility Pole,None,THP District 5 - Fall Branch,THP,Unbelted,-,-,-,-,Speeding,-,-,-,-,-,-,-,Sullivan,Not in City Limit,7
91993,400383398,0,2,35.99946,-84.22617,1,2025-10-24 22:54:00,2025,10,24,22,54,Friday,22:54,Suspected Serious Injury,Dark-Not Lighted,Clear,Motor Vehicle-In-Transport On Same Roadway,None,OAK RIDGE POLICE DEPT,Other,Unbelted,-,-,-,-,-,-,-,-,-,-,-,-,Anderson,Oak Ridge,6
92001,400383474,1,0,35.32883,-85.93025,2,2025-10-24 11:30:00,2025,10,24,11,30,Friday,11:30,Fatal,Daylight,Clear,Motor Vehicle-In-Transport On Same Roadway,None,THP District 2 - Chattanooga,THP,Unbelted,-,-,-,-,Speeding,-,-,-,-,-,-,-,Coffee,Not in City Limit,6