OBJECTID,MRN,Fatality,Injury,Latitude,Longitude,THP_District,Collision_Date,Collision_Year,Collision_Month,Collision_Day,Collision_Hour,Collision_Min,Collision_DOW,Collision_Time,Crash_Type,Light_Condition,Weather,First_Harmfu_Event,Work_Zone_Type,Agency_Name,THP,Unbelted,Distracted_Driver,Driver_Drinking,Driver_Drugged,Drowsy_Driver,Speeding_Involved,Pedalcyclist,Pedestrian,Other_Nonmotorist,ATV_Involved,LargeTruck_Involved,Motorcycle_Involved,SchoolBus,County,City,DOW_Nmb
92008,400383538,1,1,36.22061,-86.62483,3,2025-10-24 13:18:00,2025,10,24,13,18,Friday,13:18,Fatal,Daylight,Clear,Motor Vehicle-In-Transport On Same Roadway,None,METROPOLITAN NASHVILLE POLICE DEPT,Other,Unbelted,-,-,Drug,-,-,-,-,-,-,-,-,-,Davidson,Nashville,6
92009,400383539,0,1,35.73424,-85.5288,6,2025-10-25 09:30:00,2025,10,25,9,30,Saturday,09:30,Suspected Serious Injury,Daylight,Clear,Ditch,None,THP District 6 - Cookeville,THP,Unbelted,-,Drinking,-,-,-,-,-,-,-,-,-,-,Van Buren,Not in City Limit,7
92039,400383733,0,4,36.05606,-87.37033,3,2025-10-25 13:50:00,2025,10,25,13,50,Saturday,13:50,Suspected Serious Injury,Daylight,Clear,Motor Vehicle-In-Transport On Same Roadway,None,DICKSON POLICE DEPT,Other,Unbelted,-,-,-,-,-,-,-,-,-,-,-,-,Dickson,Dickson,7
92050,400383791,0,1,36.22276,-82.32196,5,2025-10-25 19:09:00,2025,10,25,19,9,Saturday,19:09,Suspected Serious Injury,Dark-Not Lighted,Clear,"Over Turn, Roll Over",None,THP District 5 - Fall Branch,THP,-,-,-,-,-,-,-,-,-,-,-,Motorcyclist,-,Unicoi,Unicoi,7
92053,400383814,0,1,36.00575,-84.39437,1,2025-10-25 00:00:00,2025,10,25,24,0,Saturday,24:00,Suspected Serious Injury,Dark-Not Lighted,Clear,Utility Pole,None,ROANE CO SHERIFFS DEPT,Other,Unbelted,-,-,-,-,-,-,-,-,-,-,-,-,Roane,Not in City Limit,7
92055,400383824,0,1,36.12208,-86.98526,3,2025-10-25 13:58:00,2025,10,25,13,58,Saturday,13:58,Suspected Serious Injury,Daylight,Clear,Occupant Struck By Own Vehicle,None,METROPOLITAN NASHVILLE POLICE DEPT,Other,-,-,-,-,-,-,-,-,-,-,-,Motorcyclist,-,Davidson,Nashville,7
92057,400383828,0,1,35.27571,-85.11789,2,2025-10-25 18:25:00,2025,10,25,18,25,Saturday,18:25,Suspected Serious Injury,Dusk,Clear,Deer,None,HAMILTON COUNTY SHERIFF'S OFFICE,Other,-,-,-,-,-,-,-,-,-,-,-,Motorcyclist,-,Hamilton,Not in City Limit,7
92075,400383901,1,0,35.76492,-84.12853,1,2025-10-25 19:55:00,2025,10,25,19,55,Saturday,19:55,Fatal,Dark-Not Lighted,Clear,Embankment Earth,None,BLOUNT CO SHERIFFS DEPT,Other,Unbelted,-,-,-,-,Speeding,-,-,-,-,-,-,-,Blount,Friendsville,7
92079,400383915,0,1,36.00954,-85.59603,6,2025-10-25 21:56:00,2025,10,25,21,56,Saturday,21:56,Suspected Serious Injury,Dark-Not Lighted,Clear,Standing Tree,None,WHITE CO SHERIFFS DEPT,Other,Unbelted,-,-,-,-,-,-,-,-,-,-,-,-,White,Not in City Limit,7
92084,400383943,0,1,35.9691,-83.63761,1,2025-10-26 00:49:00,2025,10,26,0,49,Sunday,00:49,Suspected Serious Injury,Dark-Not Lighted,Clear,Embankment Earth,None,THP District 1 - Knoxville,THP,Unbelted,-,-,-,-,-,-,-,-,-,-,-,-,Sevier,Not in City Limit,1
92098,400384056,0,1,35.79748,-87.44848,7,2025-10-25 05:35:00,2025,10,25,5,35,Saturday,05:35,Suspected Serious Injury,Dark-Not Lighted,Clear,Standing Tree,None,THP District 7 - Lawrenceburg,THP,Unbelted,-,-,-,-,-,-,-,-,-,-,-,-,Hickman,Not in City Limit,7
92099,400384061,0,1,36.41571,-85.28608,6,2025-10-26 08:00:00,2025,10,26,8,0,Sunday,08:00,Suspected Serious Injury,Daylight,Cloudy,Motor Vehicle-In-Transport On Same Roadway,None,THP District 6 - Cookeville,THP,Unbelted,-,-,-,-,-,-,-,-,-,-,-,-,Overton,Not in City Limit,1
92105,400384098,0,2,35.87818,-84.06459,1,2025-10-23 07:41:00,2025,10,23,7,41,Thursday,07:41,Suspected Serious Injury,Daylight,Clear,Motor Vehicle-In-Transport On Same Roadway,None,KNOX CO SHERIFFS OFFICE,Other,Unbelted,-,-,-,-,-,-,-,-,-,-,-,-,Knox,Not in City Limit,5
92110,400384132,0,1,36.13104,-86.89671,3,2025-10-26 11:29:00,2025,10,26,11,29,Sunday,11:29,Suspected Serious Injury,Daylight,Cloudy,Other Non-Fixed Object,None,METROPOLITAN NASHVILLE POLICE DEPT,Other,Unbelted,-,-,-,-,-,-,-,-,-,-,-,-,Davidson,Nashville,1
92126,400384216,0,2,35.65004,-88.89229,8,2025-10-24 21:12:00,2025,10,24,21,12,Friday,21:12,Suspected Serious Injury,Dark-Not Lighted,Clear,Motor Vehicle-In-Transport On Same Roadway,None,THP District 8 - Jackson,THP,Unbelted,-,-,-,Drowsy,-,-,-,-,-,ATV_Involved,-,-,Madison,Not in City Limit,6
92132,400384248,0,4,35.95809,-86.49768,3,2025-10-26 15:17:00,2025,10,26,15,17,Sunday,15:17,Suspected Serious Injury,Daylight,Rain,Motor Vehicle-In-Transport On Same Roadway,None,SMYRNA POLICE DEPT,Other,Unbelted,-,-,-,-,-,-,-,-,-,ATV_Involved,-,-,Rutherford,Smyrna,1
92156,400384354,1,0,35.6999,-84.37665,1,2025-10-26 01:37:00,2025,10,26,1,37,Sunday,01:37,Fatal,Dark-Not Lighted,Clear,Standing Tree,None,THP District 1 - Knoxville,THP,Unbelted,-,-,Drug,-,-,-,-,-,-,-,-,-,Loudon,Not in City Limit,1
92158,400384370,1,1,35.81235,-83.9417,1,2025-10-24 17:51:00,2025,10,24,17,51,Friday,17:51,Fatal,Daylight,Clear,Motor Vehicle-In-Transport On Same Roadway,None,ALCOA POLICE DEPARTMENT,Other,Unbelted,-,Drinking,Drug,-,Speeding,-,-,-,-,-,-,-,Blount,Alcoa,6
92176,400384454,1,0,36.06383,-87.35458,3,2025-10-26 23:03:00,2025,10,26,23,3,Sunday,23:03,Fatal,Dark-Lighted,Rain,Utility Pole,None,DICKSON POLICE DEPT,Other,Unbelted,-,-,-,-,-,-,-,-,-,-,-,-,Dickson,Dickson,1
92181,400384472,1,0,35.78765,-83.92724,1,2025-10-26 22:14:00,2025,10,26,22,14,Sunday,22:14,Fatal,Dark-Not Lighted,Rain,Culvert,None,BLOUNT CO SHERIFFS DEPT,Other,Unbelted,-,-,-,-,Speeding,-,-,-,-,-,-,-,Blount,Not in City Limit,1
92182,400384475,0,1,36.14612,-86.46394,3,2025-10-25 20:34:00,2025,10,25,20,34,Saturday,20:34,Suspected Serious Injury,Dark-Not Lighted,Clear,Motor Vehicle-In-Transport On Same Roadway,None,THP District 3 - Nashville,THP,Unbelted,-,-,Drug,-,-,-,-,-,ATV_Involved,-,-,-,Wilson,Not in City Limit,7
92185,400384481,0,1,36.09886,-89.29549,8,2025-10-26 02:02:00,2025,10,26,2,2,Sunday,02:02,Suspected Serious Injury,Dark-Not Lighted,Clear,Utility Pole,None,NEWBERN POLICE DEPT,Other,Unbelted,-,Drinking,Drug,-,-,-,-,-,-,-,-,-,Dyer,Newbern,1
92198,400384565,0,1,36.15909,-83.72839,5,2025-10-23 14:28:00,2025,10,23,14,28,Thursday,14:28,Suspected Serious Injury,Daylight,Clear,Motor Vehicle-In-Transport On Same Roadway,None,BLAINE POLICE DEPT,Other,Unbelted,-,-,-,-,-,-,-,-,-,-,-,-,Grainger,Blaine,5
92202,400384580,0,1,36.45601,-87.0961,3,2025-10-26 07:14:00,2025,10,26,7,14,Sunday,07:14,Suspected Serious Injury,Dark-Not Lighted,Cloudy,Fence,None,THP District 3 - Nashville,THP,Unbelted,-,Drinking,Drug,-,-,-,-,-,-,-,-,-,Robertson,Not in City Limit,1
92232,400384810,0,1,36.37318,-85.64738,6,2025-10-27 13:07:00,2025,10,27,13,7,Monday,13:07,Suspected Serious Injury,Daylight,Cloudy,Ditch,None,THP District 6 - Cookeville,THP,Unbelted,-,-,-,-,Speeding,-,-,-,-,-,-,-,Jackson,Gainesboro,2
92234,400384832,0,1,36.44466,-82.54072,5,2025-10-27 13:11:00,2025,10,27,13,11,Monday,13:11,Suspected Serious Injury,Daylight,Rain,Guard Rail End,None,THP District 5 - Fall Branch,THP,Unbelted,-,-,-,-,-,-,-,-,-,-,-,-,Sullivan,Kingsport,2
92236,400384847,0,1,35.95375,-85.99733,6,2025-10-24 14:37:00,2025,10,24,14,37,Friday,14:37,Suspected Serious Injury,Daylight,Clear,"Over Turn, Roll Over",None,THP District 6 - Cookeville,THP,Unbelted,-,-,-,-,-,-,-,-,-,-,-,-,DeKalb,Not in City Limit,6
92250,400384919,0,3,35.97356,-86.11776,3,2025-10-27 15:27:00,2025,10,27,15,27,Monday,15:27,Suspected Serious Injury,Daylight,Rain,Motor Vehicle-In-Transport On Same Roadway,None,THP District 3 - Nashville,THP,Unbelted,-,-,-,-,-,-,-,-,-,-,-,-,Wilson,Not in City Limit,2
92254,400384945,0,3,36.59701,-86.53083,3,2025-10-24 09:19:00,2025,10,24,9,19,Friday,09:19,Suspected Serious Injury,Daylight,Clear,Motor Vehicle-In-Transport On Same Roadway,None,PORTLAND POLICE DEPT,Other,Unbelted,-,-,-,-,-,-,-,-,-,-,-,-,Sumner,Portland,6
92272,400385053,0,2,35.80229,-86.32716,3,2025-10-27 19:04:00,2025,10,27,19,4,Monday,19:04,Suspected Serious Injury,Dark-Not Lighted,Cloudy,Ditch,None,THP District 3 - Nashville,THP,Unbelted,-,Drinking,Drug,-,-,-,-,-,-,-,-,-,Rutherford,Not in City Limit,2
92279,400385097,0,1,36.43812,-82.30314,5,2025-10-23 05:15:00,2025,10,23,5,15,Thursday,05:15,Suspected Serious Injury,Dark-Not Lighted,Clear,Motor Vehicle-In-Transport On Same Roadway,None,THP District 5 - Fall Branch,THP,Unbelted,-,-,-,-,-,-,-,-,-,-,-,-,Sullivan,Bluff City,5
92288,400385134,0,1,35.60331,-86.46338,7,2025-10-27 23:00:00,2025,10,27,23,0,Monday,23:00,Suspected Serious Injury,Dark-Not Lighted,Cloudy,Embankment Earth,None,THP District 7 - Lawrenceburg,THP,Unbelted,-,-,-,-,-,-,-,-,-,-,-,-,Bedford,Not in City Limit,2
92302,400385189,4,1,36.04458,-86.62904,3,2025-10-25 00:47:00,2025,10,25,0,47,Saturday,00:47,Fatal,Dark-Not Lighted,Cloudy,Motor Vehicle-In-Transport On Same Roadway,None,METROPOLITAN NASHVILLE POLICE DEPT,Other,Unbelted,-,Drinking,-,-,Speeding,-,-,-,-,-,-,-,Davidson,Nashville,7
92313,400385282,0,1,36.10091,-86.75641,3,2025-10-28 07:21:00,2025,10,28,7,21,Tuesday,07:21,Suspected Serious Injury,Daylight,Cloudy,Motor Vehicle-In-Transport On Same Roadway,None,METROPOLITAN NASHVILLE POLICE DEPT,Other,Unbelted,-,-,-,-,-,-,-,-,-,-,-,-,Davidson,Nashville,3
92316,400385288,0,1,35.86011,-86.57923,3,2025-10-28 07:33:00,2025,10,28,7,33,Tuesday,07:33,Suspected Serious Injury,Daylight,Cloudy,Motor Vehicle-In-Transport On Same Roadway,None,RUTHERFORD CO SHERIFFS DEPT,Other,Unbelted,-,-,-,-,-,-,-,-,-,-,-,-,Rutherford,Not in City Limit,3
92319,400385293,0,1,35.42008,-86.23287,2,2025-10-27 10:45:00,2025,10,27,10,45,Monday,10:45,Suspected Serious Injury,Daylight,Rain,Other Fixed Object,None,COFFEE CO SHERIFFS DEPT,Other,Unbelted,-,-,-,-,-,-,-,-,-,-,-,-,Coffee,Not in City Limit,2
92343,400385423,0,1,35.25107,-89.68673,4,2025-10-28 09:14:00,2025,10,28,9,14,Tuesday,09:14,Suspected Serious Injury,Daylight,Rain,Motor Vehicle-In-Transport On Same Roadway,None,THP District 4 - Memphis,THP,Unbelted,-,-,-,-,-,-,-,-,-,ATV_Involved,-,-,Shelby,Arlington,3
92348,400385455,0,4,35.49899,-85.01465,2,2025-10-28 07:48:00,2025,10,28,7,48,Tuesday,07:48,Suspected Serious Injury,Daylight,Cloudy,Motor Vehicle-In-Transport On Same Roadway,None,DAYTON POLICE DEPT,Other,Unbelted,-,-,-,-,-,-,-,-,-,-,-,-,Rhea,Dayton,3
92354,400385501,0,1,35.96518,-83.93337,1,2025-10-28 13:34:00,2025,10,28,13,34,Tuesday,13:34,Suspected Serious Injury,Daylight,Cloudy,Thrown Or Falling Object,None,KNOXVILLE POLICE DEPT,Other,Unbelted,-,-,-,-,-,-,-,-,-,-,-,-,Knox,Knoxville,3
92358,400385519,0,1,35.97189,-83.24699,5,2025-10-28 15:42:00,2025,10,28,15,42,Tuesday,15:42,Suspected Serious Injury,Daylight,Cloudy,Motor Vehicle-In-Transport On Same Roadway,None,NEWPORT POLICE DEPT,Other,Unbelted,-,-,-,-,-,-,-,-,-,-,-,-,Cocke,Newport,3
92361,400385526,0,1,36.34494,-83.24185,5,2025-10-28 15:41:00,2025,10,28,15,41,Tuesday,15:41,Suspected Serious Injury,Daylight,Cloudy,Motor Vehicle-In-Transport On Same Roadway,None,THP District 5 - Fall Branch,THP,Unbelted,-,-,-,-,-,-,-,-,-,-,-,-,Hawkins,Not in City Limit,3
92366,400385548,0,2,35.90292,-83.01713,5,2025-10-27 21:36:00,2025,10,27,21,36,Monday,21:36,Suspected Serious Injury,Dark-Not Lighted,Rain,Motor Vehicle-In-Transport On Same Roadway,None,THP District 5 - Fall Branch,THP,Unbelted,-,Drinking,Drug,-,Speeding,-,-,-,-,-,-,-,Cocke,Not in City Limit,2
92367,400385550,1,0,35.77852,-83.98046,1,2025-10-27 17:15:00,2025,10,27,17,15,Monday,17:15,Fatal,Dusk,Rain,Standing Tree,None,ALCOA POLICE DEPARTMENT,Other,Unbelted,-,-,-,-,-,-,-,-,-,ATV_Involved,-,-,Blount,Alcoa,2
92371,400385567,0,2,36.42489,-86.99046,3,2025-10-28 15:41:00,2025,10,28,15,41,Tuesday,15:41,Suspected Serious Injury,Daylight,Cloudy,Motor Vehicle-In-Transport On Same Roadway,None,THP District 3 - Nashville,THP,Unbelted,-,-,-,-,-,-,-,-,-,-,-,-,Robertson,Coopertown,3
92375,400385588,0,2,35.49127,-86.46822,7,2025-10-28 17:10:00,2025,10,28,17,10,Tuesday,17:10,Suspected Serious Injury,Dusk,Cloudy,Motor Vehicle-In-Transport On Same Roadway,None,SHELBYVILLE POLICE DEPT,Other,Unbelted,-,-,-,-,-,-,-,-,-,-,-,-,Bedford,Shelbyville,3
92394,400385679,0,2,35.61715,-84.62999,2,2025-10-28 17:15:00,2025,10,28,17,15,Tuesday,17:15,Suspected Serious Injury,Daylight,Cloudy,Motor Vehicle-In-Transport On Same Roadway,None,THP District 2 - Chattanooga,THP,Unbelted,-,-,-,-,-,-,-,-,-,-,-,-,McMinn,Not in City Limit,3
92395,400385690,0,2,35.1834,-85.52738,2,2025-10-25 00:33:00,2025,10,25,0,33,Saturday,00:33,Suspected Serious Injury,Dark-Lighted,Clear,Motor Vehicle-In-Transport On Same Roadway,None,THP District 2 - Chattanooga,THP,Unbelted,-,Drinking,-,-,-,-,-,-,-,-,-,-,Marion,Whitwell,7
92396,400385696,0,1,35.82436,-86.26641,3,2025-10-28 15:21:00,2025,10,28,15,21,Tuesday,15:21,Suspected Serious Injury,Daylight,Cloudy,Guard Rail End,None,THP District 3 - Nashville,THP,Unbelted,-,-,-,-,-,-,-,-,-,-,-,-,Rutherford,Not in City Limit,3
92408,400385747,0,3,34.98951,-85.20985,2,2025-10-22 20:55:00,2025,10,22,20,55,Wednesday,20:55,Suspected Serious Injury,Dark-Lighted,Clear,Motor Vehicle-In-Transport On Same Roadway,None,EAST RIDGE POLICE DEPT,Other,Unbelted,-,-,-,-,-,-,-,-,-,-,-,-,Hamilton,East Ridge,4
92410,400385771,0,3,36.08743,-83.47334,5,2025-10-28 21:18:00,2025,10,28,21,18,Tuesday,21:18,Suspected Serious Injury,Dark-Not Lighted,Clear,Motor Vehicle-In-Transport On Same Roadway,None,JEFFERSON CITY POLICE DEPT,Other,Unbelted,-,Drinking,-,-,-,-,-,-,-,-,-,-,Jefferson,Jefferson City,3
92434,400385898,0,1,35.54137,-86.52333,7,2025-10-29 07:48:00,2025,10,29,7,48,Wednesday,07:48,Suspected Serious Injury,Daylight,Rain,Standing Tree,None,THP District 7 - Lawrenceburg,THP,Unbelted,-,-,-,-,-,-,-,-,-,-,-,-,Bedford,Not in City Limit,4
92438,400385916,0,1,36.15567,-85.20408,6,2025-10-28 13:54:00,2025,10,28,13,54,Tuesday,13:54,Suspected Serious Injury,Daylight,Rain,Other Non-Fixed Object,None,THP District 6 - Cookeville,THP,Unbelted,-,-,-,-,-,-,-,-,-,-,-,-,Overton,Not in City Limit,3
92440,400385927,0,1,35.53944,-86.52139,7,2025-10-29 08:04:00,2025,10,29,8,4,Wednesday,08:04,Suspected Serious Injury,Daylight,Rain,Motor Vehicle-In-Transport On Same Roadway,None,THP District 7 - Lawrenceburg,THP,Unbelted,Distracted,-,-,-,-,-,-,-,-,-,-,-,Bedford,Not in City Limit,4
92455,400386074,0,1,36.35582,-87.2888,3,2025-10-29 12:24:00,2025,10,29,12,24,Wednesday,12:24,Suspected Serious Injury,Daylight,Rain,Ditch,None,THP District 3 - Nashville,THP,Unbelted,-,-,-,-,-,-,-,-,-,-,-,-,Montgomery,Not in City Limit,4
92461,400386113,0,1,36.17224,-86.50537,3,2025-10-29 11:30:00,2025,10,29,11,30,Wednesday,11:30,Suspected Serious Injury,Daylight,Rain,Guard Rail Face,None,THP District 3 - Nashville,THP,Unbelted,-,-,-,-,-,-,-,-,-,ATV_Involved,-,-,Wilson,Mount Juliet,4
92492,400386251,1,1,35.07624,-84.50881,2,2025-10-29 13:55:00,2025,10,29,13,55,Wednesday,13:55,Fatal,Daylight,Rain,Motor Vehicle-In-Transport On Same Roadway,None,THP District 2 - Chattanooga,THP,Unbelted,-,-,-,-,Speeding,-,-,-,-,ATV_Involved,-,-,Polk,Not in City Limit,4
92494,400386260,0,3,36.08805,-87.06489,3,2025-10-29 17:38:00,2025,10,29,17,38,Wednesday,17:38,Suspected Serious Injury,Dusk,Rain,Embankment Rock/Stone/Concrete,None,THP District 3 - Nashville,THP,Unbelted,-,-,-,-,Speeding,-,-,-,-,-,-,-,Cheatham,Pegram,4
92495,400386267,0,3,36.48154,-86.62018,3,2025-10-28 15:50:00,2025,10,28,15,50,Tuesday,15:50,Suspected Serious Injury,Daylight,Cloudy,Motor Vehicle-In-Transport On Same Roadway,None,THP District 3 - Nashville,THP,Unbelted,Distracted,-,-,-,-,-,-,-,-,-,-,-,Sumner,Not in City Limit,3
92501,400386307,0,2,35.9341,-83.3285,5,2025-10-29 17:18:00,2025,10,29,17,18,Wednesday,17:18,Suspected Serious Injury,Daylight,Rain,Motor Vehicle-In-Transport On Same Roadway,None,THP District 5 - Fall Branch,THP,Unbelted,-,-,-,-,-,-,-,-,-,-,-,-,Jefferson,Not in City Limit,4
92517,400386392,0,1,36.02506,-89.34299,8,2025-10-29 19:04:00,2025,10,29,19,4,Wednesday,19:04,Suspected Serious Injury,Dark-Lighted,Rain,Motor Vehicle-In-Transport On Same Roadway,None,DYERSBURG POLICE DEPT,Other,Unbelted,-,Drinking,-,-,-,-,-,-,-,-,-,-,Dyer,Dyersburg,4
92522,400386411,0,1,36.24831,-86.72018,3,2025-10-29 19:40:00,2025,10,29,19,40,Wednesday,19:40,Suspected Serious Injury,Dark-Not Lighted,Rain,Pedestrian,None,METROPOLITAN NASHVILLE POLICE DEPT,Other,Unbelted,-,-,-,-,-,-,Pedestrian,-,-,-,-,-,Davidson,Nashville,4
92524,400386430,0,1,36.37719,-85.34124,6,2025-10-27 23:07:00,2025,10,27,23,7,Monday,23:07,Suspected Serious Injury,Dark-Lighted,Rain,Culvert,None,LIVINGSTON POLICE DEPT,Other,Unbelted,-,-,-,-,Speeding,-,-,-,-,-,-,-,Overton,Livingston,2
92531,400386469,0,2,36.10855,-87.1669,3,2025-10-28 22:42:00,2025,10,28,22,42,Tuesday,22:42,Suspected Serious Injury,Dark-Not Lighted,Rain,"Over Turn, Roll Over",None,THP District 3 - Nashville,THP,Unbelted,-,Drinking,Drug,-,-,-,-,-,-,-,-,-,Cheatham,Not in City Limit,3
92532,400386470,0,2,35.92324,-84.93559,6,2025-10-29 18:49:00,2025,10,29,18,49,Wednesday,18:49,Suspected Serious Injury,Dark-Not Lighted,Rain,Bridge Rail,None,CUMBERLAND CO SHERIFFS OFFICE,Other,Unbelted,-,-,-,-,-,-,-,-,-,-,-,-,Cumberland,Not in City Limit,4
92534,400386488,0,1,36.12313,-86.7062,3,2025-10-30 03:30:00,2025,10,30,3,30,Thursday,03:30,Suspected Serious Injury,Dark-Lighted,Rain,Pedestrian,None,METROPOLITAN NASHVILLE POLICE DEPT,Other,Unbelted,-,-,-,-,-,-,Pedestrian,-,-,-,-,-,Davidson,Nashville,5
92548,400386601,0,1,36.16752,-86.76552,3,2025-10-30 06:17:00,2025,10,30,6,17,Thursday,06:17,Suspected Serious Injury,Dark-Not Lighted,Rain,Motor Vehicle-In-Transport On Same Roadway,None,METROPOLITAN NASHVILLE POLICE DEPT,Other,Unbelted,-,-,-,-,-,-,-,-,-,-,-,-,Davidson,Nashville,5
92564,400386658,0,1,35.43871,-87.09457,7,2025-10-29 11:17:00,2025,10,29,11,17,Wednesday,11:17,Suspected Serious Injury,Daylight,Rain,Guard Rail Face,None,THP District 7 - Lawrenceburg,THP,Unbelted,-,-,-,-,-,-,-,-,-,-,-,-,Giles,Not in City Limit,4
92583,400386794,0,1,36.45244,-86.34761,3,2025-10-30 13:17:00,2025,10,30,13,17,Thursday,13:17,Suspected Serious Injury,Daylight,Cloudy,Standing Tree,None,THP District 3 - Nashville,THP,Unbelted,-,-,-,Drowsy,-,-,-,-,-,-,-,-,Sumner,Not in City Limit,5
92594,400386843,0,3,35.18201,-87.31102,7,2025-10-29 18:23:00,2025,10,29,18,23,Wednesday,18:23,Suspected Serious Injury,Dark-Not Lighted,Rain,Standing Tree,None,THP District 7 - Lawrenceburg,THP,Unbelted,-,Drinking,-,-,Speeding,-,-,-,-,-,-,-,Lawrence,Not in City Limit,4
92601,400386888,0,1,35.83649,-83.9716,1,2025-10-30 17:30:00,2025,10,30,17,30,Thursday,17:30,Suspected Serious Injury,Daylight,Cloudy,Motor Vehicle-In-Transport On Same Roadway,None,ALCOA POLICE DEPARTMENT,Other,Unbelted,-,-,-,-,-,-,-,-,-,-,-,-,Blount,Alcoa,5
92627,400386991,0,2,36.42164,-83.64195,5,2025-10-21 19:33:00,2025,10,21,19,33,Tuesday,19:33,Suspected Serious Injury,Dark-Lighted,Clear,Motor Vehicle-In-Transport On Same Roadway,None,THP District 5 - Fall Branch,THP,Unbelted,-,-,Drug,-,-,-,-,-,-,-,-,-,Claiborne,New Tazewell,3
92630,400387015,1,0,35.10746,-89.93055,4,2025-10-30 18:26:00,2025,10,30,18,26,Thursday,18:26,Fatal,Dark-Lighted,Clear,Pedestrian,None,THP District 4 - Memphis,THP,Unbelted,-,-,-,-,-,-,Pedestrian,-,-,-,-,-,Shelby,Memphis,5
92631,400387016,0,3,36.44989,-82.6117,5,2025-10-30 19:15:00,2025,10,30,19,15,Thursday,19:15,Suspected Serious Injury,Dark-Not Lighted,Rain,Motor Vehicle-In-Transport On Same Roadway,None,THP District 5 - Fall Branch,THP,Unbelted,-,-,-,Drowsy,-,-,-,-,-,-,-,-,Sullivan,Not in City Limit,5
92653,400387141,0,1,36.524,-83.61623,5,2025-10-31 07:34:00,2025,10,31,7,34,Friday,07:34,Suspected Serious Injury,Dawn,Fog,Motor Vehicle-In-Transport On Same Roadway,None,THP District 5 - Fall Branch,THP,Unbelted,-,-,-,-,-,-,-,-,-,ATV_Involved,-,-,Claiborne,Not in City Limit,6
92654,400387146,0,1,36.33833,-82.25778,5,2025-10-30 17:10:00,2025,10,30,17,10,Thursday,17:10,Suspected Serious Injury,Daylight,Clear,Embankment Earth,None,ELIZABETHTON POLICE DEPT,Other,Unbelted,-,-,-,-,Speeding,-,-,-,-,-,-,-,Carter,Elizabethton,5
92661,400387211,0,2,35.89623,-84.1359,1,2025-10-31 08:57:00,2025,10,31,8,57,Friday,08:57,Suspected Serious Injury,Daylight,Clear,Motor Vehicle-In-Transport On Same Roadway,None,THP District 1 - Knoxville,THP,Unbelted,-,-,-,-,-,-,-,-,-,-,-,-,Knox,Knoxville,6
92664,400387223,0,1,36.19936,-85.49077,6,2025-10-31 07:47:00,2025,10,31,7,47,Friday,07:47,Suspected Serious Injury,Daylight,Clear,Motor Vehicle-In-Transport On Different Roadway,None,THP District 6 - Cookeville,THP,Unbelted,-,-,-,-,-,-,-,-,-,-,-,-,Putnam,Not in City Limit,6
92680,400387342,0,2,35.83432,-83.73917,1,2025-10-31 08:47:00,2025,10,31,8,47,Friday,08:47,Suspected Serious Injury,Daylight,Clear,Motor Vehicle-In-Transport On Same Roadway,None,THP District 1 - Knoxville,THP,Unbelted,-,-,-,-,-,-,-,-,-,-,-,-,Sevier,Not in City Limit,6
92681,400387344,0,3,36.595,-86.52891,3,2025-10-31 06:07:00,2025,10,31,6,7,Friday,06:07,Suspected Serious Injury,Dark-Lighted,Clear,Motor Vehicle-In-Transport On Same Roadway,None,PORTLAND POLICE DEPT,Other,Unbelted,-,-,-,-,-,-,-,-,-,-,-,-,Sumner,Portland,6
92689,400387403,1,2,35.16934,-86.01425,2,2025-10-31 12:29:00,2025,10,31,12,29,Friday,12:29,Fatal,Daylight,Clear,Motor Vehicle-In-Transport On Same Roadway,None,THP District 2 - Chattanooga,THP,Unbelted,-,-,-,-,-,-,-,-,-,-,-,-,Franklin,Not in City Limit,6
92703,400387490,0,1,35.89708,-85.80851,6,2025-10-30 20:00:00,2025,10,30,20,0,Thursday,20:00,Suspected Serious Injury,Dark-Not Lighted,Cloudy,Motor Vehicle-In-Transport On Same Roadway,None,THP District 6 - Cookeville,THP,Unbelted,-,-,-,-,-,-,-,-,-,ATV_Involved,-,-,DeKalb,Not in City Limit,5
92714,400387536,0,1,35.99021,-86.8292,3,2025-10-31 16:22:00,2025,10,31,16,22,Friday,16:22,Suspected Serious Injury,Daylight,Clear,Embankment Earth,None,THP District 3 - Nashville,THP,Unbelted,-,-,-,-,-,-,-,-,-,-,-,-,Williamson,Not in City Limit,6
92746,400387695,1,2,35.40027,-89.72485,4,2025-10-31 04:04:00,2025,10,31,4,4,Friday,04:04,Fatal,Dark-Not Lighted,Clear,Motor Vehicle-In-Transport On Same Roadway,Construction Zone,THP District 4 - Memphis,THP,Unbelted,-,-,Drug,-,-,-,-,-,-,-,-,-,Shelby,Not in City Limit,6
92747,400387699,0,1,35.1708,-90.01774,4,2025-10-31 18:32:00,2025,10,31,18,32,Friday,18:32,Suspected Serious Injury,Dark-Not Lighted,Clear,Motor Vehicle-In-Transport On Same Roadway,None,THP District 8 - Jackson,THP,Unbelted,-,-,-,-,-,-,-,-,-,-,Motorcyclist,-,Shelby,Memphis,6