OBJECTID,MRN,Fatality,Injury,Latitude,Longitude,THP_District,Collision_Date,Collision_Year,Collision_Month,Collision_Day,Collision_Hour,Collision_Min,Collision_DOW,Collision_Time,Crash_Type,Light_Condition,Weather,First_Harmfu_Event,Work_Zone_Type,Agency_Name,THP,Unbelted,Distracted_Driver,Driver_Drinking,Driver_Drugged,Drowsy_Driver,Speeding_Involved,Pedalcyclist,Pedestrian,Other_Nonmotorist,ATV_Involved,LargeTruck_Involved,Motorcycle_Involved,SchoolBus,County,City,DOW_Nmb
92749,400387704,1,0,35.24404,-84.89502,2,2025-10-27 01:56:00,2025,10,27,1,56,Monday,01:56,Fatal,Dark-Not Lighted,Rain,Standing Tree,None,THP District 2 - Chattanooga,THP,Unbelted,-,Drinking,-,-,-,-,-,-,-,-,-,-,Bradley,Not in City Limit,2
92757,400387759,0,1,35.06106,-87.39394,7,2025-10-31 20:01:00,2025,10,31,20,1,Friday,20:01,Suspected Serious Injury,Dark-Not Lighted,Clear,Culvert,None,THP District 7 - Lawrenceburg,THP,Unbelted,-,-,-,-,-,-,-,-,-,-,-,-,Lawrence,Not in City Limit,6
92778,400387837,0,1,35.9817,-83.90037,1,2025-11-01 02:50:00,2025,11,1,2,50,Saturday,02:50,Suspected Serious Injury,Dark-Lighted,Clear,Curb,None,KNOXVILLE POLICE DEPT,Other,-,-,-,-,-,-,-,-,-,-,-,Motorcyclist,-,Knox,Knoxville,7
92781,400387850,0,1,35.36637,-86.20595,2,2025-10-31 21:12:00,2025,10,31,21,12,Friday,21:12,Suspected Serious Injury,Dark-Lighted,Clear,Pedestrian,None,TULLAHOMA POLICE DEPT,Other,Unbelted,-,-,-,-,-,-,Pedestrian,-,-,-,-,-,Coffee,Tullahoma,6
92797,400388029,0,1,36.36886,-82.30259,5,2025-11-01 06:45:00,2025,11,1,6,45,Saturday,06:45,Suspected Serious Injury,Dark-Not Lighted,Clear,Embankment Earth,None,THP District 5 - Fall Branch,THP,Unbelted,-,-,-,-,-,-,-,-,-,-,-,-,Washington,Johnson City,7
92799,400388045,0,1,36.20318,-82.10091,5,2025-10-31 13:01:00,2025,10,31,13,1,Friday,13:01,Suspected Serious Injury,Daylight,Clear,Motor Vehicle-In-Transport On Same Roadway,None,THP District 5 - Fall Branch,THP,Unbelted,Distracted,-,-,-,-,-,-,-,-,ATV_Involved,-,-,Carter,Not in City Limit,6
92801,400388063,0,1,36.33927,-81.89765,5,2025-11-01 08:55:00,2025,11,1,8,55,Saturday,08:55,Suspected Serious Injury,Daylight,Clear,"Over Turn, Roll Over",None,THP District 5 - Fall Branch,THP,Unbelted,-,-,-,-,-,-,-,-,-,ATV_Involved,-,-,Johnson,Not in City Limit,7
92809,400388080,0,1,35.98362,-86.54576,3,2025-11-01 11:13:00,2025,11,1,11,13,Saturday,11:13,Suspected Serious Injury,Daylight,Clear,Motor Vehicle-In-Transport On Same Roadway,None,SMYRNA POLICE DEPT,Other,Unbelted,-,-,-,-,-,-,-,-,-,-,-,-,Rutherford,Smyrna,7
92810,400388088,0,3,35.9266,-84.04319,1,2025-11-01 14:49:00,2025,11,1,14,49,Saturday,14:49,Suspected Serious Injury,Daylight,Clear,Motor Vehicle-In-Transport On Same Roadway,None,KNOXVILLE POLICE DEPT,Other,Unbelted,-,-,-,-,-,-,-,-,-,-,Motorcyclist,-,Knox,Knoxville,7
92824,400388169,0,1,36.25444,-86.71565,3,2025-11-01 18:14:00,2025,11,1,18,14,Saturday,18:14,Suspected Serious Injury,Dark-Lighted,Rain,Motor Vehicle-In-Transport On Same Roadway,None,METROPOLITAN NASHVILLE POLICE DEPT,Other,Unbelted,-,-,-,-,-,-,-,-,-,-,Motorcyclist,-,Davidson,Nashville,7
92827,400388178,0,1,36.20259,-82.71888,5,2025-10-31 15:15:00,2025,10,31,15,15,Friday,15:15,Suspected Serious Injury,Daylight,Cloudy,Motor Vehicle-In-Transport On Same Roadway,None,THP District 5 - Fall Branch,THP,Unbelted,-,-,Drug,-,-,-,-,-,-,-,-,-,Greene,Not in City Limit,6
92834,400388224,0,1,36.49894,-85.30085,6,2025-11-01 17:52:00,2025,11,1,17,52,Saturday,17:52,Suspected Serious Injury,Dusk,Clear,Ditch,None,THP District 6 - Cookeville,THP,Unbelted,-,-,-,-,Speeding,-,-,-,-,-,-,-,Overton,Not in City Limit,7
92859,400388366,0,1,35.34402,-86.19918,2,2025-11-02 00:00:00,2025,11,2,24,0,Sunday,24:00,Suspected Serious Injury,Dark-Not Lighted,Rain,Standing Tree,None,THP District 2 - Chattanooga,THP,Unbelted,-,-,-,-,-,-,-,-,-,-,-,-,Coffee,Tullahoma,1
92866,400388407,0,1,35.44804,-86.01255,2,2025-10-31 16:59:00,2025,10,31,16,59,Friday,16:59,Suspected Serious Injury,Daylight,Clear,Injured In Vehicle,None,MANCHESTER POLICE DEPT,Other,Unbelted,-,-,-,-,Speeding,-,-,-,-,-,-,-,Coffee,Manchester,6
92870,400388420,0,2,36.0775,-86.49668,3,2025-11-02 04:36:00,2025,11,2,4,36,Sunday,04:36,Suspected Serious Injury,Dark-Not Lighted,Rain,Standing Tree,None,THP District 3 - Nashville,THP,Unbelted,-,-,-,-,Speeding,-,-,-,-,-,-,-,Rutherford,Not in City Limit,1
92872,400388427,1,1,35.51243,-83.98848,1,2025-11-01 12:40:00,2025,11,1,12,40,Saturday,12:40,Fatal,Daylight,Clear,Embankment Earth,None,THP District 1 - Knoxville,THP,-,Distracted,-,-,-,-,-,-,-,-,-,Motorcyclist,-,Blount,Not in City Limit,7
92877,400388447,1,0,36.12353,-84.14108,1,2025-11-02 05:15:00,2025,11,2,5,15,Sunday,05:15,Fatal,Dark-Not Lighted,Rain,Utility Pole,None,THP District 1 - Knoxville,THP,Unbelted,-,-,Drug,-,Speeding,-,-,-,-,-,-,-,Anderson,Not in City Limit,1
92880,400388452,0,1,35.96097,-83.91349,1,2025-11-01 15:50:00,2025,11,1,15,50,Saturday,15:50,Suspected Serious Injury,Daylight,Clear,Other Non-Collision,None,UNIV OF TENN KNOXVILLE POLICE,Other,-,-,-,-,-,-,-,-,-,-,-,Motorcyclist,-,Knox,Knoxville,7
92887,400388532,0,1,36.10843,-86.76962,3,2025-11-02 10:55:00,2025,11,2,10,55,Sunday,10:55,Suspected Serious Injury,Daylight,Clear,Motor Vehicle-In-Transport On Same Roadway,None,METROPOLITAN NASHVILLE POLICE DEPT,Other,Unbelted,-,-,-,-,-,-,-,-,-,-,-,-,Davidson,Nashville,1
92893,400388559,0,2,36.36548,-86.73389,3,2025-11-02 08:28:00,2025,11,2,8,28,Sunday,08:28,Suspected Serious Injury,Daylight,Rain,Motor Vehicle-In-Transport On Same Roadway,None,METROPOLITAN NASHVILLE POLICE DEPT,Other,Unbelted,-,-,-,-,-,-,-,-,-,-,-,-,Davidson,Nashville,1
92897,400388592,0,1,35.89926,-88.00972,8,2025-10-31 12:28:00,2025,10,31,12,28,Friday,12:28,Suspected Serious Injury,Daylight,Clear,Standing Tree,None,THP District 8 - Jackson,THP,-,-,-,-,-,-,-,-,-,ATV_Involved,-,-,-,Benton,Not in City Limit,6
92904,400388608,0,1,36.1686,-83.44276,5,2025-11-02 14:40:00,2025,11,2,14,40,Sunday,14:40,Suspected Serious Injury,Daylight,Clear,Guard Rail Face,None,THP District 5 - Fall Branch,THP,-,-,-,-,-,-,-,-,-,ATV_Involved,-,-,-,Hamblen,Not in City Limit,1
92918,400388732,0,1,35.18788,-85.92949,2,2025-11-02 18:09:00,2025,11,2,18,9,Sunday,18:09,Suspected Serious Injury,Dusk,Cloudy,"Over Turn, Roll Over",None,FRANKLIN CO SHERIFFS DEPT,Other,Unbelted,-,-,-,-,-,-,-,-,-,-,-,-,Franklin,Not in City Limit,1
92930,400388804,0,2,35.7237,-87.01197,7,2025-11-02 22:59:00,2025,11,2,22,59,Sunday,22:59,Suspected Serious Injury,Dark-Not Lighted,Fog,Embankment Earth,None,THP District 7 - Lawrenceburg,THP,Unbelted,-,Drinking,-,-,-,-,-,-,-,-,-,-,Maury,Not in City Limit,1
92931,400388805,1,0,35.24347,-85.00886,2,2025-11-02 00:00:00,2025,11,2,24,0,Sunday,24:00,Fatal,Dark-Not Lighted,Clear,Standing Tree,None,HAMILTON COUNTY SHERIFF'S OFFICE,Other,Unbelted,-,Drinking,-,-,-,-,-,-,-,-,-,-,Hamilton,Not in City Limit,1
92940,400388855,0,1,35.04296,-88.27077,8,2025-11-02 12:30:00,2025,11,2,12,30,Sunday,12:30,Suspected Serious Injury,Daylight,Clear,Motor Vehicle-In-Transport On Same Roadway,None,THP District 8 - Jackson,THP,Unbelted,-,-,-,-,-,-,-,-,-,-,Motorcyclist,-,Hardin,Not in City Limit,1
92943,400388878,0,3,36.06802,-86.59706,3,2025-11-02 10:31:00,2025,11,2,10,31,Sunday,10:31,Suspected Serious Injury,Daylight,Cloudy,Motor Vehicle-In-Transport On Same Roadway,None,METROPOLITAN NASHVILLE POLICE DEPT,Other,Unbelted,-,Drinking,Drug,-,Speeding,-,-,-,-,-,-,-,Davidson,Nashville,1
92949,400388908,0,1,35.98084,-83.89937,1,2025-10-31 17:03:00,2025,10,31,17,3,Friday,17:03,Suspected Serious Injury,Daylight,Clear,Pedestrian,None,KNOXVILLE POLICE DEPT,Other,Unbelted,-,-,-,-,-,-,Pedestrian,-,-,-,-,-,Knox,Knoxville,6
92953,400388933,1,0,36.14053,-86.7639,3,2025-11-02 16:34:00,2025,11,2,16,34,Sunday,16:34,Fatal,Dusk,Clear,Utility Pole,None,METROPOLITAN NASHVILLE POLICE DEPT,Other,Unbelted,-,Drinking,-,-,Speeding,-,-,-,-,-,-,-,Davidson,Nashville,1
92955,400388961,0,3,36.0585,-86.71927,3,2025-11-03 08:00:00,2025,11,3,8,0,Monday,08:00,Suspected Serious Injury,Daylight,Clear,Pedestrian,None,METROPOLITAN NASHVILLE POLICE DEPT,Other,Unbelted,-,-,-,-,-,-,Pedestrian,-,-,-,-,-,Davidson,Nashville,2
92956,400388963,0,2,35.39787,-89.40261,4,2025-10-26 17:50:00,2025,10,26,17,50,Sunday,17:50,Suspected Serious Injury,Dark-Not Lighted,Rain,Motor Vehicle-In-Transport On Same Roadway,None,THP District 4 - Memphis,THP,Unbelted,-,-,-,-,Speeding,-,-,-,-,ATV_Involved,-,-,Fayette,Not in City Limit,1
92964,400388995,0,1,35.9867,-83.90789,1,2025-11-03 10:37:00,2025,11,3,10,37,Monday,10:37,Suspected Serious Injury,Daylight,Cloudy,Motor Vehicle-In-Transport On Same Roadway,None,KNOXVILLE POLICE DEPT,Other,Unbelted,-,-,Drug,-,-,-,-,-,-,ATV_Involved,-,-,Knox,Knoxville,2
92965,400388996,0,3,35.75853,-83.87795,1,2025-11-03 09:47:00,2025,11,3,9,47,Monday,09:47,Suspected Serious Injury,Daylight,Cloudy,Motor Vehicle-In-Transport On Same Roadway,None,BLOUNT CO SHERIFFS DEPT,Other,Unbelted,-,-,-,-,-,-,-,-,-,-,-,-,Blount,Not in City Limit,2
92967,400389007,0,1,35.2371,-89.39009,4,2025-10-31 15:50:00,2025,10,31,15,50,Friday,15:50,Suspected Serious Injury,Daylight,Clear,Motor Vehicle-In-Transport On Same Roadway,None,THP District 4 - Memphis,THP,Unbelted,-,-,-,-,-,-,-,-,-,-,-,-,Fayette,Somerville,6
92971,400389020,0,1,35.99849,-84.18855,1,2025-11-03 07:54:00,2025,11,3,7,54,Monday,07:54,Suspected Serious Injury,Daylight,Rain,Highway Traffic Sign Post,None,OAK RIDGE POLICE DEPT,Other,Unbelted,-,-,-,-,-,-,-,-,-,-,-,-,Anderson,Oak Ridge,2
92979,400389065,0,2,35.33897,-84.7524,2,2025-11-03 08:30:00,2025,11,3,8,30,Monday,08:30,Suspected Serious Injury,Daylight,Clear,Guard Rail End,Construction Zone,THP District 2 - Chattanooga,THP,Unbelted,-,-,-,-,-,-,-,-,-,ATV_Involved,-,-,McMinn,Not in City Limit,2
92984,400389106,0,1,36.48601,-87.2603,3,2025-10-31 16:29:00,2025,10,31,16,29,Friday,16:29,Suspected Serious Injury,Daylight,Clear,Motor Vehicle-In-Transport On Same Roadway,None,THP District 3 - Nashville,THP,Unbelted,-,-,-,-,-,-,-,-,-,-,-,-,Montgomery,Not in City Limit,6
92991,400389131,0,2,36.3518,-87.80101,3,2025-10-31 21:19:00,2025,10,31,21,19,Friday,21:19,Suspected Serious Injury,Dark-Not Lighted,Clear,Ditch,None,THP District 3 - Nashville,THP,-,-,Drinking,-,-,-,-,-,-,ATV_Involved,-,-,-,Stewart,Not in City Limit,6
92998,400389176,1,0,35.7179,-85.75195,6,2025-11-03 14:29:00,2025,11,3,14,29,Monday,14:29,Fatal,Daylight,Clear,Standing Tree,None,THP District 6 - Cookeville,THP,Unbelted,-,-,Drug,-,-,-,-,-,-,-,-,-,Warren,Not in City Limit,2
93003,400389202,0,2,35.49863,-86.70018,7,2025-10-31 00:25:00,2025,10,31,0,25,Friday,00:25,Suspected Serious Injury,Dark-Not Lighted,Clear,Other Animal,None,THP District 7 - Lawrenceburg,THP,Unbelted,-,-,-,-,-,-,-,-,-,-,-,-,Marshall,Not in City Limit,6
93004,400389208,0,2,36.35239,-85.34416,6,2025-11-03 13:56:00,2025,11,3,13,56,Monday,13:56,Suspected Serious Injury,Daylight,Clear,Motor Vehicle-In-Transport On Same Roadway,None,THP District 6 - Cookeville,THP,Unbelted,-,-,-,-,-,-,-,-,-,-,-,-,Overton,Not in City Limit,2
93008,400389226,0,2,36.12468,-83.72282,1,2025-11-03 17:31:00,2025,11,3,17,31,Monday,17:31,Suspected Serious Injury,Dark-Unknown Lighting,Cloudy,Motor Vehicle-In-Transport On Same Roadway,None,THP District 1 - Knoxville,THP,Unbelted,-,-,-,-,-,-,-,-,-,-,-,-,Knox,Not in City Limit,2
93013,400389242,0,2,35.55749,-89.70558,4,2025-11-03 17:00:00,2025,11,3,17,0,Monday,17:00,Suspected Serious Injury,Dark-Not Lighted,Clear,Motor Vehicle-In-Transport On Same Roadway,None,THP District 4 - Memphis,THP,Unbelted,-,-,-,-,-,-,-,-,-,-,-,-,Tipton,Not in City Limit,2
93017,400389268,0,1,36.13541,-86.79738,3,2025-11-03 18:10:00,2025,11,3,18,10,Monday,18:10,Suspected Serious Injury,Dark-Lighted,Clear,Pedal-Cycle,None,METROPOLITAN NASHVILLE POLICE DEPT,Other,Unbelted,-,-,-,-,-,Pedalcyclist,-,-,-,-,-,-,Davidson,Nashville,2
93019,400389283,1,1,35.24123,-89.33564,4,2025-11-03 09:30:00,2025,11,3,9,30,Monday,09:30,Fatal,Daylight,Clear,Motor Vehicle-In-Transport On Same Roadway,None,THP District 4 - Memphis,THP,Unbelted,-,-,-,-,-,-,-,-,-,-,-,-,Fayette,Somerville,2
93025,400389317,0,1,36.37286,-86.9828,3,2025-11-03 05:07:00,2025,11,3,5,7,Monday,05:07,Suspected Serious Injury,Dark-Not Lighted,Clear,Guard Rail Face,None,THP District 3 - Nashville,THP,Unbelted,Distracted,-,-,-,-,-,-,-,-,-,-,-,Robertson,Coopertown,2
93027,400389331,1,3,35.49052,-89.72932,4,2025-10-31 19:51:00,2025,10,31,19,51,Friday,19:51,Fatal,Dark-Not Lighted,Clear,Standing Tree,None,THP District 4 - Memphis,THP,Unbelted,-,-,-,-,-,-,-,-,-,-,-,-,Tipton,Brighton,6
93032,400389351,0,1,36.58352,-82.77031,5,2025-10-30 23:04:00,2025,10,30,23,4,Thursday,23:04,Suspected Serious Injury,Dark-Not Lighted,Rain,Embankment Earth,None,THP District 5 - Fall Branch,THP,Unbelted,-,-,-,-,-,-,-,-,-,-,-,-,Hawkins,Not in City Limit,5
93039,400389395,0,4,36.06035,-84.19974,1,2025-11-01 16:12:00,2025,11,1,16,12,Saturday,16:12,Suspected Serious Injury,Daylight,Clear,Motor Vehicle-In-Transport On Same Roadway,None,OAK RIDGE POLICE DEPT,Other,-,-,-,-,-,-,-,-,-,-,-,Motorcyclist,-,Anderson,Oak Ridge,7
93043,400389425,0,1,36.17582,-87.38656,3,2025-11-03 20:15:00,2025,11,3,20,15,Monday,20:15,Suspected Serious Injury,Dark-Not Lighted,Clear,Other Fixed Object,Construction Zone,DICKSON CO SHERIFFS OFFICE,Other,Unbelted,-,-,Drug,-,-,-,-,-,-,-,-,-,Dickson,Not in City Limit,2
93058,400389507,0,2,35.86455,-86.47182,3,2025-11-03 22:57:00,2025,11,3,22,57,Monday,22:57,Suspected Serious Injury,Dark-Lighted,Clear,Other Post/Pole Support,None,MURFREESBORO POLICE DEPT,Other,Unbelted,-,Drinking,-,-,Speeding,-,-,-,-,-,-,-,Rutherford,Murfreesboro,2
93063,400389522,1,0,35.51522,-84.35101,1,2025-11-03 00:00:00,2025,11,3,24,0,Monday,24:00,Fatal,Daylight,Clear,Motor Vehicle-In-Transport On Same Roadway,None,MADISONVILLE POLICE DEPT,Other,Unbelted,-,Drinking,-,-,-,-,-,-,-,-,-,-,Monroe,Madisonville,2
93066,400389560,0,1,36.1605,-83.82923,1,2025-11-03 08:30:00,2025,11,3,8,30,Monday,08:30,Suspected Serious Injury,Daylight,Cloudy,Embankment Earth,None,THP District 1 - Knoxville,THP,Unbelted,-,-,-,-,-,-,-,-,-,-,-,-,Knox,Not in City Limit,2
93073,400389613,0,2,35.15696,-88.22514,8,2025-11-04 07:39:00,2025,11,4,7,39,Tuesday,07:39,Suspected Serious Injury,Daylight,Clear,Motor Vehicle-In-Transport On Same Roadway,None,THP District 8 - Jackson,THP,Unbelted,-,-,-,Drowsy,-,-,-,-,-,ATV_Involved,-,-,Hardin,Savannah,3
93089,400389729,0,2,36.09711,-84.55446,1,2025-11-04 13:55:00,2025,11,4,13,55,Tuesday,13:55,Suspected Serious Injury,Daylight,Clear,Motor Vehicle-In-Transport On Same Roadway,None,THP District 1 - Knoxville,THP,Unbelted,-,-,-,-,-,-,-,-,-,-,-,-,Morgan,Not in City Limit,3
93105,400389812,0,2,36.03611,-84.12991,1,2025-10-31 16:17:00,2025,10,31,16,17,Friday,16:17,Suspected Serious Injury,Daylight,Clear,Motor Vehicle-In-Transport On Same Roadway,None,THP District 1 - Knoxville,THP,Unbelted,-,-,-,-,-,-,-,-,-,-,-,-,Anderson,Not in City Limit,6
93113,400389869,0,2,36.3507,-86.5111,3,2025-11-03 16:03:00,2025,11,3,16,3,Monday,16:03,Suspected Serious Injury,Daylight,Clear,Motor Vehicle-In-Transport On Same Roadway,None,GALLATIN POLICE DEPT,Other,Unbelted,-,-,-,-,-,-,-,-,-,-,-,-,Sumner,Gallatin,2
93114,400389877,0,2,35.66745,-88.81223,8,2025-11-04 17:32:00,2025,11,4,17,32,Tuesday,17:32,Suspected Serious Injury,Dark-Lighted,Clear,Motor Vehicle-In-Transport On Same Roadway,None,JACKSON POLICE DEPT,Other,Unbelted,-,-,-,-,-,-,-,-,-,-,-,-,Madison,Jackson,3
93133,400389965,0,3,36.30045,-84.21896,1,2025-11-04 00:00:00,2025,11,4,24,0,Tuesday,24:00,Suspected Serious Injury,Dusk,Clear,Motor Vehicle-In-Transport On Same Roadway,None,THP District 1 - Knoxville,THP,Unbelted,-,-,-,-,-,-,-,-,-,-,-,-,Campbell,Caryville,3
93141,400390018,0,2,35.25635,-87.32755,7,2025-11-04 17:26:00,2025,11,4,17,26,Tuesday,17:26,Suspected Serious Injury,Dark-Lighted,Clear,Motor Vehicle-In-Transport On Different Roadway,None,LAWRENCEBURG POLICE DEPT,Other,Unbelted,-,-,-,-,-,-,-,-,-,-,-,-,Lawrence,Lawrenceburg,3
93151,400390070,1,0,36.14745,-86.75834,3,2025-11-04 21:52:00,2025,11,4,21,52,Tuesday,21:52,Fatal,Dark-Lighted,Clear,Pedestrian,None,METROPOLITAN NASHVILLE POLICE DEPT,Other,Unbelted,-,-,-,-,-,-,Pedestrian,-,-,-,-,-,Davidson,Nashville,3
93158,400390117,0,1,35.81265,-86.35507,3,2025-11-01 01:14:00,2025,11,1,1,14,Saturday,01:14,Suspected Serious Injury,Dark-Not Lighted,Clear,Motor Vehicle-In-Transport On Same Roadway,None,MURFREESBORO POLICE DEPT,Other,Unbelted,-,Drinking,-,-,-,-,-,-,-,-,-,-,Rutherford,Murfreesboro,7
93159,400390120,0,1,36.3055,-86.70698,3,2025-11-05 02:30:00,2025,11,5,2,30,Wednesday,02:30,Suspected Serious Injury,Dark-Not Lighted,Clear,Pedestrian,None,GOODLETTSVILLE POLICE DEPT,Other,-,-,-,-,-,-,-,Pedestrian,-,-,-,-,-,Davidson,Goodlettsville,4
93164,400390176,0,3,36.52733,-82.68783,5,2025-11-05 06:40:00,2025,11,5,6,40,Wednesday,06:40,Suspected Serious Injury,Daylight,Clear,Motor Vehicle-In-Transport On Same Roadway,None,CHURCH HILL PUBLIC SAFETY,Other,Unbelted,-,-,-,-,-,-,-,-,-,-,-,-,Hawkins,Church Hill,4
93165,400390191,0,3,36.48654,-83.83186,5,2025-11-05 07:40:00,2025,11,5,7,40,Wednesday,07:40,Suspected Serious Injury,Daylight,Clear,Deer,None,THP District 5 - Fall Branch,THP,Unbelted,-,-,-,-,-,-,-,-,-,-,-,-,Claiborne,Not in City Limit,4
93167,400390195,0,2,35.98659,-84.04545,1,2025-11-05 08:21:00,2025,11,5,8,21,Wednesday,08:21,Suspected Serious Injury,Daylight,Clear,Motor Vehicle-In-Transport On Same Roadway,None,KNOX CO SHERIFFS OFFICE,Other,Unbelted,-,-,-,-,Speeding,-,-,-,-,-,-,-,Knox,Not in City Limit,4
93174,400390262,0,3,35.58231,-84.9379,2,2025-11-05 07:40:00,2025,11,5,7,40,Wednesday,07:40,Suspected Serious Injury,Daylight,Clear,Motor Vehicle-In-Transport On Same Roadway,None,THP District 2 - Chattanooga,THP,Unbelted,-,-,-,-,-,-,-,-,-,-,-,-,Rhea,Not in City Limit,4
93175,400390268,0,1,36.38648,-82.66195,5,2025-11-05 07:00:00,2025,11,5,7,0,Wednesday,07:00,Suspected Serious Injury,Daylight,Clear,Motor Vehicle-In-Transport On Same Roadway,None,THP District 5 - Fall Branch,THP,Unbelted,-,-,-,-,-,-,Pedestrian,-,-,ATV_Involved,-,-,Greene,Not in City Limit,4
93184,400390305,0,1,35.96197,-83.37913,5,2025-11-05 04:47:00,2025,11,5,4,47,Wednesday,04:47,Suspected Serious Injury,Dark-Not Lighted,Clear,Utility Pole,None,THP District 5 - Fall Branch,THP,Unbelted,-,-,-,-,-,-,-,-,-,-,-,-,Jefferson,Dandridge,4
93196,400390354,0,3,35.92075,-85.39688,6,2025-11-04 12:43:00,2025,11,4,12,43,Tuesday,12:43,Suspected Serious Injury,Daylight,Clear,Motor Vehicle-In-Transport On Same Roadway,None,THP District 6 - Cookeville,THP,Unbelted,-,-,-,-,-,-,-,-,-,-,-,-,White,Not in City Limit,3
93200,400390388,1,3,36.17933,-86.81074,3,2025-11-05 13:13:00,2025,11,5,13,13,Wednesday,13:13,Fatal,Daylight,Clear,Motor Vehicle-In-Transport On Same Roadway,None,METROPOLITAN NASHVILLE POLICE DEPT,Other,Unbelted,-,-,-,-,-,-,-,-,-,-,-,-,Davidson,Nashville,4
93217,400390489,0,5,36.6273,-86.56756,3,2025-10-31 16:03:00,2025,10,31,16,3,Friday,16:03,Suspected Serious Injury,Daylight,Clear,Motor Vehicle-In-Transport On Same Roadway,None,PORTLAND POLICE DEPT,Other,Unbelted,-,-,-,-,-,-,-,-,-,-,-,-,Sumner,Portland,6
93220,400390507,0,2,36.11515,-82.67814,5,2025-11-05 16:46:00,2025,11,5,16,46,Wednesday,16:46,Suspected Serious Injury,Daylight,Clear,Ditch,None,THP District 5 - Fall Branch,THP,-,-,Drinking,Drug,-,-,-,-,-,-,-,Motorcyclist,-,Greene,Not in City Limit,4
93245,400390670,1,0,36.39129,-82.35955,5,2025-11-05 18:18:00,2025,11,5,18,18,Wednesday,18:18,Fatal,Dark-Lighted,Clear,Ditch,None,THP District 5 - Fall Branch,THP,-,-,-,-,-,-,-,-,-,-,-,Motorcyclist,-,Washington,Johnson City,4
93256,400390722,0,1,35.74663,-89.48441,4,2025-11-04 19:55:00,2025,11,4,19,55,Tuesday,19:55,Suspected Serious Injury,Dark-Lighted,Clear,Ditch,None,THP District 4 - Memphis,THP,Unbelted,-,-,-,-,-,-,-,-,-,-,-,-,Lauderdale,Not in City Limit,3
93257,400390729,1,0,36.02564,-87.1721,3,2025-11-05 18:10:00,2025,11,5,18,10,Wednesday,18:10,Fatal,Dark-Not Lighted,Clear,Pedestrian,None,THP District 3 - Nashville,THP,Unbelted,-,-,-,-,-,-,Pedestrian,-,-,-,-,-,Williamson,Fairview,4
93269,400390834,0,1,35.24426,-88.93423,4,2025-11-04 09:13:00,2025,11,4,9,13,Tuesday,09:13,Suspected Serious Injury,Daylight,Clear,Embankment Rock/Stone/Concrete,None,THP District 4 - Memphis,THP,Unbelted,-,-,-,-,-,-,-,-,-,-,-,-,Hardeman,Not in City Limit,3
93275,400390883,0,1,35.31718,-89.63478,4,2025-10-31 06:30:00,2025,10,31,6,30,Friday,06:30,Suspected Serious Injury,Daylight,Clear,Ditch,None,GALLAWAY POLICE DEPT,Other,Unbelted,-,-,-,-,-,-,-,-,-,-,-,-,Fayette,Gallaway,6
93277,400390896,0,1,35.76036,-83.37729,1,2025-11-06 08:30:00,2025,11,6,8,30,Thursday,08:30,Suspected Serious Injury,Daylight,Clear,Standing Tree,None,THP District 1 - Knoxville,THP,Unbelted,-,-,-,-,-,-,-,-,-,ATV_Involved,-,-,Sevier,Pittman Center,5
93279,400390902,0,1,35.46147,-86.78281,7,2025-11-06 07:02:00,2025,11,6,7,2,Thursday,07:02,Suspected Serious Injury,Daylight,Clear,Motor Vehicle-In-Transport On Same Roadway,None,LEWISBURG POLICE DEPT,Other,Unbelted,-,-,-,-,-,-,-,-,-,-,-,-,Marshall,Lewisburg,5
93280,400390903,0,5,35.48049,-84.59241,2,2025-10-27 07:48:00,2025,10,27,7,48,Monday,07:48,Suspected Serious Injury,Dawn,Rain,Motor Vehicle-In-Transport On Same Roadway,None,THP District 2 - Chattanooga,THP,Unbelted,-,-,-,-,-,-,-,-,-,-,-,-,McMinn,Athens,2
93294,400390952,0,1,35.73925,-86.88108,7,2025-11-05 13:29:00,2025,11,5,13,29,Wednesday,13:29,Suspected Serious Injury,Daylight,Clear,Embankment Earth,None,SPRING HILL POLICE DEPT,Other,Unbelted,-,-,-,-,-,-,-,-,-,-,-,-,Maury,Spring Hill,4
93299,400390999,0,1,36.47448,-84.95253,6,2025-11-06 09:38:00,2025,11,6,9,38,Thursday,09:38,Suspected Serious Injury,Daylight,Clear,Utility Pole,None,THP District 6 - Cookeville,THP,-,-,-,-,-,-,-,-,-,-,-,Motorcyclist,-,Fentress,Not in City Limit,5
93300,400391001,0,1,36.03085,-83.87159,1,2025-11-06 12:03:00,2025,11,6,12,3,Thursday,12:03,Suspected Serious Injury,Daylight,Clear,Motor Vehicle-In-Transport On Same Roadway,None,KNOXVILLE POLICE DEPT,Other,Unbelted,-,-,-,-,-,-,-,-,-,-,-,-,Knox,Knoxville,5
93301,400391002,0,2,35.22075,-87.23232,7,2025-11-05 11:58:00,2025,11,5,11,58,Wednesday,11:58,Suspected Serious Injury,Daylight,Clear,Motor Vehicle-In-Transport On Same Roadway,None,THP District 7 - Lawrenceburg,THP,Unbelted,-,-,-,-,-,-,-,-,-,-,-,-,Lawrence,Not in City Limit,4