OBJECTID,MRN,Fatality,Injury,Latitude,Longitude,THP_District,Collision_Date,Collision_Year,Collision_Month,Collision_Day,Collision_Hour,Collision_Min,Collision_DOW,Collision_Time,Crash_Type,Light_Condition,Weather,First_Harmfu_Event,Work_Zone_Type,Agency_Name,THP,Unbelted,Distracted_Driver,Driver_Drinking,Driver_Drugged,Drowsy_Driver,Speeding_Involved,Pedalcyclist,Pedestrian,Other_Nonmotorist,ATV_Involved,LargeTruck_Involved,Motorcycle_Involved,SchoolBus,County,City,DOW_Nmb
93303,400391023,0,1,36.3937,-86.63795,3,2025-11-04 05:55:00,2025,11,4,5,55,Tuesday,05:55,Suspected Serious Injury,Dawn,Fog,Standing Tree,None,THP District 3 - Nashville,THP,Unbelted,-,-,-,-,-,-,-,-,-,-,-,-,Sumner,Not in City Limit,3
93307,400391039,0,1,36.3897,-86.24183,6,2025-11-06 11:20:00,2025,11,6,11,20,Thursday,11:20,Suspected Serious Injury,Daylight,Clear,Motor Vehicle-In-Transport On Same Roadway,None,HARTSVILLE-TROUSDALE SHERIFFS DEPT,Other,Unbelted,-,-,-,-,-,-,-,-,-,-,-,-,Trousdale,Hartsville,5
93310,400391070,1,2,36.46069,-86.83339,3,2025-11-05 18:56:00,2025,11,5,18,56,Wednesday,18:56,Fatal,Dark-Not Lighted,Clear,Motor Vehicle-In-Transport On Same Roadway,None,THP District 3 - Nashville,THP,Unbelted,-,-,-,-,-,-,-,-,-,-,-,-,Robertson,Springfield,4
93326,400391179,1,1,35.51082,-84.36682,1,2025-11-06 16:20:00,2025,11,6,16,20,Thursday,16:20,Fatal,Daylight,Clear,Motor Vehicle-In-Transport On Same Roadway,None,MADISONVILLE POLICE DEPT,Other,Unbelted,-,-,-,-,-,-,-,-,-,-,-,-,Monroe,Madisonville,5
93329,400391188,0,1,36.38252,-84.56348,1,2025-11-06 14:56:00,2025,11,6,14,56,Thursday,14:56,Suspected Serious Injury,Daylight,Clear,Motor Vehicle-In-Transport On Same Roadway,None,THP District 1 - Knoxville,THP,Unbelted,-,-,-,-,-,-,-,-,-,-,-,-,Scott,Not in City Limit,5
93335,400391227,0,2,36.10688,-85.76828,6,2025-11-06 16:12:00,2025,11,6,16,12,Thursday,16:12,Suspected Serious Injury,Dusk,Clear,Standing Tree,None,THP District 6 - Cookeville,THP,Unbelted,-,-,-,-,-,-,-,-,-,-,-,-,Putnam,Not in City Limit,5
93341,400391260,1,0,35.64949,-88.13597,8,2025-11-05 19:58:00,2025,11,5,19,58,Wednesday,19:58,Fatal,Dark-Lighted,Clear,Motor Vehicle-In-Transport On Same Roadway,None,PARSONS POLICE DEPT,Other,Unbelted,-,-,Drug,-,-,-,-,-,-,-,Motorcyclist,-,Decatur,Parsons,4
93351,400391316,0,1,36.58209,-82.77253,5,2025-11-06 16:19:00,2025,11,6,16,19,Thursday,16:19,Suspected Serious Injury,Daylight,Clear,Motor Vehicle-In-Transport On Same Roadway,None,THP District 5 - Fall Branch,THP,Unbelted,-,-,-,-,-,-,-,-,-,-,-,-,Hawkins,Not in City Limit,5
93361,400391345,0,1,36.53742,-87.66622,3,2025-11-06 04:21:00,2025,11,6,4,21,Thursday,04:21,Suspected Serious Injury,Dark-Not Lighted,Clear,Deer,None,STEWART CO SHERIFFS DEPT,Other,-,-,-,-,-,-,-,-,-,-,-,Motorcyclist,-,Stewart,Not in City Limit,5
93362,400391349,1,1,36.21736,-86.76317,3,2025-11-06 16:22:00,2025,11,6,16,22,Thursday,16:22,Fatal,Daylight,Clear,Motor Vehicle-In-Transport On Same Roadway,None,METROPOLITAN NASHVILLE POLICE DEPT,Other,Unbelted,-,-,-,-,Speeding,-,-,-,-,-,Motorcyclist,-,Davidson,Nashville,5
93377,400391427,0,4,35.83109,-86.83397,3,2025-11-06 21:15:00,2025,11,6,21,15,Thursday,21:15,Suspected Serious Injury,Dark-Not Lighted,Clear,Motor Vehicle-In-Transport On Same Roadway,None,THP District 3 - Nashville,THP,Unbelted,-,-,-,Drowsy,-,-,-,-,-,-,-,-,Williamson,Franklin,5
93383,400391439,1,1,36.09186,-84.13854,1,2025-11-06 20:25:00,2025,11,6,20,25,Thursday,20:25,Fatal,Dark-Lighted,Clear,Motor Vehicle-In-Transport On Same Roadway,None,CLINTON POLICE DEPT,Other,Unbelted,-,-,-,-,-,-,-,-,-,-,Motorcyclist,-,Anderson,Clinton,5
93387,400391454,1,0,35.58035,-88.83666,8,2025-11-06 18:44:00,2025,11,6,18,44,Thursday,18:44,Fatal,Dark-Not Lighted,Clear,Pedestrian,None,MADISON CO SHERIFFS DEPT,Other,Unbelted,Distracted,-,-,-,-,-,Pedestrian,-,-,-,-,-,Madison,Not in City Limit,5
93394,400391491,0,1,35.88798,-86.3822,3,2025-11-07 05:25:00,2025,11,7,5,25,Friday,05:25,Suspected Serious Injury,Dark-Lighted,Clear,Motor Vehicle-In-Transport On Same Roadway,None,MURFREESBORO POLICE DEPT,Other,Unbelted,-,-,-,-,-,-,-,-,-,-,Motorcyclist,-,Rutherford,Murfreesboro,6
93409,400391615,0,1,35.87283,-86.88331,3,2025-11-06 14:45:00,2025,11,6,14,45,Thursday,14:45,Suspected Serious Injury,Daylight,Clear,Motor Vehicle-In-Transport On Same Roadway,None,WILLIAMSON CO SHERIFFS OFFICE,Other,Unbelted,-,Drinking,-,-,-,-,-,-,-,-,-,-,Williamson,Not in City Limit,5
93410,400391618,0,1,36.02457,-89.27048,8,2025-11-06 10:41:00,2025,11,6,10,41,Thursday,10:41,Suspected Serious Injury,Daylight,Clear,Cargo Equip Loss/Shift,None,THP District 8 - Jackson,THP,Unbelted,-,-,-,-,-,-,-,-,-,-,-,-,Dyer,Not in City Limit,5
93441,400391820,1,0,35.74979,-88.45526,8,2025-11-07 13:58:00,2025,11,7,13,58,Friday,13:58,Fatal,Daylight,Clear,Motor Vehicle-In-Transport On Same Roadway,None,THP District 8 - Jackson,THP,Unbelted,Distracted,-,-,-,-,-,-,-,ATV_Involved,-,-,-,Henderson,Not in City Limit,6
93449,400391851,0,1,35.97776,-83.34719,5,2025-11-07 12:45:00,2025,11,7,12,45,Friday,12:45,Suspected Serious Injury,Daylight,Clear,Guard Rail Face,None,THP District 5 - Fall Branch,THP,-,-,-,-,-,-,-,-,-,-,-,Motorcyclist,-,Jefferson,Not in City Limit,6
93457,400391883,0,1,35.15673,-87.25283,7,2025-11-05 23:49:00,2025,11,5,23,49,Wednesday,23:49,Suspected Serious Injury,Dark-Not Lighted,Clear,Embankment Earth,None,THP District 7 - Lawrenceburg,THP,Unbelted,-,Drinking,Drug,-,-,-,-,-,-,-,-,-,Lawrence,Not in City Limit,4
93462,400391900,0,1,35.90771,-86.89627,3,2025-11-07 15:36:00,2025,11,7,15,36,Friday,15:36,Suspected Serious Injury,Daylight,Clear,Motor Vehicle-In-Transport On Same Roadway,None,FRANKLIN POLICE DEPT,Other,Unbelted,-,-,-,-,Speeding,-,-,-,-,-,-,-,Williamson,Franklin,6
93475,400391947,0,1,36.01919,-84.04146,1,2025-11-07 18:52:00,2025,11,7,18,52,Friday,18:52,Suspected Serious Injury,Dark-Unknown Lighting,Cloudy,Motor Vehicle-In-Transport On Same Roadway,None,THP District 1 - Knoxville,THP,Unbelted,-,-,-,-,-,-,-,-,-,-,-,-,Knox,Not in City Limit,6
93477,400391962,0,3,35.96072,-83.19523,5,2025-11-07 17:56:00,2025,11,7,17,56,Friday,17:56,Suspected Serious Injury,Dark-Lighted,Clear,Motor Vehicle-In-Transport On Same Roadway,None,NEWPORT POLICE DEPT,Other,Unbelted,-,-,-,-,-,-,-,-,-,-,-,-,Cocke,Newport,6
93483,400391985,1,0,36.02437,-89.2925,8,2025-11-07 17:20:00,2025,11,7,17,20,Friday,17:20,Fatal,Dark-Not Lighted,Cloudy,Ditch,None,THP District 8 - Jackson,THP,Unbelted,-,-,-,-,-,-,-,-,-,-,-,-,Dyer,Not in City Limit,6
93485,400391992,0,1,36.04131,-83.64444,5,2025-11-06 22:31:00,2025,11,6,22,31,Thursday,22:31,Suspected Serious Injury,Dark-Lighted,Clear,Standing Tree,None,THP District 5 - Fall Branch,THP,Unbelted,-,Drinking,-,-,-,-,-,-,-,-,-,-,Jefferson,OTHER,5
93487,400392009,0,1,35.95326,-85.75976,6,2025-11-07 15:20:00,2025,11,7,15,20,Friday,15:20,Suspected Serious Injury,Daylight,Clear,Motor Vehicle-In-Transport On Same Roadway,None,THP District 6 - Cookeville,THP,Unbelted,-,Drinking,Drug,-,-,-,-,-,-,-,Motorcyclist,-,DeKalb,Not in City Limit,6
93490,400392024,1,0,35.1356,-86.55303,7,2025-11-04 22:26:00,2025,11,4,22,26,Tuesday,22:26,Fatal,Dark-Not Lighted,Clear,Ditch,None,THP District 7 - Lawrenceburg,THP,Unbelted,-,Drinking,Drug,-,-,-,-,-,-,-,-,-,Lincoln,Not in City Limit,3
93513,400392171,0,2,35.793,-86.30484,3,2025-11-07 00:03:00,2025,11,7,0,3,Friday,00:03,Suspected Serious Injury,Dark-Not Lighted,Fog,Motor Vehicle-In-Transport On Same Roadway,None,RUTHERFORD CO SHERIFFS DEPT,Other,Unbelted,-,-,-,-,-,-,-,-,-,-,-,-,Rutherford,Not in City Limit,6
93515,400392185,0,1,36.02897,-84.31641,1,2025-11-07 20:55:00,2025,11,7,20,55,Friday,20:55,Suspected Serious Injury,Dark-Not Lighted,Rain,Ditch,None,OLIVER SPRINGS POLICE DEPT,Other,Unbelted,-,Drinking,-,-,-,-,-,-,-,-,-,-,Anderson,Oliver Springs,6
93516,400392187,0,1,35.80915,-86.44305,3,2025-11-08 00:00:00,2025,11,8,24,0,Saturday,24:00,Suspected Serious Injury,Dark-Lighted,Clear,Standing Tree,None,MURFREESBORO POLICE DEPT,Other,-,-,-,-,Drowsy,-,-,-,-,-,-,-,-,Rutherford,Murfreesboro,7
93518,400392193,0,2,35.91706,-86.46136,3,2025-11-08 00:21:00,2025,11,8,0,21,Saturday,00:21,Suspected Serious Injury,Dark-Not Lighted,Clear,Motor Vehicle-In-Transport On Same Roadway,None,MURFREESBORO POLICE DEPT,Other,Unbelted,-,-,-,-,-,-,-,-,-,-,-,-,Rutherford,Murfreesboro,7
93525,400392227,0,1,36.43347,-86.75891,3,2025-11-06 23:49:00,2025,11,6,23,49,Thursday,23:49,Suspected Serious Injury,Dark-Lighted,Clear,Embankment Earth,None,THP District 3 - Nashville,THP,Unbelted,-,Drinking,Drug,-,-,-,-,-,-,-,-,-,Robertson,Not in City Limit,5
93542,400392340,0,1,36.08873,-85.33566,6,2025-11-08 06:57:00,2025,11,8,6,57,Saturday,06:57,Suspected Serious Injury,Dawn,Fog,Standing Tree,None,PUTNAM COUNTY SHERIFF'S OFFICE,Other,Unbelted,-,-,-,-,-,-,-,-,-,-,-,-,Putnam,Not in City Limit,7
93549,400392357,0,2,35.80897,-83.83981,1,2025-11-08 05:24:00,2025,11,8,5,24,Saturday,05:24,Suspected Serious Injury,Dark-Not Lighted,Fog,Embankment Earth,None,BLOUNT CO SHERIFFS DEPT,Other,Unbelted,-,-,-,-,Speeding,-,-,-,-,-,-,-,Blount,Not in City Limit,7
93550,400392364,0,1,36.41788,-82.25022,5,2025-11-08 11:08:00,2025,11,8,11,8,Saturday,11:08,Suspected Serious Injury,Daylight,Clear,Ditch,None,CARTER CO SHERIFFS DEPT,Other,Unbelted,-,-,-,-,-,-,-,-,-,-,-,-,Carter,Not in City Limit,7
93558,400392413,1,0,35.98251,-87.3169,3,2025-11-08 10:32:00,2025,11,8,10,32,Saturday,10:32,Fatal,Daylight,Clear,Motor Vehicle-In-Transport On Same Roadway,None,THP District 3 - Nashville,THP,Unbelted,Distracted,-,Drug,-,-,-,-,-,-,-,Motorcyclist,-,Dickson,Not in City Limit,7
93573,400392505,0,1,36.48979,-86.58612,3,2025-11-05 19:49:00,2025,11,5,19,49,Wednesday,19:49,Suspected Serious Injury,Dark-Not Lighted,Clear,Motor Vehicle-In-Transport On Same Roadway,None,THP District 3 - Nashville,THP,Unbelted,-,Drinking,-,-,-,-,-,-,-,-,-,-,Sumner,Not in City Limit,4
93590,400392589,1,0,35.52804,-85.32325,2,2025-11-08 12:50:00,2025,11,8,12,50,Saturday,12:50,Fatal,Daylight,Clear,Embankment Earth,None,THP District 2 - Chattanooga,THP,Unbelted,-,Drinking,-,-,-,-,-,-,-,-,-,-,Bledsoe,Not in City Limit,7
93593,400392601,1,1,35.4988,-88.91616,8,2025-09-26 13:27:00,2025,9,26,13,27,Friday,13:27,Fatal,Daylight,Clear,"Over Turn, Roll Over",None,THP District 8 - Jackson,THP,-,-,Drinking,Drug,-,-,-,-,-,-,-,-,-,Madison,Not in City Limit,6
93595,400392608,0,2,35.57984,-88.67348,8,2025-11-08 00:26:00,2025,11,8,0,26,Saturday,00:26,Suspected Serious Injury,Dark-Not Lighted,Fog,Deer,None,MADISON CO SHERIFFS DEPT,Other,Unbelted,-,Drinking,-,-,-,-,-,-,-,-,-,-,Madison,OTHER,7
93597,400392618,0,6,36.27335,-83.13605,5,2025-11-07 18:53:00,2025,11,7,18,53,Friday,18:53,Suspected Serious Injury,Dark-Not Lighted,Clear,Motor Vehicle-In-Transport On Same Roadway,None,THP District 5 - Fall Branch,THP,Unbelted,-,-,Drug,-,-,-,-,-,-,-,-,-,Hamblen,Not in City Limit,6
93600,400392625,0,1,36.05809,-86.64175,3,2025-11-08 18:15:00,2025,11,8,18,15,Saturday,18:15,Suspected Serious Injury,Dark-Lighted,Clear,Pedestrian,None,METROPOLITAN NASHVILLE POLICE DEPT,Other,Unbelted,-,-,-,-,-,-,Pedestrian,-,-,-,-,-,Davidson,Nashville,7
93615,400392700,0,2,35.9864,-86.99203,3,2025-11-08 14:39:00,2025,11,8,14,39,Saturday,14:39,Suspected Serious Injury,Daylight,Clear,Motor Vehicle-In-Transport On Same Roadway,None,THP District 3 - Nashville,THP,Unbelted,Distracted,-,-,-,-,-,-,-,-,-,Motorcyclist,-,Williamson,Not in City Limit,7
93620,400392730,0,2,35.81944,-86.39546,3,2025-11-08 00:00:00,2025,11,8,24,0,Saturday,24:00,Suspected Serious Injury,Dark-Lighted,Clear,Motor Vehicle-In-Transport On Same Roadway,None,MURFREESBORO POLICE DEPT,Other,Unbelted,-,Drinking,Drug,-,Speeding,-,-,-,-,-,-,-,Rutherford,Murfreesboro,7
93634,400392797,1,1,36.16677,-87.62512,3,2025-11-08 15:13:00,2025,11,8,15,13,Saturday,15:13,Fatal,Daylight,Clear,Standing Tree,None,THP District 3 - Nashville,THP,-,-,-,-,-,-,-,-,-,-,-,Motorcyclist,-,Humphreys,Not in City Limit,7
93639,400392812,0,1,36.13766,-83.66568,5,2025-11-09 04:30:00,2025,11,9,4,30,Sunday,04:30,Suspected Serious Injury,Dark-Not Lighted,Fog,Embankment Earth,None,THP District 5 - Fall Branch,THP,Unbelted,-,-,-,-,Speeding,-,-,-,-,-,-,-,Grainger,Not in City Limit,1
93643,400392836,0,2,35.465,-89.29448,4,2025-11-09 03:29:00,2025,11,9,3,29,Sunday,03:29,Suspected Serious Injury,Dark-Not Lighted,Clear,Motor Vehicle-In-Transport On Same Roadway,None,THP District 4 - Memphis,THP,Unbelted,-,-,-,-,-,-,-,-,-,ATV_Involved,-,-,Haywood,Not in City Limit,1
93644,400392837,0,2,35.5225,-88.76802,8,2025-11-08 16:11:00,2025,11,8,16,11,Saturday,16:11,Suspected Serious Injury,Daylight,Clear,Motor Vehicle-In-Transport On Same Roadway,None,THP District 8 - Jackson,THP,Unbelted,-,-,-,-,-,-,-,-,-,-,Motorcyclist,-,Madison,Not in City Limit,7
93648,400392879,0,1,35.52003,-85.01054,2,2025-11-08 10:19:00,2025,11,8,10,19,Saturday,10:19,Suspected Serious Injury,Daylight,Clear,"Over Turn, Roll Over",None,THP District 2 - Chattanooga,THP,Unbelted,-,-,-,-,-,-,-,-,-,-,-,-,Rhea,Not in City Limit,7
93653,400392909,0,1,36.49816,-81.79876,5,2025-11-08 17:24:00,2025,11,8,17,24,Saturday,17:24,Suspected Serious Injury,Dawn,Clear,Deer,None,JOHNSON CO SHERIFFS DEPT,Other,-,-,-,-,-,-,-,-,-,-,-,Motorcyclist,-,Johnson,Not in City Limit,7
93659,400392936,0,2,35.02201,-87.67166,7,2025-11-08 13:50:00,2025,11,8,13,50,Saturday,13:50,Suspected Serious Injury,Daylight,Clear,Motor Vehicle-In-Transport On Same Roadway,None,THP District 7 - Lawrenceburg,THP,Unbelted,-,-,-,-,-,-,-,-,-,-,-,-,Wayne,Not in City Limit,7
93661,400392939,0,1,36.15623,-86.7596,3,2025-11-09 00:00:00,2025,11,9,24,0,Sunday,24:00,Suspected Serious Injury,Dark-Lighted,Clear,Concrete Traffic Barrier,None,METROPOLITAN NASHVILLE POLICE DEPT,Other,Unbelted,-,Drinking,Drug,-,-,-,-,-,-,-,-,-,Davidson,Nashville,1
93667,400392985,1,0,36.18088,-83.90023,5,2025-11-08 23:30:00,2025,11,8,23,30,Saturday,23:30,Fatal,Dark-Not Lighted,Clear,Guard Rail Face,Construction Zone,THP District 5 - Fall Branch,THP,Unbelted,-,Drinking,Drug,-,-,-,-,-,-,-,-,-,Union,Not in City Limit,7
93671,400392998,0,1,36.54005,-87.17093,3,2025-11-08 10:24:00,2025,11,8,10,24,Saturday,10:24,Suspected Serious Injury,Daylight,Clear,Wall,None,THP District 3 - Nashville,THP,Unbelted,-,-,-,-,-,-,-,-,-,-,-,-,Montgomery,Not in City Limit,7
93673,400393013,1,0,36.13403,-82.915,5,2025-11-08 19:01:00,2025,11,8,19,1,Saturday,19:01,Fatal,Dark-Not Lighted,Clear,Ditch,None,THP District 5 - Fall Branch,THP,-,-,Drinking,Drug,-,-,-,-,-,-,-,Motorcyclist,-,Greene,Not in City Limit,7
93686,400393110,1,0,35.02073,-89.66191,4,2025-11-08 16:52:00,2025,11,8,16,52,Saturday,16:52,Fatal,Dusk,Clear,Other Non-Fixed Object,Construction Zone,COLLIERVILLE POLICE DEPT,Other,Unbelted,-,-,-,-,-,-,-,-,-,-,-,-,Shelby,Collierville,7
93702,400393192,0,2,36.11237,-89.35292,8,2025-11-08 22:18:00,2025,11,8,22,18,Saturday,22:18,Suspected Serious Injury,Dark-Lighted,Clear,"Over Turn, Roll Over",None,THP District 8 - Jackson,THP,-,-,-,-,-,-,-,-,-,-,-,-,-,Dyer,Not in City Limit,7
93711,400393257,0,1,35.40915,-89.55581,4,2025-11-06 20:10:00,2025,11,6,20,10,Thursday,20:10,Suspected Serious Injury,Dark-Not Lighted,Clear,Embankment Earth,None,MASON POLICE DEPT,Other,Unbelted,-,-,-,-,-,-,-,-,-,-,-,-,Tipton,Mason,5
93720,400393329,0,3,36.3263,-86.88265,3,2025-11-05 06:45:00,2025,11,5,6,45,Wednesday,06:45,Suspected Serious Injury,Dawn,Clear,"Over Turn, Roll Over",None,METROPOLITAN NASHVILLE POLICE DEPT,Other,-,-,-,-,-,-,-,-,-,-,-,-,-,Davidson,Nashville,4
93733,400393454,2,0,36.07779,-86.7588,3,2025-11-06 09:14:00,2025,11,6,9,14,Thursday,09:14,Fatal,Daylight,Clear,Motor Vehicle-In-Transport On Same Roadway,None,METROPOLITAN NASHVILLE POLICE DEPT,Other,Unbelted,-,-,-,-,Speeding,-,-,-,-,-,Motorcyclist,-,Davidson,Nashville,5
93737,400393488,0,3,35.37898,-87.27383,7,2025-11-09 05:25:00,2025,11,9,5,25,Sunday,05:25,Suspected Serious Injury,Dark-Not Lighted,Clear,Motor Vehicle-In-Transport On Same Roadway,None,THP District 7 - Lawrenceburg,THP,Unbelted,-,-,-,-,-,-,-,-,-,-,-,-,Lawrence,Not in City Limit,1
93742,400393552,0,2,36.05911,-84.30441,1,2025-11-06 23:34:00,2025,11,6,23,34,Thursday,23:34,Suspected Serious Injury,Dark-Not Lighted,Clear,Standing Tree,None,THP District 1 - Knoxville,THP,Unbelted,-,-,Drug,-,-,-,-,-,-,-,-,-,Anderson,Not in City Limit,5
93743,400393553,0,1,35.34335,-86.29511,7,2025-11-10 00:00:00,2025,11,10,24,0,Monday,24:00,Suspected Serious Injury,Daylight,Cloudy,Guard Rail Face,None,THP District 7 - Lawrenceburg,THP,Unbelted,-,Drinking,-,-,-,-,-,-,-,-,-,-,Moore,Not in City Limit,2
93757,400393630,1,0,36.58704,-83.61102,5,2025-11-08 00:10:00,2025,11,8,0,10,Saturday,00:10,Fatal,Dark-Not Lighted,Rain,Standing Tree,None,THP District 5 - Fall Branch,THP,Unbelted,-,-,-,-,-,-,-,-,-,-,-,-,Claiborne,Not in City Limit,7
93758,400393637,0,3,35.85992,-83.95966,1,2025-11-10 18:13:00,2025,11,10,18,13,Monday,18:13,Suspected Serious Injury,Dark-Not Lighted,Cloudy,Motor Vehicle-In-Transport On Same Roadway,None,ALCOA POLICE DEPARTMENT,Other,Unbelted,-,-,-,-,-,-,-,-,-,-,-,-,Blount,Alcoa,2
93772,400393683,0,1,36.29209,-86.69461,3,2025-11-10 19:15:00,2025,11,10,19,15,Monday,19:15,Suspected Serious Injury,Dark-Not Lighted,Clear,Pedestrian,None,METROPOLITAN NASHVILLE POLICE DEPT,Other,Unbelted,-,-,-,-,-,-,Pedestrian,-,-,-,-,-,Davidson,Nashville,2
93775,400393695,0,1,35.99715,-83.92434,1,2025-11-10 20:25:00,2025,11,10,20,25,Monday,20:25,Suspected Serious Injury,Dark-Lighted,Clear,Motor Vehicle-In-Transport On Same Roadway,None,KNOXVILLE POLICE DEPT,Other,Unbelted,-,-,-,-,-,-,-,-,-,-,-,-,Knox,Knoxville,2
93781,400393725,0,1,35.72187,-83.92573,1,2025-11-10 17:56:00,2025,11,10,17,56,Monday,17:56,Suspected Serious Injury,Dark-Not Lighted,Clear,Pedestrian,None,BLOUNT CO SHERIFFS DEPT,Other,Unbelted,-,-,Drug,-,-,-,Pedestrian,-,-,-,-,-,Blount,Not in City Limit,2
93782,400393734,0,1,36.47532,-87.84498,3,2025-11-10 19:05:00,2025,11,10,19,5,Monday,19:05,Suspected Serious Injury,Dusk,Clear,Fell/Jumped From Vehicle,None,THP District 3 - Nashville,THP,-,-,-,-,-,-,-,-,-,-,-,-,-,Stewart,Dover,2
93790,400393754,0,1,35.58172,-86.23435,2,2025-11-10 20:55:00,2025,11,10,20,55,Monday,20:55,Suspected Serious Injury,Dark-Not Lighted,Clear,Motor Vehicle-In-Transport On Same Roadway,None,THP District 2 - Chattanooga,THP,Unbelted,-,-,-,-,-,-,-,-,-,ATV_Involved,-,-,Coffee,Not in City Limit,2
93799,400393777,0,1,35.82342,-88.91271,8,2025-11-10 19:45:00,2025,11,10,19,45,Monday,19:45,Suspected Serious Injury,Dark-Lighted,Clear,Unknown,None,HUMBOLDT POLICE DEPT,Other,Unbelted,-,-,-,-,-,Pedalcyclist,-,-,-,-,-,-,Gibson,Humboldt,2
93810,400393857,0,2,35.05598,-88.37629,8,2025-11-10 11:54:00,2025,11,10,11,54,Monday,11:54,Suspected Serious Injury,Daylight,Clear,Motor Vehicle-In-Transport On Same Roadway,None,THP District 8 - Jackson,THP,Unbelted,-,-,-,-,-,-,-,-,-,-,-,-,Hardin,Not in City Limit,2
93813,400393862,0,1,36.15757,-88.71244,8,2025-11-10 13:05:00,2025,11,10,13,5,Monday,13:05,Suspected Serious Injury,Daylight,Clear,Ditch,None,WEAKLEY CO SHERIFFS DEPT,Other,-,-,-,-,-,Speeding,-,-,-,-,-,Motorcyclist,-,Weakley,Not in City Limit,2
93816,400393885,0,4,35.5016,-86.01583,2,2025-11-11 07:46:00,2025,11,11,7,46,Tuesday,07:46,Suspected Serious Injury,Daylight,Clear,Motor Vehicle-In-Transport On Same Roadway,None,THP District 2 - Chattanooga,THP,Unbelted,-,-,-,-,-,-,-,-,-,-,-,-,Coffee,Not in City Limit,3
93818,400393903,1,1,36.18561,-86.2812,3,2025-11-11 05:54:00,2025,11,11,5,54,Tuesday,05:54,Fatal,Dawn,Clear,Motor Vehicle-In-Transport On Same Roadway,None,THP District 3 - Nashville,THP,Unbelted,-,-,-,-,-,-,-,-,-,ATV_Involved,-,-,Wilson,Lebanon,3
93822,400393919,0,1,35.97449,-87.52325,7,2025-11-11 05:26:00,2025,11,11,5,26,Tuesday,05:26,Suspected Serious Injury,Dawn,Clear,Guard Rail Face,None,THP District 7 - Lawrenceburg,THP,Unbelted,-,-,-,-,-,-,-,-,-,-,-,-,Hickman,Not in City Limit,3
93824,400393927,0,1,36.2684,-84.19412,1,2025-11-11 07:56:00,2025,11,11,7,56,Tuesday,07:56,Suspected Serious Injury,Daylight,Clear,Utility Pole,None,THP District 1 - Knoxville,THP,Unbelted,-,-,-,-,-,-,-,-,-,-,-,-,Campbell,Not in City Limit,3
93829,400393949,0,1,35.73874,-83.6821,1,2025-11-11 09:56:00,2025,11,11,9,56,Tuesday,09:56,Suspected Serious Injury,Daylight,Clear,"Over Turn, Roll Over",None,THP District 1 - Knoxville,THP,Unbelted,-,-,-,-,-,-,-,-,-,ATV_Involved,-,-,Sevier,Not in City Limit,3
93842,400394086,0,2,36.59092,-86.59879,3,2025-11-11 11:54:00,2025,11,11,11,54,Tuesday,11:54,Suspected Serious Injury,Daylight,Clear,Motor Vehicle-In-Transport On Same Roadway,None,THP District 3 - Nashville,THP,Unbelted,-,-,-,-,-,-,-,-,-,-,-,-,Robertson,Orlinda,3
93862,400394187,1,2,36.37939,-84.40371,1,2025-11-10 18:20:00,2025,11,10,18,20,Monday,18:20,Fatal,Dark-Not Lighted,Snow,Motor Vehicle-In-Transport On Same Roadway,None,THP District 1 - Knoxville,THP,Unbelted,-,-,Drug,-,-,-,-,-,-,-,-,-,Scott,Not in City Limit,2
93866,400394229,0,2,36.20333,-83.26726,5,2025-11-11 11:25:00,2025,11,11,11,25,Tuesday,11:25,Suspected Serious Injury,Daylight,Clear,Motor Vehicle-In-Transport On Same Roadway,None,MORRISTOWN POLICE DEPT,Other,Unbelted,-,-,-,-,-,-,-,-,-,-,-,-,Hamblen,Morristown,3
93879,400394319,0,1,35.27788,-86.38219,7,2025-11-11 16:40:00,2025,11,11,16,40,Tuesday,16:40,Suspected Serious Injury,Dusk,Clear,Motor Vehicle-In-Transport On Same Roadway,None,THP District 7 - Lawrenceburg,THP,Unbelted,-,-,-,-,-,-,-,-,-,-,-,-,Moore,Lynchburg,3
93897,400394409,0,1,35.66235,-88.35795,8,2025-11-08 23:11:00,2025,11,8,23,11,Saturday,23:11,Suspected Serious Injury,Dark-Not Lighted,Clear,"Over Turn, Roll Over",None,THP District 8 - Jackson,THP,-,-,Drinking,-,-,-,-,-,-,-,-,Motorcyclist,-,Henderson,Not in City Limit,7
93900,400394441,0,1,36.49925,-84.50888,1,2025-11-11 23:23:00,2025,11,11,23,23,Tuesday,23:23,Suspected Serious Injury,Dark-Not Lighted,Clear,Bridge Rail,None,ONEIDA POLICE DEPT,Other,Unbelted,-,-,-,-,-,-,-,-,-,-,-,-,Scott,Oneida,3
93901,400394454,0,1,35.95262,-84.12219,1,2025-11-12 05:53:00,2025,11,12,5,53,Wednesday,05:53,Suspected Serious Injury,Dark-Not Lighted,Clear,Motor Vehicle-In-Transport On Same Roadway,None,KNOX CO SHERIFFS OFFICE,Other,Unbelted,-,-,-,-,-,-,-,-,-,-,-,-,Knox,Not in City Limit,4