OBJECTID,MRN,Fatality,Injury,Latitude,Longitude,THP_District,Collision_Date,Collision_Year,Collision_Month,Collision_Day,Collision_Hour,Collision_Min,Collision_DOW,Collision_Time,Crash_Type,Light_Condition,Weather,First_Harmfu_Event,Work_Zone_Type,Agency_Name,THP,Unbelted,Distracted_Driver,Driver_Drinking,Driver_Drugged,Drowsy_Driver,Speeding_Involved,Pedalcyclist,Pedestrian,Other_Nonmotorist,ATV_Involved,LargeTruck_Involved,Motorcycle_Involved,SchoolBus,County,City,DOW_Nmb
93909,400394541,0,1,36.12646,-86.3769,3,2025-11-12 07:57:00,2025,11,12,7,57,Wednesday,07:57,Suspected Serious Injury,Daylight,Clear,Culvert,None,THP District 3 - Nashville,THP,Unbelted,-,-,-,-,-,-,-,-,-,-,-,-,Wilson,Not in City Limit,4
93919,400394590,0,1,35.44482,-85.80239,2,2025-11-12 07:00:00,2025,11,12,7,0,Wednesday,07:00,Suspected Serious Injury,Daylight,Clear,Motor Vehicle-In-Transport On Same Roadway,None,GRUNDY CO SHERIFFS OFFICE,Other,Unbelted,-,-,-,-,-,-,-,-,-,-,-,-,Grundy,Not in City Limit,4
93928,400394655,0,1,35.56784,-84.95187,2,2025-11-09 19:31:00,2025,11,9,19,31,Sunday,19:31,Suspected Serious Injury,Dark-Not Lighted,Clear,Building,None,THP District 2 - Chattanooga,THP,Unbelted,-,-,-,-,-,-,-,-,-,-,-,-,Rhea,Not in City Limit,1
93938,400394696,0,1,35.53382,-86.17493,2,2025-11-12 09:13:00,2025,11,12,9,13,Wednesday,09:13,Suspected Serious Injury,Daylight,Clear,Ditch,None,THP District 2 - Chattanooga,THP,Unbelted,-,-,-,-,Speeding,-,-,-,-,-,-,-,Coffee,Not in City Limit,4
93943,400394742,0,2,36.00923,-84.26736,1,2025-11-11 16:58:00,2025,11,11,16,58,Tuesday,16:58,Suspected Serious Injury,Daylight,Clear,Motor Vehicle-In-Transport On Same Roadway,None,OAK RIDGE POLICE DEPT,Other,Unbelted,-,-,-,-,-,-,-,-,-,-,-,-,Anderson,Oak Ridge,3
93950,400394845,0,2,35.86697,-84.20143,1,2025-11-12 17:32:00,2025,11,12,17,32,Wednesday,17:32,Suspected Serious Injury,Daylight,Clear,Motor Vehicle-In-Transport On Same Roadway,None,THP District 1 - Knoxville,THP,Unbelted,-,-,-,-,-,-,-,-,-,-,-,-,Knox,Farragut,4
93954,400394872,0,2,35.58835,-86.44028,7,2025-11-12 18:18:00,2025,11,12,18,18,Wednesday,18:18,Suspected Serious Injury,Dark-Not Lighted,Clear,Motor Vehicle-In-Transport On Same Roadway,Construction Zone,THP District 7 - Lawrenceburg,THP,Unbelted,-,-,-,-,-,-,-,-,-,-,-,-,Bedford,Not in City Limit,4
93955,400394879,0,1,36.09852,-86.72829,3,2025-11-12 18:25:00,2025,11,12,18,25,Wednesday,18:25,Suspected Serious Injury,Dark-Lighted,Clear,Motor Vehicle-In-Transport On Same Roadway,None,METROPOLITAN NASHVILLE POLICE DEPT,Other,Unbelted,-,-,-,-,-,-,-,-,-,-,Motorcyclist,-,Davidson,Nashville,4
93962,400394904,0,1,35.84467,-85.93582,6,2025-11-11 22:02:00,2025,11,11,22,2,Tuesday,22:02,Suspected Serious Injury,Dark-Not Lighted,Clear,Embankment Earth,None,THP District 6 - Cookeville,THP,Unbelted,-,Drinking,Drug,-,-,-,-,-,-,-,-,-,Cannon,Not in City Limit,3
93973,400394946,0,2,36.19048,-83.26605,5,2025-11-12 18:39:00,2025,11,12,18,39,Wednesday,18:39,Suspected Serious Injury,Dark-Not Lighted,Clear,Motor Vehicle-In-Transport On Same Roadway,None,MORRISTOWN POLICE DEPT,Other,Unbelted,-,-,-,-,-,-,-,-,-,-,-,-,Hamblen,Morristown,4
93975,400394949,0,2,36.5559,-86.24634,3,2025-11-12 18:26:00,2025,11,12,18,26,Wednesday,18:26,Suspected Serious Injury,Dark-Lighted,Clear,Motor Vehicle-In-Transport On Same Roadway,None,WESTMORELAND POLICE DEPT,Other,Unbelted,-,-,-,-,-,-,-,-,-,-,-,-,Sumner,Westmoreland,4
93985,400395024,0,1,36.00539,-84.28283,1,2025-11-12 21:48:00,2025,11,12,21,48,Wednesday,21:48,Suspected Serious Injury,Dark-Lighted,Clear,Other Non-Collision,None,OAK RIDGE POLICE DEPT,Other,-,-,-,-,-,Speeding,-,-,-,-,-,Motorcyclist,-,Anderson,Oak Ridge,4
93993,400395047,0,1,35.64748,-86.00742,2,2025-11-13 00:00:00,2025,11,13,24,0,Thursday,24:00,Suspected Serious Injury,Dark-Not Lighted,Clear,Fence,None,THP District 2 - Chattanooga,THP,Unbelted,-,-,-,-,-,-,-,-,-,-,-,-,Coffee,Not in City Limit,5
94012,400395182,1,4,36.26879,-86.85991,3,2025-11-08 13:02:00,2025,11,8,13,2,Saturday,13:02,Fatal,Daylight,Cloudy,Motor Vehicle-In-Transport On Same Roadway,None,METROPOLITAN NASHVILLE POLICE DEPT,Other,Unbelted,-,Drinking,Drug,-,-,-,-,-,-,-,-,-,Davidson,Nashville,7
94016,400395201,0,1,36.1605,-86.77832,3,2025-11-09 17:30:00,2025,11,9,17,30,Sunday,17:30,Suspected Serious Injury,Dark-Lighted,Clear,Pedestrian,None,METROPOLITAN NASHVILLE POLICE DEPT,Other,Unbelted,-,-,-,-,-,-,Pedestrian,-,-,-,-,-,Davidson,Nashville,1
94020,400395223,0,2,35.85485,-87.97619,8,2025-11-11 16:56:00,2025,11,11,16,56,Tuesday,16:56,Suspected Serious Injury,Dusk,Clear,Motor Vehicle-In-Transport On Same Roadway,None,THP District 8 - Jackson,THP,Unbelted,-,-,-,-,-,-,-,-,-,-,-,-,Benton,Not in City Limit,3
94024,400395264,0,1,35.87686,-88.37947,8,2025-11-13 09:28:00,2025,11,13,9,28,Thursday,09:28,Suspected Serious Injury,Daylight,Clear,Ditch,None,THP District 8 - Jackson,THP,Unbelted,-,-,-,-,-,-,-,-,-,-,-,-,Carroll,Clarksburg,5
94027,400395288,0,1,35.66303,-88.66758,8,2025-11-13 00:00:00,2025,11,13,24,0,Thursday,24:00,Suspected Serious Injury,Dark-Not Lighted,Clear,Embankment Earth,None,MADISON CO SHERIFFS DEPT,Other,Unbelted,-,-,-,-,Speeding,-,-,-,-,-,-,-,Madison,Not in City Limit,5
94034,400395331,1,0,36.22934,-86.83134,3,2025-11-13 10:25:00,2025,11,13,10,25,Thursday,10:25,Fatal,Daylight,Clear,Ditch,None,THP District 3 - Nashville,THP,Unbelted,-,-,-,-,-,-,-,-,-,-,-,-,Davidson,Nashville,5
94037,400395361,0,1,35.5916,-87.04892,7,2025-11-13 09:10:00,2025,11,13,9,10,Thursday,09:10,Suspected Serious Injury,Daylight,Clear,Motor Vehicle-In-Transport On Same Roadway,None,COLUMBIA POLICE DEPT,Other,Unbelted,-,-,-,-,-,-,-,-,-,-,-,-,Maury,Columbia,5
94038,400395368,0,1,35.07529,-89.18802,4,2025-11-13 10:50:00,2025,11,13,10,50,Thursday,10:50,Suspected Serious Injury,Daylight,Clear,Motor Vehicle-In-Transport On Same Roadway,None,THP District 4 - Memphis,THP,Unbelted,-,-,-,-,-,-,-,-,-,-,-,-,Hardeman,Not in City Limit,5
94048,400395435,0,1,35.7245,-83.94134,1,2025-11-13 14:46:00,2025,11,13,14,46,Thursday,14:46,Suspected Serious Injury,Daylight,Clear,Ditch,None,BLOUNT CO SHERIFFS DEPT,Other,Unbelted,-,-,-,-,-,-,-,-,-,-,-,-,Blount,Not in City Limit,5
94051,400395447,0,2,35.95094,-84.01471,1,2025-11-13 09:43:00,2025,11,13,9,43,Thursday,09:43,Suspected Serious Injury,Daylight,Clear,Motor Vehicle-In-Transport On Same Roadway,None,KNOXVILLE POLICE DEPT,Other,Unbelted,-,-,-,-,-,-,-,-,-,-,-,-,Knox,Knoxville,5
94053,400395454,1,0,35.88174,-83.93785,1,2025-11-11 12:34:00,2025,11,11,12,34,Tuesday,12:34,Fatal,Other,Cloudy,Pedestrian,None,KNOX CO SHERIFFS OFFICE,Other,Unbelted,-,-,-,-,-,-,Pedestrian,-,-,-,-,-,Knox,Not in City Limit,3
94086,400395663,1,0,36.399,-88.85433,8,2025-11-13 17:30:00,2025,11,13,17,30,Thursday,17:30,Fatal,Dark-Not Lighted,Clear,Motor Vehicle-In-Transport On Same Roadway,None,THP District 8 - Jackson,THP,Unbelted,-,-,-,-,-,-,-,-,-,ATV_Involved,-,-,Weakley,Not in City Limit,5
94087,400395665,0,2,35.58835,-86.44028,7,2025-11-13 19:43:00,2025,11,13,19,43,Thursday,19:43,Suspected Serious Injury,Dark-Unknown Lighting,Clear,Motor Vehicle-In-Transport On Same Roadway,Construction Zone,THP District 7 - Lawrenceburg,THP,Unbelted,-,-,-,-,-,-,-,-,-,-,-,-,Bedford,Not in City Limit,5
94092,400395701,0,2,35.77034,-87.00635,7,2025-11-13 18:17:00,2025,11,13,18,17,Thursday,18:17,Suspected Serious Injury,Dark-Not Lighted,Clear,Motor Vehicle-In-Transport On Same Roadway,None,THP District 7 - Lawrenceburg,THP,Unbelted,-,Drinking,-,-,-,-,-,-,-,-,-,-,Maury,Not in City Limit,5
94097,400395735,0,1,36.16286,-86.61755,3,2025-11-13 21:38:00,2025,11,13,21,38,Thursday,21:38,Suspected Serious Injury,Dark-Lighted,Clear,Motor Vehicle-In-Transport On Same Roadway,None,METROPOLITAN NASHVILLE POLICE DEPT,Other,Unbelted,-,-,-,-,-,-,-,-,-,ATV_Involved,-,-,Davidson,Nashville,5
94098,400395736,1,0,36.53948,-87.23521,3,2025-11-13 04:57:00,2025,11,13,4,57,Thursday,04:57,Fatal,Dark-Not Lighted,Clear,Motor Vehicle-In-Transport On Same Roadway,None,THP District 3 - Nashville,THP,Unbelted,-,-,-,-,-,-,-,-,-,-,-,-,Montgomery,Clarksville,5
94099,400395744,1,0,36.24384,-86.78471,3,2025-11-13 18:04:00,2025,11,13,18,4,Thursday,18:04,Fatal,Dark-Not Lighted,Clear,Pedestrian,None,METROPOLITAN NASHVILLE POLICE DEPT,Other,-,-,-,-,-,-,-,Pedestrian,-,-,-,-,-,Davidson,Nashville,5
94112,400395848,0,1,36.08675,-86.73049,3,2025-11-14 06:51:00,2025,11,14,6,51,Friday,06:51,Suspected Serious Injury,Daylight,Clear,Pedestrian,None,METROPOLITAN NASHVILLE POLICE DEPT,Other,Unbelted,-,-,-,-,-,-,Pedestrian,-,-,-,-,-,Davidson,Nashville,6
94113,400395849,0,4,35.92977,-89.41679,4,2025-11-14 05:47:00,2025,11,14,5,47,Friday,05:47,Suspected Serious Injury,Daylight,Clear,Embankment Earth,None,THP District 4 - Memphis,THP,Unbelted,-,-,-,Drowsy,-,-,-,-,-,-,-,-,Lauderdale,Not in City Limit,6
94124,400395943,0,1,35.55114,-86.46296,7,2025-11-14 07:00:00,2025,11,14,7,0,Friday,07:00,Suspected Serious Injury,Daylight,Clear,Fence,None,THP District 7 - Lawrenceburg,THP,Unbelted,-,-,-,-,-,-,-,-,-,-,-,-,Bedford,Not in City Limit,6
94137,400396022,0,2,35.86789,-84.68402,1,2025-11-14 12:00:00,2025,11,14,12,0,Friday,12:00,Suspected Serious Injury,Daylight,Clear,Motor Vehicle-In-Transport On Same Roadway,None,ROCKWOOD POLICE DEPT,Other,Unbelted,-,-,-,-,-,-,-,-,-,-,-,-,Roane,Rockwood,6
94138,400396034,0,2,36.07001,-84.47905,1,2025-11-09 13:48:00,2025,11,9,13,48,Sunday,13:48,Suspected Serious Injury,Daylight,Clear,Utility Pole,None,THP District 1 - Knoxville,THP,Unbelted,-,-,-,-,-,-,-,-,-,-,-,-,Morgan,Not in City Limit,1
94146,400396092,0,3,35.71851,-88.82285,8,2025-11-14 00:00:00,2025,11,14,24,0,Friday,24:00,Suspected Serious Injury,Daylight,Clear,Motor Vehicle-In-Transport On Same Roadway,None,MADISON CO SHERIFFS DEPT,Other,Unbelted,Distracted,-,-,-,-,-,-,-,-,-,-,-,Madison,Not in City Limit,6
94148,400396109,0,1,35.92945,-87.22349,7,2025-11-12 13:10:00,2025,11,12,13,10,Wednesday,13:10,Suspected Serious Injury,Daylight,Clear,Fell/Jumped From Vehicle,None,THP District 7 - Lawrenceburg,THP,Unbelted,-,-,-,-,-,-,-,-,-,-,Motorcyclist,-,Hickman,Not in City Limit,4
94190,400396365,0,1,36.08969,-88.10464,8,2025-11-14 19:20:00,2025,11,14,19,20,Friday,19:20,Suspected Serious Injury,Dark-Not Lighted,Clear,Motor Vehicle-In-Transport On Same Roadway,None,THP District 8 - Jackson,THP,Unbelted,-,-,-,-,-,-,-,-,-,-,-,-,Benton,Not in City Limit,6
94194,400396380,0,4,36.50856,-85.92458,6,2025-11-14 17:48:00,2025,11,14,17,48,Friday,17:48,Suspected Serious Injury,Dark-Not Lighted,Clear,Motor Vehicle-In-Transport On Same Roadway,None,THP District 6 - Cookeville,THP,Unbelted,-,-,-,-,-,-,-,-,-,-,-,-,Macon,Not in City Limit,6
94202,400396444,1,0,35.95836,-85.47061,6,2025-11-14 17:00:00,2025,11,14,17,0,Friday,17:00,Fatal,Dark-Lighted,Clear,Pedestrian,None,THP District 6 - Cookeville,THP,Unbelted,-,-,-,-,-,-,Pedestrian,-,-,-,-,-,White,Sparta,6
94209,400396469,1,1,35.68895,-88.51608,8,2025-11-14 19:12:00,2025,11,14,19,12,Friday,19:12,Fatal,Dark-Not Lighted,Clear,Motor Vehicle-In-Transport On Same Roadway,None,THP District 8 - Jackson,THP,Unbelted,-,-,-,-,-,-,-,-,-,-,-,-,Henderson,Not in City Limit,6
94221,400396528,0,2,36.15484,-86.76335,3,2025-11-15 00:52:00,2025,11,15,0,52,Saturday,00:52,Suspected Serious Injury,Dark-Lighted,Clear,Motor Vehicle-In-Transport On Same Roadway,None,METROPOLITAN NASHVILLE POLICE DEPT,Other,Unbelted,-,-,-,-,Speeding,-,Pedestrian,-,-,-,-,-,Davidson,Nashville,7
94224,400396537,0,1,35.86453,-89.37593,4,2025-11-15 00:52:00,2025,11,15,0,52,Saturday,00:52,Suspected Serious Injury,Dark-Not Lighted,Clear,Guard Rail End,None,THP District 4 - Memphis,THP,Unbelted,-,-,-,-,-,-,-,-,-,-,-,-,Lauderdale,Not in City Limit,7
94227,400396548,0,1,35.75159,-88.53006,8,2025-11-15 00:02:00,2025,11,15,0,2,Saturday,00:02,Suspected Serious Injury,Dark-Not Lighted,Clear,Ditch,None,THP District 8 - Jackson,THP,Unbelted,-,-,-,-,-,-,-,-,-,-,-,-,Henderson,Not in City Limit,7
94228,400396556,0,3,36.55993,-86.2545,3,2025-11-11 15:58:00,2025,11,11,15,58,Tuesday,15:58,Suspected Serious Injury,Daylight,Clear,Motor Vehicle-In-Transport On Same Roadway,None,WESTMORELAND POLICE DEPT,Other,Unbelted,-,-,-,-,-,-,-,-,-,-,-,-,Sumner,Westmoreland,3
94229,400396558,0,2,35.53534,-86.45261,7,2025-11-14 15:50:00,2025,11,14,15,50,Friday,15:50,Suspected Serious Injury,Dusk,Cloudy,Motor Vehicle-In-Transport On Same Roadway,None,SHELBYVILLE POLICE DEPT,Other,Unbelted,-,-,-,-,-,-,-,-,-,-,Motorcyclist,-,Bedford,Shelbyville,6
94237,400396634,0,1,36.44185,-83.80852,5,2025-11-15 00:00:00,2025,11,15,24,0,Saturday,24:00,Suspected Serious Injury,Dark-Lighted,Clear,"Over Turn, Roll Over",None,THP District 5 - Fall Branch,THP,-,-,-,-,-,Speeding,-,-,-,ATV_Involved,-,-,-,Claiborne,Not in City Limit,7
94243,400396695,0,1,35.78603,-83.52654,1,2025-11-15 11:22:00,2025,11,15,11,22,Saturday,11:22,Suspected Serious Injury,Daylight,Clear,Embankment Earth,None,THP District 1 - Knoxville,THP,Unbelted,-,-,-,-,-,-,-,-,-,-,-,-,Sevier,Not in City Limit,7
94254,400396752,0,2,35.37971,-86.16953,2,2025-11-15 10:50:00,2025,11,15,10,50,Saturday,10:50,Suspected Serious Injury,Daylight,Cloudy,Motor Vehicle-In-Transport On Same Roadway,None,TULLAHOMA POLICE DEPT,Other,Unbelted,-,-,-,-,-,-,-,-,-,-,-,-,Coffee,Tullahoma,7
94261,400396779,0,2,35.09321,-88.8947,4,2025-11-15 08:09:00,2025,11,15,8,9,Saturday,08:09,Suspected Serious Injury,Daylight,Clear,Motor Vehicle-In-Transport On Same Roadway,None,HARDEMAN CO SHERIFFS DEPT,Other,Unbelted,-,-,-,-,-,-,-,-,-,-,-,-,Hardeman,Not in City Limit,7
94270,400396856,0,3,35.89685,-84.13327,1,2025-11-15 15:49:00,2025,11,15,15,49,Saturday,15:49,Suspected Serious Injury,Daylight,Clear,Motor Vehicle-In-Transport On Same Roadway,None,KNOXVILLE POLICE DEPT,Other,Unbelted,-,-,-,-,-,-,-,-,-,-,-,-,Knox,Knoxville,7
94275,400396893,0,1,35.92288,-86.51933,3,2025-11-04 22:49:00,2025,11,4,22,49,Tuesday,22:49,Suspected Serious Injury,Dark-Not Lighted,Clear,Standing Tree,None,THP District 3 - Nashville,THP,Unbelted,-,-,-,-,-,-,-,-,-,-,-,-,Rutherford,Not in City Limit,3
94282,400396927,0,1,36.0606,-86.68638,3,2025-11-15 16:30:00,2025,11,15,16,30,Saturday,16:30,Suspected Serious Injury,Daylight,Clear,Unknown,None,METROPOLITAN NASHVILLE POLICE DEPT,Other,-,-,-,-,-,-,-,-,-,-,-,Motorcyclist,-,Davidson,Nashville,7
94288,400396992,0,1,36.18503,-86.35195,3,2025-11-15 23:22:00,2025,11,15,23,22,Saturday,23:22,Suspected Serious Injury,Dark-Not Lighted,Clear,Guard Rail Face,None,LEBANON POLICE DEPT,Other,Unbelted,-,-,-,-,Speeding,-,-,-,-,-,-,-,Wilson,Lebanon,7
94293,400397015,0,1,36.06163,-85.18301,6,2025-11-15 22:03:00,2025,11,15,22,3,Saturday,22:03,Suspected Serious Injury,Dark-Not Lighted,Clear,Standing Tree,None,THP District 6 - Cookeville,THP,Unbelted,-,-,-,-,-,-,-,-,-,ATV_Involved,-,-,Cumberland,Not in City Limit,7
94302,400397060,0,1,36.13399,-86.72241,3,2025-11-16 05:37:00,2025,11,16,5,37,Sunday,05:37,Suspected Serious Injury,Dark-Lighted,Clear,Pedestrian,None,METROPOLITAN NASHVILLE POLICE DEPT,Other,Unbelted,-,-,-,-,-,-,Pedestrian,-,-,-,-,-,Davidson,Nashville,1
94321,400397194,0,3,36.19187,-86.78088,3,2025-11-15 17:05:00,2025,11,15,17,5,Saturday,17:05,Suspected Serious Injury,Dark-Lighted,Blowing Sand/Soil/Dirt,Motor Vehicle-In-Transport On Same Roadway,None,METROPOLITAN NASHVILLE POLICE DEPT,Other,Unbelted,-,-,-,-,-,-,-,-,-,-,-,-,Davidson,Nashville,7
94323,400397213,1,1,35.98085,-83.89097,1,2025-11-14 22:42:00,2025,11,14,22,42,Friday,22:42,Fatal,Dark-Lighted,Clear,Utility Pole,None,THP District 1 - Knoxville,THP,Unbelted,-,Drinking,Drug,-,Speeding,-,-,-,-,-,-,-,Knox,Knoxville,6
94346,400397359,1,0,35.9819,-83.92309,1,2025-11-16 16:25:00,2025,11,16,16,25,Sunday,16:25,Fatal,Daylight,Clear,Utility Pole,None,KNOXVILLE POLICE DEPT,Other,Unbelted,-,-,-,-,-,-,-,-,-,-,-,-,Knox,Knoxville,1
94355,400397393,0,5,36.07714,-86.64146,3,2025-11-16 00:00:00,2025,11,16,24,0,Sunday,24:00,Suspected Serious Injury,Daylight,Clear,Motor Vehicle-In-Transport On Same Roadway,None,METROPOLITAN NASHVILLE POLICE DEPT,Other,Unbelted,-,-,-,-,Speeding,-,-,-,-,-,-,-,Davidson,Nashville,1
94363,400397422,0,1,36.5902,-85.95109,6,2025-11-16 18:50:00,2025,11,16,18,50,Sunday,18:50,Suspected Serious Injury,Dark-Not Lighted,Clear,Ditch,None,THP District 6 - Cookeville,THP,Unbelted,-,-,-,-,-,-,-,-,-,-,-,-,Macon,Not in City Limit,1
94364,400397423,0,2,36.02612,-84.20595,1,2025-11-15 22:00:00,2025,11,15,22,0,Saturday,22:00,Suspected Serious Injury,Dark-Lighted,Clear,Motor Vehicle-In-Transport On Same Roadway,None,OAK RIDGE POLICE DEPT,Other,Unbelted,-,Drinking,-,-,-,-,-,-,-,-,-,-,Anderson,Oak Ridge,7
94373,400397455,1,2,35.0931,-88.10241,8,2025-11-15 15:44:00,2025,11,15,15,44,Saturday,15:44,Fatal,Daylight,Clear,Motor Vehicle-In-Transport On Same Roadway,None,THP District 8 - Jackson,THP,Unbelted,-,-,-,-,-,-,-,-,-,-,Motorcyclist,-,Hardin,Not in City Limit,7
94379,400397488,0,3,35.99544,-88.43665,8,2025-11-16 19:51:00,2025,11,16,19,51,Sunday,19:51,Suspected Serious Injury,Dark-Lighted,Clear,Motor Vehicle-In-Transport On Same Roadway,None,HUNTINGDON POLICE DEPT,Other,Unbelted,-,-,-,-,-,-,-,-,-,-,-,-,Carroll,Huntingdon,1
94388,400397577,0,2,35.84623,-86.42034,3,2025-11-16 22:30:00,2025,11,16,22,30,Sunday,22:30,Suspected Serious Injury,Dark-Lighted,Clear,Motor Vehicle-In-Transport On Same Roadway,None,MURFREESBORO POLICE DEPT,Other,Unbelted,-,Drinking,-,-,-,-,-,-,-,-,-,-,Rutherford,Murfreesboro,1
94390,400397599,1,0,35.4579,-86.30089,7,2025-11-16 12:31:00,2025,11,16,12,31,Sunday,12:31,Fatal,Daylight,Clear,Guard Rail End,None,THP District 7 - Lawrenceburg,THP,Unbelted,-,Drinking,Drug,-,-,-,-,-,-,-,-,-,Bedford,Not in City Limit,1
94394,400397630,0,2,35.83357,-88.88672,8,2025-11-12 00:00:00,2025,11,12,24,0,Wednesday,24:00,Suspected Serious Injury,,Clear,Motor Vehicle-In-Transport On Same Roadway,None,HUMBOLDT POLICE DEPT,Other,Unbelted,-,-,-,-,-,-,-,-,-,-,-,-,Gibson,Humboldt,4
94395,400397636,0,3,36.49867,-82.58521,5,2025-11-17 08:17:00,2025,11,17,8,17,Monday,08:17,Suspected Serious Injury,Daylight,Clear,Motor Vehicle-In-Transport On Same Roadway,None,SULLIVAN CO SHERIFFS DEPT,Other,Unbelted,-,-,-,-,-,-,-,-,-,-,-,-,Sullivan,Not in City Limit,2
94398,400397645,0,1,36.57026,-82.39551,5,2025-11-17 08:07:00,2025,11,17,8,7,Monday,08:07,Suspected Serious Injury,Daylight,Blowing Sand/Soil/Dirt,"Over Turn, Roll Over",None,THP District 5 - Fall Branch,THP,Unbelted,-,-,-,-,-,-,-,-,-,-,-,-,Sullivan,Not in City Limit,2
94408,400397702,0,1,36.14717,-86.48336,3,2025-11-14 08:18:00,2025,11,14,8,18,Friday,08:18,Suspected Serious Injury,Daylight,Clear,Motor Vehicle-In-Transport On Same Roadway,None,THP District 3 - Nashville,THP,Unbelted,-,-,-,-,-,-,-,-,-,-,-,-,Wilson,Not in City Limit,6
94419,400397747,0,1,36.46352,-86.36228,3,2025-11-16 16:15:00,2025,11,16,16,15,Sunday,16:15,Suspected Serious Injury,Daylight,Clear,Ditch,None,THP District 3 - Nashville,THP,-,-,-,-,-,Speeding,-,-,-,-,-,Motorcyclist,-,Sumner,Not in City Limit,1
94432,400397825,1,0,35.96938,-87.22459,3,2025-11-17 09:10:00,2025,11,17,9,10,Monday,09:10,Fatal,Daylight,Clear,"Over Turn, Roll Over",None,THP District 3 - Nashville,THP,-,-,-,-,-,-,-,-,-,-,-,Motorcyclist,-,Dickson,Not in City Limit,2
94446,400397918,0,1,36.26554,-83.42226,5,2025-11-17 15:28:00,2025,11,17,15,28,Monday,15:28,Suspected Serious Injury,Daylight,Clear,Motor Vehicle-In-Transport On Same Roadway,None,THP District 5 - Fall Branch,THP,Unbelted,-,-,-,-,-,-,-,-,-,-,Motorcyclist,-,Grainger,Not in City Limit,2
94452,400397935,0,2,36.12702,-84.00096,1,2025-11-17 15:56:00,2025,11,17,15,56,Monday,15:56,Suspected Serious Injury,Daylight,Clear,Motor Vehicle-In-Transport On Same Roadway,None,THP District 1 - Knoxville,THP,Unbelted,-,-,-,-,-,-,-,-,-,-,Motorcyclist,-,Knox,Not in City Limit,2
94456,400397981,0,4,36.1211,-86.69682,3,2025-11-17 15:15:00,2025,11,17,15,15,Monday,15:15,Suspected Serious Injury,Daylight,Clear,Motor Vehicle-In-Transport On Same Roadway,None,METROPOLITAN NASHVILLE POLICE DEPT,Other,Unbelted,-,-,-,Drowsy,-,-,-,-,-,-,-,-,Davidson,Nashville,2
94465,400398022,0,1,35.9436,-86.6041,3,2025-11-17 17:35:00,2025,11,17,17,35,Monday,17:35,Suspected Serious Injury,Dark-Not Lighted,Clear,Other Post/Pole Support,None,SMYRNA POLICE DEPT,Other,Unbelted,-,-,-,-,-,-,-,-,-,-,-,-,Rutherford,Smyrna,2
94469,400398045,0,1,35.81528,-84.02884,1,2025-11-17 10:12:00,2025,11,17,10,12,Monday,10:12,Suspected Serious Injury,Daylight,Clear,Motor Vehicle-In-Transport On Same Roadway,None,THP District 1 - Knoxville,THP,Unbelted,-,-,-,-,-,-,-,-,-,-,-,-,Blount,Louisville,2
94477,400398087,0,2,35.861,-86.38145,3,2025-11-17 00:00:00,2025,11,17,24,0,Monday,24:00,Suspected Serious Injury,Dark-Lighted,Clear,Motor Vehicle-In-Transport On Same Roadway,None,MURFREESBORO POLICE DEPT,Other,Unbelted,-,-,-,-,-,-,-,-,-,-,-,-,Rutherford,Murfreesboro,2
94488,400398164,0,2,35.66985,-88.85507,8,2025-11-17 18:18:00,2025,11,17,18,18,Monday,18:18,Suspected Serious Injury,Dark-Lighted,Clear,Motor Vehicle-In-Transport On Same Roadway,None,JACKSON POLICE DEPT,Other,Unbelted,-,-,-,-,-,-,-,-,-,-,-,-,Madison,Jackson,2
94512,400398323,1,1,36.10779,-86.72005,3,2025-11-13 13:43:00,2025,11,13,13,43,Thursday,13:43,Fatal,Daylight,Clear,Motor Vehicle-In-Transport On Same Roadway,None,METROPOLITAN NASHVILLE POLICE DEPT,Other,Unbelted,-,-,-,-,-,-,-,-,-,ATV_Involved,-,-,Davidson,Nashville,5
94518,400398362,0,2,35.65565,-88.40458,8,2025-11-17 11:27:00,2025,11,17,11,27,Monday,11:27,Suspected Serious Injury,Daylight,Clear,Motor Vehicle-In-Transport On Same Roadway,None,LEXINGTON POLICE DEPT,Other,Unbelted,Distracted,-,-,-,-,-,-,-,-,-,-,-,Henderson,Lexington,2
94523,400398393,0,3,36.4419,-87.21831,3,2025-11-18 08:23:00,2025,11,18,8,23,Tuesday,08:23,Suspected Serious Injury,Daylight,Clear,Motor Vehicle-In-Transport On Same Roadway,None,THP District 3 - Nashville,THP,Unbelted,-,-,-,-,-,-,-,-,-,-,-,-,Montgomery,Not in City Limit,3
94530,400398431,0,1,35.137,-84.77449,2,2025-11-15 18:20:00,2025,11,15,18,20,Saturday,18:20,Suspected Serious Injury,Dark-Not Lighted,Clear,Pedestrian,None,THP District 2 - Chattanooga,THP,Unbelted,-,-,-,-,-,-,Pedestrian,-,-,-,-,-,Bradley,Not in City Limit,7
94531,400398433,0,1,36.0017,-88.13312,8,2025-11-16 12:19:00,2025,11,16,12,19,Sunday,12:19,Suspected Serious Injury,Daylight,Clear,"Over Turn, Roll Over",None,THP District 8 - Jackson,THP,Unbelted,Distracted,-,-,-,-,-,-,-,-,-,-,-,Benton,Not in City Limit,1