OBJECTID,MRN,Fatality,Injury,Latitude,Longitude,THP_District,Collision_Date,Collision_Year,Collision_Month,Collision_Day,Collision_Hour,Collision_Min,Collision_DOW,Collision_Time,Crash_Type,Light_Condition,Weather,First_Harmfu_Event,Work_Zone_Type,Agency_Name,THP,Unbelted,Distracted_Driver,Driver_Drinking,Driver_Drugged,Drowsy_Driver,Speeding_Involved,Pedalcyclist,Pedestrian,Other_Nonmotorist,ATV_Involved,LargeTruck_Involved,Motorcycle_Involved,SchoolBus,County,City,DOW_Nmb
94560,400398639,0,1,36.24522,-86.74657,3,2025-11-18 18:10:00,2025,11,18,18,10,Tuesday,18:10,Suspected Serious Injury,Dark-Lighted,Clear,Motor Vehicle-In-Transport On Same Roadway,None,METROPOLITAN NASHVILLE POLICE DEPT,Other,Unbelted,-,-,-,-,-,-,-,-,-,-,-,-,Davidson,Nashville,3
94568,400398683,0,3,35.53179,-85.4689,2,2025-11-18 17:04:00,2025,11,18,17,4,Tuesday,17:04,Suspected Serious Injury,Dark-Not Lighted,Clear,Motor Vehicle-In-Transport On Same Roadway,None,THP District 2 - Chattanooga,THP,Unbelted,-,-,-,-,-,-,-,-,-,-,-,-,Sequatchie,Not in City Limit,3
94569,400398684,0,4,36.36392,-82.22559,5,2025-11-18 17:00:00,2025,11,18,17,0,Tuesday,17:00,Suspected Serious Injury,Dusk,Clear,Motor Vehicle-In-Transport On Same Roadway,None,THP District 5 - Fall Branch,THP,Unbelted,-,-,-,Drowsy,-,-,-,-,-,-,-,-,Carter,Not in City Limit,3
94571,400398698,1,0,36.36749,-82.25146,5,2025-11-17 18:54:00,2025,11,17,18,54,Monday,18:54,Fatal,Dark-Not Lighted,Clear,Embankment Earth,None,THP District 5 - Fall Branch,THP,-,-,Drinking,-,-,-,-,-,-,-,-,Motorcyclist,-,Carter,Watauga,2
94585,400398817,1,1,35.0246,-88.50375,8,2025-11-19 00:33:00,2025,11,19,0,33,Wednesday,00:33,Fatal,Dark-Not Lighted,Clear,Standing Tree,None,THP District 8 - Jackson,THP,Unbelted,-,Drinking,-,-,-,-,-,-,-,-,-,-,McNairy,Not in City Limit,4
94592,400398841,0,1,36.26326,-82.72257,5,2025-11-18 16:28:00,2025,11,18,16,28,Tuesday,16:28,Suspected Serious Injury,Daylight,Clear,Ditch,None,THP District 5 - Fall Branch,THP,Unbelted,-,-,-,-,-,-,-,-,-,-,-,-,Greene,Not in City Limit,3
94594,400398848,0,1,36.25285,-85.46712,6,2025-11-18 18:50:00,2025,11,18,18,50,Tuesday,18:50,Suspected Serious Injury,Dark-Not Lighted,Cloudy,Ditch,None,THP District 6 - Cookeville,THP,-,-,Drinking,-,-,Speeding,-,-,-,-,-,Motorcyclist,-,Putnam,Not in City Limit,3
94605,400398918,0,2,36.4992,-83.50493,5,2025-11-19 06:40:00,2025,11,19,6,40,Wednesday,06:40,Suspected Serious Injury,Dark-Not Lighted,Fog,Motor Vehicle-In-Transport On Same Roadway,None,THP District 5 - Fall Branch,THP,Unbelted,-,-,-,-,-,-,-,-,-,-,-,-,Claiborne,Not in City Limit,4
94636,400399127,0,1,36.04171,-84.12959,1,2025-11-14 22:26:00,2025,11,14,22,26,Friday,22:26,Suspected Serious Injury,Dark-Not Lighted,Clear,Other Fixed Object,None,THP District 1 - Knoxville,THP,-,-,Drinking,-,-,-,-,-,-,-,-,Motorcyclist,-,Anderson,Not in City Limit,6
94639,400399143,0,2,36.30238,-86.632,3,2025-11-19 14:19:00,2025,11,19,14,19,Wednesday,14:19,Suspected Serious Injury,Daylight,Cloudy,Motor Vehicle-In-Transport On Same Roadway,None,HENDERSONVILLE POLICE DEPT,Other,Unbelted,-,-,-,-,-,-,-,-,-,-,-,-,Sumner,Hendersonville,4
94641,400399150,1,1,35.54742,-88.18317,8,2025-11-18 17:37:00,2025,11,18,17,37,Tuesday,17:37,Fatal,Dark-Not Lighted,Clear,Motor Vehicle-In-Transport On Same Roadway,None,THP District 8 - Jackson,THP,Unbelted,-,-,-,-,-,-,-,-,-,ATV_Involved,-,-,Decatur,Not in City Limit,3
94643,400399171,0,1,36.01483,-88.05115,8,2025-11-18 16:20:00,2025,11,18,16,20,Tuesday,16:20,Suspected Serious Injury,Daylight,Clear,Motor Vehicle-In-Transport On Same Roadway,None,THP District 8 - Jackson,THP,Unbelted,Distracted,-,-,-,-,-,-,-,-,-,-,-,Benton,Not in City Limit,3
94663,400399314,0,2,35.9077,-86.36438,3,2025-11-19 18:39:00,2025,11,19,18,39,Wednesday,18:39,Suspected Serious Injury,Dark-Lighted,Clear,Motor Vehicle-In-Transport On Same Roadway,None,MURFREESBORO POLICE DEPT,Other,Unbelted,-,-,-,-,-,-,-,-,-,-,-,-,Rutherford,Murfreesboro,4
94670,400399352,0,3,35.58835,-86.44028,7,2025-11-19 17:10:00,2025,11,19,17,10,Wednesday,17:10,Suspected Serious Injury,Dark-Not Lighted,Clear,Motor Vehicle-In-Transport On Same Roadway,Work Zone,THP District 7 - Lawrenceburg,THP,Unbelted,-,-,-,-,-,-,-,-,-,-,-,-,Bedford,Not in City Limit,4
94680,400399399,1,0,35.24257,-85.19205,2,2025-11-19 14:32:00,2025,11,19,14,32,Wednesday,14:32,Fatal,Daylight,Clear,Motor Vehicle-In-Transport On Same Roadway,None,HAMILTON COUNTY SHERIFF'S OFFICE,Other,Unbelted,-,-,-,-,-,-,-,-,-,-,Motorcyclist,-,Hamilton,Soddy-Daisy,4
94681,400399400,0,1,35.85012,-86.37096,3,2025-11-19 20:19:00,2025,11,19,20,19,Wednesday,20:19,Suspected Serious Injury,Dark-Lighted,Clear,Pedestrian,None,MIDDLE TN STATE UNIVERSITY,Other,Unbelted,-,-,-,-,-,-,Pedestrian,-,-,-,-,-,Rutherford,Murfreesboro,4
94686,400399454,0,1,36.54847,-84.44936,1,2025-11-16 03:44:00,2025,11,16,3,44,Sunday,03:44,Suspected Serious Injury,Dark-Not Lighted,Clear,Standing Tree,None,THP District 1 - Knoxville,THP,Unbelted,-,Drinking,Drug,-,-,-,-,-,-,-,-,-,Scott,Winfield,1
94691,400399485,0,2,36.39512,-85.3266,6,2025-11-18 16:48:00,2025,11,18,16,48,Tuesday,16:48,Suspected Serious Injury,Daylight,Clear,Motor Vehicle-In-Transport On Same Roadway,None,LIVINGSTON POLICE DEPT,Other,Unbelted,Distracted,-,-,-,-,-,-,-,-,-,-,Direct,Overton,Livingston,3
94692,400399487,0,2,35.75348,-88.51916,8,2025-11-20 00:18:00,2025,11,20,0,18,Thursday,00:18,Suspected Serious Injury,Dark-Not Lighted,Rain,Motor Vehicle-In-Transport On Same Roadway,None,THP District 8 - Jackson,THP,Unbelted,-,-,-,-,-,-,-,-,-,ATV_Involved,-,-,Henderson,Not in City Limit,5
94705,400399575,0,1,36.23215,-88.09421,8,2025-11-18 18:39:00,2025,11,18,18,39,Tuesday,18:39,Suspected Serious Injury,Dark-Not Lighted,Clear,Motor Vehicle-In-Transport On Same Roadway,None,THP District 8 - Jackson,THP,Unbelted,Distracted,-,-,-,-,-,-,-,-,-,-,-,Benton,Not in City Limit,3
94720,400399641,0,3,35.71058,-88.65806,8,2025-11-20 05:30:00,2025,11,20,5,30,Thursday,05:30,Suspected Serious Injury,Dark-Not Lighted,Cloudy,Motor Vehicle-In-Transport On Same Roadway,None,THP District 8 - Jackson,THP,Unbelted,-,-,-,-,-,-,-,-,-,ATV_Involved,-,-,Madison,Not in City Limit,5
94740,400399773,0,3,36.12455,-86.83395,3,2025-11-20 10:05:00,2025,11,20,10,5,Thursday,10:05,Suspected Serious Injury,Daylight,Clear,Traffic Signal Support,None,METROPOLITAN NASHVILLE POLICE DEPT,Other,Unbelted,-,-,-,-,-,-,-,-,-,-,-,-,Davidson,Nashville,5
94744,400399793,0,1,35.78653,-88.86754,8,2025-11-20 00:00:00,2025,11,20,24,0,Thursday,24:00,Suspected Serious Injury,Daylight,Rain,Motor Vehicle-In-Transport On Same Roadway,None,MADISON CO SHERIFFS DEPT,Other,Unbelted,-,-,-,-,-,-,-,-,-,-,-,-,Madison,Three Way,5
94748,400399835,0,2,35.57405,-87.14086,7,2025-11-20 10:23:00,2025,11,20,10,23,Thursday,10:23,Suspected Serious Injury,Daylight,Cloudy,Motor Vehicle-In-Transport On Same Roadway,None,MOUNT PLEASANT POLICE DEPT,Other,Unbelted,-,-,-,-,-,-,-,-,-,-,-,-,Maury,Mount Pleasant,5
94754,400399869,1,0,36.47997,-82.4829,5,2025-11-19 20:06:00,2025,11,19,20,6,Wednesday,20:06,Fatal,Dark-Not Lighted,Clear,Pedestrian,None,THP District 5 - Fall Branch,THP,Unbelted,-,-,-,-,-,-,Pedestrian,-,-,ATV_Involved,-,-,Sullivan,Kingsport,4
94767,400399957,0,3,36.58077,-87.33414,3,2025-11-20 15:54:00,2025,11,20,15,54,Thursday,15:54,Suspected Serious Injury,Dusk,Rain,Motor Vehicle-In-Transport On Same Roadway,None,THP District 3 - Nashville,THP,Unbelted,-,-,-,-,Speeding,-,-,-,-,ATV_Involved,-,-,Montgomery,Clarksville,5
94784,400400050,0,3,36.06997,-86.46047,3,2025-11-20 16:23:00,2025,11,20,16,23,Thursday,16:23,Suspected Serious Injury,Dusk,Rain,Motor Vehicle-In-Transport On Same Roadway,None,THP District 3 - Nashville,THP,Unbelted,-,-,-,-,-,-,-,-,-,-,-,-,Wilson,Not in City Limit,5
94788,400400067,1,0,36.05689,-83.4054,5,2025-11-20 21:00:00,2025,11,20,21,0,Thursday,21:00,Fatal,Dark-Not Lighted,Rain,Motor Vehicle-In-Transport On Same Roadway,None,THP District 5 - Fall Branch,THP,Unbelted,-,-,Drug,-,-,-,-,-,-,ATV_Involved,-,-,Jefferson,Not in City Limit,5
94792,400400081,0,2,36.10383,-83.28192,5,2025-11-20 18:16:00,2025,11,20,18,16,Thursday,18:16,Suspected Serious Injury,Dark-Not Lighted,Rain,Motor Vehicle-In-Transport On Same Roadway,None,WHITE PINE POLICE DEPT,Other,Unbelted,-,-,-,-,-,-,-,-,-,-,-,-,Jefferson,White Pine,5
94807,400400162,0,2,35.14096,-88.57211,8,2025-11-20 21:37:00,2025,11,20,21,37,Thursday,21:37,Suspected Serious Injury,Dark-Lighted,Fog,Motor Vehicle-In-Transport On Same Roadway,None,SELMER POLICE DEPT,Other,Unbelted,-,-,-,-,-,-,-,-,-,-,-,-,McNairy,Selmer,5
94816,400400203,0,1,35.38065,-89.6076,4,2025-11-20 23:35:00,2025,11,20,23,35,Thursday,23:35,Suspected Serious Injury,Dark-Not Lighted,Fog,"Over Turn, Roll Over",None,FAYETTE CO SHERIFF'S OFFICE,Other,Unbelted,-,-,-,-,-,-,-,-,-,-,-,-,Fayette,Not in City Limit,5
94835,400400318,1,0,35.98485,-83.91327,1,2025-11-21 06:28:00,2025,11,21,6,28,Friday,06:28,Fatal,Dawn,Cloudy,Motor Vehicle-In-Transport On Same Roadway,None,KNOXVILLE POLICE DEPT,Other,Unbelted,Distracted,-,-,-,-,-,-,-,-,ATV_Involved,-,-,Knox,Knoxville,6
94844,400400393,0,1,35.90988,-83.89292,1,2025-11-21 08:27:00,2025,11,21,8,27,Friday,08:27,Suspected Serious Injury,Daylight,Fog,Embankment Earth,None,KNOXVILLE POLICE DEPT,Other,Unbelted,-,-,-,-,-,-,-,-,-,-,-,-,Knox,Knoxville,6
94859,400400500,0,2,35.78667,-87.04738,7,2025-11-20 11:49:00,2025,11,20,11,49,Thursday,11:49,Suspected Serious Injury,Daylight,Cloudy,Standing Tree,None,THP District 7 - Lawrenceburg,THP,Unbelted,-,-,-,-,-,-,-,-,-,-,-,-,Maury,Not in City Limit,5
94860,400400501,0,3,35.00566,-85.21223,2,2025-11-16 22:05:00,2025,11,16,22,5,Sunday,22:05,Suspected Serious Injury,Dark-Lighted,Clear,Motor Vehicle-In-Transport On Same Roadway,Construction Zone,THP District 2 - Chattanooga,THP,Unbelted,Distracted,Drinking,Drug,-,-,-,-,-,-,-,-,-,Hamilton,Chattanooga,1
94875,400400566,1,1,36.1334,-85.21805,6,2025-11-17 17:21:00,2025,11,17,17,21,Monday,17:21,Fatal,Dark-Not Lighted,Clear,Motor Vehicle-In-Transport On Same Roadway,None,THP District 6 - Cookeville,THP,Unbelted,-,-,-,-,-,-,-,-,-,-,-,-,Putnam,Not in City Limit,2
94877,400400583,0,1,35.07437,-88.47968,8,2025-11-20 04:32:00,2025,11,20,4,32,Thursday,04:32,Suspected Serious Injury,Dark-Not Lighted,Fog,Motor Vehicle-In-Transport On Same Roadway,None,THP District 8 - Jackson,THP,Unbelted,-,-,Drug,-,Speeding,-,-,-,-,ATV_Involved,-,-,McNairy,Not in City Limit,5
94880,400400599,0,1,36.23815,-86.78293,3,2025-11-21 14:49:00,2025,11,21,14,49,Friday,14:49,Suspected Serious Injury,Daylight,Rain,Motor Vehicle-In-Transport On Same Roadway,None,METROPOLITAN NASHVILLE POLICE DEPT,Other,Unbelted,-,-,-,-,-,-,-,-,-,ATV_Involved,Motorcyclist,-,Davidson,Nashville,6
94906,400400763,0,2,36.02259,-83.47894,5,2025-11-21 18:50:00,2025,11,21,18,50,Friday,18:50,Suspected Serious Injury,Dark-Not Lighted,Cloudy,Embankment Earth,None,THP District 5 - Fall Branch,THP,Unbelted,-,-,-,-,-,-,-,-,-,-,-,-,Jefferson,Not in City Limit,6
94909,400400801,0,3,36.18792,-86.77329,3,2025-11-21 19:31:00,2025,11,21,19,31,Friday,19:31,Suspected Serious Injury,Dark-Lighted,Rain,Motor Vehicle-In-Transport On Same Roadway,None,METROPOLITAN NASHVILLE POLICE DEPT,Other,Unbelted,-,-,-,-,-,-,-,-,-,-,-,-,Davidson,Nashville,6
94911,400400846,0,2,35.9535,-83.94264,1,2025-11-21 22:01:00,2025,11,21,22,1,Friday,22:01,Suspected Serious Injury,Dark-Lighted,Rain,Concrete Traffic Barrier,None,KNOXVILLE POLICE DEPT,Other,Unbelted,-,-,-,-,-,-,-,-,-,-,-,-,Knox,Knoxville,6
94912,400400847,0,1,36.44613,-87.42882,3,2025-11-19 04:56:00,2025,11,19,4,56,Wednesday,04:56,Suspected Serious Injury,Dark-Not Lighted,Clear,Highway Traffic Sign Post,None,THP District 3 - Nashville,THP,Unbelted,-,Drinking,-,-,-,-,-,-,-,-,-,-,Montgomery,Not in City Limit,4
94915,400400867,0,6,35.22732,-88.23152,8,2025-11-21 18:30:00,2025,11,21,18,30,Friday,18:30,Suspected Serious Injury,Dark-Lighted,Clear,Motor Vehicle-In-Transport On Same Roadway,None,THP District 8 - Jackson,THP,Unbelted,-,Drinking,Drug,-,Speeding,-,-,-,-,-,-,-,Hardin,Savannah,6
94921,400400904,0,3,36.24932,-86.78367,3,2025-11-21 19:00:00,2025,11,21,19,0,Friday,19:00,Suspected Serious Injury,Dark-Not Lighted,Rain,Motor Vehicle-In-Transport On Same Roadway,None,METROPOLITAN NASHVILLE POLICE DEPT,Other,Unbelted,-,-,-,-,Speeding,-,-,-,-,-,-,-,Davidson,Nashville,6
94923,400400908,0,2,35.21762,-87.12532,7,2025-11-21 19:42:00,2025,11,21,19,42,Friday,19:42,Suspected Serious Injury,Dark-Not Lighted,Cloudy,Motor Vehicle-In-Transport On Same Roadway,None,THP District 7 - Lawrenceburg,THP,Unbelted,-,-,Drug,-,-,-,-,-,-,-,-,-,Giles,Not in City Limit,6
94927,400400932,1,3,36.09027,-87.3146,3,2025-11-21 19:06:00,2025,11,21,19,6,Friday,19:06,Fatal,Dark-Not Lighted,Cloudy,Motor Vehicle-In-Transport On Same Roadway,None,THP District 3 - Nashville,THP,Unbelted,-,Drinking,-,-,-,-,-,-,-,-,-,-,Dickson,Not in City Limit,6
94934,400400966,0,2,36.0936,-88.02652,8,2025-11-21 23:00:00,2025,11,21,23,0,Friday,23:00,Suspected Serious Injury,Dark-Not Lighted,Rain,Standing Tree,None,THP District 8 - Jackson,THP,Unbelted,Distracted,-,-,-,-,-,-,-,-,-,-,-,Benton,Not in City Limit,6
94936,400400984,1,0,35.19595,-87.29891,7,2025-11-22 00:15:00,2025,11,22,0,15,Saturday,00:15,Fatal,Dark-Not Lighted,Clear,Ditch,None,THP District 7 - Lawrenceburg,THP,Unbelted,-,-,Drug,-,-,-,-,-,-,-,-,-,Lawrence,Not in City Limit,7
94938,400400989,0,4,35.89841,-84.71676,6,2025-11-21 18:24:00,2025,11,21,18,24,Friday,18:24,Suspected Serious Injury,Dark-Not Lighted,Cloudy,Motor Vehicle-In-Transport On Same Roadway,None,THP District 6 - Cookeville,THP,Unbelted,-,Drinking,Drug,-,-,-,-,-,-,-,-,-,Cumberland,Not in City Limit,6
94961,400401186,0,1,35.99963,-83.9628,1,2025-11-22 13:25:00,2025,11,22,13,25,Saturday,13:25,Suspected Serious Injury,Daylight,Clear,Motor Vehicle-In-Transport On Same Roadway,None,KNOXVILLE POLICE DEPT,Other,Unbelted,-,-,-,-,-,-,-,-,-,-,-,-,Knox,Knoxville,7
94964,400401193,0,2,36.07642,-84.45858,1,2025-11-22 13:54:00,2025,11,22,13,54,Saturday,13:54,Suspected Serious Injury,Daylight,Clear,Embankment Earth,None,THP District 1 - Knoxville,THP,-,-,-,-,-,-,-,-,-,-,-,Motorcyclist,-,Morgan,Not in City Limit,7
94977,400401263,0,1,36.10664,-87.47412,3,2025-11-22 15:05:00,2025,11,22,15,5,Saturday,15:05,Suspected Serious Injury,Daylight,Clear,Ditch,None,THP District 3 - Nashville,THP,Unbelted,-,-,-,-,-,-,-,-,-,-,-,-,Dickson,Not in City Limit,7
94980,400401285,0,1,35.25829,-87.3958,7,2025-11-22 13:09:00,2025,11,22,13,9,Saturday,13:09,Suspected Serious Injury,Daylight,Clear,Culvert,None,THP District 7 - Lawrenceburg,THP,Unbelted,-,-,-,Drowsy,-,-,-,-,-,-,-,-,Lawrence,Not in City Limit,7
94993,400401350,0,1,36.52444,-82.13624,5,2025-11-22 17:37:00,2025,11,22,17,37,Saturday,17:37,Suspected Serious Injury,Dusk,Clear,Deer,None,THP District 5 - Fall Branch,THP,-,-,-,-,-,-,-,-,-,-,-,Motorcyclist,-,Sullivan,Not in City Limit,7
94994,400401353,0,3,35.78248,-86.37799,3,2025-11-22 18:09:00,2025,11,22,18,9,Saturday,18:09,Suspected Serious Injury,Dark-Lighted,Clear,Motor Vehicle-In-Transport On Same Roadway,None,MURFREESBORO POLICE DEPT,Other,Unbelted,-,-,-,-,-,-,-,-,-,-,-,-,Rutherford,Murfreesboro,7
94995,400401355,0,1,35.51093,-88.75064,8,2025-11-22 19:07:00,2025,11,22,19,7,Saturday,19:07,Suspected Serious Injury,Dark-Not Lighted,Clear,Ditch,None,THP District 8 - Jackson,THP,Unbelted,-,-,-,-,-,-,-,-,-,-,-,-,Madison,Not in City Limit,7
95003,400401399,1,0,35.36747,-88.36589,8,2025-11-22 16:08:00,2025,11,22,16,8,Saturday,16:08,Fatal,Daylight,Clear,Ditch,None,THP District 8 - Jackson,THP,Unbelted,-,Drinking,-,-,-,-,-,-,-,-,-,-,McNairy,Milledgeville,7
95006,400401410,0,2,35.42068,-87.96495,7,2025-11-22 16:50:00,2025,11,22,16,50,Saturday,16:50,Suspected Serious Injury,Dusk,Clear,Motor Vehicle-In-Transport On Same Roadway,None,THP District 7 - Lawrenceburg,THP,Unbelted,Distracted,-,-,-,-,-,-,-,-,-,-,-,Wayne,Not in City Limit,7
95010,400401419,0,4,36.25393,-83.08253,5,2025-11-22 20:02:00,2025,11,22,20,2,Saturday,20:02,Suspected Serious Injury,Dark-Lighted,Cloudy,Motor Vehicle-In-Transport On Same Roadway,None,THP District 5 - Fall Branch,THP,Unbelted,-,-,-,Drowsy,-,-,-,-,-,-,-,-,Hawkins,Not in City Limit,7
95022,400401460,1,0,36.023,-83.715,1,2025-11-22 23:46:00,2025,11,22,23,46,Saturday,23:46,Fatal,Dark-Not Lighted,Clear,Embankment Earth,None,THP District 1 - Knoxville,THP,Unbelted,-,Drinking,Drug,-,-,-,-,-,-,-,-,-,Knox,Not in City Limit,7
95030,400401503,0,1,36.07825,-87.35715,3,2025-11-22 23:00:00,2025,11,22,23,0,Saturday,23:00,Suspected Serious Injury,Dark-Lighted,Clear,Pedal-Cycle,None,DICKSON POLICE DEPT,Other,Unbelted,-,-,-,-,-,Pedalcyclist,-,-,-,-,-,-,Dickson,Dickson,7
95034,400401519,0,1,35.18664,-87.26142,7,2025-11-21 23:40:00,2025,11,21,23,40,Friday,23:40,Suspected Serious Injury,Dark-Not Lighted,Clear,Standing Tree,None,THP District 7 - Lawrenceburg,THP,Unbelted,-,Drinking,-,-,-,-,-,-,-,-,-,-,Lawrence,Not in City Limit,6
95038,400401538,1,0,35.63144,-88.40483,8,2025-11-23 05:36:00,2025,11,23,5,36,Sunday,05:36,Fatal,Dark-Not Lighted,Clear,Pedestrian,None,LEXINGTON POLICE DEPT,Other,Unbelted,-,-,-,-,-,-,Pedestrian,-,-,-,-,-,Henderson,Lexington,1
95039,400401545,0,1,36.60953,-86.11773,6,2025-11-22 15:30:00,2025,11,22,15,30,Saturday,15:30,Suspected Serious Injury,Daylight,Cloudy,Standing Tree,None,MACON CO SHERIFFS OFFICE,Other,-,-,Drinking,-,-,-,-,-,-,ATV_Involved,-,-,-,Macon,Not in City Limit,7
95051,400401624,0,3,35.56763,-88.38723,8,2025-11-23 08:21:00,2025,11,23,8,21,Sunday,08:21,Suspected Serious Injury,Daylight,Clear,Motor Vehicle-In-Transport On Same Roadway,None,THP District 8 - Jackson,THP,Unbelted,-,-,-,-,-,-,-,-,-,-,-,-,Henderson,Not in City Limit,1
95052,400401626,1,2,35.06452,-84.80983,2,2025-11-16 00:08:00,2025,11,16,0,8,Sunday,00:08,Fatal,Dark-Not Lighted,Clear,Ditch,None,THP District 2 - Chattanooga,THP,Unbelted,-,Drinking,Drug,-,-,-,-,-,-,-,-,-,Bradley,Not in City Limit,1
95053,400401629,0,2,35.8844,-84.15332,1,2025-11-23 11:32:00,2025,11,23,11,32,Sunday,11:32,Suspected Serious Injury,Daylight,Clear,Motor Vehicle-In-Transport On Same Roadway,None,THP District 1 - Knoxville,THP,Unbelted,-,-,-,-,-,-,-,-,-,-,-,-,Knox,Farragut,1
95055,400401655,0,1,35.08707,-85.32357,2,2025-11-18 16:30:00,2025,11,18,16,30,Tuesday,16:30,Suspected Serious Injury,Daylight,Clear,Deer,None,RED BANK POLICE DEPT,Other,-,-,-,-,-,-,-,-,-,-,-,Motorcyclist,-,Hamilton,Red Bank,3
95063,400401721,0,1,35.91479,-82.92996,5,2025-11-23 13:20:00,2025,11,23,13,20,Sunday,13:20,Suspected Serious Injury,Daylight,Clear,Guard Rail Face,None,THP District 5 - Fall Branch,THP,-,-,-,-,-,-,-,-,-,-,-,Motorcyclist,-,Cocke,Not in City Limit,1
95067,400401753,0,1,35.5125,-83.98844,1,2025-11-23 12:37:00,2025,11,23,12,37,Sunday,12:37,Suspected Serious Injury,Daylight,Clear,Ditch,None,BLOUNT CO SHERIFFS DEPT,Other,-,-,-,-,-,Speeding,-,-,-,-,-,Motorcyclist,-,Blount,Not in City Limit,1
95069,400401770,0,2,36.18883,-86.27936,3,2025-11-23 14:34:00,2025,11,23,14,34,Sunday,14:34,Suspected Serious Injury,Daylight,Clear,Motor Vehicle-In-Transport On Same Roadway,None,LEBANON POLICE DEPT,Other,Unbelted,-,-,-,-,-,-,-,-,-,-,-,-,Wilson,Lebanon,1
95090,400401922,0,1,35.98608,-83.93472,1,2025-11-22 01:40:00,2025,11,22,1,40,Saturday,01:40,Suspected Serious Injury,Dark-Lighted,Clear,Parked Motor Vehicle,Utility Zone,KNOXVILLE POLICE DEPT,Other,Unbelted,-,Drinking,-,-,-,-,-,-,-,-,-,-,Knox,Knoxville,7
95101,400401975,0,1,35.97511,-86.59957,3,2025-11-23 00:00:00,2025,11,23,0,0,Sunday,00:00,Suspected Serious Injury,Dark-Lighted,Clear,Ditch,None,LAVERGNE POLICE DEPT,Other,Unbelted,-,-,-,-,-,-,-,-,-,-,-,-,Rutherford,Lavergne,1
95103,400401983,0,1,35.65519,-88.39533,8,2025-11-23 18:07:00,2025,11,23,18,7,Sunday,18:07,Suspected Serious Injury,Dark-Lighted,Clear,"Over Turn, Roll Over",None,LEXINGTON POLICE DEPT,Other,-,-,Drinking,-,-,-,-,-,-,-,-,-,-,Henderson,Lexington,1
95105,400401988,0,1,36.20187,-85.51204,6,2025-11-22 18:14:00,2025,11,22,18,14,Saturday,18:14,Suspected Serious Injury,Dark-Not Lighted,Clear,Other Animal,None,PUTNAM COUNTY SHERIFF'S OFFICE,Other,-,-,-,-,-,-,-,-,-,-,-,Motorcyclist,-,Putnam,Not in City Limit,7
95108,400402010,1,1,35.49521,-84.50492,2,2025-11-19 16:55:00,2025,11,19,16,55,Wednesday,16:55,Fatal,Daylight,Clear,Embankment Earth,None,THP District 2 - Chattanooga,THP,Unbelted,-,Drinking,Drug,-,-,-,-,-,-,-,-,-,McMinn,Not in City Limit,4
95110,400402014,0,1,36.02908,-83.87257,1,2025-11-24 06:13:00,2025,11,24,6,13,Monday,06:13,Suspected Serious Injury,Dawn,Clear,Motor Vehicle-In-Transport On Same Roadway,None,KNOXVILLE POLICE DEPT,Other,Unbelted,-,-,-,-,-,-,-,-,-,-,-,-,Knox,Knoxville,2
95112,400402029,0,1,36.40051,-84.43892,1,2025-11-24 06:50:00,2025,11,24,6,50,Monday,06:50,Suspected Serious Injury,Daylight,Clear,Standing Tree,None,THP District 1 - Knoxville,THP,Unbelted,-,-,-,Drowsy,-,-,-,-,-,-,-,-,Scott,Not in City Limit,2
95113,400402030,0,1,36.10346,-84.17377,1,2025-11-24 05:34:00,2025,11,24,5,34,Monday,05:34,Suspected Serious Injury,Dark-Not Lighted,Clear,Culvert,None,THP District 1 - Knoxville,THP,Unbelted,-,-,-,-,-,-,-,-,-,-,-,-,Anderson,Not in City Limit,2
95130,400402135,0,1,35.56064,-87.18231,7,2025-11-14 14:45:00,2025,11,14,14,45,Friday,14:45,Suspected Serious Injury,Daylight,Clear,"Over Turn, Roll Over",None,MOUNT PLEASANT POLICE DEPT,Other,Unbelted,-,-,-,-,-,-,-,-,-,-,-,-,Maury,Mount Pleasant,6
95148,400402284,0,2,36.11054,-86.7224,3,2025-11-21 01:56:00,2025,11,21,1,56,Friday,01:56,Suspected Serious Injury,Dark-Lighted,Cloudy,Motor Vehicle-In-Transport On Same Roadway,None,METROPOLITAN NASHVILLE POLICE DEPT,Other,Unbelted,-,-,-,-,-,-,-,-,-,ATV_Involved,-,-,Davidson,Nashville,6
95149,400402290,0,1,36.15058,-87.24853,3,2025-11-24 13:18:00,2025,11,24,13,18,Monday,13:18,Suspected Serious Injury,Daylight,Rain,"Over Turn, Roll Over",None,THP District 3 - Nashville,THP,-,-,-,-,-,-,-,-,-,-,-,Motorcyclist,-,Dickson,Not in City Limit,2
95160,400402359,0,1,36.37125,-86.9773,3,2025-11-24 16:14:00,2025,11,24,16,14,Monday,16:14,Suspected Serious Injury,Dusk,Rain,Motor Vehicle-In-Transport On Same Roadway,None,THP District 3 - Nashville,THP,Unbelted,-,-,-,-,-,-,-,-,-,ATV_Involved,-,-,Robertson,Not in City Limit,2
95173,400402416,0,2,35.30879,-87.94713,7,2025-11-24 14:55:00,2025,11,24,14,55,Monday,14:55,Suspected Serious Injury,Daylight,Cloudy,Motor Vehicle-In-Transport On Same Roadway,None,THP District 7 - Lawrenceburg,THP,Unbelted,-,-,-,-,-,-,-,-,-,-,-,-,Wayne,Not in City Limit,2