OBJECTID,MRN,Fatality,Injury,Latitude,Longitude,THP_District,Collision_Date,Collision_Year,Collision_Month,Collision_Day,Collision_Hour,Collision_Min,Collision_DOW,Collision_Time,Crash_Type,Light_Condition,Weather,First_Harmfu_Event,Work_Zone_Type,Agency_Name,THP,Unbelted,Distracted_Driver,Driver_Drinking,Driver_Drugged,Drowsy_Driver,Speeding_Involved,Pedalcyclist,Pedestrian,Other_Nonmotorist,ATV_Involved,LargeTruck_Involved,Motorcycle_Involved,SchoolBus,County,City,DOW_Nmb
95177,400402449,0,1,36.38417,-88.43743,8,2025-11-24 18:20:00,2025,11,24,18,20,Monday,18:20,Suspected Serious Injury,Dark-Not Lighted,Rain,Standing Tree,None,THP District 8 - Jackson,THP,Unbelted,-,-,-,-,-,-,-,-,-,-,-,-,Henry,Not in City Limit,2
95186,400402494,0,2,35.50848,-88.15139,8,2025-11-24 19:00:00,2025,11,24,19,0,Monday,19:00,Suspected Serious Injury,Dark-Not Lighted,Rain,Motor Vehicle-In-Transport On Same Roadway,None,THP District 8 - Jackson,THP,Unbelted,Distracted,-,-,Drowsy,-,-,-,-,-,-,-,-,Decatur,Not in City Limit,2
95187,400402506,0,2,35.90365,-84.02053,1,2025-11-24 18:23:00,2025,11,24,18,23,Monday,18:23,Suspected Serious Injury,Dark-Lighted,Clear,Motor Vehicle-In-Transport On Same Roadway,None,KNOX CO SHERIFFS OFFICE,Other,Unbelted,-,-,-,-,-,-,-,-,-,-,-,-,Knox,Knoxville,2
95190,400402515,0,4,36.20365,-85.5494,6,2025-11-24 17:48:00,2025,11,24,17,48,Monday,17:48,Suspected Serious Injury,Dark-Lighted,Clear,Motor Vehicle-In-Transport On Same Roadway,None,THP District 6 - Cookeville,THP,Unbelted,-,-,-,-,-,-,-,-,-,-,-,-,Putnam,Not in City Limit,2
95214,400402682,0,1,36.54874,-81.77239,5,2025-11-24 15:17:00,2025,11,24,15,17,Monday,15:17,Suspected Serious Injury,Daylight,Clear,Culvert,None,THP District 5 - Fall Branch,THP,Unbelted,-,-,-,-,-,-,-,-,-,-,-,-,Johnson,Not in City Limit,2
95229,400402792,0,1,35.99972,-84.82255,6,2025-11-25 00:00:00,2025,11,25,24,0,Tuesday,24:00,Suspected Serious Injury,Other,Fog,Ditch,None,CUMBERLAND CO SHERIFFS OFFICE,Other,Unbelted,-,-,-,-,-,-,-,-,-,-,-,-,Cumberland,Not in City Limit,3
95242,400402886,0,1,36.00559,-83.87809,1,2025-11-25 13:18:00,2025,11,25,13,18,Tuesday,13:18,Suspected Serious Injury,Daylight,Rain,Boulder,None,KNOXVILLE POLICE DEPT,Other,Unbelted,-,-,-,-,-,-,-,-,-,-,-,-,Knox,Knoxville,3
95246,400402905,0,1,36.19988,-83.34022,5,2025-11-25 13:11:00,2025,11,25,13,11,Tuesday,13:11,Suspected Serious Injury,Daylight,Cloudy,Motor Vehicle-In-Transport On Same Roadway,None,MORRISTOWN POLICE DEPT,Other,Unbelted,-,-,-,-,-,-,-,-,-,-,-,-,Hamblen,Morristown,3
95252,400402926,0,1,36.5097,-84.96948,6,2025-11-24 19:33:00,2025,11,24,19,33,Monday,19:33,Suspected Serious Injury,Dark-Not Lighted,Cloudy,Motor Vehicle-In-Transport On Same Roadway,None,THP District 6 - Cookeville,THP,Unbelted,-,-,-,-,-,-,-,-,-,ATV_Involved,-,-,Fentress,Not in City Limit,2
95281,400403079,0,1,35.45681,-86.55855,7,2025-11-25 17:00:00,2025,11,25,17,0,Tuesday,17:00,Suspected Serious Injury,Dusk,Clear,Utility Pole,None,THP District 7 - Lawrenceburg,THP,Unbelted,-,-,-,-,-,-,-,-,-,-,-,-,Bedford,Not in City Limit,3
95286,400403096,0,3,35.56515,-84.50463,2,2025-11-25 14:46:00,2025,11,25,14,46,Tuesday,14:46,Suspected Serious Injury,Daylight,Rain,Motor Vehicle-In-Transport On Same Roadway,None,THP District 2 - Chattanooga,THP,Unbelted,-,-,-,-,-,-,-,-,-,-,-,-,McMinn,Not in City Limit,3
95334,400403452,0,2,35.51089,-84.37255,1,2025-11-26 00:00:00,2025,11,26,24,0,Wednesday,24:00,Suspected Serious Injury,Daylight,Clear,Motor Vehicle-In-Transport On Same Roadway,None,MADISONVILLE POLICE DEPT,Other,Unbelted,-,-,-,-,-,-,-,-,-,-,-,-,Monroe,Madisonville,4
95339,400403472,0,2,35.89178,-85.47169,6,2025-11-26 12:25:00,2025,11,26,12,25,Wednesday,12:25,Suspected Serious Injury,Daylight,Clear,Motor Vehicle-In-Transport On Same Roadway,None,THP District 6 - Cookeville,THP,Unbelted,-,-,-,-,-,-,-,-,-,-,-,-,White,Not in City Limit,4
95343,400403487,0,1,35.91421,-83.02599,5,2025-11-26 10:10:00,2025,11,26,10,10,Wednesday,10:10,Suspected Serious Injury,Daylight,Clear,Motor Vehicle-In-Transport On Same Roadway,None,THP District 5 - Fall Branch,THP,Unbelted,-,-,-,-,Speeding,-,-,-,-,ATV_Involved,-,-,Cocke,Not in City Limit,4
95344,400403488,1,0,35.07029,-88.73469,8,2025-11-26 05:37:00,2025,11,26,5,37,Wednesday,05:37,Fatal,Dark-Not Lighted,Clear,Ditch,None,THP District 8 - Jackson,THP,Unbelted,-,-,-,-,-,-,-,-,-,-,-,-,McNairy,Not in City Limit,4
95345,400403494,1,1,35.31403,-86.04805,2,2025-11-26 10:40:00,2025,11,26,10,40,Wednesday,10:40,Fatal,Daylight,Clear,Other Fixed Object,None,THP District 2 - Chattanooga,THP,Unbelted,-,-,-,-,-,-,-,-,-,-,-,-,Franklin,Not in City Limit,4
95381,400403703,1,2,35.89389,-83.87244,1,2025-11-26 17:22:00,2025,11,26,17,22,Wednesday,17:22,Fatal,Dark-Not Lighted,Clear,Motor Vehicle-In-Transport On Same Roadway,None,KNOX CO SHERIFFS OFFICE,Other,Unbelted,-,Drinking,Drug,-,Speeding,-,-,-,-,-,-,-,Knox,Not in City Limit,4
95390,400403766,0,1,36.31286,-86.71468,3,2025-11-26 19:45:00,2025,11,26,19,45,Wednesday,19:45,Suspected Serious Injury,Dark-Lighted,Clear,Pedestrian,None,GOODLETTSVILLE POLICE DEPT,Other,Unbelted,-,-,-,-,-,-,Pedestrian,-,-,-,-,-,Davidson,Goodlettsville,4
95409,400403903,0,1,35.92832,-86.91914,3,2025-11-26 13:56:00,2025,11,26,13,56,Wednesday,13:56,Suspected Serious Injury,Daylight,Clear,Pedal-Cycle,None,FRANKLIN POLICE DEPT,Other,Unbelted,-,-,-,-,-,Pedalcyclist,-,-,-,-,-,-,Williamson,Franklin,4
95410,400403907,0,2,36.31198,-86.86013,3,2025-11-27 05:58:00,2025,11,27,5,58,Thursday,05:58,Suspected Serious Injury,Dark-Not Lighted,Clear,Embankment Rock/Stone/Concrete,None,METROPOLITAN NASHVILLE POLICE DEPT,Other,Unbelted,-,-,-,-,-,-,-,-,-,-,-,-,Davidson,Nashville,5
95414,400403976,0,1,36.47984,-88.32919,8,2025-11-27 10:10:00,2025,11,27,10,10,Thursday,10:10,Suspected Serious Injury,Daylight,Clear,Culvert,None,THP District 8 - Jackson,THP,Unbelted,Distracted,-,-,-,-,-,-,-,-,-,-,-,Henry,Not in City Limit,5
95419,400404017,0,1,35.70022,-84.16572,1,2025-11-22 14:25:00,2025,11,22,14,25,Saturday,14:25,Suspected Serious Injury,Daylight,Clear,Motor Vehicle-In-Transport On Same Roadway,None,THP District 1 - Knoxville,THP,Unbelted,-,-,Drug,-,-,-,-,-,-,ATV_Involved,Motorcyclist,-,Loudon,Not in City Limit,7
95431,400404068,0,1,35.76584,-89.16899,4,2025-11-27 11:50:00,2025,11,27,11,50,Thursday,11:50,Suspected Serious Injury,Daylight,Clear,Standing Tree,None,THP District 4 - Memphis,THP,Unbelted,-,-,-,-,-,-,-,-,-,-,-,-,Crockett,Not in City Limit,5
95432,400404069,0,1,36.26442,-87.25831,3,2025-11-27 00:31:00,2025,11,27,0,31,Thursday,00:31,Suspected Serious Injury,Dark-Not Lighted,Clear,"Over Turn, Roll Over",None,THP District 3 - Nashville,THP,Unbelted,-,Drinking,-,-,-,-,-,-,-,-,-,-,Dickson,Not in City Limit,5
95443,400404127,1,4,35.03036,-85.57565,2,2025-11-26 18:23:00,2025,11,26,18,23,Wednesday,18:23,Fatal,Dark-Not Lighted,Clear,Motor Vehicle-In-Transport On Different Roadway,None,THP District 2 - Chattanooga,THP,Unbelted,-,-,Drug,-,-,-,-,-,-,-,-,-,Marion,Not in City Limit,4
95446,400404138,0,1,36.13084,-82.41864,5,2025-11-27 18:29:00,2025,11,27,18,29,Thursday,18:29,Suspected Serious Injury,Dark-Not Lighted,Clear,Pedestrian,None,ERWIN POLICE DEPT,Other,Unbelted,-,-,-,-,-,-,Pedestrian,-,-,-,-,-,Unicoi,Erwin,5
95447,400404142,0,3,35.58835,-86.44028,7,2025-11-27 18:08:00,2025,11,27,18,8,Thursday,18:08,Suspected Serious Injury,Dark-Not Lighted,Clear,Motor Vehicle-In-Transport On Same Roadway,Construction Zone,THP District 7 - Lawrenceburg,THP,Unbelted,-,-,-,-,-,-,-,-,-,-,-,-,Bedford,Not in City Limit,5
95450,400404161,0,1,35.94553,-83.99696,1,2025-11-26 23:39:00,2025,11,26,23,39,Wednesday,23:39,Suspected Serious Injury,Dark-Lighted,Clear,Motor Vehicle-In-Transport On Same Roadway,None,KNOXVILLE POLICE DEPT,Other,Unbelted,-,-,-,-,-,-,-,-,-,ATV_Involved,-,-,Knox,Knoxville,4
95453,400404171,0,2,35.95732,-86.50026,3,2025-11-26 18:52:00,2025,11,26,18,52,Wednesday,18:52,Suspected Serious Injury,Dark-Not Lighted,Clear,Motor Vehicle-In-Transport On Same Roadway,None,SMYRNA POLICE DEPT,Other,Unbelted,-,-,-,-,-,-,-,-,-,-,-,-,Rutherford,Smyrna,4
95458,400404190,0,3,35.52158,-86.45475,7,2025-11-27 01:45:00,2025,11,27,1,45,Thursday,01:45,Suspected Serious Injury,Dark-Lighted,Clear,Embankment Earth,None,THP District 7 - Lawrenceburg,THP,Unbelted,-,Drinking,Drug,-,-,-,-,-,-,-,-,-,Bedford,Shelbyville,5
95463,400404219,0,6,35.94189,-85.32884,6,2025-11-27 17:35:00,2025,11,27,17,35,Thursday,17:35,Suspected Serious Injury,Dark-Not Lighted,Clear,Motor Vehicle-In-Transport On Same Roadway,None,THP District 6 - Cookeville,THP,Unbelted,-,-,-,Drowsy,-,-,-,-,-,-,-,-,White,Not in City Limit,5
95464,400404226,0,1,36.2249,-86.69477,3,2025-11-27 23:29:00,2025,11,27,23,29,Thursday,23:29,Suspected Serious Injury,Dark-Lighted,Clear,Concrete Traffic Barrier,None,METROPOLITAN NASHVILLE POLICE DEPT,Other,Unbelted,-,-,-,Drowsy,-,-,-,-,-,-,-,-,Davidson,Nashville,5
95467,400404234,1,1,35.1044,-85.87321,2,2025-11-26 00:00:00,2025,11,26,24,0,Wednesday,24:00,Fatal,Dark-Not Lighted,Clear,Embankment Earth,None,THP District 2 - Chattanooga,THP,Unbelted,-,-,-,-,-,-,-,-,-,-,-,-,Franklin,Not in City Limit,4
95468,400404235,0,2,36.07962,-87.83628,3,2025-11-26 18:18:00,2025,11,26,18,18,Wednesday,18:18,Suspected Serious Injury,Dark-Not Lighted,Clear,Motor Vehicle-In-Transport On Same Roadway,None,WAVERLY POLICE DEPT,Other,Unbelted,-,-,-,-,-,-,-,-,-,-,-,-,Humphreys,Waverly,4
95473,400404274,0,3,35.8914,-86.48349,3,2025-11-27 21:05:00,2025,11,27,21,5,Thursday,21:05,Suspected Serious Injury,Dark-Not Lighted,Clear,Motor Vehicle-In-Transport On Same Roadway,None,THP District 3 - Nashville,THP,Unbelted,-,Drinking,Drug,-,-,-,-,-,-,-,-,-,Rutherford,Not in City Limit,5
95474,400404275,0,1,36.204,-83.75439,5,2025-11-27 14:10:00,2025,11,27,14,10,Thursday,14:10,Suspected Serious Injury,Daylight,Clear,Embankment Earth,None,THP District 5 - Fall Branch,THP,-,-,-,-,-,-,-,-,-,-,-,Motorcyclist,-,Union,Luttrell,5
95505,400404636,0,1,35.62364,-87.54482,7,2025-11-28 17:35:00,2025,11,28,17,35,Friday,17:35,Suspected Serious Injury,Dark-Not Lighted,Clear,Other Post/Pole Support,None,THP District 7 - Lawrenceburg,THP,Unbelted,-,-,-,-,-,-,-,-,-,-,-,-,Lewis,Not in City Limit,6
95511,400404681,0,3,35.89716,-87.34969,7,2025-11-27 22:05:00,2025,11,27,22,5,Thursday,22:05,Suspected Serious Injury,Dark-Lighted,Clear,Motor Vehicle-In-Transport On Same Roadway,None,THP District 7 - Lawrenceburg,THP,Unbelted,-,-,-,-,-,-,-,-,-,-,-,-,Hickman,Not in City Limit,5
95514,400404723,0,1,36.40857,-88.12198,8,2025-11-28 17:50:00,2025,11,28,17,50,Friday,17:50,Suspected Serious Injury,Dark-Not Lighted,Clear,Motor Vehicle-In-Transport On Same Roadway,None,THP District 8 - Jackson,THP,Unbelted,-,-,-,-,-,-,-,-,-,-,-,-,Henry,Not in City Limit,6
95516,400404749,1,0,36.58214,-82.49525,5,2025-11-28 19:05:00,2025,11,28,19,5,Friday,19:05,Fatal,Dark-Not Lighted,Clear,Pedal-Cycle,None,SULLIVAN CO SHERIFFS DEPT,Other,Unbelted,-,-,-,-,-,Pedalcyclist,-,-,-,-,-,-,Sullivan,Not in City Limit,6
95518,400404751,0,1,35.77966,-83.54822,1,2025-11-27 23:30:00,2025,11,27,23,30,Thursday,23:30,Suspected Serious Injury,Dark-Lighted,Clear,Utility Pole,None,PIGEON FORGE POLICE DEPT,Other,Unbelted,-,-,-,-,-,-,-,-,-,-,-,-,Sevier,Pigeon Forge,5
95523,400404774,0,2,36.11828,-86.70028,3,2025-11-29 00:40:00,2025,11,29,0,40,Saturday,00:40,Suspected Serious Injury,Dark-Lighted,Clear,Motor Vehicle-In-Transport On Same Roadway,None,METROPOLITAN NASHVILLE POLICE DEPT,Other,Unbelted,-,-,-,-,-,-,-,-,-,-,Motorcyclist,-,Davidson,Nashville,7
95528,400404806,0,1,36.33101,-85.35579,6,2025-11-28 13:25:00,2025,11,28,13,25,Friday,13:25,Suspected Serious Injury,Daylight,Clear,Mail Box,None,THP District 6 - Cookeville,THP,Unbelted,-,-,-,-,-,-,-,-,-,-,-,-,Overton,Not in City Limit,6
95530,400404826,1,0,35.33515,-84.97142,2,2025-11-23 08:14:00,2025,11,23,8,14,Sunday,08:14,Fatal,Daylight,Clear,Embankment Earth,None,THP District 2 - Chattanooga,THP,Unbelted,-,-,-,-,-,-,-,-,-,-,-,-,Meigs,Not in City Limit,1
95534,400404835,0,1,36.28962,-83.10292,5,2025-11-28 00:00:00,2025,11,28,24,0,Friday,24:00,Suspected Serious Injury,Daylight,Clear,Pedestrian,None,THP District 5 - Fall Branch,THP,Unbelted,-,-,-,-,-,-,Pedestrian,-,-,-,-,-,Hawkins,Not in City Limit,6
95544,400404898,0,4,35.99113,-84.21898,1,2025-11-28 11:06:00,2025,11,28,11,6,Friday,11:06,Suspected Serious Injury,Daylight,Clear,Motor Vehicle-In-Transport On Same Roadway,None,THP District 1 - Knoxville,THP,Unbelted,-,-,-,-,-,-,-,-,-,-,-,-,Anderson,Oak Ridge,6
95545,400404899,0,1,36.22417,-86.77443,3,2025-11-29 00:00:00,2025,11,29,24,0,Saturday,24:00,Suspected Serious Injury,Daylight,Clear,Bridge/Pier Abutment,None,METROPOLITAN NASHVILLE POLICE DEPT,Other,Unbelted,-,-,-,-,-,-,-,-,-,-,-,-,Davidson,Nashville,7
95546,400404905,0,1,35.60654,-86.76074,7,2025-11-29 11:19:00,2025,11,29,11,19,Saturday,11:19,Suspected Serious Injury,Daylight,Cloudy,Motor Vehicle-In-Transport On Same Roadway,None,THP District 7 - Lawrenceburg,THP,Unbelted,-,-,-,-,-,-,-,-,-,-,-,-,Marshall,Not in City Limit,7
95551,400404942,0,3,35.81367,-84.29891,1,2025-11-29 09:45:00,2025,11,29,9,45,Saturday,09:45,Suspected Serious Injury,Daylight,Clear,"Over Turn, Roll Over",None,THP District 1 - Knoxville,THP,Unbelted,-,-,-,-,-,-,-,-,-,-,-,-,Loudon,Not in City Limit,7
95555,400404974,1,0,36.35068,-82.38029,5,2025-11-28 21:03:00,2025,11,28,21,3,Friday,21:03,Fatal,Dark-Lighted,Clear,Pedestrian,None,THP District 5 - Fall Branch,THP,Unbelted,-,-,-,-,-,-,Pedestrian,-,-,-,-,-,Washington,Johnson City,6
95561,400405010,0,1,35.42635,-84.50176,2,2025-11-29 12:00:00,2025,11,29,12,0,Saturday,12:00,Suspected Serious Injury,Daylight,Clear,Culvert,None,THP District 2 - Chattanooga,THP,Unbelted,-,-,-,-,-,-,-,-,-,-,-,-,McMinn,Englewood,7
95563,400405042,0,2,36.03257,-83.89398,1,2025-11-29 17:15:00,2025,11,29,17,15,Saturday,17:15,Suspected Serious Injury,Dusk,Clear,Motor Vehicle-In-Transport On Same Roadway,None,KNOXVILLE POLICE DEPT,Other,Unbelted,-,-,-,-,-,-,-,-,-,-,-,-,Knox,Knoxville,7
95565,400405062,1,1,35.68982,-88.84283,8,2025-11-29 17:29:00,2025,11,29,17,29,Saturday,17:29,Fatal,Dark-Lighted,Rain,Motor Vehicle-In-Transport On Same Roadway,None,JACKSON POLICE DEPT,Other,Unbelted,Distracted,-,-,-,-,-,-,-,-,-,-,-,Madison,Jackson,7
95568,400405081,0,1,35.99615,-85.11064,6,2025-11-29 16:45:00,2025,11,29,16,45,Saturday,16:45,Suspected Serious Injury,Dusk,Clear,Motor Vehicle-In-Transport On Same Roadway,None,THP District 6 - Cookeville,THP,Unbelted,-,-,-,-,-,-,-,-,-,ATV_Involved,-,-,Cumberland,Not in City Limit,7
95570,400405085,0,1,35.85791,-85.0623,6,2025-11-29 16:17:00,2025,11,29,16,17,Saturday,16:17,Suspected Serious Injury,Dusk,Clear,Pedestrian,None,THP District 6 - Cookeville,THP,Unbelted,Distracted,-,-,-,-,-,Pedestrian,-,-,-,-,-,Cumberland,Lake Tansi,7
95573,400405105,0,5,35.78543,-83.61747,1,2025-11-29 19:36:00,2025,11,29,19,36,Saturday,19:36,Suspected Serious Injury,Dark-Not Lighted,Cloudy,Motor Vehicle-In-Transport On Same Roadway,None,PIGEON FORGE POLICE DEPT,Other,Unbelted,-,-,-,-,-,-,-,-,-,-,-,-,Sevier,Pigeon Forge,7
95578,400405131,0,1,36.10591,-86.81831,3,2025-11-29 00:00:00,2025,11,29,24,0,Saturday,24:00,Suspected Serious Injury,Dark-Lighted,Clear,Other Fixed Object,None,METROPOLITAN NASHVILLE POLICE DEPT,Other,Unbelted,-,-,-,-,-,-,-,-,-,-,-,-,Davidson,Nashville,7
95601,400405269,0,1,35.69374,-84.86031,2,2025-11-29 14:19:00,2025,11,29,14,19,Saturday,14:19,Suspected Serious Injury,Daylight,Clear,Pedestrian,None,SPRING CITY POLICE DEPT,Other,Unbelted,-,-,-,-,-,-,Pedestrian,-,-,-,-,-,Rhea,Spring City,7
95605,400405306,1,0,36.23561,-86.78124,3,2025-11-29 19:02:00,2025,11,29,19,2,Saturday,19:02,Fatal,Dark-Lighted,Rain,Pedestrian,None,METROPOLITAN NASHVILLE POLICE DEPT,Other,Unbelted,-,-,-,-,-,-,Pedestrian,-,-,-,-,-,Davidson,Nashville,7
95607,400405326,2,3,36.01367,-86.61973,3,2025-11-30 03:21:00,2025,11,30,3,21,Sunday,03:21,Fatal,Dark-Lighted,Rain,Motor Vehicle-In-Transport On Same Roadway,None,METROPOLITAN NASHVILLE POLICE DEPT,Other,Unbelted,-,-,-,-,Speeding,-,-,-,-,ATV_Involved,-,-,Davidson,Nashville,1
95612,400405355,1,0,35.57536,-84.53916,2,2025-11-30 10:04:00,2025,11,30,10,4,Sunday,10:04,Fatal,Daylight,Rain,Standing Tree,None,THP District 2 - Chattanooga,THP,Unbelted,-,Drinking,Drug,-,-,-,-,-,-,-,-,-,McMinn,Not in City Limit,1
95623,400405433,1,9,36.16919,-86.54029,3,2025-11-29 13:50:00,2025,11,29,13,50,Saturday,13:50,Fatal,Daylight,Cloudy,Motor Vehicle-In-Transport On Same Roadway,None,THP District 3 - Nashville,THP,Unbelted,-,-,-,-,-,-,-,-,-,-,-,-,Wilson,Not in City Limit,7
95638,400405535,0,1,35.55688,-87.64785,7,2025-11-29 20:58:00,2025,11,29,20,58,Saturday,20:58,Suspected Serious Injury,Dark-Not Lighted,Rain,Ditch,None,THP District 7 - Lawrenceburg,THP,Unbelted,-,-,-,-,-,-,-,-,-,-,-,-,Lewis,Not in City Limit,7
95649,400405588,0,2,35.96998,-83.6381,1,2025-11-29 02:37:00,2025,11,29,2,37,Saturday,02:37,Suspected Serious Injury,Dark-Not Lighted,Clear,Deer,None,SEVIER CO SHERIFFS OFFICE,Other,Unbelted,-,Drinking,-,-,Speeding,-,-,-,-,-,-,-,Sevier,Not in City Limit,7
95660,400405658,0,1,35.88745,-84.24282,1,2025-11-30 20:54:00,2025,11,30,20,54,Sunday,20:54,Suspected Serious Injury,Dark-Not Lighted,Clear,Curb,None,KNOX CO SHERIFFS OFFICE,Other,Unbelted,-,-,-,-,-,-,-,-,-,-,-,-,Knox,Not in City Limit,1
95670,400405707,0,2,35.59998,-84.48922,1,2025-11-30 22:15:00,2025,11,30,22,15,Sunday,22:15,Suspected Serious Injury,Dark-Lighted,Clear,Motor Vehicle-In-Transport On Same Roadway,None,SWEETWATER POLICE DEPT,Other,Unbelted,-,Drinking,-,-,-,-,-,-,-,-,-,-,Monroe,Sweetwater,1
95681,400405788,2,1,35.61258,-89.01168,8,2025-11-20 19:56:00,2025,11,20,19,56,Thursday,19:56,Fatal,Dark-Not Lighted,Rain,Motor Vehicle-In-Transport On Same Roadway,None,THP District 8 - Jackson,THP,Unbelted,-,Drinking,Drug,-,-,-,-,-,-,-,-,-,Madison,Not in City Limit,5
95684,400405830,0,1,35.90745,-84.13966,1,2025-12-01 06:04:00,2025,12,1,6,4,Monday,06:04,Suspected Serious Injury,Dark-Lighted,Clear,Motor Vehicle-In-Transport On Same Roadway,None,KNOXVILLE POLICE DEPT,Other,Unbelted,-,-,-,-,Speeding,-,-,-,-,-,-,-,Knox,Knoxville,2
95704,400406013,0,1,35.82304,-86.88675,3,2025-12-01 14:35:00,2025,12,1,14,35,Monday,14:35,Suspected Serious Injury,Daylight,Cloudy,Motor Vehicle-In-Transport On Same Roadway,None,WILLIAMSON CO SHERIFFS OFFICE,Other,Unbelted,-,-,-,-,-,-,-,-,-,-,-,-,Williamson,Thompson's Station,2
95719,400406098,0,1,36.1797,-86.7984,3,2025-12-01 17:27:00,2025,12,1,17,27,Monday,17:27,Suspected Serious Injury,Dark-Not Lighted,Rain,Pedestrian,None,METROPOLITAN NASHVILLE POLICE DEPT,Other,Unbelted,-,-,-,-,-,-,Pedestrian,-,-,-,-,-,Davidson,Nashville,2
95720,400406101,1,0,35.95733,-83.81896,1,2025-02-11 06:31:00,2025,2,11,6,31,Tuesday,06:31,Fatal,Dark-Unknown Lighting,Clear,Ditch,None,KNOX CO SHERIFFS OFFICE,Other,Unbelted,-,-,-,-,-,-,-,-,-,-,-,-,Knox,Not in City Limit,3
95751,400406237,0,1,35.99444,-83.887,1,2025-12-01 21:17:00,2025,12,1,21,17,Monday,21:17,Suspected Serious Injury,Dark-Lighted,Rain,Pedestrian,None,KNOXVILLE POLICE DEPT,Other,Unbelted,-,-,-,-,-,-,Pedestrian,-,-,-,-,-,Knox,Knoxville,2
95762,400406276,0,4,36.24565,-85.31438,6,2025-11-29 00:39:00,2025,11,29,0,39,Saturday,00:39,Suspected Serious Injury,Dark-Not Lighted,Rain,Embankment Rock/Stone/Concrete,None,OVERTON CO SHERIFFS DEPT,Other,Unbelted,-,Drinking,-,-,-,-,-,-,-,-,-,-,Overton,Not in City Limit,7
95769,400406320,0,1,36.03061,-86.99509,3,2025-12-02 00:00:00,2025,12,2,24,0,Tuesday,24:00,Suspected Serious Injury,Dark-Not Lighted,Rain,Standing Tree,None,METROPOLITAN NASHVILLE POLICE DEPT,Other,Unbelted,-,-,-,-,Speeding,-,-,-,-,-,-,-,Davidson,Nashville,3
95777,400406367,1,1,36.14443,-86.69591,3,2025-11-30 12:08:00,2025,11,30,12,8,Sunday,12:08,Fatal,Daylight,Clear,Motor Vehicle-In-Transport On Same Roadway,None,METROPOLITAN NASHVILLE POLICE DEPT,Other,Unbelted,-,-,-,-,-,-,-,-,-,ATV_Involved,-,-,Davidson,Nashville,1
95783,400406405,0,1,36.12589,-89.25642,8,2025-12-02 06:10:00,2025,12,2,6,10,Tuesday,06:10,Suspected Serious Injury,Dark-Not Lighted,Cloudy,Embankment Earth,None,NEWBERN POLICE DEPT,Other,Unbelted,-,-,-,-,-,-,-,-,-,-,-,-,Dyer,Newbern,3
95791,400406458,0,3,36.37352,-86.70884,3,2025-12-02 07:42:00,2025,12,2,7,42,Tuesday,07:42,Suspected Serious Injury,Daylight,Rain,Motor Vehicle-In-Transport On Same Roadway,None,MILLERSVILLE POLICE DEPT,Other,Unbelted,-,-,-,-,-,-,-,-,-,-,-,-,Sumner,Millersville,3
95800,400406498,1,1,35.96689,-84.17571,1,2025-12-02 12:46:00,2025,12,2,12,46,Tuesday,12:46,Fatal,Daylight,Clear,Motor Vehicle-In-Transport On Same Roadway,None,THP District 1 - Knoxville,THP,Unbelted,-,-,Drug,-,-,-,-,-,-,-,-,-,Knox,Not in City Limit,3
95803,400406512,0,1,36.20321,-83.26727,5,2025-12-02 13:17:00,2025,12,2,13,17,Tuesday,13:17,Suspected Serious Injury,Daylight,Rain,Standing Tree,None,MORRISTOWN POLICE DEPT,Other,Unbelted,-,-,-,-,Speeding,-,-,-,-,-,-,-,Hamblen,Morristown,3
95807,400406546,0,1,36.20135,-82.84396,5,2025-12-02 14:26:00,2025,12,2,14,26,Tuesday,14:26,Suspected Serious Injury,Daylight,Rain,Motor Vehicle-In-Transport On Same Roadway,None,THP District 5 - Fall Branch,THP,Unbelted,-,-,-,-,-,-,-,-,-,-,-,-,Greene,Not in City Limit,3
95813,400406580,1,0,35.88969,-87.34942,7,2025-12-01 16:45:00,2025,12,1,16,45,Monday,16:45,Fatal,Dusk,Rain,Standing Tree,None,THP District 7 - Lawrenceburg,THP,Unbelted,-,-,-,-,-,-,-,-,-,-,-,-,Hickman,Not in City Limit,2
95819,400406604,0,1,36.34594,-83.29773,5,2025-12-02 12:10:00,2025,12,2,12,10,Tuesday,12:10,Suspected Serious Injury,Daylight,Cloudy,Embankment Earth,None,BEAN STATION POLICE DEPT,Other,Unbelted,-,-,-,-,-,-,-,-,-,-,-,-,Grainger,Bean Station,3
95821,400406608,1,1,36.14263,-86.37565,3,2025-12-02 13:02:00,2025,12,2,13,2,Tuesday,13:02,Fatal,Daylight,Cloudy,Motor Vehicle-In-Transport On Same Roadway,None,THP District 3 - Nashville,THP,Unbelted,-,-,-,-,-,-,-,-,-,ATV_Involved,-,-,Wilson,Not in City Limit,3
95835,400406721,0,1,35.35672,-85.31433,2,2025-12-02 17:22:00,2025,12,2,17,22,Tuesday,17:22,Suspected Serious Injury,Dark-Not Lighted,Cloudy,Motor Vehicle-In-Transport On Same Roadway,None,THP District 2 - Chattanooga,THP,Unbelted,-,-,-,-,Speeding,-,-,-,-,-,-,-,Sequatchie,Not in City Limit,3