OBJECTID,MRN,Fatality,Injury,Latitude,Longitude,THP_District,Collision_Date,Collision_Year,Collision_Month,Collision_Day,Collision_Hour,Collision_Min,Collision_DOW,Collision_Time,Crash_Type,Light_Condition,Weather,First_Harmfu_Event,Work_Zone_Type,Agency_Name,THP,Unbelted,Distracted_Driver,Driver_Drinking,Driver_Drugged,Drowsy_Driver,Speeding_Involved,Pedalcyclist,Pedestrian,Other_Nonmotorist,ATV_Involved,LargeTruck_Involved,Motorcycle_Involved,SchoolBus,County,City,DOW_Nmb
95840,400406732,0,1,36.33012,-88.26205,8,2025-12-02 16:48:00,2025,12,2,16,48,Tuesday,16:48,Suspected Serious Injury,Dusk,Cloudy,Motor Vehicle-In-Transport On Same Roadway,None,THP District 8 - Jackson,THP,Unbelted,-,-,-,-,-,-,-,-,-,-,-,-,Henry,Not in City Limit,3
95849,400406785,0,1,35.35672,-85.31433,2,2025-12-02 17:22:00,2025,12,2,17,22,Tuesday,17:22,Suspected Serious Injury,Dark-Not Lighted,Cloudy,Motor Vehicle-In-Transport On Same Roadway,None,THP District 2 - Chattanooga,THP,Unbelted,-,-,-,-,Speeding,-,-,-,-,-,-,-,Sequatchie,Not in City Limit,3
95855,400406847,0,1,36.18786,-83.30657,5,2025-12-03 01:39:00,2025,12,3,1,39,Wednesday,01:39,Suspected Serious Injury,Dark-Lighted,Clear,Embankment Earth,None,MORRISTOWN POLICE DEPT,Other,Unbelted,-,-,-,-,-,-,-,-,-,-,-,-,Hamblen,Morristown,4
95864,400406918,1,0,35.06552,-88.75697,8,2025-12-03 06:30:00,2025,12,3,6,30,Wednesday,06:30,Fatal,Dusk,Clear,Ditch,None,THP District 8 - Jackson,THP,Unbelted,-,-,-,-,-,-,-,-,-,ATV_Involved,-,-,McNairy,Not in City Limit,4
95876,400407002,0,2,35.96892,-88.6725,8,2025-12-03 07:50:00,2025,12,3,7,50,Wednesday,07:50,Suspected Serious Injury,Daylight,Clear,Motor Vehicle-In-Transport On Same Roadway,None,THP District 8 - Jackson,THP,Unbelted,-,-,-,-,-,-,-,-,-,-,-,-,Carroll,Atwood,4
95879,400407035,0,4,35.71134,-88.85728,8,2025-12-03 11:28:00,2025,12,3,11,28,Wednesday,11:28,Suspected Serious Injury,Daylight,Cloudy,Motor Vehicle-In-Transport On Same Roadway,None,JACKSON POLICE DEPT,Other,Unbelted,-,-,Drug,-,-,-,-,-,-,-,-,-,Madison,Jackson,4
95890,400407096,0,1,36.35577,-86.94297,3,2025-12-02 16:05:00,2025,12,2,16,5,Tuesday,16:05,Suspected Serious Injury,Daylight,Clear,Embankment Earth,None,THP District 3 - Nashville,THP,Unbelted,Distracted,-,-,Drowsy,-,-,-,-,-,-,-,-,Cheatham,Not in City Limit,3
95894,400407123,1,0,36.30987,-83.69328,5,2025-12-03 13:55:00,2025,12,3,13,55,Wednesday,13:55,Fatal,Daylight,Clear,Pedestrian,None,UNION CO SHERIFFS DEPT,Other,-,-,-,-,-,-,-,Pedestrian,-,-,ATV_Involved,-,-,Union,Not in City Limit,4
95896,400407149,0,1,36.46828,-86.68312,3,2025-12-03 12:57:00,2025,12,3,12,57,Wednesday,12:57,Suspected Serious Injury,Daylight,Clear,Unknown,None,WHITE HOUSE POLICE DEPT,Other,Unbelted,-,-,-,-,-,-,-,-,-,-,-,-,Robertson,White House,4
95916,400407273,0,2,35.42017,-86.0195,2,2025-12-03 15:43:00,2025,12,3,15,43,Wednesday,15:43,Suspected Serious Injury,Daylight,Clear,Motor Vehicle-In-Transport On Same Roadway,None,THP District 2 - Chattanooga,THP,Unbelted,-,-,-,-,-,-,-,-,-,ATV_Involved,-,-,Coffee,Not in City Limit,4
95919,400407292,0,2,35.56321,-86.54149,7,2025-12-03 17:18:00,2025,12,3,17,18,Wednesday,17:18,Suspected Serious Injury,Dusk,Clear,Motor Vehicle-In-Transport On Same Roadway,None,THP District 7 - Lawrenceburg,THP,Unbelted,-,-,-,-,-,-,-,-,-,-,-,-,Bedford,Not in City Limit,4
95932,400407351,0,2,35.26315,-84.83169,2,2025-12-02 18:20:00,2025,12,2,18,20,Tuesday,18:20,Suspected Serious Injury,Dark-Not Lighted,Clear,Motor Vehicle-In-Transport On Same Roadway,None,THP District 2 - Chattanooga,THP,Unbelted,-,Drinking,-,-,-,-,-,-,-,ATV_Involved,-,-,Bradley,Not in City Limit,3
95937,400407385,0,2,36.0067,-87.31357,3,2025-12-03 00:00:00,2025,12,3,0,0,Wednesday,00:00,Suspected Serious Injury,Dark-Lighted,Clear,Standing Tree,None,THP District 3 - Nashville,THP,Unbelted,-,-,-,-,Speeding,-,-,-,-,-,-,-,Dickson,Not in City Limit,4
95941,400407401,0,1,36.06347,-83.67974,5,2025-12-03 22:09:00,2025,12,3,22,9,Wednesday,22:09,Suspected Serious Injury,Dark-Not Lighted,Clear,Motor Vehicle-In-Transport On Same Roadway,None,THP District 5 - Fall Branch,THP,Unbelted,-,-,Drug,-,-,-,-,-,-,-,-,-,Jefferson,Not in City Limit,4
95946,400407431,0,3,35.34286,-85.40989,2,2025-12-04 04:20:00,2025,12,4,4,20,Thursday,04:20,Suspected Serious Injury,Dark-Lighted,Clear,Ditch,None,DUNLAP POLICE DEPT,Other,Unbelted,-,-,-,-,-,-,-,-,-,-,-,-,Sequatchie,Dunlap,5
95972,400407630,0,1,36.31431,-84.20438,1,2025-12-04 13:13:00,2025,12,4,13,13,Thursday,13:13,Suspected Serious Injury,Daylight,Cloudy,Motor Vehicle-In-Transport On Same Roadway,None,CARYVILLE POLICE DEPT,Other,Unbelted,-,-,-,-,-,-,-,-,-,-,-,-,Campbell,Caryville,5
95991,400407751,0,1,35.9539,-86.7211,3,2025-12-04 15:45:00,2025,12,4,15,45,Thursday,15:45,Suspected Serious Injury,Dusk,Cloudy,Motor Vehicle-In-Transport On Same Roadway,None,WILLIAMSON CO SHERIFFS OFFICE,Other,Unbelted,-,-,-,-,Speeding,-,-,-,-,-,-,-,Williamson,Not in City Limit,5
95995,400407777,0,1,35.80618,-86.15078,6,2025-12-04 15:22:00,2025,12,4,15,22,Thursday,15:22,Suspected Serious Injury,Daylight,Cloudy,Motor Vehicle-In-Transport On Same Roadway,None,THP District 6 - Cookeville,THP,Unbelted,-,-,-,-,-,-,-,-,-,ATV_Involved,-,-,Cannon,Not in City Limit,5
96010,400407867,0,3,35.67606,-86.9996,7,2025-12-04 18:05:00,2025,12,4,18,5,Thursday,18:05,Suspected Serious Injury,Dark-Not Lighted,Rain,Motor Vehicle-In-Transport On Same Roadway,None,COLUMBIA POLICE DEPT,Other,Unbelted,-,-,-,-,-,-,-,-,-,-,-,-,Maury,Columbia,5
96025,400407979,0,1,36.60323,-86.64108,3,2025-12-04 17:26:00,2025,12,4,17,26,Thursday,17:26,Suspected Serious Injury,Dark-Not Lighted,Snow,Motor Vehicle-In-Transport On Same Roadway,None,THP District 3 - Nashville,THP,Unbelted,-,-,-,-,-,-,-,-,-,-,-,-,Robertson,Orlinda,5
96037,400408075,0,1,35.93428,-84.09497,1,2025-12-05 03:48:00,2025,12,5,3,48,Friday,03:48,Suspected Serious Injury,Dark-Lighted,Rain,Pedestrian,None,KNOX CO SHERIFFS OFFICE,Other,Unbelted,-,-,-,-,-,-,Pedestrian,-,-,-,-,-,Knox,Not in City Limit,6
96048,400408147,1,2,35.86968,-84.28873,1,2025-12-01 18:38:00,2025,12,1,18,38,Monday,18:38,Fatal,Dark-Not Lighted,Clear,Motor Vehicle-In-Transport On Same Roadway,None,THP District 1 - Knoxville,THP,Unbelted,-,-,-,-,-,-,-,-,-,ATV_Involved,Motorcyclist,-,Loudon,Not in City Limit,2
96072,400408270,0,1,36.47446,-87.34066,3,2025-11-29 04:49:00,2025,11,29,4,49,Saturday,04:49,Suspected Serious Injury,Dark-Not Lighted,Clear,Ditch,None,THP District 3 - Nashville,THP,Unbelted,-,-,-,-,-,-,-,-,-,-,-,-,Montgomery,Not in City Limit,7
96092,400408421,0,2,36.16926,-83.2209,5,2025-12-05 16:44:00,2025,12,5,16,44,Friday,16:44,Suspected Serious Injury,Daylight,Cloudy,Motor Vehicle-In-Transport On Same Roadway,None,MORRISTOWN POLICE DEPT,Other,Unbelted,-,-,-,-,-,-,-,-,-,-,-,-,Hamblen,Morristown,6
96096,400408443,0,2,35.82011,-84.2887,1,2025-11-28 17:58:00,2025,11,28,17,58,Friday,17:58,Suspected Serious Injury,Dark-Not Lighted,Clear,Motor Vehicle-In-Transport On Same Roadway,None,THP District 1 - Knoxville,THP,Unbelted,-,-,Drug,-,-,-,-,-,-,-,Motorcyclist,-,Loudon,Lenoir City,6
96099,400408468,0,1,35.256,-89.93,4,2025-12-03 04:02:00,2025,12,3,4,2,Wednesday,04:02,Suspected Serious Injury,Dark-Not Lighted,Clear,Motor Vehicle-In-Transport On Same Roadway,None,THP District 4 - Memphis,THP,Unbelted,-,-,-,-,-,-,-,-,-,-,-,-,Shelby,Memphis,4
96104,400408497,0,2,35.92136,-84.06497,1,2025-12-01 22:41:00,2025,12,1,22,41,Monday,22:41,Suspected Serious Injury,Dark-Lighted,Rain,Motor Vehicle-In-Transport On Same Roadway,None,KNOXVILLE POLICE DEPT,Other,Unbelted,-,Drinking,-,-,-,-,-,-,-,-,-,-,Knox,Knoxville,2
96117,400408569,1,4,36.17626,-82.77089,5,2025-12-05 18:08:00,2025,12,5,18,8,Friday,18:08,Fatal,Dark-Not Lighted,Rain,Standing Tree,None,THP District 5 - Fall Branch,THP,Unbelted,-,-,-,-,-,-,-,-,-,-,-,-,Greene,Greeneville,6
96137,400408708,0,7,35.92643,-86.82444,3,2025-12-05 21:08:00,2025,12,5,21,8,Friday,21:08,Suspected Serious Injury,Dark-Lighted,Cloudy,Motor Vehicle-In-Transport On Same Roadway,None,FRANKLIN POLICE DEPT,Other,Unbelted,-,-,-,-,-,-,-,-,-,-,-,-,Williamson,Franklin,6
96160,400408823,0,1,35.75598,-83.93172,1,2025-12-05 18:13:00,2025,12,5,18,13,Friday,18:13,Suspected Serious Injury,Dark-Not Lighted,Clear,Pedestrian,None,MARYVILLE POLICE DEPT,Other,Unbelted,-,-,-,-,-,-,Pedestrian,-,-,-,-,-,Blount,Maryville,6
96162,400408828,0,1,35.89797,-84.17632,1,2025-12-06 12:38:00,2025,12,6,12,38,Saturday,12:38,Suspected Serious Injury,Daylight,Clear,Motor Vehicle-In-Transport On Same Roadway,None,KNOX CO SHERIFFS OFFICE,Other,Unbelted,Distracted,-,-,-,Speeding,-,-,-,-,-,-,-,Knox,Farragut,7
96168,400408851,0,1,36.24546,-88.71008,8,2025-12-06 08:05:00,2025,12,6,8,5,Saturday,08:05,Suspected Serious Injury,Daylight,Cloudy,Bridge Rail,None,THP District 8 - Jackson,THP,Unbelted,-,-,-,-,-,-,-,-,-,-,-,-,Weakley,Not in City Limit,7
96184,400408939,0,3,35.96633,-86.56566,3,2025-12-06 03:50:00,2025,12,6,3,50,Saturday,03:50,Suspected Serious Injury,Dark-Lighted,Clear,Wall,None,THP District 3 - Nashville,THP,Unbelted,-,Drinking,Drug,-,-,-,-,-,-,ATV_Involved,-,-,Rutherford,Not in City Limit,7
96188,400408958,0,1,36.00451,-83.09044,5,2025-12-06 14:29:00,2025,12,6,14,29,Saturday,14:29,Suspected Serious Injury,Daylight,Clear,Motor Vehicle-In-Transport On Same Roadway,None,THP District 5 - Fall Branch,THP,Unbelted,-,-,-,-,-,-,-,-,-,-,-,-,Cocke,Parrottsville,7
96192,400408969,0,2,35.99756,-87.46209,3,2025-12-06 17:33:00,2025,12,6,17,33,Saturday,17:33,Suspected Serious Injury,Dark-Not Lighted,Clear,Guard Rail End,None,THP District 3 - Nashville,THP,Unbelted,Distracted,-,-,-,-,-,-,-,-,-,-,-,Dickson,Not in City Limit,7
96199,400409057,0,1,35.12842,-89.87201,4,2025-12-06 22:09:00,2025,12,6,22,9,Saturday,22:09,Suspected Serious Injury,Dark-Lighted,Clear,Standing Tree,None,THP District 4 - Memphis,THP,Unbelted,-,Drinking,Drug,-,-,-,-,-,-,-,-,-,Shelby,Memphis,7
96205,400409090,0,1,36.28605,-87.58624,3,2025-12-06 23:13:00,2025,12,6,23,13,Saturday,23:13,Suspected Serious Injury,Dark-Not Lighted,Fog,Ditch,None,THP District 3 - Nashville,THP,Unbelted,-,-,-,-,-,-,-,-,-,-,-,-,Houston,Not in City Limit,7
96211,400409124,0,2,36.15447,-86.77038,3,2025-12-07 01:00:00,2025,12,7,1,0,Sunday,01:00,Suspected Serious Injury,Dark-Lighted,Clear,Motor Vehicle-In-Transport On Same Roadway,None,METROPOLITAN NASHVILLE POLICE DEPT,Other,Unbelted,-,-,-,-,-,-,-,-,-,-,-,-,Davidson,Nashville,1
96220,400409166,1,0,36.17435,-86.80019,3,2025-12-07 01:44:00,2025,12,7,1,44,Sunday,01:44,Fatal,Dark-Not Lighted,Fog,Utility Pole,None,METROPOLITAN NASHVILLE POLICE DEPT,Other,Unbelted,-,Drinking,Drug,-,-,-,-,-,-,-,-,-,Davidson,Nashville,1
96225,400409258,0,1,36.45961,-86.95293,3,2025-12-02 08:44:00,2025,12,2,8,44,Tuesday,08:44,Suspected Serious Injury,Daylight,Cloudy,Motor Vehicle-In-Transport On Same Roadway,None,COOPERTOWN POLICE DEPT,Other,Unbelted,-,-,-,-,-,-,-,-,-,-,-,-,Robertson,Coopertown,3
96226,400409264,0,6,35.67429,-88.78109,8,2025-12-07 08:15:00,2025,12,7,8,15,Sunday,08:15,Suspected Serious Injury,Daylight,Cloudy,Motor Vehicle-In-Transport On Same Roadway,None,JACKSON POLICE DEPT,Other,Unbelted,-,-,-,-,-,-,-,-,-,-,-,-,Madison,Jackson,1
96247,400409395,0,2,36.38345,-86.47182,3,2025-12-06 19:27:00,2025,12,6,19,27,Saturday,19:27,Suspected Serious Injury,Dark-Not Lighted,Clear,Motor Vehicle-In-Transport On Same Roadway,None,GALLATIN POLICE DEPT,Other,Unbelted,-,-,-,-,-,-,-,-,-,-,-,-,Sumner,Gallatin,7
96266,400409477,1,2,35.11971,-85.7611,2,2025-12-07 16:09:00,2025,12,7,16,9,Sunday,16:09,Fatal,Daylight,Clear,Motor Vehicle-In-Transport On Same Roadway,None,THP District 2 - Chattanooga,THP,Unbelted,-,-,-,-,-,-,-,-,-,-,-,-,Marion,Not in City Limit,1
96268,400409494,1,0,36.20944,-86.77815,3,2025-12-07 18:10:00,2025,12,7,18,10,Sunday,18:10,Fatal,Dark-Lighted,Clear,Pedestrian,None,METROPOLITAN NASHVILLE POLICE DEPT,Other,Unbelted,-,-,-,-,-,-,Pedestrian,-,-,-,-,-,Davidson,Nashville,1
96274,400409526,1,1,36.06979,-83.49969,5,2025-12-07 16:27:00,2025,12,7,16,27,Sunday,16:27,Fatal,Daylight,Clear,Motor Vehicle-In-Transport On Same Roadway,None,THP District 5 - Fall Branch,THP,Unbelted,-,-,-,-,-,-,-,-,-,-,Motorcyclist,-,Jefferson,Not in City Limit,1
96285,400409599,0,1,35.91785,-88.77226,8,2025-12-07 00:10:00,2025,12,7,0,10,Sunday,00:10,Suspected Serious Injury,Dark-Lighted,Cloudy,Fence,None,THP District 8 - Jackson,THP,Unbelted,-,-,Drug,-,-,-,-,-,-,-,-,-,Gibson,Milan,1
96297,400409690,0,1,35.75522,-84.0778,1,2025-12-08 07:53:00,2025,12,8,7,53,Monday,07:53,Suspected Serious Injury,Daylight,Rain,Motor Vehicle-In-Transport On Same Roadway,None,MARYVILLE POLICE DEPT,Other,Unbelted,-,-,-,-,-,-,-,-,-,-,-,-,Blount,Maryville,2
96312,400409761,0,5,35.99535,-83.29043,5,2025-12-08 06:24:00,2025,12,8,6,24,Monday,06:24,Suspected Serious Injury,Dark-Not Lighted,Rain,Motor Vehicle-In-Transport On Same Roadway,None,THP District 5 - Fall Branch,THP,Unbelted,-,-,-,-,-,-,-,-,-,ATV_Involved,-,-,Jefferson,Not in City Limit,2
96314,400409767,0,2,36.08079,-87.10879,3,2025-12-08 11:50:00,2025,12,8,11,50,Monday,11:50,Suspected Serious Injury,Daylight,Cloudy,Motor Vehicle-In-Transport On Same Roadway,None,THP District 3 - Nashville,THP,Unbelted,-,-,-,-,-,-,-,-,-,-,-,-,Cheatham,Kingston Springs,2
96317,400409807,0,1,35.75575,-83.93727,1,2025-11-14 18:06:00,2025,11,14,18,6,Friday,18:06,Suspected Serious Injury,Dark-Lighted,Clear,Motor Vehicle-In-Transport On Same Roadway,None,THP District 1 - Knoxville,THP,Unbelted,-,-,-,-,-,-,-,-,-,-,Motorcyclist,-,Blount,Maryville,6
96324,400409855,1,0,35.93797,-83.90816,1,2025-12-04 22:39:00,2025,12,4,22,39,Thursday,22:39,Fatal,Dark-Lighted,Rain,Pedestrian,None,KNOXVILLE POLICE DEPT,Other,Unbelted,-,-,-,-,-,-,Pedestrian,-,-,-,-,-,Knox,Knoxville,5
96325,400409873,0,1,36.40065,-83.01588,5,2025-12-08 10:30:00,2025,12,8,10,30,Monday,10:30,Suspected Serious Injury,Daylight,Rain,Fence,None,ROGERSVILLE POLICE DEPT,Other,Unbelted,-,-,-,-,-,-,-,-,-,-,-,-,Hawkins,Rogersville,2
96328,400409892,0,2,35.93556,-83.34721,5,2025-12-08 14:49:00,2025,12,8,14,49,Monday,14:49,Suspected Serious Injury,Daylight,Cloudy,Motor Vehicle-In-Transport On Same Roadway,None,THP District 5 - Fall Branch,THP,Unbelted,-,-,Drug,-,-,-,-,-,-,-,-,-,Jefferson,Not in City Limit,2
96329,400409906,0,1,36.18205,-84.98239,6,2025-12-08 15:44:00,2025,12,8,15,44,Monday,15:44,Suspected Serious Injury,Dusk,Cloudy,Pedestrian,Construction Zone,THP District 6 - Cookeville,THP,Unbelted,-,-,-,-,-,-,Pedestrian,-,-,-,-,-,Fentress,Not in City Limit,2
96340,400409972,1,0,35.72813,-83.46922,1,2025-12-08 00:00:00,2025,12,8,24,0,Monday,24:00,Fatal,Unknown,Unknown,Standing Tree,None,THP District 1 - Knoxville,THP,-,-,Drinking,Drug,-,-,-,-,-,-,-,Motorcyclist,-,Sevier,Gatlinburg,2
96344,400410004,0,2,35.93149,-83.03816,5,2025-12-08 15:23:00,2025,12,8,15,23,Monday,15:23,Suspected Serious Injury,Daylight,Rain,Motor Vehicle-In-Transport On Same Roadway,None,THP District 5 - Fall Branch,THP,Unbelted,-,Drinking,-,-,-,-,-,-,-,ATV_Involved,-,-,Cocke,Not in City Limit,2
96351,400410051,0,1,36.49499,-87.17324,3,2025-12-08 16:29:00,2025,12,8,16,29,Monday,16:29,Suspected Serious Injury,Daylight,Clear,"Over Turn, Roll Over",None,THP District 3 - Nashville,THP,Unbelted,-,-,-,-,-,-,-,-,-,ATV_Involved,-,-,Montgomery,Not in City Limit,2
96358,400410113,2,2,36.08175,-83.92731,1,2025-12-04 23:18:00,2025,12,4,23,18,Thursday,23:18,Fatal,Dark-Lighted,Rain,Motor Vehicle-In-Transport On Same Roadway,None,THP District 1 - Knoxville,THP,Unbelted,-,Drinking,-,-,-,-,-,-,-,-,-,-,Knox,Not in City Limit,5
96371,400410176,0,2,35.17657,-85.17152,2,2025-12-09 08:24:00,2025,12,9,8,24,Tuesday,08:24,Suspected Serious Injury,Daylight,Clear,Motor Vehicle-In-Transport On Same Roadway,None,HAMILTON COUNTY SHERIFF'S OFFICE,Other,Unbelted,Distracted,-,-,-,-,-,-,-,-,-,-,-,Hamilton,Not in City Limit,3
96386,400410241,0,2,35.26907,-87.321,7,2025-12-08 05:13:00,2025,12,8,5,13,Monday,05:13,Suspected Serious Injury,Dark-Lighted,Rain,Motor Vehicle-In-Transport On Same Roadway,None,LAWRENCEBURG POLICE DEPT,Other,Unbelted,-,-,-,-,-,-,-,-,-,-,-,-,Lawrence,Lawrenceburg,2
96391,400410262,0,2,35.20304,-85.16059,2,2025-11-25 14:12:00,2025,11,25,14,12,Tuesday,14:12,Suspected Serious Injury,Daylight,Rain,Motor Vehicle-In-Transport On Same Roadway,None,HAMILTON COUNTY SHERIFF'S OFFICE,Other,Unbelted,-,-,-,-,-,-,-,-,-,ATV_Involved,-,-,Hamilton,Lakesite,3
96394,400410279,1,0,36.15709,-86.76036,3,2025-12-08 23:58:00,2025,12,8,23,58,Monday,23:58,Fatal,Dark-Lighted,Clear,Cargo Equip Loss/Shift,Construction Zone,METROPOLITAN NASHVILLE POLICE DEPT,Other,Unbelted,-,-,-,-,-,-,-,-,-,ATV_Involved,-,-,Davidson,Nashville,2
96396,400410292,1,5,36.55183,-87.4506,3,2025-12-05 17:11:00,2025,12,5,17,11,Friday,17:11,Fatal,Dark-Lighted,Cloudy,Motor Vehicle-In-Transport On Same Roadway,None,THP District 3 - Nashville,THP,Unbelted,-,-,Drug,-,-,-,-,-,-,-,-,-,Montgomery,Not in City Limit,6
96404,400410346,1,1,35.77622,-85.61293,6,2025-12-09 10:31:00,2025,12,9,10,31,Tuesday,10:31,Fatal,Daylight,Clear,Motor Vehicle-In-Transport On Same Roadway,None,THP District 6 - Cookeville,THP,Unbelted,-,-,-,-,-,-,-,-,-,-,-,-,Warren,Not in City Limit,3
96412,400410399,0,1,36.33745,-86.60273,3,2025-12-09 13:03:00,2025,12,9,13,3,Tuesday,13:03,Suspected Serious Injury,Daylight,Clear,Ditch,None,HENDERSONVILLE POLICE DEPT,Other,Unbelted,-,-,-,-,Speeding,-,-,-,-,-,-,-,Sumner,Hendersonville,3
96416,400410413,0,1,36.35087,-84.15639,1,2025-12-09 12:01:00,2025,12,9,12,1,Tuesday,12:01,Suspected Serious Injury,Daylight,Clear,Motor Vehicle-In-Transport On Same Roadway,None,LAFOLLETTE POLICE DEPT,Other,Unbelted,-,-,-,-,-,-,-,-,-,-,-,-,Campbell,LaFollette,3
96420,400410459,1,0,36.06962,-86.68677,3,2025-12-07 18:37:00,2025,12,7,18,37,Sunday,18:37,Fatal,Dark-Lighted,Clear,Pedestrian,None,METROPOLITAN NASHVILLE POLICE DEPT,Other,Unbelted,-,-,-,-,-,-,Pedestrian,-,-,-,-,-,Davidson,Nashville,1
96428,400410521,0,1,35.0639,-89.7507,4,2025-12-09 13:30:00,2025,12,9,13,30,Tuesday,13:30,Suspected Serious Injury,Daylight,Clear,Motor Vehicle-In-Transport On Same Roadway,None,GERMANTOWN POLICE DEPT,Other,Unbelted,-,-,-,-,Speeding,-,-,-,-,-,-,-,Shelby,Germantown,3
96431,400410539,1,0,35.16499,-88.56354,8,2025-12-09 00:00:00,2025,12,9,24,0,Tuesday,24:00,Fatal,Daylight,Clear,Curb,None,SELMER POLICE DEPT,Other,Unbelted,-,-,-,-,-,-,-,-,-,-,-,-,McNairy,Selmer,3
96458,400410699,0,1,35.87937,-83.57244,1,2025-12-09 19:59:00,2025,12,9,19,59,Tuesday,19:59,Suspected Serious Injury,Dark-Lighted,Clear,Motor Vehicle-In-Transport On Same Roadway,None,SEVIERVILLE POLICE DEPT,Other,Unbelted,-,-,-,-,-,-,-,-,-,-,-,-,Sevier,Sevierville,3
96465,400410751,0,1,35.56531,-87.17237,7,2025-12-09 00:00:00,2025,12,9,24,0,Tuesday,24:00,Suspected Serious Injury,Dark-Not Lighted,Clear,Guard Rail End,None,MOUNT PLEASANT POLICE DEPT,Other,Unbelted,-,-,-,-,-,-,-,-,-,-,-,-,Maury,Mount Pleasant,3
96476,400410800,0,1,36.09884,-83.30287,5,2025-12-10 05:24:00,2025,12,10,5,24,Wednesday,05:24,Suspected Serious Injury,Dark-Not Lighted,Clear,Motor Vehicle-In-Transport On Same Roadway,None,WHITE PINE POLICE DEPT,Other,Unbelted,-,-,-,-,-,-,-,-,-,-,-,-,Jefferson,White Pine,4
96477,400410804,1,3,36.15319,-84.8208,1,2025-12-07 12:00:00,2025,12,7,12,0,Sunday,12:00,Fatal,Daylight,Clear,Motor Vehicle-In-Transport On Same Roadway,None,THP District 1 - Knoxville,THP,Unbelted,-,-,Drug,-,-,-,-,-,-,-,-,-,Morgan,Not in City Limit,1
96492,400410922,1,2,36.12898,-85.67008,6,2025-12-09 05:40:00,2025,12,9,5,40,Tuesday,05:40,Fatal,Dark-Not Lighted,Cloudy,Motor Vehicle-In-Transport On Same Roadway,None,THP District 6 - Cookeville,THP,Unbelted,Distracted,-,Drug,-,-,-,-,-,-,ATV_Involved,-,-,Putnam,Not in City Limit,3
96496,400410972,0,4,36.17194,-86.86931,3,2025-12-10 00:00:00,2025,12,10,24,0,Wednesday,24:00,Suspected Serious Injury,Daylight,Clear,Motor Vehicle-In-Transport On Same Roadway,None,THP District 3 - Nashville,THP,Unbelted,-,-,-,-,-,-,-,-,-,ATV_Involved,-,-,Davidson,Nashville,4
96502,400411005,0,1,35.87191,-86.78827,3,2025-12-10 13:23:00,2025,12,10,13,23,Wednesday,13:23,Suspected Serious Injury,Daylight,Clear,Standing Tree,None,WILLIAMSON CO SHERIFFS OFFICE,Other,Unbelted,-,-,-,-,-,-,-,-,-,-,-,-,Williamson,Not in City Limit,4
96506,400411038,1,0,36.32303,-86.70749,3,2025-12-10 14:54:00,2025,12,10,14,54,Wednesday,14:54,Fatal,Daylight,Cloudy,Motor Vehicle-In-Transport On Same Roadway,None,GOODLETTSVILLE POLICE DEPT,Other,Unbelted,-,Drinking,-,-,-,-,-,-,-,-,-,-,Davidson,Goodlettsville,4
96528,400411136,0,1,35.36285,-86.25201,2,2025-11-27 02:57:00,2025,11,27,2,57,Thursday,02:57,Suspected Serious Injury,Dark-Not Lighted,Clear,Mail Box,None,TULLAHOMA POLICE DEPT,Other,Unbelted,-,Drinking,Drug,Drowsy,-,-,-,-,-,-,-,-,Coffee,Tullahoma,5
96554,400411251,0,1,36.00162,-84.24332,1,2025-12-10 21:47:00,2025,12,10,21,47,Wednesday,21:47,Suspected Serious Injury,Dark-Lighted,Clear,Motor Vehicle-In-Transport On Same Roadway,None,OAK RIDGE POLICE DEPT,Other,Unbelted,-,-,-,-,-,-,-,-,-,-,-,-,Anderson,Oak Ridge,4
96565,400411315,1,0,35.8877,-86.37235,3,2025-12-11 02:08:00,2025,12,11,2,8,Thursday,02:08,Fatal,Dark-Lighted,Clear,Curb,None,MURFREESBORO POLICE DEPT,Other,Unbelted,-,-,-,-,-,-,-,-,-,-,-,-,Rutherford,Murfreesboro,5
96610,400411612,1,1,35.99031,-86.68267,3,2025-12-10 23:12:00,2025,12,10,23,12,Wednesday,23:12,Fatal,Dark-Not Lighted,Clear,Pedal-Cycle,None,METROPOLITAN NASHVILLE POLICE DEPT,Other,Unbelted,-,-,-,-,Speeding,Pedalcyclist,-,-,-,-,-,-,Davidson,Nashville,4
96615,400411650,0,1,35.79397,-88.39868,8,2025-12-10 13:08:00,2025,12,10,13,8,Wednesday,13:08,Suspected Serious Injury,Daylight,Clear,Motor Vehicle-In-Transport On Same Roadway,None,THP District 8 - Jackson,THP,Unbelted,-,-,-,-,-,-,-,-,-,-,-,-,Henderson,Not in City Limit,4
96618,400411690,1,1,35.9889,-83.88081,1,2025-12-11 11:23:00,2025,12,11,11,23,Thursday,11:23,Fatal,Daylight,Clear,Motor Vehicle-In-Transport On Same Roadway,None,KNOXVILLE POLICE DEPT,Other,Unbelted,-,-,-,-,-,-,-,-,-,-,-,-,Knox,Knoxville,5
96622,400411716,1,1,35.08992,-87.42596,7,2025-12-09 23:58:00,2025,12,9,23,58,Tuesday,23:58,Fatal,Dark-Lighted,Clear,Motor Vehicle-In-Transport On Same Roadway,None,THP District 7 - Lawrenceburg,THP,Unbelted,-,-,Drug,-,-,-,-,-,-,-,-,-,Lawrence,Loretto,3