OBJECTID,MRN,Fatality,Injury,Latitude,Longitude,THP_District,Collision_Date,Collision_Year,Collision_Month,Collision_Day,Collision_Hour,Collision_Min,Collision_DOW,Collision_Time,Crash_Type,Light_Condition,Weather,First_Harmfu_Event,Work_Zone_Type,Agency_Name,THP,Unbelted,Distracted_Driver,Driver_Drinking,Driver_Drugged,Drowsy_Driver,Speeding_Involved,Pedalcyclist,Pedestrian,Other_Nonmotorist,ATV_Involved,LargeTruck_Involved,Motorcycle_Involved,SchoolBus,County,City,DOW_Nmb
96625,400411731,1,0,35.92964,-86.43556,3,2025-12-10 19:13:00,2025,12,10,19,13,Wednesday,19:13,Fatal,Dark-Not Lighted,Clear,Parked Motor Vehicle,None,THP District 3 - Nashville,THP,Unbelted,-,-,Drug,-,-,-,Pedestrian,-,-,-,-,-,Rutherford,Not in City Limit,4
96644,400411824,1,0,36.02443,-82.56692,5,2025-12-11 17:35:00,2025,12,11,17,35,Thursday,17:35,Fatal,Dark-Not Lighted,Sleet/Hail,Embankment Earth,None,THP District 5 - Fall Branch,THP,Unbelted,-,-,-,-,-,-,-,-,-,-,-,-,Unicoi,Not in City Limit,5
96645,400411830,0,1,35.59766,-89.05466,8,2025-12-11 18:20:00,2025,12,11,18,20,Thursday,18:20,Suspected Serious Injury,Dark-Not Lighted,Clear,Motor Vehicle-In-Transport On Same Roadway,None,THP District 8 - Jackson,THP,Unbelted,-,Drinking,Drug,-,-,-,-,-,-,-,-,-,Madison,Not in City Limit,5
96648,400411851,1,0,35.1616,-87.694,7,2025-12-11 18:40:00,2025,12,11,18,40,Thursday,18:40,Fatal,Dark-Not Lighted,Clear,Highway Traffic Sign Post,None,THP District 7 - Lawrenceburg,THP,Unbelted,-,-,-,-,-,-,-,-,-,-,-,-,Wayne,Not in City Limit,5
96653,400411896,0,2,36.46601,-87.57821,3,2025-12-07 04:21:00,2025,12,7,4,21,Sunday,04:21,Suspected Serious Injury,Dark-Not Lighted,Clear,Standing Tree,None,THP District 3 - Nashville,THP,Unbelted,-,Drinking,Drug,-,-,-,-,-,-,-,-,-,Montgomery,Not in City Limit,1
96659,400411916,0,1,36.35866,-82.69938,5,2025-12-11 20:26:00,2025,12,11,20,26,Thursday,20:26,Suspected Serious Injury,Dark-Not Lighted,Cloudy,Motor Vehicle-In-Transport On Same Roadway,None,THP District 5 - Fall Branch,THP,Unbelted,-,-,-,-,-,-,-,-,-,ATV_Involved,-,-,Greene,Not in City Limit,5
96665,400411929,0,1,35.7931,-86.75377,3,2025-12-11 23:25:00,2025,12,11,23,25,Thursday,23:25,Suspected Serious Injury,Dark-Not Lighted,Clear,Fence,None,THP District 3 - Nashville,THP,-,-,-,-,-,-,-,-,-,-,-,Motorcyclist,-,Williamson,Not in City Limit,5
96666,400411931,0,1,36.08592,-87.38091,3,2025-12-11 05:50:00,2025,12,11,5,50,Thursday,05:50,Suspected Serious Injury,Dark-Lighted,Clear,Utility Pole,None,DICKSON POLICE DEPT,Other,Unbelted,-,-,-,-,-,-,-,-,-,-,-,-,Dickson,Dickson,5
96673,400411960,0,1,35.05871,-89.93169,4,2025-12-01 01:28:00,2025,12,1,1,28,Monday,01:28,Suspected Serious Injury,Dark-Not Lighted,Clear,Motor Vehicle-In-Transport On Same Roadway,None,THP District 4 - Memphis,THP,Unbelted,-,-,-,-,Speeding,-,-,-,-,-,-,-,Shelby,Memphis,2
96675,400411967,1,0,35.75924,-84.21297,1,2025-12-09 15:45:00,2025,12,9,15,45,Tuesday,15:45,Fatal,Daylight,Clear,Standing Tree,None,THP District 1 - Knoxville,THP,Unbelted,-,Drinking,Drug,-,Speeding,-,-,-,-,-,-,-,Loudon,Not in City Limit,3
96685,400412033,0,2,35.547,-87.23843,7,2025-12-12 07:22:00,2025,12,12,7,22,Friday,07:22,Suspected Serious Injury,Daylight,Cloudy,Ditch,None,THP District 7 - Lawrenceburg,THP,Unbelted,-,-,-,Drowsy,-,-,-,-,-,-,-,-,Maury,Not in City Limit,6
96699,400412216,0,1,36.30331,-86.64323,3,2025-12-12 12:11:00,2025,12,12,12,11,Friday,12:11,Suspected Serious Injury,Daylight,Clear,Pedal-Cycle,None,HENDERSONVILLE POLICE DEPT,Other,Unbelted,-,-,-,-,-,Pedalcyclist,-,-,-,-,-,-,Sumner,Hendersonville,6
96708,400412278,0,1,36.40126,-84.91536,6,2025-12-11 15:51:00,2025,12,11,15,51,Thursday,15:51,Suspected Serious Injury,Daylight,Clear,"Over Turn, Roll Over",None,THP District 6 - Cookeville,THP,Unbelted,-,-,-,-,Speeding,-,-,-,-,-,-,-,Fentress,Not in City Limit,5
96720,400412371,1,1,35.74041,-88.45528,8,2025-12-11 17:34:00,2025,12,11,17,34,Thursday,17:34,Fatal,Dark-Not Lighted,Clear,Motor Vehicle-In-Transport On Same Roadway,None,THP District 8 - Jackson,THP,Unbelted,-,-,-,-,-,-,-,-,-,-,-,-,Henderson,Not in City Limit,5
96726,400412393,0,1,36.1894,-88.58073,8,2025-12-12 16:55:00,2025,12,12,16,55,Friday,16:55,Suspected Serious Injury,Dusk,Clear,Ditch,None,THP District 8 - Jackson,THP,Unbelted,-,-,-,-,-,-,-,-,-,-,-,-,Weakley,Not in City Limit,6
96741,400412471,0,1,36.08951,-88.11024,8,2025-12-12 15:19:00,2025,12,12,15,19,Friday,15:19,Suspected Serious Injury,Daylight,Clear,Motor Vehicle-In-Transport On Same Roadway,None,THP District 8 - Jackson,THP,Unbelted,-,-,-,-,-,-,-,-,-,-,-,-,Benton,Not in City Limit,6
96749,400412518,1,4,36.17682,-86.4674,3,2025-12-11 00:07:00,2025,12,11,0,7,Thursday,00:07,Fatal,Dark-Not Lighted,Clear,Motor Vehicle-In-Transport On Same Roadway,None,THP District 3 - Nashville,THP,Unbelted,-,Drinking,Drug,-,-,-,-,-,-,ATV_Involved,-,-,Wilson,Mount Juliet,5
96763,400412597,0,2,35.8182,-86.35677,3,2025-12-12 17:48:00,2025,12,12,17,48,Friday,17:48,Suspected Serious Injury,Dark-Lighted,Clear,Motor Vehicle-In-Transport On Same Roadway,None,MURFREESBORO POLICE DEPT,Other,Unbelted,-,Drinking,Drug,-,-,-,-,-,-,-,-,-,Rutherford,Murfreesboro,6
96775,400412722,0,1,35.89528,-84.17452,1,2025-12-13 06:50:00,2025,12,13,6,50,Saturday,06:50,Suspected Serious Injury,Dark-Not Lighted,Clear,Motor Vehicle-In-Transport On Same Roadway,None,KNOX CO SHERIFFS OFFICE,Other,Unbelted,-,-,-,-,Speeding,-,-,-,-,-,-,-,Knox,Farragut,7
96776,400412723,0,3,35.4692,-86.79285,7,2025-12-13 08:35:00,2025,12,13,8,35,Saturday,08:35,Suspected Serious Injury,Daylight,Clear,Motor Vehicle-In-Transport On Same Roadway,None,LEWISBURG POLICE DEPT,Other,Unbelted,-,-,-,-,-,-,-,-,-,-,-,-,Marshall,Lewisburg,7
96794,400412815,0,1,34.99606,-85.00553,2,2025-12-13 12:53:00,2025,12,13,12,53,Saturday,12:53,Suspected Serious Injury,Daylight,Clear,Motor Vehicle-In-Transport On Same Roadway,None,HAMILTON COUNTY SHERIFF'S OFFICE,Other,-,-,-,-,-,-,-,-,-,-,-,Motorcyclist,-,Hamilton,Not in City Limit,7
96804,400412861,0,2,35.56322,-86.44636,7,2025-12-13 13:05:00,2025,12,13,13,5,Saturday,13:05,Suspected Serious Injury,Daylight,Clear,Motor Vehicle-In-Transport On Same Roadway,None,SHELBYVILLE POLICE DEPT,Other,Unbelted,-,-,-,-,-,-,-,-,-,-,-,-,Bedford,Shelbyville,7
96827,400413003,0,1,35.79486,-83.42281,1,2025-12-13 19:11:00,2025,12,13,19,11,Saturday,19:11,Suspected Serious Injury,Dark-Not Lighted,Clear,Shrubbery,None,THP District 1 - Knoxville,THP,Unbelted,-,-,-,-,-,-,-,-,-,-,-,-,Sevier,Not in City Limit,7
96832,400413016,0,1,36.31335,-88.26319,8,2025-12-11 10:27:00,2025,12,11,10,27,Thursday,10:27,Suspected Serious Injury,Daylight,Clear,Ditch,None,THP District 8 - Jackson,THP,Unbelted,-,Drinking,Drug,-,-,-,-,-,-,-,-,-,Henry,Not in City Limit,5
96835,400413032,0,2,36.46316,-84.21078,1,2025-12-12 21:22:00,2025,12,12,21,22,Friday,21:22,Suspected Serious Injury,Dark-Not Lighted,Clear,Standing Tree,None,THP District 1 - Knoxville,THP,-,-,Drinking,-,-,-,-,-,-,-,-,-,-,Campbell,Not in City Limit,6
96842,400413079,0,1,36.20724,-83.31329,5,2025-12-13 20:43:00,2025,12,13,20,43,Saturday,20:43,Suspected Serious Injury,Dark-Lighted,Clear,Motor Vehicle-In-Transport On Same Roadway,None,MORRISTOWN POLICE DEPT,Other,Unbelted,Distracted,-,-,-,-,-,-,-,-,-,Motorcyclist,-,Hamblen,Morristown,7
96844,400413081,0,1,35.25698,-87.32726,7,2025-12-13 20:57:00,2025,12,13,20,57,Saturday,20:57,Suspected Serious Injury,Dark-Lighted,Rain,Pedestrian,None,LAWRENCEBURG POLICE DEPT,Other,Unbelted,-,-,-,-,-,-,Pedestrian,-,-,-,-,-,Lawrence,Lawrenceburg,7
96846,400413090,1,1,36.00213,-83.97552,1,2025-12-13 16:21:00,2025,12,13,16,21,Saturday,16:21,Fatal,Daylight,Clear,Motor Vehicle-In-Transport On Same Roadway,None,KNOXVILLE POLICE DEPT,Other,Unbelted,-,Drinking,-,-,-,-,-,-,-,-,Motorcyclist,-,Knox,Knoxville,7
96848,400413104,0,1,35.29657,-87.81539,7,2025-12-13 16:50:00,2025,12,13,16,50,Saturday,16:50,Suspected Serious Injury,Dusk,Cloudy,Motor Vehicle-In-Transport On Same Roadway,None,THP District 7 - Lawrenceburg,THP,Unbelted,-,-,-,-,-,-,-,-,-,-,-,-,Wayne,Not in City Limit,7
96856,400413138,0,4,35.86241,-86.46516,3,2025-12-13 22:09:00,2025,12,13,22,9,Saturday,22:09,Suspected Serious Injury,Dark-Lighted,Rain,Motor Vehicle-In-Transport On Same Roadway,None,THP District 3 - Nashville,THP,Unbelted,-,-,-,-,-,-,-,-,-,-,-,-,Rutherford,Murfreesboro,7
96860,400413170,0,6,36.15701,-86.76048,3,2025-12-14 03:00:00,2025,12,14,3,0,Sunday,03:00,Suspected Serious Injury,Dark-Lighted,Clear,Guard Rail End,None,METROPOLITAN NASHVILLE POLICE DEPT,Other,Unbelted,Distracted,Drinking,-,-,-,-,-,-,-,-,-,-,Davidson,Nashville,1
96865,400413230,1,7,36.6305,-87.31866,3,2025-12-13 10:14:00,2025,12,13,10,14,Saturday,10:14,Fatal,Daylight,Cloudy,Motor Vehicle-In-Transport On Same Roadway,None,THP District 3 - Nashville,THP,Unbelted,-,-,-,-,-,-,-,-,-,-,-,-,Montgomery,Clarksville,7
96882,400413388,0,4,35.62171,-86.59172,7,2025-12-14 13:16:00,2025,12,14,13,16,Sunday,13:16,Suspected Serious Injury,Daylight,Cloudy,Motor Vehicle-In-Transport On Same Roadway,None,THP District 7 - Lawrenceburg,THP,Unbelted,-,-,-,-,-,-,-,-,-,-,-,-,Bedford,Not in City Limit,1
96893,400413472,0,4,36.39646,-82.11722,5,2025-12-13 14:25:00,2025,12,13,14,25,Saturday,14:25,Suspected Serious Injury,Daylight,Clear,Standing Tree,None,THP District 5 - Fall Branch,THP,Unbelted,Distracted,-,-,-,-,-,-,-,-,-,-,-,Carter,Not in City Limit,7
96902,400413565,0,1,36.23525,-86.80079,3,2025-12-14 23:25:00,2025,12,14,23,25,Sunday,23:25,Suspected Serious Injury,Dark-Lighted,Clear,Pedestrian,None,METROPOLITAN NASHVILLE POLICE DEPT,Other,Unbelted,-,-,-,-,-,-,Pedestrian,-,-,-,-,-,Davidson,Nashville,1
96903,400413566,1,0,36.37262,-82.67512,5,2025-12-14 22:29:00,2025,12,14,22,29,Sunday,22:29,Fatal,Dark-Not Lighted,Clear,Guard Rail Face,None,THP District 5 - Fall Branch,THP,Unbelted,-,-,Drug,-,-,-,-,-,-,-,-,-,Greene,Not in City Limit,1
96915,400413629,0,1,36.04939,-82.98928,5,2025-12-15 04:58:00,2025,12,15,4,58,Monday,04:58,Suspected Serious Injury,Dark-Not Lighted,Clear,Motor Vehicle-In-Transport On Same Roadway,None,THP District 5 - Fall Branch,THP,Unbelted,-,-,-,-,-,-,-,-,-,ATV_Involved,-,-,Greene,Not in City Limit,2
96939,400413816,0,1,36.16177,-85.50643,6,2025-12-15 11:28:00,2025,12,15,11,28,Monday,11:28,Suspected Serious Injury,Daylight,Clear,Motor Vehicle-In-Transport On Same Roadway,None,COOKEVILLE POLICE DEPT,Other,Unbelted,-,-,-,-,-,-,-,-,-,-,-,-,Putnam,Cookeville,2
96947,400413868,1,2,36.2337,-86.26579,3,2025-12-14 17:55:00,2025,12,14,17,55,Sunday,17:55,Fatal,Dark-Not Lighted,Clear,Motor Vehicle-In-Transport On Same Roadway,None,THP District 3 - Nashville,THP,Unbelted,-,-,-,-,-,-,-,-,-,-,-,-,Wilson,Not in City Limit,1
96972,400414028,0,1,35.12753,-85.3259,2,2025-12-14 15:33:00,2025,12,14,15,33,Sunday,15:33,Suspected Serious Injury,Daylight,Clear,Curb,None,SIGNAL MOUNTAIN POLICE DEPT,Other,Unbelted,-,-,Drug,-,-,-,-,-,-,-,-,-,Hamilton,Signal Mountain,1
97001,400414214,0,1,35.19,-85.2031,2,2025-12-16 08:15:00,2025,12,16,8,15,Tuesday,08:15,Suspected Serious Injury,Dawn,Clear,Ditch,None,HAMILTON COUNTY SHERIFF'S OFFICE,Other,Unbelted,-,-,Drug,-,-,-,-,-,-,ATV_Involved,-,-,Hamilton,Not in City Limit,3
97006,400414237,0,1,36.59322,-82.24947,5,2025-12-16 08:54:00,2025,12,16,8,54,Tuesday,08:54,Suspected Serious Injury,Daylight,Clear,Parked Motor Vehicle,None,THP District 5 - Fall Branch,THP,Unbelted,-,-,-,-,-,-,-,-,-,ATV_Involved,-,-,Sullivan,Bristol,3
97007,400414240,0,2,35.94087,-86.87978,3,2025-12-16 09:48:00,2025,12,16,9,48,Tuesday,09:48,Suspected Serious Injury,Daylight,Cloudy,Motor Vehicle-In-Transport On Same Roadway,None,FRANKLIN POLICE DEPT,Other,Unbelted,-,-,-,-,-,-,-,-,-,-,-,-,Williamson,Franklin,3
97012,400414320,0,2,35.95743,-85.81164,6,2025-12-12 15:55:00,2025,12,12,15,55,Friday,15:55,Suspected Serious Injury,Daylight,Clear,Motor Vehicle-In-Transport On Same Roadway,None,THP District 6 - Cookeville,THP,Unbelted,-,-,-,-,-,-,-,-,-,-,-,-,DeKalb,Smithville,6
97027,400414405,0,2,35.83875,-84.37754,1,2025-12-16 08:00:00,2025,12,16,8,0,Tuesday,08:00,Suspected Serious Injury,Daylight,Clear,Motor Vehicle-In-Transport On Same Roadway,None,THP District 1 - Knoxville,THP,Unbelted,-,-,Drug,-,-,-,-,-,-,-,-,-,Roane,Not in City Limit,3
97032,400414473,0,1,35.80624,-89.48404,4,2025-12-16 05:47:00,2025,12,16,5,47,Tuesday,05:47,Suspected Serious Injury,Dark-Not Lighted,Clear,Ditch,None,THP District 4 - Memphis,THP,Unbelted,-,-,-,-,-,-,-,-,-,-,-,-,Lauderdale,Not in City Limit,3
97034,400414480,0,1,35.07745,-89.81232,4,2025-12-16 15:38:00,2025,12,16,15,38,Tuesday,15:38,Suspected Serious Injury,Daylight,Clear,Pedal-Cycle,None,GERMANTOWN POLICE DEPT,Other,Unbelted,-,-,-,-,-,Pedalcyclist,-,-,-,-,-,-,Shelby,Germantown,3
97046,400414533,0,1,36.13505,-85.48602,6,2025-12-16 17:45:00,2025,12,16,17,45,Tuesday,17:45,Suspected Serious Injury,Dark-Lighted,Clear,Motor Vehicle-In-Transport On Same Roadway,None,THP District 6 - Cookeville,THP,Unbelted,-,-,-,-,-,-,-,-,-,-,-,-,Putnam,Cookeville,3
97052,400414558,0,3,36.00994,-83.97318,1,2025-12-16 16:48:00,2025,12,16,16,48,Tuesday,16:48,Suspected Serious Injury,Daylight,Clear,Motor Vehicle-In-Transport On Same Roadway,None,KNOXVILLE POLICE DEPT,Other,Unbelted,-,-,-,-,Speeding,-,-,-,-,-,-,-,Knox,Knoxville,3
97053,400414568,0,2,35.74987,-89.10616,4,2025-12-16 11:38:00,2025,12,16,11,38,Tuesday,11:38,Suspected Serious Injury,Daylight,Clear,Standing Tree,None,THP District 4 - Memphis,THP,Unbelted,-,-,-,-,-,-,-,-,-,-,-,-,Crockett,Not in City Limit,3
97058,400414600,0,2,35.83387,-89.08125,4,2025-12-15 17:42:00,2025,12,15,17,42,Monday,17:42,Suspected Serious Injury,Dark-Not Lighted,Clear,Motor Vehicle-In-Transport On Same Roadway,None,THP District 4 - Memphis,THP,Unbelted,-,-,-,-,-,-,-,-,-,-,-,-,Crockett,Not in City Limit,2
97075,400414667,0,1,36.40357,-82.64397,5,2025-12-16 23:22:00,2025,12,16,23,22,Tuesday,23:22,Suspected Serious Injury,Dark-Not Lighted,Clear,Motor Vehicle-In-Transport On Same Roadway,None,THP District 5 - Fall Branch,THP,Unbelted,-,Drinking,Drug,-,-,-,-,-,-,ATV_Involved,-,-,Greene,Not in City Limit,3
97076,400414685,0,1,35.47375,-85.03169,2,2025-12-16 20:55:00,2025,12,16,20,55,Tuesday,20:55,Suspected Serious Injury,Dark-Lighted,Clear,Motor Vehicle-In-Transport On Same Roadway,None,DAYTON POLICE DEPT,Other,Unbelted,-,-,-,-,-,-,-,-,-,-,-,-,Rhea,Dayton,3
97078,400414706,0,2,35.37883,-84.6641,2,2025-12-15 12:33:00,2025,12,15,12,33,Monday,12:33,Suspected Serious Injury,Daylight,Clear,Motor Vehicle-In-Transport On Same Roadway,None,THP District 2 - Chattanooga,THP,Unbelted,-,-,-,-,-,-,-,-,-,-,-,-,McMinn,Not in City Limit,2
97079,400414730,1,2,36.12518,-86.4051,3,2025-12-17 06:20:00,2025,12,17,6,20,Wednesday,06:20,Fatal,Dark-Not Lighted,Clear,Motor Vehicle-In-Transport On Same Roadway,None,THP District 3 - Nashville,THP,Unbelted,-,-,Drug,-,-,-,-,-,-,-,-,-,Wilson,Not in City Limit,4
97090,400414782,0,1,36.22711,-82.1684,5,2025-12-17 06:28:00,2025,12,17,6,28,Wednesday,06:28,Suspected Serious Injury,Dark-Not Lighted,Clear,Ditch,None,CARTER CO SHERIFFS DEPT,Other,Unbelted,-,-,-,-,-,-,-,-,-,-,-,-,Carter,Not in City Limit,4
97097,400414820,0,1,35.87889,-86.16212,6,2025-12-17 10:34:00,2025,12,17,10,34,Wednesday,10:34,Suspected Serious Injury,Daylight,Cloudy,Ditch,None,THP District 6 - Cookeville,THP,Unbelted,-,-,-,-,-,-,-,-,-,-,-,-,Cannon,Not in City Limit,4
97102,400414842,0,1,36.48725,-87.15966,3,2025-12-17 11:30:00,2025,12,17,11,30,Wednesday,11:30,Suspected Serious Injury,Daylight,Clear,Motor Vehicle-In-Transport On Same Roadway,None,THP District 3 - Nashville,THP,Unbelted,-,-,-,-,-,-,-,-,-,ATV_Involved,-,-,Montgomery,Not in City Limit,4
97103,400414853,0,3,35.8547,-86.3528,3,2025-12-17 11:26:00,2025,12,17,11,26,Wednesday,11:26,Suspected Serious Injury,Daylight,Clear,Motor Vehicle-In-Transport On Same Roadway,None,MURFREESBORO POLICE DEPT,Other,Unbelted,-,-,-,-,-,-,-,-,-,-,-,-,Rutherford,Murfreesboro,4
97104,400414865,0,1,35.57074,-88.80906,8,2025-12-17 11:20:00,2025,12,17,11,20,Wednesday,11:20,Suspected Serious Injury,Daylight,Clear,Other Non-Collision,None,JACKSON POLICE DEPT,Other,Unbelted,-,-,-,-,-,-,-,-,-,-,-,-,Madison,Jackson,4
97114,400414936,0,2,36.34232,-87.17204,3,2025-12-17 13:03:00,2025,12,17,13,3,Wednesday,13:03,Suspected Serious Injury,Daylight,Clear,Motor Vehicle-In-Transport On Same Roadway,None,THP District 3 - Nashville,THP,Unbelted,-,-,-,-,-,-,-,-,-,-,-,-,Cheatham,Not in City Limit,4
97115,400414952,1,6,35.36208,-89.89103,4,2025-12-17 13:44:00,2025,12,17,13,44,Wednesday,13:44,Fatal,Dusk,Cloudy,Motor Vehicle-In-Transport On Same Roadway,None,THP District 4 - Memphis,THP,Unbelted,-,-,-,-,-,-,-,-,-,-,-,-,Shelby,Millington,4
97140,400415062,0,2,35.98634,-86.52229,3,2025-12-15 15:50:00,2025,12,15,15,50,Monday,15:50,Suspected Serious Injury,Daylight,Clear,Motor Vehicle-In-Transport On Same Roadway,None,SMYRNA POLICE DEPT,Other,Unbelted,-,Drinking,Drug,-,-,-,-,-,-,-,-,-,Rutherford,Smyrna,2
97142,400415075,0,1,36.04015,-86.7809,3,2025-12-17 17:30:00,2025,12,17,17,30,Wednesday,17:30,Suspected Serious Injury,Dark-Lighted,Clear,Motor Vehicle-In-Transport On Same Roadway,None,METROPOLITAN NASHVILLE POLICE DEPT,Other,Unbelted,-,-,-,-,-,-,-,-,-,-,Motorcyclist,-,Davidson,Nashville,4
97149,400415120,1,0,36.18607,-83.98305,1,2025-12-16 20:55:00,2025,12,16,20,55,Tuesday,20:55,Fatal,Dark-Not Lighted,Clear,"Over Turn, Roll Over",None,THP District 1 - Knoxville,THP,Unbelted,-,-,Drug,-,-,-,-,-,-,-,-,-,Anderson,Not in City Limit,3
97159,400415182,1,1,36.17682,-86.4674,3,2025-12-11 00:07:00,2025,12,11,0,7,Thursday,00:07,Fatal,Dark-Not Lighted,Clear,Motor Vehicle-In-Transport On Same Roadway,None,THP District 3 - Nashville,THP,Unbelted,-,Drinking,Drug,-,-,-,-,-,-,ATV_Involved,-,-,Wilson,Mount Juliet,5
97161,400415185,0,1,35.4051,-86.88089,7,2025-12-17 22:51:00,2025,12,17,22,51,Wednesday,22:51,Suspected Serious Injury,Dark-Not Lighted,Cloudy,Ditch,None,THP District 7 - Lawrenceburg,THP,Unbelted,-,-,-,-,-,-,-,-,-,-,-,-,Marshall,Not in City Limit,4
97163,400415199,0,1,36.31721,-87.12802,3,2025-12-17 20:39:00,2025,12,17,20,39,Wednesday,20:39,Suspected Serious Injury,Dark-Not Lighted,Clear,Guard Rail Face,None,THP District 3 - Nashville,THP,Unbelted,-,-,-,-,-,-,-,-,-,-,-,-,Cheatham,Not in City Limit,4
97171,400415289,1,1,36.00206,-86.65338,3,2025-12-16 15:35:00,2025,12,16,15,35,Tuesday,15:35,Fatal,Daylight,Clear,Ditch,None,METROPOLITAN NASHVILLE POLICE DEPT,Other,Unbelted,-,Drinking,-,-,-,-,-,-,-,-,-,-,Davidson,Nashville,3
97183,400415387,0,2,35.90601,-88.5215,8,2025-12-18 06:07:00,2025,12,18,6,7,Thursday,06:07,Suspected Serious Injury,Dark-Not Lighted,Rain,Motor Vehicle-In-Transport On Same Roadway,None,THP District 8 - Jackson,THP,Unbelted,-,-,Drug,-,-,-,-,-,-,-,-,-,Carroll,Not in City Limit,5
97188,400415436,0,1,36.1684,-86.66587,3,2025-12-18 10:48:00,2025,12,18,10,48,Thursday,10:48,Suspected Serious Injury,Daylight,Rain,Motor Vehicle-In-Transport On Same Roadway,None,METROPOLITAN NASHVILLE POLICE DEPT,Other,Unbelted,-,-,-,-,-,-,-,-,-,-,-,-,Davidson,Nashville,5
97190,400415451,0,1,36.24803,-86.72032,3,2025-12-18 07:57:00,2025,12,18,7,57,Thursday,07:57,Suspected Serious Injury,Daylight,Rain,Motor Vehicle-In-Transport On Same Roadway,None,METROPOLITAN NASHVILLE POLICE DEPT,Other,Unbelted,-,-,-,-,-,-,-,-,-,-,Motorcyclist,-,Davidson,Nashville,5
97194,400415481,1,0,36.06955,-86.69365,3,2025-12-16 05:49:00,2025,12,16,5,49,Tuesday,05:49,Fatal,Dark-Lighted,Clear,Pedestrian,None,METROPOLITAN NASHVILLE POLICE DEPT,Other,Unbelted,-,-,-,-,-,-,Pedestrian,-,-,-,-,-,Davidson,Nashville,3
97202,400415520,1,1,35.66788,-88.90469,8,2025-12-17 05:45:00,2025,12,17,5,45,Wednesday,05:45,Fatal,Dark-Not Lighted,Clear,Motor Vehicle-In-Transport On Same Roadway,None,THP District 8 - Jackson,THP,Unbelted,-,-,-,-,-,-,-,-,-,ATV_Involved,-,-,Madison,Not in City Limit,4
97212,400415556,0,1,35.96895,-88.68521,8,2025-12-18 13:21:00,2025,12,18,13,21,Thursday,13:21,Suspected Serious Injury,Daylight,Rain,Fell/Jumped From Vehicle,None,THP District 8 - Jackson,THP,-,-,-,-,-,-,-,-,-,-,-,Motorcyclist,-,Carroll,Atwood,5
97216,400415571,0,1,36.08523,-88.09078,8,2025-12-18 06:59:00,2025,12,18,6,59,Thursday,06:59,Suspected Serious Injury,Dark-Not Lighted,Rain,Standing Tree,None,THP District 8 - Jackson,THP,Unbelted,-,-,-,-,-,-,-,-,-,-,-,-,Benton,Not in City Limit,5
97222,400415615,0,2,35.86596,-86.38,3,2025-12-18 15:29:00,2025,12,18,15,29,Thursday,15:29,Suspected Serious Injury,Daylight,Rain,Motor Vehicle-In-Transport On Same Roadway,None,MURFREESBORO POLICE DEPT,Other,Unbelted,-,-,-,-,Speeding,-,-,-,-,-,-,-,Rutherford,Murfreesboro,5
97224,400415617,0,1,35.48157,-86.36118,7,2025-12-17 22:03:00,2025,12,17,22,3,Wednesday,22:03,Suspected Serious Injury,Dark-Not Lighted,Clear,"Over Turn, Roll Over",None,THP District 7 - Lawrenceburg,THP,Unbelted,-,-,-,-,-,-,-,-,-,-,-,-,Bedford,Not in City Limit,4
97232,400415655,0,1,36.03517,-84.10331,1,2025-12-18 15:02:00,2025,12,18,15,2,Thursday,15:02,Suspected Serious Injury,Daylight,Rain,Motor Vehicle-In-Transport On Same Roadway,None,THP District 1 - Knoxville,THP,Unbelted,-,-,-,-,-,-,-,-,-,-,-,-,Anderson,Not in City Limit,5
97247,400415762,0,2,36.05161,-89.4042,8,2025-12-18 16:12:00,2025,12,18,16,12,Thursday,16:12,Suspected Serious Injury,Other,Rain,Motor Vehicle-In-Transport On Same Roadway,None,DYERSBURG POLICE DEPT,Other,Unbelted,-,-,-,-,-,-,-,-,-,-,-,-,Dyer,Dyersburg,5
97251,400415800,0,3,36.16841,-86.68767,3,2025-12-18 15:07:00,2025,12,18,15,7,Thursday,15:07,Suspected Serious Injury,Daylight,Clear,Motor Vehicle-In-Transport On Same Roadway,None,METROPOLITAN NASHVILLE POLICE DEPT,Other,Unbelted,-,-,-,-,-,-,-,-,-,-,-,-,Davidson,Nashville,5
97279,400415926,0,1,36.06509,-83.88568,1,2025-12-18 17:40:00,2025,12,18,17,40,Thursday,17:40,Suspected Serious Injury,Dark-Not Lighted,Cloudy,Motor Vehicle-In-Transport On Same Roadway,None,KNOXVILLE POLICE DEPT,Other,Unbelted,-,-,-,-,-,-,-,-,-,-,-,-,Knox,Knoxville,5
97284,400415945,0,2,36.17096,-86.65268,3,2025-12-19 00:00:00,2025,12,19,24,0,Friday,24:00,Suspected Serious Injury,Dark-Lighted,Clear,Wall,None,METROPOLITAN NASHVILLE POLICE DEPT,Other,Unbelted,Distracted,-,-,-,-,-,-,-,-,-,-,-,Davidson,Nashville,6
97297,400416028,0,1,35.53787,-88.17001,8,2025-12-19 05:55:00,2025,12,19,5,55,Friday,05:55,Suspected Serious Injury,Dawn,Clear,"Over Turn, Roll Over",None,THP District 8 - Jackson,THP,Unbelted,-,-,-,-,-,-,-,-,-,-,-,-,Decatur,Not in City Limit,6