OBJECTID,MRN,Fatality,Injury,Latitude,Longitude,THP_District,Collision_Date,Collision_Year,Collision_Month,Collision_Day,Collision_Hour,Collision_Min,Collision_DOW,Collision_Time,Crash_Type,Light_Condition,Weather,First_Harmfu_Event,Work_Zone_Type,Agency_Name,THP,Unbelted,Distracted_Driver,Driver_Drinking,Driver_Drugged,Drowsy_Driver,Speeding_Involved,Pedalcyclist,Pedestrian,Other_Nonmotorist,ATV_Involved,LargeTruck_Involved,Motorcycle_Involved,SchoolBus,County,City,DOW_Nmb
97299,400416061,0,1,35.96811,-83.35018,5,2025-12-19 07:41:00,2025,12,19,7,41,Friday,07:41,Suspected Serious Injury,Daylight,Clear,Standing Tree,None,JEFFERSON CO SHERIFFS DEPT,Other,Unbelted,-,-,-,-,-,-,-,-,-,-,-,-,Jefferson,Not in City Limit,6
97306,400416085,0,2,36.35777,-86.72494,3,2025-12-19 06:25:00,2025,12,19,6,25,Friday,06:25,Suspected Serious Injury,Dawn,Clear,Motor Vehicle-In-Transport On Same Roadway,None,GOODLETTSVILLE POLICE DEPT,Other,Unbelted,-,-,-,-,-,-,-,-,-,-,-,-,Sumner,Goodlettsville,6
97308,400416090,0,1,36.30045,-84.21896,1,2025-12-19 07:29:00,2025,12,19,7,29,Friday,07:29,Suspected Serious Injury,Dawn,Cloudy,Pedestrian,None,THP District 1 - Knoxville,THP,Unbelted,-,-,-,-,-,-,Pedestrian,-,-,-,-,-,Campbell,Caryville,6
97312,400416109,0,1,35.82769,-85.94629,6,2025-12-18 17:53:00,2025,12,18,17,53,Thursday,17:53,Suspected Serious Injury,Dark-Not Lighted,Clear,Motor Vehicle-In-Transport On Same Roadway,None,THP District 6 - Cookeville,THP,Unbelted,-,-,-,-,-,-,-,-,-,-,-,-,Cannon,Not in City Limit,5
97313,400416118,0,1,35.70676,-87.32457,7,2025-12-17 12:15:00,2025,12,17,12,15,Wednesday,12:15,Suspected Serious Injury,Daylight,Clear,"Over Turn, Roll Over",None,THP District 7 - Lawrenceburg,THP,Unbelted,-,-,-,-,-,-,-,-,-,ATV_Involved,-,-,Hickman,Not in City Limit,4
97325,400416207,0,6,36.096,-85.084,6,2025-12-21 17:51:00,2025,12,21,17,51,Sunday,17:51,Suspected Serious Injury,Dark-Not Lighted,Clear,Motor Vehicle-In-Transport On Same Roadway,None,THP District 6 - Cookeville,THP,Unbelted,-,-,-,-,-,-,-,-,-,-,-,-,Cumberland,Not in City Limit,1
97327,400416211,0,1,35.92188,-83.99907,1,2025-12-19 11:57:00,2025,12,19,11,57,Friday,11:57,Suspected Serious Injury,Daylight,Clear,Motor Vehicle-In-Transport On Same Roadway,None,KNOXVILLE POLICE DEPT,Other,Unbelted,Distracted,-,-,-,-,-,-,-,-,-,-,-,Knox,Knoxville,6
97332,400416252,0,1,35.71432,-85.66472,6,2025-12-19 14:21:00,2025,12,19,14,21,Friday,14:21,Suspected Serious Injury,Daylight,Clear,Ditch,None,THP District 6 - Cookeville,THP,Unbelted,-,-,-,-,-,-,-,-,-,-,-,-,Warren,Not in City Limit,6
97349,400416341,0,3,36.52361,-86.15034,6,2025-12-19 00:00:00,2025,12,19,24,0,Friday,24:00,Suspected Serious Injury,Daylight,Clear,Motor Vehicle-In-Transport On Same Roadway,None,THP District 6 - Cookeville,THP,Unbelted,-,-,-,-,-,-,-,-,-,ATV_Involved,-,-,Macon,Not in City Limit,6
97365,400416419,0,1,35.85481,-89.55994,4,2025-12-19 18:27:00,2025,12,19,18,27,Friday,18:27,Suspected Serious Injury,Dark-Not Lighted,Clear,"Over Turn, Roll Over",None,THP District 4 - Memphis,THP,-,-,Drinking,-,-,Speeding,-,-,-,-,-,-,-,Lauderdale,Not in City Limit,6
97367,400416432,0,1,36.12108,-86.70384,3,2025-12-19 00:00:00,2025,12,19,24,0,Friday,24:00,Suspected Serious Injury,Dark-Lighted,Clear,Pedestrian,None,METROPOLITAN NASHVILLE POLICE DEPT,Other,Unbelted,-,-,-,-,-,-,Pedestrian,-,-,-,-,-,Davidson,Nashville,6
97370,400416445,1,0,36.21051,-83.82833,5,2025-12-19 18:25:00,2025,12,19,18,25,Friday,18:25,Fatal,Dark-Not Lighted,Clear,"Over Turn, Roll Over",None,THP District 5 - Fall Branch,THP,Unbelted,-,-,-,-,-,-,-,-,-,-,-,-,Union,Not in City Limit,6
97371,400416451,0,1,36.25415,-88.30271,8,2025-12-19 20:39:00,2025,12,19,20,39,Friday,20:39,Suspected Serious Injury,Dark-Not Lighted,Cloudy,Guard Rail End,None,THP District 8 - Jackson,THP,Unbelted,-,-,-,-,-,-,-,-,-,-,-,-,Henry,Not in City Limit,6
97386,400416503,0,1,36.01537,-86.70563,3,2025-12-19 16:23:00,2025,12,19,16,23,Friday,16:23,Suspected Serious Injury,Dusk,Clear,Motor Vehicle-In-Transport On Same Roadway,None,METROPOLITAN NASHVILLE POLICE DEPT,Other,Unbelted,-,-,-,-,-,-,-,-,-,-,Motorcyclist,-,Davidson,Nashville,6
97388,400416505,0,1,36.45381,-87.09823,3,2025-12-17 23:20:00,2025,12,17,23,20,Wednesday,23:20,Suspected Serious Injury,Dark-Not Lighted,Clear,Embankment Earth,None,THP District 3 - Nashville,THP,Unbelted,-,-,-,Drowsy,-,-,-,-,-,-,-,-,Robertson,Not in City Limit,4
97389,400416510,0,1,36.19102,-86.79895,3,2025-12-19 23:18:00,2025,12,19,23,18,Friday,23:18,Suspected Serious Injury,Dark-Lighted,Clear,Motor Vehicle-In-Transport On Same Roadway,None,METROPOLITAN NASHVILLE POLICE DEPT,Other,Unbelted,-,-,-,-,-,-,-,-,-,-,-,-,Davidson,Nashville,6
97390,400416515,0,4,35.23953,-85.8465,2,2025-12-19 22:56:00,2025,12,19,22,56,Friday,22:56,Suspected Serious Injury,Dark-Not Lighted,Clear,Standing Tree,None,THP District 2 - Chattanooga,THP,Unbelted,-,Drinking,-,-,-,-,-,-,-,-,-,-,Marion,Monteagle,6
97395,400416539,0,3,35.05085,-89.89741,4,2025-12-13 22:31:00,2025,12,13,22,31,Saturday,22:31,Suspected Serious Injury,Dark-Lighted,Clear,Motor Vehicle-In-Transport On Same Roadway,None,THP District 4 - Memphis,THP,Unbelted,-,-,-,-,-,-,-,-,-,-,-,-,Shelby,Memphis,7
97396,400416542,0,1,35.61376,-88.84082,8,2025-12-20 02:18:00,2025,12,20,2,18,Saturday,02:18,Suspected Serious Injury,Dark-Lighted,Clear,Ditch,None,JACKSON POLICE DEPT,Other,Unbelted,-,Drinking,-,-,Speeding,-,-,-,-,-,-,-,Madison,Jackson,7
97418,400416658,0,2,35.14721,-88.38498,8,2025-12-13 07:09:00,2025,12,13,7,9,Saturday,07:09,Suspected Serious Injury,Daylight,Clear,Non-Motorist Personal Conveyance,None,THP District 8 - Jackson,THP,Unbelted,-,-,-,-,Speeding,-,-,Other_NM,-,-,-,-,McNairy,Not in City Limit,7
97434,400416714,1,2,35.79788,-88.36225,8,2025-12-20 06:19:00,2025,12,20,6,19,Saturday,06:19,Fatal,Daylight,Clear,"Over Turn, Roll Over",None,THP District 8 - Jackson,THP,Unbelted,-,-,-,-,-,-,-,-,-,-,-,-,Henderson,Not in City Limit,7
97445,400416780,0,1,36.14095,-86.73864,3,2025-12-20 14:55:00,2025,12,20,14,55,Saturday,14:55,Suspected Serious Injury,Daylight,Clear,Fire Hydrant,None,METROPOLITAN NASHVILLE POLICE DEPT,Other,Unbelted,-,-,-,-,-,-,-,-,-,-,-,-,Davidson,Nashville,7
97449,400416792,0,1,35.60624,-87.06534,7,2025-12-20 12:30:00,2025,12,20,12,30,Saturday,12:30,Suspected Serious Injury,Daylight,Clear,Motor Vehicle-In-Transport On Different Roadway,None,COLUMBIA POLICE DEPT,Other,Unbelted,-,-,-,-,-,-,-,-,-,-,Motorcyclist,-,Maury,Columbia,7
97456,400416820,1,0,36.00834,-84.02042,1,2025-12-20 15:25:00,2025,12,20,15,25,Saturday,15:25,Fatal,Dusk,Clear,Pedestrian,None,KNOXVILLE POLICE DEPT,Other,Unbelted,-,-,-,-,-,-,Pedestrian,-,-,-,-,-,Knox,Knoxville,7
97462,400416853,0,1,35.66738,-88.23809,8,2025-12-20 11:50:00,2025,12,20,11,50,Saturday,11:50,Suspected Serious Injury,Daylight,Clear,Culvert,None,THP District 8 - Jackson,THP,Unbelted,-,-,-,-,-,-,-,-,-,-,-,-,Henderson,Not in City Limit,7
97476,400416923,0,1,35.97448,-84.01553,1,2025-12-20 19:49:00,2025,12,20,19,49,Saturday,19:49,Suspected Serious Injury,Dark-Not Lighted,Clear,Utility Pole,None,KNOXVILLE POLICE DEPT,Other,Unbelted,-,-,-,-,-,-,-,-,-,-,-,-,Knox,Knoxville,7
97479,400416948,0,1,35.62223,-87.06731,7,2025-12-20 19:07:00,2025,12,20,19,7,Saturday,19:07,Suspected Serious Injury,Dark-Lighted,Clear,Utility Pole,None,COLUMBIA POLICE DEPT,Other,Unbelted,-,-,-,-,-,-,-,-,-,-,-,-,Maury,Columbia,7
97480,400416953,0,3,36.14874,-86.80613,3,2025-12-20 20:40:00,2025,12,20,20,40,Saturday,20:40,Suspected Serious Injury,Dark-Lighted,Clear,Motor Vehicle-In-Transport On Same Roadway,None,METROPOLITAN NASHVILLE POLICE DEPT,Other,Unbelted,-,-,-,-,Speeding,-,-,-,-,-,-,-,Davidson,Nashville,7
97481,400416958,1,0,36.38667,-87.95244,3,2025-12-20 14:03:00,2025,12,20,14,3,Saturday,14:03,Fatal,Daylight,Clear,Guard Rail Face,None,THP District 3 - Nashville,THP,-,-,-,-,-,-,-,-,-,-,-,Motorcyclist,-,Stewart,Not in City Limit,7
97483,400416971,0,1,35.83496,-83.06339,5,2025-12-18 01:30:00,2025,12,18,1,30,Thursday,01:30,Suspected Serious Injury,Dark-Not Lighted,Clear,Utility Pole,None,THP District 5 - Fall Branch,THP,Unbelted,-,-,Drug,-,-,-,-,-,-,-,-,-,Cocke,Not in City Limit,5
97484,400416981,0,2,36.04224,-82.85611,5,2025-12-20 19:44:00,2025,12,20,19,44,Saturday,19:44,Suspected Serious Injury,Dark-Not Lighted,Clear,Highway Traffic Sign Post,None,THP District 5 - Fall Branch,THP,Unbelted,-,-,-,-,-,-,-,-,-,-,-,-,Greene,Not in City Limit,7
97488,400417004,0,1,36.08875,-82.94505,5,2025-12-20 18:00:00,2025,12,20,18,0,Saturday,18:00,Suspected Serious Injury,Dark-Not Lighted,Clear,Standing Tree,None,THP District 5 - Fall Branch,THP,Unbelted,-,Drinking,-,Drowsy,-,-,-,-,-,-,-,-,Greene,Not in City Limit,7
97495,400417021,0,1,35.36975,-86.21868,2,2025-12-20 19:50:00,2025,12,20,19,50,Saturday,19:50,Suspected Serious Injury,Dark-Lighted,Clear,Pedestrian,None,TULLAHOMA POLICE DEPT,Other,Unbelted,-,-,-,-,-,-,Pedestrian,-,-,-,-,-,Coffee,Tullahoma,7
97501,400417037,0,2,36.07714,-86.64139,3,2025-12-21 00:53:00,2025,12,21,0,53,Sunday,00:53,Suspected Serious Injury,Dark-Lighted,Clear,Motor Vehicle-In-Transport On Same Roadway,None,METROPOLITAN NASHVILLE POLICE DEPT,Other,Unbelted,-,-,-,-,Speeding,-,-,-,-,-,-,-,Davidson,Nashville,1
97502,400417038,0,1,36.35727,-82.70587,5,2025-12-21 01:10:00,2025,12,21,1,10,Sunday,01:10,Suspected Serious Injury,Dark-Not Lighted,Clear,Standing Tree,None,THP District 5 - Fall Branch,THP,Unbelted,-,-,-,-,-,-,-,-,-,-,-,-,Greene,Not in City Limit,1
97510,400417078,0,3,36.16538,-86.61334,3,2025-12-21 00:00:00,2025,12,21,24,0,Sunday,24:00,Suspected Serious Injury,Dawn,Clear,Motor Vehicle-In-Transport On Same Roadway,None,METROPOLITAN NASHVILLE POLICE DEPT,Other,Unbelted,-,-,-,-,-,-,-,-,-,-,-,-,Davidson,Nashville,1
97524,400417184,1,0,35.84774,-86.43381,3,2025-12-21 08:13:00,2025,12,21,8,13,Sunday,08:13,Fatal,Daylight,Clear,Motor Vehicle-In-Transport On Same Roadway,None,MURFREESBORO POLICE DEPT,Other,Unbelted,-,-,-,-,-,-,-,-,-,-,-,-,Rutherford,Murfreesboro,1
97546,400417312,0,3,35.95422,-85.03852,6,2025-12-19 19:06:00,2025,12,19,19,6,Friday,19:06,Suspected Serious Injury,Dark-Lighted,Clear,Motor Vehicle-In-Transport On Same Roadway,None,CROSSVILLE POLICE DEPT,Other,Unbelted,-,-,-,-,-,-,-,-,-,-,-,-,Cumberland,Crossville,6
97553,400417335,0,3,35.80091,-86.47237,3,2025-12-21 14:20:00,2025,12,21,14,20,Sunday,14:20,Suspected Serious Injury,Daylight,Clear,Motor Vehicle-In-Transport On Same Roadway,None,MURFREESBORO POLICE DEPT,Other,Unbelted,Distracted,-,-,-,-,-,-,-,-,-,-,-,Rutherford,Murfreesboro,1
97565,400417413,1,0,35.84965,-86.43871,3,2025-12-21 18:40:00,2025,12,21,18,40,Sunday,18:40,Fatal,Dark-Lighted,Clear,Standing Tree,None,THP District 3 - Nashville,THP,Unbelted,Distracted,-,-,-,-,-,-,-,-,-,-,-,Rutherford,Not in City Limit,1
97571,400417435,0,1,36.03242,-83.91668,1,2025-12-22 00:45:00,2025,12,22,0,45,Monday,00:45,Suspected Serious Injury,Dark-Lighted,Clear,Motor Vehicle-In-Transport On Same Roadway,None,KNOXVILLE POLICE DEPT,Other,Unbelted,Distracted,-,-,-,-,-,Pedestrian,-,-,-,-,-,Knox,Knoxville,2
97582,400417488,0,1,35.84266,-85.9176,6,2025-12-20 00:00:00,2025,12,20,24,0,Saturday,24:00,Suspected Serious Injury,Dark-Not Lighted,Clear,Ditch,None,CANNON CO SHERIFFS DEPT,Other,Unbelted,-,-,-,-,-,-,-,-,-,-,-,-,Cannon,Not in City Limit,7
97585,400417514,0,1,36.15555,-86.78681,3,2025-12-22 02:35:00,2025,12,22,2,35,Monday,02:35,Suspected Serious Injury,Dark-Lighted,Clear,Wall,None,METROPOLITAN NASHVILLE POLICE DEPT,Other,Unbelted,-,Drinking,-,-,-,-,-,-,-,-,-,-,Davidson,Nashville,2
97640,400417871,0,3,36.15509,-86.62706,3,2025-12-22 18:45:00,2025,12,22,18,45,Monday,18:45,Suspected Serious Injury,Dark-Lighted,Clear,Motor Vehicle-In-Transport On Same Roadway,None,METROPOLITAN NASHVILLE POLICE DEPT,Other,Unbelted,-,-,-,-,-,-,-,-,-,-,-,-,Davidson,Nashville,2
97643,400417887,0,1,36.09015,-83.9351,1,2025-12-21 19:29:00,2025,12,21,19,29,Sunday,19:29,Suspected Serious Injury,Dark-Not Lighted,Clear,Pedestrian,None,KNOX CO SHERIFFS OFFICE,Other,Unbelted,-,-,-,-,-,-,Pedestrian,-,-,-,-,-,Knox,Not in City Limit,1
97646,400417908,0,2,35.86612,-86.43883,3,2025-12-22 17:14:00,2025,12,22,17,14,Monday,17:14,Suspected Serious Injury,Dark-Not Lighted,Cloudy,Motor Vehicle-In-Transport On Same Roadway,None,MURFREESBORO POLICE DEPT,Other,Unbelted,Distracted,-,-,-,-,-,-,-,-,-,-,-,Rutherford,Murfreesboro,2
97652,400417935,0,5,35.12192,-84.84613,2,2025-12-21 19:11:00,2025,12,21,19,11,Sunday,19:11,Suspected Serious Injury,Dark-Lighted,Clear,Motor Vehicle-In-Transport On Same Roadway,None,THP District 2 - Chattanooga,THP,Unbelted,-,-,Drug,-,Speeding,-,-,-,-,-,-,-,Bradley,Cleveland,1
97656,400417947,0,1,35.72077,-84.05084,1,2025-12-22 23:14:00,2025,12,22,23,14,Monday,23:14,Suspected Serious Injury,Dark-Lighted,Clear,Culvert,None,BLOUNT CO SHERIFFS DEPT,Other,Unbelted,-,-,-,-,Speeding,-,-,-,-,-,-,-,Blount,Not in City Limit,2
97659,400417962,0,1,36.13015,-89.27557,8,2025-12-22 18:40:00,2025,12,22,18,40,Monday,18:40,Suspected Serious Injury,Dark-Lighted,Clear,Motor Vehicle-In-Transport On Same Roadway,None,NEWBERN POLICE DEPT,Other,Unbelted,-,-,-,-,-,-,-,-,-,-,-,-,Dyer,Newbern,2
97663,400417995,0,1,36.17619,-87.20747,3,2025-12-22 16:20:00,2025,12,22,16,20,Monday,16:20,Suspected Serious Injury,Daylight,Cloudy,Mail Box,None,DICKSON CO SHERIFFS OFFICE,Other,-,-,-,-,-,-,-,-,-,ATV_Involved,-,-,-,Dickson,Not in City Limit,2
97664,400418007,0,2,35.60364,-86.43642,7,2025-12-22 12:51:00,2025,12,22,12,51,Monday,12:51,Suspected Serious Injury,Daylight,Cloudy,Motor Vehicle-In-Transport On Same Roadway,None,THP District 7 - Lawrenceburg,THP,Unbelted,-,-,-,-,-,-,-,-,-,ATV_Involved,-,-,Bedford,Not in City Limit,2
97678,400418153,0,1,36.25223,-86.3993,3,2025-12-23 11:00:00,2025,12,23,11,0,Tuesday,11:00,Suspected Serious Injury,Daylight,Clear,"Over Turn, Roll Over",None,THP District 3 - Nashville,THP,-,-,-,-,-,-,-,-,-,ATV_Involved,-,-,-,Wilson,Lebanon,3
97693,400418272,0,1,35.46578,-86.78841,7,2025-12-23 12:26:00,2025,12,23,12,26,Tuesday,12:26,Suspected Serious Injury,Daylight,Cloudy,Motor Vehicle-In-Transport On Same Roadway,None,LEWISBURG POLICE DEPT,Other,Unbelted,-,-,-,-,-,-,-,-,-,-,-,-,Marshall,Lewisburg,3
97696,400418315,1,2,35.69386,-88.70257,8,2025-12-12 13:23:00,2025,12,12,13,23,Friday,13:23,Fatal,Daylight,Clear,Motor Vehicle-In-Transport On Same Roadway,None,THP District 4 - Memphis,THP,Unbelted,-,-,-,-,-,-,-,-,-,-,-,-,Madison,Not in City Limit,6
97708,400418399,0,1,35.26729,-85.17128,2,2025-12-23 16:53:00,2025,12,23,16,53,Tuesday,16:53,Suspected Serious Injury,Daylight,Clear,Motor Vehicle-In-Transport On Same Roadway,None,SODDY DAISY POLICE DEPT,Other,Unbelted,-,-,-,-,-,-,-,-,-,-,Motorcyclist,-,Hamilton,Soddy-Daisy,3
97716,400418443,0,1,36.22995,-86.69953,3,2025-12-23 14:00:00,2025,12,23,14,0,Tuesday,14:00,Suspected Serious Injury,Daylight,Cloudy,Fell/Jumped From Vehicle,None,METROPOLITAN NASHVILLE POLICE DEPT,Other,-,-,-,-,-,-,-,-,-,-,-,Motorcyclist,-,Davidson,Nashville,3
97730,400418516,0,1,36.11415,-86.47939,3,2025-12-23 16:10:00,2025,12,23,16,10,Tuesday,16:10,Suspected Serious Injury,Daylight,Clear,Pedestrian,None,THP District 3 - Nashville,THP,Unbelted,-,-,-,-,-,-,Pedestrian,-,-,-,-,-,Wilson,Not in City Limit,3
97732,400418523,0,1,36.17388,-82.25473,5,2025-12-22 16:30:00,2025,12,22,16,30,Monday,16:30,Suspected Serious Injury,Daylight,Clear,Motor Vehicle-In-Transport On Same Roadway,None,THP District 5 - Fall Branch,THP,Unbelted,-,-,-,-,Speeding,-,-,-,-,-,Motorcyclist,-,Unicoi,Not in City Limit,2
97743,400418572,0,1,35.82249,-86.49548,3,2025-12-23 23:19:00,2025,12,23,23,19,Tuesday,23:19,Suspected Serious Injury,Dark-Not Lighted,Clear,Utility Pole,None,THP District 3 - Nashville,THP,-,-,-,-,-,-,-,-,-,-,-,Motorcyclist,-,Rutherford,Not in City Limit,3
97751,400418616,0,1,35.47818,-89.56297,4,2025-12-24 02:00:00,2025,12,24,2,0,Wednesday,02:00,Suspected Serious Injury,Dark-Not Lighted,Clear,Ditch,None,TIPTON CO SHERIFFS DEPT,Other,Unbelted,-,-,-,-,-,-,-,-,-,-,-,-,Tipton,Not in City Limit,4
97766,400418772,0,1,35.88472,-88.35783,8,2025-12-23 16:22:00,2025,12,23,16,22,Tuesday,16:22,Suspected Serious Injury,Dusk,Cloudy,Standing Tree,None,THP District 8 - Jackson,THP,Unbelted,-,-,-,-,-,-,-,-,-,-,-,-,Carroll,Not in City Limit,3
97771,400418830,0,1,35.63187,-86.0748,2,2025-12-24 06:41:00,2025,12,24,6,41,Wednesday,06:41,Suspected Serious Injury,Daylight,Cloudy,Ditch,None,THP District 2 - Chattanooga,THP,Unbelted,-,-,-,-,-,-,-,-,-,ATV_Involved,-,-,Coffee,Not in City Limit,4
97783,400418888,0,1,35.68402,-85.8195,6,2025-12-24 13:56:00,2025,12,24,13,56,Wednesday,13:56,Suspected Serious Injury,Daylight,Cloudy,Standing Tree,None,THP District 6 - Cookeville,THP,-,-,-,-,-,-,-,-,-,-,-,Motorcyclist,-,Warren,Not in City Limit,4
97789,400418922,1,3,35.93286,-84.00252,1,2025-12-21 18:51:00,2025,12,21,18,51,Sunday,18:51,Fatal,Dark-Lighted,Clear,Motor Vehicle-In-Transport On Same Roadway,None,THP District 1 - Knoxville,THP,Unbelted,-,-,Drug,-,-,-,-,-,-,-,-,-,Knox,Knoxville,1
97790,400418924,0,1,36.0611,-86.77189,3,2025-12-24 16:50:00,2025,12,24,16,50,Wednesday,16:50,Suspected Serious Injury,Dusk,Clear,Embankment Earth,None,METROPOLITAN NASHVILLE POLICE DEPT,Other,-,-,-,-,-,-,-,-,-,-,-,Motorcyclist,-,Davidson,Nashville,4
97797,400418961,0,1,36.08744,-86.69218,3,2025-12-24 17:15:00,2025,12,24,17,15,Wednesday,17:15,Suspected Serious Injury,Dark-Lighted,Clear,Motor Vehicle-In-Transport On Same Roadway,None,METROPOLITAN NASHVILLE POLICE DEPT,Other,Unbelted,-,-,-,-,-,-,-,-,-,-,Motorcyclist,-,Davidson,Nashville,4
97804,400419008,0,2,35.18747,-85.18837,2,2025-12-24 21:24:00,2025,12,24,21,24,Wednesday,21:24,Suspected Serious Injury,Dark-Lighted,Clear,Motor Vehicle-In-Transport On Same Roadway,None,HAMILTON COUNTY SHERIFF'S OFFICE,Other,Unbelted,Distracted,-,-,-,-,-,-,-,-,-,-,-,Hamilton,Not in City Limit,4
97807,400419016,0,1,36.04381,-86.64221,3,2025-12-24 19:34:00,2025,12,24,19,34,Wednesday,19:34,Suspected Serious Injury,Dark-Lighted,Clear,Pedestrian,None,METROPOLITAN NASHVILLE POLICE DEPT,Other,Unbelted,-,-,-,-,-,-,Pedestrian,-,-,-,-,-,Davidson,Nashville,4
97816,400419047,0,1,35.56358,-84.78585,2,2025-12-24 21:14:00,2025,12,24,21,14,Wednesday,21:14,Suspected Serious Injury,Dark-Not Lighted,Clear,Culvert,None,THP District 2 - Chattanooga,THP,Unbelted,-,-,-,-,-,-,-,-,-,-,-,-,Meigs,Not in City Limit,4
97819,400419056,0,2,36.06489,-86.62854,3,2025-12-25 01:35:00,2025,12,25,1,35,Thursday,01:35,Suspected Serious Injury,Dark-Lighted,Clear,Motor Vehicle-In-Transport On Same Roadway,None,METROPOLITAN NASHVILLE POLICE DEPT,Other,Unbelted,-,Drinking,-,-,-,-,-,-,-,-,-,-,Davidson,Nashville,5
97823,400419065,0,2,36.19321,-83.26553,5,2025-12-25 03:45:00,2025,12,25,3,45,Thursday,03:45,Suspected Serious Injury,Dark-Not Lighted,Cloudy,Guard Rail Face,None,THP District 5 - Fall Branch,THP,Unbelted,-,Drinking,-,-,Speeding,-,-,-,-,-,-,-,Hamblen,Morristown,5
97825,400419074,0,2,36.05252,-86.68409,3,2025-12-25 05:58:00,2025,12,25,5,58,Thursday,05:58,Suspected Serious Injury,Dark-Lighted,Clear,Mail Box,None,METROPOLITAN NASHVILLE POLICE DEPT,Other,Unbelted,-,Drinking,-,-,-,-,-,-,-,-,-,-,Davidson,Nashville,5
97826,400419075,0,1,36.1103,-86.73801,3,2025-12-24 20:26:00,2025,12,24,20,26,Wednesday,20:26,Suspected Serious Injury,Dark-Lighted,Clear,Pedestrian,None,METROPOLITAN NASHVILLE POLICE DEPT,Other,Unbelted,-,-,-,-,-,-,Pedestrian,-,-,-,-,-,Davidson,Nashville,4
97831,400419091,0,1,35.25464,-86.94579,7,2025-12-25 07:34:00,2025,12,25,7,34,Thursday,07:34,Suspected Serious Injury,Daylight,Cloudy,"Over Turn, Roll Over",None,THP District 7 - Lawrenceburg,THP,Unbelted,-,-,-,-,-,-,-,-,-,-,-,-,Giles,Not in City Limit,5
97832,400419096,0,2,36.22535,-86.31906,3,2025-12-25 07:06:00,2025,12,25,7,6,Thursday,07:06,Suspected Serious Injury,Daylight,Clear,Motor Vehicle-In-Transport On Same Roadway,None,LEBANON POLICE DEPT,Other,Unbelted,-,Drinking,-,-,-,-,-,-,-,-,-,-,Wilson,Lebanon,5
97833,400419102,0,3,36.32252,-84.15626,1,2025-12-25 00:00:00,2025,12,25,24,0,Thursday,24:00,Suspected Serious Injury,Unknown,Clear,Standing Tree,None,THP District 1 - Knoxville,THP,Unbelted,-,Drinking,Drug,-,-,-,-,-,-,-,-,-,Campbell,Not in City Limit,5
97847,400419154,0,1,35.12251,-85.29764,2,2025-12-25 14:00:00,2025,12,25,14,0,Thursday,14:00,Suspected Serious Injury,Daylight,Cloudy,Luminaire Light Support,None,RED BANK POLICE DEPT,Other,Unbelted,-,Drinking,Drug,-,-,-,-,-,-,-,-,-,Hamilton,Red Bank,5
97863,400419210,0,2,35.16877,-87.05902,7,2025-12-24 19:45:00,2025,12,24,19,45,Wednesday,19:45,Suspected Serious Injury,Dark-Not Lighted,Clear,Motor Vehicle-In-Transport On Same Roadway,None,THP District 7 - Lawrenceburg,THP,Unbelted,-,-,-,-,-,-,-,-,-,-,-,-,Giles,Not in City Limit,4
97871,400419252,1,0,36.10049,-89.27661,8,2025-12-25 04:00:00,2025,12,25,4,0,Thursday,04:00,Fatal,Dark-Not Lighted,Clear,Bridge/Overhead Structure,None,THP District 8 - Jackson,THP,Unbelted,-,Drinking,-,-,-,-,-,-,-,-,-,-,Dyer,Not in City Limit,5
97888,400419367,0,1,36.31619,-87.12661,3,2025-12-26 06:13:00,2025,12,26,6,13,Friday,06:13,Suspected Serious Injury,Dark-Not Lighted,Clear,Guard Rail Face,None,THP District 3 - Nashville,THP,Unbelted,-,-,-,-,Speeding,-,-,-,-,ATV_Involved,-,-,Cheatham,Not in City Limit,6
97889,400419376,1,0,35.94689,-83.20473,5,2025-12-26 07:42:00,2025,12,26,7,42,Friday,07:42,Fatal,Dawn,Clear,Pedestrian,None,NEWPORT POLICE DEPT,Other,Unbelted,-,-,Drug,-,-,-,Pedestrian,-,-,-,-,-,Cocke,Newport,6
97890,400419380,0,1,35.5144,-86.61538,7,2025-12-25 11:23:00,2025,12,25,11,23,Thursday,11:23,Suspected Serious Injury,Daylight,Cloudy,Fell/Jumped From Vehicle,None,THP District 7 - Lawrenceburg,THP,-,-,-,-,-,-,-,-,-,-,-,Motorcyclist,-,Bedford,Not in City Limit,5
97897,400419446,0,5,35.04136,-89.535,4,2025-12-24 17:35:00,2025,12,24,17,35,Wednesday,17:35,Suspected Serious Injury,Dark-Lighted,Clear,Motor Vehicle-In-Transport On Same Roadway,None,THP District 4 - Memphis,THP,Unbelted,-,-,-,-,-,-,-,-,-,-,-,-,Fayette,Rossville,4
97900,400419462,1,1,35.75482,-84.09695,1,2025-12-26 10:36:00,2025,12,26,10,36,Friday,10:36,Fatal,Daylight,Clear,Motor Vehicle-In-Transport On Same Roadway,None,THP District 1 - Knoxville,THP,Unbelted,-,-,-,-,-,-,-,-,-,-,-,-,Blount,Friendsville,6