OBJECTID,MRN,Fatality,Injury,Latitude,Longitude,THP_District,Collision_Date,Collision_Year,Collision_Month,Collision_Day,Collision_Hour,Collision_Min,Collision_DOW,Collision_Time,Crash_Type,Light_Condition,Weather,First_Harmfu_Event,Work_Zone_Type,Agency_Name,THP,Unbelted,Distracted_Driver,Driver_Drinking,Driver_Drugged,Drowsy_Driver,Speeding_Involved,Pedalcyclist,Pedestrian,Other_Nonmotorist,ATV_Involved,LargeTruck_Involved,Motorcycle_Involved,SchoolBus,County,City,DOW_Nmb
97911,400419554,0,1,36.11774,-86.95792,3,2025-12-26 14:59:00,2025,12,26,14,59,Friday,14:59,Suspected Serious Injury,Daylight,Cloudy,Ditch,None,METROPOLITAN NASHVILLE POLICE DEPT,Other,Unbelted,-,-,-,-,Speeding,-,-,-,-,-,-,-,Davidson,Nashville,6
97915,400419598,0,1,36.24646,-86.75668,3,2025-12-26 16:46:00,2025,12,26,16,46,Friday,16:46,Suspected Serious Injury,Dusk,Clear,Motor Vehicle-In-Transport On Same Roadway,None,METROPOLITAN NASHVILLE POLICE DEPT,Other,Unbelted,-,-,-,Drowsy,-,-,-,-,-,-,-,-,Davidson,Nashville,6
97918,400419614,1,2,35.23401,-89.43041,4,2025-12-25 13:55:00,2025,12,25,13,55,Thursday,13:55,Fatal,Daylight,Clear,Motor Vehicle-In-Transport On Same Roadway,None,THP District 4 - Memphis,THP,Unbelted,-,-,-,-,-,-,-,-,-,-,-,-,Fayette,Somerville,5
97923,400419651,0,1,35.44145,-86.10191,2,2025-12-26 18:01:00,2025,12,26,18,1,Friday,18:01,Suspected Serious Injury,Dark-Not Lighted,Clear,Motor Vehicle-In-Transport On Same Roadway,None,THP District 2 - Chattanooga,THP,Unbelted,-,-,-,-,-,-,-,-,-,-,-,-,Coffee,Not in City Limit,6
97930,400419687,0,2,35.70514,-83.8213,1,2025-12-26 20:51:00,2025,12,26,20,51,Friday,20:51,Suspected Serious Injury,Dark-Not Lighted,Cloudy,Embankment Earth,None,BLOUNT CO SHERIFFS DEPT,Other,Unbelted,-,-,-,-,Speeding,-,-,-,-,-,-,-,Blount,Not in City Limit,6
97937,400419728,0,1,36.16765,-86.76205,3,2025-12-26 19:23:00,2025,12,26,19,23,Friday,19:23,Suspected Serious Injury,Dark-Lighted,Clear,Pedestrian,None,METROPOLITAN NASHVILLE POLICE DEPT,Other,Unbelted,-,-,-,-,-,-,Pedestrian,-,-,-,-,-,Davidson,Nashville,6
97942,400419750,0,1,35.97036,-89.35551,8,2025-12-26 17:22:00,2025,12,26,17,22,Friday,17:22,Suspected Serious Injury,Dark-Lighted,Clear,Utility Pole,None,THP District 8 - Jackson,THP,Unbelted,Distracted,-,-,-,-,-,-,-,-,-,-,-,Dyer,Not in City Limit,6
97951,400419778,0,1,36.48896,-83.52045,5,2025-12-27 03:55:00,2025,12,27,3,55,Saturday,03:55,Suspected Serious Injury,Dark-Not Lighted,Clear,Embankment Earth,None,THP District 5 - Fall Branch,THP,Unbelted,-,Drinking,-,-,-,-,-,-,-,-,-,-,Claiborne,Not in City Limit,7
97969,400419921,0,2,35.18211,-86.21412,2,2025-12-27 10:55:00,2025,12,27,10,55,Saturday,10:55,Suspected Serious Injury,Daylight,Cloudy,Motor Vehicle-In-Transport On Same Roadway,None,THP District 2 - Chattanooga,THP,Unbelted,-,-,-,-,-,-,-,-,-,-,Motorcyclist,-,Franklin,Not in City Limit,7
97975,400419957,0,2,36.35514,-86.61163,3,2025-12-27 07:08:00,2025,12,27,7,8,Saturday,07:08,Suspected Serious Injury,Dawn,Fog,Motor Vehicle-In-Transport On Same Roadway,None,THP District 3 - Nashville,THP,Unbelted,-,Drinking,-,-,-,-,-,-,-,-,-,-,Sumner,Not in City Limit,7
97976,400419958,0,2,36.44708,-85.33908,6,2025-12-27 07:35:00,2025,12,27,7,35,Saturday,07:35,Suspected Serious Injury,Daylight,Cloudy,Utility Pole,None,THP District 6 - Cookeville,THP,Unbelted,-,-,-,-,-,-,-,-,-,-,-,-,Overton,Not in City Limit,7
97978,400419988,0,1,36.20401,-83.33991,5,2025-12-27 14:45:00,2025,12,27,14,45,Saturday,14:45,Suspected Serious Injury,Daylight,Clear,Motor Vehicle-In-Transport On Same Roadway,None,MORRISTOWN POLICE DEPT,Other,Unbelted,-,-,-,-,-,-,-,-,-,-,Motorcyclist,-,Hamblen,Morristown,7
97984,400420004,0,2,36.34847,-82.99255,5,2025-12-26 12:11:00,2025,12,26,12,11,Friday,12:11,Suspected Serious Injury,Daylight,Clear,Motor Vehicle-In-Transport On Same Roadway,None,THP District 5 - Fall Branch,THP,Unbelted,-,-,-,-,-,-,-,-,-,-,-,-,Hawkins,Not in City Limit,6
97989,400420029,0,3,35.78173,-83.29551,1,2025-12-27 15:08:00,2025,12,27,15,8,Saturday,15:08,Suspected Serious Injury,Daylight,Clear,Other Fixed Object,None,THP District 1 - Knoxville,THP,Unbelted,-,-,-,-,-,-,-,-,-,-,-,-,Sevier,Not in City Limit,7
97992,400420045,1,0,36.08422,-87.37926,3,2025-12-26 17:32:00,2025,12,26,17,32,Friday,17:32,Fatal,Dark-Lighted,Clear,Pedestrian,None,DICKSON POLICE DEPT,Other,Unbelted,-,-,Drug,-,-,-,Pedestrian,-,-,-,-,-,Dickson,Dickson,6
97999,400420115,0,2,35.63366,-86.06051,2,2025-12-24 00:00:00,2025,12,24,24,0,Wednesday,24:00,Suspected Serious Injury,Dark-Not Lighted,Clear,Standing Tree,None,THP District 2 - Chattanooga,THP,Unbelted,-,-,-,-,Speeding,-,-,-,-,-,-,-,Coffee,Not in City Limit,4
98003,400420130,0,2,36.18623,-88.3086,8,2025-12-15 18:36:00,2025,12,15,18,36,Monday,18:36,Suspected Serious Injury,Dark-Not Lighted,Clear,Ditch,None,THP District 8 - Jackson,THP,Unbelted,-,Drinking,-,-,-,-,-,-,-,-,-,-,Henry,Not in City Limit,2
98005,400420140,0,1,36.22189,-83.85143,5,2025-12-27 17:00:00,2025,12,27,17,0,Saturday,17:00,Suspected Serious Injury,Dusk,Clear,Motor Vehicle-In-Transport On Same Roadway,Construction Zone,THP District 5 - Fall Branch,THP,Unbelted,-,-,-,-,Speeding,-,-,-,-,-,Motorcyclist,-,Union,Not in City Limit,7
98006,400420151,1,0,36.06677,-86.4305,3,2025-12-21 19:55:00,2025,12,21,19,55,Sunday,19:55,Fatal,Dark-Not Lighted,Clear,"Over Turn, Roll Over",None,THP District 3 - Nashville,THP,Unbelted,-,Drinking,-,-,-,-,-,-,-,-,-,-,Wilson,Not in City Limit,1
98009,400420183,0,3,35.99502,-89.11688,8,2025-12-27 05:37:00,2025,12,27,5,37,Saturday,05:37,Suspected Serious Injury,Dark-Not Lighted,Fog,Motor Vehicle-In-Transport On Same Roadway,None,THP District 8 - Jackson,THP,Unbelted,-,-,Drug,-,-,-,-,-,-,-,-,-,Gibson,Not in City Limit,7
98017,400420216,0,1,36.24317,-82.91645,5,2025-12-28 02:28:00,2025,12,28,2,28,Sunday,02:28,Suspected Serious Injury,Dark-Not Lighted,Cloudy,Utility Pole,None,THP District 5 - Fall Branch,THP,Unbelted,-,-,-,-,-,-,-,-,-,-,-,-,Greene,Not in City Limit,1
98026,400420246,0,5,36.11222,-83.257,5,2025-12-27 04:00:00,2025,12,27,4,0,Saturday,04:00,Suspected Serious Injury,Dark-Lighted,Clear,"Over Turn, Roll Over",None,THP District 5 - Fall Branch,THP,Unbelted,-,Drinking,Drug,-,-,-,-,-,-,-,-,-,Jefferson,White Pine,7
98031,400420261,0,1,35.03374,-89.69566,4,2025-12-27 10:13:00,2025,12,27,10,13,Saturday,10:13,Suspected Serious Injury,Daylight,Cloudy,Motor Vehicle-In-Transport On Same Roadway,None,COLLIERVILLE POLICE DEPT,Other,Unbelted,Distracted,Drinking,Drug,-,-,-,-,-,-,-,-,-,Shelby,Collierville,7
98037,400420294,1,0,35.33134,-86.22108,2,2025-12-25 09:33:00,2025,12,25,9,33,Thursday,09:33,Fatal,Daylight,Rain,Ditch,None,THP District 2 - Chattanooga,THP,-,-,-,Drug,-,Speeding,-,-,-,-,-,Motorcyclist,-,Franklin,Not in City Limit,5
98049,400420368,0,3,35.84416,-83.21923,5,2025-12-28 12:14:00,2025,12,28,12,14,Sunday,12:14,Suspected Serious Injury,Daylight,Cloudy,Motor Vehicle-In-Transport On Same Roadway,None,THP District 5 - Fall Branch,THP,Unbelted,-,-,-,-,-,-,-,-,-,-,-,-,Cocke,Not in City Limit,1
98062,400420428,0,1,36.15222,-86.84232,3,2025-12-28 14:15:00,2025,12,28,14,15,Sunday,14:15,Suspected Serious Injury,Daylight,Cloudy,Pedestrian,None,METROPOLITAN NASHVILLE POLICE DEPT,Other,Unbelted,-,-,-,-,-,-,Pedestrian,-,-,-,-,-,Davidson,Nashville,1
98069,400420492,0,3,36.50571,-87.21323,3,2025-12-28 15:28:00,2025,12,28,15,28,Sunday,15:28,Suspected Serious Injury,Daylight,Clear,Motor Vehicle-In-Transport On Same Roadway,None,THP District 3 - Nashville,THP,Unbelted,-,-,-,-,-,-,-,-,-,-,-,-,Montgomery,Not in City Limit,1
98077,400420526,0,1,35.17229,-84.64553,2,2025-12-25 00:56:00,2025,12,25,0,56,Thursday,00:56,Suspected Serious Injury,Dark-Not Lighted,Cloudy,Guard Rail Face,None,THP District 2 - Chattanooga,THP,-,-,Drinking,-,-,-,-,-,-,-,-,Motorcyclist,-,Polk,Benton,5
98082,400420558,0,1,35.84901,-83.18687,5,2025-12-28 20:42:00,2025,12,28,20,42,Sunday,20:42,Suspected Serious Injury,Dark-Not Lighted,Clear,Building,None,THP District 5 - Fall Branch,THP,Unbelted,-,-,-,-,Speeding,-,-,-,-,-,-,-,Cocke,Not in City Limit,1
98104,400420698,1,0,36.06234,-86.63794,3,2025-12-26 17:39:00,2025,12,26,17,39,Friday,17:39,Fatal,Dark-Not Lighted,Clear,Pedestrian,None,METROPOLITAN NASHVILLE POLICE DEPT,Other,Unbelted,-,-,-,-,-,-,Pedestrian,-,-,-,-,-,Davidson,Nashville,6
98110,400420728,1,0,36.25306,-89.31042,8,2025-12-29 06:00:00,2025,12,29,6,0,Monday,06:00,Fatal,Dawn,Clear,"Over Turn, Roll Over",None,THP District 8 - Jackson,THP,Unbelted,-,-,-,-,-,-,-,-,-,-,-,-,Obion,Not in City Limit,2
98116,400420780,0,1,35.64079,-88.2694,8,2025-12-29 07:32:00,2025,12,29,7,32,Monday,07:32,Suspected Serious Injury,Daylight,Clear,Standing Tree,None,THP District 8 - Jackson,THP,Unbelted,-,-,-,-,-,-,-,-,-,-,-,-,Henderson,Not in City Limit,2
98118,400420797,0,1,35.0943,-89.72995,4,2025-12-28 13:45:00,2025,12,28,13,45,Sunday,13:45,Suspected Serious Injury,Daylight,Cloudy,"Over Turn, Roll Over",None,COLLIERVILLE POLICE DEPT,Other,-,-,-,-,-,-,-,-,-,-,-,Motorcyclist,-,Shelby,Collierville,1
98129,400420898,0,3,35.89254,-84.54548,1,2025-12-29 00:00:00,2025,12,29,24,0,Monday,24:00,Suspected Serious Injury,Daylight,Clear,Motor Vehicle-In-Transport On Same Roadway,None,HARRIMAN POLICE DEPT,Other,Unbelted,-,-,-,-,-,-,-,-,-,-,-,-,Roane,Harriman,2
98134,400420926,0,1,35.3363,-85.41548,2,2025-12-26 04:59:00,2025,12,26,4,59,Friday,04:59,Suspected Serious Injury,Dark-Not Lighted,Clear,Curb,None,SEQUATCHIE CO SHERIFFS DEPT,Other,Unbelted,-,-,-,Drowsy,-,-,-,-,-,-,-,-,Sequatchie,Not in City Limit,6
98140,400420990,0,1,36.19151,-84.10596,1,2025-12-29 15:56:00,2025,12,29,15,56,Monday,15:56,Suspected Serious Injury,Daylight,Cloudy,Motor Vehicle-In-Transport On Same Roadway,None,THP District 1 - Knoxville,THP,Unbelted,-,-,-,-,Speeding,-,-,-,-,-,-,-,Anderson,Not in City Limit,2
98151,400421043,0,1,35.84836,-86.43036,3,2025-12-29 21:32:00,2025,12,29,21,32,Monday,21:32,Suspected Serious Injury,Dark-Not Lighted,Clear,Pedestrian,None,MURFREESBORO POLICE DEPT,Other,Unbelted,-,-,-,-,-,-,Pedestrian,-,-,-,-,-,Rutherford,Murfreesboro,2
98153,400421049,0,1,35.12791,-87.11651,7,2025-12-30 01:15:00,2025,12,30,1,15,Tuesday,01:15,Suspected Serious Injury,Dark-Not Lighted,Clear,Utility Pole,None,THP District 7 - Lawrenceburg,THP,Unbelted,-,Drinking,-,-,-,-,-,-,-,-,-,-,Giles,Not in City Limit,3
98162,400421091,0,2,35.65637,-88.40751,8,2025-12-29 14:50:00,2025,12,29,14,50,Monday,14:50,Suspected Serious Injury,Daylight,Clear,Motor Vehicle-In-Transport On Same Roadway,None,LEXINGTON POLICE DEPT,Other,Unbelted,-,-,-,-,-,-,-,-,-,ATV_Involved,-,-,Henderson,Lexington,2
98173,400421144,0,2,36.32897,-85.65835,6,2025-12-30 09:16:00,2025,12,30,9,16,Tuesday,09:16,Suspected Serious Injury,Daylight,Clear,Motor Vehicle-In-Transport On Same Roadway,None,THP District 6 - Cookeville,THP,Unbelted,-,-,-,-,-,-,-,-,-,-,-,-,Jackson,Gainesboro,3
98182,400421176,0,2,35.19059,-89.93744,4,2025-12-30 09:14:00,2025,12,30,9,14,Tuesday,09:14,Suspected Serious Injury,Daylight,Clear,Motor Vehicle-In-Transport On Same Roadway,None,THP District 8 - Jackson,THP,Unbelted,-,-,-,-,-,-,-,-,-,-,-,-,Shelby,Memphis,3
98185,400421204,0,1,36.18719,-86.77338,3,2025-12-30 12:35:00,2025,12,30,12,35,Tuesday,12:35,Suspected Serious Injury,Daylight,Clear,Motor Vehicle-In-Transport On Same Roadway,None,METROPOLITAN NASHVILLE POLICE DEPT,Other,Unbelted,-,-,-,-,-,-,-,-,-,-,-,-,Davidson,Nashville,3
98207,400421365,0,2,35.27052,-87.31536,7,2025-12-30 16:34:00,2025,12,30,16,34,Tuesday,16:34,Suspected Serious Injury,Daylight,Clear,Motor Vehicle-In-Transport On Same Roadway,None,LAWRENCEBURG POLICE DEPT,Other,Unbelted,-,-,-,-,-,-,-,-,-,-,-,-,Lawrence,Lawrenceburg,3
98243,400421527,0,1,36.19255,-86.61741,3,2025-12-30 22:47:00,2025,12,30,22,47,Tuesday,22:47,Suspected Serious Injury,Dark-Lighted,Clear,Motor Vehicle-In-Transport On Same Roadway,None,METROPOLITAN NASHVILLE POLICE DEPT,Other,Unbelted,-,Drinking,Drug,-,-,-,-,-,-,-,-,-,Davidson,Nashville,3
98256,400421595,1,0,35.77891,-84.09185,1,2025-12-28 17:11:00,2025,12,28,17,11,Sunday,17:11,Fatal,Daylight,Clear,Utility Pole,None,THP District 1 - Knoxville,THP,Unbelted,-,-,-,-,-,-,-,-,-,-,-,-,Blount,Not in City Limit,1
98264,400421678,0,1,35.62536,-84.90312,2,2025-12-31 08:11:00,2025,12,31,8,11,Wednesday,08:11,Suspected Serious Injury,Daylight,Clear,Fence,None,THP District 2 - Chattanooga,THP,Unbelted,-,-,-,-,-,-,-,-,-,-,-,-,Rhea,Not in City Limit,4
98272,400421745,0,1,36.19444,-82.06576,5,2025-12-31 09:01:00,2025,12,31,9,1,Wednesday,09:01,Suspected Serious Injury,Daylight,Clear,Guard Rail Face,None,CARTER CO SHERIFFS DEPT,Other,Unbelted,-,-,-,-,Speeding,-,-,-,-,-,-,-,Carter,Not in City Limit,4
98276,400421786,1,0,36.32065,-86.63788,3,2025-12-22 19:41:00,2025,12,22,19,41,Monday,19:41,Fatal,Dark-Not Lighted,Clear,Guard Rail Face,None,THP District 3 - Nashville,THP,-,-,-,-,-,-,-,-,-,-,-,Motorcyclist,-,Sumner,Hendersonville,2
98286,400421842,0,2,36.58807,-82.61123,5,2025-12-30 21:45:00,2025,12,30,21,45,Tuesday,21:45,Suspected Serious Injury,Dark-Not Lighted,Clear,Motor Vehicle-In-Transport On Same Roadway,None,MOUNT CARMEL POLICE DEPT,Other,Unbelted,-,Drinking,-,-,Speeding,-,-,-,-,-,-,-,Hawkins,Mount Carmel,3
98295,400421899,0,1,35.52269,-86.32129,7,2025-12-30 16:08:00,2025,12,30,16,8,Tuesday,16:08,Suspected Serious Injury,Daylight,Clear,Ditch,None,THP District 7 - Lawrenceburg,THP,Unbelted,-,Drinking,Drug,-,-,-,-,-,-,-,-,-,Bedford,Wartrace,3
98296,400421901,0,1,36.0098,-84.12418,1,2025-12-31 15:58:00,2025,12,31,15,58,Wednesday,15:58,Suspected Serious Injury,Daylight,Clear,Pedestrian,None,THP District 1 - Knoxville,THP,Unbelted,-,-,-,-,-,-,Pedestrian,-,-,-,-,-,Anderson,Not in City Limit,4
98305,400421987,0,1,35.87863,-83.43662,1,2025-12-28 00:50:00,2025,12,28,0,50,Sunday,00:50,Suspected Serious Injury,Dark-Not Lighted,Clear,Utility Pole,None,SEVIER CO SHERIFFS OFFICE,Other,Unbelted,-,Drinking,-,-,-,-,-,-,-,-,-,-,Sevier,Not in City Limit,1
98309,400421997,0,2,35.30476,-84.56267,2,2025-12-31 23:05:00,2025,12,31,23,5,Wednesday,23:05,Suspected Serious Injury,Dark-Not Lighted,Clear,Deer,None,THP District 2 - Chattanooga,THP,-,-,Drinking,-,-,-,-,-,-,-,-,Motorcyclist,-,McMinn,Not in City Limit,4
98311,400422015,0,3,36.00726,-86.61273,3,2025-12-31 21:28:00,2025,12,31,21,28,Wednesday,21:28,Suspected Serious Injury,Dark-Not Lighted,Clear,Motor Vehicle-In-Transport On Same Roadway,None,THP District 3 - Nashville,THP,Unbelted,-,Drinking,Drug,-,-,-,-,-,-,-,-,-,Rutherford,Lavergne,4
98318,400422053,0,2,36.15683,-86.7808,3,2026-01-01 01:20:00,2026,1,1,1,20,Thursday,01:20,Suspected Serious Injury,Dark-Lighted,Clear,Pedestrian,None,METROPOLITAN NASHVILLE POLICE DEPT,Other,Unbelted,-,-,-,-,-,-,Pedestrian,-,-,-,-,-,Davidson,Nashville,5
98319,400422055,0,1,35.44532,-86.88328,7,2026-01-01 03:01:00,2026,1,1,3,1,Thursday,03:01,Suspected Serious Injury,Dark-Lighted,Clear,"Over Turn, Roll Over",None,THP District 7 - Lawrenceburg,THP,Unbelted,Distracted,-,-,Drowsy,-,-,-,-,-,-,-,-,Marshall,Not in City Limit,5
98328,400422088,1,1,36.15379,-86.75588,3,2026-01-01 01:29:00,2026,1,1,1,29,Thursday,01:29,Fatal,Dark-Lighted,Clear,Pedestrian,None,METROPOLITAN NASHVILLE POLICE DEPT,Other,Unbelted,-,-,-,-,-,-,Pedestrian,-,-,-,-,-,Davidson,Nashville,5
98329,400422101,1,0,36.12069,-86.75008,3,2026-01-01 01:30:00,2026,1,1,1,30,Thursday,01:30,Fatal,Dark-Lighted,Clear,Pedestrian,None,METROPOLITAN NASHVILLE POLICE DEPT,Other,-,-,-,-,-,-,-,Pedestrian,-,-,-,-,-,Davidson,Nashville,5
98340,400422144,1,1,36.25597,-86.09593,6,2025-12-31 16:45:00,2025,12,31,16,45,Wednesday,16:45,Fatal,Daylight,Clear,Motor Vehicle-In-Transport On Same Roadway,None,THP District 6 - Cookeville,THP,Unbelted,-,Drinking,Drug,-,-,-,-,-,-,-,-,-,Smith,Not in City Limit,4
98350,400422257,0,1,36.36097,-85.86481,6,2025-12-31 16:20:00,2025,12,31,16,20,Wednesday,16:20,Suspected Serious Injury,Daylight,Clear,Ditch,None,THP District 6 - Cookeville,THP,Unbelted,-,-,-,-,Speeding,-,-,-,-,-,-,-,Smith,Not in City Limit,4
98357,400422289,0,1,36.04843,-85.15125,6,2025-12-31 07:31:00,2025,12,31,7,31,Wednesday,07:31,Suspected Serious Injury,Daylight,Clear,Motor Vehicle-In-Transport On Same Roadway,None,CUMBERLAND CO SHERIFFS OFFICE,Other,Unbelted,-,-,-,-,-,-,-,-,-,-,-,-,Cumberland,Not in City Limit,4
98360,400422298,0,1,35.60597,-86.75362,7,2025-12-31 17:20:00,2025,12,31,17,20,Wednesday,17:20,Suspected Serious Injury,Dark-Not Lighted,Clear,Motor Vehicle-In-Transport On Same Roadway,None,THP District 7 - Lawrenceburg,THP,Unbelted,Distracted,Drinking,Drug,-,-,-,-,-,-,-,-,-,Marshall,Not in City Limit,4
98363,400422309,0,2,36.00948,-86.49509,3,2026-01-01 14:59:00,2026,1,1,14,59,Thursday,14:59,Suspected Serious Injury,Daylight,Clear,Ditch,None,SMYRNA POLICE DEPT,Other,Unbelted,-,Drinking,-,-,-,-,-,-,-,-,-,-,Rutherford,Smyrna,5
98374,400422360,1,0,35.8681,-86.09606,6,2026-01-01 12:44:00,2026,1,1,12,44,Thursday,12:44,Fatal,Daylight,Clear,Other Non-Collision,None,THP District 6 - Cookeville,THP,-,-,-,-,-,-,-,-,-,-,-,Motorcyclist,-,Cannon,Not in City Limit,5
98375,400422362,0,2,35.34929,-89.51946,4,2026-01-01 00:00:00,2026,1,1,24,0,Thursday,24:00,Suspected Serious Injury,Dark-Not Lighted,Clear,Motor Vehicle-In-Transport On Same Roadway,None,THP District 4 - Memphis,THP,Unbelted,-,-,-,-,-,-,-,-,-,-,-,-,Fayette,Not in City Limit,5
98376,400422374,1,1,35.8681,-86.09606,6,2026-01-01 12:44:00,2026,1,1,12,44,Thursday,12:44,Fatal,Daylight,Clear,Other Non-Collision,None,THP District 6 - Cookeville,THP,-,-,-,-,-,-,-,-,-,-,-,Motorcyclist,-,Cannon,Not in City Limit,5
98379,400422379,0,1,35.94579,-86.52327,3,2026-01-01 18:48:00,2026,1,1,18,48,Thursday,18:48,Suspected Serious Injury,Dark-Not Lighted,Clear,Motor Vehicle-In-Transport On Same Roadway,None,SMYRNA POLICE DEPT,Other,Unbelted,-,-,-,-,-,-,-,-,-,-,-,-,Rutherford,Smyrna,5
98384,400422409,0,2,35.82954,-86.38103,3,2026-01-01 02:10:00,2026,1,1,2,10,Thursday,02:10,Suspected Serious Injury,Dark-Lighted,Clear,Motor Vehicle-In-Transport On Different Roadway,None,MURFREESBORO POLICE DEPT,Other,Unbelted,-,-,-,-,-,-,-,-,-,-,-,-,Rutherford,Murfreesboro,5
98389,400422430,0,1,35.89956,-84.43082,1,2025-12-27 00:49:00,2025,12,27,0,49,Saturday,00:49,Suspected Serious Injury,Dark-Not Lighted,Clear,Other Post/Pole Support,None,THP District 1 - Knoxville,THP,-,-,Drinking,-,-,-,-,-,-,-,-,Motorcyclist,-,Roane,Not in City Limit,7
98396,400422489,0,1,36.01986,-83.9226,1,2025-12-30 14:40:00,2025,12,30,14,40,Tuesday,14:40,Suspected Serious Injury,Daylight,Clear,Concrete Traffic Barrier,None,THP District 1 - Knoxville,THP,Unbelted,-,-,-,-,Speeding,-,-,-,-,-,-,-,Knox,Knoxville,3
98404,400422556,0,1,35.86725,-86.0952,6,2026-01-01 12:26:00,2026,1,1,12,26,Thursday,12:26,Suspected Serious Injury,Daylight,Clear,Ditch,None,THP District 6 - Cookeville,THP,-,-,-,-,-,-,-,-,-,-,-,Motorcyclist,-,Cannon,Not in City Limit,5
98414,400422623,0,2,36.26306,-86.71191,3,2026-01-02 05:25:00,2026,1,2,5,25,Friday,05:25,Suspected Serious Injury,Dark-Lighted,Clear,Motor Vehicle-In-Transport On Same Roadway,None,METROPOLITAN NASHVILLE POLICE DEPT,Other,Unbelted,-,-,-,-,-,-,-,-,-,-,-,-,Davidson,Nashville,6
98429,400422714,0,3,34.98991,-85.48869,2,2026-01-01 17:11:00,2026,1,1,17,11,Thursday,17:11,Suspected Serious Injury,Dark-Not Lighted,Clear,Motor Vehicle-In-Transport On Same Roadway,None,THP District 2 - Chattanooga,THP,Unbelted,-,-,-,-,-,-,-,-,-,-,-,-,Marion,Not in City Limit,5
98465,400422940,0,2,35.97232,-85.15959,6,2026-01-02 17:10:00,2026,1,2,17,10,Friday,17:10,Suspected Serious Injury,Dark-Not Lighted,Clear,Motor Vehicle-In-Transport On Same Roadway,None,THP District 6 - Cookeville,THP,Unbelted,-,-,-,-,-,-,-,-,-,-,-,-,Cumberland,Not in City Limit,6
98468,400422958,0,1,35.87315,-84.06491,1,2026-01-02 21:59:00,2026,1,2,21,59,Friday,21:59,Suspected Serious Injury,Dark-Not Lighted,Rain,Motor Vehicle-In-Transport On Same Roadway,None,KNOX CO SHERIFFS OFFICE,Other,Unbelted,-,-,-,-,-,-,-,-,-,-,Motorcyclist,-,Knox,Not in City Limit,6
98476,400422993,2,1,35.96029,-83.96672,1,2026-01-01 03:59:00,2026,1,1,3,59,Thursday,03:59,Fatal,Dark-Lighted,Clear,Utility Pole,None,THP District 1 - Knoxville,THP,Unbelted,-,Drinking,Drug,-,Speeding,-,-,-,-,-,-,-,Knox,Knoxville,5
98483,400423041,0,1,35.55538,-89.31564,4,2026-01-02 12:50:00,2026,1,2,12,50,Friday,12:50,Suspected Serious Injury,Daylight,Rain,Standing Tree,None,THP District 4 - Memphis,THP,Unbelted,-,-,-,-,Speeding,-,-,-,-,-,-,-,Haywood,Not in City Limit,6
98507,400423234,0,1,36.21684,-82.34466,5,2026-01-03 17:04:00,2026,1,3,17,4,Saturday,17:04,Suspected Serious Injury,Dusk,Clear,Concrete Traffic Barrier,None,THP District 5 - Fall Branch,THP,Unbelted,-,-,-,-,-,-,-,-,-,-,-,-,Unicoi,Unicoi,7
98509,400423263,0,1,35.20863,-85.08153,2,2026-01-03 17:48:00,2026,1,3,17,48,Saturday,17:48,Suspected Serious Injury,Dark-Not Lighted,Clear,Embankment Earth,None,HAMILTON COUNTY SHERIFF'S OFFICE,Other,Unbelted,-,-,-,-,-,-,-,-,-,-,-,-,Hamilton,Not in City Limit,7
98528,400423369,0,1,35.0878,-85.01491,2,2026-01-02 12:00:00,2026,1,2,12,0,Friday,12:00,Suspected Serious Injury,Daylight,Clear,Ditch,None,COLLEGEDALE POLICE DEPT,Other,Unbelted,-,-,-,-,Speeding,-,-,-,-,-,-,-,Hamilton,Collegedale,6
98530,400423371,0,2,35.46257,-86.78423,7,2026-01-03 19:14:00,2026,1,3,19,14,Saturday,19:14,Suspected Serious Injury,Dark-Lighted,Clear,Motor Vehicle-In-Transport On Same Roadway,None,LEWISBURG POLICE DEPT,Other,Unbelted,Distracted,-,-,-,-,-,-,-,-,-,-,-,Marshall,Lewisburg,7
98533,400423378,0,4,36.54921,-87.45896,3,2026-01-01 01:59:00,2026,1,1,1,59,Thursday,01:59,Suspected Serious Injury,Dark-Not Lighted,Clear,Standing Tree,None,THP District 3 - Nashville,THP,Unbelted,-,Drinking,-,-,-,-,-,-,-,-,-,-,Montgomery,Not in City Limit,5
98535,400423380,0,1,36.02345,-88.63868,8,2026-01-02 21:42:00,2026,1,2,21,42,Friday,21:42,Suspected Serious Injury,Dark-Not Lighted,Clear,Standing Tree,None,THP District 8 - Jackson,THP,Unbelted,-,-,-,-,-,-,-,-,-,-,-,-,Carroll,Not in City Limit,6
98540,400423420,0,1,36.08442,-86.72791,3,2026-01-04 03:20:00,2026,1,4,3,20,Sunday,03:20,Suspected Serious Injury,Dark-Lighted,Clear,Utility Pole,None,METROPOLITAN NASHVILLE POLICE DEPT,Other,Unbelted,-,Drinking,-,-,-,-,-,-,-,-,-,-,Davidson,Nashville,1
98541,400423425,0,1,35.61753,-84.76751,2,2026-01-03 06:52:00,2026,1,3,6,52,Saturday,06:52,Suspected Serious Injury,Dark-Not Lighted,Rain,Standing Tree,None,THP District 2 - Chattanooga,THP,Unbelted,-,-,-,-,-,-,-,-,-,-,-,-,Meigs,Not in City Limit,7