OBJECTID,MRN,Fatality,Injury,Latitude,Longitude,THP_District,Collision_Date,Collision_Year,Collision_Month,Collision_Day,Collision_Hour,Collision_Min,Collision_DOW,Collision_Time,Crash_Type,Light_Condition,Weather,First_Harmfu_Event,Work_Zone_Type,Agency_Name,THP,Unbelted,Distracted_Driver,Driver_Drinking,Driver_Drugged,Drowsy_Driver,Speeding_Involved,Pedalcyclist,Pedestrian,Other_Nonmotorist,ATV_Involved,LargeTruck_Involved,Motorcycle_Involved,SchoolBus,County,City,DOW_Nmb
98544,400423460,0,4,35.11154,-84.59326,2,2026-01-03 10:21:00,2026,1,3,10,21,Saturday,10:21,Suspected Serious Injury,Daylight,Clear,Standing Tree,None,THP District 2 - Chattanooga,THP,Unbelted,-,-,-,Drowsy,-,-,-,-,-,-,-,-,Polk,Not in City Limit,7
98551,400423542,0,1,35.38786,-84.91076,2,2026-01-03 20:03:00,2026,1,3,20,3,Saturday,20:03,Suspected Serious Injury,Dark-Not Lighted,Clear,"Over Turn, Roll Over",None,THP District 2 - Chattanooga,THP,Unbelted,Distracted,-,-,-,-,-,-,-,-,-,-,-,Meigs,Not in City Limit,7
98558,400423618,0,1,35.53261,-84.72622,2,2026-01-02 21:52:00,2026,1,2,21,52,Friday,21:52,Suspected Serious Injury,Dark-Not Lighted,Clear,Utility Pole,None,THP District 2 - Chattanooga,THP,Unbelted,-,-,-,-,Speeding,-,-,-,-,-,-,-,Meigs,Not in City Limit,6
98562,400423626,1,0,35.86894,-84.29766,1,2026-01-03 21:52:00,2026,1,3,21,52,Saturday,21:52,Fatal,Dark-Lighted,Clear,Guard Rail Face,None,THP District 1 - Knoxville,THP,Unbelted,-,-,-,-,-,-,-,-,-,ATV_Involved,-,-,Loudon,Not in City Limit,7
98570,400423669,0,2,35.21465,-87.26092,7,2026-01-04 15:54:00,2026,1,4,15,54,Sunday,15:54,Suspected Serious Injury,Daylight,Clear,"Over Turn, Roll Over",None,THP District 7 - Lawrenceburg,THP,-,-,-,-,-,Speeding,-,-,-,-,-,-,-,Lawrence,Not in City Limit,1
98590,400423766,0,1,35.55013,-87.60673,7,2026-01-05 01:15:00,2026,1,5,1,15,Monday,01:15,Suspected Serious Injury,Dark-Not Lighted,Clear,Embankment Earth,None,THP District 7 - Lawrenceburg,THP,Unbelted,-,-,-,-,-,-,-,-,-,-,-,-,Lewis,Not in City Limit,2
98618,400423962,1,2,35.32855,-89.47046,4,2026-01-04 18:10:00,2026,1,4,18,10,Sunday,18:10,Fatal,Dark-Not Lighted,Clear,Motor Vehicle-In-Transport On Same Roadway,None,THP District 4 - Memphis,THP,Unbelted,-,Drinking,Drug,-,-,-,-,-,-,-,-,-,Fayette,Not in City Limit,1
98641,400424150,0,1,36.60104,-86.58831,3,2026-01-05 13:23:00,2026,1,5,13,23,Monday,13:23,Suspected Serious Injury,Daylight,Clear,Standing Tree,None,THP District 3 - Nashville,THP,Unbelted,-,-,-,-,-,-,-,-,-,-,-,-,Robertson,Not in City Limit,2
98643,400424164,0,3,35.1625,-89.12293,4,2026-01-05 16:28:00,2026,1,5,16,28,Monday,16:28,Suspected Serious Injury,Daylight,Clear,Motor Vehicle-In-Transport On Same Roadway,None,THP District 4 - Memphis,THP,Unbelted,-,-,-,-,-,-,-,-,-,-,-,-,Hardeman,Not in City Limit,2
98646,400424179,0,5,35.2668,-87.28388,7,2026-01-04 22:15:00,2026,1,4,22,15,Sunday,22:15,Suspected Serious Injury,Dark-Not Lighted,Clear,Standing Tree,None,THP District 7 - Lawrenceburg,THP,Unbelted,-,Drinking,Drug,-,Speeding,-,-,-,-,-,-,-,Lawrence,Not in City Limit,1
98648,400424186,0,1,36.57148,-87.18239,3,2026-01-01 00:00:00,2026,1,1,24,0,Thursday,24:00,Suspected Serious Injury,Dark-Not Lighted,Clear,Standing Tree,None,MONTGOMERY CO SHERIFFS OFFICE,Other,Unbelted,-,Drinking,-,-,-,-,-,-,-,-,-,-,Montgomery,Not in City Limit,5
98655,400424225,0,1,36.33287,-85.96497,6,2026-01-05 18:05:00,2026,1,5,18,5,Monday,18:05,Suspected Serious Injury,Dark-Not Lighted,Clear,Pedestrian,None,THP District 6 - Cookeville,THP,Unbelted,-,-,-,-,-,-,Pedestrian,-,-,-,-,-,Smith,Not in City Limit,2
98657,400424250,0,2,36.04546,-86.64721,3,2026-01-05 18:20:00,2026,1,5,18,20,Monday,18:20,Suspected Serious Injury,Dark-Lighted,Clear,Motor Vehicle-In-Transport On Same Roadway,None,METROPOLITAN NASHVILLE POLICE DEPT,Other,Unbelted,-,-,-,-,Speeding,-,-,-,-,-,-,-,Davidson,Nashville,2
98659,400424274,0,1,35.67366,-89.23175,4,2026-01-04 16:07:00,2026,1,4,16,7,Sunday,16:07,Suspected Serious Injury,Daylight,Clear,Ditch,None,THP District 4 - Memphis,THP,Unbelted,-,-,-,-,-,-,-,-,-,-,-,-,Haywood,Not in City Limit,1
98662,400424289,1,0,36.17253,-86.64962,3,2026-01-04 19:12:00,2026,1,4,19,12,Sunday,19:12,Fatal,Dark-Lighted,Clear,Standing Tree,None,METROPOLITAN NASHVILLE POLICE DEPT,Other,Unbelted,-,Drinking,-,-,-,-,-,-,-,-,-,-,Davidson,Nashville,1
98666,400424302,0,1,36.18693,-86.75,3,2026-01-02 20:57:00,2026,1,2,20,57,Friday,20:57,Suspected Serious Injury,Dark-Lighted,Clear,Pedestrian,None,METROPOLITAN NASHVILLE POLICE DEPT,Other,Unbelted,-,-,-,-,-,-,Pedestrian,-,-,-,-,-,Davidson,Nashville,6
98667,400424306,1,1,35.6787,-88.72795,8,2026-01-05 17:33:00,2026,1,5,17,33,Monday,17:33,Fatal,Dark-Not Lighted,Clear,Motor Vehicle-In-Transport On Same Roadway,None,THP District 8 - Jackson,THP,Unbelted,-,-,-,-,-,-,-,-,-,-,Motorcyclist,-,Madison,Not in City Limit,2
98670,400424311,1,0,36.18401,-86.79823,3,2026-01-04 02:27:00,2026,1,4,2,27,Sunday,02:27,Fatal,Dark-Lighted,Clear,Pedestrian,None,METROPOLITAN NASHVILLE POLICE DEPT,Other,Unbelted,-,-,-,-,-,-,Pedestrian,-,-,-,-,-,Davidson,Nashville,1
98678,400424351,0,1,35.88529,-83.78225,1,2026-01-06 04:33:00,2026,1,6,4,33,Tuesday,04:33,Suspected Serious Injury,Dark-Not Lighted,Clear,Ditch,None,SEVIER CO SHERIFFS OFFICE,Other,Unbelted,-,-,-,-,-,-,-,-,-,-,-,-,Sevier,Not in City Limit,3
98680,400424374,0,2,36.31429,-84.20432,1,2026-01-05 13:11:00,2026,1,5,13,11,Monday,13:11,Suspected Serious Injury,Daylight,Clear,Motor Vehicle-In-Transport On Same Roadway,None,THP District 1 - Knoxville,THP,Unbelted,-,-,Drug,-,-,-,-,-,-,-,-,-,Campbell,Caryville,2
98684,400424387,0,2,35.86048,-84.07034,1,2026-01-05 14:47:00,2026,1,5,14,47,Monday,14:47,Suspected Serious Injury,Daylight,Clear,Motor Vehicle-In-Transport On Same Roadway,None,KNOXVILLE POLICE DEPT,Other,Unbelted,-,-,-,-,-,-,-,-,-,-,-,-,Knox,Knoxville,2
98693,400424430,0,5,36.06298,-84.44921,1,2026-01-04 20:06:00,2026,1,4,20,6,Sunday,20:06,Suspected Serious Injury,Dark-Lighted,Clear,Mail Box,None,THP District 1 - Knoxville,THP,Unbelted,Distracted,-,Drug,-,-,-,-,-,-,-,-,-,Morgan,Not in City Limit,1
98702,400424525,1,2,36.07745,-86.6579,3,2026-01-05 17:44:00,2026,1,5,17,44,Monday,17:44,Fatal,Dark-Lighted,Cloudy,Motor Vehicle-In-Transport On Same Roadway,None,METROPOLITAN NASHVILLE POLICE DEPT,Other,Unbelted,-,Drinking,Drug,-,Speeding,-,-,-,-,-,-,-,Davidson,Nashville,2
98712,400424568,0,2,35.89174,-85.80383,6,2026-01-06 10:25:00,2026,1,6,10,25,Tuesday,10:25,Suspected Serious Injury,Daylight,Cloudy,Motor Vehicle-In-Transport On Same Roadway,None,THP District 6 - Cookeville,THP,Unbelted,-,-,-,-,-,-,-,-,-,-,-,-,DeKalb,Not in City Limit,3
98714,400424582,0,1,35.38233,-86.22488,2,2026-01-06 11:56:00,2026,1,6,11,56,Tuesday,11:56,Suspected Serious Injury,Daylight,Rain,Culvert,Construction Zone,THP District 2 - Chattanooga,THP,Unbelted,-,-,-,-,Speeding,-,-,-,-,-,-,-,Coffee,Tullahoma,3
98717,400424599,0,2,35.3577,-87.80026,7,2026-01-06 13:00:00,2026,1,6,13,0,Tuesday,13:00,Suspected Serious Injury,Daylight,Cloudy,Standing Tree,None,THP District 7 - Lawrenceburg,THP,Unbelted,-,-,-,-,Speeding,-,-,-,-,-,-,-,Wayne,Not in City Limit,3
98725,400424635,0,1,36.02602,-86.53995,3,2026-01-06 12:50:00,2026,1,6,12,50,Tuesday,12:50,Suspected Serious Injury,Daylight,Cloudy,Standing Tree,None,LAVERGNE POLICE DEPT,Other,Unbelted,-,-,-,-,-,-,-,-,-,-,-,-,Rutherford,Lavergne,3
98735,400424702,0,1,36.47011,-86.04392,6,2026-01-06 15:49:00,2026,1,6,15,49,Tuesday,15:49,Suspected Serious Injury,Dusk,Clear,Motor Vehicle-In-Transport On Same Roadway,None,THP District 6 - Cookeville,THP,Unbelted,-,-,-,-,-,-,-,-,-,-,-,-,Macon,Not in City Limit,3
98736,400424705,0,2,35.1905,-84.89492,2,2026-01-06 14:20:00,2026,1,6,14,20,Tuesday,14:20,Suspected Serious Injury,Daylight,Cloudy,Motor Vehicle-In-Transport On Same Roadway,None,THP District 2 - Chattanooga,THP,Unbelted,Distracted,-,-,-,-,-,-,-,-,ATV_Involved,-,-,Bradley,Cleveland,3
98749,400424768,0,3,35.64789,-85.20061,2,2026-01-06 16:58:00,2026,1,6,16,58,Tuesday,16:58,Suspected Serious Injury,Daylight,Fog,Motor Vehicle-In-Transport On Same Roadway,None,THP District 2 - Chattanooga,THP,Unbelted,-,-,-,-,-,-,-,-,-,-,-,-,Bledsoe,Not in City Limit,3
98752,400424797,0,2,35.43419,-88.6485,8,2026-01-06 05:06:00,2026,1,6,5,6,Tuesday,05:06,Suspected Serious Injury,Dark-Lighted,Clear,Motor Vehicle-In-Transport On Different Roadway,None,HENDERSON POLICE DEPT,Other,Unbelted,-,-,-,-,-,-,-,-,-,-,-,-,Chester,Henderson,3
98758,400424850,0,2,36.03803,-83.43882,5,2026-01-06 18:30:00,2026,1,6,18,30,Tuesday,18:30,Suspected Serious Injury,Dark-Lighted,Clear,Motor Vehicle-In-Transport On Same Roadway,None,DANDRIDGE POLICE DEPT,Other,Unbelted,-,-,-,-,-,-,-,-,-,-,-,-,Jefferson,Dandridge,3
98765,400424890,0,2,36.58016,-82.74114,5,2026-01-06 20:00:00,2026,1,6,20,0,Tuesday,20:00,Suspected Serious Injury,Dark-Lighted,Clear,Embankment Earth,None,THP District 5 - Fall Branch,THP,Unbelted,-,Drinking,-,-,Speeding,-,-,-,-,-,-,-,Hawkins,Not in City Limit,3
98766,400424898,1,0,36.43357,-83.61527,5,2026-01-06 23:31:00,2026,1,6,23,31,Tuesday,23:31,Fatal,Dark-Not Lighted,Clear,Pedestrian,None,THP District 5 - Fall Branch,THP,Unbelted,-,-,-,-,-,-,Pedestrian,-,-,-,-,-,Claiborne,New Tazewell,3
98768,400424908,0,1,36.42813,-83.56989,5,2026-01-06 04:20:00,2026,1,6,4,20,Tuesday,04:20,Suspected Serious Injury,Dark-Not Lighted,Rain,Standing Tree,None,CLAIBORNE CO SHERIFFS OFFICE,Other,Unbelted,-,-,-,-,-,-,-,-,-,-,-,-,Claiborne,Not in City Limit,3
98781,400424964,0,1,35.33394,-89.48264,4,2026-01-07 06:31:00,2026,1,7,6,31,Wednesday,06:31,Suspected Serious Injury,Dark-Lighted,Fog,Motor Vehicle-In-Transport On Same Roadway,None,THP District 4 - Memphis,THP,Unbelted,-,-,-,-,-,-,-,-,-,-,-,-,Fayette,Somerville,4
98796,400425074,0,1,35.70275,-88.10995,8,2026-01-07 10:14:00,2026,1,7,10,14,Wednesday,10:14,Suspected Serious Injury,Daylight,Fog,"Over Turn, Roll Over",None,THP District 8 - Jackson,THP,Unbelted,-,-,-,-,-,-,-,-,-,ATV_Involved,-,-,Decatur,Parsons,4
98812,400425203,1,0,35.98993,-88.46472,8,2026-01-07 09:44:00,2026,1,7,9,44,Wednesday,09:44,Fatal,Daylight,Clear,Ditch,None,THP District 8 - Jackson,THP,Unbelted,-,-,-,-,-,-,-,-,-,-,-,-,Carroll,Not in City Limit,4
98813,400425204,1,2,35.19084,-90.01638,4,2026-01-06 11:35:00,2026,1,6,11,35,Tuesday,11:35,Fatal,Daylight,Clear,Motor Vehicle-In-Transport On Same Roadway,None,THP District 8 - Jackson,THP,Unbelted,-,-,Drug,-,Speeding,-,-,-,-,ATV_Involved,-,-,Shelby,Memphis,3
98832,400425327,0,2,35.91784,-83.78173,1,2026-01-07 18:13:00,2026,1,7,18,13,Wednesday,18:13,Suspected Serious Injury,Dark-Lighted,Clear,Motor Vehicle-In-Transport On Same Roadway,None,KNOX CO SHERIFFS OFFICE,Other,Unbelted,-,-,-,-,-,-,-,-,-,-,-,-,Knox,Not in City Limit,4
98842,400425360,0,1,35.46118,-86.58781,7,2026-01-01 20:46:00,2026,1,1,20,46,Thursday,20:46,Suspected Serious Injury,Dark-Not Lighted,Clear,Standing Tree,None,THP District 7 - Lawrenceburg,THP,Unbelted,-,-,-,-,-,-,-,-,-,-,-,-,Bedford,Not in City Limit,5
98844,400425377,0,2,35.80614,-86.14936,6,2026-01-07 17:02:00,2026,1,7,17,2,Wednesday,17:02,Suspected Serious Injury,Dark-Not Lighted,Clear,Motor Vehicle-In-Transport On Same Roadway,None,THP District 6 - Cookeville,THP,Unbelted,-,-,-,-,-,-,-,-,-,-,Motorcyclist,-,Cannon,Not in City Limit,4
98859,400425447,0,1,35.99092,-87.51423,7,2026-01-07 05:07:00,2026,1,7,5,7,Wednesday,05:07,Suspected Serious Injury,Dark-Not Lighted,Fog,Ditch,None,THP District 3 - Nashville,THP,Unbelted,-,-,-,-,-,-,-,-,-,-,-,-,Hickman,Not in City Limit,4
98863,400425465,0,2,36.05359,-88.40498,8,2026-01-04 04:59:00,2026,1,4,4,59,Sunday,04:59,Suspected Serious Injury,Dark-Not Lighted,Clear,Standing Tree,None,THP District 8 - Jackson,THP,Unbelted,-,-,-,Drowsy,-,-,-,-,-,-,-,-,Carroll,Not in City Limit,1
98865,400425488,1,1,35.93684,-86.69358,3,2026-01-08 00:45:00,2026,1,8,0,45,Thursday,00:45,Fatal,Dark-Not Lighted,Cloudy,Utility Pole,None,THP District 3 - Nashville,THP,Unbelted,-,Drinking,Drug,-,-,-,-,-,-,-,-,-,Williamson,Nolensville,5
98866,400425495,0,1,35.28725,-84.80984,2,2026-01-08 07:10:00,2026,1,8,7,10,Thursday,07:10,Suspected Serious Injury,Dark-Not Lighted,Cloudy,Motor Vehicle-In-Transport On Same Roadway,None,THP District 2 - Chattanooga,THP,Unbelted,-,-,-,-,-,-,-,-,-,-,-,-,Bradley,Not in City Limit,5
98869,400425521,0,1,36.4195,-84.09064,1,2026-01-08 06:57:00,2026,1,8,6,57,Thursday,06:57,Suspected Serious Injury,Dark-Not Lighted,Clear,Motor Vehicle-In-Transport On Same Roadway,None,CAMPBELL CO SHERIFFS DEPT,Other,Unbelted,-,-,-,Drowsy,-,-,-,-,-,-,-,-,Campbell,Not in City Limit,5
98880,400425622,1,2,35.65661,-84.88266,2,2026-01-08 07:04:00,2026,1,8,7,4,Thursday,07:04,Fatal,Dark-Not Lighted,Clear,Motor Vehicle-In-Transport On Same Roadway,None,THP District 2 - Chattanooga,THP,Unbelted,-,-,Drug,-,-,-,-,-,-,-,-,-,Rhea,Not in City Limit,5
98894,400425698,0,2,36.17563,-86.60305,3,2026-01-08 12:42:00,2026,1,8,12,42,Thursday,12:42,Suspected Serious Injury,Daylight,Cloudy,Motor Vehicle-In-Transport On Same Roadway,None,METROPOLITAN NASHVILLE POLICE DEPT,Other,Unbelted,-,-,-,-,-,-,-,-,-,-,-,-,Davidson,Nashville,5
98903,400425766,0,1,36.03278,-83.89355,1,2026-01-08 15:54:00,2026,1,8,15,54,Thursday,15:54,Suspected Serious Injury,Daylight,Cloudy,Fence,None,KNOXVILLE POLICE DEPT,Other,Unbelted,-,-,-,-,-,-,-,-,-,-,-,-,Knox,Knoxville,5
98905,400425777,0,3,35.85022,-86.84795,3,2026-01-07 17:19:00,2026,1,7,17,19,Wednesday,17:19,Suspected Serious Injury,Dark-Not Lighted,Clear,Motor Vehicle-In-Transport On Same Roadway,None,FRANKLIN POLICE DEPT,Other,Unbelted,-,-,-,-,Speeding,-,-,-,-,-,-,-,Williamson,Franklin,4
98906,400425800,0,1,35.12223,-85.14987,2,2026-01-08 13:35:00,2026,1,8,13,35,Thursday,13:35,Suspected Serious Injury,Daylight,Clear,Culvert,None,HAMILTON COUNTY SHERIFF'S OFFICE,Other,Unbelted,-,-,-,-,-,-,-,-,-,-,-,-,Hamilton,Not in City Limit,5
98907,400425804,0,3,35.95111,-85.03955,6,2026-01-08 13:53:00,2026,1,8,13,53,Thursday,13:53,Suspected Serious Injury,Daylight,Cloudy,Motor Vehicle-In-Transport On Same Roadway,None,CROSSVILLE POLICE DEPT,Other,Unbelted,Distracted,-,-,-,-,-,-,-,-,-,-,-,Cumberland,Crossville,5
98913,400425839,0,1,35.43341,-88.64971,8,2026-01-08 17:13:00,2026,1,8,17,13,Thursday,17:13,Suspected Serious Injury,Dark-Lighted,Clear,Pedestrian,None,HENDERSON POLICE DEPT,Other,Unbelted,-,-,-,-,-,-,Pedestrian,-,-,-,-,-,Chester,Henderson,5
98916,400425852,0,1,36.13229,-86.66895,3,2026-01-04 20:38:00,2026,1,4,20,38,Sunday,20:38,Suspected Serious Injury,Dark-Lighted,Clear,Pedestrian,None,Nashville Airport Police,Other,Unbelted,Distracted,-,-,-,-,-,Pedestrian,-,-,-,-,-,Davidson,Nashville,1
98929,400425913,0,1,35.92317,-84.05896,1,2026-01-08 20:31:00,2026,1,8,20,31,Thursday,20:31,Suspected Serious Injury,Dark-Lighted,Clear,Pedestrian,None,KNOXVILLE POLICE DEPT,Other,Unbelted,-,-,-,-,-,-,Pedestrian,-,-,-,-,-,Knox,Knoxville,5
98943,400425966,0,1,35.90079,-84.15599,1,2026-01-08 20:44:00,2026,1,8,20,44,Thursday,20:44,Suspected Serious Injury,Dark-Lighted,Clear,Standing Tree,None,KNOXVILLE POLICE DEPT,Other,Unbelted,-,-,-,-,-,-,-,-,-,-,-,-,Knox,Knoxville,5
98946,400425977,1,0,36.31286,-85.90467,6,2026-01-08 17:42:00,2026,1,8,17,42,Thursday,17:42,Fatal,Dark-Not Lighted,Clear,Standing Tree,None,THP District 6 - Cookeville,THP,Unbelted,-,-,Drug,-,-,-,-,-,-,-,-,-,Smith,Not in City Limit,5
98950,400425990,0,3,36.39945,-82.06773,5,2026-01-08 18:04:00,2026,1,8,18,4,Thursday,18:04,Suspected Serious Injury,Dark-Not Lighted,Clear,Ditch,None,CARTER CO SHERIFFS DEPT,Other,Unbelted,-,-,-,-,-,-,-,-,-,-,-,-,Carter,Not in City Limit,5
98967,400426094,0,4,35.6636,-87.00587,7,2026-01-09 07:13:00,2026,1,9,7,13,Friday,07:13,Suspected Serious Injury,Daylight,Rain,Motor Vehicle-In-Transport On Same Roadway,None,COLUMBIA POLICE DEPT,Other,Unbelted,-,-,-,-,-,-,-,-,-,-,-,-,Maury,Columbia,6
98968,400426095,0,1,35.45938,-85.44265,2,2026-01-09 06:13:00,2026,1,9,6,13,Friday,06:13,Suspected Serious Injury,Dark-Not Lighted,Cloudy,Parked Motor Vehicle,None,THP District 2 - Chattanooga,THP,Unbelted,-,-,-,-,-,-,-,-,-,ATV_Involved,-,-,Sequatchie,Not in City Limit,6
98976,400426128,0,2,35.86454,-89.37586,4,2026-01-08 00:00:00,2026,1,8,24,0,Thursday,24:00,Suspected Serious Injury,Dark-Not Lighted,Clear,Ditch,None,THP District 4 - Memphis,THP,Unbelted,-,-,-,-,-,-,-,-,-,-,-,-,Lauderdale,Not in City Limit,5
98981,400426173,0,4,36.56846,-87.43804,3,2026-01-09 08:56:00,2026,1,9,8,56,Friday,08:56,Suspected Serious Injury,Daylight,Clear,Utility Pole,None,THP District 3 - Nashville,THP,Unbelted,-,-,-,-,-,-,-,-,-,-,-,-,Montgomery,Not in City Limit,6
98983,400426180,0,2,36.37882,-84.3962,1,2026-01-09 07:42:00,2026,1,9,7,42,Friday,07:42,Suspected Serious Injury,Dawn,Rain,Motor Vehicle-In-Transport On Same Roadway,None,THP District 1 - Knoxville,THP,Unbelted,-,-,-,-,-,-,-,-,-,-,-,-,Scott,Not in City Limit,6
98987,400426198,0,1,36.38135,-86.39721,3,2026-01-07 12:29:00,2026,1,7,12,29,Wednesday,12:29,Suspected Serious Injury,Daylight,Clear,Motor Vehicle-In-Transport On Same Roadway,None,THP District 3 - Nashville,THP,Unbelted,-,-,-,-,-,-,-,-,-,-,-,-,Sumner,Not in City Limit,4
99005,400426304,0,2,36.25863,-83.27165,5,2026-01-08 17:00:00,2026,1,8,17,0,Thursday,17:00,Suspected Serious Injury,Daylight,Clear,Motor Vehicle-In-Transport On Same Roadway,None,THP District 5 - Fall Branch,THP,Unbelted,-,Drinking,-,-,-,-,-,-,-,-,Motorcyclist,-,Hamblen,Not in City Limit,5
99016,400426368,0,3,35.55068,-84.96459,2,2026-01-09 15:18:00,2026,1,9,15,18,Friday,15:18,Suspected Serious Injury,Daylight,Cloudy,Motor Vehicle-In-Transport On Same Roadway,None,THP District 2 - Chattanooga,THP,Unbelted,-,-,-,-,-,-,-,-,-,-,-,-,Rhea,Not in City Limit,6
99027,400426453,0,1,35.81599,-86.3719,3,2026-01-09 15:57:00,2026,1,9,15,57,Friday,15:57,Suspected Serious Injury,Daylight,Clear,Motor Vehicle-In-Transport On Same Roadway,None,MURFREESBORO POLICE DEPT,Other,Unbelted,-,-,-,-,-,-,-,-,-,-,-,Direct,Rutherford,Murfreesboro,6
99037,400426518,0,2,35.11851,-85.35205,2,2026-01-09 17:04:00,2026,1,9,17,4,Friday,17:04,Suspected Serious Injury,Daylight,Cloudy,Motor Vehicle-In-Transport On Same Roadway,None,SIGNAL MOUNTAIN POLICE DEPT,Other,Unbelted,-,-,-,-,Speeding,-,-,-,-,-,-,-,Hamilton,Signal Mountain,6
99038,400426519,0,3,35.92678,-84.04228,1,2026-01-09 19:03:00,2026,1,9,19,3,Friday,19:03,Suspected Serious Injury,Dark-Lighted,Rain,Motor Vehicle-In-Transport On Same Roadway,None,KNOXVILLE POLICE DEPT,Other,Unbelted,-,-,-,-,-,-,-,-,-,-,-,-,Knox,Knoxville,6
99045,400426564,1,4,36.05861,-83.49336,5,2026-01-09 16:20:00,2026,1,9,16,20,Friday,16:20,Fatal,Daylight,Rain,Motor Vehicle-In-Transport On Same Roadway,None,THP District 5 - Fall Branch,THP,Unbelted,-,-,-,-,-,-,-,-,-,-,-,-,Jefferson,Not in City Limit,6
99054,400426613,0,1,35.97651,-88.6687,8,2026-01-09 20:30:00,2026,1,9,20,30,Friday,20:30,Suspected Serious Injury,Dark-Not Lighted,Cloudy,Motor Vehicle-In-Transport On Same Roadway,None,THP District 8 - Jackson,THP,Unbelted,-,-,-,-,-,-,-,-,-,-,-,-,Carroll,Atwood,6
99055,400426632,0,1,36.0422,-86.67141,3,2026-01-09 19:17:00,2026,1,9,19,17,Friday,19:17,Suspected Serious Injury,Dark-Lighted,Clear,Motor Vehicle-In-Transport On Same Roadway,None,METROPOLITAN NASHVILLE POLICE DEPT,Other,Unbelted,-,Drinking,Drug,-,-,-,-,-,-,-,-,-,Davidson,Nashville,6
99057,400426642,0,1,36.34582,-85.81042,6,2026-01-09 00:00:00,2026,1,9,24,0,Friday,24:00,Suspected Serious Injury,Dark-Not Lighted,Unknown,Ditch,None,THP District 6 - Cookeville,THP,Unbelted,-,-,-,-,-,-,-,-,-,-,-,-,Jackson,Not in City Limit,6
99061,400426668,1,0,36.40181,-82.8674,5,2026-01-09 19:44:00,2026,1,9,19,44,Friday,19:44,Fatal,Dark-Not Lighted,Rain,"Fire, Explosion",None,THP District 5 - Fall Branch,THP,Unbelted,-,-,-,-,-,-,-,-,-,-,-,-,Hawkins,Not in City Limit,6
99062,400426670,0,2,35.8669,-87.92356,3,2026-01-10 00:47:00,2026,1,10,0,47,Saturday,00:47,Suspected Serious Injury,Dark-Not Lighted,Rain,Motor Vehicle-In-Transport On Same Roadway,None,THP District 3 - Nashville,THP,Unbelted,-,-,-,-,-,-,-,-,-,ATV_Involved,-,-,Humphreys,Not in City Limit,7
99102,400426947,0,1,35.53371,-84.91818,2,2026-01-10 14:35:00,2026,1,10,14,35,Saturday,14:35,Suspected Serious Injury,Daylight,Clear,Ditch,None,THP District 2 - Chattanooga,THP,Unbelted,-,-,-,-,-,-,-,-,-,-,-,-,Rhea,Not in City Limit,7
99104,400426954,0,2,36.03087,-86.7838,3,2026-01-10 14:49:00,2026,1,10,14,49,Saturday,14:49,Suspected Serious Injury,Daylight,Rain,Guard Rail Face,None,THP District 3 - Nashville,THP,Unbelted,-,-,-,-,-,-,-,-,-,-,-,-,Williamson,Brentwood,7
99131,400427106,1,2,36.44461,-89.02466,8,2026-01-09 17:20:00,2026,1,9,17,20,Friday,17:20,Fatal,Dark-Not Lighted,Cloudy,Motor Vehicle-In-Transport On Same Roadway,None,THP District 8 - Jackson,THP,Unbelted,-,-,-,-,-,-,-,-,-,-,-,-,Obion,Not in City Limit,6
99137,400427155,0,1,35.3613,-86.69046,7,2026-01-10 22:55:00,2026,1,10,22,55,Saturday,22:55,Suspected Serious Injury,Dark-Not Lighted,Clear,Ditch,None,THP District 7 - Lawrenceburg,THP,Unbelted,-,Drinking,Drug,-,-,-,-,-,-,-,-,-,Marshall,Not in City Limit,7
99141,400427166,0,2,36.22997,-86.60392,3,2026-01-11 00:56:00,2026,1,11,0,56,Sunday,00:56,Suspected Serious Injury,Dark-Not Lighted,Clear,"Over Turn, Roll Over",None,METROPOLITAN NASHVILLE POLICE DEPT,Other,Unbelted,-,-,-,-,-,-,-,-,-,-,-,-,Davidson,Nashville,1
99144,400427190,0,1,36.22691,-86.54998,3,2026-01-11 02:33:00,2026,1,11,2,33,Sunday,02:33,Suspected Serious Injury,Dark-Not Lighted,Clear,Mail Box,None,THP District 3 - Nashville,THP,Unbelted,-,-,-,-,-,-,-,-,-,-,-,-,Wilson,Not in City Limit,1
99155,400427264,0,3,35.68192,-84.29696,1,2026-01-10 11:29:00,2026,1,10,11,29,Saturday,11:29,Suspected Serious Injury,Daylight,Cloudy,Motor Vehicle-In-Transport On Same Roadway,None,THP District 1 - Knoxville,THP,Unbelted,-,-,-,-,-,-,-,-,-,-,-,-,Loudon,Not in City Limit,7
99157,400427283,0,1,36.35312,-82.75576,5,2026-01-11 10:05:00,2026,1,11,10,5,Sunday,10:05,Suspected Serious Injury,Daylight,Clear,Standing Tree,None,THP District 5 - Fall Branch,THP,Unbelted,-,-,-,-,-,-,-,-,-,-,-,-,Greene,Not in City Limit,1
99165,400427349,0,1,35.01273,-88.45811,8,2026-01-07 18:22:00,2026,1,7,18,22,Wednesday,18:22,Suspected Serious Injury,Dark-Not Lighted,Clear,Motor Vehicle-In-Transport On Same Roadway,None,THP District 8 - Jackson,THP,Unbelted,-,-,-,-,-,-,-,-,-,-,Motorcyclist,-,McNairy,Not in City Limit,4