OBJECTID,MRN,Fatality,Injury,Latitude,Longitude,THP_District,Collision_Date,Collision_Year,Collision_Month,Collision_Day,Collision_Hour,Collision_Min,Collision_DOW,Collision_Time,Crash_Type,Light_Condition,Weather,First_Harmfu_Event,Work_Zone_Type,Agency_Name,THP,Unbelted,Distracted_Driver,Driver_Drinking,Driver_Drugged,Drowsy_Driver,Speeding_Involved,Pedalcyclist,Pedestrian,Other_Nonmotorist,ATV_Involved,LargeTruck_Involved,Motorcycle_Involved,SchoolBus,County,City,DOW_Nmb
99168,400427359,0,1,35.83972,-84.30704,1,2026-01-11 13:03:00,2026,1,11,13,3,Sunday,13:03,Suspected Serious Injury,Daylight,Clear,Pedestrian,None,THP District 1 - Knoxville,THP,Unbelted,-,-,-,-,-,-,Pedestrian,-,-,-,-,-,Loudon,Not in City Limit,1
99169,400427378,0,2,35.05017,-89.86983,4,2026-01-11 13:24:00,2026,1,11,13,24,Sunday,13:24,Suspected Serious Injury,Daylight,Clear,Motor Vehicle-In-Transport On Same Roadway,None,THP District 6 - Cookeville,THP,Unbelted,-,-,-,-,-,-,-,-,-,-,-,-,Shelby,Memphis,1
99183,400427479,1,0,36.54387,-85.46957,6,2026-01-09 19:49:00,2026,1,9,19,49,Friday,19:49,Fatal,Dark-Not Lighted,Clear,Pedestrian,None,THP District 6 - Cookeville,THP,Unbelted,-,-,-,-,-,-,Pedestrian,-,-,ATV_Involved,-,-,Clay,Not in City Limit,6
99186,400427486,0,1,35.43873,-84.63957,2,2026-01-10 20:36:00,2026,1,10,20,36,Saturday,20:36,Suspected Serious Injury,Dark-Lighted,Clear,Pedestrian,None,THP District 2 - Chattanooga,THP,Unbelted,-,-,-,-,-,-,Pedestrian,-,-,-,-,-,McMinn,Not in City Limit,7
99194,400427555,0,2,35.66688,-84.01985,1,2026-01-11 21:52:00,2026,1,11,21,52,Sunday,21:52,Suspected Serious Injury,Dark-Not Lighted,Clear,Other Non-Collision,None,BLOUNT CO SHERIFFS DEPT,Other,Unbelted,-,-,-,-,-,-,-,-,-,-,-,-,Blount,Not in City Limit,1
99195,400427559,0,1,35.65091,-88.82922,8,2026-01-11 21:02:00,2026,1,11,21,2,Sunday,21:02,Suspected Serious Injury,Dark-Lighted,Clear,Motor Vehicle-In-Transport On Same Roadway,None,JACKSON POLICE DEPT,Other,Unbelted,-,-,-,-,-,-,-,-,-,-,-,-,Madison,Jackson,1
99197,400427565,0,2,36.14719,-86.7768,3,2026-01-11 20:00:00,2026,1,11,20,0,Sunday,20:00,Suspected Serious Injury,Dark-Lighted,Clear,Injured In Vehicle,None,METROPOLITAN NASHVILLE POLICE DEPT,Other,Unbelted,-,-,-,-,-,-,Pedestrian,-,-,-,-,-,Davidson,Nashville,1
99217,400427682,0,2,35.11011,-85.06626,2,2026-01-08 10:07:00,2026,1,8,10,7,Thursday,10:07,Suspected Serious Injury,Daylight,Clear,Motor Vehicle-In-Transport On Same Roadway,None,HAMILTON COUNTY SHERIFF'S OFFICE,Other,Unbelted,-,-,-,-,-,-,-,-,-,-,-,-,Hamilton,Not in City Limit,5
99225,400427736,1,0,35.04772,-89.02045,4,2026-01-07 00:00:00,2026,1,7,24,0,Wednesday,24:00,Fatal,Unknown,Fog,Embankment Earth,None,HARDEMAN CO SHERIFFS DEPT,Other,Unbelted,-,-,-,-,-,-,-,-,-,-,-,-,Hardeman,Not in City Limit,4
99236,400427817,0,1,35.89396,-84.06873,1,2026-01-12 11:17:00,2026,1,12,11,17,Monday,11:17,Suspected Serious Injury,Daylight,Clear,Motor Vehicle-In-Transport On Same Roadway,None,KNOX CO SHERIFFS OFFICE,Other,Unbelted,-,-,-,-,-,-,-,-,-,-,-,-,Knox,Not in City Limit,2
99241,400427865,2,1,35.86086,-86.56499,3,2026-01-11 10:49:00,2026,1,11,10,49,Sunday,10:49,Fatal,Daylight,Clear,Motor Vehicle-In-Transport On Same Roadway,None,THP District 3 - Nashville,THP,Unbelted,-,-,-,-,-,-,-,-,-,ATV_Involved,-,-,Rutherford,Not in City Limit,1
99247,400427898,0,1,35.5021,-89.89733,4,2026-01-12 00:00:00,2026,1,12,24,0,Monday,24:00,Suspected Serious Injury,Daylight,Clear,Utility Pole,None,THP District 4 - Memphis,THP,Unbelted,-,-,-,-,-,-,-,-,-,-,-,-,Tipton,Not in City Limit,2
99254,400428019,0,3,36.48706,-83.83048,5,2026-01-12 17:36:00,2026,1,12,17,36,Monday,17:36,Suspected Serious Injury,Daylight,Clear,Motor Vehicle-In-Transport On Same Roadway,None,THP District 5 - Fall Branch,THP,Unbelted,-,-,-,-,-,-,-,-,-,-,-,-,Claiborne,Not in City Limit,2
99273,400428106,0,2,36.17433,-86.78743,3,2025-12-20 16:27:00,2025,12,20,16,27,Saturday,16:27,Suspected Serious Injury,Daylight,Clear,Pedestrian,None,METROPOLITAN NASHVILLE POLICE DEPT,Other,-,-,-,-,-,-,-,Pedestrian,-,-,-,-,-,Davidson,Nashville,7
99281,400428144,0,2,36.0413,-86.77688,3,2026-01-11 22:15:00,2026,1,11,22,15,Sunday,22:15,Suspected Serious Injury,Dark-Not Lighted,Clear,Motor Vehicle-In-Transport On Same Roadway,None,THP District 3 - Nashville,THP,Unbelted,-,-,-,Drowsy,Speeding,-,-,-,-,-,-,-,Davidson,Nashville,1
99304,400428298,0,2,35.87477,-86.49845,3,2026-01-13 00:00:00,2026,1,13,24,0,Tuesday,24:00,Suspected Serious Injury,Daylight,Clear,Motor Vehicle-In-Transport On Same Roadway,None,MURFREESBORO POLICE DEPT,Other,Unbelted,-,-,-,-,-,-,-,-,-,-,-,-,Rutherford,Murfreesboro,3
99308,400428353,0,2,35.0764,-89.7759,4,2026-01-13 07:53:00,2026,1,13,7,53,Tuesday,07:53,Suspected Serious Injury,Daylight,Clear,Motor Vehicle-In-Transport On Same Roadway,None,GERMANTOWN POLICE DEPT,Other,Unbelted,-,-,-,-,-,-,-,-,-,-,-,-,Shelby,Germantown,3
99311,400428378,0,3,36.05115,-83.6517,5,2026-01-13 08:42:00,2026,1,13,8,42,Tuesday,08:42,Suspected Serious Injury,Daylight,Clear,Motor Vehicle-In-Transport On Same Roadway,None,THP District 5 - Fall Branch,THP,Unbelted,-,-,-,-,-,-,-,-,-,-,-,-,Jefferson,Not in City Limit,3
99312,400428379,0,1,36.19041,-86.42741,3,2026-01-13 06:10:00,2026,1,13,6,10,Tuesday,06:10,Suspected Serious Injury,Dark-Not Lighted,Clear,Motor Vehicle-In-Transport On Same Roadway,None,THP District 3 - Nashville,THP,Unbelted,-,-,-,-,-,-,-,-,-,ATV_Involved,-,-,Wilson,Not in City Limit,3
99321,400428471,1,1,35.83762,-86.83328,3,2026-01-13 11:49:00,2026,1,13,11,49,Tuesday,11:49,Fatal,Daylight,Clear,Motor Vehicle-In-Transport On Same Roadway,None,FRANKLIN POLICE DEPT,Other,Unbelted,Distracted,-,-,-,-,-,-,-,-,ATV_Involved,-,-,Williamson,Franklin,3
99327,400428496,1,0,35.09634,-85.05181,2,2026-01-11 00:00:00,2026,1,11,24,0,Sunday,24:00,Fatal,Dark-Not Lighted,Clear,Culvert,None,HAMILTON COUNTY SHERIFF'S OFFICE,Other,-,-,Drinking,-,-,-,-,-,-,-,-,Motorcyclist,-,Hamilton,Not in City Limit,1
99330,400428524,0,1,35.97839,-88.88432,8,2026-01-13 13:36:00,2026,1,13,13,36,Tuesday,13:36,Suspected Serious Injury,Daylight,Clear,Standing Tree,None,THP District 8 - Jackson,THP,Unbelted,-,-,-,-,-,-,-,-,-,-,-,-,Gibson,Not in City Limit,3
99339,400428590,0,1,35.81944,-86.39551,3,2026-01-13 17:35:00,2026,1,13,17,35,Tuesday,17:35,Suspected Serious Injury,Dark-Lighted,Clear,Pedestrian,None,MURFREESBORO POLICE DEPT,Other,Unbelted,-,-,-,-,-,-,Pedestrian,-,-,-,-,-,Rutherford,Murfreesboro,3
99349,400428668,0,1,36.12735,-86.21205,3,2026-01-13 19:37:00,2026,1,13,19,37,Tuesday,19:37,Suspected Serious Injury,Dark-Not Lighted,Clear,Motor Vehicle-In-Transport On Same Roadway,None,THP District 3 - Nashville,THP,Unbelted,-,-,-,-,-,-,-,-,-,-,-,-,Wilson,Not in City Limit,3
99356,400428715,1,2,35.19989,-89.95896,4,2026-01-13 21:13:00,2026,1,13,21,13,Tuesday,21:13,Fatal,Dark-Lighted,Clear,Motor Vehicle-In-Transport On Same Roadway,None,THP District 2 - Chattanooga,THP,Unbelted,-,-,-,-,Speeding,-,-,-,-,ATV_Involved,-,-,Shelby,Memphis,3
99357,400428721,0,1,35.35875,-84.10373,1,2026-01-13 00:40:00,2026,1,13,0,40,Tuesday,00:40,Suspected Serious Injury,Dark-Not Lighted,Clear,Embankment Earth,None,THP District 1 - Knoxville,THP,Unbelted,-,-,-,-,-,-,-,-,-,-,-,-,Monroe,Not in City Limit,3
99359,400428742,0,3,35.68131,-88.85535,8,2026-01-13 20:57:00,2026,1,13,20,57,Tuesday,20:57,Suspected Serious Injury,Dark-Lighted,Clear,Motor Vehicle-In-Transport On Same Roadway,None,JACKSON POLICE DEPT,Other,Unbelted,-,-,-,-,-,-,-,-,-,-,-,-,Madison,Jackson,3
99374,400428849,1,0,36.23742,-85.60156,6,2026-01-13 08:40:00,2026,1,13,8,40,Tuesday,08:40,Fatal,Daylight,Clear,Motor Vehicle-In-Transport On Same Roadway,None,THP District 6 - Cookeville,THP,Unbelted,-,-,Drug,-,-,-,-,-,-,-,-,-,Jackson,Not in City Limit,3
99375,400428850,0,1,35.61201,-88.79918,8,2026-01-14 07:25:00,2026,1,14,7,25,Wednesday,07:25,Suspected Serious Injury,Daylight,Rain,Motor Vehicle-In-Transport On Same Roadway,None,JACKSON POLICE DEPT,Other,Unbelted,-,-,-,-,-,-,-,-,-,-,-,-,Madison,Jackson,4
99386,400428945,0,2,35.94579,-84.10339,1,2026-01-11 21:48:00,2026,1,11,21,48,Sunday,21:48,Suspected Serious Injury,Dark-Not Lighted,Clear,Motor Vehicle-In-Transport On Same Roadway,None,THP District 1 - Knoxville,THP,Unbelted,-,Drinking,-,-,-,-,-,Other_NM,-,-,-,-,Knox,Not in City Limit,1
99394,400428974,0,4,36.3015,-82.18829,5,2026-01-11 18:00:00,2026,1,11,18,0,Sunday,18:00,Suspected Serious Injury,Dusk,Clear,Motor Vehicle-In-Transport On Same Roadway,None,THP District 5 - Fall Branch,THP,Unbelted,-,Drinking,Drug,-,-,-,-,-,-,-,-,-,Carter,Not in City Limit,1
99395,400428975,0,1,36.18709,-84.09352,1,2026-01-14 13:59:00,2026,1,14,13,59,Wednesday,13:59,Suspected Serious Injury,Daylight,Clear,Other Post/Pole Support,None,THP District 1 - Knoxville,THP,Unbelted,-,-,-,-,-,-,-,-,-,-,-,-,Anderson,Not in City Limit,4
99400,400429013,1,0,35.08804,-84.68215,2,2026-01-14 13:00:00,2026,1,14,13,0,Wednesday,13:00,Fatal,Daylight,Cloudy,Ditch,None,THP District 2 - Chattanooga,THP,-,-,Drinking,-,-,Speeding,-,-,-,-,-,Motorcyclist,-,Polk,Not in City Limit,4
99407,400429063,1,0,36.39728,-84.08774,1,2026-01-14 15:49:00,2026,1,14,15,49,Wednesday,15:49,Fatal,Daylight,Rain,Motor Vehicle-In-Transport On Same Roadway,None,THP District 1 - Knoxville,THP,Unbelted,-,-,-,-,-,-,-,-,-,-,-,-,Campbell,Not in City Limit,4
99419,400429153,0,1,35.89959,-84.11752,1,2026-01-10 02:01:00,2026,1,10,2,1,Saturday,02:01,Suspected Serious Injury,Dark-Not Lighted,Clear,Concrete Traffic Barrier,None,KNOXVILLE POLICE DEPT,Other,Unbelted,-,Drinking,-,-,-,-,-,-,-,-,-,-,Knox,Knoxville,7
99424,400429179,0,2,36.16623,-86.51437,3,2026-01-13 00:00:00,2026,1,13,24,0,Tuesday,24:00,Suspected Serious Injury,Daylight,Clear,Motor Vehicle-In-Transport On Same Roadway,None,MOUNT JULIET POLICE DEPT,Other,Unbelted,-,-,-,-,-,-,-,-,-,-,-,-,Wilson,Mount Juliet,3
99427,400429231,0,3,36.26081,-82.18664,5,2026-01-14 18:50:00,2026,1,14,18,50,Wednesday,18:50,Suspected Serious Injury,Dark-Not Lighted,Rain,Motor Vehicle-In-Transport On Same Roadway,None,THP District 5 - Fall Branch,THP,Unbelted,Distracted,-,-,-,-,-,-,-,-,-,-,-,Carter,OTHER,4
99438,400429269,0,1,36.39059,-88.14614,8,2026-01-11 00:04:00,2026,1,11,0,4,Sunday,00:04,Suspected Serious Injury,Dark-Not Lighted,Clear,Standing Tree,None,THP District 8 - Jackson,THP,Unbelted,-,Drinking,-,Drowsy,-,-,-,-,-,-,-,-,Henry,Not in City Limit,1
99444,400429305,0,1,35.85805,-86.4249,3,2026-01-15 03:04:00,2026,1,15,3,4,Thursday,03:04,Suspected Serious Injury,Dark-Lighted,Clear,Curb,None,MURFREESBORO POLICE DEPT,Other,Unbelted,-,-,-,-,-,-,-,-,-,-,-,-,Rutherford,Murfreesboro,5
99445,400429312,0,4,36.38268,-86.54812,3,2026-01-12 11:23:00,2026,1,12,11,23,Monday,11:23,Suspected Serious Injury,Daylight,Clear,Motor Vehicle-In-Transport On Same Roadway,None,THP District 3 - Nashville,THP,Unbelted,-,-,-,-,-,-,-,-,-,-,-,-,Sumner,Gallatin,2
99447,400429317,0,2,35.64069,-88.37101,8,2026-01-15 14:25:00,2026,1,15,14,25,Thursday,14:25,Suspected Serious Injury,Daylight,Clear,Motor Vehicle-In-Transport On Same Roadway,None,LEXINGTON POLICE DEPT,Other,Unbelted,-,-,-,-,-,-,-,-,-,-,-,-,Henderson,Lexington,5
99475,400429527,1,0,36.13062,-85.04806,6,2026-01-15 13:00:00,2026,1,15,13,0,Thursday,13:00,Fatal,Daylight,Blowing Snow,Standing Tree,None,THP District 6 - Cookeville,THP,Unbelted,-,-,Drug,-,-,-,-,-,-,-,-,-,Cumberland,Not in City Limit,5
99476,400429534,0,1,36.13661,-85.53594,6,2026-01-15 12:49:00,2026,1,15,12,49,Thursday,12:49,Suspected Serious Injury,Daylight,Snow,Motor Vehicle-In-Transport On Same Roadway,None,THP District 6 - Cookeville,THP,Unbelted,-,-,-,-,-,-,-,-,-,ATV_Involved,-,-,Putnam,Cookeville,5
99503,400429709,0,1,36.0493,-83.99857,1,2026-01-15 18:42:00,2026,1,15,18,42,Thursday,18:42,Suspected Serious Injury,Dark-Lighted,Clear,Pedestrian,None,KNOXVILLE POLICE DEPT,Other,Unbelted,-,-,-,-,-,-,Pedestrian,-,-,-,-,-,Knox,Knoxville,5
99532,400429826,0,3,35.05115,-89.9075,4,2026-01-15 02:47:00,2026,1,15,2,47,Thursday,02:47,Suspected Serious Injury,Dark-Lighted,Clear,Motor Vehicle-In-Transport On Same Roadway,None,THP District 4 - Memphis,THP,Unbelted,-,Drinking,Drug,-,Speeding,-,-,-,-,-,-,-,Shelby,Memphis,5
99536,400429862,0,1,36.1366,-85.53712,6,2026-01-15 11:40:00,2026,1,15,11,40,Thursday,11:40,Suspected Serious Injury,Daylight,Snow,Motor Vehicle-In-Transport On Same Roadway,None,THP District 6 - Cookeville,THP,Unbelted,-,-,-,-,-,-,-,-,-,ATV_Involved,-,-,Putnam,Cookeville,5
99542,400429915,1,2,36.04561,-86.71975,3,2026-01-16 02:03:00,2026,1,16,2,3,Friday,02:03,Fatal,Dark-Lighted,Clear,Motor Vehicle-In-Transport On Same Roadway,None,METROPOLITAN NASHVILLE POLICE DEPT,Other,Unbelted,-,Drinking,Drug,-,Speeding,-,-,-,-,-,-,-,Davidson,Nashville,6
99543,400429925,0,1,36.56981,-86.86026,3,2026-01-12 11:38:00,2026,1,12,11,38,Monday,11:38,Suspected Serious Injury,Daylight,Clear,Motor Vehicle-In-Transport On Same Roadway,None,THP District 3 - Nashville,THP,Unbelted,-,-,-,-,-,-,-,-,-,ATV_Involved,-,-,Robertson,Not in City Limit,2
99552,400429988,0,3,35.39288,-84.33838,1,2026-01-13 07:23:00,2026,1,13,7,23,Tuesday,07:23,Suspected Serious Injury,Dawn,Clear,Motor Vehicle-In-Transport On Same Roadway,None,THP District 1 - Knoxville,THP,Unbelted,Distracted,-,-,-,-,-,-,-,-,-,-,-,Monroe,Not in City Limit,3
99554,400430001,0,2,35.85188,-86.43048,3,2026-01-16 05:40:00,2026,1,16,5,40,Friday,05:40,Suspected Serious Injury,Dark-Lighted,Clear,Curb,None,MURFREESBORO POLICE DEPT,Other,Unbelted,-,Drinking,-,-,-,-,-,-,-,-,-,-,Rutherford,Murfreesboro,6
99559,400430026,0,1,36.11613,-86.83211,3,2026-01-16 12:28:00,2026,1,16,12,28,Friday,12:28,Suspected Serious Injury,Daylight,Cloudy,Motor Vehicle-In-Transport On Same Roadway,None,METROPOLITAN NASHVILLE POLICE DEPT,Other,Unbelted,-,-,-,-,-,-,-,-,-,-,-,-,Davidson,Nashville,6
99568,400430076,0,1,36.56965,-87.25556,3,2026-01-15 05:30:00,2026,1,15,5,30,Thursday,05:30,Suspected Serious Injury,Dusk,Clear,Parked Motor Vehicle,None,THP District 3 - Nashville,THP,Unbelted,-,-,-,-,-,-,Pedestrian,-,-,-,-,-,Montgomery,Clarksville,5
99578,400430099,0,1,35.91513,-85.13423,6,2025-12-01 13:38:00,2025,12,1,13,38,Monday,13:38,Suspected Serious Injury,Daylight,Cloudy,Standing Tree,None,CUMBERLAND CO SHERIFFS OFFICE,Other,Unbelted,-,-,-,-,-,-,-,-,-,-,-,-,Cumberland,Not in City Limit,2
99587,400430178,0,1,35.93113,-87.47364,7,2026-01-15 23:48:00,2026,1,15,23,48,Thursday,23:48,Suspected Serious Injury,Dark-Not Lighted,Clear,Ditch,None,THP District 7 - Lawrenceburg,THP,Unbelted,-,Drinking,Drug,-,-,-,-,-,-,-,-,-,Hickman,Not in City Limit,5
99589,400430182,0,2,35.88607,-84.68272,1,2026-01-15 19:16:00,2026,1,15,19,16,Thursday,19:16,Suspected Serious Injury,Dark-Not Lighted,Clear,Struck an object at rest from or set in motion by other motor vehicle,None,THP District 1 - Knoxville,THP,Unbelted,-,-,-,-,-,-,-,-,-,ATV_Involved,-,-,Roane,Not in City Limit,5
99593,400430201,0,1,36.61903,-86.26672,3,2026-01-13 00:00:00,2026,1,13,24,0,Tuesday,24:00,Suspected Serious Injury,Dark-Not Lighted,Clear,Deer,None,SUMNER CO SHERIFFS OFFICE,Other,Unbelted,-,-,-,-,-,-,-,-,-,-,-,-,Sumner,Not in City Limit,3
99594,400430211,0,1,36.0015,-86.55568,3,2026-01-16 17:00:00,2026,1,16,17,0,Friday,17:00,Suspected Serious Injury,Dark-Not Lighted,Rain,Motor Vehicle-In-Transport On Same Roadway,None,LAVERGNE POLICE DEPT,Other,Unbelted,-,-,-,-,Speeding,-,-,-,-,-,Motorcyclist,-,Rutherford,Lavergne,6
99607,400430279,0,2,35.93306,-83.90429,1,2026-01-16 20:01:00,2026,1,16,20,1,Friday,20:01,Suspected Serious Injury,Dark-Lighted,Clear,Motor Vehicle-In-Transport On Same Roadway,None,KNOXVILLE POLICE DEPT,Other,Unbelted,Distracted,-,Drug,-,-,-,-,-,-,-,-,-,Knox,Knoxville,6
99609,400430285,0,2,35.73514,-84.02175,1,2026-01-16 20:23:00,2026,1,16,20,23,Friday,20:23,Suspected Serious Injury,Dark-Lighted,Clear,Motor Vehicle-In-Transport On Same Roadway,None,BLOUNT CO SHERIFFS DEPT,Other,Unbelted,Distracted,-,-,-,-,-,-,-,-,-,Motorcyclist,-,Blount,Not in City Limit,6
99630,400430354,0,2,35.20319,-84.96176,2,2026-01-15 17:17:00,2026,1,15,17,17,Thursday,17:17,Suspected Serious Injury,Daylight,Clear,Standing Tree,None,THP District 2 - Chattanooga,THP,Unbelted,-,-,Drug,-,-,-,-,-,-,-,-,-,Bradley,Not in City Limit,5
99631,400430368,0,1,35.91158,-84.08462,1,2026-01-16 23:05:00,2026,1,16,23,5,Friday,23:05,Suspected Serious Injury,Dark-Lighted,Clear,Motor Vehicle-In-Transport On Same Roadway,None,KNOXVILLE POLICE DEPT,Other,Unbelted,-,-,-,-,-,-,-,-,-,-,-,-,Knox,Knoxville,6
99633,400430399,0,1,35.89623,-84.16809,1,2026-01-17 00:46:00,2026,1,17,0,46,Saturday,00:46,Suspected Serious Injury,,Rain,Other Fixed Object,None,KNOX CO SHERIFFS OFFICE,Other,Unbelted,-,-,-,-,Speeding,-,-,-,-,-,-,-,Knox,Farragut,7
99641,400430462,0,4,35.20497,-89.99785,4,2026-01-17 04:29:00,2026,1,17,4,29,Saturday,04:29,Suspected Serious Injury,Dark-Lighted,Clear,Motor Vehicle-In-Transport On Same Roadway,None,THP District 4 - Memphis,THP,Unbelted,-,-,-,-,-,-,-,-,-,-,-,-,Shelby,Memphis,7
99644,400430476,0,1,35.13178,-86.49388,7,2026-01-16 06:45:00,2026,1,16,6,45,Friday,06:45,Suspected Serious Injury,Dark-Not Lighted,Clear,"Over Turn, Roll Over",None,THP District 7 - Lawrenceburg,THP,Unbelted,-,-,-,-,-,-,-,-,-,-,-,-,Lincoln,Not in City Limit,6
99645,400430494,0,4,35.23333,-85.83301,2,2026-01-17 07:10:00,2026,1,17,7,10,Saturday,07:10,Suspected Serious Injury,Dawn,Clear,Motor Vehicle-In-Transport On Same Roadway,None,THP District 2 - Chattanooga,THP,Unbelted,Distracted,-,-,-,Speeding,-,-,-,-,ATV_Involved,-,-,Marion,Monteagle,7
99650,400430511,0,2,36.57215,-86.55233,3,2026-01-17 06:25:00,2026,1,17,6,25,Saturday,06:25,Suspected Serious Injury,Dark-Not Lighted,Clear,Standing Tree,None,THP District 3 - Nashville,THP,Unbelted,-,Drinking,Drug,-,-,-,-,-,-,-,-,-,Sumner,Not in City Limit,7
99669,400430635,0,2,35.95516,-85.6015,6,2026-01-16 21:18:00,2026,1,16,21,18,Friday,21:18,Suspected Serious Injury,Dark-Not Lighted,Rain,Mail Box,None,THP District 6 - Cookeville,THP,Unbelted,-,-,-,-,Speeding,-,-,-,-,-,-,-,White,Not in City Limit,6
99672,400430664,0,1,36.56907,-87.25513,3,2026-01-16 15:01:00,2026,1,16,15,1,Friday,15:01,Suspected Serious Injury,Daylight,Rain,Standing Tree,None,THP District 3 - Nashville,THP,Unbelted,-,-,-,-,-,-,-,-,-,-,-,-,Montgomery,Not in City Limit,6
99685,400430742,0,2,35.92902,-86.84905,3,2026-01-17 17:39:00,2026,1,17,17,39,Saturday,17:39,Suspected Serious Injury,Dark-Lighted,Clear,Motor Vehicle-In-Transport On Same Roadway,None,FRANKLIN POLICE DEPT,Other,Unbelted,-,-,-,-,-,-,-,-,-,-,-,-,Williamson,Franklin,7
99686,400430749,0,2,35.98887,-83.90463,1,2026-01-17 01:32:00,2026,1,17,1,32,Saturday,01:32,Suspected Serious Injury,Dark-Lighted,Rain,Concrete Traffic Barrier,None,KNOXVILLE POLICE DEPT,Other,Unbelted,-,Drinking,-,-,-,-,-,-,-,-,-,-,Knox,Knoxville,7
99688,400430754,0,2,35.33571,-84.64045,2,2026-01-17 16:50:00,2026,1,17,16,50,Saturday,16:50,Suspected Serious Injury,Daylight,Clear,Utility Pole,None,THP District 2 - Chattanooga,THP,Unbelted,-,-,-,-,-,-,-,-,-,-,-,-,McMinn,Not in City Limit,7
99693,400430776,0,1,35.45141,-88.63389,8,2026-01-15 16:47:00,2026,1,15,16,47,Thursday,16:47,Suspected Serious Injury,Dusk,Cloudy,Motor Vehicle-In-Transport On Same Roadway,None,HENDERSON POLICE DEPT,Other,Unbelted,-,-,-,-,-,-,-,-,-,-,-,-,Chester,Henderson,5
99695,400430782,0,3,36.03131,-87.35003,3,2026-01-11 11:15:00,2026,1,11,11,15,Sunday,11:15,Suspected Serious Injury,Daylight,Clear,Motor Vehicle-In-Transport On Same Roadway,None,DICKSON POLICE DEPT,Other,Unbelted,-,-,Drug,-,Speeding,-,-,-,-,-,-,-,Dickson,Dickson,1
99697,400430788,0,2,36.26899,-82.18043,5,2026-01-17 18:32:00,2026,1,17,18,32,Saturday,18:32,Suspected Serious Injury,Dark-Not Lighted,Clear,Motor Vehicle-In-Transport On Same Roadway,None,THP District 5 - Fall Branch,THP,Unbelted,-,-,-,-,-,-,-,-,-,-,-,-,Carter,Not in City Limit,7
99702,400430827,0,2,35.97039,-83.90656,1,2026-01-17 18:10:00,2026,1,17,18,10,Saturday,18:10,Suspected Serious Injury,Dark-Lighted,Clear,Motor Vehicle-In-Transport On Same Roadway,None,KNOXVILLE POLICE DEPT,Other,Unbelted,-,-,-,-,-,-,-,-,-,-,-,-,Knox,Knoxville,7
99705,400430846,0,1,36.15417,-86.6654,3,2026-01-17 22:04:00,2026,1,17,22,4,Saturday,22:04,Suspected Serious Injury,Dark-Lighted,Clear,Utility Pole,None,METROPOLITAN NASHVILLE POLICE DEPT,Other,Unbelted,-,-,-,-,-,-,-,-,-,-,-,-,Davidson,Nashville,7
99713,400430870,2,1,35.18938,-85.81576,2,2026-01-17 03:38:00,2026,1,17,3,38,Saturday,03:38,Fatal,Dark-Not Lighted,Fog,Motor Vehicle-In-Transport On Same Roadway,None,THP District 2 - Chattanooga,THP,Unbelted,-,Drinking,Drug,-,Speeding,-,-,-,-,ATV_Involved,-,-,Marion,Not in City Limit,7
99723,400430929,0,1,36.14331,-86.80524,3,2026-01-13 10:55:00,2026,1,13,10,55,Tuesday,10:55,Suspected Serious Injury,Daylight,Clear,Pedestrian,Construction Zone,VANDERBILT UNIVERSITY POLICE,Other,Unbelted,-,-,-,-,-,-,Pedestrian,-,-,-,-,-,Davidson,Nashville,3
99728,400430972,1,1,36.23093,-86.5135,3,2026-01-17 05:53:00,2026,1,17,5,53,Saturday,05:53,Fatal,,Clear,Motor Vehicle-In-Transport On Same Roadway,None,THP District 3 - Nashville,THP,Unbelted,-,Drinking,Drug,-,-,-,-,-,-,-,-,-,Wilson,Mount Juliet,7
99765,400431245,1,2,36.01869,-83.92262,1,2026-01-18 19:12:00,2026,1,18,19,12,Sunday,19:12,Fatal,Dark-Lighted,Clear,Motor Vehicle-In-Transport On Same Roadway,None,KNOXVILLE POLICE DEPT,Other,Unbelted,-,Drinking,-,-,-,-,-,-,-,-,Motorcyclist,-,Knox,Knoxville,1
99769,400431263,0,1,35.80972,-84.30398,1,2026-01-17 00:00:00,2026,1,17,24,0,Saturday,24:00,Suspected Serious Injury,Dark-Not Lighted,Rain,Guard Rail End,None,LOUDON CO SHERIFFS DEPT,Other,Unbelted,-,-,-,-,-,-,-,-,-,-,-,-,Loudon,Not in City Limit,7
99772,400431280,0,1,35.65485,-87.01228,7,2026-01-18 19:50:00,2026,1,18,19,50,Sunday,19:50,Suspected Serious Injury,Dark-Not Lighted,Clear,"Over Turn, Roll Over",None,COLUMBIA POLICE DEPT,Other,Unbelted,-,-,-,-,-,-,-,-,-,-,-,-,Maury,Columbia,1
99773,400431285,1,3,36.12934,-83.69851,5,2026-01-18 00:00:00,2026,1,18,24,0,Sunday,24:00,Fatal,Daylight,Clear,Motor Vehicle-In-Transport On Same Roadway,None,THP District 5 - Fall Branch,THP,Unbelted,-,-,-,-,-,-,-,-,-,-,-,-,Grainger,Blaine,1