OBJECTID,MRN,Fatality,Injury,Latitude,Longitude,THP_District,Collision_Date,Collision_Year,Collision_Month,Collision_Day,Collision_Hour,Collision_Min,Collision_DOW,Collision_Time,Crash_Type,Light_Condition,Weather,First_Harmfu_Event,Work_Zone_Type,Agency_Name,THP,Unbelted,Distracted_Driver,Driver_Drinking,Driver_Drugged,Drowsy_Driver,Speeding_Involved,Pedalcyclist,Pedestrian,Other_Nonmotorist,ATV_Involved,LargeTruck_Involved,Motorcycle_Involved,SchoolBus,County,City,DOW_Nmb
99775,400431291,0,1,35.90476,-86.32897,3,2026-01-18 15:07:00,2026,1,18,15,7,Sunday,15:07,Suspected Serious Injury,Daylight,Clear,Motor Vehicle-In-Transport On Same Roadway,None,THP District 3 - Nashville,THP,Unbelted,-,-,-,-,-,-,-,-,-,-,-,-,Rutherford,Not in City Limit,1
99777,400431301,0,1,35.53988,-89.24739,4,2026-01-18 19:57:00,2026,1,18,19,57,Sunday,19:57,Suspected Serious Injury,Dark-Lighted,Clear,Motor Vehicle-In-Transport On Same Roadway,None,BROWNSVILLE POLICE DEPT,Other,Unbelted,-,-,-,-,-,-,-,-,-,-,-,-,Haywood,Brownsville,1
99779,400431328,0,1,35.06749,-84.76998,2,2026-01-18 21:52:00,2026,1,18,21,52,Sunday,21:52,Suspected Serious Injury,Dark-Not Lighted,Clear,Ditch,None,THP District 2 - Chattanooga,THP,Unbelted,-,-,-,-,-,-,-,-,-,-,-,-,Bradley,Cleveland,1
99783,400431348,0,1,36.36917,-82.26419,5,2026-01-18 21:41:00,2026,1,18,21,41,Sunday,21:41,Suspected Serious Injury,Dark-Lighted,Clear,Ditch,None,CARTER CO SHERIFFS DEPT,Other,Unbelted,-,-,-,-,-,-,-,-,-,-,-,-,Carter,Not in City Limit,1
99793,400431436,0,2,35.8344,-84.33125,1,2026-01-19 09:15:00,2026,1,19,9,15,Monday,09:15,Suspected Serious Injury,Daylight,Clear,Motor Vehicle-In-Transport On Same Roadway,None,THP District 1 - Knoxville,THP,Unbelted,-,-,-,-,-,-,-,-,-,-,-,-,Loudon,Not in City Limit,2
99796,400431461,0,1,35.6186,-87.03503,7,2026-01-19 07:58:00,2026,1,19,7,58,Monday,07:58,Suspected Serious Injury,Daylight,Clear,Pedestrian,None,COLUMBIA POLICE DEPT,Other,Unbelted,-,-,-,-,-,-,Pedestrian,-,-,-,-,-,Maury,Columbia,2
99803,400431517,0,1,35.20142,-90.0078,4,2026-01-19 11:24:00,2026,1,19,11,24,Monday,11:24,Suspected Serious Injury,Daylight,Clear,Curb,None,THP District 4 - Memphis,THP,Unbelted,-,-,-,-,-,-,-,-,-,-,-,-,Shelby,Memphis,2
99813,400431577,0,1,35.91963,-85.15247,6,2026-01-19 13:00:00,2026,1,19,13,0,Monday,13:00,Suspected Serious Injury,Daylight,Clear,Ditch,None,THP District 6 - Cookeville,THP,Unbelted,-,-,-,-,Speeding,-,-,-,-,ATV_Involved,-,-,Cumberland,Not in City Limit,2
99818,400431608,0,1,35.99372,-84.03717,1,2026-01-19 15:09:00,2026,1,19,15,9,Monday,15:09,Suspected Serious Injury,Daylight,Clear,Pedestrian,None,KNOX CO SHERIFFS OFFICE,Other,Unbelted,-,-,-,-,-,-,Pedestrian,-,-,-,-,-,Knox,Not in City Limit,2
99832,400431713,0,4,36.30723,-87.58145,3,2026-01-19 16:12:00,2026,1,19,16,12,Monday,16:12,Suspected Serious Injury,Daylight,Clear,Motor Vehicle-In-Transport On Same Roadway,None,THP District 3 - Nashville,THP,Unbelted,-,-,-,-,-,-,-,-,-,-,-,-,Houston,Not in City Limit,2
99839,400431746,0,1,35.85571,-87.07631,3,2026-01-19 15:32:00,2026,1,19,15,32,Monday,15:32,Suspected Serious Injury,Daylight,Clear,Guard Rail Face,None,THP District 3 - Nashville,THP,Unbelted,-,-,-,-,-,-,-,-,-,-,-,-,Williamson,Not in City Limit,2
99840,400431754,0,1,35.50345,-87.19034,7,2026-01-19 00:00:00,2026,1,19,24,0,Monday,24:00,Suspected Serious Injury,Dark-Not Lighted,Clear,Embankment Earth,None,MAURY CO SHERIFFS DEPT,Other,Unbelted,-,Drinking,-,-,Speeding,-,-,-,-,-,-,-,Maury,Not in City Limit,2
99843,400431782,0,1,35.24261,-87.35735,7,2026-01-20 00:20:00,2026,1,20,0,20,Tuesday,00:20,Suspected Serious Injury,Dark-Not Lighted,Clear,Ditch,None,LAWRENCEBURG POLICE DEPT,Other,Unbelted,-,-,-,Drowsy,-,-,-,-,-,-,-,-,Lawrence,Lawrenceburg,3
99848,400431811,0,1,36.08514,-83.82226,1,2026-01-16 09:48:00,2026,1,16,9,48,Friday,09:48,Suspected Serious Injury,Daylight,Clear,Standing Tree,None,KNOX CO SHERIFFS OFFICE,Other,Unbelted,-,-,-,-,-,-,-,-,-,-,-,-,Knox,Not in City Limit,6
99854,400431849,1,0,36.06925,-86.68928,3,2026-01-16 22:04:00,2026,1,16,22,4,Friday,22:04,Fatal,Dark-Lighted,Rain,Wall,None,METROPOLITAN NASHVILLE POLICE DEPT,Other,Unbelted,-,Drinking,-,-,-,-,-,-,-,-,-,-,Davidson,Nashville,6
99860,400431890,0,2,36.17912,-82.80943,5,2026-01-20 09:05:00,2026,1,20,9,5,Tuesday,09:05,Suspected Serious Injury,Daylight,Clear,Motor Vehicle-In-Transport On Same Roadway,None,THP District 5 - Fall Branch,THP,Unbelted,-,-,-,-,-,-,-,-,-,ATV_Involved,-,-,Greene,Greeneville,3
99862,400431901,0,1,36.42397,-87.17959,3,2026-01-16 20:35:00,2026,1,16,20,35,Friday,20:35,Suspected Serious Injury,Dark-Not Lighted,Rain,Standing Tree,None,THP District 3 - Nashville,THP,Unbelted,-,Drinking,Drug,-,-,-,-,-,-,-,-,-,Montgomery,Not in City Limit,6
99872,400431960,0,1,35.95006,-86.66663,3,2026-01-20 07:47:00,2026,1,20,7,47,Tuesday,07:47,Suspected Serious Injury,Daylight,Clear,Pedal-Cycle,None,THP District 3 - Nashville,THP,Unbelted,-,-,-,-,-,Pedalcyclist,-,-,-,-,-,-,Williamson,Nolensville,3
99889,400432119,0,1,35.66354,-84.01889,1,2026-01-20 16:27:00,2026,1,20,16,27,Tuesday,16:27,Suspected Serious Injury,Daylight,Clear,Guard Rail End,None,BLOUNT CO SHERIFFS DEPT,Other,-,-,-,-,-,-,-,-,-,-,-,Motorcyclist,-,Blount,Not in City Limit,3
99935,400432477,0,2,36.25168,-86.74043,3,2026-01-21 07:57:00,2026,1,21,7,57,Wednesday,07:57,Suspected Serious Injury,Daylight,Clear,Pedestrian,None,METROPOLITAN NASHVILLE POLICE DEPT,Other,Unbelted,-,-,-,-,-,-,Pedestrian,-,-,-,-,-,Davidson,Nashville,4
99940,400432519,0,1,35.55677,-88.57233,8,2026-01-21 08:49:00,2026,1,21,8,49,Wednesday,08:49,Suspected Serious Injury,Daylight,Clear,Motor Vehicle-In-Transport On Same Roadway,None,THP District 8 - Jackson,THP,Unbelted,-,-,-,-,-,-,-,-,-,-,-,-,Chester,Not in City Limit,4
99954,400432618,0,1,35.79901,-83.86001,1,2026-01-21 11:08:00,2026,1,21,11,8,Wednesday,11:08,Suspected Serious Injury,Daylight,Clear,Guard Rail End,None,BLOUNT CO SHERIFFS DEPT,Other,Unbelted,-,-,-,-,-,-,-,-,-,-,-,-,Blount,Not in City Limit,4
99956,400432622,0,2,35.8868,-83.74322,1,2026-01-18 21:36:00,2026,1,18,21,36,Sunday,21:36,Suspected Serious Injury,Dark-Not Lighted,Clear,Standing Tree,None,THP District 1 - Knoxville,THP,Unbelted,-,Drinking,Drug,-,-,-,-,-,-,-,-,-,Sevier,Not in City Limit,1
99967,400432747,0,2,36.06171,-87.3807,3,2026-01-21 10:34:00,2026,1,21,10,34,Wednesday,10:34,Suspected Serious Injury,Daylight,Rain,Motor Vehicle-In-Transport On Same Roadway,None,DICKSON POLICE DEPT,Other,Unbelted,-,-,-,-,-,-,-,-,-,-,-,-,Dickson,Dickson,4
100005,400432928,1,0,35.72707,-83.99908,1,2026-01-21 20:21:00,2026,1,21,20,21,Wednesday,20:21,Fatal,Dark-Lighted,Rain,Pedestrian,None,MARYVILLE POLICE DEPT,Other,Unbelted,-,-,-,-,-,-,Pedestrian,-,-,-,-,-,Blount,Maryville,4
100008,400432940,1,0,36.188,-86.82182,3,2026-01-21 19:55:00,2026,1,21,19,55,Wednesday,19:55,Fatal,Dark-Lighted,Rain,Traffic Signal Support,None,METROPOLITAN NASHVILLE POLICE DEPT,Other,Unbelted,-,Drinking,Drug,-,-,-,-,-,-,-,-,-,Davidson,Nashville,4
100021,400432993,1,0,35.15232,-88.21371,8,2026-01-20 15:59:00,2026,1,20,15,59,Tuesday,15:59,Fatal,Daylight,Clear,Culvert,None,THP District 8 - Jackson,THP,Unbelted,-,-,-,-,-,-,-,-,-,-,-,-,Hardin,Not in City Limit,3
100024,400433003,0,1,35.97775,-85.48114,6,2026-01-21 00:00:00,2026,1,21,24,0,Wednesday,24:00,Suspected Serious Injury,Dark-Not Lighted,Cloudy,Utility Pole,None,WHITE CO SHERIFFS DEPT,Other,Unbelted,-,-,-,-,Speeding,-,-,-,-,-,-,-,White,Not in City Limit,4
100030,400433047,0,1,36.14572,-82.41341,5,2026-01-21 14:50:00,2026,1,21,14,50,Wednesday,14:50,Suspected Serious Injury,Daylight,Clear,Motor Vehicle-In-Transport On Same Roadway,None,ERWIN POLICE DEPT,Other,Unbelted,-,-,-,-,-,-,-,-,-,-,-,-,Unicoi,Erwin,4
100034,400433064,0,1,35.95353,-84.16138,1,2026-01-22 08:10:00,2026,1,22,8,10,Thursday,08:10,Suspected Serious Injury,Dawn,Cloudy,Motor Vehicle-In-Transport On Same Roadway,None,THP District 1 - Knoxville,THP,Unbelted,Distracted,-,-,-,-,-,-,-,-,-,-,-,Knox,Not in City Limit,5
100036,400433067,0,2,35.88252,-84.15768,1,2026-01-22 06:39:00,2026,1,22,6,39,Thursday,06:39,Suspected Serious Injury,Dark-Lighted,Cloudy,Motor Vehicle-In-Transport On Same Roadway,None,KNOX CO SHERIFFS OFFICE,Other,Unbelted,-,-,-,-,-,-,-,-,-,-,-,-,Knox,Farragut,5
100041,400433111,0,2,35.82209,-86.16333,6,2026-01-22 07:26:00,2026,1,22,7,26,Thursday,07:26,Suspected Serious Injury,Dawn,Fog,Embankment Rock/Stone/Concrete,None,THP District 6 - Cookeville,THP,Unbelted,-,-,-,-,-,-,-,-,-,-,-,-,Cannon,Not in City Limit,5
100042,400433120,0,2,35.93242,-84.13665,1,2026-01-22 08:49:00,2026,1,22,8,49,Thursday,08:49,Suspected Serious Injury,Daylight,Clear,Motor Vehicle-In-Transport On Same Roadway,None,KNOX CO SHERIFFS OFFICE,Other,Unbelted,-,-,-,-,-,-,-,-,-,-,-,-,Knox,Not in City Limit,5
100047,400433160,0,1,36.06667,-82.5108,5,2026-01-22 07:42:00,2026,1,22,7,42,Thursday,07:42,Suspected Serious Injury,Daylight,Cloudy,Embankment Earth,None,THP District 5 - Fall Branch,THP,Unbelted,-,-,-,-,-,-,-,-,-,-,-,-,Unicoi,Not in City Limit,5
100052,400433189,0,2,36.56143,-86.12444,6,2026-01-22 06:00:00,2026,1,22,6,0,Thursday,06:00,Suspected Serious Injury,Dark-Not Lighted,Fog,Motor Vehicle-In-Transport On Same Roadway,None,MACON CO SHERIFFS OFFICE,Other,Unbelted,-,-,-,-,-,-,-,-,-,-,-,-,Macon,Not in City Limit,5
100054,400433203,1,3,36.53695,-83.6899,5,2026-01-22 07:46:00,2026,1,22,7,46,Thursday,07:46,Fatal,Dawn,Clear,Embankment Rock/Stone/Concrete,None,THP District 5 - Fall Branch,THP,Unbelted,-,-,-,-,-,-,-,-,-,-,-,-,Claiborne,Not in City Limit,5
100063,400433283,0,3,35.86415,-84.68878,1,2026-01-22 11:15:00,2026,1,22,11,15,Thursday,11:15,Suspected Serious Injury,Daylight,Clear,Motor Vehicle-In-Transport On Same Roadway,None,ROCKWOOD POLICE DEPT,Other,Unbelted,-,-,-,-,-,-,-,-,-,-,-,-,Roane,Rockwood,5
100066,400433321,0,1,36.46843,-86.66131,3,2026-01-22 13:00:00,2026,1,22,13,0,Thursday,13:00,Suspected Serious Injury,Daylight,Clear,Pedestrian,None,WHITE HOUSE POLICE DEPT,Other,Unbelted,-,-,-,-,-,-,Pedestrian,-,-,-,-,-,Robertson,White House,5
100078,400433473,1,0,36.22394,-88.61907,8,2026-01-22 00:00:00,2026,1,22,24,0,Thursday,24:00,Fatal,Daylight,Clear,Standing Tree,None,GLEASON POLICE DEPT,Other,Unbelted,-,-,-,-,-,-,-,-,-,-,-,-,Weakley,Gleason,5
100086,400433534,0,1,36.59608,-86.74717,3,2026-01-21 21:39:00,2026,1,21,21,39,Wednesday,21:39,Suspected Serious Injury,Dark-Not Lighted,Rain,Ditch,None,THP District 3 - Nashville,THP,Unbelted,-,-,-,-,-,-,-,-,-,-,-,-,Robertson,Orlinda,4
100098,400433617,0,2,35.72702,-86.32424,3,2026-01-22 19:19:00,2026,1,22,19,19,Thursday,19:19,Suspected Serious Injury,Dark-Not Lighted,Clear,Standing Tree,None,THP District 3 - Nashville,THP,Unbelted,-,Drinking,-,-,-,-,-,-,-,-,-,-,Rutherford,Not in City Limit,5
100110,400433732,0,2,36.31317,-86.51434,3,2026-01-22 00:36:00,2026,1,22,0,36,Thursday,00:36,Suspected Serious Injury,Dark-Unknown Lighting,Rain,Standing Tree,None,SUMNER CO SHERIFFS OFFICE,Other,Unbelted,-,-,-,-,Speeding,-,-,-,-,-,-,-,Sumner,Not in City Limit,5
100116,400433783,0,2,36.48034,-86.93217,3,2026-01-22 10:07:00,2026,1,22,10,7,Thursday,10:07,Suspected Serious Injury,Daylight,Clear,Motor Vehicle-In-Transport On Same Roadway,None,THP District 3 - Nashville,THP,Unbelted,Distracted,-,-,-,-,-,-,-,-,-,-,-,Robertson,Not in City Limit,5
100166,400434377,0,1,35.28409,-89.03087,4,2026-01-23 17:37:00,2026,1,23,17,37,Friday,17:37,Suspected Serious Injury,Dark-Not Lighted,Clear,Pedestrian,None,THP District 4 - Memphis,THP,Unbelted,-,-,-,-,-,Pedalcyclist,-,-,-,-,-,-,Hardeman,Bolivar,6
100183,400434550,0,1,35.58606,-88.83867,8,2026-01-24 01:45:00,2026,1,24,1,45,Saturday,01:45,Suspected Serious Injury,Dark-Not Lighted,Snow,Embankment Earth,None,MADISON CO SHERIFFS DEPT,Other,Unbelted,-,-,-,-,-,-,-,-,-,-,-,-,Madison,Not in City Limit,7
100185,400434567,0,2,35.94222,-86.63132,3,2026-01-23 17:00:00,2026,1,23,17,0,Friday,17:00,Suspected Serious Injury,Dusk,Clear,Motor Vehicle-In-Transport On Same Roadway,None,NOLENSVILLE POLICE DEPT,Other,-,-,-,-,-,-,-,-,-,-,-,-,-,Williamson,Nolensville,6
100188,400434611,1,0,36.07036,-89.34237,8,2026-01-24 00:00:00,2026,1,24,24,0,Saturday,24:00,Fatal,Unknown,Unknown,Ditch,None,THP District 8 - Jackson,THP,Unbelted,-,Drinking,Drug,-,-,-,-,-,-,-,-,-,Dyer,Dyersburg,7
100189,400434627,0,5,36.30909,-83.29293,5,2026-01-22 15:47:00,2026,1,22,15,47,Thursday,15:47,Suspected Serious Injury,Daylight,Clear,Motor Vehicle-In-Transport On Same Roadway,None,BEAN STATION POLICE DEPT,Other,Unbelted,-,-,-,-,-,-,-,-,-,-,-,-,Grainger,Bean Station,5
100196,400434713,0,1,36.0545,-86.34608,3,2026-01-24 10:55:00,2026,1,24,10,55,Saturday,10:55,Suspected Serious Injury,Daylight,Blowing Snow,Standing Tree,None,WILSON CO SHERIFFS DEPT,Other,Unbelted,Distracted,-,-,-,-,-,-,-,-,-,-,-,Wilson,Not in City Limit,7
100205,400434782,0,1,35.88573,-84.937,6,2026-01-24 12:35:00,2026,1,24,12,35,Saturday,12:35,Suspected Serious Injury,Daylight,Snow,Fence,None,THP District 6 - Cookeville,THP,Unbelted,-,-,-,-,-,-,-,-,-,-,-,-,Cumberland,Not in City Limit,7
100207,400434791,0,1,35.82334,-83.81514,1,2026-01-20 10:25:00,2026,1,20,10,25,Tuesday,10:25,Suspected Serious Injury,Daylight,Clear,Motor Vehicle-In-Transport On Same Roadway,None,THP District 1 - Knoxville,THP,Unbelted,-,-,Drug,-,-,-,-,-,-,-,-,-,Blount,Not in City Limit,3
100211,400434831,0,2,36.11114,-85.52659,6,2026-01-24 12:44:00,2026,1,24,12,44,Saturday,12:44,Suspected Serious Injury,Daylight,Snow,Parked Motor Vehicle,None,THP District 6 - Cookeville,THP,Unbelted,-,-,-,-,-,-,Pedestrian,-,-,-,-,-,Putnam,Not in City Limit,7
100227,400434929,0,1,35.4405,-88.57585,8,2026-01-21 11:48:00,2026,1,21,11,48,Wednesday,11:48,Suspected Serious Injury,Daylight,Rain,Ditch,None,THP District 8 - Jackson,THP,Unbelted,-,-,-,-,-,-,-,-,-,-,-,-,Chester,Not in City Limit,4
100245,400434997,1,0,35.64131,-85.063,2,2026-01-22 14:01:00,2026,1,22,14,1,Thursday,14:01,Fatal,Daylight,Clear,Ditch,None,THP District 2 - Chattanooga,THP,-,-,-,-,-,-,-,-,-,-,-,Motorcyclist,-,Bledsoe,Not in City Limit,5
100246,400434999,0,2,35.84149,-85.4814,6,2026-01-24 20:30:00,2026,1,24,20,30,Saturday,20:30,Suspected Serious Injury,Dark-Not Lighted,Freezing Rain/Freezing Drizzle,Standing Tree,None,THP District 6 - Cookeville,THP,Unbelted,-,-,-,-,Speeding,-,-,-,-,-,-,-,White,Not in City Limit,7
100251,400435016,0,1,35.60614,-87.0655,7,2026-01-25 01:26:00,2026,1,25,1,26,Sunday,01:26,Suspected Serious Injury,Dark-Lighted,Snow,Ditch,None,COLUMBIA POLICE DEPT,Other,Unbelted,-,-,-,-,-,-,-,-,-,-,-,-,Maury,Columbia,1
100260,400435124,0,2,36.10841,-83.33569,5,2026-01-25 12:39:00,2026,1,25,12,39,Sunday,12:39,Suspected Serious Injury,Daylight,Rain,Motor Vehicle-In-Transport On Same Roadway,None,WHITE PINE POLICE DEPT,Other,Unbelted,-,-,-,-,Speeding,-,-,-,-,-,-,-,Jefferson,White Pine,1
100270,400435197,0,1,36.43319,-88.85818,8,2026-01-22 21:07:00,2026,1,22,21,7,Thursday,21:07,Suspected Serious Injury,Dark-Not Lighted,Clear,Pedestrian,None,THP District 8 - Jackson,THP,Unbelted,-,-,-,-,-,-,Pedestrian,-,-,-,-,-,Obion,Not in City Limit,5
100273,400435241,0,1,36.43004,-87.37362,3,2026-01-24 00:00:00,2026,1,24,24,0,Saturday,24:00,Suspected Serious Injury,Dark-Not Lighted,Snow,Highway Traffic Sign Post,None,MONTGOMERY CO SHERIFFS OFFICE,Other,Unbelted,-,Drinking,-,-,-,-,-,-,-,-,-,-,Montgomery,Not in City Limit,7
100291,400435362,0,1,35.2468,-85.06854,2,2026-01-25 19:27:00,2026,1,25,19,27,Sunday,19:27,Suspected Serious Injury,Dark-Not Lighted,Rain,Standing Tree,None,THP District 2 - Chattanooga,THP,Unbelted,-,Drinking,-,-,-,-,-,-,-,-,-,-,Hamilton,Not in City Limit,1
100292,400435373,0,1,35.96993,-85.03816,6,2026-01-22 11:53:00,2026,1,22,11,53,Thursday,11:53,Suspected Serious Injury,Daylight,Clear,Ditch,None,CROSSVILLE POLICE DEPT,Other,Unbelted,-,-,-,-,-,-,-,-,-,-,-,-,Cumberland,Crossville,5
100304,400435475,0,1,36.2929,-86.71958,3,2026-01-26 10:20:00,2026,1,26,10,20,Monday,10:20,Suspected Serious Injury,Daylight,Clear,Motor Vehicle-In-Transport On Same Roadway,None,GOODLETTSVILLE POLICE DEPT,Other,Unbelted,-,-,-,-,-,-,-,-,-,ATV_Involved,-,-,Davidson,Goodlettsville,2
100309,400435518,0,2,35.79126,-84.10422,1,2026-01-26 15:16:00,2026,1,26,15,16,Monday,15:16,Suspected Serious Injury,Daylight,Clear,Ditch,None,BLOUNT CO SHERIFFS DEPT,Other,Unbelted,-,-,-,-,Speeding,-,-,-,-,-,-,-,Blount,Not in City Limit,2
100319,400435606,0,1,35.89166,-84.79919,6,2026-01-25 01:57:00,2026,1,25,1,57,Sunday,01:57,Suspected Serious Injury,Dark-Not Lighted,Freezing Rain/Freezing Drizzle,Cable Barrier,None,THP District 6 - Cookeville,THP,Unbelted,-,-,-,-,-,-,-,-,-,ATV_Involved,-,-,Cumberland,Not in City Limit,1
100320,400435620,0,2,35.49298,-85.00817,2,2026-01-26 21:27:00,2026,1,26,21,27,Monday,21:27,Suspected Serious Injury,Dark-Lighted,Clear,Motor Vehicle-In-Transport On Same Roadway,None,DAYTON POLICE DEPT,Other,Unbelted,-,Drinking,-,-,-,-,-,-,-,-,-,-,Rhea,Dayton,2
100325,400435655,1,0,36.30983,-82.39443,5,2026-01-25 19:22:00,2026,1,25,19,22,Sunday,19:22,Fatal,Dark-Lighted,Freezing Rain/Freezing Drizzle,Pedestrian,None,THP District 5 - Fall Branch,THP,Unbelted,Distracted,-,-,-,-,-,Pedestrian,-,-,-,-,-,Washington,Johnson City,1
100328,400435745,1,0,35.99545,-84.41509,1,2025-04-16 00:00:00,2025,4,16,24,0,Wednesday,24:00,Fatal,Dark-Not Lighted,Clear,Pedestrian,None,ROANE CO SHERIFFS DEPT,Other,Unbelted,-,-,-,-,-,-,Pedestrian,-,-,-,-,-,Roane,Not in City Limit,4
100348,400435956,1,0,36.4533,-83.62594,5,2026-01-23 05:00:00,2026,1,23,5,0,Friday,05:00,Fatal,Dark-Not Lighted,Cloudy,Ditch,None,CLAIBORNE CO SHERIFFS OFFICE,Other,Unbelted,-,-,-,-,-,-,-,-,-,-,-,-,Claiborne,Not in City Limit,6
100354,400435995,0,2,36.37691,-82.21765,5,2026-01-27 15:35:00,2026,1,27,15,35,Tuesday,15:35,Suspected Serious Injury,Daylight,Clear,Motor Vehicle-In-Transport On Same Roadway,None,THP District 5 - Fall Branch,THP,Unbelted,-,-,-,-,-,-,-,-,-,-,-,-,Carter,Not in City Limit,3
100358,400436012,0,3,35.90113,-83.18366,5,2026-01-27 22:42:00,2026,1,27,22,42,Tuesday,22:42,Suspected Serious Injury,Dark-Not Lighted,Cloudy,Motor Vehicle-In-Transport On Same Roadway,None,THP District 5 - Fall Branch,THP,Unbelted,-,-,Drug,-,-,-,-,-,-,-,-,-,Cocke,Not in City Limit,3
100367,400436069,1,0,36.25266,-83.20604,5,2026-01-28 06:30:00,2026,1,28,6,30,Wednesday,06:30,Fatal,Dark-Lighted,Clear,Motor Vehicle-In-Transport On Same Roadway,None,MORRISTOWN POLICE DEPT,Other,Unbelted,-,-,-,-,-,-,-,-,-,-,-,-,Hamblen,Morristown,4
100376,400436299,0,1,35.08222,-88.25471,8,2026-01-23 15:56:00,2026,1,23,15,56,Friday,15:56,Suspected Serious Injury,Daylight,Cloudy,Motor Vehicle-In-Transport On Same Roadway,None,THP District 8 - Jackson,THP,Unbelted,-,-,-,-,-,-,-,-,-,ATV_Involved,-,-,Hardin,Not in City Limit,6
100383,400436373,0,1,35.98216,-83.98386,1,2026-01-28 10:13:00,2026,1,28,10,13,Wednesday,10:13,Suspected Serious Injury,Daylight,Clear,Other Post/Pole Support,None,KNOXVILLE POLICE DEPT,Other,Unbelted,-,-,-,-,-,-,-,-,-,-,-,-,Knox,Knoxville,4
100393,400436480,0,1,36.10831,-86.76573,3,2026-01-28 16:09:00,2026,1,28,16,9,Wednesday,16:09,Suspected Serious Injury,Daylight,Clear,Motor Vehicle-In-Transport On Same Roadway,None,METROPOLITAN NASHVILLE POLICE DEPT,Other,Unbelted,-,-,-,-,-,-,-,-,-,-,-,-,Davidson,Nashville,4
100403,400436550,0,1,35.67057,-85.47078,6,2026-01-28 00:00:00,2026,1,28,24,0,Wednesday,24:00,Suspected Serious Injury,Dark-Not Lighted,Clear,Standing Tree,None,VAN BUREN CO SHERIFFS DEPT,Other,Unbelted,-,-,-,-,-,-,-,-,-,-,-,-,Van Buren,Not in City Limit,4
100404,400436562,1,0,36.03473,-83.96752,1,2026-01-28 23:10:00,2026,1,28,23,10,Wednesday,23:10,Fatal,Dark-Not Lighted,Clear,Standing Tree,None,KNOX CO SHERIFFS OFFICE,Other,Unbelted,-,Drinking,Drug,-,Speeding,-,-,-,-,-,-,-,Knox,Not in City Limit,4
100432,400437011,1,0,36.17125,-86.12943,3,2026-01-28 19:35:00,2026,1,28,19,35,Wednesday,19:35,Fatal,Dark-Not Lighted,Clear,Standing Tree,None,THP District 3 - Nashville,THP,Unbelted,-,-,-,-,-,-,-,-,-,ATV_Involved,-,-,Wilson,Not in City Limit,4
100441,400437119,0,1,36.14072,-82.73601,5,2026-01-28 13:29:00,2026,1,28,13,29,Wednesday,13:29,Suspected Serious Injury,Daylight,Clear,Standing Tree,None,THP District 5 - Fall Branch,THP,Unbelted,-,-,Drug,-,-,-,-,-,-,-,-,-,Greene,Not in City Limit,4
100453,400437202,0,1,35.20879,-85.9001,2,2026-01-29 18:00:00,2026,1,29,18,0,Thursday,18:00,Suspected Serious Injury,Dark-Not Lighted,Clear,Ditch,None,THP District 2 - Chattanooga,THP,Unbelted,-,-,Drug,-,-,-,-,-,-,-,-,-,Franklin,Not in City Limit,5
100454,400437203,0,4,36.22038,-82.34081,5,2026-01-29 19:15:00,2026,1,29,19,15,Thursday,19:15,Suspected Serious Injury,Dark-Not Lighted,Clear,Motor Vehicle-In-Transport On Same Roadway,None,THP District 5 - Fall Branch,THP,Unbelted,-,-,-,-,-,-,-,-,-,-,-,-,Unicoi,Unicoi,5
100460,400437238,0,1,36.01876,-83.98658,1,2026-01-30 00:23:00,2026,1,30,0,23,Friday,00:23,Suspected Serious Injury,Dark-Not Lighted,Clear,"Over Turn, Roll Over",None,KNOXVILLE POLICE DEPT,Other,Unbelted,-,-,-,-,-,-,-,-,-,-,-,-,Knox,Knoxville,6
100462,400437256,0,1,36.19117,-86.77512,3,2026-01-29 23:45:00,2026,1,29,23,45,Thursday,23:45,Suspected Serious Injury,Dark-Lighted,Clear,Guard Rail Face,None,METROPOLITAN NASHVILLE POLICE DEPT,Other,Unbelted,-,Drinking,-,-,-,-,-,-,-,-,-,-,Davidson,Nashville,5
100487,400437564,0,2,36.02548,-86.58439,3,2026-01-29 19:30:00,2026,1,29,19,30,Thursday,19:30,Suspected Serious Injury,Dark-Lighted,Clear,Other Fixed Object,None,LAVERGNE POLICE DEPT,Other,Unbelted,Distracted,-,-,-,Speeding,-,-,-,-,-,-,-,Rutherford,Lavergne,5
100495,400437735,0,3,36.16026,-85.06862,6,2026-01-27 18:44:00,2026,1,27,18,44,Tuesday,18:44,Suspected Serious Injury,Dark-Not Lighted,Clear,Motor Vehicle-In-Transport On Same Roadway,None,THP District 6 - Cookeville,THP,Unbelted,-,-,-,-,-,-,-,-,-,-,-,-,Fentress,Not in City Limit,3
100503,400437840,0,1,36.22109,-85.47883,6,2026-01-29 17:03:00,2026,1,29,17,3,Thursday,17:03,Suspected Serious Injury,Dark-Not Lighted,Clear,Motor Vehicle-In-Transport On Same Roadway,None,THP District 6 - Cookeville,THP,Unbelted,-,-,-,-,-,-,-,-,-,-,-,-,Putnam,Not in City Limit,5
100508,400437862,0,2,36.03017,-86.95184,3,2026-01-30 18:55:00,2026,1,30,18,55,Friday,18:55,Suspected Serious Injury,Dark-Lighted,Cloudy,Motor Vehicle-In-Transport On Different Roadway,None,WILLIAMSON CO SHERIFFS OFFICE,Other,Unbelted,-,-,-,-,-,-,-,-,-,-,-,-,Williamson,Not in City Limit,6