OBJECTID,MRN,Fatality,Injury,Latitude,Longitude,THP_District,Collision_Date,Collision_Year,Collision_Month,Collision_Day,Collision_Hour,Collision_Min,Collision_DOW,Collision_Time,Crash_Type,Light_Condition,Weather,First_Harmfu_Event,Work_Zone_Type,Agency_Name,THP,Unbelted,Distracted_Driver,Driver_Drinking,Driver_Drugged,Drowsy_Driver,Speeding_Involved,Pedalcyclist,Pedestrian,Other_Nonmotorist,ATV_Involved,LargeTruck_Involved,Motorcycle_Involved,SchoolBus,County,City,DOW_Nmb
100510,400437867,1,0,35.09645,-84.79574,2,2026-01-30 17:30:00,2026,1,30,17,30,Friday,17:30,Fatal,Daylight,Cloudy,Standing Tree,None,THP District 2 - Chattanooga,THP,Unbelted,-,-,-,-,-,-,-,-,-,-,-,-,Bradley,Not in City Limit,6
100521,400437952,0,1,35.86586,-86.43399,3,2026-01-30 20:00:00,2026,1,30,20,0,Friday,20:00,Suspected Serious Injury,Dark-Not Lighted,Clear,Standing Tree,None,MURFREESBORO POLICE DEPT,Other,Unbelted,-,Drinking,-,-,-,-,-,-,-,-,-,-,Rutherford,Murfreesboro,6
100526,400437995,0,1,36.27347,-86.8321,3,2026-01-31 02:20:00,2026,1,31,2,20,Saturday,02:20,Suspected Serious Injury,Dark-Not Lighted,Clear,Embankment Earth,None,METROPOLITAN NASHVILLE POLICE DEPT,Other,Unbelted,-,Drinking,-,-,-,-,-,-,-,-,-,-,Davidson,Nashville,7
100541,400438177,0,2,35.70136,-84.31204,1,2026-01-30 06:40:00,2026,1,30,6,40,Friday,06:40,Suspected Serious Injury,Dark-Not Lighted,Clear,Motor Vehicle-In-Transport On Same Roadway,None,THP District 1 - Knoxville,THP,Unbelted,-,-,-,-,-,-,-,-,-,-,-,-,Loudon,Not in City Limit,6
100563,400438366,1,2,36.15337,-86.68674,3,2026-01-31 17:07:00,2026,1,31,17,7,Saturday,17:07,Fatal,Dark-Lighted,Cloudy,Motor Vehicle-In-Transport On Same Roadway,None,METROPOLITAN NASHVILLE POLICE DEPT,Other,Unbelted,-,-,-,-,Speeding,-,-,-,-,-,-,-,Davidson,Nashville,7
100572,400438421,0,1,36.42813,-85.66207,6,2026-01-31 00:00:00,2026,1,31,24,0,Saturday,24:00,Suspected Serious Injury,Dark-Not Lighted,Snow,Embankment Earth,None,THP District 6 - Cookeville,THP,Unbelted,-,-,-,-,Speeding,-,-,-,-,-,-,-,Jackson,Not in City Limit,7
100578,400438457,0,1,36.26118,-86.66141,3,2026-02-01 02:30:00,2026,2,1,2,30,Sunday,02:30,Suspected Serious Injury,Dark-Lighted,Snow,Motor Vehicle-In-Transport On Same Roadway,None,METROPOLITAN NASHVILLE POLICE DEPT,Other,Unbelted,-,-,-,-,Speeding,-,-,-,-,-,-,-,Davidson,Nashville,1
100591,400438509,0,5,35.63476,-87.01231,7,2026-01-27 16:00:00,2026,1,27,16,0,Tuesday,16:00,Suspected Serious Injury,Daylight,Clear,Motor Vehicle-In-Transport On Different Roadway,None,COLUMBIA POLICE DEPT,Other,Unbelted,Distracted,-,Drug,-,-,-,-,-,-,-,-,-,Maury,Columbia,3
100614,400438701,0,1,36.45971,-86.96982,3,2026-02-01 14:36:00,2026,2,1,14,36,Sunday,14:36,Suspected Serious Injury,Daylight,Clear,Ditch,None,THP District 3 - Nashville,THP,Unbelted,-,-,-,-,-,-,-,-,-,-,-,-,Robertson,Not in City Limit,1
100625,400438792,0,4,36.08262,-86.76439,3,2026-02-01 17:47:00,2026,2,1,17,47,Sunday,17:47,Suspected Serious Injury,Dark-Lighted,Clear,Motor Vehicle-In-Transport On Same Roadway,None,METROPOLITAN NASHVILLE POLICE DEPT,Other,Unbelted,-,-,-,-,-,-,-,-,-,-,-,-,Davidson,Nashville,1
100631,400438812,0,1,36.33912,-84.14574,1,2026-01-31 00:00:00,2026,1,31,24,0,Saturday,24:00,Suspected Serious Injury,Dark-Not Lighted,Snow,Embankment Earth,None,CAMPBELL CO SHERIFFS DEPT,Other,Unbelted,-,-,-,-,Speeding,-,-,-,-,-,-,-,Campbell,Not in City Limit,7
100640,400438859,0,1,35.87546,-85.47112,6,2026-02-01 17:44:00,2026,2,1,17,44,Sunday,17:44,Suspected Serious Injury,Dark-Not Lighted,Clear,Concrete Traffic Barrier,None,THP District 6 - Cookeville,THP,Unbelted,-,-,-,Drowsy,-,-,-,-,-,-,-,-,White,Not in City Limit,1
100645,400438890,0,1,36.1327,-86.7232,3,2026-02-01 00:03:00,2026,2,1,0,3,Sunday,00:03,Suspected Serious Injury,Dark-Lighted,Clear,Motor Vehicle-In-Transport On Same Roadway,None,METROPOLITAN NASHVILLE POLICE DEPT,Other,Unbelted,-,-,-,-,-,-,-,-,-,-,-,-,Davidson,Nashville,1
100650,400438923,0,2,36.02187,-86.62901,3,2026-02-02 00:38:00,2026,2,2,0,38,Monday,00:38,Suspected Serious Injury,Dark-Lighted,Clear,Motor Vehicle-In-Transport On Same Roadway,None,METROPOLITAN NASHVILLE POLICE DEPT,Other,Unbelted,-,Drinking,-,-,-,-,-,-,-,-,-,-,Davidson,Nashville,2
100676,400439127,1,0,35.3558,-85.95395,2,2026-02-02 12:07:00,2026,2,2,12,7,Monday,12:07,Fatal,Daylight,Clear,Embankment Earth,None,THP District 2 - Chattanooga,THP,Unbelted,-,-,-,-,-,-,-,-,-,-,-,-,Coffee,Not in City Limit,2
100709,400439425,1,1,35.83982,-84.30564,1,2026-02-02 20:13:00,2026,2,2,20,13,Monday,20:13,Fatal,Dark-Not Lighted,Clear,Motor Vehicle-In-Transport On Same Roadway,None,THP District 1 - Knoxville,THP,Unbelted,-,Drinking,Drug,-,-,-,-,-,-,-,-,-,Loudon,Not in City Limit,2
100710,400439432,1,0,35.46261,-86.01594,2,2026-02-02 17:24:00,2026,2,2,17,24,Monday,17:24,Fatal,Dusk,Clear,Standing Tree,None,MANCHESTER POLICE DEPT,Other,Unbelted,-,-,-,-,-,-,-,-,-,-,-,-,Coffee,Manchester,2
100744,400439759,0,3,36.18598,-83.18933,5,2026-02-03 10:35:00,2026,2,3,10,35,Tuesday,10:35,Suspected Serious Injury,,Cloudy,Motor Vehicle-In-Transport On Same Roadway,None,THP District 5 - Fall Branch,THP,Unbelted,-,-,-,-,-,-,-,-,-,ATV_Involved,-,-,Hamblen,Not in City Limit,3
100776,400439994,0,2,35.20557,-84.58798,2,2026-01-31 11:04:00,2026,1,31,11,4,Saturday,11:04,Suspected Serious Injury,Daylight,Snow,Motor Vehicle-In-Transport On Same Roadway,None,THP District 2 - Chattanooga,THP,Unbelted,-,-,-,-,-,-,Pedestrian,-,-,-,-,-,Polk,Not in City Limit,7
100781,400440025,0,1,36.23537,-86.78135,3,2026-02-03 00:00:00,2026,2,3,24,0,Tuesday,24:00,Suspected Serious Injury,Dark-Lighted,Rain,Pedestrian,None,METROPOLITAN NASHVILLE POLICE DEPT,Other,Unbelted,-,-,-,-,-,-,Pedestrian,-,-,-,-,-,Davidson,Nashville,3
100786,400440050,0,1,36.00527,-88.33128,8,2026-02-03 20:26:00,2026,2,3,20,26,Tuesday,20:26,Suspected Serious Injury,Dark-Not Lighted,Clear,Standing Tree,None,THP District 8 - Jackson,THP,Unbelted,-,-,-,-,-,-,-,-,-,-,-,-,Carroll,Not in City Limit,3
100835,400440529,0,2,36.09787,-89.29656,8,2026-02-04 12:19:00,2026,2,4,12,19,Wednesday,12:19,Suspected Serious Injury,Daylight,Clear,Ditch,None,NEWBERN POLICE DEPT,Other,Unbelted,-,-,-,-,-,-,-,-,-,-,-,-,Dyer,Newbern,4
100849,400440617,0,2,36.18721,-82.37021,5,2026-02-04 19:35:00,2026,2,4,19,35,Wednesday,19:35,Suspected Serious Injury,Dark-Not Lighted,Clear,Utility Pole,None,THP District 5 - Fall Branch,THP,Unbelted,-,-,-,-,-,-,-,-,-,-,-,-,Unicoi,Unicoi,4
100855,400440655,0,1,36.59658,-85.58443,6,2026-02-04 20:51:00,2026,2,4,20,51,Wednesday,20:51,Suspected Serious Injury,Dark-Not Lighted,Clear,Guard Rail End,None,THP District 6 - Cookeville,THP,Unbelted,-,-,-,-,-,-,-,-,-,-,-,-,Clay,Not in City Limit,4
100862,400440697,0,2,35.12781,-84.72032,2,2026-02-04 22:52:00,2026,2,4,22,52,Wednesday,22:52,Suspected Serious Injury,Dark-Not Lighted,Freezing Rain/Freezing Drizzle,Motor Vehicle-In-Transport On Same Roadway,None,THP District 2 - Chattanooga,THP,Unbelted,-,-,-,-,-,-,-,-,-,-,-,-,Polk,Not in City Limit,4
100865,400440711,0,3,36.02836,-86.59047,3,2026-02-04 23:30:00,2026,2,4,23,30,Wednesday,23:30,Suspected Serious Injury,Dark-Lighted,Clear,Motor Vehicle-In-Transport On Same Roadway,None,METROPOLITAN NASHVILLE POLICE DEPT,Other,Unbelted,-,Drinking,-,-,-,-,-,-,-,-,-,-,Davidson,Nashville,4
100870,400440759,0,1,35.48629,-86.43766,7,2026-02-04 14:49:00,2026,2,4,14,49,Wednesday,14:49,Suspected Serious Injury,Daylight,Rain,Motor Vehicle-In-Transport On Same Roadway,None,SHELBYVILLE POLICE DEPT,Other,Unbelted,Distracted,-,-,-,-,-,-,-,-,-,-,-,Bedford,Shelbyville,4
100886,400440899,3,0,35.62091,-84.60108,2,2026-01-23 09:18:00,2026,1,23,9,18,Friday,09:18,Fatal,Daylight,Clear,Motor Vehicle-In-Transport On Same Roadway,None,THP District 2 - Chattanooga,THP,Unbelted,-,-,Drug,-,-,-,-,-,-,-,-,-,McMinn,Not in City Limit,6
100905,400441096,0,3,36.00558,-88.39528,8,2026-02-05 12:51:00,2026,2,5,12,51,Thursday,12:51,Suspected Serious Injury,Daylight,Cloudy,Motor Vehicle-In-Transport On Same Roadway,None,HUNTINGDON POLICE DEPT,Other,Unbelted,-,-,-,-,-,-,-,-,-,-,-,-,Carroll,Huntingdon,5
100922,400441282,1,0,35.30699,-86.05135,2,2026-02-02 22:30:00,2026,2,2,22,30,Monday,22:30,Fatal,Dark-Not Lighted,Clear,Ditch,None,THP District 2 - Chattanooga,THP,Unbelted,-,Drinking,-,-,-,-,-,-,-,-,-,-,Franklin,Not in City Limit,2
100926,400441294,0,2,35.88783,-88.92758,8,2026-02-03 15:35:00,2026,2,3,15,35,Tuesday,15:35,Suspected Serious Injury,Daylight,Fog,Motor Vehicle-In-Transport On Same Roadway,None,THP District 8 - Jackson,THP,Unbelted,Distracted,-,-,-,-,-,-,-,-,-,-,-,Gibson,Not in City Limit,3
100938,400441329,0,1,35.73659,-83.42022,1,2026-02-05 15:25:00,2026,2,5,15,25,Thursday,15:25,Suspected Serious Injury,Daylight,Cloudy,Embankment Earth,None,THP District 1 - Knoxville,THP,Unbelted,-,-,-,-,-,-,-,-,-,-,-,-,Sevier,Pittman Center,5
100944,400441347,0,1,35.95063,-88.97736,8,2026-02-04 18:30:00,2026,2,4,18,30,Wednesday,18:30,Suspected Serious Injury,Dark-Lighted,Clear,Pedestrian,None,THP District 8 - Jackson,THP,Unbelted,-,-,-,-,-,-,Pedestrian,-,-,-,-,-,Gibson,Not in City Limit,4
100950,400441387,0,1,35.74659,-86.83737,3,2026-02-05 17:39:00,2026,2,5,17,39,Thursday,17:39,Suspected Serious Injury,Dark-Not Lighted,Clear,Motor Vehicle-In-Transport On Same Roadway,None,WILLIAMSON CO SHERIFFS OFFICE,Other,Unbelted,-,-,-,-,-,-,-,-,-,-,-,-,Williamson,Not in City Limit,5
100965,400441467,0,3,36.58327,-82.65259,5,2026-02-05 11:50:00,2026,2,5,11,50,Thursday,11:50,Suspected Serious Injury,Daylight,Cloudy,Motor Vehicle-In-Transport On Same Roadway,None,MOUNT CARMEL POLICE DEPT,Other,Unbelted,-,-,-,-,-,-,-,-,-,-,-,-,Hawkins,Mount Carmel,5
100973,400441597,0,1,36.14965,-85.60808,6,2026-02-06 07:07:00,2026,2,6,7,7,Friday,07:07,Suspected Serious Injury,Daylight,Clear,Standing Tree,None,PUTNAM COUNTY SHERIFF'S OFFICE,Other,Unbelted,Distracted,-,-,-,-,-,-,-,-,-,-,-,Putnam,Not in City Limit,6
100997,400442038,0,1,35.99684,-85.08366,6,2026-02-06 13:43:00,2026,2,6,13,43,Friday,13:43,Suspected Serious Injury,Daylight,Clear,Motor Vehicle-In-Transport On Same Roadway,None,THP District 6 - Cookeville,THP,Unbelted,-,-,-,Drowsy,-,-,-,-,-,-,-,-,Cumberland,Not in City Limit,6
101010,400442135,0,3,35.57165,-84.94711,2,2026-02-06 12:59:00,2026,2,6,12,59,Friday,12:59,Suspected Serious Injury,Daylight,Clear,Motor Vehicle-In-Transport On Same Roadway,None,THP District 2 - Chattanooga,THP,Unbelted,-,-,-,-,-,-,-,-,-,-,-,-,Rhea,Not in City Limit,6
101033,400442268,0,1,35.98653,-84.04534,1,2026-02-06 15:18:00,2026,2,6,15,18,Friday,15:18,Suspected Serious Injury,Daylight,Clear,Motor Vehicle-In-Transport On Same Roadway,None,KNOX CO SHERIFFS OFFICE,Other,Unbelted,-,-,-,-,-,-,-,-,-,-,Motorcyclist,-,Knox,Not in City Limit,6
101034,400442270,0,1,35.17645,-88.91981,4,2026-02-06 07:22:00,2026,2,6,7,22,Friday,07:22,Suspected Serious Injury,Dark-Not Lighted,Clear,Shrubbery,None,THP District 4 - Memphis,THP,Unbelted,-,-,-,-,-,-,-,-,-,-,-,-,Hardeman,Not in City Limit,6
101053,400442449,0,1,35.25036,-85.18548,2,2026-02-06 14:49:00,2026,2,6,14,49,Friday,14:49,Suspected Serious Injury,Daylight,Clear,Embankment Earth,None,SODDY DAISY POLICE DEPT,Other,Unbelted,-,-,-,-,-,-,-,-,-,-,-,-,Hamilton,Soddy-Daisy,6
101055,400442455,0,1,35.65138,-88.86805,8,2026-02-07 03:12:00,2026,2,7,3,12,Saturday,03:12,Suspected Serious Injury,Dark-Not Lighted,Clear,Fence,None,JACKSON POLICE DEPT,Other,Unbelted,Distracted,-,-,-,Speeding,-,-,-,-,-,-,-,Madison,Jackson,7
101057,400442458,0,2,36.28371,-86.72994,3,2026-02-07 05:15:00,2026,2,7,5,15,Saturday,05:15,Suspected Serious Injury,Dark-Lighted,Clear,Motor Vehicle-In-Transport On Same Roadway,None,METROPOLITAN NASHVILLE POLICE DEPT,Other,Unbelted,Distracted,-,-,Drowsy,-,-,-,-,-,-,-,-,Davidson,Nashville,7
101068,400442671,1,0,35.46157,-85.83587,2,2026-02-07 08:15:00,2026,2,7,8,15,Saturday,08:15,Fatal,Daylight,Clear,Standing Tree,None,THP District 2 - Chattanooga,THP,Unbelted,-,-,-,-,-,-,-,-,-,-,-,-,Grundy,Not in City Limit,7
101069,400442677,2,1,35.94744,-87.75473,3,2026-02-07 05:32:00,2026,2,7,5,32,Saturday,05:32,Fatal,Dark-Not Lighted,Clear,Motor Vehicle-In-Transport On Same Roadway,None,THP District 3 - Nashville,THP,Unbelted,-,-,Drug,-,-,-,-,-,-,-,-,-,Humphreys,Not in City Limit,7
101081,400442820,0,1,35.9223,-86.40781,3,2026-02-07 12:50:00,2026,2,7,12,50,Saturday,12:50,Suspected Serious Injury,Daylight,Clear,Ditch,None,RUTHERFORD CO SHERIFFS DEPT,Other,Unbelted,Distracted,-,-,-,-,-,-,-,-,-,-,-,Rutherford,Not in City Limit,7
101093,400442997,1,1,35.86404,-83.76769,1,2026-02-07 12:39:00,2026,2,7,12,39,Saturday,12:39,Fatal,Daylight,Clear,Motor Vehicle-In-Transport On Same Roadway,None,THP District 1 - Knoxville,THP,Unbelted,-,-,Drug,-,-,-,-,-,-,-,-,-,Sevier,Not in City Limit,7
101117,400443162,0,3,36.2492,-86.73446,3,2026-02-07 23:20:00,2026,2,7,23,20,Saturday,23:20,Suspected Serious Injury,Dark-Lighted,Clear,Motor Vehicle-In-Transport On Same Roadway,None,METROPOLITAN NASHVILLE POLICE DEPT,Other,Unbelted,-,Drinking,-,-,-,-,-,-,-,-,-,-,Davidson,Nashville,7
101130,400443421,0,1,36.1676,-86.7622,3,2026-02-08 11:00:00,2026,2,8,11,0,Sunday,11:00,Suspected Serious Injury,Daylight,Clear,Pedestrian,None,METROPOLITAN NASHVILLE POLICE DEPT,Other,Unbelted,-,-,-,-,-,-,Pedestrian,-,-,-,-,-,Davidson,Nashville,1
101139,400443555,1,6,35.14276,-84.83713,2,2026-02-08 13:50:00,2026,2,8,13,50,Sunday,13:50,Fatal,Daylight,Clear,Motor Vehicle-In-Transport On Same Roadway,None,THP District 2 - Chattanooga,THP,Unbelted,-,-,-,-,-,-,-,-,-,-,-,-,Bradley,Not in City Limit,1
101141,400443571,0,1,36.03195,-88.13388,8,2026-02-07 16:06:00,2026,2,7,16,6,Saturday,16:06,Suspected Serious Injury,Daylight,Cloudy,Standing Tree,None,THP District 8 - Jackson,THP,Unbelted,-,-,-,-,-,-,-,-,-,-,-,-,Benton,Not in City Limit,7
101153,400443717,0,2,36.05846,-83.93338,1,2026-02-08 16:44:00,2026,2,8,16,44,Sunday,16:44,Suspected Serious Injury,Daylight,Clear,Motor Vehicle-In-Transport On Same Roadway,None,KNOX CO SHERIFFS OFFICE,Other,Unbelted,-,-,-,-,-,-,-,-,-,-,-,-,Knox,Not in City Limit,1
101155,400443753,0,1,35.75818,-83.88269,1,2026-02-08 18:46:00,2026,2,8,18,46,Sunday,18:46,Suspected Serious Injury,Dark-Not Lighted,Clear,Motor Vehicle-In-Transport On Same Roadway,None,MARYVILLE POLICE DEPT,Other,Unbelted,-,-,-,-,-,-,-,-,-,-,-,-,Blount,Maryville,1
101173,400443926,0,1,36.32093,-86.64146,3,2026-02-06 21:31:00,2026,2,6,21,31,Friday,21:31,Suspected Serious Injury,Dark-Not Lighted,Clear,Standing Tree,None,THP District 3 - Nashville,THP,Unbelted,-,-,-,Drowsy,-,-,-,-,-,-,-,-,Sumner,Not in City Limit,6
101178,400443976,1,0,35.39988,-87.15801,7,2026-02-07 09:48:00,2026,2,7,9,48,Saturday,09:48,Fatal,Daylight,Clear,Fence,None,THP District 7 - Lawrenceburg,THP,Unbelted,-,-,Drug,-,-,-,-,-,-,-,-,-,Giles,Not in City Limit,7
101182,400444030,0,1,35.55702,-87.19358,7,2026-02-05 13:36:00,2026,2,5,13,36,Thursday,13:36,Suspected Serious Injury,Daylight,Clear,"Over Turn, Roll Over",None,MOUNT PLEASANT POLICE DEPT,Other,Unbelted,-,-,-,-,-,-,-,-,-,-,-,-,Maury,Mount Pleasant,5
101204,400444185,0,4,36.0365,-88.2544,8,2026-02-09 09:35:00,2026,2,9,9,35,Monday,09:35,Suspected Serious Injury,Daylight,Clear,Motor Vehicle-In-Transport On Same Roadway,Maintenance Zone,THP District 8 - Jackson,THP,Unbelted,-,-,-,-,-,-,Pedestrian,-,-,ATV_Involved,-,-,Carroll,Bruceton,2
101208,400444227,0,1,36.42335,-88.84487,8,2026-02-09 10:15:00,2026,2,9,10,15,Monday,10:15,Suspected Serious Injury,Daylight,Clear,"Over Turn, Roll Over",None,THP District 8 - Jackson,THP,Unbelted,-,-,-,-,-,-,-,-,-,ATV_Involved,-,-,Obion,Not in City Limit,2
101212,400444293,0,1,35.5376,-86.34328,7,2026-02-08 21:46:00,2026,2,8,21,46,Sunday,21:46,Suspected Serious Injury,Dark-Not Lighted,Clear,Standing Tree,None,THP District 7 - Lawrenceburg,THP,Unbelted,-,Drinking,-,-,-,-,-,-,-,-,-,-,Bedford,Not in City Limit,1
101220,400444389,1,1,36.26445,-86.7323,3,2026-02-09 11:48:00,2026,2,9,11,48,Monday,11:48,Fatal,,Clear,Motor Vehicle-In-Transport On Same Roadway,None,METROPOLITAN NASHVILLE POLICE DEPT,Other,Unbelted,-,-,-,-,-,-,-,-,-,-,Motorcyclist,-,Davidson,Nashville,2
101228,400444479,0,1,36.31293,-86.66399,3,2026-02-09 16:52:00,2026,2,9,16,52,Monday,16:52,Suspected Serious Injury,Daylight,Clear,Injured In Vehicle,None,HENDERSONVILLE POLICE DEPT,Other,Unbelted,-,-,-,-,-,-,-,-,-,-,-,-,Sumner,Hendersonville,2
101242,400444600,0,1,36.41201,-87.04115,3,2026-02-08 23:37:00,2026,2,8,23,37,Sunday,23:37,Suspected Serious Injury,Dark-Not Lighted,Clear,Motor Vehicle-In-Transport On Same Roadway,None,THP District 3 - Nashville,THP,Unbelted,-,Drinking,Drug,-,Speeding,-,-,-,-,ATV_Involved,-,-,Robertson,Not in City Limit,1
101245,400444610,0,1,35.15518,-87.91053,7,2026-02-08 11:45:00,2026,2,8,11,45,Sunday,11:45,Suspected Serious Injury,Daylight,Clear,Other Animal,None,THP District 7 - Lawrenceburg,THP,-,-,-,-,-,-,-,-,-,-,-,Motorcyclist,-,Wayne,Not in City Limit,1
101255,400444681,0,1,36.13844,-85.50177,6,2026-02-09 18:25:00,2026,2,9,18,25,Monday,18:25,Suspected Serious Injury,Dark-Lighted,Clear,Pedestrian,None,COOKEVILLE POLICE DEPT,Other,-,-,-,-,-,-,-,Pedestrian,-,-,-,-,-,Putnam,Cookeville,2
101256,400444687,0,2,36.17863,-85.58563,6,2026-02-10 21:24:00,2026,2,10,21,24,Tuesday,21:24,Suspected Serious Injury,Dark-Not Lighted,Clear,Other Post/Pole Support,None,THP District 6 - Cookeville,THP,Unbelted,-,Drinking,-,-,-,-,-,-,-,-,-,-,Putnam,Cookeville,3
101258,400444713,0,2,36.04957,-89.4514,8,2026-02-09 01:50:00,2026,2,9,1,50,Monday,01:50,Suspected Serious Injury,Dark-Not Lighted,Clear,Culvert,None,THP District 8 - Jackson,THP,Unbelted,-,-,-,-,-,-,-,-,-,-,-,-,Dyer,Not in City Limit,2
101269,400444832,0,1,36.22141,-86.97239,3,2026-02-10 07:30:00,2026,2,10,7,30,Tuesday,07:30,Suspected Serious Injury,Daylight,Clear,Motor Vehicle-In-Transport On Same Roadway,None,METROPOLITAN NASHVILLE POLICE DEPT,Other,Unbelted,-,-,-,-,-,-,-,-,-,-,-,-,Davidson,Nashville,3
101284,400444998,0,1,35.2234,-89.7366,4,2026-02-10 08:22:00,2026,2,10,8,22,Tuesday,08:22,Suspected Serious Injury,Daylight,Clear,Fell/Jumped From Vehicle,None,THP District 4 - Memphis,THP,Unbelted,-,-,-,-,-,-,-,-,-,-,-,-,Shelby,Lakeland,3
101285,400445001,0,1,35.48978,-86.46085,7,2026-02-10 09:45:00,2026,2,10,9,45,Tuesday,09:45,Suspected Serious Injury,Daylight,Clear,Motor Vehicle-In-Transport On Same Roadway,None,SHELBYVILLE POLICE DEPT,Other,Unbelted,-,-,-,-,-,-,-,-,-,-,Motorcyclist,-,Bedford,Shelbyville,3
101286,400445002,0,2,36.55271,-83.10758,5,2026-02-10 08:20:00,2026,2,10,8,20,Tuesday,08:20,Suspected Serious Injury,Daylight,Clear,Motor Vehicle-In-Transport On Same Roadway,None,THP District 5 - Fall Branch,THP,Unbelted,-,-,-,-,-,-,-,-,-,-,-,-,Hancock,Not in City Limit,3
101306,400445183,0,1,35.52666,-84.59156,2,2026-02-10 18:06:00,2026,2,10,18,6,Tuesday,18:06,Suspected Serious Injury,Dusk,Clear,"Over Turn, Roll Over",None,THP District 2 - Chattanooga,THP,-,-,-,-,-,-,-,-,-,-,-,Motorcyclist,-,McMinn,Not in City Limit,3
101319,400445315,0,2,36.07774,-87.85049,3,2026-02-10 16:10:00,2026,2,10,16,10,Tuesday,16:10,Suspected Serious Injury,Dusk,Clear,Motor Vehicle-In-Transport On Same Roadway,None,WAVERLY POLICE DEPT,Other,Unbelted,-,-,-,-,-,-,-,-,-,-,Motorcyclist,-,Humphreys,Waverly,3
101334,400445404,0,2,35.96507,-85.84821,6,2026-02-10 14:49:00,2026,2,10,14,49,Tuesday,14:49,Suspected Serious Injury,Daylight,Cloudy,Motor Vehicle-In-Transport On Same Roadway,None,THP District 6 - Cookeville,THP,Unbelted,-,-,-,-,-,-,-,-,-,-,-,-,DeKalb,Smithville,3
101339,400445442,0,1,36.25247,-83.50836,5,2026-02-10 20:33:00,2026,2,10,20,33,Tuesday,20:33,Suspected Serious Injury,Dark-Not Lighted,Clear,Standing Tree,None,THP District 5 - Fall Branch,THP,Unbelted,-,-,-,-,Speeding,-,-,-,-,-,-,-,Grainger,Not in City Limit,3
101342,400445460,0,1,36.15136,-86.66655,3,2026-02-10 17:45:00,2026,2,10,17,45,Tuesday,17:45,Suspected Serious Injury,Dark-Lighted,Rain,Motor Vehicle-In-Transport On Same Roadway,None,METROPOLITAN NASHVILLE POLICE DEPT,Other,Unbelted,-,-,-,-,-,-,-,-,-,-,-,-,Davidson,Nashville,3
101344,400445479,0,2,36.24247,-85.39701,6,2026-02-10 18:44:00,2026,2,10,18,44,Tuesday,18:44,Suspected Serious Injury,Dark-Not Lighted,Clear,Motor Vehicle-In-Transport On Same Roadway,None,THP District 6 - Cookeville,THP,Unbelted,-,-,-,-,-,-,Pedestrian,-,-,-,-,-,Overton,Not in City Limit,3
101348,400445537,1,1,35.70221,-84.03791,1,2026-02-10 19:41:00,2026,2,10,19,41,Tuesday,19:41,Fatal,Dark-Not Lighted,Cloudy,Motor Vehicle-In-Transport On Same Roadway,None,MARYVILLE POLICE DEPT,Other,Unbelted,-,-,Drug,-,-,-,-,-,-,-,-,-,Blount,Maryville,3
101349,400445542,0,1,36.2894,-86.99255,3,2026-02-10 03:27:00,2026,2,10,3,27,Tuesday,03:27,Suspected Serious Injury,Dark-Not Lighted,Clear,Standing Tree,None,THP District 3 - Nashville,THP,Unbelted,-,-,Drug,-,-,-,-,-,-,-,-,-,Cheatham,Not in City Limit,3
101350,400445545,0,2,35.77082,-84.31718,1,2026-02-09 00:00:00,2026,2,9,24,0,Monday,24:00,Suspected Serious Injury,Daylight,Clear,Motor Vehicle-In-Transport On Different Roadway,None,LOUDON CO SHERIFFS DEPT,Other,Unbelted,-,-,-,-,-,-,-,-,-,-,-,-,Loudon,Not in City Limit,2
101365,400445606,0,4,36.30373,-87.06851,3,2026-02-10 06:58:00,2026,2,10,6,58,Tuesday,06:58,Suspected Serious Injury,Dawn,Clear,Motor Vehicle-In-Transport On Same Roadway,None,THP District 3 - Nashville,THP,Unbelted,-,-,-,Drowsy,-,-,-,-,-,-,-,-,Cheatham,Not in City Limit,3
101370,400445644,0,1,35.69645,-87.52951,7,2026-02-11 07:10:00,2026,2,11,7,10,Wednesday,07:10,Suspected Serious Injury,Dawn,Rain,Standing Tree,None,THP District 7 - Lawrenceburg,THP,Unbelted,Distracted,-,-,-,-,-,-,-,-,-,-,-,Hickman,Not in City Limit,4
101390,400445839,0,3,35.71443,-84.01977,1,2026-02-06 16:49:00,2026,2,6,16,49,Friday,16:49,Suspected Serious Injury,Daylight,Clear,Motor Vehicle-In-Transport On Same Roadway,None,THP District 1 - Knoxville,THP,Unbelted,-,-,-,-,-,-,-,-,-,-,-,-,Blount,Maryville,6
101391,400445845,0,1,36.23876,-86.7417,3,2026-02-07 13:44:00,2026,2,7,13,44,Saturday,13:44,Suspected Serious Injury,Daylight,Clear,Paved Surface-Irregular,None,METROPOLITAN NASHVILLE POLICE DEPT,Other,Unbelted,Distracted,-,-,-,-,-,-,-,-,-,-,-,Davidson,Nashville,7
101404,400445973,0,1,35.74594,-84.18075,1,2026-02-11 15:52:00,2026,2,11,15,52,Wednesday,15:52,Suspected Serious Injury,Daylight,Clear,Standing Tree,None,THP District 1 - Knoxville,THP,-,-,-,-,-,-,-,-,-,-,-,Motorcyclist,-,Loudon,Not in City Limit,4