OBJECTID,MRN,Fatality,Injury,Latitude,Longitude,THP_District,Collision_Date,Collision_Year,Collision_Month,Collision_Day,Collision_Hour,Collision_Min,Collision_DOW,Collision_Time,Crash_Type,Light_Condition,Weather,First_Harmfu_Event,Work_Zone_Type,Agency_Name,THP,Unbelted,Distracted_Driver,Driver_Drinking,Driver_Drugged,Drowsy_Driver,Speeding_Involved,Pedalcyclist,Pedestrian,Other_Nonmotorist,ATV_Involved,LargeTruck_Involved,Motorcycle_Involved,SchoolBus,County,City,DOW_Nmb
101418,400446041,1,0,36.47364,-87.73942,3,2026-02-11 14:19:00,2026,2,11,14,19,Wednesday,14:19,Fatal,Daylight,Clear,Guard Rail End,None,THP District 3 - Nashville,THP,Unbelted,-,-,-,-,-,-,-,-,-,-,-,-,Stewart,Not in City Limit,4
101430,400446170,0,1,35.21188,-89.1272,4,2026-02-11 19:21:00,2026,2,11,19,21,Wednesday,19:21,Suspected Serious Injury,Dark-Not Lighted,Clear,Deer,None,HARDEMAN CO SHERIFFS DEPT,Other,Unbelted,-,-,-,-,-,-,-,-,-,-,-,-,Hardeman,Not in City Limit,4
101433,400446196,1,1,36.05047,-86.61473,3,2026-02-11 17:30:00,2026,2,11,17,30,Wednesday,17:30,Fatal,Daylight,Clear,Motor Vehicle-In-Transport On Same Roadway,None,METROPOLITAN NASHVILLE POLICE DEPT,Other,Unbelted,-,-,-,-,-,-,-,-,-,-,Motorcyclist,-,Davidson,Nashville,4
101442,400446264,1,0,36.02633,-84.17215,1,2026-02-11 20:30:00,2026,2,11,20,30,Wednesday,20:30,Fatal,Dark-Lighted,Clear,Guard Rail Face,None,OAK RIDGE POLICE DEPT,Other,-,-,-,-,-,-,-,-,-,-,-,Motorcyclist,-,Anderson,Oak Ridge,4
101446,400446317,0,1,36.18798,-84.15878,1,2026-02-11 19:46:00,2026,2,11,19,46,Wednesday,19:46,Suspected Serious Injury,Dark-Not Lighted,Clear,"Over Turn, Roll Over",None,THP District 1 - Knoxville,THP,Unbelted,-,-,Drug,-,-,-,-,-,-,-,-,-,Anderson,Not in City Limit,4
101454,400446431,0,2,36.57865,-85.13653,6,2026-02-11 10:10:00,2026,2,11,10,10,Wednesday,10:10,Suspected Serious Injury,Daylight,Clear,Motor Vehicle-In-Transport On Same Roadway,None,THP District 6 - Cookeville,THP,Unbelted,-,-,-,-,-,-,-,-,-,-,-,-,Pickett,Byrdstown,4
101457,400446442,0,1,35.52572,-87.18485,7,2026-02-10 00:00:00,2026,2,10,0,0,Tuesday,00:00,Suspected Serious Injury,Dark-Not Lighted,Clear,Fence,None,MAURY CO SHERIFFS DEPT,Other,Unbelted,-,Drinking,Drug,-,-,-,-,-,-,-,-,-,Maury,Not in City Limit,3
101468,400446557,0,1,35.74704,-86.85414,3,2026-02-12 08:29:00,2026,2,12,8,29,Thursday,08:29,Suspected Serious Injury,Daylight,Clear,Motor Vehicle-In-Transport On Same Roadway,None,WILLIAMSON CO SHERIFFS OFFICE,Other,Unbelted,Distracted,-,-,-,-,-,-,-,-,-,-,-,Williamson,Not in City Limit,5
101473,400446648,0,1,36.26946,-82.73559,5,2026-02-12 11:56:00,2026,2,12,11,56,Thursday,11:56,Suspected Serious Injury,Daylight,Clear,Embankment Earth,None,THP District 5 - Fall Branch,THP,Unbelted,-,-,-,-,-,-,-,-,-,-,-,-,Greene,Not in City Limit,5
101474,400446665,0,1,35.04302,-89.66664,4,2026-02-12 09:39:00,2026,2,12,9,39,Thursday,09:39,Suspected Serious Injury,Daylight,Clear,Pedestrian,Utility Zone,COLLIERVILLE POLICE DEPT,Other,Unbelted,-,-,-,-,-,-,Pedestrian,-,-,-,-,-,Shelby,Collierville,5
101477,400446688,0,1,35.27318,-87.39011,7,2026-02-12 12:16:00,2026,2,12,12,16,Thursday,12:16,Suspected Serious Injury,Daylight,Clear,Ditch,None,THP District 7 - Lawrenceburg,THP,Unbelted,-,-,-,-,-,-,-,-,-,-,-,-,Lawrence,Not in City Limit,5
101493,400446832,0,1,36.12265,-89.43899,8,2026-02-12 11:45:00,2026,2,12,11,45,Thursday,11:45,Suspected Serious Injury,Daylight,Clear,Ditch,None,THP District 8 - Jackson,THP,Unbelted,Distracted,-,-,-,-,-,-,-,-,-,-,-,Dyer,Not in City Limit,5
101506,400446944,0,1,35.24423,-85.822,2,2026-02-12 11:40:00,2026,2,12,11,40,Thursday,11:40,Suspected Serious Injury,,Clear,Culvert,None,MONTEAGLE POLICE DEPT,Other,Unbelted,-,-,-,-,Speeding,-,-,-,-,-,-,-,Grundy,Monteagle,5
101509,400446958,0,1,35.92095,-84.07837,1,2026-02-12 17:17:00,2026,2,12,17,17,Thursday,17:17,Suspected Serious Injury,Daylight,Clear,Motor Vehicle-In-Transport On Same Roadway,None,KNOXVILLE POLICE DEPT,Other,Unbelted,-,-,-,-,-,-,-,-,-,ATV_Involved,-,-,Knox,Knoxville,5
101514,400446974,0,1,36.1757,-86.60309,3,2026-02-12 17:02:00,2026,2,12,17,2,Thursday,17:02,Suspected Serious Injury,Daylight,Clear,Pedestrian,None,METROPOLITAN NASHVILLE POLICE DEPT,Other,Unbelted,-,-,-,-,-,-,Pedestrian,-,-,-,-,-,Davidson,Nashville,5
101523,400447029,0,1,35.31866,-84.93203,2,2026-02-10 16:37:00,2026,2,10,16,37,Tuesday,16:37,Suspected Serious Injury,Daylight,Clear,Ridden Animal/Drawn Conveyance,None,THP District 2 - Chattanooga,THP,Unbelted,-,-,-,-,-,-,Pedestrian,-,-,-,-,-,Meigs,Not in City Limit,3
101534,400447095,0,1,35.22798,-87.36245,7,2026-02-11 14:13:00,2026,2,11,14,13,Wednesday,14:13,Suspected Serious Injury,Daylight,Clear,Guard Rail Face,None,THP District 7 - Lawrenceburg,THP,Unbelted,-,-,-,-,-,-,-,-,-,-,-,-,Lawrence,Not in City Limit,4
101539,400447167,0,1,36.23249,-84.11089,1,2026-02-12 20:36:00,2026,2,12,20,36,Thursday,20:36,Suspected Serious Injury,Dark-Not Lighted,Clear,Standing Tree,None,THP District 1 - Knoxville,THP,Unbelted,-,Drinking,Drug,-,-,-,-,-,-,-,-,-,Anderson,Not in City Limit,5
101541,400447170,0,2,36.41397,-89.05139,8,2026-02-12 18:10:00,2026,2,12,18,10,Thursday,18:10,Suspected Serious Injury,Dark-Lighted,Clear,Motor Vehicle-In-Transport On Same Roadway,None,UNION CITY POLICE DEPT,Other,Unbelted,-,-,-,-,-,-,-,-,-,-,-,-,Obion,Union City,5
101544,400447192,0,1,36.00824,-84.26427,1,2026-02-12 21:00:00,2026,2,12,21,0,Thursday,21:00,Suspected Serious Injury,Dark-Lighted,Clear,Pedal-Cycle,None,OAK RIDGE POLICE DEPT,Other,Unbelted,-,-,-,-,-,-,Pedestrian,-,-,-,-,-,Anderson,Oak Ridge,5
101546,400447200,1,0,35.50745,-85.99816,2,2026-02-11 19:45:00,2026,2,11,19,45,Wednesday,19:45,Fatal,Dark-Not Lighted,Clear,Fence,None,THP District 2 - Chattanooga,THP,Unbelted,-,-,-,-,-,-,-,-,-,-,-,-,Coffee,Not in City Limit,4
101555,400447320,0,1,35.61379,-86.98033,7,2026-02-13 06:14:00,2026,2,13,6,14,Friday,06:14,Suspected Serious Injury,Dawn,Clear,Ditch,None,THP District 7 - Lawrenceburg,THP,Unbelted,-,-,-,-,-,-,-,-,-,-,-,-,Maury,Not in City Limit,6
101560,400447379,0,4,35.97248,-83.53703,1,2026-02-13 07:57:00,2026,2,13,7,57,Friday,07:57,Suspected Serious Injury,Daylight,Clear,Motor Vehicle-In-Transport On Same Roadway,None,THP District 1 - Knoxville,THP,Unbelted,-,-,-,-,-,-,-,-,-,-,-,-,Sevier,Not in City Limit,6
101565,400447419,0,2,36.32736,-83.08782,5,2026-02-12 12:57:00,2026,2,12,12,57,Thursday,12:57,Suspected Serious Injury,Daylight,Clear,Motor Vehicle-In-Transport On Same Roadway,None,THP District 5 - Fall Branch,THP,Unbelted,-,-,-,-,-,-,-,-,-,-,-,-,Hawkins,Not in City Limit,5
101572,400447626,0,1,36.35855,-89.06674,8,2026-02-13 08:05:00,2026,2,13,8,5,Friday,08:05,Suspected Serious Injury,Daylight,Clear,Motor Vehicle-In-Transport On Same Roadway,None,THP District 8 - Jackson,THP,Unbelted,-,-,-,-,-,-,-,-,-,ATV_Involved,-,-,Obion,Not in City Limit,6
101606,400448048,0,1,36.06215,-86.73993,3,2026-02-13 16:30:00,2026,2,13,16,30,Friday,16:30,Suspected Serious Injury,Daylight,Clear,Curb,None,METROPOLITAN NASHVILLE POLICE DEPT,Other,Unbelted,-,-,-,-,-,-,-,-,-,-,-,-,Davidson,Nashville,6
101610,400448077,0,2,36.17224,-83.80651,5,2026-02-10 18:31:00,2026,2,10,18,31,Tuesday,18:31,Suspected Serious Injury,Dark-Not Lighted,Clear,Motor Vehicle-In-Transport On Same Roadway,None,PLAINVIEW POLICE DEPT,Other,Unbelted,-,-,-,-,-,-,-,-,-,-,-,-,Union,Plainview,3
101612,400448092,0,2,36.06825,-89.00705,8,2026-02-13 15:46:00,2026,2,13,15,46,Friday,15:46,Suspected Serious Injury,Daylight,Clear,Motor Vehicle-In-Transport On Different Roadway,None,DYER POLICE DEPT,Other,Unbelted,-,-,-,-,-,-,-,-,-,-,-,-,Gibson,Dyer,6
101656,400448449,0,2,35.96292,-83.54927,1,2026-02-13 13:31:00,2026,2,13,13,31,Friday,13:31,Suspected Serious Injury,Daylight,Clear,Motor Vehicle-In-Transport On Same Roadway,None,THP District 1 - Knoxville,THP,Unbelted,-,-,Drug,-,-,-,-,-,-,-,-,-,Sevier,Not in City Limit,6
101666,400448568,0,1,35.97926,-88.62817,8,2026-02-13 10:30:00,2026,2,13,10,30,Friday,10:30,Suspected Serious Injury,Daylight,Cloudy,"Over Turn, Roll Over",None,THP District 8 - Jackson,THP,Unbelted,-,-,-,-,-,-,-,-,-,ATV_Involved,-,-,Carroll,Not in City Limit,6
101683,400448789,0,2,35.33544,-85.85809,2,2026-02-13 22:37:00,2026,2,13,22,37,Friday,22:37,Suspected Serious Injury,Dark-Not Lighted,Clear,Motor Vehicle-In-Transport On Same Roadway,None,THP District 2 - Chattanooga,THP,Unbelted,-,-,-,-,-,-,-,-,-,-,-,-,Grundy,Not in City Limit,6
101689,400448861,0,1,35.24799,-89.67005,4,2026-02-14 15:53:00,2026,2,14,15,53,Saturday,15:53,Suspected Serious Injury,Dusk,Cloudy,Guard Rail End,None,THP District 4 - Memphis,THP,Unbelted,Distracted,-,-,-,-,-,-,-,-,-,-,-,Shelby,Arlington,7
101706,400448998,1,1,35.97782,-86.44383,3,2026-02-09 22:18:00,2026,2,9,22,18,Monday,22:18,Fatal,Dark-Not Lighted,Clear,Motor Vehicle-In-Transport On Same Roadway,None,THP District 3 - Nashville,THP,Unbelted,Distracted,-,-,-,-,-,-,-,-,-,-,-,Rutherford,Not in City Limit,2
101712,400449040,0,4,35.83004,-86.34975,3,2026-02-14 19:22:00,2026,2,14,19,22,Saturday,19:22,Suspected Serious Injury,Dark-Lighted,Rain,Motor Vehicle-In-Transport On Same Roadway,None,MURFREESBORO POLICE DEPT,Other,Unbelted,-,-,-,-,-,-,-,-,-,-,-,-,Rutherford,Murfreesboro,7
101725,400449092,0,1,36.1268,-86.9025,3,2026-02-15 01:48:00,2026,2,15,1,48,Sunday,01:48,Suspected Serious Injury,Dark-Not Lighted,Rain,Concrete Traffic Barrier,None,THP District 3 - Nashville,THP,Unbelted,-,-,-,-,-,-,-,-,-,-,-,-,Davidson,Nashville,1
101727,400449101,1,0,36.52695,-82.41971,5,2026-02-14 01:00:00,2026,2,14,1,0,Saturday,01:00,Fatal,Dark-Not Lighted,Clear,Embankment Earth,None,SULLIVAN CO SHERIFFS DEPT,Other,Unbelted,-,Drinking,-,-,Speeding,-,-,-,-,-,-,-,Sullivan,Not in City Limit,7
101728,400449110,0,1,36.12425,-86.73979,3,2026-02-15 03:32:00,2026,2,15,3,32,Sunday,03:32,Suspected Serious Injury,Dark-Lighted,Rain,Concrete Traffic Barrier,None,METROPOLITAN NASHVILLE POLICE DEPT,Other,Unbelted,-,Drinking,-,-,-,-,-,-,-,-,-,-,Davidson,Nashville,1
101730,400449124,0,1,35.4564,-86.82154,7,2026-02-15 02:35:00,2026,2,15,2,35,Sunday,02:35,Suspected Serious Injury,Dark-Not Lighted,Rain,"Over Turn, Roll Over",None,LEWISBURG POLICE DEPT,Other,Unbelted,-,Drinking,Drug,-,-,-,-,-,-,-,-,-,Marshall,Lewisburg,1
101733,400449141,0,2,36.5766,-82.35395,5,2026-02-14 14:15:00,2026,2,14,14,15,Saturday,14:15,Suspected Serious Injury,Daylight,Clear,Motor Vehicle-In-Transport On Same Roadway,None,THP District 5 - Fall Branch,THP,Unbelted,-,-,-,-,-,-,-,-,-,-,-,-,Sullivan,Not in City Limit,7
101734,400449142,1,1,36.57753,-86.44336,3,2026-02-13 14:52:00,2026,2,13,14,52,Friday,14:52,Fatal,Daylight,Clear,Motor Vehicle-In-Transport On Same Roadway,None,THP District 3 - Nashville,THP,Unbelted,-,-,Drug,Drowsy,-,-,-,-,-,-,-,-,Sumner,Portland,6
101738,400449150,2,1,36.57938,-86.55351,3,2026-02-14 09:00:00,2026,2,14,9,0,Saturday,09:00,Fatal,Daylight,Clear,Motor Vehicle-In-Transport On Same Roadway,None,THP District 3 - Nashville,THP,Unbelted,-,Drinking,Drug,-,-,-,-,-,-,-,-,-,Sumner,Portland,7
101741,400449164,0,3,35.56203,-89.28274,4,2026-02-14 13:41:00,2026,2,14,13,41,Saturday,13:41,Suspected Serious Injury,Daylight,Clear,"Over Turn, Roll Over",None,THP District 4 - Memphis,THP,Unbelted,Distracted,-,-,-,-,-,-,-,-,-,-,-,Haywood,Not in City Limit,7
101743,400449177,0,1,35.06315,-89.73208,4,2026-02-14 11:59:00,2026,2,14,11,59,Saturday,11:59,Suspected Serious Injury,Daylight,Clear,Standing Tree,None,COLLIERVILLE POLICE DEPT,Other,Unbelted,-,-,-,-,-,-,-,-,-,-,-,-,Shelby,Collierville,7
101767,400449322,0,1,36.15705,-84.07258,1,2026-02-13 12:21:00,2026,2,13,12,21,Friday,12:21,Suspected Serious Injury,,Clear,Motor Vehicle-In-Transport On Same Roadway,None,ANDERSON CO SHERIFFS DEPT,Other,Unbelted,-,-,-,-,-,-,-,-,-,-,Motorcyclist,-,Anderson,Not in City Limit,6
101788,400449425,0,1,35.31863,-84.29663,1,2026-02-14 19:00:00,2026,2,14,19,0,Saturday,19:00,Suspected Serious Injury,Dark-Not Lighted,Clear,Standing Tree,None,THP District 1 - Knoxville,THP,Unbelted,-,-,-,-,-,-,-,-,-,-,-,-,Monroe,Not in City Limit,7
101795,400449457,0,2,35.62228,-88.76657,8,2026-02-15 15:11:00,2026,2,15,15,11,Sunday,15:11,Suspected Serious Injury,Daylight,Clear,Ditch,None,MADISON CO SHERIFFS DEPT,Other,Unbelted,-,-,-,-,-,-,-,-,-,-,-,-,Madison,Not in City Limit,1
101801,400449536,0,1,35.97111,-85.66405,6,2026-02-15 16:12:00,2026,2,15,16,12,Sunday,16:12,Suspected Serious Injury,Daylight,Rain,"Over Turn, Roll Over",None,THP District 6 - Cookeville,THP,-,-,-,-,-,Speeding,-,-,-,ATV_Involved,-,-,-,DeKalb,Not in City Limit,1
101802,400449538,0,1,35.6195,-84.47205,1,2026-02-15 18:26:00,2026,2,15,18,26,Sunday,18:26,Suspected Serious Injury,Dark-Not Lighted,Rain,Ditch,None,THP District 1 - Knoxville,THP,Unbelted,-,-,-,-,-,-,-,-,-,-,-,-,Monroe,Not in City Limit,1
101808,400449568,0,3,36.02363,-86.54247,3,2026-02-15 18:35:00,2026,2,15,18,35,Sunday,18:35,Suspected Serious Injury,Dark-Lighted,Clear,Motor Vehicle-In-Transport On Same Roadway,None,LAVERGNE POLICE DEPT,Other,Unbelted,-,-,-,-,-,-,-,-,-,-,-,-,Rutherford,Lavergne,1
101820,400449642,0,1,35.92717,-83.75815,1,2026-02-10 20:34:00,2026,2,10,20,34,Tuesday,20:34,Suspected Serious Injury,Dark-Not Lighted,Clear,Pedestrian,None,KNOX CO SHERIFFS OFFICE,Other,Unbelted,-,-,-,-,-,-,Pedestrian,-,-,-,-,-,Knox,Not in City Limit,3
101824,400449687,0,1,36.43014,-82.31188,5,2026-02-15 21:04:00,2026,2,15,21,4,Sunday,21:04,Suspected Serious Injury,Dark-Not Lighted,Cloudy,Pedestrian,None,THP District 5 - Fall Branch,THP,Unbelted,-,-,-,-,-,-,Pedestrian,-,-,-,-,-,Sullivan,Bluff City,1
101859,400450145,0,1,36.12913,-87.65904,3,2026-02-11 00:00:00,2026,2,11,24,0,Wednesday,24:00,Suspected Serious Injury,Daylight,Clear,Ditch,None,HUMPHREYS CO SHERIFFS DEPT,Other,Unbelted,-,-,-,-,-,-,-,-,-,-,-,-,Humphreys,Not in City Limit,4
101868,400450228,0,1,36.04205,-86.65319,3,2026-02-16 14:25:00,2026,2,16,14,25,Monday,14:25,Suspected Serious Injury,Daylight,Clear,Motor Vehicle-In-Transport On Same Roadway,None,METROPOLITAN NASHVILLE POLICE DEPT,Other,Unbelted,-,-,-,-,-,-,-,-,-,-,Motorcyclist,-,Davidson,Nashville,2
101886,400450389,0,1,36.16337,-86.35702,3,2026-02-13 16:40:00,2026,2,13,16,40,Friday,16:40,Suspected Serious Injury,Daylight,Clear,Motor Vehicle-In-Transport On Same Roadway,None,THP District 3 - Nashville,THP,Unbelted,-,-,-,-,-,-,-,-,-,ATV_Involved,-,-,Wilson,Not in City Limit,6
101898,400450457,0,1,35.64858,-88.42405,8,2026-02-16 16:55:00,2026,2,16,16,55,Monday,16:55,Suspected Serious Injury,Daylight,Clear,Motor Vehicle-In-Transport On Same Roadway,None,THP District 8 - Jackson,THP,Unbelted,-,-,-,-,-,-,-,-,ATV_Involved,-,-,-,Henderson,Not in City Limit,2
101903,400450491,1,0,36.28699,-82.32423,5,2026-02-16 15:50:00,2026,2,16,15,50,Monday,15:50,Fatal,Daylight,Clear,Other Fixed Object,None,THP District 5 - Fall Branch,THP,Unbelted,-,-,-,-,-,-,-,-,-,-,-,-,Carter,Johnson City,2
101915,400450591,0,1,35.94201,-86.60428,3,2026-02-17 03:57:00,2026,2,17,3,57,Tuesday,03:57,Suspected Serious Injury,Dark-Not Lighted,Clear,Ditch,None,SMYRNA POLICE DEPT,Other,Unbelted,-,-,-,-,-,-,-,-,-,-,-,-,Rutherford,Smyrna,3
101933,400450754,0,2,35.86539,-87.88929,3,2026-02-14 06:05:00,2026,2,14,6,5,Saturday,06:05,Suspected Serious Injury,Dawn,Clear,Guard Rail Face,None,THP District 3 - Nashville,THP,Unbelted,Distracted,-,-,-,-,-,-,-,-,-,-,-,Humphreys,Not in City Limit,7
101934,400450756,0,1,36.22045,-85.0126,6,2026-02-17 07:20:00,2026,2,17,7,20,Tuesday,07:20,Suspected Serious Injury,Daylight,Clear,Motor Vehicle-In-Transport On Same Roadway,None,THP District 6 - Cookeville,THP,Unbelted,-,-,-,-,-,-,-,-,-,-,-,-,Fentress,Not in City Limit,3
101944,400450840,0,1,36.0204,-87.96895,3,2026-02-12 05:56:00,2026,2,12,5,56,Thursday,05:56,Suspected Serious Injury,Dark-Lighted,Clear,Motor Vehicle-In-Transport On Same Roadway,None,NEW JOHNSONVILLE POLICE DEPT,Other,Unbelted,Distracted,-,-,-,-,-,-,-,-,ATV_Involved,-,-,Humphreys,New Johnsonville,5
101951,400450958,0,1,35.66795,-87.00557,7,2026-02-17 12:45:00,2026,2,17,12,45,Tuesday,12:45,Suspected Serious Injury,Daylight,Cloudy,Motor Vehicle-In-Transport On Same Roadway,None,COLUMBIA POLICE DEPT,Other,Unbelted,Distracted,-,-,-,-,-,-,-,-,ATV_Involved,-,-,Maury,Columbia,3
101953,400450972,0,1,36.19318,-86.80267,3,2026-02-17 12:50:00,2026,2,17,12,50,Tuesday,12:50,Suspected Serious Injury,Daylight,Clear,Pedal-Cycle,None,METROPOLITAN NASHVILLE POLICE DEPT,Other,Unbelted,-,-,-,-,-,Pedalcyclist,-,-,-,ATV_Involved,-,-,Davidson,Nashville,3
101958,400451015,1,1,35.8791,-84.16526,1,2026-02-17 13:33:00,2026,2,17,13,33,Tuesday,13:33,Fatal,Daylight,Cloudy,Motor Vehicle-In-Transport On Same Roadway,None,THP District 1 - Knoxville,THP,Unbelted,-,-,Drug,-,Speeding,-,-,-,-,-,Motorcyclist,-,Knox,Farragut,3
101964,400451050,0,1,35.92945,-83.68889,1,2026-02-17 14:22:00,2026,2,17,14,22,Tuesday,14:22,Suspected Serious Injury,Daylight,Clear,Fell/Jumped From Vehicle,None,THP District 1 - Knoxville,THP,-,-,-,-,-,-,-,-,-,-,-,Motorcyclist,-,Sevier,Not in City Limit,3
101967,400451092,0,1,36.07163,-86.69131,3,2026-02-17 09:50:00,2026,2,17,9,50,Tuesday,09:50,Suspected Serious Injury,Daylight,Clear,Motor Vehicle-In-Transport On Same Roadway,None,METROPOLITAN NASHVILLE POLICE DEPT,Other,Unbelted,-,-,-,-,-,-,-,-,-,-,-,-,Davidson,Nashville,3
101972,400451130,0,1,35.97745,-84.01153,1,2026-02-17 14:25:00,2026,2,17,14,25,Tuesday,14:25,Suspected Serious Injury,Daylight,Clear,Motor Vehicle-In-Transport On Same Roadway,None,KNOXVILLE POLICE DEPT,Other,Unbelted,-,-,-,-,-,-,-,-,-,-,Motorcyclist,-,Knox,Knoxville,3
101977,400451147,0,1,36.05827,-83.98331,1,2026-02-17 16:54:00,2026,2,17,16,54,Tuesday,16:54,Suspected Serious Injury,Dusk,Clear,Other Non-Collision,None,KNOX CO SHERIFFS OFFICE,Other,-,-,-,-,-,-,-,-,-,-,-,Motorcyclist,-,Knox,Not in City Limit,3
101981,400451212,0,1,35.56903,-86.48211,7,2026-02-16 19:02:00,2026,2,16,19,2,Monday,19:02,Suspected Serious Injury,Dark-Not Lighted,Clear,Ditch,None,THP District 7 - Lawrenceburg,THP,Unbelted,-,Drinking,Drug,-,-,-,-,-,-,-,-,-,Bedford,Not in City Limit,2
101991,400451281,0,1,36.05944,-86.2306,3,2026-02-17 16:04:00,2026,2,17,16,4,Tuesday,16:04,Suspected Serious Injury,Daylight,Clear,Standing Tree,None,THP District 3 - Nashville,THP,Unbelted,-,-,-,-,-,-,-,-,-,-,-,-,Wilson,Not in City Limit,3
102003,400451358,0,1,36.07983,-84.51448,1,2026-02-17 17:52:00,2026,2,17,17,52,Tuesday,17:52,Suspected Serious Injury,Dusk,Clear,Motor Vehicle-In-Transport On Same Roadway,None,THP District 1 - Knoxville,THP,Unbelted,-,-,-,-,-,-,-,-,-,-,-,-,Morgan,Not in City Limit,3
102007,400451380,1,1,36.03458,-84.10243,1,2026-02-17 16:56:00,2026,2,17,16,56,Tuesday,16:56,Fatal,Daylight,Clear,Motor Vehicle-In-Transport On Same Roadway,None,THP District 1 - Knoxville,THP,Unbelted,-,-,Drug,-,Speeding,-,-,-,-,-,Motorcyclist,Direct,Anderson,Not in City Limit,3
102009,400451431,0,1,36.05802,-83.92434,1,2026-02-17 21:12:00,2026,2,17,21,12,Tuesday,21:12,Suspected Serious Injury,Dark-Lighted,Clear,Motor Vehicle-In-Transport On Same Roadway,None,KNOXVILLE POLICE DEPT,Other,Unbelted,-,-,-,-,-,-,-,-,-,-,-,-,Knox,Knoxville,3
102010,400451436,0,1,36.35268,-87.13182,3,2026-02-17 23:34:00,2026,2,17,23,34,Tuesday,23:34,Suspected Serious Injury,Dark-Not Lighted,Clear,Standing Tree,None,THP District 3 - Nashville,THP,Unbelted,-,-,-,Drowsy,-,-,-,-,-,-,-,-,Cheatham,Not in City Limit,3
102013,400451476,0,2,36.01518,-84.04204,1,2026-02-18 06:16:00,2026,2,18,6,16,Wednesday,06:16,Suspected Serious Injury,Dark-Unknown Lighting,Cloudy,Motor Vehicle-In-Transport On Same Roadway,None,THP District 1 - Knoxville,THP,Unbelted,-,-,-,-,-,-,-,-,-,-,-,-,Knox,Not in City Limit,4
102033,400451640,0,1,35.80752,-83.8423,1,2026-02-17 06:45:00,2026,2,17,6,45,Tuesday,06:45,Suspected Serious Injury,Dawn,Clear,Fence,None,BLOUNT CO SHERIFFS DEPT,Other,Unbelted,-,-,-,-,-,-,-,-,-,-,-,-,Blount,Not in City Limit,3
102039,400451674,0,2,35.66767,-87.31317,7,2026-02-17 11:55:00,2026,2,17,11,55,Tuesday,11:55,Suspected Serious Injury,Daylight,Cloudy,Motor Vehicle-In-Transport On Same Roadway,None,THP District 7 - Lawrenceburg,THP,Unbelted,-,-,-,-,Speeding,-,-,-,-,-,-,-,Maury,Not in City Limit,3
102058,400451800,1,0,36.01029,-84.2696,1,2026-02-18 11:43:00,2026,2,18,11,43,Wednesday,11:43,Fatal,Daylight,Cloudy,Motor Vehicle-In-Transport On Same Roadway,None,OAK RIDGE POLICE DEPT,Other,Unbelted,-,-,-,-,-,-,-,-,-,-,-,-,Anderson,Oak Ridge,4
102059,400451820,0,1,35.66981,-85.94139,6,2026-02-18 13:12:00,2026,2,18,13,12,Wednesday,13:12,Suspected Serious Injury,Daylight,Rain,Motor Vehicle-In-Transport On Same Roadway,None,THP District 6 - Cookeville,THP,Unbelted,-,-,-,-,-,-,-,-,-,-,-,-,Warren,Not in City Limit,4
102063,400451859,0,1,35.8993,-87.63244,7,2026-02-17 20:40:00,2026,2,17,20,40,Tuesday,20:40,Suspected Serious Injury,Dark-Not Lighted,Clear,"Over Turn, Roll Over",None,THP District 7 - Lawrenceburg,THP,Unbelted,-,-,-,-,-,-,-,-,-,ATV_Involved,-,-,Hickman,Not in City Limit,3
102067,400451878,0,1,35.66659,-85.0374,2,2026-02-17 21:25:00,2026,2,17,21,25,Tuesday,21:25,Suspected Serious Injury,Dark-Not Lighted,Clear,"Over Turn, Roll Over",None,THP District 2 - Chattanooga,THP,Unbelted,-,Drinking,-,-,-,-,-,-,-,-,-,-,Bledsoe,Not in City Limit,3
102072,400451904,0,1,36.32245,-88.79538,8,2026-02-18 14:49:00,2026,2,18,14,49,Wednesday,14:49,Suspected Serious Injury,Daylight,Clear,Motor Vehicle-In-Transport On Same Roadway,None,THP District 8 - Jackson,THP,Unbelted,-,-,-,-,-,-,-,-,-,-,Motorcyclist,-,Weakley,Martin,4
102089,400452004,0,4,35.77315,-89.62838,4,2026-02-15 21:45:00,2026,2,15,21,45,Sunday,21:45,Suspected Serious Injury,Dark-Not Lighted,Cloudy,Motor Vehicle-In-Transport On Different Roadway,None,THP District 4 - Memphis,THP,Unbelted,-,-,-,-,-,-,-,-,-,-,-,-,Lauderdale,Not in City Limit,1
102092,400452030,0,2,36.26136,-82.18623,5,2026-02-18 17:31:00,2026,2,18,17,31,Wednesday,17:31,Suspected Serious Injury,Daylight,Clear,Motor Vehicle-In-Transport On Same Roadway,None,THP District 5 - Fall Branch,THP,Unbelted,-,-,-,-,-,-,-,-,-,-,-,-,Carter,Not in City Limit,4
102094,400452038,0,1,36.32657,-86.70024,3,2026-02-18 19:33:00,2026,2,18,19,33,Wednesday,19:33,Suspected Serious Injury,Dark-Lighted,Clear,Pedestrian,None,GOODLETTSVILLE POLICE DEPT,Other,Unbelted,-,-,-,-,-,-,Pedestrian,-,-,-,-,-,Davidson,Goodlettsville,4