OBJECTID,MRN,Fatality,Injury,Latitude,Longitude,THP_District,Collision_Date,Collision_Year,Collision_Month,Collision_Day,Collision_Hour,Collision_Min,Collision_DOW,Collision_Time,Crash_Type,Light_Condition,Weather,First_Harmfu_Event,Work_Zone_Type,Agency_Name,THP,Unbelted,Distracted_Driver,Driver_Drinking,Driver_Drugged,Drowsy_Driver,Speeding_Involved,Pedalcyclist,Pedestrian,Other_Nonmotorist,ATV_Involved,LargeTruck_Involved,Motorcycle_Involved,SchoolBus,County,City,DOW_Nmb
102112,400452220,0,1,36.26542,-84.19353,1,2026-02-19 05:49:00,2026,2,19,5,49,Thursday,05:49,Suspected Serious Injury,Dark-Not Lighted,Rain,Paved Surface-Irregular,None,CAMPBELL CO SHERIFFS DEPT,Other,Unbelted,-,-,-,-,-,-,-,-,-,-,-,-,Campbell,Not in City Limit,5
102118,400452264,1,0,35.37137,-85.66251,2,2026-02-19 05:27:00,2026,2,19,5,27,Thursday,05:27,Fatal,Dark-Not Lighted,Rain,Other Fixed Object,None,THP District 2 - Chattanooga,THP,Unbelted,-,-,-,-,-,-,-,-,-,-,-,-,Grundy,Gruetli-Laager,5
102129,400452357,0,1,35.56086,-89.19291,4,2026-02-19 00:00:00,2026,2,19,24,0,Thursday,24:00,Suspected Serious Injury,Daylight,Cloudy,Ditch,None,THP District 4 - Memphis,THP,Unbelted,Distracted,-,-,-,-,-,-,-,-,-,-,-,Haywood,Not in City Limit,5
102136,400452400,1,0,36.22121,-83.23688,5,2025-12-23 15:52:00,2025,12,23,15,52,Tuesday,15:52,Fatal,Daylight,Clear,Unknown,None,HAMBLEN CO SHERIFFS DEPT,Other,Unbelted,-,Drinking,-,-,-,-,-,-,-,-,-,-,Hamblen,Not in City Limit,3
102141,400452450,0,2,35.60928,-84.27384,1,2026-02-19 10:15:00,2026,2,19,10,15,Thursday,10:15,Suspected Serious Injury,Daylight,Cloudy,Motor Vehicle-In-Transport On Same Roadway,None,VONORE POLICE DEPT,Other,Unbelted,Distracted,-,-,-,-,-,-,-,-,-,-,-,Monroe,Vonore,5
102145,400452501,0,2,35.94222,-83.98359,1,2026-02-19 12:32:00,2026,2,19,12,32,Thursday,12:32,Suspected Serious Injury,Daylight,Cloudy,Motor Vehicle-In-Transport On Same Roadway,None,KNOXVILLE POLICE DEPT,Other,Unbelted,-,-,-,-,-,-,-,-,-,-,-,-,Knox,Knoxville,5
102148,400452552,0,1,35.44084,-88.07619,8,2026-02-19 10:54:00,2026,2,19,10,54,Thursday,10:54,Suspected Serious Injury,Daylight,Clear,Utility Pole,None,THP District 8 - Jackson,THP,Unbelted,-,-,-,-,-,-,-,-,-,ATV_Involved,-,-,Decatur,Not in City Limit,5
102160,400452638,0,1,36.01689,-83.86186,1,2026-02-19 14:34:00,2026,2,19,14,34,Thursday,14:34,Suspected Serious Injury,Daylight,Clear,Motor Vehicle-In-Transport On Same Roadway,None,KNOXVILLE POLICE DEPT,Other,Unbelted,-,-,-,-,-,-,-,-,-,ATV_Involved,-,-,Knox,Knoxville,5
102166,400452715,0,1,35.53257,-87.57187,7,2026-02-19 14:23:00,2026,2,19,14,23,Thursday,14:23,Suspected Serious Injury,Daylight,Clear,Pedal-Cycle,None,THP District 7 - Lawrenceburg,THP,Unbelted,-,-,-,-,-,Pedalcyclist,-,-,-,-,-,-,Lewis,Not in City Limit,5
102173,400452797,1,0,35.82383,-89.43316,4,2026-02-19 14:50:00,2026,2,19,14,50,Thursday,14:50,Fatal,Daylight,Clear,Deer,None,THP District 4 - Memphis,THP,-,-,-,-,-,-,-,-,-,-,-,Motorcyclist,-,Lauderdale,Not in City Limit,5
102180,400452817,0,1,35.80634,-89.1915,4,2026-02-19 16:16:00,2026,2,19,16,16,Thursday,16:16,Suspected Serious Injury,Daylight,Clear,"Over Turn, Roll Over",None,THP District 4 - Memphis,THP,-,-,-,-,-,-,-,-,-,-,-,-,-,Crockett,Not in City Limit,5
102187,400452872,0,2,36.20131,-82.84395,5,2026-02-19 17:30:00,2026,2,19,17,30,Thursday,17:30,Suspected Serious Injury,Daylight,Clear,Motor Vehicle-In-Transport On Same Roadway,None,THP District 5 - Fall Branch,THP,Unbelted,-,-,-,-,-,-,-,-,-,-,-,-,Greene,Not in City Limit,5
102196,400452906,0,4,36.13781,-86.80269,3,2026-02-13 00:23:00,2026,2,13,0,23,Friday,00:23,Suspected Serious Injury,Dark-Lighted,Clear,Motor Vehicle-In-Transport On Same Roadway,None,VANDERBILT UNIVERSITY POLICE,Other,Unbelted,-,Drinking,-,-,Speeding,-,-,-,-,-,-,-,Davidson,Nashville,6
102203,400452960,0,1,35.70251,-85.78105,6,2026-02-19 19:05:00,2026,2,19,19,5,Thursday,19:05,Suspected Serious Injury,Dark-Lighted,Clear,Pedestrian,None,MCMINNVILLE POLICE DEPT,Other,Unbelted,-,-,-,-,-,-,Pedestrian,-,-,-,-,-,Warren,McMinnville,5
102212,400453015,0,1,35.96631,-85.85063,6,2026-02-19 18:08:00,2026,2,19,18,8,Thursday,18:08,Suspected Serious Injury,Dark-Lighted,Clear,Motor Vehicle-In-Transport On Same Roadway,None,THP District 6 - Cookeville,THP,Unbelted,-,-,-,-,-,-,-,-,-,-,-,-,DeKalb,Smithville,5
102213,400453017,1,0,35.2313,-89.99809,4,2026-02-20 04:39:00,2026,2,20,4,39,Friday,04:39,Fatal,Dark-Lighted,Clear,Standing Tree,None,THP District 4 - Memphis,THP,Unbelted,Distracted,-,-,-,Speeding,-,-,-,-,-,-,-,Shelby,Memphis,6
102214,400453040,0,2,35.14419,-84.80671,2,2026-02-18 16:15:00,2026,2,18,16,15,Wednesday,16:15,Suspected Serious Injury,Daylight,Clear,"Over Turn, Roll Over",None,BRADLEY CO SHERIFFS DEPT,Other,Unbelted,-,-,-,-,-,-,-,-,-,-,-,-,Bradley,Not in City Limit,4
102224,400453134,1,1,35.91578,-84.10188,1,2026-02-19 16:46:00,2026,2,19,16,46,Thursday,16:46,Fatal,Daylight,Clear,Motor Vehicle-In-Transport On Same Roadway,None,KNOXVILLE POLICE DEPT,Other,Unbelted,-,-,-,-,-,-,-,-,-,-,-,-,Knox,Knoxville,5
102234,400453328,1,1,35.37344,-87.47129,7,2026-02-15 16:23:00,2026,2,15,16,23,Sunday,16:23,Fatal,Daylight,Cloudy,Culvert,None,THP District 7 - Lawrenceburg,THP,Unbelted,-,Drinking,Drug,-,Speeding,-,-,-,-,-,-,-,Lawrence,Not in City Limit,1
102253,400453618,0,3,35.94399,-84.07003,1,2026-02-20 14:37:00,2026,2,20,14,37,Friday,14:37,Suspected Serious Injury,Daylight,Clear,Motor Vehicle-In-Transport On Same Roadway,None,KNOXVILLE POLICE DEPT,Other,Unbelted,-,-,-,-,-,-,-,-,-,-,-,-,Knox,Knoxville,6
102264,400453710,0,1,36.17123,-85.59676,6,2026-02-20 14:10:00,2026,2,20,14,10,Friday,14:10,Suspected Serious Injury,Daylight,Clear,Motor Vehicle-In-Transport On Same Roadway,None,THP District 6 - Cookeville,THP,Unbelted,-,-,-,-,-,-,-,-,-,-,Motorcyclist,-,Putnam,Not in City Limit,6
102267,400453733,1,1,36.04721,-87.14385,3,2026-02-20 14:09:00,2026,2,20,14,9,Friday,14:09,Fatal,Daylight,Clear,Guard Rail End,None,THP District 3 - Nashville,THP,Unbelted,-,-,Drug,-,-,-,-,-,-,-,Motorcyclist,-,Williamson,Fairview,6
102281,400453823,0,1,35.45772,-86.50287,7,2026-02-19 20:05:00,2026,2,19,20,5,Thursday,20:05,Suspected Serious Injury,Dark-Unknown Lighting,Clear,Pedal-Cycle,None,THP District 7 - Lawrenceburg,THP,-,-,-,-,-,-,Pedalcyclist,-,-,-,-,-,-,Bedford,Not in City Limit,5
102282,400453836,0,2,35.03545,-89.61752,4,2026-02-13 16:10:00,2026,2,13,16,10,Friday,16:10,Suspected Serious Injury,Daylight,Clear,Motor Vehicle-In-Transport On Same Roadway,None,THP District 4 - Memphis,THP,Unbelted,-,-,-,-,-,-,-,-,-,ATV_Involved,-,-,Fayette,Piperton,6
102293,400453921,0,1,35.99056,-84.20203,1,2026-02-21 00:27:00,2026,2,21,0,27,Saturday,00:27,Suspected Serious Injury,Dark-Not Lighted,Clear,Guard Rail Face,None,OAK RIDGE POLICE DEPT,Other,-,-,-,-,-,-,-,-,-,-,-,Motorcyclist,-,Anderson,Oak Ridge,7
102301,400453948,0,4,35.9647,-83.89796,1,2026-02-20 19:49:00,2026,2,20,19,49,Friday,19:49,Suspected Serious Injury,Dark-Lighted,Rain,Motor Vehicle-In-Transport On Same Roadway,None,KNOXVILLE POLICE DEPT,Other,Unbelted,Distracted,Drinking,-,-,-,-,-,-,-,-,-,-,Knox,Knoxville,6
102315,400454250,1,1,35.2224,-88.31472,8,2026-02-20 13:20:00,2026,2,20,13,20,Friday,13:20,Fatal,Daylight,Clear,Motor Vehicle-In-Transport On Same Roadway,None,THP District 8 - Jackson,THP,Unbelted,-,-,-,-,-,-,-,-,-,-,-,-,Hardin,Crump,6
102319,400454309,0,1,35.45585,-86.446,7,2026-02-20 20:23:00,2026,2,20,20,23,Friday,20:23,Suspected Serious Injury,Dark-Not Lighted,Clear,Motor Vehicle-In-Transport On Same Roadway,None,THP District 7 - Lawrenceburg,THP,Unbelted,-,Drinking,-,-,-,-,-,-,-,-,-,-,Bedford,Not in City Limit,6
102321,400454357,1,1,35.75693,-83.90821,1,2026-02-21 13:27:00,2026,2,21,13,27,Saturday,13:27,Fatal,Daylight,Clear,Motor Vehicle-In-Transport On Same Roadway,None,MARYVILLE POLICE DEPT,Other,Unbelted,-,-,-,-,-,-,-,-,-,ATV_Involved,-,-,Blount,Maryville,7
102325,400454386,0,3,36.21771,-83.05979,5,2026-02-21 11:40:00,2026,2,21,11,40,Saturday,11:40,Suspected Serious Injury,Daylight,Clear,Motor Vehicle-In-Transport On Same Roadway,None,THP District 5 - Fall Branch,THP,Unbelted,-,-,-,-,-,-,-,-,-,ATV_Involved,-,-,Greene,Not in City Limit,7
102336,400454475,0,2,35.92901,-84.04184,1,2026-02-21 02:18:00,2026,2,21,2,18,Saturday,02:18,Suspected Serious Injury,Dark-Lighted,Rain,Motor Vehicle-In-Transport On Same Roadway,None,KNOXVILLE POLICE DEPT,Other,Unbelted,-,-,-,-,Speeding,-,-,-,-,ATV_Involved,-,-,Knox,Knoxville,7
102339,400454501,0,2,35.95791,-83.91901,1,2026-02-21 02:51:00,2026,2,21,2,51,Saturday,02:51,Suspected Serious Injury,Dark-Lighted,Rain,Motor Vehicle-In-Transport On Same Roadway,None,KNOXVILLE POLICE DEPT,Other,Unbelted,-,Drinking,Drug,-,-,-,-,-,-,-,-,-,Knox,Knoxville,7
102346,400454551,0,1,36.19595,-88.419,8,2026-02-13 16:36:00,2026,2,13,16,36,Friday,16:36,Suspected Serious Injury,Daylight,Cloudy,Motor Vehicle-In-Transport On Same Roadway,None,THP District 8 - Jackson,THP,Unbelted,-,-,-,-,-,-,-,-,-,-,-,-,Henry,Not in City Limit,6
102347,400454561,0,1,36.13275,-84.15988,1,2026-02-21 17:47:00,2026,2,21,17,47,Saturday,17:47,Suspected Serious Injury,Daylight,Clear,Culvert,None,THP District 1 - Knoxville,THP,Unbelted,-,-,-,-,-,-,-,-,-,-,-,-,Anderson,Not in City Limit,7
102352,400454584,0,2,35.83118,-86.37853,3,2026-02-21 18:14:00,2026,2,21,18,14,Saturday,18:14,Suspected Serious Injury,Dark-Lighted,Clear,Motor Vehicle-In-Transport On Same Roadway,None,MURFREESBORO POLICE DEPT,Other,Unbelted,-,-,-,-,-,-,-,-,-,-,-,-,Rutherford,Murfreesboro,7
102362,400454701,0,3,35.74469,-83.95035,1,2026-02-21 21:53:00,2026,2,21,21,53,Saturday,21:53,Suspected Serious Injury,Dark-Lighted,Cloudy,Motor Vehicle-In-Transport On Same Roadway,None,MARYVILLE POLICE DEPT,Other,Unbelted,-,Drinking,Drug,-,-,-,-,-,-,-,Motorcyclist,-,Blount,Maryville,7
102367,400454722,0,1,36.37463,-86.50559,3,2026-02-21 03:24:00,2026,2,21,3,24,Saturday,03:24,Suspected Serious Injury,Dark-Not Lighted,Rain,Ditch,None,GALLATIN POLICE DEPT,Other,Unbelted,-,-,-,Drowsy,-,-,-,-,-,-,-,-,Sumner,Gallatin,7
102370,400454739,0,1,36.32504,-86.70545,3,2026-02-22 01:44:00,2026,2,22,1,44,Sunday,01:44,Suspected Serious Injury,Dark-Not Lighted,Clear,"Over Turn, Roll Over",Construction Zone,GOODLETTSVILLE POLICE DEPT,Other,Unbelted,-,Drinking,-,-,-,-,-,-,-,-,-,-,Davidson,Goodlettsville,1
102378,400454768,0,1,35.09725,-84.80753,2,2026-02-22 06:00:00,2026,2,22,6,0,Sunday,06:00,Suspected Serious Injury,Dark-Lighted,Clear,Ditch,None,THP District 2 - Chattanooga,THP,Unbelted,-,-,-,-,-,-,-,-,-,-,-,-,Bradley,Not in City Limit,1
102380,400454787,0,3,35.7364,-89.55167,4,2026-02-21 16:00:00,2026,2,21,16,0,Saturday,16:00,Suspected Serious Injury,Daylight,Clear,Ditch,None,RIPLEY POLICE DEPT,Other,Unbelted,-,-,-,-,-,-,-,-,-,-,-,-,Lauderdale,Ripley,7
102396,400455061,1,0,36.46293,-82.43202,5,2026-02-22 02:19:00,2026,2,22,2,19,Sunday,02:19,Fatal,Dark-Not Lighted,Clear,Embankment Earth,None,THP District 5 - Fall Branch,THP,Unbelted,-,-,-,-,-,-,-,-,-,-,-,-,Sullivan,Not in City Limit,1
102406,400455201,1,0,36.0381,-84.43128,1,2026-02-20 23:32:00,2026,2,20,23,32,Friday,23:32,Fatal,Dark-Not Lighted,Clear,Pedestrian,None,THP District 1 - Knoxville,THP,Unbelted,-,-,-,-,-,-,Pedestrian,-,-,-,-,-,Morgan,Not in City Limit,6
102408,400455220,0,1,35.08105,-89.79271,4,2026-02-22 14:51:00,2026,2,22,14,51,Sunday,14:51,Suspected Serious Injury,Daylight,Clear,"Over Turn, Roll Over",None,GERMANTOWN POLICE DEPT,Other,Unbelted,-,-,-,-,-,-,-,-,-,-,-,-,Shelby,Germantown,1
102417,400455293,0,1,35.12739,-84.85025,2,2026-02-22 17:57:00,2026,2,22,17,57,Sunday,17:57,Suspected Serious Injury,Daylight,Clear,Motor Vehicle-In-Transport On Same Roadway,None,THP District 2 - Chattanooga,THP,Unbelted,-,-,-,-,-,-,-,-,-,-,-,-,Bradley,Not in City Limit,1
102418,400455300,0,2,36.48871,-81.71239,5,2026-02-22 14:28:00,2026,2,22,14,28,Sunday,14:28,Suspected Serious Injury,Daylight,Snow,"Over Turn, Roll Over",None,THP District 5 - Fall Branch,THP,Unbelted,-,-,-,-,-,-,-,-,-,-,-,-,Johnson,Not in City Limit,1
102423,400455337,0,2,36.33341,-84.18004,1,2026-02-22 19:06:00,2026,2,22,19,6,Sunday,19:06,Suspected Serious Injury,Dark-Lighted,Blowing Snow,Motor Vehicle-In-Transport On Same Roadway,None,JACKSBORO POLICE DEPT,Other,Unbelted,-,-,-,-,-,-,-,-,-,-,-,-,Campbell,Jacksboro,1
102435,400455441,1,0,35.99284,-88.41851,8,2026-02-23 01:43:00,2026,2,23,1,43,Monday,01:43,Fatal,Dark-Lighted,Clear,Standing Tree,None,HUNTINGDON POLICE DEPT,Other,Unbelted,-,-,-,-,-,-,-,-,-,-,-,-,Carroll,Huntingdon,2
102437,400455450,1,0,35.98229,-88.83039,8,2026-02-22 23:50:00,2026,2,22,23,50,Sunday,23:50,Fatal,Dark-Not Lighted,Clear,Standing Tree,None,THP District 8 - Jackson,THP,Unbelted,-,-,Drug,-,-,-,-,-,-,-,-,-,Gibson,Not in City Limit,1
102444,400455490,1,0,36.25807,-86.61489,3,2026-02-21 08:39:00,2026,2,21,8,39,Saturday,08:39,Fatal,Daylight,Clear,Motor Vehicle-In-Transport On Same Roadway,None,HENDERSONVILLE POLICE DEPT,Other,Unbelted,-,-,Drug,-,-,-,-,-,-,-,Motorcyclist,-,Sumner,Hendersonville,7
102456,400455665,0,2,36.19951,-86.30499,3,2026-02-19 13:36:00,2026,2,19,13,36,Thursday,13:36,Suspected Serious Injury,Daylight,Clear,Motor Vehicle-In-Transport On Same Roadway,None,LEBANON POLICE DEPT,Other,Unbelted,-,-,-,-,-,-,-,-,-,-,Motorcyclist,-,Wilson,Lebanon,5
102463,400455729,0,1,36.25379,-84.79512,1,2026-02-20 11:35:00,2026,2,20,11,35,Friday,11:35,Suspected Serious Injury,Daylight,Clear,Embankment Rock/Stone/Concrete,None,THP District 1 - Knoxville,THP,Unbelted,-,-,-,-,-,-,-,-,-,-,-,-,Morgan,Not in City Limit,6
102467,400455816,1,0,35.83685,-84.62477,1,2025-09-26 00:00:00,2025,9,26,24,0,Friday,24:00,Fatal,Dark-Not Lighted,Clear,Unknown,None,ROANE CO SHERIFFS DEPT,Other,-,-,-,-,-,-,-,Pedestrian,-,-,-,-,-,Roane,Not in City Limit,6
102471,400455857,0,4,35.98463,-86.55213,3,2026-02-22 17:14:00,2026,2,22,17,14,Sunday,17:14,Suspected Serious Injury,Daylight,Clear,Motor Vehicle-In-Transport On Same Roadway,None,SMYRNA POLICE DEPT,Other,Unbelted,-,-,-,-,-,-,-,-,-,-,-,-,Rutherford,Smyrna,1
102478,400455945,0,2,36.3662,-87.04482,3,2026-02-19 19:39:00,2026,2,19,19,39,Thursday,19:39,Suspected Serious Injury,Dark-Lighted,Clear,Motor Vehicle-In-Transport On Same Roadway,None,THP District 3 - Nashville,THP,Unbelted,-,-,-,-,-,-,-,-,-,-,-,-,Cheatham,Not in City Limit,5
102481,400455962,0,3,35.78881,-84.33582,1,2026-02-23 09:47:00,2026,2,23,9,47,Monday,09:47,Suspected Serious Injury,Daylight,Clear,Motor Vehicle-In-Transport On Same Roadway,None,THP District 1 - Knoxville,THP,Unbelted,-,-,Drug,-,-,-,-,-,-,-,-,-,Loudon,Not in City Limit,2
102483,400455973,0,1,35.92281,-84.06008,1,2026-02-23 17:31:00,2026,2,23,17,31,Monday,17:31,Suspected Serious Injury,Daylight,Clear,Motor Vehicle-In-Transport On Same Roadway,None,KNOXVILLE POLICE DEPT,Other,Unbelted,-,-,-,-,-,-,-,-,-,-,-,-,Knox,Knoxville,2
102485,400456012,0,1,35.82979,-89.60638,4,2026-02-21 22:31:00,2026,2,21,22,31,Saturday,22:31,Suspected Serious Injury,Dark-Not Lighted,Clear,"Over Turn, Roll Over",None,THP District 4 - Memphis,THP,Unbelted,-,-,-,-,-,-,-,-,-,-,-,-,Lauderdale,Not in City Limit,7
102486,400456030,1,0,35.52767,-86.33386,7,2026-02-22 23:27:00,2026,2,22,23,27,Sunday,23:27,Fatal,Dark-Lighted,Clear,Railway Train,None,THP District 7 - Lawrenceburg,THP,Unbelted,-,-,-,-,-,-,-,-,-,-,-,-,Bedford,Wartrace,1
102487,400456040,0,1,35.36256,-88.80248,8,2026-02-23 14:28:00,2026,2,23,14,28,Monday,14:28,Suspected Serious Injury,Daylight,Clear,Ditch,None,THP District 8 - Jackson,THP,Unbelted,-,-,-,-,-,-,-,-,-,ATV_Involved,-,-,Chester,Not in City Limit,2
102504,400456176,0,2,35.88152,-87.83581,3,2026-02-24 00:39:00,2026,2,24,0,39,Tuesday,00:39,Suspected Serious Injury,Dark-Not Lighted,Clear,Motor Vehicle-In-Transport On Same Roadway,None,HUMPHREYS CO SHERIFFS DEPT,Other,Unbelted,-,Drinking,-,-,-,-,-,-,-,ATV_Involved,-,-,Humphreys,Not in City Limit,3
102506,400456189,0,2,35.97558,-83.91676,1,2026-02-23 12:29:00,2026,2,23,12,29,Monday,12:29,Suspected Serious Injury,Daylight,Clear,Motor Vehicle-In-Transport On Same Roadway,None,KNOX CO SHERIFFS OFFICE,Other,Unbelted,-,-,-,-,-,-,-,-,-,-,-,-,Knox,Knoxville,2
102508,400456272,2,0,36.0508,-85.48469,6,2026-02-24 04:30:00,2026,2,24,4,30,Tuesday,04:30,Fatal,Dark-Not Lighted,Clear,Standing Tree,None,THP District 6 - Cookeville,THP,Unbelted,-,-,-,-,-,-,-,-,-,-,-,-,White,Not in City Limit,3
102514,400456330,1,4,36.53309,-86.97152,3,2026-02-20 08:42:00,2026,2,20,8,42,Friday,08:42,Fatal,Daylight,Clear,Motor Vehicle-In-Transport On Same Roadway,None,THP District 3 - Nashville,THP,Unbelted,-,-,Drug,-,-,-,-,-,-,-,-,-,Robertson,Cedar Hill,6
102529,400456492,1,1,36.02031,-87.33272,3,2026-02-24 05:39:00,2026,2,24,5,39,Tuesday,05:39,Fatal,Dawn,Clear,Motor Vehicle-In-Transport On Same Roadway,None,THP District 3 - Nashville,THP,Unbelted,-,-,-,-,-,-,-,-,-,ATV_Involved,-,-,Dickson,Dickson,3
102531,400456497,0,4,35.05174,-89.926,4,2026-02-22 17:22:00,2026,2,22,17,22,Sunday,17:22,Suspected Serious Injury,Daylight,Clear,Motor Vehicle-In-Transport On Same Roadway,None,THP District 1 - Knoxville,THP,Unbelted,-,Drinking,Drug,-,-,-,-,-,-,-,-,-,Shelby,Memphis,1
102545,400456668,0,3,36.48425,-82.84823,5,2026-02-24 13:48:00,2026,2,24,13,48,Tuesday,13:48,Suspected Serious Injury,Daylight,Cloudy,Motor Vehicle-In-Transport On Same Roadway,None,THP District 5 - Fall Branch,THP,Unbelted,-,-,Drug,-,-,-,-,-,-,-,-,-,Hawkins,Surgoinsville,3
102562,400456902,0,1,36.38627,-86.26124,6,2026-02-24 00:00:00,2026,2,24,24,0,Tuesday,24:00,Suspected Serious Injury,Dark-Not Lighted,Clear,Motor Vehicle-In-Transport On Same Roadway,None,THP District 6 - Cookeville,THP,Unbelted,Distracted,-,-,-,-,-,-,-,-,-,-,-,Trousdale,Not in City Limit,3
102564,400456924,1,0,35.18303,-86.09504,2,2026-02-24 17:34:00,2026,2,24,17,34,Tuesday,17:34,Fatal,Dusk,Clear,Standing Tree,None,WINCHESTER POLICE DEPT,Other,Unbelted,-,-,-,-,-,-,-,-,-,-,-,-,Franklin,Winchester,3
102572,400456966,1,0,36.10182,-86.73991,3,2026-02-20 19:31:00,2026,2,20,19,31,Friday,19:31,Fatal,Dark-Lighted,Clear,Pedestrian,None,METROPOLITAN NASHVILLE POLICE DEPT,Other,Unbelted,-,-,-,-,-,-,Pedestrian,-,-,-,-,-,Davidson,Nashville,6
102575,400457002,1,1,36.56783,-82.04939,5,2026-02-24 03:00:00,2026,2,24,3,0,Tuesday,03:00,Fatal,Dark-Not Lighted,Blowing Snow,Standing Tree,None,THP District 5 - Fall Branch,THP,Unbelted,-,-,Drug,-,Speeding,-,-,-,-,-,-,-,Sullivan,Not in City Limit,3
102581,400457037,0,1,36.52851,-86.42635,3,2026-02-24 05:15:00,2026,2,24,5,15,Tuesday,05:15,Suspected Serious Injury,Dark-Not Lighted,Clear,Fence,None,SUMNER CO SHERIFFS OFFICE,Other,Unbelted,Distracted,-,-,-,Speeding,-,-,-,-,-,-,-,Sumner,Not in City Limit,3
102582,400457040,1,0,35.92884,-83.89797,1,2026-02-24 20:00:00,2026,2,24,20,0,Tuesday,20:00,Fatal,Dark-Lighted,Clear,Pedestrian,None,KNOXVILLE POLICE DEPT,Other,Unbelted,-,-,-,-,-,-,Pedestrian,-,-,-,-,-,Knox,Knoxville,3
102584,400457066,0,1,35.70111,-86.43504,3,2026-02-25 04:10:00,2026,2,25,4,10,Wednesday,04:10,Suspected Serious Injury,Dark-Not Lighted,Clear,Standing Tree,None,RUTHERFORD CO SHERIFFS DEPT,Other,Unbelted,-,-,-,-,-,-,-,-,-,-,-,-,Rutherford,Not in City Limit,4
102590,400457159,1,2,36.08496,-87.33203,3,2026-02-21 13:19:00,2026,2,21,13,19,Saturday,13:19,Fatal,Daylight,Cloudy,Standing Tree,None,DICKSON POLICE DEPT,Other,Unbelted,-,-,Drug,-,-,-,-,-,-,-,-,-,Dickson,Dickson,7
102598,400457279,0,1,36.19415,-86.4508,3,2026-02-25 07:03:00,2026,2,25,7,3,Wednesday,07:03,Suspected Serious Injury,Daylight,Clear,Standing Tree,None,THP District 3 - Nashville,THP,Unbelted,-,-,-,-,-,-,-,-,-,ATV_Involved,-,-,Wilson,Not in City Limit,4
102607,400457393,0,1,36.34648,-83.4591,5,2026-02-25 12:00:00,2026,2,25,12,0,Wednesday,12:00,Suspected Serious Injury,Daylight,Cloudy,Embankment Earth,None,THP District 5 - Fall Branch,THP,Unbelted,-,-,-,-,-,-,-,-,-,-,-,-,Grainger,Not in City Limit,4
102627,400457617,0,1,35.55357,-84.98565,2,2026-02-23 16:54:00,2026,2,23,16,54,Monday,16:54,Suspected Serious Injury,Daylight,Clear,"Over Turn, Roll Over",None,THP District 2 - Chattanooga,THP,Unbelted,-,-,-,-,-,-,-,-,-,-,-,-,Rhea,Not in City Limit,2
102636,400457708,0,1,35.75875,-83.96938,1,2026-02-25 19:29:00,2026,2,25,19,29,Wednesday,19:29,Suspected Serious Injury,Dark-Lighted,Rain,Pedestrian,None,MARYVILLE POLICE DEPT,Other,Unbelted,-,-,-,-,-,-,Pedestrian,-,-,-,-,-,Blount,Maryville,4
102646,400457775,0,1,35.9892,-83.92038,1,2026-02-25 21:15:00,2026,2,25,21,15,Wednesday,21:15,Suspected Serious Injury,Dark-Lighted,Rain,Pedestrian,None,KNOXVILLE POLICE DEPT,Other,Unbelted,-,-,-,-,-,-,Pedestrian,-,-,-,-,-,Knox,Knoxville,4
102651,400457803,0,3,36.09528,-82.93676,5,2026-02-25 19:20:00,2026,2,25,19,20,Wednesday,19:20,Suspected Serious Injury,Dark-Not Lighted,Clear,Motor Vehicle-In-Transport On Same Roadway,None,THP District 5 - Fall Branch,THP,Unbelted,-,-,-,-,-,-,-,-,-,-,-,-,Greene,Not in City Limit,4
102655,400457824,0,3,36.31511,-84.20361,1,2026-02-25 19:13:00,2026,2,25,19,13,Wednesday,19:13,Suspected Serious Injury,Daylight,Clear,Motor Vehicle-In-Transport On Same Roadway,None,THP District 1 - Knoxville,THP,Unbelted,-,-,Drug,-,-,-,-,-,-,ATV_Involved,-,-,Campbell,Caryville,4
102699,400458237,1,0,35.97936,-84.33154,1,2026-02-25 00:00:00,2026,2,25,24,0,Wednesday,24:00,Fatal,Daylight,Rain,Culvert,None,OAK RIDGE POLICE DEPT,Other,Unbelted,-,-,-,-,-,-,-,-,-,-,-,-,Roane,Oak Ridge,4
102712,400458382,0,2,35.56021,-84.00706,1,2026-02-25 18:35:00,2026,2,25,18,35,Wednesday,18:35,Suspected Serious Injury,Dark-Not Lighted,Rain,Embankment Earth,None,BLOUNT CO SHERIFFS DEPT,Other,-,-,-,-,-,Speeding,-,-,-,-,-,Motorcyclist,-,Blount,Not in City Limit,4
102726,400458522,0,2,35.97963,-83.91846,1,2026-02-26 18:49:00,2026,2,26,18,49,Thursday,18:49,Suspected Serious Injury,Dark-Lighted,Clear,Motor Vehicle-In-Transport On Same Roadway,None,KNOXVILLE POLICE DEPT,Other,Unbelted,-,-,-,-,-,-,-,-,-,ATV_Involved,-,-,Knox,Knoxville,5
102729,400458552,0,2,36.02647,-84.08925,1,2026-02-26 16:22:00,2026,2,26,16,22,Thursday,16:22,Suspected Serious Injury,Daylight,Clear,Motor Vehicle-In-Transport On Same Roadway,None,THP District 1 - Knoxville,THP,Unbelted,-,Drinking,Drug,-,-,-,-,-,-,-,-,-,Anderson,Not in City Limit,5
102743,400458630,0,1,36.19281,-86.74564,3,2026-02-26 19:25:00,2026,2,26,19,25,Thursday,19:25,Suspected Serious Injury,Dark-Lighted,Clear,Motor Vehicle-In-Transport On Same Roadway,None,METROPOLITAN NASHVILLE POLICE DEPT,Other,Unbelted,-,-,-,-,-,-,-,-,-,-,-,-,Davidson,Nashville,5