OBJECTID,MRN,Fatality,Injury,Latitude,Longitude,THP_District,Collision_Date,Collision_Year,Collision_Month,Collision_Day,Collision_Hour,Collision_Min,Collision_DOW,Collision_Time,Crash_Type,Light_Condition,Weather,First_Harmfu_Event,Work_Zone_Type,Agency_Name,THP,Unbelted,Distracted_Driver,Driver_Drinking,Driver_Drugged,Drowsy_Driver,Speeding_Involved,Pedalcyclist,Pedestrian,Other_Nonmotorist,ATV_Involved,LargeTruck_Involved,Motorcycle_Involved,SchoolBus,County,City,DOW_Nmb
102748,400458668,0,2,35.94682,-83.2046,5,2026-02-26 20:15:00,2026,2,26,20,15,Thursday,20:15,Suspected Serious Injury,Dark-Lighted,Clear,Motor Vehicle-In-Transport On Same Roadway,None,THP District 5 - Fall Branch,THP,Unbelted,-,-,-,-,-,-,-,-,-,-,-,-,Cocke,Newport,5
102751,400458697,0,2,35.04735,-89.75093,4,2026-02-26 22:05:00,2026,2,26,22,5,Thursday,22:05,Suspected Serious Injury,Dark-Lighted,Clear,Utility Pole,None,GERMANTOWN POLICE DEPT,Other,Unbelted,-,Drinking,-,-,-,-,-,-,-,-,-,-,Shelby,Germantown,5
102764,400458950,0,1,36.2563,-86.71434,3,2026-02-26 21:14:00,2026,2,26,21,14,Thursday,21:14,Suspected Serious Injury,Dark-Lighted,Clear,Pedestrian,None,METROPOLITAN NASHVILLE POLICE DEPT,Other,Unbelted,-,-,-,-,-,-,Pedestrian,-,-,-,-,-,Davidson,Nashville,5
102770,400459106,0,1,35.92509,-86.20479,3,2026-02-27 09:14:00,2026,2,27,9,14,Friday,09:14,Suspected Serious Injury,Daylight,Clear,Ditch,None,RUTHERFORD CO SHERIFFS DEPT,Other,Unbelted,-,-,-,Drowsy,-,-,-,-,-,-,-,-,Rutherford,Not in City Limit,6
102786,400459356,0,1,35.51079,-84.36692,1,2026-02-27 00:00:00,2026,2,27,24,0,Friday,24:00,Suspected Serious Injury,Daylight,Clear,Motor Vehicle-In-Transport On Same Roadway,None,MADISONVILLE POLICE DEPT,Other,Unbelted,-,-,-,-,-,-,-,-,-,-,Motorcyclist,-,Monroe,Madisonville,6
102797,400459467,0,2,36.57762,-82.50817,5,2026-02-27 15:49:00,2026,2,27,15,49,Friday,15:49,Suspected Serious Injury,Daylight,Clear,Motor Vehicle-In-Transport On Same Roadway,None,THP District 5 - Fall Branch,THP,Unbelted,-,-,-,-,-,-,-,-,-,-,-,-,Sullivan,Not in City Limit,6
102805,400459510,0,3,35.28144,-84.60758,2,2026-02-27 15:40:00,2026,2,27,15,40,Friday,15:40,Suspected Serious Injury,Daylight,Clear,Motor Vehicle-In-Transport On Same Roadway,None,THP District 2 - Chattanooga,THP,Unbelted,-,-,-,-,-,-,-,-,-,-,-,-,McMinn,Not in City Limit,6
102808,400459549,0,1,35.70125,-85.78157,6,2026-02-27 00:00:00,2026,2,27,24,0,Friday,24:00,Suspected Serious Injury,Daylight,Clear,Fell/Jumped From Vehicle,None,MCMINNVILLE POLICE DEPT,Other,-,-,-,-,-,-,-,-,-,-,-,Motorcyclist,-,Warren,McMinnville,6
102809,400459566,0,2,36.0309,-84.09361,1,2026-02-27 16:07:00,2026,2,27,16,7,Friday,16:07,Suspected Serious Injury,Daylight,Clear,Motor Vehicle-In-Transport On Same Roadway,None,THP District 1 - Knoxville,THP,Unbelted,-,-,-,-,-,-,-,-,-,-,-,-,Anderson,Not in City Limit,6
102812,400459596,0,2,35.97811,-83.88537,1,2026-02-27 17:59:00,2026,2,27,17,59,Friday,17:59,Suspected Serious Injury,Dusk,Clear,Parked Motor Vehicle,None,KNOXVILLE POLICE DEPT,Other,Unbelted,Distracted,-,-,-,-,-,-,-,-,-,-,-,Knox,Knoxville,6
102819,400459653,0,1,36.03019,-83.86767,1,2026-02-27 16:14:00,2026,2,27,16,14,Friday,16:14,Suspected Serious Injury,Daylight,Clear,Motor Vehicle-In-Transport On Same Roadway,None,KNOXVILLE POLICE DEPT,Other,Unbelted,-,-,-,-,Speeding,-,-,-,-,-,Motorcyclist,-,Knox,Knoxville,6
102835,400459781,0,2,36.53183,-82.32721,5,2026-02-27 20:04:00,2026,2,27,20,4,Friday,20:04,Suspected Serious Injury,Dark-Lighted,Clear,Motor Vehicle-In-Transport On Same Roadway,None,THP District 5 - Fall Branch,THP,Unbelted,Distracted,-,-,-,-,-,-,-,-,-,-,-,Sullivan,Not in City Limit,6
102839,400459837,0,2,35.42526,-88.64007,8,2026-02-27 19:17:00,2026,2,27,19,17,Friday,19:17,Suspected Serious Injury,Dark-Lighted,Clear,Motor Vehicle-In-Transport On Same Roadway,None,HENDERSON POLICE DEPT,Other,Unbelted,-,Drinking,Drug,-,-,-,-,-,-,-,-,-,Chester,Henderson,6
102846,400459889,0,1,35.99901,-83.95991,1,2026-02-27 21:06:00,2026,2,27,21,6,Friday,21:06,Suspected Serious Injury,Dark-Lighted,Clear,Motor Vehicle-In-Transport On Same Roadway,None,KNOXVILLE POLICE DEPT,Other,Unbelted,-,-,-,-,-,-,-,-,-,-,Motorcyclist,-,Knox,Knoxville,6
102848,400459898,0,1,35.48369,-86.41203,7,2026-02-27 00:00:00,2026,2,27,24,0,Friday,24:00,Suspected Serious Injury,Dark-Lighted,Clear,Ditch,None,SHELBYVILLE POLICE DEPT,Other,Unbelted,Distracted,-,-,-,-,-,-,-,-,-,-,-,Bedford,Shelbyville,6
102872,400460442,0,1,35.84826,-86.96719,3,2026-02-28 13:17:00,2026,2,28,13,17,Saturday,13:17,Suspected Serious Injury,Daylight,Clear,"Over Turn, Roll Over",None,WILLIAMSON CO SHERIFFS OFFICE,Other,-,-,-,-,-,Speeding,-,-,-,-,-,Motorcyclist,-,Williamson,Not in City Limit,7
102879,400460497,0,1,36.0012,-86.59613,3,2026-02-27 21:17:00,2026,2,27,21,17,Friday,21:17,Suspected Serious Injury,Dark-Lighted,Clear,Motor Vehicle-In-Transport On Same Roadway,None,LAVERGNE POLICE DEPT,Other,Unbelted,-,-,-,-,Speeding,-,-,-,-,-,Motorcyclist,-,Rutherford,Lavergne,6
102881,400460510,0,2,35.61434,-87.01997,7,2026-02-28 15:00:00,2026,2,28,15,0,Saturday,15:00,Suspected Serious Injury,Daylight,Clear,Fell/Jumped From Vehicle,None,COLUMBIA POLICE DEPT,Other,Unbelted,Distracted,-,-,-,-,-,-,-,-,-,Motorcyclist,-,Maury,Columbia,7
102890,400460649,0,1,35.12455,-87.76282,7,2026-02-28 16:10:00,2026,2,28,16,10,Saturday,16:10,Suspected Serious Injury,Daylight,Clear,Motor Vehicle-In-Transport On Same Roadway,None,THP District 7 - Lawrenceburg,THP,Unbelted,-,-,-,-,-,-,-,-,-,-,Motorcyclist,-,Wayne,Not in City Limit,7
102893,400460711,1,1,36.06129,-86.91088,3,2026-02-28 18:05:00,2026,2,28,18,5,Saturday,18:05,Fatal,Dark-Not Lighted,Clear,Motor Vehicle-In-Transport On Same Roadway,None,METROPOLITAN NASHVILLE POLICE DEPT,Other,Unbelted,-,-,-,-,Speeding,-,-,-,-,-,Motorcyclist,-,Davidson,Nashville,7
102898,400460750,0,1,35.81839,-86.39564,3,2026-02-28 19:15:00,2026,2,28,19,15,Saturday,19:15,Suspected Serious Injury,Dark-Lighted,Clear,Pedestrian,None,MURFREESBORO POLICE DEPT,Other,Unbelted,-,-,-,-,-,-,Pedestrian,-,-,-,-,-,Rutherford,Murfreesboro,7
102901,400460761,1,0,36.55688,-87.46831,3,2026-02-28 18:08:00,2026,2,28,18,8,Saturday,18:08,Fatal,Dusk,Clear,Other Non-Fixed Object,None,THP District 3 - Nashville,THP,Unbelted,-,Drinking,Drug,-,Speeding,-,-,-,-,-,Motorcyclist,-,Montgomery,Not in City Limit,7
102903,400460774,0,1,36.5453,-86.19937,6,2026-02-28 17:50:00,2026,2,28,17,50,Saturday,17:50,Suspected Serious Injury,Dark-Not Lighted,Clear,Fell/Jumped From Vehicle,None,MACON CO SHERIFFS OFFICE,Other,-,-,-,-,-,-,-,-,-,-,-,Motorcyclist,-,Macon,Not in City Limit,7
102910,400460865,0,1,36.31087,-86.69651,3,2026-03-01 01:35:00,2026,3,1,1,35,Sunday,01:35,Suspected Serious Injury,Dark-Lighted,Clear,Utility Pole,None,GOODLETTSVILLE POLICE DEPT,Other,Unbelted,-,-,-,-,-,-,-,-,-,-,-,-,Davidson,Goodlettsville,1
102911,400460866,0,1,36.04735,-86.68115,3,2026-03-01 02:03:00,2026,3,1,2,3,Sunday,02:03,Suspected Serious Injury,Dark-Lighted,Clear,Standing Tree,None,METROPOLITAN NASHVILLE POLICE DEPT,Other,Unbelted,-,-,-,-,-,-,-,-,-,-,-,-,Davidson,Nashville,1
102921,400460904,0,1,36.10056,-86.73992,3,2026-03-01 03:10:00,2026,3,1,3,10,Sunday,03:10,Suspected Serious Injury,Dark-Lighted,Clear,Wall,None,METROPOLITAN NASHVILLE POLICE DEPT,Other,Unbelted,-,-,-,-,-,-,-,-,-,-,-,-,Davidson,Nashville,1
102924,400460951,0,1,35.44157,-86.44004,7,2026-02-28 15:20:00,2026,2,28,15,20,Saturday,15:20,Suspected Serious Injury,Daylight,Clear,Ditch,None,THP District 7 - Lawrenceburg,THP,-,-,-,-,-,-,-,-,-,-,-,Motorcyclist,-,Bedford,Not in City Limit,7
102932,400461211,0,1,35.16645,-84.51639,2,2026-03-01 12:49:00,2026,3,1,12,49,Sunday,12:49,Suspected Serious Injury,Daylight,Clear,Embankment Earth,None,THP District 2 - Chattanooga,THP,-,-,-,-,-,Speeding,-,-,-,-,-,Motorcyclist,-,Polk,Not in City Limit,1
102934,400461274,0,2,35.62875,-85.46195,6,2026-03-01 10:50:00,2026,3,1,10,50,Sunday,10:50,Suspected Serious Injury,Daylight,Clear,Motor Vehicle-In-Transport On Same Roadway,None,THP District 6 - Cookeville,THP,Unbelted,-,-,-,-,-,-,-,-,-,-,-,-,Van Buren,Not in City Limit,1
102961,400461620,0,2,36.5093,-86.87331,3,2026-03-01 16:03:00,2026,3,1,16,3,Sunday,16:03,Suspected Serious Injury,Daylight,Clear,Motor Vehicle-In-Transport On Same Roadway,None,THP District 3 - Nashville,THP,Unbelted,Distracted,-,-,-,-,-,-,-,-,ATV_Involved,-,-,Robertson,Springfield,1
102962,400461626,0,2,35.27144,-85.74532,2,2026-03-01 00:00:00,2026,3,1,24,0,Sunday,24:00,Suspected Serious Injury,Dark-Not Lighted,Clear,Parked Motor Vehicle,None,THP District 2 - Chattanooga,THP,Unbelted,-,Drinking,Drug,-,Speeding,-,-,-,-,-,-,-,Grundy,Tracy City,1
102963,400461645,0,3,35.79482,-86.4947,3,2026-03-01 19:55:00,2026,3,1,19,55,Sunday,19:55,Suspected Serious Injury,Dark-Lighted,Clear,Motor Vehicle-In-Transport On Same Roadway,None,MURFREESBORO POLICE DEPT,Other,Unbelted,-,-,-,-,-,-,-,-,-,-,-,-,Rutherford,Murfreesboro,1
102968,400461671,0,2,36.38638,-86.99779,3,2026-03-01 03:07:00,2026,3,1,3,7,Sunday,03:07,Suspected Serious Injury,Dark-Not Lighted,Clear,Parked Motor Vehicle,None,THP District 3 - Nashville,THP,Unbelted,Distracted,-,-,-,-,-,-,-,-,-,-,-,Robertson,Coopertown,1
102978,400461740,1,0,35.06935,-87.2028,7,2026-03-02 01:04:00,2026,3,2,1,4,Monday,01:04,Fatal,Dark-Not Lighted,Clear,Standing Tree,None,THP District 7 - Lawrenceburg,THP,Unbelted,-,-,-,-,Speeding,-,-,-,-,-,-,-,Giles,Not in City Limit,2
102983,400461766,1,0,36.20677,-86.77859,3,2026-03-02 00:00:00,2026,3,2,0,0,Monday,00:00,Fatal,Dark-Lighted,Clear,Pedestrian,None,METROPOLITAN NASHVILLE POLICE DEPT,Other,Unbelted,-,-,-,-,-,-,Pedestrian,-,-,-,-,-,Davidson,Nashville,2
102985,400461775,1,0,36.22103,-86.72668,3,2026-02-28 19:27:00,2026,2,28,19,27,Saturday,19:27,Fatal,Dark-Lighted,Clear,Pedestrian,None,METROPOLITAN NASHVILLE POLICE DEPT,Other,Unbelted,-,-,-,-,-,-,Pedestrian,-,-,-,-,-,Davidson,Nashville,7
102989,400461829,1,1,36.15148,-86.75143,3,2026-03-01 04:33:00,2026,3,1,4,33,Sunday,04:33,Fatal,Dark-Lighted,Clear,Motor Vehicle-In-Transport On Same Roadway,None,METROPOLITAN NASHVILLE POLICE DEPT,Other,Unbelted,-,-,-,-,-,-,Pedestrian,-,-,-,-,-,Davidson,Nashville,1
102998,400461866,0,2,36.23359,-86.73196,3,2026-03-01 13:45:00,2026,3,1,13,45,Sunday,13:45,Suspected Serious Injury,Daylight,Clear,Mail Box,None,METROPOLITAN NASHVILLE POLICE DEPT,Other,Unbelted,-,Drinking,Drug,-,Speeding,-,-,-,-,-,-,-,Davidson,Nashville,1
103001,400461893,1,0,36.26726,-86.66632,3,2026-03-02 00:02:00,2026,3,2,0,2,Monday,00:02,Fatal,Dark-Lighted,Cloudy,Motor Vehicle-In-Transport On Same Roadway,None,METROPOLITAN NASHVILLE POLICE DEPT,Other,Unbelted,-,Drinking,Drug,-,-,-,-,-,-,ATV_Involved,-,-,Davidson,Nashville,2
103010,400462030,0,1,36.171,-86.80054,3,2026-03-02 12:30:00,2026,3,2,12,30,Monday,12:30,Suspected Serious Injury,Daylight,Cloudy,Pedestrian,None,METROPOLITAN NASHVILLE POLICE DEPT,Other,Unbelted,-,-,-,-,-,-,Pedestrian,-,-,-,-,-,Davidson,Nashville,2
103031,400462247,0,1,36.23589,-86.78114,3,2026-03-02 15:27:00,2026,3,2,15,27,Monday,15:27,Suspected Serious Injury,Daylight,Cloudy,Pedestrian,None,METROPOLITAN NASHVILLE POLICE DEPT,Other,Unbelted,-,-,-,-,-,-,Pedestrian,-,-,-,-,-,Davidson,Nashville,2
103041,400462308,0,1,36.07024,-84.47799,1,2026-03-02 15:43:00,2026,3,2,15,43,Monday,15:43,Suspected Serious Injury,Daylight,Clear,Culvert,None,THP District 1 - Knoxville,THP,Unbelted,-,-,-,-,-,-,-,-,-,-,-,-,Morgan,Not in City Limit,2
103049,400462394,0,3,36.61771,-87.17507,3,2026-03-02 14:45:00,2026,3,2,14,45,Monday,14:45,Suspected Serious Injury,Daylight,Clear,Motor Vehicle-In-Transport On Same Roadway,None,THP District 3 - Nashville,THP,Unbelted,-,-,-,-,-,-,-,-,-,-,-,-,Montgomery,Not in City Limit,2
103059,400462495,0,1,35.84618,-86.37107,3,2026-03-02 22:00:00,2026,3,2,22,0,Monday,22:00,Suspected Serious Injury,Dark-Lighted,Clear,Non-Motorist Personal Conveyance,None,MIDDLE TN STATE UNIVERSITY,Other,Unbelted,-,-,-,-,-,-,-,Other_NM,-,-,-,-,Rutherford,Murfreesboro,2
103063,400462531,0,1,35.75666,-86.05367,6,2026-03-03 01:01:00,2026,3,3,1,1,Tuesday,01:01,Suspected Serious Injury,Dark-Not Lighted,Clear,Embankment Earth,None,THP District 6 - Cookeville,THP,Unbelted,-,-,-,Drowsy,-,-,-,-,-,-,-,-,Cannon,Not in City Limit,3
103064,400462533,0,1,35.25438,-85.7187,2,2026-03-03 02:06:00,2026,3,3,2,6,Tuesday,02:06,Suspected Serious Injury,Dark-Lighted,Clear,Ditch,None,GRUNDY CO SHERIFFS OFFICE,Other,Unbelted,-,-,-,-,-,-,-,-,-,-,-,-,Grundy,Not in City Limit,3
103079,400462702,1,0,36.24941,-86.71944,3,2026-03-02 14:04:00,2026,3,2,14,4,Monday,14:04,Fatal,Daylight,Cloudy,Pedestrian,None,METROPOLITAN NASHVILLE POLICE DEPT,Other,Unbelted,Distracted,-,-,-,-,-,Pedestrian,-,-,-,-,-,Davidson,Nashville,2
103081,400462718,0,1,36.258,-87.25098,3,2026-03-03 08:00:00,2026,3,3,8,0,Tuesday,08:00,Suspected Serious Injury,Daylight,Cloudy,Standing Tree,None,THP District 3 - Nashville,THP,Unbelted,-,Drinking,-,-,-,-,-,-,-,-,-,-,Dickson,Not in City Limit,3
103094,400462849,0,1,35.77569,-83.98933,1,2026-03-03 11:59:00,2026,3,3,11,59,Tuesday,11:59,Suspected Serious Injury,Daylight,Clear,Motor Vehicle-In-Transport On Same Roadway,None,ALCOA POLICE DEPARTMENT,Other,Unbelted,-,-,-,-,-,-,-,-,-,-,-,-,Blount,Alcoa,3
103096,400462866,0,3,35.77713,-86.34801,3,2026-02-27 16:04:00,2026,2,27,16,4,Friday,16:04,Suspected Serious Injury,Daylight,Clear,Motor Vehicle-In-Transport On Same Roadway,None,MURFREESBORO POLICE DEPT,Other,Unbelted,-,-,Drug,-,-,-,-,-,-,ATV_Involved,-,-,Rutherford,Murfreesboro,6
103116,400463089,0,2,35.90432,-83.65476,1,2026-03-03 15:36:00,2026,3,3,15,36,Tuesday,15:36,Suspected Serious Injury,Daylight,Clear,Motor Vehicle-In-Transport On Same Roadway,None,THP District 1 - Knoxville,THP,Unbelted,-,-,-,-,-,-,-,-,-,-,Motorcyclist,-,Sevier,Not in City Limit,3
103129,400463161,0,1,35.85243,-85.94338,6,2026-03-02 20:54:00,2026,3,2,20,54,Monday,20:54,Suspected Serious Injury,Dark-Not Lighted,Cloudy,Fence,None,THP District 6 - Cookeville,THP,Unbelted,-,Drinking,-,-,-,-,-,-,-,-,-,-,Cannon,Not in City Limit,2
103130,400463170,0,1,36.09092,-87.73519,3,2026-03-02 17:24:00,2026,3,2,17,24,Monday,17:24,Suspected Serious Injury,Daylight,Clear,Motor Vehicle-In-Transport On Same Roadway,None,THP District 3 - Nashville,THP,Unbelted,-,-,-,-,-,-,-,-,-,-,-,-,Humphreys,Not in City Limit,2
103136,400463205,0,2,35.97898,-83.91053,1,2026-03-03 18:11:00,2026,3,3,18,11,Tuesday,18:11,Suspected Serious Injury,Daylight,Clear,Motor Vehicle-In-Transport On Same Roadway,None,KNOXVILLE POLICE DEPT,Other,Unbelted,-,-,-,-,-,-,-,-,-,-,-,-,Knox,Knoxville,3
103137,400463235,0,2,35.70644,-89.56836,4,2026-03-02 21:21:00,2026,3,2,21,21,Monday,21:21,Suspected Serious Injury,Dark-Not Lighted,Clear,Motor Vehicle-In-Transport On Same Roadway,None,THP District 4 - Memphis,THP,Unbelted,-,-,-,-,-,-,-,-,-,ATV_Involved,-,-,Lauderdale,Not in City Limit,2
103140,400463246,0,5,36.32881,-82.26971,5,2026-03-03 18:56:00,2026,3,3,18,56,Tuesday,18:56,Suspected Serious Injury,Dark-Lighted,Clear,Motor Vehicle-In-Transport On Same Roadway,None,ELIZABETHTON POLICE DEPT,Other,Unbelted,-,-,-,-,-,-,-,-,-,-,-,-,Carter,Elizabethton,3
103168,400463357,0,1,35.4557,-86.72681,7,2026-03-02 22:54:00,2026,3,2,22,54,Monday,22:54,Suspected Serious Injury,Dark-Not Lighted,Clear,Deer,None,THP District 7 - Lawrenceburg,THP,-,-,-,-,-,-,-,-,-,-,-,Motorcyclist,-,Marshall,Not in City Limit,2
103173,400463403,0,1,35.07823,-88.7202,8,2026-03-04 01:15:00,2026,3,4,1,15,Wednesday,01:15,Suspected Serious Injury,Dark-Not Lighted,Clear,"Over Turn, Roll Over",None,THP District 8 - Jackson,THP,Unbelted,Distracted,Drinking,-,Drowsy,-,-,-,-,-,-,-,-,McNairy,Not in City Limit,4
103175,400463408,1,3,36.49932,-83.8075,5,2026-03-01 17:45:00,2026,3,1,17,45,Sunday,17:45,Fatal,Daylight,Clear,Motor Vehicle-In-Transport On Same Roadway,None,THP District 5 - Fall Branch,THP,Unbelted,-,Drinking,Drug,-,-,-,-,-,-,-,-,-,Claiborne,Not in City Limit,1
103186,400463526,0,1,36.07475,-86.75481,3,2026-03-04 08:05:00,2026,3,4,8,5,Wednesday,08:05,Suspected Serious Injury,Daylight,Clear,Motor Vehicle-In-Transport On Same Roadway,None,METROPOLITAN NASHVILLE POLICE DEPT,Other,Unbelted,-,-,-,-,-,-,-,-,-,-,-,-,Davidson,Nashville,4
103214,400463852,0,1,36.01828,-86.61959,3,2026-03-04 14:51:00,2026,3,4,14,51,Wednesday,14:51,Suspected Serious Injury,Daylight,Clear,Other Fixed Object,None,METROPOLITAN NASHVILLE POLICE DEPT,Other,Unbelted,Distracted,-,-,-,Speeding,-,-,-,-,-,-,-,Davidson,Nashville,4
103231,400463981,1,0,36.42364,-86.37175,3,2026-03-04 12:56:00,2026,3,4,12,56,Wednesday,12:56,Fatal,Daylight,Clear,Motor Vehicle-In-Transport On Same Roadway,None,THP District 3 - Nashville,THP,Unbelted,-,-,-,-,-,-,-,-,-,-,Motorcyclist,-,Sumner,Gallatin,4
103236,400464026,0,1,35.94517,-86.60115,3,2026-03-04 16:17:00,2026,3,4,16,17,Wednesday,16:17,Suspected Serious Injury,Daylight,Clear,Injured In Vehicle,None,RUTHERFORD CO SHERIFFS DEPT,Other,Unbelted,-,-,-,-,-,-,-,-,-,-,-,-,Rutherford,Not in City Limit,4
103248,400464087,0,1,35.66805,-88.48747,8,2026-03-04 16:42:00,2026,3,4,16,42,Wednesday,16:42,Suspected Serious Injury,Daylight,Clear,Ditch,None,THP District 8 - Jackson,THP,-,-,-,-,-,-,-,-,-,ATV_Involved,-,-,-,Henderson,Not in City Limit,4
103259,400464181,0,2,35.38521,-88.81455,8,2026-03-04 22:00:00,2026,3,4,22,0,Wednesday,22:00,Suspected Serious Injury,Dark-Not Lighted,Clear,Embankment Earth,None,THP District 8 - Jackson,THP,Unbelted,-,-,-,-,-,-,-,-,-,-,-,-,Chester,Not in City Limit,4
103277,400464343,1,0,36.04134,-86.77843,3,2026-03-04 13:26:00,2026,3,4,13,26,Wednesday,13:26,Fatal,Daylight,Clear,Motor Vehicle-In-Transport On Same Roadway,None,METROPOLITAN NASHVILLE POLICE DEPT,Other,Unbelted,-,Drinking,Drug,-,-,-,-,-,-,-,Motorcyclist,-,Davidson,Nashville,4
103287,400464459,0,1,36.37246,-86.46305,3,2026-03-05 05:35:00,2026,3,5,5,35,Thursday,05:35,Suspected Serious Injury,Dark-Lighted,Clear,Motor Vehicle-In-Transport On Same Roadway,None,THP District 3 - Nashville,THP,Unbelted,-,-,-,-,-,-,-,-,-,ATV_Involved,-,-,Sumner,Gallatin,5
103291,400464502,0,1,36.22359,-88.30801,8,2026-03-05 10:10:00,2026,3,5,10,10,Thursday,10:10,Suspected Serious Injury,Daylight,Cloudy,Standing Tree,None,THP District 8 - Jackson,THP,Unbelted,-,-,-,-,-,-,-,-,-,-,-,-,Henry,Not in City Limit,5
103300,400464560,1,0,36.07691,-87.02018,3,2026-03-05 10:54:00,2026,3,5,10,54,Thursday,10:54,Fatal,Daylight,Cloudy,Motor Vehicle-In-Transport On Same Roadway,None,METROPOLITAN NASHVILLE POLICE DEPT,Other,Unbelted,-,-,-,-,-,-,-,-,-,ATV_Involved,-,-,Davidson,Nashville,5
103306,400464610,1,0,36.40353,-82.83523,5,2026-03-05 12:56:00,2026,3,5,12,56,Thursday,12:56,Fatal,Daylight,Clear,Embankment Earth,None,THP District 5 - Fall Branch,THP,-,-,-,-,-,-,-,-,-,-,-,Motorcyclist,-,Hawkins,Church Hill,5
103309,400464653,0,1,36.04584,-83.99923,1,2026-03-05 14:24:00,2026,3,5,14,24,Thursday,14:24,Suspected Serious Injury,Daylight,Clear,Other Fixed Object,None,KNOXVILLE POLICE DEPT,Other,-,-,-,-,-,-,-,-,-,-,-,Motorcyclist,-,Knox,Knoxville,5
103322,400464776,0,2,36.63251,-87.28283,3,2026-03-04 16:20:00,2026,3,4,16,20,Wednesday,16:20,Suspected Serious Injury,Daylight,Clear,Ditch,None,THP District 3 - Nashville,THP,-,-,Drinking,-,-,-,-,-,-,-,-,Motorcyclist,-,Montgomery,Clarksville,4
103327,400464826,0,1,35.7205,-84.00171,1,2026-03-05 15:58:00,2026,3,5,15,58,Thursday,15:58,Suspected Serious Injury,Daylight,Clear,Fence,None,BLOUNT CO SHERIFFS DEPT,Other,Unbelted,-,-,-,-,-,-,-,-,-,-,-,-,Blount,Not in City Limit,5
103331,400464865,1,3,36.03143,-85.04889,6,2026-03-04 16:44:00,2026,3,4,16,44,Wednesday,16:44,Fatal,Daylight,Clear,Motor Vehicle-In-Transport On Same Roadway,Construction Zone,THP District 6 - Cookeville,THP,Unbelted,-,-,Drug,-,-,-,-,-,-,-,-,-,Cumberland,Not in City Limit,4
103334,400464877,0,1,36.15367,-86.85743,3,2026-03-05 00:00:00,2026,3,5,24,0,Thursday,24:00,Suspected Serious Injury,Daylight,Clear,Motor Vehicle-In-Transport On Same Roadway,None,METROPOLITAN NASHVILLE POLICE DEPT,Other,Unbelted,-,-,Drug,-,-,-,-,-,-,-,-,-,Davidson,Nashville,5
103348,400464951,0,1,35.86481,-83.50765,1,2026-03-05 18:03:00,2026,3,5,18,3,Thursday,18:03,Suspected Serious Injury,Daylight,Clear,Guard Rail Face,None,SEVIERVILLE POLICE DEPT,Other,-,-,-,-,-,-,-,-,-,-,-,Motorcyclist,-,Sevier,Sevierville,5
103351,400464968,0,3,35.24239,-88.97649,4,2026-03-04 13:47:00,2026,3,4,13,47,Wednesday,13:47,Suspected Serious Injury,Daylight,Clear,Motor Vehicle-In-Transport On Same Roadway,None,THP District 4 - Memphis,THP,Unbelted,-,-,-,-,-,-,-,-,-,-,-,-,Hardeman,Not in City Limit,4
103356,400465002,0,2,36.6273,-86.56756,3,2026-03-04 00:00:00,2026,3,4,24,0,Wednesday,24:00,Suspected Serious Injury,Dark-Lighted,Clear,Motor Vehicle-In-Transport On Same Roadway,None,PORTLAND POLICE DEPT,Other,Unbelted,-,-,-,-,-,-,-,-,-,-,-,-,Sumner,Portland,4
103361,400465070,0,3,35.9255,-83.99295,1,2026-03-05 19:01:00,2026,3,5,19,1,Thursday,19:01,Suspected Serious Injury,Dark-Lighted,Clear,Motor Vehicle-In-Transport On Same Roadway,None,KNOXVILLE POLICE DEPT,Other,Unbelted,-,Drinking,-,-,-,-,-,-,-,-,-,-,Knox,Knoxville,5
103362,400465074,0,1,35.31312,-86.04868,2,2026-03-05 17:13:00,2026,3,5,17,13,Thursday,17:13,Suspected Serious Injury,Daylight,Clear,Motor Vehicle-In-Transport On Same Roadway,None,FRANKLIN CO SHERIFFS DEPT,Other,Unbelted,-,-,-,-,-,-,-,-,-,-,Motorcyclist,-,Franklin,Not in City Limit,5
103364,400465098,0,1,36.52415,-87.21805,3,2026-03-05 04:23:00,2026,3,5,4,23,Thursday,04:23,Suspected Serious Injury,Dark-Lighted,Clear,Struck an object at rest from or set in motion by other motor vehicle,None,THP District 3 - Nashville,THP,Unbelted,-,-,-,Drowsy,-,-,-,-,-,ATV_Involved,-,-,Montgomery,Clarksville,5
103371,400465185,0,1,35.73608,-83.96568,1,2026-03-06 00:51:00,2026,3,6,0,51,Friday,00:51,Suspected Serious Injury,Dark-Lighted,Clear,Utility Pole,None,MARYVILLE POLICE DEPT,Other,Unbelted,-,Drinking,Drug,-,-,-,-,-,-,-,-,-,Blount,Maryville,6
103383,400465381,1,1,36.13661,-84.10772,1,2026-03-06 06:52:00,2026,3,6,6,52,Friday,06:52,Fatal,Daylight,Clear,Motor Vehicle-In-Transport On Same Roadway,None,CLINTON POLICE DEPT,Other,Unbelted,-,-,-,-,-,-,-,-,-,-,-,-,Anderson,Clinton,6