OBJECTID,MRN,Fatality,Injury,Latitude,Longitude,THP_District,Collision_Date,Collision_Year,Collision_Month,Collision_Day,Collision_Hour,Collision_Min,Collision_DOW,Collision_Time,Crash_Type,Light_Condition,Weather,First_Harmfu_Event,Work_Zone_Type,Agency_Name,THP,Unbelted,Distracted_Driver,Driver_Drinking,Driver_Drugged,Drowsy_Driver,Speeding_Involved,Pedalcyclist,Pedestrian,Other_Nonmotorist,ATV_Involved,LargeTruck_Involved,Motorcycle_Involved,SchoolBus,County,City,DOW_Nmb
103401,400465579,0,1,35.47977,-84.38904,1,2026-03-06 09:55:00,2026,3,6,9,55,Friday,09:55,Suspected Serious Injury,Daylight,Clear,Ditch,None,THP District 1 - Knoxville,THP,Unbelted,-,-,-,-,-,-,-,-,-,-,-,-,Monroe,Not in City Limit,6
103408,400465655,0,2,35.9131,-86.38381,3,2026-03-06 12:24:00,2026,3,6,12,24,Friday,12:24,Suspected Serious Injury,Daylight,Clear,Motor Vehicle-In-Transport On Same Roadway,None,MURFREESBORO POLICE DEPT,Other,Unbelted,-,-,-,-,-,-,-,-,-,-,-,-,Rutherford,Murfreesboro,6
103416,400465700,0,3,35.89237,-83.58071,1,2026-03-06 14:15:00,2026,3,6,14,15,Friday,14:15,Suspected Serious Injury,Daylight,Clear,Motor Vehicle-In-Transport On Same Roadway,None,SEVIERVILLE POLICE DEPT,Other,Unbelted,-,-,-,-,-,-,-,-,-,-,-,-,Sevier,Sevierville,6
103424,400465798,0,1,35.06965,-86.53756,7,2026-03-04 20:20:00,2026,3,4,20,20,Wednesday,20:20,Suspected Serious Injury,Dark-Not Lighted,Clear,Ditch,None,THP District 7 - Lawrenceburg,THP,Unbelted,-,-,-,-,Speeding,-,-,-,-,-,-,-,Lincoln,Not in City Limit,4
103443,400465942,0,1,36.0078,-83.9683,1,2026-03-06 18:00:00,2026,3,6,18,0,Friday,18:00,Suspected Serious Injury,Dusk,Clear,Motor Vehicle-In-Transport On Same Roadway,None,KNOXVILLE POLICE DEPT,Other,Unbelted,-,-,-,-,-,-,-,-,-,-,Motorcyclist,-,Knox,Knoxville,6
103448,400465975,1,0,36.42731,-84.92414,6,2026-03-06 18:35:00,2026,3,6,18,35,Friday,18:35,Fatal,Dark-Lighted,Clear,Motor Vehicle-In-Transport On Same Roadway,None,THP District 6 - Cookeville,THP,Unbelted,-,-,-,-,-,-,-,-,-,-,-,-,Fentress,Jamestown,6
103453,400466003,0,1,36.18212,-82.74744,5,2026-03-06 19:45:00,2026,3,6,19,45,Friday,19:45,Suspected Serious Injury,Dark-Lighted,Clear,Motor Vehicle-In-Transport On Same Roadway,None,THP District 5 - Fall Branch,THP,Unbelted,Distracted,-,-,-,-,-,-,-,-,-,Motorcyclist,-,Greene,Tusculum,6
103467,400466106,0,1,36.3156,-84.15034,1,2026-03-06 18:48:00,2026,3,6,18,48,Friday,18:48,Suspected Serious Injury,Dark-Not Lighted,Clear,Standing Tree,None,THP District 1 - Knoxville,THP,Unbelted,-,-,-,-,-,-,-,-,-,-,-,-,Campbell,Not in City Limit,6
103471,400466142,0,1,35.94535,-83.98192,1,2026-03-06 21:05:00,2026,3,6,21,5,Friday,21:05,Suspected Serious Injury,Dark-Lighted,Clear,Pedestrian,None,KNOXVILLE POLICE DEPT,Other,Unbelted,-,-,-,-,-,-,Pedestrian,-,-,-,-,-,Knox,Knoxville,6
103496,400466429,0,3,35.31159,-87.51929,7,2026-03-07 08:40:00,2026,3,7,8,40,Saturday,08:40,Suspected Serious Injury,Daylight,Cloudy,Motor Vehicle-In-Transport On Same Roadway,None,THP District 7 - Lawrenceburg,THP,Unbelted,-,-,-,-,-,-,-,-,-,-,-,-,Lawrence,Not in City Limit,7
103499,400466458,0,1,36.29801,-86.61444,3,2026-03-07 00:10:00,2026,3,7,0,10,Saturday,00:10,Suspected Serious Injury,Dark-Lighted,Clear,Curb,None,HENDERSONVILLE POLICE DEPT,Other,-,-,Drinking,Drug,-,-,-,-,-,-,-,Motorcyclist,-,Sumner,Hendersonville,7
103521,400466673,0,1,35.65891,-84.72516,2,2026-03-06 19:44:00,2026,3,6,19,44,Friday,19:44,Suspected Serious Injury,Dusk,Clear,Embankment Earth,None,THP District 2 - Chattanooga,THP,Unbelted,-,Drinking,Drug,-,-,-,-,-,-,-,-,-,Meigs,Not in City Limit,6
103536,400466814,0,1,34.99389,-84.73683,2,2026-03-06 00:00:00,2026,3,6,0,0,Friday,00:00,Suspected Serious Injury,Dark-Not Lighted,Clear,Motor Vehicle-In-Transport On Same Roadway,None,THP District 2 - Chattanooga,THP,Unbelted,-,Drinking,-,-,-,-,-,-,-,ATV_Involved,-,-,Polk,Not in City Limit,6
103556,400466975,0,1,36.077,-84.10195,1,2026-03-07 17:35:00,2026,3,7,17,35,Saturday,17:35,Suspected Serious Injury,Daylight,Clear,Culvert,None,THP District 1 - Knoxville,THP,-,-,-,-,-,-,-,-,-,-,-,Motorcyclist,-,Anderson,Not in City Limit,7
103568,400467055,0,1,35.86132,-83.27645,5,2026-03-08 03:18:00,2026,3,8,3,18,Sunday,03:18,Suspected Serious Injury,Dark-Not Lighted,Clear,Injured In Vehicle,None,COCKE CO SHERIFFS DEPT,Other,Unbelted,-,-,-,-,-,-,-,-,-,-,-,-,Cocke,Not in City Limit,1
103571,400467083,0,1,36.16745,-86.77707,3,2026-03-08 00:00:00,2026,3,8,24,0,Sunday,24:00,Suspected Serious Injury,Dark-Lighted,Clear,Pedestrian,None,METROPOLITAN NASHVILLE POLICE DEPT,Other,-,-,-,-,-,-,-,Pedestrian,-,-,-,-,-,Davidson,Nashville,1
103577,400467165,0,1,35.28411,-85.79075,2,2026-03-07 00:00:00,2026,3,7,24,0,Saturday,24:00,Suspected Serious Injury,Daylight,Cloudy,"Over Turn, Roll Over",None,GRUNDY CO SHERIFFS OFFICE,Other,Unbelted,-,-,-,-,-,-,-,-,-,-,-,-,Grundy,Not in City Limit,7
103579,400467178,0,6,36.43249,-83.61717,5,2026-03-07 08:30:00,2026,3,7,8,30,Saturday,08:30,Suspected Serious Injury,Daylight,Clear,Motor Vehicle-In-Transport On Same Roadway,None,NEW TAZEWELL POLICE DEPT,Other,Unbelted,-,-,-,-,-,-,-,-,-,-,-,-,Claiborne,New Tazewell,7
103587,400467272,0,2,35.63734,-88.2206,8,2026-03-06 11:10:00,2026,3,6,11,10,Friday,11:10,Suspected Serious Injury,Daylight,Clear,"Over Turn, Roll Over",None,THP District 8 - Jackson,THP,-,-,-,-,-,-,-,-,-,-,-,Motorcyclist,-,Henderson,Not in City Limit,6
103588,400467273,1,0,35.62743,-84.48599,1,2026-03-06 11:26:00,2026,3,6,11,26,Friday,11:26,Fatal,Daylight,Clear,Fell/Jumped From Vehicle,None,THP District 1 - Knoxville,THP,-,-,-,-,-,-,-,-,-,-,-,Motorcyclist,-,Monroe,Not in City Limit,6
103592,400467318,0,1,35.88414,-83.79163,1,2026-03-08 12:42:00,2026,3,8,12,42,Sunday,12:42,Suspected Serious Injury,Daylight,Cloudy,Motor Vehicle-In-Transport On Same Roadway,None,THP District 1 - Knoxville,THP,Unbelted,-,-,-,-,-,-,-,-,-,-,-,-,Blount,Not in City Limit,1
103607,400467485,0,5,36.38633,-84.11558,1,2026-03-08 00:00:00,2026,3,8,24,0,Sunday,24:00,Suspected Serious Injury,Daylight,Clear,Motor Vehicle-In-Transport On Same Roadway,None,LAFOLLETTE POLICE DEPT,Other,Unbelted,-,-,-,-,-,-,-,-,-,-,-,-,Campbell,LaFollette,1
103619,400467635,0,3,35.91375,-86.3984,3,2026-03-08 19:54:00,2026,3,8,19,54,Sunday,19:54,Suspected Serious Injury,Dark-Lighted,Clear,"Over Turn, Roll Over",None,MURFREESBORO POLICE DEPT,Other,-,-,-,-,-,-,-,-,-,-,-,-,-,Rutherford,Murfreesboro,1
103625,400467688,0,1,36.23358,-86.15248,3,2026-03-08 22:57:00,2026,3,8,22,57,Sunday,22:57,Suspected Serious Injury,Dark-Not Lighted,Fog,Standing Tree,None,THP District 3 - Nashville,THP,Unbelted,-,-,-,-,-,-,-,-,-,-,-,-,Wilson,Not in City Limit,1
103629,400467721,0,1,35.8399,-86.35955,3,2026-03-09 00:25:00,2026,3,9,0,25,Monday,00:25,Suspected Serious Injury,Dark-Lighted,Fog,Guard Rail Face,None,MURFREESBORO POLICE DEPT,Other,-,-,-,-,-,Speeding,-,-,-,-,-,Motorcyclist,-,Rutherford,Murfreesboro,2
103633,400467732,0,1,35.73281,-86.95492,7,2026-03-09 03:41:00,2026,3,9,3,41,Monday,03:41,Suspected Serious Injury,Dark-Not Lighted,Fog,Motor Vehicle-In-Transport On Same Roadway,None,SPRING HILL POLICE DEPT,Other,Unbelted,-,-,-,-,-,-,-,-,-,ATV_Involved,-,-,Maury,Spring Hill,2
103651,400467872,0,2,35.36104,-84.73224,2,2026-03-09 07:30:00,2026,3,9,7,30,Monday,07:30,Suspected Serious Injury,Dawn,Fog,Motor Vehicle-In-Transport On Same Roadway,None,THP District 2 - Chattanooga,THP,Unbelted,-,-,-,-,-,-,-,-,-,-,-,-,McMinn,Not in City Limit,2
103659,400467961,0,2,35.92186,-83.61352,1,2026-03-09 08:10:00,2026,3,9,8,10,Monday,08:10,Suspected Serious Injury,Daylight,Fog,Motor Vehicle-In-Transport On Same Roadway,None,THP District 1 - Knoxville,THP,Unbelted,-,-,-,-,-,-,-,-,-,-,-,-,Sevier,Not in City Limit,2
103672,400468120,0,1,36.3878,-85.57425,6,2026-03-09 00:00:00,2026,3,9,24,0,Monday,24:00,Suspected Serious Injury,Daylight,Clear,Standing Tree,None,THP District 6 - Cookeville,THP,Unbelted,-,-,-,-,-,-,-,-,-,-,-,-,Jackson,Not in City Limit,2
103677,400468154,0,1,36.27056,-83.2841,5,2026-03-09 15:44:00,2026,3,9,15,44,Monday,15:44,Suspected Serious Injury,Daylight,Clear,Motor Vehicle-In-Transport On Same Roadway,None,THP District 5 - Fall Branch,THP,Unbelted,-,-,-,-,-,-,-,-,-,-,-,Direct,Grainger,Bean Station,2
103684,400468259,0,2,35.63583,-88.83951,8,2026-03-09 17:22:00,2026,3,9,17,22,Monday,17:22,Suspected Serious Injury,Daylight,Rain,Motor Vehicle-In-Transport On Same Roadway,None,JACKSON POLICE DEPT,Other,Unbelted,-,-,-,-,-,-,-,-,-,-,-,-,Madison,Jackson,2
103694,400468324,0,2,35.91235,-86.50676,3,2026-03-09 01:59:00,2026,3,9,1,59,Monday,01:59,Suspected Serious Injury,Dark-Lighted,Fog,Motor Vehicle-In-Transport On Same Roadway,None,THP District 3 - Nashville,THP,Unbelted,-,-,-,Drowsy,-,-,Pedestrian,-,-,-,-,-,Rutherford,Not in City Limit,2
103696,400468335,0,1,35.72845,-84.75457,2,2026-03-09 18:20:00,2026,3,9,18,20,Monday,18:20,Suspected Serious Injury,Daylight,Clear,Pedestrian,None,THP District 2 - Chattanooga,THP,Unbelted,-,-,-,Drowsy,-,Pedalcyclist,-,-,-,-,-,-,Rhea,Not in City Limit,2
103710,400468421,0,3,36.14232,-86.6813,3,2026-03-09 21:56:00,2026,3,9,21,56,Monday,21:56,Suspected Serious Injury,Dark-Lighted,Clear,Motor Vehicle-In-Transport On Same Roadway,None,METROPOLITAN NASHVILLE POLICE DEPT,Other,Unbelted,-,-,-,-,-,-,-,-,-,-,-,-,Davidson,Nashville,2
103712,400468429,0,1,36.15795,-86.78431,3,2026-03-09 18:49:00,2026,3,9,18,49,Monday,18:49,Suspected Serious Injury,Dark-Lighted,Clear,Motor Vehicle-In-Transport On Same Roadway,None,METROPOLITAN NASHVILLE POLICE DEPT,Other,Unbelted,-,-,-,-,-,-,-,-,-,-,Motorcyclist,-,Davidson,Nashville,2
103719,400468466,0,1,34.98907,-85.20794,2,2026-03-09 19:43:00,2026,3,9,19,43,Monday,19:43,Suspected Serious Injury,Dark-Lighted,Rain,Pedestrian,None,EAST RIDGE POLICE DEPT,Other,Unbelted,-,-,-,-,-,-,Pedestrian,-,-,-,-,-,Hamilton,East Ridge,2
103725,400468494,0,3,36.01831,-86.62504,3,2026-03-09 22:04:00,2026,3,9,22,4,Monday,22:04,Suspected Serious Injury,Dark-Lighted,Clear,Motor Vehicle-In-Transport On Same Roadway,None,METROPOLITAN NASHVILLE POLICE DEPT,Other,Unbelted,-,Drinking,-,-,-,-,-,-,-,-,-,-,Davidson,Nashville,2
103729,400468546,0,1,35.17217,-86.07423,2,2026-03-09 17:00:00,2026,3,9,17,0,Monday,17:00,Suspected Serious Injury,Daylight,Rain,Motor Vehicle-In-Transport On Same Roadway,None,WINCHESTER POLICE DEPT,Other,Unbelted,-,-,-,-,-,-,-,-,-,-,-,-,Franklin,Winchester,2
103736,400468609,0,1,36.10547,-83.39945,5,2026-03-06 15:31:00,2026,3,6,15,31,Friday,15:31,Suspected Serious Injury,Daylight,Clear,Motor Vehicle-In-Transport On Same Roadway,None,THP District 5 - Fall Branch,THP,Unbelted,-,-,-,-,-,-,-,-,-,-,-,-,Jefferson,Not in City Limit,6
103738,400468661,0,3,36.03819,-88.23991,8,2026-03-09 19:29:00,2026,3,9,19,29,Monday,19:29,Suspected Serious Injury,Dark-Not Lighted,Clear,Motor Vehicle-In-Transport On Same Roadway,None,BRUCETON POLICE DEPT,Other,Unbelted,Distracted,-,-,-,-,-,-,-,-,-,-,-,Carroll,Bruceton,2
103739,400468677,1,3,35.43753,-85.94789,2,2026-03-06 11:35:00,2026,3,6,11,35,Friday,11:35,Fatal,Daylight,Clear,Motor Vehicle-In-Transport On Same Roadway,None,THP District 2 - Chattanooga,THP,Unbelted,-,-,-,-,-,-,-,-,-,-,-,-,Coffee,Not in City Limit,6
103742,400468706,1,1,35.919,-85.04871,6,2026-03-10 11:14:00,2026,3,10,11,14,Tuesday,11:14,Fatal,Daylight,Rain,Motor Vehicle-In-Transport On Same Roadway,None,CROSSVILLE POLICE DEPT,Other,Unbelted,-,-,-,-,-,-,-,-,-,-,-,-,Cumberland,Crossville,3
103758,400468857,0,1,36.03604,-83.93233,1,2026-03-10 10:49:00,2026,3,10,10,49,Tuesday,10:49,Suspected Serious Injury,Daylight,Rain,Pedestrian,None,KNOXVILLE POLICE DEPT,Other,Unbelted,-,-,-,-,-,-,Pedestrian,-,-,-,-,-,Knox,Knoxville,3
103764,400468897,1,0,36.15328,-85.25834,6,2026-03-09 19:00:00,2026,3,9,19,0,Monday,19:00,Fatal,Dark-Lighted,Clear,Ditch,None,THP District 6 - Cookeville,THP,Unbelted,-,-,Drug,-,-,-,-,-,-,-,-,-,Putnam,Monterey,2
103767,400468931,0,2,36.00955,-83.83952,1,2026-03-10 13:44:00,2026,3,10,13,44,Tuesday,13:44,Suspected Serious Injury,Daylight,Cloudy,Motor Vehicle-In-Transport On Same Roadway,None,KNOXVILLE POLICE DEPT,Other,Unbelted,-,-,-,-,-,-,-,-,-,ATV_Involved,-,-,Knox,Knoxville,3
103780,400469013,0,1,36.30971,-82.26797,5,2026-03-10 14:22:00,2026,3,10,14,22,Tuesday,14:22,Suspected Serious Injury,,Cloudy,Standing Tree,None,THP District 5 - Fall Branch,THP,Unbelted,-,-,-,-,-,-,-,-,-,-,-,-,Carter,Not in City Limit,3
103799,400469147,0,2,35.71372,-84.06456,1,2026-03-10 15:53:00,2026,3,10,15,53,Tuesday,15:53,Suspected Serious Injury,Daylight,Cloudy,Motor Vehicle-In-Transport On Same Roadway,None,BLOUNT CO SHERIFFS DEPT,Other,Unbelted,-,Drinking,Drug,-,-,-,-,-,-,-,-,-,Blount,Not in City Limit,3
103802,400469173,1,0,35.36271,-89.76837,4,2026-03-06 04:00:00,2026,3,6,4,0,Friday,04:00,Fatal,Dark-Not Lighted,Clear,Highway Traffic Sign Post,Construction Zone,THP District 4 - Memphis,THP,Unbelted,-,-,-,-,-,-,-,-,-,-,-,-,Shelby,Not in City Limit,6
103804,400469183,0,1,35.50109,-86.06051,2,2026-03-10 00:00:00,2026,3,10,24,0,Tuesday,24:00,Suspected Serious Injury,Daylight,Clear,Curb,None,COFFEE CO SHERIFFS DEPT,Other,Unbelted,-,Drinking,-,-,-,-,-,-,-,-,-,-,Coffee,Manchester,3
103809,400469217,0,1,35.93457,-84.55306,1,2026-03-11 05:40:00,2026,3,11,5,40,Wednesday,05:40,Suspected Serious Injury,Dark-Not Lighted,Clear,Motor Vehicle-In-Transport On Same Roadway,None,HARRIMAN POLICE DEPT,Other,Unbelted,Distracted,-,-,-,-,-,-,-,-,-,Motorcyclist,-,Roane,Harriman,4
103821,400469326,0,1,35.12693,-85.02936,2,2026-03-09 22:25:00,2026,3,9,22,25,Monday,22:25,Suspected Serious Injury,Dark-Not Lighted,Cloudy,Motor Vehicle-In-Transport On Same Roadway,None,THP District 2 - Chattanooga,THP,Unbelted,-,-,-,-,-,-,-,-,-,ATV_Involved,-,-,Hamilton,Not in City Limit,2
103827,400469387,1,1,35.97425,-86.40151,3,2026-03-11 05:17:00,2026,3,11,5,17,Wednesday,05:17,Fatal,Dark-Not Lighted,Rain,Pedestrian,None,THP District 3 - Nashville,THP,Unbelted,-,-,-,-,-,-,Pedestrian,-,-,-,-,-,Rutherford,Murfreesboro,4
103844,400469543,0,1,36.48507,-83.58755,5,2026-03-03 13:38:00,2026,3,3,13,38,Tuesday,13:38,Suspected Serious Injury,Daylight,Clear,"Over Turn, Roll Over",None,TAZEWELL POLICE DEPT,Other,-,-,-,-,-,-,-,-,-,-,-,Motorcyclist,-,Claiborne,Tazewell,3
103859,400469720,0,1,35.63518,-84.31085,1,2026-03-07 00:00:00,2026,3,7,24,0,Saturday,24:00,Suspected Serious Injury,Dark-Not Lighted,Rain,Guard Rail Face,None,MONROE CO SHERIFFS DEPT,Other,Unbelted,-,-,-,-,-,-,-,-,-,-,-,-,Monroe,Not in City Limit,7
103862,400469784,0,4,35.96288,-83.94828,1,2026-03-11 18:52:00,2026,3,11,18,52,Wednesday,18:52,Suspected Serious Injury,Daylight,Clear,Motor Vehicle-In-Transport On Same Roadway,None,KNOXVILLE POLICE DEPT,Other,Unbelted,-,-,-,-,-,-,-,-,-,-,-,-,Knox,Knoxville,4
103866,400469807,0,1,36.46804,-86.56438,3,2026-03-11 00:00:00,2026,3,11,24,0,Wednesday,24:00,Suspected Serious Injury,Dark-Not Lighted,Rain,Ditch,None,THP District 3 - Nashville,THP,Unbelted,Distracted,-,-,-,-,-,-,-,-,-,-,-,Sumner,Not in City Limit,4
103891,400470034,1,0,35.13362,-84.75247,2,2026-03-11 06:38:00,2026,3,11,6,38,Wednesday,06:38,Fatal,Dark-Not Lighted,Clear,Pedestrian,None,BRADLEY CO SHERIFFS DEPT,Other,Unbelted,-,-,-,-,-,-,Pedestrian,-,-,-,-,-,Bradley,Not in City Limit,4
103897,400470126,0,1,36.28044,-84.20842,1,2026-03-12 09:55:00,2026,3,12,9,55,Thursday,09:55,Suspected Serious Injury,Daylight,Clear,Motor Vehicle-In-Transport On Same Roadway,None,THP District 1 - Knoxville,THP,Unbelted,-,-,-,-,-,-,-,-,-,-,-,-,Campbell,Not in City Limit,5
103901,400470216,0,1,35.00606,-86.84769,7,2026-03-12 10:30:00,2026,3,12,10,30,Thursday,10:30,Suspected Serious Injury,Daylight,Clear,Ditch,None,ARDMORE POLICE DEPT,Other,Unbelted,-,-,-,-,-,-,-,-,-,-,-,-,Giles,Ardmore,5
103905,400470319,0,2,35.68705,-85.76443,6,2026-03-12 12:41:00,2026,3,12,12,41,Thursday,12:41,Suspected Serious Injury,Daylight,Clear,Motor Vehicle-In-Transport On Same Roadway,None,THP District 6 - Cookeville,THP,Unbelted,Distracted,-,-,-,-,-,-,-,-,-,-,-,Warren,McMinnville,5
103914,400470454,1,0,36.19082,-86.77634,3,2026-03-11 19:34:00,2026,3,11,19,34,Wednesday,19:34,Fatal,Dark-Lighted,Rain,Pedestrian,None,METROPOLITAN NASHVILLE POLICE DEPT,Other,Unbelted,-,-,-,-,-,-,Pedestrian,-,-,-,-,-,Davidson,Nashville,4
103918,400470500,0,3,35.84837,-89.4121,4,2026-03-11 17:36:00,2026,3,11,17,36,Wednesday,17:36,Suspected Serious Injury,Dusk,Clear,Motor Vehicle-In-Transport On Same Roadway,None,THP District 4 - Memphis,THP,Unbelted,-,-,-,-,-,-,-,-,-,-,-,-,Lauderdale,Not in City Limit,4
103919,400470504,0,1,36.22058,-82.79051,5,2026-03-12 16:29:00,2026,3,12,16,29,Thursday,16:29,Suspected Serious Injury,Daylight,Clear,Ditch,None,THP District 5 - Fall Branch,THP,Unbelted,-,-,-,-,Speeding,-,-,-,-,-,-,-,Greene,Not in City Limit,5
103926,400470545,0,3,36.13061,-86.72695,3,2026-03-12 15:50:00,2026,3,12,15,50,Thursday,15:50,Suspected Serious Injury,Daylight,Clear,Motor Vehicle-In-Transport On Same Roadway,None,METROPOLITAN NASHVILLE POLICE DEPT,Other,Unbelted,-,-,-,-,-,-,-,-,-,-,Motorcyclist,-,Davidson,Nashville,5
103935,400470674,0,1,35.53122,-84.61001,2,2026-03-03 19:25:00,2026,3,3,19,25,Tuesday,19:25,Suspected Serious Injury,Dark-Not Lighted,Clear,"Over Turn, Roll Over",None,THP District 2 - Chattanooga,THP,Unbelted,-,-,-,-,-,-,-,-,-,-,-,-,McMinn,Not in City Limit,3
103939,400470718,0,3,35.62974,-87.02542,7,2026-03-12 19:45:00,2026,3,12,19,45,Thursday,19:45,Suspected Serious Injury,Dark-Lighted,Clear,Motor Vehicle-In-Transport On Same Roadway,None,COLUMBIA POLICE DEPT,Other,Unbelted,-,-,-,-,-,-,-,-,-,-,-,-,Maury,Columbia,5
103979,400471186,0,2,35.7085,-88.85521,8,2026-03-13 06:51:00,2026,3,13,6,51,Friday,06:51,Suspected Serious Injury,Daylight,Clear,Motor Vehicle-In-Transport On Same Roadway,None,JACKSON POLICE DEPT,Other,Unbelted,-,-,-,-,-,-,-,-,-,-,-,-,Madison,Jackson,6
103984,400471302,0,2,36.41205,-82.26203,5,2026-03-13 12:20:00,2026,3,13,12,20,Friday,12:20,Suspected Serious Injury,Daylight,Clear,Motor Vehicle-In-Transport On Same Roadway,None,THP District 5 - Fall Branch,THP,Unbelted,-,-,-,-,-,-,-,-,-,-,-,-,Carter,Not in City Limit,6
103996,400471417,1,3,35.22662,-88.29446,8,2026-03-12 20:25:00,2026,3,12,20,25,Thursday,20:25,Fatal,Dark-Not Lighted,Clear,Motor Vehicle-In-Transport On Same Roadway,None,THP District 8 - Jackson,THP,Unbelted,-,Drinking,Drug,-,-,-,Pedestrian,-,-,-,-,-,Hardin,Not in City Limit,5
103999,400471458,0,1,36.12852,-86.81611,3,2026-03-12 22:37:00,2026,3,12,22,37,Thursday,22:37,Suspected Serious Injury,Dark-Lighted,Clear,Guard Rail Face,None,METROPOLITAN NASHVILLE POLICE DEPT,Other,-,-,-,-,-,Speeding,-,-,-,-,-,Motorcyclist,-,Davidson,Nashville,5
104002,400471483,0,5,35.99099,-83.57373,1,2026-03-13 12:25:00,2026,3,13,12,25,Friday,12:25,Suspected Serious Injury,Daylight,Clear,Motor Vehicle-In-Transport On Same Roadway,None,THP District 1 - Knoxville,THP,Unbelted,-,-,-,-,-,-,-,-,-,-,-,-,Sevier,Sevierville,6
104005,400471550,0,1,36.20983,-86.83918,3,2026-03-13 15:21:00,2026,3,13,15,21,Friday,15:21,Suspected Serious Injury,Daylight,Clear,Motor Vehicle-In-Transport On Same Roadway,None,METROPOLITAN NASHVILLE POLICE DEPT,Other,Unbelted,-,-,-,-,-,-,-,-,-,-,Motorcyclist,-,Davidson,Nashville,6
104012,400471621,0,3,35.71605,-84.01616,1,2026-03-13 17:27:00,2026,3,13,17,27,Friday,17:27,Suspected Serious Injury,Daylight,Clear,Motor Vehicle-In-Transport On Same Roadway,None,MARYVILLE POLICE DEPT,Other,Unbelted,-,-,-,-,-,-,-,-,-,ATV_Involved,-,-,Blount,Maryville,6
104035,400471937,0,1,35.25146,-89.68583,4,2026-03-13 21:06:00,2026,3,13,21,6,Friday,21:06,Suspected Serious Injury,Dark-Not Lighted,Clear,Motor Vehicle-In-Transport On Same Roadway,None,THP District 4 - Memphis,THP,Unbelted,-,-,-,-,-,-,-,-,-,-,-,-,Shelby,Arlington,6
104036,400471940,0,1,35.67556,-88.80104,8,2026-03-13 19:35:00,2026,3,13,19,35,Friday,19:35,Suspected Serious Injury,Dark-Lighted,Clear,Motor Vehicle-In-Transport On Same Roadway,None,THP District 8 - Jackson,THP,Unbelted,-,-,-,-,-,-,-,-,-,ATV_Involved,-,-,Madison,Jackson,6
104039,400471962,0,1,35.29963,-84.64464,2,2026-03-13 20:45:00,2026,3,13,20,45,Friday,20:45,Suspected Serious Injury,Dark-Not Lighted,Clear,Embankment Earth,None,THP District 2 - Chattanooga,THP,-,-,Drinking,Drug,-,-,-,-,-,-,-,-,-,McMinn,Not in City Limit,6
104052,400472102,0,3,35.98883,-83.13325,5,2026-03-13 15:00:00,2026,3,13,15,0,Friday,15:00,Suspected Serious Injury,Daylight,Clear,Motor Vehicle-In-Transport On Same Roadway,None,THP District 5 - Fall Branch,THP,Unbelted,-,-,-,-,-,-,-,-,-,-,-,-,Cocke,Not in City Limit,6
104059,400472315,0,1,36.26653,-87.98547,8,2026-03-14 05:27:00,2026,3,14,5,27,Saturday,05:27,Suspected Serious Injury,Dark-Not Lighted,Clear,Utility Pole,None,THP District 8 - Jackson,THP,Unbelted,-,-,-,-,-,-,-,-,-,-,-,-,Benton,Not in City Limit,7
104067,400472467,0,5,35.24472,-84.89557,2,2026-03-14 13:19:00,2026,3,14,13,19,Saturday,13:19,Suspected Serious Injury,Daylight,Clear,Motor Vehicle-In-Transport On Same Roadway,None,THP District 2 - Chattanooga,THP,Unbelted,Distracted,-,-,-,-,-,-,-,-,-,-,-,Bradley,Not in City Limit,7
104070,400472491,0,2,36.2726,-83.24337,5,2026-03-13 17:20:00,2026,3,13,17,20,Friday,17:20,Suspected Serious Injury,Daylight,Clear,Guard Rail Face,None,THP District 5 - Fall Branch,THP,Unbelted,-,-,-,-,Speeding,-,-,-,-,-,-,-,Hamblen,Not in City Limit,6
104073,400472508,0,1,36.64125,-87.15861,3,2026-03-09 22:38:00,2026,3,9,22,38,Monday,22:38,Suspected Serious Injury,Dark-Lighted,Clear,"Over Turn, Roll Over",None,THP District 3 - Nashville,THP,Unbelted,-,-,-,-,Speeding,-,-,-,-,-,-,-,Montgomery,Not in City Limit,2
104080,400472631,0,3,35.55852,-87.53134,7,2026-03-14 15:58:00,2026,3,14,15,58,Saturday,15:58,Suspected Serious Injury,Daylight,Clear,Motor Vehicle-In-Transport On Same Roadway,None,HOHENWALD POLICE DEPT,Other,Unbelted,-,-,Drug,-,-,-,-,-,-,-,-,-,Lewis,Hohenwald,7
104081,400472649,0,2,36.13722,-84.04117,1,2026-03-14 00:00:00,2026,3,14,24,0,Saturday,24:00,Suspected Serious Injury,Daylight,Clear,Other Non-Collision,None,THP District 1 - Knoxville,THP,-,-,-,-,-,-,-,-,-,-,-,Motorcyclist,-,Anderson,Not in City Limit,7
104082,400472651,0,1,36.04546,-84.00541,1,2026-03-14 17:23:00,2026,3,14,17,23,Saturday,17:23,Suspected Serious Injury,Daylight,Clear,Motor Vehicle-In-Transport On Same Roadway,None,THP District 1 - Knoxville,THP,Unbelted,-,-,-,-,-,-,-,-,-,-,Motorcyclist,-,Knox,Not in City Limit,7