OBJECTID,MRN,Fatality,Injury,Latitude,Longitude,THP_District,Collision_Date,Collision_Year,Collision_Month,Collision_Day,Collision_Hour,Collision_Min,Collision_DOW,Collision_Time,Crash_Type,Light_Condition,Weather,First_Harmfu_Event,Work_Zone_Type,Agency_Name,THP,Unbelted,Distracted_Driver,Driver_Drinking,Driver_Drugged,Drowsy_Driver,Speeding_Involved,Pedalcyclist,Pedestrian,Other_Nonmotorist,ATV_Involved,LargeTruck_Involved,Motorcycle_Involved,SchoolBus,County,City,DOW_Nmb
104088,400472685,0,1,35.21346,-85.11942,2,2026-03-14 17:35:00,2026,3,14,17,35,Saturday,17:35,Suspected Serious Injury,Daylight,Clear,Motor Vehicle-In-Transport On Same Roadway,None,HAMILTON COUNTY SHERIFF'S OFFICE,Other,Unbelted,Distracted,-,-,-,-,-,-,-,-,-,Motorcyclist,-,Hamilton,Not in City Limit,7
104096,400472764,0,2,36.16134,-86.59713,3,2026-03-14 21:20:00,2026,3,14,21,20,Saturday,21:20,Suspected Serious Injury,Dark-Lighted,Clear,Motor Vehicle-In-Transport On Same Roadway,None,METROPOLITAN NASHVILLE POLICE DEPT,Other,Unbelted,-,-,-,-,-,-,-,-,-,-,-,-,Davidson,Nashville,7
104097,400472773,1,0,36.17918,-82.26228,5,2026-03-14 18:25:00,2026,3,14,18,25,Saturday,18:25,Fatal,Daylight,Clear,Other Fixed Object,None,THP District 5 - Fall Branch,THP,Unbelted,-,Drinking,Drug,-,-,-,-,-,-,-,-,-,Unicoi,Not in City Limit,7
104108,400472848,0,1,36.20212,-86.77686,3,2026-03-15 00:30:00,2026,3,15,0,30,Sunday,00:30,Suspected Serious Injury,Dark-Lighted,Clear,Motor Vehicle-In-Transport On Same Roadway,None,METROPOLITAN NASHVILLE POLICE DEPT,Other,Unbelted,-,-,-,-,-,-,-,-,-,-,Motorcyclist,-,Davidson,Nashville,1
104113,400472881,0,2,36.59584,-81.75315,5,2026-03-15 01:46:00,2026,3,15,1,46,Sunday,01:46,Suspected Serious Injury,Dark-Not Lighted,Clear,Embankment Earth,None,THP District 5 - Fall Branch,THP,Unbelted,-,-,-,-,-,-,-,-,-,-,-,-,Johnson,Not in City Limit,1
104124,400473015,0,3,35.10531,-85.74175,2,2026-03-14 10:23:00,2026,3,14,10,23,Saturday,10:23,Suspected Serious Injury,Daylight,Clear,Motor Vehicle-In-Transport On Same Roadway,None,THP District 2 - Chattanooga,THP,Unbelted,-,-,-,-,-,-,-,-,-,ATV_Involved,-,-,Marion,Not in City Limit,7
104127,400473064,0,1,35.78656,-86.41301,3,2026-03-15 08:25:00,2026,3,15,8,25,Sunday,08:25,Suspected Serious Injury,Daylight,Cloudy,Non-Motorist Personal Conveyance,None,MURFREESBORO POLICE DEPT,Other,Unbelted,-,-,-,-,-,Pedalcyclist,-,-,-,-,-,-,Rutherford,Murfreesboro,1
104128,400473072,0,2,35.81345,-88.89095,8,2026-03-14 15:10:00,2026,3,14,15,10,Saturday,15:10,Suspected Serious Injury,Daylight,Clear,Motor Vehicle-In-Transport On Same Roadway,None,HUMBOLDT POLICE DEPT,Other,Unbelted,-,-,-,-,-,-,-,-,-,-,-,-,Gibson,Humboldt,7
104129,400473080,0,1,36.51052,-86.6562,3,2026-03-13 12:40:00,2026,3,13,12,40,Friday,12:40,Suspected Serious Injury,Daylight,Clear,Motor Vehicle-In-Transport On Same Roadway,None,THP District 3 - Nashville,THP,Unbelted,-,-,-,-,-,-,-,-,-,ATV_Involved,-,-,Robertson,Not in City Limit,6
104133,400473133,1,0,36.13564,-85.55749,6,2026-03-14 00:00:00,2026,3,14,24,0,Saturday,24:00,Fatal,Dark-Not Lighted,Clear,Pedestrian,None,THP District 6 - Cookeville,THP,Unbelted,Distracted,-,-,-,-,-,Pedestrian,-,-,-,-,-,Putnam,Not in City Limit,7
104139,400473198,0,3,36.14189,-86.6393,3,2026-03-15 12:11:00,2026,3,15,12,11,Sunday,12:11,Suspected Serious Injury,Daylight,Clear,Motor Vehicle-In-Transport On Same Roadway,None,METROPOLITAN NASHVILLE POLICE DEPT,Other,Unbelted,Distracted,-,-,-,-,-,-,-,-,-,-,-,Davidson,Nashville,1
104144,400473291,0,3,36.14,-85.29146,6,2026-03-15 12:41:00,2026,3,15,12,41,Sunday,12:41,Suspected Serious Injury,Daylight,Clear,Motor Vehicle-In-Transport On Same Roadway,None,THP District 6 - Cookeville,THP,Unbelted,-,-,-,-,-,-,-,-,-,ATV_Involved,-,-,Putnam,Not in City Limit,1
104147,400473372,0,1,35.38493,-86.22745,2,2026-03-14 15:21:00,2026,3,14,15,21,Saturday,15:21,Suspected Serious Injury,Daylight,Clear,Utility Pole,None,TULLAHOMA POLICE DEPT,Other,Unbelted,-,Drinking,Drug,-,Speeding,-,-,-,-,-,-,-,Coffee,Tullahoma,7
104153,400473440,2,1,36.08942,-86.70254,3,2026-03-08 20:31:00,2026,3,8,20,31,Sunday,20:31,Fatal,Dark-Lighted,Clear,Motor Vehicle-In-Transport On Same Roadway,None,THP District 3 - Nashville,THP,Unbelted,-,-,-,-,-,-,-,-,-,-,-,-,Davidson,Not in City Limit,1
104160,400473508,0,2,36.36913,-88.11794,8,2026-03-14 19:25:00,2026,3,14,19,25,Saturday,19:25,Suspected Serious Injury,Dark-Not Lighted,Clear,Parked Motor Vehicle,None,THP District 8 - Jackson,THP,-,-,Drinking,Drug,-,-,-,Pedestrian,-,-,-,-,-,Henry,Not in City Limit,7
104168,400473566,0,1,35.85254,-86.89695,3,2026-03-15 16:53:00,2026,3,15,16,53,Sunday,16:53,Suspected Serious Injury,Daylight,Clear,"Over Turn, Roll Over",None,THP District 3 - Nashville,THP,-,-,-,-,-,-,-,-,-,-,-,Motorcyclist,-,Williamson,Franklin,1
104180,400473621,0,1,36.13423,-86.7791,3,2026-03-15 22:30:00,2026,3,15,22,30,Sunday,22:30,Suspected Serious Injury,Dark-Not Lighted,Rain,Pedestrian,None,METROPOLITAN NASHVILLE POLICE DEPT,Other,Unbelted,-,-,-,-,-,-,Pedestrian,-,-,-,-,-,Davidson,Nashville,1
104208,400473846,0,1,35.90397,-88.05031,8,2026-03-16 09:39:00,2026,3,16,9,39,Monday,09:39,Suspected Serious Injury,Daylight,Cloudy,Ditch,None,THP District 8 - Jackson,THP,Unbelted,-,-,-,-,-,-,-,-,-,ATV_Involved,-,-,Benton,Not in City Limit,2
104212,400473873,0,2,35.56025,-87.1676,7,2026-03-16 10:46:00,2026,3,16,10,46,Monday,10:46,Suspected Serious Injury,Daylight,Cloudy,Motor Vehicle-In-Transport On Same Roadway,None,MOUNT PLEASANT POLICE DEPT,Other,Unbelted,-,-,-,-,-,-,-,-,-,ATV_Involved,-,-,Maury,Mount Pleasant,2
104215,400473897,1,0,35.88918,-86.4816,3,2026-03-16 11:35:00,2026,3,16,11,35,Monday,11:35,Fatal,Daylight,Cloudy,Bridge/Pier Abutment,None,THP District 3 - Nashville,THP,Unbelted,-,Drinking,Drug,-,-,-,-,-,-,-,-,-,Rutherford,Murfreesboro,2
104236,400474170,1,0,36.23159,-86.78159,3,2026-03-16 18:10:00,2026,3,16,18,10,Monday,18:10,Fatal,Daylight,Clear,Pedestrian,None,METROPOLITAN NASHVILLE POLICE DEPT,Other,Unbelted,-,-,-,-,-,-,Pedestrian,-,-,-,-,-,Davidson,Nashville,2
104243,400474241,0,2,35.77047,-86.40288,3,2026-03-15 01:35:00,2026,3,15,1,35,Sunday,01:35,Suspected Serious Injury,Dark-Not Lighted,Clear,Motor Vehicle-In-Transport On Same Roadway,None,MURFREESBORO POLICE DEPT,Other,Unbelted,-,Drinking,-,-,-,-,-,-,-,-,-,-,Rutherford,Murfreesboro,1
104252,400474301,0,2,36.574,-83.654,5,2026-03-15 12:40:00,2026,3,15,12,40,Sunday,12:40,Suspected Serious Injury,Daylight,Clear,Motor Vehicle-In-Transport On Same Roadway,None,THP District 5 - Fall Branch,THP,Unbelted,-,-,-,-,-,-,-,-,-,-,Motorcyclist,-,Claiborne,Harrogate,1
104254,400474313,1,0,36.15611,-86.82468,3,2026-03-14 07:18:00,2026,3,14,7,18,Saturday,07:18,Fatal,Dawn,Clear,Highway Traffic Sign Post,None,METROPOLITAN NASHVILLE POLICE DEPT,Other,Unbelted,-,Drinking,Drug,-,-,-,-,-,-,-,-,-,Davidson,Nashville,7
104257,400474350,0,1,35.28633,-85.77004,2,2026-03-16 16:37:00,2026,3,16,16,37,Monday,16:37,Suspected Serious Injury,Daylight,Snow,Ditch,None,GRUNDY CO SHERIFFS OFFICE,Other,Unbelted,-,-,-,-,Speeding,-,-,-,-,-,-,-,Grundy,Not in City Limit,2
104264,400474477,0,1,36.01951,-85.05373,6,2026-03-17 10:33:00,2026,3,17,10,33,Tuesday,10:33,Suspected Serious Injury,Daylight,Clear,Ditch,None,THP District 6 - Cookeville,THP,Unbelted,-,-,-,-,-,-,-,-,-,-,-,-,Cumberland,Not in City Limit,3
104268,400474509,0,1,36.42512,-87.06095,3,2026-03-17 06:57:00,2026,3,17,6,57,Tuesday,06:57,Suspected Serious Injury,Daylight,Clear,Culvert,None,THP District 3 - Nashville,THP,Unbelted,-,-,-,-,-,-,-,-,-,-,-,-,Robertson,Not in City Limit,3
104284,400474690,0,3,35.89271,-84.54548,1,2026-03-17 16:30:00,2026,3,17,16,30,Tuesday,16:30,Suspected Serious Injury,Daylight,Clear,Motor Vehicle-In-Transport On Same Roadway,None,HARRIMAN POLICE DEPT,Other,Unbelted,-,-,-,-,-,-,-,-,-,-,-,-,Roane,Harriman,3
104289,400474737,0,1,36.28028,-85.46163,6,2026-03-17 16:10:00,2026,3,17,16,10,Tuesday,16:10,Suspected Serious Injury,Daylight,Clear,Motor Vehicle-In-Transport On Same Roadway,None,THP District 6 - Cookeville,THP,Unbelted,-,-,-,-,-,-,-,-,-,-,-,-,Overton,Not in City Limit,3
104298,400474794,0,1,36.01959,-83.92448,1,2026-03-17 17:21:00,2026,3,17,17,21,Tuesday,17:21,Suspected Serious Injury,Daylight,Clear,Motor Vehicle-In-Transport On Same Roadway,None,KNOXVILLE POLICE DEPT,Other,Unbelted,-,-,-,-,-,-,-,-,-,-,-,-,Knox,Knoxville,3
104317,400474976,0,1,35.90367,-86.38368,3,2026-03-17 21:43:00,2026,3,17,21,43,Tuesday,21:43,Suspected Serious Injury,Dark-Lighted,Clear,Motor Vehicle-In-Transport On Same Roadway,None,MURFREESBORO POLICE DEPT,Other,Unbelted,-,Drinking,-,-,-,-,-,-,-,-,-,-,Rutherford,Murfreesboro,3
104324,400475045,0,3,36.1513,-85.6021,6,2026-03-15 00:00:00,2026,3,15,24,0,Sunday,24:00,Suspected Serious Injury,Daylight,Clear,Motor Vehicle-In-Transport On Same Roadway,None,PUTNAM COUNTY SHERIFF'S OFFICE,Other,Unbelted,Distracted,-,-,-,-,-,-,-,-,-,-,-,Putnam,Not in City Limit,1
104327,400475083,0,1,36.44385,-86.53124,3,2026-03-18 07:01:00,2026,3,18,7,1,Wednesday,07:01,Suspected Serious Injury,Daylight,Clear,Standing Tree,None,THP District 3 - Nashville,THP,Unbelted,-,-,-,-,-,-,-,-,-,-,-,-,Sumner,Not in City Limit,4
104342,400475201,0,1,35.68585,-88.50462,8,2026-03-18 07:09:00,2026,3,18,7,9,Wednesday,07:09,Suspected Serious Injury,Daylight,Cloudy,Motor Vehicle-In-Transport On Same Roadway,None,THP District 8 - Jackson,THP,Unbelted,-,-,-,-,-,-,-,-,-,-,-,-,Henderson,Not in City Limit,4
104364,400475466,0,2,36.14491,-85.45639,6,2026-03-18 16:25:00,2026,3,18,16,25,Wednesday,16:25,Suspected Serious Injury,Daylight,Cloudy,Motor Vehicle-In-Transport On Same Roadway,None,COOKEVILLE POLICE DEPT,Other,Unbelted,-,-,-,-,-,-,-,-,-,-,-,-,Putnam,Cookeville,4
104372,400475595,0,1,36.44112,-82.55535,5,2026-03-18 19:00:00,2026,3,18,19,0,Wednesday,19:00,Suspected Serious Injury,Dusk,Cloudy,Other Non-Collision,None,THP District 5 - Fall Branch,THP,Unbelted,-,-,-,-,-,-,-,-,-,ATV_Involved,-,-,Sullivan,Not in City Limit,4
104373,400475610,0,1,35.73818,-89.09541,4,2026-03-18 16:06:00,2026,3,18,16,6,Wednesday,16:06,Suspected Serious Injury,Daylight,Clear,Pedestrian,None,THP District 4 - Memphis,THP,Unbelted,-,-,-,-,-,-,Pedestrian,-,-,-,-,-,Crockett,Bells,4
104386,400475697,0,1,35.16503,-86.55739,7,2026-03-18 21:03:00,2026,3,18,21,3,Wednesday,21:03,Suspected Serious Injury,Dark-Not Lighted,Clear,Standing Tree,None,FAYETTEVILLE POLICE DEPT,Other,Unbelted,-,-,-,-,-,-,-,-,-,-,-,-,Lincoln,Fayetteville,4
104392,400475728,0,2,35.75467,-87.1373,7,2026-03-17 21:12:00,2026,3,17,21,12,Tuesday,21:12,Suspected Serious Injury,Dark-Not Lighted,Cloudy,Motor Vehicle-In-Transport On Same Roadway,None,THP District 7 - Lawrenceburg,THP,Unbelted,-,Drinking,-,-,-,-,-,-,-,-,-,-,Maury,Not in City Limit,3
104393,400475737,0,1,36.39087,-86.43265,3,2026-03-18 15:57:00,2026,3,18,15,57,Wednesday,15:57,Suspected Serious Injury,Daylight,Clear,Motor Vehicle-In-Transport On Same Roadway,None,GALLATIN POLICE DEPT,Other,Unbelted,-,-,-,-,-,-,-,-,-,-,-,-,Sumner,Gallatin,4
104394,400475759,1,0,35.91293,-84.14819,1,2026-03-15 21:09:00,2026,3,15,21,9,Sunday,21:09,Fatal,Dark-Not Lighted,Cloudy,Curb,None,KNOX CO SHERIFFS OFFICE,Other,-,-,Drinking,-,-,-,-,-,-,-,-,Motorcyclist,-,Knox,Not in City Limit,1
104398,400475835,1,0,36.39654,-87.08796,3,2026-03-18 18:07:00,2026,3,18,18,7,Wednesday,18:07,Fatal,Daylight,Clear,"Over Turn, Roll Over",None,THP District 3 - Nashville,THP,Unbelted,-,-,-,-,Speeding,-,-,-,-,-,-,-,Cheatham,Not in City Limit,4
104400,400475908,0,1,35.56137,-87.19024,7,2026-03-19 08:00:00,2026,3,19,8,0,Thursday,08:00,Suspected Serious Injury,Daylight,Clear,Pedestrian,Construction Zone,MOUNT PLEASANT POLICE DEPT,Other,-,-,-,-,-,-,-,Pedestrian,-,-,-,-,-,Maury,Mount Pleasant,5
104405,400475943,0,1,36.26324,-87.56875,3,2026-03-18 14:16:00,2026,3,18,14,16,Wednesday,14:16,Suspected Serious Injury,Daylight,Clear,Standing Tree,None,THP District 3 - Nashville,THP,Unbelted,-,-,-,-,-,-,-,-,-,-,-,-,Houston,Not in City Limit,4
104419,400476099,0,2,36.11995,-83.85362,1,2026-03-18 15:34:00,2026,3,18,15,34,Wednesday,15:34,Suspected Serious Injury,Daylight,Cloudy,Motor Vehicle-In-Transport On Same Roadway,None,THP District 1 - Knoxville,THP,Unbelted,-,-,-,-,-,-,-,-,-,-,-,-,Knox,Not in City Limit,4
104430,400476262,0,3,36.2035,-86.60273,3,2026-03-19 00:00:00,2026,3,19,24,0,Thursday,24:00,Suspected Serious Injury,Daylight,Clear,Standing Tree,None,METROPOLITAN NASHVILLE POLICE DEPT,Other,Unbelted,-,-,-,-,-,-,-,-,-,-,-,-,Davidson,Nashville,5
104437,400476363,0,1,35.10658,-86.97873,7,2026-03-19 15:30:00,2026,3,19,15,30,Thursday,15:30,Suspected Serious Injury,Daylight,Clear,Motor Vehicle-In-Transport On Same Roadway,None,THP District 7 - Lawrenceburg,THP,Unbelted,-,-,-,-,Speeding,-,-,-,-,-,-,-,Giles,Not in City Limit,5
104438,400476370,2,0,35.9223,-84.0722,1,2026-03-19 01:14:00,2026,3,19,1,14,Thursday,01:14,Fatal,Dark-Lighted,Clear,Motor Vehicle-In-Transport On Same Roadway,None,KNOXVILLE POLICE DEPT,Other,Unbelted,-,-,-,-,-,-,-,-,-,ATV_Involved,Motorcyclist,-,Knox,Knoxville,5
104448,400476481,0,1,36.37796,-86.98645,3,2026-03-19 00:00:00,2026,3,19,24,0,Thursday,24:00,Suspected Serious Injury,Unknown,Clear,Culvert,None,COOPERTOWN POLICE DEPT,Other,Unbelted,-,-,-,-,-,-,-,-,-,-,-,-,Robertson,Coopertown,5
104457,400476575,0,1,36.00128,-83.95821,1,2026-03-19 19:29:00,2026,3,19,19,29,Thursday,19:29,Suspected Serious Injury,Dark-Lighted,Clear,"Over Turn, Roll Over",None,KNOXVILLE POLICE DEPT,Other,Unbelted,-,-,-,Drowsy,-,-,-,-,-,ATV_Involved,-,-,Knox,Knoxville,5
104470,400476667,0,1,35.21513,-88.23945,8,2026-03-19 20:47:00,2026,3,19,20,47,Thursday,20:47,Suspected Serious Injury,Dark-Not Lighted,Clear,Motor Vehicle-In-Transport On Same Roadway,None,SAVANNAH POLICE DEPT,Other,Unbelted,-,-,-,-,-,-,-,-,-,-,-,-,Hardin,Savannah,5
104474,400476679,0,1,35.65308,-88.82865,8,2026-03-19 23:05:00,2026,3,19,23,5,Thursday,23:05,Suspected Serious Injury,Dark-Lighted,Clear,Motor Vehicle-In-Transport On Same Roadway,None,JACKSON POLICE DEPT,Other,Unbelted,-,-,-,-,-,-,-,-,-,-,Motorcyclist,-,Madison,Jackson,5
104491,400476888,0,2,36.61514,-86.85682,3,2026-03-20 06:20:00,2026,3,20,6,20,Friday,06:20,Suspected Serious Injury,Dawn,Clear,Motor Vehicle-In-Transport On Same Roadway,None,THP District 3 - Nashville,THP,Unbelted,-,-,-,-,-,-,-,-,-,-,-,-,Robertson,Not in City Limit,6
104492,400476913,0,1,36.391,-87.00419,3,2026-03-19 11:45:00,2026,3,19,11,45,Thursday,11:45,Suspected Serious Injury,Daylight,Clear,Motor Vehicle-In-Transport On Same Roadway,None,THP District 3 - Nashville,THP,Unbelted,-,-,Drug,-,-,-,-,-,-,-,-,-,Robertson,Coopertown,5
104499,400477073,1,0,36.02447,-83.7221,1,2026-03-17 16:56:00,2026,3,17,16,56,Tuesday,16:56,Fatal,Daylight,Clear,Embankment Earth,None,THP District 1 - Knoxville,THP,Unbelted,-,-,Drug,-,-,-,-,-,-,-,-,-,Knox,Not in City Limit,3
104504,400477129,0,1,35.45321,-88.86916,8,2026-03-20 10:46:00,2026,3,20,10,46,Friday,10:46,Suspected Serious Injury,Daylight,Clear,Standing Tree,None,THP District 8 - Jackson,THP,Unbelted,-,-,-,-,-,-,-,-,-,-,-,-,Madison,Medon,6
104505,400477130,0,2,35.24073,-87.33054,7,2026-03-20 10:30:00,2026,3,20,10,30,Friday,10:30,Suspected Serious Injury,Daylight,Clear,Motor Vehicle-In-Transport On Same Roadway,None,LAWRENCEBURG POLICE DEPT,Other,Unbelted,-,-,-,-,-,-,-,-,-,-,-,-,Lawrence,Lawrenceburg,6
104506,400477147,0,3,36.18304,-86.32361,3,2026-03-20 07:15:00,2026,3,20,7,15,Friday,07:15,Suspected Serious Injury,Daylight,Clear,Motor Vehicle-In-Transport On Same Roadway,None,THP District 3 - Nashville,THP,Unbelted,-,-,-,-,-,-,-,-,-,-,-,-,Wilson,Lebanon,6
104540,400477509,0,3,36.19797,-89.5063,8,2026-03-19 19:02:00,2026,3,19,19,2,Thursday,19:02,Suspected Serious Injury,Dark-Not Lighted,Clear,"Over Turn, Roll Over",None,THP District 8 - Jackson,THP,-,-,-,-,-,Speeding,-,-,-,-,-,-,-,Lake,Not in City Limit,5
104550,400477627,0,1,35.944,-85.47577,6,2026-03-20 18:05:00,2026,3,20,18,5,Friday,18:05,Suspected Serious Injury,Daylight,Clear,Standing Tree,None,THP District 6 - Cookeville,THP,Unbelted,-,-,-,-,-,-,-,-,-,-,-,-,White,Sparta,6
104559,400477695,0,2,35.68976,-88.6906,8,2026-03-20 15:00:00,2026,3,20,15,0,Friday,15:00,Suspected Serious Injury,Daylight,Clear,Motor Vehicle-In-Transport On Same Roadway,None,THP District 8 - Jackson,THP,Unbelted,Distracted,-,-,-,-,-,-,-,-,-,-,-,Madison,Not in City Limit,6
104562,400477732,0,1,35.16537,-86.72937,7,2026-03-20 16:51:00,2026,3,20,16,51,Friday,16:51,Suspected Serious Injury,Daylight,Clear,Embankment Earth,None,THP District 7 - Lawrenceburg,THP,Unbelted,-,-,-,-,-,-,-,-,-,-,-,-,Lincoln,Not in City Limit,6
104570,400477793,0,1,36.45028,-83.60541,5,2026-03-20 22:45:00,2026,3,20,22,45,Friday,22:45,Suspected Serious Injury,Dark-Not Lighted,Clear,Ditch,None,THP District 5 - Fall Branch,THP,-,-,Drinking,Drug,-,-,-,-,-,-,-,Motorcyclist,-,Claiborne,New Tazewell,6
104571,400477810,0,5,35.34214,-89.33361,4,2026-03-20 00:00:00,2026,3,20,24,0,Friday,24:00,Suspected Serious Injury,Dark-Not Lighted,Clear,Bridge Rail,None,THP District 4 - Memphis,THP,Unbelted,-,-,-,-,-,-,-,-,-,-,-,-,Fayette,Not in City Limit,6
104573,400477812,1,0,36.03947,-88.11646,8,2026-03-20 20:15:00,2026,3,20,20,15,Friday,20:15,Fatal,Dark-Not Lighted,Clear,Pedestrian,None,THP District 8 - Jackson,THP,Unbelted,-,-,-,-,-,-,Pedestrian,-,-,-,-,-,Benton,Not in City Limit,6
104581,400477860,0,1,36.24304,-87.00689,3,2026-03-20 22:55:00,2026,3,20,22,55,Friday,22:55,Suspected Serious Injury,Dark-Lighted,Clear,Other Non-Fixed Object,None,THP District 3 - Nashville,THP,Unbelted,-,-,-,-,-,-,-,-,-,-,-,-,Cheatham,Not in City Limit,6
104595,400478051,0,1,35.00045,-88.4624,8,2026-03-21 09:33:00,2026,3,21,9,33,Saturday,09:33,Suspected Serious Injury,Daylight,Clear,Culvert,None,THP District 8 - Jackson,THP,-,-,-,-,-,-,-,-,-,-,-,Motorcyclist,-,McNairy,Not in City Limit,7
104597,400478088,0,4,35.93506,-83.99409,1,2026-03-21 00:00:00,2026,3,21,24,0,Saturday,24:00,Suspected Serious Injury,Daylight,Clear,Motor Vehicle-In-Transport On Same Roadway,None,KNOXVILLE POLICE DEPT,Other,Unbelted,-,-,-,-,-,-,-,-,-,-,-,-,Knox,Knoxville,7
104606,400478217,1,0,36.25966,-87.07735,3,2026-03-21 11:06:00,2026,3,21,11,6,Saturday,11:06,Fatal,Daylight,Clear,Other Non-Fixed Object,None,THP District 3 - Nashville,THP,-,-,-,-,-,-,-,-,-,-,-,Motorcyclist,-,Cheatham,Not in City Limit,7
104611,400478264,0,1,35.31426,-84.80129,2,2026-03-21 01:36:00,2026,3,21,1,36,Saturday,01:36,Suspected Serious Injury,Dark-Not Lighted,Clear,Embankment Earth,None,THP District 2 - Chattanooga,THP,Unbelted,-,Drinking,-,-,-,-,-,-,-,-,-,-,Bradley,Not in City Limit,7
104625,400478341,0,3,36.00162,-84.24332,1,2026-03-20 14:41:00,2026,3,20,14,41,Friday,14:41,Suspected Serious Injury,Daylight,Clear,Motor Vehicle-In-Transport On Same Roadway,None,OAK RIDGE POLICE DEPT,Other,Unbelted,-,-,-,-,-,-,-,-,-,-,-,-,Anderson,Oak Ridge,6
104629,400478403,0,1,35.50526,-86.09826,2,2026-03-21 15:24:00,2026,3,21,15,24,Saturday,15:24,Suspected Serious Injury,Daylight,Clear,Motor Vehicle-In-Transport On Same Roadway,None,THP District 2 - Chattanooga,THP,Unbelted,-,-,-,-,-,-,-,-,-,ATV_Involved,Motorcyclist,-,Coffee,Not in City Limit,7
104646,400478503,0,1,36.14008,-85.93831,6,2026-03-21 17:44:00,2026,3,21,17,44,Saturday,17:44,Suspected Serious Injury,Daylight,Clear,Utility Pole,None,THP District 6 - Cookeville,THP,Unbelted,-,-,-,-,-,-,-,-,-,-,-,-,Smith,Not in City Limit,7
104648,400478520,0,2,36.10861,-83.33553,5,2026-03-21 19:37:00,2026,3,21,19,37,Saturday,19:37,Suspected Serious Injury,Dusk,Clear,Motor Vehicle-In-Transport On Same Roadway,None,WHITE PINE POLICE DEPT,Other,Unbelted,-,-,-,-,-,-,-,-,-,-,-,-,Jefferson,White Pine,7
104653,400478563,0,3,35.85427,-83.63315,1,2026-03-21 19:10:00,2026,3,21,19,10,Saturday,19:10,Suspected Serious Injury,Daylight,Clear,Motor Vehicle-In-Transport On Same Roadway,None,THP District 1 - Knoxville,THP,Unbelted,-,-,-,-,-,-,-,-,-,-,-,-,Sevier,Not in City Limit,7
104659,400478602,0,1,36.38209,-89.16947,8,2026-03-21 18:00:00,2026,3,21,18,0,Saturday,18:00,Suspected Serious Injury,Daylight,Clear,Standing Tree,None,OBION CO SHERIFFS DEPT,Other,-,-,Drinking,-,-,-,-,-,-,-,-,-,-,Obion,Not in City Limit,7
104674,400478684,0,1,35.77072,-88.73693,8,2026-03-22 02:02:00,2026,3,22,2,2,Sunday,02:02,Suspected Serious Injury,,Clear,Ditch,None,MADISON CO SHERIFFS DEPT,Other,Unbelted,-,-,-,-,Speeding,-,-,-,-,-,-,-,Madison,Not in City Limit,1
104675,400478687,0,1,35.1839,-86.19109,2,2026-03-22 00:00:00,2026,3,22,24,0,Sunday,24:00,Suspected Serious Injury,Dark-Not Lighted,Clear,Embankment Earth,None,THP District 2 - Chattanooga,THP,Unbelted,-,-,-,-,-,-,-,-,-,-,-,-,Franklin,Not in City Limit,1
104678,400478706,0,2,35.8587,-86.37019,3,2026-03-22 04:18:00,2026,3,22,4,18,Sunday,04:18,Suspected Serious Injury,Dark-Lighted,Clear,Motor Vehicle-In-Transport On Same Roadway,None,MURFREESBORO POLICE DEPT,Other,Unbelted,-,Drinking,-,-,-,-,-,-,-,-,-,-,Rutherford,Murfreesboro,1
104679,400478713,0,1,35.63418,-88.84852,8,2026-03-22 00:00:00,2026,3,22,24,0,Sunday,24:00,Suspected Serious Injury,Dark-Lighted,Clear,Motor Vehicle-In-Transport On Same Roadway,None,JACKSON POLICE DEPT,Other,Unbelted,-,-,-,-,-,-,-,-,-,-,Motorcyclist,-,Madison,Jackson,1
104682,400478765,0,1,35.07631,-89.64979,4,2026-03-21 12:45:00,2026,3,21,12,45,Saturday,12:45,Suspected Serious Injury,Daylight,Clear,Other Non-Fixed Object,None,COLLIERVILLE POLICE DEPT,Other,-,-,-,-,-,-,-,-,-,-,-,Motorcyclist,-,Shelby,Collierville,7
104687,400478821,0,1,35.59053,-85.13357,2,2026-03-21 14:34:00,2026,3,21,14,34,Saturday,14:34,Suspected Serious Injury,Daylight,Clear,Standing Tree,None,THP District 2 - Chattanooga,THP,Unbelted,-,-,-,-,-,-,-,-,-,-,-,-,Bledsoe,Not in City Limit,7
104690,400478863,0,1,36.25771,-87.25044,3,2026-03-21 15:33:00,2026,3,21,15,33,Saturday,15:33,Suspected Serious Injury,Daylight,Clear,Ditch,None,THP District 3 - Nashville,THP,-,-,-,-,-,-,-,-,-,-,-,Motorcyclist,-,Dickson,Not in City Limit,7
104693,400478879,0,3,35.84475,-86.45332,3,2026-03-22 09:43:00,2026,3,22,9,43,Sunday,09:43,Suspected Serious Injury,Daylight,Clear,Motor Vehicle-In-Transport On Same Roadway,None,THP District 3 - Nashville,THP,Unbelted,-,-,-,-,-,-,-,-,-,-,-,-,Rutherford,Not in City Limit,1