OBJECTID,MRN,Fatality,Injury,Latitude,Longitude,THP_District,Collision_Date,Collision_Year,Collision_Month,Collision_Day,Collision_Hour,Collision_Min,Collision_DOW,Collision_Time,Crash_Type,Light_Condition,Weather,First_Harmfu_Event,Work_Zone_Type,Agency_Name,THP,Unbelted,Distracted_Driver,Driver_Drinking,Driver_Drugged,Drowsy_Driver,Speeding_Involved,Pedalcyclist,Pedestrian,Other_Nonmotorist,ATV_Involved,LargeTruck_Involved,Motorcycle_Involved,SchoolBus,County,City,DOW_Nmb
104694,400478886,0,1,35.52573,-87.5905,7,2026-03-19 06:34:00,2026,3,19,6,34,Thursday,06:34,Suspected Serious Injury,Daylight,Clear,Standing Tree,None,THP District 7 - Lawrenceburg,THP,Unbelted,-,-,-,-,-,-,-,-,-,-,-,-,Lewis,Not in City Limit,5
104699,400478955,0,1,36.44191,-86.26673,6,2026-03-22 10:43:00,2026,3,22,10,43,Sunday,10:43,Suspected Serious Injury,Daylight,Clear,Motor Vehicle-In-Transport On Same Roadway,None,THP District 6 - Cookeville,THP,Unbelted,-,-,-,-,-,-,-,-,-,-,Motorcyclist,-,Trousdale,Hartsville,1
104701,400478970,0,1,35.28258,-86.65394,7,2026-03-20 19:30:00,2026,3,20,19,30,Friday,19:30,Suspected Serious Injury,Dark-Not Lighted,Clear,Embankment Earth,None,THP District 7 - Lawrenceburg,THP,-,-,-,-,-,Speeding,-,-,-,-,-,Motorcyclist,-,Lincoln,Not in City Limit,6
104703,400478984,0,1,36.13527,-87.37872,3,2026-03-20 16:59:00,2026,3,20,16,59,Friday,16:59,Suspected Serious Injury,Daylight,Clear,Ditch,None,THP District 3 - Nashville,THP,-,-,-,-,-,-,-,-,-,-,-,Motorcyclist,-,Dickson,Not in City Limit,6
104709,400479054,0,1,36.18887,-83.49862,5,2026-03-22 14:25:00,2026,3,22,14,25,Sunday,14:25,Suspected Serious Injury,Daylight,Clear,Ditch,None,THP District 5 - Fall Branch,THP,-,-,-,-,-,-,-,-,-,-,-,Motorcyclist,-,Grainger,Not in City Limit,1
104711,400479078,0,1,35.67564,-88.80057,8,2026-03-21 14:36:00,2026,3,21,14,36,Saturday,14:36,Suspected Serious Injury,Daylight,Clear,Embankment Earth,None,THP District 8 - Jackson,THP,Unbelted,-,-,Drug,-,-,-,-,-,-,-,-,-,Madison,Jackson,7
104713,400479129,0,1,35.80294,-86.99824,3,2026-03-22 13:50:00,2026,3,22,13,50,Sunday,13:50,Suspected Serious Injury,Daylight,Clear,"Over Turn, Roll Over",None,THP District 3 - Nashville,THP,-,-,-,-,-,-,-,-,-,-,-,Motorcyclist,-,Williamson,Not in City Limit,1
104723,400479219,0,2,35.49127,-86.46823,7,2026-03-22 15:23:00,2026,3,22,15,23,Sunday,15:23,Suspected Serious Injury,Daylight,Clear,Motor Vehicle-In-Transport On Same Roadway,None,SHELBYVILLE POLICE DEPT,Other,Unbelted,-,-,-,-,-,-,-,-,-,-,-,-,Bedford,Shelbyville,1
104731,400479287,1,0,35.92498,-87.32348,7,2026-03-22 14:56:00,2026,3,22,14,56,Sunday,14:56,Fatal,Daylight,Clear,Motor Vehicle-In-Transport On Same Roadway,None,THP District 7 - Lawrenceburg,THP,Unbelted,-,-,-,-,-,-,-,-,-,-,Motorcyclist,-,Hickman,Not in City Limit,1
104733,400479306,0,1,36.1916,-87.02698,3,2026-03-22 17:44:00,2026,3,22,17,44,Sunday,17:44,Suspected Serious Injury,Daylight,Clear,Embankment Earth,None,THP District 3 - Nashville,THP,Unbelted,-,-,-,-,-,-,-,-,-,-,-,-,Cheatham,Not in City Limit,1
104736,400479331,0,3,35.89267,-84.54543,1,2026-03-22 16:40:00,2026,3,22,16,40,Sunday,16:40,Suspected Serious Injury,Daylight,Clear,Motor Vehicle-In-Transport On Same Roadway,None,HARRIMAN POLICE DEPT,Other,Unbelted,-,-,-,-,-,-,-,-,-,-,-,-,Roane,Harriman,1
104738,400479342,0,3,35.57405,-87.14088,7,2026-03-21 19:59:00,2026,3,21,19,59,Saturday,19:59,Suspected Serious Injury,Dark-Lighted,Clear,Motor Vehicle-In-Transport On Same Roadway,None,MOUNT PLEASANT POLICE DEPT,Other,Unbelted,-,-,-,-,-,-,-,-,-,-,-,-,Maury,Mount Pleasant,7
104740,400479360,1,1,35.88241,-86.47883,3,2026-03-22 17:46:00,2026,3,22,17,46,Sunday,17:46,Fatal,Daylight,Clear,Motor Vehicle-In-Transport On Same Roadway,None,THP District 3 - Nashville,THP,Unbelted,-,Drinking,Drug,-,-,-,-,-,-,-,-,-,Rutherford,Not in City Limit,1
104749,400479436,0,1,36.26115,-86.71255,3,2026-03-22 21:04:00,2026,3,22,21,4,Sunday,21:04,Suspected Serious Injury,Dark-Lighted,Clear,Pedestrian,None,METROPOLITAN NASHVILLE POLICE DEPT,Other,Unbelted,-,-,-,-,-,-,Pedestrian,-,-,-,-,-,Davidson,Nashville,1
104759,400479489,0,1,35.20903,-88.62109,8,2026-03-22 22:20:00,2026,3,22,22,20,Sunday,22:20,Suspected Serious Injury,Dark-Not Lighted,Clear,Ditch,None,THP District 8 - Jackson,THP,Unbelted,Distracted,-,-,-,-,-,-,-,-,-,-,-,McNairy,Not in City Limit,1
104763,400479515,0,1,35.82902,-86.45441,3,2026-03-22 00:00:00,2026,3,22,24,0,Sunday,24:00,Suspected Serious Injury,Dark-Lighted,Clear,Curb,None,MURFREESBORO POLICE DEPT,Other,Unbelted,-,-,-,-,-,-,-,-,-,-,-,-,Rutherford,Murfreesboro,1
104767,400479553,0,1,35.86581,-86.81338,3,2026-03-22 15:24:00,2026,3,22,15,24,Sunday,15:24,Suspected Serious Injury,Daylight,Clear,Curb,None,FRANKLIN POLICE DEPT,Other,-,-,-,-,-,-,-,-,-,-,-,Motorcyclist,-,Williamson,Franklin,1
104777,400479636,0,3,36.44808,-86.17856,6,2026-03-23 01:14:00,2026,3,23,1,14,Monday,01:14,Suspected Serious Injury,Dark-Not Lighted,Clear,Embankment Earth,None,HARTSVILLE-TROUSDALE SHERIFFS DEPT,Other,Unbelted,-,Drinking,-,-,-,-,-,-,-,-,-,-,Trousdale,Hartsville,2
104782,400479680,0,3,36.32418,-86.70411,3,2026-03-23 06:58:00,2026,3,23,6,58,Monday,06:58,Suspected Serious Injury,Daylight,Clear,Motor Vehicle-In-Transport On Same Roadway,None,GOODLETTSVILLE POLICE DEPT,Other,Unbelted,-,-,-,-,Speeding,-,-,-,-,-,-,-,Davidson,Goodlettsville,2
104790,400479824,1,1,36.02651,-86.5883,3,2026-03-20 13:56:00,2026,3,20,13,56,Friday,13:56,Fatal,Daylight,Clear,Motor Vehicle-In-Transport On Same Roadway,None,METROPOLITAN NASHVILLE POLICE DEPT,Other,Unbelted,-,-,-,-,Speeding,-,-,-,-,-,-,-,Davidson,Nashville,6
104806,400480013,0,3,35.9768,-83.90491,1,2026-03-23 13:29:00,2026,3,23,13,29,Monday,13:29,Suspected Serious Injury,Daylight,Clear,Motor Vehicle-In-Transport On Same Roadway,None,KNOX CO SHERIFFS OFFICE,Other,Unbelted,-,-,-,-,Speeding,-,-,-,-,-,-,-,Knox,Knoxville,2
104816,400480094,0,3,36.61428,-86.5469,3,2026-03-23 00:00:00,2026,3,23,24,0,Monday,24:00,Suspected Serious Injury,Daylight,Clear,Motor Vehicle-In-Transport On Same Roadway,None,PORTLAND POLICE DEPT,Other,Unbelted,-,-,-,-,-,-,-,-,-,ATV_Involved,-,-,Sumner,Portland,2
104818,400480101,0,1,35.84107,-86.28123,3,2026-03-22 17:44:00,2026,3,22,17,44,Sunday,17:44,Suspected Serious Injury,Daylight,Clear,Mail Box,None,RUTHERFORD CO SHERIFFS DEPT,Other,Unbelted,-,Drinking,Drug,-,-,-,-,-,-,-,-,-,Rutherford,Not in City Limit,1
104829,400480215,0,1,35.62537,-88.83835,8,2026-03-23 16:53:00,2026,3,23,16,53,Monday,16:53,Suspected Serious Injury,Dusk,Clear,Motor Vehicle-In-Transport On Same Roadway,None,JACKSON POLICE DEPT,Other,Unbelted,Distracted,-,-,-,-,-,-,-,-,-,-,-,Madison,Jackson,2
104837,400480278,0,2,36.08447,-84.55411,1,2026-03-20 21:12:00,2026,3,20,21,12,Friday,21:12,Suspected Serious Injury,Dark-Not Lighted,Clear,Motor Vehicle-In-Transport On Same Roadway,None,THP District 1 - Knoxville,THP,Unbelted,-,-,-,-,-,-,-,-,-,-,-,-,Morgan,Not in City Limit,6
104839,400480289,0,2,35.51203,-87.22349,7,2026-03-23 20:17:00,2026,3,23,20,17,Monday,20:17,Suspected Serious Injury,Dark-Lighted,Clear,Motor Vehicle-In-Transport On Same Roadway,None,MOUNT PLEASANT POLICE DEPT,Other,Unbelted,-,-,-,-,-,-,-,-,-,-,-,-,Maury,Mount Pleasant,2
104854,400480406,0,2,36.39644,-83.67938,5,2026-03-24 06:32:00,2026,3,24,6,32,Tuesday,06:32,Suspected Serious Injury,Dawn,Clear,Motor Vehicle-In-Transport On Same Roadway,None,THP District 5 - Fall Branch,THP,Unbelted,-,Drinking,Drug,-,-,-,-,-,-,-,-,-,Claiborne,Not in City Limit,3
104862,400480545,0,1,36.35788,-87.17602,3,2026-03-24 07:21:00,2026,3,24,7,21,Tuesday,07:21,Suspected Serious Injury,Daylight,Clear,Embankment Earth,None,THP District 3 - Nashville,THP,Unbelted,-,-,-,-,-,-,-,-,-,-,-,-,Cheatham,Not in City Limit,3
104865,400480596,0,1,36.19458,-86.83038,3,2026-03-24 09:25:00,2026,3,24,9,25,Tuesday,09:25,Suspected Serious Injury,Daylight,Clear,Motor Vehicle-In-Transport On Same Roadway,None,METROPOLITAN NASHVILLE POLICE DEPT,Other,Unbelted,-,-,-,-,-,-,-,-,-,-,-,-,Davidson,Nashville,3
104872,400480661,0,1,36.24308,-82.91781,5,2026-03-24 10:02:00,2026,3,24,10,2,Tuesday,10:02,Suspected Serious Injury,Daylight,Clear,Ditch,None,THP District 5 - Fall Branch,THP,Unbelted,-,Drinking,-,-,-,-,-,-,-,-,-,-,Greene,Not in City Limit,3
104873,400480673,0,2,35.96308,-84.98226,6,2026-03-24 12:03:00,2026,3,24,12,3,Tuesday,12:03,Suspected Serious Injury,Daylight,Clear,Motor Vehicle-In-Transport On Same Roadway,None,CROSSVILLE POLICE DEPT,Other,Unbelted,-,-,-,-,-,-,-,-,-,-,-,-,Cumberland,Crossville,3
104877,400480705,0,1,35.76626,-86.38194,3,2026-03-24 10:24:00,2026,3,24,10,24,Tuesday,10:24,Suspected Serious Injury,Daylight,Clear,Occupant Struck By Own Vehicle,None,THP District 3 - Nashville,THP,-,-,-,-,-,-,-,-,-,-,-,-,-,Rutherford,Not in City Limit,3
104896,400480866,0,1,35.24978,-89.05756,4,2026-03-24 14:45:00,2026,3,24,14,45,Tuesday,14:45,Suspected Serious Injury,Daylight,Clear,Standing Tree,None,HARDEMAN CO SHERIFFS DEPT,Other,Unbelted,-,-,-,-,-,-,-,-,-,-,-,-,Hardeman,Not in City Limit,3
104903,400480916,0,1,36.2968,-86.74008,3,2026-03-24 12:22:00,2026,3,24,12,22,Tuesday,12:22,Suspected Serious Injury,Daylight,Clear,Ditch,None,GOODLETTSVILLE POLICE DEPT,Other,Unbelted,-,-,-,-,Speeding,-,-,-,-,-,-,-,Davidson,Nashville,3
104915,400481002,0,1,36.12554,-88.66987,8,2026-03-23 18:05:00,2026,3,23,18,5,Monday,18:05,Suspected Serious Injury,Daylight,Clear,"Over Turn, Roll Over",None,THP District 8 - Jackson,THP,Unbelted,-,-,-,-,-,-,-,-,-,ATV_Involved,-,-,Weakley,Not in City Limit,2
104927,400481108,0,2,35.80702,-83.32367,1,2026-03-24 00:00:00,2026,3,24,24,0,Tuesday,24:00,Suspected Serious Injury,Dark-Not Lighted,Clear,Ditch,None,SEVIER CO SHERIFFS OFFICE,Other,Unbelted,-,-,-,-,-,-,-,-,-,-,-,-,Sevier,Not in City Limit,3
104928,400481141,0,1,36.39109,-83.57819,5,2026-03-23 22:30:00,2026,3,23,22,30,Monday,22:30,Suspected Serious Injury,Dark-Not Lighted,Clear,Parked Motor Vehicle,None,THP District 5 - Fall Branch,THP,Unbelted,-,Drinking,-,-,Speeding,-,-,-,-,-,-,-,Claiborne,Not in City Limit,2
104930,400481155,0,1,35.07976,-85.62001,2,2026-03-24 18:35:00,2026,3,24,18,35,Tuesday,18:35,Suspected Serious Injury,Daylight,Clear,Pedal-Cycle,None,THP District 2 - Chattanooga,THP,Unbelted,Distracted,-,-,-,-,Pedalcyclist,-,-,-,-,-,-,Marion,Jasper,3
104990,400481688,0,3,35.76978,-83.89872,1,2026-03-25 12:05:00,2026,3,25,12,5,Wednesday,12:05,Suspected Serious Injury,Daylight,Clear,Motor Vehicle-In-Transport On Same Roadway,None,BLOUNT CO SHERIFFS DEPT,Other,Unbelted,-,-,-,-,-,-,-,-,-,-,-,-,Blount,Not in City Limit,4
104992,400481701,0,1,35.45236,-89.43357,4,2026-03-24 07:02:00,2026,3,24,7,2,Tuesday,07:02,Suspected Serious Injury,Daylight,Clear,Standing Tree,None,THP District 4 - Memphis,THP,Unbelted,-,-,-,-,-,-,-,-,-,-,-,-,Haywood,Not in City Limit,3
105003,400481781,0,2,35.72967,-89.06856,4,2026-03-20 18:23:00,2026,3,20,18,23,Friday,18:23,Suspected Serious Injury,Dusk,Clear,Motor Vehicle-In-Transport On Same Roadway,None,THP District 4 - Memphis,THP,Unbelted,-,-,-,-,-,-,-,-,-,-,-,-,Crockett,Not in City Limit,6
105005,400481804,0,1,36.44163,-82.26835,5,2026-03-22 19:20:00,2026,3,22,19,20,Sunday,19:20,Suspected Serious Injury,Dusk,Clear,Fell/Jumped From Vehicle,None,THP District 5 - Fall Branch,THP,-,-,Drinking,Drug,-,-,-,-,-,-,-,Motorcyclist,-,Sullivan,Bluff City,1
105007,400481820,0,2,35.72619,-83.6364,1,2026-03-25 16:15:00,2026,3,25,16,15,Wednesday,16:15,Suspected Serious Injury,Daylight,Clear,Motor Vehicle-In-Transport On Same Roadway,None,SEVIER CO SHERIFFS OFFICE,Other,Unbelted,-,-,-,-,-,-,-,-,-,ATV_Involved,-,-,Sevier,Not in City Limit,4
105009,400481830,0,2,35.63444,-88.84867,8,2026-03-25 15:31:00,2026,3,25,15,31,Wednesday,15:31,Suspected Serious Injury,Daylight,Clear,Motor Vehicle-In-Transport On Same Roadway,None,JACKSON POLICE DEPT,Other,Unbelted,-,-,-,-,-,-,-,-,-,-,-,-,Madison,Jackson,4
105018,400481958,0,1,35.28973,-84.6498,2,2026-03-25 17:13:00,2026,3,25,17,13,Wednesday,17:13,Suspected Serious Injury,Daylight,Clear,Motor Vehicle-In-Transport On Same Roadway,None,THP District 2 - Chattanooga,THP,Unbelted,-,-,-,-,-,-,-,-,-,-,-,-,McMinn,Not in City Limit,4
105021,400481994,0,1,35.58937,-87.31194,7,2026-03-22 14:43:00,2026,3,22,14,43,Sunday,14:43,Suspected Serious Injury,Daylight,Clear,Ditch,None,THP District 7 - Lawrenceburg,THP,Unbelted,-,Drinking,Drug,-,-,-,-,-,-,-,-,-,Maury,Not in City Limit,1
105024,400482004,0,1,36.10264,-83.26861,5,2026-03-25 19:00:00,2026,3,25,19,0,Wednesday,19:00,Suspected Serious Injury,Dusk,Clear,Pedal-Cycle,None,WHITE PINE POLICE DEPT,Other,Unbelted,-,-,-,-,-,Pedalcyclist,-,-,-,-,-,-,Jefferson,White Pine,4
105035,400482089,0,1,36.24828,-87.69497,3,2026-03-22 15:19:00,2026,3,22,15,19,Sunday,15:19,Suspected Serious Injury,Daylight,Clear,Guard Rail Face,None,THP District 3 - Nashville,THP,-,-,-,-,-,-,-,-,-,-,-,Motorcyclist,-,Houston,Not in City Limit,1
105048,400482208,0,2,36.20115,-83.66689,5,2026-03-22 12:19:00,2026,3,22,12,19,Sunday,12:19,Suspected Serious Injury,Daylight,Clear,Motor Vehicle-In-Transport On Same Roadway,None,THP District 5 - Fall Branch,THP,Unbelted,-,Drinking,Drug,-,-,-,-,-,-,-,-,-,Grainger,Not in City Limit,1
105067,400482381,0,1,36.55401,-87.14193,3,2026-03-26 07:28:00,2026,3,26,7,28,Thursday,07:28,Suspected Serious Injury,Daylight,Clear,Motor Vehicle-In-Transport On Same Roadway,None,THP District 3 - Nashville,THP,Unbelted,-,-,-,-,-,-,-,-,-,-,-,-,Montgomery,Clarksville,5
105076,400482485,1,0,35.57572,-86.07867,2,2026-03-26 08:03:00,2026,3,26,8,3,Thursday,08:03,Fatal,Daylight,Clear,Mail Box,None,THP District 2 - Chattanooga,THP,Unbelted,-,-,-,-,-,-,-,-,-,-,-,-,Coffee,Not in City Limit,5
105082,400482529,0,1,36.03673,-86.97635,3,2026-03-26 09:33:00,2026,3,26,9,33,Thursday,09:33,Suspected Serious Injury,Daylight,Clear,Embankment Earth,None,THP District 3 - Nashville,THP,-,-,-,-,-,-,-,-,-,-,-,Motorcyclist,-,Davidson,Nashville,5
105089,400482565,0,1,36.0405,-83.90956,1,2026-03-26 13:34:00,2026,3,26,13,34,Thursday,13:34,Suspected Serious Injury,Daylight,Clear,Motor Vehicle-In-Transport On Same Roadway,None,KNOXVILLE POLICE DEPT,Other,Unbelted,-,-,-,-,-,-,-,-,-,-,Motorcyclist,-,Knox,Knoxville,5
105093,400482585,0,1,35.92785,-86.21797,3,2026-03-25 13:17:00,2026,3,25,13,17,Wednesday,13:17,Suspected Serious Injury,Daylight,Clear,Ditch,None,THP District 3 - Nashville,THP,-,-,Drinking,Drug,-,-,-,-,-,ATV_Involved,-,-,-,Rutherford,Not in City Limit,4
105123,400482808,1,0,36.01286,-83.02521,5,2026-03-26 16:28:00,2026,3,26,16,28,Thursday,16:28,Fatal,Daylight,Clear,Ditch,None,THP District 5 - Fall Branch,THP,Unbelted,-,-,-,-,-,-,-,-,-,-,-,-,Cocke,Not in City Limit,5
105134,400482902,0,1,36.12774,-88.6996,8,2026-03-21 23:15:00,2026,3,21,23,15,Saturday,23:15,Suspected Serious Injury,Dark-Not Lighted,Clear,Ditch,None,THP District 8 - Jackson,THP,-,-,Drinking,-,-,-,-,-,-,-,-,-,-,Weakley,Not in City Limit,7
105138,400482931,0,1,35.65474,-87.98701,7,2026-03-24 15:30:00,2026,3,24,15,30,Tuesday,15:30,Suspected Serious Injury,Daylight,Clear,Motor Vehicle-In-Transport On Same Roadway,None,THP District 7 - Lawrenceburg,THP,Unbelted,-,-,-,-,-,-,-,-,-,-,Motorcyclist,-,Perry,Not in City Limit,3
105155,400483082,0,1,36.1352,-86.70182,3,2026-03-26 00:00:00,2026,3,26,24,0,Thursday,24:00,Suspected Serious Injury,Dark-Lighted,Clear,Pedestrian,None,METROPOLITAN NASHVILLE POLICE DEPT,Other,-,-,-,-,-,-,-,Pedestrian,-,-,-,-,-,Davidson,Nashville,5
105174,400483393,0,3,35.86666,-87.91874,3,2026-03-27 06:06:00,2026,3,27,6,6,Friday,06:06,Suspected Serious Injury,Dark-Not Lighted,Clear,Parked Motor Vehicle,None,THP District 3 - Nashville,THP,Unbelted,-,-,-,Drowsy,-,-,-,-,-,ATV_Involved,-,-,Humphreys,Not in City Limit,6
105176,400483448,1,1,36.08164,-83.61462,5,2026-03-27 09:58:00,2026,3,27,9,58,Friday,09:58,Fatal,Daylight,Clear,Motor Vehicle-In-Transport On Same Roadway,None,THP District 5 - Fall Branch,THP,Unbelted,-,-,-,-,-,-,-,-,-,ATV_Involved,-,-,Jefferson,Not in City Limit,6
105177,400483481,0,1,35.88316,-84.81571,6,2026-03-27 08:06:00,2026,3,27,8,6,Friday,08:06,Suspected Serious Injury,Daylight,Clear,Embankment Rock/Stone/Concrete,None,THP District 6 - Cookeville,THP,Unbelted,-,-,-,-,-,-,-,-,-,-,-,-,Cumberland,Not in City Limit,6
105192,400483736,0,1,36.1474,-86.75818,3,2026-03-27 06:17:00,2026,3,27,6,17,Friday,06:17,Suspected Serious Injury,Dark-Lighted,Clear,Pedestrian,None,METROPOLITAN NASHVILLE POLICE DEPT,Other,Unbelted,-,-,-,-,-,-,Pedestrian,-,-,-,-,-,Davidson,Nashville,6
105197,400483775,0,1,35.95083,-86.10015,6,2026-03-27 12:42:00,2026,3,27,12,42,Friday,12:42,Suspected Serious Injury,Daylight,Cloudy,Motor Vehicle-In-Transport On Same Roadway,None,THP District 6 - Cookeville,THP,Unbelted,-,-,-,-,-,-,-,-,-,-,Motorcyclist,-,Cannon,Auburntown,6
105200,400483810,0,1,35.92271,-84.09637,1,2026-03-27 14:23:00,2026,3,27,14,23,Friday,14:23,Suspected Serious Injury,Daylight,Cloudy,Pedestrian,None,KNOXVILLE POLICE DEPT,Other,Unbelted,-,-,-,-,-,-,Pedestrian,-,-,-,-,-,Knox,Knoxville,6
105206,400483880,0,1,35.83281,-85.81441,6,2026-03-27 12:57:00,2026,3,27,12,57,Friday,12:57,Suspected Serious Injury,Daylight,Cloudy,Ditch,None,WARREN CO SHERIFFS DEPT,Other,Unbelted,-,-,-,-,-,-,-,-,-,-,-,-,Warren,Not in City Limit,6
105225,400484046,1,0,35.45686,-86.88542,7,2026-03-27 15:48:00,2026,3,27,15,48,Friday,15:48,Fatal,Daylight,Clear,Highway Traffic Sign Post,None,THP District 7 - Lawrenceburg,THP,Unbelted,-,-,Drug,-,-,-,-,-,-,-,-,-,Marshall,Not in City Limit,6
105237,400484109,0,4,36.06622,-87.8815,3,2026-03-27 16:49:00,2026,3,27,16,49,Friday,16:49,Suspected Serious Injury,Daylight,Cloudy,Embankment Earth,None,THP District 3 - Nashville,THP,Unbelted,-,-,-,-,-,-,-,-,-,-,-,-,Humphreys,Not in City Limit,6
105238,400484118,0,1,35.68748,-85.31938,6,2026-03-25 18:48:00,2026,3,25,18,48,Wednesday,18:48,Suspected Serious Injury,Dark-Not Lighted,Clear,Fence,None,THP District 6 - Cookeville,THP,-,-,-,-,-,-,-,-,-,-,-,Motorcyclist,-,Van Buren,Not in City Limit,4
105241,400484129,0,2,35.1492,-85.53556,2,2026-03-27 19:37:00,2026,3,27,19,37,Friday,19:37,Suspected Serious Injury,Dark-Not Lighted,Cloudy,Ditch,None,THP District 2 - Chattanooga,THP,Unbelted,-,-,-,-,-,-,-,-,-,-,Motorcyclist,-,Marion,Not in City Limit,6
105248,400484222,0,1,35.49727,-88.15765,8,2026-03-27 20:20:00,2026,3,27,20,20,Friday,20:20,Suspected Serious Injury,Dark-Not Lighted,Cloudy,Standing Tree,None,THP District 8 - Jackson,THP,Unbelted,-,-,-,-,-,-,-,-,-,-,-,-,Decatur,Not in City Limit,6
105271,400484616,1,0,35.93627,-87.5773,7,2026-03-28 07:05:00,2026,3,28,7,5,Saturday,07:05,Fatal,Dawn,Clear,"Over Turn, Roll Over",None,THP District 7 - Lawrenceburg,THP,Unbelted,-,-,-,-,-,-,-,-,-,-,-,-,Hickman,Not in City Limit,7
105285,400484801,0,1,36.06488,-86.02821,6,2026-03-27 23:01:00,2026,3,27,23,1,Friday,23:01,Suspected Serious Injury,Dark-Not Lighted,Clear,Motor Vehicle-In-Transport On Same Roadway,Construction Zone,THP District 6 - Cookeville,THP,Unbelted,-,Drinking,-,-,-,-,-,-,-,-,-,-,DeKalb,Alexandria,6
105286,400484810,0,4,35.53242,-89.67973,4,2026-03-24 17:34:00,2026,3,24,17,34,Tuesday,17:34,Suspected Serious Injury,Daylight,Clear,Motor Vehicle-In-Transport On Same Roadway,None,THP District 4 - Memphis,THP,Unbelted,-,-,-,-,-,-,-,-,-,ATV_Involved,-,-,Tipton,Covington,3
105298,400484886,0,2,35.92216,-84.06226,1,2026-03-28 16:13:00,2026,3,28,16,13,Saturday,16:13,Suspected Serious Injury,Daylight,Clear,Motor Vehicle-In-Transport On Same Roadway,None,KNOXVILLE POLICE DEPT,Other,Unbelted,-,-,-,-,-,-,-,-,-,-,-,-,Knox,Knoxville,7
105314,400485060,0,1,35.00479,-89.3486,4,2026-03-28 21:35:00,2026,3,28,21,35,Saturday,21:35,Suspected Serious Injury,Dark-Not Lighted,Clear,Ditch,None,FAYETTE CO SHERIFF'S OFFICE,Other,Unbelted,-,-,-,-,-,-,-,-,-,-,-,-,Fayette,Not in City Limit,7
105315,400485066,0,1,35.4656,-88.16648,8,2026-03-28 19:01:00,2026,3,28,19,1,Saturday,19:01,Suspected Serious Injury,Daylight,Clear,Ridden Animal/Drawn Conveyance,None,THP District 8 - Jackson,THP,Unbelted,-,-,-,-,-,-,-,Other_NM,-,-,-,-,Decatur,Not in City Limit,7
105342,400485456,0,1,36.02385,-83.71714,1,2026-03-29 11:22:00,2026,3,29,11,22,Sunday,11:22,Suspected Serious Injury,Daylight,Clear,Motor Vehicle-In-Transport On Same Roadway,None,KNOX CO SHERIFFS OFFICE,Other,Unbelted,-,Drinking,-,-,-,-,-,-,-,-,Motorcyclist,-,Knox,Not in City Limit,1
105344,400485471,0,2,35.24368,-89.70081,4,2026-03-29 09:45:00,2026,3,29,9,45,Sunday,09:45,Suspected Serious Injury,Daylight,Clear,Motor Vehicle-In-Transport On Same Roadway,None,THP District 4 - Memphis,THP,Unbelted,-,-,-,-,-,-,-,-,-,-,-,-,Shelby,Lakeland,1
105349,400485559,0,2,36.24533,-86.74633,3,2026-03-29 14:00:00,2026,3,29,14,0,Sunday,14:00,Suspected Serious Injury,,Clear,Motor Vehicle-In-Transport On Same Roadway,None,METROPOLITAN NASHVILLE POLICE DEPT,Other,Unbelted,-,-,-,-,-,-,-,-,-,-,-,-,Davidson,Nashville,1
105355,400485633,0,1,36.50927,-86.01014,6,2026-03-29 07:51:00,2026,3,29,7,51,Sunday,07:51,Suspected Serious Injury,Daylight,Clear,Ditch,None,LAFAYETTE POLICE DEPT,Other,Unbelted,Distracted,-,-,-,-,-,-,-,-,-,-,-,Macon,Lafayette,1
105360,400485719,0,1,36.53147,-87.46294,3,2026-03-29 12:35:00,2026,3,29,12,35,Sunday,12:35,Suspected Serious Injury,Daylight,Clear,Ditch,None,THP District 3 - Nashville,THP,Unbelted,-,-,-,-,-,-,-,-,-,-,-,-,Montgomery,Not in City Limit,1
105372,400485863,0,2,36.05392,-86.77551,3,2026-03-29 19:07:00,2026,3,29,19,7,Sunday,19:07,Suspected Serious Injury,Dark-Lighted,Clear,Embankment Rock/Stone/Concrete,None,METROPOLITAN NASHVILLE POLICE DEPT,Other,Unbelted,-,-,-,-,-,-,-,-,-,-,-,-,Davidson,Nashville,1
105380,400485939,0,3,36.03123,-84.32461,1,2026-03-29 20:17:00,2026,3,29,20,17,Sunday,20:17,Suspected Serious Injury,Dark-Lighted,Clear,Motor Vehicle-In-Transport On Same Roadway,None,OLIVER SPRINGS POLICE DEPT,Other,Unbelted,-,-,-,-,-,-,-,-,-,-,-,-,Anderson,Oliver Springs,1
105398,400486137,1,0,36.2631,-87.12439,3,2026-03-30 06:46:00,2026,3,30,6,46,Monday,06:46,Fatal,Dawn,Cloudy,Highway Traffic Sign Post,None,THP District 3 - Nashville,THP,Unbelted,-,-,-,-,-,-,-,-,-,-,-,-,Cheatham,Not in City Limit,2
105401,400486180,1,0,35.81401,-83.57822,1,2026-03-30 07:52:00,2026,3,30,7,52,Monday,07:52,Fatal,Daylight,Clear,Traffic Signal Support,None,PIGEON FORGE POLICE DEPT,Other,Unbelted,-,-,-,-,-,-,-,-,-,-,-,-,Sevier,Pigeon Forge,2