OBJECTID,MRN,Fatality,Injury,Latitude,Longitude,THP_District,Collision_Date,Collision_Year,Collision_Month,Collision_Day,Collision_Hour,Collision_Min,Collision_DOW,Collision_Time,Crash_Type,Light_Condition,Weather,First_Harmfu_Event,Work_Zone_Type,Agency_Name,THP,Unbelted,Distracted_Driver,Driver_Drinking,Driver_Drugged,Drowsy_Driver,Speeding_Involved,Pedalcyclist,Pedestrian,Other_Nonmotorist,ATV_Involved,LargeTruck_Involved,Motorcycle_Involved,SchoolBus,County,City,DOW_Nmb
105405,400486208,0,1,36.29045,-87.98733,8,2026-03-22 13:03:00,2026,3,22,13,3,Sunday,13:03,Suspected Serious Injury,Daylight,Clear,Ditch,None,THP District 8 - Jackson,THP,-,-,-,-,-,-,-,-,-,-,-,Motorcyclist,-,Benton,Not in City Limit,1
105407,400486238,1,0,35.97171,-83.6029,1,2026-03-30 00:00:00,2026,3,30,24,0,Monday,24:00,Fatal,Dark-Lighted,Clear,Pedestrian,None,SEVIERVILLE POLICE DEPT,Other,Unbelted,-,-,-,-,-,-,Pedestrian,-,-,-,-,-,Sevier,Sevierville,2
105409,400486257,0,1,35.07151,-90.09104,4,2026-03-30 08:25:00,2026,3,30,8,25,Monday,08:25,Suspected Serious Injury,Daylight,Cloudy,Motor Vehicle-In-Transport On Same Roadway,None,THP District 10 - Motor Carrier Plus,THP,Unbelted,-,-,-,-,-,-,-,-,-,ATV_Involved,-,-,Shelby,Memphis,2
105410,400486265,2,0,35.43477,-89.73127,4,2026-03-30 11:31:00,2026,3,30,11,31,Monday,11:31,Fatal,Daylight,Clear,Motor Vehicle-In-Transport On Same Roadway,None,THP District 4 - Memphis,THP,Unbelted,-,-,-,-,-,-,-,-,-,ATV_Involved,-,-,Tipton,Not in City Limit,2
105415,400486315,1,0,35.96692,-83.94588,1,2026-03-30 09:00:00,2026,3,30,9,0,Monday,09:00,Fatal,Daylight,Cloudy,Curb,None,KNOXVILLE POLICE DEPT,Other,Unbelted,-,-,-,-,-,-,Pedestrian,-,-,-,-,-,Knox,Knoxville,2
105422,400486423,1,0,36.13232,-84.39117,1,2026-03-29 13:30:00,2026,3,29,13,30,Sunday,13:30,Fatal,Daylight,Clear,Embankment Earth,None,THP District 1 - Knoxville,THP,-,-,Drinking,-,-,-,-,-,-,-,-,Motorcyclist,-,Anderson,Not in City Limit,1
105429,400486499,0,1,35.54884,-86.44962,7,2026-03-26 17:06:00,2026,3,26,17,6,Thursday,17:06,Suspected Serious Injury,Daylight,Cloudy,Other Non-Collision,None,SHELBYVILLE POLICE DEPT,Other,-,-,-,-,-,-,-,-,-,-,-,Motorcyclist,-,Bedford,Shelbyville,5
105448,400486657,0,3,35.41654,-86.23369,2,2026-03-30 15:50:00,2026,3,30,15,50,Monday,15:50,Suspected Serious Injury,Daylight,Clear,Motor Vehicle-In-Transport On Same Roadway,None,THP District 2 - Chattanooga,THP,Unbelted,-,-,-,-,-,-,-,-,-,-,-,-,Coffee,Not in City Limit,2
105457,400486769,0,2,35.97901,-84.16266,1,2026-03-30 21:39:00,2026,3,30,21,39,Monday,21:39,Suspected Serious Injury,Dark-Not Lighted,Clear,Motor Vehicle-In-Transport On Same Roadway,None,THP District 1 - Knoxville,THP,Unbelted,-,Drinking,Drug,-,-,-,-,-,-,-,-,-,Knox,Not in City Limit,2
105464,400486809,0,1,36.16696,-86.58462,3,2026-03-30 20:23:00,2026,3,30,20,23,Monday,20:23,Suspected Serious Injury,Dark-Not Lighted,Clear,Mail Box,None,METROPOLITAN NASHVILLE POLICE DEPT,Other,Unbelted,-,Drinking,-,-,-,-,-,-,-,-,-,-,Davidson,Nashville,2
105468,400486836,0,1,35.99967,-83.96625,1,2026-03-31 02:35:00,2026,3,31,2,35,Tuesday,02:35,Suspected Serious Injury,Dark-Lighted,Clear,Curb,None,KNOXVILLE POLICE DEPT,Other,Unbelted,-,Drinking,-,-,-,-,-,-,-,-,-,-,Knox,Knoxville,3
105474,400486867,0,1,36.3415,-83.03594,5,2026-03-30 12:02:00,2026,3,30,12,2,Monday,12:02,Suspected Serious Injury,Daylight,Clear,Embankment Earth,None,THP District 5 - Fall Branch,THP,Unbelted,-,-,-,-,-,-,-,-,-,-,-,-,Hawkins,Not in City Limit,2
105484,400486949,0,5,36.28212,-86.38697,3,2026-03-28 17:50:00,2026,3,28,17,50,Saturday,17:50,Suspected Serious Injury,Daylight,Clear,Motor Vehicle-In-Transport On Same Roadway,None,THP District 3 - Nashville,THP,Unbelted,-,Drinking,Drug,-,-,-,-,-,-,-,-,-,Wilson,Not in City Limit,7
105508,400487286,0,6,36.10929,-86.62989,3,2026-03-31 08:30:00,2026,3,31,8,30,Tuesday,08:30,Suspected Serious Injury,Daylight,Clear,Motor Vehicle-In-Transport On Same Roadway,None,METROPOLITAN NASHVILLE POLICE DEPT,Other,Unbelted,-,-,-,-,-,-,-,-,-,-,-,-,Davidson,Nashville,3
105518,400487390,0,1,36.0365,-89.43489,8,2026-03-31 13:02:00,2026,3,31,13,2,Tuesday,13:02,Suspected Serious Injury,Daylight,Clear,"Over Turn, Roll Over",None,THP District 8 - Jackson,THP,Unbelted,Distracted,-,-,-,Speeding,-,-,-,-,-,-,-,Dyer,Not in City Limit,3
105528,400487542,0,1,35.03565,-86.72713,7,2026-03-30 21:51:00,2026,3,30,21,51,Monday,21:51,Suspected Serious Injury,Dark-Not Lighted,Clear,Ditch,None,THP District 7 - Lawrenceburg,THP,Unbelted,-,-,-,-,-,-,-,-,-,-,-,-,Lincoln,Not in City Limit,2
105537,400487588,0,1,35.52585,-85.88194,2,2026-03-31 00:00:00,2026,3,31,24,0,Tuesday,24:00,Suspected Serious Injury,Daylight,Clear,Ditch,None,THP District 2 - Chattanooga,THP,-,-,-,-,-,-,-,-,-,-,-,Motorcyclist,-,Coffee,Not in City Limit,3
105540,400487604,0,1,35.35358,-84.43225,2,2026-03-31 17:48:00,2026,3,31,17,48,Tuesday,17:48,Suspected Serious Injury,Daylight,Clear,Fence,None,THP District 2 - Chattanooga,THP,-,-,-,-,-,-,-,-,-,-,-,Motorcyclist,-,McMinn,Not in City Limit,3
105541,400487609,0,1,36.43384,-88.1874,8,2026-03-31 13:31:00,2026,3,31,13,31,Tuesday,13:31,Suspected Serious Injury,Daylight,Clear,Motor Vehicle-In-Transport On Same Roadway,None,THP District 8 - Jackson,THP,Unbelted,-,-,-,-,-,-,-,-,-,-,-,-,Henry,Not in City Limit,3
105546,400487657,0,1,35.0207,-89.76532,4,2026-03-28 00:00:00,2026,3,28,24,0,Saturday,24:00,Suspected Serious Injury,Dark-Not Lighted,Unknown,Utility Pole,None,THP District 4 - Memphis,THP,Unbelted,-,Drinking,Drug,-,-,-,-,-,-,-,-,-,Shelby,Not in City Limit,7
105553,400487681,0,1,36.56458,-82.63152,5,2026-03-26 23:11:00,2026,3,26,23,11,Thursday,23:11,Suspected Serious Injury,Dark-Not Lighted,Clear,"Over Turn, Roll Over",None,THP District 5 - Fall Branch,THP,-,-,-,-,-,-,-,-,-,-,-,Motorcyclist,-,Hawkins,Not in City Limit,5
105560,400487753,0,1,36.30956,-86.88257,3,2026-04-01 04:02:00,2026,4,1,4,2,Wednesday,04:02,Suspected Serious Injury,Dark-Not Lighted,Clear,Standing Tree,None,METROPOLITAN NASHVILLE POLICE DEPT,Other,Unbelted,-,-,-,-,-,-,-,-,-,-,-,-,Davidson,Nashville,4
105563,400487777,1,0,35.27303,-89.56141,4,2026-03-30 00:00:00,2026,3,30,24,0,Monday,24:00,Fatal,Dark-Not Lighted,Clear,Guard Rail End,None,THP District 4 - Memphis,THP,Unbelted,-,-,-,-,Speeding,-,-,-,-,-,-,-,Fayette,Not in City Limit,2
105573,400487912,0,1,35.99285,-86.52805,3,2026-04-01 08:28:00,2026,4,1,8,28,Wednesday,08:28,Suspected Serious Injury,Daylight,Clear,Motor Vehicle-In-Transport On Same Roadway,None,SMYRNA POLICE DEPT,Other,Unbelted,-,-,-,-,-,-,-,-,-,-,-,-,Rutherford,Smyrna,4
105575,400487916,1,1,35.86373,-83.51401,1,2026-03-31 18:10:00,2026,3,31,18,10,Tuesday,18:10,Fatal,Daylight,Clear,Motor Vehicle-In-Transport On Same Roadway,None,SEVIERVILLE POLICE DEPT,Other,Unbelted,-,-,-,-,-,-,-,-,-,-,Motorcyclist,-,Sevier,Sevierville,3
105583,400488108,0,1,36.10418,-85.42775,6,2026-04-01 08:07:00,2026,4,1,8,7,Wednesday,08:07,Suspected Serious Injury,Daylight,Clear,Standing Tree,None,THP District 6 - Cookeville,THP,Unbelted,-,-,-,-,-,-,-,-,-,-,-,-,Putnam,Not in City Limit,4
105594,400488303,0,1,35.62344,-86.2052,2,2026-04-01 13:32:00,2026,4,1,13,32,Wednesday,13:32,Suspected Serious Injury,Daylight,Clear,Standing Tree,None,THP District 2 - Chattanooga,THP,Unbelted,-,-,-,-,-,-,-,-,-,-,-,-,Coffee,Not in City Limit,4
105601,400488378,0,2,35.33241,-87.43034,7,2026-03-31 18:53:00,2026,3,31,18,53,Tuesday,18:53,Suspected Serious Injury,Daylight,Clear,Standing Tree,None,THP District 7 - Lawrenceburg,THP,Unbelted,-,-,-,-,-,-,-,-,-,-,-,-,Lawrence,Not in City Limit,3
105618,400488483,0,1,35.95417,-87.13149,3,2026-04-01 16:30:00,2026,4,1,16,30,Wednesday,16:30,Suspected Serious Injury,Daylight,Clear,Curb,None,FAIRVIEW POLICE DEPT,Other,Unbelted,-,-,-,-,-,-,-,-,-,-,-,-,Williamson,Fairview,4
105636,400488610,0,2,36.63145,-87.31946,3,2026-04-01 17:54:00,2026,4,1,17,54,Wednesday,17:54,Suspected Serious Injury,Daylight,Clear,Motor Vehicle-In-Transport On Same Roadway,None,THP District 3 - Nashville,THP,Unbelted,-,-,-,-,-,-,-,-,-,-,-,-,Montgomery,Clarksville,4
105637,400488615,1,0,36.17159,-87.42313,3,2026-04-01 17:18:00,2026,4,1,17,18,Wednesday,17:18,Fatal,Daylight,Clear,Embankment Earth,None,THP District 3 - Nashville,THP,-,-,-,-,-,-,-,-,-,-,-,Motorcyclist,-,Dickson,Not in City Limit,4
105640,400488633,0,1,36.19423,-86.29259,3,2026-04-01 19:54:00,2026,4,1,19,54,Wednesday,19:54,Suspected Serious Injury,Dark-Lighted,Clear,Pedal-Cycle,None,LEBANON POLICE DEPT,Other,Unbelted,-,-,-,-,-,Pedalcyclist,-,-,-,-,-,-,Wilson,Lebanon,4
105646,400488697,0,3,36.07045,-86.46444,3,2026-04-01 22:39:00,2026,4,1,22,39,Wednesday,22:39,Suspected Serious Injury,Dark-Not Lighted,Clear,Motor Vehicle-In-Transport On Same Roadway,None,THP District 3 - Nashville,THP,Unbelted,-,-,-,-,-,-,-,-,-,-,-,-,Wilson,Not in City Limit,4
105648,400488704,0,1,35.72907,-87.12131,7,2026-03-29 18:52:00,2026,3,29,18,52,Sunday,18:52,Suspected Serious Injury,Dusk,Clear,Embankment Earth,None,MAURY CO SHERIFFS DEPT,Other,-,-,Drinking,-,-,Speeding,-,-,-,-,-,Motorcyclist,-,Maury,Not in City Limit,1
105656,400488789,0,4,35.70379,-88.6772,8,2026-04-01 12:25:00,2026,4,1,12,25,Wednesday,12:25,Suspected Serious Injury,Daylight,Clear,Motor Vehicle-In-Transport On Same Roadway,None,THP District 8 - Jackson,THP,Unbelted,-,-,-,Drowsy,-,-,Pedestrian,-,-,-,-,-,Madison,Not in City Limit,4
105661,400488848,0,1,36.15295,-88.65033,8,2026-04-02 06:10:00,2026,4,2,6,10,Thursday,06:10,Suspected Serious Injury,Dark-Not Lighted,Cloudy,Bridge/Pier Abutment,None,THP District 8 - Jackson,THP,Unbelted,-,-,-,-,-,-,-,-,-,-,-,-,Weakley,Not in City Limit,5
105679,400489027,0,3,35.91696,-83.54675,1,2026-04-02 10:52:00,2026,4,2,10,52,Thursday,10:52,Suspected Serious Injury,Daylight,Clear,Motor Vehicle-In-Transport On Same Roadway,None,THP District 1 - Knoxville,THP,Unbelted,-,-,-,-,-,-,-,-,-,-,-,-,Sevier,Not in City Limit,5
105681,400489083,0,1,36.33794,-88.30221,8,2026-04-02 06:00:00,2026,4,2,6,0,Thursday,06:00,Suspected Serious Injury,Dark-Not Lighted,Clear,Deer,None,THP District 8 - Jackson,THP,-,-,-,-,-,-,-,-,-,-,-,Motorcyclist,-,Henry,Not in City Limit,5
105691,400489200,0,3,36.33511,-87.66767,3,2026-04-02 12:11:00,2026,4,2,12,11,Thursday,12:11,Suspected Serious Injury,Daylight,Clear,Motor Vehicle-In-Transport On Same Roadway,None,THP District 3 - Nashville,THP,Unbelted,-,-,-,-,-,-,-,-,-,ATV_Involved,-,-,Houston,Not in City Limit,5
105694,400489220,0,1,35.95921,-83.9641,1,2026-04-02 00:00:00,2026,4,2,24,0,Thursday,24:00,Suspected Serious Injury,Daylight,Clear,Motor Vehicle-In-Transport On Same Roadway,None,KNOXVILLE POLICE DEPT,Other,Unbelted,Distracted,-,-,Drowsy,-,-,-,-,-,-,-,-,Knox,Knoxville,5
105696,400489242,0,1,35.79167,-85.86458,6,2026-03-31 17:46:00,2026,3,31,17,46,Tuesday,17:46,Suspected Serious Injury,Daylight,Clear,Ditch,None,THP District 6 - Cookeville,THP,-,-,-,-,-,-,-,-,-,-,-,Motorcyclist,-,Warren,Not in City Limit,3
105701,400489291,0,2,36.52436,-82.57946,5,2026-04-02 14:39:00,2026,4,2,14,39,Thursday,14:39,Suspected Serious Injury,Daylight,Clear,Motor Vehicle-In-Transport On Same Roadway,None,THP District 5 - Fall Branch,THP,Unbelted,-,-,-,-,-,-,-,-,-,ATV_Involved,Motorcyclist,-,Sullivan,Kingsport,5
105712,400489409,0,1,35.87468,-84.64452,1,2026-04-02 16:32:00,2026,4,2,16,32,Thursday,16:32,Suspected Serious Injury,Daylight,Clear,Motor Vehicle-In-Transport On Same Roadway,None,ROCKWOOD POLICE DEPT,Other,Unbelted,-,-,-,-,-,-,-,-,-,-,-,-,Roane,Rockwood,5
105716,400489424,0,1,35.61876,-88.82909,8,2026-04-02 16:24:00,2026,4,2,16,24,Thursday,16:24,Suspected Serious Injury,Daylight,Clear,Mail Box,None,JACKSON POLICE DEPT,Other,-,-,Drinking,Drug,-,-,-,-,-,ATV_Involved,-,-,-,Madison,Jackson,5
105731,400489506,0,1,36.23497,-86.71048,3,2026-04-02 16:23:00,2026,4,2,16,23,Thursday,16:23,Suspected Serious Injury,Daylight,Clear,Embankment Earth,None,METROPOLITAN NASHVILLE POLICE DEPT,Other,-,-,-,-,-,-,-,-,-,-,-,Motorcyclist,-,Davidson,Nashville,5
105739,400489569,0,2,35.74712,-88.69427,8,2026-04-02 17:50:00,2026,4,2,17,50,Thursday,17:50,Suspected Serious Injury,Daylight,Cloudy,Motor Vehicle-In-Transport On Same Roadway,None,THP District 8 - Jackson,THP,Unbelted,Distracted,-,-,-,-,-,-,-,-,-,-,-,Madison,Not in City Limit,5
105745,400489618,0,1,36.3096,-86.60581,3,2026-04-02 19:04:00,2026,4,2,19,4,Thursday,19:04,Suspected Serious Injury,Dusk,Clear,Motor Vehicle-In-Transport On Same Roadway,None,HENDERSONVILLE POLICE DEPT,Other,Unbelted,-,-,-,-,-,-,-,-,-,-,-,-,Sumner,Hendersonville,5
105751,400489662,0,1,35.84688,-86.39682,3,2026-04-02 20:30:00,2026,4,2,20,30,Thursday,20:30,Suspected Serious Injury,Dark-Lighted,Clear,Motor Vehicle-In-Transport On Same Roadway,None,MURFREESBORO POLICE DEPT,Other,Unbelted,-,-,-,-,-,-,-,-,-,-,Motorcyclist,-,Rutherford,Murfreesboro,5
105752,400489663,2,1,35.77221,-86.68377,3,2026-03-31 18:38:00,2026,3,31,18,38,Tuesday,18:38,Fatal,Daylight,Clear,Motor Vehicle-In-Transport On Same Roadway,None,THP District 3 - Nashville,THP,Unbelted,-,-,Drug,-,-,-,-,-,-,-,-,-,Williamson,Not in City Limit,3
105758,400489690,0,1,36.18586,-86.2791,3,2026-04-02 21:20:00,2026,4,2,21,20,Thursday,21:20,Suspected Serious Injury,Dark-Lighted,Clear,Guard Rail Face,None,LEBANON POLICE DEPT,Other,Unbelted,-,-,-,-,-,-,-,-,-,-,-,-,Wilson,Lebanon,5
105768,400489772,0,1,36.06076,-86.68067,3,2026-04-03 03:22:00,2026,4,3,3,22,Friday,03:22,Suspected Serious Injury,Dark-Lighted,Clear,Motor Vehicle-In-Transport On Same Roadway,None,METROPOLITAN NASHVILLE POLICE DEPT,Other,Unbelted,-,-,-,-,-,-,-,-,-,-,-,-,Davidson,Nashville,6
105772,400489864,0,1,36.49637,-81.93325,5,2026-04-03 04:40:00,2026,4,3,4,40,Friday,04:40,Suspected Serious Injury,Dark-Not Lighted,Clear,Deer,None,THP District 5 - Fall Branch,THP,-,-,-,-,-,Speeding,-,-,-,-,-,Motorcyclist,-,Johnson,Not in City Limit,6
105776,400489973,0,1,36.35927,-86.16891,6,2026-04-03 07:35:00,2026,4,3,7,35,Friday,07:35,Suspected Serious Injury,Daylight,Cloudy,Ditch,None,HARTSVILLE-TROUSDALE SHERIFFS DEPT,Other,Unbelted,-,-,-,-,-,-,-,-,-,-,-,-,Trousdale,Not in City Limit,6
105777,400490044,0,1,35.89574,-86.73198,3,2026-03-31 13:48:00,2026,3,31,13,48,Tuesday,13:48,Suspected Serious Injury,Daylight,Clear,Ditch,None,WILLIAMSON CO SHERIFFS OFFICE,Other,Unbelted,-,-,-,-,-,-,-,-,-,-,-,-,Williamson,Not in City Limit,3
105780,400490076,0,1,35.45564,-86.52097,7,2026-04-02 11:10:00,2026,4,2,11,10,Thursday,11:10,Suspected Serious Injury,Daylight,Clear,Mail Box,None,THP District 7 - Lawrenceburg,THP,Unbelted,-,-,-,-,-,-,-,-,-,-,-,-,Bedford,Not in City Limit,5
105799,400490510,0,1,35.47604,-86.42488,7,2026-04-03 14:02:00,2026,4,3,14,2,Friday,14:02,Suspected Serious Injury,Daylight,Clear,Ditch,None,SHELBYVILLE POLICE DEPT,Other,Unbelted,-,-,-,-,-,-,-,-,-,-,-,-,Bedford,Shelbyville,6
105803,400490533,0,1,35.99726,-83.96743,1,2026-04-03 15:00:00,2026,4,3,15,0,Friday,15:00,Suspected Serious Injury,Daylight,Clear,Motor Vehicle-In-Transport On Same Roadway,None,KNOXVILLE POLICE DEPT,Other,Unbelted,-,-,-,-,-,-,-,-,-,-,-,-,Knox,Knoxville,6
105805,400490541,0,1,36.07826,-83.94719,1,2026-04-03 14:13:00,2026,4,3,14,13,Friday,14:13,Suspected Serious Injury,Daylight,Clear,Motor Vehicle-In-Transport On Same Roadway,None,THP District 1 - Knoxville,THP,Unbelted,-,-,-,-,-,-,-,-,-,-,-,-,Knox,Not in City Limit,6
105822,400490867,0,2,35.92965,-83.74957,1,2026-04-03 16:25:00,2026,4,3,16,25,Friday,16:25,Suspected Serious Injury,Daylight,Clear,Motor Vehicle-In-Transport On Same Roadway,None,KNOX CO SHERIFFS OFFICE,Other,Unbelted,Distracted,-,-,-,-,-,-,-,-,-,-,-,Knox,Not in City Limit,6
105826,400490974,0,1,36.31546,-83.24792,5,2026-04-03 18:36:00,2026,4,3,18,36,Friday,18:36,Suspected Serious Injury,Daylight,Clear,"Over Turn, Roll Over",None,THP District 5 - Fall Branch,THP,-,-,-,-,-,-,-,-,-,-,-,-,-,Hawkins,Not in City Limit,6
105829,400490985,0,1,36.20759,-86.85803,3,2026-04-03 18:35:00,2026,4,3,18,35,Friday,18:35,Suspected Serious Injury,Daylight,Clear,Motor Vehicle-In-Transport On Same Roadway,None,METROPOLITAN NASHVILLE POLICE DEPT,Other,Unbelted,-,-,-,-,-,-,-,-,-,-,-,-,Davidson,Nashville,6
105831,400491005,0,2,35.53752,-86.70853,7,2026-04-02 20:40:00,2026,4,2,20,40,Thursday,20:40,Suspected Serious Injury,Dark-Not Lighted,Clear,Motor Vehicle-In-Transport On Same Roadway,None,THP District 7 - Lawrenceburg,THP,Unbelted,-,Drinking,Drug,-,-,-,-,-,-,-,-,-,Marshall,Not in City Limit,5
105845,400491118,0,2,36.40255,-83.66577,5,2026-04-03 22:50:00,2026,4,3,22,50,Friday,22:50,Suspected Serious Injury,Dark-Not Lighted,Clear,Motor Vehicle-In-Transport On Same Roadway,None,THP District 5 - Fall Branch,THP,Unbelted,-,Drinking,Drug,-,-,-,-,-,-,-,-,-,Claiborne,Not in City Limit,6
105850,400491155,0,2,36.51134,-82.41776,5,2026-04-03 02:15:00,2026,4,3,2,15,Friday,02:15,Suspected Serious Injury,Dark-Not Lighted,Clear,Motor Vehicle-In-Transport On Same Roadway,None,THP District 5 - Fall Branch,THP,Unbelted,-,Drinking,Drug,-,-,-,-,-,-,ATV_Involved,-,-,Sullivan,Kingsport,6
105854,400491176,1,0,36.15923,-86.86538,3,2026-04-03 23:19:00,2026,4,3,23,19,Friday,23:19,Fatal,Dark-Lighted,Clear,Ditch,None,METROPOLITAN NASHVILLE POLICE DEPT,Other,-,-,-,-,-,Speeding,-,-,-,-,-,Motorcyclist,-,Davidson,Nashville,6
105859,400491193,1,0,36.02599,-83.73528,1,2026-04-04 02:23:00,2026,4,4,2,23,Saturday,02:23,Fatal,Dark-Not Lighted,Clear,Guard Rail Face,None,THP District 1 - Knoxville,THP,-,-,-,-,-,-,-,-,-,-,-,Motorcyclist,-,Knox,Not in City Limit,7
105864,400491214,1,0,35.61342,-86.21239,2,2026-04-04 02:03:00,2026,4,4,2,3,Saturday,02:03,Fatal,Dark-Not Lighted,Clear,Standing Tree,None,THP District 2 - Chattanooga,THP,Unbelted,-,Drinking,-,-,Speeding,-,-,-,-,-,-,-,Coffee,Not in City Limit,7
105873,400491285,0,1,36.21329,-86.62303,3,2026-04-04 02:28:00,2026,4,4,2,28,Saturday,02:28,Suspected Serious Injury,Dark-Not Lighted,Clear,Utility Pole,None,METROPOLITAN NASHVILLE POLICE DEPT,Other,Unbelted,Distracted,Drinking,-,-,-,-,-,-,-,-,-,-,Davidson,Nashville,7
105880,400491405,1,0,36.02289,-83.76361,1,2026-04-04 07:54:00,2026,4,4,7,54,Saturday,07:54,Fatal,Daylight,Clear,Motor Vehicle-In-Transport On Same Roadway,None,THP District 1 - Knoxville,THP,Unbelted,-,-,Drug,-,Speeding,-,-,-,-,-,Motorcyclist,-,Knox,Not in City Limit,7
105903,400491699,1,1,35.99112,-83.96872,1,2026-04-04 14:25:00,2026,4,4,14,25,Saturday,14:25,Fatal,Daylight,Cloudy,"Over Turn, Roll Over",None,KNOXVILLE POLICE DEPT,Other,-,-,-,-,-,-,-,-,-,-,-,-,-,Knox,Knoxville,7
105904,400491701,0,1,36.14161,-85.38485,6,2026-04-04 13:10:00,2026,4,4,13,10,Saturday,13:10,Suspected Serious Injury,Daylight,Clear,Motor Vehicle-In-Transport On Same Roadway,None,THP District 6 - Cookeville,THP,Unbelted,-,-,-,-,Speeding,-,-,-,-,-,Motorcyclist,-,Putnam,Not in City Limit,7
105907,400491752,0,1,35.55525,-89.82701,4,2026-03-28 19:20:00,2026,3,28,19,20,Saturday,19:20,Suspected Serious Injury,Dusk,Clear,Standing Tree,None,THP District 4 - Memphis,THP,Unbelted,-,Drinking,-,-,-,-,-,-,-,-,-,-,Tipton,Gilt Edge,7
105918,400491825,0,1,35.76522,-86.16884,6,2026-04-04 16:15:00,2026,4,4,16,15,Saturday,16:15,Suspected Serious Injury,Daylight,Cloudy,Ditch,None,THP District 6 - Cookeville,THP,-,-,-,-,-,-,-,-,-,ATV_Involved,-,-,-,Cannon,Not in City Limit,7
105926,400491867,0,3,35.92644,-86.21008,3,2026-04-04 14:19:00,2026,4,4,14,19,Saturday,14:19,Suspected Serious Injury,Daylight,Clear,Wall,None,THP District 3 - Nashville,THP,Unbelted,-,-,Drug,-,-,-,-,-,-,-,-,-,Rutherford,OTHER,7
105934,400491952,0,1,36.15213,-86.77234,3,2026-04-04 19:46:00,2026,4,4,19,46,Saturday,19:46,Suspected Serious Injury,Dark-Lighted,Rain,Pedestrian,None,METROPOLITAN NASHVILLE POLICE DEPT,Other,Unbelted,-,-,-,-,-,-,Pedestrian,-,-,-,-,-,Davidson,Nashville,7
105955,400492068,0,1,35.93234,-85.4763,6,2026-04-04 20:02:00,2026,4,4,20,2,Saturday,20:02,Suspected Serious Injury,Dark-Lighted,Clear,Non-Motorist Personal Conveyance,None,SPARTA POLICE DEPT,Other,Unbelted,-,-,-,-,-,Pedalcyclist,-,-,-,-,-,-,White,Sparta,7
105961,400492096,1,0,35.33351,-85.31136,2,2026-04-04 21:35:00,2026,4,4,21,35,Saturday,21:35,Fatal,Dark-Not Lighted,Cloudy,Embankment Earth,None,THP District 2 - Chattanooga,THP,Unbelted,-,Drinking,Drug,-,-,-,-,-,-,-,-,-,Sequatchie,Not in City Limit,7
105963,400492100,0,1,36.16541,-83.6522,5,2026-04-02 22:54:00,2026,4,2,22,54,Thursday,22:54,Suspected Serious Injury,Dark-Not Lighted,Clear,Standing Tree,None,THP District 5 - Fall Branch,THP,Unbelted,-,Drinking,Drug,-,Speeding,-,-,-,-,-,-,-,Grainger,Not in City Limit,5
105969,400492134,0,1,35.28661,-86.16762,2,2026-04-05 02:01:00,2026,4,5,2,1,Sunday,02:01,Suspected Serious Injury,Dark-Not Lighted,Rain,Ditch,None,ESTILL SPRINGS POLICE DEPT,Other,Unbelted,-,-,-,-,-,-,-,-,-,-,-,-,Franklin,Estill Springs,1
105976,400492165,1,0,36.26554,-86.75694,3,2026-04-05 00:31:00,2026,4,5,0,31,Sunday,00:31,Fatal,Dark-Lighted,Rain,Other Post/Pole Support,None,METROPOLITAN NASHVILLE POLICE DEPT,Other,Unbelted,-,-,-,-,Speeding,-,-,-,-,-,-,-,Davidson,Nashville,1
105979,400492168,2,0,36.14677,-86.75628,3,2026-04-05 01:57:00,2026,4,5,1,57,Sunday,01:57,Fatal,Dark-Not Lighted,Rain,Pedestrian,None,METROPOLITAN NASHVILLE POLICE DEPT,Other,Unbelted,-,-,-,-,Speeding,-,Pedestrian,-,-,-,-,-,Davidson,Nashville,1
106007,400492508,0,1,35.50333,-84.95475,2,2026-04-03 19:09:00,2026,4,3,19,9,Friday,19:09,Suspected Serious Injury,Daylight,Clear,Motor Vehicle-In-Transport On Same Roadway,None,THP District 2 - Chattanooga,THP,Unbelted,-,-,-,-,-,-,-,-,-,-,-,-,Rhea,Not in City Limit,6
106012,400492546,0,1,35.82591,-86.46196,3,2026-04-05 15:00:00,2026,4,5,15,0,Sunday,15:00,Suspected Serious Injury,Daylight,Clear,Motor Vehicle-In-Transport On Same Roadway,None,MURFREESBORO POLICE DEPT,Other,Unbelted,-,-,-,-,-,-,-,-,-,-,Motorcyclist,-,Rutherford,Murfreesboro,1
106015,400492611,0,3,36.3463,-84.58972,1,2026-04-05 17:19:00,2026,4,5,17,19,Sunday,17:19,Suspected Serious Injury,Daylight,Clear,Ditch,None,THP District 1 - Knoxville,THP,Unbelted,-,-,-,Drowsy,-,-,-,-,-,-,-,-,Scott,Not in City Limit,1
106019,400492645,1,0,36.08942,-89.5693,8,2026-04-05 12:00:00,2026,4,5,12,0,Sunday,12:00,Fatal,Daylight,Clear,Embankment Earth,None,THP District 8 - Jackson,THP,Unbelted,-,-,Drug,-,-,-,-,-,-,-,-,-,Dyer,Not in City Limit,1
106020,400492650,0,1,35.86865,-88.0803,8,2026-03-27 12:46:00,2026,3,27,12,46,Friday,12:46,Suspected Serious Injury,Daylight,Cloudy,Other Non-Collision,None,THP District 8 - Jackson,THP,-,-,-,-,-,-,-,-,-,-,-,Motorcyclist,-,Benton,Not in City Limit,6