OBJECTID,MRN,Fatality,Injury,Latitude,Longitude,THP_District,Collision_Date,Collision_Year,Collision_Month,Collision_Day,Collision_Hour,Collision_Min,Collision_DOW,Collision_Time,Crash_Type,Light_Condition,Weather,First_Harmfu_Event,Work_Zone_Type,Agency_Name,THP,Unbelted,Distracted_Driver,Driver_Drinking,Driver_Drugged,Drowsy_Driver,Speeding_Involved,Pedalcyclist,Pedestrian,Other_Nonmotorist,ATV_Involved,LargeTruck_Involved,Motorcycle_Involved,SchoolBus,County,City,DOW_Nmb
106029,400492709,0,1,36.4216,-88.29637,8,2026-03-27 08:39:00,2026,3,27,8,39,Friday,08:39,Suspected Serious Injury,Daylight,Cloudy,Ditch,None,THP District 8 - Jackson,THP,Unbelted,-,-,-,-,-,-,-,-,-,-,-,-,Henry,Not in City Limit,6
106030,400492740,0,1,36.02796,-88.71858,8,2026-04-05 00:18:00,2026,4,5,0,18,Sunday,00:18,Suspected Serious Injury,Dark-Not Lighted,Cloudy,Ditch,None,THP District 8 - Jackson,THP,-,-,-,-,Drowsy,-,-,-,-,-,-,-,-,Gibson,Not in City Limit,1
106034,400492766,0,1,35.4016,-89.8809,4,2026-04-05 00:00:00,2026,4,5,24,0,Sunday,24:00,Suspected Serious Injury,Daylight,Clear,Culvert,None,THP District 4 - Memphis,THP,-,-,-,-,-,-,-,-,-,-,-,Motorcyclist,-,Tipton,Not in City Limit,1
106038,400492784,0,3,36.36174,-88.33431,8,2026-03-28 09:46:00,2026,3,28,9,46,Saturday,09:46,Suspected Serious Injury,Daylight,Clear,Motor Vehicle-In-Transport On Same Roadway,None,THP District 8 - Jackson,THP,Unbelted,Distracted,-,-,-,-,-,-,-,-,-,-,-,Henry,Not in City Limit,7
106039,400492788,0,1,36.33089,-82.26424,5,2026-03-26 17:50:00,2026,3,26,17,50,Thursday,17:50,Suspected Serious Injury,Daylight,Clear,Pedal-Cycle,None,ELIZABETHTON POLICE DEPT,Other,Unbelted,-,-,-,-,-,Pedalcyclist,-,-,-,-,-,-,Carter,Elizabethton,5
106050,400492864,0,1,36.2024,-82.71863,5,2026-04-05 22:54:00,2026,4,5,22,54,Sunday,22:54,Suspected Serious Injury,Dark-Not Lighted,Cloudy,Guard Rail Face,None,THP District 5 - Fall Branch,THP,Unbelted,-,-,-,-,Speeding,-,-,-,-,-,-,-,Greene,Not in City Limit,1
106079,400493121,0,2,36.44268,-82.55036,5,2026-04-06 11:13:00,2026,4,6,11,13,Monday,11:13,Suspected Serious Injury,Daylight,Clear,"Over Turn, Roll Over",None,THP District 5 - Fall Branch,THP,Unbelted,-,-,-,-,-,-,-,-,-,ATV_Involved,-,-,Sullivan,Kingsport,2
106094,400493244,1,1,35.35631,-89.89522,4,2026-04-06 12:10:00,2026,4,6,12,10,Monday,12:10,Fatal,Daylight,Clear,Motor Vehicle-In-Transport On Same Roadway,None,THP District 4 - Memphis,THP,Unbelted,-,-,-,-,-,-,-,-,-,-,Motorcyclist,-,Shelby,Millington,2
106110,400493419,1,0,35.54961,-88.17639,8,2026-04-05 09:55:00,2026,4,5,9,55,Sunday,09:55,Fatal,Daylight,Clear,Ditch,None,THP District 8 - Jackson,THP,Unbelted,-,-,-,-,-,-,-,-,-,-,-,-,Decatur,Not in City Limit,1
106121,400493486,0,1,35.85001,-84.72647,1,2026-04-03 20:04:00,2026,4,3,20,4,Friday,20:04,Suspected Serious Injury,Dusk,Clear,Guard Rail Face,None,THP District 1 - Knoxville,THP,-,-,-,-,-,-,-,-,-,-,-,Motorcyclist,-,Roane,Not in City Limit,6
106124,400493496,1,2,36.20899,-86.79517,3,2026-04-06 14:34:00,2026,4,6,14,34,Monday,14:34,Fatal,Daylight,Clear,Motor Vehicle-In-Transport On Same Roadway,Construction Zone,METROPOLITAN NASHVILLE POLICE DEPT,Other,Unbelted,-,-,Drug,-,Speeding,-,-,-,-,-,-,-,Davidson,Nashville,2
106139,400493636,0,3,36.29847,-86.71286,3,2026-04-06 21:00:00,2026,4,6,21,0,Monday,21:00,Suspected Serious Injury,Dark-Lighted,Clear,Motor Vehicle-In-Transport On Same Roadway,None,GOODLETTSVILLE POLICE DEPT,Other,Unbelted,-,-,-,-,-,-,-,-,-,ATV_Involved,-,-,Davidson,Goodlettsville,2
106145,400493674,0,2,35.56309,-85.99827,2,2026-04-04 00:00:00,2026,4,4,24,0,Saturday,24:00,Suspected Serious Injury,Dark-Not Lighted,Rain,Ditch,None,COFFEE CO SHERIFFS DEPT,Other,Unbelted,-,-,-,-,Speeding,-,-,-,-,-,-,-,Coffee,Not in City Limit,7
106147,400493693,0,1,36.3516,-83.44465,5,2026-04-06 15:05:00,2026,4,6,15,5,Monday,15:05,Suspected Serious Injury,Daylight,Clear,Fence,None,THP District 5 - Fall Branch,THP,Unbelted,-,-,-,-,-,-,-,-,-,ATV_Involved,-,-,Grainger,Not in City Limit,2
106152,400493739,0,1,36.13846,-84.04278,1,2026-04-07 06:34:00,2026,4,7,6,34,Tuesday,06:34,Suspected Serious Injury,Dawn,Clear,Motor Vehicle-In-Transport On Same Roadway,None,ANDERSON CO SHERIFFS DEPT,Other,Unbelted,-,-,-,Drowsy,-,-,-,-,-,ATV_Involved,-,-,Anderson,Not in City Limit,3
106157,400493788,1,3,35.04183,-84.90447,2,2026-04-07 07:26:00,2026,4,7,7,26,Tuesday,07:26,Fatal,Daylight,Clear,Motor Vehicle-In-Transport On Same Roadway,None,THP District 2 - Chattanooga,THP,Unbelted,-,-,Drug,-,-,-,-,-,-,-,-,-,Bradley,Not in City Limit,3
106162,400493866,1,0,35.07428,-84.89278,2,2026-04-07 09:42:00,2026,4,7,9,42,Tuesday,09:42,Fatal,Daylight,Clear,Motor Vehicle-In-Transport On Same Roadway,None,THP District 2 - Chattanooga,THP,Unbelted,-,-,-,-,-,-,-,-,-,ATV_Involved,-,-,Bradley,Not in City Limit,3
106168,400493906,0,1,36.07216,-83.38198,5,2026-04-07 08:41:00,2026,4,7,8,41,Tuesday,08:41,Suspected Serious Injury,Daylight,Clear,Motor Vehicle-In-Transport On Same Roadway,None,THP District 5 - Fall Branch,THP,Unbelted,-,-,Drug,-,-,-,-,-,-,-,-,-,Jefferson,Not in City Limit,3
106169,400493912,0,1,35.50928,-86.45643,7,2026-04-07 09:02:00,2026,4,7,9,2,Tuesday,09:02,Suspected Serious Injury,Daylight,Clear,Pedal-Cycle,None,SHELBYVILLE POLICE DEPT,Other,Unbelted,-,-,-,-,-,Pedalcyclist,-,-,-,-,-,-,Bedford,Shelbyville,3
106181,400494077,0,1,36.22834,-84.15873,1,2026-04-04 17:09:00,2026,4,4,17,9,Saturday,17:09,Suspected Serious Injury,Daylight,Clear,Pedal-Cycle,None,ROCKY TOP POLICE DEPT,Other,Unbelted,-,-,-,-,-,Pedalcyclist,-,-,-,-,-,-,Anderson,Rocky Top,7
106184,400494121,0,3,36.19393,-85.61819,6,2026-04-07 12:53:00,2026,4,7,12,53,Tuesday,12:53,Suspected Serious Injury,Daylight,Clear,Motor Vehicle-In-Transport On Same Roadway,None,THP District 6 - Cookeville,THP,Unbelted,-,-,-,-,-,-,-,-,-,-,-,-,Putnam,Not in City Limit,3
106188,400494137,0,2,35.36394,-85.69947,2,2026-04-06 18:00:00,2026,4,6,18,0,Monday,18:00,Suspected Serious Injury,Daylight,Clear,Motor Vehicle-In-Transport On Same Roadway,None,GRUNDY CO SHERIFFS OFFICE,Other,Unbelted,-,-,-,-,-,-,-,-,-,ATV_Involved,-,-,Grundy,Coalmont,2
106200,400494267,0,1,35.96933,-84.1192,1,2026-04-06 19:08:00,2026,4,6,19,8,Monday,19:08,Suspected Serious Injury,Daylight,Cloudy,Utility Pole,None,THP District 1 - Knoxville,THP,Unbelted,-,Drinking,Drug,-,-,-,-,-,-,-,-,-,Knox,Not in City Limit,2
106201,400494268,0,1,35.84544,-86.4844,3,2026-04-07 15:10:00,2026,4,7,15,10,Tuesday,15:10,Suspected Serious Injury,Daylight,Clear,Standing Tree,None,THP District 3 - Nashville,THP,Unbelted,-,Drinking,Drug,-,-,-,-,-,-,-,-,-,Rutherford,Not in City Limit,3
106213,400494365,0,2,36.00231,-83.92987,1,2026-04-07 00:00:00,2026,4,7,24,0,Tuesday,24:00,Suspected Serious Injury,Daylight,Clear,Motor Vehicle-In-Transport On Different Roadway,None,KNOXVILLE POLICE DEPT,Other,-,-,-,-,-,-,-,-,-,-,-,Motorcyclist,-,Knox,Knoxville,3
106225,400494493,0,3,35.80728,-83.92629,1,2026-04-07 21:15:00,2026,4,7,21,15,Tuesday,21:15,Suspected Serious Injury,Dark-Not Lighted,Clear,Utility Pole,None,ALCOA POLICE DEPARTMENT,Other,Unbelted,-,-,-,-,Speeding,-,-,-,-,-,-,-,Blount,Alcoa,3
106232,400494509,0,1,35.83685,-83.58378,1,2026-04-07 21:52:00,2026,4,7,21,52,Tuesday,21:52,Suspected Serious Injury,Dark-Not Lighted,Clear,Ditch,None,SEVIERVILLE POLICE DEPT,Other,-,-,-,-,-,-,-,-,-,-,-,Motorcyclist,-,Sevier,Sevierville,3
106234,400494530,0,1,36.20628,-86.77908,3,2026-04-07 21:25:00,2026,4,7,21,25,Tuesday,21:25,Suspected Serious Injury,Dark-Lighted,Clear,Pedestrian,None,METROPOLITAN NASHVILLE POLICE DEPT,Other,Unbelted,-,-,-,-,-,-,Pedestrian,-,-,-,-,-,Davidson,Nashville,3
106235,400494537,0,3,36.32326,-86.86197,3,2026-04-04 00:00:00,2026,4,4,24,0,Saturday,24:00,Suspected Serious Injury,Dark-Not Lighted,Clear,Motor Vehicle-In-Transport On Same Roadway,None,THP District 3 - Nashville,THP,Unbelted,-,Drinking,Drug,-,-,-,-,-,-,-,Motorcyclist,-,Davidson,Nashville,7
106242,400494595,0,1,35.69647,-85.74768,6,2026-04-08 01:41:00,2026,4,8,1,41,Wednesday,01:41,Suspected Serious Injury,Dark-Lighted,Clear,Traffic Signal Support,None,MCMINNVILLE POLICE DEPT,Other,Unbelted,-,-,Drug,-,-,-,-,-,-,-,-,-,Warren,McMinnville,4
106243,400494600,0,1,36.06111,-87.37935,3,2026-04-07 19:53:00,2026,4,7,19,53,Tuesday,19:53,Suspected Serious Injury,Dark-Lighted,Clear,Motor Vehicle-In-Transport On Same Roadway,None,DICKSON POLICE DEPT,Other,Unbelted,-,-,-,-,-,-,-,-,-,-,Motorcyclist,-,Dickson,Dickson,3
106245,400494615,0,2,36.22593,-82.17314,5,2026-04-07 00:00:00,2026,4,7,24,0,Tuesday,24:00,Suspected Serious Injury,Daylight,Clear,Ditch,None,CARTER CO SHERIFFS DEPT,Other,Unbelted,-,-,-,-,-,-,-,-,-,-,-,-,Carter,Not in City Limit,3
106249,400494644,0,2,35.52,-84.35517,1,2026-04-08 06:20:00,2026,4,8,6,20,Wednesday,06:20,Suspected Serious Injury,Dark-Lighted,Clear,Motor Vehicle-In-Transport On Same Roadway,None,MADISONVILLE POLICE DEPT,Other,Unbelted,-,-,-,-,-,-,-,-,-,-,-,-,Monroe,Madisonville,4
106252,400494752,0,2,36.1848,-86.32591,3,2026-04-08 06:07:00,2026,4,8,6,7,Wednesday,06:07,Suspected Serious Injury,Dawn,Clear,Motor Vehicle-In-Transport On Same Roadway,None,LEBANON POLICE DEPT,Other,Unbelted,-,-,-,-,-,-,-,-,-,-,-,-,Wilson,Lebanon,4
106268,400495029,0,1,35.35445,-86.20879,2,2026-04-06 16:54:00,2026,4,6,16,54,Monday,16:54,Suspected Serious Injury,Daylight,Clear,Motor Vehicle-In-Transport On Same Roadway,None,THP District 2 - Chattanooga,THP,Unbelted,-,-,-,-,-,-,-,-,-,ATV_Involved,-,-,Coffee,Tullahoma,2
106269,400495030,1,1,36.47782,-87.37582,3,2026-04-03 18:18:00,2026,4,3,18,18,Friday,18:18,Fatal,Daylight,Clear,Motor Vehicle-In-Transport On Same Roadway,None,THP District 3 - Nashville,THP,Unbelted,-,-,-,-,-,-,-,-,-,-,Motorcyclist,-,Montgomery,Not in City Limit,6
106282,400495204,1,1,35.9542,-85.03864,6,2026-04-08 15:33:00,2026,4,8,15,33,Wednesday,15:33,Fatal,Daylight,Clear,Motor Vehicle-In-Transport On Same Roadway,None,THP District 6 - Cookeville,THP,Unbelted,-,-,-,-,-,-,-,-,-,ATV_Involved,-,-,Cumberland,Crossville,4
106295,400495342,0,2,36.079,-86.72817,3,2026-04-08 17:11:00,2026,4,8,17,11,Wednesday,17:11,Suspected Serious Injury,Daylight,Clear,Motor Vehicle-In-Transport On Same Roadway,None,METROPOLITAN NASHVILLE POLICE DEPT,Other,Unbelted,-,-,-,-,-,-,-,-,-,ATV_Involved,-,-,Davidson,Nashville,4
106302,400495420,0,1,35.47233,-88.10356,8,2026-04-08 17:55:00,2026,4,8,17,55,Wednesday,17:55,Suspected Serious Injury,Daylight,Clear,Motor Vehicle-In-Transport On Same Roadway,None,THP District 8 - Jackson,THP,Unbelted,-,-,-,-,-,-,-,-,-,ATV_Involved,-,-,Decatur,Not in City Limit,4
106304,400495439,1,0,35.54789,-88.80455,8,2026-04-08 19:50:00,2026,4,8,19,50,Wednesday,19:50,Fatal,Dusk,Clear,Fell/Jumped From Vehicle,None,JACKSON POLICE DEPT,Other,-,-,-,-,-,-,-,-,-,-,-,Motorcyclist,-,Madison,Jackson,4
106306,400495448,0,1,36.07962,-86.6447,3,2026-04-08 20:40:00,2026,4,8,20,40,Wednesday,20:40,Suspected Serious Injury,Dark-Lighted,Clear,Motor Vehicle-In-Transport On Same Roadway,None,METROPOLITAN NASHVILLE POLICE DEPT,Other,Unbelted,-,-,-,-,-,-,-,-,-,-,Motorcyclist,-,Davidson,Nashville,4
106307,400495449,0,1,35.50829,-86.10354,2,2026-04-08 00:14:00,2026,4,8,0,14,Wednesday,00:14,Suspected Serious Injury,Dark-Not Lighted,Clear,Motor Vehicle-In-Transport On Same Roadway,None,THP District 2 - Chattanooga,THP,Unbelted,-,-,-,-,-,-,-,-,-,ATV_Involved,-,-,Coffee,Not in City Limit,4
106314,400495502,1,0,35.36411,-85.32888,2,2026-04-08 20:17:00,2026,4,8,20,17,Wednesday,20:17,Fatal,Dark-Not Lighted,Clear,Motor Vehicle-In-Transport On Same Roadway,None,THP District 2 - Chattanooga,THP,Unbelted,-,-,-,-,-,-,-,-,-,-,-,-,Sequatchie,Not in City Limit,4
106315,400495511,0,2,35.54982,-84.45399,1,2026-04-08 00:00:00,2026,4,8,24,0,Wednesday,24:00,Suspected Serious Injury,Daylight,Clear,Motor Vehicle-In-Transport On Same Roadway,None,MONROE CO SHERIFFS DEPT,Other,Unbelted,-,-,-,-,-,-,-,-,-,-,Motorcyclist,-,Monroe,Not in City Limit,4
106323,400495563,0,1,35.48774,-86.4489,7,2026-04-08 14:43:00,2026,4,8,14,43,Wednesday,14:43,Suspected Serious Injury,Daylight,Clear,Pedal-Cycle,None,SHELBYVILLE POLICE DEPT,Other,Unbelted,-,-,-,-,-,Pedalcyclist,-,-,-,-,-,-,Bedford,Shelbyville,4
106328,400495644,0,1,35.61939,-88.01829,7,2026-04-09 06:00:00,2026,4,9,6,0,Thursday,06:00,Suspected Serious Injury,Dawn,Clear,"Over Turn, Roll Over",None,THP District 7 - Lawrenceburg,THP,Unbelted,-,-,-,-,-,-,-,-,-,ATV_Involved,-,-,Perry,Linden,5
106337,400495731,0,2,36.10276,-87.66922,3,2026-04-09 07:46:00,2026,4,9,7,46,Thursday,07:46,Suspected Serious Injury,Daylight,Clear,Motor Vehicle-In-Transport On Same Roadway,None,THP District 3 - Nashville,THP,Unbelted,-,-,-,-,-,-,-,-,-,-,-,-,Humphreys,Not in City Limit,5
106343,400495763,0,2,35.71431,-86.78417,3,2026-04-08 13:11:00,2026,4,8,13,11,Wednesday,13:11,Suspected Serious Injury,Daylight,Clear,Motor Vehicle-In-Transport On Same Roadway,None,THP District 3 - Nashville,THP,Unbelted,-,-,-,-,-,-,-,-,-,-,-,-,Williamson,Not in City Limit,4
106350,400495891,1,2,36.29718,-86.71421,3,2026-04-08 00:06:00,2026,4,8,0,6,Wednesday,00:06,Fatal,Dark-Lighted,Clear,Motor Vehicle-In-Transport On Same Roadway,None,GOODLETTSVILLE POLICE DEPT,Other,Unbelted,-,-,-,-,-,-,-,-,-,ATV_Involved,-,-,Davidson,Goodlettsville,4
106352,400495897,0,3,36.16344,-83.81986,1,2026-04-08 17:18:00,2026,4,8,17,18,Wednesday,17:18,Suspected Serious Injury,Daylight,Clear,Motor Vehicle-In-Transport On Same Roadway,None,THP District 1 - Knoxville,THP,Unbelted,-,Drinking,Drug,-,-,-,-,-,-,-,-,-,Knox,Not in City Limit,4
106358,400495949,1,0,36.03638,-86.59948,3,2026-04-09 04:13:00,2026,4,9,4,13,Thursday,04:13,Fatal,Dark-Lighted,Clear,Ditch,None,METROPOLITAN NASHVILLE POLICE DEPT,Other,Unbelted,-,Drinking,Drug,-,-,-,-,-,-,-,-,-,Davidson,Nashville,5
106363,400496112,0,1,36.50479,-87.13732,3,2026-04-08 19:05:00,2026,4,8,19,5,Wednesday,19:05,Suspected Serious Injury,Daylight,Clear,"Over Turn, Roll Over",None,THP District 3 - Nashville,THP,Unbelted,-,Drinking,-,-,Speeding,-,-,-,-,-,-,-,Montgomery,Not in City Limit,4
106384,400496294,0,3,35.93263,-84.06289,1,2026-04-09 15:20:00,2026,4,9,15,20,Thursday,15:20,Suspected Serious Injury,Daylight,Clear,Motor Vehicle-In-Transport On Same Roadway,None,KNOXVILLE POLICE DEPT,Other,Unbelted,-,-,-,-,-,-,-,-,-,-,-,-,Knox,Knoxville,5
106391,400496351,1,1,36.34622,-86.92744,3,2026-04-09 00:44:00,2026,4,9,0,44,Thursday,00:44,Fatal,Dark-Not Lighted,Clear,Motor Vehicle-In-Transport On Same Roadway,None,THP District 3 - Nashville,THP,Unbelted,-,-,-,-,-,-,-,-,-,ATV_Involved,Motorcyclist,-,Cheatham,Not in City Limit,5
106393,400496368,0,1,35.23494,-84.85045,2,2026-04-09 19:30:00,2026,4,9,19,30,Thursday,19:30,Suspected Serious Injury,Daylight,Clear,Motor Vehicle-In-Transport On Same Roadway,None,THP District 2 - Chattanooga,THP,Unbelted,-,-,-,-,-,-,-,-,-,-,-,-,Bradley,Cleveland,5
106398,400496396,0,4,35.80197,-83.5738,1,2026-04-09 15:58:00,2026,4,9,15,58,Thursday,15:58,Suspected Serious Injury,Daylight,Clear,Motor Vehicle-In-Transport On Same Roadway,None,PIGEON FORGE POLICE DEPT,Other,Unbelted,-,-,-,-,-,-,-,-,-,-,-,-,Sevier,Pigeon Forge,5
106402,400496419,0,1,36.17914,-83.37919,5,2026-04-09 16:50:00,2026,4,9,16,50,Thursday,16:50,Suspected Serious Injury,Daylight,Clear,Motor Vehicle-In-Transport On Same Roadway,None,MORRISTOWN POLICE DEPT,Other,Unbelted,-,-,-,-,-,-,-,-,-,-,Motorcyclist,-,Hamblen,Morristown,5
106405,400496446,0,1,35.92598,-84.04465,1,2026-04-09 17:54:00,2026,4,9,17,54,Thursday,17:54,Suspected Serious Injury,Daylight,Clear,Motor Vehicle-In-Transport On Same Roadway,None,KNOXVILLE POLICE DEPT,Other,Unbelted,-,-,-,-,-,-,-,-,-,-,-,-,Knox,Knoxville,5
106422,400496628,0,1,36.18876,-82.3685,5,2026-04-09 17:05:00,2026,4,9,17,5,Thursday,17:05,Suspected Serious Injury,Daylight,Clear,Motor Vehicle-In-Transport On Same Roadway,None,THP District 5 - Fall Branch,THP,Unbelted,Distracted,-,Drug,-,-,-,-,-,-,-,-,-,Unicoi,Unicoi,5
106432,400496723,0,1,36.2249,-83.04724,5,2026-04-10 05:43:00,2026,4,10,5,43,Friday,05:43,Suspected Serious Injury,Dark-Not Lighted,Clear,Motor Vehicle-In-Transport On Same Roadway,None,THP District 5 - Fall Branch,THP,Unbelted,-,-,-,-,-,-,-,-,-,ATV_Involved,-,-,Greene,Mosheim,6
106436,400496760,0,2,36.37934,-84.12438,1,2026-04-08 15:48:00,2026,4,8,15,48,Wednesday,15:48,Suspected Serious Injury,Daylight,Clear,Motor Vehicle-In-Transport On Same Roadway,None,LAFOLLETTE POLICE DEPT,Other,Unbelted,Distracted,-,-,-,-,-,-,-,-,-,Motorcyclist,-,Campbell,LaFollette,4
106439,400496779,0,3,35.74214,-83.45945,1,2026-04-10 00:00:00,2026,4,10,0,0,Friday,00:00,Suspected Serious Injury,Other,Clear,Unknown,None,GATLINBURG POLICE DEPT,Other,Unbelted,-,-,-,Drowsy,-,-,-,-,-,-,-,-,Sevier,Gatlinburg,6
106440,400496786,0,3,36.34283,-83.22874,5,2026-04-10 12:13:00,2026,4,10,12,13,Friday,12:13,Suspected Serious Injury,Daylight,Clear,Motor Vehicle-In-Transport On Same Roadway,None,THP District 5 - Fall Branch,THP,Unbelted,-,-,-,-,-,-,-,-,-,-,-,-,Hawkins,Not in City Limit,6
106441,400496806,0,1,35.87409,-83.57424,1,2026-04-10 11:54:00,2026,4,10,11,54,Friday,11:54,Suspected Serious Injury,Daylight,Clear,Motor Vehicle-In-Transport On Same Roadway,None,SEVIERVILLE POLICE DEPT,Other,Unbelted,-,-,-,-,-,-,-,-,-,-,-,-,Sevier,Sevierville,6
106442,400496814,0,1,36.08029,-87.02295,3,2026-04-10 09:40:00,2026,4,10,9,40,Friday,09:40,Suspected Serious Injury,Daylight,Clear,Ditch,None,METROPOLITAN NASHVILLE POLICE DEPT,Other,Unbelted,-,-,-,-,-,-,-,-,-,-,-,-,Davidson,Nashville,6
106459,400497077,0,1,36.019,-84.885,6,2026-04-10 14:44:00,2026,4,10,14,44,Friday,14:44,Suspected Serious Injury,Daylight,Clear,Ditch,None,THP District 6 - Cookeville,THP,Unbelted,-,-,-,-,-,-,-,-,-,-,-,-,Cumberland,Fairfield Glade,6
106461,400497096,0,1,36.1682,-86.76254,3,2026-04-10 15:43:00,2026,4,10,15,43,Friday,15:43,Suspected Serious Injury,Daylight,Clear,Pedestrian,None,METROPOLITAN NASHVILLE POLICE DEPT,Other,Unbelted,-,-,-,-,-,-,Pedestrian,-,-,-,-,-,Davidson,Nashville,6
106465,400497134,0,1,35.54569,-84.33697,1,2026-04-10 13:25:00,2026,4,10,13,25,Friday,13:25,Suspected Serious Injury,Daylight,Clear,Other Non-Collision,None,MADISONVILLE POLICE DEPT,Other,Unbelted,-,-,-,-,-,-,-,-,-,-,-,-,Monroe,Madisonville,6
106474,400497190,0,1,36.56621,-87.21464,3,2026-04-10 13:31:00,2026,4,10,13,31,Friday,13:31,Suspected Serious Injury,Daylight,Clear,Motor Vehicle-In-Transport On Same Roadway,None,THP District 3 - Nashville,THP,Unbelted,-,-,-,-,-,-,-,-,-,-,-,-,Montgomery,Not in City Limit,6
106483,400497275,1,1,36.08905,-86.62741,3,2026-04-10 15:26:00,2026,4,10,15,26,Friday,15:26,Fatal,Daylight,Clear,Motor Vehicle-In-Transport On Same Roadway,None,METROPOLITAN NASHVILLE POLICE DEPT,Other,Unbelted,-,-,-,-,-,-,-,-,-,-,Motorcyclist,-,Davidson,Nashville,6
106493,400497371,0,1,36.4571,-87.37675,3,2026-04-10 18:26:00,2026,4,10,18,26,Friday,18:26,Suspected Serious Injury,Daylight,Clear,Motor Vehicle-In-Transport On Same Roadway,None,THP District 3 - Nashville,THP,Unbelted,-,-,-,-,-,-,-,-,-,-,Motorcyclist,-,Montgomery,Not in City Limit,6
106500,400497426,1,0,36.44594,-87.09243,3,2026-04-10 04:54:00,2026,4,10,4,54,Friday,04:54,Fatal,Dark-Not Lighted,Clear,Ditch,None,THP District 3 - Nashville,THP,Unbelted,-,-,-,-,-,-,-,-,-,-,-,-,Robertson,Not in City Limit,6
106531,400497740,0,1,35.20599,-85.90345,2,2026-04-10 15:30:00,2026,4,10,15,30,Friday,15:30,Suspected Serious Injury,Daylight,Clear,Motor Vehicle-In-Transport On Same Roadway,None,THP District 2 - Chattanooga,THP,Unbelted,-,-,-,-,-,-,-,-,-,-,Motorcyclist,-,Franklin,Not in City Limit,6
106543,400497884,0,1,36.56774,-83.9295,5,2026-04-11 12:00:00,2026,4,11,12,0,Saturday,12:00,Suspected Serious Injury,Daylight,Clear,Motor Vehicle-In-Transport On Same Roadway,None,THP District 5 - Fall Branch,THP,Unbelted,-,-,-,-,-,-,-,-,-,-,-,-,Claiborne,Not in City Limit,7
106554,400498018,0,2,36.03576,-85.53168,6,2026-04-11 11:44:00,2026,4,11,11,44,Saturday,11:44,Suspected Serious Injury,Daylight,Clear,Motor Vehicle-In-Transport On Same Roadway,None,WHITE CO SHERIFFS DEPT,Other,-,Distracted,-,-,-,-,-,-,-,-,-,Motorcyclist,-,White,Not in City Limit,7
106555,400498022,0,5,35.38773,-87.32046,7,2026-04-11 13:00:00,2026,4,11,13,0,Saturday,13:00,Suspected Serious Injury,Daylight,Clear,"Over Turn, Roll Over",None,THP District 7 - Lawrenceburg,THP,-,-,-,-,-,-,-,-,-,-,-,-,-,Lawrence,Not in City Limit,7
106564,400498167,0,1,36.02641,-83.61955,5,2026-04-11 00:00:00,2026,4,11,24,0,Saturday,24:00,Suspected Serious Injury,Daylight,Clear,Standing Tree,None,JEFFERSON CO SHERIFFS DEPT,Other,-,-,-,-,-,Speeding,-,-,-,ATV_Involved,-,-,-,Jefferson,Not in City Limit,7
106566,400498191,0,2,36.24783,-86.52697,3,2026-04-11 17:35:00,2026,4,11,17,35,Saturday,17:35,Suspected Serious Injury,Daylight,Clear,Motor Vehicle-In-Transport On Same Roadway,None,THP District 3 - Nashville,THP,Unbelted,-,-,-,-,-,-,-,-,-,-,Motorcyclist,-,Wilson,Not in City Limit,7
106572,400498230,0,1,35.83621,-86.3734,3,2026-04-11 15:05:00,2026,4,11,15,5,Saturday,15:05,Suspected Serious Injury,Daylight,Clear,Motor Vehicle-In-Transport On Same Roadway,None,MURFREESBORO POLICE DEPT,Other,Unbelted,-,-,-,-,-,-,-,-,-,-,-,-,Rutherford,Murfreesboro,7
106577,400498262,0,1,36.32078,-82.35868,5,2026-04-11 19:16:00,2026,4,11,19,16,Saturday,19:16,Suspected Serious Injury,Daylight,Clear,Motor Vehicle-In-Transport On Same Roadway,None,THP District 5 - Fall Branch,THP,Unbelted,-,-,-,-,Speeding,-,-,-,-,-,Motorcyclist,-,Washington,Johnson City,7
106584,400498326,0,1,36.32653,-89.02387,8,2026-04-06 18:53:00,2026,4,6,18,53,Monday,18:53,Suspected Serious Injury,Daylight,Clear,Utility Pole,None,OBION CO SHERIFFS DEPT,Other,-,-,Drinking,-,-,-,-,-,-,-,-,Motorcyclist,-,Obion,Not in City Limit,2
106586,400498333,0,1,36.48014,-82.83636,5,2026-04-11 21:58:00,2026,4,11,21,58,Saturday,21:58,Suspected Serious Injury,Dark-Not Lighted,Clear,Utility Pole,None,THP District 5 - Fall Branch,THP,Unbelted,-,-,-,-,-,-,-,-,-,-,-,-,Hawkins,UNKNOWN,7
106587,400498338,1,0,35.45993,-88.69842,8,2026-04-09 07:00:00,2026,4,9,7,0,Thursday,07:00,Fatal,Daylight,Clear,Standing Tree,None,THP District 8 - Jackson,THP,Unbelted,-,-,-,-,-,-,-,-,-,-,-,-,Chester,Not in City Limit,5