OBJECTID,MRN,Fatality,Injury,Latitude,Longitude,THP_District,Collision_Date,Collision_Year,Collision_Month,Collision_Day,Collision_Hour,Collision_Min,Collision_DOW,Collision_Time,Crash_Type,Light_Condition,Weather,First_Harmfu_Event,Work_Zone_Type,Agency_Name,THP,Unbelted,Distracted_Driver,Driver_Drinking,Driver_Drugged,Drowsy_Driver,Speeding_Involved,Pedalcyclist,Pedestrian,Other_Nonmotorist,ATV_Involved,LargeTruck_Involved,Motorcycle_Involved,SchoolBus,County,City,DOW_Nmb
106589,400498349,0,1,35.06706,-88.50873,8,2026-04-09 11:45:00,2026,4,9,11,45,Thursday,11:45,Suspected Serious Injury,Daylight,Clear,Ditch,None,THP District 8 - Jackson,THP,Unbelted,-,-,-,Drowsy,-,-,-,-,-,-,-,-,McNairy,Not in City Limit,5
106590,400498351,0,1,35.72166,-89.54772,4,2026-04-11 19:14:00,2026,4,11,19,14,Saturday,19:14,Suspected Serious Injury,Daylight,Clear,"Over Turn, Roll Over",None,RIPLEY POLICE DEPT,Other,-,-,-,-,-,-,-,-,-,-,-,-,-,Lauderdale,Ripley,7
106592,400498363,0,1,35.54242,-85.35801,2,2026-04-11 20:00:00,2026,4,11,20,0,Saturday,20:00,Suspected Serious Injury,Dark-Not Lighted,Clear,Boulder,None,THP District 2 - Chattanooga,THP,Unbelted,-,Drinking,-,-,Speeding,-,-,-,-,-,-,-,Bledsoe,Not in City Limit,7
106597,400498373,2,0,36.10702,-89.00197,8,2026-04-10 21:34:00,2026,4,10,21,34,Friday,21:34,Fatal,Dark-Not Lighted,Clear,Motor Vehicle-In-Transport On Same Roadway,None,THP District 8 - Jackson,THP,Unbelted,-,Drinking,-,-,-,-,-,-,-,-,-,-,Gibson,Not in City Limit,6
106598,400498380,0,1,36.2982,-85.71771,6,2026-04-11 21:20:00,2026,4,11,21,20,Saturday,21:20,Suspected Serious Injury,Dark-Not Lighted,Clear,Guard Rail Face,None,THP District 6 - Cookeville,THP,Unbelted,-,-,-,-,-,-,-,-,-,ATV_Involved,-,-,Jackson,Not in City Limit,7
106601,400498396,0,1,36.10056,-83.28088,5,2026-04-11 16:25:00,2026,4,11,16,25,Saturday,16:25,Suspected Serious Injury,Daylight,Clear,Fell/Jumped From Vehicle,None,WHITE PINE POLICE DEPT,Other,-,-,-,-,-,-,-,-,-,-,-,Motorcyclist,-,Jefferson,White Pine,7
106604,400498405,0,1,35.88299,-88.8959,8,2026-04-11 01:12:00,2026,4,11,1,12,Saturday,01:12,Suspected Serious Injury,Dark-Not Lighted,Clear,Ditch,None,THP District 8 - Jackson,THP,Unbelted,-,Drinking,Drug,-,-,-,-,-,-,-,-,-,Gibson,Not in City Limit,7
106614,400498447,1,0,35.74156,-86.83922,3,2026-04-11 23:07:00,2026,4,11,23,7,Saturday,23:07,Fatal,Dark-Not Lighted,Clear,Curb,None,THP District 3 - Nashville,THP,Unbelted,-,-,Drug,-,-,-,-,-,-,-,-,-,Williamson,Not in City Limit,7
106627,400498642,0,3,36.6046,-87.28641,3,2026-04-12 05:14:00,2026,4,12,5,14,Sunday,05:14,Suspected Serious Injury,Dark-Not Lighted,Clear,Motor Vehicle-In-Transport On Same Roadway,None,THP District 3 - Nashville,THP,Unbelted,-,-,-,Drowsy,-,-,-,-,-,-,-,-,Montgomery,Clarksville,1
106633,400498698,0,1,35.22243,-88.32483,8,2026-04-10 12:18:00,2026,4,10,12,18,Friday,12:18,Suspected Serious Injury,Daylight,Clear,Motor Vehicle-In-Transport On Same Roadway,None,THP District 8 - Jackson,THP,Unbelted,-,-,-,-,-,-,-,-,-,-,Motorcyclist,-,Hardin,Crump,6
106655,400498983,0,2,35.84007,-83.98004,1,2026-04-12 15:26:00,2026,4,12,15,26,Sunday,15:26,Suspected Serious Injury,Daylight,Clear,Motor Vehicle-In-Transport On Same Roadway,None,ALCOA POLICE DEPARTMENT,Other,Unbelted,-,-,-,-,-,-,-,-,-,-,Motorcyclist,-,Blount,Alcoa,1
106656,400499005,0,2,36.31844,-83.27448,5,2026-04-10 19:00:00,2026,4,10,19,0,Friday,19:00,Suspected Serious Injury,Daylight,Clear,Motor Vehicle-In-Transport On Same Roadway,None,BEAN STATION POLICE DEPT,Other,Unbelted,-,Drinking,Drug,-,-,-,-,-,-,-,-,-,Grainger,Bean Station,6
106657,400499013,0,1,36.40914,-82.97595,5,2026-04-12 17:36:00,2026,4,12,17,36,Sunday,17:36,Suspected Serious Injury,Daylight,Clear,Motor Vehicle-In-Transport On Same Roadway,None,THP District 5 - Fall Branch,THP,Unbelted,-,-,-,-,-,-,-,-,-,-,Motorcyclist,-,Hawkins,Not in City Limit,1
106668,400499076,0,1,36.09968,-85.0388,6,2026-04-12 18:01:00,2026,4,12,18,1,Sunday,18:01,Suspected Serious Injury,Daylight,Clear,Ditch,None,CUMBERLAND CO SHERIFFS OFFICE,Other,Unbelted,Distracted,-,-,Drowsy,-,-,-,-,-,-,-,-,Cumberland,Not in City Limit,1
106671,400499106,1,0,36.5284,-83.26631,5,2026-04-12 16:07:00,2026,4,12,16,7,Sunday,16:07,Fatal,Daylight,Clear,"Over Turn, Roll Over",None,THP District 5 - Fall Branch,THP,-,-,-,Drug,-,-,-,-,-,-,-,-,-,Hancock,Not in City Limit,1
106681,400499164,0,1,36.37249,-82.14807,5,2026-04-12 00:00:00,2026,4,12,24,0,Sunday,24:00,Suspected Serious Injury,Dark-Not Lighted,Clear,Ditch,None,CARTER CO SHERIFFS DEPT,Other,Unbelted,-,-,-,Drowsy,-,-,-,-,-,-,-,-,Carter,Not in City Limit,1
106683,400499172,1,4,36.0955,-87.03583,3,2026-04-12 17:22:00,2026,4,12,17,22,Sunday,17:22,Fatal,Daylight,Clear,Motor Vehicle-In-Transport On Same Roadway,None,METROPOLITAN NASHVILLE POLICE DEPT,Other,Unbelted,-,-,Drug,-,-,-,-,-,-,-,-,-,Davidson,Nashville,1
106692,400499225,0,1,35.04697,-85.35297,2,2026-04-10 22:28:00,2026,4,10,22,28,Friday,22:28,Suspected Serious Injury,Dark-Lighted,Clear,Bridge/Parapet End,None,THP District 2 - Chattanooga,THP,Unbelted,-,-,Drug,-,-,-,-,-,-,-,-,-,Hamilton,Chattanooga,6
106693,400499226,0,1,35.86141,-83.56497,1,2026-04-12 17:21:00,2026,4,12,17,21,Sunday,17:21,Suspected Serious Injury,Daylight,Clear,Motor Vehicle-In-Transport On Same Roadway,None,SEVIERVILLE POLICE DEPT,Other,Unbelted,-,-,-,-,-,-,-,-,-,-,Motorcyclist,-,Sevier,Sevierville,1
106697,400499252,0,1,36.5008,-87.15821,3,2026-04-12 01:12:00,2026,4,12,1,12,Sunday,01:12,Suspected Serious Injury,Dark-Not Lighted,Clear,Standing Tree,None,THP District 3 - Nashville,THP,-,-,-,-,-,-,-,-,-,-,-,Motorcyclist,-,Montgomery,Not in City Limit,1
106703,400499266,0,1,36.53545,-81.96905,5,2026-04-13 00:15:00,2026,4,13,0,15,Monday,00:15,Suspected Serious Injury,Dark-Not Lighted,Cloudy,Standing Tree,None,THP District 5 - Fall Branch,THP,-,-,-,-,-,-,-,-,-,-,-,Motorcyclist,-,Sullivan,Not in City Limit,2
106706,400499277,0,1,36.18698,-85.50778,6,2026-04-13 01:05:00,2026,4,13,1,5,Monday,01:05,Suspected Serious Injury,Dark-Not Lighted,Clear,Motor Vehicle-In-Transport On Same Roadway,None,COOKEVILLE POLICE DEPT,Other,Unbelted,-,Drinking,-,-,-,-,-,-,-,-,Motorcyclist,-,Putnam,Cookeville,2
106724,400499441,0,2,35.75442,-84.01358,1,2026-04-13 09:32:00,2026,4,13,9,32,Monday,09:32,Suspected Serious Injury,Daylight,Cloudy,Motor Vehicle-In-Transport On Same Roadway,None,MARYVILLE POLICE DEPT,Other,Unbelted,-,-,-,-,-,-,-,-,-,-,-,-,Blount,Maryville,2
106729,400499484,0,2,36.26887,-86.75392,3,2026-04-13 10:07:00,2026,4,13,10,7,Monday,10:07,Suspected Serious Injury,Daylight,Clear,Other Post/Pole Support,None,METROPOLITAN NASHVILLE POLICE DEPT,Other,Unbelted,-,-,-,-,-,-,-,-,-,-,-,-,Davidson,Nashville,2
106743,400499610,0,2,35.49995,-83.94398,1,2026-04-10 16:53:00,2026,4,10,16,53,Friday,16:53,Suspected Serious Injury,Daylight,Clear,Other Non-Collision,None,THP District 1 - Knoxville,THP,-,Distracted,-,-,-,-,-,-,-,-,-,Motorcyclist,-,Blount,Not in City Limit,6
106763,400499825,0,1,35.48928,-83.9311,1,2026-04-13 15:16:00,2026,4,13,15,16,Monday,15:16,Suspected Serious Injury,Daylight,Clear,Other Non-Collision,None,THP District 1 - Knoxville,THP,-,-,-,-,-,-,-,-,-,-,-,Motorcyclist,-,Blount,Not in City Limit,2
106776,400499973,0,1,36.45142,-86.54503,3,2026-04-13 19:35:00,2026,4,13,19,35,Monday,19:35,Suspected Serious Injury,Dark-Not Lighted,Clear,Motor Vehicle-In-Transport On Same Roadway,None,THP District 3 - Nashville,THP,Unbelted,-,-,-,-,-,-,-,-,-,-,Motorcyclist,-,Sumner,Not in City Limit,2
106781,400500016,0,1,36.31598,-82.29204,5,2026-04-13 17:51:00,2026,4,13,17,51,Monday,17:51,Suspected Serious Injury,Daylight,Cloudy,Culvert,None,ELIZABETHTON POLICE DEPT,Other,Unbelted,-,Drinking,-,-,Speeding,-,-,-,-,-,-,-,Carter,Elizabethton,2
106784,400500033,0,1,36.37888,-83.37344,5,2026-04-11 20:40:00,2026,4,11,20,40,Saturday,20:40,Suspected Serious Injury,Dark-Not Lighted,Clear,Motor Vehicle-In-Transport On Same Roadway,None,THP District 5 - Fall Branch,THP,Unbelted,-,-,-,-,-,-,-,-,-,-,Motorcyclist,-,Grainger,Not in City Limit,7
106795,400500107,0,1,35.0962,-89.75369,4,2026-04-14 02:48:00,2026,4,14,2,48,Tuesday,02:48,Suspected Serious Injury,Dark-Lighted,Clear,Curb,None,GERMANTOWN POLICE DEPT,Other,Unbelted,-,-,-,-,-,-,-,-,-,-,-,-,Shelby,Germantown,3
106796,400500110,0,2,35.75306,-88.52297,8,2026-04-13 04:55:00,2026,4,13,4,55,Monday,04:55,Suspected Serious Injury,Dark-Not Lighted,Clear,Ditch,None,THP District 8 - Jackson,THP,Unbelted,-,-,-,-,-,-,-,-,-,-,-,-,Henderson,Not in City Limit,2
106801,400500158,0,1,36.14707,-86.7437,3,2026-04-14 05:56:00,2026,4,14,5,56,Tuesday,05:56,Suspected Serious Injury,Dawn,Clear,Motor Vehicle-In-Transport On Same Roadway,None,METROPOLITAN NASHVILLE POLICE DEPT,Other,Unbelted,-,-,-,-,-,-,-,-,-,-,-,-,Davidson,Nashville,3
106807,400500218,0,3,35.17128,-84.9968,2,2026-04-13 11:10:00,2026,4,13,11,10,Monday,11:10,Suspected Serious Injury,Daylight,Clear,Motor Vehicle-In-Transport On Same Roadway,None,BRADLEY CO SHERIFFS DEPT,Other,Unbelted,-,-,-,Drowsy,-,-,-,-,-,-,-,-,Bradley,Not in City Limit,2
106814,400500296,0,2,34.99548,-85.23565,2,2026-04-14 01:39:00,2026,4,14,1,39,Tuesday,01:39,Suspected Serious Injury,Dark-Lighted,Clear,Motor Vehicle-In-Transport On Same Roadway,None,THP District 2 - Chattanooga,THP,Unbelted,-,Drinking,Drug,-,-,-,-,-,-,-,-,-,Hamilton,East Ridge,3
106823,400500370,0,2,35.07298,-86.27082,2,2026-04-14 07:51:00,2026,4,14,7,51,Tuesday,07:51,Suspected Serious Injury,Daylight,Clear,Motor Vehicle-In-Transport On Same Roadway,None,THP District 2 - Chattanooga,THP,Unbelted,-,-,-,-,-,-,-,-,-,ATV_Involved,-,-,Franklin,Not in City Limit,3
106829,400500417,0,3,35.16727,-86.12713,2,2026-04-14 08:24:00,2026,4,14,8,24,Tuesday,08:24,Suspected Serious Injury,Daylight,Clear,Motor Vehicle-In-Transport On Same Roadway,None,WINCHESTER POLICE DEPT,Other,Unbelted,-,-,-,-,-,-,-,-,-,-,-,-,Franklin,Winchester,3
106832,400500477,0,1,35.0262,-86.87924,7,2026-04-14 11:05:00,2026,4,14,11,5,Tuesday,11:05,Suspected Serious Injury,Daylight,Clear,Motor Vehicle-In-Transport On Same Roadway,None,THP District 10 - Motor Carrier Plus,THP,Unbelted,-,-,-,-,-,-,-,-,-,ATV_Involved,-,-,Giles,Not in City Limit,3
106838,400500545,0,2,35.83174,-86.35053,3,2026-04-14 13:01:00,2026,4,14,13,1,Tuesday,13:01,Suspected Serious Injury,Daylight,Clear,Motor Vehicle-In-Transport On Same Roadway,None,MURFREESBORO POLICE DEPT,Other,Unbelted,-,-,-,-,-,-,-,-,-,-,-,-,Rutherford,Murfreesboro,3
106840,400500575,1,0,36.60437,-87.94003,3,2026-04-14 11:47:00,2026,4,14,11,47,Tuesday,11:47,Fatal,Daylight,Clear,Standing Tree,None,THP District 3 - Nashville,THP,Unbelted,-,-,-,-,-,-,-,-,-,-,-,-,Stewart,Not in City Limit,3
106842,400500590,0,2,35.12742,-88.18988,8,2026-04-11 10:53:00,2026,4,11,10,53,Saturday,10:53,Suspected Serious Injury,Daylight,Clear,Fence,None,THP District 8 - Jackson,THP,-,-,-,-,-,-,-,-,-,-,-,Motorcyclist,-,Hardin,Not in City Limit,7
106843,400500601,0,1,35.68728,-87.71944,7,2026-04-10 14:40:00,2026,4,10,14,40,Friday,14:40,Suspected Serious Injury,Daylight,Clear,Embankment Earth,None,THP District 7 - Lawrenceburg,THP,Unbelted,-,-,-,-,-,-,-,-,-,-,-,-,Hickman,Not in City Limit,6
106850,400500697,1,1,36.19919,-82.72187,5,2026-04-14 14:08:00,2026,4,14,14,8,Tuesday,14:08,Fatal,Daylight,Clear,Motor Vehicle-In-Transport On Same Roadway,None,THP District 5 - Fall Branch,THP,Unbelted,-,-,-,-,-,-,-,-,-,-,-,-,Greene,Not in City Limit,3
106862,400500814,0,1,35.14945,-87.09526,7,2026-04-10 15:54:00,2026,4,10,15,54,Friday,15:54,Suspected Serious Injury,Daylight,Clear,Parked Motor Vehicle,None,THP District 7 - Lawrenceburg,THP,Unbelted,-,-,-,-,-,-,-,-,-,-,-,-,Giles,Not in City Limit,6
106863,400500820,0,1,36.05709,-83.89178,1,2026-04-14 18:06:00,2026,4,14,18,6,Tuesday,18:06,Suspected Serious Injury,Daylight,Clear,Utility Pole,None,KNOXVILLE POLICE DEPT,Other,Unbelted,-,-,-,-,-,-,-,-,-,-,-,-,Knox,Knoxville,3
106874,400500893,0,3,35.23558,-84.8103,2,2026-04-14 17:15:00,2026,4,14,17,15,Tuesday,17:15,Suspected Serious Injury,Daylight,Clear,Motor Vehicle-In-Transport On Same Roadway,None,THP District 2 - Chattanooga,THP,Unbelted,-,-,-,-,-,-,-,-,-,-,-,-,Bradley,Not in City Limit,3
106881,400500970,0,2,35.96218,-83.97616,1,2026-04-14 17:04:00,2026,4,14,17,4,Tuesday,17:04,Suspected Serious Injury,Daylight,Clear,Motor Vehicle-In-Transport On Same Roadway,None,KNOXVILLE POLICE DEPT,Other,Unbelted,-,-,-,-,-,-,-,-,-,-,-,-,Knox,Knoxville,3
106887,400501027,0,1,36.3263,-87.1406,3,2026-04-10 00:08:00,2026,4,10,0,8,Friday,00:08,Suspected Serious Injury,Dark-Not Lighted,Clear,Embankment Earth,None,THP District 3 - Nashville,THP,Unbelted,-,Drinking,Drug,-,-,-,-,-,-,-,-,-,Cheatham,Not in City Limit,6
106889,400501036,0,2,35.94585,-86.52349,3,2026-04-14 14:31:00,2026,4,14,14,31,Tuesday,14:31,Suspected Serious Injury,Daylight,Clear,Motor Vehicle-In-Transport On Same Roadway,None,SMYRNA POLICE DEPT,Other,Unbelted,-,-,-,-,-,-,-,-,-,-,-,-,Rutherford,Smyrna,3
106890,400501049,0,1,35.83176,-83.1278,5,2026-04-14 22:16:00,2026,4,14,22,16,Tuesday,22:16,Suspected Serious Injury,Dark-Not Lighted,Clear,Embankment Earth,None,THP District 5 - Fall Branch,THP,Unbelted,-,-,-,-,-,-,-,-,-,-,-,-,Cocke,Not in City Limit,3
106891,400501055,0,1,36.0848,-87.76702,3,2026-04-14 20:11:00,2026,4,14,20,11,Tuesday,20:11,Suspected Serious Injury,,Clear,Curb,None,WAVERLY POLICE DEPT,Other,-,-,Drinking,-,-,-,-,-,-,-,-,Motorcyclist,-,Humphreys,Waverly,3
106892,400501056,0,2,36.22128,-84.08615,1,2026-04-14 20:50:00,2026,4,14,20,50,Tuesday,20:50,Suspected Serious Injury,Dark-Not Lighted,Clear,Motor Vehicle-In-Transport On Same Roadway,None,THP District 1 - Knoxville,THP,Unbelted,-,-,Drug,-,-,-,-,-,-,-,-,-,Anderson,Norris,3
106894,400501068,1,0,35.22082,-88.42377,8,2026-04-12 21:20:00,2026,4,12,21,20,Sunday,21:20,Fatal,Dark-Not Lighted,Clear,Ditch,None,THP District 8 - Jackson,THP,Unbelted,-,-,Drug,-,-,-,-,-,-,-,-,-,McNairy,Not in City Limit,1
106896,400501071,0,1,35.90866,-84.56111,1,2026-04-14 20:48:00,2026,4,14,20,48,Tuesday,20:48,Suspected Serious Injury,Dark-Lighted,Clear,Fell/Jumped From Vehicle,None,HARRIMAN POLICE DEPT,Other,-,-,-,-,-,Speeding,-,-,-,-,-,Motorcyclist,-,Roane,Harriman,3
106897,400501076,1,0,35.16558,-89.95164,4,2026-04-14 23:20:00,2026,4,14,23,20,Tuesday,23:20,Fatal,Dark-Lighted,Clear,Pedestrian,None,THP District 4 - Memphis,THP,Unbelted,-,-,-,-,-,-,Pedestrian,-,-,-,-,-,Shelby,Memphis,3
106899,400501091,0,2,35.62563,-86.69355,7,2026-04-15 00:22:00,2026,4,15,0,22,Wednesday,00:22,Suspected Serious Injury,Dark-Lighted,Clear,Other Fixed Object,None,THP District 7 - Lawrenceburg,THP,Unbelted,-,-,-,-,-,-,-,-,-,-,-,-,Marshall,Chapel Hill,4
106907,400501165,0,1,35.95208,-83.66573,1,2026-04-15 06:39:00,2026,4,15,6,39,Wednesday,06:39,Suspected Serious Injury,Dawn,Clear,Embankment Earth,None,THP District 1 - Knoxville,THP,Unbelted,-,-,-,-,-,-,-,-,-,ATV_Involved,-,-,Sevier,Not in City Limit,4
106935,400501459,0,2,35.20862,-87.28828,7,2026-04-14 14:45:00,2026,4,14,14,45,Tuesday,14:45,Suspected Serious Injury,Daylight,Cloudy,Motor Vehicle-In-Transport On Same Roadway,None,THP District 7 - Lawrenceburg,THP,Unbelted,-,Drinking,Drug,-,Speeding,-,-,-,-,-,-,-,Lawrence,Not in City Limit,3
106947,400501562,0,1,35.28387,-84.55694,2,2026-04-14 07:45:00,2026,4,14,7,45,Tuesday,07:45,Suspected Serious Injury,Daylight,Clear,Other Animal,None,THP District 2 - Chattanooga,THP,-,-,-,-,-,-,-,-,-,-,-,Motorcyclist,-,McMinn,Not in City Limit,3
106977,400501829,0,2,36.04941,-87.36353,3,2026-04-15 11:00:00,2026,4,15,11,0,Wednesday,11:00,Suspected Serious Injury,Daylight,Clear,Motor Vehicle-In-Transport On Same Roadway,None,DICKSON POLICE DEPT,Other,Unbelted,-,-,-,-,-,-,-,-,-,-,-,-,Dickson,Dickson,4
106978,400501835,0,1,36.6103,-86.21762,3,2026-04-15 16:52:00,2026,4,15,16,52,Wednesday,16:52,Suspected Serious Injury,Daylight,Clear,Ditch,None,THP District 3 - Nashville,THP,Unbelted,-,-,-,-,Speeding,-,-,-,-,-,-,-,Sumner,Not in City Limit,4
106981,400501841,0,2,35.18681,-86.11564,2,2026-04-15 17:37:00,2026,4,15,17,37,Wednesday,17:37,Suspected Serious Injury,Daylight,Clear,Motor Vehicle-In-Transport On Different Roadway,None,WINCHESTER POLICE DEPT,Other,Unbelted,-,-,-,-,-,-,-,-,-,-,Motorcyclist,-,Franklin,Winchester,4
106985,400501851,1,1,35.06859,-89.64126,4,2026-04-15 15:00:00,2026,4,15,15,0,Wednesday,15:00,Fatal,Daylight,Clear,Motor Vehicle-In-Transport On Same Roadway,None,THP District 4 - Memphis,THP,Unbelted,-,-,-,-,-,-,-,-,-,-,-,-,Fayette,Piperton,4
106988,400501889,0,2,35.2854,-87.34528,7,2026-04-15 19:53:00,2026,4,15,19,53,Wednesday,19:53,Suspected Serious Injury,Dark-Not Lighted,Clear,Motor Vehicle-In-Transport On Same Roadway,None,THP District 7 - Lawrenceburg,THP,Unbelted,-,-,-,-,-,-,-,-,-,-,Motorcyclist,-,Lawrence,Not in City Limit,4
106996,400501944,0,1,36.37778,-81.88658,5,2026-04-15 19:00:00,2026,4,15,19,0,Wednesday,19:00,Suspected Serious Injury,Dusk,Clear,Guard Rail Face,None,THP District 5 - Fall Branch,THP,-,-,Drinking,-,-,-,-,-,-,-,-,Motorcyclist,-,Johnson,Not in City Limit,4
107001,400501969,2,1,35.95906,-86.55866,3,2026-04-15 23:47:00,2026,4,15,23,47,Wednesday,23:47,Fatal,Dark-Not Lighted,Clear,Motor Vehicle-In-Transport On Same Roadway,None,THP District 3 - Nashville,THP,Unbelted,-,-,Drug,-,-,-,-,-,-,ATV_Involved,-,-,Rutherford,Not in City Limit,4
107008,400502053,1,0,35.21896,-87.13072,7,2026-04-15 08:05:00,2026,4,15,8,5,Wednesday,08:05,Fatal,Daylight,Clear,Motor Vehicle-In-Transport On Same Roadway,None,THP District 7 - Lawrenceburg,THP,Unbelted,-,-,-,-,-,-,-,-,-,-,-,-,Giles,Not in City Limit,4
107013,400502103,1,2,35.9818,-86.57743,3,2026-04-15 13:50:00,2026,4,15,13,50,Wednesday,13:50,Fatal,Daylight,Clear,Motor Vehicle-In-Transport On Same Roadway,None,THP District 3 - Nashville,THP,Unbelted,-,-,-,-,-,-,-,-,-,-,-,-,Rutherford,Not in City Limit,4
107044,400502272,0,2,35.05167,-85.62912,2,2026-04-14 15:03:00,2026,4,14,15,3,Tuesday,15:03,Suspected Serious Injury,Daylight,Clear,Motor Vehicle-In-Transport On Same Roadway,None,JASPER POLICE DEPT,Other,Unbelted,-,-,-,-,-,-,-,-,-,-,-,-,Marion,Jasper,3
107047,400502280,1,0,36.39037,-82.41062,5,2026-04-16 10:13:00,2026,4,16,10,13,Thursday,10:13,Fatal,Daylight,Clear,Curb,None,THP District 5 - Fall Branch,THP,Unbelted,-,-,-,-,-,-,-,-,-,-,-,-,Washington,Johnson City,5
107049,400502288,1,1,35.26694,-87.28073,7,2026-04-15 10:02:00,2026,4,15,10,2,Wednesday,10:02,Fatal,Daylight,Clear,Embankment Earth,None,THP District 7 - Lawrenceburg,THP,Unbelted,-,-,-,-,-,-,-,-,-,-,-,-,Lawrence,Not in City Limit,4
107057,400502341,0,1,36.03188,-87.26731,3,2026-04-16 08:59:00,2026,4,16,8,59,Thursday,08:59,Suspected Serious Injury,Daylight,Clear,Motor Vehicle-In-Transport On Same Roadway,None,THP District 3 - Nashville,THP,Unbelted,-,-,-,-,-,-,-,-,-,ATV_Involved,-,-,Dickson,Not in City Limit,5
107059,400502361,1,2,36.23648,-86.95071,3,2026-04-15 11:51:00,2026,4,15,11,51,Wednesday,11:51,Fatal,Daylight,Clear,Standing Tree,None,METROPOLITAN NASHVILLE POLICE DEPT,Other,Unbelted,-,-,-,-,-,-,-,-,-,-,-,-,Davidson,Nashville,4
107060,400502367,0,1,36.01746,-83.68437,1,2026-04-16 12:44:00,2026,4,16,12,44,Thursday,12:44,Suspected Serious Injury,Daylight,Clear,Paved Surface-Irregular,None,THP District 1 - Knoxville,THP,-,-,-,-,-,Speeding,-,-,-,-,-,Motorcyclist,-,Knox,Not in City Limit,5
107065,400502386,0,3,35.94009,-83.98993,1,2026-04-16 11:59:00,2026,4,16,11,59,Thursday,11:59,Suspected Serious Injury,Daylight,Clear,Motor Vehicle-In-Transport On Same Roadway,None,KNOXVILLE POLICE DEPT,Other,Unbelted,-,-,-,-,-,-,-,-,-,-,-,-,Knox,Knoxville,5
107067,400502405,0,1,36.13898,-85.28556,6,2026-04-15 13:22:00,2026,4,15,13,22,Wednesday,13:22,Suspected Serious Injury,Daylight,Clear,Ditch,None,THP District 6 - Cookeville,THP,Unbelted,-,-,-,-,-,-,-,-,-,-,-,-,Putnam,Monterey,4
107069,400502417,3,1,35.18359,-88.23141,8,2026-04-13 20:10:00,2026,4,13,20,10,Monday,20:10,Fatal,Dark-Not Lighted,Clear,Motor Vehicle-In-Transport On Same Roadway,None,THP District 8 - Jackson,THP,Unbelted,-,-,Drug,-,-,-,-,-,-,-,-,-,Hardin,Not in City Limit,2
107078,400502489,0,1,35.68767,-88.85455,8,2026-04-16 14:20:00,2026,4,16,14,20,Thursday,14:20,Suspected Serious Injury,Daylight,Clear,Utility Pole,None,JACKSON POLICE DEPT,Other,Unbelted,-,-,-,-,-,-,-,-,-,-,-,-,Madison,Jackson,5
107089,400502643,0,1,35.84798,-86.39785,3,2026-04-16 17:13:00,2026,4,16,17,13,Thursday,17:13,Suspected Serious Injury,Daylight,Clear,Motor Vehicle-In-Transport On Same Roadway,None,MURFREESBORO POLICE DEPT,Other,Unbelted,-,-,-,-,-,-,-,-,-,-,-,-,Rutherford,Murfreesboro,5
107117,400502841,0,1,36.01729,-87.24758,3,2026-04-16 19:17:00,2026,4,16,19,17,Thursday,19:17,Suspected Serious Injury,Dark-Not Lighted,Rain,Guard Rail Face,None,THP District 3 - Nashville,THP,Unbelted,-,-,-,-,Speeding,-,-,-,-,-,-,-,Dickson,Not in City Limit,5
107126,400502894,0,1,36.16142,-86.77625,3,2026-04-15 00:30:00,2026,4,15,0,30,Wednesday,00:30,Suspected Serious Injury,Dark-Lighted,Clear,Pedestrian,None,METROPOLITAN NASHVILLE POLICE DEPT,Other,Unbelted,-,-,-,-,-,-,Pedestrian,-,-,-,-,-,Davidson,Nashville,4
107133,400502941,0,1,35.61945,-87.03927,7,2026-04-16 19:12:00,2026,4,16,19,12,Thursday,19:12,Suspected Serious Injury,Daylight,Clear,Pedestrian,None,COLUMBIA POLICE DEPT,Other,Unbelted,-,-,-,-,-,Pedalcyclist,-,-,-,-,-,-,Maury,Columbia,5
107147,400503072,0,1,35.75474,-88.65453,8,2026-04-17 07:17:00,2026,4,17,7,17,Friday,07:17,Suspected Serious Injury,Daylight,Clear,Deer,None,THP District 8 - Jackson,THP,-,-,-,-,-,-,-,-,-,-,-,Motorcyclist,-,Madison,Not in City Limit,6
107177,400503462,0,2,35.56676,-86.2221,2,2026-04-17 12:44:00,2026,4,17,12,44,Friday,12:44,Suspected Serious Injury,Daylight,Clear,Cable Barrier,None,THP District 2 - Chattanooga,THP,Unbelted,-,-,-,-,-,-,-,-,-,-,-,-,Coffee,Not in City Limit,6
107180,400503518,0,1,35.50385,-85.01074,2,2026-04-14 21:24:00,2026,4,14,21,24,Tuesday,21:24,Suspected Serious Injury,Dark-Lighted,Clear,Pedal-Cycle,None,DAYTON POLICE DEPT,Other,Unbelted,-,-,-,-,-,Pedalcyclist,-,-,-,-,-,-,Rhea,Dayton,3
107184,400503579,0,1,35.20783,-85.91754,2,2024-04-17 12:30:00,2024,4,17,12,30,Wednesday,12:30,Suspected Serious Injury,Daylight,Clear,Motor Vehicle-In-Transport On Same Roadway,None,SEWANEE POLICE DEPT,Other,Unbelted,-,-,-,-,-,-,-,-,-,-,-,-,Franklin,Not in City Limit,4
107194,400503667,0,1,35.51507,-89.72382,4,2026-04-17 14:42:00,2026,4,17,14,42,Friday,14:42,Suspected Serious Injury,Daylight,Clear,Standing Tree,None,THP District 4 - Memphis,THP,Unbelted,-,-,-,-,-,-,-,-,-,-,-,-,Tipton,Not in City Limit,6