OBJECTID,MRN,Fatality,Injury,Latitude,Longitude,THP_District,Collision_Date,Collision_Year,Collision_Month,Collision_Day,Collision_Hour,Collision_Min,Collision_DOW,Collision_Time,Crash_Type,Light_Condition,Weather,First_Harmfu_Event,Work_Zone_Type,Agency_Name,THP,Unbelted,Distracted_Driver,Driver_Drinking,Driver_Drugged,Drowsy_Driver,Speeding_Involved,Pedalcyclist,Pedestrian,Other_Nonmotorist,ATV_Involved,LargeTruck_Involved,Motorcycle_Involved,SchoolBus,County,City,DOW_Nmb
107207,400503769,0,1,35.97796,-83.27739,5,2026-04-17 15:17:00,2026,4,17,15,17,Friday,15:17,Suspected Serious Injury,Daylight,Clear,Motor Vehicle-In-Transport On Same Roadway,None,THP District 5 - Fall Branch,THP,Unbelted,-,-,-,-,-,-,-,-,-,-,Motorcyclist,-,Cocke,Not in City Limit,6
107213,400503860,0,2,35.91517,-87.42186,7,2026-04-14 20:19:00,2026,4,14,20,19,Tuesday,20:19,Suspected Serious Injury,Dark-Not Lighted,Clear,Standing Tree,None,THP District 7 - Lawrenceburg,THP,Unbelted,-,-,-,-,-,-,-,-,-,-,-,-,Hickman,Not in City Limit,3
107219,400503935,0,1,36.08607,-85.58454,6,2026-04-17 17:20:00,2026,4,17,17,20,Friday,17:20,Suspected Serious Injury,Daylight,Clear,Culvert,None,THP District 6 - Cookeville,THP,Unbelted,-,-,-,-,-,-,-,-,-,-,-,-,Putnam,Not in City Limit,6
107228,400504013,0,2,35.72368,-89.3539,4,2026-04-17 15:53:00,2026,4,17,15,53,Friday,15:53,Suspected Serious Injury,Daylight,Clear,Ditch,None,THP District 4 - Memphis,THP,Unbelted,-,-,-,-,-,-,-,-,-,-,-,-,Haywood,Not in City Limit,6
107233,400504043,0,2,36.01912,-84.51812,1,2026-04-13 19:35:00,2026,4,13,19,35,Monday,19:35,Suspected Serious Injury,Dusk,Clear,Standing Tree,None,THP District 1 - Knoxville,THP,-,-,-,-,-,-,-,-,-,ATV_Involved,-,-,-,Morgan,Not in City Limit,2
107247,400504213,1,0,35.42842,-85.42843,2,2026-04-17 19:40:00,2026,4,17,19,40,Friday,19:40,Fatal,Dark-Not Lighted,Clear,Guard Rail Face,None,THP District 2 - Chattanooga,THP,Unbelted,-,-,Drug,-,-,-,-,-,-,-,-,-,Sequatchie,Not in City Limit,6
107251,400504241,0,1,36.14737,-86.77525,3,2026-04-17 22:50:00,2026,4,17,22,50,Friday,22:50,Suspected Serious Injury,Dark-Lighted,Clear,Curb,None,METROPOLITAN NASHVILLE POLICE DEPT,Other,-,-,-,-,-,Speeding,-,-,-,-,-,Motorcyclist,-,Davidson,Nashville,6
107254,400504254,1,0,36.03397,-86.78341,3,2026-04-17 04:25:00,2026,4,17,4,25,Friday,04:25,Fatal,Dark-Not Lighted,Cloudy,Motor Vehicle-In-Transport On Same Roadway,None,THP District 3 - Nashville,THP,Unbelted,-,-,Drug,-,-,-,-,-,-,ATV_Involved,-,-,Williamson,Brentwood,6
107261,400504313,0,1,36.23927,-86.75344,3,2026-04-18 03:00:00,2026,4,18,3,0,Saturday,03:00,Suspected Serious Injury,Dark-Lighted,Clear,Fell/Jumped From Vehicle,None,METROPOLITAN NASHVILLE POLICE DEPT,Other,-,-,-,-,-,-,-,-,-,-,-,Motorcyclist,-,Davidson,Nashville,7
107270,400504396,0,1,36.11476,-86.77358,3,2026-04-17 13:50:00,2026,4,17,13,50,Friday,13:50,Suspected Serious Injury,Daylight,Cloudy,Concrete Traffic Barrier,None,BERRY HILL POLICE DEPT,Other,Unbelted,-,-,-,-,-,-,-,-,-,-,-,-,Davidson,Berry Hill,6
107274,400504448,0,1,36.33766,-86.87056,3,2026-04-18 07:00:00,2026,4,18,7,0,Saturday,07:00,Suspected Serious Injury,Daylight,Clear,Motor Vehicle-In-Transport On Same Roadway,None,METROPOLITAN NASHVILLE POLICE DEPT,Other,Unbelted,-,-,-,-,-,-,-,-,-,-,-,-,Davidson,Nashville,7
107292,400504629,1,0,36.00683,-83.99034,1,2026-04-18 08:24:00,2026,4,18,8,24,Saturday,08:24,Fatal,Daylight,Cloudy,Motor Vehicle-In-Transport On Same Roadway,None,KNOXVILLE POLICE DEPT,Other,Unbelted,-,-,-,-,Speeding,-,-,-,-,-,Motorcyclist,-,Knox,Knoxville,7
107293,400504631,0,1,35.29081,-84.40307,1,2026-04-18 09:38:00,2026,4,18,9,38,Saturday,09:38,Suspected Serious Injury,Daylight,Clear,Motor Vehicle-In-Transport On Same Roadway,None,MONROE CO SHERIFFS DEPT,Other,Unbelted,-,-,-,-,-,-,-,-,-,-,Motorcyclist,-,Monroe,Not in City Limit,7
107300,400504679,0,1,35.54774,-84.61457,2,2026-04-18 11:28:00,2026,4,18,11,28,Saturday,11:28,Suspected Serious Injury,Daylight,Clear,"Over Turn, Roll Over",None,THP District 2 - Chattanooga,THP,Unbelted,-,-,-,-,-,-,-,-,-,ATV_Involved,-,-,McMinn,Not in City Limit,7
107306,400504731,0,1,36.36272,-86.61124,3,2026-04-17 14:18:00,2026,4,17,14,18,Friday,14:18,Suspected Serious Injury,Daylight,Clear,Motor Vehicle-In-Transport On Same Roadway,None,THP District 3 - Nashville,THP,Unbelted,-,-,-,-,-,-,-,-,-,-,-,-,Sumner,Not in City Limit,6
107318,400504888,0,1,35.99565,-85.00698,6,2026-04-17 15:48:00,2026,4,17,15,48,Friday,15:48,Suspected Serious Injury,Daylight,Clear,Motor Vehicle-In-Transport On Same Roadway,None,THP District 6 - Cookeville,THP,Unbelted,-,-,-,-,-,-,-,-,-,-,Motorcyclist,-,Cumberland,Not in City Limit,6
107328,400505008,0,1,35.98883,-83.90509,1,2026-04-18 15:28:00,2026,4,18,15,28,Saturday,15:28,Suspected Serious Injury,Daylight,Clear,Guard Rail Face,None,KNOXVILLE POLICE DEPT,Other,-,-,-,-,-,-,-,-,-,-,-,Motorcyclist,-,Knox,Knoxville,7
107332,400505061,0,1,35.58848,-87.04695,7,2026-04-18 16:02:00,2026,4,18,16,2,Saturday,16:02,Suspected Serious Injury,Daylight,Cloudy,Ditch,None,COLUMBIA POLICE DEPT,Other,Unbelted,-,-,-,-,-,-,-,-,-,-,-,-,Maury,Columbia,7
107349,400505278,0,2,35.57685,-86.55067,7,2026-04-17 17:30:00,2026,4,17,17,30,Friday,17:30,Suspected Serious Injury,Daylight,Clear,Standing Tree,None,THP District 7 - Lawrenceburg,THP,Unbelted,-,Drinking,Drug,-,-,-,-,-,-,-,-,-,Bedford,Not in City Limit,6
107358,400505387,0,2,36.10794,-86.67701,3,2026-04-18 22:27:00,2026,4,18,22,27,Saturday,22:27,Suspected Serious Injury,Dark-Lighted,Rain,Motor Vehicle-In-Transport On Same Roadway,None,METROPOLITAN NASHVILLE POLICE DEPT,Other,Unbelted,-,Drinking,Drug,-,-,-,-,-,-,-,-,-,Davidson,Nashville,7
107372,400505453,0,1,35.82368,-86.35021,3,2026-04-19 01:32:00,2026,4,19,1,32,Sunday,01:32,Suspected Serious Injury,Dark-Not Lighted,Rain,Curb,None,MURFREESBORO POLICE DEPT,Other,Unbelted,-,Drinking,-,-,Speeding,-,-,-,-,-,-,-,Rutherford,Murfreesboro,1
107374,400505458,0,6,35.69502,-84.04772,1,2026-04-19 01:20:00,2026,4,19,1,20,Sunday,01:20,Suspected Serious Injury,Dark-Not Lighted,Rain,Motor Vehicle-In-Transport On Same Roadway,None,MARYVILLE POLICE DEPT,Other,Unbelted,-,Drinking,-,-,-,-,-,-,-,-,-,-,Blount,Maryville,1
107376,400505463,0,1,35.94652,-84.16093,1,2026-04-18 02:41:00,2026,4,18,2,41,Saturday,02:41,Suspected Serious Injury,Dark-Lighted,Clear,Other Fixed Object,None,KNOX CO SHERIFFS OFFICE,Other,Unbelted,-,-,-,Drowsy,-,-,-,-,-,-,-,-,Knox,Not in City Limit,7
107399,400505718,1,0,35.80737,-83.71776,1,2026-04-17 11:40:00,2026,4,17,11,40,Friday,11:40,Fatal,Daylight,Clear,Utility Pole,None,THP District 1 - Knoxville,THP,-,-,-,-,-,-,-,-,-,-,-,Motorcyclist,-,Sevier,Not in City Limit,6
107404,400505792,0,2,35.79885,-88.78263,8,2026-04-14 14:47:00,2026,4,14,14,47,Tuesday,14:47,Suspected Serious Injury,Daylight,Clear,"Over Turn, Roll Over",None,MEDINA POLICE DEPT,Other,-,-,-,-,-,-,-,-,-,-,-,Motorcyclist,-,Gibson,Medina,3
107409,400505854,0,1,35.65915,-87.62292,7,2026-04-18 16:01:00,2026,4,18,16,1,Saturday,16:01,Suspected Serious Injury,Daylight,Cloudy,"Over Turn, Roll Over",None,THP District 7 - Lawrenceburg,THP,Unbelted,-,-,-,-,-,-,-,-,-,-,-,-,Hickman,Not in City Limit,7
107419,400505966,1,0,35.98659,-84.04545,1,2026-04-16 01:13:00,2026,4,16,1,13,Thursday,01:13,Fatal,Dark-Not Lighted,Clear,Motor Vehicle-In-Transport On Same Roadway,None,KNOX CO SHERIFFS OFFICE,Other,Unbelted,-,Drinking,-,-,-,-,-,-,-,-,Motorcyclist,-,Knox,Not in City Limit,5
107421,400505997,0,1,35.36928,-88.22785,8,2026-04-17 18:00:00,2026,4,17,18,0,Friday,18:00,Suspected Serious Injury,Daylight,Clear,"Over Turn, Roll Over",None,THP District 8 - Jackson,THP,-,-,-,-,-,-,-,-,-,-,-,Motorcyclist,-,Hardin,Saltillo,6
107423,400506006,0,1,35.80691,-86.39748,3,2026-04-19 14:25:00,2026,4,19,14,25,Sunday,14:25,Suspected Serious Injury,Daylight,Clear,Motor Vehicle-In-Transport On Same Roadway,None,MURFREESBORO POLICE DEPT,Other,Unbelted,-,-,-,-,-,-,-,-,-,-,Motorcyclist,-,Rutherford,Murfreesboro,1
107428,400506097,0,1,36.42666,-88.22806,8,2026-04-13 19:20:00,2026,4,13,19,20,Monday,19:20,Suspected Serious Injury,Daylight,Clear,Utility Pole,None,THP District 8 - Jackson,THP,Unbelted,-,-,-,-,-,-,-,-,-,-,-,-,Henry,Not in City Limit,2
107435,400506178,0,1,35.52099,-87.15928,7,2026-04-19 04:38:00,2026,4,19,4,38,Sunday,04:38,Suspected Serious Injury,Dark-Not Lighted,Fog,Culvert,None,MAURY CO SHERIFFS DEPT,Other,Unbelted,-,Drinking,-,-,Speeding,-,-,-,-,-,-,-,Maury,Not in City Limit,1
107447,400506307,0,1,35.77575,-84.58325,1,2026-04-19 00:00:00,2026,4,19,24,0,Sunday,24:00,Suspected Serious Injury,Daylight,Clear,Embankment Earth,None,ROANE CO SHERIFFS DEPT,Other,Unbelted,-,-,-,-,-,-,-,-,-,-,-,-,Roane,Not in City Limit,1
107455,400506363,0,1,35.95081,-86.80671,3,2026-04-19 21:05:00,2026,4,19,21,5,Sunday,21:05,Suspected Serious Injury,Dark-Lighted,Clear,Pedestrian,None,FRANKLIN POLICE DEPT,Other,Unbelted,-,-,-,-,-,-,Pedestrian,-,-,-,-,-,Williamson,Franklin,1
107457,400506371,0,1,35.20215,-88.56388,8,2026-04-19 21:00:00,2026,4,19,21,0,Sunday,21:00,Suspected Serious Injury,Dark-Not Lighted,Clear,Other Fixed Object,None,THP District 8 - Jackson,THP,Unbelted,-,Drinking,-,-,-,-,-,-,-,-,-,-,McNairy,Not in City Limit,1
107459,400506383,0,1,36.05756,-86.6908,3,2026-04-19 00:00:00,2026,4,19,24,0,Sunday,24:00,Suspected Serious Injury,Dark-Lighted,Clear,Pedestrian,None,METROPOLITAN NASHVILLE POLICE DEPT,Other,Unbelted,-,-,-,-,-,-,-,Other_NM,-,-,-,-,Davidson,Nashville,1
107460,400506389,0,6,35.8348,-86.35096,3,2026-04-14 00:00:00,2026,4,14,24,0,Tuesday,24:00,Suspected Serious Injury,Dark-Lighted,Clear,Motor Vehicle-In-Transport On Same Roadway,None,MURFREESBORO POLICE DEPT,Other,Unbelted,-,-,-,-,-,-,-,-,-,-,-,-,Rutherford,Murfreesboro,3
107463,400506427,1,0,35.67169,-86.83131,7,2026-04-19 22:21:00,2026,4,19,22,21,Sunday,22:21,Fatal,Dark-Not Lighted,Cloudy,Mail Box,None,THP District 7 - Lawrenceburg,THP,Unbelted,-,-,-,-,-,-,-,-,-,-,-,-,Maury,Not in City Limit,1
107464,400506434,0,1,35.72463,-86.32237,3,2026-04-20 00:00:00,2026,4,20,24,0,Monday,24:00,Suspected Serious Injury,Dark-Not Lighted,Clear,Pedestrian,Construction Zone,RUTHERFORD CO SHERIFFS DEPT,Other,-,Distracted,-,-,-,-,-,Pedestrian,-,-,-,-,-,Rutherford,Not in City Limit,2
107488,400506640,0,1,36.39702,-83.01489,5,2026-04-20 09:24:00,2026,4,20,9,24,Monday,09:24,Suspected Serious Injury,Daylight,Clear,Pedestrian,None,THP District 5 - Fall Branch,THP,Unbelted,-,-,-,-,-,-,Pedestrian,-,-,-,-,-,Hawkins,Rogersville,2
107506,400506805,1,1,36.06216,-83.78412,1,2026-04-20 10:51:00,2026,4,20,10,51,Monday,10:51,Fatal,Daylight,Clear,Motor Vehicle-In-Transport On Same Roadway,None,KNOX CO SHERIFFS OFFICE,Other,Unbelted,-,-,Drug,-,-,-,-,-,-,-,-,-,Knox,Not in City Limit,2
107507,400506815,1,1,36.07405,-86.66307,3,2026-04-20 08:45:00,2026,4,20,8,45,Monday,08:45,Fatal,,Clear,Building,None,METROPOLITAN NASHVILLE POLICE DEPT,Other,Unbelted,-,-,Drug,-,-,-,-,-,-,-,-,-,Davidson,Nashville,2
107518,400506921,0,2,36.07835,-83.77631,1,2026-04-14 21:28:00,2026,4,14,21,28,Tuesday,21:28,Suspected Serious Injury,Dark-Lighted,Clear,Motor Vehicle-In-Transport On Same Roadway,None,KNOX CO SHERIFFS OFFICE,Other,Unbelted,-,-,-,-,-,-,-,-,-,-,-,-,Knox,Not in City Limit,3
107521,400506947,1,0,35.99971,-83.96622,1,2026-04-20 10:57:00,2026,4,20,10,57,Monday,10:57,Fatal,Daylight,Clear,Motor Vehicle-In-Transport On Same Roadway,None,KNOXVILLE POLICE DEPT,Other,Unbelted,-,-,-,-,-,-,-,-,-,-,Motorcyclist,-,Knox,Knoxville,2
107527,400507006,1,0,35.37236,-88.22476,8,2026-04-17 17:59:00,2026,4,17,17,59,Friday,17:59,Fatal,Daylight,Clear,Standing Tree,None,THP District 8 - Jackson,THP,-,-,Drinking,Drug,-,-,-,-,-,-,-,Motorcyclist,-,Hardin,Not in City Limit,6
107538,400507079,1,1,36.44413,-89.29617,8,2026-04-15 14:29:00,2026,4,15,14,29,Wednesday,14:29,Fatal,Daylight,Clear,Motor Vehicle-In-Transport On Same Roadway,None,THP District 8 - Jackson,THP,Unbelted,-,-,Drug,-,-,-,-,-,-,-,-,-,Obion,Not in City Limit,4
107557,400507245,0,1,35.07163,-85.73351,2,2026-04-20 18:05:00,2026,4,20,18,5,Monday,18:05,Suspected Serious Injury,Dusk,Clear,Guard Rail Face,None,THP District 2 - Chattanooga,THP,-,-,-,-,-,-,-,-,-,-,-,Motorcyclist,-,Marion,Not in City Limit,2
107563,400507297,0,1,36.07384,-84.06484,1,2026-04-19 22:28:00,2026,4,19,22,28,Sunday,22:28,Suspected Serious Injury,Dark-Not Lighted,Clear,Ditch,None,THP District 1 - Knoxville,THP,Unbelted,-,-,-,-,-,-,-,-,-,-,-,-,Knox,Not in City Limit,1
107579,400507402,0,1,35.10492,-84.63328,2,2026-04-20 20:24:00,2026,4,20,20,24,Monday,20:24,Suspected Serious Injury,Dusk,Clear,Guard Rail Face,None,THP District 2 - Chattanooga,THP,-,-,-,-,-,Speeding,-,-,-,-,-,Motorcyclist,-,Polk,Not in City Limit,2
107589,400507543,0,1,35.58007,-88.84339,8,2026-04-20 15:35:00,2026,4,20,15,35,Monday,15:35,Suspected Serious Injury,Daylight,Clear,Motor Vehicle-In-Transport On Same Roadway,None,MADISON CO SHERIFFS DEPT,Other,Unbelted,-,-,-,-,-,-,-,-,-,-,Motorcyclist,Direct,Madison,Not in City Limit,2
107602,400507663,0,1,36.01152,-85.38211,6,2026-04-21 09:36:00,2026,4,21,9,36,Tuesday,09:36,Suspected Serious Injury,Daylight,Clear,Other Fixed Object,None,WHITE CO SHERIFFS DEPT,Other,Unbelted,-,-,-,-,-,-,-,-,-,-,-,-,White,Not in City Limit,3
107603,400507669,0,1,35.2706,-84.97566,2,2026-04-20 16:00:00,2026,4,20,16,0,Monday,16:00,Suspected Serious Injury,Daylight,Clear,Standing Tree,None,HAMILTON COUNTY SHERIFF'S OFFICE,Other,Unbelted,-,-,-,-,-,-,-,-,-,-,-,-,Hamilton,Not in City Limit,2
107632,400508070,0,1,35.7977,-86.87961,3,2026-04-21 15:14:00,2026,4,21,15,14,Tuesday,15:14,Suspected Serious Injury,Daylight,Clear,Motor Vehicle-In-Transport On Same Roadway,None,WILLIAMSON CO SHERIFFS OFFICE,Other,Unbelted,-,-,-,-,-,-,-,-,-,-,Motorcyclist,Indirect,Williamson,Thompson's Station,3
107638,400508131,0,1,35.96309,-83.91399,1,2026-04-21 17:39:00,2026,4,21,17,39,Tuesday,17:39,Suspected Serious Injury,Daylight,Clear,Motor Vehicle-In-Transport On Same Roadway,None,KNOXVILLE POLICE DEPT,Other,Unbelted,-,-,-,-,-,-,-,-,-,-,-,-,Knox,Knoxville,3
107652,400508281,0,1,36.26469,-87.2659,3,2026-04-21 20:34:00,2026,4,21,20,34,Tuesday,20:34,Suspected Serious Injury,Dark-Not Lighted,Clear,Ditch,None,THP District 3 - Nashville,THP,Unbelted,-,-,-,-,-,-,-,-,-,-,-,-,Dickson,Not in City Limit,3
107654,400508295,0,1,35.84523,-86.6532,3,2026-04-21 16:33:00,2026,4,21,16,33,Tuesday,16:33,Suspected Serious Injury,Daylight,Clear,"Over Turn, Roll Over",None,THP District 3 - Nashville,THP,-,-,-,-,-,-,-,-,-,-,-,Motorcyclist,-,Williamson,Not in City Limit,3
107659,400508315,0,1,35.55121,-89.85909,4,2026-04-21 20:10:00,2026,4,21,20,10,Tuesday,20:10,Suspected Serious Injury,Dark-Not Lighted,Clear,Deer,None,TIPTON CO SHERIFFS DEPT,Other,-,-,-,-,-,-,-,-,-,ATV_Involved,-,-,-,Tipton,Not in City Limit,3
107675,400508483,0,2,36.01109,-88.48846,8,2026-04-22 05:50:00,2026,4,22,5,50,Wednesday,05:50,Suspected Serious Injury,Dawn,Clear,Pedal-Cycle,None,THP District 8 - Jackson,THP,Unbelted,-,-,-,-,-,Pedalcyclist,-,-,-,-,-,-,Carroll,Not in City Limit,4
107682,400508570,1,0,35.95741,-86.50995,3,2026-04-22 03:38:00,2026,4,22,3,38,Wednesday,03:38,Fatal,Dark-Lighted,Clear,Utility Pole,None,SMYRNA POLICE DEPT,Other,Unbelted,-,-,-,-,-,-,-,-,-,-,-,-,Rutherford,Smyrna,4
107689,400508626,1,0,36.08206,-86.71245,3,2026-04-18 01:28:00,2026,4,18,1,28,Saturday,01:28,Fatal,Dark-Lighted,Clear,Pedal-Cycle,None,METROPOLITAN NASHVILLE POLICE DEPT,Other,Unbelted,-,-,-,-,-,Pedalcyclist,-,-,-,-,-,-,Davidson,Nashville,7
107693,400508658,0,1,36.03789,-86.59066,3,2026-04-18 21:28:00,2026,4,18,21,28,Saturday,21:28,Suspected Serious Injury,Dark-Lighted,Rain,Mail Box,None,METROPOLITAN NASHVILLE POLICE DEPT,Other,Unbelted,-,Drinking,-,-,-,-,-,-,-,-,-,-,Davidson,Nashville,7
107696,400508701,0,1,36.16397,-85.5059,6,2026-04-22 11:00:00,2026,4,22,11,0,Wednesday,11:00,Suspected Serious Injury,Daylight,Clear,Pedestrian,Construction Zone,COOKEVILLE POLICE DEPT,Other,Unbelted,-,-,-,-,-,-,Pedestrian,-,-,ATV_Involved,-,-,Putnam,Cookeville,4
107704,400508794,0,1,35.78636,-86.40065,3,2026-04-22 12:53:00,2026,4,22,12,53,Wednesday,12:53,Suspected Serious Injury,Daylight,Clear,Motor Vehicle-In-Transport On Same Roadway,None,MURFREESBORO POLICE DEPT,Other,Unbelted,-,-,-,-,-,-,-,-,-,-,-,-,Rutherford,Murfreesboro,4
107709,400508847,0,1,36.15289,-86.78368,3,2026-04-22 13:29:00,2026,4,22,13,29,Wednesday,13:29,Suspected Serious Injury,Daylight,Clear,Motor Vehicle-In-Transport On Same Roadway,None,METROPOLITAN NASHVILLE POLICE DEPT,Other,Unbelted,-,-,-,-,-,-,-,-,-,-,Motorcyclist,-,Davidson,Nashville,4
107717,400508942,0,1,35.94783,-85.02341,6,2026-04-22 14:44:00,2026,4,22,14,44,Wednesday,14:44,Suspected Serious Injury,,Clear,Motor Vehicle-In-Transport On Same Roadway,None,CROSSVILLE POLICE DEPT,Other,Unbelted,-,-,-,-,-,-,-,-,-,-,Motorcyclist,-,Cumberland,Crossville,4
107731,400509083,0,4,36.51884,-87.82064,3,2026-04-19 17:05:00,2026,4,19,17,5,Sunday,17:05,Suspected Serious Injury,Daylight,Clear,Motor Vehicle-In-Transport On Same Roadway,None,THP District 3 - Nashville,THP,Unbelted,Distracted,-,-,-,-,-,-,-,-,-,-,-,Stewart,Not in City Limit,1
107745,400509159,0,1,36.34023,-83.04523,5,2026-04-22 18:25:00,2026,4,22,18,25,Wednesday,18:25,Suspected Serious Injury,Daylight,Clear,"Over Turn, Roll Over",None,THP District 5 - Fall Branch,THP,Unbelted,-,Drinking,-,-,-,-,-,-,-,-,-,-,Hawkins,Not in City Limit,4
107752,400509215,0,1,35.95295,-84.15402,1,2026-04-22 16:41:00,2026,4,22,16,41,Wednesday,16:41,Suspected Serious Injury,Daylight,Clear,Motor Vehicle-In-Transport On Same Roadway,None,KNOX CO SHERIFFS OFFICE,Other,Unbelted,-,-,-,-,-,-,-,-,-,-,Motorcyclist,-,Knox,Not in City Limit,4
107756,400509267,0,1,36.01338,-83.8568,1,2026-04-22 19:20:00,2026,4,22,19,20,Wednesday,19:20,Suspected Serious Injury,Daylight,Clear,Fell/Jumped From Vehicle,None,KNOXVILLE POLICE DEPT,Other,-,Distracted,-,-,-,-,-,-,-,-,-,Motorcyclist,-,Knox,Knoxville,4
107773,400509352,0,2,35.86014,-86.36192,3,2026-04-22 17:19:00,2026,4,22,17,19,Wednesday,17:19,Suspected Serious Injury,Daylight,Clear,Pedal-Cycle,None,MURFREESBORO POLICE DEPT,Other,Unbelted,-,-,-,-,-,Pedalcyclist,-,Other_NM,-,-,-,-,Rutherford,Murfreesboro,4
107779,400509386,0,2,36.01331,-83.85633,1,2026-04-22 19:25:00,2026,4,22,19,25,Wednesday,19:25,Suspected Serious Injury,Daylight,Clear,Embankment Earth,None,KNOXVILLE POLICE DEPT,Other,-,-,-,-,-,-,-,-,-,-,-,Motorcyclist,-,Knox,Knoxville,4
107789,400509619,0,1,36.30913,-86.60286,3,2026-04-23 07:23:00,2026,4,23,7,23,Thursday,07:23,Suspected Serious Injury,Daylight,Clear,Non-Motorist Personal Conveyance,None,HENDERSONVILLE POLICE DEPT,Other,Unbelted,-,-,-,-,-,Pedalcyclist,-,-,-,-,-,-,Sumner,Hendersonville,5
107802,400509738,0,2,35.78795,-89.12889,4,2026-04-23 07:38:00,2026,4,23,7,38,Thursday,07:38,Suspected Serious Injury,Daylight,Clear,Motor Vehicle-In-Transport On Same Roadway,None,ALAMO POLICE DEPT,Other,Unbelted,Distracted,-,-,Drowsy,Speeding,-,-,-,-,-,-,-,Crockett,Alamo,5
107806,400509806,0,1,36.43742,-84.07784,1,2026-04-22 21:21:00,2026,4,22,21,21,Wednesday,21:21,Suspected Serious Injury,Dark-Not Lighted,Clear,Motor Vehicle-In-Transport On Same Roadway,None,THP District 1 - Knoxville,THP,Unbelted,-,-,-,-,-,-,-,-,-,-,Motorcyclist,-,Campbell,Not in City Limit,4
107808,400509830,0,1,36.20779,-86.3472,3,2026-04-21 11:35:00,2026,4,21,11,35,Tuesday,11:35,Suspected Serious Injury,Daylight,Clear,"Over Turn, Roll Over",None,LEBANON POLICE DEPT,Other,Unbelted,-,-,-,-,Speeding,-,-,-,-,ATV_Involved,-,-,Wilson,Lebanon,3
107821,400510027,0,3,35.52617,-86.57454,7,2026-04-22 21:00:00,2026,4,22,21,0,Wednesday,21:00,Suspected Serious Injury,Dark-Not Lighted,Clear,Standing Tree,None,THP District 7 - Lawrenceburg,THP,Unbelted,-,Drinking,Drug,-,-,-,-,-,-,-,-,-,Bedford,Not in City Limit,4
107833,400510116,1,2,35.92355,-83.59776,1,2026-04-23 15:29:00,2026,4,23,15,29,Thursday,15:29,Fatal,Daylight,Clear,Motor Vehicle-In-Transport On Same Roadway,None,SEVIERVILLE POLICE DEPT,Other,Unbelted,-,-,-,Drowsy,-,-,-,-,-,-,-,-,Sevier,Sevierville,5
107839,400510165,0,3,36.12649,-87.22766,3,2026-04-23 15:42:00,2026,4,23,15,42,Thursday,15:42,Suspected Serious Injury,Daylight,Clear,Motor Vehicle-In-Transport On Same Roadway,None,WHITE BLUFF POLICE DEPT,Other,Unbelted,-,-,-,-,-,-,-,-,-,-,-,-,Dickson,White Bluff,5
107847,400510248,0,1,35.19373,-84.88733,2,2026-04-23 16:40:00,2026,4,23,16,40,Thursday,16:40,Suspected Serious Injury,Daylight,Clear,Motor Vehicle-In-Transport On Same Roadway,None,THP District 2 - Chattanooga,THP,Unbelted,-,-,-,-,-,-,-,-,-,ATV_Involved,-,-,Bradley,Cleveland,5
107848,400510286,0,7,35.96902,-84.99303,6,2026-04-23 15:26:00,2026,4,23,15,26,Thursday,15:26,Suspected Serious Injury,Daylight,Clear,Motor Vehicle-In-Transport On Same Roadway,None,THP District 6 - Cookeville,THP,Unbelted,Distracted,-,-,-,-,-,-,-,-,ATV_Involved,-,-,Cumberland,Not in City Limit,5
107849,400510288,0,1,35.63826,-88.77473,8,2026-04-23 16:47:00,2026,4,23,16,47,Thursday,16:47,Suspected Serious Injury,Daylight,Clear,Motor Vehicle-In-Transport On Same Roadway,None,JACKSON POLICE DEPT,Other,Unbelted,-,Drinking,-,-,-,-,-,-,-,ATV_Involved,-,-,Madison,Jackson,5
107850,400510289,2,1,35.98574,-84.48196,1,2026-04-23 15:53:00,2026,4,23,15,53,Thursday,15:53,Fatal,Daylight,Clear,Motor Vehicle-In-Transport On Same Roadway,None,THP District 1 - Knoxville,THP,Unbelted,-,-,-,-,-,-,-,-,-,-,Motorcyclist,-,Morgan,Not in City Limit,5
107862,400510371,0,3,35.63674,-88.84781,8,2026-04-23 17:23:00,2026,4,23,17,23,Thursday,17:23,Suspected Serious Injury,Daylight,Clear,Motor Vehicle-In-Transport On Same Roadway,None,JACKSON POLICE DEPT,Other,Unbelted,-,-,-,-,-,-,-,-,-,-,-,-,Madison,Jackson,5
107868,400510431,0,2,35.39515,-84.90027,2,2026-04-23 17:21:00,2026,4,23,17,21,Thursday,17:21,Suspected Serious Injury,Daylight,Clear,Motor Vehicle-In-Transport On Same Roadway,None,THP District 2 - Chattanooga,THP,Unbelted,-,-,-,-,-,-,-,-,-,ATV_Involved,-,-,Meigs,Not in City Limit,5
107875,400510462,0,1,35.99862,-87.42533,3,2026-04-23 21:31:00,2026,4,23,21,31,Thursday,21:31,Suspected Serious Injury,Dark-Not Lighted,Clear,Parked Motor Vehicle,None,THP District 3 - Nashville,THP,Unbelted,-,-,-,-,-,-,-,-,-,ATV_Involved,-,-,Dickson,Not in City Limit,5