OBJECTID,MRN,Fatality,Injury,Latitude,Longitude,THP_District,Collision_Date,Collision_Year,Collision_Month,Collision_Day,Collision_Hour,Collision_Min,Collision_DOW,Collision_Time,Crash_Type,Light_Condition,Weather,First_Harmfu_Event,Work_Zone_Type,Agency_Name,THP,Unbelted,Distracted_Driver,Driver_Drinking,Driver_Drugged,Drowsy_Driver,Speeding_Involved,Pedalcyclist,Pedestrian,Other_Nonmotorist,ATV_Involved,LargeTruck_Involved,Motorcycle_Involved,SchoolBus,County,City,DOW_Nmb
107879,400510494,0,1,35.15486,-89.63547,4,2026-04-22 01:43:00,2026,4,22,1,43,Wednesday,01:43,Suspected Serious Injury,Dark-Lighted,Clear,Culvert,None,THP District 4 - Memphis,THP,Unbelted,-,-,-,-,-,-,-,-,-,-,-,-,Fayette,Not in City Limit,4
107883,400510512,0,1,36.39838,-86.68955,3,2026-04-22 20:56:00,2026,4,22,20,56,Wednesday,20:56,Suspected Serious Injury,Dark-Not Lighted,Clear,Other Non-Collision,None,MILLERSVILLE POLICE DEPT,Other,Unbelted,-,Drinking,Drug,-,Speeding,-,-,-,-,-,-,-,Sumner,Millersville,4
107884,400510519,0,1,35.99873,-83.9248,1,2026-04-24 02:23:00,2026,4,24,2,23,Friday,02:23,Suspected Serious Injury,Dark-Lighted,Clear,Utility Pole,None,KNOXVILLE POLICE DEPT,Other,Unbelted,-,-,-,-,-,-,-,-,-,-,-,-,Knox,Knoxville,6
107901,400510794,1,0,35.836,-83.97064,1,2026-04-23 11:00:00,2026,4,23,11,0,Thursday,11:00,Fatal,Daylight,Clear,Other Fixed Object,Construction Zone,ALCOA POLICE DEPARTMENT,Other,Unbelted,-,-,Drug,-,Speeding,-,-,-,-,-,-,-,Blount,Alcoa,5
107902,400510811,0,2,35.74143,-83.99675,1,2026-04-24 09:34:00,2026,4,24,9,34,Friday,09:34,Suspected Serious Injury,Daylight,Clear,Motor Vehicle-In-Transport On Same Roadway,None,MARYVILLE POLICE DEPT,Other,Unbelted,-,-,-,-,-,-,-,-,-,-,-,-,Blount,Maryville,6
107915,400510965,0,2,35.56539,-86.15527,2,2026-04-24 07:35:00,2026,4,24,7,35,Friday,07:35,Suspected Serious Injury,Daylight,Clear,"Over Turn, Roll Over",None,THP District 2 - Chattanooga,THP,Unbelted,-,-,-,-,Speeding,-,-,-,-,-,-,-,Coffee,Not in City Limit,6
107932,400511241,0,2,35.96798,-84.48322,1,2026-04-21 18:32:00,2026,4,21,18,32,Tuesday,18:32,Suspected Serious Injury,Daylight,Clear,Motor Vehicle-In-Transport On Same Roadway,None,THP District 1 - Knoxville,THP,Unbelted,-,-,-,-,-,-,-,-,-,-,-,-,Roane,Not in City Limit,3
107937,400511338,0,1,35.31638,-89.39338,4,2026-04-18 19:52:00,2026,4,18,19,52,Saturday,19:52,Suspected Serious Injury,Dark-Not Lighted,Clear,Ditch,None,THP District 4 - Memphis,THP,Unbelted,-,Drinking,-,-,-,-,-,-,-,-,-,-,Fayette,Not in City Limit,7
107949,400511412,1,1,36.30901,-86.8241,3,2026-04-23 18:48:00,2026,4,23,18,48,Thursday,18:48,Fatal,Dark-Lighted,Clear,Motor Vehicle-In-Transport On Same Roadway,None,METROPOLITAN NASHVILLE POLICE DEPT,Other,Unbelted,-,-,-,-,-,-,-,-,-,-,-,-,Davidson,Nashville,5
107957,400511485,0,2,35.33172,-89.55441,4,2026-04-12 20:13:00,2026,4,12,20,13,Sunday,20:13,Suspected Serious Injury,Dark-Not Lighted,Clear,Ditch,None,THP District 4 - Memphis,THP,Unbelted,-,-,-,-,-,-,-,-,-,-,-,-,Fayette,Not in City Limit,1
107958,400511497,0,2,35.92116,-83.64665,1,2026-04-16 00:00:00,2026,4,16,24,0,Thursday,24:00,Suspected Serious Injury,Daylight,Clear,Motor Vehicle-In-Transport On Same Roadway,None,SEVIER CO SHERIFFS OFFICE,Other,Unbelted,Distracted,-,-,-,-,-,-,-,-,-,-,-,Sevier,Not in City Limit,5
107970,400511667,0,3,35.10059,-89.9631,4,2026-02-24 18:22:00,2026,2,24,18,22,Tuesday,18:22,Suspected Serious Injury,Dark-Not Lighted,Clear,Motor Vehicle-In-Transport On Same Roadway,None,THP District 4 - Memphis,THP,Unbelted,-,-,-,-,-,-,-,-,-,-,-,-,Shelby,Memphis,3
107977,400511731,0,1,36.19831,-86.74136,3,2026-04-24 20:35:00,2026,4,24,20,35,Friday,20:35,Suspected Serious Injury,Dark-Not Lighted,Clear,Pedestrian,None,METROPOLITAN NASHVILLE POLICE DEPT,Other,Unbelted,-,-,-,-,-,-,Pedestrian,-,-,-,-,-,Davidson,Nashville,6
107978,400511736,0,4,35.61778,-87.20782,7,2026-04-21 16:00:00,2026,4,21,16,0,Tuesday,16:00,Suspected Serious Injury,Daylight,Clear,Motor Vehicle-In-Transport On Same Roadway,None,THP District 7 - Lawrenceburg,THP,Unbelted,-,-,-,-,-,-,-,-,-,-,Motorcyclist,-,Maury,Not in City Limit,3
107983,400511749,0,1,36.3668,-82.99583,5,2026-04-24 05:16:00,2026,4,24,5,16,Friday,05:16,Suspected Serious Injury,Dark-Not Lighted,Clear,Guard Rail Face,None,THP District 5 - Fall Branch,THP,-,-,-,-,-,-,-,-,-,-,-,Motorcyclist,-,Hawkins,Not in City Limit,6
108012,400512120,0,1,35.47858,-84.60883,2,2026-04-25 07:43:00,2026,4,25,7,43,Saturday,07:43,Suspected Serious Injury,Daylight,Rain,"Over Turn, Roll Over",None,THP District 2 - Chattanooga,THP,Unbelted,-,-,-,-,-,-,-,-,-,-,-,-,McMinn,Athens,7
108020,400512178,0,1,36.34065,-88.26173,8,2026-04-23 17:45:00,2026,4,23,17,45,Thursday,17:45,Suspected Serious Injury,Daylight,Clear,Embankment Earth,None,THP District 8 - Jackson,THP,-,-,-,-,-,-,-,-,-,-,-,Motorcyclist,-,Henry,Not in City Limit,5
108023,400512221,0,1,36.05084,-83.96488,1,2026-04-25 14:11:00,2026,4,25,14,11,Saturday,14:11,Suspected Serious Injury,Daylight,Cloudy,Culvert,None,KNOX CO SHERIFFS OFFICE,Other,Unbelted,-,-,-,-,-,-,-,-,-,-,-,-,Knox,Not in City Limit,7
108024,400512231,0,1,36.30404,-84.20983,1,2026-04-25 12:23:00,2026,4,25,12,23,Saturday,12:23,Suspected Serious Injury,Daylight,Rain,Guard Rail Face,None,CARYVILLE POLICE DEPT,Other,Unbelted,-,Drinking,-,-,Speeding,-,-,-,-,-,-,-,Campbell,Caryville,7
108033,400512316,0,3,36.20565,-86.54352,3,2026-04-25 14:00:00,2026,4,25,14,0,Saturday,14:00,Suspected Serious Injury,Daylight,Clear,Motor Vehicle-In-Transport On Same Roadway,None,MOUNT JULIET POLICE DEPT,Other,Unbelted,-,-,-,-,-,-,-,-,-,-,-,-,Wilson,Mount Juliet,7
108034,400512352,0,1,36.26411,-86.05641,6,2026-04-24 20:23:00,2026,4,24,20,23,Friday,20:23,Suspected Serious Injury,Dark-Not Lighted,Cloudy,Standing Tree,None,THP District 6 - Cookeville,THP,Unbelted,-,-,-,-,-,-,-,-,-,-,-,-,Smith,Not in City Limit,6
108036,400512367,0,1,35.25338,-86.31945,7,2026-04-25 15:30:00,2026,4,25,15,30,Saturday,15:30,Suspected Serious Injury,Daylight,Rain,"Over Turn, Roll Over",None,THP District 7 - Lawrenceburg,THP,Unbelted,-,-,-,-,-,-,-,-,-,-,-,-,Moore,Lynchburg,7
108041,400512404,0,1,36.02246,-86.5377,3,2026-04-25 15:59:00,2026,4,25,15,59,Saturday,15:59,Suspected Serious Injury,Daylight,Clear,Unknown,None,LAVERGNE POLICE DEPT,Other,-,-,-,-,-,-,-,-,-,ATV_Involved,-,-,-,Rutherford,Lavergne,7
108060,400512595,0,1,36.52633,-85.53983,6,2026-04-25 18:19:00,2026,4,25,18,19,Saturday,18:19,Suspected Serious Injury,Dusk,Clear,Jackknife,None,THP District 6 - Cookeville,THP,Unbelted,-,-,-,-,-,-,-,-,-,ATV_Involved,-,-,Clay,Not in City Limit,7
108062,400512614,0,3,36.21859,-86.32613,3,2026-04-25 20:22:00,2026,4,25,20,22,Saturday,20:22,Suspected Serious Injury,Dark-Lighted,Clear,Motor Vehicle-In-Transport On Same Roadway,None,LEBANON POLICE DEPT,Other,Unbelted,-,-,-,-,-,-,-,-,-,-,-,-,Wilson,Lebanon,7
108070,400512672,0,1,35.78319,-89.43058,4,2026-04-25 21:52:00,2026,4,25,21,52,Saturday,21:52,Suspected Serious Injury,Dark-Not Lighted,Clear,Ditch,None,THP District 4 - Memphis,THP,-,-,Drinking,Drug,-,-,-,-,-,-,-,Motorcyclist,-,Lauderdale,Not in City Limit,7
108076,400512716,0,1,36.46505,-86.69314,3,2026-04-25 22:55:00,2026,4,25,22,55,Saturday,22:55,Suspected Serious Injury,Dark-Not Lighted,Clear,Ditch,None,WHITE HOUSE POLICE DEPT,Other,-,-,-,-,Drowsy,-,-,-,-,-,-,Motorcyclist,-,Robertson,White House,7
108080,400512731,0,1,35.83613,-89.20071,4,2026-04-25 03:00:00,2026,4,25,3,0,Saturday,03:00,Suspected Serious Injury,Dark-Not Lighted,Clear,Ditch,None,CROCKETT CO SHERIFFS DEPT,Other,Unbelted,-,Drinking,-,-,-,-,-,-,-,-,-,-,Crockett,Not in City Limit,7
108084,400512752,0,1,36.03654,-89.38245,8,2026-04-26 00:00:00,2026,4,26,24,0,Sunday,24:00,Suspected Serious Injury,Dark-Lighted,Clear,Utility Pole,None,DYERSBURG POLICE DEPT,Other,Unbelted,-,-,-,-,-,-,-,-,-,-,-,-,Dyer,Dyersburg,1
108085,400512765,1,1,35.11794,-88.49507,8,2026-04-25 21:10:00,2026,4,25,21,10,Saturday,21:10,Fatal,Dark-Not Lighted,Clear,Mail Box,None,THP District 8 - Jackson,THP,Unbelted,-,Drinking,-,-,-,-,-,-,-,-,-,-,McNairy,Not in City Limit,7
108091,400512795,1,0,36.06975,-83.83868,1,2026-04-26 02:34:00,2026,4,26,2,34,Sunday,02:34,Fatal,Dark-Not Lighted,Fog,Embankment Earth,None,KNOX CO SHERIFFS OFFICE,Other,Unbelted,-,Drinking,-,-,Speeding,-,-,-,-,-,-,-,Knox,Not in City Limit,1
108102,400512855,0,1,36.35609,-88.21982,8,2026-04-25 13:00:00,2026,4,25,13,0,Saturday,13:00,Suspected Serious Injury,Daylight,Clear,Motor Vehicle-In-Transport On Same Roadway,None,THP District 8 - Jackson,THP,Unbelted,-,-,-,-,-,-,-,-,-,-,-,-,Henry,Not in City Limit,7
108108,400513017,0,1,35.34821,-84.40039,1,2026-04-25 09:26:00,2026,4,25,9,26,Saturday,09:26,Suspected Serious Injury,Daylight,Rain,Ditch,None,MONROE CO SHERIFFS DEPT,Other,Unbelted,-,-,-,-,-,-,-,-,-,-,-,-,Monroe,Not in City Limit,7
108109,400513023,0,5,35.98972,-86.79945,3,2026-04-25 11:09:00,2026,4,25,11,9,Saturday,11:09,Suspected Serious Injury,Daylight,Clear,Motor Vehicle-In-Transport On Same Roadway,None,THP District 3 - Nashville,THP,Unbelted,-,-,-,-,-,-,-,-,-,-,-,-,Williamson,Brentwood,7
108116,400513115,0,3,35.20991,-89.65512,4,2026-04-26 12:25:00,2026,4,26,12,25,Sunday,12:25,Suspected Serious Injury,Daylight,Clear,Motor Vehicle-In-Transport On Same Roadway,None,THP District 4 - Memphis,THP,Unbelted,-,-,-,-,-,-,-,-,-,-,-,-,Shelby,Not in City Limit,1
108122,400513163,0,4,36.40153,-82.95792,5,2026-04-25 15:28:00,2026,4,25,15,28,Saturday,15:28,Suspected Serious Injury,Daylight,Cloudy,Motor Vehicle-In-Transport On Same Roadway,None,THP District 5 - Fall Branch,THP,Unbelted,-,-,-,-,Speeding,-,-,-,-,-,-,-,Hawkins,Not in City Limit,7
108124,400513196,0,1,35.5804,-85.81564,6,2026-04-25 00:00:00,2026,4,25,24,0,Saturday,24:00,Suspected Serious Injury,Dark-Not Lighted,Rain,Ditch,None,THP District 6 - Cookeville,THP,Unbelted,-,-,-,-,-,-,-,-,-,-,-,-,Warren,Not in City Limit,7
108125,400513202,0,2,35.25631,-84.79073,2,2026-04-26 14:11:00,2026,4,26,14,11,Sunday,14:11,Suspected Serious Injury,Daylight,Clear,Motor Vehicle-In-Transport On Same Roadway,None,THP District 2 - Chattanooga,THP,Unbelted,Distracted,-,-,-,-,-,-,-,-,-,-,-,Bradley,Not in City Limit,1
108126,400513218,0,2,36.18743,-86.77336,3,2026-04-26 14:04:00,2026,4,26,14,4,Sunday,14:04,Suspected Serious Injury,Daylight,Clear,Motor Vehicle-In-Transport On Same Roadway,None,METROPOLITAN NASHVILLE POLICE DEPT,Other,Unbelted,-,-,-,-,-,-,-,-,-,-,-,-,Davidson,Nashville,1
108144,400513444,0,1,36.12937,-82.41443,5,2026-04-26 17:21:00,2026,4,26,17,21,Sunday,17:21,Suspected Serious Injury,Daylight,Clear,Motor Vehicle-In-Transport On Same Roadway,None,THP District 5 - Fall Branch,THP,Unbelted,-,-,-,-,-,-,-,-,-,-,Motorcyclist,-,Unicoi,Not in City Limit,1
108146,400513489,0,3,36.21605,-86.58522,3,2026-04-26 00:00:00,2026,4,26,24,0,Sunday,24:00,Suspected Serious Injury,Daylight,Clear,Motor Vehicle-In-Transport On Same Roadway,None,METROPOLITAN NASHVILLE POLICE DEPT,Other,Unbelted,-,-,-,-,-,-,-,-,-,-,-,-,Davidson,Nashville,1
108149,400513520,0,1,36.00286,-82.84988,5,2026-04-26 16:20:00,2026,4,26,16,20,Sunday,16:20,Suspected Serious Injury,Daylight,Clear,Ditch,None,THP District 5 - Fall Branch,THP,-,-,-,-,-,-,-,-,-,-,-,Motorcyclist,-,Greene,Not in City Limit,1
108152,400513543,0,2,36.30029,-86.55081,3,2026-04-24 19:00:00,2026,4,24,19,0,Friday,19:00,Suspected Serious Injury,Daylight,Cloudy,"Over Turn, Roll Over",None,THP District 3 - Nashville,THP,-,-,-,-,-,Speeding,-,-,-,-,-,-,-,Wilson,Not in City Limit,6
108163,400513622,0,1,36.56798,-86.23816,3,2026-04-26 20:13:00,2026,4,26,20,13,Sunday,20:13,Suspected Serious Injury,Dark-Not Lighted,Clear,Bridge/Pier Abutment,None,WESTMORELAND POLICE DEPT,Other,Unbelted,-,-,-,-,-,-,-,-,-,-,-,-,Sumner,Westmoreland,1
108172,400513683,0,1,35.61537,-88.04282,8,2026-04-26 00:00:00,2026,4,26,24,0,Sunday,24:00,Suspected Serious Injury,Dark-Not Lighted,Fog,Embankment Earth,None,THP District 8 - Jackson,THP,Unbelted,-,-,-,-,-,-,-,-,-,-,-,-,Decatur,Not in City Limit,1
108175,400513699,0,1,35.84953,-86.09586,6,2026-04-25 00:00:00,2026,4,25,24,0,Saturday,24:00,Suspected Serious Injury,Dark-Not Lighted,Clear,"Over Turn, Roll Over",None,CANNON CO SHERIFFS DEPT,Other,Unbelted,-,-,-,-,-,-,-,-,-,-,-,-,Cannon,Not in City Limit,7
108187,400513860,0,1,36.08597,-85.64082,6,2026-04-26 20:06:00,2026,4,26,20,6,Sunday,20:06,Suspected Serious Injury,Dark-Not Lighted,Clear,Ditch,None,THP District 6 - Cookeville,THP,Unbelted,-,Drinking,Drug,-,-,-,-,-,-,-,-,-,Putnam,Not in City Limit,1
108191,400513904,0,1,36.05609,-85.14764,6,2025-09-19 08:02:00,2025,9,19,8,2,Friday,08:02,Suspected Serious Injury,Daylight,Clear,"Over Turn, Roll Over",None,CUMBERLAND CO SHERIFFS OFFICE,Other,Unbelted,-,Drinking,-,-,-,-,-,-,-,-,-,-,Cumberland,Not in City Limit,6
108195,400513947,0,1,35.71076,-86.27216,3,2026-04-27 05:53:00,2026,4,27,5,53,Monday,05:53,Suspected Serious Injury,Dawn,Clear,"Over Turn, Roll Over",None,THP District 3 - Nashville,THP,Unbelted,-,-,-,-,-,-,-,-,-,-,-,-,Rutherford,Not in City Limit,2
108201,400513996,0,1,35.99236,-83.92027,1,2026-04-27 13:38:00,2026,4,27,13,38,Monday,13:38,Suspected Serious Injury,Daylight,Clear,Motor Vehicle-In-Transport On Same Roadway,None,KNOXVILLE POLICE DEPT,Other,Unbelted,-,-,-,-,-,-,-,-,-,-,Motorcyclist,-,Knox,Knoxville,2
108203,400514012,0,1,35.85931,-87.35645,7,2026-04-27 12:25:00,2026,4,27,12,25,Monday,12:25,Suspected Serious Injury,Daylight,Clear,Ditch,None,THP District 7 - Lawrenceburg,THP,Unbelted,-,-,-,-,-,-,-,-,-,-,-,-,Hickman,Not in City Limit,2
108212,400514085,0,1,36.46455,-87.15206,3,2026-04-27 12:35:00,2026,4,27,12,35,Monday,12:35,Suspected Serious Injury,Daylight,Clear,Motor Vehicle-In-Transport On Same Roadway,None,THP District 3 - Nashville,THP,Unbelted,-,-,-,-,-,-,-,-,-,ATV_Involved,-,-,Montgomery,Not in City Limit,2
108218,400514151,0,3,35.66914,-85.95002,6,2026-04-27 15:28:00,2026,4,27,15,28,Monday,15:28,Suspected Serious Injury,Daylight,Clear,Motor Vehicle-In-Transport On Same Roadway,None,THP District 6 - Cookeville,THP,Unbelted,-,-,-,-,-,-,-,-,-,-,-,-,Warren,Not in City Limit,2
108229,400514270,0,1,36.16806,-84.2693,1,2026-04-27 14:33:00,2026,4,27,14,33,Monday,14:33,Suspected Serious Injury,Daylight,Clear,Embankment Earth,None,THP District 1 - Knoxville,THP,-,-,-,-,-,-,-,-,-,-,-,Motorcyclist,-,Anderson,Not in City Limit,2
108239,400514353,0,1,35.85844,-84.48415,1,2026-04-27 20:30:00,2026,4,27,20,30,Monday,20:30,Suspected Serious Injury,Dark-Lighted,Clear,Motor Vehicle-In-Transport On Same Roadway,None,THP District 1 - Knoxville,THP,Unbelted,-,-,-,-,-,-,-,-,-,-,Motorcyclist,-,Roane,Not in City Limit,2
108242,400514373,0,1,36.15973,-86.77428,3,2026-04-27 19:51:00,2026,4,27,19,51,Monday,19:51,Suspected Serious Injury,Dark-Lighted,Cloudy,Pedal-Cycle,None,METROPOLITAN NASHVILLE POLICE DEPT,Other,Unbelted,-,-,-,-,-,Pedalcyclist,-,-,-,-,-,-,Davidson,Nashville,2
108246,400514385,0,2,35.457,-84.48512,2,2026-04-26 22:35:00,2026,4,26,22,35,Sunday,22:35,Suspected Serious Injury,Dark-Not Lighted,Clear,Ditch,None,THP District 2 - Chattanooga,THP,Unbelted,-,Drinking,-,-,-,-,-,-,-,-,-,-,McMinn,Not in City Limit,1
108276,400514592,0,2,36.18623,-87.8908,3,2026-04-27 12:40:00,2026,4,27,12,40,Monday,12:40,Suspected Serious Injury,Daylight,Clear,"Over Turn, Roll Over",None,HUMPHREYS CO SHERIFFS DEPT,Other,-,-,-,-,-,-,-,-,-,ATV_Involved,-,-,-,Humphreys,Not in City Limit,2
108283,400514642,1,0,36.3328,-86.62039,3,2026-04-28 06:13:00,2026,4,28,6,13,Tuesday,06:13,Fatal,Dawn,Cloudy,Standing Tree,None,HENDERSONVILLE POLICE DEPT,Other,Unbelted,-,-,-,-,Speeding,-,-,-,-,-,-,-,Sumner,Hendersonville,3
108295,400514731,0,2,36.1455,-86.81144,3,2026-04-26 17:31:00,2026,4,26,17,31,Sunday,17:31,Suspected Serious Injury,Daylight,Clear,Motor Vehicle-In-Transport On Same Roadway,None,METROPOLITAN NASHVILLE POLICE DEPT,Other,Unbelted,-,-,-,-,-,-,-,-,-,-,Motorcyclist,-,Davidson,Nashville,1
108296,400514747,0,3,36.31132,-86.97578,3,2026-04-28 07:32:00,2026,4,28,7,32,Tuesday,07:32,Suspected Serious Injury,Daylight,Clear,Ditch,None,THP District 3 - Nashville,THP,Unbelted,-,-,-,-,-,-,-,-,-,-,-,-,Cheatham,Not in City Limit,3
108306,400514909,0,2,35.1105,-89.80271,4,2026-04-27 17:18:00,2026,4,27,17,18,Monday,17:18,Suspected Serious Injury,Daylight,Cloudy,Motor Vehicle-In-Transport On Same Roadway,None,GERMANTOWN POLICE DEPT,Other,Unbelted,-,-,-,-,-,-,-,-,-,-,-,-,Shelby,Germantown,2
108309,400514931,0,1,35.84652,-83.96547,1,2026-04-28 14:20:00,2026,4,28,14,20,Tuesday,14:20,Suspected Serious Injury,Daylight,Clear,Motor Vehicle-In-Transport On Same Roadway,None,ALCOA POLICE DEPARTMENT,Other,Unbelted,-,-,Drug,-,-,-,-,-,-,-,-,-,Blount,Alcoa,3
108323,400515097,0,1,35.60029,-87.12224,7,2026-04-28 11:37:00,2026,4,28,11,37,Tuesday,11:37,Suspected Serious Injury,Daylight,Cloudy,Motor Vehicle-In-Transport On Same Roadway,None,COLUMBIA POLICE DEPT,Other,Unbelted,-,-,-,-,-,-,-,-,-,ATV_Involved,-,-,Maury,Columbia,3
108331,400515203,0,2,36.01798,-85.07446,6,2026-04-27 16:36:00,2026,4,27,16,36,Monday,16:36,Suspected Serious Injury,Daylight,Clear,Motor Vehicle-In-Transport On Same Roadway,None,THP District 6 - Cookeville,THP,Unbelted,-,-,-,-,-,-,-,-,-,-,-,-,Cumberland,Not in City Limit,2
108335,400515227,0,1,35.47808,-83.92568,1,2026-04-26 14:00:00,2026,4,26,14,0,Sunday,14:00,Suspected Serious Injury,Daylight,Clear,Motor Vehicle-In-Transport On Same Roadway,None,THP District 1 - Knoxville,THP,Unbelted,-,-,-,-,-,-,-,-,-,-,Motorcyclist,-,Blount,Not in City Limit,1
108339,400515244,1,0,36.12142,-87.78024,3,2026-04-28 18:34:00,2026,4,28,18,34,Tuesday,18:34,Fatal,Daylight,Rain,"Over Turn, Roll Over",None,THP District 3 - Nashville,THP,Unbelted,-,-,-,-,-,-,-,-,-,-,-,-,Humphreys,Not in City Limit,3
108354,400515342,0,1,36.05073,-88.03922,8,2026-04-28 16:01:00,2026,4,28,16,1,Tuesday,16:01,Suspected Serious Injury,Daylight,Cloudy,Motor Vehicle-In-Transport On Same Roadway,None,THP District 8 - Jackson,THP,Unbelted,-,-,-,-,-,-,-,-,-,-,Motorcyclist,-,Benton,Not in City Limit,3
108358,400515354,0,1,35.6329,-89.15893,4,2026-04-29 00:00:00,2026,4,29,0,0,Wednesday,00:00,Suspected Serious Injury,Dark-Not Lighted,Clear,Standing Tree,None,THP District 4 - Memphis,THP,Unbelted,-,Drinking,-,-,-,-,-,-,-,-,-,-,Haywood,Not in City Limit,4
108361,400515377,0,2,36.17864,-85.94792,6,2026-04-27 12:24:00,2026,4,27,12,24,Monday,12:24,Suspected Serious Injury,Daylight,Clear,Motor Vehicle-In-Transport On Same Roadway,None,THP District 6 - Cookeville,THP,Unbelted,-,-,-,-,-,-,-,-,-,ATV_Involved,-,-,Smith,Gordonsville,2
108367,400515441,1,1,36.20097,-86.82327,3,2026-04-28 06:00:00,2026,4,28,6,0,Tuesday,06:00,Fatal,Dawn,Cloudy,Motor Vehicle-In-Transport On Same Roadway,None,METROPOLITAN NASHVILLE POLICE DEPT,Other,Unbelted,-,-,Drug,-,-,-,-,-,-,-,-,-,Davidson,Nashville,3
108372,400515477,0,2,35.03228,-86.65581,7,2026-04-26 21:45:00,2026,4,26,21,45,Sunday,21:45,Suspected Serious Injury,Dark-Not Lighted,Clear,Utility Pole,None,THP District 7 - Lawrenceburg,THP,Unbelted,-,-,-,-,-,-,-,-,-,-,-,-,Lincoln,Not in City Limit,1
108377,400515518,0,2,35.22804,-84.54245,2,2026-04-25 16:07:00,2026,4,25,16,7,Saturday,16:07,Suspected Serious Injury,Daylight,Clear,"Over Turn, Roll Over",None,THP District 2 - Chattanooga,THP,Unbelted,-,-,-,-,Speeding,-,-,-,-,-,-,-,Polk,Not in City Limit,7
108385,400515632,0,3,35.43477,-89.75568,4,2026-04-28 16:14:00,2026,4,28,16,14,Tuesday,16:14,Suspected Serious Injury,Daylight,Rain,Motor Vehicle-In-Transport On Same Roadway,None,THP District 4 - Memphis,THP,Unbelted,-,-,-,-,-,-,-,-,-,-,-,-,Tipton,Not in City Limit,3
108393,400515784,0,1,35.15223,-84.82238,2,2026-04-29 14:15:00,2026,4,29,14,15,Wednesday,14:15,Suspected Serious Injury,Daylight,Clear,Ditch,None,THP District 2 - Chattanooga,THP,Unbelted,-,-,-,-,-,-,-,-,-,-,-,-,Bradley,Not in City Limit,4
108396,400515809,0,1,35.41381,-89.61818,4,2026-04-18 19:55:00,2026,4,18,19,55,Saturday,19:55,Suspected Serious Injury,Dark-Not Lighted,Cloudy,Motor Vehicle-In-Transport On Same Roadway,None,THP District 4 - Memphis,THP,Unbelted,-,-,-,-,-,-,-,-,-,-,Motorcyclist,-,Tipton,Not in City Limit,7
108423,400516034,1,0,35.34209,-89.53353,4,2026-04-28 21:20:00,2026,4,28,21,20,Tuesday,21:20,Fatal,Dark-Not Lighted,Rain,Motor Vehicle-In-Transport On Same Roadway,None,THP District 4 - Memphis,THP,Unbelted,-,Drinking,-,-,-,-,-,-,-,ATV_Involved,-,-,Fayette,Gallaway,3
108427,400516091,1,1,35.70798,-86.0588,6,2026-04-29 16:50:00,2026,4,29,16,50,Wednesday,16:50,Fatal,Daylight,Cloudy,Motor Vehicle-In-Transport On Same Roadway,None,THP District 6 - Cookeville,THP,Unbelted,-,-,-,-,-,-,-,-,-,-,-,-,Cannon,Not in City Limit,4
108434,400516146,1,2,35.0044,-88.52074,8,2026-04-25 20:35:00,2026,4,25,20,35,Saturday,20:35,Fatal,Dark-Not Lighted,Clear,Motor Vehicle-In-Transport On Same Roadway,None,THP District 8 - Jackson,THP,Unbelted,-,-,Drug,-,-,-,-,-,-,-,-,-,McNairy,Guys,7
108435,400516150,1,0,36.17438,-86.78299,3,2026-04-29 17:22:00,2026,4,29,17,22,Wednesday,17:22,Fatal,Daylight,Clear,Pedal-Cycle,None,METROPOLITAN NASHVILLE POLICE DEPT,Other,Unbelted,-,-,-,-,-,Pedalcyclist,-,-,-,-,-,-,Davidson,Nashville,4
108437,400516174,0,1,35.85316,-86.37689,3,2026-04-29 19:35:00,2026,4,29,19,35,Wednesday,19:35,Suspected Serious Injury,Dusk,Clear,Paved Surface-Irregular,None,MURFREESBORO POLICE DEPT,Other,-,-,-,-,-,-,-,-,-,-,-,Motorcyclist,-,Rutherford,Murfreesboro,4
108440,400516189,1,1,35.18516,-84.9057,2,2026-04-29 19:33:00,2026,4,29,19,33,Wednesday,19:33,Fatal,Daylight,Clear,Motor Vehicle-In-Transport On Different Roadway,None,THP District 2 - Chattanooga,THP,Unbelted,-,-,-,-,-,-,-,-,-,-,-,-,Bradley,Not in City Limit,4
108458,400516396,0,1,36.02605,-86.63334,3,2026-04-30 06:45:00,2026,4,30,6,45,Thursday,06:45,Suspected Serious Injury,Daylight,Clear,Motor Vehicle-In-Transport On Same Roadway,None,METROPOLITAN NASHVILLE POLICE DEPT,Other,Unbelted,-,-,-,-,-,-,-,-,-,-,-,-,Davidson,Nashville,5
108461,400516408,0,1,35.37661,-84.99811,2,2026-04-08 14:58:00,2026,4,8,14,58,Wednesday,14:58,Suspected Serious Injury,Daylight,Clear,Motor Vehicle-In-Transport On Same Roadway,None,HAMILTON COUNTY SHERIFF'S OFFICE,Other,Unbelted,-,-,-,-,-,-,-,-,-,-,-,-,Hamilton,Not in City Limit,4
108462,400516434,0,1,35.98638,-83.58602,1,2026-04-28 15:38:00,2026,4,28,15,38,Tuesday,15:38,Suspected Serious Injury,Daylight,Clear,Fell/Jumped From Vehicle,None,SEVIERVILLE POLICE DEPT,Other,Unbelted,-,-,-,-,-,-,-,-,-,ATV_Involved,-,-,Sevier,Sevierville,3