OBJECTID,MRN,Fatality,Injury,Latitude,Longitude,THP_District,Collision_Date,Collision_Year,Collision_Month,Collision_Day,Collision_Hour,Collision_Min,Collision_DOW,Collision_Time,Crash_Type,Light_Condition,Weather,First_Harmfu_Event,Work_Zone_Type,Agency_Name,THP,Unbelted,Distracted_Driver,Driver_Drinking,Driver_Drugged,Drowsy_Driver,Speeding_Involved,Pedalcyclist,Pedestrian,Other_Nonmotorist,ATV_Involved,LargeTruck_Involved,Motorcycle_Involved,SchoolBus,County,City,DOW_Nmb
108466,400516449,2,0,36.58535,-84.10629,1,2026-04-25 08:19:00,2026,4,25,8,19,Saturday,08:19,Fatal,Daylight,Clear,Parked Motor Vehicle,None,THP District 1 - Knoxville,THP,Unbelted,-,-,Drug,-,-,-,-,-,-,ATV_Involved,-,-,Campbell,Jellico,7
108487,400516661,0,2,36.44857,-88.48113,8,2026-04-28 11:51:00,2026,4,28,11,51,Tuesday,11:51,Suspected Serious Injury,Daylight,Clear,Motor Vehicle-In-Transport On Same Roadway,None,THP District 8 - Jackson,THP,Unbelted,-,-,-,-,-,-,-,-,-,-,-,-,Henry,Not in City Limit,3
108493,400516723,0,1,35.28615,-86.88499,7,2026-04-28 13:07:00,2026,4,28,13,7,Tuesday,13:07,Suspected Serious Injury,Daylight,Clear,Embankment Rock/Stone/Concrete,None,THP District 7 - Lawrenceburg,THP,Unbelted,Distracted,-,-,-,-,-,-,-,-,-,-,-,Giles,Not in City Limit,3
108519,400516996,0,1,35.63854,-85.47433,6,2026-04-30 16:32:00,2026,4,30,16,32,Thursday,16:32,Suspected Serious Injury,Daylight,Clear,"Fire, Explosion",None,VAN BUREN CO SHERIFFS DEPT,Other,-,-,-,-,-,-,-,-,-,-,-,-,-,Van Buren,Not in City Limit,5
108526,400517043,0,1,35.95747,-85.81041,6,2026-04-29 16:06:00,2026,4,29,16,6,Wednesday,16:06,Suspected Serious Injury,Daylight,Clear,Motor Vehicle-In-Transport On Same Roadway,None,THP District 6 - Cookeville,THP,Unbelted,-,-,-,-,-,-,-,-,-,ATV_Involved,-,-,DeKalb,Smithville,4
108529,400517056,0,2,35.94486,-86.54374,3,2026-04-30 17:21:00,2026,4,30,17,21,Thursday,17:21,Suspected Serious Injury,Daylight,Clear,Motor Vehicle-In-Transport On Same Roadway,None,THP District 3 - Nashville,THP,Unbelted,-,-,-,-,-,-,-,-,-,-,-,-,Rutherford,Not in City Limit,5
108531,400517063,0,2,36.37969,-85.33466,6,2026-04-30 16:39:00,2026,4,30,16,39,Thursday,16:39,Suspected Serious Injury,Daylight,Clear,Motor Vehicle-In-Transport On Same Roadway,None,THP District 6 - Cookeville,THP,Unbelted,-,-,-,-,-,-,-,-,-,ATV_Involved,-,-,Overton,Livingston,5
108556,400517246,0,1,36.49615,-88.49322,8,2026-04-30 04:16:00,2026,4,30,4,16,Thursday,04:16,Suspected Serious Injury,Dark-Not Lighted,Clear,Embankment Earth,None,THP District 8 - Jackson,THP,Unbelted,-,-,-,-,-,-,-,-,-,ATV_Involved,-,-,Henry,Not in City Limit,5
108576,400517301,0,2,35.64666,-88.90284,8,2026-04-30 21:22:00,2026,4,30,21,22,Thursday,21:22,Suspected Serious Injury,Dark-Not Lighted,Cloudy,Motor Vehicle-In-Transport On Same Roadway,None,THP District 8 - Jackson,THP,Unbelted,-,Drinking,Drug,-,-,-,-,-,-,-,-,-,Madison,Not in City Limit,5
108578,400517310,0,1,35.38454,-84.72779,2,2026-05-01 01:35:00,2026,5,1,1,35,Friday,01:35,Suspected Serious Injury,Dark-Not Lighted,Clear,Standing Tree,None,THP District 2 - Chattanooga,THP,Unbelted,-,-,-,Drowsy,-,-,-,-,-,ATV_Involved,-,-,McMinn,Not in City Limit,6
108582,400517360,0,1,35.61828,-87.11946,7,2026-04-30 07:30:00,2026,4,30,7,30,Thursday,07:30,Suspected Serious Injury,Daylight,Clear,Motor Vehicle-In-Transport On Same Roadway,None,THP District 7 - Lawrenceburg,THP,Unbelted,-,-,-,-,-,-,-,-,-,-,Motorcyclist,-,Maury,Not in City Limit,5
108598,400517575,0,4,36.55526,-86.79367,3,2026-04-14 11:59:00,2026,4,14,11,59,Tuesday,11:59,Suspected Serious Injury,Daylight,Clear,Motor Vehicle-In-Transport On Same Roadway,None,THP District 3 - Nashville,THP,Unbelted,-,-,-,Drowsy,-,-,-,-,-,-,-,-,Robertson,Not in City Limit,3
108606,400517659,0,1,36.56734,-86.28495,3,2026-03-12 12:56:00,2026,3,12,12,56,Thursday,12:56,Suspected Serious Injury,Daylight,Clear,Embankment Rock/Stone/Concrete,None,THP District 3 - Nashville,THP,Unbelted,-,-,-,-,-,-,-,-,-,-,-,-,Sumner,Not in City Limit,5
108611,400517747,0,2,36.40579,-83.56772,5,2026-04-28 12:45:00,2026,4,28,12,45,Tuesday,12:45,Suspected Serious Injury,Daylight,Clear,Motor Vehicle-In-Transport On Same Roadway,None,THP District 5 - Fall Branch,THP,Unbelted,Distracted,-,-,-,-,-,-,-,-,-,-,-,Claiborne,Not in City Limit,3
108612,400517748,0,1,35.88454,-84.5147,1,2026-05-01 09:03:00,2026,5,1,9,3,Friday,09:03,Suspected Serious Injury,Daylight,Clear,Motor Vehicle-In-Transport On Same Roadway,None,THP District 1 - Knoxville,THP,Unbelted,-,-,-,-,-,-,-,-,-,ATV_Involved,-,-,Roane,Kingston,6
108625,400517896,0,2,36.27363,-87.00737,3,2026-05-01 08:29:00,2026,5,1,8,29,Friday,08:29,Suspected Serious Injury,Daylight,Clear,Motor Vehicle-In-Transport On Same Roadway,None,THP District 3 - Nashville,THP,Unbelted,-,-,-,-,-,-,-,-,-,-,-,-,Cheatham,Not in City Limit,6
108630,400517970,1,1,35.02336,-84.33124,2,2026-05-01 13:50:00,2026,5,1,13,50,Friday,13:50,Fatal,Daylight,Clear,Standing Tree,None,THP District 2 - Chattanooga,THP,Unbelted,-,-,-,-,Speeding,-,-,-,-,-,-,-,Polk,Not in City Limit,6
108643,400518154,0,1,36.05685,-89.38482,8,2026-05-01 00:00:00,2026,5,1,24,0,Friday,24:00,Suspected Serious Injury,Daylight,Clear,Motor Vehicle-In-Transport On Same Roadway,None,DYERSBURG POLICE DEPT,Other,Unbelted,-,-,-,-,-,-,-,-,-,-,-,-,Dyer,Dyersburg,6
108661,400518372,1,1,36.45953,-86.97548,3,2026-04-20 16:46:00,2026,4,20,16,46,Monday,16:46,Fatal,Daylight,Clear,Standing Tree,None,THP District 3 - Nashville,THP,Unbelted,-,Drinking,Drug,-,Speeding,-,-,-,-,-,-,-,Robertson,Not in City Limit,2
108665,400518444,0,2,36.38958,-83.70722,5,2026-05-01 15:21:00,2026,5,1,15,21,Friday,15:21,Suspected Serious Injury,Daylight,Cloudy,Motor Vehicle-In-Transport On Same Roadway,None,THP District 5 - Fall Branch,THP,Unbelted,-,-,-,-,Speeding,-,-,-,-,-,-,-,Claiborne,Not in City Limit,6
108671,400518519,0,1,36.55242,-87.44585,3,2026-05-01 02:51:00,2026,5,1,2,51,Friday,02:51,Suspected Serious Injury,Dark-Lighted,Clear,Ditch,None,THP District 3 - Nashville,THP,Unbelted,-,Drinking,Drug,-,-,-,-,-,-,-,-,-,Montgomery,Not in City Limit,6
108675,400518532,0,1,36.04915,-83.92657,1,2026-05-01 19:01:00,2026,5,1,19,1,Friday,19:01,Suspected Serious Injury,Daylight,Clear,Motor Vehicle-In-Transport On Same Roadway,None,KNOXVILLE POLICE DEPT,Other,Unbelted,-,-,-,-,-,-,-,-,-,-,-,-,Knox,Knoxville,6
108679,400518554,0,1,36.18648,-83.81185,5,2026-05-01 23:46:00,2026,5,1,23,46,Friday,23:46,Suspected Serious Injury,Dark-Not Lighted,Clear,"Over Turn, Roll Over",None,THP District 5 - Fall Branch,THP,Unbelted,-,Drinking,-,-,-,-,-,-,-,-,-,-,Union,Not in City Limit,6
108690,400518622,0,1,35.40479,-84.26395,1,2026-05-01 00:00:00,2026,5,1,24,0,Friday,24:00,Suspected Serious Injury,Daylight,Clear,Ditch,None,MONROE CO SHERIFFS DEPT,Other,-,-,-,-,-,-,-,-,-,-,-,Motorcyclist,-,Monroe,Not in City Limit,6
108691,400518638,0,2,36.02509,-83.47864,5,2026-04-30 18:32:00,2026,4,30,18,32,Thursday,18:32,Suspected Serious Injury,Daylight,Clear,Motor Vehicle-In-Transport On Same Roadway,None,THP District 5 - Fall Branch,THP,-,-,Drinking,Drug,-,-,-,-,-,-,-,Motorcyclist,-,Jefferson,Dandridge,5
108695,400518700,0,3,35.50947,-88.74883,8,2026-05-02 07:35:00,2026,5,2,7,35,Saturday,07:35,Suspected Serious Injury,Daylight,Clear,Motor Vehicle-In-Transport On Same Roadway,None,THP District 8 - Jackson,THP,Unbelted,-,-,-,-,-,-,-,-,-,-,-,-,Madison,Not in City Limit,7
108697,400518709,1,0,36.31779,-86.64419,3,2026-05-02 00:00:00,2026,5,2,24,0,Saturday,24:00,Fatal,Dark-Not Lighted,Clear,Pedestrian,None,THP District 3 - Nashville,THP,Unbelted,-,-,-,-,-,-,Pedestrian,-,-,-,-,-,Sumner,Hendersonville,7
108699,400518725,0,2,35.80037,-89.45438,4,2026-05-02 08:19:00,2026,5,2,8,19,Saturday,08:19,Suspected Serious Injury,Daylight,Clear,Standing Tree,None,THP District 4 - Memphis,THP,Unbelted,-,-,-,-,-,-,-,-,-,-,-,-,Lauderdale,Not in City Limit,7
108701,400518760,0,1,36.03485,-88.11632,8,2026-05-02 07:11:00,2026,5,2,7,11,Saturday,07:11,Suspected Serious Injury,Daylight,Clear,Other Non-Collision,None,THP District 8 - Jackson,THP,-,-,-,-,-,-,-,-,-,-,-,Motorcyclist,-,Benton,Not in City Limit,7
108711,400518852,0,2,35.66042,-85.36976,6,2026-05-01 13:38:00,2026,5,1,13,38,Friday,13:38,Suspected Serious Injury,Daylight,Clear,Standing Tree,None,Fall Creek Falls State Park,Other,Unbelted,Distracted,-,-,-,Speeding,-,-,-,-,-,-,-,Van Buren,Not in City Limit,6
108712,400518853,0,1,35.73365,-83.86027,1,2026-05-01 23:08:00,2026,5,1,23,8,Friday,23:08,Suspected Serious Injury,Dark-Not Lighted,Clear,Motor Vehicle-In-Transport On Same Roadway,None,BLOUNT CO SHERIFFS DEPT,Other,Unbelted,-,Drinking,Drug,-,-,-,-,-,-,-,Motorcyclist,-,Blount,Not in City Limit,6
108750,400519223,0,1,36.38469,-87.45012,3,2026-04-27 21:02:00,2026,4,27,21,2,Monday,21:02,Suspected Serious Injury,Dark-Not Lighted,Clear,Fence,None,THP District 3 - Nashville,THP,Unbelted,-,-,-,-,-,-,-,-,-,-,-,-,Montgomery,Not in City Limit,2
108753,400519233,0,1,36.29052,-82.42246,5,2026-05-02 16:28:00,2026,5,2,16,28,Saturday,16:28,Suspected Serious Injury,Daylight,Clear,Motor Vehicle-In-Transport On Same Roadway,None,THP District 5 - Fall Branch,THP,Unbelted,-,-,-,-,Speeding,-,-,-,-,-,Motorcyclist,-,Washington,Johnson City,7
108758,400519274,0,1,36.25503,-86.71531,3,2026-05-02 19:00:00,2026,5,2,19,0,Saturday,19:00,Suspected Serious Injury,Daylight,Clear,Motor Vehicle-In-Transport On Same Roadway,None,METROPOLITAN NASHVILLE POLICE DEPT,Other,Unbelted,-,-,-,-,-,-,-,-,-,-,Motorcyclist,-,Davidson,Nashville,7
108761,400519324,0,1,35.35043,-84.30581,1,2026-05-02 00:00:00,2026,5,2,24,0,Saturday,24:00,Suspected Serious Injury,Daylight,Clear,Motor Vehicle-In-Transport On Same Roadway,None,MONROE CO SHERIFFS DEPT,Other,Unbelted,-,-,-,-,-,-,-,-,-,-,Motorcyclist,-,Monroe,Not in City Limit,7
108765,400519349,0,1,35.89139,-83.76976,1,2026-05-02 16:35:00,2026,5,2,16,35,Saturday,16:35,Suspected Serious Injury,Daylight,Clear,Pedal-Cycle,None,THP District 1 - Knoxville,THP,Unbelted,-,-,Drug,-,-,Pedalcyclist,-,-,-,-,-,-,Sevier,Not in City Limit,7
108774,400519428,0,1,35.64156,-87.14592,7,2026-05-02 23:00:00,2026,5,2,23,0,Saturday,23:00,Suspected Serious Injury,Dark-Not Lighted,Cloudy,Embankment Rock/Stone/Concrete,None,THP District 7 - Lawrenceburg,THP,Unbelted,-,-,-,-,-,-,-,-,-,-,-,-,Maury,Not in City Limit,7
108787,400519546,1,0,35.37844,-88.25957,8,2026-05-02 22:45:00,2026,5,2,22,45,Saturday,22:45,Fatal,Dark-Not Lighted,Clear,Other Fixed Object,None,THP District 8 - Jackson,THP,Unbelted,-,-,-,-,-,-,-,-,-,-,-,-,Hardin,Saltillo,7
108797,400519664,0,3,35.91308,-86.56031,3,2026-05-03 04:32:00,2026,5,3,4,32,Sunday,04:32,Suspected Serious Injury,Dark-Not Lighted,Clear,Parked Motor Vehicle,None,SMYRNA POLICE DEPT,Other,Unbelted,-,Drinking,-,-,Speeding,-,-,-,-,-,-,-,Rutherford,Smyrna,1
108804,400519777,0,1,35.59714,-87.08427,7,2026-05-03 11:51:00,2026,5,3,11,51,Sunday,11:51,Suspected Serious Injury,Daylight,Clear,Motor Vehicle-In-Transport On Same Roadway,None,COLUMBIA POLICE DEPT,Other,Unbelted,-,-,-,-,-,-,-,-,-,-,-,-,Maury,Columbia,1
108805,400519782,0,2,35.97156,-83.92172,1,2026-05-03 11:09:00,2026,5,3,11,9,Sunday,11:09,Suspected Serious Injury,Daylight,Clear,Motor Vehicle-In-Transport On Same Roadway,None,KNOXVILLE POLICE DEPT,Other,Unbelted,-,-,-,-,-,-,-,-,-,-,-,-,Knox,Knoxville,1
108816,400519858,0,1,35.95381,-87.83815,3,2026-05-03 12:35:00,2026,5,3,12,35,Sunday,12:35,Suspected Serious Injury,Daylight,Clear,"Over Turn, Roll Over",None,THP District 3 - Nashville,THP,-,-,-,-,-,Speeding,-,-,-,ATV_Involved,-,-,-,Humphreys,Not in City Limit,1
108835,400520100,0,1,36.55522,-83.23155,5,2026-05-03 16:47:00,2026,5,3,16,47,Sunday,16:47,Suspected Serious Injury,Daylight,Clear,"Over Turn, Roll Over",None,THP District 5 - Fall Branch,THP,-,-,-,-,-,-,-,-,-,ATV_Involved,-,-,-,Hancock,Not in City Limit,1
108836,400520122,1,0,36.32689,-89.09,8,2026-05-03 02:43:00,2026,5,3,2,43,Sunday,02:43,Fatal,Dark-Not Lighted,Clear,Railway Train,None,THP District 8 - Jackson,THP,Unbelted,-,Drinking,Drug,-,-,-,-,-,-,-,-,-,Obion,Not in City Limit,1
108846,400520206,0,1,34.98719,-85.25453,2,2026-05-03 20:19:00,2026,5,3,20,19,Sunday,20:19,Suspected Serious Injury,Daylight,Clear,Motor Vehicle-In-Transport On Same Roadway,None,EAST RIDGE POLICE DEPT,Other,Unbelted,-,-,-,-,-,-,-,-,-,-,Motorcyclist,-,Hamilton,East Ridge,1
108854,400520277,0,2,34.99871,-85.28267,2,2026-05-02 03:07:00,2026,5,2,3,7,Saturday,03:07,Suspected Serious Injury,Dark-Lighted,Clear,Motor Vehicle-In-Transport On Same Roadway,None,THP District 2 - Chattanooga,THP,Unbelted,-,Drinking,Drug,-,Speeding,-,-,-,-,-,-,-,Hamilton,Chattanooga,7
108860,400520328,0,1,35.61266,-87.02569,7,2026-05-03 19:26:00,2026,5,3,19,26,Sunday,19:26,Suspected Serious Injury,Dusk,Clear,Pedal-Cycle,None,COLUMBIA POLICE DEPT,Other,Unbelted,-,Drinking,-,-,-,Pedalcyclist,-,-,-,-,-,-,Maury,Columbia,1
108863,400520337,0,1,35.60667,-88.39517,8,2026-05-04 04:00:00,2026,5,4,4,0,Monday,04:00,Suspected Serious Injury,Dark-Not Lighted,Clear,Embankment Earth,None,THP District 8 - Jackson,THP,Unbelted,-,-,-,-,-,-,-,-,-,-,-,-,Henderson,Not in City Limit,2
108914,400520873,0,3,35.93875,-86.6489,3,2026-05-03 18:24:00,2026,5,3,18,24,Sunday,18:24,Suspected Serious Injury,Dusk,Clear,Motor Vehicle-In-Transport On Same Roadway,None,THP District 3 - Nashville,THP,Unbelted,-,-,-,-,-,-,-,-,-,-,Motorcyclist,-,Williamson,Nolensville,1
108918,400520913,0,1,35.84582,-85.50759,6,2026-05-04 14:40:00,2026,5,4,14,40,Monday,14:40,Suspected Serious Injury,Daylight,Clear,Other Non-Collision,None,THP District 6 - Cookeville,THP,-,-,-,-,-,-,-,-,-,-,-,Motorcyclist,-,White,Doyle,2
108920,400520918,1,0,36.2036,-86.7387,3,2026-05-04 12:59:00,2026,5,4,12,59,Monday,12:59,Fatal,Daylight,Clear,Pedestrian,None,METROPOLITAN NASHVILLE POLICE DEPT,Other,Unbelted,-,-,-,-,-,-,Pedestrian,-,-,ATV_Involved,-,-,Davidson,Nashville,2
108923,400520943,0,2,36.05992,-84.08496,1,2026-05-04 17:24:00,2026,5,4,17,24,Monday,17:24,Suspected Serious Injury,Daylight,Cloudy,Motor Vehicle-In-Transport On Same Roadway,None,THP District 1 - Knoxville,THP,Unbelted,-,-,-,-,-,-,-,-,-,-,-,-,Anderson,Not in City Limit,2
108929,400521012,0,2,35.06427,-89.84374,4,2026-05-03 20:42:00,2026,5,3,20,42,Sunday,20:42,Suspected Serious Injury,Dark-Lighted,Clear,Other Fixed Object,None,THP District 8 - Jackson,THP,Unbelted,-,Drinking,-,-,-,-,-,-,-,-,-,-,Shelby,Memphis,1
108937,400521080,1,3,36.01123,-83.97025,1,2026-05-04 18:41:00,2026,5,4,18,41,Monday,18:41,Fatal,Daylight,Clear,Motor Vehicle-In-Transport On Same Roadway,None,KNOXVILLE POLICE DEPT,Other,Unbelted,-,-,-,-,-,-,-,-,-,-,Motorcyclist,-,Knox,Knoxville,2
108944,400521123,0,1,36.2004,-86.29518,3,2026-05-04 18:22:00,2026,5,4,18,22,Monday,18:22,Suspected Serious Injury,Daylight,Clear,Motor Vehicle-In-Transport On Same Roadway,None,LEBANON POLICE DEPT,Other,Unbelted,-,-,-,-,-,-,-,-,-,-,-,-,Wilson,Lebanon,2
108949,400521158,0,1,35.93183,-86.79418,3,2026-05-04 17:44:00,2026,5,4,17,44,Monday,17:44,Suspected Serious Injury,Daylight,Clear,Curb,None,FRANKLIN POLICE DEPT,Other,Unbelted,-,-,-,-,-,-,-,-,-,ATV_Involved,-,-,Williamson,Franklin,2
108951,400521165,0,3,35.1132,-85.29336,2,2026-05-04 19:43:00,2026,5,4,19,43,Monday,19:43,Suspected Serious Injury,Daylight,Clear,Motor Vehicle-In-Transport On Same Roadway,None,RED BANK POLICE DEPT,Other,Unbelted,-,-,-,-,-,-,-,-,-,-,-,-,Hamilton,Red Bank,2
108955,400521188,0,2,36.50383,-87.13698,3,2026-05-04 21:00:00,2026,5,4,21,0,Monday,21:00,Suspected Serious Injury,Dark-Lighted,Clear,Deer,None,THP District 3 - Nashville,THP,-,-,-,-,-,-,-,-,-,-,-,Motorcyclist,-,Montgomery,Not in City Limit,2
108966,400521254,0,1,35.82241,-85.52899,6,2026-05-05 01:18:00,2026,5,5,1,18,Tuesday,01:18,Suspected Serious Injury,Dark-Not Lighted,Clear,"Fire, Explosion",None,THP District 6 - Cookeville,THP,Unbelted,-,-,-,-,-,-,-,-,-,-,-,-,White,Not in City Limit,3
108969,400521282,0,2,36.09618,-86.76288,3,2026-05-05 00:28:00,2026,5,5,0,28,Tuesday,00:28,Suspected Serious Injury,Dark-Lighted,Clear,Concrete Traffic Barrier,None,METROPOLITAN NASHVILLE POLICE DEPT,Other,Unbelted,-,-,-,-,-,-,-,-,-,-,-,-,Davidson,Nashville,3
108977,400521380,0,1,36.0631,-86.68282,3,2026-05-05 04:30:00,2026,5,5,4,30,Tuesday,04:30,Suspected Serious Injury,Dark-Lighted,Clear,Motor Vehicle-In-Transport On Same Roadway,None,METROPOLITAN NASHVILLE POLICE DEPT,Other,Unbelted,-,-,-,-,-,-,-,-,-,-,-,-,Davidson,Nashville,3
108984,400521433,0,3,36.02078,-84.98687,6,2026-05-03 12:47:00,2026,5,3,12,47,Sunday,12:47,Suspected Serious Injury,Daylight,Clear,Ditch,None,THP District 6 - Cookeville,THP,Unbelted,-,-,-,-,Speeding,-,-,-,-,-,-,-,Cumberland,Not in City Limit,1
108993,400521538,0,4,35.94059,-86.83905,3,2026-05-05 08:58:00,2026,5,5,8,58,Tuesday,08:58,Suspected Serious Injury,Daylight,Cloudy,Curb,None,FRANKLIN POLICE DEPT,Other,Unbelted,-,-,-,-,Speeding,-,-,-,-,-,-,-,Williamson,Franklin,3
108999,400521631,0,1,36.0035,-84.2876,1,2026-05-05 16:12:00,2026,5,5,16,12,Tuesday,16:12,Suspected Serious Injury,Daylight,Clear,Motor Vehicle-In-Transport On Same Roadway,None,OAK RIDGE POLICE DEPT,Other,Unbelted,Distracted,-,-,-,-,-,-,-,-,-,-,-,Anderson,Oak Ridge,3
109008,400521758,0,2,35.71127,-84.66178,1,2026-05-04 21:36:00,2026,5,4,21,36,Monday,21:36,Suspected Serious Injury,Dark-Not Lighted,Clear,Pedestrian,None,THP District 1 - Knoxville,THP,-,-,-,-,-,-,-,Pedestrian,-,-,-,Motorcyclist,-,Roane,Not in City Limit,2
109021,400521855,0,2,36.46097,-83.5628,5,2026-05-05 14:40:00,2026,5,5,14,40,Tuesday,14:40,Suspected Serious Injury,Daylight,Clear,Standing Tree,None,TAZEWELL POLICE DEPT,Other,Unbelted,-,-,-,-,-,-,-,-,-,-,-,-,Claiborne,Tazewell,3
109032,400521984,0,1,35.79914,-84.51431,1,2026-05-04 16:05:00,2026,5,4,16,5,Monday,16:05,Suspected Serious Injury,Daylight,Clear,Motor Vehicle-In-Transport On Same Roadway,None,THP District 1 - Knoxville,THP,Unbelted,-,Drinking,Drug,-,-,-,-,-,-,-,-,-,Roane,Not in City Limit,2
109033,400521997,0,2,35.36542,-85.11856,2,2026-05-05 18:05:00,2026,5,5,18,5,Tuesday,18:05,Suspected Serious Injury,Daylight,Cloudy,Motor Vehicle-In-Transport On Same Roadway,None,HAMILTON COUNTY SHERIFF'S OFFICE,Other,Unbelted,-,-,-,-,-,-,-,-,-,-,-,-,Hamilton,Not in City Limit,3
109038,400522050,0,2,35.88468,-87.66719,7,2026-05-04 23:30:00,2026,5,4,23,30,Monday,23:30,Suspected Serious Injury,Dark-Not Lighted,Clear,Motor Vehicle-In-Transport On Same Roadway,None,THP District 7 - Lawrenceburg,THP,Unbelted,-,-,-,-,-,-,-,-,-,ATV_Involved,-,-,Hickman,Not in City Limit,2
109040,400522074,0,1,35.90443,-83.55809,1,2026-05-05 15:45:00,2026,5,5,15,45,Tuesday,15:45,Suspected Serious Injury,Daylight,Clear,Guard Rail Face,None,THP District 1 - Knoxville,THP,-,-,-,-,-,-,-,-,-,-,-,Motorcyclist,-,Sevier,Not in City Limit,3
109056,400522154,0,1,35.82762,-88.61098,8,2026-05-05 16:24:00,2026,5,5,16,24,Tuesday,16:24,Suspected Serious Injury,Daylight,Rain,Utility Pole,None,THP District 8 - Jackson,THP,Unbelted,-,Drinking,Drug,-,-,-,-,-,-,-,-,-,Carroll,Not in City Limit,3
109080,400522297,0,1,35.57617,-87.48083,7,2026-05-06 04:15:00,2026,5,6,4,15,Wednesday,04:15,Suspected Serious Injury,Dark-Not Lighted,Rain,Ditch,None,THP District 7 - Lawrenceburg,THP,Unbelted,-,-,-,-,-,-,-,-,-,-,-,-,Lewis,Not in City Limit,4
109095,400522365,0,2,35.95518,-86.55522,3,2026-05-06 06:22:00,2026,5,6,6,22,Wednesday,06:22,Suspected Serious Injury,Daylight,Rain,"Over Turn, Roll Over",None,THP District 3 - Nashville,THP,Unbelted,-,-,-,-,-,-,-,-,-,-,-,-,Rutherford,Not in City Limit,4
109103,400522453,0,3,35.91831,-88.75635,8,2026-05-05 14:04:00,2026,5,5,14,4,Tuesday,14:04,Suspected Serious Injury,Daylight,Rain,Motor Vehicle-In-Transport On Same Roadway,None,MILAN POLICE DEPT,Other,Unbelted,-,-,-,-,-,-,-,-,-,-,-,-,Gibson,Milan,3
109106,400522462,0,1,35.88589,-84.80669,6,2026-05-06 08:00:00,2026,5,6,8,0,Wednesday,08:00,Suspected Serious Injury,Daylight,Rain,Standing Tree,None,THP District 6 - Cookeville,THP,Unbelted,-,-,-,-,Speeding,-,-,-,-,-,-,-,Cumberland,Not in City Limit,4
109107,400522476,0,1,36.07098,-88.46422,8,2026-05-04 16:04:00,2026,5,4,16,4,Monday,16:04,Suspected Serious Injury,Daylight,Clear,"Over Turn, Roll Over",None,THP District 8 - Jackson,THP,Unbelted,Distracted,-,-,-,-,-,-,-,-,-,-,-,Carroll,Not in City Limit,2
109119,400522583,0,1,35.56361,-84.24551,1,2026-05-06 00:00:00,2026,5,6,24,0,Wednesday,24:00,Suspected Serious Injury,Daylight,Clear,Motor Vehicle-In-Transport On Same Roadway,None,MONROE CO SHERIFFS DEPT,Other,Unbelted,Distracted,-,-,-,-,-,-,-,-,ATV_Involved,-,-,Monroe,Not in City Limit,4
109122,400522635,0,1,35.94556,-84.10981,1,2026-04-23 22:20:00,2026,4,23,22,20,Thursday,22:20,Suspected Serious Injury,Dark-Not Lighted,Clear,Culvert,None,THP District 1 - Knoxville,THP,Unbelted,-,-,-,-,-,-,-,-,-,-,-,-,Knox,Not in City Limit,5
109135,400522735,0,3,36.00092,-86.63356,3,2026-05-06 14:25:00,2026,5,6,14,25,Wednesday,14:25,Suspected Serious Injury,Daylight,Cloudy,Motor Vehicle-In-Transport On Same Roadway,None,METROPOLITAN NASHVILLE POLICE DEPT,Other,Unbelted,-,-,-,-,-,-,-,-,-,-,-,-,Davidson,Nashville,4
109144,400522790,0,1,36.32098,-89.00385,8,2026-05-06 16:55:00,2026,5,6,16,55,Wednesday,16:55,Suspected Serious Injury,Daylight,Rain,Standing Tree,None,THP District 8 - Jackson,THP,Unbelted,-,-,-,-,-,-,-,-,-,-,-,-,Obion,Not in City Limit,4
109156,400522883,0,1,35.83951,-88.40707,8,2026-05-05 18:51:00,2026,5,5,18,51,Tuesday,18:51,Suspected Serious Injury,Dusk,Rain,"Over Turn, Roll Over",None,THP District 8 - Jackson,THP,-,Distracted,-,-,-,-,-,-,-,-,-,-,-,Carroll,Not in City Limit,3
109172,400522966,0,3,35.06969,-88.39329,8,2026-05-02 19:08:00,2026,5,2,19,8,Saturday,19:08,Suspected Serious Injury,Daylight,Clear,Motor Vehicle-In-Transport On Same Roadway,None,THP District 8 - Jackson,THP,Unbelted,-,-,-,-,-,-,-,-,-,-,-,-,McNairy,Michie,7
109180,400523000,0,1,35.83136,-83.18134,5,2026-05-06 22:33:00,2026,5,6,22,33,Wednesday,22:33,Suspected Serious Injury,Dark-Not Lighted,Rain,Embankment Earth,None,COCKE CO SHERIFFS DEPT,Other,Unbelted,-,-,-,-,-,-,-,-,-,-,-,-,Cocke,Not in City Limit,4
109225,400523308,0,3,35.5733,-88.85308,8,2026-05-06 00:00:00,2026,5,6,24,0,Wednesday,24:00,Suspected Serious Injury,Daylight,Cloudy,Motor Vehicle-In-Transport On Same Roadway,None,MADISON CO SHERIFFS DEPT,Other,Unbelted,-,Drinking,Drug,-,-,-,-,-,-,-,-,-,Madison,Not in City Limit,4