OBJECTID,MRN,Fatality,Injury,Latitude,Longitude,THP_District,Collision_Date,Collision_Year,Collision_Month,Collision_Day,Collision_Hour,Collision_Min,Collision_DOW,Collision_Time,Crash_Type,Light_Condition,Weather,First_Harmfu_Event,Work_Zone_Type,Agency_Name,THP,Unbelted,Distracted_Driver,Driver_Drinking,Driver_Drugged,Drowsy_Driver,Speeding_Involved,Pedalcyclist,Pedestrian,Other_Nonmotorist,ATV_Involved,LargeTruck_Involved,Motorcycle_Involved,SchoolBus,County,City,DOW_Nmb
109251,400523649,1,1,36.60327,-85.05909,6,2026-05-02 02:05:00,2026,5,2,2,5,Saturday,02:05,Fatal,Dark-Not Lighted,Clear,"Over Turn, Roll Over",None,THP District 6 - Cookeville,THP,Unbelted,-,Drinking,Drug,-,-,-,-,-,-,-,-,-,Pickett,Not in City Limit,7
109253,400523685,0,1,36.0464,-89.40682,8,2026-05-07 00:00:00,2026,5,7,24,0,Thursday,24:00,Suspected Serious Injury,Daylight,Clear,Motor Vehicle-In-Transport On Same Roadway,None,DYERSBURG POLICE DEPT,Other,Unbelted,-,-,-,-,-,-,-,-,-,-,Motorcyclist,-,Dyer,Dyersburg,5
109262,400523767,0,1,36.17523,-86.79275,3,2026-05-07 18:31:00,2026,5,7,18,31,Thursday,18:31,Suspected Serious Injury,Daylight,Clear,Motor Vehicle-In-Transport On Same Roadway,None,METROPOLITAN NASHVILLE POLICE DEPT,Other,Unbelted,-,-,-,-,-,-,-,-,-,-,-,-,Davidson,Nashville,5
109263,400523769,1,0,35.49869,-84.98011,2,2026-05-07 16:07:00,2026,5,7,16,7,Thursday,16:07,Fatal,Daylight,Clear,Mail Box,None,THP District 2 - Chattanooga,THP,Unbelted,-,-,-,-,-,-,-,-,-,-,-,-,Rhea,Dayton,5
109276,400523874,0,1,35.37334,-84.53772,2,2026-05-04 02:07:00,2026,5,4,2,7,Monday,02:07,Suspected Serious Injury,Dark-Not Lighted,Clear,Utility Pole,None,THP District 2 - Chattanooga,THP,Unbelted,-,-,Drug,-,-,-,-,-,-,-,-,-,McMinn,Not in City Limit,2
109285,400523921,1,0,35.14987,-84.95212,2,2026-05-07 20:31:00,2026,5,7,20,31,Thursday,20:31,Fatal,Dark-Not Lighted,Clear,Pedestrian,None,THP District 2 - Chattanooga,THP,Unbelted,-,-,-,-,-,-,Pedestrian,-,-,-,-,-,Bradley,Cleveland,5
109295,400524131,0,2,36.31722,-86.08922,6,2026-05-04 13:12:00,2026,5,4,13,12,Monday,13:12,Suspected Serious Injury,Daylight,Clear,"Over Turn, Roll Over",None,THP District 6 - Cookeville,THP,Unbelted,-,-,-,-,-,-,-,-,-,-,-,-,Smith,Not in City Limit,2
109302,400524245,1,1,36.16594,-84.03815,1,2026-04-21 19:49:00,2026,4,21,19,49,Tuesday,19:49,Fatal,Daylight,Clear,Motor Vehicle-In-Transport On Same Roadway,None,THP District 1 - Knoxville,THP,Unbelted,-,Drinking,Drug,-,-,-,-,-,-,-,-,-,Anderson,Not in City Limit,3
109309,400524436,0,1,35.58726,-84.71447,2,2026-05-08 08:08:00,2026,5,8,8,8,Friday,08:08,Suspected Serious Injury,Daylight,Clear,Standing Tree,None,THP District 2 - Chattanooga,THP,Unbelted,-,-,Drug,-,-,-,-,-,-,-,-,-,Meigs,Not in City Limit,6
109323,400524593,0,1,36.03193,-87.20266,3,2026-05-08 11:02:00,2026,5,8,11,2,Friday,11:02,Suspected Serious Injury,Daylight,Clear,Ditch,None,THP District 3 - Nashville,THP,Unbelted,-,-,-,-,-,-,-,-,-,-,-,-,Dickson,Not in City Limit,6
109330,400524716,0,1,35.94224,-83.88028,1,2026-05-08 15:12:00,2026,5,8,15,12,Friday,15:12,Suspected Serious Injury,Daylight,Clear,Motor Vehicle-In-Transport On Same Roadway,None,KNOXVILLE POLICE DEPT,Other,Unbelted,-,-,-,-,-,-,-,-,-,-,Motorcyclist,-,Knox,Knoxville,6
109342,400524864,0,1,36.12436,-86.81209,3,2026-05-08 15:50:00,2026,5,8,15,50,Friday,15:50,Suspected Serious Injury,Daylight,Clear,Motor Vehicle-In-Transport On Same Roadway,None,METROPOLITAN NASHVILLE POLICE DEPT,Other,Unbelted,-,-,-,-,-,-,-,-,-,-,-,-,Davidson,Nashville,6
109348,400524942,1,0,36.37333,-84.13094,1,2026-05-05 19:51:00,2026,5,5,19,51,Tuesday,19:51,Fatal,Dusk,Clear,Pedal-Cycle,None,THP District 1 - Knoxville,THP,Unbelted,-,-,-,-,-,Pedalcyclist,-,-,-,-,-,-,Campbell,LaFollette,3
109351,400524959,0,1,35.24526,-84.5601,2,2026-05-08 18:15:00,2026,5,8,18,15,Friday,18:15,Suspected Serious Injury,Daylight,Clear,Motor Vehicle-In-Transport On Same Roadway,None,THP District 2 - Chattanooga,THP,Unbelted,-,-,-,-,-,-,-,-,-,-,-,-,Polk,Not in City Limit,6
109360,400525065,0,2,36.31486,-87.66538,3,2026-05-05 04:34:00,2026,5,5,4,34,Tuesday,04:34,Suspected Serious Injury,Dark-Not Lighted,Clear,Other Animal,None,THP District 3 - Nashville,THP,Unbelted,-,-,-,-,-,-,-,-,-,-,-,-,Houston,Not in City Limit,3
109363,400525119,0,2,35.47048,-88.17909,8,2026-05-08 18:15:00,2026,5,8,18,15,Friday,18:15,Suspected Serious Injury,Daylight,Clear,Motor Vehicle-In-Transport On Same Roadway,None,THP District 8 - Jackson,THP,Unbelted,-,-,-,-,-,-,-,-,-,-,Motorcyclist,-,Decatur,Not in City Limit,6
109364,400525126,0,3,35.39148,-84.49841,2,2026-05-09 15:57:00,2026,5,9,15,57,Saturday,15:57,Suspected Serious Injury,Daylight,Clear,Motor Vehicle-In-Transport On Same Roadway,None,THP District 2 - Chattanooga,THP,Unbelted,-,-,-,-,-,-,-,-,-,-,-,-,McMinn,Not in City Limit,7
109368,400525163,0,1,36.39921,-86.79737,3,2026-05-08 04:00:00,2026,5,8,4,0,Friday,04:00,Suspected Serious Injury,Dark-Not Lighted,Clear,Fence,None,THP District 3 - Nashville,THP,Unbelted,-,-,-,-,-,-,-,-,-,-,-,-,Robertson,Greenbrier,6
109385,400525347,0,1,35.86574,-83.66133,1,2026-05-08 13:04:00,2026,5,8,13,4,Friday,13:04,Suspected Serious Injury,Daylight,Clear,Motor Vehicle-In-Transport On Same Roadway,None,THP District 1 - Knoxville,THP,Unbelted,-,-,-,-,-,-,-,-,-,ATV_Involved,-,-,Sevier,Not in City Limit,6
109397,400525594,0,1,36.43229,-89.30443,8,2026-05-09 00:00:00,2026,5,9,24,0,Saturday,24:00,Suspected Serious Injury,Dark-Not Lighted,Clear,Standing Tree,None,THP District 8 - Jackson,THP,Unbelted,-,Drinking,Drug,-,-,-,-,-,-,-,-,-,Obion,Not in City Limit,7
109399,400525606,0,3,36.1933,-83.88639,5,2026-05-09 11:50:00,2026,5,9,11,50,Saturday,11:50,Suspected Serious Injury,Daylight,Clear,Motor Vehicle-In-Transport On Same Roadway,Construction Zone,THP District 5 - Fall Branch,THP,Unbelted,-,-,-,-,-,-,-,-,-,-,-,-,Union,Not in City Limit,7
109418,400525808,0,1,35.59989,-86.65774,7,2026-05-05 10:25:00,2026,5,5,10,25,Tuesday,10:25,Suspected Serious Injury,Daylight,Clear,Guard Rail Face,None,THP District 7 - Lawrenceburg,THP,Unbelted,-,-,-,Drowsy,-,-,-,-,-,-,-,-,Marshall,Not in City Limit,3
109426,400525957,1,0,36.0874,-87.37775,3,2026-05-09 14:47:00,2026,5,9,14,47,Saturday,14:47,Fatal,Daylight,Clear,Ditch,None,DICKSON POLICE DEPT,Other,Unbelted,Distracted,-,-,-,-,-,-,-,-,-,-,-,Dickson,Dickson,7
109428,400525976,0,1,35.7139,-89.45361,4,2026-05-09 16:13:00,2026,5,9,16,13,Saturday,16:13,Suspected Serious Injury,Daylight,Clear,Ditch,None,THP District 4 - Memphis,THP,-,-,-,-,-,-,-,-,-,-,-,Motorcyclist,-,Lauderdale,Not in City Limit,7
109432,400526016,0,3,36.04032,-86.76838,3,2026-05-09 13:43:00,2026,5,9,13,43,Saturday,13:43,Suspected Serious Injury,Daylight,Clear,Motor Vehicle-In-Transport On Same Roadway,None,METROPOLITAN NASHVILLE POLICE DEPT,Other,Unbelted,-,-,-,-,-,-,-,-,-,-,-,-,Davidson,Nashville,7
109436,400526042,0,1,36.13877,-85.62888,6,2026-05-09 19:26:00,2026,5,9,19,26,Saturday,19:26,Suspected Serious Injury,Daylight,Clear,Motor Vehicle-In-Transport On Same Roadway,None,THP District 6 - Cookeville,THP,Unbelted,-,-,-,-,-,-,-,-,-,-,Motorcyclist,-,Putnam,Baxter,7
109437,400526043,0,2,36.19894,-86.30905,3,2026-05-09 02:05:00,2026,5,9,2,5,Saturday,02:05,Suspected Serious Injury,,Clear,Fire Hydrant,None,LEBANON POLICE DEPT,Other,Unbelted,-,Drinking,-,-,-,-,-,-,-,-,-,-,Wilson,Lebanon,7
109445,400526093,0,2,36.2174,-86.30028,3,2026-05-09 17:35:00,2026,5,9,17,35,Saturday,17:35,Suspected Serious Injury,Daylight,Clear,Motor Vehicle-In-Transport On Same Roadway,None,LEBANON POLICE DEPT,Other,Unbelted,-,-,-,-,-,-,-,-,-,-,-,-,Wilson,Lebanon,7
109447,400526101,0,1,35.10673,-85.31142,2,2026-05-09 04:03:00,2026,5,9,4,3,Saturday,04:03,Suspected Serious Injury,Dark-Not Lighted,Clear,Motor Vehicle-In-Transport On Same Roadway,None,RED BANK POLICE DEPT,Other,Unbelted,-,Drinking,Drug,-,-,-,-,-,-,ATV_Involved,-,-,Hamilton,Red Bank,7
109453,400526137,0,1,35.2735,-89.98181,4,2026-05-09 00:00:00,2026,5,9,24,0,Saturday,24:00,Suspected Serious Injury,Dark-Not Lighted,Clear,Motor Vehicle-In-Transport On Same Roadway,None,THP District 4 - Memphis,THP,Unbelted,-,-,-,-,-,-,-,-,-,ATV_Involved,-,-,Shelby,Not in City Limit,7
109463,400526195,1,0,35.99212,-83.90084,1,2026-05-10 00:07:00,2026,5,10,0,7,Sunday,00:07,Fatal,Dark-Lighted,Clear,Pedal-Cycle,None,KNOXVILLE POLICE DEPT,Other,Unbelted,-,-,-,-,-,Pedalcyclist,-,-,-,-,-,-,Knox,Knoxville,1
109464,400526201,0,3,35.92666,-84.05252,1,2026-05-10 03:32:00,2026,5,10,3,32,Sunday,03:32,Suspected Serious Injury,Dark-Lighted,Clear,Motor Vehicle-In-Transport On Same Roadway,None,KNOXVILLE POLICE DEPT,Other,Unbelted,-,Drinking,-,-,-,-,-,-,-,-,-,-,Knox,Knoxville,1
109465,400526209,0,1,35.15617,-84.64574,2,2026-05-09 00:11:00,2026,5,9,0,11,Saturday,00:11,Suspected Serious Injury,Dark-Not Lighted,Clear,Ditch,None,THP District 2 - Chattanooga,THP,Unbelted,-,-,-,-,-,-,-,-,-,-,-,-,Polk,Not in City Limit,7
109468,400526214,1,0,35.80553,-86.47451,3,2026-05-09 23:12:00,2026,5,9,23,12,Saturday,23:12,Fatal,Dark-Not Lighted,Clear,Pedestrian,None,MURFREESBORO POLICE DEPT,Other,Unbelted,-,Drinking,Drug,-,-,-,Pedestrian,-,-,-,-,-,Rutherford,Murfreesboro,7
109472,400526251,0,1,35.5669,-86.22241,2,2026-05-10 06:08:00,2026,5,10,6,8,Sunday,06:08,Suspected Serious Injury,Dawn,Fog,Cable Barrier,None,THP District 2 - Chattanooga,THP,-,-,-,-,-,-,-,-,-,-,-,Motorcyclist,-,Coffee,Not in City Limit,1
109486,400526498,0,2,35.71298,-85.70123,6,2026-05-10 10:27:00,2026,5,10,10,27,Sunday,10:27,Suspected Serious Injury,Daylight,Clear,Motor Vehicle-In-Transport On Same Roadway,None,THP District 6 - Cookeville,THP,Unbelted,-,-,-,-,-,-,-,-,-,-,-,-,Warren,Not in City Limit,1
109492,400526544,0,1,36.2261,-86.27968,3,2026-05-10 11:20:00,2026,5,10,11,20,Sunday,11:20,Suspected Serious Injury,Daylight,Clear,Culvert,None,LEBANON POLICE DEPT,Other,Unbelted,-,-,-,-,-,-,-,-,-,-,-,-,Wilson,Lebanon,1
109506,400526741,1,0,36.28555,-85.14123,6,2026-05-10 12:53:00,2026,5,10,12,53,Sunday,12:53,Fatal,Daylight,Clear,"Over Turn, Roll Over",None,THP District 6 - Cookeville,THP,-,-,-,-,-,Speeding,-,-,-,-,-,Motorcyclist,-,Overton,Not in City Limit,1
109510,400526782,0,1,35.44882,-88.06375,8,2026-05-09 19:45:00,2026,5,9,19,45,Saturday,19:45,Suspected Serious Injury,Dark-Not Lighted,Clear,Standing Tree,None,THP District 8 - Jackson,THP,Unbelted,-,-,-,-,-,-,-,-,-,-,-,-,Decatur,Not in City Limit,7
109512,400526793,0,1,35.34095,-88.92248,4,2026-05-09 23:12:00,2026,5,9,23,12,Saturday,23:12,Suspected Serious Injury,Dark-Not Lighted,Clear,Ditch,None,THP District 4 - Memphis,THP,Unbelted,-,-,-,-,-,-,-,-,-,-,-,-,Hardeman,Not in City Limit,7
109513,400526794,0,1,35.90365,-86.38321,3,2026-05-09 19:42:00,2026,5,9,19,42,Saturday,19:42,Suspected Serious Injury,Daylight,Clear,Motor Vehicle-In-Transport On Same Roadway,None,MURFREESBORO POLICE DEPT,Other,Unbelted,-,Drinking,Drug,-,-,-,-,-,-,-,-,-,Rutherford,Murfreesboro,7
109523,400526911,0,5,35.6723,-83.97233,1,2026-05-08 16:40:00,2026,5,8,16,40,Friday,16:40,Suspected Serious Injury,Daylight,Clear,Motor Vehicle-In-Transport On Same Roadway,None,THP District 1 - Knoxville,THP,Unbelted,-,-,-,-,-,-,-,-,-,-,-,-,Blount,Not in City Limit,6
109524,400526912,0,2,36.19883,-83.17769,5,2026-05-07 11:42:00,2026,5,7,11,42,Thursday,11:42,Suspected Serious Injury,Daylight,Rain,Motor Vehicle-In-Transport On Same Roadway,None,THP District 5 - Fall Branch,THP,Unbelted,-,-,-,-,-,-,-,-,-,-,-,-,Hamblen,Not in City Limit,5
109529,400526971,0,2,36.13717,-87.25592,3,2026-05-10 04:29:00,2026,5,10,4,29,Sunday,04:29,Suspected Serious Injury,Dark-Not Lighted,Clear,Standing Tree,None,THP District 3 - Nashville,THP,Unbelted,-,Drinking,Drug,Drowsy,-,-,-,-,-,-,-,-,Dickson,Not in City Limit,1
109530,400526979,1,0,35.58907,-84.17491,1,2026-05-09 18:50:00,2026,5,9,18,50,Saturday,18:50,Fatal,,Clear,Fence,None,THP District 1 - Knoxville,THP,-,-,-,-,-,-,-,-,-,-,-,Motorcyclist,-,Monroe,Not in City Limit,7
109533,400526987,0,1,36.53315,-81.9401,5,2026-05-10 17:30:00,2026,5,10,17,30,Sunday,17:30,Suspected Serious Injury,Daylight,Clear,Other Fixed Object,None,THP District 5 - Fall Branch,THP,-,-,-,-,-,-,-,-,-,-,-,Motorcyclist,-,Johnson,Not in City Limit,1
109536,400527019,0,3,35.64702,-89.55747,4,2026-05-09 01:31:00,2026,5,9,1,31,Saturday,01:31,Suspected Serious Injury,Dark-Not Lighted,Clear,Standing Tree,None,THP District 4 - Memphis,THP,Unbelted,-,-,-,-,-,-,-,-,-,-,-,-,Lauderdale,Not in City Limit,7
109539,400527042,0,2,35.90195,-86.38358,3,2026-05-10 21:10:00,2026,5,10,21,10,Sunday,21:10,Suspected Serious Injury,Dark-Lighted,Clear,Motor Vehicle-In-Transport On Same Roadway,None,MURFREESBORO POLICE DEPT,Other,Unbelted,-,-,-,-,-,-,-,-,-,-,-,-,Rutherford,Murfreesboro,1
109542,400527051,0,1,35.89409,-84.5414,1,2026-05-10 21:59:00,2026,5,10,21,59,Sunday,21:59,Suspected Serious Injury,Dark-Not Lighted,Clear,Curb,None,HARRIMAN POLICE DEPT,Other,Unbelted,-,-,-,-,-,-,-,-,-,-,-,-,Roane,Harriman,1
109543,400527058,0,1,35.82076,-86.81933,3,2026-05-10 03:08:00,2026,5,10,3,8,Sunday,03:08,Suspected Serious Injury,Dark-Not Lighted,Clear,Guard Rail Face,None,THP District 3 - Nashville,THP,Unbelted,-,-,-,-,-,-,-,-,-,-,-,-,Williamson,Not in City Limit,1
109545,400527066,0,2,36.28429,-82.17467,5,2026-05-10 00:00:00,2026,5,10,24,0,Sunday,24:00,Suspected Serious Injury,Daylight,Clear,Motor Vehicle-In-Transport On Same Roadway,None,CARTER CO SHERIFFS DEPT,Other,Unbelted,-,-,-,-,-,-,-,-,-,-,Motorcyclist,-,Carter,Not in City Limit,1
109546,400527072,0,1,36.58289,-87.4445,3,2026-05-10 22:39:00,2026,5,10,22,39,Sunday,22:39,Suspected Serious Injury,Dark-Lighted,Clear,Mail Box,None,THP District 3 - Nashville,THP,-,-,-,-,Drowsy,-,-,-,-,-,-,Motorcyclist,-,Montgomery,Not in City Limit,1
109551,400527089,0,1,36.07982,-87.40192,3,2026-05-05 21:10:00,2026,5,5,21,10,Tuesday,21:10,Suspected Serious Injury,Dark-Lighted,Clear,Motor Vehicle-In-Transport On Same Roadway,None,DICKSON POLICE DEPT,Other,Unbelted,-,-,-,-,-,-,-,-,-,-,-,-,Dickson,Dickson,3
109559,400527132,0,1,35.81945,-86.81601,3,2026-05-10 23:03:00,2026,5,10,23,3,Sunday,23:03,Suspected Serious Injury,Dark-Not Lighted,Clear,Guard Rail Face,None,THP District 3 - Nashville,THP,Unbelted,-,-,-,-,-,-,-,-,-,-,-,-,Williamson,Not in City Limit,1
109560,400527141,0,1,36.38485,-84.57502,1,2026-05-10 22:34:00,2026,5,10,22,34,Sunday,22:34,Suspected Serious Injury,Dark-Not Lighted,Clear,Ditch,None,SCOTT CO SHERIFFS DEPT,Other,Unbelted,-,-,-,-,-,-,-,-,-,-,-,-,Scott,Not in City Limit,1
109570,400527222,0,1,36.20288,-86.8405,3,2026-05-11 06:49:00,2026,5,11,6,49,Monday,06:49,Suspected Serious Injury,Daylight,Rain,Utility Pole,None,METROPOLITAN NASHVILLE POLICE DEPT,Other,Unbelted,-,-,-,Drowsy,-,-,-,-,-,-,-,-,Davidson,Nashville,2
109579,400527290,0,2,35.66341,-85.78517,6,2026-05-11 00:00:00,2026,5,11,24,0,Monday,24:00,Suspected Serious Injury,Daylight,Rain,Motor Vehicle-In-Transport On Same Roadway,None,THP District 6 - Cookeville,THP,Unbelted,Distracted,-,-,-,-,-,-,-,-,-,-,-,Warren,McMinnville,2
109580,400527291,1,1,35.89717,-83.16828,5,2026-05-10 02:00:00,2026,5,10,2,0,Sunday,02:00,Fatal,Dark-Not Lighted,Clear,Standing Tree,None,THP District 5 - Fall Branch,THP,Unbelted,Distracted,Drinking,Drug,-,Speeding,-,-,-,-,-,-,-,Cocke,Not in City Limit,1
109582,400527303,0,1,36.23307,-86.76825,3,2026-05-08 20:11:00,2026,5,8,20,11,Friday,20:11,Suspected Serious Injury,Dark-Lighted,Clear,Parked Motor Vehicle,None,METROPOLITAN NASHVILLE POLICE DEPT,Other,Unbelted,-,-,-,-,Speeding,-,-,-,-,-,Motorcyclist,-,Davidson,Nashville,6
109585,400527348,0,4,35.84382,-86.39053,3,2026-05-09 00:00:00,2026,5,9,24,0,Saturday,24:00,Suspected Serious Injury,Dark-Lighted,Clear,Motor Vehicle-In-Transport On Same Roadway,None,MURFREESBORO POLICE DEPT,Other,Unbelted,Distracted,-,-,-,-,-,-,-,-,-,-,-,Rutherford,Murfreesboro,7
109590,400527420,0,1,35.96629,-86.5655,3,2026-05-11 08:04:00,2026,5,11,8,4,Monday,08:04,Suspected Serious Injury,Daylight,Cloudy,Motor Vehicle-In-Transport On Same Roadway,None,THP District 3 - Nashville,THP,Unbelted,-,-,-,-,-,-,-,-,-,-,-,-,Rutherford,Smyrna,2
109595,400527479,0,1,35.4049,-84.56371,2,2026-05-05 16:02:00,2026,5,5,16,2,Tuesday,16:02,Suspected Serious Injury,Daylight,Cloudy,Embankment Earth,None,THP District 2 - Chattanooga,THP,Unbelted,-,-,-,-,-,-,-,-,-,ATV_Involved,-,-,McMinn,Not in City Limit,3
109606,400527596,0,1,35.63971,-88.54858,8,2026-05-11 13:34:00,2026,5,11,13,34,Monday,13:34,Suspected Serious Injury,Daylight,Clear,Fell/Jumped From Vehicle,None,THP District 8 - Jackson,THP,-,-,-,-,-,-,-,-,-,ATV_Involved,-,-,-,Henderson,Not in City Limit,2
109610,400527671,0,1,36.05589,-83.97026,1,2026-05-11 15:27:00,2026,5,11,15,27,Monday,15:27,Suspected Serious Injury,Daylight,Clear,Motor Vehicle-In-Transport On Same Roadway,None,KNOX CO SHERIFFS OFFICE,Other,Unbelted,-,-,-,-,-,-,-,-,-,-,-,-,Knox,Not in City Limit,2
109615,400527726,0,1,36.31416,-84.20443,1,2026-05-07 16:55:00,2026,5,7,16,55,Thursday,16:55,Suspected Serious Injury,Daylight,Clear,Motor Vehicle-In-Transport On Same Roadway,None,CARYVILLE POLICE DEPT,Other,Unbelted,-,Drinking,-,-,-,-,-,-,-,-,-,-,Campbell,Caryville,5
109620,400527805,0,1,36.57842,-87.25459,3,2026-05-10 21:29:00,2026,5,10,21,29,Sunday,21:29,Suspected Serious Injury,Dark-Not Lighted,Clear,Embankment Earth,None,THP District 3 - Nashville,THP,Unbelted,-,-,-,-,-,-,-,-,-,-,-,-,Montgomery,Not in City Limit,1
109622,400527828,1,1,35.96534,-86.79347,3,2026-05-11 14:53:00,2026,5,11,14,53,Monday,14:53,Fatal,Daylight,Clear,Fence,None,THP District 3 - Nashville,THP,Unbelted,-,-,-,-,-,-,-,-,-,-,-,-,Williamson,Brentwood,2
109624,400527836,1,0,36.18767,-85.88156,6,2026-05-11 13:58:00,2026,5,11,13,58,Monday,13:58,Fatal,Daylight,Clear,Motor Vehicle-In-Transport On Same Roadway,None,THP District 6 - Cookeville,THP,Unbelted,-,-,-,-,-,-,-,-,-,-,Motorcyclist,-,Smith,Not in City Limit,2
109628,400527868,0,1,36.31927,-82.37727,5,2026-05-11 19:10:00,2026,5,11,19,10,Monday,19:10,Suspected Serious Injury,Daylight,Clear,Motor Vehicle-In-Transport On Same Roadway,None,THP District 5 - Fall Branch,THP,Unbelted,-,-,-,-,-,-,-,-,-,-,Motorcyclist,-,Washington,Johnson City,2
109651,400528094,0,2,36.08306,-84.13094,1,2026-05-11 15:28:00,2026,5,11,15,28,Monday,15:28,Suspected Serious Injury,Daylight,Clear,Motor Vehicle-In-Transport On Same Roadway,None,CLINTON POLICE DEPT,Other,Unbelted,-,-,-,-,-,-,-,-,-,-,-,-,Anderson,Clinton,2
109660,400528194,0,1,35.97166,-83.95558,1,2026-05-12 10:00:00,2026,5,12,10,0,Tuesday,10:00,Suspected Serious Injury,Daylight,Clear,Motor Vehicle-In-Transport On Same Roadway,None,KNOXVILLE POLICE DEPT,Other,Unbelted,-,-,-,-,-,-,-,-,-,-,-,-,Knox,Knoxville,3
109669,400528296,0,1,35.37157,-84.85759,2,2026-05-12 11:01:00,2026,5,12,11,1,Tuesday,11:01,Suspected Serious Injury,Daylight,Clear,Standing Tree,None,THP District 2 - Chattanooga,THP,Unbelted,-,-,-,-,-,-,-,-,-,-,-,-,Meigs,Not in City Limit,3
109677,400528404,0,1,35.61371,-87.23788,7,2026-05-12 11:16:00,2026,5,12,11,16,Tuesday,11:16,Suspected Serious Injury,Daylight,Clear,Motor Vehicle-In-Transport On Same Roadway,None,THP District 7 - Lawrenceburg,THP,Unbelted,-,-,-,-,Speeding,-,-,-,-,-,Motorcyclist,-,Maury,Not in City Limit,3
109679,400528408,0,1,36.34575,-86.47253,3,2026-05-11 13:19:00,2026,5,11,13,19,Monday,13:19,Suspected Serious Injury,Daylight,Clear,Motor Vehicle-In-Transport On Same Roadway,None,GALLATIN POLICE DEPT,Other,Unbelted,-,-,-,-,-,-,-,-,-,-,Motorcyclist,-,Sumner,Gallatin,2
109685,400528454,0,1,36.18579,-85.02908,6,2026-05-10 19:50:00,2026,5,10,19,50,Sunday,19:50,Suspected Serious Injury,Dark-Not Lighted,Clear,Mail Box,None,THP District 6 - Cookeville,THP,Unbelted,-,-,Drug,-,-,-,-,-,-,-,-,-,Fentress,Not in City Limit,1
109688,400528545,0,2,36.14381,-83.65341,5,2026-05-10 15:30:00,2026,5,10,15,30,Sunday,15:30,Suspected Serious Injury,Daylight,Clear,Embankment Earth,None,THP District 5 - Fall Branch,THP,-,-,-,-,-,-,-,-,-,-,-,Motorcyclist,-,Grainger,Not in City Limit,1
109698,400528724,0,1,35.7185,-86.34358,3,2026-05-12 14:50:00,2026,5,12,14,50,Tuesday,14:50,Suspected Serious Injury,Daylight,Clear,Pedal-Cycle,None,THP District 3 - Nashville,THP,Unbelted,-,-,-,-,-,Pedalcyclist,-,-,-,-,-,-,Rutherford,Not in City Limit,3
109699,400528736,0,1,35.80707,-86.5362,3,2026-05-06 15:35:00,2026,5,6,15,35,Wednesday,15:35,Suspected Serious Injury,Daylight,Rain,Motor Vehicle-In-Transport On Same Roadway,None,THP District 3 - Nashville,THP,Unbelted,-,-,-,-,-,-,-,-,-,-,-,-,Rutherford,Not in City Limit,4
109702,400528759,0,2,36.59843,-81.74955,5,2026-05-10 21:27:00,2026,5,10,21,27,Sunday,21:27,Suspected Serious Injury,Dark-Not Lighted,Clear,Motor Vehicle-In-Transport On Same Roadway,None,JOHNSON CO SHERIFFS DEPT,Other,Unbelted,-,-,-,-,-,-,-,-,-,-,-,-,Johnson,Not in City Limit,1
109703,400528763,0,1,35.90743,-84.87532,6,2026-05-12 16:11:00,2026,5,12,16,11,Tuesday,16:11,Suspected Serious Injury,Daylight,Clear,Motor Vehicle-In-Transport On Same Roadway,None,THP District 6 - Cookeville,THP,Unbelted,-,-,-,-,-,-,-,-,-,ATV_Involved,-,-,Cumberland,Crab Orchard,3
109714,400528854,0,1,35.24405,-84.84407,2,2026-05-12 21:10:00,2026,5,12,21,10,Tuesday,21:10,Suspected Serious Injury,Dark-Not Lighted,Clear,Ditch,None,THP District 2 - Chattanooga,THP,Unbelted,-,-,-,-,-,-,-,-,-,-,-,-,Bradley,Not in City Limit,3
109719,400528891,0,3,35.8096,-86.46483,3,2026-05-12 00:00:00,2026,5,12,24,0,Tuesday,24:00,Suspected Serious Injury,Dark-Lighted,Clear,Concrete Traffic Barrier,None,MURFREESBORO POLICE DEPT,Other,Unbelted,Distracted,-,-,-,-,-,-,-,-,-,-,-,Rutherford,Murfreesboro,3
109722,400528899,1,4,36.31673,-82.35352,5,2026-05-09 01:20:00,2026,5,9,1,20,Saturday,01:20,Fatal,Dark-Lighted,Clear,Pedestrian,None,THP District 5 - Fall Branch,THP,Unbelted,-,Drinking,Drug,-,-,-,Pedestrian,-,-,-,-,-,Washington,Johnson City,7
109733,400529005,0,1,36.10199,-86.76031,3,2026-05-13 05:51:00,2026,5,13,5,51,Wednesday,05:51,Suspected Serious Injury,Daylight,Clear,Guard Rail Face,None,METROPOLITAN NASHVILLE POLICE DEPT,Other,-,-,-,-,-,Speeding,-,-,-,-,-,Motorcyclist,-,Davidson,Nashville,4
109734,400529008,1,0,36.31553,-83.5379,5,2026-05-10 20:55:00,2026,5,10,20,55,Sunday,20:55,Fatal,Dark-Not Lighted,Clear,Utility Pole,None,THP District 5 - Fall Branch,THP,Unbelted,-,-,-,-,-,-,-,-,-,-,-,-,Grainger,Not in City Limit,1