OBJECTID,MRN,Fatality,Injury,Latitude,Longitude,THP_District,Collision_Date,Collision_Year,Collision_Month,Collision_Day,Collision_Hour,Collision_Min,Collision_DOW,Collision_Time,Crash_Type,Light_Condition,Weather,First_Harmfu_Event,Work_Zone_Type,Agency_Name,THP,Unbelted,Distracted_Driver,Driver_Drinking,Driver_Drugged,Drowsy_Driver,Speeding_Involved,Pedalcyclist,Pedestrian,Other_Nonmotorist,ATV_Involved,LargeTruck_Involved,Motorcycle_Involved,SchoolBus,County,City,DOW_Nmb
109742,400529108,0,1,35.95205,-85.4843,6,2026-05-12 13:58:00,2026,5,12,13,58,Tuesday,13:58,Suspected Serious Injury,Daylight,Clear,Motor Vehicle-In-Transport On Same Roadway,None,SPARTA POLICE DEPT,Other,Unbelted,-,-,-,-,-,-,-,-,-,-,-,-,White,Sparta,3
109753,400529251,0,2,36.3106,-83.7532,5,2026-05-13 10:46:00,2026,5,13,10,46,Wednesday,10:46,Suspected Serious Injury,Daylight,Clear,Motor Vehicle-In-Transport On Same Roadway,None,THP District 5 - Fall Branch,THP,Unbelted,-,-,-,-,-,-,-,-,-,-,-,-,Union,Not in City Limit,4
109756,400529283,0,2,35.39141,-86.15008,2,2026-05-13 11:21:00,2026,5,13,11,21,Wednesday,11:21,Suspected Serious Injury,Daylight,Clear,Motor Vehicle-In-Transport On Same Roadway,None,THP District 2 - Chattanooga,THP,Unbelted,-,-,-,-,-,-,-,-,-,-,-,-,Coffee,Tullahoma,4
109760,400529316,0,2,36.14093,-85.27701,6,2026-05-13 11:30:00,2026,5,13,11,30,Wednesday,11:30,Suspected Serious Injury,Daylight,Clear,Motor Vehicle-In-Transport On Same Roadway,None,THP District 6 - Cookeville,THP,Unbelted,Distracted,-,-,-,-,-,-,-,-,ATV_Involved,-,-,Putnam,Monterey,4
109764,400529384,0,1,36.20614,-83.18919,5,2026-05-13 13:50:00,2026,5,13,13,50,Wednesday,13:50,Suspected Serious Injury,Daylight,Clear,Motor Vehicle-In-Transport On Same Roadway,None,THP District 5 - Fall Branch,THP,Unbelted,-,-,-,-,-,-,-,-,-,-,Motorcyclist,-,Hamblen,Not in City Limit,4
109769,400529431,0,2,36.17681,-86.75501,3,2026-05-13 13:06:00,2026,5,13,13,6,Wednesday,13:06,Suspected Serious Injury,Daylight,Clear,Motor Vehicle-In-Transport On Same Roadway,None,METROPOLITAN NASHVILLE POLICE DEPT,Other,Unbelted,-,-,-,-,-,-,-,-,-,-,-,-,Davidson,Nashville,4
109784,400529552,0,2,35.84624,-86.42021,3,2026-05-13 15:38:00,2026,5,13,15,38,Wednesday,15:38,Suspected Serious Injury,Daylight,Clear,Motor Vehicle-In-Transport On Same Roadway,None,MURFREESBORO POLICE DEPT,Other,Unbelted,-,-,-,-,-,-,-,-,-,-,-,-,Rutherford,Murfreesboro,4
109809,400529747,0,3,36.19261,-83.36012,5,2026-05-13 18:19:00,2026,5,13,18,19,Wednesday,18:19,Suspected Serious Injury,Daylight,Cloudy,Motor Vehicle-In-Transport On Different Roadway,None,MORRISTOWN POLICE DEPT,Other,Unbelted,-,-,-,-,-,-,-,-,-,-,-,-,Hamblen,Morristown,4
109813,400529779,0,1,36.07453,-87.01396,3,2026-05-12 16:23:00,2026,5,12,16,23,Tuesday,16:23,Suspected Serious Injury,Daylight,Clear,Pedestrian,None,METROPOLITAN NASHVILLE POLICE DEPT,Other,Unbelted,Distracted,-,-,-,-,-,Pedestrian,-,-,-,-,-,Davidson,Nashville,3
109818,400529816,0,1,35.63066,-87.06756,7,2026-05-13 00:00:00,2026,5,13,24,0,Wednesday,24:00,Suspected Serious Injury,Daylight,Clear,Ditch,None,COLUMBIA POLICE DEPT,Other,Unbelted,-,-,-,-,-,-,-,-,-,-,-,-,Maury,Columbia,4
109825,400529863,0,1,36.38689,-86.5071,3,2026-05-13 14:55:00,2026,5,13,14,55,Wednesday,14:55,Suspected Serious Injury,Daylight,Clear,Motor Vehicle-In-Transport On Same Roadway,None,THP District 3 - Nashville,THP,Unbelted,-,-,-,-,-,-,-,-,-,-,Motorcyclist,-,Sumner,Gallatin,4
109826,400529870,0,2,35.39843,-84.35086,1,2026-05-13 20:55:00,2026,5,13,20,55,Wednesday,20:55,Suspected Serious Injury,Dark-Not Lighted,Clear,Motor Vehicle-In-Transport On Same Roadway,None,THP District 1 - Knoxville,THP,Unbelted,-,-,-,-,-,-,-,-,-,-,-,-,Monroe,Not in City Limit,4
109831,400529894,0,1,35.70006,-83.76621,1,2026-05-14 00:29:00,2026,5,14,0,29,Thursday,00:29,Suspected Serious Injury,Dark-Not Lighted,Clear,Ditch,None,BLOUNT CO SHERIFFS DEPT,Other,-,-,-,-,-,-,-,-,-,-,-,-,-,Blount,Not in City Limit,5
109833,400529898,0,4,36.46156,-86.6626,3,2026-05-13 21:00:00,2026,5,13,21,0,Wednesday,21:00,Suspected Serious Injury,Dark-Lighted,Clear,Motor Vehicle-In-Transport On Same Roadway,None,WHITE HOUSE POLICE DEPT,Other,Unbelted,-,-,-,-,-,-,-,-,-,-,-,-,Sumner,White House,4
109843,400529975,0,1,35.75797,-83.99099,1,2026-05-14 06:55:00,2026,5,14,6,55,Thursday,06:55,Suspected Serious Injury,Daylight,Clear,Motor Vehicle-In-Transport On Same Roadway,None,MARYVILLE POLICE DEPT,Other,Unbelted,-,-,-,-,-,-,-,-,-,-,-,-,Blount,Maryville,5
109856,400530220,0,2,35.64337,-86.86535,7,2026-05-14 07:00:00,2026,5,14,7,0,Thursday,07:00,Suspected Serious Injury,Daylight,Clear,Motor Vehicle-In-Transport On Same Roadway,None,THP District 7 - Lawrenceburg,THP,Unbelted,-,-,-,-,-,-,-,-,-,-,-,-,Maury,Not in City Limit,5
109868,400530410,0,2,36.22734,-82.16746,5,2026-05-14 14:21:00,2026,5,14,14,21,Thursday,14:21,Suspected Serious Injury,Daylight,Cloudy,Motor Vehicle-In-Transport On Same Roadway,None,THP District 5 - Fall Branch,THP,Unbelted,-,-,-,-,-,-,-,-,-,-,-,-,Carter,Not in City Limit,5
109871,400530462,0,2,35.03228,-85.58219,2,2026-05-12 16:10:00,2026,5,12,16,10,Tuesday,16:10,Suspected Serious Injury,Daylight,Clear,Motor Vehicle-In-Transport On Same Roadway,None,THP District 2 - Chattanooga,THP,Unbelted,Distracted,-,-,-,-,-,-,-,-,-,-,-,Marion,Jasper,3
109872,400530463,0,1,36.24337,-86.56225,3,2026-05-13 19:24:00,2026,5,13,19,24,Wednesday,19:24,Suspected Serious Injury,Daylight,Clear,Other Non-Collision,None,THP District 3 - Nashville,THP,-,-,-,-,-,-,-,-,-,-,-,Motorcyclist,-,Wilson,Not in City Limit,4
109874,400530493,0,1,35.83701,-88.91313,8,2026-05-13 17:07:00,2026,5,13,17,7,Wednesday,17:07,Suspected Serious Injury,,Clear,Other Animal,None,HUMBOLDT POLICE DEPT,Other,-,-,-,-,-,-,-,-,-,-,-,Motorcyclist,-,Gibson,Humboldt,4
109885,400530609,0,3,35.97933,-84.05503,1,2026-05-14 16:48:00,2026,5,14,16,48,Thursday,16:48,Suspected Serious Injury,Daylight,Clear,Motor Vehicle-In-Transport On Same Roadway,None,THP District 1 - Knoxville,THP,Unbelted,-,-,-,-,-,-,-,-,-,-,-,-,Knox,Not in City Limit,5
109887,400530623,0,1,35.47825,-86.46507,7,2026-05-14 16:09:00,2026,5,14,16,9,Thursday,16:09,Suspected Serious Injury,Daylight,Clear,Motor Vehicle-In-Transport On Same Roadway,None,SHELBYVILLE POLICE DEPT,Other,Unbelted,-,-,-,-,-,-,-,-,-,-,Motorcyclist,-,Bedford,Shelbyville,5
109890,400530697,0,3,35.96361,-83.93818,1,2026-05-14 11:38:00,2026,5,14,11,38,Thursday,11:38,Suspected Serious Injury,Daylight,Clear,Motor Vehicle-In-Transport On Same Roadway,None,KNOXVILLE POLICE DEPT,Other,Unbelted,-,-,-,-,-,-,-,-,-,ATV_Involved,-,-,Knox,Knoxville,5
109892,400530716,0,1,35.60162,-84.52632,2,2026-05-14 16:57:00,2026,5,14,16,57,Thursday,16:57,Suspected Serious Injury,Daylight,Clear,Ditch,None,THP District 2 - Chattanooga,THP,Unbelted,-,-,-,-,-,-,-,-,-,-,-,-,McMinn,Not in City Limit,5
109907,400530824,1,0,36.3087,-84.21089,1,2026-05-14 00:00:00,2026,5,14,24,0,Thursday,24:00,Fatal,Daylight,Clear,Motor Vehicle-In-Transport On Same Roadway,None,THP District 1 - Knoxville,THP,Unbelted,-,-,-,-,-,-,-,-,-,ATV_Involved,-,-,Campbell,Caryville,5
109918,400530899,0,1,36.12533,-83.01295,5,2026-05-14 18:50:00,2026,5,14,18,50,Thursday,18:50,Suspected Serious Injury,Daylight,Clear,Motor Vehicle-In-Transport On Same Roadway,None,THP District 5 - Fall Branch,THP,Unbelted,-,-,-,-,-,-,-,-,-,-,Motorcyclist,-,Greene,Not in City Limit,5
109926,400530928,0,2,35.6742,-85.25186,2,2026-05-14 20:59:00,2026,5,14,20,59,Thursday,20:59,Suspected Serious Injury,Dark-Not Lighted,Clear,Motor Vehicle-In-Transport On Same Roadway,None,THP District 2 - Chattanooga,THP,Unbelted,-,Drinking,Drug,-,Speeding,-,-,-,-,-,-,-,Bledsoe,Not in City Limit,5
109928,400530952,0,2,36.53725,-87.18947,3,2026-05-15 00:25:00,2026,5,15,0,25,Friday,00:25,Suspected Serious Injury,Dark-Not Lighted,Clear,Motor Vehicle-In-Transport On Same Roadway,None,THP District 3 - Nashville,THP,Unbelted,-,-,-,-,-,-,-,-,-,-,-,-,Montgomery,Not in City Limit,6
109954,400531548,1,0,36.02143,-83.92454,1,2026-05-15 07:14:00,2026,5,15,7,14,Friday,07:14,Fatal,Daylight,Clear,Motor Vehicle-In-Transport On Same Roadway,None,KNOXVILLE POLICE DEPT,Other,Unbelted,-,-,-,-,-,-,-,-,-,-,Motorcyclist,-,Knox,Knoxville,6
109958,400531646,1,0,36.63246,-87.32176,3,2026-05-08 16:06:00,2026,5,8,16,6,Friday,16:06,Fatal,Daylight,Clear,Motor Vehicle-In-Transport On Same Roadway,None,THP District 3 - Nashville,THP,Unbelted,-,-,-,-,-,-,-,-,-,ATV_Involved,-,-,Montgomery,Clarksville,6
109959,400531678,0,1,35.68843,-88.15052,8,2026-05-15 13:57:00,2026,5,15,13,57,Friday,13:57,Suspected Serious Injury,Daylight,Clear,Standing Tree,None,THP District 8 - Jackson,THP,Unbelted,-,-,-,-,-,-,-,-,-,-,-,-,Decatur,Not in City Limit,6
109961,400531712,0,1,36.47368,-86.56946,3,2026-05-15 14:10:00,2026,5,15,14,10,Friday,14:10,Suspected Serious Injury,Daylight,Clear,Ditch,None,SUMNER CO SHERIFFS OFFICE,Other,-,-,-,-,-,-,-,-,-,-,-,Motorcyclist,-,Sumner,Not in City Limit,6
109970,400531829,0,2,35.75818,-83.88269,1,2026-05-15 15:42:00,2026,5,15,15,42,Friday,15:42,Suspected Serious Injury,Daylight,Clear,Motor Vehicle-In-Transport On Same Roadway,None,MARYVILLE POLICE DEPT,Other,Unbelted,-,-,-,-,-,-,-,-,-,-,-,-,Blount,Maryville,6
109984,400531966,0,1,35.67667,-88.96647,8,2026-05-12 16:35:00,2026,5,12,16,35,Tuesday,16:35,Suspected Serious Injury,Daylight,Clear,Motor Vehicle-In-Transport On Same Roadway,None,THP District 8 - Jackson,THP,Unbelted,-,-,-,-,-,-,-,-,-,-,-,-,Madison,Not in City Limit,3
109989,400531998,0,1,35.94935,-85.31026,6,2026-05-14 20:30:00,2026,5,14,20,30,Thursday,20:30,Suspected Serious Injury,Dark-Lighted,Clear,Motor Vehicle-In-Transport On Same Roadway,None,WHITE CO SHERIFFS DEPT,Other,Unbelted,-,-,-,-,-,-,-,-,-,-,-,-,White,Not in City Limit,5
109991,400532032,0,1,36.38555,-83.67131,5,2026-05-15 16:15:00,2026,5,15,16,15,Friday,16:15,Suspected Serious Injury,Daylight,Clear,Utility Pole,None,THP District 5 - Fall Branch,THP,Unbelted,-,-,-,-,-,-,-,-,-,-,-,-,Claiborne,Not in City Limit,6
110016,400532249,0,1,36.05177,-89.36552,8,2026-05-15 21:40:00,2026,5,15,21,40,Friday,21:40,Suspected Serious Injury,Dark-Not Lighted,Clear,Motor Vehicle-In-Transport On Same Roadway,None,DYERSBURG POLICE DEPT,Other,Unbelted,-,-,-,-,-,-,-,-,-,-,-,-,Dyer,Dyersburg,6
110026,400532298,0,1,36.61139,-87.2932,3,2026-05-16 00:02:00,2026,5,16,0,2,Saturday,00:02,Suspected Serious Injury,Dark-Not Lighted,Clear,Deer,None,THP District 3 - Nashville,THP,Unbelted,-,-,-,-,-,-,-,-,-,-,-,-,Montgomery,Clarksville,7
110041,400532369,0,1,36.47531,-82.60699,5,2026-05-16 05:12:00,2026,5,16,5,12,Saturday,05:12,Suspected Serious Injury,Dawn,Clear,Embankment Earth,None,THP District 5 - Fall Branch,THP,-,-,Drinking,Drug,-,-,-,-,-,-,-,Motorcyclist,-,Sullivan,Not in City Limit,7
110044,400532386,0,1,35.57012,-86.31161,7,2026-05-16 04:30:00,2026,5,16,4,30,Saturday,04:30,Suspected Serious Injury,Dark-Not Lighted,Clear,Ditch,None,THP District 7 - Lawrenceburg,THP,Unbelted,-,-,-,-,-,-,-,-,-,-,-,-,Bedford,Not in City Limit,7
110052,400532604,0,1,36.10838,-87.22631,3,2026-05-16 09:10:00,2026,5,16,9,10,Saturday,09:10,Suspected Serious Injury,Daylight,Clear,Pedestrian,None,WHITE BLUFF POLICE DEPT,Other,Unbelted,-,-,-,-,-,-,Pedestrian,-,-,-,-,-,Dickson,White Bluff,7
110053,400532626,0,2,35.97431,-84.9709,6,2026-05-13 14:12:00,2026,5,13,14,12,Wednesday,14:12,Suspected Serious Injury,Daylight,Clear,Utility Pole,None,CROSSVILLE POLICE DEPT,Other,Unbelted,Distracted,-,-,-,-,-,Pedestrian,-,-,-,-,-,Cumberland,Crossville,4
110064,400532742,0,1,36.05899,-86.59743,3,2026-05-16 13:32:00,2026,5,16,13,32,Saturday,13:32,Suspected Serious Injury,Daylight,Clear,Pedestrian,None,METROPOLITAN NASHVILLE POLICE DEPT,Other,Unbelted,-,-,-,-,-,-,Pedestrian,-,-,-,-,-,Davidson,Nashville,7
110069,400532783,1,1,35.95998,-86.44573,3,2026-05-15 21:32:00,2026,5,15,21,32,Friday,21:32,Fatal,Dark-Not Lighted,Clear,Pedestrian,None,THP District 3 - Nashville,THP,Unbelted,-,-,-,-,-,-,Pedestrian,-,-,-,-,-,Rutherford,Not in City Limit,6
110071,400532818,1,1,35.1018,-89.62869,4,2026-05-16 12:31:00,2026,5,16,12,31,Saturday,12:31,Fatal,Daylight,Clear,Ditch,None,THP District 4 - Memphis,THP,Unbelted,-,-,-,-,-,-,-,-,-,-,-,-,Fayette,Not in City Limit,7
110072,400532826,0,1,35.2974,-84.7525,2,2026-05-16 15:40:00,2026,5,16,15,40,Saturday,15:40,Suspected Serious Injury,Daylight,Clear,Guard Rail Face,None,THP District 2 - Chattanooga,THP,-,-,-,-,-,-,-,-,-,-,-,Motorcyclist,-,McMinn,Calhoun,7
110078,400532904,1,0,35.2623,-84.99269,2,2026-05-15 07:39:00,2026,5,15,7,39,Friday,07:39,Fatal,Daylight,Clear,Motor Vehicle-In-Transport On Same Roadway,None,THP District 2 - Chattanooga,THP,Unbelted,-,-,-,-,-,-,-,-,-,ATV_Involved,-,-,Hamilton,Not in City Limit,6
110092,400533075,0,3,35.66169,-85.10228,2,2026-05-16 00:00:00,2026,5,16,24,0,Saturday,24:00,Suspected Serious Injury,Daylight,Clear,Culvert,None,THP District 2 - Chattanooga,THP,Unbelted,-,-,-,-,-,-,-,-,-,-,-,-,Bledsoe,Not in City Limit,7
110093,400533078,0,1,36.19979,-82.07282,5,2026-05-16 14:00:00,2026,5,16,14,0,Saturday,14:00,Suspected Serious Injury,Daylight,Clear,Motor Vehicle-In-Transport On Different Roadway,None,THP District 5 - Fall Branch,THP,Unbelted,-,-,-,-,-,-,-,-,-,-,Motorcyclist,-,Carter,Not in City Limit,7
110105,400533120,1,0,35.97261,-86.48315,3,2026-05-16 20:36:00,2026,5,16,20,36,Saturday,20:36,Fatal,Dark-Lighted,Clear,Utility Pole,None,SMYRNA POLICE DEPT,Other,Unbelted,-,-,Drug,Drowsy,-,-,-,-,-,-,-,-,Rutherford,Smyrna,7
110107,400533126,0,1,35.44522,-86.47411,7,2026-05-16 20:18:00,2026,5,16,20,18,Saturday,20:18,Suspected Serious Injury,Dark-Lighted,Cloudy,Motor Vehicle-In-Transport On Same Roadway,None,SHELBYVILLE POLICE DEPT,Other,Unbelted,-,-,-,-,Speeding,-,-,-,-,-,Motorcyclist,-,Bedford,Shelbyville,7
110110,400533143,0,4,35.14299,-90.02281,4,2026-05-16 15:38:00,2026,5,16,15,38,Saturday,15:38,Suspected Serious Injury,Daylight,Clear,Concrete Traffic Barrier,None,THP District 4 - Memphis,THP,Unbelted,-,-,-,-,Speeding,-,-,-,-,-,-,-,Shelby,Memphis,7
110115,400533182,0,1,35.06829,-87.69761,7,2026-05-16 14:16:00,2026,5,16,14,16,Saturday,14:16,Suspected Serious Injury,Daylight,Clear,Mail Box,None,THP District 7 - Lawrenceburg,THP,Unbelted,-,-,Drug,-,-,-,-,-,-,-,-,-,Wayne,Not in City Limit,7
110122,400533219,0,1,36.10103,-83.38158,5,2026-05-16 23:19:00,2026,5,16,23,19,Saturday,23:19,Suspected Serious Injury,Dark-Not Lighted,Clear,Guard Rail Face,None,JEFFERSON CO SHERIFFS DEPT,Other,-,-,-,-,-,-,-,-,-,-,-,Motorcyclist,-,Jefferson,Not in City Limit,7
110123,400533226,0,5,35.08201,-89.90728,4,2026-05-16 22:29:00,2026,5,16,22,29,Saturday,22:29,Suspected Serious Injury,Dark-Lighted,Clear,Motor Vehicle-In-Transport On Same Roadway,None,THP District 4 - Memphis,THP,Unbelted,-,-,-,-,-,-,-,-,-,-,-,-,Shelby,Memphis,7
110132,400533278,0,1,36.03373,-84.41507,1,2026-05-16 11:24:00,2026,5,16,11,24,Saturday,11:24,Suspected Serious Injury,Daylight,Clear,Motor Vehicle-In-Transport On Same Roadway,None,THP District 1 - Knoxville,THP,Unbelted,-,-,-,-,-,-,-,-,-,-,Motorcyclist,-,Morgan,Not in City Limit,7
110135,400533295,1,0,36.40074,-86.16697,6,2026-05-15 13:35:00,2026,5,15,13,35,Friday,13:35,Fatal,Daylight,Clear,Fell/Jumped From Vehicle,None,HARTSVILLE-TROUSDALE SHERIFFS DEPT,Other,Unbelted,-,-,-,-,-,-,-,-,-,-,-,-,Trousdale,Hartsville,6
110136,400533297,0,2,35.65692,-88.40969,8,2026-05-15 14:10:00,2026,5,15,14,10,Friday,14:10,Suspected Serious Injury,Daylight,Clear,Motor Vehicle-In-Transport On Same Roadway,None,LEXINGTON POLICE DEPT,Other,Unbelted,Distracted,-,-,-,-,-,-,-,-,-,-,-,Henderson,Lexington,6
110138,400533320,0,2,35.81544,-88.20038,8,2026-05-16 13:27:00,2026,5,16,13,27,Saturday,13:27,Suspected Serious Injury,Daylight,Clear,Culvert,None,THP District 8 - Jackson,THP,Unbelted,-,-,-,-,-,-,-,-,-,-,-,-,Henderson,Not in City Limit,7
110142,400533433,0,2,36.33704,-83.78124,5,2026-05-16 17:05:00,2026,5,16,17,5,Saturday,17:05,Suspected Serious Injury,Daylight,Clear,"Over Turn, Roll Over",None,UNION CO SHERIFFS DEPT,Other,-,-,-,-,-,-,-,-,-,-,-,-,-,Union,Not in City Limit,7
110160,400533716,0,1,35.61695,-86.76443,7,2026-05-15 14:30:00,2026,5,15,14,30,Friday,14:30,Suspected Serious Injury,Daylight,Blowing Sand/Soil/Dirt,Ditch,None,THP District 7 - Lawrenceburg,THP,-,-,-,-,-,-,-,-,-,-,-,Motorcyclist,-,Marshall,Not in City Limit,6
110167,400533818,0,2,35.1441,-90.01782,4,2026-05-17 13:33:00,2026,5,17,13,33,Sunday,13:33,Suspected Serious Injury,Daylight,Clear,Other Fixed Object,None,THP District 8 - Jackson,THP,Unbelted,-,-,-,-,-,-,-,-,-,-,-,-,Shelby,Memphis,1
110186,400534081,0,1,35.5036,-83.97027,1,2026-05-17 15:33:00,2026,5,17,15,33,Sunday,15:33,Suspected Serious Injury,Daylight,Clear,Ditch,None,THP District 1 - Knoxville,THP,-,-,-,-,-,-,-,-,-,-,-,Motorcyclist,-,Blount,Not in City Limit,1
110188,400534130,0,1,35.92734,-86.71799,3,2026-05-17 19:12:00,2026,5,17,19,12,Sunday,19:12,Suspected Serious Injury,Daylight,Clear,Motor Vehicle-In-Transport On Same Roadway,None,THP District 3 - Nashville,THP,Unbelted,-,-,-,-,-,-,-,-,-,-,Motorcyclist,-,Williamson,Not in City Limit,1
110189,400534146,0,1,35.87258,-89.072,8,2026-05-17 18:11:00,2026,5,17,18,11,Sunday,18:11,Suspected Serious Injury,Daylight,Clear,"Over Turn, Roll Over",None,THP District 8 - Jackson,THP,-,-,Drinking,-,-,-,-,-,-,ATV_Involved,-,-,-,Gibson,Not in City Limit,1
110192,400534180,0,3,35.98141,-86.55943,3,2026-05-17 19:46:00,2026,5,17,19,46,Sunday,19:46,Suspected Serious Injury,Daylight,Clear,Motor Vehicle-In-Transport On Same Roadway,None,SMYRNA POLICE DEPT,Other,Unbelted,-,-,-,-,-,-,-,-,-,-,-,-,Rutherford,Smyrna,1
110193,400534184,0,1,35.88475,-86.38287,3,2026-05-17 00:00:00,2026,5,17,24,0,Sunday,24:00,Suspected Serious Injury,Daylight,Clear,Motor Vehicle-In-Transport On Same Roadway,None,MURFREESBORO POLICE DEPT,Other,Unbelted,-,-,-,-,-,-,-,-,-,-,Motorcyclist,-,Rutherford,Murfreesboro,1
110195,400534206,0,1,35.23183,-88.40186,8,2026-05-17 00:25:00,2026,5,17,0,25,Sunday,00:25,Suspected Serious Injury,Dark-Lighted,Clear,Other Fixed Object,None,ADAMSVILLE POLICE DEPT,Other,Unbelted,Distracted,-,-,Drowsy,-,-,-,-,-,-,-,-,McNairy,Adamsville,1
110200,400534252,0,5,35.43582,-86.03464,2,2026-05-15 20:59:00,2026,5,15,20,59,Friday,20:59,Suspected Serious Injury,Dark-Not Lighted,Clear,Standing Tree,None,THP District 2 - Chattanooga,THP,Unbelted,Distracted,Drinking,Drug,-,-,-,-,-,-,-,-,-,Coffee,Not in City Limit,6
110202,400534271,1,0,36.35075,-88.82399,8,2026-05-14 21:13:00,2026,5,14,21,13,Thursday,21:13,Fatal,Dark-Not Lighted,Clear,Embankment Earth,None,THP District 8 - Jackson,THP,Unbelted,-,-,-,-,Speeding,-,-,-,-,-,-,-,Weakley,Martin,5
110204,400534276,0,1,36.56646,-82.05462,5,2026-05-17 21:49:00,2026,5,17,21,49,Sunday,21:49,Suspected Serious Injury,Dark-Not Lighted,Clear,Ditch,None,THP District 5 - Fall Branch,THP,Unbelted,Distracted,-,-,-,-,-,-,-,-,-,-,-,Sullivan,Not in City Limit,1
110205,400534293,0,3,36.16926,-86.75782,3,2026-05-17 23:43:00,2026,5,17,23,43,Sunday,23:43,Suspected Serious Injury,Dark-Lighted,Clear,Motor Vehicle-In-Transport On Same Roadway,None,METROPOLITAN NASHVILLE POLICE DEPT,Other,Unbelted,-,Drinking,Drug,-,-,-,-,-,-,-,-,-,Davidson,Nashville,1
110213,400534359,1,0,36.0929,-86.67878,3,2026-05-18 01:45:00,2026,5,18,1,45,Monday,01:45,Fatal,Dark-Lighted,Clear,Pedestrian,None,METROPOLITAN NASHVILLE POLICE DEPT,Other,Unbelted,-,-,-,-,-,-,Pedestrian,-,-,ATV_Involved,-,-,Davidson,Nashville,2
110218,400534412,0,1,35.26127,-85.02256,2,2026-05-18 07:02:00,2026,5,18,7,2,Monday,07:02,Suspected Serious Injury,Daylight,Clear,Culvert,None,HAMILTON COUNTY SHERIFF'S OFFICE,Other,Unbelted,-,-,-,-,-,-,-,-,-,-,-,-,Hamilton,Not in City Limit,2
110229,400534511,0,2,36.30646,-88.67134,8,2026-05-18 07:57:00,2026,5,18,7,57,Monday,07:57,Suspected Serious Injury,Daylight,Clear,Motor Vehicle-In-Transport On Same Roadway,None,THP District 8 - Jackson,THP,Unbelted,-,-,-,-,-,-,-,-,-,-,-,-,Weakley,Not in City Limit,2
110230,400534555,0,2,36.13064,-85.53234,6,2026-05-18 06:33:00,2026,5,18,6,33,Monday,06:33,Suspected Serious Injury,Daylight,Clear,Motor Vehicle-In-Transport On Same Roadway,None,COOKEVILLE POLICE DEPT,Other,Unbelted,-,-,-,-,-,-,-,-,-,-,-,-,Putnam,Cookeville,2
110232,400534562,0,1,36.56784,-86.44597,3,2026-05-18 09:05:00,2026,5,18,9,5,Monday,09:05,Suspected Serious Injury,Daylight,Clear,Motor Vehicle-In-Transport On Same Roadway,None,THP District 3 - Nashville,THP,Unbelted,-,-,-,-,Speeding,-,-,-,-,-,Motorcyclist,-,Sumner,Not in City Limit,2
110237,400534599,1,0,36.31507,-84.204,1,2026-05-18 09:15:00,2026,5,18,9,15,Monday,09:15,Fatal,Daylight,Clear,Motor Vehicle-In-Transport On Same Roadway,None,THP District 1 - Knoxville,THP,Unbelted,-,-,-,-,-,-,-,-,-,-,-,-,Campbell,Caryville,2
110238,400534618,1,0,36.53941,-82.34645,5,2026-05-18 09:15:00,2026,5,18,9,15,Monday,09:15,Fatal,Daylight,Clear,Standing Tree,None,THP District 5 - Fall Branch,THP,Unbelted,-,-,-,-,-,-,-,-,-,-,-,-,Sullivan,Not in City Limit,2
110242,400534631,0,4,35.14446,-84.97757,2,2026-05-18 07:35:00,2026,5,18,7,35,Monday,07:35,Suspected Serious Injury,Daylight,Clear,Motor Vehicle-In-Transport On Same Roadway,None,THP District 2 - Chattanooga,THP,Unbelted,-,-,-,-,-,-,-,-,-,-,-,-,Bradley,Not in City Limit,2
110247,400534681,0,1,35.92227,-87.2156,7,2026-05-17 14:15:00,2026,5,17,14,15,Sunday,14:15,Suspected Serious Injury,Daylight,Clear,Motor Vehicle-In-Transport On Same Roadway,None,THP District 7 - Lawrenceburg,THP,Unbelted,-,Drinking,-,-,-,-,-,-,-,-,Motorcyclist,-,Hickman,Not in City Limit,1
110258,400534759,0,2,35.96907,-83.26468,5,2026-05-18 13:23:00,2026,5,18,13,23,Monday,13:23,Suspected Serious Injury,Daylight,Clear,Other Fixed Object,None,NEWPORT POLICE DEPT,Other,Unbelted,-,-,-,-,-,-,-,-,-,-,-,-,Cocke,Newport,2
110261,400534800,1,0,36.01786,-87.24348,3,2026-05-18 00:00:00,2026,5,18,24,0,Monday,24:00,Fatal,Unknown,Unknown,Guard Rail End,None,THP District 3 - Nashville,THP,Unbelted,-,-,-,-,-,-,-,-,-,-,-,-,Dickson,Not in City Limit,2
110290,400535029,0,1,35.40324,-84.57746,2,2026-05-18 16:42:00,2026,5,18,16,42,Monday,16:42,Suspected Serious Injury,Daylight,Clear,Motor Vehicle-In-Transport On Same Roadway,None,THP District 2 - Chattanooga,THP,Unbelted,-,-,-,-,-,-,-,-,-,-,Motorcyclist,-,McMinn,Not in City Limit,2