OBJECTID,MRN,Fatality,Injury,Latitude,Longitude,THP_District,Collision_Date,Collision_Year,Collision_Month,Collision_Day,Collision_Hour,Collision_Min,Collision_DOW,Collision_Time,Crash_Type,Light_Condition,Weather,First_Harmfu_Event,Work_Zone_Type,Agency_Name,THP,Unbelted,Distracted_Driver,Driver_Drinking,Driver_Drugged,Drowsy_Driver,Speeding_Involved,Pedalcyclist,Pedestrian,Other_Nonmotorist,ATV_Involved,LargeTruck_Involved,Motorcycle_Involved,SchoolBus,County,City,DOW_Nmb
110301,400535119,0,2,35.69897,-83.8039,1,2026-05-18 18:42:00,2026,5,18,18,42,Monday,18:42,Suspected Serious Injury,Daylight,Clear,Motor Vehicle-In-Transport On Same Roadway,None,THP District 1 - Knoxville,THP,Unbelted,-,-,-,-,-,-,-,-,-,-,-,-,Blount,Not in City Limit,2
110304,400535147,0,1,35.27512,-85.75114,2,2026-05-17 01:28:00,2026,5,17,1,28,Sunday,01:28,Suspected Serious Injury,Dark-Not Lighted,Clear,Motor Vehicle-In-Transport On Same Roadway,None,THP District 2 - Chattanooga,THP,Unbelted,-,Drinking,Drug,-,-,-,-,-,-,-,-,-,Grundy,Tracy City,1
110306,400535154,1,0,35.26044,-87.45477,7,2026-05-17 17:53:00,2026,5,17,17,53,Sunday,17:53,Fatal,Daylight,Clear,Fence,None,THP District 7 - Lawrenceburg,THP,-,-,-,-,-,-,-,-,-,-,-,Motorcyclist,-,Lawrence,Not in City Limit,1
110307,400535171,0,3,35.96338,-83.96062,1,2026-05-18 12:34:00,2026,5,18,12,34,Monday,12:34,Suspected Serious Injury,Daylight,Clear,Motor Vehicle-In-Transport On Same Roadway,None,KNOXVILLE POLICE DEPT,Other,Unbelted,-,Drinking,Drug,-,-,-,-,-,-,-,-,-,Knox,Knoxville,2
110333,400535364,0,1,35.09116,-88.60411,8,2026-05-18 11:49:00,2026,5,18,11,49,Monday,11:49,Suspected Serious Injury,Daylight,Clear,Standing Tree,None,THP District 8 - Jackson,THP,-,-,-,-,-,-,-,-,-,-,-,Motorcyclist,-,McNairy,Not in City Limit,2
110341,400535435,0,3,35.22681,-88.22819,8,2026-05-18 16:14:00,2026,5,18,16,14,Monday,16:14,Suspected Serious Injury,Daylight,Clear,Motor Vehicle-In-Transport On Same Roadway,None,SAVANNAH POLICE DEPT,Other,Unbelted,-,-,-,-,-,-,-,-,-,-,-,-,Hardin,Savannah,2
110344,400535479,0,1,35.50017,-86.97214,7,2026-05-19 07:25:00,2026,5,19,7,25,Tuesday,07:25,Suspected Serious Injury,Daylight,Clear,Culvert,None,THP District 7 - Lawrenceburg,THP,Unbelted,Distracted,-,-,-,-,-,-,-,-,-,-,-,Maury,Not in City Limit,3
110356,400535583,0,1,35.66268,-88.86174,8,2026-05-17 15:32:00,2026,5,17,15,32,Sunday,15:32,Suspected Serious Injury,Daylight,Clear,Motor Vehicle-In-Transport On Same Roadway,None,JACKSON POLICE DEPT,Other,Unbelted,-,-,-,-,Speeding,-,-,-,-,-,Motorcyclist,-,Madison,Jackson,1
110362,400535635,0,4,35.81708,-86.87328,3,2026-05-18 16:08:00,2026,5,18,16,8,Monday,16:08,Suspected Serious Injury,Daylight,Clear,"Over Turn, Roll Over",None,WILLIAMSON CO SHERIFFS OFFICE,Other,-,-,-,-,-,-,-,-,-,-,-,-,-,Williamson,Thompson's Station,2
110368,400535723,0,3,35.62348,-84.08667,1,2026-05-19 09:36:00,2026,5,19,9,36,Tuesday,09:36,Suspected Serious Injury,Daylight,Clear,Ditch,None,THP District 1 - Knoxville,THP,Unbelted,-,-,-,-,-,-,-,-,-,-,-,-,Blount,Not in City Limit,3
110373,400535754,1,0,35.55582,-84.71857,2,2026-05-19 09:37:00,2026,5,19,9,37,Tuesday,09:37,Fatal,Daylight,Clear,Deer,None,THP District 2 - Chattanooga,THP,-,-,-,Drug,-,-,-,-,-,-,-,Motorcyclist,-,Meigs,Not in City Limit,3
110376,400535769,0,1,35.8373,-86.3854,3,2026-05-19 10:38:00,2026,5,19,10,38,Tuesday,10:38,Suspected Serious Injury,Daylight,Clear,Motor Vehicle-In-Transport On Same Roadway,None,MURFREESBORO POLICE DEPT,Other,Unbelted,-,-,-,-,-,-,-,-,-,-,Motorcyclist,-,Rutherford,Murfreesboro,3
110386,400535883,0,1,35.10782,-84.99734,2,2026-05-19 15:18:00,2026,5,19,15,18,Tuesday,15:18,Suspected Serious Injury,Daylight,Clear,Guard Rail Face,None,BRADLEY CO SHERIFFS DEPT,Other,-,-,-,-,-,-,-,-,-,-,-,Motorcyclist,-,Bradley,Not in City Limit,3
110389,400535911,0,4,35.83729,-86.38542,3,2026-05-19 14:16:00,2026,5,19,14,16,Tuesday,14:16,Suspected Serious Injury,Daylight,Clear,Motor Vehicle-In-Transport On Same Roadway,None,MURFREESBORO POLICE DEPT,Other,Unbelted,-,-,-,-,-,-,-,-,-,-,-,-,Rutherford,Murfreesboro,3
110391,400535935,0,5,36.33804,-83.01635,5,2026-05-19 15:30:00,2026,5,19,15,30,Tuesday,15:30,Suspected Serious Injury,Daylight,Clear,Motor Vehicle-In-Transport On Same Roadway,None,THP District 5 - Fall Branch,THP,Unbelted,-,-,-,-,-,-,-,-,-,-,-,-,Hawkins,Not in City Limit,3
110394,400535950,0,1,35.6617,-87.0066,7,2026-05-19 15:01:00,2026,5,19,15,1,Tuesday,15:01,Suspected Serious Injury,Daylight,Clear,Motor Vehicle-In-Transport On Same Roadway,None,COLUMBIA POLICE DEPT,Other,Unbelted,-,-,-,-,Speeding,-,-,-,-,-,Motorcyclist,-,Maury,Columbia,3
110405,400536061,0,1,35.39769,-87.7889,7,2026-05-19 16:30:00,2026,5,19,16,30,Tuesday,16:30,Suspected Serious Injury,Daylight,Clear,"Over Turn, Roll Over",None,THP District 7 - Lawrenceburg,THP,Unbelted,-,-,-,-,-,-,-,-,-,-,-,-,Wayne,Not in City Limit,3
110417,400536133,0,2,36.44223,-87.08804,3,2026-05-19 17:59:00,2026,5,19,17,59,Tuesday,17:59,Suspected Serious Injury,Daylight,Clear,Standing Tree,None,THP District 3 - Nashville,THP,Unbelted,-,-,-,-,-,-,-,-,-,-,-,-,Robertson,Cedar Hill,3
110441,400536298,0,2,36.03574,-87.42851,3,2026-05-19 20:23:00,2026,5,19,20,23,Tuesday,20:23,Suspected Serious Injury,Dark-Not Lighted,Clear,Deer,None,THP District 3 - Nashville,THP,Unbelted,-,-,-,-,-,-,-,-,-,-,-,-,Dickson,Not in City Limit,3
110444,400536315,0,1,35.18268,-84.69458,2,2026-05-19 20:03:00,2026,5,19,20,3,Tuesday,20:03,Suspected Serious Injury,Dusk,Clear,Ditch,None,THP District 2 - Chattanooga,THP,-,-,-,-,-,-,-,-,-,-,-,Motorcyclist,-,Polk,Not in City Limit,3
110457,400536471,0,1,36.34058,-88.26161,8,2026-05-20 07:30:00,2026,5,20,7,30,Wednesday,07:30,Suspected Serious Injury,Daylight,Rain,"Over Turn, Roll Over",None,THP District 8 - Jackson,THP,Unbelted,-,-,-,-,-,-,-,-,-,-,-,-,Henry,Not in City Limit,4
110470,400536646,0,1,36.03944,-88.51844,8,2026-05-20 11:00:00,2026,5,20,11,0,Wednesday,11:00,Suspected Serious Injury,Daylight,Clear,Standing Tree,None,THP District 8 - Jackson,THP,Unbelted,-,-,-,Drowsy,-,-,-,-,-,-,-,-,Carroll,Not in City Limit,4
110476,400536705,0,2,36.05401,-86.57281,3,2026-05-20 12:35:00,2026,5,20,12,35,Wednesday,12:35,Suspected Serious Injury,Daylight,Rain,Motor Vehicle-In-Transport On Same Roadway,None,METROPOLITAN NASHVILLE POLICE DEPT,Other,Unbelted,-,-,-,-,Speeding,-,-,-,-,-,-,-,Davidson,Nashville,4
110478,400536725,0,1,36.17627,-88.32427,8,2026-05-20 12:14:00,2026,5,20,12,14,Wednesday,12:14,Suspected Serious Injury,Daylight,Cloudy,Embankment Earth,None,THP District 8 - Jackson,THP,Unbelted,-,-,-,-,-,-,-,-,-,-,-,-,Henry,Not in City Limit,4
110481,400536753,0,1,35.93634,-84.54002,1,2026-05-20 11:42:00,2026,5,20,11,42,Wednesday,11:42,Suspected Serious Injury,Daylight,Clear,Other Non-Collision,None,HARRIMAN POLICE DEPT,Other,-,-,-,-,-,-,-,-,-,-,-,Motorcyclist,-,Roane,Harriman,4
110482,400536755,0,2,36.00697,-84.01667,1,2026-05-20 13:45:00,2026,5,20,13,45,Wednesday,13:45,Suspected Serious Injury,Daylight,Clear,Motor Vehicle-In-Transport On Same Roadway,None,KNOXVILLE POLICE DEPT,Other,Unbelted,-,-,-,-,-,-,-,-,-,-,-,-,Knox,Knoxville,4
110486,400536793,0,4,35.64169,-86.42713,7,2026-05-17 12:33:00,2026,5,17,12,33,Sunday,12:33,Suspected Serious Injury,Daylight,Clear,Motor Vehicle-In-Transport On Same Roadway,None,THP District 7 - Lawrenceburg,THP,Unbelted,-,-,-,-,-,-,-,-,-,-,-,-,Bedford,Not in City Limit,1
110502,400536934,0,1,36.22379,-86.7747,3,2026-05-20 13:12:00,2026,5,20,13,12,Wednesday,13:12,Suspected Serious Injury,Daylight,Rain,Motor Vehicle-In-Transport On Same Roadway,None,METROPOLITAN NASHVILLE POLICE DEPT,Other,Unbelted,-,-,-,-,-,-,-,-,-,-,-,-,Davidson,Nashville,4
110509,400537011,0,1,36.3684,-84.06075,1,2026-05-20 15:29:00,2026,5,20,15,29,Wednesday,15:29,Suspected Serious Injury,Daylight,Cloudy,Embankment Earth,None,THP District 1 - Knoxville,THP,Unbelted,-,-,Drug,-,-,-,-,-,-,-,-,-,Campbell,Not in City Limit,4
110510,400537015,0,1,36.18658,-83.32047,5,2026-05-17 17:00:00,2026,5,17,17,0,Sunday,17:00,Suspected Serious Injury,Daylight,Clear,Fence,None,THP District 5 - Fall Branch,THP,Unbelted,-,Drinking,Drug,-,Speeding,-,-,-,-,-,-,-,Hamblen,Not in City Limit,1
110512,400537029,0,4,36.53533,-86.8812,3,2026-05-19 18:22:00,2026,5,19,18,22,Tuesday,18:22,Suspected Serious Injury,Daylight,Clear,Motor Vehicle-In-Transport On Same Roadway,None,THP District 3 - Nashville,THP,Unbelted,-,-,-,-,-,-,-,-,-,-,-,-,Robertson,Not in City Limit,3
110524,400537089,0,1,35.39663,-86.49076,7,2026-05-19 15:00:00,2026,5,19,15,0,Tuesday,15:00,Suspected Serious Injury,Daylight,Clear,Pedestrian,None,THP District 7 - Lawrenceburg,THP,Unbelted,-,-,-,-,-,-,-,Other_NM,-,-,-,-,Bedford,Not in City Limit,3
110529,400537134,1,0,35.35483,-84.81676,2,2026-05-20 16:04:00,2026,5,20,16,4,Wednesday,16:04,Fatal,Daylight,Clear,Culvert,None,THP District 2 - Chattanooga,THP,Unbelted,-,-,-,-,-,-,-,-,-,-,-,-,McMinn,Not in City Limit,4
110538,400537166,0,1,36.4617,-86.12715,6,2026-05-20 15:38:00,2026,5,20,15,38,Wednesday,15:38,Suspected Serious Injury,Daylight,Cloudy,Motor Vehicle-In-Transport On Same Roadway,None,THP District 6 - Cookeville,THP,Unbelted,-,-,-,-,-,-,-,-,-,-,-,-,Macon,Not in City Limit,4
110539,400537169,0,3,35.87825,-87.34769,7,2026-05-20 14:48:00,2026,5,20,14,48,Wednesday,14:48,Suspected Serious Injury,Daylight,Clear,Motor Vehicle-In-Transport On Same Roadway,None,THP District 7 - Lawrenceburg,THP,Unbelted,-,-,-,-,-,-,-,-,-,ATV_Involved,-,-,Hickman,Not in City Limit,4
110551,400537298,0,2,36.31466,-86.69889,3,2026-05-20 21:14:00,2026,5,20,21,14,Wednesday,21:14,Suspected Serious Injury,Dark-Lighted,Rain,Motor Vehicle-In-Transport On Same Roadway,None,GOODLETTSVILLE POLICE DEPT,Other,Unbelted,-,-,-,-,-,-,-,-,-,-,-,-,Davidson,Goodlettsville,4
110564,400537374,0,2,36.1298,-85.55087,6,2026-05-18 04:34:00,2026,5,18,4,34,Monday,04:34,Suspected Serious Injury,Dark-Lighted,Clear,Culvert,None,COOKEVILLE POLICE DEPT,Other,Unbelted,-,-,-,-,-,-,-,-,-,-,-,-,Putnam,Cookeville,2
110571,400537438,1,1,36.17447,-86.51312,3,2026-05-20 13:42:00,2026,5,20,13,42,Wednesday,13:42,Fatal,Daylight,Clear,Motor Vehicle-In-Transport On Same Roadway,None,THP District 3 - Nashville,THP,Unbelted,-,-,-,-,-,-,-,-,-,-,-,-,Wilson,Mount Juliet,4
110587,400537615,0,1,35.45079,-85.05161,2,2026-05-21 10:51:00,2026,5,21,10,51,Thursday,10:51,Suspected Serious Injury,Daylight,Rain,Ditch,None,THP District 2 - Chattanooga,THP,Unbelted,-,-,-,-,Speeding,-,-,-,-,-,-,-,Rhea,Not in City Limit,5
110588,400537624,1,0,35.79967,-86.31302,3,2026-05-21 07:30:00,2026,5,21,7,30,Thursday,07:30,Fatal,Dusk,Cloudy,Ditch,None,THP District 3 - Nashville,THP,Unbelted,-,-,-,-,Speeding,-,-,-,-,-,-,-,Rutherford,Murfreesboro,5
110595,400537671,0,1,35.19483,-86.56721,7,2026-05-21 07:41:00,2026,5,21,7,41,Thursday,07:41,Suspected Serious Injury,Daylight,Rain,Wall,None,THP District 7 - Lawrenceburg,THP,Unbelted,-,-,-,-,-,-,-,-,-,-,-,-,Lincoln,Not in City Limit,5
110599,400537710,1,1,35.77966,-86.47244,3,2026-05-21 08:12:00,2026,5,21,8,12,Thursday,08:12,Fatal,Daylight,Cloudy,Motor Vehicle-In-Transport On Same Roadway,None,RUTHERFORD CO SHERIFFS DEPT,Other,Unbelted,-,-,-,-,-,-,-,-,-,-,-,-,Rutherford,Not in City Limit,5
110604,400537752,0,2,35.86516,-84.59028,1,2026-05-20 17:33:00,2026,5,20,17,33,Wednesday,17:33,Suspected Serious Injury,Daylight,Cloudy,Standing Tree,None,THP District 1 - Knoxville,THP,Unbelted,-,-,-,-,-,-,-,-,-,-,-,-,Roane,Not in City Limit,4
110605,400537765,0,2,35.50391,-86.01163,2,2026-05-21 13:15:00,2026,5,21,13,15,Thursday,13:15,Suspected Serious Injury,Daylight,Rain,Utility Pole,None,THP District 2 - Chattanooga,THP,Unbelted,Distracted,-,-,-,-,-,-,-,-,-,-,-,Coffee,Not in City Limit,5
110622,400537857,0,1,35.35046,-84.17104,1,2026-05-20 18:35:00,2026,5,20,18,35,Wednesday,18:35,Suspected Serious Injury,Daylight,Cloudy,Guard Rail Face,None,THP District 1 - Knoxville,THP,-,-,-,-,-,-,-,-,-,-,-,Motorcyclist,-,Monroe,Not in City Limit,4
110638,400537988,0,4,35.12073,-85.28641,2,2026-05-21 17:00:00,2026,5,21,17,0,Thursday,17:00,Suspected Serious Injury,Daylight,Cloudy,Motor Vehicle-In-Transport On Same Roadway,None,RED BANK POLICE DEPT,Other,Unbelted,-,-,-,-,Speeding,-,-,-,-,-,-,-,Hamilton,Red Bank,5
110651,400538111,0,3,36.0012,-86.42915,3,2026-05-16 18:13:00,2026,5,16,18,13,Saturday,18:13,Suspected Serious Injury,Daylight,Clear,Boulder,None,THP District 3 - Nashville,THP,Unbelted,-,-,-,-,-,-,-,-,-,-,-,-,Rutherford,Not in City Limit,7
110652,400538130,0,1,35.60593,-88.78325,8,2026-05-20 19:54:00,2026,5,20,19,54,Wednesday,19:54,Suspected Serious Injury,Daylight,Clear,Standing Tree,None,JACKSON POLICE DEPT,Other,Unbelted,-,-,-,-,-,-,-,-,-,-,-,-,Madison,Jackson,4
110656,400538147,0,1,35.85987,-83.95949,1,2026-05-21 16:49:00,2026,5,21,16,49,Thursday,16:49,Suspected Serious Injury,Daylight,Clear,Motor Vehicle-In-Transport On Same Roadway,None,ALCOA POLICE DEPARTMENT,Other,Unbelted,-,-,-,-,-,-,-,-,-,-,-,-,Blount,Alcoa,5
110660,400538169,0,3,35.0251,-88.2583,8,2026-05-21 13:45:00,2026,5,21,13,45,Thursday,13:45,Suspected Serious Injury,Daylight,Clear,Standing Tree,None,THP District 8 - Jackson,THP,Unbelted,-,-,-,-,-,-,-,-,-,-,-,-,Hardin,Not in City Limit,5
110663,400538207,2,0,35.50115,-83.94838,1,2026-05-19 11:30:00,2026,5,19,11,30,Tuesday,11:30,Fatal,Daylight,Clear,Embankment Earth,None,THP District 1 - Knoxville,THP,-,-,-,-,-,-,-,-,-,-,-,-,-,Blount,Townsend,3
110665,400538213,0,1,36.02747,-83.86234,1,2026-05-21 21:15:00,2026,5,21,21,15,Thursday,21:15,Suspected Serious Injury,Dark-Lighted,Cloudy,Pedestrian,None,KNOXVILLE POLICE DEPT,Other,Unbelted,-,-,-,-,-,-,Pedestrian,-,-,-,-,-,Knox,Knoxville,5
110679,400538297,0,1,36.39945,-87.24122,3,2026-05-21 20:31:00,2026,5,21,20,31,Thursday,20:31,Suspected Serious Injury,Dark-Not Lighted,Clear,Standing Tree,None,THP District 3 - Nashville,THP,Unbelted,-,Drinking,Drug,-,Speeding,-,-,-,-,-,-,-,Montgomery,Not in City Limit,5
110696,400538425,0,1,36.41978,-83.94536,1,2026-05-19 16:25:00,2026,5,19,16,25,Tuesday,16:25,Suspected Serious Injury,Daylight,Clear,Embankment Earth,None,CAMPBELL CO SHERIFFS DEPT,Other,Unbelted,-,-,-,-,-,-,-,-,-,-,-,-,Campbell,Not in City Limit,3
110699,400538446,0,3,35.04199,-85.69528,2,2026-05-22 05:40:00,2026,5,22,5,40,Friday,05:40,Suspected Serious Injury,Dawn,Rain,Guard Rail Face,None,THP District 2 - Chattanooga,THP,Unbelted,-,-,-,-,-,-,-,-,-,-,-,-,Marion,Kimball,6
110702,400538452,0,1,35.37519,-89.52876,4,2026-05-22 06:20:00,2026,5,22,6,20,Friday,06:20,Suspected Serious Injury,Daylight,Rain,Ditch,None,FAYETTE CO SHERIFF'S OFFICE,Other,Unbelted,-,-,-,-,-,-,-,-,-,-,-,-,Fayette,Not in City Limit,6
110705,400538491,0,1,35.07296,-84.38471,2,2026-05-22 09:10:00,2026,5,22,9,10,Friday,09:10,Suspected Serious Injury,Daylight,Cloudy,Embankment Earth,None,THP District 2 - Chattanooga,THP,Unbelted,-,-,-,-,-,-,-,-,-,-,-,-,Polk,Not in City Limit,6
110715,400538660,1,0,36.22387,-84.0043,1,2026-05-22 06:40:00,2026,5,22,6,40,Friday,06:40,Fatal,Dawn,Rain,Culvert,None,THP District 1 - Knoxville,THP,Unbelted,-,-,Drug,-,-,-,-,-,-,-,-,-,Anderson,Not in City Limit,6
110723,400538728,0,4,35.90982,-84.097,1,2026-05-22 13:13:00,2026,5,22,13,13,Friday,13:13,Suspected Serious Injury,Daylight,Cloudy,Motor Vehicle-In-Transport On Same Roadway,None,KNOXVILLE POLICE DEPT,Other,Unbelted,-,-,-,-,-,-,-,-,-,-,-,-,Knox,Knoxville,6
110732,400538804,0,2,35.25154,-85.52021,2,2026-05-22 12:30:00,2026,5,22,12,30,Friday,12:30,Suspected Serious Injury,Daylight,Rain,Embankment Earth,None,THP District 2 - Chattanooga,THP,Unbelted,-,-,-,-,-,-,-,-,-,ATV_Involved,-,-,Marion,Not in City Limit,6
110749,400538945,0,1,35.4843,-84.63067,2,2026-05-21 19:20:00,2026,5,21,19,20,Thursday,19:20,Suspected Serious Injury,Daylight,Cloudy,Motor Vehicle-In-Transport On Same Roadway,None,THP District 2 - Chattanooga,THP,Unbelted,-,-,Drug,-,-,-,-,-,-,-,-,-,McMinn,Not in City Limit,5
110761,400539023,0,1,36.33925,-89.28824,8,2026-05-08 12:04:00,2026,5,8,12,4,Friday,12:04,Suspected Serious Injury,Daylight,Clear,Motor Vehicle-In-Transport On Same Roadway,None,HORNBEAK POLICE DEPT,Other,Unbelted,-,-,-,-,-,-,-,-,-,-,-,-,Obion,Hornbeak,6
110781,400539241,1,1,36.22659,-87.77389,3,2026-05-22 15:15:00,2026,5,22,15,15,Friday,15:15,Fatal,Daylight,Cloudy,"Over Turn, Roll Over",None,THP District 3 - Nashville,THP,Unbelted,-,-,Drug,-,Speeding,-,-,-,-,-,-,-,Humphreys,Not in City Limit,6
110794,400539413,0,2,36.20206,-84.14984,1,2026-05-22 17:35:00,2026,5,22,17,35,Friday,17:35,Suspected Serious Injury,Daylight,Rain,Utility Pole,None,THP District 1 - Knoxville,THP,Unbelted,-,-,-,-,Speeding,-,-,-,-,-,-,-,Anderson,Not in City Limit,6
110796,400539423,0,6,36.09361,-87.54429,3,2026-05-22 16:31:00,2026,5,22,16,31,Friday,16:31,Suspected Serious Injury,Daylight,Cloudy,Motor Vehicle-In-Transport On Same Roadway,None,THP District 3 - Nashville,THP,Unbelted,-,-,-,-,-,-,-,-,-,-,-,-,Dickson,Not in City Limit,6
110805,400539504,0,1,36.1738,-86.4911,3,2026-05-22 22:20:00,2026,5,22,22,20,Friday,22:20,Suspected Serious Injury,Dark-Not Lighted,Cloudy,Guard Rail End,None,THP District 3 - Nashville,THP,Unbelted,-,Drinking,Drug,-,-,-,-,-,-,-,-,-,Wilson,Mount Juliet,6
110808,400539524,0,1,36.3903,-86.61826,3,2026-05-22 16:51:00,2026,5,22,16,51,Friday,16:51,Suspected Serious Injury,Daylight,Cloudy,Ditch,None,THP District 3 - Nashville,THP,Unbelted,-,-,-,-,-,-,-,-,-,-,-,-,Sumner,Not in City Limit,6
110809,400539540,0,3,35.84647,-86.44024,3,2026-05-22 00:00:00,2026,5,22,24,0,Friday,24:00,Suspected Serious Injury,Dark-Lighted,Cloudy,Motor Vehicle-In-Transport On Same Roadway,None,MURFREESBORO POLICE DEPT,Other,Unbelted,-,Drinking,-,-,-,-,-,-,-,-,-,-,Rutherford,Murfreesboro,6
110825,400539699,0,2,35.91984,-84.56332,1,2026-05-22 15:26:00,2026,5,22,15,26,Friday,15:26,Suspected Serious Injury,Daylight,Cloudy,Motor Vehicle-In-Transport On Same Roadway,None,HARRIMAN POLICE DEPT,Other,Unbelted,Distracted,-,-,-,-,-,-,-,-,-,-,-,Roane,Harriman,6
110835,400539790,0,2,35.31,-86.87963,7,2026-05-22 17:57:00,2026,5,22,17,57,Friday,17:57,Suspected Serious Injury,Daylight,Clear,Motor Vehicle-In-Transport On Same Roadway,None,CORNERSVILLE POLICE DEPT,Other,Unbelted,-,Drinking,-,-,Speeding,-,-,-,-,-,-,-,Marshall,Cornersville,6
110843,400539851,0,2,36.03902,-83.72013,1,2026-05-19 00:00:00,2026,5,19,24,0,Tuesday,24:00,Suspected Serious Injury,Daylight,Clear,Motor Vehicle-In-Transport On Same Roadway,None,THP District 1 - Knoxville,THP,Unbelted,-,Drinking,-,-,-,-,-,-,-,ATV_Involved,-,-,Knox,Not in City Limit,3
110844,400539852,0,1,36.13036,-86.89945,3,2026-05-23 08:50:00,2026,5,23,8,50,Saturday,08:50,Suspected Serious Injury,Daylight,Rain,Pedestrian,None,METROPOLITAN NASHVILLE POLICE DEPT,Other,Unbelted,-,-,-,-,-,-,Pedestrian,-,-,-,-,-,Davidson,Nashville,7
110851,400539927,0,1,36.10364,-88.69842,8,2026-05-23 07:50:00,2026,5,23,7,50,Saturday,07:50,Suspected Serious Injury,Daylight,Cloudy,Ditch,None,THP District 8 - Jackson,THP,Unbelted,-,-,-,Drowsy,-,-,-,-,-,-,-,-,Weakley,Not in City Limit,7
110863,400540012,0,4,35.54637,-84.40002,1,2026-05-23 10:58:00,2026,5,23,10,58,Saturday,10:58,Suspected Serious Injury,Daylight,Rain,Motor Vehicle-In-Transport On Same Roadway,None,THP District 1 - Knoxville,THP,Unbelted,Distracted,-,-,-,-,-,-,-,-,-,-,-,Monroe,Not in City Limit,7
110879,400540359,0,1,36.36276,-84.84081,6,2026-05-23 15:20:00,2026,5,23,15,20,Saturday,15:20,Suspected Serious Injury,Daylight,Cloudy,Standing Tree,None,THP District 6 - Cookeville,THP,Unbelted,-,-,-,-,-,-,-,-,-,-,-,-,Fentress,Not in City Limit,7
110887,400540430,0,1,35.1457,-84.97177,2,2026-05-23 20:13:00,2026,5,23,20,13,Saturday,20:13,Suspected Serious Injury,Dusk,Clear,Fell/Jumped From Vehicle,None,THP District 2 - Chattanooga,THP,-,-,-,-,-,-,-,-,-,-,-,Motorcyclist,-,Bradley,Not in City Limit,7
110892,400540487,0,2,36.08488,-85.56674,6,2026-05-23 20:30:00,2026,5,23,20,30,Saturday,20:30,Suspected Serious Injury,Dark-Lighted,Clear,Motor Vehicle-In-Transport On Same Roadway,None,THP District 6 - Cookeville,THP,Unbelted,Distracted,-,-,-,-,-,-,-,-,-,-,-,Putnam,Not in City Limit,7
110904,400540563,0,1,36.15707,-86.79338,3,2026-05-23 23:06:00,2026,5,23,23,6,Saturday,23:06,Suspected Serious Injury,Dark-Lighted,Clear,Pedestrian,None,METROPOLITAN NASHVILLE POLICE DEPT,Other,Unbelted,-,-,-,-,-,-,Pedestrian,-,-,-,-,-,Davidson,Nashville,7
110906,400540568,0,2,36.04455,-84.21057,1,2026-05-23 19:00:00,2026,5,23,19,0,Saturday,19:00,Suspected Serious Injury,Daylight,Rain,Motor Vehicle-In-Transport On Same Roadway,None,OAK RIDGE POLICE DEPT,Other,Unbelted,Distracted,-,-,-,Speeding,-,-,-,-,-,-,-,Anderson,Oak Ridge,7
110908,400540571,0,3,36.06262,-89.39566,8,2026-05-23 00:00:00,2026,5,23,24,0,Saturday,24:00,Suspected Serious Injury,Dark-Lighted,Clear,Motor Vehicle-In-Transport On Same Roadway,None,DYERSBURG POLICE DEPT,Other,Unbelted,-,-,-,-,-,-,-,-,-,-,-,-,Dyer,Dyersburg,7
110912,400540604,0,1,35.57104,-89.14182,4,2026-05-23 23:59:00,2026,5,23,23,59,Saturday,23:59,Suspected Serious Injury,Dark-Not Lighted,Rain,"Over Turn, Roll Over",None,THP District 4 - Memphis,THP,Unbelted,-,-,-,-,-,-,-,-,-,ATV_Involved,-,-,Haywood,Not in City Limit,7
110915,400540621,0,2,35.44802,-89.65281,4,2026-05-23 21:49:00,2026,5,23,21,49,Saturday,21:49,Suspected Serious Injury,Dark-Not Lighted,Rain,Motor Vehicle-In-Transport On Same Roadway,None,THP District 4 - Memphis,THP,Unbelted,-,-,-,-,-,-,-,-,-,-,-,-,Tipton,Not in City Limit,7
110940,400540947,0,2,35.31522,-87.34897,7,2026-05-24 12:07:00,2026,5,24,12,7,Sunday,12:07,Suspected Serious Injury,Daylight,Cloudy,Ditch,None,THP District 7 - Lawrenceburg,THP,Unbelted,-,-,-,-,-,-,-,-,-,-,-,-,Lawrence,Not in City Limit,1
110957,400541205,0,2,36.0204,-83.92311,1,2026-05-23 21:25:00,2026,5,23,21,25,Saturday,21:25,Suspected Serious Injury,Dark-Lighted,Clear,Concrete Traffic Barrier,None,KNOXVILLE POLICE DEPT,Other,Unbelted,-,-,-,-,-,-,-,-,-,-,-,-,Knox,Knoxville,7
110964,400541276,0,1,35.30657,-84.89334,2,2026-05-24 00:00:00,2026,5,24,24,0,Sunday,24:00,Suspected Serious Injury,,Clear,Motor Vehicle-In-Transport On Same Roadway,None,THP District 2 - Chattanooga,THP,Unbelted,-,-,-,-,-,-,-,-,-,-,-,-,Bradley,Not in City Limit,1