OBJECTID,MRN,Fatality,Injury,Latitude,Longitude,THP_District,Collision_Date,Collision_Year,Collision_Month,Collision_Day,Collision_Hour,Collision_Min,Collision_DOW,Collision_Time,Crash_Type,Light_Condition,Weather,First_Harmfu_Event,Work_Zone_Type,Agency_Name,THP,Unbelted,Distracted_Driver,Driver_Drinking,Driver_Drugged,Drowsy_Driver,Speeding_Involved,Pedalcyclist,Pedestrian,Other_Nonmotorist,ATV_Involved,LargeTruck_Involved,Motorcycle_Involved,SchoolBus,County,City,DOW_Nmb
110998,400541597,0,2,35.87292,-86.29164,3,2026-05-24 08:22:00,2026,5,24,8,22,Sunday,08:22,Suspected Serious Injury,Daylight,Cloudy,Standing Tree,None,THP District 3 - Nashville,THP,Unbelted,-,-,-,-,-,-,-,-,-,-,-,-,Rutherford,Not in City Limit,1
111000,400541612,0,2,36.11825,-86.70045,3,2026-05-25 06:14:00,2026,5,25,6,14,Monday,06:14,Suspected Serious Injury,Dark-Lighted,Fog,Motor Vehicle-In-Transport On Same Roadway,None,METROPOLITAN NASHVILLE POLICE DEPT,Other,Unbelted,-,-,-,-,-,-,-,-,-,-,-,-,Davidson,Nashville,2
111001,400541617,0,6,35.84177,-86.50807,3,2026-05-24 09:57:00,2026,5,24,9,57,Sunday,09:57,Suspected Serious Injury,Daylight,Clear,Motor Vehicle-In-Transport On Same Roadway,None,THP District 3 - Nashville,THP,Unbelted,-,Drinking,Drug,-,-,-,-,-,-,-,-,-,Rutherford,Not in City Limit,1
111003,400541680,0,2,36.07196,-86.63621,3,2026-05-25 07:25:00,2026,5,25,7,25,Monday,07:25,Suspected Serious Injury,Daylight,Clear,Motor Vehicle-In-Transport On Same Roadway,None,METROPOLITAN NASHVILLE POLICE DEPT,Other,Unbelted,-,-,-,-,-,-,-,-,-,-,-,-,Davidson,Nashville,2
111004,400541726,0,4,35.32132,-86.22603,2,2026-05-24 00:00:00,2026,5,24,24,0,Sunday,24:00,Suspected Serious Injury,Daylight,Cloudy,Motor Vehicle-In-Transport On Same Roadway,None,THP District 2 - Chattanooga,THP,Unbelted,Distracted,-,-,-,-,-,-,-,-,-,-,-,Franklin,Not in City Limit,1
111009,400541908,0,1,36.0079,-85.89464,6,2026-05-25 11:55:00,2026,5,25,11,55,Monday,11:55,Suspected Serious Injury,Daylight,Cloudy,Ditch,None,THP District 6 - Cookeville,THP,Unbelted,-,-,-,-,-,-,-,-,-,-,-,-,DeKalb,Not in City Limit,2
111010,400541923,0,1,36.35823,-86.55241,3,2026-05-24 10:00:00,2026,5,24,10,0,Sunday,10:00,Suspected Serious Injury,Daylight,Fog,Standing Tree,None,HENDERSONVILLE POLICE DEPT,Other,Unbelted,-,-,-,-,-,-,-,-,-,-,-,-,Sumner,Hendersonville,1
111020,400542239,0,1,35.91982,-84.09156,1,2026-05-25 16:23:00,2026,5,25,16,23,Monday,16:23,Suspected Serious Injury,Daylight,Clear,Motor Vehicle-In-Transport On Same Roadway,None,KNOXVILLE POLICE DEPT,Other,Unbelted,-,-,-,-,-,-,-,-,-,-,-,-,Knox,Knoxville,2
111038,400542500,0,4,36.04309,-86.69004,3,2026-05-25 21:35:00,2026,5,25,21,35,Monday,21:35,Suspected Serious Injury,Dark-Lighted,Rain,Motor Vehicle-In-Transport On Same Roadway,None,METROPOLITAN NASHVILLE POLICE DEPT,Other,Unbelted,-,-,-,-,Speeding,-,-,-,-,-,-,-,Davidson,Nashville,2
111041,400542513,0,1,35.99863,-83.96076,1,2026-05-26 00:03:00,2026,5,26,0,3,Tuesday,00:03,Suspected Serious Injury,Dark-Lighted,Rain,Bridge/Overhead Structure,None,KNOXVILLE POLICE DEPT,Other,Unbelted,-,-,Drug,-,Speeding,-,-,-,-,-,-,-,Knox,Knoxville,3
111046,400542529,0,1,36.53515,-82.78275,5,2026-05-26 01:51:00,2026,5,26,1,51,Tuesday,01:51,Suspected Serious Injury,Dark-Not Lighted,Cloudy,Motor Vehicle-In-Transport On Same Roadway,None,THP District 5 - Fall Branch,THP,Unbelted,-,-,-,-,-,-,-,-,-,ATV_Involved,-,-,Hawkins,Not in City Limit,3
111051,400542548,1,6,36.29951,-86.81168,3,2026-05-25 22:21:00,2026,5,25,22,21,Monday,22:21,Fatal,Dark-Not Lighted,Rain,Parked Motor Vehicle,None,METROPOLITAN NASHVILLE POLICE DEPT,Other,Unbelted,-,Drinking,-,-,Speeding,-,-,-,-,ATV_Involved,-,-,Davidson,Nashville,2
111052,400542554,0,1,35.27641,-85.15405,2,2026-05-21 11:31:00,2026,5,21,11,31,Thursday,11:31,Suspected Serious Injury,Daylight,Rain,Motor Vehicle-In-Transport On Same Roadway,None,SODDY DAISY POLICE DEPT,Other,Unbelted,-,-,-,-,-,-,-,-,-,-,-,-,Hamilton,Soddy-Daisy,5
111106,400543251,0,2,35.80776,-88.31136,8,2026-05-26 15:57:00,2026,5,26,15,57,Tuesday,15:57,Suspected Serious Injury,Daylight,Clear,Culvert,None,THP District 8 - Jackson,THP,Unbelted,-,-,-,-,-,-,-,-,-,-,-,-,Henderson,Not in City Limit,3
111110,400543265,0,1,35.98328,-85.01198,6,2026-05-26 18:20:00,2026,5,26,18,20,Tuesday,18:20,Suspected Serious Injury,Dusk,Cloudy,"Over Turn, Roll Over",None,CROSSVILLE POLICE DEPT,Other,Unbelted,-,-,-,-,Speeding,-,-,-,-,ATV_Involved,-,-,Cumberland,Crossville,3
111119,400543335,0,1,36.14884,-82.2315,5,2026-05-25 15:15:00,2026,5,25,15,15,Monday,15:15,Suspected Serious Injury,Daylight,Clear,Embankment Earth,None,THP District 5 - Fall Branch,THP,Unbelted,-,-,-,-,Speeding,-,-,-,-,-,-,-,Unicoi,Not in City Limit,2
111123,400543369,0,1,36.22232,-86.55054,3,2026-05-26 20:25:00,2026,5,26,20,25,Tuesday,20:25,Suspected Serious Injury,Dusk,Clear,Embankment Earth,None,MOUNT JULIET POLICE DEPT,Other,Unbelted,-,-,-,-,-,-,-,-,-,-,-,-,Wilson,Mount Juliet,3
111140,400543506,1,0,35.67978,-84.07053,1,2026-05-27 06:55:00,2026,5,27,6,55,Wednesday,06:55,Fatal,Daylight,Clear,Curb,None,BLOUNT CO SHERIFFS DEPT,Other,Unbelted,-,-,-,-,-,-,-,-,-,-,-,-,Blount,Not in City Limit,4
111149,400543674,0,1,35.50588,-86.76801,7,2026-05-27 08:55:00,2026,5,27,8,55,Wednesday,08:55,Suspected Serious Injury,Daylight,Cloudy,Ditch,None,THP District 7 - Lawrenceburg,THP,Unbelted,-,-,-,-,-,-,-,-,-,-,-,-,Marshall,Not in City Limit,4
111164,400543904,0,1,35.63109,-83.95253,1,2026-05-26 09:49:00,2026,5,26,9,49,Tuesday,09:49,Suspected Serious Injury,Daylight,Cloudy,Ditch,None,BLOUNT CO SHERIFFS DEPT,Other,-,-,-,-,-,-,-,-,-,-,-,Motorcyclist,-,Blount,Not in City Limit,3
111175,400544055,0,1,35.88208,-86.82094,3,2026-05-27 13:50:00,2026,5,27,13,50,Wednesday,13:50,Suspected Serious Injury,Daylight,Clear,Building,None,FRANKLIN POLICE DEPT,Other,Unbelted,-,-,-,-,-,-,-,-,-,-,-,-,Williamson,Franklin,4
111176,400544059,0,2,35.93155,-85.4572,6,2026-05-27 00:45:00,2026,5,27,0,45,Wednesday,00:45,Suspected Serious Injury,Dark-Not Lighted,Clear,Standing Tree,None,SPARTA POLICE DEPT,Other,Unbelted,-,-,-,-,Speeding,-,-,-,-,-,-,-,White,Sparta,4
111185,400544124,0,1,36.17358,-86.60214,3,2026-05-27 15:30:00,2026,5,27,15,30,Wednesday,15:30,Suspected Serious Injury,Daylight,Cloudy,Pedestrian,None,METROPOLITAN NASHVILLE POLICE DEPT,Other,Unbelted,-,-,-,-,-,-,Pedestrian,-,-,-,-,-,Davidson,Nashville,4
111187,400544147,1,0,36.11099,-87.07436,3,2026-05-26 20:33:00,2026,5,26,20,33,Tuesday,20:33,Fatal,Dark-Not Lighted,Clear,Embankment Earth,None,THP District 3 - Nashville,THP,Unbelted,-,-,-,-,-,-,-,-,-,ATV_Involved,-,-,Cheatham,Pegram,3
111195,400544239,0,1,35.05462,-84.87331,2,2026-05-27 16:50:00,2026,5,27,16,50,Wednesday,16:50,Suspected Serious Injury,Daylight,Cloudy,Motor Vehicle-In-Transport On Same Roadway,None,THP District 2 - Chattanooga,THP,Unbelted,-,-,-,-,-,-,-,-,-,-,-,-,Bradley,Not in City Limit,4
111209,400544504,0,1,35.88699,-85.89665,6,2026-05-27 20:52:00,2026,5,27,20,52,Wednesday,20:52,Suspected Serious Injury,Dark-Not Lighted,Cloudy,Ditch,None,THP District 6 - Cookeville,THP,Unbelted,-,-,-,-,-,-,-,-,-,-,-,-,DeKalb,Not in City Limit,4
111231,400544681,0,1,35.7301,-88.76577,8,2026-05-23 00:00:00,2026,5,23,24,0,Saturday,24:00,Suspected Serious Injury,Daylight,Clear,Culvert,None,MADISON CO SHERIFFS DEPT,Other,-,-,-,-,-,-,-,-,-,-,-,Motorcyclist,-,Madison,Not in City Limit,7
111237,400544803,0,2,35.52801,-89.00153,8,2026-05-28 08:00:00,2026,5,28,8,0,Thursday,08:00,Suspected Serious Injury,Daylight,Clear,Ditch,None,MADISON CO SHERIFFS DEPT,Other,Unbelted,Distracted,-,-,-,Speeding,-,-,-,-,-,-,-,Madison,Not in City Limit,5
111243,400544960,0,1,35.86805,-86.09604,6,2026-05-28 11:37:00,2026,5,28,11,37,Thursday,11:37,Suspected Serious Injury,Daylight,Clear,Ditch,None,THP District 6 - Cookeville,THP,-,-,-,-,-,-,-,-,-,-,-,Motorcyclist,-,Cannon,Not in City Limit,5
111256,400545274,0,1,36.23507,-85.29359,6,2026-05-28 13:27:00,2026,5,28,13,27,Thursday,13:27,Suspected Serious Injury,Daylight,Clear,Motor Vehicle-In-Transport On Same Roadway,None,THP District 6 - Cookeville,THP,Unbelted,-,-,-,-,-,-,-,-,-,ATV_Involved,-,-,Overton,Not in City Limit,5
111258,400545293,0,1,35.86779,-84.05646,1,2026-05-28 14:10:00,2026,5,28,14,10,Thursday,14:10,Suspected Serious Injury,Daylight,Clear,Motor Vehicle-In-Transport On Same Roadway,None,THP District 1 - Knoxville,THP,Unbelted,-,-,-,-,-,-,-,-,-,-,-,-,Knox,Not in City Limit,5
111267,400545463,0,2,35.83846,-83.84082,1,2026-05-28 18:30:00,2026,5,28,18,30,Thursday,18:30,Suspected Serious Injury,Daylight,Clear,Motor Vehicle-In-Transport On Same Roadway,None,BLOUNT CO SHERIFFS DEPT,Other,Unbelted,-,-,-,-,-,-,-,-,-,-,Motorcyclist,-,Blount,Not in City Limit,5
111274,400545557,0,2,36.03575,-84.13125,1,2026-05-27 00:00:00,2026,5,27,24,0,Wednesday,24:00,Suspected Serious Injury,Dark-Lighted,Clear,Motor Vehicle-In-Transport On Same Roadway,None,THP District 1 - Knoxville,THP,Unbelted,-,-,-,-,-,-,-,-,-,-,-,-,Anderson,Not in City Limit,4
111279,400545655,0,4,35.59634,-87.85724,7,2026-05-28 15:33:00,2026,5,28,15,33,Thursday,15:33,Suspected Serious Injury,Daylight,Clear,Motor Vehicle-In-Transport On Same Roadway,None,THP District 7 - Lawrenceburg,THP,Unbelted,-,-,-,-,-,-,-,-,-,-,-,-,Perry,Linden,5
111283,400545692,0,1,36.43131,-87.00726,3,2026-05-28 13:56:00,2026,5,28,13,56,Thursday,13:56,Suspected Serious Injury,Daylight,Cloudy,"Over Turn, Roll Over",None,THP District 3 - Nashville,THP,-,-,-,-,-,-,-,-,-,-,-,-,-,Robertson,Coopertown,5
111285,400545699,1,2,36.22131,-82.34004,5,2026-05-28 18:05:00,2026,5,28,18,5,Thursday,18:05,Fatal,Daylight,Clear,Motor Vehicle-In-Transport On Same Roadway,None,THP District 5 - Fall Branch,THP,Unbelted,-,Drinking,-,-,-,-,-,-,-,-,-,-,Unicoi,Unicoi,5
111286,400545701,0,1,35.81146,-86.36951,3,2026-05-28 20:46:00,2026,5,28,20,46,Thursday,20:46,Suspected Serious Injury,Dark-Lighted,Clear,Other Non-Collision,None,MURFREESBORO POLICE DEPT,Other,-,-,Drinking,-,-,-,-,-,-,-,-,Motorcyclist,-,Rutherford,Murfreesboro,5
111288,400545727,0,1,35.39013,-84.69481,2,2026-05-28 22:41:00,2026,5,28,22,41,Thursday,22:41,Suspected Serious Injury,Dark-Not Lighted,Clear,"Over Turn, Roll Over",None,THP District 2 - Chattanooga,THP,-,-,-,-,-,-,-,-,-,ATV_Involved,-,-,-,McMinn,Not in City Limit,5
111292,400545760,0,1,35.8121,-85.79193,6,2026-05-28 20:29:00,2026,5,28,20,29,Thursday,20:29,Suspected Serious Injury,Dark-Not Lighted,Clear,Motor Vehicle-In-Transport On Same Roadway,None,THP District 6 - Cookeville,THP,Unbelted,-,Drinking,-,-,-,-,-,-,-,-,-,-,Warren,Not in City Limit,5
111316,400546366,1,2,36.2783,-88.24109,8,2026-05-19 11:21:00,2026,5,19,11,21,Tuesday,11:21,Fatal,,Clear,Motor Vehicle-In-Transport On Same Roadway,None,THP District 8 - Jackson,THP,Unbelted,-,-,-,-,-,-,-,-,-,-,-,-,Henry,Not in City Limit,3
111319,400546402,1,0,35.59972,-87.06156,7,2026-05-29 12:34:00,2026,5,29,12,34,Friday,12:34,Fatal,Daylight,Clear,Motor Vehicle-In-Transport On Same Roadway,None,COLUMBIA POLICE DEPT,Other,Unbelted,-,-,-,-,-,-,-,-,-,ATV_Involved,-,-,Maury,Columbia,6
111336,400546600,0,1,35.75139,-88.50479,8,2026-05-29 14:20:00,2026,5,29,14,20,Friday,14:20,Suspected Serious Injury,Daylight,Clear,Standing Tree,None,THP District 8 - Jackson,THP,Unbelted,-,-,-,Drowsy,-,-,-,-,-,-,-,-,Henderson,Not in City Limit,6
111338,400546658,0,4,35.94972,-86.66787,3,2026-05-29 13:35:00,2026,5,29,13,35,Friday,13:35,Suspected Serious Injury,Daylight,Rain,Motor Vehicle-In-Transport On Same Roadway,None,NOLENSVILLE POLICE DEPT,Other,Unbelted,-,-,-,-,-,-,-,-,-,-,-,-,Williamson,Nolensville,6
111340,400546705,0,1,35.76268,-83.66456,1,2026-05-29 14:07:00,2026,5,29,14,7,Friday,14:07,Suspected Serious Injury,Daylight,Clear,"Over Turn, Roll Over",None,THP District 1 - Knoxville,THP,-,-,-,-,-,-,-,-,-,-,-,Motorcyclist,-,Sevier,Not in City Limit,6
111387,400547230,0,1,35.05515,-84.75869,2,2026-05-29 21:19:00,2026,5,29,21,19,Friday,21:19,Suspected Serious Injury,Dark-Not Lighted,Rain,Pedestrian,None,THP District 2 - Chattanooga,THP,Unbelted,-,-,-,-,-,-,Pedestrian,-,-,-,-,-,Bradley,Not in City Limit,6
111398,400547327,0,1,35.55335,-84.09215,1,2026-05-29 18:05:00,2026,5,29,18,5,Friday,18:05,Suspected Serious Injury,Daylight,Clear,Other Non-Collision,None,THP District 1 - Knoxville,THP,-,-,-,-,-,-,-,-,-,-,-,Motorcyclist,-,Blount,Not in City Limit,6
111401,400547362,0,1,36.46072,-82.60659,5,2026-05-30 08:07:00,2026,5,30,8,7,Saturday,08:07,Suspected Serious Injury,Daylight,Clear,Concrete Traffic Barrier,Construction Zone,THP District 5 - Fall Branch,THP,Unbelted,-,-,-,Drowsy,-,-,-,-,-,-,-,-,Sullivan,Not in City Limit,7
111413,400547490,0,2,36.58839,-86.5304,3,2026-05-30 05:38:00,2026,5,30,5,38,Saturday,05:38,Suspected Serious Injury,Dawn,Clear,Motor Vehicle-In-Transport On Same Roadway,None,PORTLAND POLICE DEPT,Other,Unbelted,-,-,-,-,-,-,-,-,-,-,-,-,Sumner,Portland,7
111414,400547496,1,1,36.228,-86.84689,3,2026-05-30 04:27:00,2026,5,30,4,27,Saturday,04:27,Fatal,Dark-Not Lighted,Clear,Motor Vehicle-In-Transport On Same Roadway,None,METROPOLITAN NASHVILLE POLICE DEPT,Other,Unbelted,-,Drinking,Drug,-,-,-,-,-,-,-,-,-,Davidson,Nashville,7
111417,400547557,0,1,36.09136,-84.52947,1,2026-05-29 10:25:00,2026,5,29,10,25,Friday,10:25,Suspected Serious Injury,Daylight,Clear,Standing Tree,None,MORGAN CO SHERIFFS DEPT,Other,Unbelted,-,-,-,-,-,-,-,-,-,-,-,-,Morgan,Not in City Limit,6
111424,400547631,0,4,36.02413,-83.74951,1,2026-05-29 20:50:00,2026,5,29,20,50,Friday,20:50,Suspected Serious Injury,Dark-Not Lighted,Clear,Motor Vehicle-In-Transport On Same Roadway,None,THP District 1 - Knoxville,THP,Unbelted,-,-,Drug,-,-,-,-,-,-,-,-,-,Knox,Not in City Limit,6
111428,400547655,0,1,35.16237,-85.1069,2,2026-05-29 18:54:00,2026,5,29,18,54,Friday,18:54,Suspected Serious Injury,Daylight,Rain,"Over Turn, Roll Over",None,HAMILTON COUNTY SHERIFF'S OFFICE,Other,Unbelted,-,-,-,-,Speeding,-,-,-,-,-,-,-,Hamilton,Not in City Limit,6
111429,400547677,0,5,35.50411,-86.48402,7,2026-05-30 12:52:00,2026,5,30,12,52,Saturday,12:52,Suspected Serious Injury,Daylight,Cloudy,Motor Vehicle-In-Transport On Same Roadway,None,SHELBYVILLE POLICE DEPT,Other,Unbelted,-,-,-,-,-,-,-,-,-,-,-,-,Bedford,Shelbyville,7
111434,400547746,0,1,35.3642,-85.11914,2,2026-05-27 10:34:00,2026,5,27,10,34,Wednesday,10:34,Suspected Serious Injury,Daylight,Clear,Motor Vehicle-In-Transport On Same Roadway,None,HAMILTON COUNTY SHERIFF'S OFFICE,Other,Unbelted,-,-,-,-,Speeding,-,-,-,-,ATV_Involved,-,-,Hamilton,Not in City Limit,4
111435,400547748,0,3,35.70768,-86.9758,7,2026-05-30 13:35:00,2026,5,30,13,35,Saturday,13:35,Suspected Serious Injury,Daylight,Clear,Motor Vehicle-In-Transport On Same Roadway,None,COLUMBIA POLICE DEPT,Other,Unbelted,-,-,-,-,-,-,-,-,-,-,-,-,Maury,Columbia,7
111452,400547965,0,2,36.49222,-82.82411,5,2026-05-27 15:01:00,2026,5,27,15,1,Wednesday,15:01,Suspected Serious Injury,Daylight,Clear,Motor Vehicle-In-Transport On Same Roadway,None,SURGOINSVILLE POLICE DEPT,Other,Unbelted,-,-,-,-,-,-,-,-,-,-,Motorcyclist,-,Hawkins,Surgoinsville,4
111456,400548030,0,3,35.11297,-84.58793,2,2026-05-30 15:20:00,2026,5,30,15,20,Saturday,15:20,Suspected Serious Injury,Daylight,Clear,Motor Vehicle-In-Transport On Same Roadway,None,THP District 2 - Chattanooga,THP,Unbelted,-,-,-,-,-,-,-,-,-,-,-,-,Polk,Not in City Limit,7
111459,400548055,0,1,35.55878,-87.1851,7,2026-05-30 02:19:00,2026,5,30,2,19,Saturday,02:19,Suspected Serious Injury,Dark-Not Lighted,Rain,Guard Rail Face,None,MOUNT PLEASANT POLICE DEPT,Other,Unbelted,-,-,-,-,Speeding,-,-,-,-,-,-,-,Maury,Mount Pleasant,7
111465,400548128,0,1,36.13102,-86.71391,3,2026-05-30 20:12:00,2026,5,30,20,12,Saturday,20:12,Suspected Serious Injury,Dusk,Clear,Pedestrian,None,METROPOLITAN NASHVILLE POLICE DEPT,Other,Unbelted,-,-,-,-,-,-,Pedestrian,-,-,-,-,-,Davidson,Nashville,7
111474,400548207,0,2,35.68529,-88.83012,8,2026-05-30 22:20:00,2026,5,30,22,20,Saturday,22:20,Suspected Serious Injury,Dark-Lighted,Clear,Motor Vehicle-In-Transport On Same Roadway,None,JACKSON POLICE DEPT,Other,Unbelted,-,Drinking,-,-,-,-,-,-,-,-,-,-,Madison,Jackson,7
111479,400548266,0,2,35.71513,-88.82864,8,2026-05-30 22:57:00,2026,5,30,22,57,Saturday,22:57,Suspected Serious Injury,Dark-Not Lighted,Clear,Ditch,None,MADISON CO SHERIFFS DEPT,Other,Unbelted,-,-,-,-,-,-,-,-,-,-,-,-,Madison,Not in City Limit,7
111485,400548281,0,2,35.3549,-86.10555,2,2026-05-30 00:00:00,2026,5,30,24,0,Saturday,24:00,Suspected Serious Injury,Dark-Not Lighted,Fog,Motor Vehicle-In-Transport On Same Roadway,None,THP District 2 - Chattanooga,THP,Unbelted,-,-,-,-,-,-,-,-,-,-,-,-,Coffee,Arnold AFB,7
111487,400548294,0,1,36.34235,-82.24157,5,2026-05-30 15:34:00,2026,5,30,15,34,Saturday,15:34,Suspected Serious Injury,Daylight,Clear,Motor Vehicle-In-Transport On Same Roadway,None,ELIZABETHTON POLICE DEPT,Other,Unbelted,-,-,-,-,-,-,-,-,-,-,Motorcyclist,-,Carter,Elizabethton,7
111495,400548317,0,1,35.01823,-86.57622,7,2026-05-31 03:00:00,2026,5,31,3,0,Sunday,03:00,Suspected Serious Injury,Dark-Not Lighted,Cloudy,Embankment Rock/Stone/Concrete,None,THP District 7 - Lawrenceburg,THP,Unbelted,-,-,-,Drowsy,-,-,-,-,-,-,-,-,Lincoln,Not in City Limit,1
111501,400548381,0,1,36.07738,-86.76634,3,2026-05-31 02:52:00,2026,5,31,2,52,Sunday,02:52,Suspected Serious Injury,Dark-Lighted,Clear,Standing Tree,None,METROPOLITAN NASHVILLE POLICE DEPT,Other,Unbelted,-,-,-,-,-,-,-,-,-,-,-,-,Davidson,Nashville,1
111505,400548446,0,1,35.81636,-88.23728,8,2026-05-30 11:42:00,2026,5,30,11,42,Saturday,11:42,Suspected Serious Injury,,Clear,Ditch,None,THP District 8 - Jackson,THP,Unbelted,-,-,-,-,-,-,-,-,-,-,-,-,Henderson,Not in City Limit,7
111514,400548692,0,3,35.68331,-86.29066,3,2026-05-31 10:31:00,2026,5,31,10,31,Sunday,10:31,Suspected Serious Injury,Daylight,Clear,Motor Vehicle-In-Transport On Same Roadway,None,THP District 3 - Nashville,THP,Unbelted,-,-,-,-,-,-,-,-,-,-,-,-,Rutherford,Not in City Limit,1
111515,400548693,0,1,35.7472,-86.22338,3,2026-05-31 10:51:00,2026,5,31,10,51,Sunday,10:51,Suspected Serious Injury,Daylight,Clear,Curb,None,THP District 3 - Nashville,THP,-,-,-,-,-,-,-,-,-,-,-,Motorcyclist,-,Rutherford,Not in City Limit,1
111523,400548790,0,1,35.87527,-86.48635,3,2026-05-30 14:40:00,2026,5,30,14,40,Saturday,14:40,Suspected Serious Injury,Daylight,Clear,Fell/Jumped From Vehicle,None,MURFREESBORO POLICE DEPT,Other,-,-,Drinking,-,-,-,-,-,-,ATV_Involved,-,-,-,Rutherford,Murfreesboro,7
111525,400548813,0,2,35.87725,-86.42403,3,2026-05-31 13:55:00,2026,5,31,13,55,Sunday,13:55,Suspected Serious Injury,Daylight,Clear,Motor Vehicle-In-Transport On Same Roadway,None,MURFREESBORO POLICE DEPT,Other,Unbelted,-,-,-,-,-,-,-,-,-,-,-,-,Rutherford,Murfreesboro,1
111526,400548847,0,3,36.07872,-87.35577,3,2026-05-30 22:47:00,2026,5,30,22,47,Saturday,22:47,Suspected Serious Injury,Dark-Lighted,Clear,Motor Vehicle-In-Transport On Same Roadway,None,THP District 3 - Nashville,THP,Unbelted,-,Drinking,-,-,-,-,-,-,-,-,-,-,Dickson,Dickson,7
111529,400548891,0,2,35.2967,-84.74065,2,2026-05-31 02:00:00,2026,5,31,2,0,Sunday,02:00,Suspected Serious Injury,Dark-Not Lighted,Clear,Embankment Earth,None,MCMINN CO SHERIFFS DEPT,Other,Unbelted,-,-,-,-,-,-,-,-,-,-,-,-,McMinn,Calhoun,1
111530,400548892,0,2,35.98455,-83.5969,1,2026-05-31 02:47:00,2026,5,31,2,47,Sunday,02:47,Suspected Serious Injury,Dark-Not Lighted,Clear,Motor Vehicle-In-Transport On Same Roadway,None,SEVIERVILLE POLICE DEPT,Other,Unbelted,-,Drinking,-,-,-,-,-,-,-,-,-,-,Sevier,Sevierville,1
111539,400549013,0,2,35.53721,-89.24928,4,2026-05-30 20:20:00,2026,5,30,20,20,Saturday,20:20,Suspected Serious Injury,Dark-Not Lighted,Clear,Embankment Earth,None,THP District 4 - Memphis,THP,Unbelted,-,-,-,-,-,-,-,-,-,ATV_Involved,-,-,Haywood,Brownsville,7
111550,400549130,0,1,36.55133,-87.45446,3,2026-05-31 18:45:00,2026,5,31,18,45,Sunday,18:45,Suspected Serious Injury,Daylight,Clear,Motor Vehicle-In-Transport On Same Roadway,None,THP District 3 - Nashville,THP,Unbelted,Distracted,-,-,-,-,-,-,-,-,-,Motorcyclist,-,Montgomery,Not in City Limit,1
111551,400549134,0,1,36.52193,-81.93351,5,2026-05-31 13:53:00,2026,5,31,13,53,Sunday,13:53,Suspected Serious Injury,Daylight,Clear,Other Fixed Object,None,THP District 5 - Fall Branch,THP,-,-,-,-,-,Speeding,-,-,-,-,-,Motorcyclist,-,Johnson,Not in City Limit,1
111553,400549169,0,1,35.44224,-86.04205,2,2026-05-31 18:29:00,2026,5,31,18,29,Sunday,18:29,Suspected Serious Injury,Dusk,Rain,Embankment Earth,None,THP District 2 - Chattanooga,THP,Unbelted,-,Drinking,Drug,-,-,-,-,-,-,-,-,-,Coffee,Not in City Limit,1
111555,400549188,0,3,35.94484,-86.82848,3,2026-05-31 20:53:00,2026,5,31,20,53,Sunday,20:53,Suspected Serious Injury,Dark-Lighted,Cloudy,Motor Vehicle-In-Transport On Same Roadway,None,FRANKLIN POLICE DEPT,Other,Unbelted,-,-,-,-,-,-,-,-,-,-,-,-,Williamson,Franklin,1
111556,400549190,0,2,36.03957,-86.59591,3,2026-05-31 18:40:00,2026,5,31,18,40,Sunday,18:40,Suspected Serious Injury,Daylight,Clear,Motor Vehicle-In-Transport On Same Roadway,None,METROPOLITAN NASHVILLE POLICE DEPT,Other,Unbelted,-,-,-,-,-,-,-,-,-,-,-,-,Davidson,Nashville,1
111567,400549276,0,2,36.23942,-86.75176,3,2026-06-01 00:08:00,2026,6,1,0,8,Monday,00:08,Suspected Serious Injury,Dark-Lighted,Clear,Concrete Traffic Barrier,None,METROPOLITAN NASHVILLE POLICE DEPT,Other,Unbelted,-,-,-,-,-,-,-,-,-,-,-,-,Davidson,Nashville,2
111568,400549283,0,1,36.14102,-84.01743,1,2026-05-30 04:45:00,2026,5,30,4,45,Saturday,04:45,Suspected Serious Injury,Dark-Not Lighted,Rain,Thrown Or Falling Object,None,THP District 1 - Knoxville,THP,Unbelted,-,-,-,-,-,-,-,-,-,-,-,-,Anderson,Not in City Limit,7
111573,400549337,0,1,36.49292,-87.54548,3,2026-05-28 17:28:00,2026,5,28,17,28,Thursday,17:28,Suspected Serious Injury,Dark-Not Lighted,Clear,Standing Tree,None,THP District 3 - Nashville,THP,-,-,-,-,-,-,-,-,-,-,-,Motorcyclist,-,Montgomery,Not in City Limit,5
111577,400549392,0,3,35.80256,-83.55229,1,2026-05-31 12:37:00,2026,5,31,12,37,Sunday,12:37,Suspected Serious Injury,,Clear,"Over Turn, Roll Over",None,PIGEON FORGE POLICE DEPT,Other,Unbelted,-,-,-,-,-,-,-,-,-,-,-,-,Sevier,Pigeon Forge,1
111592,400549623,0,1,35.65672,-84.88287,2,2026-05-27 13:30:00,2026,5,27,13,30,Wednesday,13:30,Suspected Serious Injury,Daylight,Clear,Motor Vehicle-In-Transport On Same Roadway,None,THP District 2 - Chattanooga,THP,Unbelted,-,-,-,-,-,-,-,-,-,ATV_Involved,-,-,Rhea,Not in City Limit,4