OBJECTID,MRN,Fatality,Injury,Latitude,Longitude,THP_District,Collision_Date,Collision_Year,Collision_Month,Collision_Day,Collision_Hour,Collision_Min,Collision_DOW,Collision_Time,Crash_Type,Light_Condition,Weather,First_Harmfu_Event,Work_Zone_Type,Agency_Name,THP,Unbelted,Distracted_Driver,Driver_Drinking,Driver_Drugged,Drowsy_Driver,Speeding_Involved,Pedalcyclist,Pedestrian,Other_Nonmotorist,ATV_Involved,LargeTruck_Involved,Motorcycle_Involved,SchoolBus,County,City,DOW_Nmb
111609,400549775,1,2,36.47334,-88.33053,8,2026-05-30 20:00:00,2026,5,30,20,0,Saturday,20:00,Fatal,Dark-Not Lighted,Cloudy,Motor Vehicle-In-Transport On Same Roadway,None,THP District 8 - Jackson,THP,Unbelted,-,-,Drug,-,-,-,-,-,-,-,-,-,Henry,Not in City Limit,7
111624,400549927,0,3,35.76451,-83.9912,1,2026-06-01 16:48:00,2026,6,1,16,48,Monday,16:48,Suspected Serious Injury,Daylight,Cloudy,Motor Vehicle-In-Transport On Same Roadway,None,ALCOA POLICE DEPARTMENT,Other,Unbelted,-,-,-,-,-,-,-,-,-,-,-,-,Blount,Alcoa,2
111632,400549982,0,4,35.84761,-83.70979,1,2026-06-01 15:18:00,2026,6,1,15,18,Monday,15:18,Suspected Serious Injury,Daylight,Clear,Motor Vehicle-In-Transport On Same Roadway,None,THP District 1 - Knoxville,THP,Unbelted,-,-,-,-,-,-,-,-,-,-,-,-,Sevier,Not in City Limit,2
111651,400550166,0,1,35.77898,-88.85887,8,2026-06-01 18:03:00,2026,6,1,18,3,Monday,18:03,Suspected Serious Injury,Daylight,Clear,Motor Vehicle-In-Transport On Same Roadway,None,THP District 8 - Jackson,THP,Unbelted,-,-,Drug,-,-,-,-,-,-,-,-,-,Madison,Three Way,2
111656,400550189,0,2,36.25084,-86.71846,3,2026-06-01 22:16:00,2026,6,1,22,16,Monday,22:16,Suspected Serious Injury,Dark-Lighted,Clear,Motor Vehicle-In-Transport On Same Roadway,None,METROPOLITAN NASHVILLE POLICE DEPT,Other,Unbelted,Distracted,-,-,-,Speeding,-,-,-,-,-,Motorcyclist,-,Davidson,Nashville,2
111657,400550197,0,1,36.00602,-83.80243,1,2026-06-01 23:39:00,2026,6,1,23,39,Monday,23:39,Suspected Serious Injury,Dark-Not Lighted,Cloudy,Parked Motor Vehicle,None,KNOXVILLE POLICE DEPT,Other,Unbelted,-,-,-,-,-,-,-,-,-,-,-,-,Knox,Knoxville,2
111670,400550313,1,1,36.29173,-86.43925,3,2026-05-29 21:30:00,2026,5,29,21,30,Friday,21:30,Fatal,Dark-Not Lighted,Rain,Ditch,None,THP District 3 - Nashville,THP,Unbelted,-,Drinking,-,-,Speeding,-,-,-,-,-,-,-,Wilson,Not in City Limit,6
111677,400550367,0,1,35.07622,-84.81577,2,2026-06-01 14:45:00,2026,6,1,14,45,Monday,14:45,Suspected Serious Injury,Daylight,Cloudy,Motor Vehicle-In-Transport On Same Roadway,None,BRADLEY CO SHERIFFS DEPT,Other,Unbelted,-,-,-,-,-,-,-,-,-,-,Motorcyclist,-,Bradley,Not in City Limit,2
111682,400550487,0,1,36.08712,-83.599,5,2026-06-02 10:00:00,2026,6,2,10,0,Tuesday,10:00,Suspected Serious Injury,Daylight,Cloudy,Pedestrian,Construction Zone,THP District 5 - Fall Branch,THP,Unbelted,Distracted,-,-,Drowsy,-,-,Pedestrian,-,-,-,-,-,Jefferson,New Market,3
111684,400550549,1,0,35.34419,-87.44483,7,2026-06-02 08:55:00,2026,6,2,8,55,Tuesday,08:55,Fatal,Daylight,Clear,Motor Vehicle-In-Transport On Same Roadway,None,THP District 7 - Lawrenceburg,THP,Unbelted,-,-,Drug,-,-,-,-,-,-,ATV_Involved,-,-,Lawrence,Not in City Limit,3
111686,400550593,0,3,36.26879,-87.84816,3,2026-05-28 18:19:00,2026,5,28,18,19,Thursday,18:19,Suspected Serious Injury,Daylight,Clear,Standing Tree,None,THP District 3 - Nashville,THP,Unbelted,-,-,-,-,-,-,-,-,-,-,-,-,Houston,Not in City Limit,5
111691,400550625,0,3,35.87166,-83.75855,1,2026-05-28 17:38:00,2026,5,28,17,38,Thursday,17:38,Suspected Serious Injury,Daylight,Clear,Motor Vehicle-In-Transport On Same Roadway,None,SEVIER CO SHERIFFS OFFICE,Other,Unbelted,-,-,-,-,-,-,-,-,-,-,-,-,Sevier,Not in City Limit,5
111699,400550713,0,2,35.39889,-85.38137,2,2026-06-02 11:55:00,2026,6,2,11,55,Tuesday,11:55,Suspected Serious Injury,Daylight,Clear,Motor Vehicle-In-Transport On Same Roadway,None,DUNLAP POLICE DEPT,Other,Unbelted,-,-,-,-,-,-,-,-,-,-,-,-,Sequatchie,Dunlap,3
111706,400550825,0,4,35.76653,-84.00438,1,2026-06-02 14:37:00,2026,6,2,14,37,Tuesday,14:37,Suspected Serious Injury,Daylight,Clear,Motor Vehicle-In-Transport On Same Roadway,None,MARYVILLE POLICE DEPT,Other,Unbelted,-,-,-,-,-,-,-,-,-,-,-,-,Blount,Maryville,3
111716,400550919,0,1,35.63739,-87.0309,7,2026-06-02 16:04:00,2026,6,2,16,4,Tuesday,16:04,Suspected Serious Injury,Daylight,Clear,Motor Vehicle-In-Transport On Same Roadway,None,COLUMBIA POLICE DEPT,Other,Unbelted,Distracted,-,-,-,-,-,-,-,-,-,-,-,Maury,Columbia,3
111717,400550922,0,2,36.45878,-82.47099,5,2026-06-02 14:04:00,2026,6,2,14,4,Tuesday,14:04,Suspected Serious Injury,Daylight,Clear,Motor Vehicle-In-Transport On Same Roadway,None,THP District 5 - Fall Branch,THP,Unbelted,-,-,-,-,-,-,-,-,-,-,-,-,Sullivan,Not in City Limit,3
111722,400550951,0,1,36.34646,-86.68269,3,2026-06-02 15:51:00,2026,6,2,15,51,Tuesday,15:51,Suspected Serious Injury,Daylight,Clear,Other Non-Collision,None,GOODLETTSVILLE POLICE DEPT,Other,-,-,-,-,-,-,-,-,-,-,-,Motorcyclist,-,Sumner,Goodlettsville,3
111725,400550996,0,1,36.33658,-86.59517,3,2026-06-02 16:44:00,2026,6,2,16,44,Tuesday,16:44,Suspected Serious Injury,Daylight,Clear,Ditch,None,HENDERSONVILLE POLICE DEPT,Other,Unbelted,-,-,-,-,-,-,-,-,-,-,-,-,Sumner,Hendersonville,3
111742,400551213,1,0,36.38679,-86.48091,3,2026-06-02 17:37:00,2026,6,2,17,37,Tuesday,17:37,Fatal,Daylight,Clear,Motor Vehicle-In-Transport On Same Roadway,None,GALLATIN POLICE DEPT,Other,Unbelted,-,-,-,-,-,-,-,-,-,-,-,-,Sumner,Gallatin,3
111744,400551221,1,1,36.17118,-86.76658,3,2026-06-02 15:52:00,2026,6,2,15,52,Tuesday,15:52,Fatal,Daylight,Clear,Parked Motor Vehicle,None,METROPOLITAN NASHVILLE POLICE DEPT,Other,Unbelted,-,-,Drug,-,Speeding,-,Pedestrian,-,-,-,-,-,Davidson,Nashville,3
111746,400551242,0,1,35.6496,-88.80204,8,2026-06-02 21:30:00,2026,6,2,21,30,Tuesday,21:30,Suspected Serious Injury,Dark-Lighted,Clear,Pedestrian,None,JACKSON POLICE DEPT,Other,Unbelted,-,-,-,-,-,-,Pedestrian,-,-,-,-,-,Madison,Jackson,3
111758,400551307,0,1,35.95806,-86.49694,3,2026-06-03 01:00:00,2026,6,3,1,0,Wednesday,01:00,Suspected Serious Injury,Dark-Not Lighted,Clear,Other Fixed Object,None,SMYRNA POLICE DEPT,Other,Unbelted,Distracted,-,-,-,-,-,-,-,-,-,-,-,Rutherford,Smyrna,4
111760,400551315,0,2,36.29697,-82.00551,5,2026-05-29 19:00:00,2026,5,29,19,0,Friday,19:00,Suspected Serious Injury,Daylight,Clear,Guard Rail Face,None,THP District 5 - Fall Branch,THP,-,-,-,Drug,-,-,-,-,-,-,-,Motorcyclist,-,Carter,Not in City Limit,6
111767,400551420,0,1,35.94972,-86.66787,3,2026-06-03 06:08:00,2026,6,3,6,8,Wednesday,06:08,Suspected Serious Injury,Daylight,Clear,Motor Vehicle-In-Transport On Same Roadway,None,NOLENSVILLE POLICE DEPT,Other,Unbelted,-,-,-,-,Speeding,-,-,-,-,-,-,-,Williamson,Nolensville,4
111768,400551430,1,0,36.5114,-87.59034,3,2026-06-03 05:45:00,2026,6,3,5,45,Wednesday,05:45,Fatal,Dawn,Clear,Utility Pole,None,THP District 3 - Nashville,THP,Unbelted,-,Drinking,Drug,-,-,-,-,-,-,-,-,-,Montgomery,Not in City Limit,4
111773,400551508,0,1,36.20837,-86.29464,3,2026-06-03 09:11:00,2026,6,3,9,11,Wednesday,09:11,Suspected Serious Injury,Daylight,Clear,Motor Vehicle-In-Transport On Same Roadway,None,LEBANON POLICE DEPT,Other,Unbelted,Distracted,-,-,-,-,-,-,-,-,-,Motorcyclist,-,Wilson,Lebanon,4
111781,400551598,0,1,36.16977,-85.47966,6,2026-06-03 08:35:00,2026,6,3,8,35,Wednesday,08:35,Suspected Serious Injury,Daylight,Clear,Parked Motor Vehicle,Work Zone,COOKEVILLE POLICE DEPT,Other,-,-,-,-,-,-,-,-,-,-,-,-,-,Putnam,Cookeville,4
111798,400551682,0,3,35.75693,-85.85687,6,2026-06-03 11:50:00,2026,6,3,11,50,Wednesday,11:50,Suspected Serious Injury,Daylight,Clear,Motor Vehicle-In-Transport On Same Roadway,None,THP District 6 - Cookeville,THP,Unbelted,-,-,-,-,-,-,-,-,-,-,-,-,Warren,Not in City Limit,4
111823,400551947,0,1,35.48071,-84.59253,2,2026-06-03 16:02:00,2026,6,3,16,2,Wednesday,16:02,Suspected Serious Injury,Daylight,Clear,Motor Vehicle-In-Transport On Same Roadway,None,THP District 2 - Chattanooga,THP,Unbelted,-,-,-,-,-,-,-,-,-,-,Motorcyclist,-,McMinn,Athens,4
111836,400552038,1,0,35.42209,-86.70418,7,2026-06-03 17:39:00,2026,6,3,17,39,Wednesday,17:39,Fatal,Daylight,Clear,Ditch,None,THP District 7 - Lawrenceburg,THP,Unbelted,-,-,-,-,-,-,-,-,-,-,-,-,Marshall,Not in City Limit,4
111850,400552168,1,1,36.15549,-86.76579,3,2026-06-03 16:42:00,2026,6,3,16,42,Wednesday,16:42,Fatal,Daylight,Clear,Motor Vehicle-In-Transport On Same Roadway,None,METROPOLITAN NASHVILLE POLICE DEPT,Other,Unbelted,-,-,-,-,-,-,-,-,-,-,Motorcyclist,-,Davidson,Nashville,4
111856,400552216,0,1,35.86273,-83.74412,1,2026-06-03 18:48:00,2026,6,3,18,48,Wednesday,18:48,Suspected Serious Injury,Daylight,Clear,Motor Vehicle-In-Transport On Same Roadway,None,THP District 1 - Knoxville,THP,Unbelted,-,-,-,-,-,-,-,-,-,-,-,-,Sevier,Not in City Limit,4
111858,400552232,0,1,35.81172,-86.78631,3,2026-06-03 19:59:00,2026,6,3,19,59,Wednesday,19:59,Suspected Serious Injury,Dusk,Clear,Guard Rail Face,None,THP District 3 - Nashville,THP,Unbelted,Distracted,-,-,-,-,-,-,-,-,-,-,-,Williamson,Not in City Limit,4
111861,400552248,0,1,36.34644,-89.31558,8,2026-06-03 21:49:00,2026,6,3,21,49,Wednesday,21:49,Suspected Serious Injury,Dark-Not Lighted,Clear,Ditch,None,THP District 8 - Jackson,THP,Unbelted,-,-,-,-,-,-,-,-,-,-,-,-,Obion,Not in City Limit,4
111862,400552267,0,1,35.18135,-85.14392,2,2026-06-03 17:43:00,2026,6,3,17,43,Wednesday,17:43,Suspected Serious Injury,Daylight,Clear,Motor Vehicle-In-Transport On Same Roadway,None,HAMILTON COUNTY SHERIFF'S OFFICE,Other,Unbelted,-,-,-,-,-,-,-,-,-,-,Motorcyclist,-,Hamilton,Not in City Limit,4
111864,400552279,0,1,35.84637,-86.41665,3,2026-06-04 01:03:00,2026,6,4,1,3,Thursday,01:03,Suspected Serious Injury,Dark-Lighted,Clear,Motor Vehicle-In-Transport On Same Roadway,None,MURFREESBORO POLICE DEPT,Other,Unbelted,Distracted,-,-,-,-,-,-,-,-,-,-,-,Rutherford,Murfreesboro,5
111869,400552312,0,2,36.28578,-82.32314,5,2026-06-03 16:01:00,2026,6,3,16,1,Wednesday,16:01,Suspected Serious Injury,Daylight,Clear,Culvert,None,CARTER CO SHERIFFS DEPT,Other,Unbelted,-,-,-,-,-,-,-,-,-,-,-,-,Carter,Johnson City,4
111870,400552349,0,1,35.4859,-87.56538,7,2026-06-02 09:30:00,2026,6,2,9,30,Tuesday,09:30,Suspected Serious Injury,Daylight,Clear,Embankment Earth,None,THP District 7 - Lawrenceburg,THP,Unbelted,-,-,-,-,-,-,-,-,-,-,-,-,Lewis,Not in City Limit,3
111874,400552379,0,1,36.33451,-86.43617,3,2026-06-03 07:08:00,2026,6,3,7,8,Wednesday,07:08,Suspected Serious Injury,Daylight,Clear,Thrown Or Falling Object,None,THP District 3 - Nashville,THP,Unbelted,-,-,-,-,-,-,-,-,-,-,-,-,Wilson,Not in City Limit,4
111877,400552392,0,1,35.63776,-84.52372,1,2026-06-04 08:00:00,2026,6,4,8,0,Thursday,08:00,Suspected Serious Injury,Daylight,Clear,Standing Tree,None,LOUDON CO SHERIFFS DEPT,Other,Unbelted,-,-,-,-,-,-,-,-,-,-,-,-,Loudon,Not in City Limit,5
111884,400552517,0,1,35.96338,-83.98617,1,2026-06-04 07:26:00,2026,6,4,7,26,Thursday,07:26,Suspected Serious Injury,Dark-Lighted,Clear,Motor Vehicle-In-Transport On Same Roadway,None,KNOXVILLE POLICE DEPT,Other,Unbelted,-,-,-,-,-,-,-,-,-,-,-,-,Knox,Knoxville,5
111889,400552641,0,1,36.20322,-84.72132,1,2026-03-17 23:47:00,2026,3,17,23,47,Tuesday,23:47,Suspected Serious Injury,Dark-Not Lighted,Clear,Embankment Earth,None,MORGAN CO SHERIFFS DEPT,Other,Unbelted,-,-,-,-,-,-,-,-,-,-,-,-,Morgan,Not in City Limit,3
111894,400552669,0,1,35.56399,-84.10246,1,2026-06-03 22:42:00,2026,6,3,22,42,Wednesday,22:42,Suspected Serious Injury,Dark-Not Lighted,Clear,Other Non-Collision,None,THP District 1 - Knoxville,THP,Unbelted,-,Drinking,Drug,-,-,-,-,-,-,-,-,-,Monroe,Not in City Limit,4
111898,400552705,0,1,35.91408,-84.07871,1,2026-06-04 12:13:00,2026,6,4,12,13,Thursday,12:13,Suspected Serious Injury,Daylight,Clear,Pedestrian,None,KNOXVILLE POLICE DEPT,Other,Unbelted,-,-,-,-,-,-,Pedestrian,-,-,-,-,-,Knox,Knoxville,5
111906,400552758,0,1,36.4217,-85.12345,6,2026-06-04 06:10:00,2026,6,4,6,10,Thursday,06:10,Suspected Serious Injury,Dawn,Clear,Embankment Rock/Stone/Concrete,None,THP District 6 - Cookeville,THP,Unbelted,-,-,-,-,-,-,-,-,-,-,-,-,Pickett,Not in City Limit,5
111907,400552760,0,1,35.68764,-86.99403,7,2026-06-04 12:58:00,2026,6,4,12,58,Thursday,12:58,Suspected Serious Injury,,Clear,Motor Vehicle-In-Transport On Same Roadway,None,COLUMBIA POLICE DEPT,Other,Unbelted,-,-,-,-,-,-,-,-,-,ATV_Involved,-,-,Maury,Columbia,5
111909,400552771,0,1,36.58099,-87.44387,3,2026-06-04 08:41:00,2026,6,4,8,41,Thursday,08:41,Suspected Serious Injury,Daylight,Clear,Motor Vehicle-In-Transport On Same Roadway,None,THP District 3 - Nashville,THP,Unbelted,-,-,-,-,-,-,-,-,-,ATV_Involved,-,-,Montgomery,Not in City Limit,5
111910,400552813,1,0,35.26494,-87.28995,7,2026-06-04 12:55:00,2026,6,4,12,55,Thursday,12:55,Fatal,Daylight,Clear,Motor Vehicle-In-Transport On Same Roadway,None,THP District 7 - Lawrenceburg,THP,Unbelted,-,-,-,-,-,-,-,-,-,-,Motorcyclist,-,Lawrence,Not in City Limit,5
111911,400552829,0,6,35.22602,-87.33558,7,2026-06-04 12:38:00,2026,6,4,12,38,Thursday,12:38,Suspected Serious Injury,Daylight,Clear,Ridden Animal/Drawn Conveyance,None,LAWRENCEBURG POLICE DEPT,Other,Unbelted,Distracted,-,-,-,-,-,Pedestrian,-,-,-,-,-,Lawrence,Lawrenceburg,5
111923,400552924,1,0,35.54369,-83.99389,1,2026-06-04 00:38:00,2026,6,4,0,38,Thursday,00:38,Fatal,Dark-Not Lighted,Clear,Deer,None,THP District 1 - Knoxville,THP,-,-,-,-,-,-,-,-,-,-,-,Motorcyclist,-,Blount,Not in City Limit,5
111926,400552987,0,2,36.55742,-82.34076,5,2026-06-04 16:28:00,2026,6,4,16,28,Thursday,16:28,Suspected Serious Injury,Daylight,Clear,Motor Vehicle-In-Transport On Same Roadway,None,THP District 5 - Fall Branch,THP,Unbelted,-,-,-,-,-,-,-,-,-,-,-,-,Sullivan,Not in City Limit,5
111932,400553037,0,6,36.40686,-82.32969,5,2026-06-04 00:00:00,2026,6,4,24,0,Thursday,24:00,Suspected Serious Injury,Daylight,Clear,Motor Vehicle-In-Transport On Same Roadway,None,SULLIVAN CO SHERIFFS DEPT,Other,Unbelted,-,-,-,-,-,Pedalcyclist,-,-,-,-,-,-,Sullivan,Not in City Limit,5
111940,400553104,0,1,35.72424,-85.6883,6,2026-06-04 14:20:00,2026,6,4,14,20,Thursday,14:20,Suspected Serious Injury,Daylight,Clear,Motor Vehicle-In-Transport On Same Roadway,None,THP District 6 - Cookeville,THP,Unbelted,-,Drinking,-,-,-,-,-,-,-,-,Motorcyclist,-,Warren,Not in City Limit,5
111941,400553107,0,4,35.31943,-86.22615,2,2026-06-04 15:30:00,2026,6,4,15,30,Thursday,15:30,Suspected Serious Injury,Daylight,Clear,Motor Vehicle-In-Transport On Same Roadway,None,THP District 2 - Chattanooga,THP,Unbelted,-,-,-,-,-,-,-,-,-,-,-,-,Franklin,Not in City Limit,5
111947,400553149,0,2,36.16951,-84.07799,1,2026-05-29 21:25:00,2026,5,29,21,25,Friday,21:25,Suspected Serious Injury,Dark-Lighted,Clear,Motor Vehicle-In-Transport On Same Roadway,None,CLINTON POLICE DEPT,Other,Unbelted,-,-,-,-,-,-,-,-,-,-,Motorcyclist,-,Anderson,Clinton,6
111952,400553207,0,1,36.39741,-84.93424,6,2026-06-02 22:45:00,2026,6,2,22,45,Tuesday,22:45,Suspected Serious Injury,Dark-Not Lighted,Clear,Pedal-Cycle,None,THP District 6 - Cookeville,THP,-,-,-,-,-,-,Pedalcyclist,-,-,-,-,-,-,Fentress,Not in City Limit,3
111957,400553259,0,2,35.25897,-85.76567,2,2026-06-02 20:15:00,2026,6,2,20,15,Tuesday,20:15,Suspected Serious Injury,Dark-Not Lighted,Clear,Motor Vehicle-In-Transport On Same Roadway,None,THP District 2 - Chattanooga,THP,Unbelted,-,-,-,-,-,-,-,-,-,-,-,-,Grundy,Tracy City,3
111958,400553261,0,1,35.98081,-83.81792,1,2026-06-04 21:03:00,2026,6,4,21,3,Thursday,21:03,Suspected Serious Injury,Dark-Not Lighted,Clear,Motor Vehicle-In-Transport On Same Roadway,None,KNOX CO SHERIFFS OFFICE,Other,Unbelted,-,-,-,-,Speeding,-,-,-,-,-,Motorcyclist,-,Knox,Not in City Limit,5
111962,400553313,1,0,35.92778,-84.11584,1,2026-06-04 20:55:00,2026,6,4,20,55,Thursday,20:55,Fatal,Dusk,Clear,Motor Vehicle-In-Transport On Same Roadway,None,KNOX CO SHERIFFS OFFICE,Other,Unbelted,-,-,-,-,-,-,-,-,-,-,Motorcyclist,-,Knox,Not in City Limit,5
111979,400553515,0,1,35.97787,-86.4928,3,2026-06-04 13:53:00,2026,6,4,13,53,Thursday,13:53,Suspected Serious Injury,Daylight,Clear,Motor Vehicle-In-Transport On Same Roadway,None,SMYRNA POLICE DEPT,Other,Unbelted,-,-,-,-,-,-,-,-,-,-,-,-,Rutherford,Smyrna,5
111995,400553788,0,1,35.60626,-87.06537,7,2026-06-05 09:45:00,2026,6,5,9,45,Friday,09:45,Suspected Serious Injury,Daylight,Clear,Motor Vehicle-In-Transport On Same Roadway,None,COLUMBIA POLICE DEPT,Other,Unbelted,-,-,-,-,Speeding,-,-,-,-,-,Motorcyclist,-,Maury,Columbia,6
112006,400553951,0,1,36.0009,-83.7771,1,2026-06-02 19:39:00,2026,6,2,19,39,Tuesday,19:39,Suspected Serious Injury,Daylight,Clear,Fell/Jumped From Vehicle,None,THP District 1 - Knoxville,THP,-,-,-,-,-,Speeding,-,-,-,-,-,Motorcyclist,-,Knox,Knoxville,3
112020,400554144,0,3,36.03718,-83.43682,5,2026-06-05 10:30:00,2026,6,5,10,30,Friday,10:30,Suspected Serious Injury,Daylight,Clear,Motor Vehicle-In-Transport On Same Roadway,None,DANDRIDGE POLICE DEPT,Other,Unbelted,-,-,-,-,-,-,-,-,-,-,-,-,Jefferson,Dandridge,6
112055,400554567,0,1,35.14571,-84.97168,2,2026-06-05 19:48:00,2026,6,5,19,48,Friday,19:48,Suspected Serious Injury,Daylight,Clear,Motor Vehicle-In-Transport On Same Roadway,None,THP District 2 - Chattanooga,THP,Unbelted,-,-,-,Drowsy,Speeding,-,-,-,-,-,-,-,Bradley,Not in City Limit,6
112059,400554613,0,2,35.90408,-86.44849,3,2026-06-05 22:18:00,2026,6,5,22,18,Friday,22:18,Suspected Serious Injury,Dark-Lighted,Clear,Other Fixed Object,None,MURFREESBORO POLICE DEPT,Other,-,-,-,-,-,-,-,-,-,-,-,Motorcyclist,-,Rutherford,Murfreesboro,6
112062,400554632,1,0,36.12387,-88.5173,8,2026-06-05 17:25:00,2026,6,5,17,25,Friday,17:25,Fatal,Daylight,Clear,Pedestrian,None,THP District 8 - Jackson,THP,Unbelted,-,-,-,-,-,Pedalcyclist,-,-,-,-,-,-,Carroll,McKenzie,6
112074,400554702,0,1,35.98615,-87.10825,3,2026-06-05 20:00:00,2026,6,5,20,0,Friday,20:00,Suspected Serious Injury,Dusk,Clear,Motor Vehicle-In-Transport On Same Roadway,None,THP District 3 - Nashville,THP,Unbelted,-,-,-,-,-,-,-,-,-,-,Motorcyclist,-,Williamson,Fairview,6
112075,400554703,0,2,36.24371,-83.0786,5,2026-06-06 01:40:00,2026,6,6,1,40,Saturday,01:40,Suspected Serious Injury,Dark-Lighted,Clear,Fell/Jumped From Vehicle,None,THP District 5 - Fall Branch,THP,-,-,-,-,-,-,-,-,-,-,-,Motorcyclist,-,Hawkins,Not in City Limit,7
112087,400554902,0,2,36.08711,-85.53239,6,2026-05-22 16:04:00,2026,5,22,16,4,Friday,16:04,Suspected Serious Injury,Daylight,Rain,Standing Tree,None,PUTNAM COUNTY SHERIFF'S OFFICE,Other,Unbelted,-,-,-,-,-,-,-,-,-,-,-,-,Putnam,Not in City Limit,6
112095,400555066,0,2,35.20299,-87.05822,7,2026-06-06 10:38:00,2026,6,6,10,38,Saturday,10:38,Suspected Serious Injury,Daylight,Clear,Motor Vehicle-In-Transport On Same Roadway,None,PULASKI POLICE DEPT,Other,Unbelted,-,-,-,-,-,-,-,-,-,-,Motorcyclist,-,Giles,Pulaski,7
112105,400555202,0,1,35.08019,-84.48973,2,2026-06-05 22:11:00,2026,6,5,22,11,Friday,22:11,Suspected Serious Injury,Dark-Not Lighted,Clear,Ditch,None,THP District 2 - Chattanooga,THP,-,-,-,-,-,-,-,-,-,-,-,Motorcyclist,-,Polk,Not in City Limit,6
112112,400555237,0,3,36.62197,-85.08835,6,2026-06-06 12:54:00,2026,6,6,12,54,Saturday,12:54,Suspected Serious Injury,Daylight,Clear,Motor Vehicle-In-Transport On Same Roadway,None,THP District 6 - Cookeville,THP,Unbelted,-,-,-,-,-,-,-,-,-,-,-,-,Pickett,Not in City Limit,7
112113,400555243,0,1,35.1027,-84.6347,2,2026-06-06 14:45:00,2026,6,6,14,45,Saturday,14:45,Suspected Serious Injury,Daylight,Clear,Fell/Jumped From Vehicle,None,THP District 2 - Chattanooga,THP,-,-,-,-,-,-,-,-,-,-,-,Motorcyclist,-,Polk,Not in City Limit,7
112114,400555248,0,1,36.29097,-86.6938,3,2026-06-06 14:00:00,2026,6,6,14,0,Saturday,14:00,Suspected Serious Injury,Daylight,Clear,Pedal-Cycle,None,METROPOLITAN NASHVILLE POLICE DEPT,Other,-,-,-,-,-,-,Pedalcyclist,-,-,-,-,-,-,Davidson,Nashville,7
112116,400555262,1,0,36.31819,-82.08815,5,2026-06-06 15:09:00,2026,6,6,15,9,Saturday,15:09,Fatal,Daylight,Clear,Motor Vehicle-In-Transport On Same Roadway,None,THP District 5 - Fall Branch,THP,Unbelted,-,-,-,-,-,-,-,-,-,-,Motorcyclist,-,Carter,Not in City Limit,7
112118,400555283,0,6,35.42297,-84.65677,2,2026-06-05 16:48:00,2026,6,5,16,48,Friday,16:48,Suspected Serious Injury,Daylight,Clear,Motor Vehicle-In-Transport On Same Roadway,None,THP District 2 - Chattanooga,THP,Unbelted,-,-,-,-,-,-,-,-,-,-,-,-,McMinn,Not in City Limit,6
112124,400555342,0,1,35.77938,-84.16076,1,2026-06-06 17:24:00,2026,6,6,17,24,Saturday,17:24,Suspected Serious Injury,Daylight,Clear,Embankment Earth,None,BLOUNT CO SHERIFFS DEPT,Other,-,-,-,-,-,-,-,-,-,-,-,Motorcyclist,-,Blount,Not in City Limit,7
112129,400555410,0,1,36.13312,-83.30013,5,2026-06-06 16:17:00,2026,6,6,16,17,Saturday,16:17,Suspected Serious Injury,Daylight,Clear,Motor Vehicle-In-Transport On Same Roadway,None,THP District 5 - Fall Branch,THP,Unbelted,-,-,-,-,-,-,-,-,-,ATV_Involved,Motorcyclist,-,Jefferson,Not in City Limit,7
112130,400555415,0,1,35.77937,-84.16069,1,2026-06-06 17:23:00,2026,6,6,17,23,Saturday,17:23,Suspected Serious Injury,Daylight,Clear,Embankment Earth,None,BLOUNT CO SHERIFFS DEPT,Other,-,-,-,-,-,-,-,-,-,-,-,Motorcyclist,-,Blount,Not in City Limit,7
112131,400555419,0,1,35.99815,-86.79647,3,2026-06-06 17:28:00,2026,6,6,17,28,Saturday,17:28,Suspected Serious Injury,Daylight,Cloudy,Concrete Traffic Barrier,None,THP District 3 - Nashville,THP,-,-,-,-,-,-,-,-,-,-,-,Motorcyclist,-,Williamson,Brentwood,7
112132,400555429,0,2,35.6179,-84.41708,1,2026-06-05 20:15:00,2026,6,5,20,15,Friday,20:15,Suspected Serious Injury,Dusk,Clear,Standing Tree,None,THP District 1 - Knoxville,THP,Unbelted,-,Drinking,Drug,-,-,-,-,-,-,-,-,-,Monroe,Not in City Limit,6
112135,400555443,0,1,35.10958,-84.59602,2,2026-06-06 18:49:00,2026,6,6,18,49,Saturday,18:49,Suspected Serious Injury,Daylight,Clear,"Over Turn, Roll Over",None,THP District 2 - Chattanooga,THP,-,-,-,-,-,-,-,-,-,-,-,Motorcyclist,-,Polk,Not in City Limit,7
112138,400555467,0,1,36.31466,-86.69889,3,2026-06-06 19:15:00,2026,6,6,19,15,Saturday,19:15,Suspected Serious Injury,Dusk,Clear,Pedal-Cycle,None,GOODLETTSVILLE POLICE DEPT,Other,-,-,-,-,-,-,Pedalcyclist,-,-,-,-,-,-,Davidson,Goodlettsville,7
112143,400555502,0,1,35.70866,-88.66391,8,2026-06-06 20:05:00,2026,6,6,20,5,Saturday,20:05,Suspected Serious Injury,Dusk,Clear,Ditch,None,THP District 8 - Jackson,THP,Unbelted,Distracted,-,-,-,-,-,-,-,-,-,-,-,Madison,Not in City Limit,7