OBJECTID,MRN,Fatality,Injury,Latitude,Longitude,THP_District,Collision_Date,Collision_Year,Collision_Month,Collision_Day,Collision_Hour,Collision_Min,Collision_DOW,Collision_Time,Crash_Type,Light_Condition,Weather,First_Harmfu_Event,Work_Zone_Type,Agency_Name,THP,Unbelted,Distracted_Driver,Driver_Drinking,Driver_Drugged,Drowsy_Driver,Speeding_Involved,Pedalcyclist,Pedestrian,Other_Nonmotorist,ATV_Involved,LargeTruck_Involved,Motorcycle_Involved,SchoolBus,County,City,DOW_Nmb
112156,400555602,0,1,35.03632,-85.58081,2,2026-06-06 19:46:00,2026,6,6,19,46,Saturday,19:46,Suspected Serious Injury,Daylight,Clear,Paved Surface-Irregular,None,MARION CO SHERIFFS DEPT,Other,-,-,-,-,-,-,-,-,-,-,-,Motorcyclist,-,Marion,Not in City Limit,7
112163,400555630,0,1,35.61102,-88.81868,8,2026-06-05 21:15:00,2026,6,5,21,15,Friday,21:15,Suspected Serious Injury,Dark-Lighted,Clear,Pedestrian,None,JACKSON POLICE DEPT,Other,Unbelted,-,-,-,-,-,Pedalcyclist,-,-,-,-,-,-,Madison,Jackson,6
112164,400555633,0,1,35.97603,-83.91793,1,2026-06-07 02:20:00,2026,6,7,2,20,Sunday,02:20,Suspected Serious Injury,Dark-Lighted,Clear,Wall,None,KNOXVILLE POLICE DEPT,Other,Unbelted,-,-,-,-,-,-,-,-,-,-,-,-,Knox,Knoxville,1
112169,400555658,0,2,36.07131,-86.73351,3,2026-06-07 00:00:00,2026,6,7,24,0,Sunday,24:00,Suspected Serious Injury,Dark-Lighted,Clear,Utility Pole,None,METROPOLITAN NASHVILLE POLICE DEPT,Other,Unbelted,-,-,-,-,Speeding,-,-,-,-,-,-,-,Davidson,Nashville,1
112170,400555663,0,3,35.98089,-88.94828,8,2026-06-06 12:23:00,2026,6,6,12,23,Saturday,12:23,Suspected Serious Injury,Daylight,Clear,Bridge/Parapet End,None,TRENTON POLICE DEPT,Other,Unbelted,Distracted,-,-,-,-,-,-,-,-,-,-,-,Gibson,Trenton,7
112172,400555674,0,2,36.0714,-83.92739,1,2026-06-06 11:20:00,2026,6,6,11,20,Saturday,11:20,Suspected Serious Injury,Daylight,Clear,Motor Vehicle-In-Transport On Same Roadway,None,THP District 1 - Knoxville,THP,Unbelted,-,Drinking,-,-,-,-,-,-,-,-,-,-,Knox,Not in City Limit,7
112178,400555800,0,1,35.24677,-87.6638,7,2026-06-07 06:00:00,2026,6,7,6,0,Sunday,06:00,Suspected Serious Injury,Dark-Not Lighted,Cloudy,Standing Tree,None,THP District 7 - Lawrenceburg,THP,Unbelted,-,-,-,-,-,-,-,-,-,-,-,-,Wayne,Not in City Limit,1
112179,400555813,0,1,35.52442,-85.04009,2,2026-06-06 16:00:00,2026,6,6,16,0,Saturday,16:00,Suspected Serious Injury,Daylight,Clear,"Over Turn, Roll Over",None,THP District 2 - Chattanooga,THP,-,-,-,-,-,Speeding,-,-,-,-,-,Motorcyclist,-,Rhea,Not in City Limit,7
112183,400555856,0,2,35.60571,-88.81591,8,2026-06-06 15:44:00,2026,6,6,15,44,Saturday,15:44,Suspected Serious Injury,Daylight,Clear,Ditch,None,JACKSON POLICE DEPT,Other,-,-,-,-,-,-,-,-,-,-,-,Motorcyclist,-,Madison,Jackson,7
112187,400555908,0,1,36.46917,-86.67711,3,2026-06-07 10:53:00,2026,6,7,10,53,Sunday,10:53,Suspected Serious Injury,Daylight,Clear,Motor Vehicle-In-Transport On Same Roadway,None,WHITE HOUSE POLICE DEPT,Other,Unbelted,-,Drinking,-,-,-,-,-,-,-,-,-,-,Robertson,White House,1
112190,400555931,0,1,36.2163,-86.30501,3,2026-06-07 05:18:00,2026,6,7,5,18,Sunday,05:18,Suspected Serious Injury,Dawn,Clear,Pedestrian,None,THP District 3 - Nashville,THP,Unbelted,-,Drinking,Drug,-,-,-,Pedestrian,-,-,-,-,-,Wilson,Lebanon,1
112191,400555933,0,1,36.01855,-85.23049,6,2026-06-07 00:00:00,2026,6,7,24,0,Sunday,24:00,Suspected Serious Injury,Daylight,Clear,Standing Tree,None,CUMBERLAND CO SHERIFFS OFFICE,Other,Unbelted,-,-,-,Drowsy,-,-,-,-,-,-,-,-,Cumberland,Not in City Limit,1
112194,400555963,0,1,36.28694,-82.17422,5,2026-06-06 20:00:00,2026,6,6,20,0,Saturday,20:00,Suspected Serious Injury,Daylight,Clear,Motor Vehicle-In-Transport On Same Roadway,None,THP District 5 - Fall Branch,THP,Unbelted,-,-,-,-,-,-,-,-,-,-,-,-,Carter,Not in City Limit,7
112199,400556027,0,1,35.95957,-88.67573,8,2026-06-06 17:35:00,2026,6,6,17,35,Saturday,17:35,Suspected Serious Injury,Daylight,Clear,Ditch,None,THP District 8 - Jackson,THP,Unbelted,-,-,-,-,-,-,-,-,-,-,-,-,Carroll,Not in City Limit,7
112205,400556101,0,3,35.75526,-84.03526,1,2026-06-07 15:25:00,2026,6,7,15,25,Sunday,15:25,Suspected Serious Injury,Daylight,Cloudy,Motor Vehicle-In-Transport On Same Roadway,None,MARYVILLE POLICE DEPT,Other,Unbelted,-,-,Drug,-,-,-,-,-,-,-,-,-,Blount,Maryville,1
112208,400556144,0,1,35.81401,-83.57821,1,2026-06-06 16:04:00,2026,6,6,16,4,Saturday,16:04,Suspected Serious Injury,Daylight,Clear,Pedestrian,None,PIGEON FORGE POLICE DEPT,Other,Unbelted,-,-,-,-,-,-,Pedestrian,-,-,-,-,-,Sevier,Pigeon Forge,7
112214,400556193,0,2,36.02147,-83.77661,1,2026-06-07 18:16:00,2026,6,7,18,16,Sunday,18:16,Suspected Serious Injury,Daylight,Clear,Motor Vehicle-In-Transport On Same Roadway,None,THP District 1 - Knoxville,THP,Unbelted,-,-,-,-,-,-,-,-,-,-,-,-,Knox,Knoxville,1
112222,400556261,0,1,35.96039,-83.97519,1,2026-06-07 15:58:00,2026,6,7,15,58,Sunday,15:58,Suspected Serious Injury,Daylight,Clear,Curb,None,KNOXVILLE POLICE DEPT,Other,Unbelted,-,-,-,-,Speeding,-,-,-,-,-,-,-,Knox,Knoxville,1
112230,400556305,0,1,36.17692,-86.77458,3,2026-06-07 21:17:00,2026,6,7,21,17,Sunday,21:17,Suspected Serious Injury,Dark-Lighted,Clear,Motor Vehicle-In-Transport On Same Roadway,None,METROPOLITAN NASHVILLE POLICE DEPT,Other,Unbelted,-,-,-,-,-,-,-,-,-,-,-,-,Davidson,Nashville,1
112243,400556388,0,1,36.22887,-82.33936,5,2026-06-08 00:02:00,2026,6,8,0,2,Monday,00:02,Suspected Serious Injury,Dark-Not Lighted,Clear,Standing Tree,None,THP District 5 - Fall Branch,THP,Unbelted,-,Drinking,-,-,-,-,-,-,-,-,-,-,Unicoi,Unicoi,2
112247,400556402,0,2,36.07246,-86.76944,3,2026-06-08 02:10:00,2026,6,8,2,10,Monday,02:10,Suspected Serious Injury,Dark-Not Lighted,Clear,Motor Vehicle-In-Transport On Same Roadway,None,METROPOLITAN NASHVILLE POLICE DEPT,Other,Unbelted,-,Drinking,-,-,-,-,-,-,-,-,-,-,Davidson,Nashville,2
112257,400556484,0,1,35.0835,-87.4318,7,2026-06-08 05:20:00,2026,6,8,5,20,Monday,05:20,Suspected Serious Injury,Dark-Lighted,Rain,Other Non-Fixed Object,None,THP District 7 - Lawrenceburg,THP,Unbelted,-,-,-,-,-,-,Pedestrian,-,-,ATV_Involved,-,-,Lawrence,Loretto,2
112261,400556538,2,1,36.03767,-87.35697,3,2026-06-07 14:36:00,2026,6,7,14,36,Sunday,14:36,Fatal,Daylight,Rain,Motor Vehicle-In-Transport On Same Roadway,None,DICKSON POLICE DEPT,Other,Unbelted,-,-,-,-,-,-,-,-,-,-,-,-,Dickson,Dickson,1
112268,400556652,0,1,36.00349,-82.53987,5,2026-06-08 07:29:00,2026,6,8,7,29,Monday,07:29,Suspected Serious Injury,Daylight,Clear,Concrete Traffic Barrier,None,THP District 5 - Fall Branch,THP,-,Distracted,-,-,-,Speeding,-,-,-,-,-,Motorcyclist,-,Unicoi,Not in City Limit,2
112271,400556678,1,1,35.42051,-85.42043,2,2026-06-08 09:56:00,2026,6,8,9,56,Monday,09:56,Fatal,Daylight,Rain,Motor Vehicle-In-Transport On Same Roadway,None,THP District 2 - Chattanooga,THP,Unbelted,-,-,-,-,Speeding,-,-,-,-,ATV_Involved,-,-,Sequatchie,Not in City Limit,2
112277,400556717,0,3,36.31456,-86.83239,3,2026-06-08 00:00:00,2026,6,8,24,0,Monday,24:00,Suspected Serious Injury,Daylight,Cloudy,Ditch,None,THP District 3 - Nashville,THP,Unbelted,-,-,-,-,-,-,-,-,-,ATV_Involved,-,-,Davidson,Nashville,2
112287,400556790,0,1,36.12893,-85.25788,6,2026-06-08 10:29:00,2026,6,8,10,29,Monday,10:29,Suspected Serious Injury,Daylight,Rain,Motor Vehicle-In-Transport On Same Roadway,None,THP District 6 - Cookeville,THP,Unbelted,-,-,-,-,-,-,-,-,-,-,-,-,Putnam,Not in City Limit,2
112292,400556840,0,5,35.57864,-84.48688,1,2026-06-08 00:00:00,2026,6,8,24,0,Monday,24:00,Suspected Serious Injury,Daylight,Rain,Motor Vehicle-In-Transport On Same Roadway,None,SWEETWATER POLICE DEPT,Other,Unbelted,-,-,-,-,-,-,-,-,-,-,-,-,Monroe,Sweetwater,2
112300,400556907,1,0,35.43782,-84.67887,2,2026-05-30 23:51:00,2026,5,30,23,51,Saturday,23:51,Fatal,Dark-Not Lighted,Clear,"Over Turn, Roll Over",None,THP District 2 - Chattanooga,THP,-,-,-,Drug,-,-,-,-,-,-,-,Motorcyclist,-,McMinn,Not in City Limit,7
112302,400556919,0,1,36.20151,-83.87876,5,2026-06-03 06:15:00,2026,6,3,6,15,Wednesday,06:15,Suspected Serious Injury,Daylight,Clear,Ditch,Construction Zone,THP District 5 - Fall Branch,THP,Unbelted,-,-,-,-,-,-,-,-,-,ATV_Involved,-,-,Union,Not in City Limit,4
112322,400557052,0,1,36.11094,-89.3819,8,2026-06-08 13:45:00,2026,6,8,13,45,Monday,13:45,Suspected Serious Injury,Daylight,Clear,Standing Tree,None,THP District 8 - Jackson,THP,Unbelted,-,-,-,Drowsy,Speeding,-,-,-,-,-,-,-,Dyer,Not in City Limit,2
112324,400557057,0,1,35.00585,-85.52215,2,2026-06-08 17:52:00,2026,6,8,17,52,Monday,17:52,Suspected Serious Injury,Daylight,Rain,Guard Rail Face,None,THP District 2 - Chattanooga,THP,Unbelted,-,-,-,-,-,-,-,-,-,-,Motorcyclist,-,Marion,Not in City Limit,2
112328,400557116,0,2,36.04939,-83.92632,1,2026-06-08 18:08:00,2026,6,8,18,8,Monday,18:08,Suspected Serious Injury,Daylight,Rain,Motor Vehicle-In-Transport On Same Roadway,None,KNOXVILLE POLICE DEPT,Other,Unbelted,-,-,-,-,Speeding,-,-,-,-,-,-,-,Knox,Knoxville,2
112332,400557151,0,4,36.35908,-86.94618,3,2026-06-07 04:41:00,2026,6,7,4,41,Sunday,04:41,Suspected Serious Injury,Dark-Not Lighted,Clear,Embankment Earth,None,THP District 3 - Nashville,THP,Unbelted,-,Drinking,-,-,-,-,-,-,-,-,-,-,Cheatham,Not in City Limit,1
112342,400557245,0,1,35.46349,-86.77894,7,2026-06-08 08:42:00,2026,6,8,8,42,Monday,08:42,Suspected Serious Injury,Daylight,Rain,Motor Vehicle-In-Transport On Same Roadway,None,LEWISBURG POLICE DEPT,Other,Unbelted,-,-,-,-,-,-,-,-,-,-,Motorcyclist,-,Marshall,Lewisburg,2
112349,400557409,0,2,36.35638,-86.88156,3,2026-06-09 06:51:00,2026,6,9,6,51,Tuesday,06:51,Suspected Serious Injury,Daylight,Clear,Motor Vehicle-In-Transport On Same Roadway,None,METROPOLITAN NASHVILLE POLICE DEPT,Other,Unbelted,-,-,-,-,-,-,-,-,-,ATV_Involved,-,-,Davidson,Nashville,3
112358,400557527,0,1,36.442,-89.29683,8,2026-06-06 00:44:00,2026,6,6,0,44,Saturday,00:44,Suspected Serious Injury,Dark-Not Lighted,Clear,Guard Rail End,None,THP District 8 - Jackson,THP,Unbelted,-,Drinking,-,-,-,-,-,-,-,-,-,-,Obion,Not in City Limit,7
112375,400557717,0,1,35.87287,-86.02913,6,2026-06-09 13:36:00,2026,6,9,13,36,Tuesday,13:36,Suspected Serious Injury,Daylight,Clear,Motor Vehicle-In-Transport On Same Roadway,None,THP District 6 - Cookeville,THP,Unbelted,Distracted,-,-,-,-,-,-,-,-,ATV_Involved,-,-,Cannon,Not in City Limit,3
112382,400557789,0,1,35.44421,-86.09875,2,2026-06-09 14:03:00,2026,6,9,14,3,Tuesday,14:03,Suspected Serious Injury,Daylight,Clear,Embankment Earth,None,MANCHESTER POLICE DEPT,Other,Unbelted,-,-,-,-,-,-,-,-,-,-,-,-,Coffee,Manchester,3
112384,400557835,0,1,36.22522,-83.30244,5,2026-06-09 16:48:00,2026,6,9,16,48,Tuesday,16:48,Suspected Serious Injury,Daylight,Clear,Motor Vehicle-In-Transport On Same Roadway,None,MORRISTOWN POLICE DEPT,Other,Unbelted,-,-,-,-,-,-,-,-,-,-,-,-,Hamblen,Morristown,3
112391,400557898,0,2,36.33124,-85.3555,6,2026-06-09 14:24:00,2026,6,9,14,24,Tuesday,14:24,Suspected Serious Injury,Daylight,Clear,Motor Vehicle-In-Transport On Same Roadway,None,THP District 6 - Cookeville,THP,Unbelted,-,-,-,-,-,-,-,-,-,ATV_Involved,-,-,Overton,Not in City Limit,3
112393,400557905,0,2,35.0769,-84.49984,2,2026-06-05 22:11:00,2026,6,5,22,11,Friday,22:11,Suspected Serious Injury,Dark-Not Lighted,Clear,Motor Vehicle-In-Transport On Same Roadway,None,THP District 2 - Chattanooga,THP,Unbelted,-,-,-,-,-,-,-,-,-,-,Motorcyclist,-,Polk,Not in City Limit,6
112402,400557979,0,1,35.47996,-86.32873,7,2026-06-09 15:26:00,2026,6,9,15,26,Tuesday,15:26,Suspected Serious Injury,Daylight,Clear,Fell/Jumped From Vehicle,None,THP District 7 - Lawrenceburg,THP,-,-,-,-,-,-,-,-,-,-,-,Motorcyclist,-,Bedford,Not in City Limit,3
112432,400558200,0,1,36.33975,-84.07703,1,2026-06-09 22:36:00,2026,6,9,22,36,Tuesday,22:36,Suspected Serious Injury,Dark-Not Lighted,Cloudy,Motor Vehicle-In-Transport On Same Roadway,None,THP District 1 - Knoxville,THP,Unbelted,-,Drinking,Drug,-,-,-,-,-,-,-,-,-,Campbell,Not in City Limit,3
112436,400558258,1,2,35.4985,-87.6327,7,2026-06-09 09:50:00,2026,6,9,9,50,Tuesday,09:50,Fatal,Daylight,Clear,Motor Vehicle-In-Transport On Same Roadway,None,THP District 7 - Lawrenceburg,THP,Unbelted,-,-,-,-,-,-,-,-,-,-,-,-,Lewis,Not in City Limit,3
112460,400558794,0,1,35.75784,-84.05633,1,2026-06-10 12:01:00,2026,6,10,12,1,Wednesday,12:01,Suspected Serious Injury,Daylight,Clear,Motor Vehicle-In-Transport On Same Roadway,None,MARYVILLE POLICE DEPT,Other,Unbelted,-,-,-,-,-,-,-,-,-,-,-,-,Blount,Maryville,4
112476,400558935,0,1,35.90237,-88.17669,8,2026-06-09 22:11:00,2026,6,9,22,11,Tuesday,22:11,Suspected Serious Injury,Dark-Not Lighted,Clear,Ditch,None,THP District 8 - Jackson,THP,-,-,-,-,-,-,-,-,-,-,-,Motorcyclist,-,Benton,Not in City Limit,3
112480,400558982,0,1,35.45681,-86.04901,2,2026-06-10 16:25:00,2026,6,10,16,25,Wednesday,16:25,Suspected Serious Injury,Daylight,Clear,Pedestrian,None,THP District 2 - Chattanooga,THP,Unbelted,-,-,-,-,-,-,Pedestrian,-,-,-,-,-,Coffee,Manchester,4
112485,400559032,0,3,36.05771,-89.38994,8,2026-06-10 15:48:00,2026,6,10,15,48,Wednesday,15:48,Suspected Serious Injury,Daylight,Clear,Motor Vehicle-In-Transport On Same Roadway,Construction Zone,DYERSBURG POLICE DEPT,Other,Unbelted,-,-,-,-,-,-,-,-,-,-,-,-,Dyer,Dyersburg,4
112488,400559045,0,2,35.34197,-86.37224,7,2026-06-10 14:54:00,2026,6,10,14,54,Wednesday,14:54,Suspected Serious Injury,Daylight,Clear,Motor Vehicle-In-Transport On Same Roadway,None,THP District 7 - Lawrenceburg,THP,Unbelted,-,-,-,-,-,-,-,-,-,-,-,-,Moore,Lynchburg,4
112504,400559122,0,1,35.96241,-83.80229,1,2026-06-10 18:24:00,2026,6,10,18,24,Wednesday,18:24,Suspected Serious Injury,Dark-Lighted,Clear,Pedestrian,None,KNOX CO SHERIFFS OFFICE,Other,Unbelted,-,-,-,-,-,Pedalcyclist,-,-,-,-,-,-,Knox,Not in City Limit,4
112521,400559233,1,0,35.25616,-88.38934,8,2026-06-09 04:49:00,2026,6,9,4,49,Tuesday,04:49,Fatal,Dark-Not Lighted,Clear,Motor Vehicle-In-Transport On Same Roadway,None,THP District 8 - Jackson,THP,Unbelted,-,-,-,-,-,-,-,-,-,ATV_Involved,-,-,McNairy,Adamsville,3
112522,400559237,0,1,36.04407,-89.41672,8,2026-06-10 00:00:00,2026,6,10,24,0,Wednesday,24:00,Suspected Serious Injury,Dark-Lighted,Clear,Motor Vehicle-In-Transport On Same Roadway,None,DYERSBURG POLICE DEPT,Other,Unbelted,-,-,-,-,-,-,-,-,-,-,-,-,Dyer,Not in City Limit,4
112523,400559247,0,1,35.1628,-86.53034,7,2026-06-10 21:20:00,2026,6,10,21,20,Wednesday,21:20,Suspected Serious Injury,Dark-Lighted,Clear,Guard Rail Face,None,FAYETTEVILLE POLICE DEPT,Other,Unbelted,Distracted,-,-,-,Speeding,-,-,-,-,-,-,-,Lincoln,Fayetteville,4
112527,400559273,0,1,35.7458,-86.93216,7,2026-06-11 01:37:00,2026,6,11,1,37,Thursday,01:37,Suspected Serious Injury,Dark-Lighted,Clear,Other Post/Pole Support,None,SPRING HILL POLICE DEPT,Other,Unbelted,-,Drinking,Drug,-,-,-,-,-,-,-,-,-,Maury,Spring Hill,5
112529,400559293,0,2,35.70449,-85.76336,6,2026-06-10 19:22:00,2026,6,10,19,22,Wednesday,19:22,Suspected Serious Injury,Daylight,Clear,Motor Vehicle-In-Transport On Same Roadway,None,MCMINNVILLE POLICE DEPT,Other,Unbelted,-,-,-,-,-,-,-,-,-,-,Motorcyclist,-,Warren,McMinnville,4
112530,400559316,0,1,35.99194,-86.59714,3,2026-06-03 12:36:00,2026,6,3,12,36,Wednesday,12:36,Suspected Serious Injury,Daylight,Clear,Motor Vehicle-In-Transport On Same Roadway,None,THP District 3 - Nashville,THP,Unbelted,Distracted,-,-,-,-,-,-,-,-,-,-,-,Rutherford,Lavergne,4
112544,400559565,0,1,36.10634,-86.62955,3,2026-06-11 00:00:00,2026,6,11,24,0,Thursday,24:00,Suspected Serious Injury,Daylight,Clear,Motor Vehicle-In-Transport On Same Roadway,None,METROPOLITAN NASHVILLE POLICE DEPT,Other,Unbelted,-,-,-,-,-,-,-,-,-,-,Motorcyclist,-,Davidson,Nashville,5
112547,400559590,1,1,36.24522,-84.33524,1,2026-06-06 18:50:00,2026,6,6,18,50,Saturday,18:50,Fatal,Dark-Not Lighted,Clear,Standing Tree,None,THP District 1 - Knoxville,THP,-,-,-,-,-,-,-,-,-,-,-,-,-,Campbell,Not in City Limit,7
112553,400559690,0,3,35.37889,-87.27389,7,2026-06-11 11:43:00,2026,6,11,11,43,Thursday,11:43,Suspected Serious Injury,Daylight,Clear,Motor Vehicle-In-Transport On Same Roadway,None,THP District 7 - Lawrenceburg,THP,Unbelted,-,-,-,-,-,-,-,-,-,-,-,-,Lawrence,Not in City Limit,5
112563,400559860,0,1,35.98447,-88.05676,8,2026-06-07 21:50:00,2026,6,7,21,50,Sunday,21:50,Suspected Serious Injury,Dark-Not Lighted,Rain,"Over Turn, Roll Over",None,THP District 8 - Jackson,THP,Unbelted,-,-,-,-,-,-,-,-,-,-,-,-,Benton,Not in City Limit,1
112572,400559972,0,1,36.49295,-82.46304,5,2026-06-11 17:15:00,2026,6,11,17,15,Thursday,17:15,Suspected Serious Injury,Daylight,Blowing Sand/Soil/Dirt,Other Non-Collision,None,THP District 5 - Fall Branch,THP,-,-,-,-,-,-,-,-,-,-,-,Motorcyclist,-,Sullivan,Kingsport,5
112573,400559982,0,1,36.19775,-83.27948,5,2026-06-11 17:04:00,2026,6,11,17,4,Thursday,17:04,Suspected Serious Injury,Daylight,Clear,Pedestrian,None,MORRISTOWN POLICE DEPT,Other,Unbelted,-,-,-,-,-,-,Pedestrian,-,-,-,-,-,Hamblen,Morristown,5
112579,400560027,0,1,36.09937,-87.13306,3,2026-06-11 16:17:00,2026,6,11,16,17,Thursday,16:17,Suspected Serious Injury,Daylight,Clear,Motor Vehicle-In-Transport On Same Roadway,None,THP District 3 - Nashville,THP,Unbelted,-,-,-,-,-,-,-,-,-,-,Motorcyclist,-,Cheatham,Not in City Limit,5
112589,400560099,0,1,36.09627,-83.74673,1,2026-06-11 10:44:00,2026,6,11,10,44,Thursday,10:44,Suspected Serious Injury,Daylight,Clear,Pedestrian,None,KNOX CO SHERIFFS OFFICE,Other,Unbelted,-,-,-,-,-,-,Pedestrian,-,-,-,-,-,Knox,Not in City Limit,5
112602,400560195,0,1,35.65702,-86.9513,7,2026-06-10 20:56:00,2026,6,10,20,56,Wednesday,20:56,Suspected Serious Injury,Dark-Not Lighted,Clear,Embankment Earth,None,THP District 7 - Lawrenceburg,THP,-,-,Drinking,-,-,-,-,-,-,-,-,Motorcyclist,-,Maury,Not in City Limit,4
112603,400560208,0,3,36.39212,-84.34036,1,2026-06-11 16:15:00,2026,6,11,16,15,Thursday,16:15,Suspected Serious Injury,Daylight,Clear,Motor Vehicle-In-Transport On Same Roadway,None,THP District 1 - Knoxville,THP,Unbelted,-,-,-,-,-,-,-,-,-,-,-,-,Scott,Not in City Limit,5
112609,400560247,0,1,36.49398,-87.4601,3,2026-06-11 18:55:00,2026,6,11,18,55,Thursday,18:55,Suspected Serious Injury,Daylight,Clear,Deer,None,THP District 3 - Nashville,THP,-,-,-,-,-,-,-,-,-,-,-,Motorcyclist,-,Montgomery,Not in City Limit,5
112619,400560318,0,2,35.47392,-83.92075,1,2026-06-11 14:45:00,2026,6,11,14,45,Thursday,14:45,Suspected Serious Injury,Daylight,Clear,Other Fixed Object,None,BLOUNT CO SHERIFFS DEPT,Other,-,-,-,-,-,-,-,-,-,-,-,Motorcyclist,-,Blount,Not in City Limit,5
112622,400560344,0,1,35.64968,-88.12691,8,2026-06-11 16:43:00,2026,6,11,16,43,Thursday,16:43,Suspected Serious Injury,Daylight,Clear,Motor Vehicle-In-Transport On Same Roadway,None,PARSONS POLICE DEPT,Other,Unbelted,-,-,-,-,-,-,-,-,-,-,Motorcyclist,-,Decatur,Parsons,5
112653,400560910,0,1,35.47142,-84.53889,2,2026-06-12 13:43:00,2026,6,12,13,43,Friday,13:43,Suspected Serious Injury,Daylight,Cloudy,Culvert,None,THP District 2 - Chattanooga,THP,-,-,-,-,-,-,-,-,-,-,-,Motorcyclist,-,McMinn,Not in City Limit,6
112679,400561089,0,1,35.16289,-88.80746,4,2026-06-11 00:40:00,2026,6,11,0,40,Thursday,00:40,Suspected Serious Injury,Dark-Not Lighted,Clear,Other Non-Fixed Object,None,HARDEMAN CO SHERIFFS DEPT,Other,-,-,-,-,Drowsy,-,-,-,-,-,-,Motorcyclist,-,Hardeman,Not in City Limit,5
112681,400561126,0,1,36.23311,-85.19588,6,2026-06-09 20:47:00,2026,6,9,20,47,Tuesday,20:47,Suspected Serious Injury,Dark-Not Lighted,Clear,"Over Turn, Roll Over",None,THP District 6 - Cookeville,THP,Unbelted,-,-,-,-,-,-,-,-,-,-,-,-,Overton,Not in City Limit,3
112684,400561150,0,1,35.98958,-83.58855,1,2026-06-11 20:30:00,2026,6,11,20,30,Thursday,20:30,Suspected Serious Injury,Daylight,Clear,Standing Tree,None,THP District 1 - Knoxville,THP,Unbelted,-,-,-,-,-,-,-,-,-,-,-,-,Sevier,Not in City Limit,5
112698,400561404,0,1,36.17265,-86.7819,3,2026-06-12 16:50:00,2026,6,12,16,50,Friday,16:50,Suspected Serious Injury,Daylight,Clear,Pedestrian,None,METROPOLITAN NASHVILLE POLICE DEPT,Other,Unbelted,-,-,-,-,-,-,Pedestrian,-,-,-,-,-,Davidson,Nashville,6
112709,400561534,1,0,36.53688,-82.11191,5,2026-06-12 17:40:00,2026,6,12,17,40,Friday,17:40,Fatal,Daylight,Rain,"Over Turn, Roll Over",None,SULLIVAN CO SHERIFFS DEPT,Other,Unbelted,-,Drinking,Drug,-,Speeding,-,-,-,-,-,-,-,Sullivan,Not in City Limit,6
112713,400561567,0,2,35.04154,-88.33795,8,2026-06-09 16:39:00,2026,6,9,16,39,Tuesday,16:39,Suspected Serious Injury,Daylight,Clear,Motor Vehicle-In-Transport On Same Roadway,None,THP District 8 - Jackson,THP,Unbelted,-,-,-,-,-,-,-,-,-,-,-,-,Hardin,Not in City Limit,3
112714,400561570,0,1,36.07793,-82.82142,5,2026-06-13 00:20:00,2026,6,13,0,20,Saturday,00:20,Suspected Serious Injury,Dark-Not Lighted,Cloudy,Embankment Rock/Stone/Concrete,None,THP District 5 - Fall Branch,THP,Unbelted,-,-,-,-,-,-,-,-,-,-,-,-,Greene,Not in City Limit,7
112716,400561593,0,4,36.15371,-86.78818,3,2026-06-13 00:00:00,2026,6,13,24,0,Saturday,24:00,Suspected Serious Injury,Dark-Lighted,Clear,Pedestrian,None,METROPOLITAN NASHVILLE POLICE DEPT,Other,Unbelted,-,-,-,-,-,-,Pedestrian,-,-,-,-,-,Davidson,Nashville,7
112719,400561616,0,2,36.03179,-89.36806,8,2026-06-12 19:45:00,2026,6,12,19,45,Friday,19:45,Suspected Serious Injury,Daylight,Clear,Motor Vehicle-In-Transport On Same Roadway,None,DYERSBURG POLICE DEPT,Other,Unbelted,-,-,-,Drowsy,-,-,-,-,-,-,-,-,Dyer,Dyersburg,6
112720,400561619,0,1,36.53775,-87.80467,3,2026-06-12 23:12:00,2026,6,12,23,12,Friday,23:12,Suspected Serious Injury,Dark-Lighted,Clear,Ditch,None,THP District 3 - Nashville,THP,Unbelted,-,Drinking,-,Drowsy,-,-,-,-,-,-,-,-,Stewart,Not in City Limit,6
112723,400561667,0,1,36.02076,-87.75691,3,2026-06-12 15:38:00,2026,6,12,15,38,Friday,15:38,Suspected Serious Injury,Daylight,Clear,Culvert,None,THP District 3 - Nashville,THP,Unbelted,-,-,-,-,-,-,-,-,-,-,-,-,Humphreys,Not in City Limit,6
112724,400561682,0,1,35.19467,-85.34198,2,2026-06-12 09:09:00,2026,6,12,9,9,Friday,09:09,Suspected Serious Injury,Daylight,Clear,Standing Tree,None,HAMILTON COUNTY SHERIFF'S OFFICE,Other,Unbelted,-,Drinking,-,Drowsy,Speeding,-,-,-,-,-,-,-,Hamilton,Not in City Limit,6
112730,400561858,0,4,35.63469,-87.78045,7,2026-06-06 14:21:00,2026,6,6,14,21,Saturday,14:21,Suspected Serious Injury,Daylight,Clear,Motor Vehicle-In-Transport On Same Roadway,None,THP District 7 - Lawrenceburg,THP,Unbelted,-,-,-,-,-,-,-,-,-,-,-,-,Perry,Not in City Limit,7