OBJECTID,MRN,Fatality,Injury,Latitude,Longitude,THP_District,Collision_Date,Collision_Year,Collision_Month,Collision_Day,Collision_Hour,Collision_Min,Collision_DOW,Collision_Time,Crash_Type,Light_Condition,Weather,First_Harmfu_Event,Work_Zone_Type,Agency_Name,THP,Unbelted,Distracted_Driver,Driver_Drinking,Driver_Drugged,Drowsy_Driver,Speeding_Involved,Pedalcyclist,Pedestrian,Other_Nonmotorist,ATV_Involved,LargeTruck_Involved,Motorcycle_Involved,SchoolBus,County,City,DOW_Nmb
112734,400561875,0,1,35.51639,-88.38933,8,2026-06-11 11:00:00,2026,6,11,11,0,Thursday,11:00,Suspected Serious Injury,Daylight,Clear,Pedestrian,Maintenance Zone,THP District 8 - Jackson,THP,Unbelted,-,-,-,-,-,-,Pedestrian,-,-,ATV_Involved,-,-,Henderson,Not in City Limit,5
112742,400561978,0,2,36.03369,-88.27433,8,2026-06-11 16:40:00,2026,6,11,16,40,Thursday,16:40,Suspected Serious Injury,Daylight,Clear,Motor Vehicle-In-Transport On Same Roadway,None,THP District 8 - Jackson,THP,Unbelted,-,-,-,-,-,-,-,-,-,-,-,-,Carroll,Hollow Rock,5
112752,400562132,0,1,36.18059,-86.14897,3,2026-06-13 14:13:00,2026,6,13,14,13,Saturday,14:13,Suspected Serious Injury,Daylight,Clear,"Over Turn, Roll Over",None,THP District 3 - Nashville,THP,-,-,-,-,-,-,-,-,-,-,-,Motorcyclist,-,Wilson,Not in City Limit,7
112754,400562151,0,1,35.17476,-85.88607,2,2026-06-08 12:51:00,2026,6,8,12,51,Monday,12:51,Suspected Serious Injury,Daylight,Rain,Ditch,None,THP District 2 - Chattanooga,THP,Unbelted,-,-,-,-,-,-,-,-,-,-,-,-,Franklin,Not in City Limit,2
112758,400562177,0,1,35.73613,-83.99224,1,2026-06-13 14:44:00,2026,6,13,14,44,Saturday,14:44,Suspected Serious Injury,Daylight,Clear,Motor Vehicle-In-Transport On Same Roadway,None,MARYVILLE POLICE DEPT,Other,Unbelted,-,-,-,-,-,-,-,-,-,-,Motorcyclist,-,Blount,Maryville,7
112761,400562192,0,1,35.94114,-84.09186,1,2026-06-13 15:59:00,2026,6,13,15,59,Saturday,15:59,Suspected Serious Injury,Daylight,Clear,Motor Vehicle-In-Transport On Same Roadway,None,THP District 1 - Knoxville,THP,Unbelted,-,-,-,-,-,-,-,-,-,-,Motorcyclist,-,Knox,Not in City Limit,7
112771,400562330,0,3,36.39,-86.25225,6,2026-06-13 17:54:00,2026,6,13,17,54,Saturday,17:54,Suspected Serious Injury,Daylight,Clear,Motor Vehicle-In-Transport On Same Roadway,None,THP District 6 - Cookeville,THP,Unbelted,-,-,-,-,-,-,-,-,-,-,-,-,Trousdale,Hartsville,7
112789,400562468,0,1,36.0786,-83.66534,5,2026-06-13 00:00:00,2026,6,13,24,0,Saturday,24:00,Suspected Serious Injury,Daylight,Clear,Motor Vehicle-In-Transport On Same Roadway,None,JEFFERSON CO SHERIFFS DEPT,Other,Unbelted,-,-,-,-,-,-,-,-,ATV_Involved,-,-,-,Jefferson,Not in City Limit,7
112798,400562496,0,1,36.39263,-84.06949,1,2026-06-14 00:16:00,2026,6,14,0,16,Sunday,00:16,Suspected Serious Injury,Dark-Not Lighted,Clear,Utility Pole,None,THP District 1 - Knoxville,THP,Unbelted,-,Drinking,Drug,-,-,-,-,-,-,-,-,-,Campbell,Not in City Limit,1
112805,400562549,0,2,35.93966,-86.17892,3,2026-06-13 10:02:00,2026,6,13,10,2,Saturday,10:02,Suspected Serious Injury,Daylight,Clear,"Over Turn, Roll Over",None,THP District 3 - Nashville,THP,Unbelted,Distracted,-,-,-,-,-,-,-,-,-,-,-,Rutherford,Not in City Limit,7
112811,400562645,0,3,36.41217,-89.02724,8,2026-06-09 15:19:00,2026,6,9,15,19,Tuesday,15:19,Suspected Serious Injury,Daylight,Rain,Motor Vehicle-In-Transport On Same Roadway,None,UNION CITY POLICE DEPT,Other,Unbelted,-,-,-,-,-,-,-,-,-,-,-,-,Obion,Union City,3
112818,400562778,0,1,35.80955,-89.13527,4,2026-06-13 13:03:00,2026,6,13,13,3,Saturday,13:03,Suspected Serious Injury,Daylight,Clear,Embankment Earth,None,CROCKETT CO SHERIFFS DEPT,Other,Unbelted,-,-,-,-,-,-,-,-,-,-,-,-,Crockett,Not in City Limit,7
112823,400562835,0,1,35.52056,-85.15817,2,2026-06-14 09:26:00,2026,6,14,9,26,Sunday,09:26,Suspected Serious Injury,Daylight,Clear,Motor Vehicle-In-Transport On Same Roadway,None,THP District 2 - Chattanooga,THP,Unbelted,Distracted,-,-,-,-,-,-,-,-,-,Motorcyclist,-,Bledsoe,Not in City Limit,1
112838,400562949,0,2,35.99368,-87.11187,3,2026-06-11 19:14:00,2026,6,11,19,14,Thursday,19:14,Suspected Serious Injury,Dusk,Clear,Motor Vehicle-In-Transport On Different Roadway,None,FAIRVIEW POLICE DEPT,Other,Unbelted,-,-,-,-,-,-,-,-,-,-,-,-,Williamson,Fairview,5
112848,400562999,0,1,35.94666,-86.37791,3,2026-06-14 14:53:00,2026,6,14,14,53,Sunday,14:53,Suspected Serious Injury,Daylight,Rain,Embankment Rock/Stone/Concrete,None,THP District 3 - Nashville,THP,Unbelted,-,-,-,-,-,-,-,-,-,-,-,-,Rutherford,Not in City Limit,1
112849,400563010,0,1,35.32553,-89.6248,4,2026-06-14 00:45:00,2026,6,14,0,45,Sunday,00:45,Suspected Serious Injury,Dark-Lighted,Clear,Ditch,None,THP District 4 - Memphis,THP,Unbelted,-,Drinking,-,-,-,-,-,-,-,-,-,-,Fayette,Gallaway,1
112856,400563121,0,3,36.22439,-84.0282,1,2026-06-14 14:06:00,2026,6,14,14,6,Sunday,14:06,Suspected Serious Injury,Daylight,Clear,Ditch,None,THP District 1 - Knoxville,THP,Unbelted,-,Drinking,Drug,-,-,-,-,-,-,-,-,-,Anderson,Not in City Limit,1
112875,400563379,0,2,35.04553,-88.24294,8,2026-06-14 22:56:00,2026,6,14,22,56,Sunday,22:56,Suspected Serious Injury,Dark-Not Lighted,Clear,Standing Tree,None,THP District 8 - Jackson,THP,Unbelted,-,-,-,-,-,-,-,-,-,-,-,-,Hardin,Not in City Limit,1
112876,400563386,0,2,36.13958,-86.74644,3,2026-06-14 23:13:00,2026,6,14,23,13,Sunday,23:13,Suspected Serious Injury,Dark-Lighted,Clear,Other Post/Pole Support,None,METROPOLITAN NASHVILLE POLICE DEPT,Other,Unbelted,-,-,-,-,-,-,-,-,-,-,-,-,Davidson,Nashville,1
112882,400563410,2,0,36.17823,-85.94321,6,2026-06-14 23:24:00,2026,6,14,23,24,Sunday,23:24,Fatal,Dark-Not Lighted,Clear,Motor Vehicle-In-Transport On Same Roadway,None,THP District 6 - Cookeville,THP,Unbelted,-,Drinking,-,-,-,-,-,-,-,-,-,-,Smith,Gordonsville,1
112883,400563412,0,1,35.96987,-86.77569,3,2026-06-15 00:00:00,2026,6,15,0,0,Monday,00:00,Suspected Serious Injury,Dark-Not Lighted,Clear,Pedestrian,None,BRENTWOOD POLICE DEPT,Other,Unbelted,-,-,-,-,-,-,Pedestrian,-,-,-,-,-,Williamson,Brentwood,2
112897,400563539,1,2,36.38944,-86.29153,3,2026-06-15 06:08:00,2026,6,15,6,8,Monday,06:08,Fatal,Daylight,Clear,Motor Vehicle-In-Transport On Same Roadway,None,THP District 3 - Nashville,THP,Unbelted,Distracted,-,-,-,-,-,-,-,-,-,-,-,Sumner,Not in City Limit,2
112900,400563579,1,0,36.38913,-86.29063,3,2026-06-15 00:00:00,2026,6,15,24,0,Monday,24:00,Fatal,Dark-Not Lighted,Clear,Ditch,None,THP District 3 - Nashville,THP,-,-,-,-,-,-,-,-,-,-,-,-,-,Sumner,Not in City Limit,2
112931,400563949,0,2,35.51942,-86.89995,7,2026-06-15 14:58:00,2026,6,15,14,58,Monday,14:58,Suspected Serious Injury,Daylight,Clear,Motor Vehicle-In-Transport On Same Roadway,None,THP District 7 - Lawrenceburg,THP,Unbelted,-,-,-,-,-,-,-,-,-,-,-,-,Maury,Not in City Limit,2
112945,400564125,0,2,36.37334,-82.21466,5,2026-06-15 17:02:00,2026,6,15,17,2,Monday,17:02,Suspected Serious Injury,Daylight,Cloudy,Motor Vehicle-In-Transport On Same Roadway,None,THP District 5 - Fall Branch,THP,Unbelted,-,-,-,-,-,-,-,-,-,-,-,-,Carter,Not in City Limit,2
112948,400564146,0,2,35.71801,-87.42,7,2026-06-15 15:07:00,2026,6,15,15,7,Monday,15:07,Suspected Serious Injury,Daylight,Clear,Ditch,None,THP District 7 - Lawrenceburg,THP,Unbelted,-,-,-,-,-,-,-,-,-,-,-,-,Hickman,Not in City Limit,2
112951,400564187,0,1,36.09199,-87.36449,3,2026-06-15 16:14:00,2026,6,15,16,14,Monday,16:14,Suspected Serious Injury,Daylight,Clear,Ditch,None,THP District 3 - Nashville,THP,Unbelted,-,-,-,-,-,-,-,-,-,-,-,-,Dickson,Not in City Limit,2
112952,400564189,0,2,36.13629,-82.74217,5,2026-06-15 18:26:00,2026,6,15,18,26,Monday,18:26,Suspected Serious Injury,Daylight,Clear,Motor Vehicle-In-Transport On Same Roadway,None,THP District 5 - Fall Branch,THP,Unbelted,-,-,-,-,-,-,-,-,-,-,-,-,Greene,Not in City Limit,2
112977,400564385,0,1,36.24958,-83.27316,5,2026-06-15 22:22:00,2026,6,15,22,22,Monday,22:22,Suspected Serious Injury,Dark-Lighted,Clear,Motor Vehicle-In-Transport On Same Roadway,None,MORRISTOWN POLICE DEPT,Other,Unbelted,-,-,-,-,-,-,-,-,-,-,-,-,Hamblen,Morristown,2
112978,400564391,0,1,36.03589,-84.36241,1,2026-06-16 00:00:00,2026,6,16,24,0,Tuesday,24:00,Suspected Serious Injury,Dark-Unknown Lighting,Clear,Other Fixed Object,None,OLIVER SPRINGS POLICE DEPT,Other,Unbelted,-,-,-,-,-,-,-,-,-,-,-,-,Roane,Oliver Springs,3
112983,400564413,0,1,35.78473,-84.07114,1,2026-06-15 11:03:00,2026,6,15,11,3,Monday,11:03,Suspected Serious Injury,Daylight,Clear,Other Fixed Object,None,BLOUNT CO SHERIFFS DEPT,Other,Unbelted,-,-,-,-,-,-,-,-,-,-,-,-,Blount,Not in City Limit,2
112986,400564446,0,1,35.88422,-85.08724,6,2026-06-15 13:05:00,2026,6,15,13,5,Monday,13:05,Suspected Serious Injury,Daylight,Clear,Ditch,None,THP District 6 - Cookeville,THP,-,-,-,-,-,-,-,-,-,-,-,Motorcyclist,-,Cumberland,Not in City Limit,2
112990,400564606,0,1,36.00691,-83.85026,1,2026-06-16 08:51:00,2026,6,16,8,51,Tuesday,08:51,Suspected Serious Injury,Daylight,Clear,Pedestrian,None,KNOXVILLE POLICE DEPT,Other,Unbelted,-,-,-,-,-,-,Pedestrian,-,-,-,-,-,Knox,Knoxville,3
112994,400564684,0,1,36.38237,-88.11874,8,2026-06-13 18:22:00,2026,6,13,18,22,Saturday,18:22,Suspected Serious Injury,Daylight,Rain,Fence,None,THP District 8 - Jackson,THP,-,-,Drinking,Drug,-,-,-,-,-,-,-,-,-,Henry,Not in City Limit,7
112995,400564698,0,1,36.04476,-86.65773,3,2026-06-13 00:41:00,2026,6,13,0,41,Saturday,00:41,Suspected Serious Injury,Dark-Lighted,Clear,Wall,None,METROPOLITAN NASHVILLE POLICE DEPT,Other,Unbelted,-,Drinking,-,-,-,-,-,-,-,-,-,-,Davidson,Nashville,7
113010,400564863,0,3,35.25181,-87.32639,7,2026-06-16 11:10:00,2026,6,16,11,10,Tuesday,11:10,Suspected Serious Injury,Daylight,Clear,Embankment Material Unknown,None,LAWRENCEBURG POLICE DEPT,Other,Unbelted,Distracted,-,-,-,-,-,-,-,-,-,-,-,Lawrence,Lawrenceburg,3
113019,400564972,1,0,36.13998,-85.52717,6,2026-06-16 13:15:00,2026,6,16,13,15,Tuesday,13:15,Fatal,Daylight,Clear,Motor Vehicle-In-Transport On Same Roadway,None,COOKEVILLE POLICE DEPT,Other,Unbelted,-,-,-,-,-,-,-,-,-,ATV_Involved,-,-,Putnam,Cookeville,3
113034,400565136,0,1,36.47399,-86.64064,3,2026-06-16 00:00:00,2026,6,16,24,0,Tuesday,24:00,Suspected Serious Injury,Daylight,Clear,Ditch,None,WHITE HOUSE POLICE DEPT,Other,Unbelted,-,-,-,-,-,-,-,-,-,-,-,-,Sumner,White House,3
113041,400565222,0,1,35.87082,-84.27517,1,2026-06-15 19:00:00,2026,6,15,19,0,Monday,19:00,Suspected Serious Injury,Daylight,Clear,Motor Vehicle-In-Transport On Same Roadway,None,THP District 1 - Knoxville,THP,Unbelted,-,-,-,-,-,-,-,-,-,ATV_Involved,-,-,Loudon,Not in City Limit,2
113049,400565344,1,2,36.20703,-86.79159,3,2026-06-16 17:10:00,2026,6,16,17,10,Tuesday,17:10,Fatal,Daylight,Clear,Motor Vehicle-In-Transport On Same Roadway,None,METROPOLITAN NASHVILLE POLICE DEPT,Other,Unbelted,-,-,-,-,-,-,-,-,-,-,-,-,Davidson,Nashville,3
113057,400565423,0,2,35.09162,-85.6073,2,2026-06-12 23:13:00,2026,6,12,23,13,Friday,23:13,Suspected Serious Injury,Dark-Not Lighted,Clear,Standing Tree,None,THP District 2 - Chattanooga,THP,Unbelted,-,Drinking,-,-,-,-,-,-,-,-,-,-,Marion,Jasper,6
113059,400565438,0,1,36.01249,-83.29984,5,2026-06-17 00:18:00,2026,6,17,0,18,Wednesday,00:18,Suspected Serious Injury,Dark-Not Lighted,Clear,Ditch,None,THP District 5 - Fall Branch,THP,Unbelted,-,-,Drug,-,-,-,-,-,-,-,-,-,Jefferson,Not in City Limit,4
113070,400565583,0,2,35.80287,-89.48904,4,2026-06-15 09:38:00,2026,6,15,9,38,Monday,09:38,Suspected Serious Injury,Daylight,Clear,Motor Vehicle-In-Transport On Same Roadway,None,THP District 4 - Memphis,THP,Unbelted,Distracted,-,-,-,-,-,-,-,-,-,-,-,Lauderdale,Not in City Limit,2
113080,400565705,0,1,36.09042,-84.04145,1,2026-06-14 11:09:00,2026,6,14,11,9,Sunday,11:09,Suspected Serious Injury,Daylight,Clear,Standing Tree,None,THP District 1 - Knoxville,THP,Unbelted,-,-,-,-,Speeding,-,-,-,-,-,-,-,Knox,Not in City Limit,1
113089,400565810,0,1,35.75661,-84.04566,1,2026-06-17 10:03:00,2026,6,17,10,3,Wednesday,10:03,Suspected Serious Injury,Daylight,Clear,Motor Vehicle-In-Transport On Same Roadway,None,MARYVILLE POLICE DEPT,Other,Unbelted,-,-,-,-,-,-,-,-,-,-,-,-,Blount,Maryville,4
113100,400565886,0,1,36.11969,-86.97026,3,2026-06-16 10:00:00,2026,6,16,10,0,Tuesday,10:00,Suspected Serious Injury,Daylight,Clear,"Over Turn, Roll Over",None,METROPOLITAN NASHVILLE POLICE DEPT,Other,-,-,-,-,-,-,-,-,-,-,-,Motorcyclist,-,Davidson,Nashville,3
113101,400565893,0,1,35.1468,-89.56746,4,2026-06-14 14:29:00,2026,6,14,14,29,Sunday,14:29,Suspected Serious Injury,Daylight,Clear,Culvert,None,THP District 4 - Memphis,THP,Unbelted,-,-,-,-,-,-,-,-,-,-,-,-,Fayette,Not in City Limit,1
113108,400565999,1,0,36.2975,-86.7057,3,2026-06-16 20:33:00,2026,6,16,20,33,Tuesday,20:33,Fatal,Dusk,Clear,Mail Box,None,GOODLETTSVILLE POLICE DEPT,Other,-,-,-,-,-,Speeding,-,-,-,-,-,Motorcyclist,-,Davidson,Goodlettsville,3
113110,400566020,0,1,36.1368,-86.73094,3,2026-06-17 12:16:00,2026,6,17,12,16,Wednesday,12:16,Suspected Serious Injury,Daylight,Clear,Motor Vehicle-In-Transport On Same Roadway,None,METROPOLITAN NASHVILLE POLICE DEPT,Other,Unbelted,-,-,-,-,Speeding,-,-,-,-,ATV_Involved,-,-,Davidson,Nashville,4
113117,400566143,0,1,36.10332,-86.81614,3,2026-06-17 14:45:00,2026,6,17,14,45,Wednesday,14:45,Suspected Serious Injury,Daylight,Clear,Pedal-Cycle,None,METROPOLITAN NASHVILLE POLICE DEPT,Other,Unbelted,-,-,-,-,-,Pedalcyclist,-,-,-,-,-,-,Davidson,Nashville,4
113123,400566217,0,1,35.86609,-87.92993,3,2026-06-07 23:24:00,2026,6,7,23,24,Sunday,23:24,Suspected Serious Injury,Dark-Not Lighted,Rain,"Over Turn, Roll Over",None,THP District 3 - Nashville,THP,Unbelted,Distracted,-,-,Drowsy,-,-,-,-,-,-,-,-,Humphreys,Not in City Limit,1
113127,400566280,1,0,36.30046,-86.63148,3,2026-06-17 14:20:00,2026,6,17,14,20,Wednesday,14:20,Fatal,Daylight,Clear,Curb,None,HENDERSONVILLE POLICE DEPT,Other,Unbelted,-,-,-,-,-,-,-,-,-,-,-,-,Sumner,Hendersonville,4
113131,400566372,0,1,35.15099,-86.67981,7,2026-06-13 20:55:00,2026,6,13,20,55,Saturday,20:55,Suspected Serious Injury,Dark-Not Lighted,Cloudy,Embankment Rock/Stone/Concrete,None,THP District 7 - Lawrenceburg,THP,Unbelted,-,-,-,-,-,-,-,-,-,-,-,-,Lincoln,Not in City Limit,7
113135,400566394,0,1,36.39808,-86.90048,3,2026-06-15 17:59:00,2026,6,15,17,59,Monday,17:59,Suspected Serious Injury,Daylight,Clear,Motor Vehicle-In-Transport On Same Roadway,None,THP District 3 - Nashville,THP,Unbelted,-,Drinking,-,-,-,-,-,-,-,-,-,-,Robertson,Coopertown,2
113143,400566477,0,1,36.53518,-82.35683,5,2026-06-17 19:55:00,2026,6,17,19,55,Wednesday,19:55,Suspected Serious Injury,Dusk,Clear,Deer,None,THP District 5 - Fall Branch,THP,-,-,-,-,-,-,-,-,-,-,-,Motorcyclist,-,Sullivan,Not in City Limit,4
113145,400566488,0,1,36.2352,-83.23328,5,2026-06-17 21:50:00,2026,6,17,21,50,Wednesday,21:50,Suspected Serious Injury,Dark-Not Lighted,Clear,Utility Pole,None,HAMBLEN CO SHERIFFS DEPT,Other,Unbelted,-,-,-,-,-,-,-,-,-,-,-,-,Hamblen,Not in City Limit,4
113167,400566707,0,2,35.98451,-85.03869,6,2026-06-17 00:00:00,2026,6,17,24,0,Wednesday,24:00,Suspected Serious Injury,Daylight,Clear,Motor Vehicle-In-Transport On Same Roadway,None,CROSSVILLE POLICE DEPT,Other,Unbelted,-,-,-,-,-,-,-,-,-,-,-,-,Cumberland,Crossville,4
113168,400566709,0,2,35.98696,-85.0355,6,2026-06-17 14:27:00,2026,6,17,14,27,Wednesday,14:27,Suspected Serious Injury,Daylight,Clear,Motor Vehicle-In-Transport On Same Roadway,None,CROSSVILLE POLICE DEPT,Other,Unbelted,-,-,-,-,-,-,-,-,-,-,-,-,Cumberland,Crossville,4
113179,400566826,0,1,35.9419,-83.54164,1,2026-06-18 08:49:00,2026,6,18,8,49,Thursday,08:49,Suspected Serious Injury,Daylight,Rain,Ditch,None,THP District 1 - Knoxville,THP,Unbelted,-,-,-,-,-,-,-,-,-,-,-,-,Sevier,Not in City Limit,5
113181,400566865,0,2,36.08928,-86.51693,3,2026-06-17 12:40:00,2026,6,17,12,40,Wednesday,12:40,Suspected Serious Injury,Daylight,Clear,Motor Vehicle-In-Transport On Same Roadway,None,THP District 3 - Nashville,THP,Unbelted,-,-,-,-,-,-,-,-,-,ATV_Involved,-,-,Davidson,Nashville,4
113219,400567345,0,3,35.6489,-88.77205,8,2026-06-16 13:40:00,2026,6,16,13,40,Tuesday,13:40,Suspected Serious Injury,Daylight,Clear,Motor Vehicle-In-Transport On Same Roadway,None,THP District 8 - Jackson,THP,Unbelted,Distracted,-,-,-,-,-,-,-,-,-,-,-,Madison,Not in City Limit,3
113221,400567368,0,2,35.91654,-86.83903,3,2026-06-18 14:33:00,2026,6,18,14,33,Thursday,14:33,Suspected Serious Injury,Daylight,Clear,Motor Vehicle-In-Transport On Same Roadway,None,FRANKLIN POLICE DEPT,Other,Unbelted,-,-,-,-,-,-,-,-,-,-,-,-,Williamson,Franklin,5
113232,400567434,0,2,35.72526,-85.89615,6,2026-06-18 18:02:00,2026,6,18,18,2,Thursday,18:02,Suspected Serious Injury,Daylight,Cloudy,Motor Vehicle-In-Transport On Same Roadway,None,THP District 6 - Cookeville,THP,Unbelted,-,-,-,-,-,-,-,-,-,-,-,-,Warren,Not in City Limit,5
113246,400567538,0,1,35.96471,-84.09504,1,2026-06-18 19:23:00,2026,6,18,19,23,Thursday,19:23,Suspected Serious Injury,Daylight,Rain,Wall,None,KNOX CO SHERIFFS OFFICE,Other,Unbelted,-,-,-,-,Speeding,-,-,-,-,-,-,-,Knox,Not in City Limit,5
113254,400567629,0,1,36.00829,-83.82724,1,2026-06-19 01:55:00,2026,6,19,1,55,Friday,01:55,Suspected Serious Injury,Dark-Not Lighted,Clear,Motor Vehicle-In-Transport On Same Roadway,None,KNOXVILLE POLICE DEPT,Other,Unbelted,-,-,-,-,-,-,-,-,-,ATV_Involved,-,-,Knox,Knoxville,6
113258,400567663,0,2,35.21799,-86.10038,2,2026-06-19 03:14:00,2026,6,19,3,14,Friday,03:14,Suspected Serious Injury,Dark-Lighted,Clear,Motor Vehicle-In-Transport On Same Roadway,None,DECHERD POLICE DEPT,Other,Unbelted,Distracted,-,-,-,-,-,-,-,-,-,-,-,Franklin,Decherd,6
113261,400567684,0,1,35.69359,-84.25966,1,2026-06-16 09:38:00,2026,6,16,9,38,Tuesday,09:38,Suspected Serious Injury,Daylight,Clear,"Over Turn, Roll Over",None,THP District 1 - Knoxville,THP,-,Distracted,-,-,-,-,-,-,-,-,-,Motorcyclist,-,Loudon,Not in City Limit,3
113269,400567885,0,3,35.38699,-85.10799,2,2026-06-19 08:30:00,2026,6,19,8,30,Friday,08:30,Suspected Serious Injury,Daylight,Clear,Motor Vehicle-In-Transport On Same Roadway,None,HAMILTON COUNTY SHERIFF'S OFFICE,Other,Unbelted,-,-,-,-,-,-,-,-,-,-,-,-,Hamilton,Not in City Limit,6
113276,400568199,0,1,36.01506,-82.60121,5,2026-06-18 17:50:00,2026,6,18,17,50,Thursday,17:50,Suspected Serious Injury,Daylight,Rain,Motor Vehicle-In-Transport On Same Roadway,None,THP District 5 - Fall Branch,THP,Unbelted,-,-,-,-,-,-,-,-,-,-,-,-,Unicoi,Not in City Limit,5
113277,400568216,0,1,35.98124,-83.89393,1,2026-06-19 10:11:00,2026,6,19,10,11,Friday,10:11,Suspected Serious Injury,Daylight,Clear,Motor Vehicle-In-Transport On Same Roadway,None,KNOXVILLE POLICE DEPT,Other,Unbelted,-,-,-,-,-,-,-,-,-,-,-,-,Knox,Knoxville,6
113286,400568250,0,1,35.32261,-87.42891,7,2026-06-16 18:25:00,2026,6,16,18,25,Tuesday,18:25,Suspected Serious Injury,Daylight,Clear,Embankment Earth,None,THP District 7 - Lawrenceburg,THP,Unbelted,-,-,-,-,-,-,-,-,-,-,-,-,Lawrence,Not in City Limit,3
113295,400568399,0,1,35.97654,-83.90927,1,2026-06-19 14:40:00,2026,6,19,14,40,Friday,14:40,Suspected Serious Injury,Daylight,Clear,Pedestrian,None,KNOXVILLE POLICE DEPT,Other,Unbelted,-,-,-,-,-,-,Pedestrian,-,-,-,-,-,Knox,Knoxville,6
113305,400568530,0,2,35.15854,-84.64764,2,2026-06-19 13:50:00,2026,6,19,13,50,Friday,13:50,Suspected Serious Injury,Daylight,Clear,Standing Tree,None,THP District 2 - Chattanooga,THP,Unbelted,-,-,-,-,-,-,-,-,-,-,-,-,Polk,Benton,6
113319,400568666,2,4,35.44318,-85.43212,2,2026-06-19 14:09:00,2026,6,19,14,9,Friday,14:09,Fatal,Daylight,Clear,Motor Vehicle-In-Transport On Same Roadway,None,THP District 2 - Chattanooga,THP,Unbelted,-,-,-,-,-,-,-,-,-,ATV_Involved,-,-,Sequatchie,Not in City Limit,6
113341,400568901,0,1,35.50174,-86.51475,7,2026-06-18 22:07:00,2026,6,18,22,7,Thursday,22:07,Suspected Serious Injury,Dark-Not Lighted,Clear,Utility Pole,None,THP District 7 - Lawrenceburg,THP,Unbelted,-,Drinking,Drug,-,-,-,-,-,-,-,-,-,Bedford,Not in City Limit,5
113360,400569174,0,1,35.24072,-87.38362,7,2026-06-19 17:19:00,2026,6,19,17,19,Friday,17:19,Suspected Serious Injury,Daylight,Clear,Standing Tree,None,LAWRENCEBURG POLICE DEPT,Other,Unbelted,-,-,-,-,-,-,-,-,-,-,-,-,Lawrence,Lawrenceburg,6
113361,400569178,0,1,36.06008,-86.74105,3,2026-06-19 21:25:00,2026,6,19,21,25,Friday,21:25,Suspected Serious Injury,Dark-Not Lighted,Clear,Motor Vehicle-In-Transport On Same Roadway,None,METROPOLITAN NASHVILLE POLICE DEPT,Other,-,-,-,-,-,-,-,-,-,-,-,Motorcyclist,-,Davidson,Nashville,6
113363,400569196,0,2,36.35951,-83.99604,1,2026-06-13 01:31:00,2026,6,13,1,31,Saturday,01:31,Suspected Serious Injury,Dark-Not Lighted,Clear,Other Non-Fixed Object,None,THP District 1 - Knoxville,THP,Unbelted,-,Drinking,-,-,-,-,-,-,-,-,-,-,Campbell,Not in City Limit,7
113364,400569197,0,1,35.7139,-84.02083,1,2026-06-19 22:13:00,2026,6,19,22,13,Friday,22:13,Suspected Serious Injury,Dark-Lighted,Clear,Motor Vehicle-In-Transport On Same Roadway,None,MARYVILLE POLICE DEPT,Other,Unbelted,-,-,-,-,-,-,-,-,-,-,Motorcyclist,-,Blount,Maryville,6
113380,400569442,0,1,35.66699,-87.00583,7,2026-06-19 14:41:00,2026,6,19,14,41,Friday,14:41,Suspected Serious Injury,Daylight,Clear,Motor Vehicle-In-Transport On Same Roadway,None,COLUMBIA POLICE DEPT,Other,Unbelted,-,-,-,-,-,-,-,-,-,-,Motorcyclist,-,Maury,Columbia,6
113404,400569816,0,1,35.62062,-84.49372,1,2026-06-19 17:52:00,2026,6,19,17,52,Friday,17:52,Suspected Serious Injury,Daylight,Clear,Motor Vehicle-In-Transport On Same Roadway,Construction Zone,THP District 1 - Knoxville,THP,Unbelted,-,-,-,-,-,-,-,-,-,ATV_Involved,-,-,Monroe,Not in City Limit,6
113414,400569967,0,2,35.47805,-83.9295,1,2026-06-20 13:50:00,2026,6,20,13,50,Saturday,13:50,Suspected Serious Injury,Daylight,Clear,Motor Vehicle-In-Transport On Same Roadway,None,BLOUNT CO SHERIFFS DEPT,Other,Unbelted,-,-,-,-,-,-,-,-,-,-,Motorcyclist,-,Blount,Not in City Limit,7
113420,400570076,0,2,35.29013,-88.69597,8,2026-06-19 15:50:00,2026,6,19,15,50,Friday,15:50,Suspected Serious Injury,Daylight,Clear,Motor Vehicle-In-Transport On Same Roadway,None,THP District 8 - Jackson,THP,Unbelted,-,-,-,-,Speeding,-,-,-,-,-,-,-,McNairy,Not in City Limit,6
113421,400570078,0,1,35.87905,-86.83073,3,2026-06-20 15:21:00,2026,6,20,15,21,Saturday,15:21,Suspected Serious Injury,Daylight,Clear,"Over Turn, Roll Over",None,THP District 3 - Nashville,THP,-,-,-,-,-,-,-,-,-,-,-,Motorcyclist,-,Williamson,Franklin,7
113422,400570081,1,0,36.2375,-86.73133,3,2026-06-20 15:23:00,2026,6,20,15,23,Saturday,15:23,Fatal,Daylight,Clear,Highway Traffic Sign Post,None,THP District 3 - Nashville,THP,Unbelted,-,-,-,-,-,-,-,-,-,-,-,-,Davidson,Nashville,7