OBJECTID,MRN,Fatality,Injury,Latitude,Longitude,THP_District,Collision_Date,Collision_Year,Collision_Month,Collision_Day,Collision_Hour,Collision_Min,Collision_DOW,Collision_Time,Crash_Type,Light_Condition,Weather,First_Harmfu_Event,Work_Zone_Type,Agency_Name,THP,Unbelted,Distracted_Driver,Driver_Drinking,Driver_Drugged,Drowsy_Driver,Speeding_Involved,Pedalcyclist,Pedestrian,Other_Nonmotorist,ATV_Involved,LargeTruck_Involved,Motorcycle_Involved,SchoolBus,County,City,DOW_Nmb
113424,400570104,0,1,35.84441,-84.50923,1,2026-06-14 00:22:00,2026,6,14,0,22,Sunday,00:22,Suspected Serious Injury,Dark-Not Lighted,Clear,Standing Tree,None,THP District 1 - Knoxville,THP,Unbelted,-,Drinking,-,-,-,-,-,-,-,-,-,-,Roane,Not in City Limit,1
113426,400570124,0,1,36.20407,-86.74307,3,2026-06-20 18:20:00,2026,6,20,18,20,Saturday,18:20,Suspected Serious Injury,Daylight,Clear,Motor Vehicle-In-Transport On Same Roadway,None,METROPOLITAN NASHVILLE POLICE DEPT,Other,Unbelted,-,-,-,-,-,-,-,-,-,-,Motorcyclist,-,Davidson,Nashville,7
113430,400570153,0,1,35.84519,-86.44477,3,2026-06-20 19:27:00,2026,6,20,19,27,Saturday,19:27,Suspected Serious Injury,Daylight,Clear,Pedestrian,None,MURFREESBORO POLICE DEPT,Other,Unbelted,-,-,-,-,-,-,Pedestrian,-,-,-,-,-,Rutherford,Murfreesboro,7
113444,400570268,0,1,35.91378,-84.09713,1,2026-06-21 00:25:00,2026,6,21,0,25,Sunday,00:25,Suspected Serious Injury,Dark-Not Lighted,Clear,Pedal-Cycle,None,KNOXVILLE POLICE DEPT,Other,Unbelted,-,-,-,-,-,Pedalcyclist,-,-,-,-,-,-,Knox,Knoxville,1
113447,400570292,0,1,35.87523,-87.24326,7,2026-06-20 22:30:00,2026,6,20,22,30,Saturday,22:30,Suspected Serious Injury,Dark-Not Lighted,Clear,Ditch,None,THP District 7 - Lawrenceburg,THP,-,-,-,-,-,-,-,-,-,-,-,-,-,Hickman,Not in City Limit,7
113449,400570307,0,2,36.45877,-82.47092,5,2026-06-20 22:22:00,2026,6,20,22,22,Saturday,22:22,Suspected Serious Injury,Dark-Not Lighted,Clear,Motor Vehicle-In-Transport On Same Roadway,None,THP District 5 - Fall Branch,THP,Unbelted,-,-,-,-,-,-,-,-,-,-,Motorcyclist,-,Sullivan,Not in City Limit,7
113453,400570313,1,0,36.23048,-83.02361,5,2026-06-21 02:01:00,2026,6,21,2,1,Sunday,02:01,Fatal,Dark-Not Lighted,Clear,Pedestrian,None,THP District 5 - Fall Branch,THP,Unbelted,-,-,-,-,-,-,Pedestrian,-,-,-,-,-,Greene,Not in City Limit,1
113457,400570341,0,1,35.94549,-84.09929,1,2026-06-20 13:19:00,2026,6,20,13,19,Saturday,13:19,Suspected Serious Injury,Daylight,Clear,Motor Vehicle-In-Transport On Same Roadway,None,THP District 1 - Knoxville,THP,Unbelted,-,-,-,-,-,-,-,-,-,-,-,-,Knox,Not in City Limit,7
113464,400570364,0,1,35.56239,-87.16789,7,2026-06-19 12:30:00,2026,6,19,12,30,Friday,12:30,Suspected Serious Injury,Daylight,Clear,Fence,None,MOUNT PLEASANT POLICE DEPT,Other,Unbelted,-,-,-,-,-,-,-,-,-,-,-,-,Maury,Mount Pleasant,6
113465,400570372,0,2,36.40437,-82.64104,5,2026-06-21 05:00:00,2026,6,21,5,0,Sunday,05:00,Suspected Serious Injury,Dark-Not Lighted,Clear,Standing Tree,None,THP District 5 - Fall Branch,THP,Unbelted,-,-,-,Drowsy,-,-,-,-,-,-,-,-,Greene,Not in City Limit,1
113482,400570621,0,1,36.24187,-85.51657,6,2026-06-21 11:25:00,2026,6,21,11,25,Sunday,11:25,Suspected Serious Injury,Daylight,Clear,Ditch,None,THP District 6 - Cookeville,THP,-,-,-,-,-,-,-,-,-,-,-,Motorcyclist,-,Putnam,Not in City Limit,1
113485,400570667,0,1,36.4055,-88.12002,8,2026-06-20 11:26:00,2026,6,20,11,26,Saturday,11:26,Suspected Serious Injury,Daylight,Clear,Motor Vehicle-In-Transport On Same Roadway,None,THP District 8 - Jackson,THP,Unbelted,-,-,-,-,-,-,-,-,-,-,-,-,Henry,Not in City Limit,7
113490,400570711,1,1,35.3126,-85.12892,2,2026-06-21 02:28:00,2026,6,21,2,28,Sunday,02:28,Fatal,Dark-Not Lighted,Clear,Standing Tree,None,HAMILTON COUNTY SHERIFF'S OFFICE,Other,Unbelted,-,-,Drug,-,Speeding,-,-,-,-,-,-,-,Hamilton,Not in City Limit,1
113510,400570982,0,3,35.96968,-84.0535,1,2026-06-21 17:10:00,2026,6,21,17,10,Sunday,17:10,Suspected Serious Injury,Daylight,Clear,Motor Vehicle-In-Transport On Same Roadway,None,KNOXVILLE POLICE DEPT,Other,Unbelted,-,-,-,-,-,-,-,-,-,-,-,-,Knox,Knoxville,1
113511,400570988,0,1,35.46312,-84.99911,2,2026-06-20 18:20:00,2026,6,20,18,20,Saturday,18:20,Suspected Serious Injury,Daylight,Clear,Utility Pole,None,THP District 2 - Chattanooga,THP,Unbelted,-,-,-,-,-,-,-,-,-,-,-,-,Rhea,Not in City Limit,7
113515,400571023,0,1,34.99624,-85.24038,2,2026-06-16 12:30:00,2026,6,16,12,30,Tuesday,12:30,Suspected Serious Injury,Daylight,Clear,Motor Vehicle-In-Transport On Same Roadway,None,THP District 2 - Chattanooga,THP,Unbelted,-,-,-,-,-,-,-,-,-,-,-,-,Hamilton,East Ridge,3
113521,400571088,0,1,35.04653,-88.31152,8,2026-06-21 21:31:00,2026,6,21,21,31,Sunday,21:31,Suspected Serious Injury,Dark-Not Lighted,Clear,Standing Tree,None,THP District 8 - Jackson,THP,Unbelted,-,-,Drug,-,-,-,-,-,-,-,-,-,Hardin,Not in City Limit,1
113523,400571105,1,1,36.46389,-82.43039,5,2026-06-21 19:57:00,2026,6,21,19,57,Sunday,19:57,Fatal,Daylight,Clear,Guard Rail Face,None,THP District 5 - Fall Branch,THP,-,-,-,-,-,Speeding,-,-,-,-,-,Motorcyclist,-,Sullivan,Not in City Limit,1
113525,400571121,0,1,35.38945,-84.48822,2,2026-06-19 23:49:00,2026,6,19,23,49,Friday,23:49,Suspected Serious Injury,Dark-Not Lighted,Clear,Culvert,None,THP District 2 - Chattanooga,THP,Unbelted,-,-,-,-,-,-,-,-,-,-,-,-,McMinn,Not in City Limit,6
113526,400571124,0,1,35.35267,-87.45111,7,2026-06-20 05:08:00,2026,6,20,5,8,Saturday,05:08,Suspected Serious Injury,Dawn,Clear,Ditch,None,THP District 7 - Lawrenceburg,THP,Unbelted,Distracted,Drinking,-,-,-,-,-,-,-,-,-,-,Lawrence,Not in City Limit,7
113529,400571147,0,1,35.91942,-82.95855,5,2026-06-19 19:52:00,2026,6,19,19,52,Friday,19:52,Suspected Serious Injury,Daylight,Clear,Guard Rail End,None,COCKE CO SHERIFFS DEPT,Other,Unbelted,-,-,-,-,Speeding,-,-,-,-,-,-,-,Cocke,Not in City Limit,6
113533,400571173,0,1,35.48538,-86.4305,7,2026-06-20 20:39:00,2026,6,20,20,39,Saturday,20:39,Suspected Serious Injury,Dark-Lighted,Clear,Pedestrian,None,SHELBYVILLE POLICE DEPT,Other,Unbelted,-,-,-,-,-,-,Pedestrian,-,-,-,-,-,Bedford,Shelbyville,7
113544,400571252,0,1,35.91674,-83.6432,1,2026-06-13 04:45:00,2026,6,13,4,45,Saturday,04:45,Suspected Serious Injury,Dark-Not Lighted,Clear,Motor Vehicle-In-Transport On Same Roadway,None,SEVIER CO SHERIFFS OFFICE,Other,Unbelted,-,-,-,-,-,-,-,-,-,-,-,-,Sevier,Not in City Limit,7
113549,400571301,1,0,35.89654,-89.26164,4,2026-06-17 11:35:00,2026,6,17,11,35,Wednesday,11:35,Fatal,Daylight,Clear,Motor Vehicle-In-Transport On Same Roadway,None,THP District 4 - Memphis,THP,Unbelted,-,-,-,-,-,-,-,-,-,-,Motorcyclist,-,Crockett,Not in City Limit,4
113557,400571363,0,1,36.00521,-86.55645,3,2026-06-22 08:01:00,2026,6,22,8,1,Monday,08:01,Suspected Serious Injury,Daylight,Rain,Standing Tree,None,LAVERGNE POLICE DEPT,Other,Unbelted,-,-,-,-,-,-,-,-,-,-,-,-,Rutherford,Lavergne,2
113564,400571424,0,2,35.9779,-85.03615,6,2026-06-18 00:00:00,2026,6,18,24,0,Thursday,24:00,Suspected Serious Injury,Daylight,Rain,Motor Vehicle-In-Transport On Same Roadway,None,CUMBERLAND CO SHERIFFS OFFICE,Other,Unbelted,-,-,-,-,-,-,-,-,-,-,-,-,Cumberland,Crossville,5
113567,400571472,0,1,36.1067,-87.47418,3,2026-06-22 11:05:00,2026,6,22,11,5,Monday,11:05,Suspected Serious Injury,Daylight,Rain,Ditch,None,THP District 3 - Nashville,THP,Unbelted,-,-,-,-,-,-,-,-,-,-,-,-,Dickson,Not in City Limit,2
113583,400571598,0,1,35.86489,-83.5482,1,2026-06-22 13:36:00,2026,6,22,13,36,Monday,13:36,Suspected Serious Injury,Daylight,Clear,Motor Vehicle-In-Transport On Same Roadway,None,SEVIERVILLE POLICE DEPT,Other,Unbelted,-,-,-,-,-,-,-,-,-,-,-,-,Sevier,Sevierville,2
113587,400571629,0,1,36.31696,-87.1278,3,2026-06-22 14:12:00,2026,6,22,14,12,Monday,14:12,Suspected Serious Injury,Daylight,Clear,Ditch,None,THP District 3 - Nashville,THP,Unbelted,-,-,-,-,-,-,-,-,-,-,-,-,Cheatham,Not in City Limit,2
113588,400571643,2,0,35.99022,-83.92009,1,2026-06-22 08:19:00,2026,6,22,8,19,Monday,08:19,Fatal,Daylight,Clear,Utility Pole,None,KNOXVILLE POLICE DEPT,Other,Unbelted,-,-,-,-,-,-,Pedestrian,-,-,-,-,-,Knox,Knoxville,2
113591,400571665,0,1,35.91376,-86.62356,3,2026-06-20 20:30:00,2026,6,20,20,30,Saturday,20:30,Suspected Serious Injury,Dark-Not Lighted,Clear,Deer,None,THP District 3 - Nashville,THP,-,-,-,-,-,-,-,-,-,-,-,Motorcyclist,-,Rutherford,Not in City Limit,7
113624,400571976,0,1,35.87212,-86.35919,3,2026-06-22 21:25:00,2026,6,22,21,25,Monday,21:25,Suspected Serious Injury,Dark-Lighted,Clear,Motor Vehicle-In-Transport On Same Roadway,None,MURFREESBORO POLICE DEPT,Other,Unbelted,-,-,-,-,-,-,-,-,-,-,-,-,Rutherford,Murfreesboro,2
113625,400571987,0,1,35.23751,-89.71269,4,2026-06-22 21:22:00,2026,6,22,21,22,Monday,21:22,Suspected Serious Injury,Dark-Lighted,Clear,Motor Vehicle-In-Transport On Same Roadway,None,THP District 4 - Memphis,THP,Unbelted,-,-,-,-,-,-,-,-,-,ATV_Involved,-,-,Shelby,Lakeland,2
113643,400572148,0,3,36.44664,-89.05007,8,2026-06-22 15:24:00,2026,6,22,15,24,Monday,15:24,Suspected Serious Injury,Daylight,Rain,Motor Vehicle-In-Transport On Same Roadway,None,UNION CITY POLICE DEPT,Other,Unbelted,Distracted,-,-,-,-,-,-,-,-,ATV_Involved,-,-,Obion,Union City,2
113651,400572224,1,0,36.08266,-86.69812,3,2026-06-19 10:11:00,2026,6,19,10,11,Friday,10:11,Fatal,Daylight,Clear,Motor Vehicle-In-Transport On Same Roadway,None,METROPOLITAN NASHVILLE POLICE DEPT,Other,Unbelted,-,-,-,-,Speeding,-,-,-,-,-,Motorcyclist,-,Davidson,Nashville,6
113671,400572497,0,1,36.04561,-86.86533,3,2026-06-23 13:59:00,2026,6,23,13,59,Tuesday,13:59,Suspected Serious Injury,Daylight,Clear,Standing Tree,None,METROPOLITAN NASHVILLE POLICE DEPT,Other,Unbelted,-,-,-,-,-,-,-,-,-,-,-,-,Davidson,Nashville,3
113690,400572691,1,0,35.96191,-83.19492,5,2026-06-23 17:24:00,2026,6,23,17,24,Tuesday,17:24,Fatal,Daylight,Clear,Motor Vehicle-In-Transport On Same Roadway,None,NEWPORT POLICE DEPT,Other,Unbelted,-,-,-,-,Speeding,-,-,-,-,-,Motorcyclist,-,Cocke,Newport,3
113696,400572752,0,1,35.75393,-87.0088,7,2026-06-23 16:03:00,2026,6,23,16,3,Tuesday,16:03,Suspected Serious Injury,Daylight,Clear,Embankment Earth,None,THP District 7 - Lawrenceburg,THP,Unbelted,-,-,-,-,Speeding,-,-,-,-,-,-,-,Maury,Not in City Limit,3
113709,400572825,0,4,36.07066,-84.07052,1,2026-06-18 08:29:00,2026,6,18,8,29,Thursday,08:29,Suspected Serious Injury,Daylight,Clear,Motor Vehicle-In-Transport On Same Roadway,None,THP District 1 - Knoxville,THP,Unbelted,-,-,-,-,-,-,-,-,-,-,-,-,Knox,Not in City Limit,5
113712,400572848,0,1,35.68311,-87.83539,7,2026-06-23 16:00:00,2026,6,23,16,0,Tuesday,16:00,Suspected Serious Injury,Daylight,Clear,Embankment Earth,None,THP District 7 - Lawrenceburg,THP,-,-,-,-,-,-,-,-,-,-,-,-,-,Perry,Linden,3
113722,400572979,0,3,36.13925,-85.61671,6,2026-06-23 21:33:00,2026,6,23,21,33,Tuesday,21:33,Suspected Serious Injury,Dark-Not Lighted,Clear,Standing Tree,None,THP District 6 - Cookeville,THP,Unbelted,-,-,-,-,-,-,-,-,-,-,-,-,Putnam,Baxter,3
113729,400573010,0,2,36.10156,-87.78009,3,2026-06-23 18:15:00,2026,6,23,18,15,Tuesday,18:15,Suspected Serious Injury,Daylight,Clear,Motor Vehicle-In-Transport On Same Roadway,None,WAVERLY POLICE DEPT,Other,-,-,-,-,-,-,-,-,-,-,-,Motorcyclist,-,Humphreys,Waverly,3
113730,400573012,1,0,36.13733,-84.0413,1,2026-06-23 23:39:00,2026,6,23,23,39,Tuesday,23:39,Fatal,Dark-Not Lighted,Clear,Guard Rail Face,None,THP District 1 - Knoxville,THP,-,-,-,-,-,-,-,-,-,-,-,Motorcyclist,-,Anderson,Not in City Limit,3
113753,400573377,0,1,35.27777,-86.65143,7,2026-06-24 10:40:00,2026,6,24,10,40,Wednesday,10:40,Suspected Serious Injury,Daylight,Clear,"Over Turn, Roll Over",None,THP District 7 - Lawrenceburg,THP,Unbelted,Distracted,-,-,-,-,-,-,-,-,ATV_Involved,-,-,Lincoln,Not in City Limit,4
113756,400573397,0,1,35.50379,-83.97632,1,2026-06-20 15:00:00,2026,6,20,15,0,Saturday,15:00,Suspected Serious Injury,Daylight,Clear,Ditch,None,BLOUNT CO SHERIFFS DEPT,Other,-,-,-,-,-,Speeding,-,-,-,-,-,Motorcyclist,-,Blount,Not in City Limit,7
113760,400573467,0,1,36.03129,-86.61223,3,2026-06-24 12:41:00,2026,6,24,12,41,Wednesday,12:41,Suspected Serious Injury,Daylight,Clear,Ditch,None,METROPOLITAN NASHVILLE POLICE DEPT,Other,Unbelted,-,Drinking,-,-,-,-,-,-,-,-,-,-,Davidson,Nashville,4
113768,400573528,0,1,36.17301,-87.42738,3,2026-06-23 20:37:00,2026,6,23,20,37,Tuesday,20:37,Suspected Serious Injury,Dark-Not Lighted,Clear,Pedal-Cycle,None,THP District 3 - Nashville,THP,Unbelted,Distracted,Drinking,Drug,-,-,Pedalcyclist,-,-,-,-,-,-,Dickson,Not in City Limit,3
113770,400573545,0,1,36.30832,-87.04414,3,2026-06-23 00:00:00,2026,6,23,24,0,Tuesday,24:00,Suspected Serious Injury,Dark-Not Lighted,Fog,Embankment Rock/Stone/Concrete,None,THP District 3 - Nashville,THP,Unbelted,-,Drinking,Drug,-,-,-,-,-,-,-,-,-,Cheatham,Not in City Limit,3
113772,400573572,1,0,36.05727,-83.92434,1,2026-06-09 00:00:00,2026,6,9,24,0,Tuesday,24:00,Fatal,Dark-Lighted,Unknown,Pedal-Cycle,None,KNOXVILLE POLICE DEPT,Other,Unbelted,-,-,-,-,-,Pedalcyclist,-,-,-,-,-,-,Knox,Knoxville,3
113786,400573756,0,2,36.28283,-83.762,5,2026-06-24 19:02:00,2026,6,24,19,2,Wednesday,19:02,Suspected Serious Injury,Daylight,Clear,Guard Rail Face,None,THP District 5 - Fall Branch,THP,-,-,-,-,-,-,-,-,-,-,-,Motorcyclist,-,Union,Not in City Limit,4
113788,400573769,0,4,36.26209,-86.89139,3,2026-06-23 17:49:00,2026,6,23,17,49,Tuesday,17:49,Suspected Serious Injury,Daylight,Clear,Motor Vehicle-In-Transport On Same Roadway,None,METROPOLITAN NASHVILLE POLICE DEPT,Other,Unbelted,Distracted,-,-,-,-,-,-,-,-,-,-,-,Davidson,Nashville,3
113807,400573944,0,3,36.54945,-83.66529,5,2026-06-24 14:10:00,2026,6,24,14,10,Wednesday,14:10,Suspected Serious Injury,Daylight,Clear,Motor Vehicle-In-Transport On Same Roadway,None,THP District 5 - Fall Branch,THP,Unbelted,-,-,-,-,-,-,-,-,-,-,-,-,Claiborne,Not in City Limit,4
113815,400573966,0,1,35.99188,-87.32609,3,2026-06-24 23:17:00,2026,6,24,23,17,Wednesday,23:17,Suspected Serious Injury,Dark-Not Lighted,Clear,Standing Tree,None,THP District 3 - Nashville,THP,Unbelted,-,-,-,-,-,-,-,-,-,-,-,-,Dickson,Not in City Limit,4
113818,400573981,0,1,36.12674,-84.11119,1,2026-06-24 19:00:00,2026,6,24,19,0,Wednesday,19:00,Suspected Serious Injury,Daylight,Clear,Ditch,None,ANDERSON CO SHERIFFS DEPT,Other,-,-,-,-,-,-,-,-,-,-,-,Motorcyclist,-,Anderson,Not in City Limit,4
113821,400574002,1,0,35.65529,-86.9097,7,2026-06-24 21:18:00,2026,6,24,21,18,Wednesday,21:18,Fatal,Dark-Not Lighted,Cloudy,Ditch,None,THP District 7 - Lawrenceburg,THP,-,-,-,-,-,-,-,-,-,-,-,Motorcyclist,-,Maury,Not in City Limit,4
113833,400574120,0,1,36.24703,-87.53115,3,2026-06-21 15:01:00,2026,6,21,15,1,Sunday,15:01,Suspected Serious Injury,Daylight,Clear,Ditch,None,THP District 3 - Nashville,THP,-,-,-,-,-,-,-,-,-,-,-,Motorcyclist,-,Dickson,Not in City Limit,1
113841,400574328,0,1,35.71532,-88.86368,8,2026-06-25 09:00:00,2026,6,25,9,0,Thursday,09:00,Suspected Serious Injury,Daylight,Clear,Culvert,None,JACKSON POLICE DEPT,Other,Unbelted,-,-,-,-,Speeding,-,-,-,-,-,-,-,Madison,Jackson,5
113843,400574347,0,2,36.1583,-84.15447,1,2026-06-25 00:00:00,2026,6,25,24,0,Thursday,24:00,Suspected Serious Injury,Daylight,Clear,Motor Vehicle-In-Transport On Same Roadway,None,THP District 1 - Knoxville,THP,Unbelted,-,-,-,-,Speeding,-,-,-,-,-,-,-,Anderson,Not in City Limit,5
113854,400574565,0,1,36.52969,-85.4604,6,2026-06-25 10:30:00,2026,6,25,10,30,Thursday,10:30,Suspected Serious Injury,Daylight,Clear,Embankment Earth,None,THP District 6 - Cookeville,THP,Unbelted,-,-,-,-,-,-,-,-,-,-,-,-,Clay,Not in City Limit,5
113855,400574574,1,0,35.68453,-84.04775,1,2026-06-25 00:00:00,2026,6,25,24,0,Thursday,24:00,Fatal,Daylight,Clear,Pedal-Cycle,None,BLOUNT CO SHERIFFS DEPT,Other,Unbelted,Distracted,-,-,-,-,Pedalcyclist,-,-,-,-,-,-,Blount,Not in City Limit,5
113857,400574626,0,1,35.14553,-84.97254,2,2026-06-25 14:57:00,2026,6,25,14,57,Thursday,14:57,Suspected Serious Injury,Daylight,Clear,Motor Vehicle-In-Transport On Same Roadway,None,THP District 2 - Chattanooga,THP,Unbelted,-,-,-,-,-,-,-,-,-,-,-,-,Bradley,Not in City Limit,5
113859,400574654,0,2,35.59748,-87.08278,7,2026-06-25 14:47:00,2026,6,25,14,47,Thursday,14:47,Suspected Serious Injury,Daylight,Clear,Motor Vehicle-In-Transport On Different Roadway,None,COLUMBIA POLICE DEPT,Other,Unbelted,-,-,-,-,-,-,-,-,-,-,-,-,Maury,Columbia,5
113863,400574683,0,3,36.04835,-85.15005,6,2026-06-24 12:00:00,2026,6,24,12,0,Wednesday,12:00,Suspected Serious Injury,Daylight,Clear,Ditch,None,THP District 6 - Cookeville,THP,Unbelted,-,-,Drug,-,-,-,Pedestrian,-,-,-,-,-,Cumberland,Not in City Limit,4
113865,400574694,0,3,35.9208,-84.56387,1,2026-06-25 07:48:00,2026,6,25,7,48,Thursday,07:48,Suspected Serious Injury,Daylight,Clear,Motor Vehicle-In-Transport On Same Roadway,None,HARRIMAN POLICE DEPT,Other,Unbelted,-,-,-,-,-,-,-,-,-,ATV_Involved,-,-,Roane,Harriman,5
113868,400574739,0,1,36.00431,-83.77413,1,2026-06-25 16:47:00,2026,6,25,16,47,Thursday,16:47,Suspected Serious Injury,Daylight,Clear,Motor Vehicle-In-Transport On Same Roadway,None,KNOXVILLE POLICE DEPT,Other,Unbelted,-,-,-,-,-,-,-,-,-,-,-,-,Knox,Knoxville,5
113871,400574753,0,2,35.84988,-86.8325,3,2026-06-25 15:30:00,2026,6,25,15,30,Thursday,15:30,Suspected Serious Injury,Daylight,Clear,Motor Vehicle-In-Transport On Same Roadway,None,FRANKLIN POLICE DEPT,Other,Unbelted,-,-,-,-,-,-,-,-,-,-,-,-,Williamson,Franklin,5
113911,400575134,0,1,36.19047,-86.62613,3,2026-06-25 18:07:00,2026,6,25,18,7,Thursday,18:07,Suspected Serious Injury,Daylight,Clear,Motor Vehicle-In-Transport On Same Roadway,None,METROPOLITAN NASHVILLE POLICE DEPT,Other,Unbelted,-,-,-,-,-,-,-,-,-,-,Motorcyclist,-,Davidson,Nashville,5
113919,400575201,0,1,35.16958,-84.69795,2,2026-06-25 13:22:00,2026,6,25,13,22,Thursday,13:22,Suspected Serious Injury,Daylight,Clear,Motor Vehicle-In-Transport On Same Roadway,None,THP District 2 - Chattanooga,THP,Unbelted,-,-,-,-,-,-,-,-,-,-,Motorcyclist,-,Polk,Not in City Limit,5
113923,400575336,0,1,35.63882,-89.39924,4,2026-06-26 05:46:00,2026,6,26,5,46,Friday,05:46,Suspected Serious Injury,Dawn,Cloudy,Embankment Earth,None,THP District 4 - Memphis,THP,Unbelted,-,-,-,-,Speeding,-,-,-,-,-,-,-,Haywood,Not in City Limit,6
113933,400575658,0,1,36.1903,-83.6404,5,2026-06-26 09:40:00,2026,6,26,9,40,Friday,09:40,Suspected Serious Injury,Daylight,Clear,Utility Pole,None,THP District 5 - Fall Branch,THP,Unbelted,-,-,-,-,-,-,-,-,-,-,-,-,Grainger,Not in City Limit,6
113935,400575686,0,1,35.51243,-83.9882,1,2026-06-26 10:49:00,2026,6,26,10,49,Friday,10:49,Suspected Serious Injury,Daylight,Clear,Other Fixed Object,None,THP District 1 - Knoxville,THP,-,-,-,-,-,-,-,-,-,-,-,Motorcyclist,-,Blount,Not in City Limit,6
113951,400575910,0,3,35.38232,-85.56668,2,2026-06-25 21:58:00,2026,6,25,21,58,Thursday,21:58,Suspected Serious Injury,Dark-Not Lighted,Clear,Culvert,None,THP District 2 - Chattanooga,THP,Unbelted,-,-,Drug,-,-,-,-,-,-,-,-,-,Grundy,Not in City Limit,5
113954,400576002,0,2,36.06905,-89.40694,8,2026-06-24 05:40:00,2026,6,24,5,40,Wednesday,05:40,Suspected Serious Injury,Daylight,Clear,Motor Vehicle-In-Transport On Same Roadway,None,THP District 8 - Jackson,THP,Unbelted,-,-,-,-,-,-,-,-,-,-,-,-,Dyer,Not in City Limit,4
113955,400576011,0,1,35.78966,-87.62746,7,2026-06-25 20:50:00,2026,6,25,20,50,Thursday,20:50,Suspected Serious Injury,Dark-Not Lighted,Clear,"Over Turn, Roll Over",None,THP District 7 - Lawrenceburg,THP,-,-,-,-,-,-,-,-,-,-,-,Motorcyclist,-,Hickman,Not in City Limit,5
113963,400576080,0,1,36.20841,-88.41976,8,2026-06-26 09:09:00,2026,6,26,9,9,Friday,09:09,Suspected Serious Injury,Daylight,Clear,Motor Vehicle-In-Transport On Same Roadway,None,THP District 8 - Jackson,THP,Unbelted,-,-,-,Drowsy,-,-,-,-,-,-,-,-,Henry,Henry,6
113970,400576152,0,2,36.25891,-87.3529,3,2026-06-26 13:03:00,2026,6,26,13,3,Friday,13:03,Suspected Serious Injury,Daylight,Clear,Shrubbery,None,THP District 3 - Nashville,THP,Unbelted,-,-,-,-,-,-,-,-,-,-,-,-,Dickson,Not in City Limit,6
113975,400576230,0,1,36.18975,-83.53991,5,2026-06-22 18:00:00,2026,6,22,18,0,Monday,18:00,Suspected Serious Injury,Daylight,Cloudy,Standing Tree,None,THP District 5 - Fall Branch,THP,Unbelted,-,-,-,-,-,-,-,-,-,-,-,-,Grainger,Not in City Limit,2
113978,400576245,0,1,36.27462,-86.79781,3,2026-06-26 16:50:00,2026,6,26,16,50,Friday,16:50,Suspected Serious Injury,Daylight,Clear,Fell/Jumped From Vehicle,None,THP District 3 - Nashville,THP,-,-,-,-,-,-,-,-,-,-,-,Motorcyclist,-,Davidson,Nashville,6
113983,400576322,0,3,35.81584,-86.03481,6,2026-06-26 13:53:00,2026,6,26,13,53,Friday,13:53,Suspected Serious Injury,Daylight,Clear,Motor Vehicle-In-Transport On Same Roadway,None,THP District 6 - Cookeville,THP,Unbelted,-,-,-,-,-,-,-,-,-,-,-,-,Cannon,Not in City Limit,6
113986,400576340,0,1,36.25851,-85.79897,6,2026-06-26 16:14:00,2026,6,26,16,14,Friday,16:14,Suspected Serious Injury,Daylight,Clear,Ditch,None,THP District 6 - Cookeville,THP,-,-,-,-,-,-,-,-,-,-,-,Motorcyclist,-,Jackson,Not in City Limit,6
113993,400576502,0,5,36.27675,-86.80202,3,2026-06-26 16:55:00,2026,6,26,16,55,Friday,16:55,Suspected Serious Injury,Daylight,Cloudy,Motor Vehicle-In-Transport On Same Roadway,None,METROPOLITAN NASHVILLE POLICE DEPT,Other,Unbelted,-,-,-,-,-,-,-,-,-,-,-,-,Davidson,Nashville,6
114016,400576776,0,1,35.53646,-84.57862,2,2026-06-27 07:40:00,2026,6,27,7,40,Saturday,07:40,Suspected Serious Injury,Daylight,Clear,Motor Vehicle-In-Transport On Same Roadway,None,THP District 2 - Chattanooga,THP,Unbelted,-,-,-,Drowsy,-,-,-,-,-,ATV_Involved,-,-,McMinn,Not in City Limit,7
114021,400576872,0,1,36.07112,-85.08093,6,2026-06-26 11:37:00,2026,6,26,11,37,Friday,11:37,Suspected Serious Injury,Daylight,Clear,Ditch,None,CUMBERLAND CO SHERIFFS OFFICE,Other,Unbelted,-,-,-,-,-,-,-,-,-,-,-,-,Cumberland,Not in City Limit,6
114022,400576877,0,1,35.24499,-88.15936,8,2026-06-26 09:50:00,2026,6,26,9,50,Friday,09:50,Suspected Serious Injury,Daylight,Clear,Motor Vehicle-In-Transport On Same Roadway,None,THP District 8 - Jackson,THP,Unbelted,-,-,-,-,-,-,-,-,-,ATV_Involved,-,-,Hardin,Not in City Limit,6
114031,400577041,0,1,35.70182,-83.81399,1,2026-06-26 18:14:00,2026,6,26,18,14,Friday,18:14,Suspected Serious Injury,Daylight,Clear,"Over Turn, Roll Over",None,THP District 1 - Knoxville,THP,-,-,-,-,-,-,-,-,-,-,-,Motorcyclist,-,Blount,Not in City Limit,6