OBJECTID,MRN,Fatality,Injury,Latitude,Longitude,THP_District,Collision_Date,Collision_Year,Collision_Month,Collision_Day,Collision_Hour,Collision_Min,Collision_DOW,Collision_Time,Crash_Type,Light_Condition,Weather,First_Harmfu_Event,Work_Zone_Type,Agency_Name,THP,Unbelted,Distracted_Driver,Driver_Drinking,Driver_Drugged,Drowsy_Driver,Speeding_Involved,Pedalcyclist,Pedestrian,Other_Nonmotorist,ATV_Involved,LargeTruck_Involved,Motorcycle_Involved,SchoolBus,County,City,DOW_Nmb
114032,400577044,0,2,35.48349,-86.56367,7,2026-06-27 13:16:00,2026,6,27,13,16,Saturday,13:16,Suspected Serious Injury,Daylight,Clear,"Over Turn, Roll Over",None,THP District 7 - Lawrenceburg,THP,-,-,-,-,-,-,-,-,-,ATV_Involved,-,-,-,Bedford,Not in City Limit,7
114035,400577105,0,1,36.04964,-86.64904,3,2026-06-27 06:00:00,2026,6,27,6,0,Saturday,06:00,Suspected Serious Injury,Dawn,Clear,Motor Vehicle-In-Motion Outside Trafficway,None,METROPOLITAN NASHVILLE POLICE DEPT,Other,Unbelted,-,-,-,-,-,-,-,-,-,-,-,-,Davidson,Nashville,7
114036,400577107,0,1,35.67639,-88.53789,8,2026-06-27 13:50:00,2026,6,27,13,50,Saturday,13:50,Suspected Serious Injury,Daylight,Clear,Other Non-Collision,None,THP District 8 - Jackson,THP,-,-,-,-,-,-,-,-,-,ATV_Involved,-,-,-,Henderson,Not in City Limit,7
114038,400577130,0,1,36.43151,-86.68811,3,2026-06-27 13:42:00,2026,6,27,13,42,Saturday,13:42,Suspected Serious Injury,Daylight,Cloudy,Motor Vehicle-In-Transport On Same Roadway,None,WHITE HOUSE POLICE DEPT,Other,Unbelted,-,-,-,-,-,-,-,-,-,-,-,-,Robertson,White House,7
114054,400577313,0,1,36.16511,-86.99575,3,2026-06-26 22:27:00,2026,6,26,22,27,Friday,22:27,Suspected Serious Injury,Dark-Not Lighted,Clear,Standing Tree,None,THP District 3 - Nashville,THP,Unbelted,-,-,-,-,-,-,-,-,-,-,-,-,Cheatham,Not in City Limit,6
114055,400577320,0,1,35.18335,-88.27325,8,2026-06-27 17:28:00,2026,6,27,17,28,Saturday,17:28,Suspected Serious Injury,Daylight,Clear,"Over Turn, Roll Over",None,THP District 8 - Jackson,THP,-,-,Drinking,-,-,-,-,-,-,ATV_Involved,-,-,-,Hardin,Not in City Limit,7
114057,400577337,0,1,35.08882,-86.93447,7,2026-06-27 18:36:00,2026,6,27,18,36,Saturday,18:36,Suspected Serious Injury,Daylight,Clear,Motor Vehicle-In-Transport On Same Roadway,None,THP District 7 - Lawrenceburg,THP,Unbelted,-,-,-,-,-,-,-,-,-,-,-,-,Giles,Not in City Limit,7
114064,400577423,1,1,35.25662,-86.12143,2,2026-06-22 13:08:00,2026,6,22,13,8,Monday,13:08,Fatal,Daylight,Rain,Motor Vehicle-In-Transport On Same Roadway,None,THP District 2 - Chattanooga,THP,Unbelted,Distracted,-,-,-,-,-,-,-,-,ATV_Involved,-,-,Franklin,Estill Springs,2
114094,400577591,1,0,36.46796,-88.23777,8,2026-06-26 13:48:00,2026,6,26,13,48,Friday,13:48,Fatal,Daylight,Cloudy,Pedestrian,None,THP District 8 - Jackson,THP,Unbelted,-,-,-,-,-,-,Pedestrian,-,-,ATV_Involved,-,-,Henry,Not in City Limit,6
114097,400577599,0,2,36.25243,-84.15233,1,2026-06-27 13:46:00,2026,6,27,13,46,Saturday,13:46,Suspected Serious Injury,Daylight,Cloudy,Standing Tree,None,THP District 1 - Knoxville,THP,Unbelted,-,-,Drug,-,-,-,-,-,-,-,-,-,Campbell,Not in City Limit,7
114105,400577725,0,1,35.24439,-87.32883,7,2026-06-28 08:40:00,2026,6,28,8,40,Sunday,08:40,Suspected Serious Injury,Daylight,Clear,Non-Motorist Personal Conveyance,None,LAWRENCEBURG POLICE DEPT,Other,Unbelted,-,-,-,-,-,-,Pedestrian,-,-,-,-,-,Lawrence,Lawrenceburg,1
114111,400577785,0,1,36.14315,-86.68502,3,2026-06-28 10:20:00,2026,6,28,10,20,Sunday,10:20,Suspected Serious Injury,Daylight,Clear,Motor Vehicle-In-Transport On Same Roadway,None,METROPOLITAN NASHVILLE POLICE DEPT,Other,Unbelted,-,-,-,-,-,-,-,-,-,-,Motorcyclist,-,Davidson,Nashville,1
114119,400577858,0,3,35.35078,-85.56703,2,2026-06-28 10:35:00,2026,6,28,10,35,Sunday,10:35,Suspected Serious Injury,Daylight,Clear,Motor Vehicle-In-Transport On Same Roadway,None,GRUNDY CO SHERIFFS OFFICE,Other,Unbelted,-,-,-,-,-,-,-,-,-,-,-,-,Grundy,Palmer,1
114121,400577889,0,3,36.20273,-87.44717,3,2026-06-28 10:04:00,2026,6,28,10,4,Sunday,10:04,Suspected Serious Injury,Daylight,Clear,Embankment Earth,None,THP District 3 - Nashville,THP,Unbelted,-,-,-,-,-,-,-,-,-,-,-,-,Dickson,Not in City Limit,1
114128,400577952,0,1,35.42974,-89.86668,4,2026-06-27 19:07:00,2026,6,27,19,7,Saturday,19:07,Suspected Serious Injury,Daylight,Clear,Utility Pole,None,THP District 4 - Memphis,THP,Unbelted,-,-,-,-,-,-,-,-,-,-,-,-,Tipton,Not in City Limit,7
114145,400578187,0,1,35.59131,-86.46408,7,2026-06-28 16:57:00,2026,6,28,16,57,Sunday,16:57,Suspected Serious Injury,Daylight,Clear,Fell/Jumped From Vehicle,None,THP District 7 - Lawrenceburg,THP,-,-,-,-,-,-,-,-,-,-,-,Motorcyclist,-,Bedford,Not in City Limit,1
114154,400578336,0,1,35.45332,-87.97112,7,2026-06-28 16:20:00,2026,6,28,16,20,Sunday,16:20,Suspected Serious Injury,Daylight,Clear,Ditch,None,THP District 7 - Lawrenceburg,THP,Unbelted,Distracted,-,-,-,-,-,-,-,-,-,-,-,Wayne,Not in City Limit,1
114157,400578353,0,15,35.68155,-88.73439,8,2026-06-28 18:38:00,2026,6,28,18,38,Sunday,18:38,Suspected Serious Injury,Daylight,Clear,Wall,None,THP District 8 - Jackson,THP,-,-,-,-,-,-,-,-,-,-,-,-,-,Madison,Not in City Limit,1
114160,400578368,0,1,36.34225,-83.38635,5,2026-06-28 20:18:00,2026,6,28,20,18,Sunday,20:18,Suspected Serious Injury,Dusk,Clear,Standing Tree,None,THP District 5 - Fall Branch,THP,Unbelted,-,-,-,-,-,-,-,-,-,-,-,-,Grainger,Not in City Limit,1
114169,400578456,0,2,36.16697,-86.60953,3,2026-06-28 00:00:00,2026,6,28,24,0,Sunday,24:00,Suspected Serious Injury,Dark-Not Lighted,Clear,Motor Vehicle-In-Transport On Same Roadway,None,METROPOLITAN NASHVILLE POLICE DEPT,Other,Unbelted,-,Drinking,Drug,-,-,-,-,-,-,-,-,-,Davidson,Nashville,1
114171,400578464,0,1,35.21932,-88.971,4,2026-06-27 00:00:00,2026,6,27,24,0,Saturday,24:00,Suspected Serious Injury,Dark-Not Lighted,Clear,Motor Vehicle-In-Transport On Same Roadway,None,THP District 4 - Memphis,THP,Unbelted,-,-,-,-,-,-,-,-,-,-,-,-,Hardeman,Not in City Limit,7
114174,400578471,0,2,36.11477,-86.74727,3,2026-06-28 21:13:00,2026,6,28,21,13,Sunday,21:13,Suspected Serious Injury,Dark-Lighted,Clear,Motor Vehicle-In-Transport On Same Roadway,None,METROPOLITAN NASHVILLE POLICE DEPT,Other,Unbelted,-,Drinking,Drug,-,-,-,-,-,-,-,-,-,Davidson,Nashville,1
114176,400578486,0,1,36.15939,-86.781,3,2026-06-28 20:57:00,2026,6,28,20,57,Sunday,20:57,Suspected Serious Injury,Daylight,Clear,Pedestrian,None,METROPOLITAN NASHVILLE POLICE DEPT,Other,Unbelted,-,-,-,-,-,-,Pedestrian,-,-,-,-,-,Davidson,Nashville,1
114196,400578691,1,0,35.73916,-86.94621,7,2026-06-27 00:51:00,2026,6,27,0,51,Saturday,00:51,Fatal,Dark-Not Lighted,Clear,Pedestrian,None,SPRING HILL POLICE DEPT,Other,Unbelted,-,-,-,-,-,-,Pedestrian,-,-,-,-,-,Maury,Spring Hill,7
114199,400578735,1,0,35.45926,-85.44308,2,2026-06-29 05:47:00,2026,6,29,5,47,Monday,05:47,Fatal,Daylight,Clear,Motor Vehicle-In-Transport On Same Roadway,None,THP District 2 - Chattanooga,THP,Unbelted,-,-,-,-,-,-,-,-,-,ATV_Involved,-,-,Sequatchie,Not in City Limit,2
114206,400578818,0,1,35.97948,-86.73415,3,2026-06-29 08:25:00,2026,6,29,8,25,Monday,08:25,Suspected Serious Injury,Daylight,Clear,Motor Vehicle-In-Transport On Same Roadway,None,BRENTWOOD POLICE DEPT,Other,Unbelted,-,-,-,-,Speeding,-,-,-,-,-,-,-,Williamson,Brentwood,2
114220,400579021,0,2,36.41555,-83.6566,5,2026-06-29 08:59:00,2026,6,29,8,59,Monday,08:59,Suspected Serious Injury,Daylight,Clear,Parked Motor Vehicle,None,THP District 5 - Fall Branch,THP,Unbelted,Distracted,-,Drug,-,-,-,-,-,-,ATV_Involved,-,-,Claiborne,Not in City Limit,2
114222,400579043,0,1,35.28998,-89.60743,4,2026-06-28 13:00:00,2026,6,28,13,0,Sunday,13:00,Suspected Serious Injury,Daylight,Clear,Highway Traffic Sign Post,None,THP District 4 - Memphis,THP,-,-,-,-,-,-,-,-,-,-,-,Motorcyclist,-,Fayette,Not in City Limit,1
114223,400579045,0,1,35.63831,-87.85678,7,2026-06-29 13:30:00,2026,6,29,13,30,Monday,13:30,Suspected Serious Injury,Daylight,Clear,"Over Turn, Roll Over",None,THP District 7 - Lawrenceburg,THP,Unbelted,-,-,-,-,-,-,-,-,-,-,-,-,Perry,Linden,2
114232,400579173,0,1,35.09488,-89.5479,4,2026-06-29 14:08:00,2026,6,29,14,8,Monday,14:08,Suspected Serious Injury,Daylight,Clear,"Over Turn, Roll Over",None,THP District 4 - Memphis,THP,Unbelted,-,-,-,Drowsy,-,-,-,-,-,ATV_Involved,-,-,Fayette,Not in City Limit,2
114235,400579230,0,2,36.02501,-87.08674,3,2026-06-29 13:43:00,2026,6,29,13,43,Monday,13:43,Suspected Serious Injury,Daylight,Clear,Ditch,None,THP District 3 - Nashville,THP,Unbelted,-,-,-,-,-,-,-,-,-,-,-,-,Williamson,Not in City Limit,2
114248,400579449,0,2,35.45472,-86.5359,7,2026-06-29 17:33:00,2026,6,29,17,33,Monday,17:33,Suspected Serious Injury,Daylight,Cloudy,Motor Vehicle-In-Transport On Same Roadway,None,THP District 7 - Lawrenceburg,THP,Unbelted,-,-,-,-,-,-,-,-,-,-,-,-,Bedford,Not in City Limit,2
114258,400579526,0,1,36.04177,-86.4294,3,2026-06-29 19:15:00,2026,6,29,19,15,Monday,19:15,Suspected Serious Injury,Daylight,Clear,Concrete Traffic Barrier,None,THP District 3 - Nashville,THP,-,-,-,-,-,-,-,-,-,-,-,Motorcyclist,-,Rutherford,Not in City Limit,2
114263,400579574,0,1,35.28308,-85.14623,2,2026-06-26 23:54:00,2026,6,26,23,54,Friday,23:54,Suspected Serious Injury,Dark-Not Lighted,Clear,Standing Tree,None,THP District 2 - Chattanooga,THP,Unbelted,-,Drinking,Drug,-,Speeding,-,-,-,-,-,-,-,Hamilton,Soddy-Daisy,6
114269,400579591,0,1,35.95168,-85.01332,6,2026-06-30 00:29:00,2026,6,30,0,29,Tuesday,00:29,Suspected Serious Injury,Dark-Lighted,Clear,Standing Tree,None,CROSSVILLE POLICE DEPT,Other,Unbelted,-,Drinking,Drug,-,-,-,-,-,-,-,-,-,Cumberland,Crossville,3
114278,400579702,1,0,36.15259,-86.77352,3,2026-06-27 23:47:00,2026,6,27,23,47,Saturday,23:47,Fatal,Dark-Lighted,Clear,Pedestrian,None,METROPOLITAN NASHVILLE POLICE DEPT,Other,Unbelted,-,-,-,-,-,-,Pedestrian,-,-,-,-,-,Davidson,Nashville,7
114280,400579756,0,2,36.45115,-89.09733,8,2026-06-30 06:38:00,2026,6,30,6,38,Tuesday,06:38,Suspected Serious Injury,Daylight,Clear,Motor Vehicle-In-Transport On Same Roadway,None,THP District 8 - Jackson,THP,Unbelted,-,-,-,-,-,-,-,-,-,-,-,-,Obion,Not in City Limit,3
114285,400579801,0,3,35.99421,-86.79791,3,2026-06-30 08:15:00,2026,6,30,8,15,Tuesday,08:15,Suspected Serious Injury,Daylight,Clear,Motor Vehicle-In-Transport On Same Roadway,None,THP District 3 - Nashville,THP,Unbelted,-,-,-,-,-,-,-,-,-,-,-,-,Williamson,Not in City Limit,3
114294,400579929,0,5,36.05421,-86.61867,3,2026-06-30 10:17:00,2026,6,30,10,17,Tuesday,10:17,Suspected Serious Injury,Daylight,Clear,Motor Vehicle-In-Transport On Same Roadway,None,METROPOLITAN NASHVILLE POLICE DEPT,Other,Unbelted,-,-,-,-,-,-,-,-,-,-,-,-,Davidson,Nashville,3
114299,400580036,0,2,36.31438,-82.20954,5,2026-06-29 17:50:00,2026,6,29,17,50,Monday,17:50,Suspected Serious Injury,Daylight,Clear,Motor Vehicle-In-Transport On Same Roadway,None,THP District 5 - Fall Branch,THP,Unbelted,-,-,-,-,-,-,-,-,-,-,Motorcyclist,-,Carter,Not in City Limit,2
114304,400580100,0,1,35.73445,-84.56746,1,2026-06-29 17:35:00,2026,6,29,17,35,Monday,17:35,Suspected Serious Injury,Daylight,Clear,Parked Motor Vehicle,None,THP District 1 - Knoxville,THP,Unbelted,-,Drinking,Drug,-,-,-,-,-,-,-,-,-,Roane,Not in City Limit,2
114315,400580203,0,4,36.42512,-89.11804,8,2026-06-30 11:44:00,2026,6,30,11,44,Tuesday,11:44,Suspected Serious Injury,Daylight,Clear,Motor Vehicle-In-Transport On Same Roadway,None,THP District 8 - Jackson,THP,Unbelted,-,-,-,-,-,-,-,-,-,-,-,-,Obion,Not in City Limit,3
114321,400580301,0,1,36.45149,-83.63213,5,2026-06-30 15:41:00,2026,6,30,15,41,Tuesday,15:41,Suspected Serious Injury,Daylight,Clear,"Over Turn, Roll Over",None,THP District 5 - Fall Branch,THP,Unbelted,-,Drinking,-,-,-,-,-,-,-,-,-,-,Claiborne,Not in City Limit,3
114327,400580364,0,1,35.72731,-84.26134,1,2026-06-30 15:02:00,2026,6,30,15,2,Tuesday,15:02,Suspected Serious Injury,Daylight,Clear,Pedal-Cycle,None,THP District 1 - Knoxville,THP,Unbelted,-,-,-,-,-,Pedalcyclist,-,-,-,-,-,-,Loudon,Not in City Limit,3
114333,400580412,0,1,35.60258,-84.52748,2,2026-06-30 16:07:00,2026,6,30,16,7,Tuesday,16:07,Suspected Serious Injury,Daylight,Clear,Motor Vehicle-In-Transport On Same Roadway,None,THP District 2 - Chattanooga,THP,Unbelted,-,-,-,-,-,-,-,-,-,ATV_Involved,Motorcyclist,-,McMinn,Not in City Limit,3
114339,400580481,0,1,36.01758,-87.46231,3,2026-06-30 18:31:00,2026,6,30,18,31,Tuesday,18:31,Suspected Serious Injury,Daylight,Clear,Standing Tree,None,THP District 3 - Nashville,THP,Unbelted,-,-,-,-,-,-,-,-,-,-,-,-,Dickson,Not in City Limit,3
114344,400580536,0,1,35.78994,-83.55715,1,2026-06-30 17:57:00,2026,6,30,17,57,Tuesday,17:57,Suspected Serious Injury,Daylight,Clear,Motor Vehicle-In-Transport On Same Roadway,None,PIGEON FORGE POLICE DEPT,Other,Unbelted,-,-,-,-,-,-,-,-,-,-,-,-,Sevier,Pigeon Forge,3
114347,400580605,0,1,36.02594,-84.08876,1,2026-06-29 20:20:00,2026,6,29,20,20,Monday,20:20,Suspected Serious Injury,Daylight,Clear,"Over Turn, Roll Over",None,ANDERSON CO SHERIFFS DEPT,Other,-,-,-,-,-,-,-,-,-,-,-,Motorcyclist,-,Anderson,Not in City Limit,2
114356,400580691,0,1,35.47996,-85.86231,2,2026-06-30 22:55:00,2026,6,30,22,55,Tuesday,22:55,Suspected Serious Injury,Dark-Not Lighted,Clear,Ditch,None,THP District 2 - Chattanooga,THP,Unbelted,-,Drinking,-,-,-,-,-,-,-,-,-,-,Grundy,Not in City Limit,3
114361,400580744,0,1,36.00204,-86.60376,3,2026-07-01 05:49:00,2026,7,1,5,49,Wednesday,05:49,Suspected Serious Injury,Daylight,Clear,Motor Vehicle-In-Transport On Same Roadway,None,LAVERGNE POLICE DEPT,Other,Unbelted,-,-,-,-,-,-,-,-,-,-,Motorcyclist,-,Rutherford,Lavergne,4
114374,400580872,0,2,35.30581,-87.41533,7,2026-07-01 06:37:00,2026,7,1,6,37,Wednesday,06:37,Suspected Serious Injury,Daylight,Clear,Motor Vehicle-In-Transport On Same Roadway,None,THP District 7 - Lawrenceburg,THP,Unbelted,-,-,-,-,-,-,-,-,-,ATV_Involved,-,-,Lawrence,Not in City Limit,4
114381,400581022,1,0,35.65363,-88.88268,8,2026-07-01 10:19:00,2026,7,1,10,19,Wednesday,10:19,Fatal,Daylight,Clear,Guard Rail Face,None,THP District 8 - Jackson,THP,Unbelted,-,-,-,-,-,-,-,-,-,ATV_Involved,-,-,Madison,Not in City Limit,4
114390,400581145,0,1,36.13601,-85.53564,6,2026-07-01 09:59:00,2026,7,1,9,59,Wednesday,09:59,Suspected Serious Injury,Daylight,Cloudy,Standing Tree,None,THP District 6 - Cookeville,THP,Unbelted,-,-,-,-,-,-,-,-,-,-,-,-,Putnam,Cookeville,4
114394,400581174,0,1,35.88607,-86.55855,3,2026-07-01 11:20:00,2026,7,1,11,20,Wednesday,11:20,Suspected Serious Injury,Daylight,Clear,Motor Vehicle-In-Transport On Same Roadway,None,THP District 3 - Nashville,THP,Unbelted,-,-,-,-,-,-,-,-,-,-,Motorcyclist,-,Rutherford,Not in City Limit,4
114397,400581212,0,1,36.16787,-86.82078,3,2026-07-01 12:49:00,2026,7,1,12,49,Wednesday,12:49,Suspected Serious Injury,Daylight,Clear,Motor Vehicle-In-Transport On Same Roadway,None,METROPOLITAN NASHVILLE POLICE DEPT,Other,Unbelted,-,-,-,-,-,-,-,-,-,-,-,-,Davidson,Nashville,4
114399,400581222,0,1,36.29624,-86.72582,3,2026-07-01 11:12:00,2026,7,1,11,12,Wednesday,11:12,Suspected Serious Injury,Daylight,Clear,Motor Vehicle-In-Transport On Same Roadway,None,GOODLETTSVILLE POLICE DEPT,Other,Unbelted,-,-,Drug,-,-,-,-,-,-,-,-,-,Davidson,Nashville,4
114402,400581272,1,0,36.22953,-86.62484,3,2026-06-30 20:25:00,2026,6,30,20,25,Tuesday,20:25,Fatal,Dark-Lighted,Clear,Standing Tree,None,METROPOLITAN NASHVILLE POLICE DEPT,Other,Unbelted,-,-,Drug,-,-,-,-,-,-,-,-,-,Davidson,Nashville,3
114426,400581662,0,1,35.02221,-87.56804,7,2026-06-26 06:13:00,2026,6,26,6,13,Friday,06:13,Suspected Serious Injury,Daylight,Clear,Ditch,None,THP District 7 - Lawrenceburg,THP,Unbelted,-,-,-,-,-,-,-,-,-,-,-,-,Lawrence,Not in City Limit,6
114427,400581666,0,1,36.52474,-86.17621,6,2026-07-01 15:49:00,2026,7,1,15,49,Wednesday,15:49,Suspected Serious Injury,Daylight,Clear,Motor Vehicle-In-Transport On Same Roadway,None,THP District 6 - Cookeville,THP,Unbelted,-,-,-,-,-,-,-,-,-,-,-,-,Macon,Not in City Limit,4
114430,400581681,0,2,36.07992,-83.71805,1,2026-07-01 20:02:00,2026,7,1,20,2,Wednesday,20:02,Suspected Serious Injury,Daylight,Clear,Ditch,None,KNOX CO SHERIFFS OFFICE,Other,Unbelted,-,-,-,-,-,-,-,-,-,-,-,-,Knox,Not in City Limit,4
114436,400581743,0,1,36.15213,-86.77223,3,2026-07-01 00:00:00,2026,7,1,24,0,Wednesday,24:00,Suspected Serious Injury,Dark-Lighted,Clear,Fell/Jumped From Vehicle,None,METROPOLITAN NASHVILLE POLICE DEPT,Other,-,-,-,-,-,-,-,-,-,-,-,Motorcyclist,-,Davidson,Nashville,4
114439,400581763,1,0,36.14799,-86.87667,3,2026-07-01 17:21:00,2026,7,1,17,21,Wednesday,17:21,Fatal,Daylight,Clear,Motor Vehicle-In-Transport On Same Roadway,None,METROPOLITAN NASHVILLE POLICE DEPT,Other,Unbelted,-,-,-,-,Speeding,-,-,-,-,ATV_Involved,Motorcyclist,-,Davidson,Nashville,4
114443,400581805,0,2,35.79204,-84.32767,1,2026-06-27 22:39:00,2026,6,27,22,39,Saturday,22:39,Suspected Serious Injury,Dark-Not Lighted,Clear,Motor Vehicle-In-Transport On Same Roadway,None,THP District 1 - Knoxville,THP,Unbelted,-,-,-,-,-,-,-,-,-,-,-,-,Loudon,Not in City Limit,7
114445,400581825,0,1,36.12818,-86.92881,3,2026-07-01 22:47:00,2026,7,1,22,47,Wednesday,22:47,Suspected Serious Injury,Dark-Not Lighted,Clear,Ditch,None,METROPOLITAN NASHVILLE POLICE DEPT,Other,Unbelted,-,-,-,-,-,-,-,-,-,-,-,-,Davidson,Nashville,4
114451,400581841,0,1,36.28471,-88.29202,8,2026-07-01 19:58:00,2026,7,1,19,58,Wednesday,19:58,Suspected Serious Injury,Daylight,Clear,Culvert,None,PARIS POLICE DEPT,Other,-,-,-,-,-,-,-,-,-,-,-,Motorcyclist,-,Henry,Paris,4
114453,400581873,0,2,36.00076,-84.26116,1,2026-06-30 12:32:00,2026,6,30,12,32,Tuesday,12:32,Suspected Serious Injury,Daylight,Clear,Motor Vehicle-In-Transport On Same Roadway,None,OAK RIDGE POLICE DEPT,Other,Unbelted,-,-,-,-,-,-,-,-,-,-,-,-,Anderson,Oak Ridge,3
114458,400581891,0,1,36.06095,-86.91678,3,2026-07-02 03:20:00,2026,7,2,3,20,Thursday,03:20,Suspected Serious Injury,Dark-Unknown Lighting,Clear,Utility Pole,None,METROPOLITAN NASHVILLE POLICE DEPT,Other,Unbelted,-,-,-,-,-,-,-,-,-,-,-,-,Davidson,Nashville,5
114466,400582099,3,0,36.19443,-84.17639,1,2026-07-01 13:08:00,2026,7,1,13,8,Wednesday,13:08,Fatal,Daylight,Clear,Motor Vehicle-In-Transport On Same Roadway,None,THP District 1 - Knoxville,THP,Unbelted,-,-,Drug,-,-,-,-,-,-,-,-,-,Anderson,Not in City Limit,4
114487,400582338,1,0,35.23925,-85.22689,2,2026-06-27 11:00:00,2026,6,27,11,0,Saturday,11:00,Fatal,Daylight,Clear,Motor Vehicle-In-Transport On Same Roadway,None,HAMILTON COUNTY SHERIFF'S OFFICE,Other,Unbelted,-,-,-,-,-,-,-,-,-,-,Motorcyclist,-,Hamilton,Not in City Limit,7
114494,400582424,0,1,35.32463,-84.78106,2,2026-07-02 12:07:00,2026,7,2,12,7,Thursday,12:07,Suspected Serious Injury,Daylight,Clear,Parked Motor Vehicle,None,THP District 2 - Chattanooga,THP,Unbelted,-,-,-,-,-,-,-,-,-,ATV_Involved,-,-,McMinn,Not in City Limit,5
114504,400582493,1,1,35.51212,-89.77409,4,2026-06-28 16:45:00,2026,6,28,16,45,Sunday,16:45,Fatal,Daylight,Clear,Embankment Earth,None,THP District 4 - Memphis,THP,-,-,Drinking,Drug,-,-,-,-,-,-,-,Motorcyclist,-,Tipton,Not in City Limit,1
114513,400582611,0,1,35.79319,-83.45758,1,2026-07-02 15:38:00,2026,7,2,15,38,Thursday,15:38,Suspected Serious Injury,Daylight,Clear,Utility Pole,None,SEVIER CO SHERIFFS OFFICE,Other,Unbelted,Distracted,-,-,-,-,-,-,-,-,-,-,-,Sevier,Not in City Limit,5
114518,400582687,1,1,35.44659,-85.06877,2,2026-07-01 15:23:00,2026,7,1,15,23,Wednesday,15:23,Fatal,Daylight,Clear,Paved Surface-Irregular,None,THP District 2 - Chattanooga,THP,Unbelted,-,Drinking,Drug,-,-,-,-,-,-,-,-,-,Rhea,Graysville,4
114527,400582816,0,2,35.61713,-84.58456,2,2026-07-01 16:38:00,2026,7,1,16,38,Wednesday,16:38,Suspected Serious Injury,Daylight,Clear,Motor Vehicle-In-Transport On Same Roadway,None,THP District 2 - Chattanooga,THP,Unbelted,-,-,-,-,-,-,-,-,-,-,-,-,McMinn,Not in City Limit,4
114528,400582834,0,2,35.78866,-88.43707,8,2026-07-02 17:06:00,2026,7,2,17,6,Thursday,17:06,Suspected Serious Injury,Daylight,Clear,"Over Turn, Roll Over",None,THP District 8 - Jackson,THP,Unbelted,-,-,-,-,-,-,-,-,-,-,-,-,Henderson,Not in City Limit,5
114530,400582888,0,1,36.04278,-85.05213,6,2026-07-02 16:00:00,2026,7,2,16,0,Thursday,16:00,Suspected Serious Injury,Daylight,Clear,Motor Vehicle-In-Transport On Same Roadway,Construction Zone,THP District 6 - Cookeville,THP,Unbelted,-,-,-,-,-,-,-,-,-,-,-,-,Cumberland,Not in City Limit,5
114537,400583046,0,1,35.38509,-86.31989,7,2026-06-30 18:47:00,2026,6,30,18,47,Tuesday,18:47,Suspected Serious Injury,Daylight,Clear,"Over Turn, Roll Over",None,THP District 7 - Lawrenceburg,THP,Unbelted,-,-,-,-,-,-,-,-,-,ATV_Involved,-,-,Bedford,Not in City Limit,3
114540,400583066,1,0,35.58091,-89.10824,4,2026-07-02 01:52:00,2026,7,2,1,52,Thursday,01:52,Fatal,Dark-Not Lighted,Clear,Embankment Earth,None,THP District 8 - Jackson,THP,Unbelted,-,-,-,-,-,-,-,-,-,-,-,-,Haywood,Not in City Limit,5
114541,400583079,1,0,36.01042,-83.93698,1,2026-07-02 21:41:00,2026,7,2,21,41,Thursday,21:41,Fatal,Dark-Not Lighted,Clear,Motor Vehicle-In-Transport On Same Roadway,None,KNOXVILLE POLICE DEPT,Other,Unbelted,-,-,-,-,-,-,-,-,-,-,Motorcyclist,-,Knox,Knoxville,5
114554,400583420,0,1,36.42504,-84.92102,6,2026-07-02 12:45:00,2026,7,2,12,45,Thursday,12:45,Suspected Serious Injury,Daylight,Clear,Motor Vehicle-In-Transport On Same Roadway,None,THP District 6 - Cookeville,THP,Unbelted,Distracted,-,-,-,-,-,-,-,-,-,-,-,Fentress,Jamestown,5
114558,400583513,0,1,35.94313,-85.78265,6,2026-07-02 00:30:00,2026,7,2,0,30,Thursday,00:30,Suspected Serious Injury,,Clear,Embankment Rock/Stone/Concrete,None,THP District 6 - Cookeville,THP,-,-,-,-,-,-,-,-,-,-,-,Motorcyclist,-,DeKalb,Not in City Limit,5
114559,400583570,0,3,36.04182,-83.99269,1,2026-06-29 16:10:00,2026,6,29,16,10,Monday,16:10,Suspected Serious Injury,Daylight,Clear,Motor Vehicle-In-Transport On Same Roadway,None,KNOX CO SHERIFFS OFFICE,Other,Unbelted,-,-,-,-,-,-,-,-,-,-,-,-,Knox,Not in City Limit,2
114565,400583772,0,2,36.52971,-86.8379,3,2026-07-03 10:45:00,2026,7,3,10,45,Friday,10:45,Suspected Serious Injury,Daylight,Clear,Motor Vehicle-In-Transport On Same Roadway,None,THP District 3 - Nashville,THP,Unbelted,-,-,-,-,-,-,-,-,-,-,-,-,Robertson,Not in City Limit,6
114574,400583925,0,1,36.17005,-83.59655,5,2026-07-03 09:55:00,2026,7,3,9,55,Friday,09:55,Suspected Serious Injury,Daylight,Clear,Embankment Earth,None,THP District 5 - Fall Branch,THP,Unbelted,-,-,-,-,-,-,-,-,-,-,-,-,Grainger,Not in City Limit,6