OBJECTID,MRN,Fatality,Injury,Latitude,Longitude,THP_District,Collision_Date,Collision_Year,Collision_Month,Collision_Day,Collision_Hour,Collision_Min,Collision_DOW,Collision_Time,Crash_Type,Light_Condition,Weather,First_Harmfu_Event,Work_Zone_Type,Agency_Name,THP,Unbelted,Distracted_Driver,Driver_Drinking,Driver_Drugged,Drowsy_Driver,Speeding_Involved,Pedalcyclist,Pedestrian,Other_Nonmotorist,ATV_Involved,LargeTruck_Involved,Motorcycle_Involved,SchoolBus,County,City,DOW_Nmb
114583,400584022,0,1,35.85875,-88.65958,8,2026-07-03 12:33:00,2026,7,3,12,33,Friday,12:33,Suspected Serious Injury,Daylight,Clear,"Over Turn, Roll Over",None,THP District 8 - Jackson,THP,Unbelted,-,-,-,-,-,-,-,-,-,ATV_Involved,-,-,Carroll,Not in City Limit,6
114590,400584188,0,3,35.72281,-84.63511,1,2026-07-03 09:20:00,2026,7,3,9,20,Friday,09:20,Suspected Serious Injury,Daylight,Clear,Motor Vehicle-In-Transport On Same Roadway,None,THP District 1 - Knoxville,THP,Unbelted,-,-,-,-,-,-,-,-,-,-,-,-,Roane,Not in City Limit,6
114592,400584223,0,1,35.1257,-86.87195,7,2026-07-03 14:40:00,2026,7,3,14,40,Friday,14:40,Suspected Serious Injury,Daylight,Clear,"Over Turn, Roll Over",None,THP District 7 - Lawrenceburg,THP,-,-,-,-,-,-,-,-,-,-,-,Motorcyclist,-,Giles,Not in City Limit,6
114603,400584422,0,2,35.12148,-85.14931,2,2026-07-03 17:34:00,2026,7,3,17,34,Friday,17:34,Suspected Serious Injury,Daylight,Rain,Embankment Earth,None,HAMILTON COUNTY SHERIFF'S OFFICE,Other,-,-,-,-,-,Speeding,-,-,-,-,-,Motorcyclist,-,Hamilton,Not in City Limit,6
114610,400584481,0,2,35.64372,-88.09143,8,2026-07-03 16:50:00,2026,7,3,16,50,Friday,16:50,Suspected Serious Injury,Daylight,Rain,Ditch,None,THP District 8 - Jackson,THP,Unbelted,-,-,-,-,-,-,-,-,-,-,-,-,Decatur,Not in City Limit,6
114620,400584566,0,1,35.15475,-88.54729,8,2026-07-03 16:40:00,2026,7,3,16,40,Friday,16:40,Suspected Serious Injury,Daylight,Rain,Culvert,None,THP District 8 - Jackson,THP,Unbelted,-,-,-,-,-,-,-,-,-,-,-,-,McNairy,Not in City Limit,6
114626,400584655,0,2,36.23625,-86.76306,3,2026-07-03 17:34:00,2026,7,3,17,34,Friday,17:34,Suspected Serious Injury,Daylight,Rain,Motor Vehicle-In-Transport On Same Roadway,None,METROPOLITAN NASHVILLE POLICE DEPT,Other,Unbelted,-,-,-,-,-,-,-,-,-,-,-,-,Davidson,Nashville,6
114630,400584681,0,2,36.44896,-82.4627,5,2026-07-03 21:12:00,2026,7,3,21,12,Friday,21:12,Suspected Serious Injury,Dark-Not Lighted,Rain,Motor Vehicle-In-Transport On Same Roadway,None,THP District 5 - Fall Branch,THP,Unbelted,-,-,-,-,Speeding,-,-,-,-,-,Motorcyclist,-,Sullivan,Not in City Limit,6
114644,400584798,0,2,35.95469,-85.81048,6,2026-07-03 20:08:00,2026,7,3,20,8,Friday,20:08,Suspected Serious Injury,Dark-Lighted,Cloudy,Ditch,None,THP District 6 - Cookeville,THP,Unbelted,-,Drinking,-,-,-,-,-,-,-,-,-,-,DeKalb,Smithville,6
114645,400584800,1,1,35.92653,-83.02224,5,2026-07-03 18:20:00,2026,7,3,18,20,Friday,18:20,Fatal,Daylight,Clear,Motor Vehicle-In-Transport On Same Roadway,None,THP District 5 - Fall Branch,THP,Unbelted,-,-,Drug,-,-,-,-,-,-,-,Motorcyclist,-,Cocke,Not in City Limit,6
114655,400584873,0,1,35.7154,-86.97155,7,2026-07-04 05:49:00,2026,7,4,5,49,Saturday,05:49,Suspected Serious Injury,Dawn,Fog,Embankment Earth,None,COLUMBIA POLICE DEPT,Other,-,-,-,-,-,-,-,-,-,-,-,Motorcyclist,-,Maury,Columbia,7
114659,400584957,0,1,35.49632,-83.9267,1,2026-07-03 13:27:00,2026,7,3,13,27,Friday,13:27,Suspected Serious Injury,Daylight,Clear,Other Fixed Object,None,BLOUNT CO SHERIFFS DEPT,Other,Unbelted,-,-,-,-,-,-,-,-,-,-,Motorcyclist,-,Blount,Not in City Limit,6
114661,400585028,0,1,35.90084,-84.14551,1,2026-07-04 07:34:00,2026,7,4,7,34,Saturday,07:34,Suspected Serious Injury,Daylight,Rain,Pedestrian,None,KNOXVILLE POLICE DEPT,Other,Unbelted,-,-,-,-,-,Pedalcyclist,-,-,-,-,-,-,Knox,Knoxville,7
114667,400585172,0,2,36.34271,-82.22244,5,2026-07-04 09:05:00,2026,7,4,9,5,Saturday,09:05,Suspected Serious Injury,Daylight,Clear,Motor Vehicle-In-Transport On Same Roadway,None,ELIZABETHTON POLICE DEPT,Other,Unbelted,-,-,-,-,-,-,-,-,-,-,Motorcyclist,-,Carter,Elizabethton,7
114676,400585287,0,1,35.97569,-84.00765,1,2026-07-03 07:49:00,2026,7,3,7,49,Friday,07:49,Suspected Serious Injury,Daylight,Clear,Motor Vehicle-In-Transport On Same Roadway,None,KNOXVILLE POLICE DEPT,Other,Unbelted,-,-,-,-,-,-,-,-,-,-,-,-,Knox,Knoxville,6
114677,400585360,0,3,35.19666,-85.91229,2,2026-07-04 11:15:00,2026,7,4,11,15,Saturday,11:15,Suspected Serious Injury,Daylight,Clear,Motor Vehicle-In-Transport On Same Roadway,None,THP District 2 - Chattanooga,THP,Unbelted,Distracted,-,-,-,-,-,-,-,-,-,-,-,Franklin,Not in City Limit,7
114682,400585425,0,1,36.03594,-86.57489,3,2026-07-04 12:14:00,2026,7,4,12,14,Saturday,12:14,Suspected Serious Injury,Daylight,Clear,Ditch,None,METROPOLITAN NASHVILLE POLICE DEPT,Other,-,-,-,-,-,Speeding,-,-,-,ATV_Involved,-,-,-,Davidson,Nashville,7
114689,400585535,0,1,34.98827,-85.24258,2,2026-07-04 16:00:00,2026,7,4,16,0,Saturday,16:00,Suspected Serious Injury,Daylight,Cloudy,Mail Box,None,EAST RIDGE POLICE DEPT,Other,-,-,-,-,-,-,-,-,-,-,-,Motorcyclist,-,Hamilton,East Ridge,7
114691,400585572,0,2,35.33021,-88.39634,8,2026-07-04 15:47:00,2026,7,4,15,47,Saturday,15:47,Suspected Serious Injury,Daylight,Clear,Ditch,None,THP District 8 - Jackson,THP,Unbelted,-,-,-,-,Speeding,-,-,-,-,-,-,-,McNairy,Not in City Limit,7
114692,400585576,0,4,35.63746,-86.98139,7,2026-07-04 15:56:00,2026,7,4,15,56,Saturday,15:56,Suspected Serious Injury,Daylight,Clear,Motor Vehicle-In-Transport On Same Roadway,None,COLUMBIA POLICE DEPT,Other,Unbelted,-,-,-,-,-,-,-,-,-,ATV_Involved,-,-,Maury,Not in City Limit,7
114699,400585742,0,1,35.27003,-89.65034,4,2026-06-29 03:15:00,2026,6,29,3,15,Monday,03:15,Suspected Serious Injury,Dark-Not Lighted,Clear,Bridge/Overhead Structure,Construction Zone,THP District 4 - Memphis,THP,Unbelted,-,-,-,-,-,-,-,-,-,ATV_Involved,-,-,Shelby,Arlington,2
114706,400585787,0,1,36.57676,-87.21943,3,2026-07-04 18:10:00,2026,7,4,18,10,Saturday,18:10,Suspected Serious Injury,Daylight,Clear,"Over Turn, Roll Over",None,THP District 3 - Nashville,THP,-,-,-,-,-,-,-,-,-,ATV_Involved,-,-,-,Montgomery,Not in City Limit,7
114711,400585820,0,1,36.17097,-86.80067,3,2026-07-04 20:10:00,2026,7,4,20,10,Saturday,20:10,Suspected Serious Injury,Dark-Lighted,Clear,Motor Vehicle-In-Transport On Same Roadway,None,METROPOLITAN NASHVILLE POLICE DEPT,Other,Unbelted,-,-,-,-,-,-,-,-,-,-,Motorcyclist,-,Davidson,Nashville,7
114714,400585850,1,0,36.42977,-84.54367,1,2026-07-04 16:58:00,2026,7,4,16,58,Saturday,16:58,Fatal,Daylight,Clear,Railway Train,None,THP District 1 - Knoxville,THP,-,-,Drinking,-,-,-,-,-,-,ATV_Involved,-,-,-,Scott,Not in City Limit,7
114715,400585856,2,0,36.09351,-82.9388,5,2026-07-03 19:50:00,2026,7,3,19,50,Friday,19:50,Fatal,Dusk,Cloudy,Ditch,None,THP District 5 - Fall Branch,THP,Unbelted,-,-,Drug,-,-,-,-,-,-,-,-,-,Greene,Not in City Limit,6
114720,400585904,0,1,35.84637,-86.49319,3,2026-07-04 00:00:00,2026,7,4,24,0,Saturday,24:00,Suspected Serious Injury,Dark-Lighted,Cloudy,Motor Vehicle-In-Transport On Same Roadway,None,MURFREESBORO POLICE DEPT,Other,Unbelted,-,Drinking,-,-,-,-,-,-,-,ATV_Involved,-,-,Rutherford,Murfreesboro,7
114722,400585915,0,2,36.07899,-86.33943,3,2026-06-27 23:53:00,2026,6,27,23,53,Saturday,23:53,Suspected Serious Injury,Dark-Not Lighted,Clear,Motor Vehicle-In-Transport On Same Roadway,None,THP District 3 - Nashville,THP,Unbelted,-,-,-,-,-,-,-,-,-,-,-,-,Wilson,Not in City Limit,7
114724,400585927,0,1,35.54411,-89.69253,4,2026-07-04 22:55:00,2026,7,4,22,55,Saturday,22:55,Suspected Serious Injury,Dark-Not Lighted,Clear,Motor Vehicle-In-Transport On Same Roadway,None,THP District 4 - Memphis,THP,-,Distracted,-,-,-,-,-,-,-,ATV_Involved,-,-,-,Tipton,Not in City Limit,7
114731,400585974,0,1,35.26258,-87.31568,7,2026-07-04 21:28:00,2026,7,4,21,28,Saturday,21:28,Suspected Serious Injury,Dark-Lighted,Clear,Motor Vehicle-In-Transport On Same Roadway,None,LAWRENCEBURG POLICE DEPT,Other,Unbelted,-,-,-,-,-,-,-,-,-,-,Motorcyclist,-,Lawrence,Lawrenceburg,7
114738,400586005,0,1,36.10996,-86.77885,3,2026-07-05 03:25:00,2026,7,5,3,25,Sunday,03:25,Suspected Serious Injury,Dark-Lighted,Clear,Ditch,None,METROPOLITAN NASHVILLE POLICE DEPT,Other,Unbelted,-,Drinking,-,-,-,-,-,-,-,-,-,-,Davidson,Nashville,1
114742,400586029,0,1,35.89958,-85.94434,6,2026-07-04 00:00:00,2026,7,4,24,0,Saturday,24:00,Suspected Serious Injury,Dark-Not Lighted,Clear,Ditch,None,CANNON CO SHERIFFS DEPT,Other,-,-,Drinking,-,-,-,-,-,-,-,-,Motorcyclist,-,Cannon,Not in City Limit,7
114753,400586191,0,1,36.55816,-85.99017,6,2026-07-04 14:40:00,2026,7,4,14,40,Saturday,14:40,Suspected Serious Injury,Daylight,Clear,Motor Vehicle-In-Transport On Same Roadway,None,MACON CO SHERIFFS OFFICE,Other,Unbelted,-,-,-,-,-,-,-,-,ATV_Involved,-,-,-,Macon,Not in City Limit,7
114761,400586312,0,1,35.34384,-84.77672,2,2026-07-05 09:50:00,2026,7,5,9,50,Sunday,09:50,Suspected Serious Injury,Daylight,Clear,Standing Tree,None,THP District 2 - Chattanooga,THP,Unbelted,-,-,-,-,-,-,-,-,-,-,-,-,McMinn,Not in City Limit,1
114763,400586359,1,1,35.86726,-87.94025,8,2026-07-05 11:50:00,2026,7,5,11,50,Sunday,11:50,Fatal,Daylight,Cloudy,"Over Turn, Roll Over",None,THP District 8 - Jackson,THP,-,-,-,Drug,-,-,-,-,-,-,-,Motorcyclist,-,Benton,Not in City Limit,1
114766,400586371,0,1,35.28319,-85.74058,2,2026-07-04 08:47:00,2026,7,4,8,47,Saturday,08:47,Suspected Serious Injury,Daylight,Clear,Boulder,None,GRUNDY CO SHERIFFS OFFICE,Other,Unbelted,-,-,-,-,-,-,-,-,-,-,-,-,Grundy,Not in City Limit,7
114770,400586395,0,1,35.88588,-84.22051,1,2026-07-05 13:59:00,2026,7,5,13,59,Sunday,13:59,Suspected Serious Injury,Daylight,Rain,Motor Vehicle-In-Transport On Same Roadway,None,THP District 1 - Knoxville,THP,Unbelted,Distracted,-,-,-,-,-,-,-,-,-,Motorcyclist,-,Knox,Farragut,1
114772,400586405,0,3,36.19758,-83.15145,5,2026-07-02 17:06:00,2026,7,2,17,6,Thursday,17:06,Suspected Serious Injury,Daylight,Clear,Ditch,None,THP District 5 - Fall Branch,THP,Unbelted,-,-,-,-,-,-,-,-,-,-,-,-,Hamblen,Not in City Limit,5
114774,400586411,0,3,36.46086,-85.36118,6,2026-07-04 15:02:00,2026,7,4,15,2,Saturday,15:02,Suspected Serious Injury,Daylight,Clear,Motor Vehicle-In-Transport On Same Roadway,None,THP District 6 - Cookeville,THP,Unbelted,-,-,-,-,-,-,-,-,-,-,-,-,Overton,Not in City Limit,7
114789,400586641,0,4,35.35461,-86.1089,2,2026-07-02 23:25:00,2026,7,2,23,25,Thursday,23:25,Suspected Serious Injury,Dark-Not Lighted,Clear,Motor Vehicle-In-Transport On Same Roadway,None,THP District 2 - Chattanooga,THP,Unbelted,Distracted,Drinking,Drug,-,-,-,-,-,-,-,-,-,Franklin,OTHER,5
114790,400586642,0,1,36.43239,-89.007,8,2026-07-01 03:35:00,2026,7,1,3,35,Wednesday,03:35,Suspected Serious Injury,Dark-Not Lighted,Clear,Deer,None,OBION CO SHERIFFS DEPT,Other,-,-,-,-,-,-,-,-,-,-,-,Motorcyclist,-,Obion,Not in City Limit,4
114794,400586696,0,1,35.83753,-83.9844,1,2026-07-05 18:47:00,2026,7,5,18,47,Sunday,18:47,Suspected Serious Injury,Daylight,Clear,Fell/Jumped From Vehicle,None,ALCOA POLICE DEPARTMENT,Other,-,-,-,-,-,-,-,-,-,-,-,Motorcyclist,-,Blount,Alcoa,1
114799,400586747,0,1,35.46416,-85.65175,2,2026-07-05 03:37:00,2026,7,5,3,37,Sunday,03:37,Suspected Serious Injury,Dark-Not Lighted,Clear,Motor Vehicle-In-Transport On Same Roadway,None,GRUNDY CO SHERIFFS OFFICE,Other,Unbelted,-,-,-,-,-,-,-,-,ATV_Involved,-,-,-,Grundy,Beersheba Springs,1
114814,400586877,1,0,36.08106,-86.72676,3,2026-07-06 00:05:00,2026,7,6,0,5,Monday,00:05,Fatal,Dark-Lighted,Clear,Pedestrian,None,METROPOLITAN NASHVILLE POLICE DEPT,Other,Unbelted,-,-,-,-,-,-,Pedestrian,-,-,-,-,-,Davidson,Nashville,2
114819,400586933,0,3,36.42551,-87.06154,3,2026-07-05 05:57:00,2026,7,5,5,57,Sunday,05:57,Suspected Serious Injury,Dawn,Clear,Motor Vehicle-In-Transport On Same Roadway,None,THP District 3 - Nashville,THP,Unbelted,-,Drinking,Drug,-,-,-,-,-,-,-,-,-,Robertson,Not in City Limit,1
114839,400587208,0,1,35.06638,-89.73161,4,2026-07-03 00:58:00,2026,7,3,0,58,Friday,00:58,Suspected Serious Injury,Dark-Lighted,Clear,Curb,None,COLLIERVILLE POLICE DEPT,Other,Unbelted,-,-,-,-,-,-,-,-,-,-,-,-,Shelby,Collierville,6
114842,400587228,0,2,36.17813,-86.75164,3,2026-07-02 21:30:00,2026,7,2,21,30,Thursday,21:30,Suspected Serious Injury,Dark-Lighted,Clear,Motor Vehicle-In-Transport On Same Roadway,None,METROPOLITAN NASHVILLE POLICE DEPT,Other,Unbelted,-,-,-,-,-,-,-,-,-,-,-,-,Davidson,Nashville,5
114845,400587261,0,1,35.80623,-83.52252,1,2026-07-06 12:05:00,2026,7,6,12,5,Monday,12:05,Suspected Serious Injury,Daylight,Clear,Embankment Earth,None,THP District 1 - Knoxville,THP,Unbelted,-,-,-,-,-,-,-,-,-,-,-,-,Sevier,Not in City Limit,2
114851,400587339,0,3,35.24192,-85.86224,2,2026-07-06 11:20:00,2026,7,6,11,20,Monday,11:20,Suspected Serious Injury,Daylight,Clear,Concrete Traffic Barrier,None,THP District 2 - Chattanooga,THP,Unbelted,-,-,-,-,-,-,-,-,-,-,-,-,Grundy,Not in City Limit,2
114871,400587609,0,1,35.66914,-88.84964,8,2026-07-06 16:20:00,2026,7,6,16,20,Monday,16:20,Suspected Serious Injury,Daylight,Clear,Motor Vehicle-In-Transport On Same Roadway,None,JACKSON POLICE DEPT,Other,Unbelted,-,-,-,-,-,-,-,-,-,-,-,-,Madison,Jackson,2
114872,400587622,0,1,36.51422,-82.3722,5,2026-07-06 15:18:00,2026,7,6,15,18,Monday,15:18,Suspected Serious Injury,Daylight,Clear,Motor Vehicle-In-Transport On Same Roadway,None,THP District 5 - Fall Branch,THP,Unbelted,-,-,-,-,-,-,-,-,-,-,-,-,Sullivan,Not in City Limit,2
114887,400587727,0,1,35.91926,-84.90791,6,2026-07-06 14:06:00,2026,7,6,14,6,Monday,14:06,Suspected Serious Injury,Daylight,Clear,Shrubbery,None,THP District 6 - Cookeville,THP,Unbelted,-,-,Drug,-,-,-,-,-,-,-,-,-,Cumberland,Crab Orchard,2
114894,400587795,0,1,36.5429,-85.31703,6,2026-07-06 19:00:00,2026,7,6,19,0,Monday,19:00,Suspected Serious Injury,Dusk,Cloudy,Ditch,None,THP District 6 - Cookeville,THP,Unbelted,-,-,-,-,-,-,-,-,-,-,-,-,Clay,Not in City Limit,2
114903,400587869,0,1,36.55067,-82.1028,5,2026-07-02 21:30:00,2026,7,2,21,30,Thursday,21:30,Suspected Serious Injury,Dark-Not Lighted,Clear,Motor Vehicle-In-Transport On Same Roadway,None,THP District 5 - Fall Branch,THP,Unbelted,-,-,-,-,-,-,-,-,-,-,Motorcyclist,-,Sullivan,Not in City Limit,5
114915,400588005,1,1,36.26468,-88.30306,8,2026-07-06 16:52:00,2026,7,6,16,52,Monday,16:52,Fatal,Daylight,Cloudy,Motor Vehicle-In-Transport On Same Roadway,None,THP District 8 - Jackson,THP,Unbelted,-,-,-,-,-,-,-,-,-,-,-,-,Henry,Not in City Limit,2
114925,400588131,0,3,36.13208,-86.72717,3,2026-07-07 00:06:00,2026,7,7,0,6,Tuesday,00:06,Suspected Serious Injury,Dark-Not Lighted,Clear,Embankment Rock/Stone/Concrete,None,THP District 3 - Nashville,THP,Unbelted,-,-,-,-,-,-,-,-,-,-,-,-,Davidson,Nashville,3
114944,400588420,0,3,35.72147,-84.35597,1,2026-07-07 00:00:00,2026,7,7,24,0,Tuesday,24:00,Suspected Serious Injury,Daylight,Clear,Motor Vehicle-In-Transport On Same Roadway,None,LOUDON POLICE DEPT,Other,Unbelted,-,-,-,-,-,-,-,-,-,-,-,-,Loudon,Loudon,3
114948,400588464,0,2,36.26334,-86.7146,3,2026-07-07 12:15:00,2026,7,7,12,15,Tuesday,12:15,Suspected Serious Injury,Daylight,Clear,Motor Vehicle-In-Transport On Same Roadway,None,METROPOLITAN NASHVILLE POLICE DEPT,Other,Unbelted,-,-,-,-,-,-,-,-,-,-,-,-,Davidson,Nashville,3
114955,400588523,1,0,36.10333,-86.66659,3,2026-07-06 18:31:00,2026,7,6,18,31,Monday,18:31,Fatal,Daylight,Cloudy,Motor Vehicle-In-Transport On Same Roadway,None,METROPOLITAN NASHVILLE POLICE DEPT,Other,Unbelted,-,-,-,-,Speeding,-,-,-,-,-,-,-,Davidson,Nashville,2
114968,400588669,0,1,35.83604,-86.83337,3,2026-07-06 09:17:00,2026,7,6,9,17,Monday,09:17,Suspected Serious Injury,Daylight,Clear,"Over Turn, Roll Over",None,THP District 3 - Nashville,THP,Unbelted,-,-,-,-,-,-,-,-,-,ATV_Involved,-,-,Williamson,Franklin,2
114996,400588887,0,1,35.92796,-84.05888,1,2026-07-07 17:05:00,2026,7,7,17,5,Tuesday,17:05,Suspected Serious Injury,Daylight,Clear,Motor Vehicle-In-Transport On Same Roadway,None,KNOXVILLE POLICE DEPT,Other,Unbelted,-,-,-,-,-,-,-,-,-,-,-,-,Knox,Knoxville,3
114998,400588923,0,1,35.83202,-88.38977,8,2026-07-07 15:42:00,2026,7,7,15,42,Tuesday,15:42,Suspected Serious Injury,Daylight,Cloudy,Ditch,None,THP District 8 - Jackson,THP,Unbelted,-,-,-,Drowsy,-,-,-,-,-,ATV_Involved,-,-,Carroll,Not in City Limit,3
115035,400589357,0,2,35.83081,-83.97369,1,2026-07-08 06:52:00,2026,7,8,6,52,Wednesday,06:52,Suspected Serious Injury,Dawn,Clear,Motor Vehicle-In-Transport On Same Roadway,None,ALCOA POLICE DEPARTMENT,Other,Unbelted,-,-,-,-,-,-,-,-,-,-,-,-,Blount,Alcoa,4
115050,400589483,0,2,35.87732,-83.57192,1,2026-07-08 12:32:00,2026,7,8,12,32,Wednesday,12:32,Suspected Serious Injury,Daylight,Clear,"Over Turn, Roll Over",None,SEVIERVILLE POLICE DEPT,Other,Unbelted,-,-,-,-,-,-,-,-,-,-,Motorcyclist,-,Sevier,Sevierville,4
115053,400589511,1,0,35.46249,-89.39994,4,2026-07-08 10:40:00,2026,7,8,10,40,Wednesday,10:40,Fatal,Daylight,Cloudy,Railway Train,None,THP District 4 - Memphis,THP,Unbelted,-,-,-,-,-,-,-,-,-,ATV_Involved,-,-,Haywood,Stanton,4
115068,400589665,0,1,36.05131,-89.38174,8,2026-07-08 13:31:00,2026,7,8,13,31,Wednesday,13:31,Suspected Serious Injury,Daylight,Clear,Utility Pole,None,DYERSBURG POLICE DEPT,Other,Unbelted,-,-,-,-,-,-,-,-,-,-,-,-,Dyer,Dyersburg,4
115071,400589715,0,3,35.83033,-86.41287,3,2026-07-08 14:48:00,2026,7,8,14,48,Wednesday,14:48,Suspected Serious Injury,Daylight,Clear,Motor Vehicle-In-Transport On Same Roadway,None,MURFREESBORO POLICE DEPT,Other,Unbelted,-,-,-,-,-,-,-,-,-,-,-,-,Rutherford,Murfreesboro,4
115084,400589787,0,1,36.24485,-86.63786,3,2026-07-07 16:57:00,2026,7,7,16,57,Tuesday,16:57,Suspected Serious Injury,Daylight,Cloudy,Motor Vehicle-In-Transport On Same Roadway,None,METROPOLITAN NASHVILLE POLICE DEPT,Other,Unbelted,-,-,-,-,-,-,-,-,-,ATV_Involved,Motorcyclist,-,Davidson,Nashville,3
115113,400590074,0,2,36.39763,-86.33278,3,2026-07-08 19:03:00,2026,7,8,19,3,Wednesday,19:03,Suspected Serious Injury,Dusk,Cloudy,Motor Vehicle-In-Transport On Same Roadway,None,THP District 3 - Nashville,THP,Unbelted,-,Drinking,Drug,-,-,-,-,-,-,-,-,-,Sumner,Not in City Limit,4
115121,400590135,0,1,36.26781,-86.61814,3,2026-07-08 22:00:00,2026,7,8,22,0,Wednesday,22:00,Suspected Serious Injury,Dark-Lighted,Clear,Pedestrian,None,HENDERSONVILLE POLICE DEPT,Other,Unbelted,-,-,-,-,-,-,Pedestrian,-,-,-,-,-,Sumner,Hendersonville,4
115122,400590144,0,1,35.84762,-84.67488,1,2026-07-03 20:24:00,2026,7,3,20,24,Friday,20:24,Suspected Serious Injury,Daylight,Rain,Ditch,None,THP District 1 - Knoxville,THP,-,-,-,-,-,-,-,-,-,-,-,Motorcyclist,-,Roane,Not in City Limit,6
115123,400590146,0,4,35.83725,-86.67117,3,2026-07-08 23:47:00,2026,7,8,23,47,Wednesday,23:47,Suspected Serious Injury,Dark-Not Lighted,Cloudy,Standing Tree,None,THP District 3 - Nashville,THP,Unbelted,-,-,-,-,-,-,-,-,-,-,-,-,Williamson,Not in City Limit,4
115125,400590184,0,1,36.08848,-86.70177,3,2026-07-09 05:30:00,2026,7,9,5,30,Thursday,05:30,Suspected Serious Injury,Dark-Lighted,Clear,Motor Vehicle-In-Transport On Same Roadway,None,METROPOLITAN NASHVILLE POLICE DEPT,Other,Unbelted,-,-,-,-,-,-,-,-,-,ATV_Involved,Motorcyclist,-,Davidson,Nashville,5
115128,400590208,0,1,36.01645,-84.04859,1,2026-07-05 12:47:00,2026,7,5,12,47,Sunday,12:47,Suspected Serious Injury,Daylight,Cloudy,Motor Vehicle-In-Transport On Same Roadway,None,THP District 1 - Knoxville,THP,Unbelted,-,-,-,-,-,-,-,-,-,-,-,-,Knox,Not in City Limit,1
115130,400590229,1,0,36.0656,-83.75371,1,2026-07-08 12:06:00,2026,7,8,12,6,Wednesday,12:06,Fatal,Daylight,Clear,Standing Tree,None,KNOX CO SHERIFFS OFFICE,Other,Unbelted,-,-,Drug,-,-,-,-,-,-,-,-,-,Knox,Not in City Limit,4
115135,400590254,0,1,36.29757,-88.39356,8,2026-07-03 13:19:00,2026,7,3,13,19,Friday,13:19,Suspected Serious Injury,Daylight,Clear,Motor Vehicle-In-Transport On Same Roadway,None,THP District 8 - Jackson,THP,Unbelted,-,-,-,-,-,-,-,-,-,-,-,-,Henry,Not in City Limit,6
115144,400590353,0,1,35.67106,-84.14267,1,2026-07-05 13:31:00,2026,7,5,13,31,Sunday,13:31,Suspected Serious Injury,Daylight,Clear,Fence,None,BLOUNT CO SHERIFFS DEPT,Other,-,-,-,-,-,Speeding,-,-,-,-,-,Motorcyclist,-,Blount,Not in City Limit,1
115161,400590544,0,1,35.0517,-89.7326,4,2026-07-04 23:58:00,2026,7,4,23,58,Saturday,23:58,Suspected Serious Injury,Dark-Lighted,Clear,Paved Surface-Irregular,None,COLLIERVILLE POLICE DEPT,Other,Unbelted,-,Drinking,-,-,Speeding,-,-,-,-,-,-,-,Shelby,Collierville,7
115168,400590621,0,2,35.30444,-87.30414,7,2026-07-08 05:30:00,2026,7,8,5,30,Wednesday,05:30,Suspected Serious Injury,Dawn,Fog,Motor Vehicle-In-Transport On Same Roadway,None,THP District 7 - Lawrenceburg,THP,Unbelted,-,-,-,-,-,-,-,-,-,ATV_Involved,-,-,Lawrence,Ethridge,4
115169,400590624,0,1,36.31922,-84.13607,1,2026-07-09 06:45:00,2026,7,9,6,45,Thursday,06:45,Suspected Serious Injury,Dawn,Fog,Motor Vehicle-In-Transport On Same Roadway,None,CAMPBELL CO SHERIFFS DEPT,Other,Unbelted,-,-,-,-,-,-,-,-,-,-,-,-,Campbell,Jacksboro,5
115172,400590670,0,4,35.43699,-85.74734,2,2026-07-09 12:31:00,2026,7,9,12,31,Thursday,12:31,Suspected Serious Injury,Daylight,Clear,Motor Vehicle-In-Transport On Same Roadway,None,GRUNDY CO SHERIFFS OFFICE,Other,Unbelted,-,-,-,-,-,-,-,-,-,-,-,-,Grundy,Altamont,5
115189,400590851,0,1,36.00802,-84.26375,1,2026-07-09 16:25:00,2026,7,9,16,25,Thursday,16:25,Suspected Serious Injury,Daylight,Clear,Motor Vehicle-In-Transport On Same Roadway,None,OAK RIDGE POLICE DEPT,Other,Unbelted,-,-,-,-,-,-,-,-,-,-,-,-,Anderson,Oak Ridge,5
115195,400590907,0,3,35.17844,-84.95963,2,2026-07-09 16:08:00,2026,7,9,16,8,Thursday,16:08,Suspected Serious Injury,Daylight,Cloudy,Motor Vehicle-In-Transport On Same Roadway,None,THP District 2 - Chattanooga,THP,Unbelted,-,-,-,-,-,-,-,-,-,-,-,-,Bradley,Not in City Limit,5
115206,400591013,0,2,36.19321,-82.80426,5,2026-07-09 18:18:00,2026,7,9,18,18,Thursday,18:18,Suspected Serious Injury,Daylight,Clear,Standing Tree,None,THP District 5 - Fall Branch,THP,Unbelted,-,-,-,-,-,-,-,-,-,-,-,-,Greene,Greeneville,5
115209,400591026,0,1,35.66743,-88.81331,8,2026-07-09 16:50:00,2026,7,9,16,50,Thursday,16:50,Suspected Serious Injury,Daylight,Clear,Motor Vehicle-In-Transport On Same Roadway,None,JACKSON POLICE DEPT,Other,Unbelted,-,-,-,-,-,-,-,-,-,-,-,-,Madison,Jackson,5