OBJECTID,MRN,Fatality,Injury,Latitude,Longitude,THP_District,Collision_Date,Collision_Year,Collision_Month,Collision_Day,Collision_Hour,Collision_Min,Collision_DOW,Collision_Time,Crash_Type,Light_Condition,Weather,First_Harmfu_Event,Work_Zone_Type,Agency_Name,THP,Unbelted,Distracted_Driver,Driver_Drinking,Driver_Drugged,Drowsy_Driver,Speeding_Involved,Pedalcyclist,Pedestrian,Other_Nonmotorist,ATV_Involved,LargeTruck_Involved,Motorcycle_Involved,SchoolBus,County,City,DOW_Nmb
116461,400605803,0,1,35.45708,-86.02574,2,2026-07-22 21:03:00,2026,7,22,21,3,Wednesday,21:03,Suspected Serious Injury,Dark-Not Lighted,Clear,Pedestrian,None,MANCHESTER POLICE DEPT,Other,Unbelted,-,-,-,-,-,-,Pedestrian,-,-,-,-,-,Coffee,Manchester,4
116466,400605853,1,0,35.9118,-87.1631,3,2026-07-23 02:08:00,2026,7,23,2,8,Thursday,02:08,Fatal,Dark-Not Lighted,Clear,Bridge/Pier Abutment,None,THP District 3 - Nashville,THP,Unbelted,-,-,-,-,-,-,-,-,-,-,-,-,Williamson,Not in City Limit,5
116479,400606057,1,1,36.00496,-83.7584,1,2026-07-23 03:10:00,2026,7,23,3,10,Thursday,03:10,Fatal,Dark-Lighted,Rain,Ditch,None,KNOXVILLE POLICE DEPT,Other,Unbelted,Distracted,-,-,-,-,-,-,-,-,-,-,-,Knox,Knoxville,5
116485,400606116,1,1,35.97569,-84.00765,1,2026-07-23 06:37:00,2026,7,23,6,37,Thursday,06:37,Fatal,Dawn,Cloudy,Motor Vehicle-In-Transport On Same Roadway,None,KNOXVILLE POLICE DEPT,Other,Unbelted,-,-,-,-,-,-,-,-,-,-,Motorcyclist,-,Knox,Knoxville,5
116499,400606263,0,1,35.63483,-89.20034,4,2026-07-23 11:30:00,2026,7,23,11,30,Thursday,11:30,Suspected Serious Injury,Daylight,Clear,Motor Vehicle-In-Transport On Same Roadway,Construction Zone,THP District 4 - Memphis,THP,Unbelted,Distracted,-,-,-,-,-,-,-,-,-,-,-,Haywood,Not in City Limit,5
116503,400606324,0,1,36.52708,-82.21321,5,2026-07-23 11:37:00,2026,7,23,11,37,Thursday,11:37,Suspected Serious Injury,Daylight,Clear,"Over Turn, Roll Over",None,THP District 5 - Fall Branch,THP,Unbelted,-,-,-,-,Speeding,-,-,-,-,ATV_Involved,-,-,Sullivan,Bristol,5
116515,400606521,0,1,35.485,-86.45966,7,2026-07-23 15:34:00,2026,7,23,15,34,Thursday,15:34,Suspected Serious Injury,Daylight,Cloudy,Motor Vehicle-In-Transport On Same Roadway,None,SHELBYVILLE POLICE DEPT,Other,Unbelted,-,-,-,-,-,-,-,-,-,-,-,-,Bedford,Shelbyville,5
116525,400606647,0,2,35.98946,-83.97062,1,2026-07-23 14:14:00,2026,7,23,14,14,Thursday,14:14,Suspected Serious Injury,Daylight,Cloudy,Motor Vehicle-In-Transport On Same Roadway,None,KNOXVILLE POLICE DEPT,Other,Unbelted,-,-,-,-,-,-,-,-,-,-,-,-,Knox,Knoxville,5
116532,400606766,0,2,36.17417,-86.48841,3,2026-07-23 04:25:00,2026,7,23,4,25,Thursday,04:25,Suspected Serious Injury,Dark-Lighted,Clear,Motor Vehicle-In-Transport On Same Roadway,None,MOUNT JULIET POLICE DEPT,Other,Unbelted,-,-,-,-,-,-,-,-,-,-,-,-,Wilson,Mount Juliet,5
116536,400606787,0,1,35.32993,-87.6227,7,2026-07-21 13:00:00,2026,7,21,13,0,Tuesday,13:00,Suspected Serious Injury,Daylight,Clear,Embankment Rock/Stone/Concrete,Construction Zone,THP District 7 - Lawrenceburg,THP,Unbelted,-,-,-,-,-,-,-,-,-,-,-,-,Wayne,Not in City Limit,3
116537,400606793,0,1,36.25261,-82.32132,5,2026-07-22 19:47:00,2026,7,22,19,47,Wednesday,19:47,Suspected Serious Injury,Dusk,Rain,Standing Tree,None,THP District 5 - Fall Branch,THP,Unbelted,-,-,-,-,-,-,-,-,-,-,-,-,Unicoi,Unicoi,4
116538,400606805,0,3,35.86839,-88.39243,8,2026-07-23 16:40:00,2026,7,23,16,40,Thursday,16:40,Suspected Serious Injury,Daylight,Clear,Motor Vehicle-In-Transport On Same Roadway,None,THP District 8 - Jackson,THP,Unbelted,-,-,-,Drowsy,-,-,-,-,-,-,-,-,Carroll,Clarksburg,5
116547,400606917,0,2,35.78699,-83.94582,1,2026-07-23 17:29:00,2026,7,23,17,29,Thursday,17:29,Suspected Serious Injury,Daylight,Clear,Motor Vehicle-In-Transport On Same Roadway,None,BLOUNT CO SHERIFFS DEPT,Other,Unbelted,-,-,-,-,-,-,-,-,-,-,-,-,Blount,Not in City Limit,5
116558,400606985,0,1,35.58684,-87.00817,7,2026-07-23 00:27:00,2026,7,23,0,27,Thursday,00:27,Suspected Serious Injury,Dark-Not Lighted,Clear,Ditch,None,THP District 7 - Lawrenceburg,THP,Unbelted,-,Drinking,Drug,-,-,-,-,-,-,-,-,-,Maury,Not in City Limit,5
116561,400607008,0,1,36.12399,-86.74796,3,2026-07-24 02:50:00,2026,7,24,2,50,Friday,02:50,Suspected Serious Injury,Dark-Lighted,Clear,Concrete Traffic Barrier,None,METROPOLITAN NASHVILLE POLICE DEPT,Other,Unbelted,-,-,-,-,-,-,-,-,-,-,-,-,Davidson,Nashville,6
116562,400607026,0,2,36.08527,-86.5646,3,2026-07-24 05:22:00,2026,7,24,5,22,Friday,05:22,Suspected Serious Injury,Dark-Not Lighted,Clear,Motor Vehicle-In-Transport On Same Roadway,None,METROPOLITAN NASHVILLE POLICE DEPT,Other,Unbelted,-,-,-,-,-,-,-,-,-,-,-,-,Davidson,Nashville,6
116563,400607032,0,4,36.25389,-82.31307,5,2026-07-24 03:00:00,2026,7,24,3,0,Friday,03:00,Suspected Serious Injury,Dark-Not Lighted,Rain,Embankment Earth,None,THP District 5 - Fall Branch,THP,Unbelted,-,Drinking,Drug,-,-,-,-,-,-,-,-,-,Unicoi,Unicoi,6
116567,400607072,0,1,35.95195,-84.36352,1,2026-07-23 14:59:00,2026,7,23,14,59,Thursday,14:59,Suspected Serious Injury,Daylight,Clear,"Over Turn, Roll Over",None,OAK RIDGE POLICE DEPT,Other,Unbelted,-,Drinking,-,-,-,-,-,-,-,-,-,-,Roane,Oak Ridge,5
116572,400607313,1,1,35.84055,-84.2674,1,2026-07-15 14:52:00,2026,7,15,14,52,Wednesday,14:52,Fatal,Daylight,Cloudy,Motor Vehicle-In-Transport On Same Roadway,None,LENOIR CITY POLICE DEPT,Other,Unbelted,-,-,-,-,-,-,-,-,-,-,-,-,Loudon,Lenoir City,4
116576,400607340,0,1,36.01388,-84.27296,1,2026-07-23 17:48:00,2026,7,23,17,48,Thursday,17:48,Suspected Serious Injury,Daylight,Clear,Motor Vehicle-In-Transport On Same Roadway,None,OAK RIDGE POLICE DEPT,Other,Unbelted,-,-,-,-,-,-,-,-,-,-,-,-,Anderson,Oak Ridge,5
116578,400607428,0,5,35.87248,-84.32477,1,2026-07-20 16:08:00,2026,7,20,16,8,Monday,16:08,Suspected Serious Injury,Daylight,Clear,Motor Vehicle-In-Transport On Same Roadway,None,LENOIR CITY POLICE DEPT,Other,Unbelted,Distracted,-,-,-,-,-,-,-,-,-,-,-,Loudon,Lenoir City,2
116579,400607430,1,0,36.32891,-84.19267,1,2026-07-23 07:25:00,2026,7,23,7,25,Thursday,07:25,Fatal,Daylight,Clear,Pedestrian,None,JACKSBORO POLICE DEPT,Other,Unbelted,-,-,-,-,-,-,Pedestrian,-,-,-,-,-,Campbell,Jacksboro,5
116580,400607440,0,1,36.06041,-83.66895,5,2026-07-24 09:09:00,2026,7,24,9,9,Friday,09:09,Suspected Serious Injury,Daylight,Cloudy,Motor Vehicle-In-Transport On Same Roadway,None,THP District 5 - Fall Branch,THP,Unbelted,-,-,-,-,-,-,-,-,-,ATV_Involved,-,-,Jefferson,Not in City Limit,6
116622,400608036,0,4,36.01088,-85.74468,6,2026-07-23 18:44:00,2026,7,23,18,44,Thursday,18:44,Suspected Serious Injury,Daylight,Clear,Motor Vehicle-In-Transport On Same Roadway,None,THP District 6 - Cookeville,THP,Unbelted,-,-,-,-,-,-,-,-,-,-,-,-,DeKalb,Not in City Limit,5
116625,400608068,0,1,35.79465,-86.49717,3,2026-07-23 21:39:00,2026,7,23,21,39,Thursday,21:39,Suspected Serious Injury,Dark-Lighted,Clear,Mail Box,None,THP District 3 - Nashville,THP,Unbelted,Distracted,-,-,-,-,-,-,-,-,-,-,-,Rutherford,Not in City Limit,5
116642,400608310,1,0,35.44673,-87.09331,7,2026-07-24 17:39:00,2026,7,24,17,39,Friday,17:39,Fatal,Daylight,Cloudy,Ditch,None,THP District 7 - Lawrenceburg,THP,-,-,Drinking,-,-,-,-,-,-,-,-,Motorcyclist,-,Maury,Not in City Limit,6
116648,400608365,0,2,36.08208,-86.42842,3,2026-07-20 21:18:00,2026,7,20,21,18,Monday,21:18,Suspected Serious Injury,Dark-Not Lighted,Clear,Working Motor Vehicle,Construction Zone,THP District 3 - Nashville,THP,Unbelted,-,-,-,-,-,-,-,-,-,-,-,-,Wilson,Lebanon,2
116652,400608399,0,1,35.94398,-87.19308,3,2026-07-24 18:02:00,2026,7,24,18,2,Friday,18:02,Suspected Serious Injury,Daylight,Cloudy,Standing Tree,None,WILLIAMSON CO SHERIFFS OFFICE,Other,Unbelted,-,-,-,-,-,-,-,-,-,-,-,-,Williamson,Fairview,6
116653,400608456,1,0,36.33877,-83.74215,5,2026-07-24 23:06:00,2026,7,24,23,6,Friday,23:06,Fatal,Dark-Not Lighted,Clear,Guard Rail Face,None,THP District 5 - Fall Branch,THP,-,-,-,-,-,-,-,-,-,-,-,Motorcyclist,-,Union,Not in City Limit,6
116655,400608481,0,6,35.62301,-88.41874,8,2026-07-24 18:52:00,2026,7,24,18,52,Friday,18:52,Suspected Serious Injury,Daylight,Clear,Motor Vehicle-In-Transport On Same Roadway,None,LEXINGTON POLICE DEPT,Other,Unbelted,-,-,-,-,-,-,-,-,-,-,-,-,Henderson,Lexington,6
116657,400608504,0,1,34.98973,-85.20495,2,2026-07-25 00:35:00,2026,7,25,0,35,Saturday,00:35,Suspected Serious Injury,Dark-Lighted,Rain,Motor Vehicle-In-Transport On Same Roadway,None,EAST RIDGE POLICE DEPT,Other,Unbelted,-,-,-,-,-,-,-,-,-,-,-,-,Hamilton,East Ridge,7
116659,400608527,0,1,36.47237,-87.24098,3,2026-07-24 23:28:00,2026,7,24,23,28,Friday,23:28,Suspected Serious Injury,Dark-Not Lighted,Clear,Motor Vehicle-In-Transport On Same Roadway,None,THP District 3 - Nashville,THP,Unbelted,-,Drinking,-,-,-,-,-,-,-,-,Motorcyclist,-,Montgomery,Not in City Limit,6
116675,400608671,0,1,35.80095,-86.47237,3,2026-07-25 08:46:00,2026,7,25,8,46,Saturday,08:46,Suspected Serious Injury,Daylight,Rain,Motor Vehicle-In-Transport On Same Roadway,None,MURFREESBORO POLICE DEPT,Other,Unbelted,-,-,-,-,-,-,-,-,-,-,Motorcyclist,-,Rutherford,Murfreesboro,7
116688,400608850,0,3,36.34157,-83.05469,5,2026-07-25 13:05:00,2026,7,25,13,5,Saturday,13:05,Suspected Serious Injury,Daylight,Clear,Motor Vehicle-In-Transport On Same Roadway,None,THP District 5 - Fall Branch,THP,Unbelted,-,-,-,-,-,-,-,-,-,-,-,-,Hawkins,Not in City Limit,7
116712,400609168,0,9,36.4659,-82.54175,5,2026-07-25 14:49:00,2026,7,25,14,49,Saturday,14:49,Suspected Serious Injury,Daylight,Cloudy,Motor Vehicle-In-Transport On Same Roadway,None,THP District 5 - Fall Branch,THP,Unbelted,-,Drinking,Drug,-,-,-,Pedestrian,-,-,-,-,-,Sullivan,Kingsport,7
116715,400609223,0,2,35.68324,-84.49132,1,2026-07-25 19:01:00,2026,7,25,19,1,Saturday,19:01,Suspected Serious Injury,Daylight,Cloudy,Ditch,None,THP District 1 - Knoxville,THP,-,-,-,-,-,-,-,-,-,-,-,Motorcyclist,-,Loudon,Not in City Limit,7
116724,400609298,0,1,36.62627,-86.30586,3,2026-07-25 00:00:00,2026,7,25,24,0,Saturday,24:00,Suspected Serious Injury,Daylight,Clear,Standing Tree,None,THP District 3 - Nashville,THP,Unbelted,-,-,-,-,-,-,-,-,-,-,-,-,Sumner,Not in City Limit,7
116726,400609319,0,2,35.50783,-83.95364,1,2026-07-25 12:20:00,2026,7,25,12,20,Saturday,12:20,Suspected Serious Injury,Daylight,Clear,Motor Vehicle-In-Transport On Same Roadway,None,THP District 1 - Knoxville,THP,Unbelted,-,-,-,-,-,-,-,-,-,-,-,-,Blount,Not in City Limit,7
116738,400609399,0,4,36.15838,-86.62521,3,2026-07-25 22:29:00,2026,7,25,22,29,Saturday,22:29,Suspected Serious Injury,Dark-Not Lighted,Clear,Motor Vehicle-In-Transport On Same Roadway,None,THP District 3 - Nashville,THP,Unbelted,-,-,-,-,-,-,-,-,-,-,-,-,Davidson,Nashville,7
116743,400609452,0,2,35.49715,-89.7223,4,2026-07-26 02:00:00,2026,7,26,2,0,Sunday,02:00,Suspected Serious Injury,Dark-Not Lighted,Rain,Bridge/Parapet End,None,THP District 4 - Memphis,THP,Unbelted,Distracted,-,-,-,-,-,-,-,-,-,-,-,Tipton,Not in City Limit,1
116747,400609467,0,1,36.06119,-83.96102,1,2026-07-26 04:06:00,2026,7,26,4,6,Sunday,04:06,Suspected Serious Injury,Dark-Not Lighted,Rain,Ditch,None,KNOX CO SHERIFFS OFFICE,Other,-,-,-,-,-,-,-,-,-,-,-,Motorcyclist,-,Knox,Not in City Limit,1
116756,400609529,0,5,36.0674,-86.63112,3,2026-07-26 06:10:00,2026,7,26,6,10,Sunday,06:10,Suspected Serious Injury,Dark-Lighted,Cloudy,Motor Vehicle-In-Transport On Same Roadway,None,METROPOLITAN NASHVILLE POLICE DEPT,Other,Unbelted,-,-,-,-,Speeding,-,-,-,-,-,-,-,Davidson,Nashville,1
116766,400609787,1,0,35.78744,-83.94703,1,2026-07-25 14:35:00,2026,7,25,14,35,Saturday,14:35,Fatal,Daylight,Clear,Pedal-Cycle,None,THP District 1 - Knoxville,THP,Unbelted,-,-,-,-,-,Pedalcyclist,-,-,-,-,-,-,Blount,Not in City Limit,7
116771,400609846,0,1,35.34845,-86.20492,2,2026-07-26 10:46:00,2026,7,26,10,46,Sunday,10:46,Suspected Serious Injury,Daylight,Rain,Traffic Signal Support,None,TULLAHOMA POLICE DEPT,Other,Unbelted,Distracted,-,-,-,-,-,-,-,-,-,-,-,Coffee,Tullahoma,1
116792,400610137,0,1,35.74439,-83.62814,1,2026-07-26 16:00:00,2026,7,26,16,0,Sunday,16:00,Suspected Serious Injury,Daylight,Clear,Motor Vehicle-In-Transport On Same Roadway,None,THP District 1 - Knoxville,THP,Unbelted,-,-,-,-,-,-,-,-,-,-,Motorcyclist,-,Sevier,Not in City Limit,1
116795,400610163,0,1,35.77191,-84.02741,1,2026-07-26 17:01:00,2026,7,26,17,1,Sunday,17:01,Suspected Serious Injury,Daylight,Clear,Motor Vehicle-In-Transport On Same Roadway,None,BLOUNT CO SHERIFFS DEPT,Other,Unbelted,-,-,-,-,-,-,-,-,-,-,Motorcyclist,-,Blount,Not in City Limit,1
116805,400610338,0,1,35.93324,-84.00097,1,2026-07-26 19:57:00,2026,7,26,19,57,Sunday,19:57,Suspected Serious Injury,Daylight,Clear,Pedestrian,None,KNOXVILLE POLICE DEPT,Other,Unbelted,-,-,-,-,-,-,Pedestrian,-,-,-,-,-,Knox,Knoxville,1
116807,400610352,0,1,35.98317,-84.09178,1,2026-07-26 15:07:00,2026,7,26,15,7,Sunday,15:07,Suspected Serious Injury,Daylight,Clear,Motor Vehicle-In-Transport On Same Roadway,None,THP District 1 - Knoxville,THP,Unbelted,-,-,-,-,-,-,-,-,-,-,Motorcyclist,-,Knox,Not in City Limit,1
116809,400610365,0,1,36.05052,-84.10334,1,2026-07-25 21:44:00,2026,7,25,21,44,Saturday,21:44,Suspected Serious Injury,Dark-Not Lighted,Rain,Ditch,None,ANDERSON CO SHERIFFS DEPT,Other,Unbelted,-,-,-,-,-,-,-,-,-,-,-,-,Anderson,Not in City Limit,7
116812,400610385,1,1,35.96123,-86.56179,3,2026-07-25 22:42:00,2026,7,25,22,42,Saturday,22:42,Fatal,Dark-Lighted,Clear,Fell/Jumped From Vehicle,None,THP District 3 - Nashville,THP,Unbelted,Distracted,Drinking,-,-,-,-,-,-,-,-,-,-,Rutherford,Not in City Limit,7
116827,400610506,0,5,36.15824,-86.62503,3,2026-07-25 23:41:00,2026,7,25,23,41,Saturday,23:41,Suspected Serious Injury,Dark-Not Lighted,Clear,Motor Vehicle-In-Transport On Same Roadway,None,THP District 3 - Nashville,THP,Unbelted,-,Drinking,-,-,-,-,-,-,-,-,-,-,Davidson,Nashville,7
116855,400610777,0,1,35.94318,-85.32404,6,2026-07-27 07:44:00,2026,7,27,7,44,Monday,07:44,Suspected Serious Injury,Daylight,Clear,Ditch,None,WHITE CO SHERIFFS DEPT,Other,Unbelted,Distracted,-,-,Drowsy,-,-,-,-,-,-,-,-,White,Not in City Limit,2
116861,400610856,0,1,36.00554,-88.39504,8,2026-07-23 16:24:00,2026,7,23,16,24,Thursday,16:24,Suspected Serious Injury,Daylight,Clear,Motor Vehicle-In-Transport On Same Roadway,None,HUNTINGDON POLICE DEPT,Other,Unbelted,-,-,-,-,-,-,-,-,-,-,-,-,Carroll,Huntingdon,5
116867,400610987,0,1,35.95183,-86.20161,3,2026-07-27 11:30:00,2026,7,27,11,30,Monday,11:30,Suspected Serious Injury,Daylight,Clear,Ditch,None,THP District 3 - Nashville,THP,-,-,-,-,-,-,-,-,-,ATV_Involved,-,-,-,Rutherford,Not in City Limit,2
116870,400611015,0,1,35.64931,-84.6976,2,2026-07-27 10:05:00,2026,7,27,10,5,Monday,10:05,Suspected Serious Injury,Daylight,Clear,Embankment Earth,None,THP District 2 - Chattanooga,THP,Unbelted,-,-,-,-,-,-,-,-,-,-,-,-,Meigs,Not in City Limit,2
116872,400611066,0,3,35.58866,-87.01913,7,2026-07-27 12:43:00,2026,7,27,12,43,Monday,12:43,Suspected Serious Injury,Daylight,Clear,Motor Vehicle-In-Transport On Same Roadway,None,COLUMBIA POLICE DEPT,Other,Unbelted,-,-,-,-,-,-,-,-,-,-,-,-,Maury,Columbia,2
116875,400611088,0,4,35.4843,-84.63067,2,2026-07-23 19:20:00,2026,7,23,19,20,Thursday,19:20,Suspected Serious Injury,Daylight,Clear,Motor Vehicle-In-Transport On Same Roadway,None,THP District 2 - Chattanooga,THP,Unbelted,-,-,Drug,Drowsy,-,-,-,-,-,ATV_Involved,-,-,McMinn,Not in City Limit,5
116876,400611104,0,1,36.44507,-84.27743,1,2026-07-27 08:49:00,2026,7,27,8,49,Monday,08:49,Suspected Serious Injury,Daylight,Cloudy,Motor Vehicle-In-Transport On Same Roadway,None,THP District 1 - Knoxville,THP,Unbelted,-,-,-,Drowsy,-,-,-,-,-,ATV_Involved,-,-,Campbell,Not in City Limit,2
116877,400611111,0,3,35.21812,-88.3937,8,2026-07-23 15:58:00,2026,7,23,15,58,Thursday,15:58,Suspected Serious Injury,Daylight,Clear,Non-Motorist Personal Conveyance,None,THP District 8 - Jackson,THP,Unbelted,Distracted,-,-,-,-,-,Pedestrian,-,-,-,-,-,McNairy,Adamsville,5
116894,400611319,0,1,35.68876,-83.79813,1,2026-07-27 15:25:00,2026,7,27,15,25,Monday,15:25,Suspected Serious Injury,Daylight,Clear,Ditch,None,THP District 1 - Knoxville,THP,-,-,-,-,-,-,-,-,-,-,-,Motorcyclist,-,Blount,Not in City Limit,2
116898,400611366,0,1,35.33883,-86.20861,2,2026-07-27 16:08:00,2026,7,27,16,8,Monday,16:08,Suspected Serious Injury,Daylight,Clear,Ditch,None,TULLAHOMA POLICE DEPT,Other,-,-,-,-,-,-,-,-,-,-,-,Motorcyclist,-,Coffee,Tullahoma,2
116900,400611412,0,1,35.31902,-89.57236,4,2026-07-27 17:22:00,2026,7,27,17,22,Monday,17:22,Suspected Serious Injury,Daylight,Clear,Culvert,None,THP District 4 - Memphis,THP,Unbelted,Distracted,-,-,-,-,-,-,-,-,-,-,-,Fayette,Not in City Limit,2
116911,400611518,0,1,35.9198,-83.61946,1,2026-07-27 19:54:00,2026,7,27,19,54,Monday,19:54,Suspected Serious Injury,Dusk,Clear,Embankment Earth,None,THP District 1 - Knoxville,THP,-,-,-,-,-,-,-,-,-,-,-,Motorcyclist,-,Sevier,Not in City Limit,2
116920,400611622,1,0,35.90751,-84.33029,1,2026-07-28 00:00:00,2026,7,28,24,0,Tuesday,24:00,Fatal,Dark-Not Lighted,Clear,Standing Tree,None,OAK RIDGE POLICE DEPT,Other,Unbelted,-,-,-,-,-,-,-,-,-,-,-,-,Roane,Oak Ridge,3
116939,400611915,0,1,36.05598,-89.38051,8,2026-07-28 09:00:00,2026,7,28,9,0,Tuesday,09:00,Suspected Serious Injury,Daylight,Clear,Utility Pole,None,DYERSBURG POLICE DEPT,Other,Unbelted,-,-,-,-,Speeding,-,-,-,-,-,-,-,Dyer,Dyersburg,3
116942,400611989,0,1,36.45429,-82.5222,5,2026-07-28 10:51:00,2026,7,28,10,51,Tuesday,10:51,Suspected Serious Injury,Daylight,Clear,"Over Turn, Roll Over",None,THP District 5 - Fall Branch,THP,Unbelted,-,-,-,-,-,-,-,-,-,ATV_Involved,-,-,Sullivan,Kingsport,3
116947,400612076,0,1,35.44149,-87.27927,7,2026-07-28 09:59:00,2026,7,28,9,59,Tuesday,09:59,Suspected Serious Injury,Daylight,Clear,Motor Vehicle-In-Transport On Same Roadway,None,THP District 7 - Lawrenceburg,THP,Unbelted,-,-,-,-,-,-,-,-,-,-,Motorcyclist,-,Maury,Not in City Limit,3
116955,400612209,0,2,36.34125,-83.03676,5,2026-07-28 05:47:00,2026,7,28,5,47,Tuesday,05:47,Suspected Serious Injury,Dark-Not Lighted,Cloudy,Motor Vehicle-In-Transport On Same Roadway,None,THP District 5 - Fall Branch,THP,Unbelted,-,-,-,-,-,-,-,-,-,-,-,-,Hawkins,Not in City Limit,3
116958,400612252,0,1,36.13065,-83.2911,5,2026-07-28 10:50:00,2026,7,28,10,50,Tuesday,10:50,Suspected Serious Injury,Daylight,Rain,Guard Rail End,None,WHITE PINE POLICE DEPT,Other,Unbelted,-,-,-,-,-,-,-,-,-,-,-,-,Jefferson,White Pine,3
116966,400612342,0,1,36.20505,-83.30647,5,2026-07-28 15:37:00,2026,7,28,15,37,Tuesday,15:37,Suspected Serious Injury,Daylight,Cloudy,Motor Vehicle-In-Transport On Same Roadway,None,MORRISTOWN POLICE DEPT,Other,Unbelted,-,-,-,-,-,-,-,-,-,-,Motorcyclist,-,Hamblen,Morristown,3
116985,400612567,1,0,35.00146,-85.57465,2,2026-07-28 15:38:00,2026,7,28,15,38,Tuesday,15:38,Fatal,Daylight,Clear,Bridge/Parapet End,None,THP District 2 - Chattanooga,THP,Unbelted,-,-,Drug,-,-,-,-,-,-,-,-,-,Marion,Not in City Limit,3
116990,400612608,0,1,35.62404,-86.24768,7,2026-07-28 14:43:00,2026,7,28,14,43,Tuesday,14:43,Suspected Serious Injury,Daylight,Clear,Motor Vehicle-In-Transport On Same Roadway,None,THP District 7 - Lawrenceburg,THP,Unbelted,-,Drinking,Drug,-,-,-,-,-,-,-,-,-,Bedford,Not in City Limit,3
116992,400612619,0,1,36.23663,-85.40103,6,2026-07-27 05:24:00,2026,7,27,5,24,Monday,05:24,Suspected Serious Injury,Dark-Not Lighted,Clear,Motor Vehicle-In-Transport On Same Roadway,None,THP District 6 - Cookeville,THP,Unbelted,-,-,-,-,-,-,-,-,-,ATV_Involved,-,-,Overton,Not in City Limit,2
116995,400612641,0,1,35.28471,-88.22816,8,2026-07-25 22:52:00,2026,7,25,22,52,Saturday,22:52,Suspected Serious Injury,Dark-Not Lighted,Clear,Ditch,None,THP District 8 - Jackson,THP,Unbelted,-,-,-,-,-,-,-,-,-,-,-,-,Hardin,Not in City Limit,7
116997,400612650,0,5,35.80914,-86.20214,3,2026-07-22 17:30:00,2026,7,22,17,30,Wednesday,17:30,Suspected Serious Injury,Daylight,Clear,Motor Vehicle-In-Transport On Same Roadway,None,THP District 3 - Nashville,THP,Unbelted,Distracted,-,-,-,-,-,-,-,-,-,-,-,Rutherford,Not in City Limit,4
117006,400612782,0,2,36.25195,-87.03518,3,2026-07-20 04:57:00,2026,7,20,4,57,Monday,04:57,Suspected Serious Injury,Dark-Lighted,Clear,Motor Vehicle-In-Transport On Same Roadway,None,ASHLAND CITY POLICE DEPT,Other,Unbelted,-,-,-,-,-,-,-,-,-,-,-,-,Cheatham,Ashland City,2
117026,400613198,0,1,36.08386,-82.87123,5,2026-07-29 09:46:00,2026,7,29,9,46,Wednesday,09:46,Suspected Serious Injury,Daylight,Clear,Motor Vehicle-In-Transport On Same Roadway,None,THP District 5 - Fall Branch,THP,Unbelted,Distracted,-,-,-,-,-,-,-,-,-,-,-,Greene,Not in City Limit,4
117030,400613265,0,2,36.17361,-86.45723,3,2026-07-29 10:25:00,2026,7,29,10,25,Wednesday,10:25,Suspected Serious Injury,Daylight,Clear,Motor Vehicle-In-Transport On Same Roadway,None,MOUNT JULIET POLICE DEPT,Other,Unbelted,-,-,-,-,-,-,-,-,-,-,-,-,Wilson,Mount Juliet,4
117031,400613275,1,0,35.62382,-84.16724,1,2026-07-26 00:00:00,2026,7,26,24,0,Sunday,24:00,Fatal,Dark-Not Lighted,Clear,Embankment Earth,None,THP District 1 - Knoxville,THP,-,-,-,-,-,-,-,-,-,-,-,Motorcyclist,-,Loudon,Not in City Limit,1
117038,400613376,0,5,35.70862,-88.85535,8,2026-07-29 07:08:00,2026,7,29,7,8,Wednesday,07:08,Suspected Serious Injury,Daylight,Clear,Motor Vehicle-In-Transport On Same Roadway,None,JACKSON POLICE DEPT,Other,Unbelted,-,-,-,-,-,-,-,-,-,-,-,-,Madison,Jackson,4
117051,400613547,0,1,35.63872,-88.40305,8,2026-07-29 00:00:00,2026,7,29,24,0,Wednesday,24:00,Suspected Serious Injury,Daylight,Clear,Pedal-Cycle,None,LEXINGTON POLICE DEPT,Other,Unbelted,-,-,-,-,-,Pedalcyclist,-,-,-,-,-,-,Henderson,Lexington,4
117052,400613559,0,2,35.50205,-86.08624,2,2026-07-29 13:48:00,2026,7,29,13,48,Wednesday,13:48,Suspected Serious Injury,Daylight,Clear,Motor Vehicle-In-Transport On Same Roadway,None,MANCHESTER POLICE DEPT,Other,Unbelted,-,-,-,-,-,-,-,-,-,-,Motorcyclist,-,Coffee,Manchester,4
117061,400613637,0,1,35.40831,-85.01816,2,2026-07-29 13:31:00,2026,7,29,13,31,Wednesday,13:31,Suspected Serious Injury,Daylight,Clear,Motor Vehicle-In-Transport On Same Roadway,None,THP District 2 - Chattanooga,THP,Unbelted,-,-,-,-,-,-,-,-,-,-,Motorcyclist,-,Meigs,Not in City Limit,4
117072,400613767,1,2,36.01562,-84.04497,1,2026-07-28 19:14:00,2026,7,28,19,14,Tuesday,19:14,Fatal,Daylight,Clear,Motor Vehicle-In-Transport On Same Roadway,None,KNOX CO SHERIFFS OFFICE,Other,Unbelted,-,-,-,-,-,-,-,-,-,-,Motorcyclist,-,Knox,Not in City Limit,3