OBJECTID,MRN,Fatality,Injury,Latitude,Longitude,THP_District,Collision_Date,Collision_Year,Collision_Month,Collision_Day,Collision_Hour,Collision_Min,Collision_DOW,Collision_Time,Crash_Type,Light_Condition,Weather,First_Harmfu_Event,Work_Zone_Type,Agency_Name,THP,Unbelted,Distracted_Driver,Driver_Drinking,Driver_Drugged,Drowsy_Driver,Speeding_Involved,Pedalcyclist,Pedestrian,Other_Nonmotorist,ATV_Involved,LargeTruck_Involved,Motorcycle_Involved,SchoolBus,County,City,DOW_Nmb
117079,400613836,0,2,35.78053,-86.36214,3,2026-07-29 18:25:00,2026,7,29,18,25,Wednesday,18:25,Suspected Serious Injury,Daylight,Clear,Motor Vehicle-In-Transport On Same Roadway,None,MURFREESBORO POLICE DEPT,Other,Unbelted,-,-,-,Drowsy,-,-,-,-,-,-,-,-,Rutherford,Murfreesboro,4
117086,400613943,0,1,36.3393,-86.91684,3,2026-07-29 20:56:00,2026,7,29,20,56,Wednesday,20:56,Suspected Serious Injury,Dark-Not Lighted,Clear,Motor Vehicle-In-Transport On Same Roadway,None,METROPOLITAN NASHVILLE POLICE DEPT,Other,Unbelted,-,-,-,-,-,-,-,-,-,-,-,-,Davidson,Nashville,4
117100,400614085,0,1,35.96182,-88.04508,8,2026-07-25 14:15:00,2026,7,25,14,15,Saturday,14:15,Suspected Serious Injury,Daylight,Clear,Ditch,None,THP District 8 - Jackson,THP,Unbelted,-,-,-,-,-,-,-,-,-,-,-,-,Benton,Not in City Limit,7
117103,400614115,0,1,36.27034,-88.33402,8,2026-07-25 13:25:00,2026,7,25,13,25,Saturday,13:25,Suspected Serious Injury,Daylight,Clear,Motor Vehicle-In-Transport On Same Roadway,None,THP District 8 - Jackson,THP,Unbelted,-,-,-,-,-,-,-,-,-,-,-,-,Henry,Not in City Limit,7
117106,400614232,0,1,36.16008,-86.6224,3,2026-07-30 07:10:00,2026,7,30,7,10,Thursday,07:10,Suspected Serious Injury,Daylight,Clear,Motor Vehicle-In-Transport On Same Roadway,None,METROPOLITAN NASHVILLE POLICE DEPT,Other,Unbelted,-,-,-,-,-,-,-,-,-,ATV_Involved,-,-,Davidson,Nashville,5
117109,400614272,0,3,35.79021,-83.5651,1,2026-07-24 10:12:00,2026,7,24,10,12,Friday,10:12,Suspected Serious Injury,Daylight,Cloudy,Utility Pole,None,PIGEON FORGE POLICE DEPT,Other,Unbelted,-,Drinking,Drug,-,-,-,-,-,-,-,-,-,Sevier,Pigeon Forge,6
117117,400614492,0,2,35.90438,-89.45364,4,2026-07-29 04:21:00,2026,7,29,4,21,Wednesday,04:21,Suspected Serious Injury,Dark-Lighted,Clear,Embankment Earth,None,THP District 4 - Memphis,THP,Unbelted,-,Drinking,-,-,-,-,-,-,-,-,-,-,Lauderdale,Not in City Limit,4
117119,400614497,0,1,36.53294,-82.44574,5,2026-07-30 11:24:00,2026,7,30,11,24,Thursday,11:24,Suspected Serious Injury,Daylight,Clear,Motor Vehicle-In-Transport On Different Roadway,None,SULLIVAN CO SHERIFFS DEPT,Other,Unbelted,-,-,-,-,-,-,-,-,-,-,-,-,Sullivan,Not in City Limit,5
117124,400614544,0,1,36.3843,-84.12194,1,2026-07-29 00:00:00,2026,7,29,24,0,Wednesday,24:00,Suspected Serious Injury,Daylight,Clear,Fell/Jumped From Vehicle,None,LAFOLLETTE POLICE DEPT,Other,-,-,-,-,-,-,-,-,-,-,-,Motorcyclist,-,Campbell,LaFollette,4
117133,400614692,1,0,36.23976,-86.75336,3,2026-07-29 18:59:00,2026,7,29,18,59,Wednesday,18:59,Fatal,Daylight,Clear,Motor Vehicle-In-Transport On Same Roadway,None,METROPOLITAN NASHVILLE POLICE DEPT,Other,Unbelted,-,-,-,-,Speeding,-,-,-,-,ATV_Involved,Motorcyclist,-,Davidson,Nashville,4
117146,400614804,0,1,35.65619,-84.84011,2,2026-07-30 15:48:00,2026,7,30,15,48,Thursday,15:48,Suspected Serious Injury,Daylight,Clear,Pedestrian,None,THP District 2 - Chattanooga,THP,Unbelted,Distracted,-,-,-,-,-,-,-,-,-,-,-,Rhea,Not in City Limit,5
117159,400614951,1,0,36.02912,-84.06987,1,2026-07-30 17:00:00,2026,7,30,17,0,Thursday,17:00,Fatal,Daylight,Clear,"Over Turn, Roll Over",None,THP District 1 - Knoxville,THP,Unbelted,-,-,-,-,-,-,-,-,-,-,-,-,Knox,Not in City Limit,5
117161,400614959,0,2,35.06078,-88.06843,8,2026-07-25 18:14:00,2026,7,25,18,14,Saturday,18:14,Suspected Serious Injury,Daylight,Cloudy,Motor Vehicle-In-Transport On Same Roadway,None,THP District 8 - Jackson,THP,Unbelted,-,-,-,-,-,-,-,-,-,-,-,-,Hardin,Not in City Limit,7
117169,400615031,0,1,35.62491,-88.44602,8,2026-07-28 21:29:00,2026,7,28,21,29,Tuesday,21:29,Suspected Serious Injury,Dark-Not Lighted,Clear,Standing Tree,None,THP District 8 - Jackson,THP,Unbelted,-,-,Drug,-,-,-,-,-,-,-,-,-,Henderson,Not in City Limit,3
117183,400615090,0,1,36.13787,-85.51461,6,2026-07-30 17:50:00,2026,7,30,17,50,Thursday,17:50,Suspected Serious Injury,Daylight,Clear,Pedal-Cycle,None,COOKEVILLE POLICE DEPT,Other,Unbelted,-,-,-,-,-,Pedalcyclist,-,-,-,-,-,-,Putnam,Cookeville,5
117193,400615191,0,1,36.38797,-84.11121,1,2026-07-26 23:08:00,2026,7,26,23,8,Sunday,23:08,Suspected Serious Injury,Dark-Lighted,Clear,Other Fixed Object,None,THP District 1 - Knoxville,THP,Unbelted,-,-,-,-,-,-,-,-,-,-,-,-,Campbell,LaFollette,1
117194,400615195,0,2,35.45117,-89.85189,4,2026-07-30 19:12:00,2026,7,30,19,12,Thursday,19:12,Suspected Serious Injury,Daylight,Clear,Motor Vehicle-In-Transport On Same Roadway,None,THP District 4 - Memphis,THP,Unbelted,-,-,-,-,-,-,-,-,-,-,Motorcyclist,-,Tipton,Not in City Limit,5
117196,400615213,0,1,35.3119,-88.17128,8,2026-07-25 18:26:00,2026,7,25,18,26,Saturday,18:26,Suspected Serious Injury,Daylight,Rain,Standing Tree,None,THP District 8 - Jackson,THP,Unbelted,-,-,-,-,Speeding,-,-,-,-,-,-,-,Hardin,Not in City Limit,7
117212,400615366,0,4,35.89219,-83.89918,1,2026-07-25 11:09:00,2026,7,25,11,9,Saturday,11:09,Suspected Serious Injury,Daylight,Clear,Motor Vehicle-In-Transport On Same Roadway,None,THP District 1 - Knoxville,THP,Unbelted,-,-,-,-,-,-,-,-,-,-,-,-,Knox,Not in City Limit,7
117217,400615475,0,1,36.12147,-82.90104,5,2026-07-29 12:33:00,2026,7,29,12,33,Wednesday,12:33,Suspected Serious Injury,Daylight,Clear,Motor Vehicle-In-Transport On Same Roadway,None,THP District 5 - Fall Branch,THP,Unbelted,Distracted,-,-,-,-,-,-,-,-,ATV_Involved,Motorcyclist,-,Greene,Not in City Limit,4
117219,400615553,1,1,36.28303,-86.80525,3,2026-07-30 10:00:00,2026,7,30,10,0,Thursday,10:00,Fatal,Daylight,Clear,Motor Vehicle-In-Transport On Same Roadway,None,METROPOLITAN NASHVILLE POLICE DEPT,Other,Unbelted,-,-,-,-,-,-,-,-,-,ATV_Involved,-,-,Davidson,Nashville,5
117224,400615728,0,2,35.91898,-85.04878,6,2026-07-31 08:43:00,2026,7,31,8,43,Friday,08:43,Suspected Serious Injury,Daylight,Clear,Motor Vehicle-In-Transport On Same Roadway,None,CROSSVILLE POLICE DEPT,Other,Unbelted,-,-,-,-,-,-,-,-,-,-,-,-,Cumberland,Crossville,6
117232,400615944,0,2,36.00469,-83.24238,5,2026-07-31 07:25:00,2026,7,31,7,25,Friday,07:25,Suspected Serious Injury,Daylight,Cloudy,Motor Vehicle-In-Transport On Same Roadway,None,THP District 5 - Fall Branch,THP,Unbelted,-,-,Drug,Drowsy,-,-,-,-,-,-,-,-,Cocke,Not in City Limit,6
117240,400616026,0,2,35.5821,-84.53238,2,2026-07-31 11:17:00,2026,7,31,11,17,Friday,11:17,Suspected Serious Injury,Daylight,Clear,Highway Traffic Sign Post,None,THP District 2 - Chattanooga,THP,Unbelted,-,-,-,-,-,-,-,-,-,-,-,-,McMinn,Not in City Limit,6
117241,400616033,0,1,35.92214,-86.77071,3,2026-07-31 11:32:00,2026,7,31,11,32,Friday,11:32,Suspected Serious Injury,Daylight,Clear,Embankment Earth,None,WILLIAMSON CO SHERIFFS OFFICE,Other,Unbelted,Distracted,-,-,-,-,-,-,-,-,ATV_Involved,-,-,Williamson,Not in City Limit,6
117258,400616278,0,3,35.95234,-83.97962,1,2026-07-31 13:13:00,2026,7,31,13,13,Friday,13:13,Suspected Serious Injury,Daylight,Clear,Motor Vehicle-In-Transport On Same Roadway,None,KNOXVILLE POLICE DEPT,Other,Unbelted,-,-,-,-,-,-,-,-,-,-,-,-,Knox,Knoxville,6
117260,400616288,1,0,35.2707,-88.73093,8,2026-07-31 13:30:00,2026,7,31,13,30,Friday,13:30,Fatal,Daylight,Clear,Motor Vehicle-In-Transport On Same Roadway,None,THP District 8 - Jackson,THP,Unbelted,Distracted,-,-,-,-,-,-,-,ATV_Involved,-,-,-,Chester,Not in City Limit,6
117281,400616516,0,5,36.38685,-83.11714,5,2026-07-30 16:58:00,2026,7,30,16,58,Thursday,16:58,Suspected Serious Injury,Daylight,Clear,Motor Vehicle-In-Transport On Same Roadway,None,THP District 5 - Fall Branch,THP,Unbelted,-,Drinking,Drug,-,-,-,-,-,-,-,-,-,Hawkins,Not in City Limit,5
117285,400616570,0,1,35.0724,-85.56941,2,2026-07-31 17:45:00,2026,7,31,17,45,Friday,17:45,Suspected Serious Injury,Daylight,Clear,Motor Vehicle-In-Transport On Same Roadway,None,THP District 2 - Chattanooga,THP,Unbelted,-,-,-,-,-,-,-,-,-,-,Motorcyclist,-,Marion,Not in City Limit,6
117297,400616700,0,1,35.90627,-85.81349,6,2026-07-31 18:35:00,2026,7,31,18,35,Friday,18:35,Suspected Serious Injury,Daylight,Clear,Guard Rail End,None,THP District 6 - Cookeville,THP,Unbelted,-,-,-,-,-,-,-,-,-,-,-,-,DeKalb,Not in City Limit,6
117300,400616725,0,2,35.78697,-85.99009,6,2026-07-31 16:50:00,2026,7,31,16,50,Friday,16:50,Suspected Serious Injury,Daylight,Clear,Motor Vehicle-In-Transport On Same Roadway,None,THP District 6 - Cookeville,THP,Unbelted,-,-,-,-,-,-,-,-,-,-,-,-,Cannon,Not in City Limit,6
117303,400616763,0,1,36.0409,-84.21676,1,2026-07-30 18:20:00,2026,7,30,18,20,Thursday,18:20,Suspected Serious Injury,Daylight,Clear,Motor Vehicle-In-Transport On Same Roadway,None,OAK RIDGE POLICE DEPT,Other,Unbelted,-,-,-,-,-,-,-,-,-,-,-,-,Anderson,Oak Ridge,5
117312,400616855,0,1,36.41033,-87.43784,3,2026-07-27 21:26:00,2026,7,27,21,26,Monday,21:26,Suspected Serious Injury,Dark-Not Lighted,Clear,Ditch,None,THP District 3 - Nashville,THP,Unbelted,-,Drinking,-,-,-,-,-,-,-,-,-,-,Montgomery,Not in City Limit,2
117317,400616898,0,1,35.83359,-87.66316,7,2026-07-31 21:56:00,2026,7,31,21,56,Friday,21:56,Suspected Serious Injury,Dark-Not Lighted,Clear,Ditch,None,THP District 7 - Lawrenceburg,THP,Unbelted,-,-,-,-,-,-,-,-,-,-,-,-,Hickman,Not in City Limit,6
117319,400616914,0,1,35.08893,-86.3555,7,2026-07-31 22:20:00,2026,7,31,22,20,Friday,22:20,Suspected Serious Injury,Dark-Not Lighted,Clear,Ditch,None,THP District 7 - Lawrenceburg,THP,Unbelted,-,Drinking,-,-,-,-,-,-,-,-,-,-,Lincoln,Not in City Limit,6
117324,400616959,0,1,36.30229,-82.2971,5,2026-07-31 21:50:00,2026,7,31,21,50,Friday,21:50,Suspected Serious Injury,Dark-Not Lighted,Clear,Utility Pole,None,ELIZABETHTON POLICE DEPT,Other,Unbelted,-,-,-,-,-,-,-,-,-,-,-,-,Carter,Elizabethton,6
117330,400616995,0,1,35.61266,-88.81951,8,2026-08-01 03:20:00,2026,8,1,3,20,Saturday,03:20,Suspected Serious Injury,Dark-Lighted,Clear,Motor Vehicle-In-Transport On Same Roadway,None,JACKSON POLICE DEPT,Other,Unbelted,-,-,-,-,-,-,-,-,-,-,-,-,Madison,Jackson,7
117336,400617009,0,1,36.0767,-88.81946,8,2026-07-30 23:50:00,2026,7,30,23,50,Thursday,23:50,Suspected Serious Injury,Dark-Lighted,Clear,Ditch,None,THP District 8 - Jackson,THP,Unbelted,-,-,-,-,-,-,-,-,-,-,-,-,Gibson,Bradford,5
117339,400617058,0,1,35.88042,-85.74989,6,2026-08-01 05:40:00,2026,8,1,5,40,Saturday,05:40,Suspected Serious Injury,Dark-Not Lighted,Clear,"Over Turn, Roll Over",None,THP District 6 - Cookeville,THP,-,-,-,-,-,-,-,-,-,-,-,Motorcyclist,-,DeKalb,Not in City Limit,7
117349,400617219,0,1,35.76208,-88.68024,8,2026-07-31 07:22:00,2026,7,31,7,22,Friday,07:22,Suspected Serious Injury,Daylight,Clear,Motor Vehicle-In-Transport On Same Roadway,None,THP District 8 - Jackson,THP,Unbelted,-,-,-,-,-,-,-,-,-,ATV_Involved,-,-,Madison,Not in City Limit,6
117376,400617550,0,1,36.07605,-83.21525,5,2026-08-01 15:06:00,2026,8,1,15,6,Saturday,15:06,Suspected Serious Injury,Daylight,Rain,Standing Tree,None,THP District 5 - Fall Branch,THP,-,-,-,-,-,-,-,-,-,-,-,-,-,Cocke,Not in City Limit,7
117377,400617552,0,1,35.19632,-86.83526,7,2026-07-31 00:00:00,2026,7,31,24,0,Friday,24:00,Suspected Serious Injury,Dark-Not Lighted,Clear,Ditch,None,THP District 7 - Lawrenceburg,THP,-,-,Drinking,-,-,-,-,-,-,-,-,-,-,Giles,Not in City Limit,6
117384,400617622,0,2,35.77649,-83.24777,5,2026-08-01 13:30:00,2026,8,1,13,30,Saturday,13:30,Suspected Serious Injury,Daylight,Rain,Motor Vehicle-In-Transport On Same Roadway,None,THP District 5 - Fall Branch,THP,Unbelted,-,-,-,-,-,-,-,-,-,-,-,-,Cocke,Not in City Limit,7
117411,400617849,0,1,36.56785,-82.04966,5,2026-08-01 15:45:00,2026,8,1,15,45,Saturday,15:45,Suspected Serious Injury,Daylight,Rain,Standing Tree,None,THP District 5 - Fall Branch,THP,Unbelted,-,-,-,-,-,-,-,-,-,-,-,-,Sullivan,Not in City Limit,7
117412,400617871,0,1,36.06256,-83.92931,1,2026-08-01 18:50:00,2026,8,1,18,50,Saturday,18:50,Suspected Serious Injury,Daylight,Clear,Other Fixed Object,None,KNOX CO SHERIFFS OFFICE,Other,-,-,-,-,-,Speeding,-,-,-,-,-,Motorcyclist,-,Knox,Not in City Limit,7
117414,400617885,0,1,35.48204,-85.26943,2,2026-08-01 19:07:00,2026,8,1,19,7,Saturday,19:07,Suspected Serious Injury,Daylight,Cloudy,Other Animal,None,THP District 2 - Chattanooga,THP,-,-,-,-,-,-,-,-,-,-,-,Motorcyclist,-,Bledsoe,Not in City Limit,7
117415,400617913,0,1,35.4165,-89.84388,4,2026-08-01 20:36:00,2026,8,1,20,36,Saturday,20:36,Suspected Serious Injury,Dark-Not Lighted,Clear,Standing Tree,None,THP District 4 - Memphis,THP,Unbelted,-,-,-,-,Speeding,-,-,-,-,-,-,-,Tipton,Not in City Limit,7
117427,400618028,0,1,36.17741,-85.56141,6,2026-08-02 00:18:00,2026,8,2,0,18,Sunday,00:18,Suspected Serious Injury,Dark-Lighted,Clear,Motor Vehicle-In-Transport On Same Roadway,None,COOKEVILLE POLICE DEPT,Other,Unbelted,-,-,-,-,Speeding,-,-,-,-,-,-,-,Putnam,Cookeville,1
117437,400618179,1,1,35.04097,-88.23012,8,2026-08-01 15:36:00,2026,8,1,15,36,Saturday,15:36,Fatal,Daylight,Clear,Motor Vehicle-In-Transport On Same Roadway,None,THP District 8 - Jackson,THP,Unbelted,-,-,-,-,-,-,-,-,-,-,-,-,Hardin,Not in City Limit,7
117439,400618200,1,0,36.43961,-82.52291,5,2026-08-02 06:10:00,2026,8,2,6,10,Sunday,06:10,Fatal,Dark-Not Lighted,Cloudy,Embankment Earth,None,THP District 5 - Fall Branch,THP,Unbelted,-,Drinking,-,-,-,-,-,-,-,-,-,-,Sullivan,Kingsport,1
117446,400618372,0,1,35.15838,-84.99147,2,2026-08-02 10:55:00,2026,8,2,10,55,Sunday,10:55,Suspected Serious Injury,Daylight,Cloudy,Standing Tree,None,THP District 2 - Chattanooga,THP,Unbelted,-,-,-,-,-,-,-,-,-,-,-,-,Bradley,Not in City Limit,1
117449,400618428,1,0,36.56189,-82.02227,5,2026-08-02 11:42:00,2026,8,2,11,42,Sunday,11:42,Fatal,Daylight,Clear,Ditch,None,THP District 5 - Fall Branch,THP,-,-,-,-,-,-,-,-,-,-,-,Motorcyclist,-,Sullivan,Not in City Limit,1
117450,400618429,0,1,36.02514,-84.06016,1,2026-08-01 22:25:00,2026,8,1,22,25,Saturday,22:25,Suspected Serious Injury,Dark-Lighted,Clear,Motor Vehicle-In-Transport On Same Roadway,None,THP District 1 - Knoxville,THP,Unbelted,-,-,-,-,-,-,-,-,-,-,Motorcyclist,-,Knox,Not in City Limit,7
117467,400618590,0,1,36.41309,-86.90784,3,2026-07-27 00:00:00,2026,7,27,24,0,Monday,24:00,Suspected Serious Injury,Daylight,Clear,Ditch,None,COOPERTOWN POLICE DEPT,Other,Unbelted,-,-,-,-,-,-,-,-,-,-,-,-,Robertson,Coopertown,2
117471,400618613,0,2,36.4021,-82.6192,5,2026-08-02 13:16:00,2026,8,2,13,16,Sunday,13:16,Suspected Serious Injury,Daylight,Clear,"Over Turn, Roll Over",None,THP District 5 - Fall Branch,THP,-,-,-,-,-,-,-,-,-,-,-,Motorcyclist,-,Washington,Not in City Limit,1
117474,400618681,0,1,36.35519,-82.7198,5,2026-08-02 12:31:00,2026,8,2,12,31,Sunday,12:31,Suspected Serious Injury,Daylight,Clear,Motor Vehicle-In-Transport On Same Roadway,None,THP District 5 - Fall Branch,THP,Unbelted,-,-,-,-,-,-,-,-,-,ATV_Involved,-,-,Greene,Not in City Limit,1
117475,400618697,0,1,35.99836,-88.43393,8,2026-08-02 08:21:00,2026,8,2,8,21,Sunday,08:21,Suspected Serious Injury,Dark-Lighted,Clear,Ditch,None,HUNTINGDON POLICE DEPT,Other,Unbelted,-,-,-,-,-,-,-,-,-,-,-,-,Carroll,Huntingdon,1
117479,400618795,2,0,35.69991,-83.80322,1,2026-08-01 20:04:00,2026,8,1,20,4,Saturday,20:04,Fatal,Daylight,Clear,Motor Vehicle-In-Transport On Same Roadway,None,THP District 1 - Knoxville,THP,Unbelted,-,-,Drug,-,-,-,-,-,-,-,-,-,Blount,Not in City Limit,7
117483,400618830,0,2,35.16845,-85.209,2,2026-08-02 17:50:00,2026,8,2,17,50,Sunday,17:50,Suspected Serious Injury,Daylight,Clear,Motor Vehicle-In-Transport On Same Roadway,None,HAMILTON COUNTY SHERIFF'S OFFICE,Other,Unbelted,-,-,-,-,-,-,-,-,-,-,-,-,Hamilton,Chattanooga,1
117497,400618949,0,1,35.87775,-83.22231,5,2026-08-02 20:22:00,2026,8,2,20,22,Sunday,20:22,Suspected Serious Injury,Daylight,Rain,Ditch,None,COCKE CO SHERIFFS DEPT,Other,-,-,-,-,-,-,-,-,-,-,-,Motorcyclist,-,Cocke,Not in City Limit,1
117508,400619057,1,0,36.02438,-83.70689,1,2026-08-02 21:02:00,2026,8,2,21,2,Sunday,21:02,Fatal,Dark-Not Lighted,Clear,Standing Tree,None,KNOX CO SHERIFFS OFFICE,Other,Unbelted,-,Drinking,-,-,-,-,-,-,-,-,-,-,Knox,Not in City Limit,1
117517,400619105,0,1,36.25871,-83.13824,5,2026-08-02 23:05:00,2026,8,2,23,5,Sunday,23:05,Suspected Serious Injury,Dark-Not Lighted,Clear,Other Post/Pole Support,None,THP District 5 - Fall Branch,THP,Unbelted,-,Drinking,-,-,-,-,-,-,-,-,-,-,Hamblen,Not in City Limit,1
117518,400619106,1,2,35.10854,-89.98491,4,2026-08-02 21:14:00,2026,8,2,21,14,Sunday,21:14,Fatal,Dark-Lighted,Clear,Motor Vehicle-In-Transport On Same Roadway,None,THP District 8 - Jackson,THP,Unbelted,-,-,-,-,Speeding,-,-,-,-,-,-,-,Shelby,Memphis,1
117520,400619109,0,2,36.15933,-85.52425,6,2026-08-02 18:27:00,2026,8,2,18,27,Sunday,18:27,Suspected Serious Injury,Daylight,Rain,Motor Vehicle-In-Transport On Same Roadway,None,COOKEVILLE POLICE DEPT,Other,Unbelted,-,-,-,-,-,-,-,-,-,-,-,-,Putnam,Cookeville,1
117531,400619160,0,2,36.04162,-86.74925,3,2026-08-03 01:45:00,2026,8,3,1,45,Monday,01:45,Suspected Serious Injury,Dark-Lighted,Rain,Curb,None,METROPOLITAN NASHVILLE POLICE DEPT,Other,Unbelted,-,-,-,-,-,-,-,-,-,-,-,-,Davidson,Nashville,2
117532,400619167,0,2,35.95225,-86.5511,3,2026-08-03 01:08:00,2026,8,3,1,8,Monday,01:08,Suspected Serious Injury,Dark-Not Lighted,Clear,Motor Vehicle-In-Transport On Same Roadway,None,THP District 3 - Nashville,THP,Unbelted,-,-,-,-,-,-,-,-,-,ATV_Involved,-,-,Rutherford,Not in City Limit,2
117543,400619342,0,1,35.04392,-87.49905,7,2026-07-31 13:00:00,2026,7,31,13,0,Friday,13:00,Suspected Serious Injury,,Clear,Pedal-Cycle,None,ST JOSEPH POLICE DEPT,Other,Unbelted,-,-,-,-,-,Pedalcyclist,-,-,-,-,-,-,Lawrence,Saint Joseph,6
117557,400619459,0,1,35.22568,-85.8673,2,2026-08-03 07:40:00,2026,8,3,7,40,Monday,07:40,Suspected Serious Injury,Daylight,Cloudy,Motor Vehicle-In-Transport On Same Roadway,None,THP District 2 - Chattanooga,THP,Unbelted,Distracted,-,-,-,-,-,-,-,-,ATV_Involved,-,-,Marion,Monteagle,2
117558,400619475,0,1,36.47142,-86.11562,6,2026-06-28 07:40:00,2026,6,28,7,40,Sunday,07:40,Suspected Serious Injury,,Clear,Ditch,None,MACON CO SHERIFFS OFFICE,Other,-,-,-,-,-,-,-,-,-,-,-,Motorcyclist,-,Macon,Not in City Limit,1
117561,400619508,0,1,36.03252,-87.35172,3,2026-07-25 21:17:00,2026,7,25,21,17,Saturday,21:17,Suspected Serious Injury,Dark-Lighted,Clear,Motor Vehicle-In-Transport On Same Roadway,None,DICKSON POLICE DEPT,Other,Unbelted,-,Drinking,-,-,-,-,-,-,-,-,Motorcyclist,-,Dickson,Dickson,7
117574,400619644,0,1,36.51928,-85.1101,6,2026-08-03 10:29:00,2026,8,3,10,29,Monday,10:29,Suspected Serious Injury,Daylight,Rain,Ditch,None,THP District 6 - Cookeville,THP,Unbelted,Distracted,-,-,-,-,-,-,-,-,-,-,-,Pickett,Not in City Limit,2
117583,400619754,1,1,35.13571,-85.57278,2,2026-08-03 13:00:00,2026,8,3,13,0,Monday,13:00,Fatal,Daylight,Clear,Motor Vehicle-In-Transport On Same Roadway,None,THP District 2 - Chattanooga,THP,Unbelted,-,-,-,-,-,-,-,-,-,-,-,-,Marion,Not in City Limit,2
117586,400619801,0,1,35.96228,-85.03732,6,2026-08-03 12:34:00,2026,8,3,12,34,Monday,12:34,Suspected Serious Injury,Daylight,Clear,Motor Vehicle-In-Transport On Same Roadway,None,CROSSVILLE POLICE DEPT,Other,Unbelted,-,-,-,-,-,-,-,-,-,-,Motorcyclist,-,Cumberland,Crossville,2
117591,400619815,0,1,35.79381,-85.61726,6,2026-08-02 19:06:00,2026,8,2,19,6,Sunday,19:06,Suspected Serious Injury,Daylight,Cloudy,Standing Tree,None,THP District 6 - Cookeville,THP,Unbelted,-,-,-,-,-,-,-,-,-,-,-,-,Warren,Not in City Limit,1
117592,400619821,0,1,35.19908,-89.78329,4,2026-08-03 00:00:00,2026,8,3,24,0,Monday,24:00,Suspected Serious Injury,Daylight,Clear,Struck an object at rest from or set in motion by other motor vehicle,None,THP District 9 - Administrative,THP,Unbelted,-,-,-,-,-,-,-,-,-,-,-,-,Shelby,Memphis,2
117593,400619836,0,3,35.8556,-86.40488,3,2026-08-03 14:32:00,2026,8,3,14,32,Monday,14:32,Suspected Serious Injury,Daylight,Clear,Motor Vehicle-In-Transport On Same Roadway,None,MURFREESBORO POLICE DEPT,Other,Unbelted,-,-,-,-,-,-,-,-,-,-,-,-,Rutherford,Murfreesboro,2
117600,400619904,0,3,35.67572,-84.33043,1,2026-08-01 01:29:00,2026,8,1,1,29,Saturday,01:29,Suspected Serious Injury,Dark-Not Lighted,Clear,Motor Vehicle-In-Transport On Same Roadway,None,THP District 1 - Knoxville,THP,Unbelted,-,Drinking,-,-,-,-,-,-,-,-,-,-,Loudon,Not in City Limit,7
117608,400619975,0,2,36.21336,-86.72194,3,2026-08-01 19:49:00,2026,8,1,19,49,Saturday,19:49,Suspected Serious Injury,Dark-Lighted,Clear,Motor Vehicle-In-Transport On Same Roadway,None,METROPOLITAN NASHVILLE POLICE DEPT,Other,Unbelted,Distracted,-,-,-,Speeding,-,-,-,-,ATV_Involved,-,-,Davidson,Nashville,7
117614,400620058,0,1,36.077,-86.6412,3,2026-07-31 21:01:00,2026,7,31,21,1,Friday,21:01,Suspected Serious Injury,Dark-Lighted,Clear,Pedestrian,None,METROPOLITAN NASHVILLE POLICE DEPT,Other,Unbelted,-,-,-,-,-,-,Pedestrian,-,-,-,-,-,Davidson,Nashville,6
117615,400620059,0,1,35.89606,-86.42317,3,2026-08-03 15:05:00,2026,8,3,15,5,Monday,15:05,Suspected Serious Injury,Daylight,Clear,Motor Vehicle-In-Transport On Same Roadway,None,MURFREESBORO POLICE DEPT,Other,Unbelted,-,-,-,-,-,-,-,-,-,-,-,-,Rutherford,Murfreesboro,2
117619,400620087,1,5,36.16101,-86.77719,3,2026-08-01 12:36:00,2026,8,1,12,36,Saturday,12:36,Fatal,Daylight,Clear,Pedestrian,None,METROPOLITAN NASHVILLE POLICE DEPT,Other,Unbelted,-,-,-,-,-,-,Pedestrian,-,-,-,-,-,Davidson,Nashville,7
117629,400620162,0,1,35.99099,-84.0615,1,2026-07-29 18:20:00,2026,7,29,18,20,Wednesday,18:20,Suspected Serious Injury,Daylight,Clear,Motor Vehicle-In-Transport On Same Roadway,None,THP District 1 - Knoxville,THP,Unbelted,-,-,-,-,-,-,-,-,-,-,-,-,Knox,Not in City Limit,4
117635,400620265,0,2,36.03411,-86.7834,3,2026-08-02 20:32:00,2026,8,2,20,32,Sunday,20:32,Suspected Serious Injury,Dark-Not Lighted,Rain,Guard Rail Face,None,THP District 3 - Nashville,THP,Unbelted,-,-,-,-,-,-,-,-,-,-,-,-,Williamson,Brentwood,1
117636,400620269,0,1,35.83685,-88.60958,8,2026-08-03 22:34:00,2026,8,3,22,34,Monday,22:34,Suspected Serious Injury,Dark-Not Lighted,Clear,Ditch,None,THP District 8 - Jackson,THP,-,-,-,-,-,-,-,-,-,-,-,Motorcyclist,-,Carroll,Not in City Limit,2