OBJECTID,MRN,Fatality,Injury,Latitude,Longitude,THP_District,Collision_Date,Collision_Year,Collision_Month,Collision_Day,Collision_Hour,Collision_Min,Collision_DOW,Collision_Time,Crash_Type,Light_Condition,Weather,First_Harmfu_Event,Work_Zone_Type,Agency_Name,THP,Unbelted,Distracted_Driver,Driver_Drinking,Driver_Drugged,Drowsy_Driver,Speeding_Involved,Pedalcyclist,Pedestrian,Other_Nonmotorist,ATV_Involved,LargeTruck_Involved,Motorcycle_Involved,SchoolBus,County,City,DOW_Nmb
117637,400620275,0,1,36.32072,-82.19987,5,2026-08-04 01:35:00,2026,8,4,1,35,Tuesday,01:35,Suspected Serious Injury,Dark-Not Lighted,Clear,Motor Vehicle-In-Transport On Same Roadway,None,THP District 5 - Fall Branch,THP,Unbelted,-,-,-,-,-,-,-,-,-,-,-,-,Carter,Not in City Limit,3
117640,400620329,1,1,35.97408,-86.37883,3,2026-08-04 01:36:00,2026,8,4,1,36,Tuesday,01:36,Fatal,Dark-Not Lighted,Cloudy,Pedestrian,None,THP District 3 - Nashville,THP,Unbelted,-,-,-,-,-,-,Pedestrian,-,-,-,-,-,Rutherford,Not in City Limit,3
117641,400620343,0,2,35.95877,-83.59394,1,2026-08-04 06:49:00,2026,8,4,6,49,Tuesday,06:49,Suspected Serious Injury,Daylight,Clear,Motor Vehicle-In-Transport On Same Roadway,None,SEVIERVILLE POLICE DEPT,Other,Unbelted,Distracted,-,-,-,-,-,-,-,-,-,-,-,Sevier,Sevierville,3
117643,400620460,0,1,35.5884,-84.47162,1,2026-08-03 00:00:00,2026,8,3,24,0,Monday,24:00,Suspected Serious Injury,Daylight,Clear,Motor Vehicle-In-Transport On Same Roadway,None,SWEETWATER POLICE DEPT,Other,Unbelted,-,-,-,-,-,-,-,-,-,-,-,-,Monroe,Sweetwater,2
117648,400620608,0,2,35.97694,-83.27662,5,2026-08-04 07:04:00,2026,8,4,7,4,Tuesday,07:04,Suspected Serious Injury,Dawn,Clear,Motor Vehicle-In-Transport On Same Roadway,None,THP District 5 - Fall Branch,THP,Unbelted,-,-,-,Drowsy,-,-,-,-,-,-,-,-,Cocke,Not in City Limit,3
117649,400620625,0,1,36.08458,-86.70234,3,2026-07-28 03:04:00,2026,7,28,3,4,Tuesday,03:04,Suspected Serious Injury,Dark-Lighted,Rain,Pedestrian,None,METROPOLITAN NASHVILLE POLICE DEPT,Other,Unbelted,-,-,-,-,-,-,Pedestrian,-,-,-,-,-,Davidson,Nashville,3
117652,400620648,0,1,35.05005,-88.80401,4,2026-08-04 08:30:00,2026,8,4,8,30,Tuesday,08:30,Suspected Serious Injury,Daylight,Clear,Ditch,None,THP District 4 - Memphis,THP,Unbelted,-,-,-,-,-,-,-,-,-,ATV_Involved,-,-,Hardeman,Not in City Limit,3
117658,400620787,0,1,36.53774,-84.46966,1,2026-08-04 12:35:00,2026,8,4,12,35,Tuesday,12:35,Suspected Serious Injury,Daylight,Clear,Other Non-Collision,None,ONEIDA POLICE DEPT,Other,-,-,-,-,-,-,-,-,-,-,-,Motorcyclist,-,Scott,Oneida,3
117663,400620833,0,3,35.51203,-87.22347,7,2026-08-04 12:05:00,2026,8,4,12,5,Tuesday,12:05,Suspected Serious Injury,Daylight,Clear,Motor Vehicle-In-Transport On Same Roadway,None,MOUNT PLEASANT POLICE DEPT,Other,Unbelted,-,-,-,-,-,-,-,-,-,-,-,-,Maury,Mount Pleasant,3
117668,400620877,0,2,35.45362,-87.97131,7,2026-08-04 13:09:00,2026,8,4,13,9,Tuesday,13:09,Suspected Serious Injury,Daylight,Clear,Embankment Earth,None,THP District 7 - Lawrenceburg,THP,Unbelted,-,-,-,-,-,-,-,-,-,-,-,-,Wayne,Not in City Limit,3
117674,400621008,0,3,35.1251,-85.64851,2,2026-08-04 12:13:00,2026,8,4,12,13,Tuesday,12:13,Suspected Serious Injury,Daylight,Clear,Motor Vehicle-In-Transport On Same Roadway,None,THP District 2 - Chattanooga,THP,Unbelted,-,-,-,-,-,-,-,-,-,-,-,-,Marion,Not in City Limit,3
117677,400621029,1,0,36.09819,-88.27644,8,2026-08-03 19:45:00,2026,8,3,19,45,Monday,19:45,Fatal,Dusk,Clear,Ditch,None,THP District 8 - Jackson,THP,Unbelted,-,Drinking,-,-,-,-,-,-,-,-,-,-,Carroll,Not in City Limit,2
117689,400621153,0,1,36.4352,-82.56195,5,2026-08-04 15:13:00,2026,8,4,15,13,Tuesday,15:13,Suspected Serious Injury,Daylight,Rain,Guard Rail Face,None,THP District 5 - Fall Branch,THP,Unbelted,-,-,-,-,Speeding,-,-,-,-,-,-,-,Sullivan,Not in City Limit,3
117690,400621185,0,3,35.10298,-85.30026,2,2026-08-04 00:00:00,2026,8,4,24,0,Tuesday,24:00,Suspected Serious Injury,Daylight,Clear,Motor Vehicle-In-Transport On Same Roadway,None,RED BANK POLICE DEPT,Other,Unbelted,-,-,-,-,-,-,-,-,-,-,Motorcyclist,-,Hamilton,Red Bank,3
117700,400621262,0,1,36.23155,-86.77093,3,2026-08-04 18:54:00,2026,8,4,18,54,Tuesday,18:54,Suspected Serious Injury,Daylight,Clear,Ditch,None,METROPOLITAN NASHVILLE POLICE DEPT,Other,-,-,-,-,-,-,-,-,-,-,-,Motorcyclist,-,Davidson,Nashville,3
117702,400621280,0,1,35.97235,-86.58785,3,2026-08-04 17:15:00,2026,8,4,17,15,Tuesday,17:15,Suspected Serious Injury,Daylight,Clear,Standing Tree,None,LAVERGNE POLICE DEPT,Other,Unbelted,-,-,-,-,-,-,-,-,-,-,-,-,Rutherford,Lavergne,3
117704,400621286,0,2,36.05035,-86.35111,3,2026-08-04 16:26:00,2026,8,4,16,26,Tuesday,16:26,Suspected Serious Injury,Daylight,Clear,Motor Vehicle-In-Transport On Same Roadway,None,THP District 3 - Nashville,THP,Unbelted,-,-,-,Drowsy,-,-,-,-,-,-,-,-,Wilson,Not in City Limit,3
117709,400621333,0,2,36.00762,-83.97674,1,2026-08-04 21:03:00,2026,8,4,21,3,Tuesday,21:03,Suspected Serious Injury,Dark-Lighted,Clear,Motor Vehicle-In-Transport On Same Roadway,None,KNOXVILLE POLICE DEPT,Other,Unbelted,-,-,-,-,-,-,-,-,-,-,-,-,Knox,Knoxville,3
117711,400621343,0,1,36.01525,-86.66469,3,2026-08-04 00:00:00,2026,8,4,24,0,Tuesday,24:00,Suspected Serious Injury,Daylight,Clear,Pedestrian,None,METROPOLITAN NASHVILLE POLICE DEPT,Other,Unbelted,Distracted,-,-,-,-,-,-,-,-,-,-,-,Davidson,Nashville,3
117726,400621434,1,1,35.61857,-88.86969,8,2026-08-04 21:30:00,2026,8,4,21,30,Tuesday,21:30,Fatal,Dark-Not Lighted,Clear,Standing Tree,None,JACKSON POLICE DEPT,Other,Unbelted,-,-,-,-,-,-,-,-,-,-,-,-,Madison,Jackson,3
117734,400621558,0,1,35.73507,-84.58888,1,2026-08-05 05:45:00,2026,8,5,5,45,Wednesday,05:45,Suspected Serious Injury,Dark-Not Lighted,Clear,Other Non-Fixed Object,None,ROANE CO SHERIFFS DEPT,Other,-,-,-,-,-,-,-,-,-,-,-,Motorcyclist,-,Roane,Not in City Limit,4
117736,400621570,0,1,36.30614,-84.14082,1,2026-06-17 13:55:00,2026,6,17,13,55,Wednesday,13:55,Suspected Serious Injury,Daylight,Clear,Embankment Earth,None,CAMPBELL CO SHERIFFS DEPT,Other,Unbelted,-,-,-,-,-,-,-,-,-,-,-,-,Campbell,Not in City Limit,4
117737,400621579,0,1,36.10677,-87.47427,3,2026-08-04 14:31:00,2026,8,4,14,31,Tuesday,14:31,Suspected Serious Injury,Daylight,Clear,Ditch,None,THP District 3 - Nashville,THP,Unbelted,-,-,-,-,-,-,-,-,-,-,-,-,Dickson,Not in City Limit,3
117750,400621781,0,2,36.10757,-87.06795,3,2026-08-04 16:27:00,2026,8,4,16,27,Tuesday,16:27,Suspected Serious Injury,Daylight,Clear,Motor Vehicle-In-Transport On Same Roadway,None,THP District 3 - Nashville,THP,Unbelted,-,-,-,-,-,-,-,-,-,-,-,-,Cheatham,Pegram,3
117765,400621994,0,1,36.35519,-82.7198,5,2026-08-05 07:41:00,2026,8,5,7,41,Wednesday,07:41,Suspected Serious Injury,Daylight,Clear,Parked Motor Vehicle,None,THP District 5 - Fall Branch,THP,Unbelted,-,-,-,-,-,-,-,-,-,ATV_Involved,-,-,Greene,Not in City Limit,4
117791,400622268,0,2,35.71065,-83.51921,1,2026-08-05 16:16:00,2026,8,5,16,16,Wednesday,16:16,Suspected Serious Injury,Daylight,Rain,Pedestrian,None,GATLINBURG POLICE DEPT,Other,Unbelted,Distracted,-,-,-,-,-,Pedestrian,-,-,-,-,-,Sevier,Gatlinburg,4
117798,400622313,0,1,36.20283,-85.51349,6,2026-08-04 14:38:00,2026,8,4,14,38,Tuesday,14:38,Suspected Serious Injury,Daylight,Rain,"Over Turn, Roll Over",None,COOKEVILLE POLICE DEPT,Other,-,-,-,-,-,Speeding,-,-,-,-,-,Motorcyclist,-,Putnam,Not in City Limit,3
117808,400622386,0,4,36.28479,-86.72913,3,2026-08-04 14:12:00,2026,8,4,14,12,Tuesday,14:12,Suspected Serious Injury,Daylight,Clear,Motor Vehicle-In-Transport On Same Roadway,None,THP District 3 - Nashville,THP,Unbelted,-,Drinking,Drug,-,-,-,-,-,-,-,-,-,Davidson,Nashville,3
117814,400622425,0,2,36.21845,-85.41531,6,2026-08-04 18:20:00,2026,8,4,18,20,Tuesday,18:20,Suspected Serious Injury,Daylight,Clear,Motor Vehicle-In-Transport On Same Roadway,None,THP District 6 - Cookeville,THP,Unbelted,Distracted,-,-,-,-,-,-,-,-,-,-,-,Putnam,Not in City Limit,3
117815,400622427,0,1,35.88756,-87.65759,7,2026-08-05 16:00:00,2026,8,5,16,0,Wednesday,16:00,Suspected Serious Injury,Daylight,Clear,Ditch,None,THP District 7 - Lawrenceburg,THP,Unbelted,-,-,-,-,-,-,-,-,-,-,-,-,Hickman,Not in City Limit,4
117820,400622475,0,5,35.83955,-86.44088,3,2026-08-05 18:05:00,2026,8,5,18,5,Wednesday,18:05,Suspected Serious Injury,Dusk,Clear,Motor Vehicle-In-Transport On Same Roadway,None,MURFREESBORO POLICE DEPT,Other,Unbelted,Distracted,-,-,-,-,-,-,-,-,-,-,-,Rutherford,Murfreesboro,4
117823,400622489,0,4,36.05584,-87.13857,3,2026-08-05 17:15:00,2026,8,5,17,15,Wednesday,17:15,Suspected Serious Injury,Daylight,Clear,Motor Vehicle-In-Transport On Same Roadway,None,THP District 3 - Nashville,THP,Unbelted,-,-,-,-,-,-,-,-,-,-,-,-,Cheatham,Not in City Limit,4
117831,400622580,0,2,36.23657,-86.75806,3,2026-08-05 20:13:00,2026,8,5,20,13,Wednesday,20:13,Suspected Serious Injury,Dark-Lighted,Clear,Motor Vehicle-In-Transport On Same Roadway,None,METROPOLITAN NASHVILLE POLICE DEPT,Other,Unbelted,-,-,-,-,-,-,-,-,-,-,-,-,Davidson,Nashville,4
117834,400622612,0,1,35.53974,-88.37909,8,2026-08-05 21:27:00,2026,8,5,21,27,Wednesday,21:27,Suspected Serious Injury,Dark-Not Lighted,Clear,"Over Turn, Roll Over",None,THP District 8 - Jackson,THP,-,-,Drinking,-,-,-,-,-,-,-,-,Motorcyclist,-,Henderson,Not in City Limit,4
117835,400622618,0,3,36.5841,-84.43905,1,2026-08-04 23:50:00,2026,8,4,23,50,Tuesday,23:50,Suspected Serious Injury,Dark-Lighted,Clear,Motor Vehicle-In-Transport On Same Roadway,None,THP District 1 - Knoxville,THP,Unbelted,-,Drinking,Drug,-,-,-,-,-,-,-,-,-,Scott,Winfield,3
117838,400622660,0,1,35.84311,-86.38417,3,2026-08-05 18:14:00,2026,8,5,18,14,Wednesday,18:14,Suspected Serious Injury,Daylight,Clear,Pedestrian,None,MURFREESBORO POLICE DEPT,Other,Unbelted,-,-,-,-,-,-,Pedestrian,-,-,-,-,-,Rutherford,Murfreesboro,4
117849,400622712,0,2,36.10267,-86.62715,3,2026-08-05 22:05:00,2026,8,5,22,5,Wednesday,22:05,Suspected Serious Injury,Dark-Not Lighted,Clear,Motor Vehicle-In-Transport On Same Roadway,None,METROPOLITAN NASHVILLE POLICE DEPT,Other,Unbelted,-,-,Drug,-,-,-,-,-,-,-,-,-,Davidson,Nashville,4
117868,400623027,0,1,36.39799,-84.92828,6,2026-08-06 08:09:00,2026,8,6,8,9,Thursday,08:09,Suspected Serious Injury,Daylight,Clear,Ditch,None,THP District 6 - Cookeville,THP,-,Distracted,-,-,-,-,-,-,-,-,-,-,-,Fentress,Not in City Limit,5
117890,400623444,0,4,35.61648,-84.19816,1,2026-08-06 15:43:00,2026,8,6,15,43,Thursday,15:43,Suspected Serious Injury,Daylight,Clear,Motor Vehicle-In-Transport On Same Roadway,None,VONORE POLICE DEPT,Other,Unbelted,-,-,-,-,-,-,-,-,-,-,-,-,Monroe,Vonore,5
117898,400623518,0,1,35.06342,-89.40724,4,2026-08-06 14:20:00,2026,8,6,14,20,Thursday,14:20,Suspected Serious Injury,Daylight,Clear,Utility Pole,None,FAYETTE CO SHERIFF'S OFFICE,Other,-,-,-,-,Drowsy,-,-,-,-,-,-,-,-,Fayette,Moscow,5
117934,400623845,0,2,35.88298,-84.22746,1,2026-08-06 16:24:00,2026,8,6,16,24,Thursday,16:24,Suspected Serious Injury,Daylight,Clear,Motor Vehicle-In-Transport On Same Roadway,None,THP District 1 - Knoxville,THP,Unbelted,-,-,-,-,-,-,-,-,-,-,-,-,Knox,Not in City Limit,5
117942,400623941,0,1,35.62804,-88.84046,8,2026-08-07 02:27:00,2026,8,7,2,27,Friday,02:27,Suspected Serious Injury,Dark-Lighted,Clear,Utility Pole,None,JACKSON POLICE DEPT,Other,Unbelted,-,-,-,-,-,-,-,-,-,-,-,-,Madison,Jackson,6
117946,400623993,1,0,36.36118,-87.05334,3,2026-08-07 05:08:00,2026,8,7,5,8,Friday,05:08,Fatal,Dark-Not Lighted,Clear,Utility Pole,None,THP District 3 - Nashville,THP,-,-,-,-,-,-,-,-,-,-,-,Motorcyclist,-,Cheatham,Not in City Limit,6
117954,400624230,0,1,36.54983,-87.24704,3,2026-08-07 06:25:00,2026,8,7,6,25,Friday,06:25,Suspected Serious Injury,Daylight,Clear,Other Non-Collision,None,THP District 3 - Nashville,THP,-,-,-,-,-,-,-,-,-,-,-,Motorcyclist,-,Montgomery,Clarksville,6
117971,400624445,0,1,36.10111,-89.1246,8,2026-08-05 08:37:00,2026,8,5,8,37,Wednesday,08:37,Suspected Serious Injury,Daylight,Clear,Motor Vehicle-In-Transport On Same Roadway,None,THP District 8 - Jackson,THP,Unbelted,-,-,-,Drowsy,-,-,-,-,-,ATV_Involved,-,-,Gibson,Yorkville,4
117975,400624548,0,1,36.34387,-82.2497,5,2026-08-07 12:18:00,2026,8,7,12,18,Friday,12:18,Suspected Serious Injury,Daylight,Clear,Motor Vehicle-In-Transport On Same Roadway,None,ELIZABETHTON POLICE DEPT,Other,Unbelted,-,-,-,-,-,-,-,-,-,-,Motorcyclist,-,Carter,Elizabethton,6
117977,400624554,1,8,35.81725,-88.18847,8,2026-08-06 11:04:00,2026,8,6,11,4,Thursday,11:04,Fatal,Daylight,Clear,Ditch,None,THP District 8 - Jackson,THP,-,-,-,-,-,-,-,-,-,-,-,-,-,Carroll,Not in City Limit,5
117979,400624587,1,0,36.0527,-86.58703,3,2026-08-07 04:30:00,2026,8,7,4,30,Friday,04:30,Fatal,Dark-Lighted,Clear,Parked Motor Vehicle,None,METROPOLITAN NASHVILLE POLICE DEPT,Other,-,-,-,-,-,-,-,-,-,-,-,Motorcyclist,-,Davidson,Nashville,6
117981,400624598,0,2,35.14693,-84.96577,2,2026-08-07 08:35:00,2026,8,7,8,35,Friday,08:35,Suspected Serious Injury,Daylight,Clear,Motor Vehicle-In-Transport On Same Roadway,None,THP District 2 - Chattanooga,THP,Unbelted,-,-,-,-,-,-,-,-,-,-,Motorcyclist,-,Bradley,Cleveland,6
117985,400624643,0,1,36.33207,-84.18588,1,2026-08-07 12:54:00,2026,8,7,12,54,Friday,12:54,Suspected Serious Injury,Daylight,Clear,Motor Vehicle-In-Transport On Same Roadway,None,JACKSBORO POLICE DEPT,Other,Unbelted,-,-,-,-,-,-,-,-,-,-,-,-,Campbell,Jacksboro,6
117987,400624737,0,1,36.22475,-83.77199,5,2026-08-07 13:41:00,2026,8,7,13,41,Friday,13:41,Suspected Serious Injury,Daylight,Clear,Ditch,None,UNION CO SHERIFFS DEPT,Other,Unbelted,-,-,-,-,-,-,-,-,-,-,-,-,Union,Not in City Limit,6
117990,400624781,0,2,35.86881,-87.86812,3,2026-08-07 11:39:00,2026,8,7,11,39,Friday,11:39,Suspected Serious Injury,Daylight,Clear,Motor Vehicle-In-Transport On Same Roadway,None,THP District 3 - Nashville,THP,Unbelted,-,-,-,-,-,-,-,-,-,ATV_Involved,-,-,Humphreys,Not in City Limit,6
117998,400624858,0,1,36.10795,-87.23699,3,2026-08-07 13:30:00,2026,8,7,13,30,Friday,13:30,Suspected Serious Injury,Daylight,Clear,Motor Vehicle-In-Transport On Same Roadway,None,WHITE BLUFF POLICE DEPT,Other,Unbelted,-,-,-,-,-,-,-,-,-,-,-,-,Dickson,White Bluff,6
118000,400624877,0,1,36.02077,-86.57819,3,2026-08-06 07:30:00,2026,8,6,7,30,Thursday,07:30,Suspected Serious Injury,Daylight,Clear,Motor Vehicle-In-Transport On Same Roadway,None,LAVERGNE POLICE DEPT,Other,Unbelted,-,-,-,-,-,-,-,-,-,-,-,-,Rutherford,Lavergne,5
118006,400624940,0,1,36.01725,-84.26237,1,2026-08-05 12:00:00,2026,8,5,12,0,Wednesday,12:00,Suspected Serious Injury,Daylight,Clear,Pedestrian,None,OAK RIDGE POLICE DEPT,Other,Unbelted,-,-,-,-,-,-,Pedestrian,-,-,-,-,-,Anderson,Oak Ridge,4
118007,400624945,0,2,35.99608,-86.69071,3,2026-08-07 15:25:00,2026,8,7,15,25,Friday,15:25,Suspected Serious Injury,Daylight,Rain,Motor Vehicle-In-Transport On Same Roadway,None,METROPOLITAN NASHVILLE POLICE DEPT,Other,Unbelted,-,-,-,-,-,-,-,-,-,-,-,-,Davidson,Nashville,6
118010,400624963,0,1,36.09823,-86.73871,3,2026-08-07 00:00:00,2026,8,7,24,0,Friday,24:00,Suspected Serious Injury,Daylight,Clear,Motor Vehicle-In-Transport On Same Roadway,None,METROPOLITAN NASHVILLE POLICE DEPT,Other,Unbelted,-,-,-,-,-,-,-,-,-,-,Motorcyclist,-,Davidson,Nashville,6
118012,400624970,0,1,35.45903,-88.67372,8,2026-08-07 13:50:00,2026,8,7,13,50,Friday,13:50,Suspected Serious Injury,Daylight,Clear,Motor Vehicle-In-Transport On Same Roadway,None,HENDERSON POLICE DEPT,Other,Unbelted,-,-,-,-,-,-,-,-,-,-,-,-,Chester,Henderson,6
118035,400625164,0,3,35.60508,-89.24049,4,2026-08-07 17:11:00,2026,8,7,17,11,Friday,17:11,Suspected Serious Injury,Dusk,Cloudy,Motor Vehicle-In-Transport On Same Roadway,None,BROWNSVILLE POLICE DEPT,Other,Unbelted,-,-,-,-,-,-,-,-,-,-,-,-,Haywood,Brownsville,6
118065,400625434,1,2,36.23159,-82.14871,5,2026-08-07 16:20:00,2026,8,7,16,20,Friday,16:20,Fatal,Daylight,Clear,Motor Vehicle-In-Transport On Same Roadway,None,THP District 5 - Fall Branch,THP,Unbelted,-,-,Drug,-,-,-,-,-,-,-,-,-,Carter,Not in City Limit,6
118066,400625443,0,1,36.1105,-89.31109,8,2026-08-07 22:30:00,2026,8,7,22,30,Friday,22:30,Suspected Serious Injury,Dark-Not Lighted,Clear,Pedestrian,None,THP District 8 - Jackson,THP,Unbelted,-,-,-,-,-,-,Pedestrian,-,-,-,-,-,Dyer,Not in City Limit,6
118067,400625452,0,1,36.02749,-83.92785,1,2026-08-07 20:54:00,2026,8,7,20,54,Friday,20:54,Suspected Serious Injury,Dusk,Clear,Motor Vehicle-In-Transport On Same Roadway,None,KNOXVILLE POLICE DEPT,Other,Unbelted,-,-,-,-,-,-,-,-,-,-,Motorcyclist,-,Knox,Knoxville,6
118078,400625531,0,1,35.58305,-88.32209,8,2026-08-08 04:23:00,2026,8,8,4,23,Saturday,04:23,Suspected Serious Injury,Dark-Lighted,Clear,Standing Tree,None,THP District 8 - Jackson,THP,Unbelted,-,-,-,Drowsy,-,-,-,-,-,-,-,-,Henderson,Not in City Limit,7
118082,400625637,0,2,35.52659,-86.45417,7,2026-08-04 07:44:00,2026,8,4,7,44,Tuesday,07:44,Suspected Serious Injury,Daylight,Clear,Motor Vehicle-In-Transport On Same Roadway,None,SHELBYVILLE POLICE DEPT,Other,Unbelted,-,-,-,-,-,-,-,-,-,-,-,-,Bedford,Shelbyville,3
118106,400626049,0,2,36.03807,-88.30675,8,2026-08-07 15:43:00,2026,8,7,15,43,Friday,15:43,Suspected Serious Injury,Daylight,Clear,Motor Vehicle-In-Transport On Same Roadway,None,THP District 8 - Jackson,THP,Unbelted,-,-,-,-,-,-,-,-,-,-,-,-,Carroll,Not in City Limit,6
118135,400626302,0,1,35.92716,-84.05021,1,2026-08-08 17:01:00,2026,8,8,17,1,Saturday,17:01,Suspected Serious Injury,Daylight,Cloudy,Motor Vehicle-In-Transport On Same Roadway,None,KNOXVILLE POLICE DEPT,Other,Unbelted,-,-,-,-,-,-,-,-,-,-,-,-,Knox,Knoxville,7
118136,400626314,0,3,36.09817,-86.27988,3,2026-08-08 14:21:00,2026,8,8,14,21,Saturday,14:21,Suspected Serious Injury,Daylight,Clear,Motor Vehicle-In-Transport On Same Roadway,None,THP District 3 - Nashville,THP,Unbelted,Distracted,-,Drug,-,-,-,-,-,-,-,-,-,Wilson,Not in City Limit,7
118146,400626378,0,1,36.55063,-86.48742,3,2026-08-08 16:02:00,2026,8,8,16,2,Saturday,16:02,Suspected Serious Injury,Daylight,Cloudy,Culvert,None,THP District 3 - Nashville,THP,Unbelted,-,-,-,-,-,-,-,-,-,-,-,-,Sumner,Not in City Limit,7
118148,400626391,0,2,36.30556,-86.68756,3,2026-08-08 19:46:00,2026,8,8,19,46,Saturday,19:46,Suspected Serious Injury,Dark-Lighted,Clear,Motor Vehicle-In-Transport On Same Roadway,None,METROPOLITAN NASHVILLE POLICE DEPT,Other,Unbelted,-,-,-,-,Speeding,-,-,-,-,-,-,-,Davidson,Nashville,7
118153,400626420,0,2,36.04936,-86.60046,3,2026-08-08 17:25:00,2026,8,8,17,25,Saturday,17:25,Suspected Serious Injury,Daylight,Rain,Motor Vehicle-In-Transport On Same Roadway,None,METROPOLITAN NASHVILLE POLICE DEPT,Other,Unbelted,-,-,-,-,Speeding,-,-,-,-,-,-,-,Davidson,Nashville,7
118164,400626513,0,1,35.94046,-84.00196,1,2026-08-09 00:20:00,2026,8,9,0,20,Sunday,00:20,Suspected Serious Injury,Dark-Lighted,Clear,Concrete Traffic Barrier,None,KNOXVILLE POLICE DEPT,Other,Unbelted,-,-,-,-,-,-,-,-,-,-,-,-,Knox,Knoxville,1
118167,400626527,0,1,36.46156,-86.66267,3,2026-08-08 21:35:00,2026,8,8,21,35,Saturday,21:35,Suspected Serious Injury,Dark-Lighted,Clear,Motor Vehicle-In-Transport On Same Roadway,None,WHITE HOUSE POLICE DEPT,Other,Unbelted,-,-,Drug,-,-,-,-,-,-,-,-,-,Robertson,White House,7
118174,400626662,0,1,35.77017,-89.00586,4,2026-08-06 12:02:00,2026,8,6,12,2,Thursday,12:02,Suspected Serious Injury,Daylight,Clear,Ditch,None,THP District 4 - Memphis,THP,Unbelted,-,-,-,-,-,-,-,-,-,-,-,-,Crockett,Not in City Limit,5
118175,400626710,0,5,36.0775,-86.7428,3,2026-08-09 07:17:00,2026,8,9,7,17,Sunday,07:17,Suspected Serious Injury,Dawn,Clear,Ditch,None,METROPOLITAN NASHVILLE POLICE DEPT,Other,Unbelted,-,-,-,-,Speeding,-,-,-,-,-,-,-,Davidson,Nashville,1
118180,400626824,0,1,35.76171,-83.95127,1,2026-08-09 07:43:00,2026,8,9,7,43,Sunday,07:43,Suspected Serious Injury,Daylight,Clear,Standing Tree,None,MARYVILLE POLICE DEPT,Other,Unbelted,-,-,-,-,Speeding,-,-,-,-,-,-,-,Blount,Maryville,1
118184,400626859,1,0,36.59172,-83.66596,5,2026-08-09 00:01:00,2026,8,9,0,1,Sunday,00:01,Fatal,Dark-Not Lighted,Clear,"Over Turn, Roll Over",None,THP District 5 - Fall Branch,THP,-,-,-,-,-,Speeding,-,-,-,-,-,Motorcyclist,-,Claiborne,Not in City Limit,1
118185,400626872,0,1,36.18849,-82.97947,5,2026-08-09 10:19:00,2026,8,9,10,19,Sunday,10:19,Suspected Serious Injury,Daylight,Clear,"Over Turn, Roll Over",None,THP District 5 - Fall Branch,THP,Unbelted,-,-,-,Drowsy,-,-,-,-,-,-,-,-,Greene,Mosheim,1
118190,400626984,0,2,36.25273,-87.50056,3,2026-08-08 15:17:00,2026,8,8,15,17,Saturday,15:17,Suspected Serious Injury,Daylight,Rain,Standing Tree,None,THP District 3 - Nashville,THP,-,-,-,-,-,-,-,-,-,-,-,-,-,Dickson,Not in City Limit,7
118199,400627114,1,1,36.29119,-88.36729,8,2026-08-09 12:20:00,2026,8,9,12,20,Sunday,12:20,Fatal,Daylight,Clear,Motor Vehicle-In-Transport On Same Roadway,None,THP District 8 - Jackson,THP,Unbelted,-,-,-,-,-,-,-,-,-,-,-,-,Henry,Not in City Limit,1
118207,400627228,1,1,36.20305,-83.10922,5,2026-08-09 13:09:00,2026,8,9,13,9,Sunday,13:09,Fatal,Daylight,Clear,Motor Vehicle-In-Transport On Same Roadway,None,THP District 5 - Fall Branch,THP,Unbelted,-,-,-,-,-,-,-,-,-,ATV_Involved,-,-,Greene,Not in City Limit,1
118216,400627379,0,1,35.2752,-87.31788,7,2026-08-08 22:03:00,2026,8,8,22,3,Saturday,22:03,Suspected Serious Injury,Dark-Lighted,Clear,Motor Vehicle-In-Transport On Same Roadway,None,LAWRENCEBURG POLICE DEPT,Other,Unbelted,-,Drinking,-,Drowsy,-,-,-,-,-,-,Motorcyclist,-,Lawrence,Lawrenceburg,7
118219,400627407,0,1,36.13279,-82.41875,5,2026-08-09 16:51:00,2026,8,9,16,51,Sunday,16:51,Suspected Serious Injury,Daylight,Cloudy,"Over Turn, Roll Over",None,ERWIN POLICE DEPT,Other,-,Distracted,Drinking,-,-,Speeding,-,-,-,-,-,-,-,Unicoi,Erwin,1
118221,400627445,0,1,36.0303,-86.54277,3,2026-08-09 18:30:00,2026,8,9,18,30,Sunday,18:30,Suspected Serious Injury,Daylight,Clear,Other Non-Collision,None,LAVERGNE POLICE DEPT,Other,-,-,-,-,-,-,-,-,-,ATV_Involved,-,-,-,Rutherford,Lavergne,1
118223,400627459,0,7,35.43285,-87.04017,7,2026-08-08 14:45:00,2026,8,8,14,45,Saturday,14:45,Suspected Serious Injury,Daylight,Clear,Motor Vehicle-In-Transport On Same Roadway,None,THP District 7 - Lawrenceburg,THP,Unbelted,-,-,-,-,-,-,-,-,-,-,-,-,Maury,Not in City Limit,7
118225,400627469,0,2,36.22942,-82.18719,5,2026-08-09 17:00:00,2026,8,9,17,0,Sunday,17:00,Suspected Serious Injury,Daylight,Cloudy,Motor Vehicle-In-Transport On Same Roadway,None,THP District 5 - Fall Branch,THP,Unbelted,-,-,-,-,-,-,-,-,-,-,-,-,Carter,Not in City Limit,1