OBJECTID,MRN,Fatality,Injury,Latitude,Longitude,THP_District,Collision_Date,Collision_Year,Collision_Month,Collision_Day,Collision_Hour,Collision_Min,Collision_DOW,Collision_Time,Crash_Type,Light_Condition,Weather,First_Harmfu_Event,Work_Zone_Type,Agency_Name,THP,Unbelted,Distracted_Driver,Driver_Drinking,Driver_Drugged,Drowsy_Driver,Speeding_Involved,Pedalcyclist,Pedestrian,Other_Nonmotorist,ATV_Involved,LargeTruck_Involved,Motorcycle_Involved,SchoolBus,County,City,DOW_Nmb
118231,400627513,0,1,35.53363,-84.91795,2,2026-08-09 19:41:00,2026,8,9,19,41,Sunday,19:41,Suspected Serious Injury,Daylight,Clear,Standing Tree,None,THP District 2 - Chattanooga,THP,Unbelted,-,-,-,-,-,-,-,-,-,-,-,-,Rhea,Not in City Limit,1
118236,400627572,1,0,35.50019,-84.5678,2,2026-08-08 23:41:00,2026,8,8,23,41,Saturday,23:41,Fatal,Dark-Not Lighted,Clear,Highway Traffic Sign Post,None,THP District 2 - Chattanooga,THP,-,-,Drinking,-,-,-,-,-,-,-,-,Motorcyclist,-,McMinn,Niota,7
118242,400627614,0,1,35.95901,-83.96483,1,2026-08-10 01:32:00,2026,8,10,1,32,Monday,01:32,Suspected Serious Injury,Dark-Lighted,Clear,Concrete Traffic Barrier,None,KNOXVILLE POLICE DEPT,Other,-,-,-,-,-,-,-,-,-,-,-,Motorcyclist,-,Knox,Knoxville,2
118246,400627648,0,2,35.85628,-83.62992,1,2026-08-09 00:00:00,2026,8,9,24,0,Sunday,24:00,Suspected Serious Injury,Daylight,Clear,Motor Vehicle-In-Transport On Same Roadway,None,SEVIER CO SHERIFFS OFFICE,Other,Unbelted,-,-,-,-,-,-,-,-,-,-,-,-,Sevier,Not in City Limit,1
118251,400627693,0,1,36.54835,-86.69608,3,2026-08-09 12:46:00,2026,8,9,12,46,Sunday,12:46,Suspected Serious Injury,Daylight,Clear,"Over Turn, Roll Over",None,THP District 3 - Nashville,THP,-,-,-,-,-,-,-,-,-,-,-,Motorcyclist,-,Robertson,Cross Plains,1
118261,400627863,0,1,35.99349,-88.99537,8,2026-08-07 21:32:00,2026,8,7,21,32,Friday,21:32,Suspected Serious Injury,Dark-Not Lighted,Clear,Guard Rail Face,None,THP District 8 - Jackson,THP,Unbelted,-,Drinking,-,-,-,-,-,-,-,-,-,-,Gibson,Not in City Limit,6
118262,400627868,0,1,35.50736,-83.95365,1,2026-08-08 20:10:00,2026,8,8,20,10,Saturday,20:10,Suspected Serious Injury,Daylight,Clear,Ditch,None,THP District 1 - Knoxville,THP,-,-,-,-,-,-,-,-,-,-,-,Motorcyclist,-,Blount,Not in City Limit,7
118269,400628039,1,0,35.88577,-84.83484,6,2026-08-10 06:25:00,2026,8,10,6,25,Monday,06:25,Fatal,Daylight,Rain,Standing Tree,None,THP District 6 - Cookeville,THP,Unbelted,-,-,-,-,-,-,-,-,-,-,-,-,Cumberland,Not in City Limit,2
118274,400628202,0,1,35.49505,-83.93512,1,2026-08-09 12:19:00,2026,8,9,12,19,Sunday,12:19,Suspected Serious Injury,Daylight,Clear,Other Non-Collision,None,THP District 1 - Knoxville,THP,-,-,-,-,-,-,-,-,-,-,-,Motorcyclist,-,Blount,Not in City Limit,1
118285,400628352,1,0,36.32757,-85.65859,6,2026-08-10 14:40:00,2026,8,10,14,40,Monday,14:40,Fatal,Daylight,Clear,Ditch,None,THP District 6 - Cookeville,THP,Unbelted,-,-,-,-,-,-,-,-,-,-,-,-,Jackson,Gainesboro,2
118304,400628628,0,1,35.52439,-83.9932,1,2026-08-08 14:22:00,2026,8,8,14,22,Saturday,14:22,Suspected Serious Injury,Daylight,Clear,Ditch,None,BLOUNT CO SHERIFFS DEPT,Other,-,-,-,-,-,-,-,-,-,-,-,Motorcyclist,-,Blount,Not in City Limit,7
118311,400628675,0,2,35.39511,-84.2664,1,2026-08-10 17:50:00,2026,8,10,17,50,Monday,17:50,Suspected Serious Injury,Daylight,Clear,Ditch,None,THP District 1 - Knoxville,THP,-,-,-,-,-,-,-,-,-,-,-,Motorcyclist,-,Monroe,Not in City Limit,2
118313,400628709,1,0,35.07668,-85.04285,2,2026-08-08 00:00:00,2026,8,8,24,0,Saturday,24:00,Fatal,Unknown,Unknown,Guard Rail End,None,COLLEGEDALE POLICE DEPT,Other,-,-,-,-,-,Speeding,-,-,-,-,-,Motorcyclist,-,Hamilton,Collegedale,7
118318,400628734,1,0,36.11971,-85.19468,6,2026-08-10 19:26:00,2026,8,10,19,26,Monday,19:26,Fatal,Daylight,Clear,Motor Vehicle-In-Transport On Same Roadway,None,THP District 6 - Cookeville,THP,Unbelted,-,Drinking,Drug,-,-,-,-,-,-,-,Motorcyclist,-,Putnam,Not in City Limit,2
118323,400628785,0,3,35.39022,-88.89394,4,2026-08-10 16:50:00,2026,8,10,16,50,Monday,16:50,Suspected Serious Injury,Daylight,Clear,Motor Vehicle-In-Transport On Same Roadway,None,HARDEMAN CO SHERIFFS DEPT,Other,Unbelted,-,-,-,-,-,-,-,-,-,-,-,-,Hardeman,Not in City Limit,2
118324,400628795,0,1,35.77152,-86.03305,6,2026-08-07 00:00:00,2026,8,7,24,0,Friday,24:00,Suspected Serious Injury,Dark-Not Lighted,Clear,Standing Tree,None,CANNON CO SHERIFFS DEPT,Other,Unbelted,-,-,-,-,-,-,-,-,-,-,-,-,Cannon,Not in City Limit,6
118333,400628985,0,3,36.38658,-82.41003,5,2026-08-09 10:58:00,2026,8,9,10,58,Sunday,10:58,Suspected Serious Injury,Daylight,Clear,Motor Vehicle-In-Transport On Same Roadway,None,THP District 5 - Fall Branch,THP,Unbelted,-,-,-,-,-,-,-,-,-,-,-,-,Washington,Johnson City,1
118350,400629159,0,1,35.53164,-86.94802,7,2026-08-10 10:45:00,2026,8,10,10,45,Monday,10:45,Suspected Serious Injury,Daylight,Clear,Embankment Earth,None,THP District 7 - Lawrenceburg,THP,Unbelted,-,-,-,-,-,-,-,-,-,-,-,-,Maury,Not in City Limit,2
118358,400629211,0,3,36.20631,-83.82991,5,2026-08-10 15:34:00,2026,8,10,15,34,Monday,15:34,Suspected Serious Injury,Daylight,Clear,Motor Vehicle-In-Transport On Same Roadway,None,THP District 5 - Fall Branch,THP,Unbelted,-,-,Drug,-,-,-,-,-,-,-,-,-,Union,Not in City Limit,2
118362,400629262,0,1,35.90703,-86.84438,3,2026-08-11 12:09:00,2026,8,11,12,9,Tuesday,12:09,Suspected Serious Injury,Daylight,Clear,Motor Vehicle-In-Transport On Same Roadway,None,FRANKLIN POLICE DEPT,Other,Unbelted,Distracted,-,-,-,-,-,-,-,-,-,Motorcyclist,-,Williamson,Franklin,3
118372,400629394,0,1,35.20045,-84.81898,2,2026-08-07 18:27:00,2026,8,7,18,27,Friday,18:27,Suspected Serious Injury,Daylight,Rain,Pedal-Cycle,None,THP District 2 - Chattanooga,THP,Unbelted,-,-,-,-,-,Pedalcyclist,-,-,-,-,-,-,Bradley,Not in City Limit,6
118373,400629405,1,1,35.0922,-84.8812,2,2026-08-11 10:50:00,2026,8,11,10,50,Tuesday,10:50,Fatal,Daylight,Clear,Motor Vehicle-In-Transport On Same Roadway,None,THP District 2 - Chattanooga,THP,Unbelted,-,-,-,-,-,-,-,-,-,ATV_Involved,-,-,Bradley,Not in City Limit,3
118375,400629415,0,1,36.20196,-88.42722,8,2026-08-10 20:39:00,2026,8,10,20,39,Monday,20:39,Suspected Serious Injury,Dark-Not Lighted,Clear,Motor Vehicle-In-Transport On Same Roadway,None,THP District 8 - Jackson,THP,Unbelted,-,-,-,-,-,-,-,-,-,-,Motorcyclist,-,Henry,Henry,2
118377,400629478,0,2,36.09656,-84.13407,1,2026-08-10 16:22:00,2026,8,10,16,22,Monday,16:22,Suspected Serious Injury,Daylight,Clear,Motor Vehicle-In-Transport On Same Roadway,None,CLINTON POLICE DEPT,Other,Unbelted,-,-,-,-,-,-,-,-,-,-,Motorcyclist,-,Anderson,Clinton,2
118382,400629555,0,2,35.95783,-85.8169,6,2026-08-11 13:07:00,2026,8,11,13,7,Tuesday,13:07,Suspected Serious Injury,Daylight,Clear,Motor Vehicle-In-Transport On Same Roadway,None,THP District 6 - Cookeville,THP,Unbelted,-,-,-,-,-,-,-,-,-,ATV_Involved,-,-,DeKalb,Smithville,3
118391,400629602,0,1,36.02701,-83.93544,1,2026-08-11 15:43:00,2026,8,11,15,43,Tuesday,15:43,Suspected Serious Injury,Daylight,Clear,Pedal-Cycle,None,KNOXVILLE POLICE DEPT,Other,Unbelted,Distracted,-,-,-,-,-,-,-,-,-,-,-,Knox,Knoxville,3
118393,400629656,0,2,35.89787,-86.30829,3,2026-08-10 16:28:00,2026,8,10,16,28,Monday,16:28,Suspected Serious Injury,Daylight,Clear,Motor Vehicle-In-Transport On Same Roadway,None,THP District 3 - Nashville,THP,Unbelted,-,-,-,-,-,-,-,-,ATV_Involved,-,-,-,Rutherford,Not in City Limit,2
118395,400629677,0,2,35.87298,-84.4485,1,2026-08-06 23:06:00,2026,8,6,23,6,Thursday,23:06,Suspected Serious Injury,Dark-Not Lighted,Clear,Motor Vehicle-In-Transport On Same Roadway,None,THP District 1 - Knoxville,THP,Unbelted,-,Drinking,Drug,-,-,-,-,-,-,-,-,-,Roane,Kingston,5
118403,400629721,0,2,36.00871,-84.00664,1,2026-08-11 16:15:00,2026,8,11,16,15,Tuesday,16:15,Suspected Serious Injury,Daylight,Clear,Motor Vehicle-In-Transport On Same Roadway,None,KNOXVILLE POLICE DEPT,Other,Unbelted,-,-,-,-,-,-,-,-,-,-,-,-,Knox,Knoxville,3
118419,400629840,1,0,36.13534,-82.78827,5,2026-08-10 20:43:00,2026,8,10,20,43,Monday,20:43,Fatal,Dark-Not Lighted,Clear,Standing Tree,None,THP District 5 - Fall Branch,THP,Unbelted,-,-,-,-,-,-,-,-,-,-,-,-,Greene,Not in City Limit,2
118421,400629846,1,0,36.4035,-82.62939,5,2026-08-11 01:01:00,2026,8,11,1,1,Tuesday,01:01,Fatal,Dark-Not Lighted,Clear,Other Animal,None,THP District 5 - Fall Branch,THP,Unbelted,-,-,-,-,-,-,-,-,-,ATV_Involved,-,-,Washington,Not in City Limit,3
118427,400629877,0,2,35.6423,-86.74972,7,2026-08-11 17:55:00,2026,8,11,17,55,Tuesday,17:55,Suspected Serious Injury,Daylight,Clear,Motor Vehicle-In-Transport On Same Roadway,None,THP District 7 - Lawrenceburg,THP,Unbelted,-,-,-,-,-,-,-,-,-,-,Motorcyclist,-,Marshall,Not in City Limit,3
118429,400629884,0,1,36.06347,-84.08035,1,2026-08-11 18:07:00,2026,8,11,18,7,Tuesday,18:07,Suspected Serious Injury,Daylight,Clear,Utility Pole,None,THP District 1 - Knoxville,THP,Unbelted,Distracted,-,-,-,-,-,-,-,-,ATV_Involved,-,-,Knox,Not in City Limit,3
118437,400629933,0,1,35.9587,-85.04096,6,2026-08-11 21:06:00,2026,8,11,21,6,Tuesday,21:06,Suspected Serious Injury,Dark-Lighted,Rain,Pedal-Cycle,None,THP District 6 - Cookeville,THP,Unbelted,-,-,-,-,Speeding,Pedalcyclist,-,-,-,-,-,-,Cumberland,Crossville,3
118441,400629959,0,5,35.17635,-85.21629,2,2026-08-11 18:10:00,2026,8,11,18,10,Tuesday,18:10,Suspected Serious Injury,Daylight,Clear,Motor Vehicle-In-Transport On Same Roadway,None,HAMILTON COUNTY SHERIFF'S OFFICE,Other,Unbelted,-,-,-,-,-,-,-,-,-,-,-,-,Hamilton,OTHER,3
118444,400629972,1,0,36.17716,-82.7933,5,2026-08-12 01:40:00,2026,8,12,1,40,Wednesday,01:40,Fatal,Dark-Lighted,Rain,Pedestrian,None,THP District 5 - Fall Branch,THP,Unbelted,Distracted,-,-,-,-,-,Pedestrian,-,-,-,-,-,Greene,Greeneville,4
118446,400630013,0,1,35.39426,-89.15541,4,2026-08-09 16:47:00,2026,8,9,16,47,Sunday,16:47,Suspected Serious Injury,Daylight,Clear,"Over Turn, Roll Over",None,HARDEMAN CO SHERIFFS DEPT,Other,Unbelted,-,-,-,-,Speeding,-,-,-,-,-,-,-,Hardeman,Not in City Limit,1
118449,400630098,0,1,35.78644,-86.36924,3,2026-08-12 04:55:00,2026,8,12,4,55,Wednesday,04:55,Suspected Serious Injury,Dark-Lighted,Clear,Motor Vehicle-In-Transport On Same Roadway,None,MURFREESBORO POLICE DEPT,Other,Unbelted,-,-,-,-,-,-,-,-,-,-,Motorcyclist,-,Rutherford,Murfreesboro,4
118456,400630296,1,1,36.08414,-86.70588,3,2026-08-11 02:49:00,2026,8,11,2,49,Tuesday,02:49,Fatal,Dark-Lighted,Clear,Motor Vehicle-In-Transport On Same Roadway,None,METROPOLITAN NASHVILLE POLICE DEPT,Other,Unbelted,-,Drinking,-,-,-,-,-,-,-,-,-,-,Davidson,Nashville,3
118464,400630390,0,3,35.72823,-86.95896,7,2026-08-11 19:33:00,2026,8,11,19,33,Tuesday,19:33,Suspected Serious Injury,Daylight,Cloudy,Utility Pole,None,SPRING HILL POLICE DEPT,Other,Unbelted,-,Drinking,Drug,-,-,-,-,-,-,-,-,-,Maury,Not in City Limit,3
118472,400630510,0,1,36.07452,-86.70132,3,2026-08-12 11:06:00,2026,8,12,11,6,Wednesday,11:06,Suspected Serious Injury,Daylight,Clear,Utility Pole,None,METROPOLITAN NASHVILLE POLICE DEPT,Other,Unbelted,-,-,-,-,-,-,-,-,-,-,-,-,Davidson,Nashville,4
118475,400630550,0,3,36.39512,-86.36833,3,2026-08-07 14:24:00,2026,8,7,14,24,Friday,14:24,Suspected Serious Injury,Daylight,Clear,Motor Vehicle-In-Transport On Same Roadway,None,THP District 3 - Nashville,THP,Unbelted,-,-,-,-,-,-,-,-,-,ATV_Involved,-,-,Sumner,Not in City Limit,6
118492,400630762,0,3,35.54141,-84.32685,1,2026-08-12 15:00:00,2026,8,12,15,0,Wednesday,15:00,Suspected Serious Injury,Daylight,Clear,Motor Vehicle-In-Transport On Same Roadway,None,THP District 1 - Knoxville,THP,Unbelted,-,-,-,-,-,-,-,-,-,-,-,-,Monroe,Not in City Limit,4
118493,400630765,1,0,35.26888,-89.26138,4,2026-08-11 18:05:00,2026,8,11,18,5,Tuesday,18:05,Fatal,Daylight,Clear,Motor Vehicle-In-Transport On Same Roadway,None,THP District 4 - Memphis,THP,Unbelted,-,-,-,-,-,-,-,-,-,ATV_Involved,Motorcyclist,-,Fayette,Not in City Limit,3
118495,400630779,0,1,36.06211,-87.74976,3,2026-08-12 15:20:00,2026,8,12,15,20,Wednesday,15:20,Suspected Serious Injury,Daylight,Clear,Shrubbery,None,THP District 3 - Nashville,THP,-,-,-,-,-,-,-,-,-,-,-,Motorcyclist,-,Humphreys,Not in City Limit,4
118505,400630895,0,4,36.26197,-85.95307,6,2026-08-12 14:00:00,2026,8,12,14,0,Wednesday,14:00,Suspected Serious Injury,Daylight,Clear,Motor Vehicle-In-Transport On Same Roadway,None,THP District 6 - Cookeville,THP,Unbelted,-,-,-,-,Speeding,-,-,-,-,-,-,-,Smith,South Carthage,4
118519,400631057,0,1,36.25067,-86.75726,3,2026-08-12 17:40:00,2026,8,12,17,40,Wednesday,17:40,Suspected Serious Injury,Daylight,Clear,Utility Pole,None,METROPOLITAN NASHVILLE POLICE DEPT,Other,Unbelted,-,Drinking,-,-,-,-,-,-,-,-,-,-,Davidson,Nashville,4
118524,400631094,0,2,35.90876,-87.18567,3,2026-08-12 21:26:00,2026,8,12,21,26,Wednesday,21:26,Suspected Serious Injury,Dark-Not Lighted,Clear,Ditch,None,WILLIAMSON CO SHERIFFS OFFICE,Other,Unbelted,-,-,-,-,Speeding,-,-,-,-,-,-,-,Williamson,Not in City Limit,4
118526,400631099,0,1,35.37166,-85.39042,2,2026-08-12 17:49:00,2026,8,12,17,49,Wednesday,17:49,Suspected Serious Injury,Daylight,Clear,Pedestrian,None,DUNLAP POLICE DEPT,Other,Unbelted,-,-,-,-,-,-,Pedestrian,-,-,-,-,-,Sequatchie,Dunlap,4
118530,400631154,0,1,36.00741,-83.17135,5,2026-08-13 01:38:00,2026,8,13,1,38,Thursday,01:38,Suspected Serious Injury,Dark-Not Lighted,Clear,"Over Turn, Roll Over",None,THP District 5 - Fall Branch,THP,Unbelted,-,-,-,-,-,-,-,-,-,-,-,-,Cocke,Not in City Limit,5
118540,400631307,0,1,35.85666,-84.45641,1,2026-08-13 06:03:00,2026,8,13,6,3,Thursday,06:03,Suspected Serious Injury,Dark-Not Lighted,Clear,Motor Vehicle-In-Transport On Same Roadway,None,THP District 1 - Knoxville,THP,Unbelted,-,-,-,-,-,-,-,-,-,-,Motorcyclist,-,Roane,Not in City Limit,5
118546,400631457,0,6,36.24859,-86.7286,3,2026-08-13 07:29:00,2026,8,13,7,29,Thursday,07:29,Suspected Serious Injury,Daylight,Clear,Motor Vehicle-In-Transport On Same Roadway,None,METROPOLITAN NASHVILLE POLICE DEPT,Other,Unbelted,-,-,-,-,-,-,-,-,-,-,-,Direct,Davidson,Nashville,5
118553,400631631,0,3,36.10051,-86.67224,3,2026-08-13 08:48:00,2026,8,13,8,48,Thursday,08:48,Suspected Serious Injury,Daylight,Clear,Motor Vehicle-In-Transport On Same Roadway,None,METROPOLITAN NASHVILLE POLICE DEPT,Other,Unbelted,-,-,-,-,-,-,-,-,-,-,-,-,Davidson,Nashville,5
118557,400631703,0,1,35.53389,-89.82281,4,2026-08-11 18:30:00,2026,8,11,18,30,Tuesday,18:30,Suspected Serious Injury,Daylight,Clear,Mail Box,None,THP District 4 - Memphis,THP,Unbelted,-,-,-,-,-,-,-,-,-,-,-,-,Tipton,Gilt Edge,3
118562,400631778,0,2,35.30608,-84.56203,2,2026-08-08 22:18:00,2026,8,8,22,18,Saturday,22:18,Suspected Serious Injury,Daylight,Clear,Motor Vehicle-In-Transport On Same Roadway,None,THP District 2 - Chattanooga,THP,-,-,Drinking,-,-,-,-,-,-,-,-,Motorcyclist,-,McMinn,Not in City Limit,7
118584,400632014,0,1,35.404,-88.25684,8,2026-08-13 15:14:00,2026,8,13,15,14,Thursday,15:14,Suspected Serious Injury,Daylight,Clear,"Over Turn, Roll Over",None,THP District 8 - Jackson,THP,Unbelted,-,-,-,-,-,-,-,-,-,-,-,-,Hardin,Saltillo,5
118595,400632168,1,0,35.37646,-85.27319,2,2026-08-13 13:54:00,2026,8,13,13,54,Thursday,13:54,Fatal,Daylight,Clear,Motor Vehicle-In-Transport On Same Roadway,None,THP District 2 - Chattanooga,THP,Unbelted,-,-,-,-,-,-,-,-,-,-,-,-,Sequatchie,Not in City Limit,5
118598,400632199,0,2,35.92858,-84.05912,1,2026-08-13 17:42:00,2026,8,13,17,42,Thursday,17:42,Suspected Serious Injury,Daylight,Cloudy,"Over Turn, Roll Over",None,KNOXVILLE POLICE DEPT,Other,Unbelted,-,-,-,-,-,-,-,-,-,-,-,-,Knox,Knoxville,5
118613,400632338,0,1,36.18915,-86.26993,3,2026-08-13 21:06:00,2026,8,13,21,6,Thursday,21:06,Suspected Serious Injury,Dark-Lighted,Clear,Motor Vehicle-In-Transport On Same Roadway,None,LEBANON POLICE DEPT,Other,Unbelted,-,-,-,-,-,-,-,-,-,-,-,-,Wilson,Lebanon,5
118616,400632380,0,2,36.22182,-84.14857,1,2026-08-13 21:42:00,2026,8,13,21,42,Thursday,21:42,Suspected Serious Injury,Dark-Not Lighted,Clear,Motor Vehicle-In-Transport On Same Roadway,None,ROCKY TOP POLICE DEPT,Other,Unbelted,-,-,-,-,-,-,-,-,-,-,-,-,Anderson,Not in City Limit,5
118621,400632413,0,1,36.08895,-86.60806,3,2026-08-13 22:56:00,2026,8,13,22,56,Thursday,22:56,Suspected Serious Injury,Dark-Lighted,Clear,Other Post/Pole Support,None,METROPOLITAN NASHVILLE POLICE DEPT,Other,Unbelted,-,-,Drug,-,-,-,-,-,-,-,-,-,Davidson,Nashville,5
118624,400632422,0,2,35.25874,-87.3161,7,2026-08-13 22:13:00,2026,8,13,22,13,Thursday,22:13,Suspected Serious Injury,Dark-Lighted,Clear,Motor Vehicle-In-Transport On Same Roadway,None,THP District 7 - Lawrenceburg,THP,Unbelted,-,-,-,-,-,-,-,-,-,-,-,-,Lawrence,Lawrenceburg,5
118627,400632441,0,2,35.87754,-84.0409,1,2026-08-14 01:50:00,2026,8,14,1,50,Friday,01:50,Suspected Serious Injury,Dark-Not Lighted,Rain,Standing Tree,None,KNOX CO SHERIFFS OFFICE,Other,Unbelted,-,-,-,Drowsy,-,-,-,-,-,-,-,-,Knox,Not in City Limit,6
118628,400632450,0,2,35.92696,-84.38243,1,2026-08-13 22:17:00,2026,8,13,22,17,Thursday,22:17,Suspected Serious Injury,Dark-Not Lighted,Clear,Shrubbery,None,OAK RIDGE POLICE DEPT,Other,Unbelted,-,Drinking,Drug,Drowsy,-,-,-,-,-,-,-,-,Roane,Oak Ridge,5
118629,400632451,0,1,36.01438,-85.60727,6,2026-08-14 00:13:00,2026,8,14,0,13,Friday,00:13,Suspected Serious Injury,Dark-Not Lighted,Clear,Other Non-Fixed Object,None,THP District 6 - Cookeville,THP,-,-,-,-,-,-,-,-,-,-,-,Motorcyclist,-,White,Not in City Limit,6
118636,400632542,0,3,35.75891,-83.36532,1,2026-08-13 15:14:00,2026,8,13,15,14,Thursday,15:14,Suspected Serious Injury,Daylight,Clear,Motor Vehicle-In-Transport On Same Roadway,None,THP District 1 - Knoxville,THP,Unbelted,-,-,-,-,-,-,-,-,-,-,-,-,Sevier,Not in City Limit,5
118638,400632694,0,4,36.11899,-86.77459,3,2026-08-13 17:00:00,2026,8,13,17,0,Thursday,17:00,Suspected Serious Injury,Daylight,Clear,Motor Vehicle-In-Transport On Same Roadway,None,BERRY HILL POLICE DEPT,Other,Unbelted,-,-,-,-,-,-,-,-,-,-,-,-,Davidson,Berry Hill,5
118646,400632896,0,1,35.81488,-87.43757,7,2026-08-11 21:12:00,2026,8,11,21,12,Tuesday,21:12,Suspected Serious Injury,Dark-Not Lighted,Clear,Ditch,None,THP District 7 - Lawrenceburg,THP,-,-,-,-,-,-,-,-,-,-,-,-,-,Hickman,Centerville,3
118654,400633116,0,2,36.12976,-86.80237,3,2026-08-14 07:08:00,2026,8,14,7,8,Friday,07:08,Suspected Serious Injury,Dawn,Clear,Motor Vehicle-In-Transport On Same Roadway,None,METROPOLITAN NASHVILLE POLICE DEPT,Other,Unbelted,-,-,-,-,-,-,-,-,-,-,-,-,Davidson,Nashville,6
118657,400633182,0,1,36.05392,-86.77551,3,2026-08-14 10:25:00,2026,8,14,10,25,Friday,10:25,Suspected Serious Injury,Daylight,Clear,Standing Tree,None,METROPOLITAN NASHVILLE POLICE DEPT,Other,Unbelted,-,-,-,-,-,-,-,-,-,-,-,-,Davidson,Nashville,6
118663,400633280,0,1,36.48972,-81.8334,5,2026-08-11 16:50:00,2026,8,11,16,50,Tuesday,16:50,Suspected Serious Injury,Daylight,Cloudy,"Over Turn, Roll Over",None,THP District 5 - Fall Branch,THP,Unbelted,-,Drinking,Drug,-,Speeding,-,-,-,-,-,-,-,Johnson,Not in City Limit,3
118664,400633283,0,1,35.50362,-83.96966,1,2026-08-13 13:55:00,2026,8,13,13,55,Thursday,13:55,Suspected Serious Injury,Daylight,Clear,Other Fixed Object,None,THP District 1 - Knoxville,THP,-,-,-,-,-,-,-,-,-,-,-,Motorcyclist,-,Blount,Not in City Limit,5
118666,400633315,0,1,35.32351,-84.83315,2,2026-08-14 12:55:00,2026,8,14,12,55,Friday,12:55,Suspected Serious Injury,Daylight,Cloudy,"Over Turn, Roll Over",None,BRADLEY CO SHERIFFS DEPT,Other,-,-,-,-,-,-,-,-,-,ATV_Involved,-,-,-,Bradley,Not in City Limit,6
118669,400633348,0,1,35.4629,-88.36002,8,2026-08-14 12:19:00,2026,8,14,12,19,Friday,12:19,Suspected Serious Injury,Daylight,Clear,Ditch,None,THP District 8 - Jackson,THP,-,-,-,-,-,-,-,-,-,-,-,Motorcyclist,-,Henderson,Not in City Limit,6
118675,400633458,0,2,36.07738,-86.76634,3,2026-08-14 13:42:00,2026,8,14,13,42,Friday,13:42,Suspected Serious Injury,Daylight,Clear,Concrete Traffic Barrier,None,METROPOLITAN NASHVILLE POLICE DEPT,Other,Unbelted,Distracted,-,-,-,-,-,-,-,-,-,-,-,Davidson,Nashville,6
118679,400633525,1,1,36.47354,-87.24124,3,2026-08-14 07:32:00,2026,8,14,7,32,Friday,07:32,Fatal,Daylight,Clear,Motor Vehicle-In-Transport On Different Roadway,None,THP District 3 - Nashville,THP,Unbelted,-,Drinking,Drug,-,-,-,-,-,-,-,-,-,Montgomery,Clarksville,6
118686,400633565,0,1,36.31603,-86.52279,3,2026-08-14 13:29:00,2026,8,14,13,29,Friday,13:29,Suspected Serious Injury,Daylight,Clear,Ditch,None,HENDERSONVILLE POLICE DEPT,Other,Unbelted,-,-,-,-,-,-,-,-,-,-,-,-,Sumner,Not in City Limit,6
118705,400633806,0,7,35.93976,-86.53793,3,2026-08-14 15:59:00,2026,8,14,15,59,Friday,15:59,Suspected Serious Injury,Daylight,Clear,Motor Vehicle-In-Transport On Same Roadway,None,THP District 3 - Nashville,THP,Unbelted,Distracted,-,-,-,-,-,-,-,-,-,-,-,Rutherford,Not in City Limit,6
118711,400633846,0,1,36.42548,-88.24303,8,2026-08-14 17:12:00,2026,8,14,17,12,Friday,17:12,Suspected Serious Injury,Daylight,Clear,Ditch,None,THP District 8 - Jackson,THP,Unbelted,-,-,-,-,-,-,-,-,-,-,-,-,Henry,Not in City Limit,6
118721,400633943,0,1,35.06366,-89.75951,4,2026-08-14 18:45:00,2026,8,14,18,45,Friday,18:45,Suspected Serious Injury,Daylight,Clear,Parked Motor Vehicle,None,GERMANTOWN POLICE DEPT,Other,Unbelted,-,-,-,-,-,-,-,-,-,-,-,-,Shelby,Germantown,6
118722,400633963,0,1,36.35987,-82.19708,5,2026-08-14 16:27:00,2026,8,14,16,27,Friday,16:27,Suspected Serious Injury,Daylight,Clear,Motor Vehicle-In-Transport On Same Roadway,None,THP District 5 - Fall Branch,THP,Unbelted,-,-,-,-,-,-,-,-,-,-,-,-,Carter,Not in City Limit,6
118729,400634040,0,1,35.78101,-84.55203,1,2026-08-12 20:03:00,2026,8,12,20,3,Wednesday,20:03,Suspected Serious Injury,Daylight,Clear,Standing Tree,None,THP District 1 - Knoxville,THP,Unbelted,-,-,-,-,Speeding,-,-,-,-,-,-,-,Roane,Not in City Limit,4
118731,400634065,0,1,35.53611,-87.5228,7,2026-08-14 18:25:00,2026,8,14,18,25,Friday,18:25,Suspected Serious Injury,Daylight,Clear,Ditch,None,THP District 7 - Lawrenceburg,THP,-,-,-,-,-,-,-,-,-,-,-,Motorcyclist,-,Lewis,Not in City Limit,6
118767,400634447,0,1,36.55679,-85.51866,6,2026-08-14 13:49:00,2026,8,14,13,49,Friday,13:49,Suspected Serious Injury,Daylight,Clear,Motor Vehicle-In-Transport On Same Roadway,None,THP District 6 - Cookeville,THP,Unbelted,-,-,-,-,-,-,-,-,-,-,Motorcyclist,-,Clay,Not in City Limit,6
118768,400634483,0,1,36.28403,-88.30342,8,2026-08-15 05:50:00,2026,8,15,5,50,Saturday,05:50,Suspected Serious Injury,Dark-Lighted,Clear,Unknown,None,PARIS POLICE DEPT,Other,Unbelted,-,-,-,-,-,Pedalcyclist,-,-,-,-,-,-,Henry,Paris,7