OBJECTID,MRN,Fatality,Injury,Latitude,Longitude,THP_District,Collision_Date,Collision_Year,Collision_Month,Collision_Day,Collision_Hour,Collision_Min,Collision_DOW,Collision_Time,Crash_Type,Light_Condition,Weather,First_Harmfu_Event,Work_Zone_Type,Agency_Name,THP,Unbelted,Distracted_Driver,Driver_Drinking,Driver_Drugged,Drowsy_Driver,Speeding_Involved,Pedalcyclist,Pedestrian,Other_Nonmotorist,ATV_Involved,LargeTruck_Involved,Motorcycle_Involved,SchoolBus,County,City,DOW_Nmb
118770,400634615,0,1,35.72376,-86.9,7,2026-08-15 07:55:00,2026,8,15,7,55,Saturday,07:55,Suspected Serious Injury,Dawn,Clear,Fell/Jumped From Vehicle,None,SPRING HILL POLICE DEPT,Other,-,-,-,-,-,Speeding,-,-,-,-,-,Motorcyclist,-,Maury,Spring Hill,7
118776,400634722,1,0,36.02622,-83.92401,1,2026-08-15 03:21:00,2026,8,15,3,21,Saturday,03:21,Fatal,Dark-Not Lighted,Clear,Boulder,None,KNOXVILLE POLICE DEPT,Other,Unbelted,-,Drinking,-,-,-,-,-,-,-,-,-,-,Knox,Knoxville,7
118782,400634781,0,3,36.12973,-87.35919,3,2026-08-15 12:05:00,2026,8,15,12,5,Saturday,12:05,Suspected Serious Injury,Daylight,Clear,Motor Vehicle-In-Transport On Same Roadway,None,THP District 3 - Nashville,THP,Unbelted,-,-,-,-,-,-,-,-,-,-,-,-,Dickson,Not in City Limit,7
118794,400634893,0,1,35.78675,-86.64989,3,2026-08-14 15:53:00,2026,8,14,15,53,Friday,15:53,Suspected Serious Injury,Daylight,Clear,Mail Box,None,THP District 3 - Nashville,THP,Unbelted,Distracted,-,-,-,-,-,-,-,-,-,-,-,Rutherford,Eagleville,6
118801,400634973,0,1,35.99713,-86.50028,3,2026-08-14 20:49:00,2026,8,14,20,49,Friday,20:49,Suspected Serious Injury,Dark-Lighted,Clear,Motor Vehicle-In-Transport On Same Roadway,None,SMYRNA POLICE DEPT,Other,Unbelted,-,Drinking,-,-,-,-,-,-,-,ATV_Involved,-,-,Rutherford,Smyrna,6
118815,400635187,0,1,36.05734,-86.71601,3,2026-08-14 23:17:00,2026,8,14,23,17,Friday,23:17,Suspected Serious Injury,Dark-Lighted,Clear,Ditch,None,THP District 3 - Nashville,THP,Unbelted,-,-,-,-,-,-,-,-,-,-,-,-,Davidson,Nashville,6
118820,400635255,0,1,36.05151,-89.40425,8,2026-08-15 00:00:00,2026,8,15,24,0,Saturday,24:00,Suspected Serious Injury,Daylight,Clear,Motor Vehicle-In-Transport On Same Roadway,None,DYERSBURG POLICE DEPT,Other,-,-,-,-,-,-,-,-,-,-,-,Motorcyclist,-,Dyer,Dyersburg,7
118825,400635302,0,1,36.0483,-88.88823,8,2026-08-13 10:56:00,2026,8,13,10,56,Thursday,10:56,Suspected Serious Injury,Daylight,Clear,"Over Turn, Roll Over",None,THP District 8 - Jackson,THP,Unbelted,-,-,-,Drowsy,-,-,-,-,-,-,-,-,Gibson,Not in City Limit,5
118828,400635343,0,3,35.99706,-86.50005,3,2026-08-15 19:52:00,2026,8,15,19,52,Saturday,19:52,Suspected Serious Injury,Dark-Lighted,Clear,Motor Vehicle-In-Transport On Same Roadway,None,SMYRNA POLICE DEPT,Other,Unbelted,-,-,-,-,-,-,-,-,-,-,Motorcyclist,-,Rutherford,Smyrna,7
118831,400635360,0,1,35.50264,-89.81274,4,2026-08-15 00:00:00,2026,8,15,24,0,Saturday,24:00,Suspected Serious Injury,Daylight,Clear,Motor Vehicle-In-Transport On Same Roadway,None,THP District 4 - Memphis,THP,Unbelted,-,-,-,-,-,-,-,-,-,-,Motorcyclist,-,Tipton,Not in City Limit,7
118834,400635377,1,0,35.45693,-85.49737,2,2026-08-15 21:03:00,2026,8,15,21,3,Saturday,21:03,Fatal,Dark-Not Lighted,Clear,"Over Turn, Roll Over",None,THP District 2 - Chattanooga,THP,-,-,-,-,-,-,-,-,-,-,-,Motorcyclist,-,Sequatchie,Not in City Limit,7
118836,400635418,0,4,35.60667,-87.04329,7,2026-08-15 22:10:00,2026,8,15,22,10,Saturday,22:10,Suspected Serious Injury,Dark-Not Lighted,Clear,Motor Vehicle-In-Transport On Same Roadway,None,COLUMBIA POLICE DEPT,Other,Unbelted,-,-,-,-,-,-,-,-,-,-,-,-,Maury,Columbia,7
118842,400635459,0,1,35.88431,-86.43738,3,2026-08-15 23:28:00,2026,8,15,23,28,Saturday,23:28,Suspected Serious Injury,Dark-Not Lighted,Clear,Motor Vehicle-In-Transport On Same Roadway,None,THP District 3 - Nashville,THP,Unbelted,-,-,-,-,-,-,-,-,-,-,Motorcyclist,-,Rutherford,Not in City Limit,7
118846,400635500,0,2,35.9245,-87.32388,7,2026-08-15 04:22:00,2026,8,15,4,22,Saturday,04:22,Suspected Serious Injury,,Clear,Embankment Earth,None,THP District 7 - Lawrenceburg,THP,Unbelted,-,-,-,-,-,-,-,-,-,-,-,-,Hickman,Not in City Limit,7
118847,400635501,0,1,35.903,-84.11989,1,2026-08-16 02:34:00,2026,8,16,2,34,Sunday,02:34,Suspected Serious Injury,Dark-Not Lighted,Clear,Pedestrian,None,KNOX CO SHERIFFS OFFICE,Other,Unbelted,-,-,-,-,-,Pedalcyclist,-,-,-,-,-,-,Knox,Knoxville,1
118850,400635523,0,1,36.32697,-87.14678,3,2026-08-15 00:50:00,2026,8,15,0,50,Saturday,00:50,Suspected Serious Injury,Dark-Not Lighted,Clear,Other Fixed Object,None,THP District 3 - Nashville,THP,Unbelted,-,-,-,-,-,-,-,-,-,-,-,-,Cheatham,Not in City Limit,7
118853,400635570,0,2,36.07444,-86.63856,3,2026-08-16 00:54:00,2026,8,16,0,54,Sunday,00:54,Suspected Serious Injury,Dark-Lighted,Clear,Motor Vehicle-In-Transport On Same Roadway,None,METROPOLITAN NASHVILLE POLICE DEPT,Other,Unbelted,-,-,-,-,-,-,-,-,-,-,-,-,Davidson,Nashville,1
118860,400635729,0,2,35.98946,-87.09781,3,2026-08-14 06:57:00,2026,8,14,6,57,Friday,06:57,Suspected Serious Injury,Daylight,Clear,Motor Vehicle-In-Transport On Same Roadway,None,FAIRVIEW POLICE DEPT,Other,Unbelted,Distracted,-,-,-,-,-,-,-,-,-,-,-,Williamson,Fairview,6
118865,400635828,0,1,36.45283,-82.03668,5,2026-08-15 11:15:00,2026,8,15,11,15,Saturday,11:15,Suspected Serious Injury,Daylight,Cloudy,Ditch,None,THP District 5 - Fall Branch,THP,-,-,-,-,-,-,-,-,-,-,-,Motorcyclist,-,Carter,Not in City Limit,7
118867,400635856,0,1,35.4355,-89.6551,4,2026-08-16 10:08:00,2026,8,16,10,8,Sunday,10:08,Suspected Serious Injury,Daylight,Clear,Standing Tree,None,THP District 4 - Memphis,THP,Unbelted,-,-,-,-,-,-,-,-,-,-,-,-,Tipton,Not in City Limit,1
118874,400635902,0,1,35.72382,-86.89523,7,2026-08-16 07:03:00,2026,8,16,7,3,Sunday,07:03,Suspected Serious Injury,Dawn,Clear,Guard Rail Face,None,SPRING HILL POLICE DEPT,Other,Unbelted,-,Drinking,-,-,-,-,-,-,-,-,-,-,Maury,Spring Hill,1
118877,400635956,0,1,36.01904,-83.92302,1,2026-08-16 14:10:00,2026,8,16,14,10,Sunday,14:10,Suspected Serious Injury,Daylight,Clear,Paved Surface-Irregular,None,KNOXVILLE POLICE DEPT,Other,-,-,-,-,-,Speeding,-,-,-,-,-,Motorcyclist,-,Knox,Knoxville,1
118880,400636065,0,2,35.25685,-85.49,2,2026-08-15 21:11:00,2026,8,15,21,11,Saturday,21:11,Suspected Serious Injury,Dark-Not Lighted,Clear,"Over Turn, Roll Over",None,THP District 2 - Chattanooga,THP,-,-,-,-,-,-,-,-,-,ATV_Involved,-,-,-,Marion,Not in City Limit,7
118882,400636086,0,1,36.06691,-83.58938,5,2026-08-16 15:00:00,2026,8,16,15,0,Sunday,15:00,Suspected Serious Injury,Daylight,Clear,Ditch,None,JEFFERSON CO SHERIFFS DEPT,Other,-,-,-,-,-,-,-,-,-,-,-,Motorcyclist,-,Jefferson,Not in City Limit,1
118887,400636153,0,4,36.01086,-83.92467,1,2026-08-16 15:36:00,2026,8,16,15,36,Sunday,15:36,Suspected Serious Injury,Daylight,Clear,Motor Vehicle-In-Transport On Same Roadway,None,KNOXVILLE POLICE DEPT,Other,Unbelted,-,-,-,-,-,-,-,-,-,-,-,-,Knox,Knoxville,1
118891,400636191,1,0,36.1544,-87.50652,3,2026-08-16 15:04:00,2026,8,16,15,4,Sunday,15:04,Fatal,Daylight,Clear,"Over Turn, Roll Over",None,THP District 3 - Nashville,THP,-,-,-,-,-,Speeding,-,-,-,-,-,Motorcyclist,-,Dickson,Not in City Limit,1
118893,400636208,0,2,36.5585,-86.86328,3,2026-08-16 14:32:00,2026,8,16,14,32,Sunday,14:32,Suspected Serious Injury,Daylight,Clear,Motor Vehicle-In-Transport On Same Roadway,None,THP District 3 - Nashville,THP,Unbelted,-,-,-,-,-,-,-,-,-,-,-,-,Robertson,Not in City Limit,1
118894,400636215,0,1,36.01574,-83.86105,1,2026-08-16 09:29:00,2026,8,16,9,29,Sunday,09:29,Suspected Serious Injury,Daylight,Clear,Guard Rail Face,None,THP District 1 - Knoxville,THP,Unbelted,-,-,-,-,Speeding,-,-,-,-,-,-,-,Knox,Knoxville,1
118899,400636306,0,2,36.45041,-82.92107,5,2026-08-16 18:02:00,2026,8,16,18,2,Sunday,18:02,Suspected Serious Injury,Daylight,Clear,Motor Vehicle-In-Transport On Same Roadway,None,THP District 5 - Fall Branch,THP,Unbelted,-,-,-,-,-,-,-,-,-,-,-,-,Hawkins,Not in City Limit,1
118900,400636327,0,2,35.41739,-86.53783,7,2026-08-15 13:20:00,2026,8,15,13,20,Saturday,13:20,Suspected Serious Injury,Daylight,Clear,Motor Vehicle-In-Transport On Same Roadway,None,THP District 7 - Lawrenceburg,THP,Unbelted,-,-,-,-,-,-,-,-,-,-,-,-,Bedford,Not in City Limit,7
118908,400636371,0,2,35.90266,-88.57439,8,2026-08-16 18:50:00,2026,8,16,18,50,Sunday,18:50,Suspected Serious Injury,Dusk,Clear,Ditch,None,THP District 8 - Jackson,THP,Unbelted,-,-,-,-,-,-,-,-,-,-,-,-,Carroll,Not in City Limit,1
118915,400636454,0,1,35.37549,-84.76603,2,2026-08-15 21:26:00,2026,8,15,21,26,Saturday,21:26,Suspected Serious Injury,Dark-Not Lighted,Clear,Ditch,None,THP District 2 - Chattanooga,THP,Unbelted,-,Drinking,Drug,-,Speeding,-,-,-,-,-,-,-,McMinn,Not in City Limit,7
118928,400636604,0,1,35.30885,-85.14294,2,2026-08-16 19:38:00,2026,8,16,19,38,Sunday,19:38,Suspected Serious Injury,Daylight,Clear,Motor Vehicle-In-Transport On Same Roadway,None,SODDY DAISY POLICE DEPT,Other,Unbelted,-,-,-,-,-,-,-,-,-,-,Motorcyclist,-,Hamilton,Soddy-Daisy,1
118931,400636621,0,2,36.5915,-87.25623,3,2026-08-12 11:20:00,2026,8,12,11,20,Wednesday,11:20,Suspected Serious Injury,Daylight,Clear,Motor Vehicle-In-Transport On Same Roadway,None,THP District 3 - Nashville,THP,Unbelted,-,-,-,-,-,-,-,-,-,-,-,-,Montgomery,Not in City Limit,4
118933,400636644,0,1,35.78877,-88.80625,8,2026-08-16 23:26:00,2026,8,16,23,26,Sunday,23:26,Suspected Serious Injury,Dark-Not Lighted,Clear,Other Animal,None,MADISON CO SHERIFFS DEPT,Other,-,-,-,-,-,-,-,-,-,-,-,Motorcyclist,-,Madison,Not in City Limit,1
118938,400636711,0,1,36.54868,-87.93067,3,2026-08-16 00:00:00,2026,8,16,24,0,Sunday,24:00,Suspected Serious Injury,Daylight,Clear,Ditch,None,STEWART CO SHERIFFS DEPT,Other,-,-,-,-,-,-,-,-,-,-,-,Motorcyclist,-,Stewart,Not in City Limit,1
118941,400636829,0,1,35.69009,-88.84308,8,2026-08-17 07:24:00,2026,8,17,7,24,Monday,07:24,Suspected Serious Injury,Daylight,Clear,Motor Vehicle-In-Transport On Same Roadway,None,JACKSON POLICE DEPT,Other,Unbelted,-,-,-,-,-,-,-,-,-,-,-,-,Madison,Jackson,2
118945,400636875,0,1,35.86372,-83.5305,1,2026-08-14 15:41:00,2026,8,14,15,41,Friday,15:41,Suspected Serious Injury,Daylight,Clear,Motor Vehicle-In-Transport On Same Roadway,None,SEVIERVILLE POLICE DEPT,Other,Unbelted,-,-,-,-,-,-,-,-,-,-,Motorcyclist,-,Sevier,Sevierville,6
118946,400636892,0,2,36.32241,-86.86794,3,2026-08-17 07:43:00,2026,8,17,7,43,Monday,07:43,Suspected Serious Injury,Daylight,Clear,Motor Vehicle-In-Transport On Same Roadway,None,THP District 3 - Nashville,THP,Unbelted,-,-,-,-,-,-,-,-,-,-,-,-,Davidson,Nashville,2
118949,400636960,0,1,36.04571,-82.53565,5,2026-08-13 12:30:00,2026,8,13,12,30,Thursday,12:30,Suspected Serious Injury,Daylight,Cloudy,Motor Vehicle-In-Transport On Same Roadway,None,THP District 5 - Fall Branch,THP,Unbelted,-,-,-,-,-,-,-,-,-,-,Motorcyclist,-,Unicoi,Not in City Limit,5
118952,400636968,0,1,35.50081,-83.94512,1,2026-08-14 15:40:00,2026,8,14,15,40,Friday,15:40,Suspected Serious Injury,Daylight,Clear,Other Non-Collision,None,THP District 1 - Knoxville,THP,-,-,-,-,-,-,-,-,-,-,-,Motorcyclist,-,Blount,Not in City Limit,6
118965,400637271,0,4,35.90284,-84.14776,1,2026-08-17 13:24:00,2026,8,17,13,24,Monday,13:24,Suspected Serious Injury,Daylight,Clear,Motor Vehicle-In-Transport On Same Roadway,None,KNOXVILLE POLICE DEPT,Other,Unbelted,-,-,-,-,-,-,-,-,-,-,-,-,Knox,Knoxville,2
118971,400637336,0,2,36.16875,-87.18547,3,2026-08-12 19:28:00,2026,8,12,19,28,Wednesday,19:28,Suspected Serious Injury,Daylight,Clear,Mail Box,None,THP District 3 - Nashville,THP,Unbelted,-,Drinking,Drug,-,-,-,-,-,-,-,-,-,Dickson,Not in City Limit,4
118976,400637401,0,1,35.66329,-86.87197,7,2026-08-17 14:15:00,2026,8,17,14,15,Monday,14:15,Suspected Serious Injury,Daylight,Clear,Motor Vehicle-In-Transport On Same Roadway,None,THP District 7 - Lawrenceburg,THP,Unbelted,-,-,-,-,-,-,-,-,-,-,Motorcyclist,-,Maury,Not in City Limit,2
118981,400637442,1,0,35.04172,-88.33035,8,2026-08-14 16:50:00,2026,8,14,16,50,Friday,16:50,Fatal,Daylight,Clear,Motor Vehicle-In-Transport On Same Roadway,None,THP District 8 - Jackson,THP,Unbelted,-,-,-,-,-,-,-,-,-,-,Motorcyclist,-,Hardin,Not in City Limit,6
118997,400637575,0,1,36.13305,-85.21495,6,2026-08-17 17:14:00,2026,8,17,17,14,Monday,17:14,Suspected Serious Injury,Daylight,Rain,Embankment Earth,None,THP District 6 - Cookeville,THP,Unbelted,-,-,-,-,-,-,-,-,-,-,-,-,Putnam,Not in City Limit,2
119015,400637720,0,1,35.81092,-86.84576,3,2026-08-15 10:06:00,2026,8,15,10,6,Saturday,10:06,Suspected Serious Injury,Daylight,Clear,Other Post/Pole Support,None,THP District 3 - Nashville,THP,Unbelted,Distracted,-,-,-,-,-,-,-,-,ATV_Involved,-,-,Williamson,Not in City Limit,7
119025,400637812,0,1,35.29747,-85.81153,2,2026-08-17 22:55:00,2026,8,17,22,55,Monday,22:55,Suspected Serious Injury,Dark-Not Lighted,Cloudy,Embankment Earth,None,THP District 2 - Chattanooga,THP,Unbelted,-,-,-,-,Speeding,-,-,-,-,-,-,-,Grundy,Not in City Limit,2
119041,400637927,0,1,36.16885,-86.81108,3,2026-08-18 06:40:00,2026,8,18,6,40,Tuesday,06:40,Suspected Serious Injury,Daylight,Clear,Pedestrian,None,METROPOLITAN NASHVILLE POLICE DEPT,Other,Unbelted,-,-,-,-,-,-,Pedestrian,-,-,-,-,-,Davidson,Nashville,3
119054,400638138,0,2,35.9409,-84.03805,1,2026-08-18 08:14:00,2026,8,18,8,14,Tuesday,08:14,Suspected Serious Injury,Daylight,Cloudy,Motor Vehicle-In-Transport On Same Roadway,None,KNOXVILLE POLICE DEPT,Other,Unbelted,-,-,-,-,-,-,-,-,-,-,-,-,Knox,Knoxville,3
119070,400638336,0,3,36.142,-86.66261,3,2026-08-17 11:34:00,2026,8,17,11,34,Monday,11:34,Suspected Serious Injury,Daylight,Clear,Motor Vehicle-In-Transport On Same Roadway,None,METROPOLITAN NASHVILLE POLICE DEPT,Other,Unbelted,-,-,-,-,-,-,-,-,-,ATV_Involved,-,-,Davidson,Nashville,2
119072,400638355,0,2,36.15883,-86.81841,3,2026-08-18 12:13:00,2026,8,18,12,13,Tuesday,12:13,Suspected Serious Injury,Daylight,Clear,Motor Vehicle-In-Transport On Same Roadway,None,METROPOLITAN NASHVILLE POLICE DEPT,Other,Unbelted,-,-,-,-,-,-,-,-,-,-,-,-,Davidson,Nashville,3
119086,400638528,0,2,36.50226,-87.83555,3,2026-08-16 16:22:00,2026,8,16,16,22,Sunday,16:22,Suspected Serious Injury,Daylight,Clear,Concrete Traffic Barrier,None,THP District 3 - Nashville,THP,Unbelted,-,Drinking,Drug,-,-,-,-,-,-,-,-,-,Stewart,Dover,1
119098,400638678,1,3,35.69093,-86.88556,7,2026-08-18 14:24:00,2026,8,18,14,24,Tuesday,14:24,Fatal,Daylight,Clear,Motor Vehicle-In-Transport On Same Roadway,None,THP District 7 - Lawrenceburg,THP,Unbelted,-,-,-,-,-,-,-,-,-,ATV_Involved,-,-,Maury,Spring Hill,3
119123,400638978,1,1,36.42572,-83.29928,5,2026-08-02 01:45:00,2026,8,2,1,45,Sunday,01:45,Fatal,Dark-Not Lighted,Clear,Deer,None,THP District 5 - Fall Branch,THP,-,-,-,-,-,-,-,-,-,ATV_Involved,-,-,-,Hancock,Not in City Limit,1
119139,400639079,0,1,36.40421,-82.63661,5,2026-08-18 20:56:00,2026,8,18,20,56,Tuesday,20:56,Suspected Serious Injury,Dark-Lighted,Clear,Motor Vehicle-In-Transport On Same Roadway,None,THP District 5 - Fall Branch,THP,Unbelted,-,-,-,-,-,-,-,-,-,ATV_Involved,-,-,Greene,Not in City Limit,3
119161,400639243,1,0,36.22241,-86.23449,3,2026-08-19 00:00:00,2026,8,19,24,0,Wednesday,24:00,Fatal,Dark-Not Lighted,Clear,Ditch,None,THP District 3 - Nashville,THP,Unbelted,-,-,-,-,-,-,-,-,-,-,-,-,Wilson,Not in City Limit,4
119168,400639293,0,1,36.1255,-86.7327,3,2026-08-19 07:40:00,2026,8,19,7,40,Wednesday,07:40,Suspected Serious Injury,Daylight,Clear,Shrubbery,None,METROPOLITAN NASHVILLE POLICE DEPT,Other,Unbelted,-,-,-,-,-,-,-,-,-,-,-,-,Davidson,Nashville,4
119176,400639470,0,1,36.51462,-82.41112,5,2026-08-19 09:00:00,2026,8,19,9,0,Wednesday,09:00,Suspected Serious Injury,Daylight,Clear,Pedestrian,None,THP District 5 - Fall Branch,THP,Unbelted,-,-,-,-,-,-,Pedestrian,-,-,-,-,-,Sullivan,Kingsport,4
119178,400639485,0,2,35.67059,-86.89101,7,2026-08-17 13:07:00,2026,8,17,13,7,Monday,13:07,Suspected Serious Injury,Daylight,Clear,Shrubbery,None,THP District 7 - Lawrenceburg,THP,Unbelted,-,-,-,-,-,-,-,-,-,-,-,-,Maury,Not in City Limit,2
119184,400639525,0,1,35.82167,-86.24627,3,2026-08-19 09:00:00,2026,8,19,9,0,Wednesday,09:00,Suspected Serious Injury,Daylight,Clear,Motor Vehicle-In-Transport On Same Roadway,None,THP District 3 - Nashville,THP,Unbelted,-,-,-,-,-,-,-,-,-,-,Motorcyclist,-,Rutherford,Not in City Limit,4
119198,400639794,0,2,35.66974,-88.85059,8,2026-08-19 13:54:00,2026,8,19,13,54,Wednesday,13:54,Suspected Serious Injury,Daylight,Clear,Motor Vehicle-In-Transport On Same Roadway,None,JACKSON POLICE DEPT,Other,Unbelted,-,-,-,-,-,-,-,-,-,-,-,-,Madison,Jackson,4
119213,400639980,0,1,36.20424,-83.32919,5,2026-08-19 17:26:00,2026,8,19,17,26,Wednesday,17:26,Suspected Serious Injury,Daylight,Clear,Embankment Earth,None,MORRISTOWN POLICE DEPT,Other,Unbelted,-,-,-,-,-,-,-,-,-,-,-,-,Hamblen,Morristown,4
119236,400640264,0,1,36.06934,-86.69283,3,2026-08-19 21:50:00,2026,8,19,21,50,Wednesday,21:50,Suspected Serious Injury,Dark-Lighted,Clear,Motor Vehicle-In-Transport On Same Roadway,None,METROPOLITAN NASHVILLE POLICE DEPT,Other,Unbelted,-,-,-,-,-,-,-,-,-,-,-,-,Davidson,Nashville,4
119249,400640358,1,1,36.20409,-86.99211,3,2026-08-19 15:03:00,2026,8,19,15,3,Wednesday,15:03,Fatal,Daylight,Clear,Motor Vehicle-In-Transport On Same Roadway,None,THP District 3 - Nashville,THP,Unbelted,-,-,-,-,-,-,-,-,-,-,-,-,Cheatham,Not in City Limit,4
119251,400640386,2,9,36.22799,-82.18582,5,2026-08-19 09:00:00,2026,8,19,9,0,Wednesday,09:00,Fatal,Daylight,Clear,Pedal-Cycle,None,THP District 5 - Fall Branch,THP,Unbelted,-,-,Drug,-,-,Pedalcyclist,-,-,-,-,-,-,Carter,Not in City Limit,4
119261,400640518,0,2,36.45701,-85.17736,6,2026-08-19 11:02:00,2026,8,19,11,2,Wednesday,11:02,Suspected Serious Injury,Daylight,Clear,Mail Box,None,THP District 6 - Cookeville,THP,Unbelted,-,-,-,-,-,-,-,-,-,-,-,-,Overton,Not in City Limit,4
119297,400640904,0,1,36.11481,-83.87852,1,2026-08-19 13:45:00,2026,8,19,13,45,Wednesday,13:45,Suspected Serious Injury,Daylight,Clear,Motor Vehicle-In-Transport On Same Roadway,None,THP District 1 - Knoxville,THP,Unbelted,-,-,-,-,-,-,-,-,-,-,Motorcyclist,-,Knox,Not in City Limit,4
119300,400640936,0,2,36.04628,-89.34538,8,2026-08-20 12:23:00,2026,8,20,12,23,Thursday,12:23,Suspected Serious Injury,Daylight,Clear,Motor Vehicle-In-Transport On Same Roadway,None,DYERSBURG POLICE DEPT,Other,Unbelted,-,-,-,-,-,-,-,-,-,-,-,-,Dyer,Dyersburg,5
119303,400640991,0,1,35.51584,-84.35659,1,2026-08-20 00:00:00,2026,8,20,24,0,Thursday,24:00,Suspected Serious Injury,Daylight,Clear,Pedestrian,None,MADISONVILLE POLICE DEPT,Other,Unbelted,-,-,-,-,-,-,Pedestrian,-,-,-,-,-,Monroe,Madisonville,5
119307,400641158,0,1,36.16439,-86.79415,3,2026-08-20 15:28:00,2026,8,20,15,28,Thursday,15:28,Suspected Serious Injury,Daylight,Clear,Motor Vehicle-In-Transport On Same Roadway,None,METROPOLITAN NASHVILLE POLICE DEPT,Other,Unbelted,-,-,-,-,-,-,-,-,-,-,-,-,Davidson,Nashville,5
119309,400641184,0,1,35.49681,-89.64894,4,2026-08-20 15:30:00,2026,8,20,15,30,Thursday,15:30,Suspected Serious Injury,Daylight,Clear,Standing Tree,None,THP District 4 - Memphis,THP,Unbelted,-,-,-,-,-,-,-,-,-,-,-,-,Tipton,Not in City Limit,5
119310,400641194,0,1,35.77348,-83.79702,1,2026-08-20 15:52:00,2026,8,20,15,52,Thursday,15:52,Suspected Serious Injury,Daylight,Cloudy,Other Non-Collision,None,BLOUNT CO SHERIFFS DEPT,Other,-,-,-,-,-,-,-,-,-,-,-,Motorcyclist,-,Blount,Not in City Limit,5
119317,400641282,0,2,35.65387,-87.06478,7,2026-08-20 15:26:00,2026,8,20,15,26,Thursday,15:26,Suspected Serious Injury,Daylight,Clear,Motor Vehicle-In-Transport On Same Roadway,None,THP District 7 - Lawrenceburg,THP,Unbelted,-,-,-,-,-,-,-,-,-,-,-,-,Maury,Not in City Limit,5
119325,400641366,0,1,35.55313,-88.81399,8,2026-08-20 00:00:00,2026,8,20,24,0,Thursday,24:00,Suspected Serious Injury,Daylight,Cloudy,Motor Vehicle-In-Transport On Same Roadway,None,JACKSON POLICE DEPT,Other,Unbelted,Distracted,-,-,-,-,-,-,-,-,-,Motorcyclist,-,Madison,Jackson,5
119329,400641418,0,3,35.65015,-88.82677,8,2026-08-20 17:00:00,2026,8,20,17,0,Thursday,17:00,Suspected Serious Injury,Daylight,Clear,Motor Vehicle-In-Transport On Same Roadway,None,JACKSON POLICE DEPT,Other,Unbelted,-,-,-,-,-,-,-,-,-,-,-,-,Madison,Jackson,5
119337,400641467,0,1,36.18473,-85.16372,6,2026-08-20 15:35:00,2026,8,20,15,35,Thursday,15:35,Suspected Serious Injury,Daylight,Clear,Motor Vehicle-In-Transport On Same Roadway,None,THP District 6 - Cookeville,THP,Unbelted,-,-,-,-,-,-,-,-,-,-,-,-,Overton,Not in City Limit,5
119339,400641507,0,1,35.07226,-84.71603,2,2026-08-20 19:46:00,2026,8,20,19,46,Thursday,19:46,Suspected Serious Injury,Daylight,Cloudy,Highway Traffic Sign Post,None,THP District 2 - Chattanooga,THP,-,-,Drinking,Drug,-,-,-,-,-,-,-,Motorcyclist,-,Polk,Not in City Limit,5
119348,400641592,0,1,35.58226,-89.42317,4,2026-08-19 16:51:00,2026,8,19,16,51,Wednesday,16:51,Suspected Serious Injury,Daylight,Clear,Ditch,None,THP District 4 - Memphis,THP,Unbelted,-,-,-,-,-,-,-,-,-,ATV_Involved,-,-,Haywood,Not in City Limit,4
119350,400641615,0,1,35.44711,-88.87015,8,2026-08-16 18:39:00,2026,8,16,18,39,Sunday,18:39,Suspected Serious Injury,Daylight,Clear,Motor Vehicle-In-Transport On Same Roadway,None,THP District 8 - Jackson,THP,Unbelted,Distracted,-,-,-,-,-,-,-,-,-,-,-,Madison,Medon,1
119359,400641703,0,1,36.10395,-86.74166,3,2026-08-21 03:07:00,2026,8,21,3,7,Friday,03:07,Suspected Serious Injury,Dark-Lighted,Clear,Pedestrian,None,METROPOLITAN NASHVILLE POLICE DEPT,Other,Unbelted,-,Drinking,-,-,-,-,Pedestrian,-,-,-,-,-,Davidson,Nashville,6
119361,400641729,0,2,35.76623,-83.29111,1,2026-08-19 09:30:00,2026,8,19,9,30,Wednesday,09:30,Suspected Serious Injury,Daylight,Clear,Motor Vehicle-In-Transport On Same Roadway,None,THP District 1 - Knoxville,THP,Unbelted,-,-,-,-,-,-,-,-,-,ATV_Involved,-,-,Sevier,Not in City Limit,4
119363,400641743,1,0,36.0206,-86.62759,3,2026-08-21 00:44:00,2026,8,21,0,44,Friday,00:44,Fatal,Dark-Lighted,Cloudy,Motor Vehicle-In-Transport On Same Roadway,Construction Zone,METROPOLITAN NASHVILLE POLICE DEPT,Other,Unbelted,-,-,-,-,Speeding,-,-,-,-,ATV_Involved,-,-,Davidson,Nashville,6
119368,400641847,0,1,36.23358,-86.70223,3,2026-08-21 06:40:00,2026,8,21,6,40,Friday,06:40,Suspected Serious Injury,Daylight,Clear,Motor Vehicle-In-Transport On Same Roadway,None,THP District 3 - Nashville,THP,Unbelted,-,-,-,-,-,-,-,-,-,ATV_Involved,-,-,Davidson,Nashville,6