OBJECTID,MRN,Fatality,Injury,Latitude,Longitude,THP_District,Collision_Date,Collision_Year,Collision_Month,Collision_Day,Collision_Hour,Collision_Min,Collision_DOW,Collision_Time,Crash_Type,Light_Condition,Weather,First_Harmfu_Event,Work_Zone_Type,Agency_Name,THP,Unbelted,Distracted_Driver,Driver_Drinking,Driver_Drugged,Drowsy_Driver,Speeding_Involved,Pedalcyclist,Pedestrian,Other_Nonmotorist,ATV_Involved,LargeTruck_Involved,Motorcycle_Involved,SchoolBus,County,City,DOW_Nmb
119375,400642043,0,3,36.19617,-88.18244,8,2026-08-21 08:35:00,2026,8,21,8,35,Friday,08:35,Suspected Serious Injury,Daylight,Cloudy,Motor Vehicle-In-Transport On Same Roadway,None,THP District 8 - Jackson,THP,Unbelted,-,-,-,-,-,-,-,-,-,-,-,-,Henry,Not in City Limit,6
119395,400642422,0,1,36.31843,-87.69467,3,2026-08-21 11:24:00,2026,8,21,11,24,Friday,11:24,Suspected Serious Injury,Daylight,Clear,Motor Vehicle-In-Transport On Same Roadway,Construction Zone,ERIN POLICE DEPT,Other,Unbelted,Distracted,-,-,-,-,-,-,-,-,-,-,-,Houston,Erin,6
119407,400642817,0,1,35.96932,-83.20466,5,2026-08-21 16:09:00,2026,8,21,16,9,Friday,16:09,Suspected Serious Injury,Daylight,Clear,Pedal-Cycle,None,NEWPORT POLICE DEPT,Other,Unbelted,-,-,-,-,-,Pedalcyclist,-,-,-,-,-,-,Cocke,Newport,6
119408,400642818,0,5,35.87584,-84.36767,1,2026-08-20 18:01:00,2026,8,20,18,1,Thursday,18:01,Suspected Serious Injury,Daylight,Clear,Motor Vehicle-In-Transport On Same Roadway,None,THP District 1 - Knoxville,THP,Unbelted,-,-,Drug,-,-,-,-,-,-,-,-,-,Roane,Not in City Limit,5
119416,400642961,0,2,36.00558,-88.10856,8,2026-08-21 13:35:00,2026,8,21,13,35,Friday,13:35,Suspected Serious Injury,Daylight,Clear,Motor Vehicle-In-Transport On Same Roadway,None,THP District 8 - Jackson,THP,Unbelted,-,Drinking,-,-,-,-,-,-,-,-,-,-,Benton,Not in City Limit,6
119435,400643157,0,1,36.06947,-84.19074,1,2026-08-20 23:05:00,2026,8,20,23,5,Thursday,23:05,Suspected Serious Injury,Dark-Not Lighted,Fog,Non-Motorist Personal Conveyance,None,THP District 1 - Knoxville,THP,Unbelted,-,-,-,-,-,Pedalcyclist,-,-,-,-,-,-,Anderson,Not in City Limit,5
119436,400643162,0,1,36.39864,-83.67981,5,2026-08-16 14:53:00,2026,8,16,14,53,Sunday,14:53,Suspected Serious Injury,Daylight,Clear,Standing Tree,None,THP District 5 - Fall Branch,THP,-,-,-,-,-,Speeding,-,-,-,-,-,Motorcyclist,-,Claiborne,Not in City Limit,1
119437,400643168,0,1,35.76999,-86.16078,6,2026-08-21 00:00:00,2026,8,21,24,0,Friday,24:00,Suspected Serious Injury,Daylight,Clear,Ditch,None,THP District 6 - Cookeville,THP,-,-,-,-,-,-,-,-,-,-,-,Motorcyclist,-,Cannon,Not in City Limit,6
119447,400643264,0,1,35.67465,-84.00818,1,2026-08-21 21:09:00,2026,8,21,21,9,Friday,21:09,Suspected Serious Injury,Dark-Not Lighted,Clear,Ditch,None,BLOUNT CO SHERIFFS DEPT,Other,-,-,-,-,-,-,-,-,-,-,-,Motorcyclist,-,Blount,Not in City Limit,6
119452,400643329,0,1,35.49499,-83.92744,1,2026-08-21 17:44:00,2026,8,21,17,44,Friday,17:44,Suspected Serious Injury,Daylight,Clear,Motor Vehicle-In-Transport On Same Roadway,None,THP District 1 - Knoxville,THP,Unbelted,-,-,-,-,-,-,-,-,-,-,Motorcyclist,-,Blount,Not in City Limit,6
119453,400643333,0,2,35.92783,-84.04509,1,2026-08-21 22:26:00,2026,8,21,22,26,Friday,22:26,Suspected Serious Injury,Dark-Lighted,Clear,Motor Vehicle-In-Transport On Same Roadway,None,KNOXVILLE POLICE DEPT,Other,Unbelted,-,-,-,-,-,-,-,-,-,-,Motorcyclist,-,Knox,Knoxville,6
119461,400643453,0,2,35.97454,-83.94461,1,2026-08-21 05:51:00,2026,8,21,5,51,Friday,05:51,Suspected Serious Injury,Dark-Lighted,Clear,Utility Pole,None,KNOXVILLE POLICE DEPT,Other,Unbelted,-,-,-,-,-,-,-,-,-,-,-,-,Knox,Knoxville,6
119473,400643538,0,2,35.85453,-88.56395,8,2026-08-17 10:25:00,2026,8,17,10,25,Monday,10:25,Suspected Serious Injury,Daylight,Clear,Standing Tree,None,THP District 8 - Jackson,THP,Unbelted,-,-,-,-,-,-,-,-,-,-,-,-,Carroll,Not in City Limit,2
119483,400643721,0,1,36.07274,-88.46526,8,2026-08-22 06:54:00,2026,8,22,6,54,Saturday,06:54,Suspected Serious Injury,Daylight,Clear,Mail Box,None,THP District 8 - Jackson,THP,Unbelted,-,-,-,-,-,-,-,-,-,-,-,-,Carroll,Not in City Limit,7
119487,400643777,1,1,35.01593,-88.23912,8,2026-08-17 06:31:00,2026,8,17,6,31,Monday,06:31,Fatal,Daylight,Clear,Motor Vehicle-In-Transport On Same Roadway,None,THP District 8 - Jackson,THP,Unbelted,-,-,-,-,-,-,-,-,-,-,-,-,Hardin,Not in City Limit,2
119494,400643829,0,3,36.19233,-86.61631,3,2026-08-22 11:40:00,2026,8,22,11,40,Saturday,11:40,Suspected Serious Injury,Daylight,Clear,Motor Vehicle-In-Transport On Same Roadway,None,METROPOLITAN NASHVILLE POLICE DEPT,Other,Unbelted,-,-,-,-,-,-,-,-,-,-,-,-,Davidson,Nashville,7
119495,400643847,0,2,35.69243,-84.79489,2,2026-08-22 10:04:00,2026,8,22,10,4,Saturday,10:04,Suspected Serious Injury,Daylight,Clear,Motor Vehicle-In-Transport On Same Roadway,None,THP District 2 - Chattanooga,THP,Unbelted,-,-,-,-,-,-,-,-,-,-,-,-,Rhea,Not in City Limit,7
119504,400643939,0,1,36.46954,-86.6718,3,2026-08-22 11:34:00,2026,8,22,11,34,Saturday,11:34,Suspected Serious Injury,Daylight,Clear,Motor Vehicle-In-Transport On Same Roadway,None,WHITE HOUSE POLICE DEPT,Other,Unbelted,-,-,-,-,-,-,-,-,-,-,Motorcyclist,-,Robertson,White House,7
119508,400643991,0,1,35.53775,-88.99102,8,2026-08-22 10:36:00,2026,8,22,10,36,Saturday,10:36,Suspected Serious Injury,Daylight,Clear,Ditch,None,MADISON CO SHERIFFS DEPT,Other,Unbelted,-,-,-,-,-,-,-,-,-,-,-,-,Madison,Not in City Limit,7
119511,400644043,0,1,35.1737,-89.52587,4,2026-08-22 14:48:00,2026,8,22,14,48,Saturday,14:48,Suspected Serious Injury,Daylight,Clear,Culvert,None,FAYETTE CO SHERIFF'S OFFICE,Other,Unbelted,-,-,-,-,-,-,-,-,-,-,-,-,Fayette,Not in City Limit,7
119521,400644186,0,1,35.67218,-86.27794,3,2026-08-22 16:19:00,2026,8,22,16,19,Saturday,16:19,Suspected Serious Injury,Daylight,Clear,Ditch,None,THP District 3 - Nashville,THP,-,-,-,-,-,-,-,-,-,-,-,Motorcyclist,-,Rutherford,Not in City Limit,7
119539,400644645,0,2,35.96008,-83.91787,1,2026-08-22 23:52:00,2026,8,22,23,52,Saturday,23:52,Suspected Serious Injury,Dark-Lighted,Clear,Motor Vehicle-In-Transport On Same Roadway,None,KNOXVILLE POLICE DEPT,Other,Unbelted,-,-,-,-,-,-,-,-,-,-,Motorcyclist,-,Knox,Knoxville,7
119548,400644708,0,1,35.96647,-83.93863,1,2026-08-23 02:58:00,2026,8,23,2,58,Sunday,02:58,Suspected Serious Injury,Dark-Lighted,Clear,Standing Tree,None,KNOXVILLE POLICE DEPT,Other,Unbelted,Distracted,-,-,-,-,-,-,-,-,-,-,-,Knox,Knoxville,1
119549,400644715,0,1,35.40265,-85.3236,2,2026-08-22 22:33:00,2026,8,22,22,33,Saturday,22:33,Suspected Serious Injury,Dark-Not Lighted,Cloudy,Embankment Earth,None,THP District 2 - Chattanooga,THP,Unbelted,-,Drinking,Drug,-,-,-,-,-,-,-,-,-,Sequatchie,Not in City Limit,7
119550,400644718,0,1,35.90453,-83.90569,1,2026-08-23 03:08:00,2026,8,23,3,8,Sunday,03:08,Suspected Serious Injury,Dark-Not Lighted,Clear,Embankment Rock/Stone/Concrete,None,KNOX CO SHERIFFS OFFICE,Other,-,-,-,-,-,Speeding,-,-,-,-,-,Motorcyclist,-,Knox,Not in City Limit,1
119558,400644756,0,1,36.47375,-86.75299,3,2026-08-23 04:35:00,2026,8,23,4,35,Sunday,04:35,Suspected Serious Injury,Dark-Not Lighted,Clear,"Over Turn, Roll Over",None,THP District 3 - Nashville,THP,Unbelted,-,-,-,-,-,-,-,-,-,-,-,-,Robertson,Not in City Limit,1
119584,400645076,0,2,35.92376,-87.223,7,2026-08-23 10:30:00,2026,8,23,10,30,Sunday,10:30,Suspected Serious Injury,Daylight,Clear,Standing Tree,None,THP District 7 - Lawrenceburg,THP,Unbelted,-,-,-,-,Speeding,-,-,-,-,-,-,-,Hickman,Not in City Limit,1
119599,400645286,0,2,35.76481,-86.52667,3,2026-08-22 12:34:00,2026,8,22,12,34,Saturday,12:34,Suspected Serious Injury,Daylight,Clear,Motor Vehicle-In-Transport On Same Roadway,None,RUTHERFORD CO SHERIFFS DEPT,Other,Unbelted,-,-,Drug,-,-,-,-,-,-,-,-,-,Rutherford,Not in City Limit,7
119609,400645371,0,2,35.37214,-88.36581,8,2026-08-23 14:31:00,2026,8,23,14,31,Sunday,14:31,Suspected Serious Injury,Daylight,Clear,Motor Vehicle-In-Transport On Same Roadway,None,THP District 8 - Jackson,THP,-,-,-,-,-,-,-,-,-,-,-,Motorcyclist,-,McNairy,Milledgeville,1
119623,400645568,0,1,35.96349,-85.61951,6,2026-08-23 00:00:00,2026,8,23,24,0,Sunday,24:00,Suspected Serious Injury,Daylight,Clear,Other Fixed Object,None,WHITE CO SHERIFFS DEPT,Other,-,-,-,-,-,-,-,-,-,-,-,Motorcyclist,-,White,Not in City Limit,1
119625,400645629,0,1,35.7199,-87.01315,7,2026-08-23 17:50:00,2026,8,23,17,50,Sunday,17:50,Suspected Serious Injury,Daylight,Cloudy,Mail Box,None,THP District 7 - Lawrenceburg,THP,Unbelted,Distracted,-,-,-,-,-,-,-,-,-,-,-,Maury,Not in City Limit,1
119632,400645749,0,2,35.37046,-86.90429,7,2026-08-23 20:05:00,2026,8,23,20,5,Sunday,20:05,Suspected Serious Injury,Dark-Not Lighted,Clear,"Over Turn, Roll Over",None,THP District 7 - Lawrenceburg,THP,-,-,-,-,-,-,-,-,-,-,-,Motorcyclist,-,Marshall,Not in City Limit,1
119633,400645782,0,1,36.19834,-86.57353,3,2026-08-22 03:12:00,2026,8,22,3,12,Saturday,03:12,Suspected Serious Injury,Dark-Not Lighted,Clear,"Over Turn, Roll Over",None,MOUNT JULIET POLICE DEPT,Other,Unbelted,-,Drinking,-,-,-,-,-,-,-,-,-,-,Wilson,Mount Juliet,7
119639,400645823,0,1,35.0469,-85.65919,2,2026-08-23 20:06:00,2026,8,23,20,6,Sunday,20:06,Suspected Serious Injury,Dark-Not Lighted,Clear,Overhead Sign Support,Construction Zone,THP District 2 - Chattanooga,THP,Unbelted,-,-,-,-,-,-,-,-,-,-,-,-,Marion,Jasper,1
119645,400645879,0,4,36.15181,-86.77122,3,2026-08-23 21:02:00,2026,8,23,21,2,Sunday,21:02,Suspected Serious Injury,Dark-Lighted,Clear,Motor Vehicle-In-Transport On Same Roadway,None,METROPOLITAN NASHVILLE POLICE DEPT,Other,Unbelted,-,Drinking,Drug,-,-,-,-,-,-,-,-,-,Davidson,Nashville,1
119648,400645899,0,1,35.78124,-83.89767,1,2026-08-24 03:23:00,2026,8,24,3,23,Monday,03:23,Suspected Serious Injury,Dark-Lighted,Clear,Ditch,None,BLOUNT CO SHERIFFS DEPT,Other,Unbelted,-,-,-,Drowsy,-,-,-,-,-,-,-,-,Blount,Not in City Limit,2
119651,400645905,0,1,36.18791,-86.79855,3,2026-08-24 00:00:00,2026,8,24,24,0,Monday,24:00,Suspected Serious Injury,Dark-Lighted,Clear,Pedestrian,None,METROPOLITAN NASHVILLE POLICE DEPT,Other,Unbelted,-,-,-,-,-,-,Pedestrian,-,-,-,-,-,Davidson,Nashville,2
119654,400645918,0,1,36.0557,-87.13841,3,2026-08-24 03:50:00,2026,8,24,3,50,Monday,03:50,Suspected Serious Injury,Dark-Not Lighted,Clear,"Over Turn, Roll Over",None,THP District 3 - Nashville,THP,Unbelted,Distracted,-,-,-,-,-,-,-,-,ATV_Involved,-,-,Cheatham,Not in City Limit,2
119655,400645922,0,1,36.11517,-86.74362,3,2026-08-23 22:17:00,2026,8,23,22,17,Sunday,22:17,Suspected Serious Injury,Dark-Lighted,Clear,Pedestrian,None,METROPOLITAN NASHVILLE POLICE DEPT,Other,Unbelted,-,-,-,-,-,-,Pedestrian,-,-,-,-,-,Davidson,Nashville,1
119656,400645942,0,1,35.84755,-83.57889,1,2026-08-24 06:20:00,2026,8,24,6,20,Monday,06:20,Suspected Serious Injury,,Clear,Shrubbery,None,SEVIERVILLE POLICE DEPT,Other,-,-,-,-,-,-,-,-,-,-,-,Motorcyclist,-,Sevier,Sevierville,2
119670,400646202,1,0,36.20629,-86.32407,3,2026-08-21 19:59:00,2026,8,21,19,59,Friday,19:59,Fatal,Dark-Lighted,Clear,Highway Traffic Sign Post,None,LEBANON POLICE DEPT,Other,-,-,-,-,-,-,-,-,-,-,-,Motorcyclist,-,Wilson,Lebanon,6
119671,400646238,1,0,36.16516,-86.61386,3,2026-08-24 03:07:00,2026,8,24,3,7,Monday,03:07,Fatal,Dark-Not Lighted,Clear,Motor Vehicle-In-Transport On Same Roadway,None,METROPOLITAN NASHVILLE POLICE DEPT,Other,Unbelted,-,-,-,-,Speeding,-,-,-,-,ATV_Involved,-,-,Davidson,Nashville,2
119678,400646336,0,1,35.96481,-83.93466,1,2026-08-24 08:18:00,2026,8,24,8,18,Monday,08:18,Suspected Serious Injury,Daylight,Clear,Motor Vehicle-In-Transport On Same Roadway,None,KNOXVILLE POLICE DEPT,Other,Unbelted,-,-,-,-,Speeding,-,-,-,-,-,-,-,Knox,Knoxville,2
119680,400646385,0,4,35.96051,-85.72183,6,2026-08-22 11:25:00,2026,8,22,11,25,Saturday,11:25,Suspected Serious Injury,Daylight,Clear,Motor Vehicle-In-Transport On Same Roadway,None,THP District 6 - Cookeville,THP,Unbelted,-,-,-,-,-,-,-,-,-,-,-,-,DeKalb,Not in City Limit,7
119691,400646480,0,2,36.12127,-89.12737,8,2026-08-23 19:45:00,2026,8,23,19,45,Sunday,19:45,Suspected Serious Injury,Dark-Not Lighted,Clear,"Over Turn, Roll Over",None,THP District 8 - Jackson,THP,-,-,-,-,-,Speeding,-,-,-,ATV_Involved,-,-,-,Gibson,Not in City Limit,1
119701,400646679,0,1,35.86622,-86.77531,3,2026-08-24 15:40:00,2026,8,24,15,40,Monday,15:40,Suspected Serious Injury,Daylight,Clear,Ditch,None,WILLIAMSON CO SHERIFFS OFFICE,Other,Unbelted,-,-,-,-,Speeding,-,-,-,-,-,-,-,Williamson,Not in City Limit,2
119719,400646900,0,2,35.63462,-85.66467,6,2026-08-24 12:22:00,2026,8,24,12,22,Monday,12:22,Suspected Serious Injury,Daylight,Clear,Embankment Rock/Stone/Concrete,None,THP District 6 - Cookeville,THP,-,-,-,-,-,-,-,-,-,ATV_Involved,-,-,-,Warren,Not in City Limit,2
119732,400647054,0,4,36.20333,-83.26726,5,2026-08-24 17:45:00,2026,8,24,17,45,Monday,17:45,Suspected Serious Injury,Daylight,Cloudy,Motor Vehicle-In-Transport On Same Roadway,None,MORRISTOWN POLICE DEPT,Other,Unbelted,-,-,-,-,-,-,-,-,-,-,-,-,Hamblen,Morristown,2
119737,400647080,0,1,35.68465,-88.57052,8,2026-08-21 14:16:00,2026,8,21,14,16,Friday,14:16,Suspected Serious Injury,Daylight,Clear,Motor Vehicle-In-Transport On Same Roadway,None,THP District 8 - Jackson,THP,Unbelted,-,-,-,-,-,-,-,-,ATV_Involved,-,-,-,Henderson,Not in City Limit,6
119738,400647082,0,1,35.35096,-84.24404,1,2026-08-24 00:00:00,2026,8,24,24,0,Monday,24:00,Suspected Serious Injury,Dark-Not Lighted,Clear,Ditch,None,MONROE CO SHERIFFS DEPT,Other,-,-,-,-,-,-,-,-,-,-,-,Motorcyclist,-,Monroe,Not in City Limit,2
119749,400647157,1,1,36.33125,-85.35548,6,2026-08-24 13:32:00,2026,8,24,13,32,Monday,13:32,Fatal,Daylight,Clear,Motor Vehicle-In-Transport On Same Roadway,None,THP District 6 - Cookeville,THP,Unbelted,-,-,-,-,-,-,-,-,-,-,-,-,Overton,Not in City Limit,2
119765,400647359,0,2,35.63946,-85.89266,6,2026-08-25 06:47:00,2026,8,25,6,47,Tuesday,06:47,Suspected Serious Injury,Daylight,Clear,Motor Vehicle-In-Transport On Same Roadway,None,THP District 6 - Cookeville,THP,Unbelted,-,-,Drug,-,Speeding,-,-,-,-,-,-,-,Warren,Not in City Limit,3
119770,400647458,0,1,35.74792,-83.83312,1,2026-08-25 09:33:00,2026,8,25,9,33,Tuesday,09:33,Suspected Serious Injury,Daylight,Clear,Pedal-Cycle,None,BLOUNT CO SHERIFFS DEPT,Other,-,-,-,-,-,-,Pedalcyclist,-,-,-,-,-,-,Blount,Not in City Limit,3
119772,400647505,1,0,35.98932,-84.07641,1,2026-08-25 05:25:00,2026,8,25,5,25,Tuesday,05:25,Fatal,Dark-Unknown Lighting,Clear,Motor Vehicle-In-Transport On Same Roadway,None,THP District 1 - Knoxville,THP,Unbelted,-,-,-,-,-,-,-,-,-,-,-,-,Knox,Not in City Limit,3
119775,400647528,0,2,36.31743,-87.74093,3,2026-08-20 22:37:00,2026,8,20,22,37,Thursday,22:37,Suspected Serious Injury,Dark-Not Lighted,Clear,Ditch,None,THP District 3 - Nashville,THP,Unbelted,Distracted,-,-,-,-,-,-,-,-,-,-,-,Houston,Not in City Limit,5
119780,400647583,0,1,36.11823,-84.01434,1,2026-08-25 12:23:00,2026,8,25,12,23,Tuesday,12:23,Suspected Serious Injury,Daylight,Clear,Standing Tree,None,THP District 1 - Knoxville,THP,Unbelted,-,-,-,-,-,-,-,-,-,-,-,-,Knox,Not in City Limit,3
119782,400647598,0,1,36.20581,-86.76804,3,2026-08-25 07:44:00,2026,8,25,7,44,Tuesday,07:44,Suspected Serious Injury,Daylight,Clear,Pedestrian,None,METROPOLITAN NASHVILLE POLICE DEPT,Other,Unbelted,-,-,-,-,-,-,Pedestrian,-,-,-,-,-,Davidson,Nashville,3
119784,400647608,1,0,35.07034,-88.67277,8,2026-08-21 08:51:00,2026,8,21,8,51,Friday,08:51,Fatal,Daylight,Clear,"Over Turn, Roll Over",None,THP District 8 - Jackson,THP,Unbelted,-,-,-,-,-,-,-,-,-,ATV_Involved,-,-,McNairy,Ramer,6
119788,400647669,0,2,36.01751,-88.43764,8,2026-08-24 15:13:00,2026,8,24,15,13,Monday,15:13,Suspected Serious Injury,Daylight,Clear,Motor Vehicle-In-Transport On Same Roadway,None,HUNTINGDON POLICE DEPT,Other,Unbelted,-,-,-,-,-,-,-,-,-,-,-,-,Carroll,Huntingdon,2
119799,400647825,0,3,36.52723,-86.63711,3,2026-08-20 13:10:00,2026,8,20,13,10,Thursday,13:10,Suspected Serious Injury,Daylight,Clear,Motor Vehicle-In-Transport On Same Roadway,None,THP District 3 - Nashville,THP,Unbelted,-,Drinking,Drug,-,-,-,-,-,-,-,-,-,Robertson,Cross Plains,5
119801,400647847,0,1,35.93381,-88.34767,8,2026-08-24 15:58:00,2026,8,24,15,58,Monday,15:58,Suspected Serious Injury,Daylight,Clear,Motor Vehicle-In-Transport On Same Roadway,None,THP District 8 - Jackson,THP,Unbelted,-,-,-,-,-,-,-,-,-,-,-,-,Carroll,Not in City Limit,2
119805,400647882,0,1,35.16423,-85.1622,2,2026-08-25 16:25:00,2026,8,25,16,25,Tuesday,16:25,Suspected Serious Injury,Daylight,Clear,Ditch,None,HAMILTON COUNTY SHERIFF'S OFFICE,Other,-,-,-,-,-,-,-,-,-,-,-,Motorcyclist,-,Hamilton,Not in City Limit,3
119820,400648040,0,1,36.00206,-88.35325,8,2026-08-25 16:18:00,2026,8,25,16,18,Tuesday,16:18,Suspected Serious Injury,Daylight,Clear,Motor Vehicle-In-Transport On Same Roadway,None,THP District 8 - Jackson,THP,Unbelted,-,-,-,Drowsy,-,-,-,-,-,-,Motorcyclist,-,Carroll,Not in City Limit,3
119836,400648174,0,1,36.02714,-84.47853,1,2026-08-25 14:12:00,2026,8,25,14,12,Tuesday,14:12,Suspected Serious Injury,Daylight,Clear,Standing Tree,None,THP District 1 - Knoxville,THP,Unbelted,-,-,-,-,-,-,-,-,-,-,-,-,Morgan,Not in City Limit,3
119847,400648224,0,1,36.05963,-86.6409,3,2026-08-25 20:13:00,2026,8,25,20,13,Tuesday,20:13,Suspected Serious Injury,Dark-Not Lighted,Clear,Pedestrian,None,METROPOLITAN NASHVILLE POLICE DEPT,Other,Unbelted,-,-,-,-,-,-,Pedestrian,-,-,-,-,-,Davidson,Nashville,3
119857,400648306,0,1,35.03182,-85.02518,2,2026-08-25 00:00:00,2026,8,25,24,0,Tuesday,24:00,Suspected Serious Injury,Dark-Lighted,Clear,Standing Tree,None,COLLEGEDALE POLICE DEPT,Other,Unbelted,-,-,-,-,-,-,-,-,-,-,-,-,Hamilton,Collegedale,3
119862,400648342,0,1,36.00413,-83.43498,5,2026-08-25 00:00:00,2026,8,25,24,0,Tuesday,24:00,Suspected Serious Injury,Daylight,Clear,Occupant Struck By Own Vehicle,None,JEFFERSON CO SHERIFFS DEPT,Other,Unbelted,-,-,-,-,-,-,-,-,-,-,-,-,Jefferson,Not in City Limit,3
119864,400648360,0,1,35.59961,-88.75754,8,2026-08-20 18:12:00,2026,8,20,18,12,Thursday,18:12,Suspected Serious Injury,Daylight,Clear,Standing Tree,None,THP District 8 - Jackson,THP,Unbelted,-,Drinking,-,-,-,-,-,-,-,-,-,-,Madison,Not in City Limit,5
119870,400648463,0,1,36.18842,-82.97841,5,2026-08-26 06:28:00,2026,8,26,6,28,Wednesday,06:28,Suspected Serious Injury,Daylight,Clear,Motor Vehicle-In-Transport On Same Roadway,None,THP District 5 - Fall Branch,THP,Unbelted,-,-,-,-,-,-,-,-,-,-,Motorcyclist,-,Greene,Mosheim,4
119871,400648469,0,2,35.26822,-85.85271,2,2026-08-25 19:34:00,2026,8,25,19,34,Tuesday,19:34,Suspected Serious Injury,Dawn,Clear,Pedestrian,None,THP District 2 - Chattanooga,THP,Unbelted,-,-,-,-,-,Pedalcyclist,Pedestrian,-,-,-,-,-,Grundy,Not in City Limit,3
119876,400648634,0,1,36.58593,-86.54247,3,2026-08-25 00:00:00,2026,8,25,24,0,Tuesday,24:00,Suspected Serious Injury,Dark-Not Lighted,Clear,Ditch,None,PORTLAND POLICE DEPT,Other,-,-,-,-,-,Speeding,-,-,-,-,-,Motorcyclist,-,Sumner,Portland,3
119887,400648836,0,1,35.85045,-87.38036,7,2026-08-26 10:48:00,2026,8,26,10,48,Wednesday,10:48,Suspected Serious Injury,Daylight,Cloudy,Parked Motor Vehicle,None,THP District 7 - Lawrenceburg,THP,Unbelted,-,-,-,-,-,-,-,-,-,-,-,-,Hickman,Not in City Limit,4
119902,400649036,0,2,36.53372,-82.13301,5,2026-08-26 13:22:00,2026,8,26,13,22,Wednesday,13:22,Suspected Serious Injury,Daylight,Clear,Other Animal,None,THP District 5 - Fall Branch,THP,-,-,-,-,-,-,-,-,-,-,-,Motorcyclist,-,Sullivan,Not in City Limit,4
119933,400649346,1,0,35.38029,-86.20417,2,2026-08-25 07:13:00,2026,8,25,7,13,Tuesday,07:13,Fatal,Daylight,Cloudy,Pedestrian,None,THP District 2 - Chattanooga,THP,Unbelted,-,-,-,-,-,Pedalcyclist,-,-,-,ATV_Involved,-,-,Coffee,Tullahoma,3
119937,400649366,0,2,36.0806,-86.50355,3,2026-08-26 16:08:00,2026,8,26,16,8,Wednesday,16:08,Suspected Serious Injury,,Rain,Motor Vehicle-In-Transport On Same Roadway,None,RUTHERFORD CO SHERIFFS DEPT,Other,Unbelted,-,-,-,-,Speeding,-,-,-,-,-,-,-,Rutherford,Not in City Limit,4
119946,400649467,0,1,35.14007,-84.78454,2,2026-08-26 21:43:00,2026,8,26,21,43,Wednesday,21:43,Suspected Serious Injury,Dark-Not Lighted,Clear,Motor Vehicle-In-Transport On Same Roadway,None,THP District 2 - Chattanooga,THP,Unbelted,Distracted,-,-,-,-,-,Pedestrian,-,-,-,-,-,Bradley,Not in City Limit,4
119955,400649508,0,1,35.5956,-86.76535,7,2026-08-24 23:40:00,2026,8,24,23,40,Monday,23:40,Suspected Serious Injury,Dark-Not Lighted,Cloudy,Utility Pole,None,THP District 7 - Lawrenceburg,THP,Unbelted,Distracted,-,-,-,-,-,-,-,-,-,-,-,Marshall,Not in City Limit,2
119959,400649558,0,2,36.19178,-86.82771,3,2026-08-27 02:00:00,2026,8,27,2,0,Thursday,02:00,Suspected Serious Injury,Dark-Lighted,Clear,Working Motor Vehicle,Work Zone,METROPOLITAN NASHVILLE POLICE DEPT,Other,Unbelted,Distracted,-,-,-,-,-,-,-,-,ATV_Involved,-,-,Davidson,Nashville,5
119960,400649562,0,2,36.41678,-86.71591,3,2026-08-18 00:00:00,2026,8,18,24,0,Tuesday,24:00,Suspected Serious Injury,Daylight,Clear,Motor Vehicle-In-Transport On Same Roadway,None,MILLERSVILLE POLICE DEPT,Other,Unbelted,-,-,-,-,-,-,-,-,-,-,-,-,Robertson,MILLERSVILLE,3
119962,400649588,1,0,35.65714,-84.05737,1,2026-08-26 11:50:00,2026,8,26,11,50,Wednesday,11:50,Fatal,Daylight,Clear,Other Non-Collision,None,THP District 1 - Knoxville,THP,-,-,-,-,-,-,-,-,-,-,-,Motorcyclist,-,Blount,Not in City Limit,4
119976,400649802,0,1,35.97931,-84.01485,1,2026-08-27 08:12:00,2026,8,27,8,12,Thursday,08:12,Suspected Serious Injury,Daylight,Clear,Motor Vehicle-In-Transport On Same Roadway,None,KNOXVILLE POLICE DEPT,Other,Unbelted,Distracted,-,-,-,-,-,-,-,-,-,-,-,Knox,Knoxville,5
120003,400650228,0,1,35.35312,-84.90655,2,2026-08-25 18:51:00,2026,8,25,18,51,Tuesday,18:51,Suspected Serious Injury,Daylight,Clear,Motor Vehicle-In-Transport On Same Roadway,None,THP District 2 - Chattanooga,THP,Unbelted,-,-,-,-,-,-,-,-,-,-,-,-,Meigs,Not in City Limit,3
120005,400650270,0,1,36.5036,-82.5763,5,2026-08-27 14:30:00,2026,8,27,14,30,Thursday,14:30,Suspected Serious Injury,Daylight,Clear,Pedestrian,Utility Zone,SULLIVAN CO SHERIFFS DEPT,Other,Unbelted,Distracted,-,-,-,-,-,Pedestrian,-,-,-,-,-,Sullivan,Not in City Limit,5
120010,400650327,0,1,35.24478,-88.15938,8,2026-08-24 00:41:00,2026,8,24,0,41,Monday,00:41,Suspected Serious Injury,Dark-Not Lighted,Clear,Standing Tree,None,THP District 8 - Jackson,THP,Unbelted,-,-,-,-,-,-,-,-,-,-,-,-,Hardin,Not in City Limit,2