OBJECTID,MRN,Fatality,Injury,Latitude,Longitude,THP_District,Collision_Date,Collision_Year,Collision_Month,Collision_Day,Collision_Hour,Collision_Min,Collision_DOW,Collision_Time,Crash_Type,Light_Condition,Weather,First_Harmfu_Event,Work_Zone_Type,Agency_Name,THP,Unbelted,Distracted_Driver,Driver_Drinking,Driver_Drugged,Drowsy_Driver,Speeding_Involved,Pedalcyclist,Pedestrian,Other_Nonmotorist,ATV_Involved,LargeTruck_Involved,Motorcycle_Involved,SchoolBus,County,City,DOW_Nmb
120016,400650439,1,0,36.21564,-86.17483,3,2026-08-26 18:22:00,2026,8,26,18,22,Wednesday,18:22,Fatal,Daylight,Clear,Ditch,None,THP District 3 - Nashville,THP,Unbelted,-,-,-,-,-,-,-,-,-,-,-,-,Wilson,Not in City Limit,4
120038,400650795,0,2,35.54002,-86.98495,7,2026-08-27 04:49:00,2026,8,27,4,49,Thursday,04:49,Suspected Serious Injury,Dark-Not Lighted,Fog,Motor Vehicle-In-Transport On Same Roadway,None,THP District 7 - Lawrenceburg,THP,Unbelted,-,-,-,-,-,-,-,-,-,-,-,-,Maury,Not in City Limit,5
120039,400650805,0,1,35.51055,-86.5298,7,2026-08-25 21:41:00,2026,8,25,21,41,Tuesday,21:41,Suspected Serious Injury,Dark-Not Lighted,Clear,Pedestrian,None,THP District 7 - Lawrenceburg,THP,Unbelted,-,Drinking,Drug,-,-,-,Pedestrian,-,-,-,-,-,Bedford,Not in City Limit,3
120044,400650835,0,2,35.74814,-88.74514,8,2026-08-27 18:26:00,2026,8,27,18,26,Thursday,18:26,Suspected Serious Injury,Daylight,Clear,Other Non-Collision,None,MADISON CO SHERIFFS DEPT,Other,Unbelted,-,-,-,-,-,-,-,-,-,-,-,-,Madison,Not in City Limit,5
120049,400650898,0,2,35.75312,-84.27054,1,2026-08-27 16:01:00,2026,8,27,16,1,Thursday,16:01,Suspected Serious Injury,Daylight,Clear,Motor Vehicle-In-Transport On Same Roadway,None,THP District 1 - Knoxville,THP,Unbelted,-,Drinking,Drug,-,-,-,-,-,-,-,-,-,Loudon,Not in City Limit,5
120051,400650902,0,1,36.23929,-86.53065,3,2026-08-26 21:08:00,2026,8,26,21,8,Wednesday,21:08,Suspected Serious Injury,Dark-Lighted,Clear,Unknown,None,MOUNT JULIET POLICE DEPT,Other,-,-,-,-,-,-,-,-,-,-,-,Motorcyclist,-,Wilson,Mount Juliet,4
120053,400650923,1,1,36.12823,-88.81047,8,2026-08-27 20:06:00,2026,8,27,20,6,Thursday,20:06,Fatal,Dark-Not Lighted,Clear,Motor Vehicle-In-Transport On Same Roadway,None,THP District 8 - Jackson,THP,Unbelted,Distracted,-,-,-,-,-,-,-,-,-,-,-,Weakley,Not in City Limit,5
120057,400650950,0,3,36.4446,-86.70056,3,2026-08-28 01:22:00,2026,8,28,1,22,Friday,01:22,Suspected Serious Injury,Dark-Not Lighted,Cloudy,"Over Turn, Roll Over",None,THP District 3 - Nashville,THP,Unbelted,Distracted,-,-,-,-,-,-,-,-,-,-,-,Robertson,Not in City Limit,6
120058,400650952,0,1,36.56951,-82.69605,5,2026-08-27 00:35:00,2026,8,27,0,35,Thursday,00:35,Suspected Serious Injury,Dark-Not Lighted,Clear,Culvert,None,THP District 5 - Fall Branch,THP,Unbelted,-,Drinking,Drug,-,-,-,-,-,-,-,-,-,Hawkins,Not in City Limit,5
120076,400651446,0,1,35.6342,-86.24707,3,2026-08-27 10:17:00,2026,8,27,10,17,Thursday,10:17,Suspected Serious Injury,Daylight,Clear,Guard Rail Face,None,THP District 3 - Nashville,THP,-,-,-,-,-,-,-,-,-,-,-,Motorcyclist,-,Rutherford,Not in City Limit,5
120079,400651554,0,1,35.83199,-85.8023,6,2026-08-28 10:27:00,2026,8,28,10,27,Friday,10:27,Suspected Serious Injury,Daylight,Clear,Ditch,None,THP District 6 - Cookeville,THP,-,-,-,-,-,-,-,-,-,-,-,Motorcyclist,-,Warren,Not in City Limit,6
120082,400651615,0,1,35.50459,-83.95986,1,2026-08-28 11:58:00,2026,8,28,11,58,Friday,11:58,Suspected Serious Injury,Daylight,Clear,Motor Vehicle-In-Transport On Same Roadway,None,THP District 1 - Knoxville,THP,Unbelted,-,-,-,-,-,-,-,-,-,-,Motorcyclist,-,Blount,Not in City Limit,6
120084,400651665,0,1,35.41799,-89.73816,4,2026-08-28 07:44:00,2026,8,28,7,44,Friday,07:44,Suspected Serious Injury,Daylight,Clear,Ditch,None,THP District 4 - Memphis,THP,Unbelted,-,-,-,-,Speeding,-,-,-,-,-,-,-,Tipton,Not in City Limit,6
120091,400651777,0,1,35.10796,-85.93097,2,2026-08-27 15:25:00,2026,8,27,15,25,Thursday,15:25,Suspected Serious Injury,Daylight,Clear,Ditch,None,THP District 2 - Chattanooga,THP,Unbelted,-,-,-,-,-,-,-,-,-,-,-,-,Franklin,Not in City Limit,5
120093,400651787,0,1,36.36974,-87.93205,3,2026-08-28 12:48:00,2026,8,28,12,48,Friday,12:48,Suspected Serious Injury,Daylight,Clear,Ditch,None,THP District 3 - Nashville,THP,-,-,-,-,-,-,-,-,-,-,-,Motorcyclist,-,Stewart,Not in City Limit,6
120103,400651923,0,2,36.44669,-87.97855,3,2026-08-28 13:36:00,2026,8,28,13,36,Friday,13:36,Suspected Serious Injury,Daylight,Clear,Motor Vehicle-In-Transport On Same Roadway,None,THP District 3 - Nashville,THP,Unbelted,-,-,-,-,-,-,-,-,-,-,-,-,Stewart,Not in City Limit,6
120105,400651953,0,1,36.34975,-84.15769,1,2026-08-27 16:43:00,2026,8,27,16,43,Thursday,16:43,Suspected Serious Injury,Daylight,Clear,Motor Vehicle-In-Transport On Same Roadway,None,LAFOLLETTE POLICE DEPT,Other,Unbelted,Distracted,-,-,-,-,-,-,-,-,-,Motorcyclist,-,Campbell,LaFollette,5
120106,400651961,0,1,36.59767,-86.73729,3,2026-08-27 20:19:00,2026,8,27,20,19,Thursday,20:19,Suspected Serious Injury,Dark-Not Lighted,Clear,"Over Turn, Roll Over",None,THP District 3 - Nashville,THP,-,-,Drinking,-,-,-,-,-,-,-,-,Motorcyclist,-,Robertson,Orlinda,5
120118,400652138,0,1,35.98545,-85.04263,6,2026-08-28 14:03:00,2026,8,28,14,3,Friday,14:03,Suspected Serious Injury,Daylight,Clear,Motor Vehicle-In-Transport On Same Roadway,None,CROSSVILLE POLICE DEPT,Other,Unbelted,-,-,-,Drowsy,-,-,-,-,-,-,Motorcyclist,-,Cumberland,Crossville,6
120135,400652439,0,1,35.65036,-85.73133,6,2026-08-28 17:27:00,2026,8,28,17,27,Friday,17:27,Suspected Serious Injury,Daylight,Clear,Motor Vehicle-In-Transport On Same Roadway,None,THP District 6 - Cookeville,THP,Unbelted,-,-,-,-,-,-,-,-,-,-,Motorcyclist,-,Warren,Not in City Limit,6
120136,400652453,0,1,36.34712,-82.21954,5,2026-08-24 17:31:00,2026,8,24,17,31,Monday,17:31,Suspected Serious Injury,Daylight,Clear,Pedal-Cycle,None,THP District 5 - Fall Branch,THP,Unbelted,-,-,-,-,-,Pedalcyclist,-,-,-,-,-,-,Carter,Elizabethton,2
120147,400652617,0,1,36.04544,-86.70346,3,2026-08-28 22:51:00,2026,8,28,22,51,Friday,22:51,Suspected Serious Injury,Dark-Lighted,Clear,Pedestrian,None,METROPOLITAN NASHVILLE POLICE DEPT,Other,Unbelted,-,-,-,-,-,-,Pedestrian,-,-,-,-,-,Davidson,Nashville,6
120153,400652642,0,2,35.72574,-89.44854,4,2026-08-28 20:20:00,2026,8,28,20,20,Friday,20:20,Suspected Serious Injury,Dark-Not Lighted,Clear,Utility Pole,None,THP District 4 - Memphis,THP,Unbelted,-,-,-,-,-,-,-,-,-,-,-,-,Lauderdale,Not in City Limit,6
120154,400652645,1,0,35.90156,-84.12316,1,2026-08-28 21:19:00,2026,8,28,21,19,Friday,21:19,Fatal,Dark-Lighted,Clear,Pedestrian,None,KNOXVILLE POLICE DEPT,Other,Unbelted,-,-,-,-,-,-,Pedestrian,-,-,-,-,-,Knox,Knoxville,6
120160,400652693,0,1,36.18776,-85.48026,6,2026-08-28 21:00:00,2026,8,28,21,0,Friday,21:00,Suspected Serious Injury,Dark-Lighted,Clear,Other Non-Collision,None,COOKEVILLE POLICE DEPT,Other,-,-,-,-,-,-,-,-,-,-,-,-,-,Putnam,Cookeville,6
120201,400653363,0,5,35.98599,-86.54441,3,2026-08-29 10:51:00,2026,8,29,10,51,Saturday,10:51,Suspected Serious Injury,Daylight,Clear,Motor Vehicle-In-Transport On Same Roadway,None,SMYRNA POLICE DEPT,Other,Unbelted,-,-,-,-,-,-,-,-,-,-,-,-,Rutherford,Smyrna,7
120211,400653543,0,1,35.82054,-83.9581,1,2026-08-29 16:22:00,2026,8,29,16,22,Saturday,16:22,Suspected Serious Injury,Daylight,Cloudy,Other Non-Collision,None,BLOUNT CO SHERIFFS DEPT,Other,-,-,-,-,-,-,-,-,-,-,-,Motorcyclist,-,Blount,Not in City Limit,7
120215,400653628,0,1,35.4814,-86.5052,7,2026-08-29 17:57:00,2026,8,29,17,57,Saturday,17:57,Suspected Serious Injury,Daylight,Clear,Ditch,None,THP District 7 - Lawrenceburg,THP,-,-,-,-,-,-,-,-,-,-,-,Motorcyclist,-,Bedford,Not in City Limit,7
120221,400653691,0,1,35.84176,-84.41375,1,2026-08-29 15:18:00,2026,8,29,15,18,Saturday,15:18,Suspected Serious Injury,Daylight,Clear,Guard Rail Face,None,THP District 1 - Knoxville,THP,-,-,-,-,-,-,-,-,-,-,-,Motorcyclist,-,Roane,Not in City Limit,7
120223,400653731,0,1,35.47655,-85.0729,2,2026-08-29 17:28:00,2026,8,29,17,28,Saturday,17:28,Suspected Serious Injury,Daylight,Clear,Guard Rail Face,None,THP District 2 - Chattanooga,THP,Unbelted,-,-,-,-,Speeding,-,-,-,-,-,-,-,Rhea,Not in City Limit,7
120228,400653766,1,0,35.68675,-87.95492,7,2026-08-29 19:19:00,2026,8,29,19,19,Saturday,19:19,Fatal,Dark-Lighted,Clear,Standing Tree,None,THP District 7 - Lawrenceburg,THP,-,-,-,-,-,-,-,-,-,-,-,Motorcyclist,-,Perry,Not in City Limit,7
120230,400653774,0,2,36.33077,-85.79777,6,2026-08-29 18:40:00,2026,8,29,18,40,Saturday,18:40,Suspected Serious Injury,Dark-Not Lighted,Clear,Ditch,None,THP District 6 - Cookeville,THP,-,-,-,-,-,-,-,-,-,-,-,Motorcyclist,-,Jackson,Not in City Limit,7
120236,400653840,0,1,35.39502,-85.37465,2,2026-08-29 18:05:00,2026,8,29,18,5,Saturday,18:05,Suspected Serious Injury,Daylight,Clear,Guard Rail Face,None,DUNLAP POLICE DEPT,Other,-,-,-,-,-,-,-,-,-,-,-,Motorcyclist,-,Sequatchie,Dunlap,7
120241,400653859,1,0,35.68192,-88.74204,8,2026-08-29 18:44:00,2026,8,29,18,44,Saturday,18:44,Fatal,Daylight,Clear,Motor Vehicle-In-Transport On Same Roadway,None,JACKSON POLICE DEPT,Other,Unbelted,-,-,-,-,Speeding,-,-,-,-,-,-,-,Madison,Jackson,7
120246,400653912,0,3,36.28373,-88.36351,8,2026-08-29 18:01:00,2026,8,29,18,1,Saturday,18:01,Suspected Serious Injury,Daylight,Clear,Motor Vehicle-In-Transport On Same Roadway,None,THP District 8 - Jackson,THP,Unbelted,-,-,-,-,-,-,-,-,-,-,-,-,Henry,Not in City Limit,7
120256,400653975,0,2,35.98359,-83.91763,1,2026-08-30 03:02:00,2026,8,30,3,2,Sunday,03:02,Suspected Serious Injury,Dark-Lighted,Clear,Motor Vehicle-In-Transport On Same Roadway,None,KNOXVILLE POLICE DEPT,Other,Unbelted,-,-,-,-,-,-,-,-,-,-,-,-,Knox,Knoxville,1
120257,400653976,0,1,36.26243,-86.73755,3,2026-08-30 00:44:00,2026,8,30,0,44,Sunday,00:44,Suspected Serious Injury,Dark-Lighted,Clear,"Over Turn, Roll Over",None,METROPOLITAN NASHVILLE POLICE DEPT,Other,-,-,-,-,-,Speeding,-,-,-,-,-,Motorcyclist,-,Davidson,Nashville,1
120264,400654055,1,0,35.47519,-87.80968,7,2026-08-29 12:09:00,2026,8,29,12,9,Saturday,12:09,Fatal,Daylight,Clear,Embankment Earth,None,THP District 7 - Lawrenceburg,THP,-,-,-,-,-,-,-,-,-,-,-,Motorcyclist,-,Wayne,Not in City Limit,7
120266,400654142,0,3,35.86864,-84.10875,1,2026-08-30 01:02:00,2026,8,30,1,2,Sunday,01:02,Suspected Serious Injury,Dark-Not Lighted,Clear,Motor Vehicle-In-Transport On Same Roadway,None,KNOX CO SHERIFFS OFFICE,Other,Unbelted,Distracted,Drinking,Drug,-,Speeding,-,-,-,-,-,-,-,Knox,Not in City Limit,1
120269,400654227,0,4,36.52943,-82.16029,5,2026-08-29 11:49:00,2026,8,29,11,49,Saturday,11:49,Suspected Serious Injury,Daylight,Clear,Motor Vehicle-In-Transport On Same Roadway,None,SULLIVAN CO SHERIFFS DEPT,Other,Unbelted,-,-,-,-,-,-,-,-,-,-,Motorcyclist,-,Sullivan,Not in City Limit,7
120270,400654231,0,1,36.34582,-88.85004,8,2026-08-29 11:35:00,2026,8,29,11,35,Saturday,11:35,Suspected Serious Injury,Daylight,Clear,Pedestrian,None,MARTIN POLICE DEPT,Other,Unbelted,Distracted,-,-,-,Speeding,-,Pedestrian,-,-,-,-,-,Weakley,Martin,7
120272,400654290,1,2,35.6664,-87.00587,7,2026-08-30 05:42:00,2026,8,30,5,42,Sunday,05:42,Fatal,Dusk,Clear,Motor Vehicle-In-Transport On Same Roadway,None,THP District 7 - Lawrenceburg,THP,Unbelted,-,Drinking,-,-,-,-,-,-,-,ATV_Involved,-,-,Maury,Columbia,1
120275,400654384,0,1,36.43827,-86.07931,6,2026-08-30 10:30:00,2026,8,30,10,30,Sunday,10:30,Suspected Serious Injury,Daylight,Clear,Deer,None,MACON CO SHERIFFS OFFICE,Other,-,-,-,-,-,-,-,-,-,-,-,Motorcyclist,-,Macon,Not in City Limit,1
120279,400654441,0,1,36.17014,-86.79786,3,2026-08-29 14:00:00,2026,8,29,14,0,Saturday,14:00,Suspected Serious Injury,Daylight,Clear,Embankment Rock/Stone/Concrete,None,METROPOLITAN NASHVILLE POLICE DEPT,Other,Unbelted,-,-,-,-,-,-,-,-,-,-,-,-,Davidson,Nashville,7
120280,400654445,0,1,35.90089,-86.4518,3,2026-08-30 12:56:00,2026,8,30,12,56,Sunday,12:56,Suspected Serious Injury,Daylight,Clear,Standing Tree,None,THP District 3 - Nashville,THP,Unbelted,-,-,-,-,-,-,-,-,-,-,-,-,Rutherford,Not in City Limit,1
120285,400654505,1,2,35.50223,-86.11472,2,2026-08-29 16:46:00,2026,8,29,16,46,Saturday,16:46,Fatal,Daylight,Clear,Motor Vehicle-In-Transport On Same Roadway,None,THP District 2 - Chattanooga,THP,Unbelted,-,-,-,-,-,-,-,-,-,-,-,-,Coffee,Manchester,7
120290,400654558,0,1,36.24337,-85.75341,6,2026-08-29 17:01:00,2026,8,29,17,1,Saturday,17:01,Suspected Serious Injury,Daylight,Clear,Standing Tree,None,THP District 6 - Cookeville,THP,Unbelted,-,-,-,-,-,-,-,-,-,-,-,-,Jackson,Not in City Limit,7
120300,400654812,0,1,36.18609,-86.511,3,2026-08-30 00:00:00,2026,8,30,24,0,Sunday,24:00,Suspected Serious Injury,Daylight,Clear,Injured In Vehicle,None,MOUNT JULIET POLICE DEPT,Other,Unbelted,-,-,-,-,-,-,-,-,-,-,-,-,Wilson,Mount Juliet,1
120305,400654897,1,2,35.84,-83.98489,1,2026-08-29 21:00:00,2026,8,29,21,0,Saturday,21:00,Fatal,Dark-Not Lighted,Clear,Motor Vehicle-In-Transport On Same Roadway,None,ALCOA POLICE DEPARTMENT,Other,Unbelted,Distracted,-,-,-,-,-,-,-,-,-,-,-,Blount,Alcoa,7
120307,400654913,0,1,36.17922,-86.60547,3,2026-08-30 18:12:00,2026,8,30,18,12,Sunday,18:12,Suspected Serious Injury,Daylight,Clear,Pedestrian,None,METROPOLITAN NASHVILLE POLICE DEPT,Other,Unbelted,-,-,-,-,-,-,Pedestrian,-,-,-,-,-,Davidson,Nashville,1
120308,400654945,0,2,36.24128,-86.75727,3,2026-08-30 17:27:00,2026,8,30,17,27,Sunday,17:27,Suspected Serious Injury,Daylight,Clear,Motor Vehicle-In-Transport On Same Roadway,None,METROPOLITAN NASHVILLE POLICE DEPT,Other,Unbelted,-,-,-,-,-,-,-,-,-,-,-,-,Davidson,Nashville,1
120309,400654946,0,1,35.75721,-84.07259,1,2026-08-30 00:00:00,2026,8,30,24,0,Sunday,24:00,Suspected Serious Injury,Dark-Lighted,Clear,Ditch,None,MARYVILLE POLICE DEPT,Other,-,-,-,-,-,Speeding,-,-,-,-,-,Motorcyclist,-,Blount,Maryville,1
120310,400654963,0,1,35.85105,-87.43359,7,2026-08-30 18:39:00,2026,8,30,18,39,Sunday,18:39,Suspected Serious Injury,Daylight,Clear,"Over Turn, Roll Over",None,THP District 7 - Lawrenceburg,THP,-,-,-,-,-,Speeding,-,-,-,ATV_Involved,-,-,-,Hickman,Not in City Limit,1
120311,400654968,0,4,36.31221,-82.23868,5,2026-08-30 14:59:00,2026,8,30,14,59,Sunday,14:59,Suspected Serious Injury,Daylight,Clear,Culvert,None,THP District 5 - Fall Branch,THP,Unbelted,-,-,-,-,-,-,-,-,-,-,-,-,Carter,Not in City Limit,1
120316,400655041,0,1,35.9161,-84.08906,1,2026-08-30 21:49:00,2026,8,30,21,49,Sunday,21:49,Suspected Serious Injury,Dark-Lighted,Blowing Sand/Soil/Dirt,Pedestrian,None,KNOXVILLE POLICE DEPT,Other,Unbelted,-,-,-,-,-,-,Pedestrian,-,-,-,-,-,Knox,Knoxville,1
120317,400655055,0,1,35.76839,-85.62458,6,2026-08-30 00:36:00,2026,8,30,0,36,Sunday,00:36,Suspected Serious Injury,Dark-Not Lighted,Clear,Unknown,None,WARREN CO SHERIFFS DEPT,Other,-,-,-,-,-,-,-,-,-,-,-,Motorcyclist,-,Warren,Not in City Limit,1
120318,400655090,0,1,36.20487,-86.75397,3,2026-08-30 21:45:00,2026,8,30,21,45,Sunday,21:45,Suspected Serious Injury,Dark-Lighted,Clear,Pedal-Cycle,None,METROPOLITAN NASHVILLE POLICE DEPT,Other,Unbelted,-,-,-,-,-,Pedalcyclist,-,-,-,-,-,-,Davidson,Nashville,1
120329,400655166,0,1,35.85786,-83.65069,1,2026-08-31 00:00:00,2026,8,31,24,0,Monday,24:00,Suspected Serious Injury,Dark-Not Lighted,Clear,Embankment Earth,None,SEVIER CO SHERIFFS OFFICE,Other,Unbelted,-,-,-,Drowsy,-,-,-,-,-,-,-,-,Sevier,Not in City Limit,2
120339,400655429,0,1,35.77168,-86.89877,3,2026-08-30 14:32:00,2026,8,30,14,32,Sunday,14:32,Suspected Serious Injury,Daylight,Clear,Motor Vehicle-In-Motion Outside Trafficway,None,SPRING HILL POLICE DEPT,Other,Unbelted,-,-,-,-,Speeding,-,-,-,-,-,Motorcyclist,-,Williamson,Spring Hill,1
120348,400655709,0,1,35.30771,-89.94595,4,2026-08-30 19:35:00,2026,8,30,19,35,Sunday,19:35,Suspected Serious Injury,Dark-Not Lighted,Clear,Motor Vehicle-In-Transport On Same Roadway,None,THP District 4 - Memphis,THP,Unbelted,-,-,-,-,-,-,-,-,-,-,Motorcyclist,-,Shelby,Millington,1
120354,400655783,1,0,36.12477,-86.7287,3,2026-08-31 11:58:00,2026,8,31,11,58,Monday,11:58,Fatal,Daylight,Clear,Impact Atten. Crash Cushion,None,METROPOLITAN NASHVILLE POLICE DEPT,Other,-,-,-,-,-,Speeding,-,-,-,-,-,Motorcyclist,-,Davidson,Nashville,2
120360,400655915,0,4,36.4029,-87.02372,3,2026-08-28 15:18:00,2026,8,28,15,18,Friday,15:18,Suspected Serious Injury,Daylight,Clear,Motor Vehicle-In-Transport On Same Roadway,None,THP District 3 - Nashville,THP,Unbelted,Distracted,-,-,-,-,-,-,-,-,-,-,-,Robertson,Coopertown,6
120368,400655994,0,4,35.90007,-84.12605,1,2026-08-31 16:53:00,2026,8,31,16,53,Monday,16:53,Suspected Serious Injury,Daylight,Clear,Motor Vehicle-In-Transport On Same Roadway,None,KNOXVILLE POLICE DEPT,Other,Unbelted,Distracted,-,-,-,-,-,-,-,-,-,-,-,Knox,Knoxville,2
120377,400656059,0,1,35.11314,-86.88161,7,2026-08-31 17:05:00,2026,8,31,17,5,Monday,17:05,Suspected Serious Injury,Daylight,Clear,Ditch,None,THP District 7 - Lawrenceburg,THP,Unbelted,-,-,-,-,-,-,-,-,-,-,-,-,Giles,Not in City Limit,2
120379,400656089,0,3,36.16974,-83.40517,5,2026-08-31 17:55:00,2026,8,31,17,55,Monday,17:55,Suspected Serious Injury,Daylight,Clear,Motor Vehicle-In-Transport On Same Roadway,None,MORRISTOWN POLICE DEPT,Other,Unbelted,-,-,-,-,-,-,-,-,-,-,-,-,Hamblen,Morristown,2
120401,400656286,0,1,36.152,-85.27295,6,2026-08-31 20:39:00,2026,8,31,20,39,Monday,20:39,Suspected Serious Injury,Dark-Not Lighted,Clear,Ditch,None,THP District 6 - Cookeville,THP,Unbelted,-,Drinking,Drug,-,-,-,-,-,-,-,-,-,Putnam,Monterey,2
120402,400656317,0,1,35.87237,-86.35515,3,2026-08-31 21:25:00,2026,8,31,21,25,Monday,21:25,Suspected Serious Injury,Dark-Lighted,Clear,Pedestrian,None,MURFREESBORO POLICE DEPT,Other,Unbelted,-,-,Drug,-,-,-,Pedestrian,-,-,-,-,-,Rutherford,Murfreesboro,2
120404,400656349,0,1,36.18555,-83.37455,5,2026-09-01 02:03:00,2026,9,1,2,3,Tuesday,02:03,Suspected Serious Injury,Dark-Lighted,Clear,Other Fixed Object,None,MORRISTOWN POLICE DEPT,Other,Unbelted,-,Drinking,-,-,-,-,-,-,-,-,-,-,Hamblen,Morristown,3
120406,400656359,0,1,35.37703,-88.20935,8,2026-08-29 22:56:00,2026,8,29,22,56,Saturday,22:56,Suspected Serious Injury,Dark-Not Lighted,Clear,Fell/Jumped From Vehicle,None,THP District 8 - Jackson,THP,-,-,-,-,-,-,-,-,-,-,-,-,-,Hardin,Saltillo,7
120407,400656362,0,1,35.65844,-88.81515,8,2026-08-31 22:10:00,2026,8,31,22,10,Monday,22:10,Suspected Serious Injury,Dark-Not Lighted,Clear,Pedestrian,None,JACKSON POLICE DEPT,Other,-,-,-,-,-,-,-,Pedestrian,-,-,-,-,-,Madison,Jackson,2
120408,400656374,1,2,35.91448,-86.50911,3,2026-09-01 00:02:00,2026,9,1,0,2,Tuesday,00:02,Fatal,Dark-Not Lighted,Clear,Motor Vehicle-In-Transport On Same Roadway,None,THP District 3 - Nashville,THP,Unbelted,-,-,-,-,-,-,-,-,-,-,-,-,Rutherford,Not in City Limit,3
120413,400656505,0,1,35.84857,-88.64162,8,2026-08-31 16:01:00,2026,8,31,16,1,Monday,16:01,Suspected Serious Injury,Daylight,Clear,Ditch,None,THP District 8 - Jackson,THP,Unbelted,-,-,-,Drowsy,-,-,-,-,-,-,-,-,Carroll,Not in City Limit,2
120414,400656509,0,1,36.16865,-85.51222,6,2026-08-29 13:07:00,2026,8,29,13,7,Saturday,13:07,Suspected Serious Injury,Daylight,Cloudy,Pedestrian,None,COOKEVILLE POLICE DEPT,Other,Unbelted,-,-,-,-,-,-,Pedestrian,-,-,-,-,-,Putnam,Cookeville,7
120442,400656906,0,2,36.61101,-87.87545,3,2026-08-30 18:10:00,2026,8,30,18,10,Sunday,18:10,Suspected Serious Injury,Daylight,Clear,"Over Turn, Roll Over",None,THP District 3 - Nashville,THP,-,-,-,-,-,-,-,-,-,-,-,-,-,Stewart,Not in City Limit,1
120454,400657129,0,1,35.95663,-84.002,1,2026-09-01 16:42:00,2026,9,1,16,42,Tuesday,16:42,Suspected Serious Injury,Daylight,Clear,Motor Vehicle-In-Transport On Same Roadway,None,KNOXVILLE POLICE DEPT,Other,Unbelted,-,-,-,-,-,-,-,-,-,-,Motorcyclist,-,Knox,Knoxville,3
120482,400657472,1,0,36.14283,-86.74437,3,2026-09-01 17:38:00,2026,9,1,17,38,Tuesday,17:38,Fatal,Daylight,Clear,Pedestrian,None,METROPOLITAN NASHVILLE POLICE DEPT,Other,Unbelted,-,-,-,-,-,-,Pedestrian,-,-,ATV_Involved,-,-,Davidson,Nashville,3
120496,400657600,1,4,36.20322,-85.01931,6,2026-08-29 13:25:00,2026,8,29,13,25,Saturday,13:25,Fatal,Daylight,Clear,Motor Vehicle-In-Transport On Same Roadway,None,THP District 6 - Cookeville,THP,Unbelted,Distracted,-,-,-,-,-,-,-,-,-,Motorcyclist,-,Fentress,Not in City Limit,7
120505,400657780,0,1,35.75787,-84.60222,1,2026-08-31 18:00:00,2026,8,31,18,0,Monday,18:00,Suspected Serious Injury,Daylight,Clear,Utility Pole,None,THP District 1 - Knoxville,THP,Unbelted,-,-,-,-,-,-,-,-,-,-,-,-,Roane,Not in City Limit,2
120506,400657794,0,2,35.62742,-87.02913,7,2026-09-02 08:40:00,2026,9,2,8,40,Wednesday,08:40,Suspected Serious Injury,Daylight,Clear,Motor Vehicle-In-Transport On Same Roadway,None,COLUMBIA POLICE DEPT,Other,Unbelted,-,-,-,-,-,-,-,-,-,-,-,-,Maury,Columbia,4
120515,400657930,0,1,36.05145,-86.75134,3,2026-09-02 09:30:00,2026,9,2,9,30,Wednesday,09:30,Suspected Serious Injury,Daylight,Clear,Motor Vehicle-In-Transport On Same Roadway,None,METROPOLITAN NASHVILLE POLICE DEPT,Other,Unbelted,-,-,-,-,-,-,-,-,-,-,Motorcyclist,-,Davidson,Nashville,4
120525,400658166,0,1,36.16777,-85.51234,6,2026-09-02 13:23:00,2026,9,2,13,23,Wednesday,13:23,Suspected Serious Injury,Daylight,Clear,Motor Vehicle-In-Transport On Same Roadway,None,COOKEVILLE POLICE DEPT,Other,Unbelted,-,-,-,-,Speeding,-,-,-,-,-,Motorcyclist,-,Putnam,Cookeville,4
120532,400658266,0,1,35.95564,-85.8182,6,2026-09-02 13:46:00,2026,9,2,13,46,Wednesday,13:46,Suspected Serious Injury,Daylight,Clear,Mail Box,None,THP District 6 - Cookeville,THP,Unbelted,-,-,-,-,Speeding,-,-,-,-,-,-,-,DeKalb,Smithville,4
120539,400658408,0,2,36.19442,-86.74345,3,2026-09-02 16:25:00,2026,9,2,16,25,Wednesday,16:25,Suspected Serious Injury,Daylight,Clear,Motor Vehicle-In-Transport On Same Roadway,None,METROPOLITAN NASHVILLE POLICE DEPT,Other,Unbelted,-,-,-,-,-,-,-,-,-,-,-,-,Davidson,Nashville,4
120540,400658426,0,2,36.15758,-86.70714,3,2026-09-02 15:30:00,2026,9,2,15,30,Wednesday,15:30,Suspected Serious Injury,Daylight,Clear,Motor Vehicle-In-Transport On Same Roadway,None,METROPOLITAN NASHVILLE POLICE DEPT,Other,Unbelted,-,-,-,-,-,-,-,-,-,-,Motorcyclist,-,Davidson,Nashville,4
120569,400658974,0,1,35.97815,-84.1373,1,2026-08-29 13:53:00,2026,8,29,13,53,Saturday,13:53,Suspected Serious Injury,Daylight,Clear,Motor Vehicle-In-Transport On Same Roadway,None,THP District 1 - Knoxville,THP,Unbelted,-,-,-,-,-,-,-,-,-,-,-,-,Knox,Not in City Limit,7